ISO-10303-21;
HEADER;
FILE_DESCRIPTION (( 'STEP AP214' ),
    '1' );
FILE_NAME ('SO102.02.040 Bottom top plate.STEP',
    '2026-09-18T14:24:38',
    ( '' ),
    ( '' ),
    'SwSTEP 2.0',
    'SolidWorks 2021',
    '' );
FILE_SCHEMA (( 'AUTOMOTIVE_DESIGN' ));
ENDSEC;

DATA;
#1 = VERTEX_POINT ( 'NONE', #3939 ) ;
#2 = DIRECTION ( 'NONE',  ( -0.7071067811865451302, -0.000000000000000000, 0.7071067811865500152 ) ) ;
#3 = B_SPLINE_CURVE_WITH_KNOTS ( 'NONE', 3,
 ( #3051, #4584, #702, #3485 ),
 .UNSPECIFIED., .F., .F.,
 ( 4, 4 ),
 ( 2.309401076748849023E-07, 0.003348862501407503817 ),
 .UNSPECIFIED. ) ;
#4 = DIRECTION ( 'NONE',  ( -0.8660254037844378194, 0.000000000000000000, -0.5000000000000014433 ) ) ;
#5 = CARTESIAN_POINT ( 'NONE',  ( 35.20000000000000284, 3.000000000000000000, 5.200000000000000178 ) ) ;
#6 = DIRECTION ( 'NONE',  ( -0.000000000000000000, -1.000000000000000000, -0.000000000000000000 ) ) ;
#7 = AXIS2_PLACEMENT_3D ( 'NONE', #931, #206, #2123 ) ;
#8 = ORIENTED_EDGE ( 'NONE', *, *, #4104, .F. ) ;
#9 = DIRECTION ( 'NONE',  ( 0.000000000000000000, 0.000000000000000000, -1.000000000000000000 ) ) ;
#10 = CARTESIAN_POINT ( 'NONE',  ( -17.84999999999992326, 3.000000000000000000, -34.26573847640432291 ) ) ;
#11 = AXIS2_PLACEMENT_3D ( 'NONE', #3983, #1570, #3097 ) ;
#12 = EDGE_CURVE ( 'NONE', #297, #3213, #496, .T. ) ;
#13 = CIRCLE ( 'NONE', #1455, 41.00000000000000711 ) ;
#14 = VERTEX_POINT ( 'NONE', #2055 ) ;
#15 = EDGE_CURVE ( 'NONE', #4261, #3062, #1826, .T. ) ;
#16 = ORIENTED_EDGE ( 'NONE', *, *, #690, .F. ) ;
#17 = CARTESIAN_POINT ( 'NONE',  ( -31.72650382922098089, 0.4546038994171392456, 29.85000000000000142 ) ) ;
#18 = DIRECTION ( 'NONE',  ( -0.000000000000000000, -1.000000000000000000, -0.000000000000000000 ) ) ;
#19 = CIRCLE ( 'NONE', #4585, 10.00000000000000178 ) ;
#20 = CARTESIAN_POINT ( 'NONE',  ( -34.49999999999998579, 3.000000000000000000, 24.91485500660197516 ) ) ;
#21 = ADVANCED_FACE ( 'NONE', ( #1749 ), #217, .T. ) ;
#22 = DIRECTION ( 'NONE',  ( 0.000000000000000000, 0.000000000000000000, -1.000000000000000000 ) ) ;
#23 = ORIENTED_EDGE ( 'NONE', *, *, #3672, .T. ) ;
#24 = LINE ( 'NONE', #1605, #2425 ) ;
#25 = CARTESIAN_POINT ( 'NONE',  ( 9.400000000000005684, 1.800000000000000044, 10.25000000000000355 ) ) ;
#26 = EDGE_CURVE ( 'NONE', #982, #3591, #2523, .T. ) ;
#27 = ORIENTED_EDGE ( 'NONE', *, *, #2743, .F. ) ;
#28 = AXIS2_PLACEMENT_3D ( 'NONE', #2183, #1793, #993 ) ;
#29 = EDGE_LOOP ( 'NONE', ( #4527, #3079, #2890, #2451, #4764 ) ) ;
#30 = CARTESIAN_POINT ( 'NONE',  ( -34.69477124295330128, 2.428873574859503837, 22.90409887843285119 ) ) ;
#31 = CARTESIAN_POINT ( 'NONE',  ( 7.108306127341452729, -8.469123934395588905E-15, -7.727999999999999758 ) ) ;
#32 = CARTESIAN_POINT ( 'NONE',  ( -21.90000000000000924, 10.00000000000000000, 18.00000000000000711 ) ) ;
#33 = ORIENTED_EDGE ( 'NONE', *, *, #233, .T. ) ;
#34 = B_SPLINE_CURVE_WITH_KNOTS ( 'NONE', 3,
 ( #2489, #2391, #4400, #1609 ),
 .UNSPECIFIED., .F., .F.,
 ( 4, 4 ),
 ( 3.025759104198888831E-07, 0.004363183915913237260 ),
 .UNSPECIFIED. ) ;
#35 = CARTESIAN_POINT ( 'NONE',  ( -34.49999999999999289, 1.672683941695842114, -24.52451476430487531 ) ) ;
#36 = CARTESIAN_POINT ( 'NONE',  ( 0.000000000000000000, 0.000000000000000000, 0.000000000000000000 ) ) ;
#37 = ORIENTED_EDGE ( 'NONE', *, *, #4109, .T. ) ;
#38 = EDGE_LOOP ( 'NONE', ( #3250, #2917, #3713 ) ) ;
#39 = CARTESIAN_POINT ( 'NONE',  ( 23.64999999999964686, -3.000000000000000000, 37.61437003770433307 ) ) ;
#40 = ADVANCED_FACE ( 'NONE', ( #193 ), #4435, .F. ) ;
#41 = DIRECTION ( 'NONE',  ( -0.000000000000000000, -1.000000000000000000, -0.000000000000000000 ) ) ;
#42 = AXIS2_PLACEMENT_3D ( 'NONE', #2765, #4306, #861 ) ;
#43 = ORIENTED_EDGE ( 'NONE', *, *, #3521, .T. ) ;
#44 = FACE_OUTER_BOUND ( 'NONE', #728, .T. ) ;
#45 = EDGE_LOOP ( 'NONE', ( #830, #4871, #1895, #4273 ) ) ;
#46 = ADVANCED_FACE ( 'NONE', ( #3686 ), #3306, .F. ) ;
#47 = FACE_OUTER_BOUND ( 'NONE', #2305, .T. ) ;
#48 = DIRECTION ( 'NONE',  ( 0.000000000000000000, 0.000000000000000000, -1.000000000000000000 ) ) ;
#49 = AXIS2_PLACEMENT_3D ( 'NONE', #4866, #2192, #4467 ) ;
#50 = ADVANCED_FACE ( 'NONE', ( #2185 ), #2947, .F. ) ;
#51 = ORIENTED_EDGE ( 'NONE', *, *, #2350, .F. ) ;
#52 = ORIENTED_EDGE ( 'NONE', *, *, #1713, .T. ) ;
#53 = CARTESIAN_POINT ( 'NONE',  ( 23.64999999999964686, -0.4315578539997965146, 37.61437003770433307 ) ) ;
#54 = ADVANCED_FACE ( 'NONE', ( #2131 ), #4089, .F. ) ;
#55 = LINE ( 'NONE', #2321, #4155 ) ;
#56 = FACE_BOUND ( 'NONE', #2417, .T. ) ;
#57 = ADVANCED_FACE ( 'NONE', ( #616 ), #4860, .F. ) ;
#58 = CARTESIAN_POINT ( 'NONE',  ( -25.99999999999999645, 1.900000000000001243, -24.00000000000000355 ) ) ;
#59 = ORIENTED_EDGE ( 'NONE', *, *, #3890, .F. ) ;
#60 = DIRECTION ( 'NONE',  ( 0.8660254037844388186, 0.000000000000000000, 0.4999999999999997224 ) ) ;
#61 = VECTOR ( 'NONE', #1205, 1000.000000000000000 ) ;
#62 = CIRCLE ( 'NONE', #1030, 2.200000000000000622 ) ;
#63 = CARTESIAN_POINT ( 'NONE',  ( 17.84999999999967812, 3.000000000000000000, 34.26573847640445081 ) ) ;
#64 = CIRCLE ( 'NONE', #866, 41.00000000000000711 ) ;
#65 = EDGE_LOOP ( 'NONE', ( #368, #3945, #4320, #1231 ) ) ;
#66 = AXIS2_PLACEMENT_3D ( 'NONE', #2070, #3503, #3933 ) ;
#67 = VERTEX_POINT ( 'NONE', #270 ) ;
#68 = DIRECTION ( 'NONE',  ( -0.000000000000000000, -1.000000000000000000, -0.000000000000000000 ) ) ;
#69 = LINE ( 'NONE', #1999, #4235 ) ;
#70 = LINE ( 'NONE', #3464, #2658 ) ;
#71 = AXIS2_PLACEMENT_3D ( 'NONE', #2815, #2092, #3242 ) ;
#72 = AXIS2_PLACEMENT_3D ( 'NONE', #2275, #2594, #4956 ) ;
#73 = B_SPLINE_CURVE_WITH_KNOTS ( 'NONE', 3,
 ( #2631, #2283, #3811, #3049 ),
 .UNSPECIFIED., .F., .F.,
 ( 4, 4 ),
 ( 3.112291896705025307E-07, 0.0009482829632339655158 ),
 .UNSPECIFIED. ) ;
#74 = EDGE_CURVE ( 'NONE', #174, #1071, #247, .T. ) ;
#75 = ORIENTED_EDGE ( 'NONE', *, *, #3854, .F. ) ;
#76 = CIRCLE ( 'NONE', #2641, 10.00000000000000178 ) ;
#77 = FACE_OUTER_BOUND ( 'NONE', #4189, .T. ) ;
#78 = ORIENTED_EDGE ( 'NONE', *, *, #4021, .T. ) ;
#79 = CARTESIAN_POINT ( 'NONE',  ( 0.000000000000000000, -3.245314017740484187E-15, 0.000000000000000000 ) ) ;
#80 = CARTESIAN_POINT ( 'NONE',  ( 26.00000000000000355, -1.734723475976807883E-15, 27.50000000000000711 ) ) ;
#81 = AXIS2_PLACEMENT_3D ( 'NONE', #2526, #3662, #676 ) ;
#82 = EDGE_CURVE ( 'NONE', #1364, #2958, #1180, .T. ) ;
#83 = ORIENTED_EDGE ( 'NONE', *, *, #3804, .T. ) ;
#84 = VERTEX_POINT ( 'NONE', #2921 ) ;
#85 = EDGE_CURVE ( 'NONE', #3999, #4374, #4786, .T. ) ;
#86 = LINE ( 'NONE', #4693, #953 ) ;
#87 = CARTESIAN_POINT ( 'NONE',  ( 8.300000000000006040, 1.800000000000000044, 10.25000000000000355 ) ) ;
#88 = DIRECTION ( 'NONE',  ( 0.4999999999999997224, 0.000000000000000000, -0.8660254037844388186 ) ) ;
#89 = EDGE_CURVE ( 'NONE', #1440, #1427, #3995, .T. ) ;
#90 = DIRECTION ( 'NONE',  ( -0.7071067811865451302, 0.000000000000000000, 0.7071067811865500152 ) ) ;
#91 = ORIENTED_EDGE ( 'NONE', *, *, #2467, .T. ) ;
#92 = LINE ( 'NONE', #4338, #3997 ) ;
#93 = AXIS2_PLACEMENT_3D ( 'NONE', #2449, #2724, #3204 ) ;
#94 = ORIENTED_EDGE ( 'NONE', *, *, #1768, .T. ) ;
#95 = VERTEX_POINT ( 'NONE', #1344 ) ;
#96 = FACE_OUTER_BOUND ( 'NONE', #2352, .T. ) ;
#97 = DIRECTION ( 'NONE',  ( 0.000000000000000000, 0.000000000000000000, 1.000000000000000000 ) ) ;
#98 = ORIENTED_EDGE ( 'NONE', *, *, #3730, .T. ) ;
#99 = AXIS2_PLACEMENT_3D ( 'NONE', #1921, #936, #1618 ) ;
#100 = AXIS2_PLACEMENT_3D ( 'NONE', #2298, #3066, #783 ) ;
#101 = DIRECTION ( 'NONE',  ( -0.5000000000000012212, 0.000000000000000000, 0.8660254037844380415 ) ) ;
#102 = EDGE_LOOP ( 'NONE', ( #2480, #3936 ) ) ;
#103 = DIRECTION ( 'NONE',  ( 0.8660254037844328234, 0.000000000000000000, 0.5000000000000101030 ) ) ;
#104 = DIRECTION ( 'NONE',  ( -0.000000000000000000, -1.000000000000000000, -0.000000000000000000 ) ) ;
#105 = ORIENTED_EDGE ( 'NONE', *, *, #326, .F. ) ;
#106 = CARTESIAN_POINT ( 'NONE',  ( 3.665390439817190268E-15, 3.000000000000000000, 25.60000000000000497 ) ) ;
#107 = ORIENTED_EDGE ( 'NONE', *, *, #2267, .F. ) ;
#108 = CARTESIAN_POINT ( 'NONE',  ( -20.75000000000016698, -5.999999999999941380, -35.94005425705411483 ) ) ;
#109 = CARTESIAN_POINT ( 'NONE',  ( 26.00000000000000355, 0.000000000000000000, 24.00000000000000711 ) ) ;
#110 = ADVANCED_FACE ( 'NONE', ( #4035 ), #594, .F. ) ;
#111 = DIRECTION ( 'NONE',  ( 0.000000000000000000, 0.000000000000000000, -1.000000000000000000 ) ) ;
#112 = LINE ( 'NONE', #1964, #3656 ) ;
#113 = VERTEX_POINT ( 'NONE', #1286 ) ;
#114 = EDGE_CURVE ( 'NONE', #4266, #4494, #566, .T. ) ;
#115 = PLANE ( 'NONE',  #1827 ) ;
#116 = FACE_OUTER_BOUND ( 'NONE', #1007, .T. ) ;
#117 = EDGE_CURVE ( 'NONE', #1280, #3962, #2466, .T. ) ;
#118 = ORIENTED_EDGE ( 'NONE', *, *, #74, .T. ) ;
#119 = ORIENTED_EDGE ( 'NONE', *, *, #3268, .F. ) ;
#120 = CARTESIAN_POINT ( 'NONE',  ( -25.99999999999999645, 0.000000000000000000, -24.00000000000000355 ) ) ;
#121 = EDGE_CURVE ( 'NONE', #1159, #3263, #1739, .T. ) ;
#122 = FACE_OUTER_BOUND ( 'NONE', #2196, .T. ) ;
#123 = CARTESIAN_POINT ( 'NONE',  ( 29.00000000000000355, 0.000000000000000000, -11.34999999999999787 ) ) ;
#124 = DIRECTION ( 'NONE',  ( -0.000000000000000000, -1.000000000000000000, -0.000000000000000000 ) ) ;
#125 = VECTOR ( 'NONE', #2574, 1000.000000000000000 ) ;
#126 = DIRECTION ( 'NONE',  ( 0.000000000000000000, 0.000000000000000000, -1.000000000000000000 ) ) ;
#127 = ORIENTED_EDGE ( 'NONE', *, *, #268, .F. ) ;
#128 = DIRECTION ( 'NONE',  ( -0.000000000000000000, -1.000000000000000000, -0.000000000000000000 ) ) ;
#129 = DIRECTION ( 'NONE',  ( 0.000000000000000000, 0.000000000000000000, 1.000000000000000000 ) ) ;
#130 = EDGE_LOOP ( 'NONE', ( #2912, #482 ) ) ;
#131 = DIRECTION ( 'NONE',  ( -8.937295348232511728E-15, 0.000000000000000000, 1.000000000000000000 ) ) ;
#132 = LINE ( 'NONE', #3544, #2389 ) ;
#133 = DIRECTION ( 'NONE',  ( -0.8660254037844388186, 0.000000000000000000, -0.4999999999999997224 ) ) ;
#134 = CARTESIAN_POINT ( 'NONE',  ( -20.74999999999991829, -3.000000000000000000, -32.59142269575442441 ) ) ;
#135 = CARTESIAN_POINT ( 'NONE',  ( -23.64999999999990976, 1.440952365522830902, -35.38865486550236028 ) ) ;
#136 = ORIENTED_EDGE ( 'NONE', *, *, #390, .T. ) ;
#137 = DIRECTION ( 'NONE',  ( 0.8660254037844389297, 0.000000000000000000, 0.4999999999999995004 ) ) ;
#138 = DIRECTION ( 'NONE',  ( -0.000000000000000000, 1.000000000000000000, -0.000000000000000000 ) ) ;
#139 = EDGE_CURVE ( 'NONE', #1480, #718, #4715, .T. ) ;
#140 = VERTEX_POINT ( 'NONE', #2443 ) ;
#141 = VERTEX_POINT ( 'NONE', #4698 ) ;
#142 = VECTOR ( 'NONE', #1636, 1000.000000000000000 ) ;
#143 = EDGE_CURVE ( 'NONE', #1982, #3233, #4766, .T. ) ;
#144 = LINE ( 'NONE', #918, #4892 ) ;
#145 = FACE_OUTER_BOUND ( 'NONE', #1791, .T. ) ;
#146 = DIRECTION ( 'NONE',  ( 0.000000000000000000, 0.000000000000000000, -1.000000000000000000 ) ) ;
#147 = ORIENTED_EDGE ( 'NONE', *, *, #916, .F. ) ;
#148 = EDGE_CURVE ( 'NONE', #3962, #3473, #228, .T. ) ;
#149 = ORIENTED_EDGE ( 'NONE', *, *, #1272, .F. ) ;
#150 = CARTESIAN_POINT ( 'NONE',  ( -25.99999999999999645, 0.000000000000000000, 22.39999999999999503 ) ) ;
#151 = VERTEX_POINT ( 'NONE', #2845 ) ;
#152 = CARTESIAN_POINT ( 'NONE',  ( -17.85000000000043840, -3.000000000000000000, 37.61437003770391385 ) ) ;
#153 = CARTESIAN_POINT ( 'NONE',  ( -17.85000000000043840, 2.365118790450086106, 37.61437003770391385 ) ) ;
#154 = AXIS2_PLACEMENT_3D ( 'NONE', #1787, #4480, #2200 ) ;
#155 = AXIS2_PLACEMENT_3D ( 'NONE', #4510, #1543, #1093 ) ;
#156 = EDGE_CURVE ( 'NONE', #95, #3542, #1662, .T. ) ;
#157 = EDGE_LOOP ( 'NONE', ( #3977, #1201, #4802, #1350 ) ) ;
#158 = DIRECTION ( 'NONE',  ( 0.000000000000000000, 0.000000000000000000, -1.000000000000000000 ) ) ;
#159 = ORIENTED_EDGE ( 'NONE', *, *, #3647, .T. ) ;
#160 = DIRECTION ( 'NONE',  ( -0.8660254037844363761, 0.000000000000000000, -0.5000000000000039968 ) ) ;
#161 = CARTESIAN_POINT ( 'NONE',  ( 0.000000000000000000, -3.245314017740484187E-15, 0.000000000000000000 ) ) ;
#162 = CARTESIAN_POINT ( 'NONE',  ( -34.49999999999999289, -11.04878164297398335, -24.91485500660198582 ) ) ;
#163 = DIRECTION ( 'NONE',  ( -0.000000000000000000, -1.000000000000000000, -0.000000000000000000 ) ) ;
#164 = EDGE_LOOP ( 'NONE', ( #903, #956, #617, #1592 ) ) ;
#165 = CARTESIAN_POINT ( 'NONE',  ( 3.469446951953614189E-15, 0.000000000000000000, -24.00000000000000355 ) ) ;
#166 = CYLINDRICAL_SURFACE ( 'NONE', #4192, 37.19999999999999574 ) ;
#167 = VERTEX_POINT ( 'NONE', #2421 ) ;
#168 = FACE_OUTER_BOUND ( 'NONE', #937, .T. ) ;
#169 = DIRECTION ( 'NONE',  ( 0.000000000000000000, 0.000000000000000000, -1.000000000000000000 ) ) ;
#170 = DIRECTION ( 'NONE',  ( 1.000000000000000000, 0.000000000000000000, 0.000000000000000000 ) ) ;
#171 = EDGE_LOOP ( 'NONE', ( #4456, #2888, #1450, #4941, #1685 ) ) ;
#172 = ADVANCED_FACE ( 'NONE', ( #532 ), #587, .F. ) ;
#173 = ORIENTED_EDGE ( 'NONE', *, *, #2009, .F. ) ;
#174 = VERTEX_POINT ( 'NONE', #3929 ) ;
#175 = CARTESIAN_POINT ( 'NONE',  ( -20.74999999999990408, -3.000000000000000000, -39.28868581835408236 ) ) ;
#176 = ORIENTED_EDGE ( 'NONE', *, *, #3521, .F. ) ;
#177 = LINE ( 'NONE', #1630, #2345 ) ;
#178 = CARTESIAN_POINT ( 'NONE',  ( 25.16282172263465711, -3.999999999999930722, 27.39840146714596258 ) ) ;
#179 = CIRCLE ( 'NONE', #4265, 3.499999999999999556 ) ;
#180 = EDGE_CURVE ( 'NONE', #598, #553, #64, .T. ) ;
#182 = ORIENTED_EDGE ( 'NONE', *, *, #664, .T. ) ;
#181 = AXIS2_PLACEMENT_3D ( 'NONE', #36, #4536, #1567 ) ;
#183 = CYLINDRICAL_SURFACE ( 'NONE', #1183, 1.100000000000000311 ) ;
#184 = EDGE_CURVE ( 'NONE', #212, #3325, #3196, .T. ) ;
#185 = CARTESIAN_POINT ( 'NONE',  ( 26.00000000000000355, 0.000000000000000000, 22.40000000000000568 ) ) ;
#186 = CARTESIAN_POINT ( 'NONE',  ( 29.00000000000000355, 0.000000000000000000, -9.149999999999996803 ) ) ;
#187 = ORIENTED_EDGE ( 'NONE', *, *, #424, .T. ) ;
#188 = DIRECTION ( 'NONE',  ( 0.000000000000000000, 0.000000000000000000, -1.000000000000000000 ) ) ;
#189 = ORIENTED_EDGE ( 'NONE', *, *, #332, .F. ) ;
#190 = FACE_OUTER_BOUND ( 'NONE', #3310, .T. ) ;
#191 = DIRECTION ( 'NONE',  ( 0.000000000000000000, 0.000000000000000000, -1.000000000000000000 ) ) ;
#192 = DIRECTION ( 'NONE',  ( 0.000000000000000000, -1.000000000000000000, 0.000000000000000000 ) ) ;
#193 = FACE_OUTER_BOUND ( 'NONE', #38, .T. ) ;
#194 = ORIENTED_EDGE ( 'NONE', *, *, #2045, .F. ) ;
#195 = B_SPLINE_CURVE_WITH_KNOTS ( 'NONE', 3,
 ( #749, #4540, #398, #2307 ),
 .UNSPECIFIED., .F., .F.,
 ( 4, 4 ),
 ( 0.005216840042530549761, 0.008565471603830379643 ),
 .UNSPECIFIED. ) ;
#196 = ORIENTED_EDGE ( 'NONE', *, *, #3487, .F. ) ;
#197 = DIRECTION ( 'NONE',  ( 0.000000000000000000, 0.000000000000000000, -1.000000000000000000 ) ) ;
#198 = EDGE_LOOP ( 'NONE', ( #1545, #4220 ) ) ;
#199 = FACE_OUTER_BOUND ( 'NONE', #1634, .T. ) ;
#200 = CYLINDRICAL_SURFACE ( 'NONE', #4231, 1.100000000000000311 ) ;
#201 = ORIENTED_EDGE ( 'NONE', *, *, #4352, .T. ) ;
#202 = EDGE_CURVE ( 'NONE', #318, #3982, #452, .T. ) ;
#203 = FACE_OUTER_BOUND ( 'NONE', #4603, .T. ) ;
#204 = VERTEX_POINT ( 'NONE', #911 ) ;
#205 = CARTESIAN_POINT ( 'NONE',  ( 8.300000000000006040, 1.800000000000000044, -10.24999999999999645 ) ) ;
#206 = DIRECTION ( 'NONE',  ( 0.000000000000000000, 1.000000000000000000, 0.000000000000000000 ) ) ;
#207 = EDGE_CURVE ( 'NONE', #4149, #3783, #1262, .T. ) ;
#208 = LINE ( 'NONE', #2067, #2943 ) ;
#209 = LINE ( 'NONE', #2847, #1185 ) ;
#210 = VECTOR ( 'NONE', #2757, 1000.000000000000000 ) ;
#211 = EDGE_CURVE ( 'NONE', #3706, #1237, #208, .T. ) ;
#212 = VERTEX_POINT ( 'NONE', #860 ) ;
#213 = ORIENTED_EDGE ( 'NONE', *, *, #4534, .F. ) ;
#214 = CARTESIAN_POINT ( 'NONE',  ( 0.000000000000000000, 0.000000000000000000, 0.000000000000000000 ) ) ;
#215 = CYLINDRICAL_SURFACE ( 'NONE', #2470, 2.200000000000000622 ) ;
#216 = CARTESIAN_POINT ( 'NONE',  ( 0.000000000000000000, -0.9999999999999756861, -45.00000000000000000 ) ) ;
#217 = CYLINDRICAL_SURFACE ( 'NONE', #2791, 45.00000000000000000 ) ;
#218 = CIRCLE ( 'NONE', #859, 1.600000000000000755 ) ;
#219 = EDGE_LOOP ( 'NONE', ( #686, #4416 ) ) ;
#220 = ORIENTED_EDGE ( 'NONE', *, *, #2536, .F. ) ;
#221 = DIRECTION ( 'NONE',  ( -0.8660254037844333785, 0.000000000000000000, 0.5000000000000091038 ) ) ;
#222 = ORIENTED_EDGE ( 'NONE', *, *, #2146, .F. ) ;
#223 = CARTESIAN_POINT ( 'NONE',  ( -21.90000000000000213, 10.00000000000000000, -15.69059892324149708 ) ) ;
#224 = CARTESIAN_POINT ( 'NONE',  ( 20.74999999999968381, 3.000000000000000000, 32.59142269575455941 ) ) ;
#225 = AXIS2_PLACEMENT_3D ( 'NONE', #2936, #2615, #4151 ) ;
#226 = VECTOR ( 'NONE', #1548, 1000.000000000000000 ) ;
#227 = ORIENTED_EDGE ( 'NONE', *, *, #1278, .F. ) ;
#228 = CIRCLE ( 'NONE', #3996, 1.100000000000000311 ) ;
#229 = AXIS2_PLACEMENT_3D ( 'NONE', #1160, #1467, #9 ) ;
#230 = DIRECTION ( 'NONE',  ( -0.8660254037844432595, 0.000000000000000000, 0.4999999999999920064 ) ) ;
#231 = ORIENTED_EDGE ( 'NONE', *, *, #234, .F. ) ;
#232 = CARTESIAN_POINT ( 'NONE',  ( 35.20000000000000284, -5.857218976068036743E-15, 0.000000000000000000 ) ) ;
#233 = EDGE_CURVE ( 'NONE', #718, #3635, #1425, .T. ) ;
#234 = EDGE_CURVE ( 'NONE', #4421, #2490, #3358, .T. ) ;
#235 = VECTOR ( 'NONE', #1690, 1000.000000000000000 ) ;
#236 = CIRCLE ( 'NONE', #1041, 3.499999999998899991 ) ;
#237 = EDGE_CURVE ( 'NONE', #2741, #466, #1637, .T. ) ;
#238 = ORIENTED_EDGE ( 'NONE', *, *, #1483, .F. ) ;
#239 = CARTESIAN_POINT ( 'NONE',  ( 26.00000000000000355, 1.900000000000001243, 22.40000000000000568 ) ) ;
#240 = CIRCLE ( 'NONE', #1190, 1.549999999999995826 ) ;
#241 = DIRECTION ( 'NONE',  ( -0.000000000000000000, -1.000000000000000000, -0.000000000000000000 ) ) ;
#242 = EDGE_CURVE ( 'NONE', #2958, #2311, #2636, .T. ) ;
#243 = EDGE_CURVE ( 'NONE', #1048, #1651, #1913, .T. ) ;
#244 = ORIENTED_EDGE ( 'NONE', *, *, #2039, .T. ) ;
#245 = CARTESIAN_POINT ( 'NONE',  ( -33.50000000000000000, 3.000000000000000000, -29.85000000000000142 ) ) ;
#246 = CARTESIAN_POINT ( 'NONE',  ( 26.00000000000001066, 3.000000000000000000, -25.59999999999999787 ) ) ;
#247 = LINE ( 'NONE', #1390, #383 ) ;
#248 = EDGE_CURVE ( 'NONE', #389, #2829, #3680, .T. ) ;
#249 = EDGE_LOOP ( 'NONE', ( #4168, #238, #4119, #1751 ) ) ;
#250 = DIRECTION ( 'NONE',  ( -0.000000000000000000, -1.000000000000000000, -0.000000000000000000 ) ) ;
#251 = ORIENTED_EDGE ( 'NONE', *, *, #3547, .T. ) ;
#252 = CARTESIAN_POINT ( 'NONE',  ( 26.00000000000000355, 1.900000000000001243, 24.00000000000000711 ) ) ;
#253 = CARTESIAN_POINT ( 'NONE',  ( -25.16282172263366945, -7.999999999999976019, -27.39840146714686853 ) ) ;
#254 = ORIENTED_EDGE ( 'NONE', *, *, #4451, .T. ) ;
#255 = DIRECTION ( 'NONE',  ( -0.000000000000000000, -1.000000000000000000, -0.000000000000000000 ) ) ;
#256 = ORIENTED_EDGE ( 'NONE', *, *, #3330, .F. ) ;
#257 = DIRECTION ( 'NONE',  ( -0.000000000000000000, 1.000000000000000000, -0.000000000000000000 ) ) ;
#258 = CARTESIAN_POINT ( 'NONE',  ( 0.000000000000000000, -5.999999999999928946, 0.000000000000000000 ) ) ;
#259 = AXIS2_PLACEMENT_3D ( 'NONE', #4114, #1074, #2159 ) ;
#260 = DIRECTION ( 'NONE',  ( -0.000000000000000000, -1.000000000000000000, -0.000000000000000000 ) ) ;
#261 = AXIS2_PLACEMENT_3D ( 'NONE', #3703, #263, #1789 ) ;
#262 = DIRECTION ( 'NONE',  ( 0.000000000000000000, 0.000000000000000000, -1.000000000000000000 ) ) ;
#263 = DIRECTION ( 'NONE',  ( 0.5000000000000008882, -0.000000000000000000, 0.8660254037844382635 ) ) ;
#264 = EDGE_CURVE ( 'NONE', #2496, #1724, #1436, .T. ) ;
#265 = ORIENTED_EDGE ( 'NONE', *, *, #2413, .F. ) ;
#266 = DIRECTION ( 'NONE',  ( 0.000000000000000000, 0.000000000000000000, -1.000000000000000000 ) ) ;
#267 = CARTESIAN_POINT ( 'NONE',  ( 3.469446951953614189E-15, -1.734723475976807883E-15, 24.00000000000000355 ) ) ;
#268 = EDGE_CURVE ( 'NONE', #625, #3783, #4908, .T. ) ;
#269 = FACE_OUTER_BOUND ( 'NONE', #4639, .T. ) ;
#270 = CARTESIAN_POINT ( 'NONE',  ( 25.16282172263365524, -3.245314017740484187E-15, 27.39840146714686853 ) ) ;
#271 = VERTEX_POINT ( 'NONE', #2966 ) ;
#272 = EDGE_CURVE ( 'NONE', #1705, #2496, #4241, .T. ) ;
#273 = VERTEX_POINT ( 'NONE', #2893 ) ;
#274 = CARTESIAN_POINT ( 'NONE',  ( -14.80000000000000249, 3.000000000000000000, -12.74611255037439506 ) ) ;
#275 = ORIENTED_EDGE ( 'NONE', *, *, #1496, .F. ) ;
#276 = CARTESIAN_POINT ( 'NONE',  ( -38.59999999999999432, -3.000000000000000000, -1.674315780649911600 ) ) ;
#277 = CYLINDRICAL_SURFACE ( 'NONE', #4478, 1.549999999999996270 ) ;
#278 = VERTEX_POINT ( 'NONE', #3348 ) ;
#279 = DIRECTION ( 'NONE',  ( 0.000000000000000000, 1.000000000000000000, 0.000000000000000000 ) ) ;
#280 = EDGE_LOOP ( 'NONE', ( #3794, #1412, #2695, #2001, #453 ) ) ;
#281 = FACE_OUTER_BOUND ( 'NONE', #479, .T. ) ;
#282 = CARTESIAN_POINT ( 'NONE',  ( 35.20000000000000284, 1.700000000000000178, -7.200000000000000178 ) ) ;
#283 = CARTESIAN_POINT ( 'NONE',  ( -33.83356527533576497, -0.8966397717362935005, 29.51643472466423290 ) ) ;
#284 = CARTESIAN_POINT ( 'NONE',  ( 43.43872433077471840, 0.5081212520958584555, 2.229308547042567312 ) ) ;
#285 = DIRECTION ( 'NONE',  ( 0.000000000000000000, 0.000000000000000000, -1.000000000000000000 ) ) ;
#286 = DIRECTION ( 'NONE',  ( 0.000000000000000000, 0.000000000000000000, -1.000000000000000000 ) ) ;
#287 = ORIENTED_EDGE ( 'NONE', *, *, #1841, .F. ) ;
#288 = DIRECTION ( 'NONE',  ( -0.8660254037844388186, 0.000000000000000000, -0.4999999999999996669 ) ) ;
#289 = FACE_OUTER_BOUND ( 'NONE', #164, .T. ) ;
#290 = DIRECTION ( 'NONE',  ( 0.000000000000000000, 0.000000000000000000, -1.000000000000000000 ) ) ;
#291 = CARTESIAN_POINT ( 'NONE',  ( -20.74999999999990408, -3.000000000000000000, -39.28868581835408236 ) ) ;
#292 = ADVANCED_FACE ( 'NONE', ( #1361 ), #662, .F. ) ;
#293 = ORIENTED_EDGE ( 'NONE', *, *, #2180, .F. ) ;
#294 = EDGE_CURVE ( 'NONE', #2311, #331, #1428, .T. ) ;
#295 = ORIENTED_EDGE ( 'NONE', *, *, #3651, .F. ) ;
#296 = CARTESIAN_POINT ( 'NONE',  ( -17.84999999999991616, -3.000000000000000000, -37.61437003770416254 ) ) ;
#297 = VERTEX_POINT ( 'NONE', #312 ) ;
#298 = CARTESIAN_POINT ( 'NONE',  ( -21.71666666666711976, -0.3894956581382466032, 38.73058055813714162 ) ) ;
#299 = DIRECTION ( 'NONE',  ( -0.000000000000000000, -1.000000000000000000, 0.000000000000000000 ) ) ;
#300 = EDGE_CURVE ( 'NONE', #3856, #4808, #609, .T. ) ;
#301 = ORIENTED_EDGE ( 'NONE', *, *, #4252, .T. ) ;
#302 = CARTESIAN_POINT ( 'NONE',  ( 40.89034256034183556, 3.000000000000000000, -2.996645674399722736 ) ) ;
#303 = ORIENTED_EDGE ( 'NONE', *, *, #4599, .T. ) ;
#304 = CARTESIAN_POINT ( 'NONE',  ( -34.49999999999998579, 0.6666021258176032527, -26.24295392312880182 ) ) ;
#305 = VECTOR ( 'NONE', #3476, 1000.000000000000000 ) ;
#306 = AXIS2_PLACEMENT_3D ( 'NONE', #2376, #3128, #4657 ) ;
#307 = DIRECTION ( 'NONE',  ( -0.000000000000000000, -1.000000000000000000, -0.000000000000000000 ) ) ;
#308 = EDGE_CURVE ( 'NONE', #2603, #1408, #1954, .T. ) ;
#309 = VECTOR ( 'NONE', #4060, 1000.000000000000000 ) ;
#310 = CIRCLE ( 'NONE', #945, 2.200000000000000622 ) ;
#311 = VERTEX_POINT ( 'NONE', #4051 ) ;
#312 = CARTESIAN_POINT ( 'NONE',  ( 0.000000000000000000, -3.999999999999928946, -39.20000000000000284 ) ) ;
#313 = PRESENTATION_STYLE_ASSIGNMENT (( #3825 ) ) ;
#314 = VECTOR ( 'NONE', #1536, 1000.000000000000000 ) ;
#315 = CIRCLE ( 'NONE', #4801, 1.549999999999995826 ) ;
#316 = LINE ( 'NONE', #1485, #344 ) ;
#317 = CIRCLE ( 'NONE', #2558, 2.200000000000000622 ) ;
#318 = VERTEX_POINT ( 'NONE', #1409 ) ;
#319 = CARTESIAN_POINT ( 'NONE',  ( 20.74999999999963052, -3.000000000000000000, 39.28868581835422447 ) ) ;
#320 = DIRECTION ( 'NONE',  ( 0.000000000000000000, 0.000000000000000000, -1.000000000000000000 ) ) ;
#321 = DIRECTION ( 'NONE',  ( -0.000000000000000000, -1.000000000000000000, -0.000000000000000000 ) ) ;
#322 = AXIS2_PLACEMENT_3D ( 'NONE', #2975, #371, #1495 ) ;
#323 = ORIENTED_EDGE ( 'NONE', *, *, #1101, .T. ) ;
#324 = ORIENTED_EDGE ( 'NONE', *, *, #4436, .T. ) ;
#325 = CARTESIAN_POINT ( 'NONE',  ( -38.59999999999999432, -3.000000000000000000, 1.674315780649907826 ) ) ;
#326 = EDGE_CURVE ( 'NONE', #3095, #2828, #4897, .T. ) ;
#327 = CARTESIAN_POINT ( 'NONE',  ( -21.90000000000000924, 10.00000000000000000, 15.69059892324150063 ) ) ;
#328 = DIRECTION ( 'NONE',  ( 0.000000000000000000, 0.000000000000000000, -1.000000000000000000 ) ) ;
#329 = ORIENTED_EDGE ( 'NONE', *, *, #272, .F. ) ;
#330 = DIRECTION ( 'NONE',  ( -0.000000000000000000, -1.000000000000000000, 0.000000000000000000 ) ) ;
#331 = VERTEX_POINT ( 'NONE', #2177 ) ;
#332 = EDGE_CURVE ( 'NONE', #677, #2341, #393, .T. ) ;
#333 = CARTESIAN_POINT ( 'NONE',  ( 0.000000000000000000, -5.999999999999952927, -45.00000000000000000 ) ) ;
#334 = FACE_OUTER_BOUND ( 'NONE', #1640, .T. ) ;
#335 = CIRCLE ( 'NONE', #2102, 37.19999999999999574 ) ;
#336 = CARTESIAN_POINT ( 'NONE',  ( -15.79999999999999538, 3.000000000000000000, -14.47816335794326825 ) ) ;
#337 = EDGE_CURVE ( 'NONE', #1798, #4005, #2618, .T. ) ;
#338 = DIRECTION ( 'NONE',  ( 0.000000000000000000, 0.000000000000000000, 1.000000000000000000 ) ) ;
#339 = VECTOR ( 'NONE', #4088, 1000.000000000000114 ) ;
#340 = VERTEX_POINT ( 'NONE', #2249 ) ;
#341 = FACE_OUTER_BOUND ( 'NONE', #4146, .T. ) ;
#342 = CARTESIAN_POINT ( 'NONE',  ( -29.32067667992224713, -3.999999999999930722, 22.89405859675090227 ) ) ;
#343 = FACE_OUTER_BOUND ( 'NONE', #836, .T. ) ;
#344 = VECTOR ( 'NONE', #3427, 1000.000000000000114 ) ;
#345 = VERTEX_POINT ( 'NONE', #3776 ) ;
#346 = VERTEX_POINT ( 'NONE', #336 ) ;
#347 = CARTESIAN_POINT ( 'NONE',  ( -14.80000000000000426, 0.000000000000000000, -12.74611255037439506 ) ) ;
#348 = CARTESIAN_POINT ( 'NONE',  ( -18.82248688315296548, 1.440940235700773231, 38.17583560147538435 ) ) ;
#349 = CARTESIAN_POINT ( 'NONE',  ( 17.85000000000017906, 3.000000000000000000, -37.61437003770404175 ) ) ;
#350 = ORIENTED_EDGE ( 'NONE', *, *, #784, .T. ) ;
#351 = DIRECTION ( 'NONE',  ( 0.000000000000000000, 0.000000000000000000, -1.000000000000000000 ) ) ;
#352 = EDGE_LOOP ( 'NONE', ( #4100, #1965 ) ) ;
#353 = FACE_BOUND ( 'NONE', #1148, .T. ) ;
#354 = DIRECTION ( 'NONE',  ( -0.000000000000000000, -1.000000000000000000, -0.000000000000000000 ) ) ;
#355 = PLANE ( 'NONE',  #1105 ) ;
#356 = ADVANCED_FACE ( 'NONE', ( #3270 ), #4803, .F. ) ;
#357 = VERTEX_POINT ( 'NONE', #239 ) ;
#358 = ADVANCED_FACE ( 'NONE', ( #1763 ), #3295, .F. ) ;
#359 = CYLINDRICAL_SURFACE ( 'NONE', #1033, 2.000000000000000000 ) ;
#360 = DIRECTION ( 'NONE',  ( 0.000000000000000000, 0.000000000000000000, 1.000000000000000000 ) ) ;
#361 = EDGE_CURVE ( 'NONE', #357, #4486, #2472, .T. ) ;
#362 = VERTEX_POINT ( 'NONE', #4180 ) ;
#363 = DIRECTION ( 'NONE',  ( -8.937295348232511728E-15, 0.000000000000000000, 1.000000000000000000 ) ) ;
#364 = CYLINDRICAL_SURFACE ( 'NONE', #4160, 2.200000000000000622 ) ;
#365 = AXIS2_PLACEMENT_3D ( 'NONE', #707, #1404, #3223 ) ;
#366 = CARTESIAN_POINT ( 'NONE',  ( 26.00000000000001066, 1.900000000000001243, -25.59999999999999787 ) ) ;
#367 = EDGE_CURVE ( 'NONE', #430, #4452, #1481, .T. ) ;
#368 = ORIENTED_EDGE ( 'NONE', *, *, #399, .F. ) ;
#369 = CIRCLE ( 'NONE', #1489, 3.500000000000003109 ) ;
#370 = ORIENTED_EDGE ( 'NONE', *, *, #2293, .T. ) ;
#371 = DIRECTION ( 'NONE',  ( 0.000000000000000000, 1.000000000000000000, 0.000000000000000000 ) ) ;
#372 = DIRECTION ( 'NONE',  ( -0.000000000000000000, 1.000000000000000000, 0.000000000000000000 ) ) ;
#373 = CARTESIAN_POINT ( 'NONE',  ( -22.90000000000000213, 0.000000000000000000, -17.42264973081037027 ) ) ;
#374 = ORIENTED_EDGE ( 'NONE', *, *, #3044, .T. ) ;
#375 = DIRECTION ( 'NONE',  ( 0.000000000000000000, -0.000000000000000000, 1.000000000000000000 ) ) ;
#376 = EDGE_LOOP ( 'NONE', ( #4142, #515 ) ) ;
#377 = DIRECTION ( 'NONE',  ( 0.000000000000000000, -1.000000000000000000, 0.000000000000000000 ) ) ;
#378 = CARTESIAN_POINT ( 'NONE',  ( -38.59999999999999432, -3.000000000000000000, -1.674315780649911600 ) ) ;
#379 = ORIENTED_EDGE ( 'NONE', *, *, #3425, .F. ) ;
#380 = CARTESIAN_POINT ( 'NONE',  ( -35.36154829377486664, 2.961526719203597224, 20.83040727319643892 ) ) ;
#381 = EDGE_CURVE ( 'NONE', #3696, #4719, #2643, .T. ) ;
#382 = CARTESIAN_POINT ( 'NONE',  ( 26.00000000000000355, 1.900000000000001243, 25.60000000000000853 ) ) ;
#383 = VECTOR ( 'NONE', #1051, 999.9999999999998863 ) ;
#384 = EDGE_CURVE ( 'NONE', #2036, #1997, #4468, .T. ) ;
#385 = AXIS2_PLACEMENT_3D ( 'NONE', #4609, #2236, #328 ) ;
#386 = AXIS2_PLACEMENT_3D ( 'NONE', #3899, #1984, #2037 ) ;
#387 = DIRECTION ( 'NONE',  ( 0.000000000000000000, -1.000000000000000000, 0.000000000000000000 ) ) ;
#388 = AXIS2_PLACEMENT_3D ( 'NONE', #2302, #3457, #3807 ) ;
#389 = VERTEX_POINT ( 'NONE', #4955 ) ;
#390 = EDGE_CURVE ( 'NONE', #4245, #4522, #4164, .T. ) ;
#391 = DIRECTION ( 'NONE',  ( 0.000000000000000000, 1.000000000000000000, 0.000000000000000000 ) ) ;
#392 = CARTESIAN_POINT ( 'NONE',  ( -22.09233937586554930, -15.99999999999994138, 35.16505425705440757 ) ) ;
#393 = CIRCLE ( 'NONE', #4634, 2.000000000000000000 ) ;
#394 = VECTOR ( 'NONE', #2967, 1000.000000000000000 ) ;
#395 = UNCERTAINTY_MEASURE_WITH_UNIT (LENGTH_MEASURE( 1.000000000000000082E-05 ), #2333, 'distance_accuracy_value', 'NONE');
#396 = ORIENTED_EDGE ( 'NONE', *, *, #4132, .T. ) ;
#397 = ORIENTED_EDGE ( 'NONE', *, *, #3431, .F. ) ;
#398 = CARTESIAN_POINT ( 'NONE',  ( -44.39999999999999147, -0.3894956581382448824, 0.5581052602166367560 ) ) ;
#399 = EDGE_CURVE ( 'NONE', #1651, #4061, #4598, .T. ) ;
#400 = PLANE ( 'NONE',  #4553 ) ;
#401 = AXIS2_PLACEMENT_3D ( 'NONE', #1124, #2653, #4169 ) ;
#402 = ORIENTED_EDGE ( 'NONE', *, *, #3396, .F. ) ;
#403 = DIRECTION ( 'NONE',  ( -0.000000000000000000, -1.000000000000000000, -0.000000000000000000 ) ) ;
#404 = PRODUCT ( 'SO102.02.040 Bottom top plate', 'SO102.02.040 Bottom top plate', '', ( #3786 ) ) ;
#405 = ORIENTED_EDGE ( 'NONE', *, *, #3140, .T. ) ;
#406 = DIRECTION ( 'NONE',  ( 3.996802888650562757E-15, 0.000000000000000000, -1.000000000000000000 ) ) ;
#407 = DIRECTION ( 'NONE',  ( -0.000000000000000000, 1.000000000000000000, 0.000000000000000000 ) ) ;
#408 = EDGE_LOOP ( 'NONE', ( #3619, #1291, #4228, #2766 ) ) ;
#409 = ORIENTED_EDGE ( 'NONE', *, *, #4104, .T. ) ;
#410 = CARTESIAN_POINT ( 'NONE',  ( -34.49999999999990052, 1.673166272802344423, 24.52369091812503754 ) ) ;
#411 = LINE ( 'NONE', #1937, #305 ) ;
#412 = PLANE ( 'NONE',  #4538 ) ;
#413 = B_SPLINE_CURVE_WITH_KNOTS ( 'NONE', 3,
 ( #1660, #3569, #1689, #2819 ),
 .UNSPECIFIED., .F., .F.,
 ( 4, 4 ),
 ( 0.006885407314886018808, 0.01124828142401791513 ),
 .UNSPECIFIED. ) ;
#414 = ORIENTED_EDGE ( 'NONE', *, *, #4875, .F. ) ;
#415 = CARTESIAN_POINT ( 'NONE',  ( 41.49999999999999289, -15.99999999999994138, 1.549999999999995826 ) ) ;
#416 = LINE ( 'NONE', #1968, #3867 ) ;
#417 = CIRCLE ( 'NONE', #2979, 2.200000000000000622 ) ;
#418 = EDGE_CURVE ( 'NONE', #4462, #1297, #1178, .T. ) ;
#419 = ORIENTED_EDGE ( 'NONE', *, *, #601, .F. ) ;
#420 = ORIENTED_EDGE ( 'NONE', *, *, #1716, .T. ) ;
#421 = CARTESIAN_POINT ( 'NONE',  ( -41.50000000000000000, 2.365118790450083885, -3.348631561299828974 ) ) ;
#422 = CARTESIAN_POINT ( 'NONE',  ( 0.000000000000000000, 0.000000000000000000, -37.19999999999999574 ) ) ;
#423 = CARTESIAN_POINT ( 'NONE',  ( 44.39999999999999147, -3.000000000000000000, 1.674315780649916041 ) ) ;
#424 = EDGE_CURVE ( 'NONE', #271, #668, #1111, .T. ) ;
#425 = LINE ( 'NONE', #1169, #2082 ) ;
#426 = ORIENTED_EDGE ( 'NONE', *, *, #624, .F. ) ;
#427 = DIRECTION ( 'NONE',  ( -0.000000000000000000, -1.000000000000000000, -0.000000000000000000 ) ) ;
#428 = FACE_OUTER_BOUND ( 'NONE', #3341, .T. ) ;
#429 = ORIENTED_EDGE ( 'NONE', *, *, #4316, .T. ) ;
#430 = VERTEX_POINT ( 'NONE', #4620 ) ;
#431 = CARTESIAN_POINT ( 'NONE',  ( -25.99999999999999645, 3.000000000000000000, 23.99999999999999645 ) ) ;
#432 = DIRECTION ( 'NONE',  ( 0.000000000000000000, 1.000000000000000000, 0.000000000000000000 ) ) ;
#433 = DIRECTION ( 'NONE',  ( 0.000000000000000000, 0.000000000000000000, -1.000000000000000000 ) ) ;
#434 = DIRECTION ( 'NONE',  ( -0.8660254037844333785, 0.000000000000000000, 0.5000000000000091038 ) ) ;
#435 = VERTEX_POINT ( 'NONE', #1559 ) ;
#436 = CARTESIAN_POINT ( 'NONE',  ( -34.50000000000000711, 1.444154338093590839, -24.91485500660197516 ) ) ;
#437 = CARTESIAN_POINT ( 'NONE',  ( 0.000000000000000000, -3.000000000000000000, 0.000000000000000000 ) ) ;
#438 = ORIENTED_EDGE ( 'NONE', *, *, #2267, .T. ) ;
#439 = EDGE_LOOP ( 'NONE', ( #541, #882, #1418 ) ) ;
#440 = DIRECTION ( 'NONE',  ( 0.000000000000000000, 0.000000000000000000, -1.000000000000000000 ) ) ;
#441 = CARTESIAN_POINT ( 'NONE',  ( -23.65000000000043912, -0.4315578539998012886, 37.61437003770384280 ) ) ;
#442 = LINE ( 'NONE', #4240, #4660 ) ;
#443 = EDGE_CURVE ( 'NONE', #4431, #2330, #4550, .T. ) ;
#444 = EDGE_CURVE ( 'NONE', #3187, #1373, #3920, .T. ) ;
#445 = EDGE_LOOP ( 'NONE', ( #869, #4121, #1699, #119, #1522, #4822, #4343, #4668, #630, #2008, #3103 ) ) ;
#446 = CARTESIAN_POINT ( 'NONE',  ( 20.75000000000018474, -3.000000000000000000, -39.28868581835394025 ) ) ;
#447 = ORIENTED_EDGE ( 'NONE', *, *, #4352, .F. ) ;
#448 = LINE ( 'NONE', #4217, #3228 ) ;
#449 = DIRECTION ( 'NONE',  ( -0.000000000000000000, -1.000000000000000000, -0.000000000000000000 ) ) ;
#450 = VECTOR ( 'NONE', #354, 1000.000000000000000 ) ;
#451 = EDGE_CURVE ( 'NONE', #1878, #4486, #2734, .T. ) ;
#452 = B_SPLINE_CURVE_WITH_KNOTS ( 'NONE', 3,
 ( #4305, #4726, #1255, #4360 ),
 .UNSPECIFIED., .F., .F.,
 ( 4, 4 ),
 ( 3.112291896695363837E-07, 0.0009482829632339593359 ),
 .UNSPECIFIED. ) ;
#453 = ORIENTED_EDGE ( 'NONE', *, *, #4832, .T. ) ;
#454 = VERTEX_POINT ( 'NONE', #1154 ) ;
#455 = FACE_OUTER_BOUND ( 'NONE', #3084, .T. ) ;
#456 = ADVANCED_FACE ( 'NONE', ( #761 ), #359, .T. ) ;
#457 = LINE ( 'NONE', #3568, #2229 ) ;
#458 = DIRECTION ( 'NONE',  ( 0.000000000000000000, -0.000000000000000000, 1.000000000000000000 ) ) ;
#459 = DIRECTION ( 'NONE',  ( 0.8660254037844389297, 0.000000000000000000, 0.4999999999999995559 ) ) ;
#460 = ORIENTED_EDGE ( 'NONE', *, *, #4940, .F. ) ;
#461 = CYLINDRICAL_SURFACE ( 'NONE', #4548, 1.549999999999995826 ) ;
#462 = CIRCLE ( 'NONE', #1581, 39.20000000000000284 ) ;
#463 = CARTESIAN_POINT ( 'NONE',  ( -44.39999999999999147, -3.000000000000000000, 1.674315780649913599 ) ) ;
#464 = ORIENTED_EDGE ( 'NONE', *, *, #3651, .T. ) ;
#465 = VECTOR ( 'NONE', #137, 1000.000000000000000 ) ;
#466 = VERTEX_POINT ( 'NONE', #4275 ) ;
#467 = DIRECTION ( 'NONE',  ( -0.000000000000000000, -1.000000000000000000, -0.000000000000000000 ) ) ;
#468 = CARTESIAN_POINT ( 'NONE',  ( 8.300000000000006040, 1.800000000000000044, -12.44999999999999751 ) ) ;
#469 = ORIENTED_EDGE ( 'NONE', *, *, #337, .T. ) ;
#470 = VECTOR ( 'NONE', #1459, 1000.000000000000000 ) ;
#471 = AXIS2_PLACEMENT_3D ( 'NONE', #3379, #4931, #338 ) ;
#472 = EDGE_CURVE ( 'NONE', #4298, #2841, #1891, .T. ) ;
#473 = VECTOR ( 'NONE', #2143, 1000.000000000000000 ) ;
#474 = CARTESIAN_POINT ( 'NONE',  ( -22.09233937586554930, -2.999999999999999112, 35.16505425705440757 ) ) ;
#475 = ORIENTED_EDGE ( 'NONE', *, *, #114, .F. ) ;
#476 = CARTESIAN_POINT ( 'NONE',  ( 23.65000000000016556, 2.365118790450081221, -34.26573847640418080 ) ) ;
#477 = LINE ( 'NONE', #3158, #1164 ) ;
#478 = CIRCLE ( 'NONE', #3119, 1.600000000000000755 ) ;
#479 = EDGE_LOOP ( 'NONE', ( #1607, #2617, #972, #743 ) ) ;
#480 = ADVANCED_FACE ( 'NONE', ( #1584 ), #4645, .F. ) ;
#481 = CARTESIAN_POINT ( 'NONE',  ( 44.39999999999999147, -3.000000000000000000, 1.674315780649916041 ) ) ;
#482 = ORIENTED_EDGE ( 'NONE', *, *, #3486, .T. ) ;
#483 = CARTESIAN_POINT ( 'NONE',  ( -25.99999999999999645, -3.999999999999930722, 23.99999999999999645 ) ) ;
#484 = DIRECTION ( 'NONE',  ( 0.000000000000000000, 0.000000000000000000, 1.000000000000000000 ) ) ;
#485 = EDGE_CURVE ( 'NONE', #1191, #4719, #2690, .T. ) ;
#486 = DIRECTION ( 'NONE',  ( 0.000000000000000000, 1.000000000000000000, 0.000000000000000000 ) ) ;
#487 = DIRECTION ( 'NONE',  ( 0.000000000000000000, 0.000000000000000000, -1.000000000000000000 ) ) ;
#488 = EDGE_LOOP ( 'NONE', ( #397, #4789, #4385, #2282 ) ) ;
#489 = CARTESIAN_POINT ( 'NONE',  ( 41.49999999999999289, -3.000000000000000000, -3.348631561299825865 ) ) ;
#490 = FACE_OUTER_BOUND ( 'NONE', #3331, .T. ) ;
#491 = ORIENTED_EDGE ( 'NONE', *, *, #4314, .T. ) ;
#492 = VERTEX_POINT ( 'NONE', #781 ) ;
#493 = CARTESIAN_POINT ( 'NONE',  ( 0.000000000000000000, -3.999999999999931610, 0.000000000000000000 ) ) ;
#494 = DIRECTION ( 'NONE',  ( -0.000000000000000000, -1.000000000000000000, -0.000000000000000000 ) ) ;
#495 = LINE ( 'NONE', #123, #2017 ) ;
#496 = LINE ( 'NONE', #2030, #1346 ) ;
#497 = AXIS2_PLACEMENT_3D ( 'NONE', #1468, #2522, #290 ) ;
#498 = LINE ( 'NONE', #2086, #2247 ) ;
#499 = EDGE_LOOP ( 'NONE', ( #1812, #4039, #1236, #2989 ) ) ;
#500 = CARTESIAN_POINT ( 'NONE',  ( 26.00000000000000355, -15.99999999999995204, 24.00000000000000711 ) ) ;
#501 = CARTESIAN_POINT ( 'NONE',  ( -25.99999999999999645, -3.999999999999930722, 23.99999999999999645 ) ) ;
#502 = VECTOR ( 'NONE', #4921, 1000.000000000000114 ) ;
#503 = ORIENTED_EDGE ( 'NONE', *, *, #1248, .T. ) ;
#504 = CARTESIAN_POINT ( 'NONE',  ( 17.85000000000018261, 3.000000000000000000, -36.91039826390384349 ) ) ;
#505 = DIRECTION ( 'NONE',  ( 0.000000000000000000, -1.000000000000000000, -0.000000000000000000 ) ) ;
#506 = CARTESIAN_POINT ( 'NONE',  ( -20.90000000000000924, 3.000000000000000000, 17.42264973081038093 ) ) ;
#507 = EDGE_CURVE ( 'NONE', #3213, #3897, #2240, .T. ) ;
#508 = EDGE_CURVE ( 'NONE', #4831, #2605, #3218, .T. ) ;
#509 = DIRECTION ( 'NONE',  ( -0.000000000000000000, -1.000000000000000000, -0.000000000000000000 ) ) ;
#510 = DIRECTION ( 'NONE',  ( -0.8660254037844344888, 0.000000000000000000, -0.5000000000000072164 ) ) ;
#511 = ORIENTED_EDGE ( 'NONE', *, *, #4330, .F. ) ;
#512 = CARTESIAN_POINT ( 'NONE',  ( -34.90251670075051038, 2.705211602307413532, -22.07350315330981516 ) ) ;
#513 = EDGE_CURVE ( 'NONE', #574, #3856, #3998, .T. ) ;
#514 = ORIENTED_EDGE ( 'NONE', *, *, #1407, .T. ) ;
#515 = ORIENTED_EDGE ( 'NONE', *, *, #3396, .T. ) ;
#516 = DIRECTION ( 'NONE',  ( -0.000000000000000000, -1.000000000000000000, -0.000000000000000000 ) ) ;
#517 = CYLINDRICAL_SURFACE ( 'NONE', #1583, 1.549999999999995826 ) ;
#518 = EDGE_LOOP ( 'NONE', ( #1596, #2881, #4977, #648, #2755 ) ) ;
#519 = ADVANCED_FACE ( 'NONE', ( #957 ), #4402, .F. ) ;
#520 = ORIENTED_EDGE ( 'NONE', *, *, #1828, .T. ) ;
#521 = DIRECTION ( 'NONE',  ( 0.000000000000000000, 0.000000000000000000, -1.000000000000000000 ) ) ;
#522 = ORIENTED_EDGE ( 'NONE', *, *, #15, .T. ) ;
#523 = CARTESIAN_POINT ( 'NONE',  ( 23.65000000000016556, -3.000000000000000000, -34.26573847640418080 ) ) ;
#524 = CARTESIAN_POINT ( 'NONE',  ( 41.49999999999999289, -5.999999999999941380, -1.549999999999995826 ) ) ;
#525 = CIRCLE ( 'NONE', #3333, 37.19999999999999574 ) ;
#526 = ORIENTED_EDGE ( 'NONE', *, *, #3866, .F. ) ;
#527 = CARTESIAN_POINT ( 'NONE',  ( 17.84999999999967812, -3.000000000000000000, 34.26573847640445081 ) ) ;
#528 = VECTOR ( 'NONE', #3617, 1000.000000000000000 ) ;
#529 = ORIENTED_EDGE ( 'NONE', *, *, #2231, .F. ) ;
#530 = CARTESIAN_POINT ( 'NONE',  ( -31.72650382922098089, 0.4546038994171420211, -29.85000000000000142 ) ) ;
#531 = CARTESIAN_POINT ( 'NONE',  ( 4.800615452657625381E-15, -5.999999999999928946, 39.20000000000000284 ) ) ;
#532 = FACE_OUTER_BOUND ( 'NONE', #2378, .T. ) ;
#533 = ADVANCED_FACE ( 'NONE', ( #455 ), #183, .F. ) ;
#534 = CARTESIAN_POINT ( 'NONE',  ( 40.89034256034182135, 3.000000000000000000, 2.996645674399727177 ) ) ;
#535 = ORIENTED_EDGE ( 'NONE', *, *, #2870, .T. ) ;
#536 = CARTESIAN_POINT ( 'NONE',  ( -35.03447130060736470, 2.813275439702115577, -21.65922482155635009 ) ) ;
#537 = EDGE_CURVE ( 'NONE', #14, #4974, #3566, .T. ) ;
#538 = DIRECTION ( 'NONE',  ( -0.000000000000000000, -1.000000000000000000, -0.000000000000000000 ) ) ;
#539 = ORIENTED_EDGE ( 'NONE', *, *, #2261, .T. ) ;
#540 = EDGE_CURVE ( 'NONE', #1542, #2660, #1226, .T. ) ;
#541 = ORIENTED_EDGE ( 'NONE', *, *, #1023, .F. ) ;
#542 = CIRCLE ( 'NONE', #1175, 3.499999999999999556 ) ;
#543 = DIRECTION ( 'NONE',  ( 0.000000000000000000, 1.000000000000000000, 0.000000000000000000 ) ) ;
#544 = AXIS2_PLACEMENT_3D ( 'NONE', #4922, #1473, #3000 ) ;
#545 = DIRECTION ( 'NONE',  ( -0.000000000000000000, -1.000000000000000000, -0.000000000000000000 ) ) ;
#546 = FACE_OUTER_BOUND ( 'NONE', #3579, .T. ) ;
#547 = ORIENTED_EDGE ( 'NONE', *, *, #4940, .T. ) ;
#548 = VECTOR ( 'NONE', #4488, 1000.000000000000000 ) ;
#549 = EDGE_LOOP ( 'NONE', ( #2286, #2884 ) ) ;
#550 = EDGE_CURVE ( 'NONE', #4297, #4632, #4326, .T. ) ;
#551 = EDGE_LOOP ( 'NONE', ( #2567, #405, #4554, #769, #892, #2638 ) ) ;
#552 = CARTESIAN_POINT ( 'NONE',  ( 4.800615452657625381E-15, -3.999999999999928946, 39.20000000000000284 ) ) ;
#553 = VERTEX_POINT ( 'NONE', #2461 ) ;
#554 = CARTESIAN_POINT ( 'NONE',  ( 0.000000000000000000, -3.245314017740484187E-15, 0.000000000000000000 ) ) ;
#555 = DIRECTION ( 'NONE',  ( 0.000000000000000000, 0.000000000000000000, 1.000000000000000000 ) ) ;
#556 = AXIS2_PLACEMENT_3D ( 'NONE', #4825, #1383, #1013 ) ;
#557 = CIRCLE ( 'NONE', #4953, 41.00000000000000711 ) ;
#558 = CONICAL_SURFACE ( 'NONE', #3842, 3.499999999999999556, 0.7853981633974472798 ) ;
#559 = ORIENTED_EDGE ( 'NONE', *, *, #2714, .F. ) ;
#560 = LINE ( 'NONE', #1329, #4800 ) ;
#561 = VERTEX_POINT ( 'NONE', #928 ) ;
#562 = CARTESIAN_POINT ( 'NONE',  ( 0.000000000000000000, -3.000000000000000000, 0.000000000000000000 ) ) ;
#563 = AXIS2_PLACEMENT_3D ( 'NONE', #1821, #4788, #221 ) ;
#564 = DIRECTION ( 'NONE',  ( 1.942890293094024340E-15, 0.000000000000000000, -1.000000000000000000 ) ) ;
#565 = VECTOR ( 'NONE', #68, 1000.000000000000000 ) ;
#566 = LINE ( 'NONE', #2492, #2395 ) ;
#567 = ORIENTED_EDGE ( 'NONE', *, *, #1306, .T. ) ;
#568 = DIRECTION ( 'NONE',  ( -0.000000000000000000, -1.000000000000000000, -0.000000000000000000 ) ) ;
#569 = ORIENTED_EDGE ( 'NONE', *, *, #3777, .T. ) ;
#570 = PLANE ( 'NONE',  #2596 ) ;
#571 = LINE ( 'NONE', #2919, #3919 ) ;
#572 = VERTEX_POINT ( 'NONE', #2062 ) ;
#573 = EDGE_CURVE ( 'NONE', #1798, #3856, #4483, .T. ) ;
#574 = VERTEX_POINT ( 'NONE', #106 ) ;
#575 = DIRECTION ( 'NONE',  ( -0.000000000000000000, -1.000000000000000000, -0.000000000000000000 ) ) ;
#576 = ORIENTED_EDGE ( 'NONE', *, *, #1345, .F. ) ;
#577 = DIRECTION ( 'NONE',  ( 0.000000000000000000, -1.000000000000000000, -0.000000000000000000 ) ) ;
#578 = LINE ( 'NONE', #2412, #528 ) ;
#579 = EDGE_CURVE ( 'NONE', #2612, #1925, #1353, .T. ) ;
#581 = ORIENTED_EDGE ( 'NONE', *, *, #4686, .T. ) ;
#580 = AXIS2_PLACEMENT_3D ( 'NONE', #2371, #1233, #2101 ) ;
#582 = CARTESIAN_POINT ( 'NONE',  ( -15.80000000000000071, 3.000000000000000000, 14.47816335794328069 ) ) ;
#583 = ORIENTED_EDGE ( 'NONE', *, *, #3144, .F. ) ;
#584 = CARTESIAN_POINT ( 'NONE',  ( -25.99999999999999645, -1.734723475976807883E-15, 23.99999999999999645 ) ) ;
#585 = VECTOR ( 'NONE', #103, 1000.000000000000114 ) ;
#586 = ADVANCED_FACE ( 'NONE', ( #2840 ), #3523, .F. ) ;
#587 = CYLINDRICAL_SURFACE ( 'NONE', #4079, 1.600000000000000755 ) ;
#588 = FACE_OUTER_BOUND ( 'NONE', #1757, .T. ) ;
#589 = AXIS2_PLACEMENT_3D ( 'NONE', #4086, #3683, #1049 ) ;
#590 = EDGE_LOOP ( 'NONE', ( #3836, #1687, #3639, #1471 ) ) ;
#591 = DIRECTION ( 'NONE',  ( 0.000000000000000000, -1.000000000000000000, 0.000000000000000000 ) ) ;
#592 = DIRECTION ( 'NONE',  ( 0.000000000000000000, 0.000000000000000000, -1.000000000000000000 ) ) ;
#593 = CYLINDRICAL_SURFACE ( 'NONE', #497, 1.600000000000000755 ) ;
#594 = CYLINDRICAL_SURFACE ( 'NONE', #785, 1.549999999999995826 ) ;
#595 = VERTEX_POINT ( 'NONE', #3190 ) ;
#596 = ORIENTED_EDGE ( 'NONE', *, *, #1888, .T. ) ;
#597 = CARTESIAN_POINT ( 'NONE',  ( -20.74999999999966604, -5.999999999999941380, 35.94005425705439194 ) ) ;
#598 = VERTEX_POINT ( 'NONE', #504 ) ;
#599 = EDGE_CURVE ( 'NONE', #4447, #1705, #86, .T. ) ;
#600 = PLANE ( 'NONE',  #3593 ) ;
#601 = EDGE_CURVE ( 'NONE', #1904, #4274, #560, .T. ) ;
#602 = VECTOR ( 'NONE', #1541, 1000.000000000000114 ) ;
#603 = ORIENTED_EDGE ( 'NONE', *, *, #1638, .F. ) ;
#604 = CARTESIAN_POINT ( 'NONE',  ( 20.75000000000014921, 3.000000000000000000, -32.59142269575428230 ) ) ;
#605 = ORIENTED_EDGE ( 'NONE', *, *, #268, .T. ) ;
#606 = EDGE_CURVE ( 'NONE', #4543, #2543, #3620, .T. ) ;
#607 = CARTESIAN_POINT ( 'NONE',  ( 26.00000000000001066, -1.734723475976807883E-15, -23.99999999999999645 ) ) ;
#608 = ORIENTED_EDGE ( 'NONE', *, *, #579, .T. ) ;
#609 = LINE ( 'NONE', #3322, #3598 ) ;
#610 = CARTESIAN_POINT ( 'NONE',  ( 0.000000000000000000, 3.000000000000000000, 0.000000000000000000 ) ) ;
#611 = B_SPLINE_CURVE_WITH_KNOTS ( 'NONE', 3,
 ( #421, #725, #4608, #3386 ),
 .UNSPECIFIED., .F., .F.,
 ( 4, 4 ),
 ( 2.990874552743963691E-07, 0.004363180427458081441 ),
 .UNSPECIFIED. ) ;
#612 = ORIENTED_EDGE ( 'NONE', *, *, #1642, .T. ) ;
#613 = CARTESIAN_POINT ( 'NONE',  ( 20.74999999999963052, -3.000000000000000000, 39.28868581835422447 ) ) ;
#614 = CARTESIAN_POINT ( 'NONE',  ( 3.469446951953614189E-15, 0.000000000000000000, 24.00000000000000355 ) ) ;
#615 = CYLINDRICAL_SURFACE ( 'NONE', #1296, 2.000000000000000000 ) ;
#616 = FACE_OUTER_BOUND ( 'NONE', #3533, .T. ) ;
#617 = ORIENTED_EDGE ( 'NONE', *, *, #2392, .F. ) ;
#618 = DIRECTION ( 'NONE',  ( 0.000000000000000000, 0.000000000000000000, 1.000000000000000000 ) ) ;
#619 = ORIENTED_EDGE ( 'NONE', *, *, #2714, .T. ) ;
#620 = DIRECTION ( 'NONE',  ( 0.000000000000000000, 0.000000000000000000, 1.000000000000000000 ) ) ;
#621 = DIRECTION ( 'NONE',  ( -1.720845688168992638E-15, 0.000000000000000000, 1.000000000000000000 ) ) ;
#622 = CIRCLE ( 'NONE', #3435, 3.499999999999999556 ) ;
#623 = AXIS2_PLACEMENT_3D ( 'NONE', #871, #4286, #1240 ) ;
#624 = EDGE_CURVE ( 'NONE', #4423, #4692, #34, .T. ) ;
#625 = VERTEX_POINT ( 'NONE', #3923 ) ;
#626 = AXIS2_PLACEMENT_3D ( 'NONE', #291, #996, #1815 ) ;
#627 = PRODUCT_RELATED_PRODUCT_CATEGORY ( 'part', '', ( #404 ) ) ;
#628 = CIRCLE ( 'NONE', #791, 37.20000000000000284 ) ;
#629 = CARTESIAN_POINT ( 'NONE',  ( -21.90000000000000924, -5.204170427930421283E-15, 17.69059892324149885 ) ) ;
#630 = ORIENTED_EDGE ( 'NONE', *, *, #15, .F. ) ;
#631 = CARTESIAN_POINT ( 'NONE',  ( -20.74999999999966604, -15.99999999999994138, 35.94005425705439194 ) ) ;
#632 = CARTESIAN_POINT ( 'NONE',  ( 38.59999999999999432, -3.000000000000000000, 1.674315780649911600 ) ) ;
#633 = AXIS2_PLACEMENT_3D ( 'NONE', #1134, #2273, #3800 ) ;
#634 = AXIS2_PLACEMENT_3D ( 'NONE', #4006, #568, #1537 ) ;
#635 = EDGE_CURVE ( 'NONE', #492, #318, #3136, .T. ) ;
#636 = VERTEX_POINT ( 'NONE', #4299 ) ;
#637 = EDGE_CURVE ( 'NONE', #2211, #1502, #3525, .T. ) ;
#638 = DIRECTION ( 'NONE',  ( 0.000000000000000000, 0.000000000000000000, -1.000000000000000000 ) ) ;
#639 = DIRECTION ( 'NONE',  ( -0.000000000000000000, -1.000000000000000000, -0.000000000000000000 ) ) ;
#640 = FACE_OUTER_BOUND ( 'NONE', #3316, .T. ) ;
#641 = EDGE_CURVE ( 'NONE', #4274, #4763, #1758, .T. ) ;
#642 = AXIS2_PLACEMENT_3D ( 'NONE', #2728, #2456, #3914 ) ;
#643 = ORIENTED_EDGE ( 'NONE', *, *, #3171, .T. ) ;
#644 = DIRECTION ( 'NONE',  ( 0.000000000000000000, 0.000000000000000000, -1.000000000000000000 ) ) ;
#645 = LINE ( 'NONE', #2946, #548 ) ;
#646 = FACE_OUTER_BOUND ( 'NONE', #4797, .T. ) ;
#647 = DIRECTION ( 'NONE',  ( -0.000000000000000000, -1.000000000000000000, -0.000000000000000000 ) ) ;
#648 = ORIENTED_EDGE ( 'NONE', *, *, #3575, .T. ) ;
#649 = ORIENTED_EDGE ( 'NONE', *, *, #2821, .F. ) ;
#650 = CARTESIAN_POINT ( 'NONE',  ( 29.00000000000000355, 0.000000000000000000, -10.24999999999999645 ) ) ;
#651 = EDGE_LOOP ( 'NONE', ( #891, #1727, #2252, #324 ) ) ;
#652 = LINE ( 'NONE', #3719, #3064 ) ;
#653 = CYLINDRICAL_SURFACE ( 'NONE', #49, 3.500000000000003109 ) ;
#654 = ORIENTED_EDGE ( 'NONE', *, *, #3643, .T. ) ;
#655 = VECTOR ( 'NONE', #564, 1000.000000000000000 ) ;
#656 = CARTESIAN_POINT ( 'NONE',  ( 26.00000000000000355, -1.734723475976807883E-15, 24.00000000000000711 ) ) ;
#657 = EDGE_LOOP ( 'NONE', ( #1452, #4773 ) ) ;
#658 = CARTESIAN_POINT ( 'NONE',  ( -38.59999999999999432, -3.000000000000000000, -1.674315780649911600 ) ) ;
#659 = PLANE ( 'NONE',  #1417 ) ;
#660 = CIRCLE ( 'NONE', #2495, 1.100000000000000311 ) ;
#661 = ORIENTED_EDGE ( 'NONE', *, *, #26, .F. ) ;
#662 = PLANE ( 'NONE',  #2556 ) ;
#663 = CIRCLE ( 'NONE', #3471, 1.600000000000000755 ) ;
#664 = EDGE_CURVE ( 'NONE', #4692, #3955, #1153, .T. ) ;
#665 = DIRECTION ( 'NONE',  ( 0.000000000000000000, 0.000000000000000000, -1.000000000000000000 ) ) ;
#666 = DIRECTION ( 'NONE',  ( -0.000000000000000000, -1.000000000000000000, -0.000000000000000000 ) ) ;
#667 = ADVANCED_FACE ( 'NONE', ( #1402 ), #2880, .F. ) ;
#668 = VERTEX_POINT ( 'NONE', #582 ) ;
#669 = CARTESIAN_POINT ( 'NONE',  ( -22.89999999999999503, 3.000000000000000000, -17.42264973081037738 ) ) ;
#670 = EDGE_CURVE ( 'NONE', #1066, #3691, #1435, .T. ) ;
#671 = DIRECTION ( 'NONE',  ( -0.000000000000000000, -1.000000000000000000, -0.000000000000000000 ) ) ;
#672 = DIRECTION ( 'NONE',  ( 0.8660254037844388186, 0.000000000000000000, 0.4999999999999996669 ) ) ;
#673 = CARTESIAN_POINT ( 'NONE',  ( 0.000000000000000000, 0.000000000000000000, 0.000000000000000000 ) ) ;
#674 = ORIENTED_EDGE ( 'NONE', *, *, #1580, .T. ) ;
#675 = ORIENTED_EDGE ( 'NONE', *, *, #1003, .T. ) ;
#676 = DIRECTION ( 'NONE',  ( 0.000000000000000000, 0.000000000000000000, -1.000000000000000000 ) ) ;
#677 = VERTEX_POINT ( 'NONE', #2932 ) ;
#678 = EDGE_CURVE ( 'NONE', #668, #724, #2195, .T. ) ;
#679 = CARTESIAN_POINT ( 'NONE',  ( 17.85000000000017906, 2.365118790450078556, -37.61437003770404175 ) ) ;
#680 = CARTESIAN_POINT ( 'NONE',  ( 19.40766062413403503, -5.999999999999941380, -36.71505425705424130 ) ) ;
#681 = ORIENTED_EDGE ( 'NONE', *, *, #1924, .F. ) ;
#682 = DIRECTION ( 'NONE',  ( 1.000000000000000000, -0.000000000000000000, 0.000000000000000000 ) ) ;
#683 = ORIENTED_EDGE ( 'NONE', *, *, #1764, .F. ) ;
#684 = CARTESIAN_POINT ( 'NONE',  ( -34.49999999999999289, -0.1412694127686527634, -27.55342039597295667 ) ) ;
#685 = CYLINDRICAL_SURFACE ( 'NONE', #2309, 1.100000000000000311 ) ;
#686 = ORIENTED_EDGE ( 'NONE', *, *, #2681, .T. ) ;
#687 = CARTESIAN_POINT ( 'NONE',  ( -25.99999999999999645, -1.734723475976807883E-15, -24.00000000000000355 ) ) ;
#688 = AXIS2_PLACEMENT_3D ( 'NONE', #4783, #3326, #3707 ) ;
#689 = CARTESIAN_POINT ( 'NONE',  ( -20.75000000000037303, -3.000000000000000000, 32.59142269575413309 ) ) ;
#690 = EDGE_CURVE ( 'NONE', #3987, #3941, #1035, .T. ) ;
#691 = ORIENTED_EDGE ( 'NONE', *, *, #3925, .T. ) ;
#692 = CARTESIAN_POINT ( 'NONE',  ( -23.04034256034174888, 3.000000000000000000, -33.91375258950424865 ) ) ;
#693 = AXIS2_PLACEMENT_3D ( 'NONE', #2555, #1424, #1729 ) ;
#694 = DIRECTION ( 'NONE',  ( -0.8660254037844328234, 0.000000000000000000, -0.5000000000000101030 ) ) ;
#695 = DIRECTION ( 'NONE',  ( 0.000000000000000000, 1.000000000000000000, 0.000000000000000000 ) ) ;
#696 = EDGE_CURVE ( 'NONE', #780, #113, #1040, .T. ) ;
#697 = ORIENTED_EDGE ( 'NONE', *, *, #1469, .T. ) ;
#698 = EDGE_LOOP ( 'NONE', ( #4055, #526 ) ) ;
#699 = CARTESIAN_POINT ( 'NONE',  ( -20.75000000000045475, -3.000000000000000000, 39.28868581835378393 ) ) ;
#700 = ORIENTED_EDGE ( 'NONE', *, *, #4541, .F. ) ;
#701 = DIRECTION ( 'NONE',  ( 0.000000000000000000, 0.000000000000000000, 1.000000000000000000 ) ) ;
#702 = CARTESIAN_POINT ( 'NONE',  ( -22.68333333333324120, -0.3894956581382461591, -38.17247529792081195 ) ) ;
#703 = EDGE_CURVE ( 'NONE', #311, #3391, #240, .T. ) ;
#704 = ORIENTED_EDGE ( 'NONE', *, *, #4777, .T. ) ;
#705 = DIRECTION ( 'NONE',  ( -0.8660254037844442587, 0.000000000000000000, 0.4999999999999902300 ) ) ;
#706 = EDGE_LOOP ( 'NONE', ( #3235, #974, #23, #2535 ) ) ;
#707 = CARTESIAN_POINT ( 'NONE',  ( 41.50000000000000000, -3.000000000000000000, 3.348631561299828974 ) ) ;
#708 = CIRCLE ( 'NONE', #2065, 1.549999999999997824 ) ;
#709 = VECTOR ( 'NONE', #2774, 1000.000000000000000 ) ;
#710 = LINE ( 'NONE', #2664, #3352 ) ;
#711 = EDGE_LOOP ( 'NONE', ( #1947, #4667, #1569, #1910 ) ) ;
#712 = DIRECTION ( 'NONE',  ( 0.000000000000000000, -0.7071067811865480168, -0.7071067811865470176 ) ) ;
#713 = CARTESIAN_POINT ( 'NONE',  ( 8.462269199216015281, 3.000000000000000000, 7.200000000000000178 ) ) ;
#714 = AXIS2_PLACEMENT_3D ( 'NONE', #4375, #2416, #4329 ) ;
#715 = AXIS2_PLACEMENT_3D ( 'NONE', #1410, #3226, #962 ) ;
#716 = DIRECTION ( 'NONE',  ( 0.000000000000000000, 1.000000000000000000, 0.000000000000000000 ) ) ;
#717 = VECTOR ( 'NONE', #4711, 1000.000000000000000 ) ;
#718 = VERTEX_POINT ( 'NONE', #629 ) ;
#719 = CARTESIAN_POINT ( 'NONE',  ( 8.300000000000006040, 0.000000000000000000, -8.049999999999997158 ) ) ;
#720 = DIRECTION ( 'NONE',  ( 0.000000000000000000, 0.000000000000000000, -1.000000000000000000 ) ) ;
#721 = CARTESIAN_POINT ( 'NONE',  ( 26.00000000000001066, -1.734723475976807883E-15, -23.99999999999999645 ) ) ;
#722 = CIRCLE ( 'NONE', #322, 41.00000000000000711 ) ;
#723 = ORIENTED_EDGE ( 'NONE', *, *, #4378, .T. ) ;
#724 = VERTEX_POINT ( 'NONE', #4498 ) ;
#725 = CARTESIAN_POINT ( 'NONE',  ( -42.47248688315251997, 1.440940235700774341, -2.787165997528342043 ) ) ;
#726 = CARTESIAN_POINT ( 'NONE',  ( 29.00000000000000355, 0.000000000000000000, 10.25000000000000355 ) ) ;
#727 = ADVANCED_FACE ( 'NONE', ( #2587 ), #1451, .F. ) ;
#728 = EDGE_LOOP ( 'NONE', ( #1695, #2807, #4179, #4560 ) ) ;
#729 = DIRECTION ( 'NONE',  ( -0.000000000000000000, -1.000000000000000000, -0.000000000000000000 ) ) ;
#730 = ORIENTED_EDGE ( 'NONE', *, *, #2784, .F. ) ;
#731 = FACE_OUTER_BOUND ( 'NONE', #2076, .T. ) ;
#732 = LINE ( 'NONE', #3105, #1012 ) ;
#733 = ADVANCED_FACE ( 'NONE', ( #2169 ), #558, .F. ) ;
#734 = FACE_OUTER_BOUND ( 'NONE', #2806, .T. ) ;
#735 = AXIS2_PLACEMENT_3D ( 'NONE', #3877, #4357, #484 ) ;
#736 = ORIENTED_EDGE ( 'NONE', *, *, #3517, .T. ) ;
#737 = CARTESIAN_POINT ( 'NONE',  ( -35.11875316139040137, 2.851942583404560416, 21.44488224423623635 ) ) ;
#738 = EDGE_CURVE ( 'NONE', #3982, #3845, #3370, .T. ) ;
#739 = DIRECTION ( 'NONE',  ( -0.000000000000000000, 1.000000000000000000, -0.000000000000000000 ) ) ;
#740 = VECTOR ( 'NONE', #538, 1000.000000000000000 ) ;
#741 = CARTESIAN_POINT ( 'NONE',  ( -28.10653838522275549, 3.000000000000000000, 29.85000000000001563 ) ) ;
#742 = AXIS2_PLACEMENT_3D ( 'NONE', #1276, #4019, #4321 ) ;
#743 = ORIENTED_EDGE ( 'NONE', *, *, #1977, .T. ) ;
#744 = DIRECTION ( 'NONE',  ( 0.000000000000000000, 0.000000000000000000, -1.000000000000000000 ) ) ;
#745 = CARTESIAN_POINT ( 'NONE',  ( -44.39999999999999147, -0.4315578539997965146, 1.674315780649913599 ) ) ;
#746 = CARTESIAN_POINT ( 'NONE',  ( -23.04034256034174888, 3.000000000000000000, -33.91375258950424865 ) ) ;
#747 = VERTEX_POINT ( 'NONE', #3746 ) ;
#748 = ORIENTED_EDGE ( 'NONE', *, *, #2413, .T. ) ;
#749 = CARTESIAN_POINT ( 'NONE',  ( -44.39999999999999147, -0.4315578539997965146, -1.674315780649916041 ) ) ;
#750 = LINE ( 'NONE', #4563, #4874 ) ;
#751 = DIRECTION ( 'NONE',  ( 1.000000000000000000, 0.000000000000000000, 0.000000000000000000 ) ) ;
#752 = ORIENTED_EDGE ( 'NONE', *, *, #2844, .F. ) ;
#753 = ADVANCED_FACE ( 'NONE', ( #3645 ), #4471, .F. ) ;
#754 = DIRECTION ( 'NONE',  ( 0.000000000000000000, 1.000000000000000000, 0.000000000000000000 ) ) ;
#755 = ORIENTED_EDGE ( 'NONE', *, *, #2274, .F. ) ;
#756 = DIRECTION ( 'NONE',  ( -0.8660254037844381525, 0.000000000000000000, 0.5000000000000008882 ) ) ;
#757 = CYLINDRICAL_SURFACE ( 'NONE', #3576, 1.549999999999997824 ) ;
#758 = DIRECTION ( 'NONE',  ( 0.000000000000000000, 0.000000000000000000, -1.000000000000000000 ) ) ;
#759 = ADVANCED_FACE ( 'NONE', ( #203 ), #955, .T. ) ;
#760 = ORIENTED_EDGE ( 'NONE', *, *, #4531, .T. ) ;
#761 = FACE_OUTER_BOUND ( 'NONE', #924, .T. ) ;
#762 = DIRECTION ( 'NONE',  ( -0.000000000000000000, -1.000000000000000000, -0.000000000000000000 ) ) ;
#763 = CARTESIAN_POINT ( 'NONE',  ( 29.00000000000000355, 0.000000000000000000, -8.049999999999997158 ) ) ;
#764 = EDGE_CURVE ( 'NONE', #2543, #3460, #1733, .T. ) ;
#765 = CARTESIAN_POINT ( 'NONE',  ( -23.64999999999991331, -3.000000000000000000, -34.26573847640433712 ) ) ;
#766 = DIRECTION ( 'NONE',  ( -0.000000000000000000, -1.000000000000000000, 0.000000000000000000 ) ) ;
#767 = VECTOR ( 'NONE', #1433, 1000.000000000000000 ) ;
#768 = DIRECTION ( 'NONE',  ( 0.000000000000000000, 1.000000000000000000, 0.000000000000000000 ) ) ;
#769 = ORIENTED_EDGE ( 'NONE', *, *, #3021, .T. ) ;
#770 = VECTOR ( 'NONE', #2731, 1000.000000000000000 ) ;
#771 = VERTEX_POINT ( 'NONE', #2216 ) ;
#772 = LINE ( 'NONE', #4141, #2085 ) ;
#773 = LINE ( 'NONE', #2308, #940 ) ;
#774 = FACE_OUTER_BOUND ( 'NONE', #4879, .T. ) ;
#775 = ORIENTED_EDGE ( 'NONE', *, *, #3736, .T. ) ;
#776 = DIRECTION ( 'NONE',  ( -0.000000000000000000, -1.000000000000000000, -0.000000000000000000 ) ) ;
#777 = DIRECTION ( 'NONE',  ( 0.000000000000000000, 1.000000000000000000, 0.000000000000000000 ) ) ;
#778 = B_SPLINE_CURVE_WITH_KNOTS ( 'NONE', 3,
 ( #1659, #4621, #857, #3524 ),
 .UNSPECIFIED., .F., .F.,
 ( 4, 4 ),
 ( 0.01174006514923627009, 0.01635696093657392977 ),
 .UNSPECIFIED. ) ;
#779 = CIRCLE ( 'NONE', #4704, 1.549999999999997824 ) ;
#780 = VERTEX_POINT ( 'NONE', #4446 ) ;
#781 = CARTESIAN_POINT ( 'NONE',  ( 23.64999999999967883, -3.000000000000000000, 34.26573847640450055 ) ) ;
#782 = CARTESIAN_POINT ( 'NONE',  ( 8.462269199216015281, 3.000000000000000000, 9.199999999999999289 ) ) ;
#783 = DIRECTION ( 'NONE',  ( 0.000000000000000000, 0.000000000000000000, 1.000000000000000000 ) ) ;
#784 = EDGE_CURVE ( 'NONE', #4494, #4061, #4884, .T. ) ;
#785 = AXIS2_PLACEMENT_3D ( 'NONE', #3658, #1368, #4335 ) ;
#786 = CIRCLE ( 'NONE', #1106, 3.499999999999999556 ) ;
#787 = ADVANCED_FACE ( 'NONE', ( #4796 ), #4332, .F. ) ;
#788 = B_SPLINE_CURVE_WITH_KNOTS ( 'NONE', 3,
 ( #4739, #1302, #2927, #3720 ),
 .UNSPECIFIED., .F., .F.,
 ( 4, 4 ),
 ( 0.006681250777271591397, 0.01104412488640347904 ),
 .UNSPECIFIED. ) ;
#789 = AXIS2_PLACEMENT_3D ( 'NONE', #2015, #3549, #111 ) ;
#790 = CARTESIAN_POINT ( 'NONE',  ( 18.82248688315270257, 1.440940235700770122, -38.17583560147551935 ) ) ;
#791 = AXIS2_PLACEMENT_3D ( 'NONE', #4229, #4535, #2624 ) ;
#792 = ORIENTED_EDGE ( 'NONE', *, *, #2721, .T. ) ;
#793 = CYLINDRICAL_SURFACE ( 'NONE', #3599, 39.20000000000000284 ) ;
#794 = CYLINDRICAL_SURFACE ( 'NONE', #181, 10.50000000000000178 ) ;
#795 = ADVANCED_FACE ( 'NONE', ( #4612 ), #4544, .T. ) ;
#796 = AXIS2_PLACEMENT_3D ( 'NONE', #1781, #4099, #3342 ) ;
#797 = ORIENTED_EDGE ( 'NONE', *, *, #2663, .F. ) ;
#798 = ORIENTED_EDGE ( 'NONE', *, *, #1469, .F. ) ;
#799 = CARTESIAN_POINT ( 'NONE',  ( 26.00000000000000355, -3.999999999999930722, 24.00000000000000711 ) ) ;
#800 = CARTESIAN_POINT ( 'NONE',  ( -23.65000000000040004, -3.000000000000000000, 34.26573847640401738 ) ) ;
#801 = CIRCLE ( 'NONE', #1359, 1.600000000000000755 ) ;
#802 = DIRECTION ( 'NONE',  ( -0.000000000000000000, -1.000000000000000000, -0.000000000000000000 ) ) ;
#803 = ORIENTED_EDGE ( 'NONE', *, *, #1550, .F. ) ;
#804 = FACE_BOUND ( 'NONE', #1608, .T. ) ;
#805 = FACE_OUTER_BOUND ( 'NONE', #2239, .T. ) ;
#806 = VERTEX_POINT ( 'NONE', #4148 ) ;
#807 = EDGE_LOOP ( 'NONE', ( #798, #3482, #1595, #3361 ) ) ;
#808 = DIRECTION ( 'NONE',  ( -0.000000000000000000, -1.000000000000000000, -0.000000000000000000 ) ) ;
#809 = CARTESIAN_POINT ( 'NONE',  ( -34.49999999999999289, -0.9730196895871947582, 28.85000000000000142 ) ) ;
#810 = DIRECTION ( 'NONE',  ( 1.000000000000000000, 0.000000000000000000, 0.000000000000000000 ) ) ;
#811 = EDGE_CURVE ( 'NONE', #1237, #3741, #425, .T. ) ;
#812 = DIRECTION ( 'NONE',  ( 0.000000000000000000, 1.000000000000000000, 0.000000000000000000 ) ) ;
#813 = ORIENTED_EDGE ( 'NONE', *, *, #3216, .F. ) ;
#814 = CARTESIAN_POINT ( 'NONE',  ( -41.49999999999999289, -15.99999999999994138, -1.549999999999995826 ) ) ;
#815 = ADVANCED_FACE ( 'NONE', ( #4948, #3078 ), #3868, .F. ) ;
#816 = DIRECTION ( 'NONE',  ( 0.000000000000000000, 1.000000000000000000, 0.000000000000000000 ) ) ;
#817 = VECTOR ( 'NONE', #1600, 999.9999999999998863 ) ;
#818 = VERTEX_POINT ( 'NONE', #1953 ) ;
#819 = ADVANCED_FACE ( 'NONE', ( #774 ), #3467, .F. ) ;
#820 = EDGE_LOOP ( 'NONE', ( #3247, #52, #514, #752 ) ) ;
#821 = DIRECTION ( 'NONE',  ( 0.000000000000000000, 1.000000000000000000, 0.000000000000000000 ) ) ;
#822 = SURFACE_STYLE_FILL_AREA ( #4263 ) ;
#823 = DIRECTION ( 'NONE',  ( 0.000000000000000000, 0.000000000000000000, -1.000000000000000000 ) ) ;
#824 = CIRCLE ( 'NONE', #2271, 3.499999999999999556 ) ;
#825 = EDGE_CURVE ( 'NONE', #1394, #1582, #2402, .T. ) ;
#826 = LINE ( 'NONE', #2357, #4642 ) ;
#827 = ORIENTED_EDGE ( 'NONE', *, *, #2930, .F. ) ;
#828 = FACE_BOUND ( 'NONE', #2923, .T. ) ;
#829 = DIRECTION ( 'NONE',  ( -1.036100853139915938E-15, 0.000000000000000000, 1.000000000000000000 ) ) ;
#830 = ORIENTED_EDGE ( 'NONE', *, *, #472, .T. ) ;
#831 = VERTEX_POINT ( 'NONE', #1575 ) ;
#832 = CARTESIAN_POINT ( 'NONE',  ( -35.55215877731217233, 3.000000000000012434, 20.42672671684225350 ) ) ;
#833 = DIRECTION ( 'NONE',  ( 1.036100853139915938E-15, 0.000000000000000000, 1.000000000000000000 ) ) ;
#834 = FACE_BOUND ( 'NONE', #3644, .T. ) ;
#835 = CARTESIAN_POINT ( 'NONE',  ( -20.75000000000016698, -2.999999999999999112, -35.94005425705411483 ) ) ;
#836 = EDGE_LOOP ( 'NONE', ( #1090, #1243, #2709, #3360 ) ) ;
#837 = LINE ( 'NONE', #3093, #3272 ) ;
#838 = CARTESIAN_POINT ( 'NONE',  ( -44.39999999999999147, -3.000000000000000000, 1.674315780649913599 ) ) ;
#839 = ORIENTED_EDGE ( 'NONE', *, *, #2474, .F. ) ;
#840 = ORIENTED_EDGE ( 'NONE', *, *, #121, .F. ) ;
#841 = CARTESIAN_POINT ( 'NONE',  ( 17.84999999999964615, 3.000000000000000000, 36.91039826390407796 ) ) ;
#842 = CARTESIAN_POINT ( 'NONE',  ( 17.84999999999965326, -3.000000000000000000, 37.61437003770428333 ) ) ;
#843 = DIRECTION ( 'NONE',  ( -0.000000000000000000, -1.000000000000000000, -0.000000000000000000 ) ) ;
#844 = ORIENTED_EDGE ( 'NONE', *, *, #4595, .T. ) ;
#845 = EDGE_CURVE ( 'NONE', #3233, #4452, #1147, .T. ) ;
#846 = AXIS2_PLACEMENT_3D ( 'NONE', #3501, #2422, #434 ) ;
#847 = B_SPLINE_CURVE_WITH_KNOTS ( 'NONE', 3,
 ( #4448, #684, #304, #1783 ),
 .UNSPECIFIED., .F., .F.,
 ( 4, 4 ),
 ( 0.009438734832737155980, 0.01405563062007481392 ),
 .UNSPECIFIED. ) ;
#848 = DIRECTION ( 'NONE',  ( 0.000000000000000000, -1.000000000000000000, 0.000000000000000000 ) ) ;
#849 = ORIENTED_EDGE ( 'NONE', *, *, #180, .F. ) ;
#850 = CARTESIAN_POINT ( 'NONE',  ( -40.89034256034183556, 3.000000000000000000, 2.996645674399722736 ) ) ;
#851 = DIRECTION ( 'NONE',  ( -0.000000000000000000, -1.000000000000000000, -0.000000000000000000 ) ) ;
#852 = VECTOR ( 'NONE', #4395, 1000.000000000000227 ) ;
#853 = EDGE_CURVE ( 'NONE', #346, #1214, #2799, .T. ) ;
#854 = ORIENTED_EDGE ( 'NONE', *, *, #4010, .F. ) ;
#855 = DIRECTION ( 'NONE',  ( -0.000000000000000000, -1.000000000000000000, -0.000000000000000000 ) ) ;
#856 = ORIENTED_EDGE ( 'NONE', *, *, #3984, .F. ) ;
#857 = CARTESIAN_POINT ( 'NONE',  ( -34.49999999999999289, -0.1412694127686481005, 27.55342039597295667 ) ) ;
#858 = CYLINDRICAL_SURFACE ( 'NONE', #735, 10.00000000000000178 ) ;
#859 = AXIS2_PLACEMENT_3D ( 'NONE', #2789, #4670, #1227 ) ;
#860 = CARTESIAN_POINT ( 'NONE',  ( -20.74999999999991829, -3.000000000000000000, -32.59142269575442441 ) ) ;
#861 = DIRECTION ( 'NONE',  ( 0.000000000000000000, 0.000000000000000000, -1.000000000000000000 ) ) ;
#862 = ORIENTED_EDGE ( 'NONE', *, *, #2784, .T. ) ;
#863 = CARTESIAN_POINT ( 'NONE',  ( -21.90000000000000213, 10.00000000000000000, -18.00000000000000000 ) ) ;
#864 = CIRCLE ( 'NONE', #4958, 1.549999999999995826 ) ;
#865 = VECTOR ( 'NONE', #2165, 1000.000000000000000 ) ;
#866 = AXIS2_PLACEMENT_3D ( 'NONE', #4003, #2869, #4027 ) ;
#867 = ORIENTED_EDGE ( 'NONE', *, *, #1032, .F. ) ;
#868 = CIRCLE ( 'NONE', #4716, 1.549999999999996270 ) ;
#869 = ORIENTED_EDGE ( 'NONE', *, *, #3493, .F. ) ;
#870 = DIRECTION ( 'NONE',  ( -0.000000000000000000, -1.000000000000000000, -0.000000000000000000 ) ) ;
#871 = CARTESIAN_POINT ( 'NONE',  ( 29.00000000000000355, 1.800000000000000044, 10.25000000000000355 ) ) ;
#872 = ORIENTED_EDGE ( 'NONE', *, *, #242, .T. ) ;
#873 = VECTOR ( 'NONE', #3874, 1000.000000000000000 ) ;
#874 = FACE_OUTER_BOUND ( 'NONE', #4381, .T. ) ;
#875 = EDGE_LOOP ( 'NONE', ( #4838, #2809, #159, #4712 ) ) ;
#876 = EDGE_CURVE ( 'NONE', #913, #4522, #4638, .T. ) ;
#877 = CARTESIAN_POINT ( 'NONE',  ( 1.285879139104720831E-15, -8.469123934395588905E-15, 10.50000000000000000 ) ) ;
#878 = DIRECTION ( 'NONE',  ( 0.8660254037844432595, 0.000000000000000000, -0.4999999999999919509 ) ) ;
#879 = AXIS2_PLACEMENT_3D ( 'NONE', #3150, #870, #1972 ) ;
#880 = ORIENTED_EDGE ( 'NONE', *, *, #1456, .F. ) ;
#881 = DIRECTION ( 'NONE',  ( 0.8660254037844363761, 0.000000000000000000, 0.5000000000000039968 ) ) ;
#882 = ORIENTED_EDGE ( 'NONE', *, *, #384, .T. ) ;
#883 = EDGE_CURVE ( 'NONE', #2829, #204, #3445, .T. ) ;
#884 = DIRECTION ( 'NONE',  ( 1.942890293094024340E-15, 0.000000000000000000, -1.000000000000000000 ) ) ;
#885 = CARTESIAN_POINT ( 'NONE',  ( -25.99999999999999645, 1.900000000000001243, -22.40000000000000213 ) ) ;
#886 = CARTESIAN_POINT ( 'NONE',  ( -23.65000000000040004, -3.000000000000000000, 34.26573847640401738 ) ) ;
#887 = EDGE_CURVE ( 'NONE', #2660, #1427, #1530, .T. ) ;
#888 = CARTESIAN_POINT ( 'NONE',  ( 26.00000000000001066, 1.900000000000001243, -23.99999999999999645 ) ) ;
#889 = ORIENTED_EDGE ( 'NONE', *, *, #2304, .F. ) ;
#890 = LINE ( 'NONE', #1258, #1429 ) ;
#891 = ORIENTED_EDGE ( 'NONE', *, *, #599, .F. ) ;
#892 = ORIENTED_EDGE ( 'NONE', *, *, #2134, .T. ) ;
#893 = DIRECTION ( 'NONE',  ( 0.000000000000000000, 0.000000000000000000, -1.000000000000000000 ) ) ;
#894 = DIRECTION ( 'NONE',  ( 1.000000000000000000, 0.000000000000000000, 0.000000000000000000 ) ) ;
#895 = ORIENTED_EDGE ( 'NONE', *, *, #3378, .F. ) ;
#896 = AXIS2_PLACEMENT_3D ( 'NONE', #2853, #2430, #146 ) ;
#897 = AXIS2_PLACEMENT_3D ( 'NONE', #2645, #3380, #810 ) ;
#898 = LINE ( 'NONE', #175, #3601 ) ;
#899 = ORIENTED_EDGE ( 'NONE', *, *, #2038, .T. ) ;
#900 = CARTESIAN_POINT ( 'NONE',  ( 3.469446951953614189E-15, 1.900000000000001243, 24.00000000000000355 ) ) ;
#901 = DIRECTION ( 'NONE',  ( -0.000000000000000000, -1.000000000000000000, -0.000000000000000000 ) ) ;
#902 = EDGE_CURVE ( 'NONE', #151, #4943, #2265, .T. ) ;
#903 = ORIENTED_EDGE ( 'NONE', *, *, #1627, .T. ) ;
#904 = ADVANCED_FACE ( 'NONE', ( #1931 ), #3392, .F. ) ;
#905 = CARTESIAN_POINT ( 'NONE',  ( 29.00000000000000355, 0.000000000000000000, -10.24999999999999645 ) ) ;
#906 = B_SPLINE_CURVE_WITH_KNOTS ( 'NONE', 3,
 ( #2444, #1008, #3976, #2068 ),
 .UNSPECIFIED., .F., .F.,
 ( 4, 4 ),
 ( 2.989228704787895698E-07, 0.0009482706569147993309 ),
 .UNSPECIFIED. ) ;
#907 = ORIENTED_EDGE ( 'NONE', *, *, #4008, .T. ) ;
#908 = DIRECTION ( 'NONE',  ( -0.000000000000000000, -1.000000000000000000, -0.000000000000000000 ) ) ;
#909 = DIRECTION ( 'NONE',  ( -0.000000000000000000, -1.000000000000000000, -0.000000000000000000 ) ) ;
#910 = ADVANCED_FACE ( 'NONE', ( #44 ), #2287, .F. ) ;
#911 = CARTESIAN_POINT ( 'NONE',  ( 29.32067667992143001, -3.999999999999931610, 22.89405859675193966 ) ) ;
#912 = CARTESIAN_POINT ( 'NONE',  ( -41.50000000000000000, 2.365118790450083885, -3.348631561299828974 ) ) ;
#913 = VERTEX_POINT ( 'NONE', #3817 ) ;
#914 = CARTESIAN_POINT ( 'NONE',  ( -44.39999999999999147, -3.000000000000000000, 1.674315780649913599 ) ) ;
#915 = LINE ( 'NONE', #1995, #3949 ) ;
#916 = EDGE_CURVE ( 'NONE', #4390, #3002, #1903, .T. ) ;
#917 = ORIENTED_EDGE ( 'NONE', *, *, #550, .T. ) ;
#918 = CARTESIAN_POINT ( 'NONE',  ( 26.00000000000000355, -15.99999999999995204, 27.49999999999890576 ) ) ;
#919 = DIRECTION ( 'NONE',  ( 8.659560562354925463E-17, -0.7071067811865483499, 0.7071067811865467956 ) ) ;
#920 = ORIENTED_EDGE ( 'NONE', *, *, #4844, .F. ) ;
#921 = ORIENTED_EDGE ( 'NONE', *, *, #4618, .T. ) ;
#922 = ORIENTED_EDGE ( 'NONE', *, *, #2261, .F. ) ;
#923 = DIRECTION ( 'NONE',  ( -0.000000000000000000, -1.000000000000000000, -0.000000000000000000 ) ) ;
#924 = EDGE_LOOP ( 'NONE', ( #3621, #3472, #460, #3261 ) ) ;
#925 = CARTESIAN_POINT ( 'NONE',  ( 0.000000000000000000, 3.000000000000000000, 0.000000000000000000 ) ) ;
#926 = CARTESIAN_POINT ( 'NONE',  ( 8.300000000000006040, 2.999999999999999112, 10.25000000000000355 ) ) ;
#927 = ORIENTED_EDGE ( 'NONE', *, *, #3548, .F. ) ;
#928 = CARTESIAN_POINT ( 'NONE',  ( -17.85000000000043840, -3.000000000000000000, 37.61437003770391385 ) ) ;
#929 = VECTOR ( 'NONE', #3564, 1000.000000000000000 ) ;
#930 = CARTESIAN_POINT ( 'NONE',  ( -17.85000000000043485, 2.788580806240203991, 37.14524230113610770 ) ) ;
#931 = CARTESIAN_POINT ( 'NONE',  ( -10.50000000000000000, -5.857218976068036743E-15, 0.000000000000000000 ) ) ;
#932 = CARTESIAN_POINT ( 'NONE',  ( -34.16689775358543102, -0.9311717615353543032, -29.18310224641456330 ) ) ;
#933 = VERTEX_POINT ( 'NONE', #4591 ) ;
#934 = EDGE_CURVE ( 'NONE', #3999, #946, #317, .T. ) ;
#935 = DIRECTION ( 'NONE',  ( -0.000000000000000000, -1.000000000000000000, -0.000000000000000000 ) ) ;
#936 = DIRECTION ( 'NONE',  ( -0.000000000000000000, -1.000000000000000000, -0.000000000000000000 ) ) ;
#937 = EDGE_LOOP ( 'NONE', ( #51, #4850, #1300, #1444 ) ) ;
#938 = AXIS2_PLACEMENT_3D ( 'NONE', #2538, #4747, #4025 ) ;
#939 = CARTESIAN_POINT ( 'NONE',  ( -25.16282172263366235, -3.999999999999931610, 27.39840146714685787 ) ) ;
#940 = VECTOR ( 'NONE', #3838, 1000.000000000000114 ) ;
#941 = EDGE_CURVE ( 'NONE', #151, #1876, #1877, .T. ) ;
#942 = CYLINDRICAL_SURFACE ( 'NONE', #2872, 1.600000000000000755 ) ;
#943 = ORIENTED_EDGE ( 'NONE', *, *, #1528, .T. ) ;
#944 = AXIS2_PLACEMENT_3D ( 'NONE', #3583, #3208, #3255 ) ;
#945 = AXIS2_PLACEMENT_3D ( 'NONE', #4651, #1665, #3168 ) ;
#946 = VERTEX_POINT ( 'NONE', #3561 ) ;
#947 = ORIENTED_EDGE ( 'NONE', *, *, #4710, .T. ) ;
#948 = DIRECTION ( 'NONE',  ( -0.000000000000000000, -1.000000000000000000, -0.000000000000000000 ) ) ;
#949 = VERTEX_POINT ( 'NONE', #552 ) ;
#950 = ADVANCED_FACE ( 'NONE', ( #1679 ), #4687, .F. ) ;
#951 = LINE ( 'NONE', #523, #4030 ) ;
#952 = LINE ( 'NONE', #2861, #2453 ) ;
#953 = VECTOR ( 'NONE', #2438, 999.9999999999998863 ) ;
#954 = CIRCLE ( 'NONE', #3520, 1.600000000000000755 ) ;
#955 = CONICAL_SURFACE ( 'NONE', #796, 45.00000000000000000, 0.7853981633974501664 ) ;
#956 = ORIENTED_EDGE ( 'NONE', *, *, #3575, .F. ) ;
#957 = FACE_OUTER_BOUND ( 'NONE', #2683, .T. ) ;
#958 = ORIENTED_EDGE ( 'NONE', *, *, #74, .F. ) ;
#959 = DIRECTION ( 'NONE',  ( 1.000000000000000000, 0.000000000000000000, 0.000000000000000000 ) ) ;
#960 = CIRCLE ( 'NONE', #563, 1.549999999999995381 ) ;
#961 = DIRECTION ( 'NONE',  ( -0.000000000000000000, 1.000000000000000000, -0.000000000000000000 ) ) ;
#962 = DIRECTION ( 'NONE',  ( 0.000000000000000000, 0.000000000000000000, 1.000000000000000000 ) ) ;
#963 = EDGE_CURVE ( 'NONE', #273, #1408, #898, .T. ) ;
#964 = ORIENTED_EDGE ( 'NONE', *, *, #3268, .T. ) ;
#965 = EDGE_CURVE ( 'NONE', #1373, #113, #1244, .T. ) ;
#966 = LINE ( 'NONE', #2520, #1157 ) ;
#967 = DIRECTION ( 'NONE',  ( 0.8660254037844389297, 0.000000000000000000, 0.4999999999999995559 ) ) ;
#968 = DIRECTION ( 'NONE',  ( -0.000000000000000000, 1.000000000000000000, 0.000000000000000000 ) ) ;
#969 = CARTESIAN_POINT ( 'NONE',  ( 17.84999999999964970, 2.576950243649282157, 37.37989642079791963 ) ) ;
#970 = EDGE_CURVE ( 'NONE', #1249, #2732, #2433, .T. ) ;
#971 = ORIENTED_EDGE ( 'NONE', *, *, #4960, .F. ) ;
#972 = ORIENTED_EDGE ( 'NONE', *, *, #2501, .F. ) ;
#973 = CARTESIAN_POINT ( 'NONE',  ( 20.75000000000018474, -0.4315578539998012886, -39.28868581835394025 ) ) ;
#974 = ORIENTED_EDGE ( 'NONE', *, *, #2014, .F. ) ;
#975 = CARTESIAN_POINT ( 'NONE',  ( -25.99999999999999645, -1.734723475976807883E-15, 27.49999999999999645 ) ) ;
#976 = DIRECTION ( 'NONE',  ( -0.000000000000000000, -1.000000000000000000, -0.000000000000000000 ) ) ;
#977 = VECTOR ( 'NONE', #1544, 1000.000000000000000 ) ;
#978 = ADVANCED_FACE ( 'NONE', ( #874 ), #2382, .F. ) ;
#980 = ORIENTED_EDGE ( 'NONE', *, *, #2669, .T. ) ;
#979 = VECTOR ( 'NONE', #666, 1000.000000000000000 ) ;
#981 = DIRECTION ( 'NONE',  ( 0.000000000000000000, 0.000000000000000000, -1.000000000000000000 ) ) ;
#982 = VERTEX_POINT ( 'NONE', #1603 ) ;
#983 = VECTOR ( 'NONE', #3655, 1000.000000000000000 ) ;
#984 = DIRECTION ( 'NONE',  ( 0.000000000000000000, 0.000000000000000000, -1.000000000000000000 ) ) ;
#985 = AXIS2_PLACEMENT_3D ( 'NONE', #3337, #1027, #2529 ) ;
#986 = CARTESIAN_POINT ( 'NONE',  ( -19.40766062413429438, -2.999999999999999112, -36.71505425705412051 ) ) ;
#987 = ORIENTED_EDGE ( 'NONE', *, *, #941, .T. ) ;
#988 = AXIS2_PLACEMENT_3D ( 'NONE', #925, #1423, #1823 ) ;
#989 = DIRECTION ( 'NONE',  ( -1.000000000000000000, 0.000000000000000000, -1.104671909502030600E-14 ) ) ;
#990 = DIRECTION ( 'NONE',  ( -0.000000000000000000, -1.000000000000000000, -0.000000000000000000 ) ) ;
#991 = VERTEX_POINT ( 'NONE', #3181 ) ;
#992 = ORIENTED_EDGE ( 'NONE', *, *, #1930, .F. ) ;
#993 = DIRECTION ( 'NONE',  ( 0.000000000000000000, 0.000000000000000000, -1.000000000000000000 ) ) ;
#994 = DIRECTION ( 'NONE',  ( -0.000000000000000000, -1.000000000000000000, -0.000000000000000000 ) ) ;
#995 = DIRECTION ( 'NONE',  ( -1.000000000000000000, 0.000000000000000000, -0.000000000000000000 ) ) ;
#996 = DIRECTION ( 'NONE',  ( -0.4999999999999980016, 0.000000000000000000, -0.8660254037844398178 ) ) ;
#997 = ORIENTED_EDGE ( 'NONE', *, *, #2052, .T. ) ;
#998 = ORIENTED_EDGE ( 'NONE', *, *, #1551, .F. ) ;
#999 = LINE ( 'NONE', #296, #1678 ) ;
#1000 = ORIENTED_EDGE ( 'NONE', *, *, #3774, .T. ) ;
#1001 = CARTESIAN_POINT ( 'NONE',  ( -34.49999999999999289, -16.00610012852901676, -28.85000000000000142 ) ) ;
#1002 = DIRECTION ( 'NONE',  ( 1.000000000000000000, 0.000000000000000000, 1.071365218763275746E-14 ) ) ;
#1003 = EDGE_CURVE ( 'NONE', #1457, #3565, #3116, .T. ) ;
#1004 = AXIS2_PLACEMENT_3D ( 'NONE', #1158, #1072, #1488 ) ;
#1005 = ORIENTED_EDGE ( 'NONE', *, *, #4906, .F. ) ;
#1006 = CARTESIAN_POINT ( 'NONE',  ( 26.00000000000001066, -1.734723475976807883E-15, -23.99999999999999645 ) ) ;
#1007 = EDGE_LOOP ( 'NONE', ( #581, #2468, #4111, #396 ) ) ;
#1008 = CARTESIAN_POINT ( 'NONE',  ( 23.24372371516601277, 2.788580543601039352, -34.03117475398983061 ) ) ;
#1009 = VECTOR ( 'NONE', #3394, 1000.000000000000114 ) ;
#1010 = EDGE_CURVE ( 'NONE', #3691, #1321, #498, .T. ) ;
#1011 = DIRECTION ( 'NONE',  ( -0.000000000000000000, -1.000000000000000000, -0.000000000000000000 ) ) ;
#1012 = VECTOR ( 'NONE', #3448, 1000.000000000000114 ) ;
#1013 = DIRECTION ( 'NONE',  ( 1.247929502325495278E-16, 0.000000000000000000, -1.000000000000000000 ) ) ;
#1014 = CYLINDRICAL_SURFACE ( 'NONE', #3922, 1.600000000000000755 ) ;
#1015 = CARTESIAN_POINT ( 'NONE',  ( 8.300000000000006040, 2.999999999999999112, -11.34999999999999787 ) ) ;
#1016 = VERTEX_POINT ( 'NONE', #3212 ) ;
#1017 = CARTESIAN_POINT ( 'NONE',  ( 26.00000000000001066, -1.734723475976807883E-15, -23.99999999999999645 ) ) ;
#1018 = CARTESIAN_POINT ( 'NONE',  ( -25.99999999999999645, 3.000000000000000000, 23.99999999999999645 ) ) ;
#1019 = LINE ( 'NONE', #3734, #339 ) ;
#1020 = CARTESIAN_POINT ( 'NONE',  ( 17.85000000000016840, -3.000000000000000000, -34.26573847640420212 ) ) ;
#1021 = AXIS2_PLACEMENT_3D ( 'NONE', #3139, #3526, #1986 ) ;
#1022 = VERTEX_POINT ( 'NONE', #3586 ) ;
#1023 = EDGE_CURVE ( 'NONE', #2036, #3987, #76, .T. ) ;
#1024 = ORIENTED_EDGE ( 'NONE', *, *, #1337, .F. ) ;
#1025 = DIRECTION ( 'NONE',  ( 0.8660254037844432595, 0.000000000000000000, -0.4999999999999920064 ) ) ;
#1026 = ORIENTED_EDGE ( 'NONE', *, *, #4132, .F. ) ;
#1027 = DIRECTION ( 'NONE',  ( 0.000000000000000000, 1.000000000000000000, 0.000000000000000000 ) ) ;
#1028 = PLANE ( 'NONE',  #693 ) ;
#1029 = VECTOR ( 'NONE', #961, 1000.000000000000000 ) ;
#1030 = AXIS2_PLACEMENT_3D ( 'NONE', #726, #545, #169 ) ;
#1031 = ORIENTED_EDGE ( 'NONE', *, *, #2327, .T. ) ;
#1032 = EDGE_CURVE ( 'NONE', #2776, #4390, #478, .T. ) ;
#1033 = AXIS2_PLACEMENT_3D ( 'NONE', #1861, #3850, #1884 ) ;
#1034 = AXIS2_PLACEMENT_3D ( 'NONE', #1919, #3758, #2226 ) ;
#1035 = LINE ( 'NONE', #3291, #473 ) ;
#1036 = ORIENTED_EDGE ( 'NONE', *, *, #2210, .F. ) ;
#1037 = CARTESIAN_POINT ( 'NONE',  ( 20.75000000000041567, -2.999999999999999112, 35.94005425705395851 ) ) ;
#1038 = EDGE_CURVE ( 'NONE', #1241, #4351, #3155, .T. ) ;
#1039 = LINE ( 'NONE', #2590, #3913 ) ;
#1040 = CIRCLE ( 'NONE', #2322, 1.600000000000000755 ) ;
#1041 = AXIS2_PLACEMENT_3D ( 'NONE', #4454, #639, #4827 ) ;
#1042 = ADVANCED_FACE ( 'NONE', ( #3236 ), #1299, .F. ) ;
#1043 = VERTEX_POINT ( 'NONE', #1197 ) ;
#1044 = CARTESIAN_POINT ( 'NONE',  ( -19.78872433077464166, 0.5081212520958594547, -38.73369305196143131 ) ) ;
#1045 = DIRECTION ( 'NONE',  ( 0.000000000000000000, 0.000000000000000000, -1.000000000000000000 ) ) ;
#1046 = CIRCLE ( 'NONE', #3285, 2.000000000000000000 ) ;
#1047 = EDGE_CURVE ( 'NONE', #4140, #4632, #2754, .T. ) ;
#1048 = VERTEX_POINT ( 'NONE', #3512 ) ;
#1049 = DIRECTION ( 'NONE',  ( 0.000000000000000000, 0.000000000000000000, 1.000000000000000000 ) ) ;
#1050 = FACE_OUTER_BOUND ( 'NONE', #4885, .T. ) ;
#1051 = DIRECTION ( 'NONE',  ( -0.8660254037844363761, 0.000000000000000000, -0.5000000000000039968 ) ) ;
#1052 = ORIENTED_EDGE ( 'NONE', *, *, #4010, .T. ) ;
#1053 = ORIENTED_EDGE ( 'NONE', *, *, #696, .T. ) ;
#1054 = CARTESIAN_POINT ( 'NONE',  ( -25.99999999999999645, -1.734723475976807883E-15, 23.99999999999999645 ) ) ;
#1055 = ORIENTED_EDGE ( 'NONE', *, *, #811, .T. ) ;
#1056 = CARTESIAN_POINT ( 'NONE',  ( 8.462269199216015281, 3.000000000000000000, -9.199999999999999289 ) ) ;
#1057 = DIRECTION ( 'NONE',  ( -0.8660254037844389297, 0.000000000000000000, -0.4999999999999995559 ) ) ;
#1058 = ORIENTED_EDGE ( 'NONE', *, *, #184, .F. ) ;
#1059 = AXIS2_PLACEMENT_3D ( 'NONE', #4026, #3265, #4799 ) ;
#1060 = DIRECTION ( 'NONE',  ( 0.8660254037844408170, 0.000000000000000000, -0.4999999999999963363 ) ) ;
#1061 = ORIENTED_EDGE ( 'NONE', *, *, #2320, .F. ) ;
#1062 = LINE ( 'NONE', #2913, #1009 ) ;
#1063 = DIRECTION ( 'NONE',  ( -0.000000000000000000, -1.000000000000000000, -0.000000000000000000 ) ) ;
#1064 = EDGE_CURVE ( 'NONE', #3955, #4763, #4973, .T. ) ;
#1065 = AXIS2_PLACEMENT_3D ( 'NONE', #1188, #3808, #1519 ) ;
#1066 = VERTEX_POINT ( 'NONE', #4268 ) ;
#1067 = CARTESIAN_POINT ( 'NONE',  ( -20.90000000000000213, 0.000000000000000000, -17.42264973081037027 ) ) ;
#1068 = AXIS2_PLACEMENT_3D ( 'NONE', #79, #776, #3469 ) ;
#1069 = EDGE_CURVE ( 'NONE', #1838, #4297, #826, .T. ) ;
#1070 = AXIS2_PLACEMENT_3D ( 'NONE', #1001, #2191, #4842 ) ;
#1071 = VERTEX_POINT ( 'NONE', #446 ) ;
#1072 = DIRECTION ( 'NONE',  ( -0.000000000000000000, -1.000000000000000000, -0.000000000000000000 ) ) ;
#1073 = CARTESIAN_POINT ( 'NONE',  ( 44.39999999999999147, -0.3894956581382448824, -0.5581052602166367560 ) ) ;
#1074 = DIRECTION ( 'NONE',  ( -0.000000000000000000, -1.000000000000000000, -0.000000000000000000 ) ) ;
#1075 = VERTEX_POINT ( 'NONE', #474 ) ;
#1076 = ORIENTED_EDGE ( 'NONE', *, *, #2392, .T. ) ;
#1077 = CARTESIAN_POINT ( 'NONE',  ( -29.00000000000000355, 0.000000000000000000, 12.74611255037439861 ) ) ;
#1078 = ORIENTED_EDGE ( 'NONE', *, *, #883, .T. ) ;
#1079 = DIRECTION ( 'NONE',  ( -0.000000000000000000, 1.000000000000000000, -0.000000000000000000 ) ) ;
#1080 = DIRECTION ( 'NONE',  ( 0.000000000000000000, 0.000000000000000000, -1.000000000000000000 ) ) ;
#1081 = ORIENTED_EDGE ( 'NONE', *, *, #641, .F. ) ;
#1082 = DIRECTION ( 'NONE',  ( -0.000000000000000000, -1.000000000000000000, -0.000000000000000000 ) ) ;
#1083 = ORIENTED_EDGE ( 'NONE', *, *, #902, .F. ) ;
#1084 = CARTESIAN_POINT ( 'NONE',  ( 29.00000000000000355, 0.000000000000000000, 9.150000000000003908 ) ) ;
#1085 = DIRECTION ( 'NONE',  ( 1.000000000000000000, 0.000000000000000000, -0.000000000000000000 ) ) ;
#1086 = DIRECTION ( 'NONE',  ( -0.000000000000000000, -1.000000000000000000, -0.000000000000000000 ) ) ;
#1087 = CARTESIAN_POINT ( 'NONE',  ( -28.00000000000000711, 3.000000000000000000, 14.47816335794327358 ) ) ;
#1088 = CYLINDRICAL_SURFACE ( 'NONE', #3712, 1.549999999999995826 ) ;
#1089 = ADVANCED_FACE ( 'NONE', ( #77 ), #3129, .F. ) ;
#1090 = ORIENTED_EDGE ( 'NONE', *, *, #1944, .F. ) ;
#1091 = DIRECTION ( 'NONE',  ( -0.000000000000000000, -1.000000000000000000, -0.000000000000000000 ) ) ;
#1092 = AXIS2_PLACEMENT_3D ( 'NONE', #3895, #449, #3796 ) ;
#1093 = DIRECTION ( 'NONE',  ( 0.000000000000000000, 0.000000000000000000, -1.000000000000000000 ) ) ;
#1094 = CARTESIAN_POINT ( 'NONE',  ( 29.00000000000000355, 1.800000000000000044, 10.25000000000000355 ) ) ;
#1095 = ORIENTED_EDGE ( 'NONE', *, *, #2186, .T. ) ;
#1096 = EDGE_CURVE ( 'NONE', #1214, #271, #1726, .T. ) ;
#1097 = ORIENTED_EDGE ( 'NONE', *, *, #825, .T. ) ;
#1098 = DIRECTION ( 'NONE',  ( 0.8660254037844380415, 0.000000000000000000, 0.5000000000000011102 ) ) ;
#1099 = DIRECTION ( 'NONE',  ( -0.000000000000000000, -1.000000000000000000, -0.000000000000000000 ) ) ;
#1100 = VERTEX_POINT ( 'NONE', #1372 ) ;
#1101 = EDGE_CURVE ( 'NONE', #140, #806, #4440, .T. ) ;
#1102 = DIRECTION ( 'NONE',  ( -0.000000000000000000, -1.000000000000000000, -0.000000000000000000 ) ) ;
#1103 = ORIENTED_EDGE ( 'NONE', *, *, #4317, .F. ) ;
#1104 = CARTESIAN_POINT ( 'NONE',  ( 0.000000000000000000, -0.9999999999999756861, 0.000000000000000000 ) ) ;
#1105 = AXIS2_PLACEMENT_3D ( 'NONE', #282, #1085, #2245 ) ;
#1106 = AXIS2_PLACEMENT_3D ( 'NONE', #1649, #4342, #3205 ) ;
#1107 = DIRECTION ( 'NONE',  ( -0.000000000000000000, -1.000000000000000000, -0.000000000000000000 ) ) ;
#1108 = AXIS2_PLACEMENT_3D ( 'NONE', #3253, #4858, #4087 ) ;
#1109 = ORIENTED_EDGE ( 'NONE', *, *, #3466, .T. ) ;
#1110 = CARTESIAN_POINT ( 'NONE',  ( 29.32067667992225779, -7.999999999999976019, -22.89405859675091293 ) ) ;
#1111 = CIRCLE ( 'NONE', #633, 2.000000000000000000 ) ;
#1112 = FACE_OUTER_BOUND ( 'NONE', #2135, .T. ) ;
#1113 = AXIS2_PLACEMENT_3D ( 'NONE', #3317, #2561, #230 ) ;
#1114 = ORIENTED_EDGE ( 'NONE', *, *, #2528, .F. ) ;
#1115 = FACE_OUTER_BOUND ( 'NONE', #1576, .T. ) ;
#1116 = CARTESIAN_POINT ( 'NONE',  ( 26.00000000000001066, 1.900000000000001243, -22.39999999999999503 ) ) ;
#1117 = DIRECTION ( 'NONE',  ( 0.000000000000000000, 0.000000000000000000, -1.000000000000000000 ) ) ;
#1118 = VECTOR ( 'NONE', #521, 1000.000000000000000 ) ;
#1119 = EDGE_CURVE ( 'NONE', #2243, #3661, #3689, .T. ) ;
#1120 = EDGE_CURVE ( 'NONE', #3587, #4767, #1324, .T. ) ;
#1121 = VERTEX_POINT ( 'NONE', #2907 ) ;
#1122 = EDGE_CURVE ( 'NONE', #3502, #3941, #2189, .T. ) ;
#1123 = ORIENTED_EDGE ( 'NONE', *, *, #1945, .T. ) ;
#1124 = CARTESIAN_POINT ( 'NONE',  ( 8.300000000000006040, 1.800000000000000044, 10.25000000000000355 ) ) ;
#1125 = DIRECTION ( 'NONE',  ( 0.000000000000000000, 1.000000000000000000, 0.000000000000000000 ) ) ;
#1126 = CARTESIAN_POINT ( 'NONE',  ( 26.00000000000000355, -1.734723475976807883E-15, 24.00000000000000711 ) ) ;
#1127 = EDGE_CURVE ( 'NONE', #1465, #273, #999, .T. ) ;
#1128 = EDGE_LOOP ( 'NONE', ( #3886, #2551, #447, #3663 ) ) ;
#1129 = CARTESIAN_POINT ( 'NONE',  ( -33.50000000000000000, -16.00610012852901676, 29.85000000000000142 ) ) ;
#1130 = EDGE_LOOP ( 'NONE', ( #4695, #1558, #469, #3085 ) ) ;
#1131 = DIRECTION ( 'NONE',  ( -0.000000000000000000, 1.000000000000000000, -0.000000000000000000 ) ) ;
#1132 = DIRECTION ( 'NONE',  ( -0.000000000000000000, -1.000000000000000000, -0.000000000000000000 ) ) ;
#1133 = CARTESIAN_POINT ( 'NONE',  ( -17.84999999999992326, -3.000000000000000000, -34.26573847640432291 ) ) ;
#1134 = CARTESIAN_POINT ( 'NONE',  ( -16.80000000000000426, 3.000000000000000000, 12.74611255037440216 ) ) ;
#1135 = DIRECTION ( 'NONE',  ( -0.000000000000000000, -1.000000000000000000, -0.000000000000000000 ) ) ;
#1136 = CARTESIAN_POINT ( 'NONE',  ( -23.64999999999990621, -3.000000000000000000, -37.61437003770417675 ) ) ;
#1137 = AXIS2_PLACEMENT_3D ( 'NONE', #838, #1290, #2020 ) ;
#1138 = CARTESIAN_POINT ( 'NONE',  ( 29.00000000000000355, 0.000000000000000000, 10.25000000000000355 ) ) ;
#1139 = CARTESIAN_POINT ( 'NONE',  ( 0.000000000000000000, -3.245314017740484187E-15, 0.000000000000000000 ) ) ;
#1140 = FACE_BOUND ( 'NONE', #2363, .T. ) ;
#1141 = UNCERTAINTY_MEASURE_WITH_UNIT (LENGTH_MEASURE( 1.000000000000000082E-05 ), #1811, 'distance_accuracy_value', 'NONE');
#1142 = ORIENTED_EDGE ( 'NONE', *, *, #970, .F. ) ;
#1143 = ORIENTED_EDGE ( 'NONE', *, *, #1370, .T. ) ;
#1144 = CARTESIAN_POINT ( 'NONE',  ( 8.300000000000006040, 1.800000000000000044, -11.34999999999999787 ) ) ;
#1145 = DIRECTION ( 'NONE',  ( 0.000000000000000000, 1.000000000000000000, 0.000000000000000000 ) ) ;
#1146 = DIRECTION ( 'NONE',  ( -0.000000000000000000, -1.000000000000000000, -0.000000000000000000 ) ) ;
#1147 = LINE ( 'NONE', #4215, #4004 ) ;
#1148 = EDGE_LOOP ( 'NONE', ( #1396, #1833 ) ) ;
#1149 = EDGE_CURVE ( 'NONE', #4118, #3506, #4449, .T. ) ;
#1150 = LINE ( 'NONE', #1554, #1377 ) ;
#1151 = DIRECTION ( 'NONE',  ( 0.000000000000000000, 0.000000000000000000, -1.000000000000000000 ) ) ;
#1152 = ORIENTED_EDGE ( 'NONE', *, *, #3186, .T. ) ;
#1153 = B_SPLINE_CURVE_WITH_KNOTS ( 'NONE', 3,
 ( #2510, #4870, #4821, #302 ),
 .UNSPECIFIED., .F., .F.,
 ( 4, 4 ),
 ( 3.112291896705025307E-07, 0.0009482829632339652990 ),
 .UNSPECIFIED. ) ;
#1154 = CARTESIAN_POINT ( 'NONE',  ( 38.59999999999999432, -3.000000000000000000, -1.674315780649907826 ) ) ;
#1155 = EDGE_CURVE ( 'NONE', #4630, #1553, #2644, .T. ) ;
#1156 = FACE_OUTER_BOUND ( 'NONE', #4384, .T. ) ;
#1157 = VECTOR ( 'NONE', #4410, 1000.000000000000000 ) ;
#1158 = CARTESIAN_POINT ( 'NONE',  ( 8.300000000000006040, 0.000000000000000000, 10.25000000000000355 ) ) ;
#1159 = VERTEX_POINT ( 'NONE', #4840 ) ;
#1160 = CARTESIAN_POINT ( 'NONE',  ( -25.99999999999999645, -1.734723475976807883E-15, 23.99999999999999645 ) ) ;
#1161 = CIRCLE ( 'NONE', #3421, 1.549999999999995826 ) ;
#1162 = CARTESIAN_POINT ( 'NONE',  ( 0.000000000000000000, 3.000000000000000000, 0.000000000000000000 ) ) ;
#1163 = ORIENTED_EDGE ( 'NONE', *, *, #4861, .T. ) ;
#1164 = VECTOR ( 'NONE', #4769, 1000.000000000000000 ) ;
#1165 = ORIENTED_EDGE ( 'NONE', *, *, #1064, .F. ) ;
#1166 = DIRECTION ( 'NONE',  ( 0.000000000000000000, 0.000000000000000000, 1.000000000000000000 ) ) ;
#1167 = DIRECTION ( 'NONE',  ( 0.000000000000000000, 0.000000000000000000, -1.000000000000000000 ) ) ;
#1168 = DIRECTION ( 'NONE',  ( -3.663735981263015795E-15, 0.000000000000000000, 1.000000000000000000 ) ) ;
#1169 = CARTESIAN_POINT ( 'NONE',  ( -20.75000000000037303, 3.000000000000000000, 32.59142269575413309 ) ) ;
#1170 = ORIENTED_EDGE ( 'NONE', *, *, #2693, .F. ) ;
#1171 = DIRECTION ( 'NONE',  ( 0.000000000000000000, 0.000000000000000000, -1.000000000000000000 ) ) ;
#1172 = CARTESIAN_POINT ( 'NONE',  ( -23.64999999999990621, -3.000000000000000000, -37.61437003770417675 ) ) ;
#1173 = ADVANCED_FACE ( 'NONE', ( #4062 ), #3453, .F. ) ;
#1174 = EDGE_LOOP ( 'NONE', ( #4675, #2403 ) ) ;
#1175 = AXIS2_PLACEMENT_3D ( 'NONE', #4697, #4647, #1253 ) ;
#1176 = ORIENTED_EDGE ( 'NONE', *, *, #2992, .F. ) ;
#1177 = EDGE_CURVE ( 'NONE', #3591, #3385, #960, .T. ) ;
#1178 = LINE ( 'NONE', #3009, #1589 ) ;
#1179 = DIRECTION ( 'NONE',  ( 0.000000000000000000, -0.000000000000000000, 1.000000000000000000 ) ) ;
#1180 = CIRCLE ( 'NONE', #2314, 3.499999999999999556 ) ;
#1181 = VECTOR ( 'NONE', #391, 1000.000000000000000 ) ;
#1182 = EDGE_CURVE ( 'NONE', #724, #4654, #1599, .T. ) ;
#1183 = AXIS2_PLACEMENT_3D ( 'NONE', #3543, #4772, #3594 ) ;
#1184 = DIRECTION ( 'NONE',  ( -0.000000000000000000, -1.000000000000000000, -0.000000000000000000 ) ) ;
#1185 = VECTOR ( 'NONE', #3628, 1000.000000000000000 ) ;
#1186 = VERTEX_POINT ( 'NONE', #4765 ) ;
#1187 = FACE_OUTER_BOUND ( 'NONE', #518, .T. ) ;
#1188 = CARTESIAN_POINT ( 'NONE',  ( -25.99999999999999645, 1.900000000000001243, 23.99999999999999645 ) ) ;
#1189 = EDGE_CURVE ( 'NONE', #1297, #3292, #3528, .T. ) ;
#1190 = AXIS2_PLACEMENT_3D ( 'NONE', #4846, #279, #4900 ) ;
#1191 = VERTEX_POINT ( 'NONE', #2484 ) ;
#1192 = ORIENTED_EDGE ( 'NONE', *, *, #3799, .F. ) ;
#1193 = CARTESIAN_POINT ( 'NONE',  ( 0.000000000000000000, 3.000000000000000000, 0.000000000000000000 ) ) ;
#1194 = LINE ( 'NONE', #422, #2545 ) ;
#1195 = AXIS2_PLACEMENT_3D ( 'NONE', #2375, #4341, #3483 ) ;
#1196 = PLANE ( 'NONE',  #1615 ) ;
#1197 = CARTESIAN_POINT ( 'NONE',  ( 26.00000000000000355, -1.734723475976807883E-15, 27.50000000000000711 ) ) ;
#1198 = ORIENTED_EDGE ( 'NONE', *, *, #3885, .T. ) ;
#1199 = LINE ( 'NONE', #2730, #3138 ) ;
#1200 = CARTESIAN_POINT ( 'NONE',  ( 3.898073331655187996E-15, -1.734723475976807883E-15, -20.50000000000000355 ) ) ;
#1201 = ORIENTED_EDGE ( 'NONE', *, *, #1852, .F. ) ;
#1202 = ORIENTED_EDGE ( 'NONE', *, *, #825, .F. ) ;
#1203 = CARTESIAN_POINT ( 'NONE',  ( 41.49999999999999289, -15.99999999999994138, -1.549999999999995826 ) ) ;
#1204 = ADVANCED_FACE ( 'NONE', ( #3690 ), #4017, .F. ) ;
#1205 = DIRECTION ( 'NONE',  ( -0.000000000000000000, -1.000000000000000000, 0.000000000000000000 ) ) ;
#1206 = LINE ( 'NONE', #2441, #142 ) ;
#1207 = CARTESIAN_POINT ( 'NONE',  ( -17.84999999999991616, 2.365118790450086106, -37.61437003770416254 ) ) ;
#1208 = EDGE_LOOP ( 'NONE', ( #2769, #3403, #2573, #2454, #1257, #187, #997, #3046, #2374, #2993, #3834, #619, #674 ) ) ;
#1209 = ADVANCED_FACE ( 'NONE', ( #2552 ), #4094, .F. ) ;
#1210 = CARTESIAN_POINT ( 'NONE',  ( -34.69400665275601625, 2.427353088373455758, -22.90800162197551160 ) ) ;
#1211 = FACE_OUTER_BOUND ( 'NONE', #2856, .T. ) ;
#1212 = AXIS2_PLACEMENT_3D ( 'NONE', #2227, #2972, #2902 ) ;
#1213 = ORIENTED_EDGE ( 'NONE', *, *, #1306, .F. ) ;
#1214 = VERTEX_POINT ( 'NONE', #274 ) ;
#1215 = FACE_OUTER_BOUND ( 'NONE', #1774, .T. ) ;
#1216 = ADVANCED_FACE ( 'NONE', ( #1799 ), #4864, .F. ) ;
#1217 = DIRECTION ( 'NONE',  ( 0.000000000000000000, 0.000000000000000000, 1.000000000000000000 ) ) ;
#1218 = AXIS2_PLACEMENT_3D ( 'NONE', #554, #128, #1655 ) ;
#1219 = CARTESIAN_POINT ( 'NONE',  ( 29.32067667992225779, -3.245314017740484187E-15, -22.89405859675087740 ) ) ;
#1220 = DIRECTION ( 'NONE',  ( 0.000000000000000000, 0.000000000000000000, 1.000000000000000000 ) ) ;
#1221 = EDGE_LOOP ( 'NONE', ( #414, #2069, #980, #539, #4202 ) ) ;
#1222 = DIRECTION ( 'NONE',  ( -0.000000000000000000, -1.000000000000000000, -0.000000000000000000 ) ) ;
#1223 = DIRECTION ( 'NONE',  ( 0.000000000000000000, 1.000000000000000000, -0.000000000000000000 ) ) ;
#1224 = ORIENTED_EDGE ( 'NONE', *, *, #1069, .T. ) ;
#1225 = ORIENTED_EDGE ( 'NONE', *, *, #4221, .F. ) ;
#1226 = LINE ( 'NONE', #527, #3109 ) ;
#1227 = DIRECTION ( 'NONE',  ( 0.000000000000000000, 0.000000000000000000, -1.000000000000000000 ) ) ;
#1228 = LINE ( 'NONE', #506, #3831 ) ;
#1229 = DIRECTION ( 'NONE',  ( -0.000000000000000000, -1.000000000000000000, -0.000000000000000000 ) ) ;
#1230 = CARTESIAN_POINT ( 'NONE',  ( 17.85000000000016840, -3.000000000000000000, -34.26573847640420212 ) ) ;
#1231 = ORIENTED_EDGE ( 'NONE', *, *, #2899, .F. ) ;
#1232 = CARTESIAN_POINT ( 'NONE',  ( 0.000000000000000000, 3.000000000000000000, -10.50000000000000178 ) ) ;
#1233 = DIRECTION ( 'NONE',  ( -0.000000000000000000, -1.000000000000000000, -0.000000000000000000 ) ) ;
#1234 = VECTOR ( 'NONE', #288, 1000.000000000000114 ) ;
#1235 = ADVANCED_FACE ( 'NONE', ( #1420 ), #2952, .F. ) ;
#1236 = ORIENTED_EDGE ( 'NONE', *, *, #1792, .F. ) ;
#1237 = VERTEX_POINT ( 'NONE', #4518 ) ;
#1238 = CYLINDRICAL_SURFACE ( 'NONE', #1195, 2.000000000000000000 ) ;
#1239 = CIRCLE ( 'NONE', #2051, 1.549999999999995826 ) ;
#1240 = DIRECTION ( 'NONE',  ( 0.000000000000000000, 0.000000000000000000, -1.000000000000000000 ) ) ;
#1241 = VERTEX_POINT ( 'NONE', #325 ) ;
#1242 = EDGE_CURVE ( 'NONE', #1214, #2859, #3073, .T. ) ;
#1243 = ORIENTED_EDGE ( 'NONE', *, *, #117, .T. ) ;
#1244 = LINE ( 'NONE', #150, #1915 ) ;
#1245 = EDGE_LOOP ( 'NONE', ( #4292, #1935, #921, #2404 ) ) ;
#1246 = CARTESIAN_POINT ( 'NONE',  ( -42.47248688315251286, 1.440940235700778560, 2.787165997528338934 ) ) ;
#1247 = CARTESIAN_POINT ( 'NONE',  ( 8.462269199216015281, -5.857218976068036743E-15, 7.200000000000000178 ) ) ;
#1248 = EDGE_CURVE ( 'NONE', #2859, #3519, #4093, .T. ) ;
#1249 = VERTEX_POINT ( 'NONE', #699 ) ;
#1250 = CARTESIAN_POINT ( 'NONE',  ( 0.000000000000000000, -3.999999999999931610, 0.000000000000000000 ) ) ;
#1251 = ORIENTED_EDGE ( 'NONE', *, *, #678, .F. ) ;
#1252 = LINE ( 'NONE', #3948, #2941 ) ;
#1253 = DIRECTION ( 'NONE',  ( 0.000000000000000000, 0.000000000000000000, -1.000000000000000000 ) ) ;
#1254 = AXIS2_PLACEMENT_3D ( 'NONE', #4952, #1479, #4572 ) ;
#1255 = CARTESIAN_POINT ( 'NONE',  ( 23.24372371516555091, 2.788580543601036243, 34.03117475399015035 ) ) ;
#1256 = DIRECTION ( 'NONE',  ( -0.000000000000000000, 1.000000000000000000, -0.000000000000000000 ) ) ;
#1257 = ORIENTED_EDGE ( 'NONE', *, *, #1096, .T. ) ;
#1258 = CARTESIAN_POINT ( 'NONE',  ( 44.39999999999999147, -3.000000000000000000, -1.674315780649913599 ) ) ;
#1259 = AXIS2_PLACEMENT_3D ( 'NONE', #607, #1760, #4424 ) ;
#1260 = CIRCLE ( 'NONE', #385, 3.499999999999999556 ) ;
#1261 = CARTESIAN_POINT ( 'NONE',  ( -22.90000000000000213, 3.000000000000000000, -17.42264973081037382 ) ) ;
#1262 = CIRCLE ( 'NONE', #3592, 45.00000000000000000 ) ;
#1263 = AXIS2_PLACEMENT_3D ( 'NONE', #4604, #4578, #720 ) ;
#1264 = ORIENTED_EDGE ( 'NONE', *, *, #635, .F. ) ;
#1265 = FACE_OUTER_BOUND ( 'NONE', #4091, .T. ) ;
#1266 = FACE_OUTER_BOUND ( 'NONE', #3762, .T. ) ;
#1267 = FACE_OUTER_BOUND ( 'NONE', #2093, .T. ) ;
#1268 = ORIENTED_EDGE ( 'NONE', *, *, #3560, .T. ) ;
#1269 = EDGE_CURVE ( 'NONE', #2004, #2485, #611, .T. ) ;
#1270 = AXIS2_PLACEMENT_3D ( 'NONE', #1839, #2222, #4880 ) ;
#1271 = AXIS2_PLACEMENT_3D ( 'NONE', #3778, #4575, #4506 ) ;
#1272 = EDGE_CURVE ( 'NONE', #2581, #3694, #722, .T. ) ;
#1273 = AXIS2_PLACEMENT_3D ( 'NONE', #1975, #1653, #4319 ) ;
#1274 = DIRECTION ( 'NONE',  ( -0.000000000000000000, -1.000000000000000000, -0.000000000000000000 ) ) ;
#1275 = ORIENTED_EDGE ( 'NONE', *, *, #1490, .F. ) ;
#1276 = CARTESIAN_POINT ( 'NONE',  ( 8.300000000000006040, 2.999999999999999112, -10.24999999999999645 ) ) ;
#1277 = PLANE ( 'NONE',  #4857 ) ;
#1278 = EDGE_CURVE ( 'NONE', #4524, #3290, #1046, .T. ) ;
#1279 = AXIS2_PLACEMENT_3D ( 'NONE', #3335, #948, #3286 ) ;
#1280 = VERTEX_POINT ( 'NONE', #3785 ) ;
#1281 = DIRECTION ( 'NONE',  ( 0.000000000000000000, 0.000000000000000000, -1.000000000000000000 ) ) ;
#1282 = ORIENTED_EDGE ( 'NONE', *, *, #4015, .F. ) ;
#1283 = EDGE_CURVE ( 'NONE', #2341, #3308, #4562, .T. ) ;
#1284 = DIRECTION ( 'NONE',  ( 7.930164461608253340E-15, 0.000000000000000000, 1.000000000000000000 ) ) ;
#1285 = FACE_OUTER_BOUND ( 'NONE', #439, .T. ) ;
#1286 = CARTESIAN_POINT ( 'NONE',  ( -25.99999999999999645, 1.900000000000001243, 22.39999999999999503 ) ) ;
#1287 = FACE_OUTER_BOUND ( 'NONE', #408, .T. ) ;
#1288 = ORIENTED_EDGE ( 'NONE', *, *, #887, .T. ) ;
#1289 = DIRECTION ( 'NONE',  ( -0.5000000000000008882, 0.000000000000000000, -0.8660254037844382635 ) ) ;
#1290 = DIRECTION ( 'NONE',  ( -0.4999999999999995004, 0.000000000000000000, 0.8660254037844389297 ) ) ;
#1291 = ORIENTED_EDGE ( 'NONE', *, *, #4325, .T. ) ;
#1292 = CYLINDRICAL_SURFACE ( 'NONE', #11, 3.499999999999999556 ) ;
#1293 = LINE ( 'NONE', #4367, #2787 ) ;
#1294 = DIRECTION ( 'NONE',  ( 0.000000000000000000, 0.000000000000000000, -1.000000000000000000 ) ) ;
#1295 = ORIENTED_EDGE ( 'NONE', *, *, #3021, .F. ) ;
#1296 = AXIS2_PLACEMENT_3D ( 'NONE', #4137, #3328, #2576 ) ;
#1297 = VERTEX_POINT ( 'NONE', #1144 ) ;
#1298 = AXIS2_PLACEMENT_3D ( 'NONE', #2359, #3870, #4978 ) ;
#1299 = CYLINDRICAL_SURFACE ( 'NONE', #1520, 3.500000000000003109 ) ;
#1300 = ORIENTED_EDGE ( 'NONE', *, *, #4867, .F. ) ;
#1301 = CARTESIAN_POINT ( 'NONE',  ( -10.50000000000000000, -5.857218976068036743E-15, 7.200000000000000178 ) ) ;
#1302 = CARTESIAN_POINT ( 'NONE',  ( -23.65000000000041425, 1.440952365522819578, 35.38865486550204054 ) ) ;
#1303 = ADVANCED_FACE ( 'NONE', ( #2700 ), #4213, .F. ) ;
#1304 = VECTOR ( 'NONE', #4096, 1000.000000000000114 ) ;
#1305 = ORIENTED_EDGE ( 'NONE', *, *, #4911, .F. ) ;
#1306 = EDGE_CURVE ( 'NONE', #1838, #4140, #801, .T. ) ;
#1307 = DIRECTION ( 'NONE',  ( -0.000000000000000000, -1.000000000000000000, -0.000000000000000000 ) ) ;
#1308 = ORIENTED_EDGE ( 'NONE', *, *, #2327, .F. ) ;
#1309 = LINE ( 'NONE', #185, #3510 ) ;
#1310 = DIRECTION ( 'NONE',  ( 0.8660254037844364872, 0.000000000000000000, -0.5000000000000037748 ) ) ;
#1311 = EDGE_CURVE ( 'NONE', #4522, #4245, #4248, .T. ) ;
#1312 = DIRECTION ( 'NONE',  ( -0.000000000000000000, 1.000000000000000000, 0.000000000000000000 ) ) ;
#1313 = CARTESIAN_POINT ( 'NONE',  ( 26.00000000000000355, 3.000000000000000000, 24.00000000000000711 ) ) ;
#1314 = VERTEX_POINT ( 'NONE', #1472 ) ;
#1315 = DIRECTION ( 'NONE',  ( -0.000000000000000000, -1.000000000000000000, -0.000000000000000000 ) ) ;
#1316 = EDGE_LOOP ( 'NONE', ( #2597, #567 ) ) ;
#1317 = LINE ( 'NONE', #613, #983 ) ;
#1318 = DIRECTION ( 'NONE',  ( -0.000000000000000000, -1.000000000000000000, -0.000000000000000000 ) ) ;
#1319 = CARTESIAN_POINT ( 'NONE',  ( 3.469446951953614189E-15, 3.000000000000000000, -25.60000000000000497 ) ) ;
#1320 = ORIENTED_EDGE ( 'NONE', *, *, #264, .T. ) ;
#1321 = VERTEX_POINT ( 'NONE', #1077 ) ;
#1322 = CONICAL_SURFACE ( 'NONE', #4136, 3.499999999999999556, 0.7853981633974472798 ) ;
#1323 = ORIENTED_EDGE ( 'NONE', *, *, #4383, .F. ) ;
#1324 = LINE ( 'NONE', #2924, #4807 ) ;
#1325 = ORIENTED_EDGE ( 'NONE', *, *, #4804, .F. ) ;
#1326 = CYLINDRICAL_SURFACE ( 'NONE', #1620, 1.549999999999995381 ) ;
#1327 = LINE ( 'NONE', #2006, #3007 ) ;
#1328 = ORIENTED_EDGE ( 'NONE', *, *, #1775, .T. ) ;
#1329 = CARTESIAN_POINT ( 'NONE',  ( 17.85000000000016840, 3.000000000000000000, -34.26573847640420212 ) ) ;
#1330 = AXIS2_PLACEMENT_3D ( 'NONE', #2339, #1555, #829 ) ;
#1331 = CARTESIAN_POINT ( 'NONE',  ( -29.93175530533861206, 1.748767574961118454, -29.85000000000000142 ) ) ;
#1332 = DIRECTION ( 'NONE',  ( 0.000000000000000000, -0.7071067811865483499, -0.7071067811865467956 ) ) ;
#1333 = EDGE_CURVE ( 'NONE', #933, #2211, #4490, .T. ) ;
#1334 = EDGE_CURVE ( 'NONE', #4632, #4044, #772, .T. ) ;
#1335 = DIRECTION ( 'NONE',  ( -0.000000000000000000, -1.000000000000000000, -0.000000000000000000 ) ) ;
#1336 = CARTESIAN_POINT ( 'NONE',  ( 0.000000000000000000, -5.999999999999928946, -39.20000000000000284 ) ) ;
#1337 = EDGE_CURVE ( 'NONE', #2485, #3013, #195, .T. ) ;
#1338 = ORIENTED_EDGE ( 'NONE', *, *, #963, .F. ) ;
#1339 = ORIENTED_EDGE ( 'NONE', *, *, #2048, .F. ) ;
#1340 = VECTOR ( 'NONE', #1635, 999.9999999999998863 ) ;
#1341 = FACE_OUTER_BOUND ( 'NONE', #3968, .T. ) ;
#1342 = CIRCLE ( 'NONE', #4959, 1.100000000000000311 ) ;
#1343 = CARTESIAN_POINT ( 'NONE',  ( 0.000000000000000000, 0.000000000000000000, -45.00000000000000000 ) ) ;
#1344 = CARTESIAN_POINT ( 'NONE',  ( 20.75000000000014921, -3.000000000000000000, -32.59142269575428230 ) ) ;
#1345 = EDGE_CURVE ( 'NONE', #2496, #346, #3837, .T. ) ;
#1346 = VECTOR ( 'NONE', #124, 1000.000000000000000 ) ;
#1347 = CONICAL_SURFACE ( 'NONE', #1034, 3.499999999999999556, 0.7853981633974476129 ) ;
#1348 = EDGE_LOOP ( 'NONE', ( #3251, #605, #2141, #3423, #849, #880, #2381, #3217, #1325, #194, #1165, #4516, #426, #827, #105, #3559, #4650, #3958, #2974, #4289, #4891, #2110 ) ) ;
#1349 = CARTESIAN_POINT ( 'NONE',  ( -20.75000000000037303, -3.000000000000000000, 32.59142269575413309 ) ) ;
#1350 = ORIENTED_EDGE ( 'NONE', *, *, #4282, .F. ) ;
#1351 = CARTESIAN_POINT ( 'NONE',  ( -43.43872433077471840, 0.5081212520958606760, 2.229308547042564648 ) ) ;
#1352 = CARTESIAN_POINT ( 'NONE',  ( -33.50000000000000000, 3.000000000000000000, 29.85000000000000142 ) ) ;
#1353 = CIRCLE ( 'NONE', #2316, 2.200000000000000622 ) ;
#1354 = CIRCLE ( 'NONE', #3016, 45.00000000000000000 ) ;
#1355 = VECTOR ( 'NONE', #3003, 1000.000000000000000 ) ;
#1356 = ORIENTED_EDGE ( 'NONE', *, *, #248, .F. ) ;
#1357 = DIRECTION ( 'NONE',  ( 0.000000000000000000, 0.000000000000000000, -1.000000000000000000 ) ) ;
#1358 = PLANE ( 'NONE',  #1505 ) ;
#1359 = AXIS2_PLACEMENT_3D ( 'NONE', #2677, #4190, #1524 ) ;
#1360 = CARTESIAN_POINT ( 'NONE',  ( 40.89034256034183556, 3.000000000000000000, -2.996645674399722736 ) ) ;
#1361 = FACE_OUTER_BOUND ( 'NONE', #4491, .T. ) ;
#1362 = CARTESIAN_POINT ( 'NONE',  ( 26.00000000000000355, -1.734723475976807883E-15, 24.00000000000000711 ) ) ;
#1363 = EDGE_CURVE ( 'NONE', #1732, #4787, #73, .T. ) ;
#1364 = VERTEX_POINT ( 'NONE', #1926 ) ;
#1365 = LINE ( 'NONE', #245, #3803 ) ;
#1366 = DIRECTION ( 'NONE',  ( -0.000000000000000000, -1.000000000000000000, -0.000000000000000000 ) ) ;
#1367 = DIRECTION ( 'NONE',  ( 0.8660254037844333785, 0.000000000000000000, -0.5000000000000091038 ) ) ;
#1368 = DIRECTION ( 'NONE',  ( -0.000000000000000000, -1.000000000000000000, -0.000000000000000000 ) ) ;
#1369 = ORIENTED_EDGE ( 'NONE', *, *, #443, .F. ) ;
#1370 = EDGE_CURVE ( 'NONE', #1955, #4503, #2181, .T. ) ;
#1371 = ORIENTED_EDGE ( 'NONE', *, *, #4777, .F. ) ;
#1372 = CARTESIAN_POINT ( 'NONE',  ( -17.84999999999992326, -3.000000000000000000, -34.26573847640432291 ) ) ;
#1373 = VERTEX_POINT ( 'NONE', #3362 ) ;
#1374 =( LENGTH_UNIT ( ) NAMED_UNIT ( * ) SI_UNIT ( .MILLI., .METRE. ) );
#1375 = DIRECTION ( 'NONE',  ( 0.000000000000000000, 0.000000000000000000, 1.000000000000000000 ) ) ;
#1376 = AXIS2_PLACEMENT_3D ( 'NONE', #1126, #2726, #4193 ) ;
#1378 = ORIENTED_EDGE ( 'NONE', *, *, #1010, .F. ) ;
#1377 = VECTOR ( 'NONE', #2384, 1000.000000000000000 ) ;
#1379 = DIRECTION ( 'NONE',  ( 0.000000000000000000, 0.000000000000000000, -1.000000000000000000 ) ) ;
#1380 = ORIENTED_EDGE ( 'NONE', *, *, #4588, .F. ) ;
#1381 = DIRECTION ( 'NONE',  ( 0.000000000000000000, 0.000000000000000000, -1.000000000000000000 ) ) ;
#1382 = B_SPLINE_CURVE_WITH_KNOTS ( 'NONE', 3,
 ( #3120, #3166, #790, #2325 ),
 .UNSPECIFIED., .F., .F.,
 ( 4, 4 ),
 ( 3.025759104205280753E-07, 0.004363183915913231188 ),
 .UNSPECIFIED. ) ;
#1383 = DIRECTION ( 'NONE',  ( 1.000000000000000000, -0.000000000000000000, 1.247929502325495278E-16 ) ) ;
#1384 = CARTESIAN_POINT ( 'NONE',  ( 0.000000000000000000, -8.469123934395588905E-15, 0.000000000000000000 ) ) ;
#1385 = CIRCLE ( 'NONE', #589, 1.549999999999995826 ) ;
#1386 = ORIENTED_EDGE ( 'NONE', *, *, #1127, .F. ) ;
#1387 = CYLINDRICAL_SURFACE ( 'NONE', #4852, 45.00000000000000000 ) ;
#1388 = CARTESIAN_POINT ( 'NONE',  ( 3.469446951953614189E-15, 0.000000000000000000, -24.00000000000000355 ) ) ;
#1389 = DIRECTION ( 'NONE',  ( 0.8660254037844328234, 0.000000000000000000, 0.5000000000000101030 ) ) ;
#1390 = CARTESIAN_POINT ( 'NONE',  ( 23.65000000000017621, -3.000000000000000000, -37.61437003770400622 ) ) ;
#1391 = EDGE_CURVE ( 'NONE', #1876, #1904, #4583, .T. ) ;
#1392 = ORIENTED_EDGE ( 'NONE', *, *, #1269, .T. ) ;
#1393 = ADVANCED_FACE ( 'NONE', ( #4656 ), #1238, .T. ) ;
#1394 = VERTEX_POINT ( 'NONE', #2405 ) ;
#1395 = CARTESIAN_POINT ( 'NONE',  ( 23.65000000000017621, -0.4315578539998012886, -37.61437003770400622 ) ) ;
#1396 = ORIENTED_EDGE ( 'NONE', *, *, #2770, .T. ) ;
#1397 = CARTESIAN_POINT ( 'NONE',  ( 0.000000000000000000, -3.000000000000000000, 0.000000000000000000 ) ) ;
#1398 = DIRECTION ( 'NONE',  ( 0.5000000000000038858, 0.000000000000000000, -0.8660254037844363761 ) ) ;
#1399 = EDGE_CURVE ( 'NONE', #1651, #204, #3206, .T. ) ;
#1400 = AXIS2_PLACEMENT_3D ( 'NONE', #2300, #3455, #3780 ) ;
#1401 = ORIENTED_EDGE ( 'NONE', *, *, #4975, .T. ) ;
#1402 = FACE_OUTER_BOUND ( 'NONE', #1221, .T. ) ;
#1403 = EDGE_LOOP ( 'NONE', ( #4430, #379, #3816, #1378 ) ) ;
#1404 = DIRECTION ( 'NONE',  ( 0.5000000000000006661, 0.000000000000000000, 0.8660254037844383745 ) ) ;
#1405 = AXIS2_PLACEMENT_3D ( 'NONE', #1663, #4649, #459 ) ;
#1406 = CARTESIAN_POINT ( 'NONE',  ( 0.000000000000000000, 0.000000000000000000, 0.000000000000000000 ) ) ;
#1407 = EDGE_CURVE ( 'NONE', #1494, #3891, #4007, .T. ) ;
#1408 = VERTEX_POINT ( 'NONE', #2773 ) ;
#1409 = CARTESIAN_POINT ( 'NONE',  ( 23.64999999999967883, 2.365118790450091435, 34.26573847640450055 ) ) ;
#1410 = CARTESIAN_POINT ( 'NONE',  ( 33.20000000000000284, -5.854691731421723944E-15, -5.200000000000000178 ) ) ;
#1411 = LINE ( 'NONE', #4485, #979 ) ;
#1412 = ORIENTED_EDGE ( 'NONE', *, *, #381, .T. ) ;
#1413 = LINE ( 'NONE', #4809, #125 ) ;
#1414 = FACE_OUTER_BOUND ( 'NONE', #4703, .T. ) ;
#1415 = CARTESIAN_POINT ( 'NONE',  ( 38.59999999999999432, 3.000000000000000000, 1.674315780649911600 ) ) ;
#1416 = DIRECTION ( 'NONE',  ( -0.000000000000000000, -1.000000000000000000, -0.000000000000000000 ) ) ;
#1417 = AXIS2_PLACEMENT_3D ( 'NONE', #1133, #2291, #2985 ) ;
#1418 = ORIENTED_EDGE ( 'NONE', *, *, #3885, .F. ) ;
#1419 = ORIENTED_EDGE ( 'NONE', *, *, #3925, .F. ) ;
#1420 = FACE_OUTER_BOUND ( 'NONE', #2351, .T. ) ;
#1421 = ORIENTED_EDGE ( 'NONE', *, *, #1894, .T. ) ;
#1422 = EDGE_CURVE ( 'NONE', #1465, #2603, #4366, .T. ) ;
#1423 = DIRECTION ( 'NONE',  ( -0.000000000000000000, -1.000000000000000000, -0.000000000000000000 ) ) ;
#1424 = DIRECTION ( 'NONE',  ( 0.5000000000000072164, 0.000000000000000000, -0.8660254037844344888 ) ) ;
#1425 = CIRCLE ( 'NONE', #1830, 1.999999999999998224 ) ;
#1426 = VECTOR ( 'NONE', #4264, 1000.000000000000000 ) ;
#1427 = VERTEX_POINT ( 'NONE', #4312 ) ;
#1428 = CIRCLE ( 'NONE', #4881, 3.499999999999999556 ) ;
#1429 = VECTOR ( 'NONE', #2798, 1000.000000000000000 ) ;
#1430 = DIRECTION ( 'NONE',  ( -0.000000000000000000, -1.000000000000000000, -0.000000000000000000 ) ) ;
#1431 = VERTEX_POINT ( 'NONE', #39 ) ;
#1432 = ADVANCED_FACE ( 'NONE', ( #96 ), #3910, .F. ) ;
#1433 = DIRECTION ( 'NONE',  ( -0.000000000000000000, -1.000000000000000000, -0.000000000000000000 ) ) ;
#1434 = DIRECTION ( 'NONE',  ( 0.000000000000000000, 0.000000000000000000, -1.000000000000000000 ) ) ;
#1435 = CIRCLE ( 'NONE', #2713, 2.000000000000000000 ) ;
#1436 = LINE ( 'NONE', #1067, #470 ) ;
#1437 = EDGE_CURVE ( 'NONE', #3347, #1048, #2957, .T. ) ;
#1438 = AXIS2_PLACEMENT_3D ( 'NONE', #3312, #4463, #1025 ) ;
#1439 = FILL_AREA_STYLE ('',( #1484 ) ) ;
#1440 = VERTEX_POINT ( 'NONE', #841 ) ;
#1441 = CARTESIAN_POINT ( 'NONE',  ( 26.00000000000001066, 0.000000000000000000, -23.99999999999999645 ) ) ;
#1442 = DIRECTION ( 'NONE',  ( -0.000000000000000000, -1.000000000000000000, -0.000000000000000000 ) ) ;
#1443 = ORIENTED_EDGE ( 'NONE', *, *, #121, .T. ) ;
#1444 = ORIENTED_EDGE ( 'NONE', *, *, #637, .T. ) ;
#1445 = DIRECTION ( 'NONE',  ( 0.000000000000000000, -1.000000000000000000, 0.000000000000000000 ) ) ;
#1446 = ORIENTED_EDGE ( 'NONE', *, *, #3736, .F. ) ;
#1447 = CARTESIAN_POINT ( 'NONE',  ( 38.59999999999999432, -3.000000000000000000, -1.674315780649907826 ) ) ;
#1448 = DIRECTION ( 'NONE',  ( 0.000000000000000000, 0.000000000000000000, -1.000000000000000000 ) ) ;
#1449 = EDGE_CURVE ( 'NONE', #3783, #4339, #3507, .T. ) ;
#1450 = ORIENTED_EDGE ( 'NONE', *, *, #3618, .F. ) ;
#1451 = CYLINDRICAL_SURFACE ( 'NONE', #4090, 2.200000000000000622 ) ;
#1452 = ORIENTED_EDGE ( 'NONE', *, *, #2988, .F. ) ;
#1453 = DIRECTION ( 'NONE',  ( 0.000000000000000000, -1.000000000000000000, 0.000000000000000000 ) ) ;
#1454 = CARTESIAN_POINT ( 'NONE',  ( 33.20000000000000284, 3.000000000000000000, 7.200000000000000178 ) ) ;
#1455 = AXIS2_PLACEMENT_3D ( 'NONE', #3685, #695, #1770 ) ;
#1456 = EDGE_CURVE ( 'NONE', #4943, #598, #4512, .T. ) ;
#1457 = VERTEX_POINT ( 'NONE', #4285 ) ;
#1458 = ADVANCED_FACE ( 'NONE', ( #1215 ), #2749, .F. ) ;
#1459 = DIRECTION ( 'NONE',  ( 0.000000000000000000, -1.000000000000000000, 0.000000000000000000 ) ) ;
#1460 = CIRCLE ( 'NONE', #4426, 41.00000000000000711 ) ;
#1461 = AXIS2_PLACEMENT_3D ( 'NONE', #3802, #716, #2276 ) ;
#1462 = DIRECTION ( 'NONE',  ( 0.000000000000000000, 0.000000000000000000, -1.000000000000000000 ) ) ;
#1463 = DIRECTION ( 'NONE',  ( -1.000000000000000000, 0.000000000000000000, -0.000000000000000000 ) ) ;
#1464 = ADVANCED_FACE ( 'NONE', ( #1265 ), #1998, .F. ) ;
#1465 = VERTEX_POINT ( 'NONE', #4705 ) ;
#1466 = DIRECTION ( 'NONE',  ( 0.000000000000000000, 0.000000000000000000, -1.000000000000000000 ) ) ;
#1467 = DIRECTION ( 'NONE',  ( -0.000000000000000000, -1.000000000000000000, -0.000000000000000000 ) ) ;
#1468 = CARTESIAN_POINT ( 'NONE',  ( 3.469446951953614189E-15, 0.000000000000000000, 24.00000000000000355 ) ) ;
#1469 = EDGE_CURVE ( 'NONE', #933, #1043, #144, .T. ) ;
#1470 = ORIENTED_EDGE ( 'NONE', *, *, #3340, .F. ) ;
#1471 = ORIENTED_EDGE ( 'NONE', *, *, #573, .T. ) ;
#1472 = CARTESIAN_POINT ( 'NONE',  ( -41.49999999999999289, -2.999999999999999112, 1.549999999999995826 ) ) ;
#1473 = DIRECTION ( 'NONE',  ( 0.000000000000000000, 1.000000000000000000, 0.000000000000000000 ) ) ;
#1474 = ORIENTED_EDGE ( 'NONE', *, *, #3428, .T. ) ;
#1475 = B_SPLINE_CURVE_WITH_KNOTS ( 'NONE', 3,
 ( #3990, #2582, #298, #3692 ),
 .UNSPECIFIED., .F., .F.,
 ( 4, 4 ),
 ( 2.309401076748848758E-07, 0.003348862501407503817 ),
 .UNSPECIFIED. ) ;
#1476 = CARTESIAN_POINT ( 'NONE',  ( 17.85000000000017906, -3.000000000000000000, -37.61437003770404175 ) ) ;
#1477 = ORIENTED_EDGE ( 'NONE', *, *, #211, .T. ) ;
#1478 = DIRECTION ( 'NONE',  ( 0.000000000000000000, -0.000000000000000000, 1.000000000000000000 ) ) ;
#1479 = DIRECTION ( 'NONE',  ( 0.000000000000000000, -1.000000000000000000, -0.000000000000000000 ) ) ;
#1480 = VERTEX_POINT ( 'NONE', #3580 ) ;
#1481 = LINE ( 'NONE', #3038, #2794 ) ;
#1482 = VECTOR ( 'NONE', #591, 1000.000000000000000 ) ;
#1483 = EDGE_CURVE ( 'NONE', #4462, #2362, #2096, .T. ) ;
#1484 = FILL_AREA_STYLE_COLOUR ( '', #3277 ) ;
#1485 = CARTESIAN_POINT ( 'NONE',  ( -28.99999999999999645, 0.000000000000000000, -13.90081308875364563 ) ) ;
#1486 = ADVANCED_FACE ( 'NONE', ( #4731 ), #1292, .F. ) ;
#1487 = ORIENTED_EDGE ( 'NONE', *, *, #1852, .T. ) ;
#1488 = DIRECTION ( 'NONE',  ( 0.000000000000000000, 0.000000000000000000, -1.000000000000000000 ) ) ;
#1489 = AXIS2_PLACEMENT_3D ( 'NONE', #501, #104, #129 ) ;
#1490 = EDGE_CURVE ( 'NONE', #3696, #625, #1460, .T. ) ;
#1491 = CARTESIAN_POINT ( 'NONE',  ( -44.39999999999999147, -3.000000000000000000, -1.674315780649916041 ) ) ;
#1492 = CARTESIAN_POINT ( 'NONE',  ( 20.74999999999963052, -0.4315578539997965146, 39.28868581835422447 ) ) ;
#1493 = ORIENTED_EDGE ( 'NONE', *, *, #4903, .F. ) ;
#1494 = VERTEX_POINT ( 'NONE', #3887 ) ;
#1495 = DIRECTION ( 'NONE',  ( 0.000000000000000000, 0.000000000000000000, -1.000000000000000000 ) ) ;
#1496 = EDGE_CURVE ( 'NONE', #1673, #4298, #1317, .T. ) ;
#1497 = SURFACE_STYLE_USAGE ( .BOTH. , #2654 ) ;
#1498 = CARTESIAN_POINT ( 'NONE',  ( -35.77450980392158186, 3.000000000000000000, -20.02958931903293305 ) ) ;
#1499 = PRESENTATION_LAYER_ASSIGNMENT (  '', '', ( #2783 ) ) ;
#1500 = EDGE_LOOP ( 'NONE', ( #4779, #691, #2898, #4841 ) ) ;
#1501 = CARTESIAN_POINT ( 'NONE',  ( 20.74999999999991473, -15.99999999999994138, -35.94005425705424273 ) ) ;
#1502 = VERTEX_POINT ( 'NONE', #939 ) ;
#1503 = DIRECTION ( 'NONE',  ( -0.8660254037844389297, 0.000000000000000000, -0.4999999999999995004 ) ) ;
#1504 = DIRECTION ( 'NONE',  ( 0.000000000000000000, -1.000000000000000000, 0.000000000000000000 ) ) ;
#1505 = AXIS2_PLACEMENT_3D ( 'NONE', #2491, #2094, #2147 ) ;
#1506 = AXIS2_PLACEMENT_3D ( 'NONE', #1624, #4759, #3938 ) ;
#1507 = DIRECTION ( 'NONE',  ( 0.000000000000000000, -1.000000000000000000, -0.000000000000000000 ) ) ;
#1508 = VECTOR ( 'NONE', #1229, 1000.000000000000000 ) ;
#1509 = VECTOR ( 'NONE', #2348, 1000.000000000000000 ) ;
#1510 = CARTESIAN_POINT ( 'NONE',  ( 23.64999999999964686, -3.000000000000000000, 37.61437003770433307 ) ) ;
#1511 = CARTESIAN_POINT ( 'NONE',  ( 20.74999999999991473, -2.999999999999999112, -35.94005425705424273 ) ) ;
#1512 = VECTOR ( 'NONE', #808, 1000.000000000000000 ) ;
#1513 = CIRCLE ( 'NONE', #4403, 39.20000000000000284 ) ;
#1514 = CARTESIAN_POINT ( 'NONE',  ( -21.90000000000000924, 3.000000000000000000, 17.69059892324149885 ) ) ;
#1515 = ADVANCED_FACE ( 'NONE', ( #4056 ), #4665, .F. ) ;
#1516 = VECTOR ( 'NONE', #802, 1000.000000000000000 ) ;
#1517 = DIRECTION ( 'NONE',  ( 0.000000000000000000, 1.000000000000000000, 0.000000000000000000 ) ) ;
#1518 = FACE_OUTER_BOUND ( 'NONE', #2814, .T. ) ;
#1519 = DIRECTION ( 'NONE',  ( 0.000000000000000000, 0.000000000000000000, -1.000000000000000000 ) ) ;
#1520 = AXIS2_PLACEMENT_3D ( 'NONE', #2834, #1704, #4370 ) ;
#1521 = ADVANCED_FACE ( 'NONE', ( #168 ), #2850, .F. ) ;
#1522 = ORIENTED_EDGE ( 'NONE', *, *, #1399, .F. ) ;
#1523 = ORIENTED_EDGE ( 'NONE', *, *, #2739, .F. ) ;
#1524 = DIRECTION ( 'NONE',  ( 0.000000000000000000, 0.000000000000000000, -1.000000000000000000 ) ) ;
#1525 = DIRECTION ( 'NONE',  ( 1.000000000000000000, 0.000000000000000000, 0.000000000000000000 ) ) ;
#1526 = FACE_BOUND ( 'NONE', #4590, .T. ) ;
#1527 = CARTESIAN_POINT ( 'NONE',  ( 3.469446951953614189E-15, -1.734723475976807883E-15, -27.50000000000000355 ) ) ;
#1528 = EDGE_CURVE ( 'NONE', #4632, #4297, #3397, .T. ) ;
#1529 = ORIENTED_EDGE ( 'NONE', *, *, #1407, .F. ) ;
#1530 = LINE ( 'NONE', #2336, #1837 ) ;
#1531 = ORIENTED_EDGE ( 'NONE', *, *, #332, .T. ) ;
#1532 = CARTESIAN_POINT ( 'NONE',  ( -39.20000000000000284, -5.999999999999941380, 0.000000000000000000 ) ) ;
#1533 = CARTESIAN_POINT ( 'NONE',  ( -23.65000000000043912, -3.000000000000000000, 37.61437003770384280 ) ) ;
#1534 = EDGE_LOOP ( 'NONE', ( #797, #2704 ) ) ;
#1535 = ORIENTED_EDGE ( 'NONE', *, *, #690, .T. ) ;
#1536 = DIRECTION ( 'NONE',  ( 1.071365218763275746E-14, 0.000000000000000000, -1.000000000000000000 ) ) ;
#1537 = DIRECTION ( 'NONE',  ( 0.000000000000000000, 0.000000000000000000, -1.000000000000000000 ) ) ;
#1538 = AXIS2_PLACEMENT_3D ( 'NONE', #2878, #843, #1294 ) ;
#1539 = CARTESIAN_POINT ( 'NONE',  ( -44.50000000000000711, 3.000000000000000000, -24.91485500660197516 ) ) ;
#1540 = AXIS2_PLACEMENT_3D ( 'NONE', #3532, #4081, #286 ) ;
#1541 = DIRECTION ( 'NONE',  ( 0.8660254037844388186, 0.000000000000000000, 0.4999999999999996669 ) ) ;
#1542 = VERTEX_POINT ( 'NONE', #2900 ) ;
#1543 = DIRECTION ( 'NONE',  ( -0.000000000000000000, -1.000000000000000000, -0.000000000000000000 ) ) ;
#1544 = DIRECTION ( 'NONE',  ( -8.937295348232511728E-15, 0.000000000000000000, 1.000000000000000000 ) ) ;
#1545 = ORIENTED_EDGE ( 'NONE', *, *, #1551, .T. ) ;
#1546 = ORIENTED_EDGE ( 'NONE', *, *, #233, .F. ) ;
#1547 = CARTESIAN_POINT ( 'NONE',  ( -29.93175530533862272, 1.748767574961113125, 29.85000000000000142 ) ) ;
#1548 = DIRECTION ( 'NONE',  ( -0.000000000000000000, 1.000000000000000000, -0.000000000000000000 ) ) ;
#1549 = CARTESIAN_POINT ( 'NONE',  ( 3.469446951953614189E-15, -1.734723475976807883E-15, 20.50000000000000355 ) ) ;
#1550 = EDGE_CURVE ( 'NONE', #212, #1100, #1720, .T. ) ;
#1551 = EDGE_CURVE ( 'NONE', #1314, #4124, #1385, .T. ) ;
#1552 = DIRECTION ( 'NONE',  ( 0.000000000000000000, 0.000000000000000000, 1.000000000000000000 ) ) ;
#1553 = VERTEX_POINT ( 'NONE', #2544 ) ;
#1554 = CARTESIAN_POINT ( 'NONE',  ( 8.300000000000006040, 0.000000000000000000, -9.149999999999996803 ) ) ;
#1555 = DIRECTION ( 'NONE',  ( -1.000000000000000000, 0.000000000000000000, -1.036100853139915938E-15 ) ) ;
#1556 = EDGE_CURVE ( 'NONE', #141, #430, #1365, .T. ) ;
#1557 = ORIENTED_EDGE ( 'NONE', *, *, #1716, .F. ) ;
#1558 = ORIENTED_EDGE ( 'NONE', *, *, #573, .F. ) ;
#1559 = CARTESIAN_POINT ( 'NONE',  ( -41.50000000000000000, -3.000000000000000000, -3.348631561299828974 ) ) ;
#1560 = ADVANCED_FACE ( 'NONE', ( #4432 ), #570, .F. ) ;
#1561 = CARTESIAN_POINT ( 'NONE',  ( 29.00000000000000355, 1.800000000000000044, -11.34999999999999787 ) ) ;
#1562 = B_SPLINE_CURVE_WITH_KNOTS ( 'NONE', 3,
 ( #534, #2934, #2171, #4127 ),
 .UNSPECIFIED., .F., .F.,
 ( 4, 4 ),
 ( 2.989228704899293766E-07, 0.0009482706569148032340 ),
 .UNSPECIFIED. ) ;
#1563 = DIRECTION ( 'NONE',  ( -0.5000000000000016653, 0.000000000000000000, 0.8660254037844377084 ) ) ;
#1564 = EDGE_LOOP ( 'NONE', ( #2752, #3258, #3630, #4166 ) ) ;
#1565 = DIRECTION ( 'NONE',  ( 0.5000000000000011102, 0.000000000000000000, -0.8660254037844380415 ) ) ;
#1566 = VECTOR ( 'NONE', #257, 1000.000000000000000 ) ;
#1567 = DIRECTION ( 'NONE',  ( 0.000000000000000000, 0.000000000000000000, -1.000000000000000000 ) ) ;
#1568 = ORIENTED_EDGE ( 'NONE', *, *, #424, .F. ) ;
#1569 = ORIENTED_EDGE ( 'NONE', *, *, #3401, .F. ) ;
#1570 = DIRECTION ( 'NONE',  ( 0.000000000000000000, 1.000000000000000000, 0.000000000000000000 ) ) ;
#1571 = PRESENTATION_STYLE_ASSIGNMENT (( #1497 ) ) ;
#1572 = CARTESIAN_POINT ( 'NONE',  ( -44.39999999999999147, -0.4315578539997965146, -1.674315780649916041 ) ) ;
#1573 = CARTESIAN_POINT ( 'NONE',  ( -25.99999999999999645, -1.734723475976807883E-15, 20.49999999999999645 ) ) ;
#1574 = ADVANCED_FACE ( 'NONE', ( #190 ), #1387, .T. ) ;
#1575 = CARTESIAN_POINT ( 'NONE',  ( -28.00000000000000355, 0.000000000000000000, 14.47816335794327358 ) ) ;
#1576 = EDGE_LOOP ( 'NONE', ( #3022, #231, #2503, #608 ) ) ;
#1577 = CARTESIAN_POINT ( 'NONE',  ( 23.65000000000016556, -3.000000000000000000, -34.26573847640418080 ) ) ;
#1578 = LINE ( 'NONE', #1880, #1808 ) ;
#1579 = ORIENTED_EDGE ( 'NONE', *, *, #1449, .F. ) ;
#1580 = EDGE_CURVE ( 'NONE', #84, #4447, #4042, .T. ) ;
#1581 = AXIS2_PLACEMENT_3D ( 'NONE', #258, #3244, #3622 ) ;
#1582 = VERTEX_POINT ( 'NONE', #4487 ) ;
#1583 = AXIS2_PLACEMENT_3D ( 'NONE', #1697, #2079, #1217 ) ;
#1584 = FACE_OUTER_BOUND ( 'NONE', #4890, .T. ) ;
#1585 = CARTESIAN_POINT ( 'NONE',  ( -19.40766062413429438, -5.999999999999941380, -36.71505425705412051 ) ) ;
#1586 = FACE_BOUND ( 'NONE', #4771, .T. ) ;
#1587 = CIRCLE ( 'NONE', #1263, 1.100000000000000311 ) ;
#1588 = EDGE_CURVE ( 'NONE', #1321, #831, #2367, .T. ) ;
#1589 = VECTOR ( 'NONE', #3114, 1000.000000000000000 ) ;
#1590 = DIRECTION ( 'NONE',  ( -0.000000000000000000, -1.000000000000000000, -0.000000000000000000 ) ) ;
#1591 = CIRCLE ( 'NONE', #1271, 2.000000000000000000 ) ;
#1592 = ORIENTED_EDGE ( 'NONE', *, *, #4960, .T. ) ;
#1593 = CARTESIAN_POINT ( 'NONE',  ( -34.61947106645369843, 2.259764480843863055, -23.32100299985256697 ) ) ;
#1594 = AXIS2_PLACEMENT_3D ( 'NONE', #2057, #1274, #1628 ) ;
#1595 = ORIENTED_EDGE ( 'NONE', *, *, #4867, .T. ) ;
#1596 = ORIENTED_EDGE ( 'NONE', *, *, #2021, .T. ) ;
#1597 = CARTESIAN_POINT ( 'NONE',  ( 17.85000000000017906, 2.365118790450078556, -37.61437003770404175 ) ) ;
#1598 = DIRECTION ( 'NONE',  ( 2.495859004650991048E-16, 0.000000000000000000, -1.000000000000000000 ) ) ;
#1599 = CIRCLE ( 'NONE', #2483, 2.000000000000000000 ) ;
#1600 = DIRECTION ( 'NONE',  ( 0.000000000000000000, -0.7071067811865483499, -0.7071067811865467956 ) ) ;
#1601 = AXIS2_PLACEMENT_3D ( 'NONE', #2802, #467, #1670 ) ;
#1602 = ORIENTED_EDGE ( 'NONE', *, *, #4837, .F. ) ;
#1603 = CARTESIAN_POINT ( 'NONE',  ( 19.40766062413455018, -2.999999999999999112, 36.71505425705397130 ) ) ;
#1604 = ORIENTED_EDGE ( 'NONE', *, *, #845, .T. ) ;
#1605 = CARTESIAN_POINT ( 'NONE',  ( -25.99999999999999645, 0.000000000000000000, -22.40000000000000213 ) ) ;
#1606 = LINE ( 'NONE', #4664, #2855 ) ;
#1607 = ORIENTED_EDGE ( 'NONE', *, *, #326, .T. ) ;
#1608 = EDGE_LOOP ( 'NONE', ( #4644, #3276 ) ) ;
#1609 = CARTESIAN_POINT ( 'NONE',  ( 41.49999999999999289, 2.365118790450091435, -3.348631561299825865 ) ) ;
#1610 = DIRECTION ( 'NONE',  ( 0.8660254037844364872, 0.000000000000000000, -0.5000000000000037748 ) ) ;
#1611 = FACE_OUTER_BOUND ( 'NONE', #706, .T. ) ;
#1612 = ADVANCED_FACE ( 'NONE', ( #1341 ), #1322, .F. ) ;
#1613 = B_SPLINE_CURVE_WITH_KNOTS ( 'NONE', 3,
 ( #3320, #2842, #930, #1714 ),
 .UNSPECIFIED., .F., .F.,
 ( 4, 4 ),
 ( 0.007066558674086220564, 0.008014528791445952108 ),
 .UNSPECIFIED. ) ;
#1614 = DIRECTION ( 'NONE',  ( -0.000000000000000000, -1.000000000000000000, -0.000000000000000000 ) ) ;
#1615 = AXIS2_PLACEMENT_3D ( 'NONE', #423, #751, #3509 ) ;
#1616 = EDGE_LOOP ( 'NONE', ( #2651, #1338, #1386, #2058 ) ) ;
#1617 = CARTESIAN_POINT ( 'NONE',  ( 38.59999999999999432, -3.000000000000000000, 1.674315780649911600 ) ) ;
#1618 = DIRECTION ( 'NONE',  ( 0.000000000000000000, 0.000000000000000000, -1.000000000000000000 ) ) ;
#1619 = EDGE_CURVE ( 'NONE', #4310, #677, #1413, .T. ) ;
#1620 = AXIS2_PLACEMENT_3D ( 'NONE', #3917, #577, #4689 ) ;
#1621 = ORIENTED_EDGE ( 'NONE', *, *, #1177, .F. ) ;
#1622 = EDGE_LOOP ( 'NONE', ( #4368, #2482 ) ) ;
#1623 = CARTESIAN_POINT ( 'NONE',  ( 17.85000000000017906, 2.576950243649276828, -37.37989642079768515 ) ) ;
#1624 = CARTESIAN_POINT ( 'NONE',  ( -20.75000000000016698, -15.99999999999994138, -35.94005425705411483 ) ) ;
#1625 = DIRECTION ( 'NONE',  ( 0.5000000000000008882, 0.000000000000000000, 0.8660254037844382635 ) ) ;
#1626 = ORIENTED_EDGE ( 'NONE', *, *, #1189, .F. ) ;
#1627 = EDGE_CURVE ( 'NONE', #2388, #2998, #966, .T. ) ;
#1628 = DIRECTION ( 'NONE',  ( 0.000000000000000000, 0.000000000000000000, -1.000000000000000000 ) ) ;
#1629 = ORIENTED_EDGE ( 'NONE', *, *, #4659, .T. ) ;
#1630 = CARTESIAN_POINT ( 'NONE',  ( -41.49999999999999289, 3.000000000000000000, 3.348631561299825865 ) ) ;
#1631 = LINE ( 'NONE', #80, #3169 ) ;
#1632 = EDGE_LOOP ( 'NONE', ( #2423, #700, #4954, #350, #723 ) ) ;
#1633 = DIRECTION ( 'NONE',  ( 0.000000000000000000, 0.000000000000000000, -1.000000000000000000 ) ) ;
#1634 = EDGE_LOOP ( 'NONE', ( #964, #697, #3149, #1078 ) ) ;
#1635 = DIRECTION ( 'NONE',  ( 0.8660254037844363761, 0.000000000000000000, 0.5000000000000039968 ) ) ;
#1636 = DIRECTION ( 'NONE',  ( -0.000000000000000000, 1.000000000000000000, -0.000000000000000000 ) ) ;
#1637 = LINE ( 'NONE', #162, #235 ) ;
#1638 = EDGE_CURVE ( 'NONE', #771, #572, #3971, .T. ) ;
#1639 = CARTESIAN_POINT ( 'NONE',  ( -23.64999999999991331, 2.365118790450097208, -34.26573847640433712 ) ) ;
#1640 = EDGE_LOOP ( 'NONE', ( #2164, #1896, #4249, #535, #4913 ) ) ;
#1641 = LINE ( 'NONE', #4701, #4795 ) ;
#1642 = EDGE_CURVE ( 'NONE', #362, #3963, #3494, .T. ) ;
#1643 = FACE_OUTER_BOUND ( 'NONE', #4461, .T. ) ;
#1644 = AXIS2_PLACEMENT_3D ( 'NONE', #3806, #1517, #1466 ) ;
#1645 = EDGE_CURVE ( 'NONE', #2448, #3661, #2497, .T. ) ;
#1646 = EDGE_LOOP ( 'NONE', ( #4036, #2011, #3675, #3699 ) ) ;
#1647 = DIRECTION ( 'NONE',  ( -0.000000000000000000, -1.000000000000000000, -0.000000000000000000 ) ) ;
#1648 = CIRCLE ( 'NONE', #2691, 1.600000000000000755 ) ;
#1649 = CARTESIAN_POINT ( 'NONE',  ( 26.00000000000000355, -1.734723475976807883E-15, 24.00000000000000711 ) ) ;
#1650 = CARTESIAN_POINT ( 'NONE',  ( -38.59999999999999432, -3.000000000000000000, 1.674315780649907826 ) ) ;
#1651 = VERTEX_POINT ( 'NONE', #2127 ) ;
#1652 = ADVANCED_FACE ( 'NONE', ( #4602 ), #4914, .F. ) ;
#1653 = DIRECTION ( 'NONE',  ( -1.000000000000000000, 0.000000000000000000, 0.000000000000000000 ) ) ;
#1654 = ORIENTED_EDGE ( 'NONE', *, *, #963, .T. ) ;
#1655 = DIRECTION ( 'NONE',  ( 0.000000000000000000, 0.000000000000000000, -1.000000000000000000 ) ) ;
#1656 = DIRECTION ( 'NONE',  ( 0.000000000000000000, 0.000000000000000000, -1.000000000000000000 ) ) ;
#1657 = ORIENTED_EDGE ( 'NONE', *, *, #3854, .T. ) ;
#1658 = DIRECTION ( 'NONE',  ( -0.000000000000000000, -1.000000000000000000, -0.000000000000000000 ) ) ;
#1659 = CARTESIAN_POINT ( 'NONE',  ( -34.50000000000000711, 1.444154338093590839, 24.91485500660197516 ) ) ;
#1660 = CARTESIAN_POINT ( 'NONE',  ( 23.64999999999964686, -0.4315578539997965146, 37.61437003770433307 ) ) ;
#1661 = AXIS2_PLACEMENT_3D ( 'NONE', #109, #909, #2843 ) ;
#1662 = LINE ( 'NONE', #3570, #3188 ) ;
#1663 = CARTESIAN_POINT ( 'NONE',  ( 20.74999999999991473, -5.999999999999941380, -35.94005425705424273 ) ) ;
#1664 = ORIENTED_EDGE ( 'NONE', *, *, #696, .F. ) ;
#1665 = DIRECTION ( 'NONE',  ( -0.000000000000000000, -1.000000000000000000, -0.000000000000000000 ) ) ;
#1666 = AXIS2_PLACEMENT_3D ( 'NONE', #4521, #299, #1057 ) ;
#1667 = ADVANCED_FACE ( 'NONE', ( #1115 ), #4112, .F. ) ;
#1668 = CIRCLE ( 'NONE', #2707, 1.600000000000000755 ) ;
#1669 = ORIENTED_EDGE ( 'NONE', *, *, #3340, .T. ) ;
#1670 = DIRECTION ( 'NONE',  ( 0.000000000000000000, 0.000000000000000000, -1.000000000000000000 ) ) ;
#1671 = FACE_OUTER_BOUND ( 'NONE', #1245, .T. ) ;
#1672 = LINE ( 'NONE', #3254, #1778 ) ;
#1673 = VERTEX_POINT ( 'NONE', #319 ) ;
#1674 = VECTOR ( 'NONE', #682, 1000.000000000000000 ) ;
#1675 = EDGE_CURVE ( 'NONE', #3391, #311, #3812, .T. ) ;
#1676 = ORIENTED_EDGE ( 'NONE', *, *, #117, .F. ) ;
#1677 = ADVANCED_FACE ( 'NONE', ( #341 ), #4577, .F. ) ;
#1678 = VECTOR ( 'NONE', #2858, 999.9999999999998863 ) ;
#1679 = FACE_OUTER_BOUND ( 'NONE', #4869, .T. ) ;
#1680 = ORIENTED_EDGE ( 'NONE', *, *, #1242, .F. ) ;
#1681 = CARTESIAN_POINT ( 'NONE',  ( -41.49999999999999289, 2.365118790450091435, 3.348631561299825865 ) ) ;
#1682 = DIRECTION ( 'NONE',  ( 8.659560562354925463E-17, -0.7071067811865483499, 0.7071067811865467956 ) ) ;
#1683 = EDGE_CURVE ( 'NONE', #4374, #3859, #4052, .T. ) ;
#1684 = AXIS2_PLACEMENT_3D ( 'NONE', #2830, #516, #893 ) ;
#1685 = ORIENTED_EDGE ( 'NONE', *, *, #243, .T. ) ;
#1686 = CARTESIAN_POINT ( 'NONE',  ( 8.300000000000006040, 0.000000000000000000, 10.25000000000000355 ) ) ;
#1687 = ORIENTED_EDGE ( 'NONE', *, *, #2467, .F. ) ;
#1688 = FACE_OUTER_BOUND ( 'NONE', #2524, .T. ) ;
#1689 = CARTESIAN_POINT ( 'NONE',  ( 23.64999999999966462, 1.440952365522830236, 35.38865486550253081 ) ) ;
#1690 = DIRECTION ( 'NONE',  ( -0.000000000000000000, -1.000000000000000000, -0.000000000000000000 ) ) ;
#1691 = DIRECTION ( 'NONE',  ( -0.8660254037844328234, 0.000000000000000000, -0.5000000000000101030 ) ) ;
#1692 = VERTEX_POINT ( 'NONE', #4509 ) ;
#1693 = DIRECTION ( 'NONE',  ( 0.000000000000000000, 1.000000000000000000, 0.000000000000000000 ) ) ;
#1694 = DIRECTION ( 'NONE',  ( 0.000000000000000000, -1.000000000000000000, 0.000000000000000000 ) ) ;
#1695 = ORIENTED_EDGE ( 'NONE', *, *, #3299, .F. ) ;
#1696 = DIRECTION ( 'NONE',  ( -0.000000000000000000, -1.000000000000000000, -0.000000000000000000 ) ) ;
#1697 = CARTESIAN_POINT ( 'NONE',  ( -41.49999999999999289, -15.99999999999994138, 0.000000000000000000 ) ) ;
#1698 = DIRECTION ( 'NONE',  ( -0.000000000000000000, 1.000000000000000000, -0.000000000000000000 ) ) ;
#1699 = ORIENTED_EDGE ( 'NONE', *, *, #1333, .F. ) ;
#1700 = VECTOR ( 'NONE', #3815, 1000.000000000000000 ) ;
#1701 = EDGE_LOOP ( 'NONE', ( #91, #464 ) ) ;
#1702 = ORIENTED_EDGE ( 'NONE', *, *, #1101, .F. ) ;
#1703 = VECTOR ( 'NONE', #1131, 1000.000000000000000 ) ;
#1704 = DIRECTION ( 'NONE',  ( 0.000000000000000000, 1.000000000000000000, 0.000000000000000000 ) ) ;
#1705 = VERTEX_POINT ( 'NONE', #669 ) ;
#1706 = ADVANCED_FACE ( 'NONE', ( #2994 ), #2225, .F. ) ;
#1707 = DIRECTION ( 'NONE',  ( 0.000000000000000000, 0.000000000000000000, 1.000000000000000000 ) ) ;
#1708 = CARTESIAN_POINT ( 'NONE',  ( 41.49999999999999289, -5.999999999999941380, 1.549999999999995826 ) ) ;
#1709 = EDGE_CURVE ( 'NONE', #297, #949, #3653, .T. ) ;
#1710 = ORIENTED_EDGE ( 'NONE', *, *, #1069, .F. ) ;
#1711 = CARTESIAN_POINT ( 'NONE',  ( 3.665390439817190268E-15, 0.000000000000000000, 25.60000000000000497 ) ) ;
#1712 = VERTEX_POINT ( 'NONE', #2970 ) ;
#1713 = EDGE_CURVE ( 'NONE', #636, #1494, #3732, .T. ) ;
#1714 = CARTESIAN_POINT ( 'NONE',  ( -17.85000000000043840, 3.000000000000000000, 36.91039826390370848 ) ) ;
#1715 = DIRECTION ( 'NONE',  ( 0.8660254037844408170, 0.000000000000000000, -0.4999999999999963363 ) ) ;
#1716 = EDGE_CURVE ( 'NONE', #4445, #4284, #2471, .T. ) ;
#1717 = ORIENTED_EDGE ( 'NONE', *, *, #965, .F. ) ;
#1718 = CARTESIAN_POINT ( 'NONE',  ( -40.89034256034182135, 3.000000000000000000, -2.996645674399727177 ) ) ;
#1719 = ORIENTED_EDGE ( 'NONE', *, *, #1989, .T. ) ;
#1720 = LINE ( 'NONE', #2078, #4762 ) ;
#1721 = DIRECTION ( 'NONE',  ( -0.000000000000000000, 1.000000000000000000, -0.000000000000000000 ) ) ;
#1722 = DIRECTION ( 'NONE',  ( -0.000000000000000000, -1.000000000000000000, -0.000000000000000000 ) ) ;
#1723 = DIRECTION ( 'NONE',  ( 0.000000000000000000, 0.000000000000000000, -1.000000000000000000 ) ) ;
#1724 = VERTEX_POINT ( 'NONE', #4533 ) ;
#1725 = ORIENTED_EDGE ( 'NONE', *, *, #180, .T. ) ;
#1726 = LINE ( 'NONE', #3257, #3848 ) ;
#1727 = ORIENTED_EDGE ( 'NONE', *, *, #4282, .T. ) ;
#1728 = LINE ( 'NONE', #3214, #4826 ) ;
#1729 = DIRECTION ( 'NONE',  ( -0.8660254037844344888, 0.000000000000000000, -0.5000000000000072164 ) ) ;
#1730 = VECTOR ( 'NONE', #812, 1000.000000000000000 ) ;
#1731 = EDGE_CURVE ( 'NONE', #4441, #1280, #4934, .T. ) ;
#1732 = VERTEX_POINT ( 'NONE', #2623 ) ;
#1733 = LINE ( 'NONE', #4125, #1674 ) ;
#1734 = CIRCLE ( 'NONE', #2373, 1.100000000000000311 ) ;
#1735 = VERTEX_POINT ( 'NONE', #4159 ) ;
#1736 = CARTESIAN_POINT ( 'NONE',  ( 3.469446951953614189E-15, 3.000000000000000000, 24.00000000000000355 ) ) ;
#1737 = LINE ( 'NONE', #4776, #4740 ) ;
#1738 = EDGE_CURVE ( 'NONE', #3062, #3347, #2761, .T. ) ;
#1739 = LINE ( 'NONE', #886, #4158 ) ;
#1740 = DIRECTION ( 'NONE',  ( 0.000000000000000000, 0.000000000000000000, -1.000000000000000000 ) ) ;
#1741 = EDGE_CURVE ( 'NONE', #2033, #3522, #2672, .T. ) ;
#1742 = ORIENTED_EDGE ( 'NONE', *, *, #876, .T. ) ;
#1743 = ORIENTED_EDGE ( 'NONE', *, *, #1675, .T. ) ;
#1744 = VECTOR ( 'NONE', #3422, 1000.000000000000114 ) ;
#1745 = CARTESIAN_POINT ( 'NONE',  ( 3.469446951953614189E-15, 1.900000000000001243, -24.00000000000000355 ) ) ;
#1746 = CIRCLE ( 'NONE', #623, 1.100000000000000311 ) ;
#1747 = DIRECTION ( 'NONE',  ( 0.000000000000000000, 0.000000000000000000, -1.000000000000000000 ) ) ;
#1748 = FACE_OUTER_BOUND ( 'NONE', #157, .T. ) ;
#1749 = FACE_OUTER_BOUND ( 'NONE', #1564, .T. ) ;
#1750 = EDGE_LOOP ( 'NONE', ( #3180, #1493, #1742, #2591 ) ) ;
#1751 = ORIENTED_EDGE ( 'NONE', *, *, #1189, .T. ) ;
#1752 = DIRECTION ( 'NONE',  ( 0.8660254037844379305, 0.000000000000000000, 0.5000000000000011102 ) ) ;
#1753 = EDGE_LOOP ( 'NONE', ( #2559, #2533, #2652, #899 ) ) ;
#1754 = FACE_OUTER_BOUND ( 'NONE', #2437, .T. ) ;
#1755 = VECTOR ( 'NONE', #4744, 1000.000000000000000 ) ;
#1756 = AXIS2_PLACEMENT_3D ( 'NONE', #3056, #754, #4568 ) ;
#1757 = EDGE_LOOP ( 'NONE', ( #1213, #1224, #917, #4092 ) ) ;
#1758 = LINE ( 'NONE', #604, #4406 ) ;
#1759 = ORIENTED_EDGE ( 'NONE', *, *, #3428, .F. ) ;
#1760 = DIRECTION ( 'NONE',  ( -0.000000000000000000, -1.000000000000000000, -0.000000000000000000 ) ) ;
#1761 = VECTOR ( 'NONE', #1098, 1000.000000000000114 ) ;
#1762 = VERTEX_POINT ( 'NONE', #765 ) ;
#1763 = FACE_OUTER_BOUND ( 'NONE', #4561, .T. ) ;
#1764 = EDGE_CURVE ( 'NONE', #2400, #3694, #3756, .T. ) ;
#1765 = DIRECTION ( 'NONE',  ( 0.000000000000000000, 0.000000000000000000, -1.000000000000000000 ) ) ;
#1766 = ORIENTED_EDGE ( 'NONE', *, *, #2928, .F. ) ;
#1767 = DIRECTION ( 'NONE',  ( -0.5000000000000101030, -0.000000000000000000, 0.8660254037844329345 ) ) ;
#1768 = EDGE_CURVE ( 'NONE', #3963, #3534, #4936, .T. ) ;
#1769 = DIRECTION ( 'NONE',  ( -0.000000000000000000, -1.000000000000000000, -0.000000000000000000 ) ) ;
#1770 = DIRECTION ( 'NONE',  ( -8.881784197001252323E-16, 0.000000000000000000, -1.000000000000000000 ) ) ;
#1771 = CARTESIAN_POINT ( 'NONE',  ( 19.40766062413455018, -15.99999999999994138, 36.71505425705397130 ) ) ;
#1772 = ORIENTED_EDGE ( 'NONE', *, *, #2959, .F. ) ;
#1773 = DIRECTION ( 'NONE',  ( 0.000000000000000000, 1.000000000000000000, 0.000000000000000000 ) ) ;
#1774 = EDGE_LOOP ( 'NONE', ( #1702, #3912, #4863, #4707 ) ) ;
#1775 = EDGE_CURVE ( 'NONE', #2490, #1925, #1890, .T. ) ;
#1776 = DIRECTION ( 'NONE',  ( 0.000000000000000000, 0.000000000000000000, -1.000000000000000000 ) ) ;
#1777 = FACE_OUTER_BOUND ( 'NONE', #3495, .T. ) ;
#1778 = VECTOR ( 'NONE', #1698, 1000.000000000000000 ) ;
#1780 = ORIENTED_EDGE ( 'NONE', *, *, #2107, .T. ) ;
#1779 = AXIS2_PLACEMENT_3D ( 'NONE', #4154, #4910, #1463 ) ;
#1781 = CARTESIAN_POINT ( 'NONE',  ( 0.000000000000000000, -0.9999999999999756861, 0.000000000000000000 ) ) ;
#1782 = ORIENTED_EDGE ( 'NONE', *, *, #2121, .T. ) ;
#1783 = CARTESIAN_POINT ( 'NONE',  ( -34.50000000000000711, 1.444154338093590839, -24.91485500660197516 ) ) ;
#1784 = CARTESIAN_POINT ( 'NONE',  ( -17.85000000000043840, 3.000000000000000000, 36.91039826390370848 ) ) ;
#1785 = STYLED_ITEM ( 'NONE', ( #1571 ), #3883 ) ;
#1786 = CARTESIAN_POINT ( 'NONE',  ( -17.84999999999992326, 3.000000000000000000, -34.26573847640432291 ) ) ;
#1787 = CARTESIAN_POINT ( 'NONE',  ( -21.90000000000000213, 3.000000000000000000, -15.69059892324149708 ) ) ;
#1788 = CARTESIAN_POINT ( 'NONE',  ( -14.80000000000000426, 0.000000000000000000, -13.90081308875364563 ) ) ;
#1789 = DIRECTION ( 'NONE',  ( 0.8660254037844381525, 0.000000000000000000, -0.5000000000000007772 ) ) ;
#1790 = EDGE_CURVE ( 'NONE', #2997, #747, #1813, .T. ) ;
#1791 = EDGE_LOOP ( 'NONE', ( #583, #998, #4761, #3688 ) ) ;
#1792 = EDGE_CURVE ( 'NONE', #3385, #3591, #2614, .T. ) ;
#1793 = DIRECTION ( 'NONE',  ( -0.000000000000000000, -1.000000000000000000, -0.000000000000000000 ) ) ;
#1794 = PLANE ( 'NONE',  #3027 ) ;
#1795 = DIRECTION ( 'NONE',  ( 0.000000000000000000, 0.000000000000000000, -1.000000000000000000 ) ) ;
#1796 = EDGE_CURVE ( 'NONE', #4654, #271, #4699, .T. ) ;
#1797 = ORIENTED_EDGE ( 'NONE', *, *, #3364, .T. ) ;
#1798 = VERTEX_POINT ( 'NONE', #3142 ) ;
#1799 = FACE_OUTER_BOUND ( 'NONE', #2154, .T. ) ;
#1800 = ORIENTED_EDGE ( 'NONE', *, *, #444, .F. ) ;
#1801 = LINE ( 'NONE', #253, #2066 ) ;
#1802 = EDGE_CURVE ( 'NONE', #492, #1712, #112, .T. ) ;
#1803 = ORIENTED_EDGE ( 'NONE', *, *, #1334, .F. ) ;
#1804 = DIRECTION ( 'NONE',  ( -0.000000000000000000, -1.000000000000000000, -0.000000000000000000 ) ) ;
#1805 = ORIENTED_EDGE ( 'NONE', *, *, #537, .F. ) ;
#1806 = LINE ( 'NONE', #4500, #767 ) ;
#1807 = FACE_BOUND ( 'NONE', #1701, .T. ) ;
#1808 = VECTOR ( 'NONE', #2685, 999.9999999999998863 ) ;
#1809 = ORIENTED_EDGE ( 'NONE', *, *, #2536, .T. ) ;
#1810 = CARTESIAN_POINT ( 'NONE',  ( -20.74999999999990408, -0.4315578539998012886, -39.28868581835408236 ) ) ;
#1811 =( LENGTH_UNIT ( ) NAMED_UNIT ( * ) SI_UNIT ( .MILLI., .METRE. ) );
#1812 = ORIENTED_EDGE ( 'NONE', *, *, #2876, .F. ) ;
#1813 = LINE ( 'NONE', #3355, #1730 ) ;
#1814 = DIRECTION ( 'NONE',  ( -0.000000000000000000, -1.000000000000000000, -0.000000000000000000 ) ) ;
#1815 = DIRECTION ( 'NONE',  ( -0.8660254037844397068, 0.000000000000000000, 0.4999999999999979461 ) ) ;
#1816 = ADVANCED_FACE ( 'NONE', ( #3954 ), #3904, .T. ) ;
#1817 = CIRCLE ( 'NONE', #4873, 10.50000000000000178 ) ;
#1818 = EDGE_LOOP ( 'NONE', ( #2839, #1052, #3779, #4680, #3182 ) ) ;
#1819 = VECTOR ( 'NONE', #2655, 1000.000000000000000 ) ;
#1820 = ORIENTED_EDGE ( 'NONE', *, *, #337, .F. ) ;
#1821 = CARTESIAN_POINT ( 'NONE',  ( 20.75000000000041567, -5.999999999999941380, 35.94005425705395851 ) ) ;
#1822 = ORIENTED_EDGE ( 'NONE', *, *, #1683, .T. ) ;
#1823 = DIRECTION ( 'NONE',  ( 0.000000000000000000, 0.000000000000000000, -1.000000000000000000 ) ) ;
#1824 = FACE_OUTER_BOUND ( 'NONE', #3915, .T. ) ;
#1825 = EDGE_CURVE ( 'NONE', #3002, #4266, #4300, .T. ) ;
#1826 = CIRCLE ( 'NONE', #944, 3.500000000000003109 ) ;
#1827 = AXIS2_PLACEMENT_3D ( 'NONE', #863, #1565, #3552 ) ;
#1828 = EDGE_CURVE ( 'NONE', #4398, #3809, #3974, .T. ) ;
#1829 = ORIENTED_EDGE ( 'NONE', *, *, #3372, .F. ) ;
#1830 = AXIS2_PLACEMENT_3D ( 'NONE', #2396, #486, #2793 ) ;
#1831 = CONICAL_SURFACE ( 'NONE', #4635, 3.499999999999999556, 0.7853981633974472798 ) ;
#1832 = CARTESIAN_POINT ( 'NONE',  ( 8.300000000000006040, 0.000000000000000000, -10.24999999999999645 ) ) ;
#1833 = ORIENTED_EDGE ( 'NONE', *, *, #1887, .T. ) ;
#1834 = CARTESIAN_POINT ( 'NONE',  ( 0.000000000000000000, -3.245314017740484187E-15, 0.000000000000000000 ) ) ;
#1835 = EDGE_CURVE ( 'NONE', #3810, #2603, #2937, .T. ) ;
#1836 = LINE ( 'NONE', #4200, #2786 ) ;
#1837 = VECTOR ( 'NONE', #3489, 1000.000000000000000 ) ;
#1838 = VERTEX_POINT ( 'NONE', #4227 ) ;
#1839 = CARTESIAN_POINT ( 'NONE',  ( 26.00000000000001066, -3.999999999999930722, -23.99999999999999645 ) ) ;
#1840 = AXIS2_PLACEMENT_3D ( 'NONE', #493, #4262, #2026 ) ;
#1841 = EDGE_CURVE ( 'NONE', #4124, #1314, #2768, .T. ) ;
#1842 = ORIENTED_EDGE ( 'NONE', *, *, #1835, .F. ) ;
#1843 = DIRECTION ( 'NONE',  ( 0.000000000000000000, 1.000000000000000000, 0.000000000000000000 ) ) ;
#1844 = LINE ( 'NONE', #3857, #4080 ) ;
#1845 = DIRECTION ( 'NONE',  ( 0.000000000000000000, 0.000000000000000000, -1.000000000000000000 ) ) ;
#1846 = ORIENTED_EDGE ( 'NONE', *, *, #3425, .T. ) ;
#1847 = ORIENTED_EDGE ( 'NONE', *, *, #2688, .F. ) ;
#1848 = DIRECTION ( 'NONE',  ( -0.000000000000000000, 1.000000000000000000, -0.000000000000000000 ) ) ;
#1849 = FACE_OUTER_BOUND ( 'NONE', #2515, .T. ) ;
#1850 = CARTESIAN_POINT ( 'NONE',  ( -17.84999999999991616, 2.365118790450086106, -37.61437003770416254 ) ) ;
#1851 = EDGE_LOOP ( 'NONE', ( #189, #3004, #4279, #3237 ) ) ;
#1852 = EDGE_CURVE ( 'NONE', #4607, #84, #3878, .T. ) ;
#1853 = VECTOR ( 'NONE', #3504, 1000.000000000000000 ) ;
#1854 = DIRECTION ( 'NONE',  ( -0.8660254037844389297, 0.000000000000000000, -0.4999999999999995559 ) ) ;
#1855 = ORIENTED_EDGE ( 'NONE', *, *, #1790, .F. ) ;
#1856 = DIRECTION ( 'NONE',  ( -0.000000000000000000, -1.000000000000000000, -0.000000000000000000 ) ) ;
#1857 = EDGE_CURVE ( 'NONE', #1976, #4445, #2646, .T. ) ;
#1858 = FACE_BOUND ( 'NONE', #3300, .T. ) ;
#1859 = AXIS2_PLACEMENT_3D ( 'NONE', #4859, #968, #1389 ) ;
#1860 = EDGE_CURVE ( 'NONE', #3506, #4943, #1382, .T. ) ;
#1861 = CARTESIAN_POINT ( 'NONE',  ( 8.462269199216015281, 0.000000000000000000, -9.199999999999999289 ) ) ;
#1862 = VECTOR ( 'NONE', #2458, 1000.000000000000000 ) ;
#1863 = DIRECTION ( 'NONE',  ( -0.000000000000000000, -1.000000000000000000, -0.000000000000000000 ) ) ;
#1864 = FACE_OUTER_BOUND ( 'NONE', #4597, .T. ) ;
#1865 = CIRCLE ( 'NONE', #2117, 1.100000000000000311 ) ;
#1866 = EDGE_CURVE ( 'NONE', #1480, #831, #2346, .T. ) ;
#1867 = ORIENTED_EDGE ( 'NONE', *, *, #1182, .F. ) ;
#1868 = CARTESIAN_POINT ( 'NONE',  ( 0.000000000000000000, -3.999999999999928946, 0.000000000000000000 ) ) ;
#1869 = FACE_OUTER_BOUND ( 'NONE', #2257, .T. ) ;
#1870 = CARTESIAN_POINT ( 'NONE',  ( -23.44694029410271341, 2.576949823386953220, 34.14850190054242063 ) ) ;
#1871 = ORIENTED_EDGE ( 'NONE', *, *, #3499, .F. ) ;
#1872 = ORIENTED_EDGE ( 'NONE', *, *, #294, .F. ) ;
#1873 = DIRECTION ( 'NONE',  ( 0.000000000000000000, 1.000000000000000000, 0.000000000000000000 ) ) ;
#1874 = FACE_BOUND ( 'NONE', #198, .T. ) ;
#1875 = LINE ( 'NONE', #3413, #1700 ) ;
#1876 = VERTEX_POINT ( 'NONE', #1230 ) ;
#1877 = LINE ( 'NONE', #3416, #717 ) ;
#1878 = VERTEX_POINT ( 'NONE', #2043 ) ;
#1879 = CARTESIAN_POINT ( 'NONE',  ( 26.00000000000001066, -1.734723475976807883E-15, -20.49999999999999645 ) ) ;
#1880 = CARTESIAN_POINT ( 'NONE',  ( 0.000000000000000000, -0.9999999999999756861, -45.00000000000000000 ) ) ;
#1881 = CARTESIAN_POINT ( 'NONE',  ( 8.300000000000006040, 0.000000000000000000, -10.24999999999999645 ) ) ;
#1882 = VECTOR ( 'NONE', #387, 1000.000000000000000 ) ;
#1883 = ORIENTED_EDGE ( 'NONE', *, *, #85, .F. ) ;
#1884 = DIRECTION ( 'NONE',  ( 0.000000000000000000, 0.000000000000000000, -1.000000000000000000 ) ) ;
#1885 = AXIS2_PLACEMENT_3D ( 'NONE', #3724, #163, #2197 ) ;
#1886 = CARTESIAN_POINT ( 'NONE',  ( 0.000000000000000000, -3.999999999999931610, -37.20000000000000284 ) ) ;
#1887 = EDGE_CURVE ( 'NONE', #2951, #2383, #3738, .T. ) ;
#1888 = EDGE_CURVE ( 'NONE', #771, #4398, #2740, .T. ) ;
#1889 = EDGE_LOOP ( 'NONE', ( #2759, #4567, #1669, #4700, #3636, #201 ) ) ;
#1890 = LINE ( 'NONE', #1917, #4685 ) ;
#1891 = B_SPLINE_CURVE_WITH_KNOTS ( 'NONE', 3,
 ( #2295, #1961, #3497, #53 ),
 .UNSPECIFIED., .F., .F.,
 ( 4, 4 ),
 ( 2.309401076748849023E-07, 0.003348862501407505986 ),
 .UNSPECIFIED. ) ;
#1892 = CARTESIAN_POINT ( 'NONE',  ( 44.39999999999999147, -0.3894956581382446603, 0.5581052602166394205 ) ) ;
#1893 = DIRECTION ( 'NONE',  ( 0.8660254037844397068, 0.000000000000000000, -0.4999999999999979461 ) ) ;
#1894 = EDGE_CURVE ( 'NONE', #3963, #362, #1239, .T. ) ;
#1895 = ORIENTED_EDGE ( 'NONE', *, *, #2134, .F. ) ;
#1896 = ORIENTED_EDGE ( 'NONE', *, *, #1422, .F. ) ;
#1897 = CARTESIAN_POINT ( 'NONE',  ( 8.462269199216015281, 1.700000000000000178, 7.200000000000000178 ) ) ;
#1898 = APPLICATION_PROTOCOL_DEFINITION ( 'draft international standard', 'automotive_design', 1998, #3961 ) ;
#1899 = CARTESIAN_POINT ( 'NONE',  ( 41.49999999999999289, -2.999999999999999112, 0.000000000000000000 ) ) ;
#1900 = FACE_OUTER_BOUND ( 'NONE', #65, .T. ) ;
#1901 = AXIS2_PLACEMENT_3D ( 'NONE', #378, #88, #133 ) ;
#1902 = ORIENTED_EDGE ( 'NONE', *, *, #1916, .F. ) ;
#1903 = LINE ( 'NONE', #4976, #3450 ) ;
#1904 = VERTEX_POINT ( 'NONE', #2368 ) ;
#1905 = CARTESIAN_POINT ( 'NONE',  ( 8.462269199216015281, 3.000000000000000000, -7.200000000000000178 ) ) ;
#1906 = DIRECTION ( 'NONE',  ( -0.8660254037844380415, 0.000000000000000000, 0.5000000000000011102 ) ) ;
#1907 = VECTOR ( 'NONE', #621, 1000.000000000000000 ) ;
#1908 = FACE_BOUND ( 'NONE', #2723, .T. ) ;
#1909 = VECTOR ( 'NONE', #4460, 1000.000000000000000 ) ;
#1910 = ORIENTED_EDGE ( 'NONE', *, *, #2350, .T. ) ;
#1911 = DIRECTION ( 'NONE',  ( 1.000000000000000000, 0.000000000000000000, 8.715250743307478842E-15 ) ) ;
#1912 = DIRECTION ( 'NONE',  ( -0.000000000000000000, -1.000000000000000000, -0.000000000000000000 ) ) ;
#1913 = CIRCLE ( 'NONE', #1270, 3.499999999999999556 ) ;
#1914 = CIRCLE ( 'NONE', #4558, 1.600000000000000755 ) ;
#1915 = VECTOR ( 'NONE', #2779, 1000.000000000000000 ) ;
#1916 = EDGE_CURVE ( 'NONE', #3033, #4418, #1967, .T. ) ;
#1917 = CARTESIAN_POINT ( 'NONE',  ( 8.300000000000006040, 0.000000000000000000, 12.45000000000000462 ) ) ;
#1918 = ORIENTED_EDGE ( 'NONE', *, *, #1683, .F. ) ;
#1919 = CARTESIAN_POINT ( 'NONE',  ( 3.469446951953614189E-15, -1.734723475976807883E-15, -24.00000000000000355 ) ) ;
#1920 = ADVANCED_FACE ( 'NONE', ( #2398 ), #412, .F. ) ;
#1921 = CARTESIAN_POINT ( 'NONE',  ( 29.00000000000000355, 0.000000000000000000, -10.24999999999999645 ) ) ;
#1922 = VECTOR ( 'NONE', #1848, 1000.000000000000000 ) ;
#1923 = ORIENTED_EDGE ( 'NONE', *, *, #2474, .T. ) ;
#1924 = EDGE_CURVE ( 'NONE', #4351, #2400, #2962, .T. ) ;
#1925 = VERTEX_POINT ( 'NONE', #4525 ) ;
#1926 = CARTESIAN_POINT ( 'NONE',  ( -25.99999999999999645, -1.734723475976807883E-15, -20.50000000000000355 ) ) ;
#1927 = B_SPLINE_CURVE_WITH_KNOTS ( 'NONE', 3,
 ( #436, #35, #3979, #1593, #1210, #512, #536, #3122, #2046, #2370 ),
 .UNSPECIFIED., .F., .F.,
 ( 4, 2, 2, 2, 4 ),
 ( 2.295596627167633997E-07, 0.001344321612089787810, 0.002688413664516858814, 0.004032505716943929168, 0.005376597769371000389 ),
 .UNSPECIFIED. ) ;
#1928 = CARTESIAN_POINT ( 'NONE',  ( 29.00000000000000355, 1.800000000000000044, -10.24999999999999645 ) ) ;
#1929 = DIRECTION ( 'NONE',  ( -0.000000000000000000, -1.000000000000000000, -0.000000000000000000 ) ) ;
#1930 = EDGE_CURVE ( 'NONE', #167, #4260, #3602, .T. ) ;
#1931 = FACE_OUTER_BOUND ( 'NONE', #3872, .T. ) ;
#1932 = ORIENTED_EDGE ( 'NONE', *, *, #811, .F. ) ;
#1933 = LINE ( 'NONE', #4570, #1703 ) ;
#1934 = LINE ( 'NONE', #1172, #210 ) ;
#1935 = ORIENTED_EDGE ( 'NONE', *, *, #1642, .F. ) ;
#1936 = CARTESIAN_POINT ( 'NONE',  ( -17.85000000000043840, 3.000000000000000000, 37.61437003770391385 ) ) ;
#1937 = CARTESIAN_POINT ( 'NONE',  ( -44.39999999999999147, -3.000000000000000000, -1.674315780649916041 ) ) ;
#1938 = AXIS2_PLACEMENT_3D ( 'NONE', #437, #816, #4939 ) ;
#1939 = VECTOR ( 'NONE', #3104, 1000.000000000000114 ) ;
#1940 = CARTESIAN_POINT ( 'NONE',  ( -17.84999999999991616, 2.576950243649281269, -37.37989642079779173 ) ) ;
#1941 = ORIENTED_EDGE ( 'NONE', *, *, #3210, .F. ) ;
#1942 = CARTESIAN_POINT ( 'NONE',  ( -17.85000000000039933, 3.000000000000000000, 34.26573847640407422 ) ) ;
#1943 = LINE ( 'NONE', #392, #3224 ) ;
#1944 = EDGE_CURVE ( 'NONE', #1280, #4441, #4054, .T. ) ;
#1945 = EDGE_CURVE ( 'NONE', #1071, #151, #2822, .T. ) ;
#1946 = PRODUCT_DEFINITION_CONTEXT ( 'detailed design', #3961, 'design' ) ;
#1947 = ORIENTED_EDGE ( 'NONE', *, *, #3493, .T. ) ;
#1948 = EDGE_LOOP ( 'NONE', ( #2209, #2475, #3562, #3334, #4037 ) ) ;
#1949 = CARTESIAN_POINT ( 'NONE',  ( 17.85000000000017550, 2.788580806240199994, -37.14524230113624981 ) ) ;
#1950 = CARTESIAN_POINT ( 'NONE',  ( 41.49999999999999289, -5.999999999999941380, 0.000000000000000000 ) ) ;
#1951 = LINE ( 'NONE', #1573, #817 ) ;
#1952 = ADVANCED_FACE ( 'NONE', ( #281 ), #2613, .F. ) ;
#1953 = CARTESIAN_POINT ( 'NONE',  ( -23.64999999999990621, -3.000000000000000000, -37.61437003770417675 ) ) ;
#1954 = B_SPLINE_CURVE_WITH_KNOTS ( 'NONE', 3,
 ( #4528, #4851, #1044, #1810 ),
 .UNSPECIFIED., .F., .F.,
 ( 4, 4 ),
 ( 2.990874552723425259E-07, 0.004363180427458090115 ),
 .UNSPECIFIED. ) ;
#1955 = VERTEX_POINT ( 'NONE', #3373 ) ;
#1956 = DIRECTION ( 'NONE',  ( 0.000000000000000000, 1.000000000000000000, 0.000000000000000000 ) ) ;
#1957 = CARTESIAN_POINT ( 'NONE',  ( -28.99999999999999645, 10.00000000000000000, -13.90081308875364563 ) ) ;
#1958 = EDGE_CURVE ( 'NONE', #4063, #4245, #1806, .T. ) ;
#1959 = ORIENTED_EDGE ( 'NONE', *, *, #2770, .F. ) ;
#1960 = VERTEX_POINT ( 'NONE', #333 ) ;
#1961 = CARTESIAN_POINT ( 'NONE',  ( 21.71666666666630263, -0.3894956581382411076, 38.73058055813758926 ) ) ;
#1962 = DIRECTION ( 'NONE',  ( -0.000000000000000000, -1.000000000000000000, -0.000000000000000000 ) ) ;
#1963 = FACE_BOUND ( 'NONE', #3986, .T. ) ;
#1964 = CARTESIAN_POINT ( 'NONE',  ( 23.64999999999967883, -3.000000000000000000, 34.26573847640450055 ) ) ;
#1965 = ORIENTED_EDGE ( 'NONE', *, *, #2876, .T. ) ;
#1966 = FACE_OUTER_BOUND ( 'NONE', #2908, .T. ) ;
#1967 = CIRCLE ( 'NONE', #42, 10.50000000000000178 ) ;
#1968 = CARTESIAN_POINT ( 'NONE',  ( -20.75000000000045475, -3.000000000000000000, 39.28868581835378393 ) ) ;
#1969 = ORIENTED_EDGE ( 'NONE', *, *, #1741, .T. ) ;
#1970 = CIRCLE ( 'NONE', #3339, 2.000000000000000000 ) ;
#1971 = EDGE_LOOP ( 'NONE', ( #1036, #4730, #1980, #3417, #3008 ) ) ;
#1972 = DIRECTION ( 'NONE',  ( 0.000000000000000000, 0.000000000000000000, -1.000000000000000000 ) ) ;
#1973 = PLANE ( 'NONE',  #2232 ) ;
#1974 = CARTESIAN_POINT ( 'NONE',  ( 23.04034256034152151, 3.000000000000000000, 33.91375258950441207 ) ) ;
#1975 = CARTESIAN_POINT ( 'NONE',  ( -44.39999999999999147, -3.000000000000000000, -1.674315780649916041 ) ) ;
#1976 = VERTEX_POINT ( 'NONE', #2563 ) ;
#1977 = EDGE_CURVE ( 'NONE', #3522, #3095, #3748, .T. ) ;
#1978 = DIRECTION ( 'NONE',  ( 0.000000000000000000, -0.000000000000000000, 1.000000000000000000 ) ) ;
#1979 = CARTESIAN_POINT ( 'NONE',  ( 17.84999999999965326, -3.000000000000000000, 37.61437003770428333 ) ) ;
#1980 = ORIENTED_EDGE ( 'NONE', *, *, #3946, .T. ) ;
#1981 = CIRCLE ( 'NONE', #4792, 3.499999999999999556 ) ;
#1982 = VERTEX_POINT ( 'NONE', #2537 ) ;
#1983 = VECTOR ( 'NONE', #4411, 1000.000000000000000 ) ;
#1984 = DIRECTION ( 'NONE',  ( -0.000000000000000000, -1.000000000000000000, -0.000000000000000000 ) ) ;
#1985 = DIRECTION ( 'NONE',  ( 0.000000000000000000, 0.000000000000000000, -1.000000000000000000 ) ) ;
#1986 = DIRECTION ( 'NONE',  ( 0.000000000000000000, 0.000000000000000000, 1.000000000000000000 ) ) ;
#1987 = AXIS2_PLACEMENT_3D ( 'NONE', #4672, #3600, #2820 ) ;
#1988 = VECTOR ( 'NONE', #766, 1000.000000000000000 ) ;
#1989 = EDGE_CURVE ( 'NONE', #3955, #2388, #1062, .T. ) ;
#1990 = VECTOR ( 'NONE', #2788, 1000.000000000000000 ) ;
#1991 = DIRECTION ( 'NONE',  ( -0.000000000000000000, 1.000000000000000000, -0.000000000000000000 ) ) ;
#1992 = CIRCLE ( 'NONE', #2557, 41.00000000000000711 ) ;
#1993 = ORIENTED_EDGE ( 'NONE', *, *, #2073, .F. ) ;
#1994 = CARTESIAN_POINT ( 'NONE',  ( -25.16282172263366590, -3.999999999999930722, -27.39840146714687563 ) ) ;
#1995 = CARTESIAN_POINT ( 'NONE',  ( -17.85000000000043840, -3.000000000000000000, 37.61437003770391385 ) ) ;
#1996 = ORIENTED_EDGE ( 'NONE', *, *, #3087, .F. ) ;
#1997 = VERTEX_POINT ( 'NONE', #4848 ) ;
#1998 = CYLINDRICAL_SURFACE ( 'NONE', #3375, 1.600000000000000755 ) ;
#1999 = CARTESIAN_POINT ( 'NONE',  ( -23.64999999999991331, 3.000000000000000000, -34.26573847640433712 ) ) ;
#2000 = VECTOR ( 'NONE', #4815, 1000.000000000000000 ) ;
#2001 = ORIENTED_EDGE ( 'NONE', *, *, #4438, .F. ) ;
#2002 = ORIENTED_EDGE ( 'NONE', *, *, #2560, .F. ) ;
#2003 = DIRECTION ( 'NONE',  ( -0.000000000000000000, 1.000000000000000000, -0.000000000000000000 ) ) ;
#2004 = VERTEX_POINT ( 'NONE', #912 ) ;
#2005 = CARTESIAN_POINT ( 'NONE',  ( 23.65000000000016911, 1.440952365522814471, -35.38865486550221107 ) ) ;
#2006 = CARTESIAN_POINT ( 'NONE',  ( -25.99999999999999645, -1.734723475976807883E-15, -27.50000000000000355 ) ) ;
#2007 = ADVANCED_FACE ( 'NONE', ( #1287 ), #4150, .F. ) ;
#2008 = ORIENTED_EDGE ( 'NONE', *, *, #2963, .F. ) ;
#2009 = EDGE_CURVE ( 'NONE', #1191, #3706, #2244, .T. ) ;
#2010 = CARTESIAN_POINT ( 'NONE',  ( 8.462269199216015281, 1.700000000000000178, -7.200000000000000178 ) ) ;
#2011 = ORIENTED_EDGE ( 'NONE', *, *, #3108, .F. ) ;
#2012 = CARTESIAN_POINT ( 'NONE',  ( 35.20000000000000284, 3.000000000000000000, -5.200000000000000178 ) ) ;
#2013 = FACE_BOUND ( 'NONE', #4024, .T. ) ;
#2014 = EDGE_CURVE ( 'NONE', #3666, #1878, #1648, .T. ) ;
#2015 = CARTESIAN_POINT ( 'NONE',  ( 8.300000000000006040, 1.800000000000000044, 10.25000000000000355 ) ) ;
#2016 = DIRECTION ( 'NONE',  ( 0.8660254037844377084, 0.000000000000000000, 0.5000000000000016653 ) ) ;
#2017 = VECTOR ( 'NONE', #1722, 1000.000000000000000 ) ;
#2018 = ORIENTED_EDGE ( 'NONE', *, *, #2595, .F. ) ;
#2019 = LINE ( 'NONE', #2742, #2161 ) ;
#2020 = DIRECTION ( 'NONE',  ( 0.8660254037844389297, 0.000000000000000000, 0.4999999999999995004 ) ) ;
#2021 = EDGE_CURVE ( 'NONE', #2113, #3095, #1562, .T. ) ;
#2022 = AXIS2_PLACEMENT_3D ( 'NONE', #4950, #1222, #2756 ) ;
#2023 = B_SPLINE_CURVE_WITH_KNOTS ( 'NONE', 3,
 ( #4293, #1351, #1246, #1681 ),
 .UNSPECIFIED., .F., .F.,
 ( 4, 4 ),
 ( 3.025759104198888831E-07, 0.004363183915913237260 ),
 .UNSPECIFIED. ) ;
#2024 = ORIENTED_EDGE ( 'NONE', *, *, #876, .F. ) ;
#2025 = ORIENTED_EDGE ( 'NONE', *, *, #579, .F. ) ;
#2026 = DIRECTION ( 'NONE',  ( 0.000000000000000000, 0.000000000000000000, -1.000000000000000000 ) ) ;
#2027 = CARTESIAN_POINT ( 'NONE',  ( -34.50000000000000711, 3.000000000000000000, -24.91485500660197516 ) ) ;
#2028 = AXIS2_PLACEMENT_3D ( 'NONE', #327, #4442, #620 ) ;
#2029 = PLANE ( 'NONE',  #4110 ) ;
#2030 = CARTESIAN_POINT ( 'NONE',  ( 0.000000000000000000, 0.000000000000000000, -39.20000000000000284 ) ) ;
#2031 = ORIENTED_EDGE ( 'NONE', *, *, #4008, .F. ) ;
#2032 = DIRECTION ( 'NONE',  ( 0.000000000000000000, 0.000000000000000000, 1.000000000000000000 ) ) ;
#2033 = VERTEX_POINT ( 'NONE', #3697 ) ;
#2034 = DIRECTION ( 'NONE',  ( -0.000000000000000000, -1.000000000000000000, -0.000000000000000000 ) ) ;
#2035 = CARTESIAN_POINT ( 'NONE',  ( -25.16282172263367656, -7.999999999999976019, 27.39840146714686497 ) ) ;
#2036 = VERTEX_POINT ( 'NONE', #4474 ) ;
#2037 = DIRECTION ( 'NONE',  ( 0.000000000000000000, 0.000000000000000000, -1.000000000000000000 ) ) ;
#2038 = EDGE_CURVE ( 'NONE', #3233, #466, #847, .T. ) ;
#2039 = EDGE_CURVE ( 'NONE', #2857, #1553, #525, .T. ) ;
#2040 = FACE_OUTER_BOUND ( 'NONE', #2938, .T. ) ;
#2041 = CARTESIAN_POINT ( 'NONE',  ( 20.74999999999968381, 3.000000000000000000, 32.59142269575455941 ) ) ;
#2042 = CARTESIAN_POINT ( 'NONE',  ( -33.50000000000000000, -0.8695052346245303321, -29.85000000000000142 ) ) ;
#2043 = CARTESIAN_POINT ( 'NONE',  ( 26.00000000000000355, 3.000000000000000000, 25.60000000000000853 ) ) ;
#2044 = ORIENTED_EDGE ( 'NONE', *, *, #4172, .F. ) ;
#2045 = EDGE_CURVE ( 'NONE', #4763, #3211, #906, .T. ) ;
#2046 = CARTESIAN_POINT ( 'NONE',  ( -35.55267744782884165, 3.000000000000013323, -20.42580032822851521 ) ) ;
#2047 = CARTESIAN_POINT ( 'NONE',  ( -25.99999999999999645, 1.900000000000001243, -25.60000000000000497 ) ) ;
#2048 = EDGE_CURVE ( 'NONE', #2326, #982, #1161, .T. ) ;
#2049 = ORIENTED_EDGE ( 'NONE', *, *, #3930, .F. ) ;
#2050 = DIRECTION ( 'NONE',  ( -0.000000000000000000, -1.000000000000000000, -0.000000000000000000 ) ) ;
#2051 = AXIS2_PLACEMENT_3D ( 'NONE', #835, #3855, #4727 ) ;
#2052 = EDGE_CURVE ( 'NONE', #668, #1735, #732, .T. ) ;
#2053 = FACE_OUTER_BOUND ( 'NONE', #2758, .T. ) ;
#2054 = PLANE ( 'NONE',  #2823 ) ;
#2055 = CARTESIAN_POINT ( 'NONE',  ( -25.99999999999999645, -3.999999999999930722, 27.50000000000000000 ) ) ;
#2056 = VECTOR ( 'NONE', #3184, 1000.000000000000000 ) ;
#2057 = CARTESIAN_POINT ( 'NONE',  ( 0.000000000000000000, -8.469123934395588905E-15, 0.000000000000000000 ) ) ;
#2058 = ORIENTED_EDGE ( 'NONE', *, *, #1422, .T. ) ;
#2059 = DIRECTION ( 'NONE',  ( -0.000000000000000000, 1.000000000000000000, -0.000000000000000000 ) ) ;
#2060 = CARTESIAN_POINT ( 'NONE',  ( -21.90000000000000213, -5.204170427930421283E-15, -15.69059892324149708 ) ) ;
#2061 = ORIENTED_EDGE ( 'NONE', *, *, #738, .F. ) ;
#2062 = CARTESIAN_POINT ( 'NONE',  ( -25.99999999999999645, 3.000000000000000000, -22.40000000000000213 ) ) ;
#2063 = DIRECTION ( 'NONE',  ( 0.000000000000000000, 1.000000000000000000, 0.000000000000000000 ) ) ;
#2064 = DIRECTION ( 'NONE',  ( 0.000000000000000000, 0.000000000000000000, -1.000000000000000000 ) ) ;
#2065 = AXIS2_PLACEMENT_3D ( 'NONE', #108, #432, #1610 ) ;
#2066 = VECTOR ( 'NONE', #3289, 1000.000000000000000 ) ;
#2067 = CARTESIAN_POINT ( 'NONE',  ( -20.75000000000037303, -3.000000000000000000, 32.59142269575413309 ) ) ;
#2068 = CARTESIAN_POINT ( 'NONE',  ( 23.65000000000016556, 2.365118790450081221, -34.26573847640418080 ) ) ;
#2069 = ORIENTED_EDGE ( 'NONE', *, *, #2210, .T. ) ;
#2070 = CARTESIAN_POINT ( 'NONE',  ( -21.90000000000000924, 3.000000000000000000, 15.69059892324150063 ) ) ;
#2071 = VECTOR ( 'NONE', #1598, 1000.000000000000000 ) ;
#2072 = DIRECTION ( 'NONE',  ( -0.000000000000000000, -1.000000000000000000, -0.000000000000000000 ) ) ;
#2073 = EDGE_CURVE ( 'NONE', #3783, #4149, #3980, .T. ) ;
#2074 = VECTOR ( 'NONE', #712, 1000.000000000000000 ) ;
#2075 = AXIS2_PLACEMENT_3D ( 'NONE', #267, #3657, #4033 ) ;
#2076 = EDGE_LOOP ( 'NONE', ( #1800, #4743, #1053, #1717 ) ) ;
#2077 = ADVANCED_FACE ( 'NONE', ( #2662 ), #3035, .F. ) ;
#2078 = CARTESIAN_POINT ( 'NONE',  ( -20.74999999999991829, -3.000000000000000000, -32.59142269575442441 ) ) ;
#2079 = DIRECTION ( 'NONE',  ( 0.000000000000000000, -1.000000000000000000, 0.000000000000000000 ) ) ;
#2080 = DIRECTION ( 'NONE',  ( 0.000000000000000000, 0.000000000000000000, -1.000000000000000000 ) ) ;
#2081 = ORIENTED_EDGE ( 'NONE', *, *, #2739, .T. ) ;
#2082 = VECTOR ( 'NONE', #705, 1000.000000000000114 ) ;
#2083 = ADVANCED_FACE ( 'NONE', ( #3059, #4641 ), #2706, .F. ) ;
#2084 = ORIENTED_EDGE ( 'NONE', *, *, #1334, .T. ) ;
#2085 = VECTOR ( 'NONE', #3764, 1000.000000000000000 ) ;
#2086 = CARTESIAN_POINT ( 'NONE',  ( -29.00000000000000355, 0.000000000000000000, 12.74611255037439861 ) ) ;
#2087 = EDGE_LOOP ( 'NONE', ( #2277, #293, #4499, #1443 ) ) ;
#2088 = DIRECTION ( 'NONE',  ( 1.000000000000000000, -0.000000000000000000, 0.000000000000000000 ) ) ;
#2089 = CARTESIAN_POINT ( 'NONE',  ( 0.000000000000000000, -3.000000000000000000, 0.000000000000000000 ) ) ;
#2090 = EDGE_CURVE ( 'NONE', #4297, #3965, #4594, .T. ) ;
#2091 = ORIENTED_EDGE ( 'NONE', *, *, #1645, .T. ) ;
#2092 = DIRECTION ( 'NONE',  ( -0.000000000000000000, -1.000000000000000000, -0.000000000000000000 ) ) ;
#2093 = EDGE_LOOP ( 'NONE', ( #2933, #323, #1401, #992 ) ) ;
#2094 = DIRECTION ( 'NONE',  ( -1.000000000000000000, 0.000000000000000000, -3.663735981263015795E-15 ) ) ;
#2095 = DIRECTION ( 'NONE',  ( -0.000000000000000000, -1.000000000000000000, -0.000000000000000000 ) ) ;
#2096 = CIRCLE ( 'NONE', #93, 1.100000000000000311 ) ;
#2097 = DIRECTION ( 'NONE',  ( -0.000000000000000000, -1.000000000000000000, -0.000000000000000000 ) ) ;
#2098 = ORIENTED_EDGE ( 'NONE', *, *, #4717, .T. ) ;
#2099 = CARTESIAN_POINT ( 'NONE',  ( 8.300000000000006040, 1.800000000000000044, -9.149999999999996803 ) ) ;
#2100 = B_SPLINE_CURVE_WITH_KNOTS ( 'NONE', 3,
 ( #3648, #1331, #530, #2891 ),
 .UNSPECIFIED., .F., .F.,
 ( 4, 4 ),
 ( 0.007951172727015242553, 0.01458904433625352222 ),
 .UNSPECIFIED. ) ;
#2101 = DIRECTION ( 'NONE',  ( 0.000000000000000000, 0.000000000000000000, -1.000000000000000000 ) ) ;
#2102 = AXIS2_PLACEMENT_3D ( 'NONE', #161, #4277, #433 ) ;
#2103 = EDGE_LOOP ( 'NONE', ( #222, #1772 ) ) ;
#2104 = CARTESIAN_POINT ( 'NONE',  ( -20.75000000000016698, -2.999999999999999112, -35.94005425705411483 ) ) ;
#2105 = CARTESIAN_POINT ( 'NONE',  ( 3.469446951953614189E-15, -1.734723475976807883E-15, 24.00000000000000355 ) ) ;
#2106 = ORIENTED_EDGE ( 'NONE', *, *, #1619, .T. ) ;
#2107 = EDGE_CURVE ( 'NONE', #3292, #1297, #1734, .T. ) ;
#2108 = VECTOR ( 'NONE', #2674, 1000.000000000000114 ) ;
#2109 = ORIENTED_EDGE ( 'NONE', *, *, #2107, .F. ) ;
#2110 = ORIENTED_EDGE ( 'NONE', *, *, #89, .F. ) ;
#2111 = CIRCLE ( 'NONE', #4916, 1.600000000000000755 ) ;
#2112 = CARTESIAN_POINT ( 'NONE',  ( 0.000000000000000000, 0.000000000000000000, 0.000000000000000000 ) ) ;
#2113 = VERTEX_POINT ( 'NONE', #3082 ) ;
#2114 = CARTESIAN_POINT ( 'NONE',  ( 41.49999999999999289, 2.365118790450091435, -3.348631561299825865 ) ) ;
#2115 = FACE_OUTER_BOUND ( 'NONE', #1948, .T. ) ;
#2116 = ADVANCED_FACE ( 'NONE', ( #428 ), #4218, .F. ) ;
#2117 = AXIS2_PLACEMENT_3D ( 'NONE', #2926, #4818, #4466 ) ;
#2118 = ORIENTED_EDGE ( 'NONE', *, *, #3118, .T. ) ;
#2119 = DIRECTION ( 'NONE',  ( 0.000000000000000000, 0.000000000000000000, -1.000000000000000000 ) ) ;
#2120 = ORIENTED_EDGE ( 'NONE', *, *, #2228, .F. ) ;
#2121 = EDGE_CURVE ( 'NONE', #553, #4149, #1578, .T. ) ;
#2122 = FACE_BOUND ( 'NONE', #2833, .T. ) ;
#2123 = DIRECTION ( 'NONE',  ( 0.000000000000000000, -0.000000000000000000, 1.000000000000000000 ) ) ;
#2124 = DIRECTION ( 'NONE',  ( -0.000000000000000000, -1.000000000000000000, -0.000000000000000000 ) ) ;
#2125 = CARTESIAN_POINT ( 'NONE',  ( 33.20000000000000284, 3.000000000000000000, -7.200000000000000178 ) ) ;
#2126 = ORIENTED_EDGE ( 'NONE', *, *, #1064, .T. ) ;
#2127 = CARTESIAN_POINT ( 'NONE',  ( 29.32067667992225424, -3.999999999999930722, -22.89405859675089161 ) ) ;
#2128 = FACE_OUTER_BOUND ( 'NONE', #4050, .T. ) ;
#2129 = AXIS2_PLACEMENT_3D ( 'NONE', #1138, #3382, #3067 ) ;
#2130 = DIRECTION ( 'NONE',  ( 0.000000000000000000, 0.000000000000000000, -1.000000000000000000 ) ) ;
#2131 = FACE_OUTER_BOUND ( 'NONE', #2698, .T. ) ;
#2132 = ORIENTED_EDGE ( 'NONE', *, *, #3517, .F. ) ;
#2133 = AXIS2_PLACEMENT_3D ( 'NONE', #1868, #4555, #2205 ) ;
#2134 = EDGE_CURVE ( 'NONE', #1673, #1431, #4271, .T. ) ;
#2135 = EDGE_LOOP ( 'NONE', ( #287, #3096, #4301, #2445 ) ) ;
#2136 = CARTESIAN_POINT ( 'NONE',  ( 22.68333333333351476, -0.3894956581382521543, -38.17247529792064853 ) ) ;
#2137 = EDGE_LOOP ( 'NONE', ( #2432, #1114, #4497, #3173 ) ) ;
#2138 = DIRECTION ( 'NONE',  ( 0.000000000000000000, 1.000000000000000000, 0.000000000000000000 ) ) ;
#2139 = PLANE ( 'NONE',  #2945 ) ;
#2140 = AXIS2_PLACEMENT_3D ( 'NONE', #888, #1184, #2694 ) ;
#2141 = ORIENTED_EDGE ( 'NONE', *, *, #207, .F. ) ;
#2142 = ADVANCED_FACE ( 'NONE', ( #2360 ), #3470, .T. ) ;
#2143 = DIRECTION ( 'NONE',  ( -1.036100853139915938E-15, -0.000000000000000000, 1.000000000000000000 ) ) ;
#2144 = AXIS2_PLACEMENT_3D ( 'NONE', #2313, #1132, #48 ) ;
#2145 = ORIENTED_EDGE ( 'NONE', *, *, #4906, .T. ) ;
#2146 = EDGE_CURVE ( 'NONE', #2217, #4532, #4616, .T. ) ;
#2147 = DIRECTION ( 'NONE',  ( -3.663735981263015795E-15, 0.000000000000000000, 1.000000000000000000 ) ) ;
#2148 = ADVANCED_FACE ( 'NONE', ( #805 ), #4177, .F. ) ;
#2149 = EDGE_LOOP ( 'NONE', ( #1902, #429, #675, #3240 ) ) ;
#2150 = CARTESIAN_POINT ( 'NONE',  ( 42.47248688315251997, 1.440940235700774341, 2.787165997528342043 ) ) ;
#2151 = CARTESIAN_POINT ( 'NONE',  ( 0.000000000000000000, 3.000000000000000000, 0.000000000000000000 ) ) ;
#2152 = AXIS2_PLACEMENT_3D ( 'NONE', #3926, #3500, #1179 ) ;
#2153 = ADVANCED_FACE ( 'NONE', ( #4979 ), #757, .F. ) ;
#2154 = EDGE_LOOP ( 'NONE', ( #3603, #2610, #3369, #2502 ) ) ;
#2155 = CIRCLE ( 'NONE', #3753, 1.600000000000000755 ) ;
#2156 = DIRECTION ( 'NONE',  ( -0.000000000000000000, -1.000000000000000000, -0.000000000000000000 ) ) ;
#2157 = CIRCLE ( 'NONE', #2075, 3.499999999999999556 ) ;
#2158 = DIRECTION ( 'NONE',  ( 0.000000000000000000, 0.000000000000000000, -1.000000000000000000 ) ) ;
#2159 = DIRECTION ( 'NONE',  ( 0.000000000000000000, 0.000000000000000000, -1.000000000000000000 ) ) ;
#2160 = DIRECTION ( 'NONE',  ( 0.000000000000000000, 1.000000000000000000, 0.000000000000000000 ) ) ;
#2161 = VECTOR ( 'NONE', #4280, 1000.000000000000000 ) ;
#2162 = ORIENTED_EDGE ( 'NONE', *, *, #1588, .T. ) ;
#2163 = CARTESIAN_POINT ( 'NONE',  ( 29.00000000000000355, 0.000000000000000000, 11.35000000000000497 ) ) ;
#2164 = ORIENTED_EDGE ( 'NONE', *, *, #1835, .T. ) ;
#2165 = DIRECTION ( 'NONE',  ( -0.8660254037844432595, 0.000000000000000000, 0.4999999999999919509 ) ) ;
#2166 = VECTOR ( 'NONE', #2760, 1000.000000000000000 ) ;
#2167 = AXIS2_PLACEMENT_3D ( 'NONE', #2637, #3793, #375 ) ;
#2168 = ORIENTED_EDGE ( 'NONE', *, *, #3401, .T. ) ;
#2169 = FACE_OUTER_BOUND ( 'NONE', #3551, .T. ) ;
#2170 = ORIENTED_EDGE ( 'NONE', *, *, #2299, .T. ) ;
#2171 = CARTESIAN_POINT ( 'NONE',  ( 41.29694029410231337, 2.576949823386955885, 3.231394985438233114 ) ) ;
#2172 = DIRECTION ( 'NONE',  ( 0.000000000000000000, 0.000000000000000000, -1.000000000000000000 ) ) ;
#2173 = AXIS2_PLACEMENT_3D ( 'NONE', #2112, #3638, #197 ) ;
#2174 = EDGE_CURVE ( 'NONE', #2776, #4266, #3847, .T. ) ;
#2175 = EDGE_CURVE ( 'NONE', #1314, #311, #4247, .T. ) ;
#2176 = EDGE_LOOP ( 'NONE', ( #4745, #254, #2676, #2896 ) ) ;
#2177 = CARTESIAN_POINT ( 'NONE',  ( -25.16282172263366945, -1.734723475976807883E-15, -27.39840146714686497 ) ) ;
#2178 = CARTESIAN_POINT ( 'NONE',  ( -41.09372371516585787, 2.788580543601033579, -3.114067838885475670 ) ) ;
#2179 = PLANE ( 'NONE',  #261 ) ;
#2180 = EDGE_CURVE ( 'NONE', #340, #2675, #4615, .T. ) ;
#2181 = B_SPLINE_CURVE_WITH_KNOTS ( 'NONE', 3,
 ( #3462, #17, #1547, #3862 ),
 .UNSPECIFIED., .F., .F.,
 ( 4, 4 ),
 ( 0.008493295193192097400, 0.01513116680243036839 ),
 .UNSPECIFIED. ) ;
#2182 = ORIENTED_EDGE ( 'NONE', *, *, #300, .T. ) ;
#2183 = CARTESIAN_POINT ( 'NONE',  ( 26.00000000000001066, -1.734723475976807883E-15, -23.99999999999999645 ) ) ;
#2184 = DIRECTION ( 'NONE',  ( 0.000000000000000000, 1.000000000000000000, 0.000000000000000000 ) ) ;
#2185 = FACE_OUTER_BOUND ( 'NONE', #3134, .T. ) ;
#2186 = EDGE_CURVE ( 'NONE', #818, #1976, #1934, .T. ) ;
#2187 = ORIENTED_EDGE ( 'NONE', *, *, #3080, .T. ) ;
#2188 = ORIENTED_EDGE ( 'NONE', *, *, #139, .F. ) ;
#2189 = LINE ( 'NONE', #4038, #2565 ) ;
#2190 = ORIENTED_EDGE ( 'NONE', *, *, #4345, .T. ) ;
#2191 = DIRECTION ( 'NONE',  ( -1.000000000000000000, 0.000000000000000000, 1.036100853139915938E-15 ) ) ;
#2192 = DIRECTION ( 'NONE',  ( 0.000000000000000000, 1.000000000000000000, 0.000000000000000000 ) ) ;
#2193 = AXIS2_PLACEMENT_3D ( 'NONE', #4287, #1146, #4972 ) ;
#2194 = EDGE_LOOP ( 'NONE', ( #1805, #2588, #4138, #3343 ) ) ;
#2195 = LINE ( 'NONE', #4068, #3687 ) ;
#2196 = EDGE_LOOP ( 'NONE', ( #2233, #1083, #2800, #374 ) ) ;
#2197 = DIRECTION ( 'NONE',  ( 0.000000000000000000, 0.000000000000000000, -1.000000000000000000 ) ) ;
#2198 = FACE_BOUND ( 'NONE', #1208, .T. ) ;
#2199 = ORIENTED_EDGE ( 'NONE', *, *, #1437, .T. ) ;
#2200 = DIRECTION ( 'NONE',  ( 0.000000000000000000, 0.000000000000000000, -1.000000000000000000 ) ) ;
#2201 =( NAMED_UNIT ( * ) PLANE_ANGLE_UNIT ( ) SI_UNIT ( $, .RADIAN. ) );
#2202 = EDGE_CURVE ( 'NONE', #4063, #913, #3090, .T. ) ;
#2203 = EDGE_CURVE ( 'NONE', #14, #2997, #369, .T. ) ;
#2204 = EDGE_LOOP ( 'NONE', ( #2414, #220, #176, #2579 ) ) ;
#2205 = DIRECTION ( 'NONE',  ( 0.000000000000000000, 0.000000000000000000, -1.000000000000000000 ) ) ;
#2206 = CYLINDRICAL_SURFACE ( 'NONE', #2792, 37.19999999999999574 ) ;
#2207 = FACE_OUTER_BOUND ( 'NONE', #3478, .T. ) ;
#2208 = DIRECTION ( 'NONE',  ( 0.8660254037844408170, 0.000000000000000000, -0.4999999999999963363 ) ) ;
#2209 = ORIENTED_EDGE ( 'NONE', *, *, #202, .T. ) ;
#2210 = EDGE_CURVE ( 'NONE', #4486, #1043, #1631, .T. ) ;
#2211 = VERTEX_POINT ( 'NONE', #178 ) ;
#2212 = DIRECTION ( 'NONE',  ( -1.247929502325495278E-16, 0.000000000000000000, 1.000000000000000000 ) ) ;
#2213 = LINE ( 'NONE', #3365, #502 ) ;
#2214 = CARTESIAN_POINT ( 'NONE',  ( 38.59999999999999432, 3.000000000000000000, -1.674315780649907826 ) ) ;
#2215 = ORIENTED_EDGE ( 'NONE', *, *, #2899, .T. ) ;
#2216 = CARTESIAN_POINT ( 'NONE',  ( -25.99999999999999645, 3.000000000000000000, -25.60000000000000497 ) ) ;
#2217 = VERTEX_POINT ( 'NONE', #4373 ) ;
#2218 = DIRECTION ( 'NONE',  ( -0.000000000000000000, -1.000000000000000000, -0.000000000000000000 ) ) ;
#2219 = CARTESIAN_POINT ( 'NONE',  ( -20.74999999999966604, -2.999999999999999112, 35.94005425705439194 ) ) ;
#2220 = AXIS2_PLACEMENT_3D ( 'NONE', #926, #851, #1656 ) ;
#2221 = ORIENTED_EDGE ( 'NONE', *, *, #1866, .F. ) ;
#2222 = DIRECTION ( 'NONE',  ( -0.000000000000000000, -1.000000000000000000, -0.000000000000000000 ) ) ;
#2223 = CYLINDRICAL_SURFACE ( 'NONE', #471, 2.000000000000000000 ) ;
#2224 = ORIENTED_EDGE ( 'NONE', *, *, #1248, .F. ) ;
#2225 = PLANE ( 'NONE',  #2292 ) ;
#2226 = DIRECTION ( 'NONE',  ( 0.000000000000000000, 0.000000000000000000, -1.000000000000000000 ) ) ;
#2227 = CARTESIAN_POINT ( 'NONE',  ( 29.00000000000000355, 0.000000000000000000, 10.25000000000000355 ) ) ;
#2228 = EDGE_CURVE ( 'NONE', #1762, #4445, #3132, .T. ) ;
#2229 = VECTOR ( 'NONE', #833, 1000.000000000000000 ) ;
#2230 = ORIENTED_EDGE ( 'NONE', *, *, #1096, .F. ) ;
#2231 = EDGE_CURVE ( 'NONE', #595, #3611, #4946, .T. ) ;
#2232 = AXIS2_PLACEMENT_3D ( 'NONE', #2450, #3610, #4313 ) ;
#2233 = ORIENTED_EDGE ( 'NONE', *, *, #1860, .T. ) ;
#2234 = DIRECTION ( 'NONE',  ( 0.000000000000000000, 1.000000000000000000, 0.000000000000000000 ) ) ;
#2235 = FACE_BOUND ( 'NONE', #2372, .T. ) ;
#2236 = DIRECTION ( 'NONE',  ( -0.000000000000000000, -1.000000000000000000, -0.000000000000000000 ) ) ;
#2237 = VECTOR ( 'NONE', #2825, 999.9999999999998863 ) ;
#2238 = ADVANCED_FACE ( 'NONE', ( #4020, #2837 ), #1277, .T. ) ;
#2239 = EDGE_LOOP ( 'NONE', ( #2687, #275, #1295, #1288 ) ) ;
#2240 = CIRCLE ( 'NONE', #386, 39.20000000000000284 ) ;
#2241 = CIRCLE ( 'NONE', #3761, 45.00000000000000000 ) ;
#2242 = CARTESIAN_POINT ( 'NONE',  ( -25.99999999999999645, 0.000000000000000000, -24.00000000000000355 ) ) ;
#2243 = VERTEX_POINT ( 'NONE', #3918 ) ;
#2244 = LINE ( 'NONE', #3319, #4854 ) ;
#2245 = DIRECTION ( 'NONE',  ( -0.000000000000000000, 0.000000000000000000, -1.000000000000000000 ) ) ;
#2246 = EDGE_CURVE ( 'NONE', #1712, #3845, #578, .T. ) ;
#2247 = VECTOR ( 'NONE', #848, 1000.000000000000000 ) ;
#2248 = ORIENTED_EDGE ( 'NONE', *, *, #2038, .F. ) ;
#2249 = CARTESIAN_POINT ( 'NONE',  ( -23.65000000000043912, -3.000000000000000000, 37.61437003770384280 ) ) ;
#2250 = AXIS2_PLACEMENT_3D ( 'NONE', #4237, #2234, #3439 ) ;
#2251 = FACE_OUTER_BOUND ( 'NONE', #1616, .T. ) ;
#2252 = ORIENTED_EDGE ( 'NONE', *, *, #4504, .T. ) ;
#2253 = CARTESIAN_POINT ( 'NONE',  ( 29.00000000000000355, 2.999999999999999112, -10.24999999999999645 ) ) ;
#2254 = DIRECTION ( 'NONE',  ( 0.000000000000000000, 0.000000000000000000, -1.000000000000000000 ) ) ;
#2255 = DIRECTION ( 'NONE',  ( -0.000000000000000000, -1.000000000000000000, -0.000000000000000000 ) ) ;
#2256 = ORIENTED_EDGE ( 'NONE', *, *, #1127, .T. ) ;
#2257 = EDGE_LOOP ( 'NONE', ( #4085, #4519, #1822, #4340 ) ) ;
#2258 = CARTESIAN_POINT ( 'NONE',  ( -21.90000000000000924, 3.000000000000000000, 15.69059892324150063 ) ) ;
#2259 = CARTESIAN_POINT ( 'NONE',  ( -19.78872433077517812, 0.5081212520958620082, 38.73369305196114709 ) ) ;
#2260 = LINE ( 'NONE', #349, #3055 ) ;
#2261 = EDGE_CURVE ( 'NONE', #67, #389, #4145, .T. ) ;
#2262 = VECTOR ( 'NONE', #4724, 1000.000000000000000 ) ;
#2263 = ORIENTED_EDGE ( 'NONE', *, *, #3266, .T. ) ;
#2264 = CIRCLE ( 'NONE', #4267, 41.00000000000000711 ) ;
#2265 = LINE ( 'NONE', #1476, #1355 ) ;
#2266 = ORIENTED_EDGE ( 'NONE', *, *, #1627, .F. ) ;
#2267 = EDGE_CURVE ( 'NONE', #273, #818, #3991, .T. ) ;
#2268 = FACE_OUTER_BOUND ( 'NONE', #1646, .T. ) ;
#2269 = CARTESIAN_POINT ( 'NONE',  ( 26.00000000000001066, 0.000000000000000000, -25.59999999999999787 ) ) ;
#2270 = PLANE ( 'NONE',  #1901 ) ;
#2271 = AXIS2_PLACEMENT_3D ( 'NONE', #3641, #2860, #4394 ) ;
#2272 = ORIENTED_EDGE ( 'NONE', *, *, #3701, .F. ) ;
#2273 = DIRECTION ( 'NONE',  ( -0.000000000000000000, -1.000000000000000000, -0.000000000000000000 ) ) ;
#2274 = EDGE_CURVE ( 'NONE', #724, #3635, #4349, .T. ) ;
#2275 = CARTESIAN_POINT ( 'NONE',  ( -25.99999999999999645, -1.734723475976807883E-15, 23.99999999999999645 ) ) ;
#2276 = DIRECTION ( 'NONE',  ( 0.000000000000000000, 0.000000000000000000, 1.000000000000000000 ) ) ;
#2277 = ORIENTED_EDGE ( 'NONE', *, *, #2356, .T. ) ;
#2278 = DIRECTION ( 'NONE',  ( 0.000000000000000000, 0.000000000000000000, -1.000000000000000000 ) ) ;
#2279 = DIRECTION ( 'NONE',  ( 0.8660254037844342667, 0.000000000000000000, 0.5000000000000075495 ) ) ;
#2280 = CARTESIAN_POINT ( 'NONE',  ( -41.50000000000000000, -3.000000000000000000, -3.348631561299828974 ) ) ;
#2281 = VERTEX_POINT ( 'NONE', #1708 ) ;
#2282 = ORIENTED_EDGE ( 'NONE', *, *, #3672, .F. ) ;
#2283 = CARTESIAN_POINT ( 'NONE',  ( -41.29694029410230627, 2.576949823386958993, 3.231394985438231782 ) ) ;
#2284 = LINE ( 'NONE', #800, #1819 ) ;
#2285 = DIRECTION ( 'NONE',  ( -0.000000000000000000, -1.000000000000000000, -0.000000000000000000 ) ) ;
#2286 = ORIENTED_EDGE ( 'NONE', *, *, #1483, .T. ) ;
#2287 = CYLINDRICAL_SURFACE ( 'NONE', #4723, 1.549999999999997158 ) ;
#2288 = ORIENTED_EDGE ( 'NONE', *, *, #4844, .T. ) ;
#2289 = FACE_OUTER_BOUND ( 'NONE', #3393, .T. ) ;
#2290 = CARTESIAN_POINT ( 'NONE',  ( -20.75000000000016698, -15.99999999999994138, -35.94005425705411483 ) ) ;
#2291 = DIRECTION ( 'NONE',  ( 1.000000000000000000, 0.000000000000000000, 1.942890293094023946E-15 ) ) ;
#2292 = AXIS2_PLACEMENT_3D ( 'NONE', #4184, #2598, #363 ) ;
#2293 = EDGE_CURVE ( 'NONE', #1724, #4069, #1970, .T. ) ;
#2294 = ORIENTED_EDGE ( 'NONE', *, *, #4378, .F. ) ;
#2295 = CARTESIAN_POINT ( 'NONE',  ( 20.74999999999963052, -0.4315578539997965146, 39.28868581835422447 ) ) ;
#2296 = VECTOR ( 'NONE', #2218, 1000.000000000000000 ) ;
#2297 = SURFACE_SIDE_STYLE ('',( #4205 ) ) ;
#2298 = CARTESIAN_POINT ( 'NONE',  ( 41.49999999999999289, -2.999999999999999112, 0.000000000000000000 ) ) ;
#2299 = EDGE_CURVE ( 'NONE', #1431, #2841, #1606, .T. ) ;
#2300 = CARTESIAN_POINT ( 'NONE',  ( 0.000000000000000000, -3.999999999999931610, 0.000000000000000000 ) ) ;
#2301 = ORIENTED_EDGE ( 'NONE', *, *, #2174, .F. ) ;
#2302 = CARTESIAN_POINT ( 'NONE',  ( -20.75000000000045475, -3.000000000000000000, 39.28868581835378393 ) ) ;
#2303 = LINE ( 'NONE', #3782, #2584 ) ;
#2304 = EDGE_CURVE ( 'NONE', #2931, #2485, #477, .T. ) ;
#2305 = EDGE_LOOP ( 'NONE', ( #3234, #75, #1308, #3818 ) ) ;
#2306 = ORIENTED_EDGE ( 'NONE', *, *, #1242, .T. ) ;
#2307 = CARTESIAN_POINT ( 'NONE',  ( -44.39999999999999147, -0.4315578539997965146, 1.674315780649913599 ) ) ;
#2308 = CARTESIAN_POINT ( 'NONE',  ( 41.50000000000000000, -3.000000000000000000, 3.348631561299828974 ) ) ;
#2309 = AXIS2_PLACEMENT_3D ( 'NONE', #3798, #1107, #1434 ) ;
#2310 = DIRECTION ( 'NONE',  ( 0.000000000000000000, 1.000000000000000000, 0.000000000000000000 ) ) ;
#2311 = VERTEX_POINT ( 'NONE', #2385 ) ;
#2312 = FACE_BOUND ( 'NONE', #1174, .T. ) ;
#2313 = CARTESIAN_POINT ( 'NONE',  ( 29.00000000000000355, 0.000000000000000000, 10.25000000000000355 ) ) ;
#2314 = AXIS2_PLACEMENT_3D ( 'NONE', #3735, #3329, #1723 ) ;
#2315 = VECTOR ( 'NONE', #1375, 1000.000000000000000 ) ;
#2316 = AXIS2_PLACEMENT_3D ( 'NONE', #1686, #1307, #158 ) ;
#2317 = AXIS2_PLACEMENT_3D ( 'NONE', #2105, #1366, #592 ) ;
#2318 = ORIENTED_EDGE ( 'NONE', *, *, #1796, .F. ) ;
#2319 = CARTESIAN_POINT ( 'NONE',  ( -35.04504180663915491, 2.806736016561028890, 21.65120782187598891 ) ) ;
#2320 = EDGE_CURVE ( 'NONE', #4398, #2311, #1327, .T. ) ;
#2321 = CARTESIAN_POINT ( 'NONE',  ( -29.00000000000000355, 0.000000000000000000, 13.90081308875364563 ) ) ;
#2322 = AXIS2_PLACEMENT_3D ( 'NONE', #4023, #1082, #981 ) ;
#2323 = CARTESIAN_POINT ( 'NONE',  ( 26.00000000000001066, 1.900000000000001243, -23.99999999999999645 ) ) ;
#2324 = VECTOR ( 'NONE', #3959, 1000.000000000000000 ) ;
#2325 = CARTESIAN_POINT ( 'NONE',  ( 17.85000000000017906, 2.365118790450078556, -37.61437003770404175 ) ) ;
#2326 = VERTEX_POINT ( 'NONE', #3967 ) ;
#2327 = EDGE_CURVE ( 'NONE', #3542, #174, #952, .T. ) ;
#2328 = DIRECTION ( 'NONE',  ( -0.000000000000000000, -1.000000000000000000, -0.000000000000000000 ) ) ;
#2329 = CARTESIAN_POINT ( 'NONE',  ( 20.75000000000014921, 3.000000000000000000, -32.59142269575428230 ) ) ;
#2330 = VERTEX_POINT ( 'NONE', #524 ) ;
#2331 = VERTEX_POINT ( 'NONE', #153 ) ;
#2332 = DIRECTION ( 'NONE',  ( -0.000000000000000000, -1.000000000000000000, -0.000000000000000000 ) ) ;
#2333 =( LENGTH_UNIT ( ) NAMED_UNIT ( * ) SI_UNIT ( .MILLI., .METRE. ) );
#2334 = CARTESIAN_POINT ( 'NONE',  ( 20.75000000000014921, -3.000000000000000000, -32.59142269575428230 ) ) ;
#2335 = DIRECTION ( 'NONE',  ( -0.000000000000000000, 1.000000000000000000, -0.000000000000000000 ) ) ;
#2336 = CARTESIAN_POINT ( 'NONE',  ( 17.84999999999965326, -3.000000000000000000, 37.61437003770428333 ) ) ;
#2337 = ORIENTED_EDGE ( 'NONE', *, *, #3364, .F. ) ;
#2338 = CARTESIAN_POINT ( 'NONE',  ( -21.90000000000000213, 0.000000000000000000, -18.00000000000000000 ) ) ;
#2339 = CARTESIAN_POINT ( 'NONE',  ( -34.49999999999999289, -16.00610012852901676, 28.85000000000000142 ) ) ;
#2340 = B_SPLINE_CURVE_WITH_KNOTS ( 'NONE', 3,
 ( #1718, #2178, #4805, #4029 ),
 .UNSPECIFIED., .F., .F.,
 ( 4, 4 ),
 ( 2.989228704857683272E-07, 0.0009482706569147956446 ),
 .UNSPECIFIED. ) ;
#2341 = VERTEX_POINT ( 'NONE', #1247 ) ;
#2342 = CARTESIAN_POINT ( 'NONE',  ( -34.62046232825787229, 2.262521356003541761, 23.31461228806915287 ) ) ;
#2343 = FACE_BOUND ( 'NONE', #657, .T. ) ;
#2344 = FACE_OUTER_BOUND ( 'NONE', #376, .T. ) ;
#2345 = VECTOR ( 'NONE', #4738, 1000.000000000000114 ) ;
#2346 = LINE ( 'NONE', #2717, #4938 ) ;
#2347 = ORIENTED_EDGE ( 'NONE', *, *, #1311, .F. ) ;
#2348 = DIRECTION ( 'NONE',  ( 0.000000000000000000, -1.000000000000000000, 0.000000000000000000 ) ) ;
#2349 = DIRECTION ( 'NONE',  ( 0.4999999999999980016, 0.000000000000000000, 0.8660254037844398178 ) ) ;
#2350 = EDGE_CURVE ( 'NONE', #1582, #1502, #4322, .T. ) ;
#2351 = EDGE_LOOP ( 'NONE', ( #301, #840, #1470, #1477, #1055 ) ) ;
#2352 = EDGE_LOOP ( 'NONE', ( #1676, #4839, #37, #4307 ) ) ;
#2353 = DIRECTION ( 'NONE',  ( 3.552713678800500929E-15, 0.000000000000000000, -1.000000000000000000 ) ) ;
#2354 = CARTESIAN_POINT ( 'NONE',  ( 20.74999999999963052, -0.4315578539997965146, 39.28868581835422447 ) ) ;
#2355 = FACE_OUTER_BOUND ( 'NONE', #3893, .T. ) ;
#2356 = EDGE_CURVE ( 'NONE', #3263, #2675, #788, .T. ) ;
#2357 = CARTESIAN_POINT ( 'NONE',  ( 3.665390439817190268E-15, 0.000000000000000000, -22.40000000000000213 ) ) ;
#2358 = ORIENTED_EDGE ( 'NONE', *, *, #3768, .T. ) ;
#2359 = CARTESIAN_POINT ( 'NONE',  ( 44.39999999999999147, -3.000000000000000000, -1.674315780649913599 ) ) ;
#2360 = FACE_OUTER_BOUND ( 'NONE', #4016, .T. ) ;
#2361 = ADVANCED_FACE ( 'NONE', ( #3215 ), #653, .F. ) ;
#2362 = VERTEX_POINT ( 'NONE', #4123 ) ;
#2363 = EDGE_LOOP ( 'NONE', ( #2906, #3229 ) ) ;
#2364 = DIRECTION ( 'NONE',  ( -0.000000000000000000, 1.000000000000000000, 0.000000000000000000 ) ) ;
#2365 = DIRECTION ( 'NONE',  ( 0.000000000000000000, 1.000000000000000000, 0.000000000000000000 ) ) ;
#2366 = CARTESIAN_POINT ( 'NONE',  ( -17.84999999999990905, 3.000000000000000000, -36.91039826390395007 ) ) ;
#2367 = CIRCLE ( 'NONE', #3567, 2.000000000000000000 ) ;
#2368 = CARTESIAN_POINT ( 'NONE',  ( 17.85000000000016840, 3.000000000000000000, -34.26573847640420212 ) ) ;
#2369 = EDGE_LOOP ( 'NONE', ( #2699, #4250 ) ) ;
#2370 = CARTESIAN_POINT ( 'NONE',  ( -35.77450980392158186, 3.000000000000000000, -20.02958931903293305 ) ) ;
#2371 = CARTESIAN_POINT ( 'NONE',  ( 33.20000000000000284, 3.000000000000000000, 5.200000000000000178 ) ) ;
#2372 = EDGE_LOOP ( 'NONE', ( #612, #1421 ) ) ;
#2373 = AXIS2_PLACEMENT_3D ( 'NONE', #3005, #3492, #4571 ) ;
#2374 = ORIENTED_EDGE ( 'NONE', *, *, #1278, .T. ) ;
#2375 = CARTESIAN_POINT ( 'NONE',  ( 8.462269199216015281, 0.000000000000000000, 9.199999999999999289 ) ) ;
#2376 = CARTESIAN_POINT ( 'NONE',  ( 3.469446951953614189E-15, -1.734723475976807883E-15, -24.00000000000000355 ) ) ;
#2377 = CARTESIAN_POINT ( 'NONE',  ( -41.49999999999999289, -3.000000000000000000, 3.348631561299825865 ) ) ;
#2378 = EDGE_LOOP ( 'NONE', ( #2337, #2525, #3595, #2301 ) ) ;
#2379 = ADVANCED_FACE ( 'NONE', ( #2115 ), #1028, .F. ) ;
#2380 = ADVANCED_FACE ( 'NONE', ( #1754 ), #277, .F. ) ;
#2381 = ORIENTED_EDGE ( 'NONE', *, *, #1860, .F. ) ;
#2382 = CYLINDRICAL_SURFACE ( 'NONE', #4637, 1.999999999999998224 ) ;
#2383 = VERTEX_POINT ( 'NONE', #680 ) ;
#2384 = DIRECTION ( 'NONE',  ( -0.000000000000000000, -1.000000000000000000, -0.000000000000000000 ) ) ;
#2385 = CARTESIAN_POINT ( 'NONE',  ( -25.99999999999999645, -1.734723475976807883E-15, -27.50000000000000355 ) ) ;
#2386 = ADVANCED_FACE ( 'NONE', ( #3693 ), #600, .T. ) ;
#2387 = AXIS2_PLACEMENT_3D ( 'NONE', #87, #3137, #3876 ) ;
#2388 = VERTEX_POINT ( 'NONE', #2214 ) ;
#2389 = VECTOR ( 'NONE', #884, 1000.000000000000000 ) ;
#2390 = VECTOR ( 'NONE', #4784, 1000.000000000000000 ) ;
#2391 = CARTESIAN_POINT ( 'NONE',  ( 43.43872433077471840, 0.5081212520958606760, -2.229308547042564648 ) ) ;
#2392 = EDGE_CURVE ( 'NONE', #454, #2033, #3743, .T. ) ;
#2393 = CARTESIAN_POINT ( 'NONE',  ( -15.80000000000000071, 0.000000000000000000, -14.47816335794327181 ) ) ;
#2394 = CARTESIAN_POINT ( 'NONE',  ( -34.49999999999999289, -11.04878164297398335, 24.91485500660198582 ) ) ;
#2395 = VECTOR ( 'NONE', #4404, 999.9999999999998863 ) ;
#2396 = CARTESIAN_POINT ( 'NONE',  ( -21.90000000000000924, -5.204170427930421283E-15, 15.69059892324150063 ) ) ;
#2397 = VECTOR ( 'NONE', #2863, 1000.000000000000000 ) ;
#2398 = FACE_OUTER_BOUND ( 'NONE', #3745, .T. ) ;
#2399 = AXIS2_PLACEMENT_3D ( 'NONE', #1384, #2541, #262 ) ;
#2400 = VERTEX_POINT ( 'NONE', #4097 ) ;
#2401 = CARTESIAN_POINT ( 'NONE',  ( -20.74999999999966604, -5.999999999999941380, 35.94005425705439194 ) ) ;
#2402 = CIRCLE ( 'NONE', #3767, 3.499999999999999556 ) ;
#2403 = ORIENTED_EDGE ( 'NONE', *, *, #1177, .T. ) ;
#2404 = ORIENTED_EDGE ( 'NONE', *, *, #3486, .F. ) ;
#2405 = CARTESIAN_POINT ( 'NONE',  ( -25.99999999999999645, -1.734723475976807883E-15, 20.49999999999999645 ) ) ;
#2406 = DIRECTION ( 'NONE',  ( 0.8660254037844380415, 0.000000000000000000, 0.5000000000000012212 ) ) ;
#2407 = VECTOR ( 'NONE', #1445, 1000.000000000000000 ) ;
#2408 = ORIENTED_EDGE ( 'NONE', *, *, #156, .F. ) ;
#2409 = DIRECTION ( 'NONE',  ( 0.000000000000000000, 1.000000000000000000, 0.000000000000000000 ) ) ;
#2410 = ORIENTED_EDGE ( 'NONE', *, *, #242, .F. ) ;
#2411 = LINE ( 'NONE', #3942, #3545 ) ;
#2412 = CARTESIAN_POINT ( 'NONE',  ( 20.74999999999968381, -3.000000000000000000, 32.59142269575455941 ) ) ;
#2413 = EDGE_CURVE ( 'NONE', #818, #1762, #4041, .T. ) ;
#2414 = ORIENTED_EDGE ( 'NONE', *, *, #601, .T. ) ;
#2415 = EDGE_CURVE ( 'NONE', #553, #3810, #3101, .T. ) ;
#2416 = DIRECTION ( 'NONE',  ( -0.000000000000000000, -1.000000000000000000, -0.000000000000000000 ) ) ;
#2417 = EDGE_LOOP ( 'NONE', ( #3530, #1531, #704, #4925, #4046, #1152, #4617, #83, #3908, #4098 ) ) ;
#2418 = PLANE ( 'NONE',  #2152 ) ;
#2419 = DIRECTION ( 'NONE',  ( 0.000000000000000000, 1.000000000000000000, 0.000000000000000000 ) ) ;
#2420 = EDGE_CURVE ( 'NONE', #3062, #331, #1801, .T. ) ;
#2421 = CARTESIAN_POINT ( 'NONE',  ( 29.00000000000000355, 2.999999999999999112, 9.150000000000003908 ) ) ;
#2422 = DIRECTION ( 'NONE',  ( 0.000000000000000000, 1.000000000000000000, 0.000000000000000000 ) ) ;
#2423 = ORIENTED_EDGE ( 'NONE', *, *, #2721, .F. ) ;
#2424 = DIRECTION ( 'NONE',  ( 0.000000000000000000, 1.000000000000000000, 0.000000000000000000 ) ) ;
#2425 = VECTOR ( 'NONE', #3819, 1000.000000000000000 ) ;
#2426 = ORIENTED_EDGE ( 'NONE', *, *, #2420, .F. ) ;
#2427 = DIRECTION ( 'NONE',  ( 0.000000000000000000, 1.000000000000000000, 0.000000000000000000 ) ) ;
#2428 = CARTESIAN_POINT ( 'NONE',  ( -41.50000000000000000, -3.000000000000000000, -3.348631561299828974 ) ) ;
#2429 = MECHANICAL_DESIGN_GEOMETRIC_PRESENTATION_REPRESENTATION (  '', ( #1785 ), #3715 ) ;
#2430 = DIRECTION ( 'NONE',  ( -0.000000000000000000, -1.000000000000000000, -0.000000000000000000 ) ) ;
#2431 = ORIENTED_EDGE ( 'NONE', *, *, #1556, .T. ) ;
#2432 = ORIENTED_EDGE ( 'NONE', *, *, #4451, .F. ) ;
#2433 = LINE ( 'NONE', #4291, #3202 ) ;
#2434 = ORIENTED_EDGE ( 'NONE', *, *, #4653, .F. ) ;
#2435 = DIRECTION ( 'NONE',  ( -0.000000000000000000, -1.000000000000000000, -0.000000000000000000 ) ) ;
#2436 = CARTESIAN_POINT ( 'NONE',  ( -14.80000000000000782, 0.000000000000000000, 13.90081308875365274 ) ) ;
#2437 = EDGE_LOOP ( 'NONE', ( #4782, #2772, #2091, #3376 ) ) ;
#2438 = DIRECTION ( 'NONE',  ( 0.8660254037844380415, 0.000000000000000000, -0.5000000000000012212 ) ) ;
#2439 = ORIENTED_EDGE ( 'NONE', *, *, #1149, .T. ) ;
#2440 = CYLINDRICAL_SURFACE ( 'NONE', #4552, 37.19999999999999574 ) ;
#2441 = CARTESIAN_POINT ( 'NONE',  ( 23.65000000000017621, -3.000000000000000000, -37.61437003770400622 ) ) ;
#2442 = ADVANCED_FACE ( 'NONE', ( #3338 ), #4443, .F. ) ;
#2443 = CARTESIAN_POINT ( 'NONE',  ( 29.00000000000000355, 2.999999999999999112, 11.35000000000000497 ) ) ;
#2444 = CARTESIAN_POINT ( 'NONE',  ( 23.04034256034197981, 3.000000000000000000, -33.91375258950407812 ) ) ;
#2445 = ORIENTED_EDGE ( 'NONE', *, *, #2175, .F. ) ;
#2446 = DIRECTION ( 'NONE',  ( 0.000000000000000000, 0.000000000000000000, -1.000000000000000000 ) ) ;
#2447 = ADVANCED_FACE ( 'NONE', ( #1824 ), #200, .F. ) ;
#2448 = VERTEX_POINT ( 'NONE', #4144 ) ;
#2449 = CARTESIAN_POINT ( 'NONE',  ( 8.300000000000006040, 2.999999999999999112, -10.24999999999999645 ) ) ;
#2450 = CARTESIAN_POINT ( 'NONE',  ( 20.75000000000018474, -3.000000000000000000, -39.28868581835394025 ) ) ;
#2451 = ORIENTED_EDGE ( 'NONE', *, *, #4139, .T. ) ;
#2452 = ADVANCED_FACE ( 'NONE', ( #3260 ), #2139, .F. ) ;
#2453 = VECTOR ( 'NONE', #3540, 1000.000000000000000 ) ;
#2454 = ORIENTED_EDGE ( 'NONE', *, *, #853, .T. ) ;
#2455 = ORIENTED_EDGE ( 'NONE', *, *, #3777, .F. ) ;
#2456 = DIRECTION ( 'NONE',  ( 0.000000000000000000, 1.000000000000000000, 0.000000000000000000 ) ) ;
#2457 = VERTEX_POINT ( 'NONE', #1352 ) ;
#2458 = DIRECTION ( 'NONE',  ( -0.000000000000000000, 1.000000000000000000, 0.000000000000000000 ) ) ;
#2459 = DIRECTION ( 'NONE',  ( 0.000000000000000000, 1.000000000000000000, 0.000000000000000000 ) ) ;
#2460 = ORIENTED_EDGE ( 'NONE', *, *, #3044, .F. ) ;
#2461 = CARTESIAN_POINT ( 'NONE',  ( 0.000000000000000000, 3.000000000000000000, -41.00000000000000711 ) ) ;
#2462 = ORIENTED_EDGE ( 'NONE', *, *, #418, .F. ) ;
#2463 = DIRECTION ( 'NONE',  ( -0.000000000000000000, 0.000000000000000000, -1.000000000000000000 ) ) ;
#2464 = CIRCLE ( 'NONE', #3100, 2.200000000000000622 ) ;
#2465 = AXIS2_PLACEMENT_3D ( 'NONE', #1899, #1099, #3441 ) ;
#2466 = LINE ( 'NONE', #186, #1508 ) ;
#2467 = EDGE_CURVE ( 'NONE', #1, #574, #2868, .T. ) ;
#2468 = ORIENTED_EDGE ( 'NONE', *, *, #2531, .F. ) ;
#2469 = CYLINDRICAL_SURFACE ( 'NONE', #634, 2.200000000000000622 ) ;
#2470 = AXIS2_PLACEMENT_3D ( 'NONE', #4811, #2575, #1747 ) ;
#2471 = B_SPLINE_CURVE_WITH_KNOTS ( 'NONE', 3,
 ( #4134, #2648, #3430, #692 ),
 .UNSPECIFIED., .F., .F.,
 ( 4, 4 ),
 ( 3.112291896757963278E-07, 0.0009482829632339619379 ),
 .UNSPECIFIED. ) ;
#2472 = CIRCLE ( 'NONE', #2708, 1.600000000000000755 ) ;
#2473 = AXIS2_PLACEMENT_3D ( 'NONE', #2493, #2871, #4429 ) ;
#2474 = EDGE_CURVE ( 'NONE', #3845, #278, #4496, .T. ) ;
#2475 = ORIENTED_EDGE ( 'NONE', *, *, #738, .T. ) ;
#2476 = DIRECTION ( 'NONE',  ( 0.8660254037844328234, 0.000000000000000000, 0.5000000000000099920 ) ) ;
#2477 = DIRECTION ( 'NONE',  ( -1.000000000000000000, 0.000000000000000000, 0.000000000000000000 ) ) ;
#2478 = ORIENTED_EDGE ( 'NONE', *, *, #2870, .F. ) ;
#2479 = AXIS2_PLACEMENT_3D ( 'NONE', #1006, #3262, #3695 ) ;
#2480 = ORIENTED_EDGE ( 'NONE', *, *, #1731, .T. ) ;
#2481 = ADVANCED_FACE ( 'NONE', ( #1777 ), #3315, .F. ) ;
#2482 = ORIENTED_EDGE ( 'NONE', *, *, #444, .T. ) ;
#2483 = AXIS2_PLACEMENT_3D ( 'NONE', #4392, #1773, #618 ) ;
#2484 = CARTESIAN_POINT ( 'NONE',  ( -17.85000000000039933, -3.000000000000000000, 34.26573847640407422 ) ) ;
#2485 = VERTEX_POINT ( 'NONE', #1572 ) ;
#2486 = CARTESIAN_POINT ( 'NONE',  ( 44.39999999999999147, -3.000000000000000000, 1.674315780649916041 ) ) ;
#2487 = DIRECTION ( 'NONE',  ( 0.000000000000000000, 1.000000000000000000, 0.000000000000000000 ) ) ;
#2488 = ORIENTED_EDGE ( 'NONE', *, *, #2528, .T. ) ;
#2489 = CARTESIAN_POINT ( 'NONE',  ( 44.39999999999999147, -0.4315578539997965146, -1.674315780649913599 ) ) ;
#2490 = VERTEX_POINT ( 'NONE', #4191 ) ;
#2491 = CARTESIAN_POINT ( 'NONE',  ( 17.85000000000017906, -3.000000000000000000, -37.61437003770404175 ) ) ;
#2492 = CARTESIAN_POINT ( 'NONE',  ( 26.00000000000001066, -1.734723475976807883E-15, -27.49999999999999645 ) ) ;
#2493 = CARTESIAN_POINT ( 'NONE',  ( 41.49999999999999289, -5.999999999999941380, 0.000000000000000000 ) ) ;
#2494 = LINE ( 'NONE', #3273, #4117 ) ;
#2495 = AXIS2_PLACEMENT_3D ( 'NONE', #3305, #321, #2130 ) ;
#2496 = VERTEX_POINT ( 'NONE', #2701 ) ;
#2497 = LINE ( 'NONE', #4032, #1482 ) ;
#2498 = FACE_OUTER_BOUND ( 'NONE', #1130, .T. ) ;
#2499 = CARTESIAN_POINT ( 'NONE',  ( 17.84999999999965326, 2.365118790450086106, 37.61437003770428333 ) ) ;
#2500 = AXIS2_PLACEMENT_3D ( 'NONE', #1532, #1956, #1978 ) ;
#2501 = EDGE_CURVE ( 'NONE', #3522, #4831, #773, .T. ) ;
#2502 = ORIENTED_EDGE ( 'NONE', *, *, #507, .T. ) ;
#2503 = ORIENTED_EDGE ( 'NONE', *, *, #4015, .T. ) ;
#2504 = DIRECTION ( 'NONE',  ( -0.8660254037844440367, 0.000000000000000000, -0.4999999999999908962 ) ) ;
#2505 = EDGE_LOOP ( 'NONE', ( #1568, #2318, #1867, #1251 ) ) ;
#2506 = CARTESIAN_POINT ( 'NONE',  ( 29.00000000000000355, 1.800000000000000044, 10.25000000000000355 ) ) ;
#2507 = DIRECTION ( 'NONE',  ( 0.000000000000000000, -1.000000000000000000, 0.000000000000000000 ) ) ;
#2508 = EDGE_CURVE ( 'NONE', #2330, #2281, #3835, .T. ) ;
#2509 = EDGE_LOOP ( 'NONE', ( #987, #43, #2553, #1031, #118, #1123 ) ) ;
#2510 = CARTESIAN_POINT ( 'NONE',  ( 41.49999999999999289, 2.365118790450091435, -3.348631561299825865 ) ) ;
#2511 = ORIENTED_EDGE ( 'NONE', *, *, #3978, .T. ) ;
#2512 = PLANE ( 'NONE',  #4071 ) ;
#2513 = CARTESIAN_POINT ( 'NONE',  ( -34.16689775358543812, -0.9311717615353544142, 29.18310224641456330 ) ) ;
#2514 = EDGE_CURVE ( 'NONE', #1159, #340, #2284, .T. ) ;
#2515 = EDGE_LOOP ( 'NONE', ( #1546, #3490, #3717, #2622 ) ) ;
#2516 = DIRECTION ( 'NONE',  ( -1.104671909502030600E-14, 0.000000000000000000, 1.000000000000000000 ) ) ;
#2517 = CARTESIAN_POINT ( 'NONE',  ( -23.65000000000040004, 2.365118790450083885, 34.26573847640401738 ) ) ;
#2518 = B_SPLINE_CURVE_WITH_KNOTS ( 'NONE', 3,
 ( #4682, #3985, #3152, #2354 ),
 .UNSPECIFIED., .F., .F.,
 ( 4, 4 ),
 ( 2.990874552723425259E-07, 0.004363180427458080574 ),
 .UNSPECIFIED. ) ;
#2519 = ORIENTED_EDGE ( 'NONE', *, *, #1924, .T. ) ;
#2520 = CARTESIAN_POINT ( 'NONE',  ( 38.59999999999999432, 3.000000000000000000, -1.674315780649907826 ) ) ;
#2521 = DIRECTION ( 'NONE',  ( 0.000000000000000000, 0.000000000000000000, 1.000000000000000000 ) ) ;
#2522 = DIRECTION ( 'NONE',  ( -0.000000000000000000, -1.000000000000000000, -0.000000000000000000 ) ) ;
#2523 = LINE ( 'NONE', #1771, #309 ) ;
#2524 = EDGE_LOOP ( 'NONE', ( #1855, #3646, #4662, #4216 ) ) ;
#2525 = ORIENTED_EDGE ( 'NONE', *, *, #916, .T. ) ;
#2526 = CARTESIAN_POINT ( 'NONE',  ( 26.00000000000001066, -1.734723475976807883E-15, -23.99999999999999645 ) ) ;
#2527 = ORIENTED_EDGE ( 'NONE', *, *, #2508, .F. ) ;
#2528 = EDGE_CURVE ( 'NONE', #4582, #3791, #3437, .T. ) ;
#2529 = DIRECTION ( 'NONE',  ( 0.000000000000000000, 0.000000000000000000, -1.000000000000000000 ) ) ;
#2530 = CARTESIAN_POINT ( 'NONE',  ( -23.64999999999990621, -3.000000000000000000, -37.61437003770417675 ) ) ;
#2531 = EDGE_CURVE ( 'NONE', #3723, #1732, #750, .T. ) ;
#2532 = VECTOR ( 'NONE', #407, 1000.000000000000000 ) ;
#2533 = ORIENTED_EDGE ( 'NONE', *, *, #3547, .F. ) ;
#2534 = DIRECTION ( 'NONE',  ( 0.000000000000000000, 0.000000000000000000, -1.000000000000000000 ) ) ;
#2535 = ORIENTED_EDGE ( 'NONE', *, *, #361, .T. ) ;
#2536 = EDGE_CURVE ( 'NONE', #95, #4274, #3412, .T. ) ;
#2537 = CARTESIAN_POINT ( 'NONE',  ( -33.50000000000000000, -0.8695052346245303321, -29.85000000000000142 ) ) ;
#2538 = CARTESIAN_POINT ( 'NONE',  ( 0.000000000000000000, -8.469123934395588905E-15, 0.000000000000000000 ) ) ;
#2539 = EDGE_CURVE ( 'NONE', #3611, #4515, #3814, .T. ) ;
#2540 = DIRECTION ( 'NONE',  ( 0.000000000000000000, 0.000000000000000000, -1.000000000000000000 ) ) ;
#2541 = DIRECTION ( 'NONE',  ( -0.000000000000000000, -1.000000000000000000, -0.000000000000000000 ) ) ;
#2542 = CIRCLE ( 'NONE', #1021, 2.000000000000000000 ) ;
#2543 = VERTEX_POINT ( 'NONE', #4970 ) ;
#2544 = CARTESIAN_POINT ( 'NONE',  ( 25.16282172263369077, 0.000000000000000000, -27.39840146714686142 ) ) ;
#2545 = VECTOR ( 'NONE', #2632, 1000.000000000000000 ) ;
#2546 = CARTESIAN_POINT ( 'NONE',  ( 29.32067667992120619, 0.000000000000000000, 22.89405859675126464 ) ) ;
#2547 = DIRECTION ( 'NONE',  ( 0.8660254037844363761, 0.000000000000000000, 0.5000000000000039968 ) ) ;
#2548 = AXIS2_PLACEMENT_3D ( 'NONE', #3399, #3452, #4930 ) ;
#2549 = AXIS2_PLACEMENT_3D ( 'NONE', #614, #671, #2158 ) ;
#2550 = ORIENTED_EDGE ( 'NONE', *, *, #1155, .T. ) ;
#2551 = ORIENTED_EDGE ( 'NONE', *, *, #4832, .F. ) ;
#2552 = FACE_OUTER_BOUND ( 'NONE', #2176, .T. ) ;
#2553 = ORIENTED_EDGE ( 'NONE', *, *, #156, .T. ) ;
#2554 = LINE ( 'NONE', #276, #1304 ) ;
#2555 = CARTESIAN_POINT ( 'NONE',  ( 23.64999999999967883, -3.000000000000000000, 34.26573847640450055 ) ) ;
#2556 = AXIS2_PLACEMENT_3D ( 'NONE', #4505, #4130, #2592 ) ;
#2557 = AXIS2_PLACEMENT_3D ( 'NONE', #2151, #3677, #3296 ) ;
#2558 = AXIS2_PLACEMENT_3D ( 'NONE', #4175, #729, #351 ) ;
#2559 = ORIENTED_EDGE ( 'NONE', *, *, #237, .F. ) ;
#2560 = EDGE_CURVE ( 'NONE', #4431, #1016, #4397, .T. ) ;
#2561 = DIRECTION ( 'NONE',  ( -0.4999999999999920064, 0.000000000000000000, -0.8660254037844432595 ) ) ;
#2562 = EDGE_LOOP ( 'NONE', ( #529, #4365, #1323, #3020 ) ) ;
#2563 = CARTESIAN_POINT ( 'NONE',  ( -23.64999999999990621, -0.4315578539998012886, -37.61437003770417675 ) ) ;
#2564 = FACE_OUTER_BOUND ( 'NONE', #249, .T. ) ;
#2565 = VECTOR ( 'NONE', #2580, 1000.000000000000000 ) ;
#2566 = ADVANCED_FACE ( 'NONE', ( #3766, #1874 ), #400, .T. ) ;
#2567 = ORIENTED_EDGE ( 'NONE', *, *, #1802, .T. ) ;
#2568 = EDGE_CURVE ( 'NONE', #2857, #3347, #1194, .T. ) ;
#2569 = CARTESIAN_POINT ( 'NONE',  ( 44.39999999999999147, -0.4315578539997965146, 1.674315780649916041 ) ) ;
#2570 = CARTESIAN_POINT ( 'NONE',  ( -22.90000000000000213, 3.000000000000000000, 17.42264973081038448 ) ) ;
#2571 = CARTESIAN_POINT ( 'NONE',  ( -34.49999999999999289, 3.000000000000000000, -28.85000000000000142 ) ) ;
#2572 = EDGE_CURVE ( 'NONE', #2732, #2331, #3304, .T. ) ;
#2573 = ORIENTED_EDGE ( 'NONE', *, *, #1345, .T. ) ;
#2574 = DIRECTION ( 'NONE',  ( -0.000000000000000000, -1.000000000000000000, -0.000000000000000000 ) ) ;
#2575 = DIRECTION ( 'NONE',  ( -0.000000000000000000, -1.000000000000000000, -0.000000000000000000 ) ) ;
#2576 = DIRECTION ( 'NONE',  ( 0.000000000000000000, 0.000000000000000000, 1.000000000000000000 ) ) ;
#2577 = DIRECTION ( 'NONE',  ( 0.000000000000000000, 0.000000000000000000, 1.000000000000000000 ) ) ;
#2578 = ORIENTED_EDGE ( 'NONE', *, *, #4389, .F. ) ;
#2579 = ORIENTED_EDGE ( 'NONE', *, *, #1391, .T. ) ;
#2580 = DIRECTION ( 'NONE',  ( 0.000000000000000000, 1.000000000000000000, 0.000000000000000000 ) ) ;
#2581 = VERTEX_POINT ( 'NONE', #1498 ) ;
#2582 = CARTESIAN_POINT ( 'NONE',  ( -22.68333333333377766, -0.3894956581382453265, 38.17247529792049221 ) ) ;
#2583 = DIRECTION ( 'NONE',  ( 1.071365218763275746E-14, 0.000000000000000000, -1.000000000000000000 ) ) ;
#2584 = VECTOR ( 'NONE', #3858, 1000.000000000000000 ) ;
#2586 = ORIENTED_EDGE ( 'NONE', *, *, #367, .F. ) ;
#2585 = CIRCLE ( 'NONE', #1068, 37.19999999999999574 ) ;
#2587 = FACE_OUTER_BOUND ( 'NONE', #820, .T. ) ;
#2588 = ORIENTED_EDGE ( 'NONE', *, *, #2203, .T. ) ;
#2589 = DIRECTION ( 'NONE',  ( 0.000000000000000000, 0.000000000000000000, -1.000000000000000000 ) ) ;
#2590 = CARTESIAN_POINT ( 'NONE',  ( -22.90000000000001279, 0.000000000000000000, 17.42264973081037738 ) ) ;
#2591 = ORIENTED_EDGE ( 'NONE', *, *, #1311, .T. ) ;
#2592 = DIRECTION ( 'NONE',  ( -0.8660254037844328234, 0.000000000000000000, -0.5000000000000101030 ) ) ;
#2593 = EDGE_CURVE ( 'NONE', #2448, #1075, #3269, .T. ) ;
#2594 = DIRECTION ( 'NONE',  ( -0.000000000000000000, -1.000000000000000000, -0.000000000000000000 ) ) ;
#2595 = EDGE_CURVE ( 'NONE', #1408, #1976, #3, .T. ) ;
#2596 = AXIS2_PLACEMENT_3D ( 'NONE', #3632, #1767, #2476 ) ;
#2597 = ORIENTED_EDGE ( 'NONE', *, *, #3241, .T. ) ;
#2598 = DIRECTION ( 'NONE',  ( -1.000000000000000000, 0.000000000000000000, -8.937295348232511728E-15 ) ) ;
#2599 = EDGE_CURVE ( 'NONE', #4044, #3965, #1260, .T. ) ;
#2600 = CARTESIAN_POINT ( 'NONE',  ( -29.32067667992223647, 0.000000000000000000, -22.89405859675089516 ) ) ;
#2601 = CYLINDRICAL_SURFACE ( 'NONE', #3389, 1.549999999999995381 ) ;
#2602 = ORIENTED_EDGE ( 'NONE', *, *, #1023, .T. ) ;
#2603 = VERTEX_POINT ( 'NONE', #1850 ) ;
#2604 = DIRECTION ( 'NONE',  ( -0.000000000000000000, 1.000000000000000000, -0.000000000000000000 ) ) ;
#2605 = VERTEX_POINT ( 'NONE', #3388 ) ;
#2606 = ADVANCED_FACE ( 'NONE', ( #1526, #2678 ), #3787, .F. ) ;
#2607 = DIRECTION ( 'NONE',  ( -0.000000000000000000, -1.000000000000000000, -0.000000000000000000 ) ) ;
#2608 = CARTESIAN_POINT ( 'NONE',  ( 8.300000000000006040, 0.000000000000000000, -10.24999999999999645 ) ) ;
#2609 = AXIS2_PLACEMENT_3D ( 'NONE', #2104, #3230, #4758 ) ;
#2610 = ORIENTED_EDGE ( 'NONE', *, *, #1709, .F. ) ;
#2611 = DIRECTION ( 'NONE',  ( 0.000000000000000000, 0.000000000000000000, -1.000000000000000000 ) ) ;
#2612 = VERTEX_POINT ( 'NONE', #4170 ) ;
#2613 = PLANE ( 'NONE',  #365 ) ;
#2614 = CIRCLE ( 'NONE', #846, 1.549999999999995381 ) ;
#2615 = DIRECTION ( 'NONE',  ( -1.000000000000000000, 0.000000000000000000, -2.495859004650991048E-16 ) ) ;
#2616 = AXIS2_PLACEMENT_3D ( 'NONE', #1979, #4199, #4546 ) ;
#2617 = ORIENTED_EDGE ( 'NONE', *, *, #2885, .F. ) ;
#2618 = LINE ( 'NONE', #4152, #2074 ) ;
#2619 = CARTESIAN_POINT ( 'NONE',  ( 0.000000000000000000, -3.999999999999928946, 0.000000000000000000 ) ) ;
#2620 = DIRECTION ( 'NONE',  ( 0.000000000000000000, 0.000000000000000000, 1.000000000000000000 ) ) ;
#2621 = EDGE_CURVE ( 'NONE', #1427, #4298, #2518, .T. ) ;
#2622 = ORIENTED_EDGE ( 'NONE', *, *, #3833, .F. ) ;
#2623 = CARTESIAN_POINT ( 'NONE',  ( -41.49999999999999289, 2.365118790450091435, 3.348631561299825865 ) ) ;
#2624 = DIRECTION ( 'NONE',  ( 0.000000000000000000, 0.000000000000000000, -1.000000000000000000 ) ) ;
#2625 = LINE ( 'NONE', #2280, #2108 ) ;
#2626 = EDGE_CURVE ( 'NONE', #3859, #4374, #62, .T. ) ;
#2627 = VECTOR ( 'NONE', #2463, 1000.000000000000000 ) ;
#2628 = ORIENTED_EDGE ( 'NONE', *, *, #143, .T. ) ;
#2629 = AXIS2_PLACEMENT_3D ( 'NONE', #4834, #2184, #967 ) ;
#2630 = EDGE_LOOP ( 'NONE', ( #1766, #2002, #3446, #813 ) ) ;
#2631 = CARTESIAN_POINT ( 'NONE',  ( -41.49999999999999289, 2.365118790450091435, 3.348631561299825865 ) ) ;
#2632 = DIRECTION ( 'NONE',  ( -0.000000000000000000, -1.000000000000000000, -0.000000000000000000 ) ) ;
#2633 = CONICAL_SURFACE ( 'NONE', #229, 3.499999999999999556, 0.7853981633974472798 ) ;
#2634 = ADVANCED_FACE ( 'NONE', ( #145 ), #517, .F. ) ;
#2635 = ORIENTED_EDGE ( 'NONE', *, *, #1528, .F. ) ;
#2636 = CIRCLE ( 'NONE', #4083, 3.499999999999999556 ) ;
#2637 = CARTESIAN_POINT ( 'NONE',  ( 30.10000000000000497, 1.800000000000000044, 10.25000000000000355 ) ) ;
#2638 = ORIENTED_EDGE ( 'NONE', *, *, #3372, .T. ) ;
#2639 = DIRECTION ( 'NONE',  ( -0.8660254037844364872, 0.000000000000000000, 0.5000000000000037748 ) ) ;
#2640 = DIRECTION ( 'NONE',  ( 0.8660254037844380415, 0.000000000000000000, 0.5000000000000012212 ) ) ;
#2641 = AXIS2_PLACEMENT_3D ( 'NONE', #3964, #2808, #2032 ) ;
#2642 = ORIENTED_EDGE ( 'NONE', *, *, #3624, .T. ) ;
#2643 = LINE ( 'NONE', #1936, #314 ) ;
#2644 = CIRCLE ( 'NONE', #81, 3.499999999999999556 ) ;
#2645 = CARTESIAN_POINT ( 'NONE',  ( 7.642643521714200361, 1.700000000000000178, 7.200000000000000178 ) ) ;
#2646 = B_SPLINE_CURVE_WITH_KNOTS ( 'NONE', 3,
 ( #3572, #4674, #135, #1639 ),
 .UNSPECIFIED., .F., .F.,
 ( 4, 4 ),
 ( 0.006885407314886028349, 0.01124828142401793421 ),
 .UNSPECIFIED. ) ;
#2647 = VERTEX_POINT ( 'NONE', #468 ) ;
#2648 = CARTESIAN_POINT ( 'NONE',  ( -23.44694029410222669, 2.576949823386962546, -34.14850190054274037 ) ) ;
#2649 = PLANE ( 'NONE',  #388 ) ;
#2650 = LINE ( 'NONE', #4259, #1853 ) ;
#2651 = ORIENTED_EDGE ( 'NONE', *, *, #308, .T. ) ;
#2652 = ORIENTED_EDGE ( 'NONE', *, *, #845, .F. ) ;
#2653 = DIRECTION ( 'NONE',  ( -0.000000000000000000, -1.000000000000000000, -0.000000000000000000 ) ) ;
#2654 = SURFACE_SIDE_STYLE ('',( #822 ) ) ;
#2655 = DIRECTION ( 'NONE',  ( -1.104671909502030758E-14, 0.000000000000000000, 1.000000000000000000 ) ) ;
#2656 = ADVANCED_FACE ( 'NONE', ( #1671 ), #3231, .F. ) ;
#2657 = ORIENTED_EDGE ( 'NONE', *, *, #4817, .T. ) ;
#2658 = VECTOR ( 'NONE', #2335, 1000.000000000000000 ) ;
#2659 = CARTESIAN_POINT ( 'NONE',  ( 29.32067667992143001, -7.999999999999976019, 22.89405859675193255 ) ) ;
#2660 = VERTEX_POINT ( 'NONE', #842 ) ;
#2661 = LINE ( 'NONE', #2338, #1939 ) ;
#2662 = FACE_OUTER_BOUND ( 'NONE', #651, .T. ) ;
#2663 = EDGE_CURVE ( 'NONE', #4260, #806, #1746, .T. ) ;
#2664 = CARTESIAN_POINT ( 'NONE',  ( -23.64999999999991331, -3.000000000000000000, -34.26573847640433712 ) ) ;
#2665 = VECTOR ( 'NONE', #756, 1000.000000000000114 ) ;
#2666 = EDGE_LOOP ( 'NONE', ( #1923, #4581, #4212, #4309 ) ) ;
#2667 = DIRECTION ( 'NONE',  ( -0.000000000000000000, -1.000000000000000000, -0.000000000000000000 ) ) ;
#2668 = AXIS2_PLACEMENT_3D ( 'NONE', #2506, #3765, #4040 ) ;
#2669 = EDGE_CURVE ( 'NONE', #1043, #67, #786, .T. ) ;
#2670 = DIRECTION ( 'NONE',  ( 0.000000000000000000, 0.000000000000000000, -1.000000000000000000 ) ) ;
#2671 = CARTESIAN_POINT ( 'NONE',  ( -38.59999999999999432, 3.000000000000000000, 1.674315780649907826 ) ) ;
#2672 = LINE ( 'NONE', #4207, #602 ) ;
#2673 = LINE ( 'NONE', #4208, #1988 ) ;
#2674 = DIRECTION ( 'NONE',  ( -0.8660254037844382635, 0.000000000000000000, 0.5000000000000005551 ) ) ;
#2675 = VERTEX_POINT ( 'NONE', #441 ) ;
#2676 = ORIENTED_EDGE ( 'NONE', *, *, #2959, .T. ) ;
#2677 = CARTESIAN_POINT ( 'NONE',  ( 3.469446951953614189E-15, 3.000000000000000000, -24.00000000000000355 ) ) ;
#2678 = FACE_OUTER_BOUND ( 'NONE', #4592, .T. ) ;
#2679 = CYLINDRICAL_SURFACE ( 'NONE', #1538, 37.19999999999999574 ) ;
#2680 = ORIENTED_EDGE ( 'NONE', *, *, #2568, .F. ) ;
#2681 = EDGE_CURVE ( 'NONE', #167, #140, #1342, .T. ) ;
#2682 = DIRECTION ( 'NONE',  ( -0.000000000000000000, -1.000000000000000000, -0.000000000000000000 ) ) ;
#2683 = EDGE_LOOP ( 'NONE', ( #2835, #3873, #3172, #872, #1061 ) ) ;
#2684 = CARTESIAN_POINT ( 'NONE',  ( 44.39999999999999147, -3.000000000000000000, -1.674315780649913599 ) ) ;
#2685 = DIRECTION ( 'NONE',  ( 0.000000000000000000, -0.7071067811865462405, -0.7071067811865489050 ) ) ;
#2686 = ADVANCED_FACE ( 'NONE', ( #122 ), #1973, .F. ) ;
#2687 = ORIENTED_EDGE ( 'NONE', *, *, #2621, .T. ) ;
#2688 = EDGE_CURVE ( 'NONE', #1, #1798, #3508, .T. ) ;
#2689 = ORIENTED_EDGE ( 'NONE', *, *, #3890, .T. ) ;
#2690 = LINE ( 'NONE', #4224, #3839 ) ;
#2691 = AXIS2_PLACEMENT_3D ( 'NONE', #1313, #3773, #2589 ) ;
#2692 = LINE ( 'NONE', #3426, #394 ) ;
#2693 = EDGE_CURVE ( 'NONE', #4284, #3325, #69, .T. ) ;
#2694 = DIRECTION ( 'NONE',  ( 0.000000000000000000, 0.000000000000000000, -1.000000000000000000 ) ) ;
#2695 = ORIENTED_EDGE ( 'NONE', *, *, #485, .F. ) ;
#2696 = FACE_OUTER_BOUND ( 'NONE', #1128, .T. ) ;
#2697 = CARTESIAN_POINT ( 'NONE',  ( 5.510910596163089556E-15, -5.999999999999952927, 45.00000000000000000 ) ) ;
#2698 = EDGE_LOOP ( 'NONE', ( #2718, #4196, #2408, #1809, #3154 ) ) ;
#2699 = ORIENTED_EDGE ( 'NONE', *, *, #1638, .T. ) ;
#2700 = FACE_OUTER_BOUND ( 'NONE', #807, .T. ) ;
#2701 = CARTESIAN_POINT ( 'NONE',  ( -20.89999999999999858, 3.000000000000000000, -17.42264973081037027 ) ) ;
#2702 = AXIS2_PLACEMENT_3D ( 'NONE', #4065, #976, #2955 ) ;
#2703 = DIRECTION ( 'NONE',  ( 0.000000000000000000, 0.000000000000000000, -1.000000000000000000 ) ) ;
#2704 = ORIENTED_EDGE ( 'NONE', *, *, #4975, .F. ) ;
#2705 = CARTESIAN_POINT ( 'NONE',  ( 29.00000000000000355, 1.800000000000000044, -12.44999999999999751 ) ) ;
#2706 = PLANE ( 'NONE',  #2929 ) ;
#2707 = AXIS2_PLACEMENT_3D ( 'NONE', #1018, #1769, #191 ) ;
#2708 = AXIS2_PLACEMENT_3D ( 'NONE', #2915, #4453, #2540 ) ;
#2709 = ORIENTED_EDGE ( 'NONE', *, *, #148, .T. ) ;
#2710 = ORIENTED_EDGE ( 'NONE', *, *, #211, .F. ) ;
#2711 = DIRECTION ( 'NONE',  ( 0.000000000000000000, 0.000000000000000000, -1.000000000000000000 ) ) ;
#2712 = CARTESIAN_POINT ( 'NONE',  ( 17.85000000000016840, -3.000000000000000000, -34.26573847640420212 ) ) ;
#2713 = AXIS2_PLACEMENT_3D ( 'NONE', #3722, #1430, #1379 ) ;
#2714 = EDGE_CURVE ( 'NONE', #3691, #84, #4732, .T. ) ;
#2715 = EDGE_CURVE ( 'NONE', #1022, #1186, #3754, .T. ) ;
#2716 = AXIS2_PLACEMENT_3D ( 'NONE', #799, #4920, #2999 ) ;
#2717 = CARTESIAN_POINT ( 'NONE',  ( -21.90000000000000924, 0.000000000000000000, 18.00000000000000711 ) ) ;
#2718 = ORIENTED_EDGE ( 'NONE', *, *, #2045, .T. ) ;
#2719 = DIRECTION ( 'NONE',  ( -0.4999999999999997224, 0.000000000000000000, 0.8660254037844388186 ) ) ;
#2720 = CARTESIAN_POINT ( 'NONE',  ( -23.04034256034222494, 3.000000000000000000, 33.91375258950391469 ) ) ;
#2721 = EDGE_CURVE ( 'NONE', #3002, #4630, #1293, .T. ) ;
#2722 = ORIENTED_EDGE ( 'NONE', *, *, #1370, .F. ) ;
#2723 = EDGE_LOOP ( 'NONE', ( #3354, #4573 ) ) ;
#2724 = DIRECTION ( 'NONE',  ( -0.000000000000000000, -1.000000000000000000, -0.000000000000000000 ) ) ;
#2725 = CARTESIAN_POINT ( 'NONE',  ( -20.75000000000045475, -0.4315578539997965146, 39.28868581835378393 ) ) ;
#2726 = DIRECTION ( 'NONE',  ( -0.000000000000000000, -1.000000000000000000, -0.000000000000000000 ) ) ;
#2727 = ADVANCED_FACE ( 'NONE', ( #2053 ), #3993, .F. ) ;
#2728 = CARTESIAN_POINT ( 'NONE',  ( 0.000000000000000000, 3.000000000000000000, 0.000000000000000000 ) ) ;
#2729 = ORIENTED_EDGE ( 'NONE', *, *, #384, .F. ) ;
#2730 = CARTESIAN_POINT ( 'NONE',  ( 29.00000000000000355, 0.000000000000000000, 8.050000000000002487 ) ) ;
#2731 = DIRECTION ( 'NONE',  ( 8.659560562354926695E-17, -0.7071067811865480168, 0.7071067811865470176 ) ) ;
#2732 = VERTEX_POINT ( 'NONE', #2750 ) ;
#2733 = ORIENTED_EDGE ( 'NONE', *, *, #1828, .F. ) ;
#2734 = LINE ( 'NONE', #4203, #1512 ) ;
#2735 = CARTESIAN_POINT ( 'NONE',  ( 33.20000000000000284, -5.854691731421723944E-15, -7.200000000000000178 ) ) ;
#2736 = AXIS2_PLACEMENT_3D ( 'NONE', #721, #2255, #1117 ) ;
#2737 = PLANE ( 'NONE',  #7 ) ;
#2738 = VECTOR ( 'NONE', #1503, 1000.000000000000000 ) ;
#2739 = EDGE_CURVE ( 'NONE', #3460, #3178, #3960, .T. ) ;
#2740 = LINE ( 'NONE', #4278, #3414 ) ;
#2741 = VERTEX_POINT ( 'NONE', #2027 ) ;
#2742 = CARTESIAN_POINT ( 'NONE',  ( 41.49999999999999289, -3.000000000000000000, -3.348631561299825865 ) ) ;
#2743 = EDGE_CURVE ( 'NONE', #3308, #3755, #3558, .T. ) ;
#2744 = DIRECTION ( 'NONE',  ( 0.000000000000000000, 0.000000000000000000, -1.000000000000000000 ) ) ;
#2745 = AXIS2_PLACEMENT_3D ( 'NONE', #252, #2607, #1776 ) ;
#2746 = ORIENTED_EDGE ( 'NONE', *, *, #2202, .T. ) ;
#2747 = ADVANCED_FACE ( 'NONE', ( #1266 ), #2803, .F. ) ;
#2748 = ORIENTED_EDGE ( 'NONE', *, *, #2885, .T. ) ;
#2749 = CYLINDRICAL_SURFACE ( 'NONE', #1601, 1.100000000000000311 ) ;
#2750 = CARTESIAN_POINT ( 'NONE',  ( -20.75000000000045475, -0.4315578539997965146, 39.28868581835378393 ) ) ;
#2751 = CARTESIAN_POINT ( 'NONE',  ( 8.300000000000006040, 2.999999999999999112, 11.35000000000000497 ) ) ;
#2752 = ORIENTED_EDGE ( 'NONE', *, *, #207, .T. ) ;
#2753 = EDGE_CURVE ( 'NONE', #4149, #1960, #2852, .T. ) ;
#2754 = LINE ( 'NONE', #3537, #4334 ) ;
#2755 = ORIENTED_EDGE ( 'NONE', *, *, #4221, .T. ) ;
#2756 = DIRECTION ( 'NONE',  ( 0.000000000000000000, 0.000000000000000000, -1.000000000000000000 ) ) ;
#2757 = DIRECTION ( 'NONE',  ( -0.000000000000000000, 1.000000000000000000, -0.000000000000000000 ) ) ;
#2758 = EDGE_LOOP ( 'NONE', ( #3721, #2635, #2084, #4855 ) ) ;
#2759 = ORIENTED_EDGE ( 'NONE', *, *, #4438, .T. ) ;
#2760 = DIRECTION ( 'NONE',  ( 0.000000000000000000, 1.000000000000000000, -0.000000000000000000 ) ) ;
#2761 = CIRCLE ( 'NONE', #1400, 37.20000000000000284 ) ;
#2762 = DIRECTION ( 'NONE',  ( -0.000000000000000000, -1.000000000000000000, -0.000000000000000000 ) ) ;
#2763 = CARTESIAN_POINT ( 'NONE',  ( 29.00000000000000355, 0.000000000000000000, 8.050000000000002487 ) ) ;
#2764 = DIRECTION ( 'NONE',  ( 0.000000000000000000, 0.000000000000000000, -1.000000000000000000 ) ) ;
#2765 = CARTESIAN_POINT ( 'NONE',  ( 0.000000000000000000, 3.000000000000000000, 0.000000000000000000 ) ) ;
#2766 = ORIENTED_EDGE ( 'NONE', *, *, #1645, .F. ) ;
#2767 = FACE_OUTER_BOUND ( 'NONE', #4211, .T. ) ;
#2768 = CIRCLE ( 'NONE', #4610, 1.549999999999995826 ) ;
#2769 = ORIENTED_EDGE ( 'NONE', *, *, #599, .T. ) ;
#2770 = EDGE_CURVE ( 'NONE', #2383, #2951, #4793, .T. ) ;
#2771 = AXIS2_PLACEMENT_3D ( 'NONE', #3239, #901, #3589 ) ;
#2772 = ORIENTED_EDGE ( 'NONE', *, *, #2593, .F. ) ;
#2773 = CARTESIAN_POINT ( 'NONE',  ( -20.74999999999990408, -0.4315578539998012886, -39.28868581835408236 ) ) ;
#2774 = DIRECTION ( 'NONE',  ( -0.000000000000000000, 1.000000000000000000, 0.000000000000000000 ) ) ;
#2775 = DIRECTION ( 'NONE',  ( 0.000000000000000000, 0.000000000000000000, -1.000000000000000000 ) ) ;
#2776 = VERTEX_POINT ( 'NONE', #246 ) ;
#2777 = EDGE_CURVE ( 'NONE', #1955, #2457, #4387, .T. ) ;
#2778 = ORIENTED_EDGE ( 'NONE', *, *, #1866, .T. ) ;
#2779 = DIRECTION ( 'NONE',  ( -0.000000000000000000, -1.000000000000000000, -0.000000000000000000 ) ) ;
#2780 = ORIENTED_EDGE ( 'NONE', *, *, #3245, .F. ) ;
#2781 = CARTESIAN_POINT ( 'NONE',  ( 23.65000000000017266, 0.5081326761191666819, -36.50437101041777055 ) ) ;
#2782 = DIRECTION ( 'NONE',  ( 0.000000000000000000, 1.000000000000000000, 0.000000000000000000 ) ) ;
#2783 = STYLED_ITEM ( 'NONE', ( #313 ), #3420 ) ;
#2784 = EDGE_CURVE ( 'NONE', #4808, #4005, #2157, .T. ) ;
#2785 = ORIENTED_EDGE ( 'NONE', *, *, #3679, .F. ) ;
#2786 = VECTOR ( 'NONE', #1507, 1000.000000000000000 ) ;
#2787 = VECTOR ( 'NONE', #919, 999.9999999999998863 ) ;
#2788 = DIRECTION ( 'NONE',  ( -0.000000000000000000, -1.000000000000000000, -0.000000000000000000 ) ) ;
#2789 = CARTESIAN_POINT ( 'NONE',  ( 26.00000000000000355, 3.000000000000000000, 24.00000000000000711 ) ) ;
#2790 = PLANE ( 'NONE',  #4627 ) ;
#2791 = AXIS2_PLACEMENT_3D ( 'NONE', #673, #1416, #1795 ) ;
#2792 = AXIS2_PLACEMENT_3D ( 'NONE', #3733, #1814, #4887 ) ;
#2793 = DIRECTION ( 'NONE',  ( 0.000000000000000000, 0.000000000000000000, 1.000000000000000000 ) ) ;
#2794 = VECTOR ( 'NONE', #2, 1000.000000000000114 ) ;
#2795 = CARTESIAN_POINT ( 'NONE',  ( -14.80000000000000782, 3.000000000000000000, 12.74611255037440216 ) ) ;
#2796 = AXIS2_PLACEMENT_3D ( 'NONE', #3801, #4909, #4 ) ;
#2797 = ORIENTED_EDGE ( 'NONE', *, *, #4717, .F. ) ;
#2798 = DIRECTION ( 'NONE',  ( -0.000000000000000000, 1.000000000000000000, -0.000000000000000000 ) ) ;
#2799 = CIRCLE ( 'NONE', #3283, 2.000000000000000000 ) ;
#2800 = ORIENTED_EDGE ( 'NONE', *, *, #1945, .F. ) ;
#2801 = ORIENTED_EDGE ( 'NONE', *, *, #1363, .F. ) ;
#2802 = CARTESIAN_POINT ( 'NONE',  ( 29.00000000000000355, 0.000000000000000000, 10.25000000000000355 ) ) ;
#2803 = PLANE ( 'NONE',  #4156 ) ;
#2804 = AXIS2_PLACEMENT_3D ( 'NONE', #1054, #250, #3740 ) ;
#2805 = CYLINDRICAL_SURFACE ( 'NONE', #1212, 1.100000000000000311 ) ;
#2806 = EDGE_LOOP ( 'NONE', ( #3994, #2602, #1535, #98, #2824, #491, #1932, #2961, #3769, #3068, #4655, #2969, #839, #2061, #2263, #1225, #2266, #3456, #2126, #1081, #419, #854, #1725, #3318, #2049, #1005, #1170, #1163, #2431, #4464, #251, #4549, #2905, #683, #4643, #2797 ) ) ;
#2807 = ORIENTED_EDGE ( 'NONE', *, *, #2715, .F. ) ;
#2808 = DIRECTION ( 'NONE',  ( -0.000000000000000000, -1.000000000000000000, -0.000000000000000000 ) ) ;
#2809 = ORIENTED_EDGE ( 'NONE', *, *, #1120, .T. ) ;
#2810 = ADVANCED_FACE ( 'NONE', ( #1414 ), #942, .F. ) ;
#2811 = CARTESIAN_POINT ( 'NONE',  ( -23.65000000000043912, -3.000000000000000000, 37.61437003770384280 ) ) ;
#2812 = DIRECTION ( 'NONE',  ( 0.000000000000000000, -0.7071067811865483499, -0.7071067811865467956 ) ) ;
#2813 = ADVANCED_FACE ( 'NONE', ( #289 ), #1794, .F. ) ;
#2814 = EDGE_LOOP ( 'NONE', ( #4347, #3384, #3989, #1803 ) ) ;
#2815 = CARTESIAN_POINT ( 'NONE',  ( -25.99999999999999645, -1.734723475976807883E-15, -24.00000000000000355 ) ) ;
#2816 = VERTEX_POINT ( 'NONE', #3357 ) ;
#2817 = ADVANCED_FACE ( 'NONE', ( #2498 ), #4631, .F. ) ;
#2818 = LINE ( 'NONE', #3852, #61 ) ;
#2819 = CARTESIAN_POINT ( 'NONE',  ( 23.64999999999967883, 2.365118790450091435, 34.26573847640450055 ) ) ;
#2820 = DIRECTION ( 'NONE',  ( 0.000000000000000000, 0.000000000000000000, 1.000000000000000000 ) ) ;
#2821 = EDGE_CURVE ( 'NONE', #1373, #3187, #1668, .T. ) ;
#2822 = LINE ( 'NONE', #4872, #4691 ) ;
#2823 = AXIS2_PLACEMENT_3D ( 'NONE', #1650, #170, #2080 ) ;
#2824 = ORIENTED_EDGE ( 'NONE', *, *, #3701, .T. ) ;
#2825 = DIRECTION ( 'NONE',  ( 8.659560562354925463E-17, -0.7071067811865483499, 0.7071067811865467956 ) ) ;
#2826 = DIRECTION ( 'NONE',  ( 0.000000000000000000, 0.000000000000000000, -1.000000000000000000 ) ) ;
#2827 = CIRCLE ( 'NONE', #100, 1.549999999999995826 ) ;
#2828 = VERTEX_POINT ( 'NONE', #3280 ) ;
#2829 = VERTEX_POINT ( 'NONE', #2546 ) ;
#2830 = CARTESIAN_POINT ( 'NONE',  ( 8.300000000000006040, 0.000000000000000000, -10.24999999999999645 ) ) ;
#2831 = CARTESIAN_POINT ( 'NONE',  ( 20.74999999999991473, -2.999999999999999112, -35.94005425705424273 ) ) ;
#2832 = CIRCLE ( 'NONE', #2745, 1.600000000000000755 ) ;
#2833 = EDGE_LOOP ( 'NONE', ( #4066, #3849 ) ) ;
#2834 = CARTESIAN_POINT ( 'NONE',  ( -25.99999999999999645, -15.99999999999995204, 23.99999999999999645 ) ) ;
#2835 = ORIENTED_EDGE ( 'NONE', *, *, #3171, .F. ) ;
#2836 = DIRECTION ( 'NONE',  ( 0.000000000000000000, 1.000000000000000000, 0.000000000000000000 ) ) ;
#2837 = FACE_BOUND ( 'NONE', #352, .T. ) ;
#2838 = ADVANCED_FACE ( 'NONE', ( #2128 ), #215, .F. ) ;
#2839 = ORIENTED_EDGE ( 'NONE', *, *, #1456, .T. ) ;
#2840 = FACE_OUTER_BOUND ( 'NONE', #2137, .T. ) ;
#2841 = VERTEX_POINT ( 'NONE', #3633 ) ;
#2842 = CARTESIAN_POINT ( 'NONE',  ( -17.85000000000043485, 2.576950243649283490, 37.37989642079754304 ) ) ;
#2843 = DIRECTION ( 'NONE',  ( 0.000000000000000000, 0.000000000000000000, -1.000000000000000000 ) ) ;
#2844 = EDGE_CURVE ( 'NONE', #2647, #3891, #4058, .T. ) ;
#2845 = CARTESIAN_POINT ( 'NONE',  ( 17.85000000000017906, -3.000000000000000000, -37.61437003770404175 ) ) ;
#2846 = ORIENTED_EDGE ( 'NONE', *, *, #2174, .T. ) ;
#2847 = CARTESIAN_POINT ( 'NONE',  ( 7.642643521714200361, 3.000000000000000000, -7.200000000000000178 ) ) ;
#2848 = ADVANCED_FACE ( 'NONE', ( #3327 ), #4458, .F. ) ;
#2849 = ORIENTED_EDGE ( 'NONE', *, *, #3618, .T. ) ;
#2850 = CYLINDRICAL_SURFACE ( 'NONE', #3555, 37.19999999999999574 ) ;
#2851 = VECTOR ( 'NONE', #1991, 1000.000000000000000 ) ;
#2852 = LINE ( 'NONE', #1343, #1983 ) ;
#2853 = CARTESIAN_POINT ( 'NONE',  ( 8.300000000000006040, 0.000000000000000000, 10.25000000000000355 ) ) ;
#2854 = ORIENTED_EDGE ( 'NONE', *, *, #3378, .T. ) ;
#2855 = VECTOR ( 'NONE', #1223, 1000.000000000000000 ) ;
#2856 = EDGE_LOOP ( 'NONE', ( #3861, #4917, #2199, #4736 ) ) ;
#2857 = VERTEX_POINT ( 'NONE', #3684 ) ;
#2858 = DIRECTION ( 'NONE',  ( -0.8660254037844378194, 0.000000000000000000, -0.5000000000000014433 ) ) ;
#2859 = VERTEX_POINT ( 'NONE', #3302 ) ;
#2860 = DIRECTION ( 'NONE',  ( -0.000000000000000000, -1.000000000000000000, -0.000000000000000000 ) ) ;
#2861 = CARTESIAN_POINT ( 'NONE',  ( 23.65000000000016556, -3.000000000000000000, -34.26573847640418080 ) ) ;
#2862 = ORIENTED_EDGE ( 'NONE', *, *, #3186, .F. ) ;
#2863 = DIRECTION ( 'NONE',  ( 0.000000000000000000, -1.000000000000000000, 0.000000000000000000 ) ) ;
#2864 = ORIENTED_EDGE ( 'NONE', *, *, #264, .F. ) ;
#2865 = LINE ( 'NONE', #4401, #4475 ) ;
#2866 = CYLINDRICAL_SURFACE ( 'NONE', #1059, 1.100000000000000311 ) ;
#2867 = CIRCLE ( 'NONE', #1259, 3.499999999999999556 ) ;
#2868 = CIRCLE ( 'NONE', #2702, 1.600000000000000755 ) ;
#2869 = DIRECTION ( 'NONE',  ( 0.000000000000000000, 1.000000000000000000, 0.000000000000000000 ) ) ;
#2870 = EDGE_CURVE ( 'NONE', #1100, #4344, #571, .T. ) ;
#2871 = DIRECTION ( 'NONE',  ( 0.000000000000000000, 1.000000000000000000, 0.000000000000000000 ) ) ;
#2872 = AXIS2_PLACEMENT_3D ( 'NONE', #1388, #994, #3709 ) ;
#2873 = CIRCLE ( 'NONE', #72, 3.499999999999999556 ) ;
#2874 = ORIENTED_EDGE ( 'NONE', *, *, #4679, .T. ) ;
#2875 = DIRECTION ( 'NONE',  ( 0.000000000000000000, 0.000000000000000000, -1.000000000000000000 ) ) ;
#2876 = EDGE_CURVE ( 'NONE', #982, #2326, #4882, .T. ) ;
#2877 = CARTESIAN_POINT ( 'NONE',  ( -33.50000000000000000, -16.00610012852901676, 29.85000000000000142 ) ) ;
#2878 = CARTESIAN_POINT ( 'NONE',  ( 0.000000000000000000, 0.000000000000000000, 0.000000000000000000 ) ) ;
#2879 = CARTESIAN_POINT ( 'NONE',  ( 17.84999999999964615, 3.000000000000000000, 36.91039826390407796 ) ) ;
#2880 = CONICAL_SURFACE ( 'NONE', #4243, 3.499999999999999556, 0.7853981633974472798 ) ;
#2881 = ORIENTED_EDGE ( 'NONE', *, *, #1977, .F. ) ;
#2882 = ORIENTED_EDGE ( 'NONE', *, *, #513, .T. ) ;
#2883 = DIRECTION ( 'NONE',  ( -0.4999999999999902300, 0.000000000000000000, -0.8660254037844442587 ) ) ;
#2884 = ORIENTED_EDGE ( 'NONE', *, *, #4741, .T. ) ;
#2885 = EDGE_CURVE ( 'NONE', #4831, #2828, #645, .T. ) ;
#2886 = CYLINDRICAL_SURFACE ( 'NONE', #2028, 1.999999999999998224 ) ;
#2887 = DIRECTION ( 'NONE',  ( 0.8660254037844440367, 0.000000000000000000, 0.4999999999999908962 ) ) ;
#2888 = ORIENTED_EDGE ( 'NONE', *, *, #784, .F. ) ;
#2889 = DIRECTION ( 'NONE',  ( -0.8660254037844344888, 0.000000000000000000, -0.5000000000000072164 ) ) ;
#2890 = ORIENTED_EDGE ( 'NONE', *, *, #540, .F. ) ;
#2891 = CARTESIAN_POINT ( 'NONE',  ( -33.50000000000000000, -0.8695052346245303321, -29.85000000000000142 ) ) ;
#2892 = CARTESIAN_POINT ( 'NONE',  ( 29.00000000000000355, 1.800000000000000044, -9.149999999999996803 ) ) ;
#2893 = CARTESIAN_POINT ( 'NONE',  ( -20.74999999999990408, -3.000000000000000000, -39.28868581835408236 ) ) ;
#2894 = LINE ( 'NONE', #4754, #4165 ) ;
#2895 = ADVANCED_FACE ( 'NONE', ( #1050 ), #2206, .F. ) ;
#2896 = ORIENTED_EDGE ( 'NONE', *, *, #3209, .F. ) ;
#2897 = CIRCLE ( 'NONE', #580, 2.000000000000000000 ) ;
#2898 = ORIENTED_EDGE ( 'NONE', *, *, #2777, .T. ) ;
#2899 = EDGE_CURVE ( 'NONE', #4061, #2829, #3106, .T. ) ;
#2900 = CARTESIAN_POINT ( 'NONE',  ( 17.84999999999967812, -3.000000000000000000, 34.26573847640445081 ) ) ;
#2901 = CARTESIAN_POINT ( 'NONE',  ( 38.59999999999999432, -3.000000000000000000, -1.674315780649907826 ) ) ;
#2902 = DIRECTION ( 'NONE',  ( 0.000000000000000000, 0.000000000000000000, -1.000000000000000000 ) ) ;
#2903 = CARTESIAN_POINT ( 'NONE',  ( 29.00000000000000355, 0.000000000000000000, 12.45000000000000462 ) ) ;
#2904 = ADVANCED_FACE ( 'NONE', ( #1518 ), #1347, .F. ) ;
#2905 = ORIENTED_EDGE ( 'NONE', *, *, #1272, .T. ) ;
#2906 = ORIENTED_EDGE ( 'NONE', *, *, #2560, .T. ) ;
#2907 = CARTESIAN_POINT ( 'NONE',  ( 35.20000000000000284, -5.857218976068036743E-15, -5.200000000000000178 ) ) ;
#2908 = EDGE_LOOP ( 'NONE', ( #303, #2981, #576, #1320 ) ) ;
#2909 = CARTESIAN_POINT ( 'NONE',  ( 38.59999999999999432, -3.000000000000000000, -1.674315780649907826 ) ) ;
#2910 = ORIENTED_EDGE ( 'NONE', *, *, #3245, .T. ) ;
#2911 = CARTESIAN_POINT ( 'NONE',  ( 23.64999999999967883, 3.000000000000000000, 34.26573847640450055 ) ) ;
#2912 = ORIENTED_EDGE ( 'NONE', *, *, #3799, .T. ) ;
#2913 = CARTESIAN_POINT ( 'NONE',  ( 41.49999999999999289, 3.000000000000000000, -3.348631561299825865 ) ) ;
#2914 = FACE_OUTER_BOUND ( 'NONE', #1818, .T. ) ;
#2915 = CARTESIAN_POINT ( 'NONE',  ( 26.00000000000000355, 1.900000000000001243, 24.00000000000000711 ) ) ;
#2916 = LINE ( 'NONE', #1788, #3681 ) ;
#2917 = ORIENTED_EDGE ( 'NONE', *, *, #3107, .T. ) ;
#2918 = DIRECTION ( 'NONE',  ( 0.8660254037844397068, 0.000000000000000000, -0.4999999999999979461 ) ) ;
#2919 = CARTESIAN_POINT ( 'NONE',  ( -17.84999999999992326, -3.000000000000000000, -34.26573847640432291 ) ) ;
#2920 = CYLINDRICAL_SURFACE ( 'NONE', #259, 1.600000000000000755 ) ;
#2921 = CARTESIAN_POINT ( 'NONE',  ( -28.99999999999999645, 3.000000000000000000, -12.74611255037439861 ) ) ;
#2922 = ORIENTED_EDGE ( 'NONE', *, *, #4781, .T. ) ;
#2923 = EDGE_LOOP ( 'NONE', ( #3408, #3048 ) ) ;
#2924 = CARTESIAN_POINT ( 'NONE',  ( 1.285879139104721028E-15, 0.000000000000000000, 10.50000000000000178 ) ) ;
#2925 = EDGE_LOOP ( 'NONE', ( #3398, #1142, #4929, #3921 ) ) ;
#2926 = CARTESIAN_POINT ( 'NONE',  ( 8.300000000000006040, 2.999999999999999112, 10.25000000000000355 ) ) ;
#2927 = CARTESIAN_POINT ( 'NONE',  ( -23.65000000000042490, 0.5081326761191715669, 36.50437101041760712 ) ) ;
#2928 = EDGE_CURVE ( 'NONE', #1016, #2281, #2995, .T. ) ;
#2929 = AXIS2_PLACEMENT_3D ( 'NONE', #25, #777, #1478 ) ;
#2930 = EDGE_CURVE ( 'NONE', #2828, #4423, #4082, .T. ) ;
#2931 = VERTEX_POINT ( 'NONE', #1491 ) ;
#2932 = CARTESIAN_POINT ( 'NONE',  ( 7.108306127341452729, -8.469123934395588905E-15, 7.727999999999999758 ) ) ;
#2933 = ORIENTED_EDGE ( 'NONE', *, *, #4233, .F. ) ;
#2934 = CARTESIAN_POINT ( 'NONE',  ( 41.09372371516585787, 2.788580543601037132, 3.114067838885474337 ) ) ;
#2935 = ADVANCED_FACE ( 'NONE', ( #4556 ), #2633, .F. ) ;
#2936 = CARTESIAN_POINT ( 'NONE',  ( -29.00000000000000355, 10.00000000000000000, 13.90081308875364563 ) ) ;
#2937 = B_SPLINE_CURVE_WITH_KNOTS ( 'NONE', 3,
 ( #3091, #3477, #1940, #1207 ),
 .UNSPECIFIED., .F., .F.,
 ( 4, 4 ),
 ( 0.007873366090334262338, 0.008821336207694001688 ),
 .UNSPECIFIED. ) ;
#2938 = EDGE_LOOP ( 'NONE', ( #2488, #2187 ) ) ;
#2939 = CARTESIAN_POINT ( 'NONE',  ( 41.50000000000000000, 2.365118790450083885, 3.348631561299828974 ) ) ;
#2940 = CARTESIAN_POINT ( 'NONE',  ( 22.09233937586579088, -15.99999999999994138, -35.16505425705424415 ) ) ;
#2941 = VECTOR ( 'NONE', #505, 1000.000000000000000 ) ;
#2942 = ORIENTED_EDGE ( 'NONE', *, *, #3605, .T. ) ;
#2943 = VECTOR ( 'NONE', #3953, 1000.000000000000000 ) ;
#2944 = DIRECTION ( 'NONE',  ( 0.000000000000000000, 0.000000000000000000, 1.000000000000000000 ) ) ;
#2945 = AXIS2_PLACEMENT_3D ( 'NONE', #4791, #1002, #2583 ) ;
#2946 = CARTESIAN_POINT ( 'NONE',  ( 44.39999999999999147, -3.000000000000000000, 1.674315780649916041 ) ) ;
#2947 = PLANE ( 'NONE',  #626 ) ;
#2948 = AXIS2_PLACEMENT_3D ( 'NONE', #3947, #3160, #3969 ) ;
#2949 = AXIS2_PLACEMENT_3D ( 'NONE', #3383, #4937, #2446 ) ;
#2950 = ORIENTED_EDGE ( 'NONE', *, *, #3045, .F. ) ;
#2951 = VERTEX_POINT ( 'NONE', #4962 ) ;
#2952 = PLANE ( 'NONE',  #4566 ) ;
#2953 = ORIENTED_EDGE ( 'NONE', *, *, #2531, .T. ) ;
#2954 = CARTESIAN_POINT ( 'NONE',  ( 25.16282172263462513, -7.999999999999976019, 27.39840146714596969 ) ) ;
#2955 = DIRECTION ( 'NONE',  ( 0.000000000000000000, 0.000000000000000000, -1.000000000000000000 ) ) ;
#2956 = VECTOR ( 'NONE', #3770, 1000.000000000000000 ) ;
#2957 = CIRCLE ( 'NONE', #1840, 37.20000000000000284 ) ;
#2958 = VERTEX_POINT ( 'NONE', #2600 ) ;
#2959 = EDGE_CURVE ( 'NONE', #4532, #2217, #4484, .T. ) ;
#2960 = DIRECTION ( 'NONE',  ( 0.000000000000000000, -1.000000000000000000, 0.000000000000000000 ) ) ;
#2961 = ORIENTED_EDGE ( 'NONE', *, *, #2987, .F. ) ;
#2962 = LINE ( 'NONE', #658, #1566 ) ;
#2963 = EDGE_CURVE ( 'NONE', #2997, #4261, #628, .T. ) ;
#2964 = DIRECTION ( 'NONE',  ( 0.000000000000000000, 0.000000000000000000, 1.000000000000000000 ) ) ;
#2965 = ADVANCED_FACE ( 'NONE', ( #2696 ), #2649, .F. ) ;
#2966 = CARTESIAN_POINT ( 'NONE',  ( -14.80000000000000604, 3.000000000000000000, 12.74611255037440216 ) ) ;
#2967 = DIRECTION ( 'NONE',  ( 8.715250743307478842E-15, 0.000000000000000000, -1.000000000000000000 ) ) ;
#2968 = ADVANCED_FACE ( 'NONE', ( #4135 ), #793, .F. ) ;
#2969 = ORIENTED_EDGE ( 'NONE', *, *, #4358, .F. ) ;
#2970 = CARTESIAN_POINT ( 'NONE',  ( 20.74999999999968381, -3.000000000000000000, 32.59142269575455941 ) ) ;
#2971 = CARTESIAN_POINT ( 'NONE',  ( 44.39999999999999147, -0.4315578539997965146, 1.674315780649916041 ) ) ;
#2972 = DIRECTION ( 'NONE',  ( -0.000000000000000000, -1.000000000000000000, -0.000000000000000000 ) ) ;
#2973 = EDGE_LOOP ( 'NONE', ( #760, #681, #3028, #4721 ) ) ;
#2974 = ORIENTED_EDGE ( 'NONE', *, *, #3827, .F. ) ;
#2975 = CARTESIAN_POINT ( 'NONE',  ( 0.000000000000000000, 3.000000000000000000, 0.000000000000000000 ) ) ;
#2976 = ORIENTED_EDGE ( 'NONE', *, *, #1556, .F. ) ;
#2977 = FACE_OUTER_BOUND ( 'NONE', #1753, .T. ) ;
#2978 = CARTESIAN_POINT ( 'NONE',  ( 0.000000000000000000, 3.000000000000000000, 0.000000000000000000 ) ) ;
#2979 = AXIS2_PLACEMENT_3D ( 'NONE', #1094, #4579, #3832 ) ;
#2981 = ORIENTED_EDGE ( 'NONE', *, *, #4067, .T. ) ;
#2980 = CIRCLE ( 'NONE', #742, 1.100000000000000311 ) ;
#2982 = DIRECTION ( 'NONE',  ( -0.000000000000000000, -1.000000000000000000, -0.000000000000000000 ) ) ;
#2983 = ORIENTED_EDGE ( 'NONE', *, *, #2593, .T. ) ;
#2984 = DIRECTION ( 'NONE',  ( 0.000000000000000000, 0.000000000000000000, 1.000000000000000000 ) ) ;
#2985 = DIRECTION ( 'NONE',  ( 1.942890293094023946E-15, 0.000000000000000000, -1.000000000000000000 ) ) ;
#2986 = PRODUCT_DEFINITION_FORMATION_WITH_SPECIFIED_SOURCE ( 'ANY', '', #404, .NOT_KNOWN. ) ;
#2987 = EDGE_CURVE ( 'NONE', #4719, #1237, #4185, .T. ) ;
#2988 = EDGE_CURVE ( 'NONE', #3473, #3962, #1587, .T. ) ;
#2989 = ORIENTED_EDGE ( 'NONE', *, *, #3527, .F. ) ;
#2990 = DIRECTION ( 'NONE',  ( 0.000000000000000000, 0.000000000000000000, -1.000000000000000000 ) ) ;
#2991 = CARTESIAN_POINT ( 'NONE',  ( 26.00000000000001066, -1.734723475976807883E-15, -27.49999999999999645 ) ) ;
#2992 = EDGE_CURVE ( 'NONE', #1982, #430, #3432, .T. ) ;
#2993 = ORIENTED_EDGE ( 'NONE', *, *, #4588, .T. ) ;
#2994 = FACE_OUTER_BOUND ( 'NONE', #29, .T. ) ;
#2995 = LINE ( 'NONE', #415, #3840 ) ;
#2996 = CARTESIAN_POINT ( 'NONE',  ( 29.00000000000000355, 1.800000000000000044, 9.150000000000003908 ) ) ;
#2997 = VERTEX_POINT ( 'NONE', #342 ) ;
#2998 = VERTEX_POINT ( 'NONE', #3015 ) ;
#2999 = DIRECTION ( 'NONE',  ( 0.000000000000000000, 0.000000000000000000, 1.000000000000000000 ) ) ;
#3000 = DIRECTION ( 'NONE',  ( 0.000000000000000000, -0.000000000000000000, 1.000000000000000000 ) ) ;
#3001 = AXIS2_PLACEMENT_3D ( 'NONE', #3828, #1843, #4961 ) ;
#3002 = VERTEX_POINT ( 'NONE', #1116 ) ;
#3003 = DIRECTION ( 'NONE',  ( -0.000000000000000000, 1.000000000000000000, -0.000000000000000000 ) ) ;
#3004 = ORIENTED_EDGE ( 'NONE', *, *, #1619, .F. ) ;
#3005 = CARTESIAN_POINT ( 'NONE',  ( 8.300000000000006040, 1.800000000000000044, -10.24999999999999645 ) ) ;
#3006 = CARTESIAN_POINT ( 'NONE',  ( 5.510910596163089556E-15, -0.9999999999999756861, 45.00000000000000000 ) ) ;
#3007 = VECTOR ( 'NONE', #2812, 999.9999999999998863 ) ;
#3008 = ORIENTED_EDGE ( 'NONE', *, *, #4043, .T. ) ;
#3009 = CARTESIAN_POINT ( 'NONE',  ( 8.300000000000006040, 0.000000000000000000, -11.34999999999999787 ) ) ;
#3010 = CARTESIAN_POINT ( 'NONE',  ( -20.74999999999991829, 3.000000000000000000, -32.59142269575442441 ) ) ;
#3011 = CARTESIAN_POINT ( 'NONE',  ( -41.49999999999999289, -15.99999999999994138, 0.000000000000000000 ) ) ;
#3012 = ADVANCED_FACE ( 'NONE', ( #1869 ), #364, .F. ) ;
#3013 = VERTEX_POINT ( 'NONE', #745 ) ;
#3014 = CARTESIAN_POINT ( 'NONE',  ( -19.40766062413429438, -15.99999999999994138, -36.71505425705412051 ) ) ;
#3015 = CARTESIAN_POINT ( 'NONE',  ( 38.59999999999999432, 3.000000000000000000, 1.674315780649911600 ) ) ;
#3016 = AXIS2_PLACEMENT_3D ( 'NONE', #3065, #762, #2670 ) ;
#3017 = EDGE_CURVE ( 'NONE', #1022, #2383, #2673, .T. ) ;
#3018 = CARTESIAN_POINT ( 'NONE',  ( 3.665390439817190268E-15, 1.900000000000001243, -22.40000000000000213 ) ) ;
#3019 = AXIS2_PLACEMENT_3D ( 'NONE', #1881, #1063, #758 ) ;
#3020 = ORIENTED_EDGE ( 'NONE', *, *, #2539, .F. ) ;
#3021 = EDGE_CURVE ( 'NONE', #2660, #1673, #1844, .T. ) ;
#3022 = ORIENTED_EDGE ( 'NONE', *, *, #1775, .F. ) ;
#3023 = DIRECTION ( 'NONE',  ( 0.000000000000000000, 0.000000000000000000, -1.000000000000000000 ) ) ;
#3024 = APPLICATION_PROTOCOL_DEFINITION ( 'draft international standard', 'automotive_design', 1998, #3705 ) ;
#3025 = CARTESIAN_POINT ( 'NONE',  ( -20.74999999999966604, -2.999999999999999112, 35.94005425705439194 ) ) ;
#3026 = AXIS2_PLACEMENT_3D ( 'NONE', #4489, #647, #4836 ) ;
#3027 = AXIS2_PLACEMENT_3D ( 'NONE', #2901, #2477, #2521 ) ;
#3028 = ORIENTED_EDGE ( 'NONE', *, *, #1038, .F. ) ;
#3029 = ADVANCED_FACE ( 'NONE', ( #3479 ), #4242, .T. ) ;
#3030 = VECTOR ( 'NONE', #3086, 1000.000000000000000 ) ;
#3031 = AXIS2_PLACEMENT_3D ( 'NONE', #4382, #241, #188 ) ;
#3032 = DIRECTION ( 'NONE',  ( 0.000000000000000000, 0.000000000000000000, -1.000000000000000000 ) ) ;
#3033 = VERTEX_POINT ( 'NONE', #1232 ) ;
#3034 = LINE ( 'NONE', #2684, #2738 ) ;
#3035 = PLANE ( 'NONE',  #4219 ) ;
#3036 = FACE_BOUND ( 'NONE', #3932, .T. ) ;
#3037 = ORIENTED_EDGE ( 'NONE', *, *, #2274, .T. ) ;
#3038 = CARTESIAN_POINT ( 'NONE',  ( -34.49999999999999289, 3.000000000000000000, -28.85000000000000142 ) ) ;
#3039 = CARTESIAN_POINT ( 'NONE',  ( -41.49999999999999289, -5.999999999999941380, -1.549999999999995826 ) ) ;
#3040 = DIRECTION ( 'NONE',  ( 0.000000000000000000, 0.000000000000000000, -1.000000000000000000 ) ) ;
#3041 = DIRECTION ( 'NONE',  ( -0.000000000000000000, -1.000000000000000000, -0.000000000000000000 ) ) ;
#3042 = CARTESIAN_POINT ( 'NONE',  ( 29.00000000000000355, 0.000000000000000000, 10.25000000000000355 ) ) ;
#3043 = CYLINDRICAL_SURFACE ( 'NONE', #99, 1.100000000000000311 ) ;
#3044 = EDGE_CURVE ( 'NONE', #1071, #3506, #92, .T. ) ;
#3045 = EDGE_CURVE ( 'NONE', #780, #4974, #4676, .T. ) ;
#3046 = ORIENTED_EDGE ( 'NONE', *, *, #3113, .T. ) ;
#3047 = EDGE_CURVE ( 'NONE', #2605, #4423, #890, .T. ) ;
#3048 = ORIENTED_EDGE ( 'NONE', *, *, #3624, .F. ) ;
#3049 = CARTESIAN_POINT ( 'NONE',  ( -40.89034256034183556, 3.000000000000000000, 2.996645674399722736 ) ) ;
#3050 = SHAPE_DEFINITION_REPRESENTATION ( #4254, #3883 ) ;
#3051 = CARTESIAN_POINT ( 'NONE',  ( -20.74999999999990408, -0.4315578539998012886, -39.28868581835408236 ) ) ;
#3052 = FACE_OUTER_BOUND ( 'NONE', #875, .T. ) ;
#3053 = ADVANCED_FACE ( 'NONE', ( #1966 ), #115, .F. ) ;
#3054 = ORIENTED_EDGE ( 'NONE', *, *, #1738, .T. ) ;
#3055 = VECTOR ( 'NONE', #1168, 1000.000000000000000 ) ;
#3056 = CARTESIAN_POINT ( 'NONE',  ( -25.99999999999999645, -15.99999999999995204, -24.00000000000000355 ) ) ;
#3057 = ORIENTED_EDGE ( 'NONE', *, *, #3718, .F. ) ;
#3058 = DIRECTION ( 'NONE',  ( 1.000000000000000000, 0.000000000000000000, 3.996802888650562757E-15 ) ) ;
#3059 = FACE_BOUND ( 'NONE', #4965, .T. ) ;
#3060 = ORIENTED_EDGE ( 'NONE', *, *, #3554, .T. ) ;
#3061 = VECTOR ( 'NONE', #138, 1000.000000000000000 ) ;
#3062 = VERTEX_POINT ( 'NONE', #1994 ) ;
#3063 = CARTESIAN_POINT ( 'NONE',  ( -34.91166192183931827, 2.699598372129615065, 22.06680299101918408 ) ) ;
#3064 = VECTOR ( 'NONE', #4495, 1000.000000000000000 ) ;
#3065 = CARTESIAN_POINT ( 'NONE',  ( 0.000000000000000000, -5.999999999999952927, 0.000000000000000000 ) ) ;
#3066 = DIRECTION ( 'NONE',  ( -0.000000000000000000, -1.000000000000000000, -0.000000000000000000 ) ) ;
#3067 = DIRECTION ( 'NONE',  ( 0.000000000000000000, 0.000000000000000000, -1.000000000000000000 ) ) ;
#3068 = ORIENTED_EDGE ( 'NONE', *, *, #1490, .T. ) ;
#3069 = DIRECTION ( 'NONE',  ( -0.000000000000000000, -1.000000000000000000, -0.000000000000000000 ) ) ;
#3070 = CARTESIAN_POINT ( 'NONE',  ( -23.65000000000040004, 2.365118790450083885, 34.26573847640401738 ) ) ;
#3071 = ORIENTED_EDGE ( 'NONE', *, *, #703, .T. ) ;
#3072 = ORIENTED_EDGE ( 'NONE', *, *, #853, .F. ) ;
#3073 = LINE ( 'NONE', #347, #2407 ) ;
#3074 = EDGE_CURVE ( 'NONE', #3661, #2243, #868, .T. ) ;
#3075 = FILL_AREA_STYLE_COLOUR ( '', #3875 ) ;
#3076 = DIRECTION ( 'NONE',  ( 0.000000000000000000, 0.000000000000000000, 1.000000000000000000 ) ) ;
#3077 = PRODUCT_DEFINITION ( 'UNKNOWN', '', #2986, #1946 ) ;
#3078 = FACE_OUTER_BOUND ( 'NONE', #3513, .T. ) ;
#3079 = ORIENTED_EDGE ( 'NONE', *, *, #887, .F. ) ;
#3080 = EDGE_CURVE ( 'NONE', #3791, #4582, #310, .T. ) ;
#3081 = LINE ( 'NONE', #4593, #4748 ) ;
#3082 = CARTESIAN_POINT ( 'NONE',  ( 40.89034256034182135, 3.000000000000000000, 2.996645674399727177 ) ) ;
#3083 = ADVANCED_FACE ( 'NONE', ( #1187 ), #3531, .F. ) ;
#3084 = EDGE_LOOP ( 'NONE', ( #4949, #4157, #136, #2024 ) ) ;
#3085 = ORIENTED_EDGE ( 'NONE', *, *, #4746, .T. ) ;
#3086 = DIRECTION ( 'NONE',  ( 0.000000000000000000, 1.000000000000000000, 0.000000000000000000 ) ) ;
#3087 = EDGE_CURVE ( 'NONE', #3809, #1364, #1641, .T. ) ;
#3088 = CARTESIAN_POINT ( 'NONE',  ( 20.75000000000018474, -0.4315578539998012886, -39.28868581835394025 ) ) ;
#3089 = PLANE ( 'NONE',  #897 ) ;
#3090 = CIRCLE ( 'NONE', #2220, 1.100000000000000311 ) ;
#3091 = CARTESIAN_POINT ( 'NONE',  ( -17.84999999999990905, 3.000000000000000000, -36.91039826390395007 ) ) ;
#3092 = ORIENTED_EDGE ( 'NONE', *, *, #3108, .T. ) ;
#3093 = CARTESIAN_POINT ( 'NONE',  ( 20.74999999999968381, -3.000000000000000000, 32.59142269575455941 ) ) ;
#3094 = DIRECTION ( 'NONE',  ( 0.000000000000000000, -1.000000000000000000, 0.000000000000000000 ) ) ;
#3095 = VERTEX_POINT ( 'NONE', #4308 ) ;
#3096 = ORIENTED_EDGE ( 'NONE', *, *, #3144, .T. ) ;
#3097 = DIRECTION ( 'NONE',  ( 0.000000000000000000, 0.000000000000000000, 1.000000000000000000 ) ) ;
#3098 =( NAMED_UNIT ( * ) SI_UNIT ( $, .STERADIAN. ) SOLID_ANGLE_UNIT ( ) );
#3099 = DIRECTION ( 'NONE',  ( 0.000000000000000000, 0.000000000000000000, 1.000000000000000000 ) ) ;
#3100 = AXIS2_PLACEMENT_3D ( 'NONE', #205, #1011, #2172 ) ;
#3101 = CIRCLE ( 'NONE', #4318, 41.00000000000000711 ) ;
#3102 = DIRECTION ( 'NONE',  ( -0.000000000000000000, -1.000000000000000000, -0.000000000000000000 ) ) ;
#3103 = ORIENTED_EDGE ( 'NONE', *, *, #2203, .F. ) ;
#3104 = DIRECTION ( 'NONE',  ( 0.8660254037844380415, 0.000000000000000000, 0.5000000000000011102 ) ) ;
#3105 = CARTESIAN_POINT ( 'NONE',  ( -31.43077136594002496, 3.000000000000000000, 23.50259341371026522 ) ) ;
#3106 = CIRCLE ( 'NONE', #4399, 37.19999999999999574 ) ;
#3107 = EDGE_CURVE ( 'NONE', #466, #2581, #1927, .T. ) ;
#3108 = EDGE_CURVE ( 'NONE', #345, #4692, #2019, .T. ) ;
#3109 = VECTOR ( 'NONE', #131, 1000.000000000000000 ) ;
#3110 = ORIENTED_EDGE ( 'NONE', *, *, #508, .T. ) ;
#3111 = CIRCLE ( 'NONE', #3031, 1.600000000000000755 ) ;
#3112 = ORIENTED_EDGE ( 'NONE', *, *, #3407, .T. ) ;
#3113 = EDGE_CURVE ( 'NONE', #1735, #4524, #3757, .T. ) ;
#3114 = DIRECTION ( 'NONE',  ( -0.000000000000000000, -1.000000000000000000, -0.000000000000000000 ) ) ;
#3115 = LINE ( 'NONE', #2712, #1340 ) ;
#3116 = CIRCLE ( 'NONE', #1594, 10.50000000000000000 ) ;
#3117 = FACE_OUTER_BOUND ( 'NONE', #3135, .T. ) ;
#3118 = EDGE_CURVE ( 'NONE', #4437, #3723, #3574, .T. ) ;
#3119 = AXIS2_PLACEMENT_3D ( 'NONE', #3614, #4735, #126 ) ;
#3120 = CARTESIAN_POINT ( 'NONE',  ( 20.75000000000018474, -0.4315578539998012886, -39.28868581835394025 ) ) ;
#3121 = ORIENTED_EDGE ( 'NONE', *, *, #4252, .F. ) ;
#3122 = CARTESIAN_POINT ( 'NONE',  ( -35.35861787147479873, 2.960819098985271403, -20.83680470761276382 ) ) ;
#3123 = LINE ( 'NONE', #3170, #740 ) ;
#3124 = ADVANCED_FACE ( 'NONE', ( #3880 ), #3200, .F. ) ;
#3125 = ORIENTED_EDGE ( 'NONE', *, *, #3332, .T. ) ;
#3126 = ORIENTED_EDGE ( 'NONE', *, *, #4314, .F. ) ;
#3127 = CARTESIAN_POINT ( 'NONE',  ( 0.000000000000000000, -3.999999999999931610, 0.000000000000000000 ) ) ;
#3128 = DIRECTION ( 'NONE',  ( -0.000000000000000000, -1.000000000000000000, -0.000000000000000000 ) ) ;
#3129 = PLANE ( 'NONE',  #4173 ) ;
#3130 = ORIENTED_EDGE ( 'NONE', *, *, #2992, .T. ) ;
#3131 = FACE_BOUND ( 'NONE', #3935, .T. ) ;
#3132 = LINE ( 'NONE', #4690, #2056 ) ;
#3134 = EDGE_LOOP ( 'NONE', ( #4354, #3573, #107, #1654 ) ) ;
#3133 = CIRCLE ( 'NONE', #1065, 1.600000000000000755 ) ;
#3135 = EDGE_LOOP ( 'NONE', ( #4176, #2689, #244, #4095, #2294, #2215, #1356, #922, #3584, #1202, #1871, #2657, #4613 ) ) ;
#3136 = LINE ( 'NONE', #4669, #2166 ) ;
#3137 = DIRECTION ( 'NONE',  ( -0.000000000000000000, -1.000000000000000000, -0.000000000000000000 ) ) ;
#3138 = VECTOR ( 'NONE', #427, 1000.000000000000000 ) ;
#3139 = CARTESIAN_POINT ( 'NONE',  ( 8.462269199216015281, -5.857218976068036743E-15, -9.199999999999999289 ) ) ;
#3140 = EDGE_CURVE ( 'NONE', #1712, #1542, #837, .T. ) ;
#3141 = CIRCLE ( 'NONE', #985, 41.00000000000000711 ) ;
#3142 = CARTESIAN_POINT ( 'NONE',  ( 3.469446951953614189E-15, 1.900000000000001243, 22.40000000000000213 ) ) ;
#3143 = ORIENTED_EDGE ( 'NONE', *, *, #606, .T. ) ;
#3144 = EDGE_CURVE ( 'NONE', #4124, #3391, #3906, .T. ) ;
#3145 = DIRECTION ( 'NONE',  ( -0.000000000000000000, 1.000000000000000000, -0.000000000000000000 ) ) ;
#3146 = DIRECTION ( 'NONE',  ( 1.071365218763275746E-14, 0.000000000000000000, -1.000000000000000000 ) ) ;
#3147 = ORIENTED_EDGE ( 'NONE', *, *, #2356, .F. ) ;
#3148 = AXIS2_PLACEMENT_3D ( 'NONE', #1745, #3252, #3301 ) ;
#3149 = ORIENTED_EDGE ( 'NONE', *, *, #4043, .F. ) ;
#3150 = CARTESIAN_POINT ( 'NONE',  ( 29.00000000000000355, 0.000000000000000000, -10.24999999999999645 ) ) ;
#3151 = ADVANCED_FACE ( 'NONE', ( #2767 ), #461, .F. ) ;
#3152 = CARTESIAN_POINT ( 'NONE',  ( 19.78872433077436455, 0.5081212520958636736, 38.73369305196156631 ) ) ;
#3153 = FACE_OUTER_BOUND ( 'NONE', #2562, .T. ) ;
#3154 = ORIENTED_EDGE ( 'NONE', *, *, #641, .T. ) ;
#3155 = LINE ( 'NONE', #4346, #1118 ) ;
#3156 = ORIENTED_EDGE ( 'NONE', *, *, #965, .T. ) ;
#3157 = LINE ( 'NONE', #2811, #585 ) ;
#3158 = CARTESIAN_POINT ( 'NONE',  ( -44.39999999999999147, -3.000000000000000000, -1.674315780649916041 ) ) ;
#3159 = ORIENTED_EDGE ( 'NONE', *, *, #4686, .F. ) ;
#3160 = DIRECTION ( 'NONE',  ( -0.000000000000000000, -1.000000000000000000, -0.000000000000000000 ) ) ;
#3161 = ORIENTED_EDGE ( 'NONE', *, *, #1122, .T. ) ;
#3162 = CARTESIAN_POINT ( 'NONE',  ( -25.99999999999999645, -1.734723475976807883E-15, 23.99999999999999645 ) ) ;
#3163 = CARTESIAN_POINT ( 'NONE',  ( 8.300000000000006040, 1.800000000000000044, -10.24999999999999645 ) ) ;
#3164 = VECTOR ( 'NONE', #4361, 1000.000000000000000 ) ;
#3165 = CARTESIAN_POINT ( 'NONE',  ( -25.99999999999999645, -1.734723475976807883E-15, -24.00000000000000355 ) ) ;
#3166 = CARTESIAN_POINT ( 'NONE',  ( 19.78872433077490811, 0.5081212520958560130, -38.73369305196129631 ) ) ;
#3167 = ORIENTED_EDGE ( 'NONE', *, *, #3074, .T. ) ;
#3168 = DIRECTION ( 'NONE',  ( 0.000000000000000000, 0.000000000000000000, -1.000000000000000000 ) ) ;
#3169 = VECTOR ( 'NONE', #1682, 999.9999999999998863 ) ;
#3170 = CARTESIAN_POINT ( 'NONE',  ( -25.99999999999999645, 0.000000000000000000, 25.59999999999999787 ) ) ;
#3171 = EDGE_CURVE ( 'NONE', #3809, #4398, #1914, .T. ) ;
#3172 = ORIENTED_EDGE ( 'NONE', *, *, #82, .T. ) ;
#3173 = ORIENTED_EDGE ( 'NONE', *, *, #2146, .T. ) ;
#3174 = ADVANCED_FACE ( 'NONE', ( #588 ), #1014, .F. ) ;
#3175 = DIRECTION ( 'NONE',  ( 0.000000000000000000, 0.000000000000000000, -1.000000000000000000 ) ) ;
#3176 = CARTESIAN_POINT ( 'NONE',  ( -29.00000000000000000, 3.000000000000000000, 3.993374407441584889E-15 ) ) ;
#3177 = CARTESIAN_POINT ( 'NONE',  ( -41.49999999999999289, -2.999999999999999112, -1.549999999999995826 ) ) ;
#3178 = VERTEX_POINT ( 'NONE', #2125 ) ;
#3179 = EDGE_CURVE ( 'NONE', #625, #1440, #557, .T. ) ;
#3180 = ORIENTED_EDGE ( 'NONE', *, *, #1958, .F. ) ;
#3181 = CARTESIAN_POINT ( 'NONE',  ( -27.99999999999999645, 0.000000000000000000, -14.47816335794327358 ) ) ;
#3182 = ORIENTED_EDGE ( 'NONE', *, *, #902, .T. ) ;
#3183 = DIRECTION ( 'NONE',  ( 0.000000000000000000, 0.000000000000000000, -1.000000000000000000 ) ) ;
#3184 = DIRECTION ( 'NONE',  ( -0.000000000000000000, 1.000000000000000000, -0.000000000000000000 ) ) ;
#3185 = CIRCLE ( 'NONE', #3019, 2.200000000000000622 ) ;
#3186 = EDGE_CURVE ( 'NONE', #1121, #3460, #3359, .T. ) ;
#3187 = VERTEX_POINT ( 'NONE', #4407 ) ;
#3188 = VECTOR ( 'NONE', #1715, 1000.000000000000114 ) ;
#3189 = AXIS2_PLACEMENT_3D ( 'NONE', #1950, #1145, #3099 ) ;
#3190 = CARTESIAN_POINT ( 'NONE',  ( 33.20000000000000284, -5.857218976068036743E-15, 7.200000000000000178 ) ) ;
#3191 = ORIENTED_EDGE ( 'NONE', *, *, #3833, .T. ) ;
#3192 = LINE ( 'NONE', #4646, #3992 ) ;
#3193 = FACE_BOUND ( 'NONE', #445, .T. ) ;
#3194 = AXIS2_PLACEMENT_3D ( 'NONE', #431, #2667, #2711 ) ;
#3195 = AXIS2_PLACEMENT_3D ( 'NONE', #1617, #2719, #60 ) ;
#3196 = LINE ( 'NONE', #134, #1029 ) ;
#3197 = DIRECTION ( 'NONE',  ( -0.000000000000000000, -1.000000000000000000, -0.000000000000000000 ) ) ;
#3198 = CIRCLE ( 'NONE', #2473, 1.549999999999995826 ) ;
#3199 = ORIENTED_EDGE ( 'NONE', *, *, #2052, .F. ) ;
#3200 = PLANE ( 'NONE',  #3678 ) ;
#3201 = CARTESIAN_POINT ( 'NONE',  ( 33.20000000000000284, 1.700000000000000178, -5.200000000000000178 ) ) ;
#3202 = VECTOR ( 'NONE', #3988, 1000.000000000000000 ) ;
#3203 = ORIENTED_EDGE ( 'NONE', *, *, #4659, .F. ) ;
#3204 = DIRECTION ( 'NONE',  ( 0.000000000000000000, 0.000000000000000000, -1.000000000000000000 ) ) ;
#3205 = DIRECTION ( 'NONE',  ( 0.000000000000000000, 0.000000000000000000, -1.000000000000000000 ) ) ;
#3206 = CIRCLE ( 'NONE', #3851, 37.20000000000000284 ) ;
#3207 = LINE ( 'NONE', #4760, #4580 ) ;
#3208 = DIRECTION ( 'NONE',  ( -0.000000000000000000, -1.000000000000000000, -0.000000000000000000 ) ) ;
#3209 = EDGE_CURVE ( 'NONE', #4582, #2217, #2894, .T. ) ;
#3210 = EDGE_CURVE ( 'NONE', #3178, #4543, #209, .T. ) ;
#3211 = VERTEX_POINT ( 'NONE', #4780 ) ;
#3212 = CARTESIAN_POINT ( 'NONE',  ( 41.49999999999999289, -2.999999999999999112, 1.549999999999995826 ) ) ;
#3213 = VERTEX_POINT ( 'NONE', #1336 ) ;
#3214 = CARTESIAN_POINT ( 'NONE',  ( -29.32067667992224713, -7.999999999999976019, -22.89405859675091648 ) ) ;
#3215 = FACE_OUTER_BOUND ( 'NONE', #711, .T. ) ;
#3216 = EDGE_CURVE ( 'NONE', #2281, #2330, #3198, .T. ) ;
#3217 = ORIENTED_EDGE ( 'NONE', *, *, #1149, .F. ) ;
#3218 = LINE ( 'NONE', #481, #4964 ) ;
#3219 = ORIENTED_EDGE ( 'NONE', *, *, #2753, .T. ) ;
#3220 = CARTESIAN_POINT ( 'NONE',  ( -20.90000000000000924, 0.000000000000000000, 17.42264973081038093 ) ) ;
#3221 = FACE_BOUND ( 'NONE', #3284, .T. ) ;
#3222 = DIRECTION ( 'NONE',  ( 0.000000000000000000, 0.000000000000000000, -1.000000000000000000 ) ) ;
#3223 = DIRECTION ( 'NONE',  ( 0.8660254037844382635, 0.000000000000000000, -0.5000000000000005551 ) ) ;
#3224 = VECTOR ( 'NONE', #3094, 1000.000000000000000 ) ;
#3225 = EDGE_LOOP ( 'NONE', ( #1176, #2628, #1604, #2586 ) ) ;
#3226 = DIRECTION ( 'NONE',  ( 0.000000000000000000, 1.000000000000000000, 0.000000000000000000 ) ) ;
#3227 = CARTESIAN_POINT ( 'NONE',  ( 29.00000000000000355, 2.999999999999999112, -11.34999999999999787 ) ) ;
#3228 = VECTOR ( 'NONE', #3795, 999.9999999999998863 ) ;
#3229 = ORIENTED_EDGE ( 'NONE', *, *, #4534, .T. ) ;
#3230 = DIRECTION ( 'NONE',  ( -0.000000000000000000, -1.000000000000000000, -0.000000000000000000 ) ) ;
#3231 = CYLINDRICAL_SURFACE ( 'NONE', #1506, 1.549999999999997824 ) ;
#3232 = DIRECTION ( 'NONE',  ( 0.8660254037844381525, 0.000000000000000000, -0.5000000000000007772 ) ) ;
#3233 = VERTEX_POINT ( 'NONE', #3248 ) ;
#3234 = ORIENTED_EDGE ( 'NONE', *, *, #4804, .T. ) ;
#3235 = ORIENTED_EDGE ( 'NONE', *, *, #451, .F. ) ;
#3236 = FACE_OUTER_BOUND ( 'NONE', #2194, .T. ) ;
#3237 = ORIENTED_EDGE ( 'NONE', *, *, #1283, .F. ) ;
#3238 = CARTESIAN_POINT ( 'NONE',  ( -17.85000000000039933, 3.000000000000000000, 34.26573847640407422 ) ) ;
#3239 = CARTESIAN_POINT ( 'NONE',  ( 26.00000000000000355, -1.734723475976807883E-15, 24.00000000000000711 ) ) ;
#3240 = ORIENTED_EDGE ( 'NONE', *, *, #4810, .T. ) ;
#3241 = EDGE_CURVE ( 'NONE', #4140, #1838, #3111, .T. ) ;
#3242 = DIRECTION ( 'NONE',  ( 0.000000000000000000, 0.000000000000000000, -1.000000000000000000 ) ) ;
#3243 = ORIENTED_EDGE ( 'NONE', *, *, #1283, .T. ) ;
#3244 = DIRECTION ( 'NONE',  ( -0.000000000000000000, -1.000000000000000000, -0.000000000000000000 ) ) ;
#3245 = EDGE_CURVE ( 'NONE', #3694, #2004, #2340, .T. ) ;
#3246 = CARTESIAN_POINT ( 'NONE',  ( 26.00000000000001066, 0.000000000000000000, -23.99999999999999645 ) ) ;
#3247 = ORIENTED_EDGE ( 'NONE', *, *, #3643, .F. ) ;
#3248 = CARTESIAN_POINT ( 'NONE',  ( -34.49999999999999289, -0.9730196895871947582, -28.85000000000000142 ) ) ;
#3249 = ADVANCED_FACE ( 'NONE', ( #3271 ), #1831, .F. ) ;
#3250 = ORIENTED_EDGE ( 'NONE', *, *, #237, .T. ) ;
#3251 = ORIENTED_EDGE ( 'NONE', *, *, #3179, .F. ) ;
#3252 = DIRECTION ( 'NONE',  ( -0.000000000000000000, -1.000000000000000000, -0.000000000000000000 ) ) ;
#3253 = CARTESIAN_POINT ( 'NONE',  ( 20.75000000000041567, -2.999999999999999112, 35.94005425705395851 ) ) ;
#3254 = CARTESIAN_POINT ( 'NONE',  ( -44.39999999999999147, -3.000000000000000000, 1.674315780649913599 ) ) ;
#3255 = DIRECTION ( 'NONE',  ( 0.000000000000000000, 0.000000000000000000, 1.000000000000000000 ) ) ;
#3256 = ORIENTED_EDGE ( 'NONE', *, *, #2501, .T. ) ;
#3257 = CARTESIAN_POINT ( 'NONE',  ( -14.80000000000000426, 3.000000000000000000, 3.768747097022995221E-15 ) ) ;
#3258 = ORIENTED_EDGE ( 'NONE', *, *, #1449, .T. ) ;
#3259 = FACE_OUTER_BOUND ( 'NONE', #499, .T. ) ;
#3260 = FACE_OUTER_BOUND ( 'NONE', #280, .T. ) ;
#3261 = ORIENTED_EDGE ( 'NONE', *, *, #4810, .F. ) ;
#3262 = DIRECTION ( 'NONE',  ( -0.000000000000000000, -1.000000000000000000, -0.000000000000000000 ) ) ;
#3263 = VERTEX_POINT ( 'NONE', #2517 ) ;
#3264 = CARTESIAN_POINT ( 'NONE',  ( -29.00000000000000355, 3.000000000000000000, 12.74611255037439861 ) ) ;
#3265 = DIRECTION ( 'NONE',  ( -0.000000000000000000, -1.000000000000000000, -0.000000000000000000 ) ) ;
#3266 = EDGE_CURVE ( 'NONE', #3982, #2113, #1992, .T. ) ;
#3267 = CIRCLE ( 'NONE', #938, 10.50000000000000000 ) ;
#3268 = EDGE_CURVE ( 'NONE', #204, #933, #236, .T. ) ;
#3269 = CIRCLE ( 'NONE', #3674, 1.549999999999995826 ) ;
#3270 = FACE_OUTER_BOUND ( 'NONE', #2087, .T. ) ;
#3271 = FACE_OUTER_BOUND ( 'NONE', #1971, .T. ) ;
#3272 = VECTOR ( 'NONE', #4258, 1000.000000000000000 ) ;
#3273 = CARTESIAN_POINT ( 'NONE',  ( 29.00000000000000355, 0.000000000000000000, -8.049999999999997158 ) ) ;
#3274 = EDGE_CURVE ( 'NONE', #677, #4767, #3444, .T. ) ;
#3275 = AXIS2_PLACEMENT_3D ( 'NONE', #4427, #989, #2516 ) ;
#3276 = ORIENTED_EDGE ( 'NONE', *, *, #3216, .T. ) ;
#3277 = COLOUR_RGB ( '',1.000000000000000000, 1.000000000000000000, 0.7529411764705882248 ) ;
#3278 = ORIENTED_EDGE ( 'NONE', *, *, #184, .T. ) ;
#3279 = CARTESIAN_POINT ( 'NONE',  ( 0.000000000000000000, 0.000000000000000000, 0.000000000000000000 ) ) ;
#3280 = CARTESIAN_POINT ( 'NONE',  ( 44.39999999999999147, -0.4315578539997965146, 1.674315780649916041 ) ) ;
#3281 = CARTESIAN_POINT ( 'NONE',  ( 8.300000000000006040, 1.800000000000000044, 11.35000000000000497 ) ) ;
#3282 = DIRECTION ( 'NONE',  ( 0.4999999999999963363, 0.000000000000000000, 0.8660254037844408170 ) ) ;
#3283 = AXIS2_PLACEMENT_3D ( 'NONE', #3844, #3102, #2611 ) ;
#3284 = EDGE_LOOP ( 'NONE', ( #2025, #8 ) ) ;
#3285 = AXIS2_PLACEMENT_3D ( 'NONE', #2258, #2332, #3023 ) ;
#3286 = DIRECTION ( 'NONE',  ( 0.000000000000000000, 0.000000000000000000, -1.000000000000000000 ) ) ;
#3287 = ORIENTED_EDGE ( 'NONE', *, *, #3560, .F. ) ;
#3288 = DIRECTION ( 'NONE',  ( 0.000000000000000000, 0.000000000000000000, -1.000000000000000000 ) ) ;
#3289 = DIRECTION ( 'NONE',  ( 0.000000000000000000, 1.000000000000000000, 0.000000000000000000 ) ) ;
#3290 = VERTEX_POINT ( 'NONE', #2570 ) ;
#3291 = CARTESIAN_POINT ( 'NONE',  ( -34.49999999999999289, 3.000000000000000000, 28.85000000000000142 ) ) ;
#3292 = VERTEX_POINT ( 'NONE', #2099 ) ;
#3293 = DIRECTION ( 'NONE',  ( -0.000000000000000000, -1.000000000000000000, -0.000000000000000000 ) ) ;
#3294 = LINE ( 'NONE', #1786, #655 ) ;
#3295 = PLANE ( 'NONE',  #556 ) ;
#3296 = DIRECTION ( 'NONE',  ( 0.000000000000000000, 0.000000000000000000, -1.000000000000000000 ) ) ;
#3297 = EDGE_CURVE ( 'NONE', #2859, #4654, #2916, .T. ) ;
#3298 = VECTOR ( 'NONE', #672, 1000.000000000000114 ) ;
#3299 = EDGE_CURVE ( 'NONE', #1186, #2951, #3323, .T. ) ;
#3300 = EDGE_LOOP ( 'NONE', ( #3313, #1797 ) ) ;
#3301 = DIRECTION ( 'NONE',  ( 0.000000000000000000, 0.000000000000000000, -1.000000000000000000 ) ) ;
#3302 = CARTESIAN_POINT ( 'NONE',  ( -14.80000000000000426, 0.000000000000000000, -12.74611255037439506 ) ) ;
#3303 = ADVANCED_FACE ( 'NONE', ( #4482 ), #2469, .F. ) ;
#3304 = B_SPLINE_CURVE_WITH_KNOTS ( 'NONE', 3,
 ( #2725, #2259, #348, #3463 ),
 .UNSPECIFIED., .F., .F.,
 ( 4, 4 ),
 ( 3.025759104135181365E-07, 0.004363183915913226851 ),
 .UNSPECIFIED. ) ;
#3305 = CARTESIAN_POINT ( 'NONE',  ( 29.00000000000000355, 2.999999999999999112, 10.25000000000000355 ) ) ;
#3306 = PLANE ( 'NONE',  #4477 ) ;
#3307 = AXIS2_PLACEMENT_3D ( 'NONE', #3201, #1694, #2744 ) ;
#3308 = VERTEX_POINT ( 'NONE', #713 ) ;
#3309 = ADVANCED_FACE ( 'NONE', ( #2251 ), #3728, .F. ) ;
#3310 = EDGE_LOOP ( 'NONE', ( #1579, #4439, #3219, #895 ) ) ;
#3311 = VECTOR ( 'NONE', #1079, 1000.000000000000000 ) ;
#3312 = CARTESIAN_POINT ( 'NONE',  ( 20.74999999999963052, -3.000000000000000000, 39.28868581835422447 ) ) ;
#3313 = ORIENTED_EDGE ( 'NONE', *, *, #1032, .T. ) ;
#3314 = PLANE ( 'NONE',  #1070 ) ;
#3315 = PLANE ( 'NONE',  #4709 ) ;
#3316 = EDGE_LOOP ( 'NONE', ( #3037, #3191, #3199, #4362 ) ) ;
#3317 = CARTESIAN_POINT ( 'NONE',  ( 20.74999999999968381, -3.000000000000000000, 32.59142269575455941 ) ) ;
#3318 = ORIENTED_EDGE ( 'NONE', *, *, #2415, .T. ) ;
#3319 = CARTESIAN_POINT ( 'NONE',  ( -17.85000000000039933, -3.000000000000000000, 34.26573847640407422 ) ) ;
#3320 = CARTESIAN_POINT ( 'NONE',  ( -17.85000000000043840, 2.365118790450086106, 37.61437003770391385 ) ) ;
#3321 = CARTESIAN_POINT ( 'NONE',  ( -25.99999999999999645, 3.000000000000000000, -24.00000000000000355 ) ) ;
#3322 = CARTESIAN_POINT ( 'NONE',  ( 3.898073331655187996E-15, -1.734723475976807883E-15, 27.50000000000000355 ) ) ;
#3323 = LINE ( 'NONE', #2940, #3433 ) ;
#3324 = CARTESIAN_POINT ( 'NONE',  ( -23.64999999999991331, 2.365118790450097208, -34.26573847640433712 ) ) ;
#3325 = VERTEX_POINT ( 'NONE', #3010 ) ;
#3326 = DIRECTION ( 'NONE',  ( -0.000000000000000000, -1.000000000000000000, -0.000000000000000000 ) ) ;
#3327 = FACE_OUTER_BOUND ( 'NONE', #590, .T. ) ;
#3328 = DIRECTION ( 'NONE',  ( 0.000000000000000000, 1.000000000000000000, 0.000000000000000000 ) ) ;
#3329 = DIRECTION ( 'NONE',  ( -0.000000000000000000, -1.000000000000000000, -0.000000000000000000 ) ) ;
#3330 = EDGE_CURVE ( 'NONE', #1186, #1022, #315, .T. ) ;
#3331 = EDGE_LOOP ( 'NONE', ( #2862, #2455, #2031, #1523 ) ) ;
#3332 = EDGE_CURVE ( 'NONE', #991, #4607, #1591, .T. ) ;
#3333 = AXIS2_PLACEMENT_3D ( 'NONE', #1834, #4101, #4902 ) ;
#3334 = ORIENTED_EDGE ( 'NONE', *, *, #1802, .F. ) ;
#3335 = CARTESIAN_POINT ( 'NONE',  ( 8.300000000000006040, 1.800000000000000044, -10.24999999999999645 ) ) ;
#3336 = ORIENTED_EDGE ( 'NONE', *, *, #1010, .T. ) ;
#3337 = CARTESIAN_POINT ( 'NONE',  ( 0.000000000000000000, 3.000000000000000000, 0.000000000000000000 ) ) ;
#3338 = FACE_OUTER_BOUND ( 'NONE', #3654, .T. ) ;
#3339 = AXIS2_PLACEMENT_3D ( 'NONE', #2060, #2782, #3515 ) ;
#3340 = EDGE_CURVE ( 'NONE', #3706, #1159, #4131, .T. ) ;
#3341 = EDGE_LOOP ( 'NONE', ( #1883, #1103, #3924, #4236 ) ) ;
#3342 = DIRECTION ( 'NONE',  ( 0.000000000000000000, 0.000000000000000000, -1.000000000000000000 ) ) ;
#3343 = ORIENTED_EDGE ( 'NONE', *, *, #3605, .F. ) ;
#3344 = CARTESIAN_POINT ( 'NONE',  ( 41.50000000000000000, -3.000000000000000000, 3.348631561299828974 ) ) ;
#3345 = FACE_BOUND ( 'NONE', #102, .T. ) ;
#3346 = ADVANCED_FACE ( 'NONE', ( #1156 ), #2223, .F. ) ;
#3347 = VERTEX_POINT ( 'NONE', #1886 ) ;
#3348 = CARTESIAN_POINT ( 'NONE',  ( 17.84999999999967812, 3.000000000000000000, 34.26573847640445081 ) ) ;
#3349 =( NAMED_UNIT ( * ) SI_UNIT ( $, .STERADIAN. ) SOLID_ANGLE_UNIT ( ) );
#3350 = B_SPLINE_CURVE_WITH_KNOTS ( 'NONE', 3,
 ( #3649, #2513, #283, #4877 ),
 .UNSPECIFIED., .F., .F.,
 ( 4, 4 ),
 ( 9.928810124043620933E-07, 0.001418410319150304215 ),
 .UNSPECIFIED. ) ;
#3351 = FACE_OUTER_BOUND ( 'NONE', #3371, .T. ) ;
#3352 = VECTOR ( 'NONE', #2640, 999.9999999999998863 ) ;
#3353 = AXIS2_PLACEMENT_3D ( 'NONE', #2831, #494, #97 ) ;
#3354 = ORIENTED_EDGE ( 'NONE', *, *, #2014, .T. ) ;
#3355 = CARTESIAN_POINT ( 'NONE',  ( -29.32067667992224713, -7.999999999999976019, 22.89405859675091648 ) ) ;
#3356 = VECTOR ( 'NONE', #694, 1000.000000000000000 ) ;
#3357 = CARTESIAN_POINT ( 'NONE',  ( -22.09233937586604313, -5.999999999999941380, -35.16505425705410914 ) ) ;
#3358 = CIRCLE ( 'NONE', #789, 2.200000000000000622 ) ;
#3359 = CIRCLE ( 'NONE', #715, 2.000000000000000000 ) ;
#3360 = ORIENTED_EDGE ( 'NONE', *, *, #4109, .F. ) ;
#3361 = ORIENTED_EDGE ( 'NONE', *, *, #2669, .F. ) ;
#3362 = CARTESIAN_POINT ( 'NONE',  ( -25.99999999999999645, 3.000000000000000000, 22.39999999999999503 ) ) ;
#3363 = EDGE_LOOP ( 'NONE', ( #3898, #4688, #4194, #4222, #1268, #2118 ) ) ;
#3364 = EDGE_CURVE ( 'NONE', #4390, #2776, #954, .T. ) ;
#3365 = CARTESIAN_POINT ( 'NONE',  ( -20.74999999999991829, 3.000000000000000000, -32.59142269575442441 ) ) ;
#3366 = DIRECTION ( 'NONE',  ( 0.7071067811865451302, 0.000000000000000000, 0.7071067811865500152 ) ) ;
#3367 = VECTOR ( 'NONE', #2889, 1000.000000000000114 ) ;
#3368 = VECTOR ( 'NONE', #2604, 1000.000000000000000 ) ;
#3369 = ORIENTED_EDGE ( 'NONE', *, *, #12, .T. ) ;
#3370 = LINE ( 'NONE', #2911, #3367 ) ;
#3371 = EDGE_LOOP ( 'NONE', ( #3496, #2120, #265, #1095 ) ) ;
#3372 = EDGE_CURVE ( 'NONE', #1431, #492, #2692, .T. ) ;
#3373 = CARTESIAN_POINT ( 'NONE',  ( -33.50000000000000000, -0.8695052346245303321, 29.85000000000000142 ) ) ;
#3374 = PLANE ( 'NONE',  #1254 ) ;
#3375 = AXIS2_PLACEMENT_3D ( 'NONE', #120, #1647, #3175 ) ;
#3376 = ORIENTED_EDGE ( 'NONE', *, *, #1119, .F. ) ;
#3377 = CARTESIAN_POINT ( 'NONE',  ( 5.510910596163089556E-15, -0.9999999999999756861, 45.00000000000000000 ) ) ;
#3378 = EDGE_CURVE ( 'NONE', #4339, #1960, #2241, .T. ) ;
#3379 = CARTESIAN_POINT ( 'NONE',  ( -16.80000000000000071, 10.00000000000000000, -12.74611255037439506 ) ) ;
#3380 = DIRECTION ( 'NONE',  ( -0.000000000000000000, 0.000000000000000000, 1.000000000000000000 ) ) ;
#3381 = ORIENTED_EDGE ( 'NONE', *, *, #2320, .T. ) ;
#3382 = DIRECTION ( 'NONE',  ( -0.000000000000000000, -1.000000000000000000, -0.000000000000000000 ) ) ;
#3383 = CARTESIAN_POINT ( 'NONE',  ( 0.000000000000000000, -0.9999999999999756861, 0.000000000000000000 ) ) ;
#3384 = ORIENTED_EDGE ( 'NONE', *, *, #2090, .T. ) ;
#3385 = VERTEX_POINT ( 'NONE', #3400 ) ;
#3386 = CARTESIAN_POINT ( 'NONE',  ( -44.39999999999999147, -0.4315578539997965146, -1.674315780649916041 ) ) ;
#3387 = PLANE ( 'NONE',  #4517 ) ;
#3388 = CARTESIAN_POINT ( 'NONE',  ( 44.39999999999999147, -3.000000000000000000, -1.674315780649913599 ) ) ;
#3389 = AXIS2_PLACEMENT_3D ( 'NONE', #3759, #4459, #1367 ) ;
#3391 = VERTEX_POINT ( 'NONE', #3039 ) ;
#3390 = CIRCLE ( 'NONE', #1218, 37.19999999999999574 ) ;
#3392 = CYLINDRICAL_SURFACE ( 'NONE', #1756, 3.500000000000003109 ) ;
#3393 = EDGE_LOOP ( 'NONE', ( #3112, #2854 ) ) ;
#3394 = DIRECTION ( 'NONE',  ( -0.8660254037844381525, 0.000000000000000000, 0.5000000000000008882 ) ) ;
#3395 = FACE_BOUND ( 'NONE', #549, .T. ) ;
#3396 = EDGE_CURVE ( 'NONE', #949, #297, #1513, .T. ) ;
#3397 = CIRCLE ( 'NONE', #3148, 1.600000000000000755 ) ;
#3398 = ORIENTED_EDGE ( 'NONE', *, *, #4837, .T. ) ;
#3399 = CARTESIAN_POINT ( 'NONE',  ( 8.300000000000006040, 1.800000000000000044, 10.25000000000000355 ) ) ;
#3400 = CARTESIAN_POINT ( 'NONE',  ( 22.09233937586628471, -5.999999999999941380, 35.16505425705394572 ) ) ;
#3401 = EDGE_CURVE ( 'NONE', #1582, #4974, #2873, .T. ) ;
#3402 = B_SPLINE_CURVE_WITH_KNOTS ( 'NONE', 3,
 ( #476, #2005, #2781, #3539 ),
 .UNSPECIFIED., .F., .F.,
 ( 4, 4 ),
 ( 0.006681250777271588795, 0.01104412488640347731 ),
 .UNSPECIFIED. ) ;
#3403 = ORIENTED_EDGE ( 'NONE', *, *, #272, .T. ) ;
#3404 = CARTESIAN_POINT ( 'NONE',  ( -38.59999999999999432, 3.000000000000000000, -1.674315780649911600 ) ) ;
#3405 = CARTESIAN_POINT ( 'NONE',  ( 44.39999999999999147, -0.4315578539997965146, -1.674315780649913599 ) ) ;
#3406 = FACE_OUTER_BOUND ( 'NONE', #2149, .T. ) ;
#3407 = EDGE_CURVE ( 'NONE', #1960, #4339, #1354, .T. ) ;
#3408 = ORIENTED_EDGE ( 'NONE', *, *, #507, .F. ) ;
#3409 = ORIENTED_EDGE ( 'NONE', *, *, #4436, .F. ) ;
#3410 = CARTESIAN_POINT ( 'NONE',  ( -31.43077136594001786, 3.000000000000000000, -23.50259341371025812 ) ) ;
#3411 = CARTESIAN_POINT ( 'NONE',  ( 0.000000000000000000, 0.000000000000000000, 0.000000000000000000 ) ) ;
#3412 = LINE ( 'NONE', #2334, #226 ) ;
#3413 = CARTESIAN_POINT ( 'NONE',  ( -15.80000000000000071, 3.000000000000000000, -14.47816335794327181 ) ) ;
#3414 = VECTOR ( 'NONE', #3197, 1000.000000000000000 ) ;
#3415 = ORIENTED_EDGE ( 'NONE', *, *, #308, .F. ) ;
#3416 = CARTESIAN_POINT ( 'NONE',  ( 17.85000000000017906, -3.000000000000000000, -37.61437003770404175 ) ) ;
#3417 = ORIENTED_EDGE ( 'NONE', *, *, #248, .T. ) ;
#3418 = CARTESIAN_POINT ( 'NONE',  ( 3.469446951953614189E-15, 1.900000000000001243, -25.60000000000000497 ) ) ;
#3419 = CARTESIAN_POINT ( 'NONE',  ( 20.74999999999963052, -3.000000000000000000, 39.28868581835422447 ) ) ;
#3420 = MANIFOLD_SOLID_BREP ( 'Скругление1', #4323 ) ;
#3421 = AXIS2_PLACEMENT_3D ( 'NONE', #1037, #1856, #2984 ) ;
#3422 = DIRECTION ( 'NONE',  ( 0.7071067811865451302, 0.000000000000000000, 0.7071067811865500152 ) ) ;
#3423 = ORIENTED_EDGE ( 'NONE', *, *, #2121, .F. ) ;
#3424 = DIRECTION ( 'NONE',  ( 8.715250743307478842E-15, 0.000000000000000000, -1.000000000000000000 ) ) ;
#3425 = EDGE_CURVE ( 'NONE', #831, #1066, #4530, .T. ) ;
#3426 = CARTESIAN_POINT ( 'NONE',  ( 23.64999999999964686, -3.000000000000000000, 37.61437003770433307 ) ) ;
#3427 = DIRECTION ( 'NONE',  ( 0.8660254037844380415, 0.000000000000000000, -0.5000000000000011102 ) ) ;
#3428 = EDGE_CURVE ( 'NONE', #2490, #4421, #3843, .T. ) ;
#3429 = EDGE_LOOP ( 'NONE', ( #559, #3336, #736, #1487 ) ) ;
#3430 = CARTESIAN_POINT ( 'NONE',  ( -23.24372371516578184, 2.788580543601040240, -34.03117475398999403 ) ) ;
#3431 = EDGE_CURVE ( 'NONE', #1878, #3666, #218, .T. ) ;
#3432 = LINE ( 'NONE', #3781, #1181 ) ;
#3433 = VECTOR ( 'NONE', #4107, 1000.000000000000000 ) ;
#3434 = CARTESIAN_POINT ( 'NONE',  ( -20.74999999999991829, -3.000000000000000000, -32.59142269575442441 ) ) ;
#3435 = AXIS2_PLACEMENT_3D ( 'NONE', #3162, #2762, #4302 ) ;
#3436 = VERTEX_POINT ( 'NONE', #2012 ) ;
#3437 = CIRCLE ( 'NONE', #4075, 2.200000000000000622 ) ;
#3438 = ORIENTED_EDGE ( 'NONE', *, *, #4741, .F. ) ;
#3439 = DIRECTION ( 'NONE',  ( 0.000000000000000000, 0.000000000000000000, 1.000000000000000000 ) ) ;
#3440 = EDGE_CURVE ( 'NONE', #3308, #4310, #3669, .T. ) ;
#3441 = DIRECTION ( 'NONE',  ( 0.000000000000000000, 0.000000000000000000, 1.000000000000000000 ) ) ;
#3442 = DIRECTION ( 'NONE',  ( -0.000000000000000000, -1.000000000000000000, -0.000000000000000000 ) ) ;
#3443 = ORIENTED_EDGE ( 'NONE', *, *, #3045, .T. ) ;
#3444 = CIRCLE ( 'NONE', #2399, 10.50000000000000000 ) ;
#3445 = LINE ( 'NONE', #2659, #2956 ) ;
#3446 = ORIENTED_EDGE ( 'NONE', *, *, #443, .T. ) ;
#3447 = PLANE ( 'NONE',  #1298 ) ;
#3448 = DIRECTION ( 'NONE',  ( -0.8660254037844381525, 0.000000000000000000, 0.5000000000000007772 ) ) ;
#3449 = CARTESIAN_POINT ( 'NONE',  ( 29.00000000000000355, 1.800000000000000044, -8.049999999999997158 ) ) ;
#3450 = VECTOR ( 'NONE', #1102, 1000.000000000000000 ) ;
#3451 = EDGE_LOOP ( 'NONE', ( #4014, #1143, #2272 ) ) ;
#3452 = DIRECTION ( 'NONE',  ( -0.000000000000000000, -1.000000000000000000, -0.000000000000000000 ) ) ;
#3453 = CONICAL_SURFACE ( 'NONE', #2804, 3.499999999999999556, 0.7853981633974472798 ) ;
#3454 = FACE_OUTER_BOUND ( 'NONE', #1403, .T. ) ;
#3455 = DIRECTION ( 'NONE',  ( -0.000000000000000000, -1.000000000000000000, -0.000000000000000000 ) ) ;
#3456 = ORIENTED_EDGE ( 'NONE', *, *, #1989, .F. ) ;
#3457 = DIRECTION ( 'NONE',  ( 0.4999999999999904521, 0.000000000000000000, 0.8660254037844441477 ) ) ;
#3458 = DIRECTION ( 'NONE',  ( 7.105427357601001859E-15, 0.000000000000000000, -1.000000000000000000 ) ) ;
#3459 = ADVANCED_FACE ( 'NONE', ( #2343, #2040 ), #2418, .F. ) ;
#3460 = VERTEX_POINT ( 'NONE', #2735 ) ;
#3461 = ORIENTED_EDGE ( 'NONE', *, *, #2987, .T. ) ;
#3462 = CARTESIAN_POINT ( 'NONE',  ( -33.50000000000000000, -0.8695052346245303321, 29.85000000000000142 ) ) ;
#3463 = CARTESIAN_POINT ( 'NONE',  ( -17.85000000000043840, 2.365118790450086106, 37.61437003770391385 ) ) ;
#3464 = CARTESIAN_POINT ( 'NONE',  ( -38.59999999999999432, -3.000000000000000000, 1.674315780649907826 ) ) ;
#3465 = CIRCLE ( 'NONE', #4108, 1.600000000000000755 ) ;
#3466 = EDGE_CURVE ( 'NONE', #1100, #1465, #132, .T. ) ;
#3467 = CYLINDRICAL_SURFACE ( 'NONE', #4564, 1.600000000000000755 ) ;
#3468 = ORIENTED_EDGE ( 'NONE', *, *, #764, .T. ) ;
#3469 = DIRECTION ( 'NONE',  ( 0.000000000000000000, 0.000000000000000000, -1.000000000000000000 ) ) ;
#3470 = PLANE ( 'NONE',  #1330 ) ;
#3471 = AXIS2_PLACEMENT_3D ( 'NONE', #2323, #3853, #1171 ) ;
#3472 = ORIENTED_EDGE ( 'NONE', *, *, #606, .F. ) ;
#3473 = VERTEX_POINT ( 'NONE', #1561 ) ;
#3474 = CARTESIAN_POINT ( 'NONE',  ( -35.77450980392156765, 3.000000000000000000, 20.02958931903296147 ) ) ;
#3475 = AXIS2_PLACEMENT_3D ( 'NONE', #3411, #4969, #1525 ) ;
#3476 = DIRECTION ( 'NONE',  ( 0.000000000000000000, 0.000000000000000000, 1.000000000000000000 ) ) ;
#3477 = CARTESIAN_POINT ( 'NONE',  ( -17.84999999999991971, 2.788580806240222643, -37.14524230113637771 ) ) ;
#3478 = EDGE_LOOP ( 'NONE', ( #295, #2882, #2922, #1847 ) ) ;
#3479 = FACE_OUTER_BOUND ( 'NONE', #1348, .T. ) ;
#3480 = LINE ( 'NONE', #63, #977 ) ;
#3481 = ORIENTED_EDGE ( 'NONE', *, *, #4345, .F. ) ;
#3482 = ORIENTED_EDGE ( 'NONE', *, *, #1333, .T. ) ;
#3483 = DIRECTION ( 'NONE',  ( 0.000000000000000000, 0.000000000000000000, -1.000000000000000000 ) ) ;
#3484 =( NAMED_UNIT ( * ) SI_UNIT ( $, .STERADIAN. ) SOLID_ANGLE_UNIT ( ) );
#3485 = CARTESIAN_POINT ( 'NONE',  ( -23.64999999999990621, -0.4315578539998012886, -37.61437003770417675 ) ) ;
#3486 = EDGE_CURVE ( 'NONE', #3534, #2816, #708, .T. ) ;
#3487 = EDGE_CURVE ( 'NONE', #1997, #3502, #778, .T. ) ;
#3488 = ORIENTED_EDGE ( 'NONE', *, *, #3499, .T. ) ;
#3489 = DIRECTION ( 'NONE',  ( 0.000000000000000000, 1.000000000000000000, -0.000000000000000000 ) ) ;
#3490 = ORIENTED_EDGE ( 'NONE', *, *, #4933, .T. ) ;
#3491 = LINE ( 'NONE', #4198, #2665 ) ;
#3492 = DIRECTION ( 'NONE',  ( -0.000000000000000000, -1.000000000000000000, -0.000000000000000000 ) ) ;
#3493 = EDGE_CURVE ( 'NONE', #1502, #14, #3673, .T. ) ;
#3494 = CIRCLE ( 'NONE', #2609, 1.549999999999995826 ) ;
#3495 = EDGE_LOOP ( 'NONE', ( #2439, #2460, #958, #1657 ) ) ;
#3496 = ORIENTED_EDGE ( 'NONE', *, *, #1857, .T. ) ;
#3497 = CARTESIAN_POINT ( 'NONE',  ( 22.68333333333297475, -0.3894956581382373884, 38.17247529792096117 ) ) ;
#3498 = VECTOR ( 'NONE', #1256, 1000.000000000000000 ) ;
#3499 = EDGE_CURVE ( 'NONE', #747, #1394, #622, .T. ) ;
#3500 = DIRECTION ( 'NONE',  ( 0.000000000000000000, 1.000000000000000000, 0.000000000000000000 ) ) ;
#3501 = CARTESIAN_POINT ( 'NONE',  ( 20.75000000000041567, -5.999999999999941380, 35.94005425705395851 ) ) ;
#3502 = VERTEX_POINT ( 'NONE', #809 ) ;
#3503 = DIRECTION ( 'NONE',  ( -0.000000000000000000, -1.000000000000000000, -0.000000000000000000 ) ) ;
#3504 = DIRECTION ( 'NONE',  ( 0.000000000000000000, -1.000000000000000000, 0.000000000000000000 ) ) ;
#3505 = EDGE_LOOP ( 'NONE', ( #2145, #2478, #803, #3278 ) ) ;
#3506 = VERTEX_POINT ( 'NONE', #3088 ) ;
#3507 = LINE ( 'NONE', #3557, #565 ) ;
#3508 = LINE ( 'NONE', #3911, #1426 ) ;
#3509 = DIRECTION ( 'NONE',  ( 0.000000000000000000, 0.000000000000000000, -1.000000000000000000 ) ) ;
#3510 = VECTOR ( 'NONE', #3698, 1000.000000000000000 ) ;
#3511 = VECTOR ( 'NONE', #894, 1000.000000000000000 ) ;
#3512 = CARTESIAN_POINT ( 'NONE',  ( 25.16282172263367656, -3.999999999999931610, -27.39840146714684721 ) ) ;
#3513 = EDGE_LOOP ( 'NONE', ( #4256, #4756 ) ) ;
#3514 = DIRECTION ( 'NONE',  ( 0.000000000000000000, -1.000000000000000000, 0.000000000000000000 ) ) ;
#3515 = DIRECTION ( 'NONE',  ( 0.000000000000000000, 0.000000000000000000, 1.000000000000000000 ) ) ;
#3516 = AXIS2_PLACEMENT_3D ( 'NONE', #4115, #3282, #2208 ) ;
#3517 = EDGE_CURVE ( 'NONE', #1321, #4607, #55, .T. ) ;
#3518 = AXIS2_PLACEMENT_3D ( 'NONE', #1510, #1911, #3424 ) ;
#3519 = VERTEX_POINT ( 'NONE', #2393 ) ;
#3520 = AXIS2_PLACEMENT_3D ( 'NONE', #4181, #1863, #1462 ) ;
#3521 = EDGE_CURVE ( 'NONE', #1876, #95, #3115, .T. ) ;
#3522 = VERTEX_POINT ( 'NONE', #4331 ) ;
#3523 = CYLINDRICAL_SURFACE ( 'NONE', #4001, 2.200000000000000622 ) ;
#3524 = CARTESIAN_POINT ( 'NONE',  ( -34.49999999999999289, -0.9730196895871947582, 28.85000000000000142 ) ) ;
#3525 = CIRCLE ( 'NONE', #4171, 37.20000000000000284 ) ;
#3526 = DIRECTION ( 'NONE',  ( -0.000000000000000000, -1.000000000000000000, -0.000000000000000000 ) ) ;
#3527 = EDGE_CURVE ( 'NONE', #2326, #3385, #1252, .T. ) ;
#3528 = CIRCLE ( 'NONE', #1279, 1.100000000000000311 ) ;
#3529 = CARTESIAN_POINT ( 'NONE',  ( -28.99999999999999645, 3.000000000000000000, -12.74611255037439861 ) ) ;
#3530 = ORIENTED_EDGE ( 'NONE', *, *, #3274, .F. ) ;
#3531 = PLANE ( 'NONE',  #3195 ) ;
#3532 = CARTESIAN_POINT ( 'NONE',  ( 0.000000000000000000, 0.000000000000000000, 0.000000000000000000 ) ) ;
#3533 = EDGE_LOOP ( 'NONE', ( #2578, #649, #3156, #2190 ) ) ;
#3534 = VERTEX_POINT ( 'NONE', #1585 ) ;
#3535 = CARTESIAN_POINT ( 'NONE',  ( 33.20000000000000284, 3.000000000000000000, -7.200000000000000178 ) ) ;
#3536 = EDGE_LOOP ( 'NONE', ( #1629, #1076, #1969, #3256, #3110, #4625 ) ) ;
#3537 = CARTESIAN_POINT ( 'NONE',  ( 3.469446951953614189E-15, 0.000000000000000000, -25.60000000000000497 ) ) ;
#3538 = ORIENTED_EDGE ( 'NONE', *, *, #1894, .F. ) ;
#3539 = CARTESIAN_POINT ( 'NONE',  ( 23.65000000000017621, -0.4315578539998012886, -37.61437003770400622 ) ) ;
#3540 = DIRECTION ( 'NONE',  ( 3.996802888650562757E-15, 0.000000000000000000, -1.000000000000000000 ) ) ;
#3542 = VERTEX_POINT ( 'NONE', #3901 ) ;
#3541 = AXIS2_PLACEMENT_3D ( 'NONE', #3889, #2285, #4658 ) ;
#3543 = CARTESIAN_POINT ( 'NONE',  ( 8.300000000000006040, 0.000000000000000000, 10.25000000000000355 ) ) ;
#3544 = CARTESIAN_POINT ( 'NONE',  ( -17.84999999999992326, -3.000000000000000000, -34.26573847640432291 ) ) ;
#3545 = VECTOR ( 'NONE', #3563, 1000.000000000000000 ) ;
#3546 = CARTESIAN_POINT ( 'NONE',  ( -20.75000000000016698, -5.999999999999941380, -35.94005425705411483 ) ) ;
#3547 = EDGE_CURVE ( 'NONE', #4452, #2741, #457, .T. ) ;
#3548 = EDGE_CURVE ( 'NONE', #4515, #3436, #3192, .T. ) ;
#3549 = DIRECTION ( 'NONE',  ( -0.000000000000000000, -1.000000000000000000, -0.000000000000000000 ) ) ;
#3550 = CARTESIAN_POINT ( 'NONE',  ( -34.49999999999999289, -16.00610012852901676, -28.85000000000000142 ) ) ;
#3551 = EDGE_LOOP ( 'NONE', ( #1996, #2733, #3381, #4898, #2511 ) ) ;
#3552 = DIRECTION ( 'NONE',  ( -0.8660254037844380415, 0.000000000000000000, -0.5000000000000011102 ) ) ;
#3553 = CARTESIAN_POINT ( 'NONE',  ( 7.108306127341453617, 3.000000000000000000, -7.728000000000000647 ) ) ;
#3554 = EDGE_CURVE ( 'NONE', #3755, #595, #2818, .T. ) ;
#3555 = AXIS2_PLACEMENT_3D ( 'NONE', #214, #2156, #266 ) ;
#3556 = EDGE_LOOP ( 'NONE', ( #182, #1719, #971, #3203, #3092 ) ) ;
#3557 = CARTESIAN_POINT ( 'NONE',  ( 5.510910596163089556E-15, 0.000000000000000000, 45.00000000000000000 ) ) ;
#3558 = LINE ( 'NONE', #4706, #3511 ) ;
#3559 = ORIENTED_EDGE ( 'NONE', *, *, #2021, .F. ) ;
#3560 = EDGE_CURVE ( 'NONE', #2931, #4437, #411, .T. ) ;
#3561 = CARTESIAN_POINT ( 'NONE',  ( 29.00000000000000355, 1.800000000000000044, 8.050000000000002487 ) ) ;
#3562 = ORIENTED_EDGE ( 'NONE', *, *, #2246, .F. ) ;
#3563 = DIRECTION ( 'NONE',  ( 0.000000000000000000, 1.000000000000000000, 0.000000000000000000 ) ) ;
#3564 = DIRECTION ( 'NONE',  ( -0.000000000000000000, -1.000000000000000000, -0.000000000000000000 ) ) ;
#3565 = VERTEX_POINT ( 'NONE', #31 ) ;
#3566 = LINE ( 'NONE', #4353, #1755 ) ;
#3567 = AXIS2_PLACEMENT_3D ( 'NONE', #4011, #543, #2944 ) ;
#3568 = CARTESIAN_POINT ( 'NONE',  ( -34.49999999999999289, 3.000000000000000000, -28.85000000000000142 ) ) ;
#3569 = CARTESIAN_POINT ( 'NONE',  ( 23.64999999999965752, 0.5081326761191760077, 36.50437101041809029 ) ) ;
#3570 = CARTESIAN_POINT ( 'NONE',  ( 20.75000000000014921, -3.000000000000000000, -32.59142269575428230 ) ) ;
#3571 = EDGE_CURVE ( 'NONE', #3587, #3033, #1817, .T. ) ;
#3572 = CARTESIAN_POINT ( 'NONE',  ( -23.64999999999990621, -0.4315578539998012886, -37.61437003770417675 ) ) ;
#3573 = ORIENTED_EDGE ( 'NONE', *, *, #2186, .F. ) ;
#3574 = LINE ( 'NONE', #914, #465 ) ;
#3575 = EDGE_CURVE ( 'NONE', #2033, #2998, #4000, .T. ) ;
#3576 = AXIS2_PLACEMENT_3D ( 'NONE', #2290, #1504, #2639 ) ;
#3577 = CARTESIAN_POINT ( 'NONE',  ( 44.39999999999999147, -0.4315578539997965146, -1.674315780649913599 ) ) ;
#3578 = ADVANCED_FACE ( 'NONE', ( #2914 ), #1358, .F. ) ;
#3579 = EDGE_LOOP ( 'NONE', ( #4753, #2098, #856, #2044, #2953 ) ) ;
#3580 = CARTESIAN_POINT ( 'NONE',  ( -22.90000000000001279, 0.000000000000000000, 17.42264973081037738 ) ) ;
#3581 = DIRECTION ( 'NONE',  ( -0.5000000000000006661, 0.000000000000000000, -0.8660254037844383745 ) ) ;
#3582 = CARTESIAN_POINT ( 'NONE',  ( 23.65000000000017621, -0.4315578539998012886, -37.61437003770400622 ) ) ;
#3583 = CARTESIAN_POINT ( 'NONE',  ( -25.99999999999999645, -3.999999999999930722, -24.00000000000000355 ) ) ;
#3584 = ORIENTED_EDGE ( 'NONE', *, *, #4623, .T. ) ;
#3585 = ADVANCED_FACE ( 'NONE', ( #1688 ), #2440, .F. ) ;
#3586 = CARTESIAN_POINT ( 'NONE',  ( 19.40766062413403503, -2.999999999999999112, -36.71505425705424130 ) ) ;
#3587 = VERTEX_POINT ( 'NONE', #4048 ) ;
#3588 = LINE ( 'NONE', #152, #1862 ) ;
#3589 = DIRECTION ( 'NONE',  ( 0.000000000000000000, 0.000000000000000000, -1.000000000000000000 ) ) ;
#3590 = CIRCLE ( 'NONE', #4230, 2.200000000000000622 ) ;
#3591 = VERTEX_POINT ( 'NONE', #3670 ) ;
#3592 = AXIS2_PLACEMENT_3D ( 'NONE', #3975, #2124, #3650 ) ;
#3593 = AXIS2_PLACEMENT_3D ( 'NONE', #4896, #3642, #3366 ) ;
#3594 = DIRECTION ( 'NONE',  ( 0.000000000000000000, 0.000000000000000000, -1.000000000000000000 ) ) ;
#3595 = ORIENTED_EDGE ( 'NONE', *, *, #1825, .T. ) ;
#3596 = LINE ( 'NONE', #232, #2627 ) ;
#3597 = FACE_BOUND ( 'NONE', #2103, .T. ) ;
#3598 = VECTOR ( 'NONE', #3700, 1000.000000000000000 ) ;
#3599 = AXIS2_PLACEMENT_3D ( 'NONE', #4161, #3069, #4915 ) ;
#3600 = DIRECTION ( 'NONE',  ( 0.000000000000000000, 1.000000000000000000, 0.000000000000000000 ) ) ;
#3601 = VECTOR ( 'NONE', #2003, 1000.000000000000000 ) ;
#3602 = LINE ( 'NONE', #1084, #2296 ) ;
#3603 = ORIENTED_EDGE ( 'NONE', *, *, #4679, .F. ) ;
#3604 = DIRECTION ( 'NONE',  ( -0.000000000000000000, -1.000000000000000000, -0.000000000000000000 ) ) ;
#3605 = EDGE_CURVE ( 'NONE', #4974, #747, #1981, .T. ) ;
#3606 = AXIS2_PLACEMENT_3D ( 'NONE', #4968, #1873, #1166 ) ;
#3607 = EDGE_CURVE ( 'NONE', #3611, #1121, #3596, .T. ) ;
#3608 = ORIENTED_EDGE ( 'NONE', *, *, #4903, .T. ) ;
#3609 = CARTESIAN_POINT ( 'NONE',  ( -25.99999999999999645, 3.000000000000000000, -24.00000000000000355 ) ) ;
#3610 = DIRECTION ( 'NONE',  ( -0.4999999999999963918, 0.000000000000000000, -0.8660254037844407060 ) ) ;
#3611 = VERTEX_POINT ( 'NONE', #4450 ) ;
#3612 = EDGE_CURVE ( 'NONE', #141, #1982, #2100, .T. ) ;
#3613 = EDGE_LOOP ( 'NONE', ( #2983, #1000 ) ) ;
#3614 = CARTESIAN_POINT ( 'NONE',  ( 26.00000000000001066, 3.000000000000000000, -23.99999999999999645 ) ) ;
#3615 = ORIENTED_EDGE ( 'NONE', *, *, #2693, .T. ) ;
#3616 = CARTESIAN_POINT ( 'NONE',  ( 4.800615452657625381E-15, 0.000000000000000000, 39.20000000000000284 ) ) ;
#3617 = DIRECTION ( 'NONE',  ( 0.000000000000000000, 1.000000000000000000, -0.000000000000000000 ) ) ;
#3618 = EDGE_CURVE ( 'NONE', #1553, #4494, #2867, .T. ) ;
#3619 = ORIENTED_EDGE ( 'NONE', *, *, #3774, .F. ) ;
#3620 = LINE ( 'NONE', #2010, #2397 ) ;
#3621 = ORIENTED_EDGE ( 'NONE', *, *, #3804, .F. ) ;
#3622 = DIRECTION ( 'NONE',  ( 0.000000000000000000, 0.000000000000000000, -1.000000000000000000 ) ) ;
#3623 = DIRECTION ( 'NONE',  ( 0.000000000000000000, 0.000000000000000000, -1.000000000000000000 ) ) ;
#3624 = EDGE_CURVE ( 'NONE', #3897, #3213, #462, .T. ) ;
#3625 = CARTESIAN_POINT ( 'NONE',  ( -33.83356527533576497, -0.8966397717362935005, -29.51643472466422935 ) ) ;
#3626 = CIRCLE ( 'NONE', #1376, 3.499999999999999556 ) ;
#3627 = ORIENTED_EDGE ( 'NONE', *, *, #1888, .F. ) ;
#3628 = DIRECTION ( 'NONE',  ( -1.000000000000000000, -0.000000000000000000, -0.000000000000000000 ) ) ;
#3629 = VECTOR ( 'NONE', #4206, 1000.000000000000000 ) ;
#3630 = ORIENTED_EDGE ( 'NONE', *, *, #3407, .F. ) ;
#3631 = ORIENTED_EDGE ( 'NONE', *, *, #4226, .F. ) ;
#3632 = CARTESIAN_POINT ( 'NONE',  ( -23.65000000000043912, -3.000000000000000000, 37.61437003770384280 ) ) ;
#3633 = CARTESIAN_POINT ( 'NONE',  ( 23.64999999999964686, -0.4315578539997965146, 37.61437003770433307 ) ) ;
#3634 = CYLINDRICAL_SURFACE ( 'NONE', #4187, 2.000000000000000000 ) ;
#3635 = VERTEX_POINT ( 'NONE', #3220 ) ;
#3636 = ORIENTED_EDGE ( 'NONE', *, *, #4770, .T. ) ;
#3637 = ORIENTED_EDGE ( 'NONE', *, *, #3607, .F. ) ;
#3638 = DIRECTION ( 'NONE',  ( -0.000000000000000000, -1.000000000000000000, -0.000000000000000000 ) ) ;
#3639 = ORIENTED_EDGE ( 'NONE', *, *, #2688, .T. ) ;
#3640 = ADVANCED_FACE ( 'NONE', ( #4823, #2122 ), #2512, .T. ) ;
#3641 = CARTESIAN_POINT ( 'NONE',  ( 3.469446951953614189E-15, -1.734723475976807883E-15, 24.00000000000000355 ) ) ;
#3642 = DIRECTION ( 'NONE',  ( -0.7071067811865500152, 0.000000000000000000, 0.7071067811865451302 ) ) ;
#3643 = EDGE_CURVE ( 'NONE', #636, #2647, #2464, .T. ) ;
#3644 = EDGE_LOOP ( 'NONE', ( #755, #4734, #4283, #503, #4636, #370, #4918, #3125, #2132, #2162, #2221, #4388, #33 ) ) ;
#3645 = FACE_OUTER_BOUND ( 'NONE', #2666, .T. ) ;
#3646 = ORIENTED_EDGE ( 'NONE', *, *, #2963, .T. ) ;
#3647 = EDGE_CURVE ( 'NONE', #4767, #1457, #3267, .T. ) ;
#3648 = CARTESIAN_POINT ( 'NONE',  ( -28.10653838522274128, 3.000000000000000000, -29.85000000000000142 ) ) ;
#3649 = CARTESIAN_POINT ( 'NONE',  ( -34.49999999999999289, -0.9730196895871947582, 28.85000000000000142 ) ) ;
#3650 = DIRECTION ( 'NONE',  ( 0.000000000000000000, 0.000000000000000000, -1.000000000000000000 ) ) ;
#3651 = EDGE_CURVE ( 'NONE', #574, #1, #2155, .T. ) ;
#3652 = DIRECTION ( 'NONE',  ( 0.000000000000000000, 0.000000000000000000, -1.000000000000000000 ) ) ;
#3653 = CIRCLE ( 'NONE', #2133, 39.20000000000000284 ) ;
#3654 = EDGE_LOOP ( 'NONE', ( #256, #4678, #1959, #3739 ) ) ;
#3655 = DIRECTION ( 'NONE',  ( 0.000000000000000000, 1.000000000000000000, -0.000000000000000000 ) ) ;
#3656 = VECTOR ( 'NONE', #510, 1000.000000000000114 ) ;
#3657 = DIRECTION ( 'NONE',  ( -0.000000000000000000, -1.000000000000000000, -0.000000000000000000 ) ) ;
#3658 = CARTESIAN_POINT ( 'NONE',  ( 41.49999999999999289, -15.99999999999994138, 0.000000000000000000 ) ) ;
#3659 = VECTOR ( 'NONE', #377, 1000.000000000000000 ) ;
#3660 = EDGE_LOOP ( 'NONE', ( #3805, #1474 ) ) ;
#3661 = VERTEX_POINT ( 'NONE', #4376 ) ;
#3662 = DIRECTION ( 'NONE',  ( -0.000000000000000000, -1.000000000000000000, -0.000000000000000000 ) ) ;
#3663 = ORIENTED_EDGE ( 'NONE', *, *, #970, .T. ) ;
#3664 = DIRECTION ( 'NONE',  ( 0.000000000000000000, 1.000000000000000000, 0.000000000000000000 ) ) ;
#3665 = DIRECTION ( 'NONE',  ( 0.000000000000000000, 1.000000000000000000, 0.000000000000000000 ) ) ;
#3666 = VERTEX_POINT ( 'NONE', #4073 ) ;
#3667 = CARTESIAN_POINT ( 'NONE',  ( -25.99999999999999645, -1.734723475976807883E-15, -24.00000000000000355 ) ) ;
#3668 = ORIENTED_EDGE ( 'NONE', *, *, #1120, .F. ) ;
#3669 = CIRCLE ( 'NONE', #4311, 2.000000000000000000 ) ;
#3670 = CARTESIAN_POINT ( 'NONE',  ( 19.40766062413455018, -5.999999999999941380, 36.71505425705397130 ) ) ;
#3671 = FACE_OUTER_BOUND ( 'NONE', #1750, .T. ) ;
#3672 = EDGE_CURVE ( 'NONE', #3666, #357, #1309, .T. ) ;
#3673 = CIRCLE ( 'NONE', #4396, 3.500000000000003109 ) ;
#3674 = AXIS2_PLACEMENT_3D ( 'NONE', #3025, #18, #3076 ) ;
#3675 = ORIENTED_EDGE ( 'NONE', *, *, #4559, .F. ) ;
#3676 = CARTESIAN_POINT ( 'NONE',  ( 8.462269199216015281, -5.857218976068036743E-15, 9.199999999999999289 ) ) ;
#3677 = DIRECTION ( 'NONE',  ( 0.000000000000000000, 1.000000000000000000, 0.000000000000000000 ) ) ;
#3678 = AXIS2_PLACEMENT_3D ( 'NONE', #489, #1289, #4363 ) ;
#3679 = EDGE_CURVE ( 'NONE', #2331, #3696, #1613, .T. ) ;
#3680 = CIRCLE ( 'NONE', #3760, 3.499999999999999556 ) ;
#3681 = VECTOR ( 'NONE', #4078, 1000.000000000000000 ) ;
#3682 = ORIENTED_EDGE ( 'NONE', *, *, #390, .F. ) ;
#3683 = DIRECTION ( 'NONE',  ( -0.000000000000000000, -1.000000000000000000, -0.000000000000000000 ) ) ;
#3684 = CARTESIAN_POINT ( 'NONE',  ( 0.000000000000000000, -3.245314017740484187E-15, -37.19999999999999574 ) ) ;
#3685 = CARTESIAN_POINT ( 'NONE',  ( 0.000000000000000000, 3.000000000000000000, 0.000000000000000000 ) ) ;
#3686 = FACE_OUTER_BOUND ( 'NONE', #2204, .T. ) ;
#3687 = VECTOR ( 'NONE', #2960, 1000.000000000000000 ) ;
#3688 = ORIENTED_EDGE ( 'NONE', *, *, #1675, .F. ) ;
#3689 = CIRCLE ( 'NONE', #4725, 1.549999999999996270 ) ;
#3690 = FACE_OUTER_BOUND ( 'NONE', #45, .T. ) ;
#3691 = VERTEX_POINT ( 'NONE', #3264 ) ;
#3692 = CARTESIAN_POINT ( 'NONE',  ( -20.75000000000045475, -0.4315578539997965146, 39.28868581835378393 ) ) ;
#3693 = FACE_OUTER_BOUND ( 'NONE', #1500, .T. ) ;
#3694 = VERTEX_POINT ( 'NONE', #4775 ) ;
#3695 = DIRECTION ( 'NONE',  ( 0.000000000000000000, 0.000000000000000000, -1.000000000000000000 ) ) ;
#3696 = VERTEX_POINT ( 'NONE', #1784 ) ;
#3697 = CARTESIAN_POINT ( 'NONE',  ( 38.59999999999999432, -3.000000000000000000, 1.674315780649911600 ) ) ;
#3698 = DIRECTION ( 'NONE',  ( -0.000000000000000000, -1.000000000000000000, -0.000000000000000000 ) ) ;
#3699 = ORIENTED_EDGE ( 'NONE', *, *, #3047, .T. ) ;
#3700 = DIRECTION ( 'NONE',  ( 8.659560562354926695E-17, -0.7071067811865480168, 0.7071067811865470176 ) ) ;
#3701 = EDGE_CURVE ( 'NONE', #2457, #4503, #2865, .T. ) ;
#3702 = CARTESIAN_POINT ( 'NONE',  ( -25.99999999999999645, 1.900000000000001243, -24.00000000000000355 ) ) ;
#3703 = CARTESIAN_POINT ( 'NONE',  ( -14.80000000000000782, 10.00000000000000000, 13.90081308875365274 ) ) ;
#3704 = ADVANCED_FACE ( 'NONE', ( #4904 ), #355, .F. ) ;
#3705 = APPLICATION_CONTEXT ( 'automotive_design' ) ;
#3706 = VERTEX_POINT ( 'NONE', #3775 ) ;
#3707 = DIRECTION ( 'NONE',  ( 0.000000000000000000, 0.000000000000000000, -1.000000000000000000 ) ) ;
#3708 = ADVANCED_FACE ( 'NONE', ( #4476 ), #4526, .F. ) ;
#3709 = DIRECTION ( 'NONE',  ( 0.000000000000000000, 0.000000000000000000, -1.000000000000000000 ) ) ;
#3710 = FACE_BOUND ( 'NONE', #3613, .T. ) ;
#3711 = DIRECTION ( 'NONE',  ( -0.5000000000000039968, 0.000000000000000000, 0.8660254037844363761 ) ) ;
#3712 = AXIS2_PLACEMENT_3D ( 'NONE', #3011, #4182, #2620 ) ;
#3713 = ORIENTED_EDGE ( 'NONE', *, *, #4529, .F. ) ;
#3714 = ORIENTED_EDGE ( 'NONE', *, *, #3297, .T. ) ;
#3715 =( GEOMETRIC_REPRESENTATION_CONTEXT ( 3 ) GLOBAL_UNCERTAINTY_ASSIGNED_CONTEXT ( ( #395 ) ) GLOBAL_UNIT_ASSIGNED_CONTEXT ( ( #2333, #3813, #3098 ) ) REPRESENTATION_CONTEXT ( 'NONE', 'WORKASPACE' ) );
#3716 = DIRECTION ( 'NONE',  ( 0.000000000000000000, 0.000000000000000000, -1.000000000000000000 ) ) ;
#3717 = ORIENTED_EDGE ( 'NONE', *, *, #3113, .F. ) ;
#3718 = EDGE_CURVE ( 'NONE', #3290, #1480, #1039, .T. ) ;
#3719 = CARTESIAN_POINT ( 'NONE',  ( -21.90000000000000924, 10.00000000000000000, 17.69059892324149885 ) ) ;
#3720 = CARTESIAN_POINT ( 'NONE',  ( -23.65000000000043912, -0.4315578539998012886, 37.61437003770384280 ) ) ;
#3721 = ORIENTED_EDGE ( 'NONE', *, *, #2090, .F. ) ;
#3722 = CARTESIAN_POINT ( 'NONE',  ( -27.00000000000000355, 3.000000000000000000, 12.74611255037439861 ) ) ;
#3723 = VERTEX_POINT ( 'NONE', #3749 ) ;
#3724 = CARTESIAN_POINT ( 'NONE',  ( 29.00000000000000355, 2.999999999999999112, -10.24999999999999645 ) ) ;
#3725 = FACE_BOUND ( 'NONE', #1316, .T. ) ;
#3726 = ORIENTED_EDGE ( 'NONE', *, *, #3571, .T. ) ;
#3727 = DIRECTION ( 'NONE',  ( 8.659560562354950115E-17, -0.7071067811865462405, 0.7071067811865489050 ) ) ;
#3728 = PLANE ( 'NONE',  #2796 ) ;
#3729 = ADVANCED_FACE ( 'NONE', ( #2564 ), #685, .F. ) ;
#3730 = EDGE_CURVE ( 'NONE', #3941, #2457, #4178, .T. ) ;
#3731 = ORIENTED_EDGE ( 'NONE', *, *, #1550, .T. ) ;
#3732 = LINE ( 'NONE', #719, #4290 ) ;
#3733 = CARTESIAN_POINT ( 'NONE',  ( 0.000000000000000000, 0.000000000000000000, 0.000000000000000000 ) ) ;
#3734 = CARTESIAN_POINT ( 'NONE',  ( -41.49999999999999289, -3.000000000000000000, 3.348631561299825865 ) ) ;
#3735 = CARTESIAN_POINT ( 'NONE',  ( -25.99999999999999645, -1.734723475976807883E-15, -24.00000000000000355 ) ) ;
#3736 = EDGE_CURVE ( 'NONE', #1762, #212, #710, .T. ) ;
#3737 = ORIENTED_EDGE ( 'NONE', *, *, #2539, .T. ) ;
#3738 = CIRCLE ( 'NONE', #1405, 1.549999999999997158 ) ;
#3739 = ORIENTED_EDGE ( 'NONE', *, *, #3017, .F. ) ;
#3740 = DIRECTION ( 'NONE',  ( 0.000000000000000000, 0.000000000000000000, -1.000000000000000000 ) ) ;
#3741 = VERTEX_POINT ( 'NONE', #4128 ) ;
#3742 = FACE_OUTER_BOUND ( 'NONE', #4935, .T. ) ;
#3743 = LINE ( 'NONE', #2909, #2315 ) ;
#3744 = ADVANCED_FACE ( 'NONE', ( #334 ), #659, .F. ) ;
#3745 = EDGE_LOOP ( 'NONE', ( #2778, #1846, #1380, #4894 ) ) ;
#3746 = CARTESIAN_POINT ( 'NONE',  ( -29.32067667992224713, -1.734723475976807883E-15, 22.89405859675091648 ) ) ;
#3747 = ORIENTED_EDGE ( 'NONE', *, *, #2293, .F. ) ;
#3748 = LINE ( 'NONE', #3344, #3164 ) ;
#3749 = CARTESIAN_POINT ( 'NONE',  ( -41.49999999999999289, -3.000000000000000000, 3.348631561299825865 ) ) ;
#3750 = CARTESIAN_POINT ( 'NONE',  ( 26.00000000000000355, -1.734723475976807883E-15, 24.00000000000000711 ) ) ;
#3751 = DIRECTION ( 'NONE',  ( 0.000000000000000000, 0.000000000000000000, -1.000000000000000000 ) ) ;
#3752 = PLANE ( 'NONE',  #1779 ) ;
#3753 = AXIS2_PLACEMENT_3D ( 'NONE', #1736, #3293, #1381 ) ;
#3754 = CIRCLE ( 'NONE', #3353, 1.549999999999995826 ) ;
#3755 = VERTEX_POINT ( 'NONE', #1454 ) ;
#3756 = LINE ( 'NONE', #3404, #1234 ) ;
#3757 = CIRCLE ( 'NONE', #66, 2.000000000000000000 ) ;
#3758 = DIRECTION ( 'NONE',  ( -0.000000000000000000, -1.000000000000000000, -0.000000000000000000 ) ) ;
#3759 = CARTESIAN_POINT ( 'NONE',  ( 20.75000000000041567, -15.99999999999994138, 35.94005425705395851 ) ) ;
#3760 = AXIS2_PLACEMENT_3D ( 'NONE', #3750, #260, #638 ) ;
#3761 = AXIS2_PLACEMENT_3D ( 'NONE', #4153, #1912, #3751 ) ;
#3762 = EDGE_LOOP ( 'NONE', ( #1392, #889, #511, #3865 ) ) ;
#3763 = ORIENTED_EDGE ( 'NONE', *, *, #2420, .T. ) ;
#3764 = DIRECTION ( 'NONE',  ( 0.000000000000000000, -0.7071067811865480168, -0.7071067811865470176 ) ) ;
#3765 = DIRECTION ( 'NONE',  ( -0.000000000000000000, -1.000000000000000000, -0.000000000000000000 ) ) ;
#3766 = FACE_OUTER_BOUND ( 'NONE', #3363, .T. ) ;
#3767 = AXIS2_PLACEMENT_3D ( 'NONE', #4244, #2682, #3032 ) ;
#3768 = EDGE_CURVE ( 'NONE', #3891, #1494, #3185, .T. ) ;
#3769 = ORIENTED_EDGE ( 'NONE', *, *, #381, .F. ) ;
#3770 = DIRECTION ( 'NONE',  ( -0.000000000000000000, -1.000000000000000000, -0.000000000000000000 ) ) ;
#3771 = B_SPLINE_CURVE_WITH_KNOTS ( 'NONE', 3,
 ( #2720, #3881, #1870, #3070 ),
 .UNSPECIFIED., .F., .F.,
 ( 4, 4 ),
 ( 2.989228704935782886E-07, 0.0009482706569148009572 ),
 .UNSPECIFIED. ) ;
#3772 = ORIENTED_EDGE ( 'NONE', *, *, #4541, .T. ) ;
#3773 = DIRECTION ( 'NONE',  ( -0.000000000000000000, -1.000000000000000000, -0.000000000000000000 ) ) ;
#3774 = EDGE_CURVE ( 'NONE', #1075, #2448, #864, .T. ) ;
#3775 = CARTESIAN_POINT ( 'NONE',  ( -20.75000000000037303, -3.000000000000000000, 32.59142269575413309 ) ) ;
#3776 = CARTESIAN_POINT ( 'NONE',  ( 41.49999999999999289, -3.000000000000000000, -3.348631561299825865 ) ) ;
#3777 = EDGE_CURVE ( 'NONE', #3436, #1121, #1836, .T. ) ;
#3778 = CARTESIAN_POINT ( 'NONE',  ( -26.99999999999999645, -5.204170427930421283E-15, -12.74611255037439861 ) ) ;
#3779 = ORIENTED_EDGE ( 'NONE', *, *, #1391, .F. ) ;
#3780 = DIRECTION ( 'NONE',  ( 0.000000000000000000, 0.000000000000000000, -1.000000000000000000 ) ) ;
#3781 = CARTESIAN_POINT ( 'NONE',  ( -33.50000000000000000, -16.00610012852901676, -29.85000000000000142 ) ) ;
#3782 = CARTESIAN_POINT ( 'NONE',  ( 0.000000000000000000, 0.000000000000000000, -10.50000000000000178 ) ) ;
#3783 = VERTEX_POINT ( 'NONE', #3006 ) ;
#3784 = ORIENTED_EDGE ( 'NONE', *, *, #2304, .T. ) ;
#3785 = CARTESIAN_POINT ( 'NONE',  ( 29.00000000000000355, 2.999999999999999112, -9.149999999999996803 ) ) ;
#3786 = PRODUCT_CONTEXT ( 'NONE', #3705, 'mechanical' ) ;
#3787 = PLANE ( 'NONE',  #544 ) ;
#3788 = VECTOR ( 'NONE', #2435, 1000.000000000000000 ) ;
#3789 = DIRECTION ( 'NONE',  ( 0.000000000000000000, 0.000000000000000000, -1.000000000000000000 ) ) ;
#3791 = VERTEX_POINT ( 'NONE', #3449 ) ;
#3790 = CIRCLE ( 'NONE', #2668, 1.100000000000000311 ) ;
#3792 = ADVANCED_FACE ( 'NONE', ( #2198, #734, #3821, #4876, #3725, #1807, #1858, #1908, #3345, #3395, #3036, #4927, #4501 ), #3374, .F. ) ;
#3793 = DIRECTION ( 'NONE',  ( 0.000000000000000000, 1.000000000000000000, 0.000000000000000000 ) ) ;
#3794 = ORIENTED_EDGE ( 'NONE', *, *, #3679, .T. ) ;
#3795 = DIRECTION ( 'NONE',  ( -0.8660254037844377084, 0.000000000000000000, -0.5000000000000016653 ) ) ;
#3796 = DIRECTION ( 'NONE',  ( 0.000000000000000000, 0.000000000000000000, -1.000000000000000000 ) ) ;
#3797 = ADVANCED_FACE ( 'NONE', ( #4547 ), #2270, .F. ) ;
#3798 = CARTESIAN_POINT ( 'NONE',  ( 8.300000000000006040, 0.000000000000000000, -10.24999999999999645 ) ) ;
#3799 = EDGE_CURVE ( 'NONE', #2816, #3534, #779, .T. ) ;
#3800 = DIRECTION ( 'NONE',  ( 0.000000000000000000, 0.000000000000000000, -1.000000000000000000 ) ) ;
#3801 = CARTESIAN_POINT ( 'NONE',  ( -17.84999999999991616, -3.000000000000000000, -37.61437003770416254 ) ) ;
#3802 = CARTESIAN_POINT ( 'NONE',  ( -27.00000000000000355, 10.00000000000000000, 12.74611255037439861 ) ) ;
#3803 = VECTOR ( 'NONE', #4833, 1000.000000000000000 ) ;
#3804 = EDGE_CURVE ( 'NONE', #2543, #3565, #2542, .T. ) ;
#3805 = ORIENTED_EDGE ( 'NONE', *, *, #234, .T. ) ;
#3806 = CARTESIAN_POINT ( 'NONE',  ( -41.49999999999999289, -5.999999999999941380, 0.000000000000000000 ) ) ;
#3807 = DIRECTION ( 'NONE',  ( 0.8660254037844441477, 0.000000000000000000, -0.4999999999999904521 ) ) ;
#3808 = DIRECTION ( 'NONE',  ( -0.000000000000000000, -1.000000000000000000, -0.000000000000000000 ) ) ;
#3809 = VERTEX_POINT ( 'NONE', #885 ) ;
#3810 = VERTEX_POINT ( 'NONE', #2366 ) ;
#3811 = CARTESIAN_POINT ( 'NONE',  ( -41.09372371516586497, 2.788580543601036688, 3.114067838885474782 ) ) ;
#3812 = CIRCLE ( 'NONE', #1644, 1.549999999999995826 ) ;
#3813 =( NAMED_UNIT ( * ) PLANE_ANGLE_UNIT ( ) SI_UNIT ( $, .RADIAN. ) );
#3814 = LINE ( 'NONE', #3863, #4628 ) ;
#3815 = DIRECTION ( 'NONE',  ( -0.000000000000000000, 1.000000000000000000, -0.000000000000000000 ) ) ;
#3816 = ORIENTED_EDGE ( 'NONE', *, *, #1588, .F. ) ;
#3817 = CARTESIAN_POINT ( 'NONE',  ( 8.300000000000006040, 2.999999999999999112, 9.150000000000003908 ) ) ;
#3818 = ORIENTED_EDGE ( 'NONE', *, *, #4830, .T. ) ;
#3819 = DIRECTION ( 'NONE',  ( -0.000000000000000000, -1.000000000000000000, -0.000000000000000000 ) ) ;
#3820 = CARTESIAN_POINT ( 'NONE',  ( -41.49999999999999289, -15.99999999999994138, 1.549999999999995826 ) ) ;
#3821 = FACE_BOUND ( 'NONE', #2369, .T. ) ;
#3822 = ADVANCED_FACE ( 'NONE', ( #1611 ), #3928, .F. ) ;
#3823 = EDGE_LOOP ( 'NONE', ( #27, #4369, #2288, #3726, #4409, #547, #1941, #907, #927, #4813 ) ) ;
#3824 = CARTESIAN_POINT ( 'NONE',  ( -34.85174206361217841, 2.637294815984950525, 22.27714168078819412 ) ) ;
#3825 = SURFACE_STYLE_USAGE ( .BOTH. , #2297 ) ;
#3826 = DIRECTION ( 'NONE',  ( -1.000000000000000000, 0.000000000000000000, -1.720845688168992440E-15 ) ) ;
#3827 = EDGE_CURVE ( 'NONE', #2841, #318, #413, .T. ) ;
#3828 = CARTESIAN_POINT ( 'NONE',  ( -16.80000000000000426, 10.00000000000000000, 12.74611255037440216 ) ) ;
#3829 = ORIENTED_EDGE ( 'NONE', *, *, #1764, .T. ) ;
#3830 = DIRECTION ( 'NONE',  ( -0.000000000000000000, -1.000000000000000000, -0.000000000000000000 ) ) ;
#3831 = VECTOR ( 'NONE', #4377, 1000.000000000000000 ) ;
#3832 = DIRECTION ( 'NONE',  ( 0.000000000000000000, 0.000000000000000000, -1.000000000000000000 ) ) ;
#3833 = EDGE_CURVE ( 'NONE', #3635, #1735, #1228, .T. ) ;
#3834 = ORIENTED_EDGE ( 'NONE', *, *, #670, .T. ) ;
#3835 = CIRCLE ( 'NONE', #3189, 1.549999999999995826 ) ;
#3836 = ORIENTED_EDGE ( 'NONE', *, *, #513, .F. ) ;
#3837 = LINE ( 'NONE', #3410, #1761 ) ;
#3838 = DIRECTION ( 'NONE',  ( 0.8660254037844382635, 0.000000000000000000, -0.5000000000000005551 ) ) ;
#3839 = VECTOR ( 'NONE', #2364, 1000.000000000000000 ) ;
#3840 = VECTOR ( 'NONE', #1442, 1000.000000000000000 ) ;
#3841 = EDGE_LOOP ( 'NONE', ( #1664, #3443, #2942, #3488, #4470 ) ) ;
#3842 = AXIS2_PLACEMENT_3D ( 'NONE', #3667, #1804, #4523 ) ;
#3843 = CIRCLE ( 'NONE', #2387, 2.200000000000000622 ) ;
#3844 = CARTESIAN_POINT ( 'NONE',  ( -16.80000000000000071, 3.000000000000000000, -12.74611255037439506 ) ) ;
#3845 = VERTEX_POINT ( 'NONE', #2041 ) ;
#3846 = CARTESIAN_POINT ( 'NONE',  ( -14.80000000000000782, 0.000000000000000000, 12.74611255037440216 ) ) ;
#3847 = LINE ( 'NONE', #2269, #450 ) ;
#3848 = VECTOR ( 'NONE', #2212, 1000.000000000000000 ) ;
#3849 = ORIENTED_EDGE ( 'NONE', *, *, #3330, .T. ) ;
#3850 = DIRECTION ( 'NONE',  ( -0.000000000000000000, -1.000000000000000000, -0.000000000000000000 ) ) ;
#3851 = AXIS2_PLACEMENT_3D ( 'NONE', #3127, #2050, #440 ) ;
#3852 = CARTESIAN_POINT ( 'NONE',  ( 33.20000000000000284, -5.854691731421723944E-15, 7.200000000000000178 ) ) ;
#3853 = DIRECTION ( 'NONE',  ( -0.000000000000000000, -1.000000000000000000, -0.000000000000000000 ) ) ;
#3854 = EDGE_CURVE ( 'NONE', #174, #4118, #1206, .T. ) ;
#3855 = DIRECTION ( 'NONE',  ( -0.000000000000000000, -1.000000000000000000, -0.000000000000000000 ) ) ;
#3856 = VERTEX_POINT ( 'NONE', #4671 ) ;
#3857 = CARTESIAN_POINT ( 'NONE',  ( 17.84999999999965326, -3.000000000000000000, 37.61437003770428333 ) ) ;
#3858 = DIRECTION ( 'NONE',  ( -0.000000000000000000, -1.000000000000000000, -0.000000000000000000 ) ) ;
#3859 = VERTEX_POINT ( 'NONE', #2763 ) ;
#3860 = EDGE_CURVE ( 'NONE', #2647, #636, #3590, .T. ) ;
#3861 = ORIENTED_EDGE ( 'NONE', *, *, #2039, .F. ) ;
#3862 = CARTESIAN_POINT ( 'NONE',  ( -28.10653838522275549, 3.000000000000000000, 29.85000000000001563 ) ) ;
#3863 = CARTESIAN_POINT ( 'NONE',  ( 35.20000000000000284, 3.000000000000000000, 5.200000000000000178 ) ) ;
#3864 = CARTESIAN_POINT ( 'NONE',  ( 29.00000000000000355, 1.800000000000000044, 12.45000000000000462 ) ) ;
#3865 = ORIENTED_EDGE ( 'NONE', *, *, #4653, .T. ) ;
#3866 = EDGE_CURVE ( 'NONE', #3965, #4044, #542, .T. ) ;
#3867 = VECTOR ( 'NONE', #4557, 1000.000000000000000 ) ;
#3868 = PLANE ( 'NONE',  #2167 ) ;
#3869 = ORIENTED_EDGE ( 'NONE', *, *, #3612, .F. ) ;
#3870 = DIRECTION ( 'NONE',  ( 0.4999999999999995004, 0.000000000000000000, -0.8660254037844389297 ) ) ;
#3871 = DIRECTION ( 'NONE',  ( -0.5000000000000011102, 0.000000000000000000, -0.8660254037844380415 ) ) ;
#3872 = EDGE_LOOP ( 'NONE', ( #3763, #1872, #2410, #947, #522 ) ) ;
#3873 = ORIENTED_EDGE ( 'NONE', *, *, #3087, .T. ) ;
#3874 = DIRECTION ( 'NONE',  ( -0.000000000000000000, -1.000000000000000000, -0.000000000000000000 ) ) ;
#3875 = COLOUR_RGB ( '',1.000000000000000000, 1.000000000000000000, 0.7529411764705882248 ) ;
#3876 = DIRECTION ( 'NONE',  ( 0.000000000000000000, 0.000000000000000000, -1.000000000000000000 ) ) ;
#3877 = CARTESIAN_POINT ( 'NONE',  ( -44.50000000000000711, -11.04878164297398335, 24.91485500660197516 ) ) ;
#3878 = LINE ( 'NONE', #3529, #2851 ) ;
#3879 = ORIENTED_EDGE ( 'NONE', *, *, #12, .F. ) ;
#3880 = FACE_OUTER_BOUND ( 'NONE', #3556, .T. ) ;
#3881 = CARTESIAN_POINT ( 'NONE',  ( -23.24372371516625790, 2.788580543601035799, 34.03117475398967429 ) ) ;
#3882 = ADVANCED_FACE ( 'NONE', ( #3193, #2344 ), #2790, .F. ) ;
#3883 = ADVANCED_BREP_SHAPE_REPRESENTATION ( 'SO102.02.040 Bottom top plate', ( #3420, #3475 ), #3952 ) ;
#3884 = ORIENTED_EDGE ( 'NONE', *, *, #2930, .T. ) ;
#3885 = EDGE_CURVE ( 'NONE', #3987, #1997, #3973, .T. ) ;
#3886 = ORIENTED_EDGE ( 'NONE', *, *, #2572, .T. ) ;
#3887 = CARTESIAN_POINT ( 'NONE',  ( 8.300000000000006040, 0.000000000000000000, -8.049999999999997158 ) ) ;
#3888 = CARTESIAN_POINT ( 'NONE',  ( 29.00000000000000355, 2.999999999999999112, 10.25000000000000355 ) ) ;
#3889 = CARTESIAN_POINT ( 'NONE',  ( 33.20000000000000284, 3.000000000000000000, -5.200000000000000178 ) ) ;
#3890 = EDGE_CURVE ( 'NONE', #331, #2857, #335, .T. ) ;
#3891 = VERTEX_POINT ( 'NONE', #4749 ) ;
#3892 = DIRECTION ( 'NONE',  ( -0.000000000000000000, -1.000000000000000000, -0.000000000000000000 ) ) ;
#3893 = EDGE_LOOP ( 'NONE', ( #3884, #4393, #4684, #2748 ) ) ;
#3894 = PLANE ( 'NONE',  #2500 ) ;
#3895 = CARTESIAN_POINT ( 'NONE',  ( 29.00000000000000355, 0.000000000000000000, -10.24999999999999645 ) ) ;
#3896 = ADVANCED_FACE ( 'NONE', ( #1285 ), #858, .F. ) ;
#3897 = VERTEX_POINT ( 'NONE', #531 ) ;
#3898 = ORIENTED_EDGE ( 'NONE', *, *, #4172, .T. ) ;
#3899 = CARTESIAN_POINT ( 'NONE',  ( 0.000000000000000000, -5.999999999999928946, 0.000000000000000000 ) ) ;
#3900 = AXIS2_PLACEMENT_3D ( 'NONE', #3550, #4336, #90 ) ;
#3901 = CARTESIAN_POINT ( 'NONE',  ( 23.65000000000016556, -3.000000000000000000, -34.26573847640418080 ) ) ;
#3902 = FACE_BOUND ( 'NONE', #698, .T. ) ;
#3903 = AXIS2_PLACEMENT_3D ( 'NONE', #4714, #2459, #555 ) ;
#3904 = PLANE ( 'NONE',  #3900 ) ;
#3905 = ORIENTED_EDGE ( 'NONE', *, *, #3827, .T. ) ;
#3906 = LINE ( 'NONE', #814, #1509 ) ;
#3907 = CARTESIAN_POINT ( 'NONE',  ( 41.49999999999999289, -2.999999999999999112, -1.549999999999995826 ) ) ;
#3908 = ORIENTED_EDGE ( 'NONE', *, *, #1003, .F. ) ;
#3909 = ORIENTED_EDGE ( 'NONE', *, *, #3768, .F. ) ;
#3910 = CYLINDRICAL_SURFACE ( 'NONE', #879, 1.100000000000000311 ) ;
#3911 = CARTESIAN_POINT ( 'NONE',  ( 3.469446951953614189E-15, 0.000000000000000000, 22.40000000000000213 ) ) ;
#3912 = ORIENTED_EDGE ( 'NONE', *, *, #2681, .F. ) ;
#3913 = VECTOR ( 'NONE', #4980, 1000.000000000000000 ) ;
#3914 = DIRECTION ( 'NONE',  ( 3.552713678800500929E-15, 0.000000000000000000, -1.000000000000000000 ) ) ;
#3915 = EDGE_LOOP ( 'NONE', ( #3438, #4967, #1780, #2462 ) ) ;
#3916 = ADVANCED_FACE ( 'NONE', ( #834, #3902, #3597, #1963, #3221, #2013, #56, #1586, #3117 ), #2737, .F. ) ;
#3917 = CARTESIAN_POINT ( 'NONE',  ( 20.75000000000041567, -15.99999999999994138, 35.94005425705395851 ) ) ;
#3918 = CARTESIAN_POINT ( 'NONE',  ( -22.09233937586554930, -5.999999999999941380, 35.16505425705440757 ) ) ;
#3919 = VECTOR ( 'NONE', #1721, 1000.000000000000000 ) ;
#3920 = CIRCLE ( 'NONE', #3194, 1.600000000000000755 ) ;
#3921 = ORIENTED_EDGE ( 'NONE', *, *, #2180, .T. ) ;
#3922 = AXIS2_PLACEMENT_3D ( 'NONE', #165, #3604, #665 ) ;
#3923 = CARTESIAN_POINT ( 'NONE',  ( 5.265981236333620048E-15, 3.000000000000000000, 41.00000000000000711 ) ) ;
#3924 = ORIENTED_EDGE ( 'NONE', *, *, #4587, .T. ) ;
#3925 = EDGE_CURVE ( 'NONE', #3502, #1955, #3350, .T. ) ;
#3926 = CARTESIAN_POINT ( 'NONE',  ( 30.10000000000000497, 1.800000000000000044, -10.24999999999999645 ) ) ;
#3927 = AXIS2_PLACEMENT_3D ( 'NONE', #1129, #1552, #4924 ) ;
#3928 = CYLINDRICAL_SURFACE ( 'NONE', #1661, 1.600000000000000755 ) ;
#3929 = CARTESIAN_POINT ( 'NONE',  ( 23.65000000000017621, -3.000000000000000000, -37.61437003770400622 ) ) ;
#3930 = EDGE_CURVE ( 'NONE', #4344, #3810, #3294, .T. ) ;
#3931 = DIRECTION ( 'NONE',  ( 0.000000000000000000, 0.000000000000000000, 1.000000000000000000 ) ) ;
#3932 = EDGE_LOOP ( 'NONE', ( #3608, #2746 ) ) ;
#3933 = DIRECTION ( 'NONE',  ( 0.000000000000000000, 0.000000000000000000, -1.000000000000000000 ) ) ;
#3934 = CARTESIAN_POINT ( 'NONE',  ( 0.000000000000000000, 0.000000000000000000, 0.000000000000000000 ) ) ;
#3935 = EDGE_LOOP ( 'NONE', ( #3071, #1743 ) ) ;
#3936 = ORIENTED_EDGE ( 'NONE', *, *, #1944, .T. ) ;
#3937 = CARTESIAN_POINT ( 'NONE',  ( -17.84999999999991616, -3.000000000000000000, -37.61437003770416254 ) ) ;
#3938 = DIRECTION ( 'NONE',  ( -0.8660254037844364872, 0.000000000000000000, 0.5000000000000037748 ) ) ;
#3939 = CARTESIAN_POINT ( 'NONE',  ( 3.469446951953614189E-15, 3.000000000000000000, 22.40000000000000213 ) ) ;
#3940 = CARTESIAN_POINT ( 'NONE',  ( -21.90000000000000924, 10.00000000000000000, 15.69059892324150063 ) ) ;
#3941 = VERTEX_POINT ( 'NONE', #4425 ) ;
#3942 = CARTESIAN_POINT ( 'NONE',  ( 7.108306127341452729, 0.000000000000000000, -7.728000000000000647 ) ) ;
#3943 = DIRECTION ( 'NONE',  ( -0.8660254037844397068, 0.000000000000000000, 0.4999999999999979461 ) ) ;
#3944 = EDGE_CURVE ( 'NONE', #572, #771, #3465, .T. ) ;
#3945 = ORIENTED_EDGE ( 'NONE', *, *, #1399, .T. ) ;
#3946 = EDGE_CURVE ( 'NONE', #357, #389, #1737, .T. ) ;
#3947 = CARTESIAN_POINT ( 'NONE',  ( 3.469446951953614189E-15, 1.900000000000001243, 24.00000000000000355 ) ) ;
#3948 = CARTESIAN_POINT ( 'NONE',  ( 22.09233937586628471, -15.99999999999994138, 35.16505425705394572 ) ) ;
#3949 = VECTOR ( 'NONE', #3146, 1000.000000000000000 ) ;
#3950 = DIRECTION ( 'NONE',  ( 0.000000000000000000, 1.000000000000000000, 0.000000000000000000 ) ) ;
#3951 = ADVANCED_FACE ( 'NONE', ( #3671 ), #2866, .F. ) ;
#3952 =( GEOMETRIC_REPRESENTATION_CONTEXT ( 3 ) GLOBAL_UNCERTAINTY_ASSIGNED_CONTEXT ( ( #4210 ) ) GLOBAL_UNIT_ASSIGNED_CONTEXT ( ( #1374, #4238, #3484 ) ) REPRESENTATION_CONTEXT ( 'NONE', 'WORKASPACE' ) );
#3953 = DIRECTION ( 'NONE',  ( -0.000000000000000000, 1.000000000000000000, 0.000000000000000000 ) ) ;
#3954 = FACE_OUTER_BOUND ( 'NONE', #3225, .T. ) ;
#3955 = VERTEX_POINT ( 'NONE', #1360 ) ;
#3956 = DIRECTION ( 'NONE',  ( 8.659560562354925463E-17, -0.7071067811865483499, 0.7071067811865467956 ) ) ;
#3957 = CYLINDRICAL_SURFACE ( 'NONE', #3307, 2.000000000000000000 ) ;
#3958 = ORIENTED_EDGE ( 'NONE', *, *, #202, .F. ) ;
#3959 = DIRECTION ( 'NONE',  ( -0.000000000000000000, 1.000000000000000000, -0.000000000000000000 ) ) ;
#3960 = LINE ( 'NONE', #3535, #709 ) ;
#3961 = APPLICATION_CONTEXT ( 'automotive_design' ) ;
#3962 = VERTEX_POINT ( 'NONE', #2892 ) ;
#3963 = VERTEX_POINT ( 'NONE', #986 ) ;
#3964 = CARTESIAN_POINT ( 'NONE',  ( -44.50000000000000711, 3.000000000000000000, 24.91485500660197516 ) ) ;
#3965 = VERTEX_POINT ( 'NONE', #4049 ) ;
#3966 = LINE ( 'NONE', #1301, #4272 ) ;
#3967 = CARTESIAN_POINT ( 'NONE',  ( 22.09233937586628471, -2.999999999999999112, 35.16505425705394572 ) ) ;
#3968 = EDGE_LOOP ( 'NONE', ( #4269, #792, #2550, #2849, #475 ) ) ;
#3969 = DIRECTION ( 'NONE',  ( 0.000000000000000000, 0.000000000000000000, -1.000000000000000000 ) ) ;
#3970 = ORIENTED_EDGE ( 'NONE', *, *, #1269, .F. ) ;
#3971 = CIRCLE ( 'NONE', #4774, 1.600000000000000755 ) ;
#3972 = DIRECTION ( 'NONE',  ( 0.000000000000000000, 0.000000000000000000, -1.000000000000000000 ) ) ;
#3973 = LINE ( 'NONE', #2394, #2262 ) ;
#3974 = CIRCLE ( 'NONE', #4942, 1.600000000000000755 ) ;
#3975 = CARTESIAN_POINT ( 'NONE',  ( 0.000000000000000000, -0.9999999999999756861, 0.000000000000000000 ) ) ;
#3976 = CARTESIAN_POINT ( 'NONE',  ( 23.44694029410247182, 2.576949823386953220, -34.14850190054259116 ) ) ;
#3977 = ORIENTED_EDGE ( 'NONE', *, *, #1580, .F. ) ;
#3978 = EDGE_CURVE ( 'NONE', #331, #1364, #179, .T. ) ;
#3979 = CARTESIAN_POINT ( 'NONE',  ( -34.52270944241299588, 1.882831698874854354, -24.12815979525924348 ) ) ;
#3980 = CIRCLE ( 'NONE', #4057, 45.00000000000000000 ) ;
#3981 = ADVANCED_FACE ( 'NONE', ( #2355 ), #1196, .F. ) ;
#3982 = VERTEX_POINT ( 'NONE', #1974 ) ;
#3983 = CARTESIAN_POINT ( 'NONE',  ( 26.00000000000001066, -15.99999999999995204, -23.99999999999999645 ) ) ;
#3984 = EDGE_CURVE ( 'NONE', #1241, #1692, #70, .T. ) ;
#3985 = CARTESIAN_POINT ( 'NONE',  ( 18.82248688315216611, 1.440940235700775007, 38.17583560147577515 ) ) ;
#3986 = EDGE_LOOP ( 'NONE', ( #3909, #1529 ) ) ;
#3987 = VERTEX_POINT ( 'NONE', #20 ) ;
#3988 = DIRECTION ( 'NONE',  ( -0.000000000000000000, 1.000000000000000000, 0.000000000000000000 ) ) ;
#3989 = ORIENTED_EDGE ( 'NONE', *, *, #3866, .T. ) ;
#3990 = CARTESIAN_POINT ( 'NONE',  ( -23.65000000000043912, -0.4315578539998012886, 37.61437003770384280 ) ) ;
#3991 = LINE ( 'NONE', #4294, #4304 ) ;
#3992 = VECTOR ( 'NONE', #4722, 1000.000000000000000 ) ;
#3993 = CONICAL_SURFACE ( 'NONE', #306, 3.499999999999999556, 0.7853981633974476129 ) ;
#3994 = ORIENTED_EDGE ( 'NONE', *, *, #4226, .T. ) ;
#3995 = B_SPLINE_CURVE_WITH_KNOTS ( 'NONE', 3,
 ( #2879, #4413, #969, #2499 ),
 .UNSPECIFIED., .F., .F.,
 ( 4, 4 ),
 ( 0.007873366090334258868, 0.008821336207693998219 ),
 .UNSPECIFIED. ) ;
#3996 = AXIS2_PLACEMENT_3D ( 'NONE', #4751, #2097, #2764 ) ;
#3997 = VECTOR ( 'NONE', #3145, 1000.000000000000000 ) ;
#3998 = LINE ( 'NONE', #1711, #1990 ) ;
#3999 = VERTEX_POINT ( 'NONE', #3864 ) ;
#4000 = LINE ( 'NONE', #632, #4074 ) ;
#4001 = AXIS2_PLACEMENT_3D ( 'NONE', #905, #1658, #1633 ) ;
#4002 = VECTOR ( 'NONE', #4600, 1000.000000000000114 ) ;
#4003 = CARTESIAN_POINT ( 'NONE',  ( 0.000000000000000000, 3.000000000000000000, 0.000000000000000000 ) ) ;
#4004 = VECTOR ( 'NONE', #2310, 1000.000000000000000 ) ;
#4005 = VERTEX_POINT ( 'NONE', #1549 ) ;
#4006 = CARTESIAN_POINT ( 'NONE',  ( 8.300000000000006040, 0.000000000000000000, -10.24999999999999645 ) ) ;
#4007 = CIRCLE ( 'NONE', #1684, 2.200000000000000622 ) ;
#4008 = EDGE_CURVE ( 'NONE', #3178, #3436, #4824, .T. ) ;
#4009 = ORIENTED_EDGE ( 'NONE', *, *, #4933, .F. ) ;
#4010 = EDGE_CURVE ( 'NONE', #598, #1904, #2260, .T. ) ;
#4011 = CARTESIAN_POINT ( 'NONE',  ( -27.00000000000000355, -5.204170427930421283E-15, 12.74611255037439861 ) ) ;
#4012 = CARTESIAN_POINT ( 'NONE',  ( 8.300000000000006040, 0.000000000000000000, -12.44999999999999751 ) ) ;
#4013 = FACE_OUTER_BOUND ( 'NONE', #2973, .T. ) ;
#4014 = ORIENTED_EDGE ( 'NONE', *, *, #2777, .F. ) ;
#4015 = EDGE_CURVE ( 'NONE', #4421, #2612, #442, .T. ) ;
#4016 = EDGE_LOOP ( 'NONE', ( #16, #1198, #4923, #3161 ) ) ;
#4017 = PLANE ( 'NONE',  #1438 ) ;
#4018 = ORIENTED_EDGE ( 'NONE', *, *, #2743, .T. ) ;
#4019 = DIRECTION ( 'NONE',  ( -0.000000000000000000, -1.000000000000000000, -0.000000000000000000 ) ) ;
#4020 = FACE_OUTER_BOUND ( 'NONE', #551, .T. ) ;
#4021 = EDGE_CURVE ( 'NONE', #113, #1394, #1951, .T. ) ;
#4022 = ORIENTED_EDGE ( 'NONE', *, *, #4861, .F. ) ;
#4023 = CARTESIAN_POINT ( 'NONE',  ( -25.99999999999999645, 1.900000000000001243, 23.99999999999999645 ) ) ;
#4024 = EDGE_LOOP ( 'NONE', ( #4539, #1918 ) ) ;
#4025 = DIRECTION ( 'NONE',  ( 0.000000000000000000, 0.000000000000000000, -1.000000000000000000 ) ) ;
#4026 = CARTESIAN_POINT ( 'NONE',  ( 8.300000000000006040, 0.000000000000000000, 10.25000000000000355 ) ) ;
#4027 = DIRECTION ( 'NONE',  ( 2.664535259100375697E-15, 0.000000000000000000, -1.000000000000000000 ) ) ;
#4028 = CIRCLE ( 'NONE', #896, 2.200000000000000622 ) ;
#4029 = CARTESIAN_POINT ( 'NONE',  ( -41.50000000000000000, 2.365118790450083885, -3.348631561299828974 ) ) ;
#4030 = VECTOR ( 'NONE', #2059, 1000.000000000000000 ) ;
#4031 = ORIENTED_EDGE ( 'NONE', *, *, #3210, .T. ) ;
#4032 = CARTESIAN_POINT ( 'NONE',  ( -19.40766062413377924, -15.99999999999994138, 36.71505425705437631 ) ) ;
#4033 = DIRECTION ( 'NONE',  ( 0.000000000000000000, 0.000000000000000000, -1.000000000000000000 ) ) ;
#4034 = CARTESIAN_POINT ( 'NONE',  ( 7.642643521714200361, 1.700000000000000178, -7.200000000000000178 ) ) ;
#4035 = FACE_OUTER_BOUND ( 'NONE', #2630, .T. ) ;
#4036 = ORIENTED_EDGE ( 'NONE', *, *, #624, .T. ) ;
#4037 = ORIENTED_EDGE ( 'NONE', *, *, #635, .T. ) ;
#4038 = CARTESIAN_POINT ( 'NONE',  ( -34.49999999999999289, -16.00610012852901676, 28.85000000000000142 ) ) ;
#4039 = ORIENTED_EDGE ( 'NONE', *, *, #26, .T. ) ;
#4040 = DIRECTION ( 'NONE',  ( 0.000000000000000000, 0.000000000000000000, -1.000000000000000000 ) ) ;
#4041 = LINE ( 'NONE', #2530, #1907 ) ;
#4042 = CIRCLE ( 'NONE', #688, 2.000000000000000000 ) ;
#4043 = EDGE_CURVE ( 'NONE', #2829, #1043, #3626, .T. ) ;
#4044 = VERTEX_POINT ( 'NONE', #1527 ) ;
#4045 = DIRECTION ( 'NONE',  ( -0.000000000000000000, -1.000000000000000000, -0.000000000000000000 ) ) ;
#4046 = ORIENTED_EDGE ( 'NONE', *, *, #3607, .T. ) ;
#4047 = ADVANCED_FACE ( 'NONE', ( #3052 ), #4586, .F. ) ;
#4048 = CARTESIAN_POINT ( 'NONE',  ( 1.285879139104721028E-15, 3.000000000000000000, 10.50000000000000178 ) ) ;
#4049 = CARTESIAN_POINT ( 'NONE',  ( 3.898073331655187996E-15, -1.734723475976807883E-15, -20.50000000000000355 ) ) ;
#4050 = EDGE_LOOP ( 'NONE', ( #1759, #1328, #409, #1282 ) ) ;
#4051 = CARTESIAN_POINT ( 'NONE',  ( -41.49999999999999289, -5.999999999999941380, 1.549999999999995826 ) ) ;
#4052 = CIRCLE ( 'NONE', #2129, 2.200000000000000622 ) ;
#4053 = DIRECTION ( 'NONE',  ( -0.000000000000000000, -1.000000000000000000, -0.000000000000000000 ) ) ;
#4054 = CIRCLE ( 'NONE', #1885, 1.100000000000000311 ) ;
#4055 = ORIENTED_EDGE ( 'NONE', *, *, #2599, .F. ) ;
#4056 = FACE_OUTER_BOUND ( 'NONE', #1632, .T. ) ;
#4057 = AXIS2_PLACEMENT_3D ( 'NONE', #1104, #4951, #1151 ) ;
#4058 = LINE ( 'NONE', #4012, #4324 ) ;
#4059 = LINE ( 'NONE', #1415, #3298 ) ;
#4060 = DIRECTION ( 'NONE',  ( 0.000000000000000000, -1.000000000000000000, -0.000000000000000000 ) ) ;
#4061 = VERTEX_POINT ( 'NONE', #1219 ) ;
#4062 = FACE_OUTER_BOUND ( 'NONE', #4596, .T. ) ;
#4063 = VERTEX_POINT ( 'NONE', #2751 ) ;
#4064 = LINE ( 'NONE', #2954, #4359 ) ;
#4065 = CARTESIAN_POINT ( 'NONE',  ( 3.469446951953614189E-15, 3.000000000000000000, 24.00000000000000355 ) ) ;
#4066 = ORIENTED_EDGE ( 'NONE', *, *, #2715, .T. ) ;
#4067 = EDGE_CURVE ( 'NONE', #3519, #346, #1875, .T. ) ;
#4068 = CARTESIAN_POINT ( 'NONE',  ( -15.80000000000000426, -5.204170427930421283E-15, 14.47816335794327713 ) ) ;
#4069 = VERTEX_POINT ( 'NONE', #373 ) ;
#4070 = DIRECTION ( 'NONE',  ( -0.8660254037844405950, 0.000000000000000000, 0.4999999999999965028 ) ) ;
#4071 = AXIS2_PLACEMENT_3D ( 'NONE', #562, #2063, #160 ) ;
#4072 = ADVANCED_FACE ( 'NONE', ( #1900 ), #2679, .F. ) ;
#4073 = CARTESIAN_POINT ( 'NONE',  ( 26.00000000000000355, 3.000000000000000000, 22.40000000000000568 ) ) ;
#4074 = VECTOR ( 'NONE', #4849, 1000.000000000000000 ) ;
#4075 = AXIS2_PLACEMENT_3D ( 'NONE', #1928, #41, #1167 ) ;
#4076 = ADVANCED_FACE ( 'NONE', ( #546 ), #2029, .F. ) ;
#4077 = DIRECTION ( 'NONE',  ( -0.000000000000000000, -1.000000000000000000, -0.000000000000000000 ) ) ;
#4078 = DIRECTION ( 'NONE',  ( -1.247929502325495278E-16, 0.000000000000000000, 1.000000000000000000 ) ) ;
#4079 = AXIS2_PLACEMENT_3D ( 'NONE', #3246, #1335, #4380 ) ;
#4080 = VECTOR ( 'NONE', #2279, 1000.000000000000114 ) ;
#4081 = DIRECTION ( 'NONE',  ( -0.000000000000000000, -1.000000000000000000, -0.000000000000000000 ) ) ;
#4082 = B_SPLINE_CURVE_WITH_KNOTS ( 'NONE', 3,
 ( #2971, #1892, #1073, #3405 ),
 .UNSPECIFIED., .F., .F.,
 ( 4, 4 ),
 ( 0.005216840042530549761, 0.008565471603830379643 ),
 .UNSPECIFIED. ) ;
#4083 = AXIS2_PLACEMENT_3D ( 'NONE', #3165, #509, #3222 ) ;
#4084 =( GEOMETRIC_REPRESENTATION_CONTEXT ( 3 ) GLOBAL_UNCERTAINTY_ASSIGNED_CONTEXT ( ( #1141 ) ) GLOBAL_UNIT_ASSIGNED_CONTEXT ( ( #1811, #2201, #3349 ) ) REPRESENTATION_CONTEXT ( 'NONE', 'WORKASPACE' ) );
#4085 = ORIENTED_EDGE ( 'NONE', *, *, #934, .F. ) ;
#4086 = CARTESIAN_POINT ( 'NONE',  ( -41.49999999999999289, -2.999999999999999112, 0.000000000000000000 ) ) ;
#4087 = DIRECTION ( 'NONE',  ( 0.000000000000000000, 0.000000000000000000, 1.000000000000000000 ) ) ;
#4088 = DIRECTION ( 'NONE',  ( 0.8660254037844381525, 0.000000000000000000, -0.5000000000000008882 ) ) ;
#4089 = PLANE ( 'NONE',  #3516 ) ;
#4090 = AXIS2_PLACEMENT_3D ( 'NONE', #1832, #4045, #2119 ) ;
#4091 = EDGE_LOOP ( 'NONE', ( #4537, #844, #643, #3627 ) ) ;
#4092 = ORIENTED_EDGE ( 'NONE', *, *, #1047, .F. ) ;
#4093 = CIRCLE ( 'NONE', #2250, 2.000000000000000000 ) ;
#4094 = CYLINDRICAL_SURFACE ( 'NONE', #4889, 2.200000000000000622 ) ;
#4095 = ORIENTED_EDGE ( 'NONE', *, *, #1155, .F. ) ;
#4096 = DIRECTION ( 'NONE',  ( -0.8660254037844388186, 0.000000000000000000, -0.4999999999999996669 ) ) ;
#4097 = CARTESIAN_POINT ( 'NONE',  ( -38.59999999999999432, 3.000000000000000000, -1.674315780649911600 ) ) ;
#4098 = ORIENTED_EDGE ( 'NONE', *, *, #3647, .F. ) ;
#4099 = DIRECTION ( 'NONE',  ( -0.000000000000000000, -1.000000000000000000, -0.000000000000000000 ) ) ;
#4100 = ORIENTED_EDGE ( 'NONE', *, *, #2048, .T. ) ;
#4101 = DIRECTION ( 'NONE',  ( -0.000000000000000000, -1.000000000000000000, -0.000000000000000000 ) ) ;
#4102 = CARTESIAN_POINT ( 'NONE',  ( -34.49999999999999289, 3.000000000000000000, 28.85000000000000142 ) ) ;
#4103 = ADVANCED_FACE ( 'NONE', ( #3153 ), #3634, .F. ) ;
#4104 = EDGE_CURVE ( 'NONE', #1925, #2612, #4028, .T. ) ;
#4105 = ORIENTED_EDGE ( 'NONE', *, *, #1119, .T. ) ;
#4106 = DIRECTION ( 'NONE',  ( 0.000000000000000000, 0.000000000000000000, 1.000000000000000000 ) ) ;
#4107 = DIRECTION ( 'NONE',  ( -0.000000000000000000, -1.000000000000000000, 0.000000000000000000 ) ) ;
#4108 = AXIS2_PLACEMENT_3D ( 'NONE', #3321, #2095, #3623 ) ;
#4109 = EDGE_CURVE ( 'NONE', #4441, #3473, #495, .T. ) ;
#4110 = AXIS2_PLACEMENT_3D ( 'NONE', #2377, #1625, #3232 ) ;
#4111 = ORIENTED_EDGE ( 'NONE', *, *, #3118, .F. ) ;
#4112 = CYLINDRICAL_SURFACE ( 'NONE', #1004, 2.200000000000000622 ) ;
#4113 = DIRECTION ( 'NONE',  ( -0.000000000000000000, -1.000000000000000000, -0.000000000000000000 ) ) ;
#4114 = CARTESIAN_POINT ( 'NONE',  ( 26.00000000000000355, 0.000000000000000000, 24.00000000000000711 ) ) ;
#4115 = CARTESIAN_POINT ( 'NONE',  ( 20.75000000000014921, -3.000000000000000000, -32.59142269575428230 ) ) ;
#4116 = ADVANCED_FACE ( 'NONE', ( #4013 ), #2054, .F. ) ;
#4117 = VECTOR ( 'NONE', #4806, 1000.000000000000000 ) ;
#4118 = VERTEX_POINT ( 'NONE', #3582 ) ;
#4119 = ORIENTED_EDGE ( 'NONE', *, *, #418, .T. ) ;
#4120 = CARTESIAN_POINT ( 'NONE',  ( 21.71666666666684975, -0.3894956581382472693, -38.73058055813729084 ) ) ;
#4121 = ORIENTED_EDGE ( 'NONE', *, *, #637, .F. ) ;
#4122 = DIRECTION ( 'NONE',  ( 0.000000000000000000, 1.000000000000000000, 0.000000000000000000 ) ) ;
#4123 = CARTESIAN_POINT ( 'NONE',  ( 8.300000000000006040, 2.999999999999999112, -9.149999999999996803 ) ) ;
#4124 = VERTEX_POINT ( 'NONE', #3177 ) ;
#4125 = CARTESIAN_POINT ( 'NONE',  ( 7.642643521714200361, -5.854691731421723944E-15, -7.200000000000000178 ) ) ;
#4126 = EDGE_LOOP ( 'NONE', ( #1371, #3243, #4018, #3060 ) ) ;
#4127 = CARTESIAN_POINT ( 'NONE',  ( 41.50000000000000000, 2.365118790450083885, 3.348631561299828974 ) ) ;
#4128 = CARTESIAN_POINT ( 'NONE',  ( -23.04034256034222494, 3.000000000000000000, 33.91375258950391469 ) ) ;
#4129 = ORIENTED_EDGE ( 'NONE', *, *, #1857, .F. ) ;
#4130 = DIRECTION ( 'NONE',  ( 0.5000000000000101030, 0.000000000000000000, -0.8660254037844328234 ) ) ;
#4131 = LINE ( 'NONE', #689, #4002 ) ;
#4132 = EDGE_CURVE ( 'NONE', #4437, #3013, #1672, .T. ) ;
#4133 = ORIENTED_EDGE ( 'NONE', *, *, #1337, .T. ) ;
#4134 = CARTESIAN_POINT ( 'NONE',  ( -23.64999999999991331, 2.365118790450097208, -34.26573847640433712 ) ) ;
#4135 = FACE_OUTER_BOUND ( 'NONE', #4606, .T. ) ;
#4136 = AXIS2_PLACEMENT_3D ( 'NONE', #1017, #4856, #2875 ) ;
#4137 = CARTESIAN_POINT ( 'NONE',  ( -26.99999999999999645, 10.00000000000000000, -12.74611255037439861 ) ) ;
#4138 = ORIENTED_EDGE ( 'NONE', *, *, #1790, .T. ) ;
#4139 = EDGE_CURVE ( 'NONE', #1542, #278, #3207, .T. ) ;
#4140 = VERTEX_POINT ( 'NONE', #1319 ) ;
#4141 = CARTESIAN_POINT ( 'NONE',  ( 3.469446951953614189E-15, -1.734723475976807883E-15, -27.50000000000000355 ) ) ;
#4142 = ORIENTED_EDGE ( 'NONE', *, *, #1709, .T. ) ;
#4143 = DIRECTION ( 'NONE',  ( 0.000000000000000000, 1.000000000000000000, 0.000000000000000000 ) ) ;
#4144 = CARTESIAN_POINT ( 'NONE',  ( -19.40766062413377924, -2.999999999999999112, 36.71505425705437631 ) ) ;
#4145 = CIRCLE ( 'NONE', #2771, 3.499999999999999556 ) ;
#4146 = EDGE_LOOP ( 'NONE', ( #147, #867, #2846, #3772 ) ) ;
#4147 = ADVANCED_FACE ( 'NONE', ( #1267 ), #2805, .F. ) ;
#4148 = CARTESIAN_POINT ( 'NONE',  ( 29.00000000000000355, 1.800000000000000044, 11.35000000000000497 ) ) ;
#4149 = VERTEX_POINT ( 'NONE', #216 ) ;
#4150 = CYLINDRICAL_SURFACE ( 'NONE', #4455, 1.549999999999996270 ) ;
#4151 = DIRECTION ( 'NONE',  ( -2.495859004650991048E-16, 0.000000000000000000, 1.000000000000000000 ) ) ;
#4152 = CARTESIAN_POINT ( 'NONE',  ( 3.469446951953614189E-15, -1.734723475976807883E-15, 20.50000000000000355 ) ) ;
#4153 = CARTESIAN_POINT ( 'NONE',  ( 0.000000000000000000, -5.999999999999952927, 0.000000000000000000 ) ) ;
#4154 = CARTESIAN_POINT ( 'NONE',  ( -33.50000000000000000, -16.00610012852901676, -29.85000000000000142 ) ) ;
#4155 = VECTOR ( 'NONE', #4696, 1000.000000000000000 ) ;
#4156 = AXIS2_PLACEMENT_3D ( 'NONE', #2428, #3581, #4433 ) ;
#4157 = ORIENTED_EDGE ( 'NONE', *, *, #1958, .T. ) ;
#4158 = VECTOR ( 'NONE', #1312, 1000.000000000000000 ) ;
#4159 = CARTESIAN_POINT ( 'NONE',  ( -20.90000000000000568, 3.000000000000000000, 17.42264973081038448 ) ) ;
#4160 = AXIS2_PLACEMENT_3D ( 'NONE', #3042, #2328, #320 ) ;
#4161 = CARTESIAN_POINT ( 'NONE',  ( 0.000000000000000000, 0.000000000000000000, 0.000000000000000000 ) ) ;
#4162 = CARTESIAN_POINT ( 'NONE',  ( 29.00000000000000355, 0.000000000000000000, 12.45000000000000462 ) ) ;
#4163 = ADVANCED_FACE ( 'NONE', ( #269 ), #2601, .F. ) ;
#4164 = CIRCLE ( 'NONE', #2548, 1.100000000000000311 ) ;
#4165 = VECTOR ( 'NONE', #1315, 1000.000000000000000 ) ;
#4166 = ORIENTED_EDGE ( 'NONE', *, *, #2753, .F. ) ;
#4167 = ADVANCED_FACE ( 'NONE', ( #4888, #3710 ), #4412, .T. ) ;
#4168 = ORIENTED_EDGE ( 'NONE', *, *, #4677, .F. ) ;
#4169 = DIRECTION ( 'NONE',  ( 0.000000000000000000, 0.000000000000000000, -1.000000000000000000 ) ) ;
#4170 = CARTESIAN_POINT ( 'NONE',  ( 8.300000000000006040, 0.000000000000000000, 8.050000000000002487 ) ) ;
#4171 = AXIS2_PLACEMENT_3D ( 'NONE', #1250, #855, #1357 ) ;
#4172 = EDGE_CURVE ( 'NONE', #3723, #1241, #1019, .T. ) ;
#4173 = AXIS2_PLACEMENT_3D ( 'NONE', #4661, #101, #1752 ) ;
#4174 = ORIENTED_EDGE ( 'NONE', *, *, #485, .T. ) ;
#4175 = CARTESIAN_POINT ( 'NONE',  ( 29.00000000000000355, 1.800000000000000044, 10.25000000000000355 ) ) ;
#4176 = ORIENTED_EDGE ( 'NONE', *, *, #3978, .F. ) ;
#4177 = PLANE ( 'NONE',  #2616 ) ;
#4178 = LINE ( 'NONE', #4102, #1744 ) ;
#4179 = ORIENTED_EDGE ( 'NONE', *, *, #3017, .T. ) ;
#4180 = CARTESIAN_POINT ( 'NONE',  ( -22.09233937586604313, -2.999999999999999112, -35.16505425705410914 ) ) ;
#4181 = CARTESIAN_POINT ( 'NONE',  ( 26.00000000000001066, 3.000000000000000000, -23.99999999999999645 ) ) ;
#4182 = DIRECTION ( 'NONE',  ( 0.000000000000000000, -1.000000000000000000, 0.000000000000000000 ) ) ;
#4183 = ORIENTED_EDGE ( 'NONE', *, *, #2928, .T. ) ;
#4184 = CARTESIAN_POINT ( 'NONE',  ( 17.84999999999967812, -3.000000000000000000, 34.26573847640445081 ) ) ;
#4185 = LINE ( 'NONE', #1942, #3356 ) ;
#4186 = CARTESIAN_POINT ( 'NONE',  ( 7.108306127341453617, 3.000000000000000000, 7.728000000000000647 ) ) ;
#4187 = AXIS2_PLACEMENT_3D ( 'NONE', #4683, #192, #2775 ) ;
#4188 = EDGE_LOOP ( 'NONE', ( #329, #3409, #3747, #2864 ) ) ;
#4189 = EDGE_LOOP ( 'NONE', ( #420, #3615, #1058, #1446, #4472 ) ) ;
#4190 = DIRECTION ( 'NONE',  ( -0.000000000000000000, -1.000000000000000000, -0.000000000000000000 ) ) ;
#4191 = CARTESIAN_POINT ( 'NONE',  ( 8.300000000000006040, 1.800000000000000044, 12.45000000000000462 ) ) ;
#4192 = AXIS2_PLACEMENT_3D ( 'NONE', #3934, #2072, #2826 ) ;
#4193 = DIRECTION ( 'NONE',  ( 0.000000000000000000, 0.000000000000000000, -1.000000000000000000 ) ) ;
#4194 = ORIENTED_EDGE ( 'NONE', *, *, #4911, .T. ) ;
#4195 = CARTESIAN_POINT ( 'NONE',  ( 8.300000000000006040, 0.000000000000000000, 9.150000000000003908 ) ) ;
#4196 = ORIENTED_EDGE ( 'NONE', *, *, #4830, .F. ) ;
#4197 = ADVANCED_FACE ( 'NONE', ( #1748 ), #615, .F. ) ;
#4198 = CARTESIAN_POINT ( 'NONE',  ( 41.49999999999999289, -3.000000000000000000, -3.348631561299825865 ) ) ;
#4199 = DIRECTION ( 'NONE',  ( -0.5000000000000075495, 0.000000000000000000, 0.8660254037844343777 ) ) ;
#4200 = CARTESIAN_POINT ( 'NONE',  ( 35.20000000000000284, -5.854691731421723944E-15, -5.200000000000000178 ) ) ;
#4201 = ADVANCED_FACE ( 'NONE', ( #4511 ), #2920, .F. ) ;
#4202 = ORIENTED_EDGE ( 'NONE', *, *, #3946, .F. ) ;
#4203 = CARTESIAN_POINT ( 'NONE',  ( 26.00000000000000355, 0.000000000000000000, 25.60000000000000853 ) ) ;
#4204 = ADVANCED_FACE ( 'NONE', ( #646 ), #4434, .F. ) ;
#4205 = SURFACE_STYLE_FILL_AREA ( #1439 ) ;
#4206 = DIRECTION ( 'NONE',  ( 0.000000000000000000, 0.000000000000000000, -1.000000000000000000 ) ) ;
#4207 = CARTESIAN_POINT ( 'NONE',  ( 38.59999999999999432, -3.000000000000000000, 1.674315780649911600 ) ) ;
#4208 = CARTESIAN_POINT ( 'NONE',  ( 19.40766062413403503, -15.99999999999994138, -36.71505425705424130 ) ) ;
#4209 = FACE_OUTER_BOUND ( 'NONE', #3505, .T. ) ;
#4210 = UNCERTAINTY_MEASURE_WITH_UNIT (LENGTH_MEASURE( 1.000000000000000082E-05 ), #1374, 'distance_accuracy_value', 'NONE');
#4211 = EDGE_LOOP ( 'NONE', ( #213, #4183, #2527, #1369 ) ) ;
#4212 = ORIENTED_EDGE ( 'NONE', *, *, #3140, .F. ) ;
#4213 = CYLINDRICAL_SURFACE ( 'NONE', #3606, 3.499999999998899991 ) ;
#4214 = AXIS2_PLACEMENT_3D ( 'NONE', #2253, #1091, #2278 ) ;
#4215 = CARTESIAN_POINT ( 'NONE',  ( -34.49999999999999289, -16.00610012852901676, -28.85000000000000142 ) ) ;
#4216 = ORIENTED_EDGE ( 'NONE', *, *, #4817, .F. ) ;
#4217 = CARTESIAN_POINT ( 'NONE',  ( -47.01922863405993525, 3.000000000000000000, 3.497406586289690811 ) ) ;
#4218 = CYLINDRICAL_SURFACE ( 'NONE', #2144, 2.200000000000000622 ) ;
#4219 = AXIS2_PLACEMENT_3D ( 'NONE', #1957, #3871, #1906 ) ;
#4220 = ORIENTED_EDGE ( 'NONE', *, *, #1841, .T. ) ;
#4221 = EDGE_CURVE ( 'NONE', #2998, #2113, #4059, .T. ) ;
#4222 = ORIENTED_EDGE ( 'NONE', *, *, #4330, .T. ) ;
#4223 = ADVANCED_FACE ( 'NONE', ( #2207 ), #593, .F. ) ;
#4224 = CARTESIAN_POINT ( 'NONE',  ( -17.85000000000039933, -3.000000000000000000, 34.26573847640407422 ) ) ;
#4225 = DIRECTION ( 'NONE',  ( -0.000000000000000000, -1.000000000000000000, 0.000000000000000000 ) ) ;
#4226 = EDGE_CURVE ( 'NONE', #4787, #2036, #13, .T. ) ;
#4227 = CARTESIAN_POINT ( 'NONE',  ( 3.665390439817190268E-15, 3.000000000000000000, -22.40000000000000213 ) ) ;
#4228 = ORIENTED_EDGE ( 'NONE', *, *, #3074, .F. ) ;
#4229 = CARTESIAN_POINT ( 'NONE',  ( 0.000000000000000000, -3.999999999999931610, 0.000000000000000000 ) ) ;
#4230 = AXIS2_PLACEMENT_3D ( 'NONE', #3163, #4303, #2064 ) ;
#4231 = AXIS2_PLACEMENT_3D ( 'NONE', #2608, #4420, #1448 ) ;
#4232 = PLANE ( 'NONE',  #1938 ) ;
#4233 = EDGE_CURVE ( 'NONE', #140, #167, #660, .T. ) ;
#4234 = EDGE_LOOP ( 'NONE', ( #3637, #3737, #4545, #569 ) ) ;
#4235 = VECTOR ( 'NONE', #2406, 999.9999999999998863 ) ;
#4236 = ORIENTED_EDGE ( 'NONE', *, *, #2626, .T. ) ;
#4237 = CARTESIAN_POINT ( 'NONE',  ( -16.80000000000000071, -5.204170427930421283E-15, -12.74611255037439506 ) ) ;
#4238 =( NAMED_UNIT ( * ) PLANE_ANGLE_UNIT ( ) SI_UNIT ( $, .RADIAN. ) );
#4239 = DIRECTION ( 'NONE',  ( -0.000000000000000000, 1.000000000000000000, -0.000000000000000000 ) ) ;
#4240 = CARTESIAN_POINT ( 'NONE',  ( 8.300000000000006040, 0.000000000000000000, 8.050000000000002487 ) ) ;
#4241 = CIRCLE ( 'NONE', #154, 2.000000000000001776 ) ;
#4242 = CONICAL_SURFACE ( 'NONE', #2949, 45.00000000000000000, 0.7853981633974501664 ) ;
#4243 = AXIS2_PLACEMENT_3D ( 'NONE', #656, #2982, #2534 ) ;
#4244 = CARTESIAN_POINT ( 'NONE',  ( -25.99999999999999645, -1.734723475976807883E-15, 23.99999999999999645 ) ) ;
#4245 = VERTEX_POINT ( 'NONE', #3281 ) ;
#4246 = CARTESIAN_POINT ( 'NONE',  ( -28.99999999999999645, 0.000000000000000000, -12.74611255037439683 ) ) ;
#4247 = LINE ( 'NONE', #3820, #3659 ) ;
#4248 = CIRCLE ( 'NONE', #401, 1.100000000000000311 ) ;
#4249 = ORIENTED_EDGE ( 'NONE', *, *, #3466, .F. ) ;
#4250 = ORIENTED_EDGE ( 'NONE', *, *, #3944, .T. ) ;
#4251 = CARTESIAN_POINT ( 'NONE',  ( -34.50000000000000711, 1.444154338093590839, 24.91485500660197516 ) ) ;
#4252 = EDGE_CURVE ( 'NONE', #3741, #3263, #3771, .T. ) ;
#4253 = DIRECTION ( 'NONE',  ( -0.000000000000000000, -1.000000000000000000, -0.000000000000000000 ) ) ;
#4254 = PRODUCT_DEFINITION_SHAPE ( 'NONE', 'NONE',  #3077 ) ;
#4255 = DIRECTION ( 'NONE',  ( -0.8660254037844377084, 0.000000000000000000, -0.5000000000000016653 ) ) ;
#4256 = ORIENTED_EDGE ( 'NONE', *, *, #4317, .T. ) ;
#4257 = ADVANCED_FACE ( 'NONE', ( #4835, #1140 ), #4232, .T. ) ;
#4258 = DIRECTION ( 'NONE',  ( -0.8660254037844432595, 0.000000000000000000, 0.4999999999999919509 ) ) ;
#4259 = CARTESIAN_POINT ( 'NONE',  ( -27.99999999999999645, 0.000000000000000000, -14.47816335794327358 ) ) ;
#4260 = VERTEX_POINT ( 'NONE', #2996 ) ;
#4261 = VERTEX_POINT ( 'NONE', #4629 ) ;
#4262 = DIRECTION ( 'NONE',  ( -0.000000000000000000, -1.000000000000000000, -0.000000000000000000 ) ) ;
#4263 = FILL_AREA_STYLE ('',( #3075 ) ) ;
#4264 = DIRECTION ( 'NONE',  ( -0.000000000000000000, -1.000000000000000000, -0.000000000000000000 ) ) ;
#4265 = AXIS2_PLACEMENT_3D ( 'NONE', #4905, #1929, #3789 ) ;
#4266 = VERTEX_POINT ( 'NONE', #366 ) ;
#4267 = AXIS2_PLACEMENT_3D ( 'NONE', #1162, #768, #3458 ) ;
#4268 = CARTESIAN_POINT ( 'NONE',  ( -28.00000000000000355, 3.000000000000000000, 14.47816335794327713 ) ) ;
#4269 = ORIENTED_EDGE ( 'NONE', *, *, #1825, .F. ) ;
#4270 = FACE_BOUND ( 'NONE', #130, .T. ) ;
#4271 = LINE ( 'NONE', #3419, #4694 ) ;
#4272 = VECTOR ( 'NONE', #2088, 1000.000000000000000 ) ;
#4273 = ORIENTED_EDGE ( 'NONE', *, *, #1496, .T. ) ;
#4274 = VERTEX_POINT ( 'NONE', #2329 ) ;
#4275 = CARTESIAN_POINT ( 'NONE',  ( -34.50000000000000711, 1.444154338093590839, -24.91485500660197516 ) ) ;
#4276 = CARTESIAN_POINT ( 'NONE',  ( 0.000000000000000000, 3.000000000000000000, 0.000000000000000000 ) ) ;
#4277 = DIRECTION ( 'NONE',  ( -0.000000000000000000, -1.000000000000000000, -0.000000000000000000 ) ) ;
#4278 = CARTESIAN_POINT ( 'NONE',  ( -25.99999999999999645, 0.000000000000000000, -25.60000000000000497 ) ) ;
#4279 = ORIENTED_EDGE ( 'NONE', *, *, #3440, .F. ) ;
#4280 = DIRECTION ( 'NONE',  ( -0.000000000000000000, 1.000000000000000000, -0.000000000000000000 ) ) ;
#4281 = PLANE ( 'NONE',  #1137 ) ;
#4282 = EDGE_CURVE ( 'NONE', #4447, #991, #2650, .T. ) ;
#4283 = ORIENTED_EDGE ( 'NONE', *, *, #3297, .F. ) ;
#4284 = VERTEX_POINT ( 'NONE', #746 ) ;
#4285 = CARTESIAN_POINT ( 'NONE',  ( 0.000000000000000000, -8.469123934395588905E-15, -10.50000000000000000 ) ) ;
#4286 = DIRECTION ( 'NONE',  ( -0.000000000000000000, -1.000000000000000000, -0.000000000000000000 ) ) ;
#4287 = CARTESIAN_POINT ( 'NONE',  ( 0.000000000000000000, 0.000000000000000000, 0.000000000000000000 ) ) ;
#4288 = ADVANCED_FACE ( 'NONE', ( #3406 ), #794, .F. ) ;
#4289 = ORIENTED_EDGE ( 'NONE', *, *, #472, .F. ) ;
#4290 = VECTOR ( 'NONE', #3041, 1000.000000000000000 ) ;
#4291 = CARTESIAN_POINT ( 'NONE',  ( -20.75000000000045475, -3.000000000000000000, 39.28868581835378393 ) ) ;
#4292 = ORIENTED_EDGE ( 'NONE', *, *, #1768, .F. ) ;
#4293 = CARTESIAN_POINT ( 'NONE',  ( -44.39999999999999147, -0.4315578539997965146, 1.674315780649913599 ) ) ;
#4294 = CARTESIAN_POINT ( 'NONE',  ( -20.74999999999990408, -3.000000000000000000, -39.28868581835408236 ) ) ;
#4295 = AXIS2_PLACEMENT_3D ( 'NONE', #1441, #4886, #744 ) ;
#4296 = ADVANCED_FACE ( 'NONE', ( #4209 ), #4605, .F. ) ;
#4297 = VERTEX_POINT ( 'NONE', #3018 ) ;
#4298 = VERTEX_POINT ( 'NONE', #1492 ) ;
#4299 = CARTESIAN_POINT ( 'NONE',  ( 8.300000000000006040, 1.800000000000000044, -8.049999999999997158 ) ) ;
#4300 = CIRCLE ( 'NONE', #2140, 1.600000000000000755 ) ;
#4301 = ORIENTED_EDGE ( 'NONE', *, *, #703, .F. ) ;
#4302 = DIRECTION ( 'NONE',  ( 0.000000000000000000, 0.000000000000000000, -1.000000000000000000 ) ) ;
#4303 = DIRECTION ( 'NONE',  ( -0.000000000000000000, -1.000000000000000000, -0.000000000000000000 ) ) ;
#4304 = VECTOR ( 'NONE', #3943, 1000.000000000000227 ) ;
#4305 = CARTESIAN_POINT ( 'NONE',  ( 23.64999999999967883, 2.365118790450091435, 34.26573847640450055 ) ) ;
#4306 = DIRECTION ( 'NONE',  ( -0.000000000000000000, -1.000000000000000000, -0.000000000000000000 ) ) ;
#4307 = ORIENTED_EDGE ( 'NONE', *, *, #2988, .T. ) ;
#4308 = CARTESIAN_POINT ( 'NONE',  ( 41.50000000000000000, 2.365118790450083885, 3.348631561299828974 ) ) ;
#4309 = ORIENTED_EDGE ( 'NONE', *, *, #2246, .T. ) ;
#4310 = VERTEX_POINT ( 'NONE', #4186 ) ;
#4311 = AXIS2_PLACEMENT_3D ( 'NONE', #782, #2365, #1985 ) ;
#4312 = CARTESIAN_POINT ( 'NONE',  ( 17.84999999999965326, 2.365118790450086106, 37.61437003770428333 ) ) ;
#4313 = DIRECTION ( 'NONE',  ( -0.8660254037844407060, 0.000000000000000000, 0.4999999999999963918 ) ) ;
#4314 = EDGE_CURVE ( 'NONE', #4503, #3741, #2264, .T. ) ;
#4315 = EDGE_LOOP ( 'NONE', ( #2910, #2434, #1305, #2519, #3829 ) ) ;
#4316 = EDGE_CURVE ( 'NONE', #3033, #1457, #2303, .T. ) ;
#4317 = EDGE_CURVE ( 'NONE', #946, #3999, #417, .T. ) ;
#4318 = AXIS2_PLACEMENT_3D ( 'NONE', #2978, #3665, #1080 ) ;
#4319 = DIRECTION ( 'NONE',  ( 0.000000000000000000, 0.000000000000000000, 1.000000000000000000 ) ) ;
#4320 = ORIENTED_EDGE ( 'NONE', *, *, #883, .F. ) ;
#4321 = DIRECTION ( 'NONE',  ( 0.000000000000000000, 0.000000000000000000, -1.000000000000000000 ) ) ;
#4322 = LINE ( 'NONE', #2035, #929 ) ;
#4323 = CLOSED_SHELL ( 'NONE', ( #4868, #4708, #2361, #519, #1464, #2935, #4648, #2904, #3174, #787, #4223, #1612, #172, #667, #4201, #3029, #1209, #4379, #727, #2447, #2838, #533, #3012, #4147, #2968, #21, #4047, #4288, #4405, #4514, #4737, #2007, #2153, #2442, #3151, #2142, #110, #910, #2656, #2380, #4163, #2634, #3585, #1521, #2895, #4072, #3916, #3882, #4444, #3792, #1574, #4611, #1216, #1458, #815, #2116, #3951, #2083, #1667, #3729, #2606, #3303, #1432, #3459, #586, #4204, #3704, #4481, #759, #3822, #3249, #1677, #1515, #2848, #2817, #2810, #2727, #57, #1173, #819, #733, #904, #1042, #1486, #1303, #2566, #4076, #4415, #950, #2747, #3797, #4116, #4899, #1089, #4473, #50, #3309, #3744, #4296, #3640, #3578, #2686, #2481, #4673, #54, #46, #4257, #3124, #4565, #3981, #1952, #3083, #2813, #2238, #2379, #480, #1204, #2148, #1706, #753, #4167, #2452, #2965, #1560, #356, #1235, #292, #795, #2386, #4928, #1816, #4507, #40, #3896, #358, #3053, #2077, #3708, #1920, #4465, #4502, #978, #1652, #3346, #4197, #4966, #1393, #4103, #456, #4408 ) ) ;
#4324 = VECTOR ( 'NONE', #4113, 1000.000000000000000 ) ;
#4325 = EDGE_CURVE ( 'NONE', #1075, #2243, #1943, .T. ) ;
#4326 = CIRCLE ( 'NONE', #714, 1.600000000000000755 ) ;
#4327 = ORIENTED_EDGE ( 'NONE', *, *, #2572, .F. ) ;
#4328 = MECHANICAL_DESIGN_GEOMETRIC_PRESENTATION_REPRESENTATION (  '', ( #2783 ), #4084 ) ;
#4329 = DIRECTION ( 'NONE',  ( 0.000000000000000000, 0.000000000000000000, -1.000000000000000000 ) ) ;
#4330 = EDGE_CURVE ( 'NONE', #435, #2931, #2625, .T. ) ;
#4331 = CARTESIAN_POINT ( 'NONE',  ( 41.50000000000000000, -3.000000000000000000, 3.348631561299828974 ) ) ;
#4332 = CONICAL_SURFACE ( 'NONE', #4971, 3.499999999999999556, 0.7853981633974476129 ) ;
#4333 = CARTESIAN_POINT ( 'NONE',  ( -37.20000000000000284, -3.999999999999930722, 0.000000000000000000 ) ) ;
#4334 = VECTOR ( 'NONE', #923, 1000.000000000000000 ) ;
#4335 = DIRECTION ( 'NONE',  ( 0.000000000000000000, 0.000000000000000000, -1.000000000000000000 ) ) ;
#4336 = DIRECTION ( 'NONE',  ( -0.7071067811865500152, 0.000000000000000000, -0.7071067811865451302 ) ) ;
#4337 = ORIENTED_EDGE ( 'NONE', *, *, #4595, .F. ) ;
#4338 = CARTESIAN_POINT ( 'NONE',  ( 20.75000000000018474, -3.000000000000000000, -39.28868581835394025 ) ) ;
#4339 = VERTEX_POINT ( 'NONE', #2697 ) ;
#4340 = ORIENTED_EDGE ( 'NONE', *, *, #4587, .F. ) ;
#4341 = DIRECTION ( 'NONE',  ( -0.000000000000000000, -1.000000000000000000, -0.000000000000000000 ) ) ;
#4342 = DIRECTION ( 'NONE',  ( -0.000000000000000000, -1.000000000000000000, -0.000000000000000000 ) ) ;
#4343 = ORIENTED_EDGE ( 'NONE', *, *, #1437, .F. ) ;
#4344 = VERTEX_POINT ( 'NONE', #10 ) ;
#4345 = EDGE_CURVE ( 'NONE', #113, #780, #3133, .T. ) ;
#4346 = CARTESIAN_POINT ( 'NONE',  ( -38.59999999999999432, -3.000000000000000000, 1.674315780649907826 ) ) ;
#4347 = ORIENTED_EDGE ( 'NONE', *, *, #550, .F. ) ;
#4348 = LINE ( 'NONE', #3616, #3788 ) ;
#4349 = LINE ( 'NONE', #2436, #852 ) ;
#4351 = VERTEX_POINT ( 'NONE', #4963 ) ;
#4350 = AXIS2_PLACEMENT_3D ( 'NONE', #4034, #1845, #995 ) ;
#4352 = EDGE_CURVE ( 'NONE', #1249, #561, #416, .T. ) ;
#4353 = CARTESIAN_POINT ( 'NONE',  ( -25.99999999999999645, -15.99999999999995204, 27.50000000000000000 ) ) ;
#4354 = ORIENTED_EDGE ( 'NONE', *, *, #2595, .T. ) ;
#4355 = DIRECTION ( 'NONE',  ( 0.000000000000000000, 0.000000000000000000, -1.000000000000000000 ) ) ;
#4356 = AXIS2_PLACEMENT_3D ( 'NONE', #1136, #3826, #4601 ) ;
#4357 = DIRECTION ( 'NONE',  ( 0.000000000000000000, 1.000000000000000000, 0.000000000000000000 ) ) ;
#4358 = EDGE_CURVE ( 'NONE', #278, #1440, #3480, .T. ) ;
#4359 = VECTOR ( 'NONE', #2138, 1000.000000000000000 ) ;
#4360 = CARTESIAN_POINT ( 'NONE',  ( 23.04034256034152151, 3.000000000000000000, 33.91375258950441207 ) ) ;
#4361 = DIRECTION ( 'NONE',  ( -0.000000000000000000, 1.000000000000000000, -0.000000000000000000 ) ) ;
#4362 = ORIENTED_EDGE ( 'NONE', *, *, #678, .T. ) ;
#4363 = DIRECTION ( 'NONE',  ( -0.8660254037844381525, 0.000000000000000000, 0.5000000000000007772 ) ) ;
#4364 = CARTESIAN_POINT ( 'NONE',  ( 8.300000000000006040, 1.800000000000000044, 8.050000000000002487 ) ) ;
#4365 = ORIENTED_EDGE ( 'NONE', *, *, #3554, .F. ) ;
#4366 = LINE ( 'NONE', #3937, #2324 ) ;
#4367 = CARTESIAN_POINT ( 'NONE',  ( 26.00000000000001066, -1.734723475976807883E-15, -20.49999999999999645 ) ) ;
#4368 = ORIENTED_EDGE ( 'NONE', *, *, #2821, .T. ) ;
#4369 = ORIENTED_EDGE ( 'NONE', *, *, #3440, .T. ) ;
#4370 = DIRECTION ( 'NONE',  ( 0.000000000000000000, 0.000000000000000000, 1.000000000000000000 ) ) ;
#4371 = ORIENTED_EDGE ( 'NONE', *, *, #4781, .F. ) ;
#4372 = CARTESIAN_POINT ( 'NONE',  ( 3.898073331655187996E-15, -1.734723475976807883E-15, 27.50000000000000355 ) ) ;
#4373 = CARTESIAN_POINT ( 'NONE',  ( 29.00000000000000355, 0.000000000000000000, -12.44999999999999751 ) ) ;
#4374 = VERTEX_POINT ( 'NONE', #4162 ) ;
#4375 = CARTESIAN_POINT ( 'NONE',  ( 3.469446951953614189E-15, 1.900000000000001243, -24.00000000000000355 ) ) ;
#4376 = CARTESIAN_POINT ( 'NONE',  ( -19.40766062413377924, -5.999999999999941380, 36.71505425705437631 ) ) ;
#4377 = DIRECTION ( 'NONE',  ( -0.000000000000000000, 1.000000000000000000, -0.000000000000000000 ) ) ;
#4378 = EDGE_CURVE ( 'NONE', #4061, #4630, #4912, .T. ) ;
#4379 = ADVANCED_FACE ( 'NONE', ( #343 ), #3043, .F. ) ;
#4380 = DIRECTION ( 'NONE',  ( 0.000000000000000000, 0.000000000000000000, -1.000000000000000000 ) ) ;
#4381 = EDGE_LOOP ( 'NONE', ( #4009, #2188, #3057, #227 ) ) ;
#4382 = CARTESIAN_POINT ( 'NONE',  ( 3.469446951953614189E-15, 3.000000000000000000, -24.00000000000000355 ) ) ;
#4383 = EDGE_CURVE ( 'NONE', #4515, #3755, #2897, .T. ) ;
#4384 = EDGE_LOOP ( 'NONE', ( #3072, #4728, #2224, #1680 ) ) ;
#4385 = ORIENTED_EDGE ( 'NONE', *, *, #4875, .T. ) ;
#4386 = DIRECTION ( 'NONE',  ( 0.000000000000000000, 0.000000000000000000, -1.000000000000000000 ) ) ;
#4387 = LINE ( 'NONE', #2877, #2390 ) ;
#4388 = ORIENTED_EDGE ( 'NONE', *, *, #139, .T. ) ;
#4389 = EDGE_CURVE ( 'NONE', #3187, #780, #3123, .T. ) ;
#4390 = VERTEX_POINT ( 'NONE', #4652 ) ;
#4391 = ORIENTED_EDGE ( 'NONE', *, *, #4746, .F. ) ;
#4392 = CARTESIAN_POINT ( 'NONE',  ( -16.80000000000000426, -5.204170427930421283E-15, 12.74611255037440216 ) ) ;
#4393 = ORIENTED_EDGE ( 'NONE', *, *, #3047, .F. ) ;
#4394 = DIRECTION ( 'NONE',  ( 0.000000000000000000, 0.000000000000000000, -1.000000000000000000 ) ) ;
#4395 = DIRECTION ( 'NONE',  ( -0.8660254037844381525, 0.000000000000000000, 0.5000000000000006661 ) ) ;
#4396 = AXIS2_PLACEMENT_3D ( 'NONE', #483, #1962, #1284 ) ;
#4397 = CIRCLE ( 'NONE', #2465, 1.549999999999995826 ) ;
#4398 = VERTEX_POINT ( 'NONE', #2047 ) ;
#4399 = AXIS2_PLACEMENT_3D ( 'NONE', #1139, #3830, #2254 ) ;
#4400 = CARTESIAN_POINT ( 'NONE',  ( 42.47248688315251286, 1.440940235700778560, -2.787165997528338934 ) ) ;
#4401 = CARTESIAN_POINT ( 'NONE',  ( -33.50000000000000000, 3.000000000000000000, 29.85000000000000142 ) ) ;
#4402 = CONICAL_SURFACE ( 'NONE', #71, 3.499999999999999556, 0.7853981633974472798 ) ;
#4403 = AXIS2_PLACEMENT_3D ( 'NONE', #2619, #1135, #285 ) ;
#4404 = DIRECTION ( 'NONE',  ( 0.000000000000000000, -0.7071067811865483499, -0.7071067811865467956 ) ) ;
#4405 = ADVANCED_FACE ( 'NONE', ( #1211 ), #166, .F. ) ;
#4406 = VECTOR ( 'NONE', #1060, 1000.000000000000114 ) ;
#4407 = CARTESIAN_POINT ( 'NONE',  ( -25.99999999999999645, 3.000000000000000000, 25.59999999999999787 ) ) ;
#4408 = ADVANCED_FACE ( 'NONE', ( #490 ), #3957, .F. ) ;
#4409 = ORIENTED_EDGE ( 'NONE', *, *, #1916, .T. ) ;
#4410 = DIRECTION ( 'NONE',  ( 0.000000000000000000, 0.000000000000000000, 1.000000000000000000 ) ) ;
#4411 = DIRECTION ( 'NONE',  ( -0.000000000000000000, -1.000000000000000000, -0.000000000000000000 ) ) ;
#4412 = PLANE ( 'NONE',  #1859 ) ;
#4413 = CARTESIAN_POINT ( 'NONE',  ( 17.84999999999964970, 2.788580806240223087, 37.14524230113649850 ) ) ;
#4414 = ORIENTED_EDGE ( 'NONE', *, *, #2844, .T. ) ;
#4415 = ADVANCED_FACE ( 'NONE', ( #116 ), #4281, .F. ) ;
#4416 = ORIENTED_EDGE ( 'NONE', *, *, #4233, .T. ) ;
#4417 = DIRECTION ( 'NONE',  ( -0.000000000000000000, -1.000000000000000000, -0.000000000000000000 ) ) ;
#4418 = VERTEX_POINT ( 'NONE', #3553 ) ;
#4419 = CYLINDRICAL_SURFACE ( 'NONE', #4750, 2.000000000000000000 ) ;
#4420 = DIRECTION ( 'NONE',  ( -0.000000000000000000, -1.000000000000000000, -0.000000000000000000 ) ) ;
#4421 = VERTEX_POINT ( 'NONE', #4364 ) ;
#4422 = CARTESIAN_POINT ( 'NONE',  ( 3.469446951953614189E-15, -1.734723475976807883E-15, 24.00000000000000355 ) ) ;
#4423 = VERTEX_POINT ( 'NONE', #3577 ) ;
#4424 = DIRECTION ( 'NONE',  ( 0.000000000000000000, 0.000000000000000000, -1.000000000000000000 ) ) ;
#4425 = CARTESIAN_POINT ( 'NONE',  ( -34.49999999999999289, 3.000000000000000000, 28.85000000000000142 ) ) ;
#4426 = AXIS2_PLACEMENT_3D ( 'NONE', #1193, #821, #2353 ) ;
#4427 = CARTESIAN_POINT ( 'NONE',  ( -23.65000000000040004, -3.000000000000000000, 34.26573847640401738 ) ) ;
#4428 = AXIS2_PLACEMENT_3D ( 'NONE', #500, #2836, #1707 ) ;
#4429 = DIRECTION ( 'NONE',  ( 0.000000000000000000, 0.000000000000000000, 1.000000000000000000 ) ) ;
#4430 = ORIENTED_EDGE ( 'NONE', *, *, #670, .F. ) ;
#4431 = VERTEX_POINT ( 'NONE', #3907 ) ;
#4432 = FACE_OUTER_BOUND ( 'NONE', #2925, .T. ) ;
#4433 = DIRECTION ( 'NONE',  ( -0.8660254037844382635, 0.000000000000000000, 0.5000000000000005551 ) ) ;
#4434 = PLANE ( 'NONE',  #4350 ) ;
#4435 = CYLINDRICAL_SURFACE ( 'NONE', #4878, 10.00000000000000178 ) ;
#4436 = EDGE_CURVE ( 'NONE', #4069, #1705, #4702, .T. ) ;
#4437 = VERTEX_POINT ( 'NONE', #463 ) ;
#4438 = EDGE_CURVE ( 'NONE', #561, #1191, #915, .T. ) ;
#4439 = ORIENTED_EDGE ( 'NONE', *, *, #2073, .T. ) ;
#4440 = LINE ( 'NONE', #2163, #2000 ) ;
#4441 = VERTEX_POINT ( 'NONE', #3227 ) ;
#4442 = DIRECTION ( 'NONE',  ( 0.000000000000000000, 1.000000000000000000, 0.000000000000000000 ) ) ;
#4443 = CYLINDRICAL_SURFACE ( 'NONE', #1666, 1.549999999999997158 ) ;
#4444 = ADVANCED_FACE ( 'NONE', ( #1643 ), #4755, .F. ) ;
#4445 = VERTEX_POINT ( 'NONE', #3324 ) ;
#4446 = CARTESIAN_POINT ( 'NONE',  ( -25.99999999999999645, 1.900000000000001243, 25.59999999999999787 ) ) ;
#4447 = VERTEX_POINT ( 'NONE', #4828 ) ;
#4448 = CARTESIAN_POINT ( 'NONE',  ( -34.49999999999999289, -0.9730196895871947582, -28.85000000000000142 ) ) ;
#4449 = B_SPLINE_CURVE_WITH_KNOTS ( 'NONE', 3,
 ( #1395, #2136, #4120, #973 ),
 .UNSPECIFIED., .F., .F.,
 ( 4, 4 ),
 ( 2.309401076748849023E-07, 0.003348862501407505552 ),
 .UNSPECIFIED. ) ;
#4450 = CARTESIAN_POINT ( 'NONE',  ( 35.20000000000000284, -5.857218976068036743E-15, 5.200000000000000178 ) ) ;
#4451 = EDGE_CURVE ( 'NONE', #3791, #4532, #2494, .T. ) ;
#4452 = VERTEX_POINT ( 'NONE', #2571 ) ;
#4453 = DIRECTION ( 'NONE',  ( -0.000000000000000000, -1.000000000000000000, -0.000000000000000000 ) ) ;
#4454 = CARTESIAN_POINT ( 'NONE',  ( 26.00000000000000355, -3.999999999999930722, 24.00000000000000711 ) ) ;
#4455 = AXIS2_PLACEMENT_3D ( 'NONE', #631, #1453, #4752 ) ;
#4456 = ORIENTED_EDGE ( 'NONE', *, *, #399, .T. ) ;
#4457 = DIRECTION ( 'NONE',  ( -0.000000000000000000, -1.000000000000000000, -0.000000000000000000 ) ) ;
#4458 = CYLINDRICAL_SURFACE ( 'NONE', #2549, 1.600000000000000755 ) ;
#4459 = DIRECTION ( 'NONE',  ( 0.000000000000000000, -1.000000000000000000, -0.000000000000000000 ) ) ;
#4460 = DIRECTION ( 'NONE',  ( -0.000000000000000000, -1.000000000000000000, -0.000000000000000000 ) ) ;
#4461 = EDGE_LOOP ( 'NONE', ( #3668, #920, #2106, #4619 ) ) ;
#4462 = VERTEX_POINT ( 'NONE', #1015 ) ;
#4463 = DIRECTION ( 'NONE',  ( 0.4999999999999920064, 0.000000000000000000, 0.8660254037844432595 ) ) ;
#4464 = ORIENTED_EDGE ( 'NONE', *, *, #367, .T. ) ;
#4465 = ADVANCED_FACE ( 'NONE', ( #640 ), #2179, .F. ) ;
#4466 = DIRECTION ( 'NONE',  ( 0.000000000000000000, 0.000000000000000000, -1.000000000000000000 ) ) ;
#4467 = DIRECTION ( 'NONE',  ( 0.000000000000000000, 0.000000000000000000, 1.000000000000000000 ) ) ;
#4468 = B_SPLINE_CURVE_WITH_KNOTS ( 'NONE', 3,
 ( #3474, #832, #380, #737, #2319, #3063, #3824, #30, #2342, #4574, #410, #4251 ),
 .UNSPECIFIED., .F., .F.,
 ( 4, 2, 2, 2, 2, 4 ),
 ( 2.248251098810076785E-07, 0.001339517981978842346, 0.002009164560413326771, 0.002678811138847810979, 0.004018104295716778962, 0.005357397452585747379 ),
 .UNSPECIFIED. ) ;
#4469 = EDGE_CURVE ( 'NONE', #1553, #1048, #1411, .T. ) ;
#4470 = ORIENTED_EDGE ( 'NONE', *, *, #4021, .F. ) ;
#4471 = PLANE ( 'NONE',  #1113 ) ;
#4472 = ORIENTED_EDGE ( 'NONE', *, *, #2228, .T. ) ;
#4473 = ADVANCED_FACE ( 'NONE', ( #3351 ), #4883, .F. ) ;
#4474 = CARTESIAN_POINT ( 'NONE',  ( -35.77450980392156765, 3.000000000000000000, 20.02958931903296147 ) ) ;
#4475 = VECTOR ( 'NONE', #959, 1000.000000000000000 ) ;
#4476 = FACE_OUTER_BOUND ( 'NONE', #3429, .T. ) ;
#4477 = AXIS2_PLACEMENT_3D ( 'NONE', #1020, #3711, #2547 ) ;
#4478 = AXIS2_PLACEMENT_3D ( 'NONE', #4819, #2507, #2887 ) ;
#4479 = EDGE_LOOP ( 'NONE', ( #4907, #4845, #4414, #2358 ) ) ;
#4480 = DIRECTION ( 'NONE',  ( -0.000000000000000000, -1.000000000000000000, -0.000000000000000000 ) ) ;
#4481 = ADVANCED_FACE ( 'NONE', ( #4932 ), #3089, .F. ) ;
#4482 = FACE_OUTER_BOUND ( 'NONE', #4479, .T. ) ;
#4483 = CIRCLE ( 'NONE', #2948, 1.600000000000000755 ) ;
#4484 = CIRCLE ( 'NONE', #155, 2.200000000000000622 ) ;
#4485 = CARTESIAN_POINT ( 'NONE',  ( 25.16282172263369077, -7.999999999999976019, -27.39840146714686142 ) ) ;
#4486 = VERTEX_POINT ( 'NONE', #382 ) ;
#4487 = CARTESIAN_POINT ( 'NONE',  ( -25.16282172263360195, 0.000000000000000000, 27.39840146714684366 ) ) ;
#4488 = DIRECTION ( 'NONE',  ( -0.000000000000000000, 1.000000000000000000, -0.000000000000000000 ) ) ;
#4489 = CARTESIAN_POINT ( 'NONE',  ( -25.99999999999999645, 0.000000000000000000, 23.99999999999999645 ) ) ;
#4490 = CIRCLE ( 'NONE', #2716, 3.499999999998899991 ) ;
#4491 = EDGE_LOOP ( 'NONE', ( #3461, #2710, #173, #4174 ) ) ;
#4492 = ORIENTED_EDGE ( 'NONE', *, *, #3107, .F. ) ;
#4493 = DIRECTION ( 'NONE',  ( 0.000000000000000000, 1.000000000000000000, 0.000000000000000000 ) ) ;
#4494 = VERTEX_POINT ( 'NONE', #2991 ) ;
#4495 = DIRECTION ( 'NONE',  ( 0.000000000000000000, 1.000000000000000000, 0.000000000000000000 ) ) ;
#4496 = LINE ( 'NONE', #224, #865 ) ;
#4497 = ORIENTED_EDGE ( 'NONE', *, *, #3209, .T. ) ;
#4498 = CARTESIAN_POINT ( 'NONE',  ( -15.80000000000000426, 0.000000000000000000, 14.47816335794327713 ) ) ;
#4499 = ORIENTED_EDGE ( 'NONE', *, *, #2514, .F. ) ;
#4500 = CARTESIAN_POINT ( 'NONE',  ( 8.300000000000006040, 0.000000000000000000, 11.35000000000000497 ) ) ;
#4501 = FACE_BOUND ( 'NONE', #3823, .T. ) ;
#4502 = ADVANCED_FACE ( 'NONE', ( #3454 ), #4622, .F. ) ;
#4503 = VERTEX_POINT ( 'NONE', #741 ) ;
#4504 = EDGE_CURVE ( 'NONE', #991, #4069, #316, .T. ) ;
#4505 = CARTESIAN_POINT ( 'NONE',  ( -17.85000000000039933, -3.000000000000000000, 34.26573847640407422 ) ) ;
#4506 = DIRECTION ( 'NONE',  ( 0.000000000000000000, 0.000000000000000000, 1.000000000000000000 ) ) ;
#4507 = ADVANCED_FACE ( 'NONE', ( #1864 ), #3752, .T. ) ;
#4508 = ORIENTED_EDGE ( 'NONE', *, *, #3527, .T. ) ;
#4509 = CARTESIAN_POINT ( 'NONE',  ( -38.59999999999999432, 3.000000000000000000, 1.674315780649907826 ) ) ;
#4510 = CARTESIAN_POINT ( 'NONE',  ( 29.00000000000000355, 0.000000000000000000, -10.24999999999999645 ) ) ;
#4511 = FACE_OUTER_BOUND ( 'NONE', #488, .T. ) ;
#4512 = B_SPLINE_CURVE_WITH_KNOTS ( 'NONE', 3,
 ( #1597, #1623, #1949, #4681 ),
 .UNSPECIFIED., .F., .F.,
 ( 4, 4 ),
 ( 0.007066558674086223166, 0.008014528791445964251 ),
 .UNSPECIFIED. ) ;
#4513 = AXIS2_PLACEMENT_3D ( 'NONE', #1577, #3058, #406 ) ;
#4514 = ADVANCED_FACE ( 'NONE', ( #1112 ), #1088, .F. ) ;
#4515 = VERTEX_POINT ( 'NONE', #5 ) ;
#4516 = ORIENTED_EDGE ( 'NONE', *, *, #664, .F. ) ;
#4517 = AXIS2_PLACEMENT_3D ( 'NONE', #1397, #3664, #4865 ) ;
#4518 = CARTESIAN_POINT ( 'NONE',  ( -20.75000000000037303, 3.000000000000000000, 32.59142269575413309 ) ) ;
#4519 = ORIENTED_EDGE ( 'NONE', *, *, #85, .T. ) ;
#4520 = FACE_OUTER_BOUND ( 'NONE', #4188, .T. ) ;
#4521 = CARTESIAN_POINT ( 'NONE',  ( 20.74999999999991473, -15.99999999999994138, -35.94005425705424273 ) ) ;
#4522 = VERTEX_POINT ( 'NONE', #4957 ) ;
#4523 = DIRECTION ( 'NONE',  ( 0.000000000000000000, 0.000000000000000000, -1.000000000000000000 ) ) ;
#4524 = VERTEX_POINT ( 'NONE', #1514 ) ;
#4525 = CARTESIAN_POINT ( 'NONE',  ( 8.300000000000006040, 0.000000000000000000, 12.45000000000000462 ) ) ;
#4526 = PLANE ( 'NONE',  #225 ) ;
#4527 = ORIENTED_EDGE ( 'NONE', *, *, #89, .T. ) ;
#4528 = CARTESIAN_POINT ( 'NONE',  ( -17.84999999999991616, 2.365118790450086106, -37.61437003770416254 ) ) ;
#4529 = EDGE_CURVE ( 'NONE', #2741, #2581, #19, .T. ) ;
#4530 = LINE ( 'NONE', #1087, #4720 ) ;
#4531 = EDGE_CURVE ( 'NONE', #1692, #2400, #4576, .T. ) ;
#4532 = VERTEX_POINT ( 'NONE', #763 ) ;
#4533 = CARTESIAN_POINT ( 'NONE',  ( -20.90000000000000213, 0.000000000000000000, -17.42264973081037027 ) ) ;
#4534 = EDGE_CURVE ( 'NONE', #1016, #4431, #2827, .T. ) ;
#4535 = DIRECTION ( 'NONE',  ( -0.000000000000000000, -1.000000000000000000, -0.000000000000000000 ) ) ;
#4536 = DIRECTION ( 'NONE',  ( -0.000000000000000000, -1.000000000000000000, -0.000000000000000000 ) ) ;
#4537 = ORIENTED_EDGE ( 'NONE', *, *, #3944, .F. ) ;
#4538 = AXIS2_PLACEMENT_3D ( 'NONE', #32, #1563, #2016 ) ;
#4539 = ORIENTED_EDGE ( 'NONE', *, *, #2626, .F. ) ;
#4540 = CARTESIAN_POINT ( 'NONE',  ( -44.39999999999999147, -0.3894956581382446603, -0.5581052602166394205 ) ) ;
#4541 = EDGE_CURVE ( 'NONE', #4266, #3002, #663, .T. ) ;
#4542 = DIRECTION ( 'NONE',  ( -0.8660254037844363761, 0.000000000000000000, -0.5000000000000038858 ) ) ;
#4543 = VERTEX_POINT ( 'NONE', #1905 ) ;
#4544 = PLANE ( 'NONE',  #3927 ) ;
#4545 = ORIENTED_EDGE ( 'NONE', *, *, #3548, .T. ) ;
#4546 = DIRECTION ( 'NONE',  ( 0.8660254037844342667, 0.000000000000000000, 0.5000000000000074385 ) ) ;
#4547 = FACE_OUTER_BOUND ( 'NONE', #4315, .T. ) ;
#4548 = AXIS2_PLACEMENT_3D ( 'NONE', #4853, #4053, #1045 ) ;
#4549 = ORIENTED_EDGE ( 'NONE', *, *, #4529, .T. ) ;
#4550 = LINE ( 'NONE', #1203, #873 ) ;
#4551 = DIRECTION ( 'NONE',  ( -0.000000000000000000, -1.000000000000000000, -0.000000000000000000 ) ) ;
#4552 = AXIS2_PLACEMENT_3D ( 'NONE', #1406, #908, #984 ) ;
#4553 = AXIS2_PLACEMENT_3D ( 'NONE', #4633, #1125, #4945 ) ;
#4554 = ORIENTED_EDGE ( 'NONE', *, *, #540, .T. ) ;
#4555 = DIRECTION ( 'NONE',  ( -0.000000000000000000, -1.000000000000000000, -0.000000000000000000 ) ) ;
#4556 = FACE_OUTER_BOUND ( 'NONE', #3841, .T. ) ;
#4557 = DIRECTION ( 'NONE',  ( 0.8660254037844441477, 0.000000000000000000, -0.4999999999999904521 ) ) ;
#4558 = AXIS2_PLACEMENT_3D ( 'NONE', #3702, #935, #1740 ) ;
#4559 = EDGE_CURVE ( 'NONE', #2605, #345, #3034, .T. ) ;
#4560 = ORIENTED_EDGE ( 'NONE', *, *, #1887, .F. ) ;
#4561 = EDGE_LOOP ( 'NONE', ( #3714, #4794, #2230, #2306 ) ) ;
#4562 = LINE ( 'NONE', #1897, #1922 ) ;
#4563 = CARTESIAN_POINT ( 'NONE',  ( -41.49999999999999289, -3.000000000000000000, 3.348631561299825865 ) ) ;
#4564 = AXIS2_PLACEMENT_3D ( 'NONE', #2242, #403, #2703 ) ;
#4565 = ADVANCED_FACE ( 'NONE', ( #2268 ), #3447, .F. ) ;
#4566 = AXIS2_PLACEMENT_3D ( 'NONE', #1349, #2883, #4944 ) ;
#4567 = ORIENTED_EDGE ( 'NONE', *, *, #2009, .T. ) ;
#4568 = DIRECTION ( 'NONE',  ( 0.000000000000000000, 0.000000000000000000, 1.000000000000000000 ) ) ;
#4569 = EDGE_LOOP ( 'NONE', ( #4371, #2182, #862, #1820 ) ) ;
#4570 = CARTESIAN_POINT ( 'NONE',  ( -41.50000000000000000, -3.000000000000000000, -3.348631561299828974 ) ) ;
#4571 = DIRECTION ( 'NONE',  ( 0.000000000000000000, 0.000000000000000000, -1.000000000000000000 ) ) ;
#4572 = DIRECTION ( 'NONE',  ( 0.000000000000000000, 0.000000000000000000, -1.000000000000000000 ) ) ;
#4573 = ORIENTED_EDGE ( 'NONE', *, *, #3431, .T. ) ;
#4574 = CARTESIAN_POINT ( 'NONE',  ( -34.52301842761219319, 1.885125233373860620, 24.12372918233412022 ) ) ;
#4575 = DIRECTION ( 'NONE',  ( 0.000000000000000000, 1.000000000000000000, 0.000000000000000000 ) ) ;
#4576 = LINE ( 'NONE', #2671, #3629 ) ;
#4577 = CYLINDRICAL_SURFACE ( 'NONE', #4295, 1.600000000000000755 ) ;
#4578 = DIRECTION ( 'NONE',  ( -0.000000000000000000, -1.000000000000000000, -0.000000000000000000 ) ) ;
#4579 = DIRECTION ( 'NONE',  ( -0.000000000000000000, -1.000000000000000000, -0.000000000000000000 ) ) ;
#4580 = VECTOR ( 'NONE', #4785, 1000.000000000000000 ) ;
#4581 = ORIENTED_EDGE ( 'NONE', *, *, #4139, .F. ) ;
#4582 = VERTEX_POINT ( 'NONE', #2705 ) ;
#4583 = LINE ( 'NONE', #4893, #3368 ) ;
#4584 = CARTESIAN_POINT ( 'NONE',  ( -21.71666666666657264, -0.3894956581382479910, -38.73058055813744716 ) ) ;
#4585 = AXIS2_PLACEMENT_3D ( 'NONE', #1539, #4225, #3040 ) ;
#4586 = CYLINDRICAL_SURFACE ( 'NONE', #2193, 10.50000000000000178 ) ;
#4587 = EDGE_CURVE ( 'NONE', #946, #3859, #1199, .T. ) ;
#4588 = EDGE_CURVE ( 'NONE', #3290, #1066, #448, .T. ) ;
#4590 = EDGE_LOOP ( 'NONE', ( #1626, #2109 ) ) ;
#4589 = PRESENTATION_LAYER_ASSIGNMENT (  '', '', ( #1785 ) ) ;
#4591 = CARTESIAN_POINT ( 'NONE',  ( 26.00000000000000355, -3.999999999999930722, 27.49999999999890576 ) ) ;
#4592 = EDGE_LOOP ( 'NONE', ( #4757, #654 ) ) ;
#4593 = CARTESIAN_POINT ( 'NONE',  ( -22.09233937586604313, -15.99999999999994138, -35.16505425705410914 ) ) ;
#4594 = LINE ( 'NONE', #1200, #770 ) ;
#4595 = EDGE_CURVE ( 'NONE', #572, #3809, #24, .T. ) ;
#4596 = EDGE_LOOP ( 'NONE', ( #2950, #3481, #78, #1097, #2168 ) ) ;
#4597 = EDGE_LOOP ( 'NONE', ( #2976, #4901, #3130 ) ) ;
#4598 = LINE ( 'NONE', #1110, #3030 ) ;
#4599 = EDGE_CURVE ( 'NONE', #1724, #3519, #2661, .T. ) ;
#4600 = DIRECTION ( 'NONE',  ( -0.8660254037844442587, 0.000000000000000000, 0.4999999999999902300 ) ) ;
#4601 = DIRECTION ( 'NONE',  ( -1.720845688168992440E-15, 0.000000000000000000, 1.000000000000000000 ) ) ;
#4602 = FACE_OUTER_BOUND ( 'NONE', #2505, .T. ) ;
#4603 = EDGE_LOOP ( 'NONE', ( #127, #1275, #2785, #4327, #1602, #3147, #3121, #3126, #2722, #1419, #196, #2729, #3631, #2801, #3159, #1024, #3970, #2780, #149, #4492, #2248, #4816, #3869, #4022, #1557, #4129, #2018, #3415, #1842, #4862, #1782, #1993 ) ) ;
#4604 = CARTESIAN_POINT ( 'NONE',  ( 29.00000000000000355, 1.800000000000000044, -10.24999999999999645 ) ) ;
#4605 = PLANE ( 'NONE',  #4742 ) ;
#4606 = EDGE_LOOP ( 'NONE', ( #402, #2874, #2642, #3879 ) ) ;
#4607 = VERTEX_POINT ( 'NONE', #4246 ) ;
#4608 = CARTESIAN_POINT ( 'NONE',  ( -43.43872433077471840, 0.5081212520958584555, -2.229308547042567312 ) ) ;
#4609 = CARTESIAN_POINT ( 'NONE',  ( 3.469446951953614189E-15, -1.734723475976807883E-15, -24.00000000000000355 ) ) ;
#4610 = AXIS2_PLACEMENT_3D ( 'NONE', #4624, #1614, #3931 ) ;
#4611 = ADVANCED_FACE ( 'NONE', ( #2312, #4640, #3131, #4270, #353, #804, #828, #2289 ), #3894, .F. ) ;
#4612 = FACE_OUTER_BOUND ( 'NONE', #3451, .T. ) ;
#4613 = ORIENTED_EDGE ( 'NONE', *, *, #82, .F. ) ;
#4614 = PLANE ( 'NONE',  #4513 ) ;
#4615 = LINE ( 'NONE', #1533, #2532 ) ;
#4616 = CIRCLE ( 'NONE', #1092, 2.200000000000000622 ) ;
#4617 = ORIENTED_EDGE ( 'NONE', *, *, #764, .F. ) ;
#4618 = EDGE_CURVE ( 'NONE', #362, #2816, #3081, .T. ) ;
#4619 = ORIENTED_EDGE ( 'NONE', *, *, #3274, .T. ) ;
#4620 = CARTESIAN_POINT ( 'NONE',  ( -33.50000000000000000, 3.000000000000000000, -29.85000000000000142 ) ) ;
#4621 = CARTESIAN_POINT ( 'NONE',  ( -34.49999999999998579, 0.6666021258176044739, 26.24295392312880182 ) ) ;
#4622 = CYLINDRICAL_SURFACE ( 'NONE', #1461, 2.000000000000000000 ) ;
#4623 = EDGE_CURVE ( 'NONE', #67, #1582, #2585, .T. ) ;
#4624 = CARTESIAN_POINT ( 'NONE',  ( -41.49999999999999289, -2.999999999999999112, 0.000000000000000000 ) ) ;
#4625 = ORIENTED_EDGE ( 'NONE', *, *, #4559, .T. ) ;
#4626 = DIRECTION ( 'NONE',  ( -0.8660254037844440367, 0.000000000000000000, -0.4999999999999908962 ) ) ;
#4627 = AXIS2_PLACEMENT_3D ( 'NONE', #4333, #2419, #458 ) ;
#4628 = VECTOR ( 'NONE', #372, 1000.000000000000000 ) ;
#4629 = CARTESIAN_POINT ( 'NONE',  ( -29.32067667992224713, -3.999999999999931610, -22.89405859675089872 ) ) ;
#4630 = VERTEX_POINT ( 'NONE', #1879 ) ;
#4631 = CONICAL_SURFACE ( 'NONE', #2317, 3.499999999999999556, 0.7853981633974476129 ) ;
#4632 = VERTEX_POINT ( 'NONE', #3418 ) ;
#4633 = CARTESIAN_POINT ( 'NONE',  ( 0.000000000000000000, -3.000000000000000000, 0.000000000000000000 ) ) ;
#4634 = AXIS2_PLACEMENT_3D ( 'NONE', #3676, #1086, #4106 ) ;
#4635 = AXIS2_PLACEMENT_3D ( 'NONE', #1362, #990, #1765 ) ;
#4636 = ORIENTED_EDGE ( 'NONE', *, *, #4599, .F. ) ;
#4637 = AXIS2_PLACEMENT_3D ( 'NONE', #3940, #2409, #1220 ) ;
#4638 = LINE ( 'NONE', #4195, #1516 ) ;
#4639 = EDGE_LOOP ( 'NONE', ( #661, #1339, #4508, #1621 ) ) ;
#4640 = FACE_BOUND ( 'NONE', #4947, .T. ) ;
#4641 = FACE_OUTER_BOUND ( 'NONE', #3660, .T. ) ;
#4642 = VECTOR ( 'NONE', #3892, 1000.000000000000000 ) ;
#4643 = ORIENTED_EDGE ( 'NONE', *, *, #4531, .F. ) ;
#4644 = ORIENTED_EDGE ( 'NONE', *, *, #2508, .T. ) ;
#4645 = PLANE ( 'NONE',  #3518 ) ;
#4646 = CARTESIAN_POINT ( 'NONE',  ( 35.20000000000000284, 3.000000000000000000, -7.200000000000000178 ) ) ;
#4647 = DIRECTION ( 'NONE',  ( -0.000000000000000000, -1.000000000000000000, -0.000000000000000000 ) ) ;
#4648 = ADVANCED_FACE ( 'NONE', ( #731 ), #4663, .F. ) ;
#4649 = DIRECTION ( 'NONE',  ( 0.000000000000000000, 1.000000000000000000, 0.000000000000000000 ) ) ;
#4650 = ORIENTED_EDGE ( 'NONE', *, *, #3266, .F. ) ;
#4651 = CARTESIAN_POINT ( 'NONE',  ( 29.00000000000000355, 1.800000000000000044, -10.24999999999999645 ) ) ;
#4652 = CARTESIAN_POINT ( 'NONE',  ( 26.00000000000001066, 3.000000000000000000, -22.39999999999999503 ) ) ;
#4653 = EDGE_CURVE ( 'NONE', #435, #2004, #1933, .T. ) ;
#4654 = VERTEX_POINT ( 'NONE', #3846 ) ;
#4655 = ORIENTED_EDGE ( 'NONE', *, *, #3179, .T. ) ;
#4656 = FACE_OUTER_BOUND ( 'NONE', #1851, .T. ) ;
#4657 = DIRECTION ( 'NONE',  ( 0.000000000000000000, 0.000000000000000000, -1.000000000000000000 ) ) ;
#4658 = DIRECTION ( 'NONE',  ( 0.000000000000000000, 0.000000000000000000, -1.000000000000000000 ) ) ;
#4659 = EDGE_CURVE ( 'NONE', #345, #454, #3491, .T. ) ;
#4660 = VECTOR ( 'NONE', #3442, 1000.000000000000000 ) ;
#4661 = CARTESIAN_POINT ( 'NONE',  ( -23.64999999999991331, -3.000000000000000000, -34.26573847640433712 ) ) ;
#4662 = ORIENTED_EDGE ( 'NONE', *, *, #4710, .F. ) ;
#4663 = CYLINDRICAL_SURFACE ( 'NONE', #2022, 1.600000000000000755 ) ;
#4664 = CARTESIAN_POINT ( 'NONE',  ( 23.64999999999964686, -3.000000000000000000, 37.61437003770433307 ) ) ;
#4665 = CONICAL_SURFACE ( 'NONE', #28, 3.499999999999999556, 0.7853981633974472798 ) ;
#4666 = CIRCLE ( 'NONE', #988, 10.50000000000000178 ) ;
#4667 = ORIENTED_EDGE ( 'NONE', *, *, #537, .T. ) ;
#4668 = ORIENTED_EDGE ( 'NONE', *, *, #1738, .F. ) ;
#4669 = CARTESIAN_POINT ( 'NONE',  ( 23.64999999999967883, -3.000000000000000000, 34.26573847640450055 ) ) ;
#4670 = DIRECTION ( 'NONE',  ( -0.000000000000000000, -1.000000000000000000, -0.000000000000000000 ) ) ;
#4671 = CARTESIAN_POINT ( 'NONE',  ( 3.665390439817190268E-15, 1.900000000000001243, 25.60000000000000497 ) ) ;
#4672 = CARTESIAN_POINT ( 'NONE',  ( -21.90000000000000924, -5.204170427930421283E-15, 15.69059892324150063 ) ) ;
#4673 = ADVANCED_FACE ( 'NONE', ( #47 ), #4614, .F. ) ;
#4674 = CARTESIAN_POINT ( 'NONE',  ( -23.64999999999990976, 0.5081326761191726771, -36.50437101041792687 ) ) ;
#4675 = ORIENTED_EDGE ( 'NONE', *, *, #1792, .T. ) ;
#4676 = LINE ( 'NONE', #4729, #2237 ) ;
#4677 = EDGE_CURVE ( 'NONE', #2362, #3292, #1150, .T. ) ;
#4678 = ORIENTED_EDGE ( 'NONE', *, *, #3299, .T. ) ;
#4679 = EDGE_CURVE ( 'NONE', #949, #3897, #4348, .T. ) ;
#4680 = ORIENTED_EDGE ( 'NONE', *, *, #941, .F. ) ;
#4681 = CARTESIAN_POINT ( 'NONE',  ( 17.85000000000018261, 3.000000000000000000, -36.91039826390384349 ) ) ;
#4682 = CARTESIAN_POINT ( 'NONE',  ( 17.84999999999965326, 2.365118790450086106, 37.61437003770428333 ) ) ;
#4683 = CARTESIAN_POINT ( 'NONE',  ( 33.20000000000000284, 1.700000000000000178, 5.200000000000000178 ) ) ;
#4684 = ORIENTED_EDGE ( 'NONE', *, *, #508, .F. ) ;
#4685 = VECTOR ( 'NONE', #6, 1000.000000000000000 ) ;
#4686 = EDGE_CURVE ( 'NONE', #3013, #1732, #2023, .T. ) ;
#4687 = PLANE ( 'NONE',  #1273 ) ;
#4688 = ORIENTED_EDGE ( 'NONE', *, *, #1038, .T. ) ;
#4689 = DIRECTION ( 'NONE',  ( 0.8660254037844333785, 0.000000000000000000, -0.5000000000000091038 ) ) ;
#4690 = CARTESIAN_POINT ( 'NONE',  ( -23.64999999999991331, -3.000000000000000000, -34.26573847640433712 ) ) ;
#4691 = VECTOR ( 'NONE', #4070, 1000.000000000000000 ) ;
#4692 = VERTEX_POINT ( 'NONE', #2114 ) ;
#4693 = CARTESIAN_POINT ( 'NONE',  ( -47.01922863405993525, 3.000000000000000000, -3.497406586289698804 ) ) ;
#4694 = VECTOR ( 'NONE', #4926, 1000.000000000000114 ) ;
#4695 = ORIENTED_EDGE ( 'NONE', *, *, #300, .F. ) ;
#4696 = DIRECTION ( 'NONE',  ( 2.495859004650991048E-16, 0.000000000000000000, -1.000000000000000000 ) ) ;
#4697 = CARTESIAN_POINT ( 'NONE',  ( 3.469446951953614189E-15, -1.734723475976807883E-15, -24.00000000000000355 ) ) ;
#4698 = CARTESIAN_POINT ( 'NONE',  ( -28.10653838522274128, 3.000000000000000000, -29.85000000000000142 ) ) ;
#4699 = LINE ( 'NONE', #2795, #3498 ) ;
#4700 = ORIENTED_EDGE ( 'NONE', *, *, #2514, .T. ) ;
#4701 = CARTESIAN_POINT ( 'NONE',  ( -25.99999999999999645, -1.734723475976807883E-15, -20.50000000000000355 ) ) ;
#4702 = LINE ( 'NONE', #1261, #3061 ) ;
#4703 = EDGE_LOOP ( 'NONE', ( #1710, #4847, #4820, #943 ) ) ;
#4704 = AXIS2_PLACEMENT_3D ( 'NONE', #3546, #3950, #1310 ) ;
#4705 = CARTESIAN_POINT ( 'NONE',  ( -17.84999999999991616, -3.000000000000000000, -37.61437003770416254 ) ) ;
#4706 = CARTESIAN_POINT ( 'NONE',  ( 7.642643521714200361, 3.000000000000000000, 7.200000000000000178 ) ) ;
#4707 = ORIENTED_EDGE ( 'NONE', *, *, #2663, .T. ) ;
#4708 = ADVANCED_FACE ( 'NONE', ( #199 ), #4768, .F. ) ;
#4709 = AXIS2_PLACEMENT_3D ( 'NONE', #4843, #1398, #4542 ) ;
#4710 = EDGE_CURVE ( 'NONE', #2958, #4261, #1728, .T. ) ;
#4711 = DIRECTION ( 'NONE',  ( -3.663735981263015795E-15, 0.000000000000000000, 1.000000000000000000 ) ) ;
#4712 = ORIENTED_EDGE ( 'NONE', *, *, #4316, .F. ) ;
#4713 = CARTESIAN_POINT ( 'NONE',  ( 23.04034256034197981, 3.000000000000000000, -33.91375258950407812 ) ) ;
#4714 = CARTESIAN_POINT ( 'NONE',  ( 33.20000000000000284, -5.854691731421723944E-15, 5.200000000000000178 ) ) ;
#4715 = CIRCLE ( 'NONE', #1987, 1.999999999999998224 ) ;
#4716 = AXIS2_PLACEMENT_3D ( 'NONE', #2401, #2424, #4626 ) ;
#4717 = EDGE_CURVE ( 'NONE', #4787, #1692, #177, .T. ) ;
#4718 = VECTOR ( 'NONE', #3727, 999.9999999999998863 ) ;
#4719 = VERTEX_POINT ( 'NONE', #3238 ) ;
#4720 = VECTOR ( 'NONE', #739, 1000.000000000000000 ) ;
#4721 = ORIENTED_EDGE ( 'NONE', *, *, #3984, .T. ) ;
#4722 = DIRECTION ( 'NONE',  ( -0.000000000000000000, -0.000000000000000000, -1.000000000000000000 ) ) ;
#4723 = AXIS2_PLACEMENT_3D ( 'NONE', #1501, #330, #1854 ) ;
#4724 = DIRECTION ( 'NONE',  ( -0.000000000000000000, -1.000000000000000000, -0.000000000000000000 ) ) ;
#4725 = AXIS2_PLACEMENT_3D ( 'NONE', #597, #4493, #2504 ) ;
#4726 = CARTESIAN_POINT ( 'NONE',  ( 23.44694029410199931, 2.576949823386959437, 34.14850190054291090 ) ) ;
#4727 = DIRECTION ( 'NONE',  ( -2.238352872228144383E-15, 0.000000000000000000, 1.000000000000000000 ) ) ;
#4728 = ORIENTED_EDGE ( 'NONE', *, *, #4067, .F. ) ;
#4729 = CARTESIAN_POINT ( 'NONE',  ( -25.99999999999999645, -1.734723475976807883E-15, 27.49999999999999645 ) ) ;
#4730 = ORIENTED_EDGE ( 'NONE', *, *, #361, .F. ) ;
#4731 = FACE_OUTER_BOUND ( 'NONE', #171, .T. ) ;
#4732 = LINE ( 'NONE', #3176, #2071 ) ;
#4733 = EDGE_LOOP ( 'NONE', ( #3538, #94, #1192, #4814 ) ) ;
#4734 = ORIENTED_EDGE ( 'NONE', *, *, #1182, .T. ) ;
#4735 = DIRECTION ( 'NONE',  ( -0.000000000000000000, -1.000000000000000000, -0.000000000000000000 ) ) ;
#4736 = ORIENTED_EDGE ( 'NONE', *, *, #4469, .F. ) ;
#4737 = ADVANCED_FACE ( 'NONE', ( #3259 ), #1326, .F. ) ;
#4738 = DIRECTION ( 'NONE',  ( 0.8660254037844381525, 0.000000000000000000, -0.5000000000000008882 ) ) ;
#4739 = CARTESIAN_POINT ( 'NONE',  ( -23.65000000000040004, 2.365118790450083885, 34.26573847640401738 ) ) ;
#4740 = VECTOR ( 'NONE', #1332, 999.9999999999998863 ) ;
#4741 = EDGE_CURVE ( 'NONE', #2362, #4462, #2980, .T. ) ;
#4743 = ORIENTED_EDGE ( 'NONE', *, *, #4389, .T. ) ;
#4742 = AXIS2_PLACEMENT_3D ( 'NONE', #3434, #2349, #1893 ) ;
#4744 = DIRECTION ( 'NONE',  ( 0.000000000000000000, 1.000000000000000000, 0.000000000000000000 ) ) ;
#4745 = ORIENTED_EDGE ( 'NONE', *, *, #3080, .F. ) ;
#4746 = EDGE_CURVE ( 'NONE', #4005, #4808, #824, .T. ) ;
#4747 = DIRECTION ( 'NONE',  ( -0.000000000000000000, -1.000000000000000000, -0.000000000000000000 ) ) ;
#4748 = VECTOR ( 'NONE', #3514, 1000.000000000000000 ) ;
#4749 = CARTESIAN_POINT ( 'NONE',  ( 8.300000000000006040, 0.000000000000000000, -12.44999999999999751 ) ) ;
#4750 = AXIS2_PLACEMENT_3D ( 'NONE', #223, #4143, #701 ) ;
#4751 = CARTESIAN_POINT ( 'NONE',  ( 29.00000000000000355, 1.800000000000000044, -10.24999999999999645 ) ) ;
#4752 = DIRECTION ( 'NONE',  ( 0.8660254037844440367, 0.000000000000000000, 0.4999999999999908962 ) ) ;
#4753 = ORIENTED_EDGE ( 'NONE', *, *, #1363, .T. ) ;
#4754 = CARTESIAN_POINT ( 'NONE',  ( 29.00000000000000355, 0.000000000000000000, -12.44999999999999751 ) ) ;
#4755 = CYLINDRICAL_SURFACE ( 'NONE', #1540, 10.50000000000000178 ) ;
#4756 = ORIENTED_EDGE ( 'NONE', *, *, #934, .T. ) ;
#4757 = ORIENTED_EDGE ( 'NONE', *, *, #3860, .T. ) ;
#4758 = DIRECTION ( 'NONE',  ( 0.000000000000000000, 0.000000000000000000, 1.000000000000000000 ) ) ;
#4759 = DIRECTION ( 'NONE',  ( 0.000000000000000000, -1.000000000000000000, 0.000000000000000000 ) ) ;
#4760 = CARTESIAN_POINT ( 'NONE',  ( 17.84999999999967812, -3.000000000000000000, 34.26573847640445081 ) ) ;
#4761 = ORIENTED_EDGE ( 'NONE', *, *, #2175, .T. ) ;
#4762 = VECTOR ( 'NONE', #2918, 1000.000000000000114 ) ;
#4763 = VERTEX_POINT ( 'NONE', #4713 ) ;
#4764 = ORIENTED_EDGE ( 'NONE', *, *, #4358, .T. ) ;
#4765 = CARTESIAN_POINT ( 'NONE',  ( 22.09233937586579088, -2.999999999999999112, -35.16505425705424415 ) ) ;
#4766 = B_SPLINE_CURVE_WITH_KNOTS ( 'NONE', 3,
 ( #2042, #3625, #932, #4778 ),
 .UNSPECIFIED., .F., .F.,
 ( 4, 4 ),
 ( 0.002582679514221708234, 0.004000096952359610304 ),
 .UNSPECIFIED. ) ;
#4767 = VERTEX_POINT ( 'NONE', #877 ) ;
#4768 = CYLINDRICAL_SURFACE ( 'NONE', #4428, 3.499999999998899991 ) ;
#4769 = DIRECTION ( 'NONE',  ( -0.000000000000000000, 1.000000000000000000, -0.000000000000000000 ) ) ;
#4770 = EDGE_CURVE ( 'NONE', #340, #1249, #3157, .T. ) ;
#4771 = EDGE_LOOP ( 'NONE', ( #4391, #730 ) ) ;
#4772 = DIRECTION ( 'NONE',  ( -0.000000000000000000, -1.000000000000000000, -0.000000000000000000 ) ) ;
#4773 = ORIENTED_EDGE ( 'NONE', *, *, #148, .F. ) ;
#4774 = AXIS2_PLACEMENT_3D ( 'NONE', #3609, #1696, #4386 ) ;
#4775 = CARTESIAN_POINT ( 'NONE',  ( -40.89034256034182135, 3.000000000000000000, -2.996645674399727177 ) ) ;
#4776 = CARTESIAN_POINT ( 'NONE',  ( 26.00000000000000355, -1.734723475976807883E-15, 20.50000000000000711 ) ) ;
#4777 = EDGE_CURVE ( 'NONE', #2341, #595, #3966, .T. ) ;
#4778 = CARTESIAN_POINT ( 'NONE',  ( -34.49999999999999289, -0.9730196895871947582, -28.85000000000000142 ) ) ;
#4779 = ORIENTED_EDGE ( 'NONE', *, *, #1122, .F. ) ;
#4780 = CARTESIAN_POINT ( 'NONE',  ( 23.65000000000016556, 2.365118790450081221, -34.26573847640418080 ) ) ;
#4781 = EDGE_CURVE ( 'NONE', #3856, #1798, #2111, .T. ) ;
#4782 = ORIENTED_EDGE ( 'NONE', *, *, #4325, .F. ) ;
#4783 = CARTESIAN_POINT ( 'NONE',  ( -26.99999999999999645, 3.000000000000000000, -12.74611255037439861 ) ) ;
#4784 = DIRECTION ( 'NONE',  ( 0.000000000000000000, 1.000000000000000000, 0.000000000000000000 ) ) ;
#4785 = DIRECTION ( 'NONE',  ( 0.000000000000000000, 1.000000000000000000, -0.000000000000000000 ) ) ;
#4786 = LINE ( 'NONE', #2903, #1909 ) ;
#4787 = VERTEX_POINT ( 'NONE', #850 ) ;
#4788 = DIRECTION ( 'NONE',  ( 0.000000000000000000, 1.000000000000000000, 0.000000000000000000 ) ) ;
#4789 = ORIENTED_EDGE ( 'NONE', *, *, #451, .T. ) ;
#4790 = DIRECTION ( 'NONE',  ( -0.000000000000000000, -1.000000000000000000, -0.000000000000000000 ) ) ;
#4791 = CARTESIAN_POINT ( 'NONE',  ( -17.85000000000043840, -3.000000000000000000, 37.61437003770391385 ) ) ;
#4792 = AXIS2_PLACEMENT_3D ( 'NONE', #584, #4798, #3972 ) ;
#4793 = CIRCLE ( 'NONE', #2629, 1.549999999999997158 ) ;
#4794 = ORIENTED_EDGE ( 'NONE', *, *, #1796, .T. ) ;
#4795 = VECTOR ( 'NONE', #3956, 999.9999999999998863 ) ;
#4796 = FACE_OUTER_BOUND ( 'NONE', #4569, .T. ) ;
#4797 = EDGE_LOOP ( 'NONE', ( #4031, #3143, #3468, #2081 ) ) ;
#4798 = DIRECTION ( 'NONE',  ( -0.000000000000000000, -1.000000000000000000, -0.000000000000000000 ) ) ;
#4799 = DIRECTION ( 'NONE',  ( 0.000000000000000000, 0.000000000000000000, -1.000000000000000000 ) ) ;
#4800 = VECTOR ( 'NONE', #881, 999.9999999999998863 ) ;
#4801 = AXIS2_PLACEMENT_3D ( 'NONE', #1511, #4551, #360 ) ;
#4802 = ORIENTED_EDGE ( 'NONE', *, *, #3332, .F. ) ;
#4803 = PLANE ( 'NONE',  #3275 ) ;
#4804 = EDGE_CURVE ( 'NONE', #3211, #4118, #3402, .T. ) ;
#4805 = CARTESIAN_POINT ( 'NONE',  ( -41.29694029410231337, 2.576949823386955440, -3.231394985438233558 ) ) ;
#4806 = DIRECTION ( 'NONE',  ( -0.000000000000000000, -1.000000000000000000, -0.000000000000000000 ) ) ;
#4807 = VECTOR ( 'NONE', #4417, 1000.000000000000000 ) ;
#4808 = VERTEX_POINT ( 'NONE', #4372 ) ;
#4809 = CARTESIAN_POINT ( 'NONE',  ( 7.108306127341452729, 0.000000000000000000, 7.728000000000000647 ) ) ;
#4810 = EDGE_CURVE ( 'NONE', #3565, #4418, #2411, .T. ) ;
#4811 = CARTESIAN_POINT ( 'NONE',  ( 8.300000000000006040, 0.000000000000000000, 10.25000000000000355 ) ) ;
#4812 = CARTESIAN_POINT ( 'NONE',  ( -44.50000000000000711, -11.04878164297398335, -24.91485500660197516 ) ) ;
#4813 = ORIENTED_EDGE ( 'NONE', *, *, #4383, .T. ) ;
#4814 = ORIENTED_EDGE ( 'NONE', *, *, #4618, .F. ) ;
#4815 = DIRECTION ( 'NONE',  ( -0.000000000000000000, -1.000000000000000000, -0.000000000000000000 ) ) ;
#4816 = ORIENTED_EDGE ( 'NONE', *, *, #143, .F. ) ;
#4817 = EDGE_CURVE ( 'NONE', #747, #2958, #3390, .T. ) ;
#4818 = DIRECTION ( 'NONE',  ( -0.000000000000000000, -1.000000000000000000, -0.000000000000000000 ) ) ;
#4819 = CARTESIAN_POINT ( 'NONE',  ( -20.74999999999966604, -15.99999999999994138, 35.94005425705439194 ) ) ;
#4820 = ORIENTED_EDGE ( 'NONE', *, *, #1047, .T. ) ;
#4821 = CARTESIAN_POINT ( 'NONE',  ( 41.09372371516586497, 2.788580543601036243, -3.114067838885474782 ) ) ;
#4822 = ORIENTED_EDGE ( 'NONE', *, *, #243, .F. ) ;
#4823 = FACE_OUTER_BOUND ( 'NONE', #2509, .T. ) ;
#4824 = CIRCLE ( 'NONE', #3541, 2.000000000000000000 ) ;
#4825 = CARTESIAN_POINT ( 'NONE',  ( -14.80000000000000426, 10.00000000000000000, -13.90081308875364563 ) ) ;
#4826 = VECTOR ( 'NONE', #2034, 1000.000000000000000 ) ;
#4827 = DIRECTION ( 'NONE',  ( -1.982541115402688507E-15, 0.000000000000000000, 1.000000000000000000 ) ) ;
#4828 = CARTESIAN_POINT ( 'NONE',  ( -27.99999999999998934, 3.000000000000000000, -14.47816335794327713 ) ) ;
#4829 = CIRCLE ( 'NONE', #4919, 2.000000000000000000 ) ;
#4830 = EDGE_CURVE ( 'NONE', #3542, #3211, #951, .T. ) ;
#4831 = VERTEX_POINT ( 'NONE', #2486 ) ;
#4832 = EDGE_CURVE ( 'NONE', #561, #2331, #3588, .T. ) ;
#4833 = DIRECTION ( 'NONE',  ( -1.000000000000000000, -0.000000000000000000, -0.000000000000000000 ) ) ;
#4834 = CARTESIAN_POINT ( 'NONE',  ( 20.74999999999991473, -5.999999999999941380, -35.94005425705424273 ) ) ;
#4835 = FACE_OUTER_BOUND ( 'NONE', #3536, .T. ) ;
#4836 = DIRECTION ( 'NONE',  ( 0.000000000000000000, 0.000000000000000000, -1.000000000000000000 ) ) ;
#4837 = EDGE_CURVE ( 'NONE', #2675, #2732, #1475, .T. ) ;
#4838 = ORIENTED_EDGE ( 'NONE', *, *, #3571, .F. ) ;
#4839 = ORIENTED_EDGE ( 'NONE', *, *, #1731, .F. ) ;
#4840 = CARTESIAN_POINT ( 'NONE',  ( -23.65000000000040004, -3.000000000000000000, 34.26573847640401738 ) ) ;
#4841 = ORIENTED_EDGE ( 'NONE', *, *, #3730, .F. ) ;
#4842 = DIRECTION ( 'NONE',  ( 1.036100853139915938E-15, 0.000000000000000000, 1.000000000000000000 ) ) ;
#4843 = CARTESIAN_POINT ( 'NONE',  ( 23.65000000000017621, -3.000000000000000000, -37.61437003770400622 ) ) ;
#4844 = EDGE_CURVE ( 'NONE', #4310, #3587, #4666, .T. ) ;
#4845 = ORIENTED_EDGE ( 'NONE', *, *, #3860, .F. ) ;
#4846 = CARTESIAN_POINT ( 'NONE',  ( -41.49999999999999289, -5.999999999999941380, 0.000000000000000000 ) ) ;
#4847 = ORIENTED_EDGE ( 'NONE', *, *, #3241, .F. ) ;
#4848 = CARTESIAN_POINT ( 'NONE',  ( -34.50000000000000711, 1.444154338093590839, 24.91485500660197516 ) ) ;
#4849 = DIRECTION ( 'NONE',  ( -0.000000000000000000, 1.000000000000000000, -0.000000000000000000 ) ) ;
#4850 = ORIENTED_EDGE ( 'NONE', *, *, #4623, .F. ) ;
#4851 = CARTESIAN_POINT ( 'NONE',  ( -18.82248688315243257, 1.440940235700772565, -38.17583560147565436 ) ) ;
#4852 = AXIS2_PLACEMENT_3D ( 'NONE', #3279, #4457, #644 ) ;
#4853 = CARTESIAN_POINT ( 'NONE',  ( 41.49999999999999289, -15.99999999999994138, 0.000000000000000000 ) ) ;
#4854 = VECTOR ( 'NONE', #1691, 1000.000000000000000 ) ;
#4855 = ORIENTED_EDGE ( 'NONE', *, *, #2599, .T. ) ;
#4856 = DIRECTION ( 'NONE',  ( -0.000000000000000000, -1.000000000000000000, -0.000000000000000000 ) ) ;
#4857 = AXIS2_PLACEMENT_3D ( 'NONE', #2089, #2487, #878 ) ;
#4858 = DIRECTION ( 'NONE',  ( -0.000000000000000000, -1.000000000000000000, -0.000000000000000000 ) ) ;
#4859 = CARTESIAN_POINT ( 'NONE',  ( 0.000000000000000000, -3.000000000000000000, 0.000000000000000000 ) ) ;
#4860 = CYLINDRICAL_SURFACE ( 'NONE', #3026, 1.600000000000000755 ) ;
#4861 = EDGE_CURVE ( 'NONE', #4284, #141, #3141, .T. ) ;
#4862 = ORIENTED_EDGE ( 'NONE', *, *, #2415, .F. ) ;
#4863 = ORIENTED_EDGE ( 'NONE', *, *, #1930, .T. ) ;
#4864 = CYLINDRICAL_SURFACE ( 'NONE', #2173, 39.20000000000000284 ) ;
#4865 = DIRECTION ( 'NONE',  ( -0.8660254037844397068, 0.000000000000000000, 0.4999999999999979461 ) ) ;
#4866 = CARTESIAN_POINT ( 'NONE',  ( -25.99999999999999645, -15.99999999999995204, 23.99999999999999645 ) ) ;
#4867 = EDGE_CURVE ( 'NONE', #2211, #67, #4064, .T. ) ;
#4868 = ADVANCED_FACE ( 'NONE', ( #1849 ), #2886, .F. ) ;
#4869 = EDGE_LOOP ( 'NONE', ( #4133, #1026, #3287, #3784 ) ) ;
#4870 = CARTESIAN_POINT ( 'NONE',  ( 41.29694029410230627, 2.576949823386958993, -3.231394985438231782 ) ) ;
#4871 = ORIENTED_EDGE ( 'NONE', *, *, #2299, .F. ) ;
#4872 = CARTESIAN_POINT ( 'NONE',  ( 20.75000000000018474, -3.000000000000000000, -39.28868581835394025 ) ) ;
#4873 = AXIS2_PLACEMENT_3D ( 'NONE', #4276, #4253, #4355 ) ;
#4874 = VECTOR ( 'NONE', #4239, 1000.000000000000000 ) ;
#4875 = EDGE_CURVE ( 'NONE', #4486, #357, #2832, .T. ) ;
#4876 = FACE_BOUND ( 'NONE', #1622, .T. ) ;
#4877 = CARTESIAN_POINT ( 'NONE',  ( -33.50000000000000000, -0.8695052346245303321, 29.85000000000000142 ) ) ;
#4878 = AXIS2_PLACEMENT_3D ( 'NONE', #4812, #2160, #2577 ) ;
#4879 = EDGE_LOOP ( 'NONE', ( #4337, #603, #596, #520 ) ) ;
#4880 = DIRECTION ( 'NONE',  ( 1.982541115402065307E-15, 0.000000000000000000, 1.000000000000000000 ) ) ;
#4881 = AXIS2_PLACEMENT_3D ( 'NONE', #687, #4077, #2990 ) ;
#4882 = CIRCLE ( 'NONE', #1108, 1.549999999999995826 ) ;
#4883 = PLANE ( 'NONE',  #4356 ) ;
#4884 = CIRCLE ( 'NONE', #2479, 3.499999999999999556 ) ;
#4885 = EDGE_LOOP ( 'NONE', ( #2680, #59, #2426, #3054 ) ) ;
#4886 = DIRECTION ( 'NONE',  ( -0.000000000000000000, -1.000000000000000000, -0.000000000000000000 ) ) ;
#4887 = DIRECTION ( 'NONE',  ( 0.000000000000000000, 0.000000000000000000, -1.000000000000000000 ) ) ;
#4888 = FACE_OUTER_BOUND ( 'NONE', #1889, .T. ) ;
#4889 = AXIS2_PLACEMENT_3D ( 'NONE', #650, #575, #3716 ) ;
#4890 = EDGE_LOOP ( 'NONE', ( #3905, #1264, #1829, #2170 ) ) ;
#4891 = ORIENTED_EDGE ( 'NONE', *, *, #2621, .F. ) ;
#4892 = VECTOR ( 'NONE', #2427, 1000.000000000000000 ) ;
#4893 = CARTESIAN_POINT ( 'NONE',  ( 17.85000000000016840, -3.000000000000000000, -34.26573847640420212 ) ) ;
#4894 = ORIENTED_EDGE ( 'NONE', *, *, #3718, .T. ) ;
#4895 = LINE ( 'NONE', #1447, #3311 ) ;
#4896 = CARTESIAN_POINT ( 'NONE',  ( -34.49999999999999289, -16.00610012852901676, 28.85000000000000142 ) ) ;
#4897 = B_SPLINE_CURVE_WITH_KNOTS ( 'NONE', 3,
 ( #2939, #2150, #284, #2569 ),
 .UNSPECIFIED., .F., .F.,
 ( 4, 4 ),
 ( 2.990874552743963691E-07, 0.004363180427458081441 ),
 .UNSPECIFIED. ) ;
#4898 = ORIENTED_EDGE ( 'NONE', *, *, #294, .T. ) ;
#4899 = ADVANCED_FACE ( 'NONE', ( #3742, #2235 ), #3387, .T. ) ;
#4900 = DIRECTION ( 'NONE',  ( 0.000000000000000000, 0.000000000000000000, -1.000000000000000000 ) ) ;
#4901 = ORIENTED_EDGE ( 'NONE', *, *, #3612, .T. ) ;
#4902 = DIRECTION ( 'NONE',  ( 0.000000000000000000, 0.000000000000000000, -1.000000000000000000 ) ) ;
#4903 = EDGE_CURVE ( 'NONE', #913, #4063, #1865, .T. ) ;
#4904 = FACE_OUTER_BOUND ( 'NONE', #4234, .T. ) ;
#4905 = CARTESIAN_POINT ( 'NONE',  ( -25.99999999999999645, -1.734723475976807883E-15, -24.00000000000000355 ) ) ;
#4906 = EDGE_CURVE ( 'NONE', #3325, #4344, #2213, .T. ) ;
#4907 = ORIENTED_EDGE ( 'NONE', *, *, #1713, .F. ) ;
#4908 = LINE ( 'NONE', #3377, #4718 ) ;
#4909 = DIRECTION ( 'NONE',  ( 0.5000000000000014433, 0.000000000000000000, -0.8660254037844378194 ) ) ;
#4910 = DIRECTION ( 'NONE',  ( 0.000000000000000000, 0.000000000000000000, -1.000000000000000000 ) ) ;
#4911 = EDGE_CURVE ( 'NONE', #4351, #435, #2554, .T. ) ;
#4912 = CIRCLE ( 'NONE', #2736, 3.499999999999999556 ) ;
#4913 = ORIENTED_EDGE ( 'NONE', *, *, #3930, .T. ) ;
#4914 = CYLINDRICAL_SURFACE ( 'NONE', #3001, 2.000000000000000000 ) ;
#4915 = DIRECTION ( 'NONE',  ( 0.000000000000000000, 0.000000000000000000, -1.000000000000000000 ) ) ;
#4916 = AXIS2_PLACEMENT_3D ( 'NONE', #900, #4790, #3183 ) ;
#4917 = ORIENTED_EDGE ( 'NONE', *, *, #2568, .T. ) ;
#4918 = ORIENTED_EDGE ( 'NONE', *, *, #4504, .F. ) ;
#4919 = AXIS2_PLACEMENT_3D ( 'NONE', #1056, #4122, #3288 ) ;
#4920 = DIRECTION ( 'NONE',  ( -0.000000000000000000, -1.000000000000000000, -0.000000000000000000 ) ) ;
#4921 = DIRECTION ( 'NONE',  ( 0.8660254037844397068, 0.000000000000000000, -0.4999999999999979461 ) ) ;
#4922 = CARTESIAN_POINT ( 'NONE',  ( 9.400000000000005684, 1.800000000000000044, -10.24999999999999645 ) ) ;
#4923 = ORIENTED_EDGE ( 'NONE', *, *, #3487, .T. ) ;
#4924 = DIRECTION ( 'NONE',  ( 1.000000000000000000, 0.000000000000000000, -0.000000000000000000 ) ) ;
#4925 = ORIENTED_EDGE ( 'NONE', *, *, #2231, .T. ) ;
#4926 = DIRECTION ( 'NONE',  ( 0.8660254037844432595, 0.000000000000000000, -0.4999999999999919509 ) ) ;
#4927 = FACE_BOUND ( 'NONE', #219, .T. ) ;
#4928 = ADVANCED_FACE ( 'NONE', ( #2977 ), #3314, .T. ) ;
#4929 = ORIENTED_EDGE ( 'NONE', *, *, #4770, .F. ) ;
#4930 = DIRECTION ( 'NONE',  ( 0.000000000000000000, 0.000000000000000000, -1.000000000000000000 ) ) ;
#4931 = DIRECTION ( 'NONE',  ( 0.000000000000000000, 1.000000000000000000, 0.000000000000000000 ) ) ;
#4932 = FACE_OUTER_BOUND ( 'NONE', #4126, .T. ) ;
#4933 = EDGE_CURVE ( 'NONE', #718, #4524, #652, .T. ) ;
#4934 = CIRCLE ( 'NONE', #4214, 1.100000000000000311 ) ;
#4935 = EDGE_LOOP ( 'NONE', ( #775, #3731, #1109, #2256, #438, #748 ) ) ;
#4936 = LINE ( 'NONE', #3014, #1882 ) ;
#4937 = DIRECTION ( 'NONE',  ( -0.000000000000000000, -1.000000000000000000, -0.000000000000000000 ) ) ;
#4938 = VECTOR ( 'NONE', #4255, 1000.000000000000114 ) ;
#4939 = DIRECTION ( 'NONE',  ( 0.000000000000000000, 0.000000000000000000, -1.000000000000000000 ) ) ;
#4940 = EDGE_CURVE ( 'NONE', #4418, #4543, #4829, .T. ) ;
#4941 = ORIENTED_EDGE ( 'NONE', *, *, #4469, .T. ) ;
#4942 = AXIS2_PLACEMENT_3D ( 'NONE', #58, #1590, #487 ) ;
#4943 = VERTEX_POINT ( 'NONE', #679 ) ;
#4944 = DIRECTION ( 'NONE',  ( -0.8660254037844442587, 0.000000000000000000, 0.4999999999999902300 ) ) ;
#4945 = DIRECTION ( 'NONE',  ( 0.000000000000000000, -0.000000000000000000, 1.000000000000000000 ) ) ;
#4946 = CIRCLE ( 'NONE', #3903, 2.000000000000000000 ) ;
#4947 = EDGE_LOOP ( 'NONE', ( #3167, #4105 ) ) ;
#4948 = FACE_BOUND ( 'NONE', #1534, .T. ) ;
#4949 = ORIENTED_EDGE ( 'NONE', *, *, #2202, .F. ) ;
#4950 = CARTESIAN_POINT ( 'NONE',  ( -25.99999999999999645, 0.000000000000000000, 23.99999999999999645 ) ) ;
#4951 = DIRECTION ( 'NONE',  ( -0.000000000000000000, -1.000000000000000000, -0.000000000000000000 ) ) ;
#4952 = CARTESIAN_POINT ( 'NONE',  ( -45.00000000000000000, 3.000000000000000000, 0.000000000000000000 ) ) ;
#4953 = AXIS2_PLACEMENT_3D ( 'NONE', #610, #1693, #3652 ) ;
#4954 = ORIENTED_EDGE ( 'NONE', *, *, #114, .T. ) ;
#4955 = CARTESIAN_POINT ( 'NONE',  ( 26.00000000000000355, -1.734723475976807883E-15, 20.50000000000000711 ) ) ;
#4956 = DIRECTION ( 'NONE',  ( 0.000000000000000000, 0.000000000000000000, -1.000000000000000000 ) ) ;
#4957 = CARTESIAN_POINT ( 'NONE',  ( 8.300000000000006040, 1.800000000000000044, 9.150000000000003908 ) ) ;
#4958 = AXIS2_PLACEMENT_3D ( 'NONE', #2219, #307, #2964 ) ;
#4959 = AXIS2_PLACEMENT_3D ( 'NONE', #3888, #1318, #823 ) ;
#4960 = EDGE_CURVE ( 'NONE', #454, #2388, #4895, .T. ) ;
#4961 = DIRECTION ( 'NONE',  ( 0.000000000000000000, 0.000000000000000000, 1.000000000000000000 ) ) ;
#4962 = CARTESIAN_POINT ( 'NONE',  ( 22.09233937586579088, -5.999999999999941380, -35.16505425705424415 ) ) ;
#4963 = CARTESIAN_POINT ( 'NONE',  ( -38.59999999999999432, -3.000000000000000000, -1.674315780649911600 ) ) ;
#4964 = VECTOR ( 'NONE', #1281, 1000.000000000000000 ) ;
#4965 = EDGE_LOOP ( 'NONE', ( #2347, #3682 ) ) ;
#4966 = ADVANCED_FACE ( 'NONE', ( #4520 ), #4419, .F. ) ;
#4967 = ORIENTED_EDGE ( 'NONE', *, *, #4677, .T. ) ;
#4968 = CARTESIAN_POINT ( 'NONE',  ( 26.00000000000000355, -15.99999999999995204, 24.00000000000000711 ) ) ;
#4969 = DIRECTION ( 'NONE',  ( 0.000000000000000000, 0.000000000000000000, 1.000000000000000000 ) ) ;
#4970 = CARTESIAN_POINT ( 'NONE',  ( 8.462269199216015281, -5.854691731421723944E-15, -7.200000000000000178 ) ) ;
#4971 = AXIS2_PLACEMENT_3D ( 'NONE', #4422, #255, #22 ) ;
#4972 = DIRECTION ( 'NONE',  ( 0.000000000000000000, 0.000000000000000000, -1.000000000000000000 ) ) ;
#4973 = CIRCLE ( 'NONE', #642, 41.00000000000000711 ) ;
#4974 = VERTEX_POINT ( 'NONE', #975 ) ;
#4975 = EDGE_CURVE ( 'NONE', #806, #4260, #3790, .T. ) ;
#4976 = CARTESIAN_POINT ( 'NONE',  ( 26.00000000000001066, 0.000000000000000000, -22.39999999999999503 ) ) ;
#4977 = ORIENTED_EDGE ( 'NONE', *, *, #1741, .F. ) ;
#4978 = DIRECTION ( 'NONE',  ( -0.8660254037844389297, 0.000000000000000000, -0.4999999999999995004 ) ) ;
#4979 = FACE_OUTER_BOUND ( 'NONE', #4733, .T. ) ;
#4980 = DIRECTION ( 'NONE',  ( 0.000000000000000000, -1.000000000000000000, 0.000000000000000000 ) ) ;
ENDSEC;
END-ISO-10303-21;
