ISO-10303-21;
HEADER;
FILE_DESCRIPTION (( 'STEP AP214' ),
    '1' );
FILE_NAME ('SO102.02.020 Base ring.STEP',
    '2026-09-18T14:21:33',
    ( '' ),
    ( '' ),
    'SwSTEP 2.0',
    'SolidWorks 2021',
    '' );
FILE_SCHEMA (( 'AUTOMOTIVE_DESIGN' ));
ENDSEC;

DATA;
#1 = ORIENTED_EDGE ( 'NONE', *, *, #3312, .T. ) ;
#2 = EDGE_CURVE ( 'NONE', #1845, #417, #1442, .T. ) ;
#3 = EDGE_CURVE ( 'NONE', #370, #2481, #2890, .T. ) ;
#4 = AXIS2_PLACEMENT_3D ( 'NONE', #2031, #708, #3111 ) ;
#5 = DIRECTION ( 'NONE',  ( -0.8660254037844433705, 0.000000000000000000, -0.4999999999999918399 ) ) ;
#6 = DIRECTION ( 'NONE',  ( 0.000000000000000000, 0.000000000000000000, 1.000000000000000000 ) ) ;
#7 = VECTOR ( 'NONE', #2916, 999.9999999999998863 ) ;
#8 = EDGE_CURVE ( 'NONE', #930, #45, #2780, .T. ) ;
#9 = CIRCLE ( 'NONE', #2353, 22.00000000000000000 ) ;
#10 = CARTESIAN_POINT ( 'NONE',  ( -1.409462824231155764E-15, 6.499999999999995559, 5.350000000000004086 ) ) ;
#11 = FACE_OUTER_BOUND ( 'NONE', #3049, .T. ) ;
#12 = ORIENTED_EDGE ( 'NONE', *, *, #3035, .F. ) ;
#13 = CIRCLE ( 'NONE', #463, 1.649999999999995248 ) ;
#14 = ORIENTED_EDGE ( 'NONE', *, *, #148, .T. ) ;
#15 = FACE_OUTER_BOUND ( 'NONE', #2487, .T. ) ;
#16 = CARTESIAN_POINT ( 'NONE',  ( -1.674315780649819230, 6.999999999999996447, -28.90000000000000213 ) ) ;
#17 = VECTOR ( 'NONE', #1675, 1000.000000000000000 ) ;
#18 = EDGE_LOOP ( 'NONE', ( #512, #2246 ) ) ;
#19 = VERTEX_POINT ( 'NONE', #1208 ) ;
#20 = CARTESIAN_POINT ( 'NONE',  ( 24.19097627904518077, 6.999999999999996447, -15.90000000000019931 ) ) ;
#21 = EDGE_LOOP ( 'NONE', ( #3239, #1494 ) ) ;
#22 = ORIENTED_EDGE ( 'NONE', *, *, #1614, .T. ) ;
#23 = LINE ( 'NONE', #3006, #1890 ) ;
#24 = CARTESIAN_POINT ( 'NONE',  ( -1.674315780650015517, 9.999999999999996447, 28.90000000000000213 ) ) ;
#25 = EDGE_CURVE ( 'NONE', #2283, #59, #1406, .T. ) ;
#26 = CARTESIAN_POINT ( 'NONE',  ( -1.674315780649818342, 9.999999999999996447, -23.09999999999999432 ) ) ;
#27 = EDGE_CURVE ( 'NONE', #2769, #3126, #3389, .T. ) ;
#28 = EDGE_CURVE ( 'NONE', #729, #3496, #3170, .T. ) ;
#29 = ORIENTED_EDGE ( 'NONE', *, *, #1861, .F. ) ;
#30 = ORIENTED_EDGE ( 'NONE', *, *, #195, .T. ) ;
#31 = CARTESIAN_POINT ( 'NONE',  ( 3.348631561299735271, 6.999999999999996447, 26.00000000000000000 ) ) ;
#32 = DIRECTION ( 'NONE',  ( 0.4999999999999998335, 0.000000000000000000, -0.8660254037844387076 ) ) ;
#33 = EDGE_LOOP ( 'NONE', ( #1175, #248, #2363, #1578 ) ) ;
#34 = DIRECTION ( 'NONE',  ( 0.000000000000000000, -1.000000000000000000, 0.000000000000000000 ) ) ;
#35 = ORIENTED_EDGE ( 'NONE', *, *, #1570, .T. ) ;
#36 = ORIENTED_EDGE ( 'NONE', *, *, #3424, .T. ) ;
#37 = CYLINDRICAL_SURFACE ( 'NONE', #1598, 22.00000000000000000 ) ;
#38 = DIRECTION ( 'NONE',  ( 0.000000000000000000, -1.000000000000000000, 0.000000000000000000 ) ) ;
#39 = AXIS2_PLACEMENT_3D ( 'NONE', #656, #2308, #926 ) ;
#40 = DIRECTION ( 'NONE',  ( 0.000000000000000000, -0.7071067811865479058, -0.7071067811865472397 ) ) ;
#41 = AXIS2_PLACEMENT_3D ( 'NONE', #1962, #935, #637 ) ;
#42 = EDGE_CURVE ( 'NONE', #3325, #2064, #1157, .T. ) ;
#43 = DIRECTION ( 'NONE',  ( 0.000000000000000000, 0.000000000000000000, -1.000000000000000000 ) ) ;
#45 = VERTEX_POINT ( 'NONE', #622 ) ;
#44 = VECTOR ( 'NONE', #257, 1000.000000000000000 ) ;
#46 = ORIENTED_EDGE ( 'NONE', *, *, #3492, .F. ) ;
#47 = EDGE_CURVE ( 'NONE', #2464, #2283, #2788, .T. ) ;
#48 = EDGE_CURVE ( 'NONE', #64, #297, #643, .T. ) ;
#49 = DIRECTION ( 'NONE',  ( -0.5000000000000001110, 0.000000000000000000, -0.8660254037844385966 ) ) ;
#50 = AXIS2_PLACEMENT_3D ( 'NONE', #682, #2579, #2667 ) ;
#51 = CARTESIAN_POINT ( 'NONE',  ( -17.43754837445221639, 2.999999999999997335, -13.41386993707031827 ) ) ;
#52 = ORIENTED_EDGE ( 'NONE', *, *, #1709, .F. ) ;
#53 = FACE_BOUND ( 'NONE', #1937, .T. ) ;
#54 = CYLINDRICAL_SURFACE ( 'NONE', #3228, 1.649999999999995248 ) ;
#55 = ORIENTED_EDGE ( 'NONE', *, *, #2646, .F. ) ;
#56 = CYLINDRICAL_SURFACE ( 'NONE', #918, 8.500000000000000000 ) ;
#57 = VECTOR ( 'NONE', #2366, 1000.000000000000000 ) ;
#58 = FACE_OUTER_BOUND ( 'NONE', #475, .T. ) ;
#59 = VERTEX_POINT ( 'NONE', #1456 ) ;
#60 = CONICAL_SURFACE ( 'NONE', #1480, 3.149999999999995470, 0.7853981633974479459 ) ;
#61 = DIRECTION ( 'NONE',  ( -0.5000000000000021094, 0.000000000000000000, -0.8660254037844373753 ) ) ;
#62 = CARTESIAN_POINT ( 'NONE',  ( -24.19097627904531222, 6.999999999999996447, -15.90000000000003233 ) ) ;
#63 = CIRCLE ( 'NONE', #3414, 8.500000000000000000 ) ;
#64 = VERTEX_POINT ( 'NONE', #876 ) ;
#65 = VECTOR ( 'NONE', #2718, 1000.000000000000000 ) ;
#66 = DIRECTION ( 'NONE',  ( -0.000000000000000000, -1.000000000000000000, -0.000000000000000000 ) ) ;
#67 = DIRECTION ( 'NONE',  ( 0.000000000000000000, 0.000000000000000000, -1.000000000000000000 ) ) ;
#68 = VECTOR ( 'NONE', #454, 1000.000000000000114 ) ;
#69 = ADVANCED_FACE ( 'NONE', ( #2033 ), #54, .F. ) ;
#70 = ORIENTED_EDGE ( 'NONE', *, *, #936, .T. ) ;
#71 = AXIS2_PLACEMENT_3D ( 'NONE', #3411, #3433, #2907 ) ;
#72 = FACE_OUTER_BOUND ( 'NONE', #2047, .T. ) ;
#73 = FACE_BOUND ( 'NONE', #2816, .T. ) ;
#74 = EDGE_CURVE ( 'NONE', #2945, #3116, #3345, .T. ) ;
#75 = VECTOR ( 'NONE', #85, 1000.000000000000000 ) ;
#76 = ORIENTED_EDGE ( 'NONE', *, *, #2799, .T. ) ;
#77 = CARTESIAN_POINT ( 'NONE',  ( 2.138784067832367519, 9.999999999999996447, 20.70448267190432645 ) ) ;
#78 = LINE ( 'NONE', #1381, #1764 ) ;
#79 = ORIENTED_EDGE ( 'NONE', *, *, #1923, .F. ) ;
#80 = CARTESIAN_POINT ( 'NONE',  ( 6.999999999999999112, 4.999999999999993783, 0.000000000000000000 ) ) ;
#81 = APPLICATION_PROTOCOL_DEFINITION ( 'draft international standard', 'automotive_design', 1998, #1794 ) ;
#82 = LINE ( 'NONE', #649, #2162 ) ;
#83 = ORIENTED_EDGE ( 'NONE', *, *, #1817, .T. ) ;
#84 = ORIENTED_EDGE ( 'NONE', *, *, #2514, .F. ) ;
#85 = DIRECTION ( 'NONE',  ( -0.000000000000000000, -1.000000000000000000, -0.000000000000000000 ) ) ;
#86 = CARTESIAN_POINT ( 'NONE',  ( -6.999999999999999112, -15.00000000000000711, -3.149999999999997247 ) ) ;
#87 = VERTEX_POINT ( 'NONE', #1140 ) ;
#88 = CARTESIAN_POINT ( 'NONE',  ( 21.13101985234036917, -15.00000000000000711, 12.19999999999989093 ) ) ;
#89 = DIRECTION ( 'NONE',  ( 0.000000000000000000, -1.000000000000000000, 0.000000000000000000 ) ) ;
#90 = ORIENTED_EDGE ( 'NONE', *, *, #477, .F. ) ;
#91 = PLANE ( 'NONE',  #346 ) ;
#92 = EDGE_CURVE ( 'NONE', #1829, #2429, #1980, .T. ) ;
#93 = CARTESIAN_POINT ( 'NONE',  ( -1.409462824231155764E-15, -15.00000000000000711, 5.350000000000004974 ) ) ;
#94 = CARTESIAN_POINT ( 'NONE',  ( -1.409462824231155764E-15, 4.999999999999993783, 6.999999999999999112 ) ) ;
#95 = LINE ( 'NONE', #1705, #275 ) ;
#96 = ORIENTED_EDGE ( 'NONE', *, *, #1971, .F. ) ;
#97 = DIRECTION ( 'NONE',  ( -0.000000000000000000, -1.000000000000000000, -0.000000000000000000 ) ) ;
#98 = DIRECTION ( 'NONE',  ( 0.000000000000000000, 0.000000000000000000, -1.000000000000000000 ) ) ;
#99 = AXIS2_PLACEMENT_3D ( 'NONE', #1936, #3075, #2207 ) ;
#100 = ORIENTED_EDGE ( 'NONE', *, *, #27, .F. ) ;
#101 = CARTESIAN_POINT ( 'NONE',  ( 0.000000000000000000, 6.999999999999996447, 0.000000000000000000 ) ) ;
#102 = CARTESIAN_POINT ( 'NONE',  ( 0.000000000000000000, 0.000000000000000000, 0.000000000000000000 ) ) ;
#103 = VERTEX_POINT ( 'NONE', #602 ) ;
#104 = DIRECTION ( 'NONE',  ( -0.000000000000000000, -1.000000000000000000, -0.000000000000000000 ) ) ;
#105 = DIRECTION ( 'NONE',  ( 0.000000000000000000, 1.000000000000000000, 0.000000000000000000 ) ) ;
#106 = ADVANCED_FACE ( 'NONE', ( #3068 ), #3311, .T. ) ;
#107 = EDGE_CURVE ( 'NONE', #930, #19, #2606, .T. ) ;
#108 = VERTEX_POINT ( 'NONE', #337 ) ;
#109 = CARTESIAN_POINT ( 'NONE',  ( 24.19097627904536552, 6.999999999999996447, 10.09999999999985576 ) ) ;
#110 = DIRECTION ( 'NONE',  ( 0.4999999999999919509, 0.000000000000000000, -0.8660254037844432595 ) ) ;
#111 = ORIENTED_EDGE ( 'NONE', *, *, #3041, .F. ) ;
#112 = EDGE_CURVE ( 'NONE', #2129, #2093, #3061, .T. ) ;
#113 = CARTESIAN_POINT ( 'NONE',  ( 19.00000000000000000, 9.999999999999996447, -8.500000000000000000 ) ) ;
#114 = DIRECTION ( 'NONE',  ( 0.000000000000000000, 1.000000000000000000, 0.000000000000000000 ) ) ;
#115 = AXIS2_PLACEMENT_3D ( 'NONE', #2095, #2351, #985 ) ;
#116 = ORIENTED_EDGE ( 'NONE', *, *, #1927, .T. ) ;
#117 = DIRECTION ( 'NONE',  ( 0.5000000000000039968, 0.000000000000000000, 0.8660254037844363761 ) ) ;
#118 = DIRECTION ( 'NONE',  ( 0.000000000000000000, 1.000000000000000000, 0.000000000000000000 ) ) ;
#119 = CARTESIAN_POINT ( 'NONE',  ( -1.023699082499740087E-15, 4.999999999999993783, 10.14999999999999325 ) ) ;
#120 = AXIS2_PLACEMENT_3D ( 'NONE', #3136, #2644, #2075 ) ;
#121 = ORIENTED_EDGE ( 'NONE', *, *, #2882, .T. ) ;
#122 = CIRCLE ( 'NONE', #71, 1.649999999999995248 ) ;
#123 = CARTESIAN_POINT ( 'NONE',  ( 6.999999999999999112, 6.499999999999995559, -1.649999999999995248 ) ) ;
#124 = DIRECTION ( 'NONE',  ( -0.000000000000000000, -1.000000000000000000, -0.000000000000000000 ) ) ;
#125 = VECTOR ( 'NONE', #851, 1000.000000000000000 ) ;
#126 = DIRECTION ( 'NONE',  ( -1.000000000000000000, 0.000000000000000000, 4.829470157119430162E-15 ) ) ;
#127 = ADVANCED_FACE ( 'NONE', ( #367, #2571, #941, #673, #1759, #1425, #73, #2604, #2659, #1278, #2377, #3131, #1011, #2872, #693, #2589, #2073, #1782 ), #137, .F. ) ;
#128 = CARTESIAN_POINT ( 'NONE',  ( -22.51666049839538530, -15.00000000000000711, -13.00000000000003375 ) ) ;
#129 = ORIENTED_EDGE ( 'NONE', *, *, #3115, .T. ) ;
#130 = CARTESIAN_POINT ( 'NONE',  ( 1.674315780649819230, 6.999999999999996447, 28.90000000000000213 ) ) ;
#131 = EDGE_CURVE ( 'NONE', #3304, #2064, #2109, .T. ) ;
#132 = EDGE_CURVE ( 'NONE', #977, #3371, #420, .T. ) ;
#133 = CARTESIAN_POINT ( 'NONE',  ( 16.86121593216761383, -15.00000000000001243, -12.20448267190448810 ) ) ;
#134 = VERTEX_POINT ( 'NONE', #154 ) ;
#135 = CARTESIAN_POINT ( 'NONE',  ( 25.86529205969530665, 6.999999999999996447, 12.99999999999984368 ) ) ;
#136 = CYLINDRICAL_SURFACE ( 'NONE', #2634, 8.500000000000000000 ) ;
#137 = PLANE ( 'NONE',  #554 ) ;
#138 = EDGE_LOOP ( 'NONE', ( #1880, #2854, #3103, #220 ) ) ;
#139 = LINE ( 'NONE', #2326, #3085 ) ;
#140 = CARTESIAN_POINT ( 'NONE',  ( -1.409462824231155764E-15, 4.999999999999993783, 6.999999999999999112 ) ) ;
#141 = VERTEX_POINT ( 'NONE', #3153 ) ;
#142 = DIRECTION ( 'NONE',  ( 0.000000000000000000, 1.000000000000000000, 0.000000000000000000 ) ) ;
#143 = DIRECTION ( 'NONE',  ( 0.8660254037844364872, 0.000000000000000000, -0.5000000000000039968 ) ) ;
#144 = ORIENTED_EDGE ( 'NONE', *, *, #2435, .F. ) ;
#145 = DIRECTION ( 'NONE',  ( -0.000000000000000000, -1.000000000000000000, -0.000000000000000000 ) ) ;
#147 = VERTEX_POINT ( 'NONE', #3169 ) ;
#146 = VECTOR ( 'NONE', #1999, 1000.000000000000000 ) ;
#148 = EDGE_CURVE ( 'NONE', #1808, #2430, #2444, .T. ) ;
#149 = EDGE_CURVE ( 'NONE', #1468, #1868, #1223, .T. ) ;
#150 = ORIENTED_EDGE ( 'NONE', *, *, #3376, .F. ) ;
#151 = DIRECTION ( 'NONE',  ( -0.5000000000000001110, 0.000000000000000000, -0.8660254037844385966 ) ) ;
#152 = LINE ( 'NONE', #1258, #1432 ) ;
#153 = AXIS2_PLACEMENT_3D ( 'NONE', #652, #1692, #2517 ) ;
#154 = CARTESIAN_POINT ( 'NONE',  ( -20.84234471774546549, 9.999999999999996447, 15.90000000000001812 ) ) ;
#155 = VECTOR ( 'NONE', #2260, 1000.000000000000000 ) ;
#156 = EDGE_LOOP ( 'NONE', ( #1365, #3145, #3076, #2020 ) ) ;
#157 = DIRECTION ( 'NONE',  ( 0.5000000000000039968, 0.000000000000000000, 0.8660254037844363761 ) ) ;
#158 = CIRCLE ( 'NONE', #50, 8.500000000000000000 ) ;
#159 = CARTESIAN_POINT ( 'NONE',  ( 0.000000000000000000, 7.999999999999996447, 0.000000000000000000 ) ) ;
#160 = EDGE_LOOP ( 'NONE', ( #90, #2171, #1063, #552 ) ) ;
#161 = LINE ( 'NONE', #2665, #2518 ) ;
#162 = DIRECTION ( 'NONE',  ( 0.000000000000000000, 1.000000000000000000, 0.000000000000000000 ) ) ;
#163 = CARTESIAN_POINT ( 'NONE',  ( 19.16802893709546751, 9.999999999999996447, -13.00000000000013856 ) ) ;
#164 = DIRECTION ( 'NONE',  ( 0.000000000000000000, 0.000000000000000000, -1.000000000000000000 ) ) ;
#165 = CONICAL_SURFACE ( 'NONE', #1084, 3.149999999999995470, 0.7853981633974479459 ) ;
#166 = VERTEX_POINT ( 'NONE', #171 ) ;
#167 = ORIENTED_EDGE ( 'NONE', *, *, #1264, .F. ) ;
#168 = VECTOR ( 'NONE', #117, 999.9999999999998863 ) ;
#169 = CYLINDRICAL_SURFACE ( 'NONE', #511, 3.149999999999998135 ) ;
#170 = CARTESIAN_POINT ( 'NONE',  ( 24.19097627904536552, 9.999999999999996447, 10.09999999999985576 ) ) ;
#171 = CARTESIAN_POINT ( 'NONE',  ( -25.86529205969522849, 9.999999999999996447, 13.00000000000003553 ) ) ;
#172 = EDGE_CURVE ( 'NONE', #1938, #2717, #3008, .T. ) ;
#173 = AXIS2_PLACEMENT_3D ( 'NONE', #80, #1165, #2259 ) ;
#174 = ORIENTED_EDGE ( 'NONE', *, *, #2056, .T. ) ;
#175 = LINE ( 'NONE', #2607, #2750 ) ;
#176 = EDGE_CURVE ( 'NONE', #365, #580, #3451, .T. ) ;
#177 = DIRECTION ( 'NONE',  ( -0.8660254037844432595, 0.000000000000000000, -0.4999999999999919509 ) ) ;
#178 = VECTOR ( 'NONE', #1455, 1000.000000000000000 ) ;
#179 = ORIENTED_EDGE ( 'NONE', *, *, #2034, .T. ) ;
#180 = CYLINDRICAL_SURFACE ( 'NONE', #577, 1.599999999999994982 ) ;
#181 = AXIS2_PLACEMENT_3D ( 'NONE', #331, #2782, #1421 ) ;
#182 = CARTESIAN_POINT ( 'NONE',  ( 2.168404344971008868E-16, -15.00000000000000711, -7.000000000000000888 ) ) ;
#183 = CARTESIAN_POINT ( 'NONE',  ( -23.90230114445049026, 6.999999999999995559, 13.80000000000002380 ) ) ;
#184 =( LENGTH_UNIT ( ) NAMED_UNIT ( * ) SI_UNIT ( .MILLI., .METRE. ) );
#185 = ORIENTED_EDGE ( 'NONE', *, *, #2342, .T. ) ;
#186 = EDGE_LOOP ( 'NONE', ( #827, #1392, #3510, #1561 ) ) ;
#187 = PLANE ( 'NONE',  #2228 ) ;
#188 = DIRECTION ( 'NONE',  ( -0.8660254037844328234, 0.000000000000000000, 0.5000000000000101030 ) ) ;
#189 = CARTESIAN_POINT ( 'NONE',  ( -20.84234471774546194, 9.999999999999996447, -10.10000000000003340 ) ) ;
#190 = ORIENTED_EDGE ( 'NONE', *, *, #3080, .T. ) ;
#191 = CARTESIAN_POINT ( 'NONE',  ( 6.999999999999999112, -15.00000000000000711, 0.000000000000000000 ) ) ;
#192 = DIRECTION ( 'NONE',  ( 0.000000000000000000, 1.000000000000000000, 0.000000000000000000 ) ) ;
#193 = ORIENTED_EDGE ( 'NONE', *, *, #979, .F. ) ;
#194 = EDGE_CURVE ( 'NONE', #3371, #393, #1835, .T. ) ;
#195 = EDGE_CURVE ( 'NONE', #650, #1513, #1509, .T. ) ;
#196 = FACE_OUTER_BOUND ( 'NONE', #1016, .T. ) ;
#197 = DIRECTION ( 'NONE',  ( -0.000000000000000000, 1.000000000000000000, -0.000000000000000000 ) ) ;
#198 = ORIENTED_EDGE ( 'NONE', *, *, #836, .T. ) ;
#199 = CARTESIAN_POINT ( 'NONE',  ( 16.86121593216778791, 2.999999999999997335, 12.20448267190425717 ) ) ;
#200 = PRESENTATION_STYLE_ASSIGNMENT (( #415 ) ) ;
#201 = ORIENTED_EDGE ( 'NONE', *, *, #984, .F. ) ;
#202 = VERTEX_POINT ( 'NONE', #2927 ) ;
#203 = CARTESIAN_POINT ( 'NONE',  ( -19.16802893709555278, 6.999999999999996447, -13.00000000000003730 ) ) ;
#204 = DIRECTION ( 'NONE',  ( 0.000000000000000000, 0.000000000000000000, -1.000000000000000000 ) ) ;
#205 = DIRECTION ( 'NONE',  ( -0.000000000000000000, 1.000000000000000000, -0.000000000000000000 ) ) ;
#206 = CLOSED_SHELL ( 'NONE', ( #3040, #2836, #937, #2280, #1132, #1524, #2364, #2992, #3134, #1518, #956, #2407, #1335, #2459, #1595, #69, #1378, #2932, #817, #1590, #2173, #1282, #903, #2455, #1159, #1746, #2347, #814, #2017, #2194, #1684, #835, #1911, #1830, #127, #2778, #2386, #2733, #106, #428, #1768, #3119, #1883, #1045, #2274, #1530, #769, #1136, #589, #1113, #653, #219, #2368, #920, #1242, #2149, #1727, #2904, #3016, #2738, #326, #353, #593, #1967, #2909, #1099, #2946, #1621, #216, #1647, #3419, #1879, #2772, #1479, #1905, #770, #1680, #2275, #3164, #2668, #2492, #3140, #2645, #3074, #1640, #2236, #2252, #3464, #3156, #3443, #2998, #1098, #1990, #481, #2301, #433, #1330, #2434, #2416, #3397, #2519, #3208, #657, #1619, #3160, #2197, #1395 ) ) ;
#207 = EDGE_LOOP ( 'NONE', ( #2700, #3052 ) ) ;
#208 = AXIS2_PLACEMENT_3D ( 'NONE', #727, #1820, #2051 ) ;
#209 = CARTESIAN_POINT ( 'NONE',  ( 23.90230114445057907, 6.999999999999995559, 13.79999999999986038 ) ) ;
#210 = CARTESIAN_POINT ( 'NONE',  ( 6.999999999999999112, -15.00000000000000711, 0.000000000000000000 ) ) ;
#211 = VECTOR ( 'NONE', #1328, 1000.000000000000000 ) ;
#212 = ORIENTED_EDGE ( 'NONE', *, *, #1668, .F. ) ;
#213 = DIRECTION ( 'NONE',  ( -0.000000000000000000, -1.000000000000000000, -0.000000000000000000 ) ) ;
#214 = VECTOR ( 'NONE', #986, 1000.000000000000000 ) ;
#215 = CARTESIAN_POINT ( 'NONE',  ( 0.000000000000000000, 0.000000000000000000, -30.00000000000000000 ) ) ;
#216 = ADVANCED_FACE ( 'NONE', ( #1240 ), #3413, .F. ) ;
#217 = LINE ( 'NONE', #2707, #2922 ) ;
#218 = CARTESIAN_POINT ( 'NONE',  ( 19.16802893709564515, 6.999999999999996447, 12.99999999999990408 ) ) ;
#219 = ADVANCED_FACE ( 'NONE', ( #975 ), #993, .F. ) ;
#220 = ORIENTED_EDGE ( 'NONE', *, *, #2475, .T. ) ;
#221 = CARTESIAN_POINT ( 'NONE',  ( 16.86121593216779146, 9.999999999999996447, 12.20448267190425717 ) ) ;
#222 = AXIS2_PLACEMENT_3D ( 'NONE', #3137, #2058, #1496 ) ;
#223 = DIRECTION ( 'NONE',  ( 0.5000000000000039968, 0.000000000000000000, 0.8660254037844363761 ) ) ;
#224 = LINE ( 'NONE', #16, #269 ) ;
#225 = AXIS2_PLACEMENT_3D ( 'NONE', #3298, #124, #3120 ) ;
#226 = EDGE_LOOP ( 'NONE', ( #1701, #1761, #555, #942 ) ) ;
#227 = ORIENTED_EDGE ( 'NONE', *, *, #2385, .F. ) ;
#228 = CARTESIAN_POINT ( 'NONE',  ( -24.19097627904531222, 9.999999999999996447, -15.90000000000003233 ) ) ;
#229 = AXIS2_PLACEMENT_3D ( 'NONE', #109, #1448, #3334 ) ;
#230 = FACE_OUTER_BOUND ( 'NONE', #335, .T. ) ;
#231 = VERTEX_POINT ( 'NONE', #1547 ) ;
#232 = VECTOR ( 'NONE', #811, 1000.000000000000000 ) ;
#233 = CARTESIAN_POINT ( 'NONE',  ( 25.86529205969530665, 6.999999999999996447, 12.99999999999984368 ) ) ;
#234 = FACE_OUTER_BOUND ( 'NONE', #3212, .T. ) ;
#235 = AXIS2_PLACEMENT_3D ( 'NONE', #3344, #1730, #874 ) ;
#236 = AXIS2_PLACEMENT_3D ( 'NONE', #3083, #3360, #925 ) ;
#237 = EDGE_CURVE ( 'NONE', #1804, #449, #3341, .T. ) ;
#238 = DIRECTION ( 'NONE',  ( 0.000000000000000000, -1.000000000000000000, -0.000000000000000000 ) ) ;
#239 = FACE_OUTER_BOUND ( 'NONE', #2113, .T. ) ;
#240 = AXIS2_PLACEMENT_3D ( 'NONE', #1540, #2635, #1002 ) ;
#241 = ORIENTED_EDGE ( 'NONE', *, *, #2514, .T. ) ;
#242 = EDGE_LOOP ( 'NONE', ( #2006, #3435, #2617, #966 ) ) ;
#243 = EDGE_CURVE ( 'NONE', #3442, #231, #3113, .T. ) ;
#244 = DIRECTION ( 'NONE',  ( -0.8660254037844328234, 0.000000000000000000, 0.5000000000000101030 ) ) ;
#245 = EDGE_CURVE ( 'NONE', #2937, #1875, #2944, .T. ) ;
#246 = CARTESIAN_POINT ( 'NONE',  ( -23.90230114445048315, 0.1999999999999970690, -13.80000000000002913 ) ) ;
#247 = CARTESIAN_POINT ( 'NONE',  ( 3.918869757271531052E-15, 9.999999999999996447, 32.00000000000000711 ) ) ;
#248 = ORIENTED_EDGE ( 'NONE', *, *, #1660, .F. ) ;
#249 = ORIENTED_EDGE ( 'NONE', *, *, #176, .F. ) ;
#250 = PLANE ( 'NONE',  #2121 ) ;
#251 = ORIENTED_EDGE ( 'NONE', *, *, #1118, .T. ) ;
#252 = CARTESIAN_POINT ( 'NONE',  ( -22.51666049839539596, -15.00000000000000711, 13.00000000000001954 ) ) ;
#253 = ORIENTED_EDGE ( 'NONE', *, *, #2601, .F. ) ;
#254 = CARTESIAN_POINT ( 'NONE',  ( -3.348631561299735271, 9.999999999999996447, -26.00000000000000000 ) ) ;
#255 = LINE ( 'NONE', #215, #1752 ) ;
#256 = DIRECTION ( 'NONE',  ( -0.000000000000000000, 1.000000000000000000, -0.000000000000000000 ) ) ;
#257 = DIRECTION ( 'NONE',  ( 0.000000000000000000, 1.000000000000000000, 0.000000000000000000 ) ) ;
#258 = ORIENTED_EDGE ( 'NONE', *, *, #1949, .T. ) ;
#259 = VERTEX_POINT ( 'NONE', #838 ) ;
#260 = DIRECTION ( 'NONE',  ( -0.8660254037844433705, 0.000000000000000000, -0.4999999999999917288 ) ) ;
#261 = DIRECTION ( 'NONE',  ( 0.000000000000000000, 1.000000000000000000, 0.000000000000000000 ) ) ;
#262 = EDGE_CURVE ( 'NONE', #1814, #432, #1893, .T. ) ;
#263 = EDGE_CURVE ( 'NONE', #2648, #2924, #535, .T. ) ;
#264 = ORIENTED_EDGE ( 'NONE', *, *, #2296, .T. ) ;
#265 = CARTESIAN_POINT ( 'NONE',  ( -24.19097627904530157, 6.999999999999996447, 15.90000000000003233 ) ) ;
#266 = VECTOR ( 'NONE', #2822, 1000.000000000000000 ) ;
#267 = VERTEX_POINT ( 'NONE', #3015 ) ;
#268 = EDGE_CURVE ( 'NONE', #1152, #3005, #1352, .T. ) ;
#269 = VECTOR ( 'NONE', #1601, 1000.000000000000114 ) ;
#270 = ORIENTED_EDGE ( 'NONE', *, *, #3035, .T. ) ;
#271 = UNCERTAINTY_MEASURE_WITH_UNIT (LENGTH_MEASURE( 1.000000000000000082E-05 ), #184, 'distance_accuracy_value', 'NONE');
#272 = DIRECTION ( 'NONE',  ( -0.000000000000000000, -1.000000000000000000, -0.000000000000000000 ) ) ;
#273 = CIRCLE ( 'NONE', #1638, 1.649999999999995248 ) ;
#274 = PLANE ( 'NONE',  #2842 ) ;
#275 = VECTOR ( 'NONE', #3045, 1000.000000000000000 ) ;
#276 = DIRECTION ( 'NONE',  ( 0.8660254037844374864, 0.000000000000000000, -0.5000000000000022204 ) ) ;
#277 = DIRECTION ( 'NONE',  ( -0.000000000000000000, -1.000000000000000000, -0.000000000000000000 ) ) ;
#278 = VECTOR ( 'NONE', #1178, 1000.000000000000000 ) ;
#279 = ORIENTED_EDGE ( 'NONE', *, *, #2859, .F. ) ;
#280 = ORIENTED_EDGE ( 'NONE', *, *, #748, .F. ) ;
#281 = LINE ( 'NONE', #801, #581 ) ;
#282 = LINE ( 'NONE', #2714, #491 ) ;
#283 = ORIENTED_EDGE ( 'NONE', *, *, #1158, .T. ) ;
#284 = EDGE_LOOP ( 'NONE', ( #1447, #631 ) ) ;
#285 = CARTESIAN_POINT ( 'NONE',  ( 6.999999999999999112, -15.00000000000000711, -1.649999999999994360 ) ) ;
#286 = EDGE_CURVE ( 'NONE', #2016, #1633, #2784, .T. ) ;
#287 = VERTEX_POINT ( 'NONE', #247 ) ;
#288 = VECTOR ( 'NONE', #3102, 1000.000000000000000 ) ;
#289 = ORIENTED_EDGE ( 'NONE', *, *, #1118, .F. ) ;
#290 = CIRCLE ( 'NONE', #860, 1.599999999999995426 ) ;
#291 = CARTESIAN_POINT ( 'NONE',  ( 3.673940397442059178E-15, 7.999999999999996447, 30.00000000000000000 ) ) ;
#292 = EDGE_CURVE ( 'NONE', #2797, #2201, #2214, .T. ) ;
#293 = DIRECTION ( 'NONE',  ( 0.000000000000000000, 0.000000000000000000, -1.000000000000000000 ) ) ;
#294 = CIRCLE ( 'NONE', #807, 8.500000000000000000 ) ;
#295 = CIRCLE ( 'NONE', #2974, 22.00000000000000000 ) ;
#296 = FACE_OUTER_BOUND ( 'NONE', #3133, .T. ) ;
#297 = VERTEX_POINT ( 'NONE', #3262 ) ;
#298 = CIRCLE ( 'NONE', #2809, 8.500000000000000000 ) ;
#299 = ORIENTED_EDGE ( 'NONE', *, *, #1001, .F. ) ;
#300 = DIRECTION ( 'NONE',  ( 0.000000000000000000, 0.000000000000000000, 1.000000000000000000 ) ) ;
#301 = CARTESIAN_POINT ( 'NONE',  ( -24.19097627904531222, 9.999999999999996447, -15.90000000000003233 ) ) ;
#302 = AXIS2_PLACEMENT_3D ( 'NONE', #1217, #3373, #1469 ) ;
#303 = ORIENTED_EDGE ( 'NONE', *, *, #1906, .F. ) ;
#304 = DIRECTION ( 'NONE',  ( 8.659560562354927928E-17, -0.7071067811865479058, 0.7071067811865471286 ) ) ;
#305 = VERTEX_POINT ( 'NONE', #3032 ) ;
#306 = EDGE_LOOP ( 'NONE', ( #279, #2628, #249, #2596 ) ) ;
#307 = CARTESIAN_POINT ( 'NONE',  ( -1.409462824231155764E-15, -15.00000000000000711, 6.999999999999999112 ) ) ;
#308 = LINE ( 'NONE', #3054, #1932 ) ;
#309 = EDGE_CURVE ( 'NONE', #2464, #3528, #273, .T. ) ;
#310 = EDGE_CURVE ( 'NONE', #3246, #1829, #802, .T. ) ;
#311 = DIRECTION ( 'NONE',  ( 0.000000000000000000, 1.000000000000000000, 0.000000000000000000 ) ) ;
#312 = DIRECTION ( 'NONE',  ( 0.000000000000000000, 0.000000000000000000, 1.000000000000000000 ) ) ;
#313 = CARTESIAN_POINT ( 'NONE',  ( -24.19097627904529446, 6.999999999999996447, -10.10000000000002629 ) ) ;
#314 = ORIENTED_EDGE ( 'NONE', *, *, #1379, .T. ) ;
#315 = ORIENTED_EDGE ( 'NONE', *, *, #1078, .F. ) ;
#316 = CYLINDRICAL_SURFACE ( 'NONE', #1040, 22.00000000000000000 ) ;
#317 = DIRECTION ( 'NONE',  ( 0.000000000000000000, 0.000000000000000000, -1.000000000000000000 ) ) ;
#318 = ORIENTED_EDGE ( 'NONE', *, *, #310, .T. ) ;
#319 = CARTESIAN_POINT ( 'NONE',  ( -32.00000000000000711, 7.999999999999996447, 0.000000000000000000 ) ) ;
#320 = ORIENTED_EDGE ( 'NONE', *, *, #3231, .T. ) ;
#321 = EDGE_LOOP ( 'NONE', ( #3527, #2986, #1401, #1057 ) ) ;
#322 = CARTESIAN_POINT ( 'NONE',  ( -25.86529205969521783, 9.999999999999996447, -13.00000000000002487 ) ) ;
#323 = CARTESIAN_POINT ( 'NONE',  ( 0.000000000000000000, 9.999999999999996447, 0.000000000000000000 ) ) ;
#324 = CARTESIAN_POINT ( 'NONE',  ( 2.168404344971008868E-16, -15.00000000000000711, -7.000000000000000888 ) ) ;
#325 = AXIS2_PLACEMENT_3D ( 'NONE', #2143, #2732, #3242 ) ;
#326 = ADVANCED_FACE ( 'NONE', ( #2676 ), #2200, .F. ) ;
#327 = CARTESIAN_POINT ( 'NONE',  ( -1.005267033311343951E-13, -15.00000000000000711, 24.40000000000000568 ) ) ;
#329 = VERTEX_POINT ( 'NONE', #2433 ) ;
#328 = VECTOR ( 'NONE', #362, 1000.000000000000000 ) ;
#330 = ORIENTED_EDGE ( 'NONE', *, *, #333, .F. ) ;
#331 = CARTESIAN_POINT ( 'NONE',  ( -1.003307598432708088E-13, -15.00000000000000711, 26.00000000000000000 ) ) ;
#332 = AXIS2_PLACEMENT_3D ( 'NONE', #375, #1466, #2595 ) ;
#333 = EDGE_CURVE ( 'NONE', #2600, #2270, #510, .T. ) ;
#334 = CARTESIAN_POINT ( 'NONE',  ( -6.999999999999999112, -15.00000000000000711, 0.000000000000000000 ) ) ;
#335 = EDGE_LOOP ( 'NONE', ( #3062, #2746, #2565, #2198, #2923, #2593, #669, #2963 ) ) ;
#336 = DIRECTION ( 'NONE',  ( 0.000000000000000000, 0.000000000000000000, 1.000000000000000000 ) ) ;
#337 = CARTESIAN_POINT ( 'NONE',  ( 25.86529205969530665, 9.999999999999996447, 12.99999999999984368 ) ) ;
#338 = ORIENTED_EDGE ( 'NONE', *, *, #3463, .T. ) ;
#339 = DIRECTION ( 'NONE',  ( 0.000000000000000000, -1.000000000000000000, -0.000000000000000000 ) ) ;
#340 = DIRECTION ( 'NONE',  ( -0.4999999999999958367, 0.000000000000000000, 0.8660254037844410391 ) ) ;
#341 = ORIENTED_EDGE ( 'NONE', *, *, #1503, .F. ) ;
#342 = VECTOR ( 'NONE', #3151, 1000.000000000000000 ) ;
#343 = CARTESIAN_POINT ( 'NONE',  ( -1.207396102371843006E-15, -15.00000000000000711, 8.649999999999995026 ) ) ;
#344 = APPLICATION_PROTOCOL_DEFINITION ( 'draft international standard', 'automotive_design', 1998, #396 ) ;
#345 = DIRECTION ( 'NONE',  ( 0.000000000000000000, 1.000000000000000000, 0.000000000000000000 ) ) ;
#346 = AXIS2_PLACEMENT_3D ( 'NONE', #2559, #1177, #2271 ) ;
#347 = ORIENTED_EDGE ( 'NONE', *, *, #2804, .F. ) ;
#348 = VECTOR ( 'NONE', #304, 1000.000000000000000 ) ;
#349 = CARTESIAN_POINT ( 'NONE',  ( -24.19097627904532644, 6.999999999999996447, 10.10000000000002984 ) ) ;
#350 = FACE_BOUND ( 'NONE', #1797, .T. ) ;
#351 = AXIS2_PLACEMENT_3D ( 'NONE', #1655, #763, #2943 ) ;
#352 = EDGE_CURVE ( 'NONE', #2429, #1845, #282, .T. ) ;
#353 = ADVANCED_FACE ( 'NONE', ( #822 ), #549, .F. ) ;
#354 = EDGE_LOOP ( 'NONE', ( #1674, #587, #1916, #129 ) ) ;
#355 = AXIS2_PLACEMENT_3D ( 'NONE', #2598, #3147, #949 ) ;
#356 = FACE_OUTER_BOUND ( 'NONE', #485, .T. ) ;
#357 = CARTESIAN_POINT ( 'NONE',  ( -19.00000000000000000, 2.999999999999997335, 0.000000000000000000 ) ) ;
#358 = VERTEX_POINT ( 'NONE', #1049 ) ;
#359 = CARTESIAN_POINT ( 'NONE',  ( -1.409462824231155764E-15, -15.00000000000000711, 6.999999999999999112 ) ) ;
#360 = DIRECTION ( 'NONE',  ( 0.4999999999999998335, 0.000000000000000000, -0.8660254037844387076 ) ) ;
#361 = CARTESIAN_POINT ( 'NONE',  ( -6.999999999999999112, -15.00000000000000711, 0.000000000000000000 ) ) ;
#362 = DIRECTION ( 'NONE',  ( 0.000000000000000000, -1.000000000000000000, 0.000000000000000000 ) ) ;
#363 = LINE ( 'NONE', #3323, #1550 ) ;
#364 = CARTESIAN_POINT ( 'NONE',  ( 1.674315780650012409, 6.999999999999996447, -23.09999999999999432 ) ) ;
#365 = VERTEX_POINT ( 'NONE', #3526 ) ;
#366 = DIRECTION ( 'NONE',  ( -0.000000000000000000, -1.000000000000000000, -0.000000000000000000 ) ) ;
#367 = FACE_BOUND ( 'NONE', #1913, .T. ) ;
#368 = EDGE_CURVE ( 'NONE', #782, #2165, #224, .T. ) ;
#369 = EDGE_CURVE ( 'NONE', #2182, #1787, #2893, .T. ) ;
#370 = VERTEX_POINT ( 'NONE', #1315 ) ;
#371 = DIRECTION ( 'NONE',  ( 0.000000000000000000, 0.000000000000000000, -1.000000000000000000 ) ) ;
#372 = EDGE_CURVE ( 'NONE', #1787, #3126, #566, .T. ) ;
#373 = DIRECTION ( 'NONE',  ( -0.4999999999999919509, 0.000000000000000000, 0.8660254037844432595 ) ) ;
#374 = LINE ( 'NONE', #391, #2629 ) ;
#375 = CARTESIAN_POINT ( 'NONE',  ( 9.500000000000078160, 2.999999999999997335, 16.45448267190429092 ) ) ;
#376 = ORIENTED_EDGE ( 'NONE', *, *, #263, .T. ) ;
#377 = CIRCLE ( 'NONE', #610, 8.500000000000000000 ) ;
#378 = DIRECTION ( 'NONE',  ( 0.000000000000000000, 0.000000000000000000, -1.000000000000000000 ) ) ;
#379 = CARTESIAN_POINT ( 'NONE',  ( 6.999999999999999112, 6.499999999999995559, 1.649999999999995026 ) ) ;
#380 = STYLED_ITEM ( 'NONE', ( #200 ), #647 ) ;
#381 = ORIENTED_EDGE ( 'NONE', *, *, #2601, .T. ) ;
#382 = FACE_OUTER_BOUND ( 'NONE', #1874, .T. ) ;
#383 = CARTESIAN_POINT ( 'NONE',  ( 20.33552631578946901, 2.999999999999997335, -8.394424903460263820 ) ) ;
#384 = DIRECTION ( 'NONE',  ( -0.5000000000000001110, 0.000000000000000000, -0.8660254037844385966 ) ) ;
#385 = VERTEX_POINT ( 'NONE', #1119 ) ;
#386 = EDGE_CURVE ( 'NONE', #573, #2945, #2213, .T. ) ;
#387 = DIRECTION ( 'NONE',  ( 0.8660254037844398178, 0.000000000000000000, 0.4999999999999980016 ) ) ;
#388 = PRODUCT ( 'SO102.02.020 Base ring', 'SO102.02.020 Base ring', '', ( #2511 ) ) ;
#389 = CARTESIAN_POINT ( 'NONE',  ( 24.19097627904536552, 6.999999999999996447, 10.09999999999985576 ) ) ;
#390 = EDGE_CURVE ( 'NONE', #2321, #568, #2163, .T. ) ;
#391 = CARTESIAN_POINT ( 'NONE',  ( 21.13101985234021285, -15.00000000000000711, -12.20000000000016094 ) ) ;
#392 = LINE ( 'NONE', #3159, #1702 ) ;
#393 = VERTEX_POINT ( 'NONE', #3491 ) ;
#394 = AXIS2_PLACEMENT_3D ( 'NONE', #594, #2712, #507 ) ;
#395 = LINE ( 'NONE', #1272, #2474 ) ;
#396 = APPLICATION_CONTEXT ( 'automotive_design' ) ;
#397 = CARTESIAN_POINT ( 'NONE',  ( -20.84234471774549391, 6.999999999999996447, 10.10000000000001208 ) ) ;
#398 = EDGE_LOOP ( 'NONE', ( #3223, #1404, #2873, #289 ) ) ;
#399 = CARTESIAN_POINT ( 'NONE',  ( -20.84234471774546549, 6.999999999999996447, 15.90000000000001812 ) ) ;
#400 = CARTESIAN_POINT ( 'NONE',  ( 9.499999999999847233, 9.999999999999996447, -16.45448267190441882 ) ) ;
#401 = DIRECTION ( 'NONE',  ( 0.000000000000000000, 0.000000000000000000, -1.000000000000000000 ) ) ;
#402 = CIRCLE ( 'NONE', #971, 3.149999999999997247 ) ;
#403 = ORIENTED_EDGE ( 'NONE', *, *, #2663, .F. ) ;
#404 = AXIS2_PLACEMENT_3D ( 'NONE', #488, #1085, #1600 ) ;
#405 = CARTESIAN_POINT ( 'NONE',  ( -24.19097627904531222, 6.999999999999996447, -15.90000000000003233 ) ) ;
#406 = DIRECTION ( 'NONE',  ( 0.000000000000000000, 0.000000000000000000, -1.000000000000000000 ) ) ;
#407 = VECTOR ( 'NONE', #1976, 1000.000000000000114 ) ;
#408 = EDGE_CURVE ( 'NONE', #2533, #1316, #2096, .T. ) ;
#409 = VERTEX_POINT ( 'NONE', #379 ) ;
#410 = DIRECTION ( 'NONE',  ( 0.000000000000000000, -1.000000000000000000, -0.000000000000000000 ) ) ;
#411 = LINE ( 'NONE', #2062, #2614 ) ;
#412 = EDGE_CURVE ( 'NONE', #2182, #2769, #1710, .T. ) ;
#413 = EDGE_CURVE ( 'NONE', #568, #3293, #1676, .T. ) ;
#414 = DIRECTION ( 'NONE',  ( 0.000000000000000000, 1.000000000000000000, 0.000000000000000000 ) ) ;
#415 = SURFACE_STYLE_USAGE ( .BOTH. , #2585 ) ;
#416 = ORIENTED_EDGE ( 'NONE', *, *, #1269, .F. ) ;
#417 = VERTEX_POINT ( 'NONE', #2765 ) ;
#418 = CARTESIAN_POINT ( 'NONE',  ( -22.51666049839539596, -15.00000000000000711, 13.00000000000001954 ) ) ;
#419 = CARTESIAN_POINT ( 'NONE',  ( 1.003307598432708088E-13, 0.1999999999999970690, -26.00000000000000000 ) ) ;
#420 = LINE ( 'NONE', #1800, #717 ) ;
#421 = ORIENTED_EDGE ( 'NONE', *, *, #3292, .T. ) ;
#422 = DIRECTION ( 'NONE',  ( 0.5000000000000081046, 0.000000000000000000, 0.8660254037844339337 ) ) ;
#423 = CARTESIAN_POINT ( 'NONE',  ( 1.674315780650012409, 6.999999999999996447, -23.09999999999999432 ) ) ;
#424 = ORIENTED_EDGE ( 'NONE', *, *, #1383, .F. ) ;
#425 = CARTESIAN_POINT ( 'NONE',  ( 22.51666049839547412, 6.999999999999995559, 12.99999999999987566 ) ) ;
#426 = LINE ( 'NONE', #1515, #3118 ) ;
#427 = VERTEX_POINT ( 'NONE', #921 ) ;
#428 = ADVANCED_FACE ( 'NONE', ( #3064 ), #1171, .F. ) ;
#429 = CARTESIAN_POINT ( 'NONE',  ( 2.168404344971008868E-16, 4.999999999999993783, -10.14999999999999503 ) ) ;
#430 = LINE ( 'NONE', #2901, #1750 ) ;
#431 = ORIENTED_EDGE ( 'NONE', *, *, #2903, .F. ) ;
#432 = VERTEX_POINT ( 'NONE', #2015 ) ;
#433 = ADVANCED_FACE ( 'NONE', ( #2264 ), #3081, .F. ) ;
#434 = CARTESIAN_POINT ( 'NONE',  ( -19.16802893709555278, 9.999999999999996447, -13.00000000000003730 ) ) ;
#435 = LINE ( 'NONE', #3393, #2008 ) ;
#436 = AXIS2_PLACEMENT_3D ( 'NONE', #2567, #2230, #67 ) ;
#437 = DIRECTION ( 'NONE',  ( 0.000000000000000000, -1.000000000000000000, -0.000000000000000000 ) ) ;
#438 = AXIS2_PLACEMENT_3D ( 'NONE', #1989, #2761, #1688 ) ;
#439 = FACE_OUTER_BOUND ( 'NONE', #804, .T. ) ;
#440 = AXIS2_PLACEMENT_3D ( 'NONE', #1361, #1079, #2427 ) ;
#441 = DIRECTION ( 'NONE',  ( -1.000000000000000000, 0.000000000000000000, 9.436895709313830594E-15 ) ) ;
#442 = EDGE_LOOP ( 'NONE', ( #2504, #834, #600, #2436 ) ) ;
#443 = DIRECTION ( 'NONE',  ( 0.000000000000000000, 1.000000000000000000, 0.000000000000000000 ) ) ;
#444 = CARTESIAN_POINT ( 'NONE',  ( -1.674315780649818342, 6.999999999999996447, -23.09999999999999432 ) ) ;
#445 = VERTEX_POINT ( 'NONE', #51 ) ;
#446 = DIRECTION ( 'NONE',  ( 0.4999999999999979461, 0.000000000000000000, -0.8660254037844397068 ) ) ;
#447 = FILL_AREA_STYLE ('',( #1487 ) ) ;
#448 = CONICAL_SURFACE ( 'NONE', #800, 3.149999999999995026, 0.7853981633974477239 ) ;
#449 = VERTEX_POINT ( 'NONE', #889 ) ;
#450 = EDGE_CURVE ( 'NONE', #2069, #3222, #1981, .T. ) ;
#451 = ORIENTED_EDGE ( 'NONE', *, *, #2931, .T. ) ;
#452 = AXIS2_PLACEMENT_3D ( 'NONE', #2141, #2657, #3468 ) ;
#453 = LINE ( 'NONE', #2851, #342 ) ;
#454 = DIRECTION ( 'NONE',  ( 0.5000000000000021094, 0.000000000000000000, 0.8660254037844373753 ) ) ;
#455 = DIRECTION ( 'NONE',  ( 0.4999999999999979461, 0.000000000000000000, -0.8660254037844397068 ) ) ;
#456 = VECTOR ( 'NONE', #1247, 1000.000000000000000 ) ;
#457 = EDGE_CURVE ( 'NONE', #3011, #551, #721, .T. ) ;
#458 = EDGE_CURVE ( 'NONE', #2187, #2832, #556, .T. ) ;
#459 = ORIENTED_EDGE ( 'NONE', *, *, #268, .T. ) ;
#460 = VECTOR ( 'NONE', #2147, 1000.000000000000000 ) ;
#461 = DIRECTION ( 'NONE',  ( 1.000000000000000000, 0.000000000000000000, -1.182387521225791716E-14 ) ) ;
#462 = FACE_OUTER_BOUND ( 'NONE', #2672, .T. ) ;
#463 = AXIS2_PLACEMENT_3D ( 'NONE', #1910, #2417, #3261 ) ;
#464 = ORIENTED_EDGE ( 'NONE', *, *, #3179, .T. ) ;
#465 = DIRECTION ( 'NONE',  ( 0.000000000000000000, 0.000000000000000000, 1.000000000000000000 ) ) ;
#466 = AXIS2_PLACEMENT_3D ( 'NONE', #775, #1042, #1080 ) ;
#467 = DIRECTION ( 'NONE',  ( -0.000000000000000000, -1.000000000000000000, -0.000000000000000000 ) ) ;
#468 = CARTESIAN_POINT ( 'NONE',  ( -19.16802893709555278, 6.999999999999996447, -13.00000000000003730 ) ) ;
#469 = DIRECTION ( 'NONE',  ( 0.000000000000000000, 1.000000000000000000, 0.000000000000000000 ) ) ;
#470 = EDGE_LOOP ( 'NONE', ( #1351, #121 ) ) ;
#471 = ORIENTED_EDGE ( 'NONE', *, *, #2710, .T. ) ;
#472 = CYLINDRICAL_SURFACE ( 'NONE', #574, 1.599999999999993872 ) ;
#473 = DIRECTION ( 'NONE',  ( 0.000000000000000000, 0.000000000000000000, -1.000000000000000000 ) ) ;
#474 = CARTESIAN_POINT ( 'NONE',  ( -3.348631561299930670, 6.999999999999996447, 26.00000000000000355 ) ) ;
#475 = EDGE_LOOP ( 'NONE', ( #3260, #55, #3447, #632 ) ) ;
#476 = DIRECTION ( 'NONE',  ( 0.000000000000000000, 1.000000000000000000, 0.000000000000000000 ) ) ;
#477 = EDGE_CURVE ( 'NONE', #3121, #2237, #1135, .T. ) ;
#478 = CARTESIAN_POINT ( 'NONE',  ( 16.86121593216779146, -15.00000000000001243, 12.20448267190425717 ) ) ;
#479 = ORIENTED_EDGE ( 'NONE', *, *, #92, .T. ) ;
#480 = CARTESIAN_POINT ( 'NONE',  ( -20.33552631578946901, 1.599999999999996092, 8.394424903460260268 ) ) ;
#481 = ADVANCED_FACE ( 'NONE', ( #584, #350 ), #1422, .T. ) ;
#482 = FACE_OUTER_BOUND ( 'NONE', #442, .T. ) ;
#483 = DIRECTION ( 'NONE',  ( -0.000000000000000000, -1.000000000000000000, -0.000000000000000000 ) ) ;
#484 = CARTESIAN_POINT ( 'NONE',  ( -19.00000000000000000, 9.999999999999996447, -8.500000000000000000 ) ) ;
#485 = EDGE_LOOP ( 'NONE', ( #2934, #338 ) ) ;
#486 = EDGE_LOOP ( 'NONE', ( #29, #1302, #2552, #2078 ) ) ;
#487 = CARTESIAN_POINT ( 'NONE',  ( 2.168404344971008868E-16, 9.999999999999994671, -7.000000000000000888 ) ) ;
#488 = CARTESIAN_POINT ( 'NONE',  ( 22.51666049839547412, -15.00000000000000711, 12.99999999999987566 ) ) ;
#489 = CARTESIAN_POINT ( 'NONE',  ( 20.84234471774558628, 6.999999999999996447, 15.89999999999989377 ) ) ;
#490 = ORIENTED_EDGE ( 'NONE', *, *, #1523, .F. ) ;
#491 = VECTOR ( 'NONE', #1348, 1000.000000000000000 ) ;
#492 = VERTEX_POINT ( 'NONE', #364 ) ;
#493 = CARTESIAN_POINT ( 'NONE',  ( 0.000000000000000000, 2.999999999999995559, 0.000000000000000000 ) ) ;
#494 = DIRECTION ( 'NONE',  ( -0.000000000000000000, -1.000000000000000000, -0.000000000000000000 ) ) ;
#495 = VECTOR ( 'NONE', #1973, 1000.000000000000000 ) ;
#496 = EDGE_CURVE ( 'NONE', #1246, #3467, #1696, .T. ) ;
#497 = EDGE_LOOP ( 'NONE', ( #1978, #1082 ) ) ;
#498 = LINE ( 'NONE', #3478, #1031 ) ;
#499 = CIRCLE ( 'NONE', #332, 8.500000000000000000 ) ;
#500 = FACE_BOUND ( 'NONE', #284, .T. ) ;
#501 = EDGE_CURVE ( 'NONE', #1604, #1868, #2783, .T. ) ;
#502 = EDGE_CURVE ( 'NONE', #3243, #707, #2157, .T. ) ;
#503 = DIRECTION ( 'NONE',  ( 0.4999999999999897304, 0.000000000000000000, -0.8660254037844444808 ) ) ;
#504 = LINE ( 'NONE', #1865, #3456 ) ;
#505 = EDGE_LOOP ( 'NONE', ( #873, #1617 ) ) ;
#506 = VERTEX_POINT ( 'NONE', #1438 ) ;
#507 = DIRECTION ( 'NONE',  ( 0.000000000000000000, 0.000000000000000000, -1.000000000000000000 ) ) ;
#508 = CIRCLE ( 'NONE', #1535, 3.149999999999997247 ) ;
#509 = DIRECTION ( 'NONE',  ( 0.000000000000000000, -1.000000000000000000, 0.000000000000000000 ) ) ;
#510 = LINE ( 'NONE', #301, #1576 ) ;
#511 = AXIS2_PLACEMENT_3D ( 'NONE', #1490, #1276, #1257 ) ;
#512 = ORIENTED_EDGE ( 'NONE', *, *, #176, .T. ) ;
#513 = EDGE_LOOP ( 'NONE', ( #1440, #654, #3217, #116 ) ) ;
#514 = CARTESIAN_POINT ( 'NONE',  ( 0.000000000000000000, 6.999999999999996447, 0.000000000000000000 ) ) ;
#515 = EDGE_LOOP ( 'NONE', ( #1931, #749 ) ) ;
#516 = VECTOR ( 'NONE', #734, 1000.000000000000000 ) ;
#517 = CYLINDRICAL_SURFACE ( 'NONE', #1884, 1.649999999999994360 ) ;
#518 = EDGE_LOOP ( 'NONE', ( #2215, #2884, #997, #490 ) ) ;
#519 = VECTOR ( 'NONE', #422, 1000.000000000000227 ) ;
#520 = CARTESIAN_POINT ( 'NONE',  ( 2.168404344971008868E-16, 6.499999999999995559, -7.000000000000000888 ) ) ;
#521 = DIRECTION ( 'NONE',  ( -0.8660254037844328234, 0.000000000000000000, 0.5000000000000101030 ) ) ;
#522 = CIRCLE ( 'NONE', #236, 3.000000000000000444 ) ;
#523 = AXIS2_PLACEMENT_3D ( 'NONE', #31, #1725, #49 ) ;
#524 = CARTESIAN_POINT ( 'NONE',  ( -22.51666049839538530, 0.1999999999999970690, -13.00000000000003375 ) ) ;
#525 = EDGE_CURVE ( 'NONE', #2250, #2429, #2499, .T. ) ;
#526 = EDGE_CURVE ( 'NONE', #2485, #103, #377, .T. ) ;
#527 = DIRECTION ( 'NONE',  ( -0.000000000000000000, 1.000000000000000000, -0.000000000000000000 ) ) ;
#528 = AXIS2_PLACEMENT_3D ( 'NONE', #1904, #2445, #3235 ) ;
#529 = ORIENTED_EDGE ( 'NONE', *, *, #1220, .T. ) ;
#530 = VERTEX_POINT ( 'NONE', #2831 ) ;
#531 = CARTESIAN_POINT ( 'NONE',  ( 3.348631561299735271, 6.999999999999996447, 26.00000000000000000 ) ) ;
#532 = STYLED_ITEM ( 'NONE', ( #3044 ), #3025 ) ;
#533 = DIRECTION ( 'NONE',  ( 0.8660254037844433705, 0.000000000000000000, 0.4999999999999917288 ) ) ;
#534 = EDGE_CURVE ( 'NONE', #103, #3011, #1068, .T. ) ;
#535 = LINE ( 'NONE', #2982, #1809 ) ;
#536 = ORIENTED_EDGE ( 'NONE', *, *, #2012, .T. ) ;
#537 = ORIENTED_EDGE ( 'NONE', *, *, #2035, .F. ) ;
#538 = FACE_BOUND ( 'NONE', #1234, .T. ) ;
#539 = ORIENTED_EDGE ( 'NONE', *, *, #2951, .T. ) ;
#540 = ORIENTED_EDGE ( 'NONE', *, *, #1235, .F. ) ;
#541 = DIRECTION ( 'NONE',  ( 0.000000000000000000, 0.000000000000000000, -1.000000000000000000 ) ) ;
#542 = DIRECTION ( 'NONE',  ( 6.122553444624025178E-15, 0.000000000000000000, -1.000000000000000000 ) ) ;
#543 = CARTESIAN_POINT ( 'NONE',  ( -23.90230114445048315, -15.00000000000000711, -13.80000000000002913 ) ) ;
#544 = CARTESIAN_POINT ( 'NONE',  ( -1.674315780650012409, 6.999999999999996447, 23.09999999999999432 ) ) ;
#545 = EDGE_LOOP ( 'NONE', ( #1859, #826, #2709, #2059 ) ) ;
#546 = EDGE_CURVE ( 'NONE', #2393, #700, #3009, .T. ) ;
#547 = ORIENTED_EDGE ( 'NONE', *, *, #262, .T. ) ;
#548 = CYLINDRICAL_SURFACE ( 'NONE', #2295, 22.00000000000000000 ) ;
#549 = CYLINDRICAL_SURFACE ( 'NONE', #665, 8.500000000000001776 ) ;
#550 = EDGE_CURVE ( 'NONE', #1168, #2643, #3284, .T. ) ;
#551 = VERTEX_POINT ( 'NONE', #3406 ) ;
#552 = ORIENTED_EDGE ( 'NONE', *, *, #2841, .T. ) ;
#553 = DIRECTION ( 'NONE',  ( 0.000000000000000000, 0.000000000000000000, -1.000000000000000000 ) ) ;
#554 = AXIS2_PLACEMENT_3D ( 'NONE', #2397, #437, #2888 ) ;
#555 = ORIENTED_EDGE ( 'NONE', *, *, #1942, .T. ) ;
#556 = CIRCLE ( 'NONE', #3232, 30.00000000000000000 ) ;
#557 = EDGE_LOOP ( 'NONE', ( #303, #1641, #3238, #1610 ) ) ;
#558 = DIRECTION ( 'NONE',  ( -0.000000000000000000, -1.000000000000000000, -0.000000000000000000 ) ) ;
#559 = VECTOR ( 'NONE', #3301, 1000.000000000000000 ) ;
#560 = DIRECTION ( 'NONE',  ( 0.000000000000000000, 0.000000000000000000, -1.000000000000000000 ) ) ;
#561 = AXIS2_PLACEMENT_3D ( 'NONE', #2771, #2741, #881 ) ;
#562 = FILL_AREA_STYLE ('',( #1112 ) ) ;
#563 = DIRECTION ( 'NONE',  ( 1.000000000000000000, 0.000000000000000000, 0.000000000000000000 ) ) ;
#564 = VERTEX_POINT ( 'NONE', #2066 ) ;
#565 = DIRECTION ( 'NONE',  ( -0.000000000000000000, -1.000000000000000000, -0.000000000000000000 ) ) ;
#566 = LINE ( 'NONE', #2484, #2383 ) ;
#567 = EDGE_CURVE ( 'NONE', #580, #365, #3517, .T. ) ;
#568 = VERTEX_POINT ( 'NONE', #3445 ) ;
#569 = FACE_OUTER_BOUND ( 'NONE', #1975, .T. ) ;
#570 = EDGE_CURVE ( 'NONE', #1150, #1230, #3453, .T. ) ;
#571 = EDGE_CURVE ( 'NONE', #2482, #2279, #687, .T. ) ;
#572 = AXIS2_PLACEMENT_3D ( 'NONE', #1841, #771, #3211 ) ;
#573 = VERTEX_POINT ( 'NONE', #3148 ) ;
#574 = AXIS2_PLACEMENT_3D ( 'NONE', #864, #1064, #3488 ) ;
#575 = CARTESIAN_POINT ( 'NONE',  ( 0.000000000000000000, 2.999999999999996003, 0.000000000000000000 ) ) ;
#576 = CARTESIAN_POINT ( 'NONE',  ( 6.999999999999999112, 4.999999999999993783, 0.000000000000000000 ) ) ;
#577 = AXIS2_PLACEMENT_3D ( 'NONE', #963, #1323, #2061 ) ;
#578 = CIRCLE ( 'NONE', #1773, 1.649999999999995248 ) ;
#579 = DIRECTION ( 'NONE',  ( -0.000000000000000000, -1.000000000000000000, -0.000000000000000000 ) ) ;
#580 = VERTEX_POINT ( 'NONE', #705 ) ;
#581 = VECTOR ( 'NONE', #1852, 1000.000000000000000 ) ;
#582 = ORIENTED_EDGE ( 'NONE', *, *, #2882, .F. ) ;
#583 = CARTESIAN_POINT ( 'NONE',  ( 2.897977941337216201, 1.599999999999996092, -21.80829484053081302 ) ) ;
#584 = FACE_OUTER_BOUND ( 'NONE', #1033, .T. ) ;
#585 = ORIENTED_EDGE ( 'NONE', *, *, #1287, .F. ) ;
#586 = FACE_BOUND ( 'NONE', #207, .T. ) ;
#587 = ORIENTED_EDGE ( 'NONE', *, *, #719, .F. ) ;
#588 = ORIENTED_EDGE ( 'NONE', *, *, #1948, .T. ) ;
#589 = ADVANCED_FACE ( 'NONE', ( #2921, #1218 ), #3125, .T. ) ;
#590 = CARTESIAN_POINT ( 'NONE',  ( -20.84234471774546194, 6.999999999999996447, -10.10000000000003340 ) ) ;
#591 = CARTESIAN_POINT ( 'NONE',  ( 1.674315780649818342, 6.999999999999996447, 23.09999999999999432 ) ) ;
#592 = EDGE_LOOP ( 'NONE', ( #819, #1317 ) ) ;
#593 = ADVANCED_FACE ( 'NONE', ( #2390 ), #1541, .F. ) ;
#594 = CARTESIAN_POINT ( 'NONE',  ( 0.000000000000000000, 0.1999999999999963196, 0.000000000000000000 ) ) ;
#595 =( NAMED_UNIT ( * ) PLANE_ANGLE_UNIT ( ) SI_UNIT ( $, .RADIAN. ) );
#596 = CARTESIAN_POINT ( 'NONE',  ( 2.897977941337517294, 1.599999999999996092, 21.80829484053077394 ) ) ;
#597 = ORIENTED_EDGE ( 'NONE', *, *, #2689, .F. ) ;
#598 = ORIENTED_EDGE ( 'NONE', *, *, #386, .F. ) ;
#599 = DIRECTION ( 'NONE',  ( 0.4999999999999998335, 0.000000000000000000, -0.8660254037844387076 ) ) ;
#600 = ORIENTED_EDGE ( 'NONE', *, *, #1790, .T. ) ;
#601 = FACE_OUTER_BOUND ( 'NONE', #820, .T. ) ;
#602 = CARTESIAN_POINT ( 'NONE',  ( -2.138784067832222746, 2.999999999999997335, 20.70448267190433711 ) ) ;
#603 = ORIENTED_EDGE ( 'NONE', *, *, #477, .T. ) ;
#604 = FACE_OUTER_BOUND ( 'NONE', #620, .T. ) ;
#605 = CARTESIAN_POINT ( 'NONE',  ( 20.84234471774558628, 9.999999999999996447, 15.89999999999989377 ) ) ;
#606 = AXIS2_PLACEMENT_3D ( 'NONE', #102, #3327, #1965 ) ;
#607 = EDGE_CURVE ( 'NONE', #2648, #329, #2502, .T. ) ;
#608 = VERTEX_POINT ( 'NONE', #737 ) ;
#609 = CARTESIAN_POINT ( 'NONE',  ( 6.999999999999999112, 9.999999999999994671, -1.649999999999993472 ) ) ;
#610 = AXIS2_PLACEMENT_3D ( 'NONE', #2536, #1726, #98 ) ;
#611 = LINE ( 'NONE', #2795, #728 ) ;
#612 = EDGE_CURVE ( 'NONE', #393, #1331, #430, .T. ) ;
#613 = EDGE_CURVE ( 'NONE', #2349, #1877, #950, .T. ) ;
#615 = ORIENTED_EDGE ( 'NONE', *, *, #243, .F. ) ;
#614 = VECTOR ( 'NONE', #1003, 1000.000000000000000 ) ;
#616 = ORIENTED_EDGE ( 'NONE', *, *, #1986, .T. ) ;
#617 = DIRECTION ( 'NONE',  ( -0.000000000000000000, 1.000000000000000000, -0.000000000000000000 ) ) ;
#618 = CIRCLE ( 'NONE', #1077, 8.500000000000000000 ) ;
#619 = DIRECTION ( 'NONE',  ( -0.000000000000000000, -1.000000000000000000, -0.000000000000000000 ) ) ;
#620 = EDGE_LOOP ( 'NONE', ( #1075, #3430, #76, #1067, #96, #2378, #2358, #2131 ) ) ;
#621 = FACE_BOUND ( 'NONE', #3229, .T. ) ;
#622 = CARTESIAN_POINT ( 'NONE',  ( -20.33552631578946901, 0.1999999999999970968, 8.394424903460263820 ) ) ;
#623 = EDGE_LOOP ( 'NONE', ( #2023, #1960, #2638, #179 ) ) ;
#624 = CARTESIAN_POINT ( 'NONE',  ( -24.19097627904532644, 6.999999999999996447, 10.10000000000002984 ) ) ;
#625 = VECTOR ( 'NONE', #2608, 1000.000000000000000 ) ;
#626 = DIRECTION ( 'NONE',  ( 0.000000000000000000, 0.000000000000000000, -1.000000000000000000 ) ) ;
#627 = VECTOR ( 'NONE', #151, 1000.000000000000000 ) ;
#628 = DIRECTION ( 'NONE',  ( 0.000000000000000000, 1.000000000000000000, 0.000000000000000000 ) ) ;
#629 = CARTESIAN_POINT ( 'NONE',  ( 25.86529205969530665, 6.999999999999996447, 12.99999999999984368 ) ) ;
#630 = VECTOR ( 'NONE', #792, 1000.000000000000000 ) ;
#631 = ORIENTED_EDGE ( 'NONE', *, *, #112, .T. ) ;
#632 = ORIENTED_EDGE ( 'NONE', *, *, #2211, .T. ) ;
#633 = AXIS2_PLACEMENT_3D ( 'NONE', #1263, #2345, #980 ) ;
#634 = EDGE_CURVE ( 'NONE', #449, #1549, #1126, .T. ) ;
#635 = EDGE_CURVE ( 'NONE', #608, #573, #2356, .T. ) ;
#636 = FACE_OUTER_BOUND ( 'NONE', #869, .T. ) ;
#637 = DIRECTION ( 'NONE',  ( 1.000000000000000000, 0.000000000000000000, -2.442490654175344389E-15 ) ) ;
#638 = CIRCLE ( 'NONE', #1151, 1.599999999999993872 ) ;
#639 = VERTEX_POINT ( 'NONE', #1520 ) ;
#640 = EDGE_CURVE ( 'NONE', #3325, #2315, #2867, .T. ) ;
#641 = AXIS2_PLACEMENT_3D ( 'NONE', #1437, #2535, #3093 ) ;
#642 = FACE_BOUND ( 'NONE', #592, .T. ) ;
#643 = LINE ( 'NONE', #2853, #1863 ) ;
#644 = VERTEX_POINT ( 'NONE', #3163 ) ;
#645 = CYLINDRICAL_SURFACE ( 'NONE', #1251, 3.149999999999997247 ) ;
#646 = DIRECTION ( 'NONE',  ( -0.8660254037844328234, 0.000000000000000000, 0.5000000000000101030 ) ) ;
#647 = MANIFOLD_SOLID_BREP ( 'Вырез-Вытянуть6', #206 ) ;
#648 = DIRECTION ( 'NONE',  ( -0.000000000000000000, -1.000000000000000000, -0.000000000000000000 ) ) ;
#649 = CARTESIAN_POINT ( 'NONE',  ( -20.84234471774549391, 9.999999999999996447, 10.10000000000001208 ) ) ;
#650 = VERTEX_POINT ( 'NONE', #218 ) ;
#651 = DIRECTION ( 'NONE',  ( 0.000000000000000000, -1.000000000000000000, 0.000000000000000000 ) ) ;
#652 = CARTESIAN_POINT ( 'NONE',  ( 0.000000000000000000, 6.999999999999996447, 0.000000000000000000 ) ) ;
#653 = ADVANCED_FACE ( 'NONE', ( #296 ), #2848, .F. ) ;
#654 = ORIENTED_EDGE ( 'NONE', *, *, #2737, .F. ) ;
#655 = DIRECTION ( 'NONE',  ( 0.000000000000000000, -1.000000000000000000, 0.000000000000000000 ) ) ;
#656 = CARTESIAN_POINT ( 'NONE',  ( -1.409462824231155764E-15, 4.999999999999993783, 6.999999999999999112 ) ) ;
#657 = ADVANCED_FACE ( 'NONE', ( #796 ), #1886, .F. ) ;
#658 = EDGE_CURVE ( 'NONE', #1645, #809, #776, .T. ) ;
#659 = VERTEX_POINT ( 'NONE', #1907 ) ;
#660 = DIRECTION ( 'NONE',  ( -2.442490654175344389E-15, 0.000000000000000000, -1.000000000000000000 ) ) ;
#661 = DIRECTION ( 'NONE',  ( 0.8660254037844364872, 0.000000000000000000, -0.5000000000000039968 ) ) ;
#662 = DIRECTION ( 'NONE',  ( 0.000000000000000000, 1.000000000000000000, 0.000000000000000000 ) ) ;
#663 = CARTESIAN_POINT ( 'NONE',  ( 24.19097627904518077, 6.999999999999996447, -15.90000000000019931 ) ) ;
#664 = ORIENTED_EDGE ( 'NONE', *, *, #149, .F. ) ;
#665 = AXIS2_PLACEMENT_3D ( 'NONE', #2962, #1941, #1637 ) ;
#666 = DIRECTION ( 'NONE',  ( 0.4999999999999958367, 0.000000000000000000, -0.8660254037844410391 ) ) ;
#667 = CARTESIAN_POINT ( 'NONE',  ( 0.000000000000000000, 0.1999999999999963196, 0.000000000000000000 ) ) ;
#668 = PRESENTATION_LAYER_ASSIGNMENT (  '', '', ( #380 ) ) ;
#669 = ORIENTED_EDGE ( 'NONE', *, *, #107, .F. ) ;
#670 = AXIS2_PLACEMENT_3D ( 'NONE', #2936, #3007, #2443 ) ;
#671 = DIRECTION ( 'NONE',  ( -0.8660254037844385966, 0.000000000000000000, 0.5000000000000001110 ) ) ;
#672 = DIRECTION ( 'NONE',  ( -0.000000000000000000, -1.000000000000000000, -0.000000000000000000 ) ) ;
#673 = FACE_BOUND ( 'NONE', #1842, .T. ) ;
#674 = EDGE_LOOP ( 'NONE', ( #1227, #3524 ) ) ;
#675 = DIRECTION ( 'NONE',  ( 0.000000000000000000, 0.000000000000000000, 1.000000000000000000 ) ) ;
#676 = EDGE_CURVE ( 'NONE', #1120, #580, #1632, .T. ) ;
#677 = EDGE_CURVE ( 'NONE', #650, #2937, #2179, .T. ) ;
#678 = DIRECTION ( 'NONE',  ( 0.000000000000000000, -1.000000000000000000, 0.000000000000000000 ) ) ;
#679 = ORIENTED_EDGE ( 'NONE', *, *, #858, .T. ) ;
#680 = AXIS2_PLACEMENT_3D ( 'NONE', #2627, #177, #373 ) ;
#681 = DIRECTION ( 'NONE',  ( 0.000000000000000000, 0.000000000000000000, -1.000000000000000000 ) ) ;
#682 = CARTESIAN_POINT ( 'NONE',  ( 9.499999999999847233, 0.1999999999999970690, -16.45448267190441882 ) ) ;
#683 = VECTOR ( 'NONE', #1027, 1000.000000000000000 ) ;
#684 = VERTEX_POINT ( 'NONE', #1061 ) ;
#685 = VECTOR ( 'NONE', #1194, 1000.000000000000000 ) ;
#686 = DIRECTION ( 'NONE',  ( -0.5000000000000082157, 0.000000000000000000, -0.8660254037844338226 ) ) ;
#687 = LINE ( 'NONE', #133, #614 ) ;
#688 = ORIENTED_EDGE ( 'NONE', *, *, #2903, .T. ) ;
#689 = AXIS2_PLACEMENT_3D ( 'NONE', #1095, #272, #3282 ) ;
#690 = ORIENTED_EDGE ( 'NONE', *, *, #2623, .F. ) ;
#691 = DIRECTION ( 'NONE',  ( -0.000000000000000000, -1.000000000000000000, -0.000000000000000000 ) ) ;
#692 = DIRECTION ( 'NONE',  ( -0.8660254037844433705, 0.000000000000000000, -0.4999999999999918399 ) ) ;
#693 = FACE_BOUND ( 'NONE', #674, .T. ) ;
#694 = CIRCLE ( 'NONE', #1034, 1.649999999999995248 ) ;
#695 = ORIENTED_EDGE ( 'NONE', *, *, #1552, .F. ) ;
#696 = CARTESIAN_POINT ( 'NONE',  ( 20.84234471774541575, 9.999999999999996447, -10.10000000000015774 ) ) ;
#697 = CARTESIAN_POINT ( 'NONE',  ( 0.000000000000000000, 2.999999999999996003, 0.000000000000000000 ) ) ;
#698 = AXIS2_PLACEMENT_3D ( 'NONE', #2014, #3031, #870 ) ;
#699 = EDGE_CURVE ( 'NONE', #1663, #1331, #2691, .T. ) ;
#700 = VERTEX_POINT ( 'NONE', #2939 ) ;
#701 = CARTESIAN_POINT ( 'NONE',  ( 20.84234471774535180, 6.999999999999996447, -15.90000000000016023 ) ) ;
#702 = DIRECTION ( 'NONE',  ( 0.000000000000000000, 1.000000000000000000, 0.000000000000000000 ) ) ;
#703 = EDGE_CURVE ( 'NONE', #1261, #2549, #788, .T. ) ;
#704 = CARTESIAN_POINT ( 'NONE',  ( 6.999999999999999112, -15.00000000000000711, -3.149999999999997247 ) ) ;
#705 = CARTESIAN_POINT ( 'NONE',  ( -21.13101985234030167, 0.1999999999999970690, 12.20000000000001705 ) ) ;
#706 = EDGE_LOOP ( 'NONE', ( #1716, #1243, #2081, #1821 ) ) ;
#707 = VERTEX_POINT ( 'NONE', #3200 ) ;
#708 = DIRECTION ( 'NONE',  ( 0.8660254037844328234, 0.000000000000000000, -0.5000000000000101030 ) ) ;
#709 = DIRECTION ( 'NONE',  ( 0.000000000000000000, 1.000000000000000000, 0.000000000000000000 ) ) ;
#710 = DIRECTION ( 'NONE',  ( -0.000000000000000000, -1.000000000000000000, -0.000000000000000000 ) ) ;
#711 = ORIENTED_EDGE ( 'NONE', *, *, #132, .T. ) ;
#712 = LINE ( 'NONE', #750, #519 ) ;
#713 = FACE_BOUND ( 'NONE', #497, .T. ) ;
#714 = ORIENTED_EDGE ( 'NONE', *, *, #2804, .T. ) ;
#715 = LINE ( 'NONE', #2953, #2117 ) ;
#716 = DIRECTION ( 'NONE',  ( 0.8660254037844364872, 0.000000000000000000, -0.5000000000000039968 ) ) ;
#717 = VECTOR ( 'NONE', #1297, 1000.000000000000000 ) ;
#718 = CARTESIAN_POINT ( 'NONE',  ( -20.84234471774546194, 6.999999999999996447, -10.10000000000003340 ) ) ;
#719 = EDGE_CURVE ( 'NONE', #782, #2682, #504, .T. ) ;
#720 = DIRECTION ( 'NONE',  ( -0.000000000000000000, 1.000000000000000000, 0.000000000000000000 ) ) ;
#722 = ORIENTED_EDGE ( 'NONE', *, *, #2122, .T. ) ;
#721 = CIRCLE ( 'NONE', #3172, 8.500000000000000000 ) ;
#723 = ORIENTED_EDGE ( 'NONE', *, *, #2392, .T. ) ;
#724 = DIRECTION ( 'NONE',  ( 0.4999999999999919509, 0.000000000000000000, -0.8660254037844432595 ) ) ;
#725 = CARTESIAN_POINT ( 'NONE',  ( 20.84234471774535180, 6.999999999999996447, -15.90000000000016023 ) ) ;
#726 = AXIS2_PLACEMENT_3D ( 'NONE', #3257, #1101, #2196 ) ;
#727 = CARTESIAN_POINT ( 'NONE',  ( -1.674315780649819230, 6.999999999999996447, -28.90000000000000213 ) ) ;
#728 = VECTOR ( 'NONE', #1397, 1000.000000000000000 ) ;
#729 = VERTEX_POINT ( 'NONE', #759 ) ;
#730 = CARTESIAN_POINT ( 'NONE',  ( 19.00000000000000000, -15.00000000000001243, 8.500000000000000000 ) ) ;
#731 = AXIS2_PLACEMENT_3D ( 'NONE', #1882, #1862, #560 ) ;
#732 = PLANE ( 'NONE',  #3128 ) ;
#733 = ORIENTED_EDGE ( 'NONE', *, *, #1548, .F. ) ;
#734 = DIRECTION ( 'NONE',  ( -0.000000000000000000, -1.000000000000000000, -0.000000000000000000 ) ) ;
#735 = CARTESIAN_POINT ( 'NONE',  ( 1.674315780650012409, 6.999999999999996447, -23.09999999999999432 ) ) ;
#736 = DIRECTION ( 'NONE',  ( 0.000000000000000000, 0.000000000000000000, -1.000000000000000000 ) ) ;
#737 = CARTESIAN_POINT ( 'NONE',  ( 19.16802893709546751, 6.999999999999996447, -13.00000000000013856 ) ) ;
#738 = VECTOR ( 'NONE', #2273, 1000.000000000000000 ) ;
#739 = VERTEX_POINT ( 'NONE', #484 ) ;
#740 = EDGE_CURVE ( 'NONE', #417, #393, #2156, .T. ) ;
#741 = EDGE_CURVE ( 'NONE', #977, #417, #1616, .T. ) ;
#742 = ORIENTED_EDGE ( 'NONE', *, *, #3511, .T. ) ;
#743 = AXIS2_PLACEMENT_3D ( 'NONE', #487, #2674, #2223 ) ;
#744 = CARTESIAN_POINT ( 'NONE',  ( -25.86529205969522849, 6.999999999999996447, 13.00000000000003553 ) ) ;
#745 = CARTESIAN_POINT ( 'NONE',  ( -25.86529205969521783, 6.999999999999996447, -13.00000000000002487 ) ) ;
#746 = DIRECTION ( 'NONE',  ( 0.000000000000000000, 1.000000000000000000, 0.000000000000000000 ) ) ;
#747 = AXIS2_PLACEMENT_3D ( 'NONE', #307, #558, #2221 ) ;
#748 = EDGE_CURVE ( 'NONE', #3116, #3281, #2410, .T. ) ;
#749 = ORIENTED_EDGE ( 'NONE', *, *, #1439, .F. ) ;
#750 = CARTESIAN_POINT ( 'NONE',  ( 19.16802893709564515, 9.999999999999996447, 12.99999999999990408 ) ) ;
#751 = FACE_OUTER_BOUND ( 'NONE', #160, .T. ) ;
#752 = CIRCLE ( 'NONE', #2919, 8.500000000000000000 ) ;
#753 = VERTEX_POINT ( 'NONE', #1043 ) ;
#754 = LINE ( 'NONE', #3194, #3082 ) ;
#755 = CIRCLE ( 'NONE', #240, 3.149999999999995026 ) ;
#756 = CARTESIAN_POINT ( 'NONE',  ( -17.43754837445221284, 1.599999999999996092, -13.41386993707032182 ) ) ;
#757 = ORIENTED_EDGE ( 'NONE', *, *, #1639, .F. ) ;
#758 = PLANE ( 'NONE',  #2699 ) ;
#759 = CARTESIAN_POINT ( 'NONE',  ( 2.897977941337211760, 2.999999999999997335, -21.80829484053081302 ) ) ;
#760 = EDGE_LOOP ( 'NONE', ( #3408, #3315, #2899, #2796 ) ) ;
#761 = ORIENTED_EDGE ( 'NONE', *, *, #1004, .T. ) ;
#762 = CARTESIAN_POINT ( 'NONE',  ( -22.51666049839538530, 0.1999999999999970690, -13.00000000000003375 ) ) ;
#763 = DIRECTION ( 'NONE',  ( -0.000000000000000000, 1.000000000000000000, -0.000000000000000000 ) ) ;
#764 = DIRECTION ( 'NONE',  ( -0.000000000000000000, 1.000000000000000000, -0.000000000000000000 ) ) ;
#765 = EDGE_CURVE ( 'NONE', #2279, #951, #2042, .T. ) ;
#766 = ORIENTED_EDGE ( 'NONE', *, *, #450, .T. ) ;
#767 = ORIENTED_EDGE ( 'NONE', *, *, #1991, .F. ) ;
#768 = CARTESIAN_POINT ( 'NONE',  ( -6.999999999999999112, 6.499999999999995559, 0.000000000000000000 ) ) ;
#769 = ADVANCED_FACE ( 'NONE', ( #239 ), #3343, .F. ) ;
#770 = ADVANCED_FACE ( 'NONE', ( #11 ), #1345, .F. ) ;
#771 = DIRECTION ( 'NONE',  ( 0.000000000000000000, 1.000000000000000000, 0.000000000000000000 ) ) ;
#772 = EDGE_LOOP ( 'NONE', ( #2655, #1766, #1732, #2123 ) ) ;
#773 = LINE ( 'NONE', #2895, #456 ) ;
#774 = DIRECTION ( 'NONE',  ( -0.000000000000000000, 1.000000000000000000, -0.000000000000000000 ) ) ;
#775 = CARTESIAN_POINT ( 'NONE',  ( -9.499999999999960920, 9.999999999999996447, 16.45448267190435487 ) ) ;
#776 = LINE ( 'NONE', #26, #1465 ) ;
#777 = EDGE_LOOP ( 'NONE', ( #1959, #1557, #3402, #854 ) ) ;
#778 = EDGE_LOOP ( 'NONE', ( #2001, #2203, #1267, #1489 ) ) ;
#779 = DIRECTION ( 'NONE',  ( 0.000000000000000000, 1.000000000000000000, 0.000000000000000000 ) ) ;
#780 = DIRECTION ( 'NONE',  ( -0.000000000000000000, 1.000000000000000000, -0.000000000000000000 ) ) ;
#781 = CARTESIAN_POINT ( 'NONE',  ( 0.000000000000000000, 0.1999999999999963474, 0.000000000000000000 ) ) ;
#782 = VERTEX_POINT ( 'NONE', #3272 ) ;
#783 = VECTOR ( 'NONE', #3206, 1000.000000000000000 ) ;
#784 = ORIENTED_EDGE ( 'NONE', *, *, #3352, .T. ) ;
#785 = DIRECTION ( 'NONE',  ( -1.000000000000000000, 0.000000000000000000, 1.187938636348917498E-14 ) ) ;
#786 = EDGE_LOOP ( 'NONE', ( #2813, #2984, #2288, #3218 ) ) ;
#787 = DIRECTION ( 'NONE',  ( 0.000000000000000000, -1.000000000000000000, 0.000000000000000000 ) ) ;
#788 = CIRCLE ( 'NONE', #1581, 3.149999999999995026 ) ;
#789 = ORIENTED_EDGE ( 'NONE', *, *, #1419, .T. ) ;
#790 = EDGE_CURVE ( 'NONE', #1236, #1299, #832, .T. ) ;
#791 = EDGE_CURVE ( 'NONE', #1212, #2181, #2278, .T. ) ;
#792 = DIRECTION ( 'NONE',  ( 1.000000000000000000, 0.000000000000000000, 0.000000000000000000 ) ) ;
#793 = CIRCLE ( 'NONE', #2164, 8.500000000000001776 ) ;
#794 = CARTESIAN_POINT ( 'NONE',  ( 23.90230114445057907, 0.1999999999999970690, 13.79999999999986038 ) ) ;
#795 = LINE ( 'NONE', #543, #3201 ) ;
#796 = FACE_OUTER_BOUND ( 'NONE', #242, .T. ) ;
#797 = ORIENTED_EDGE ( 'NONE', *, *, #3376, .T. ) ;
#798 = ORIENTED_EDGE ( 'NONE', *, *, #983, .F. ) ;
#799 = DIRECTION ( 'NONE',  ( 1.187938636348917498E-14, 0.000000000000000000, 1.000000000000000000 ) ) ;
#800 = AXIS2_PLACEMENT_3D ( 'NONE', #576, #1669, #2759 ) ;
#801 = CARTESIAN_POINT ( 'NONE',  ( -20.84234471774547970, 6.999999999999996447, -15.90000000000003944 ) ) ;
#802 = LINE ( 'NONE', #1623, #2835 ) ;
#803 = VECTOR ( 'NONE', #691, 1000.000000000000000 ) ;
#804 = EDGE_LOOP ( 'NONE', ( #3530, #2694, #1339, #1516 ) ) ;
#805 = LINE ( 'NONE', #265, #2005 ) ;
#806 = ORIENTED_EDGE ( 'NONE', *, *, #2931, .F. ) ;
#807 = AXIS2_PLACEMENT_3D ( 'NONE', #2877, #998, #1017 ) ;
#808 = FACE_OUTER_BOUND ( 'NONE', #2266, .T. ) ;
#809 = VERTEX_POINT ( 'NONE', #3335 ) ;
#810 = AXIS2_PLACEMENT_3D ( 'NONE', #493, #3019, #1585 ) ;
#811 = DIRECTION ( 'NONE',  ( 0.000000000000000000, 1.000000000000000000, 0.000000000000000000 ) ) ;
#812 = DIRECTION ( 'NONE',  ( -0.000000000000000000, -1.000000000000000000, -0.000000000000000000 ) ) ;
#813 = VECTOR ( 'NONE', #3241, 1000.000000000000000 ) ;
#814 = ADVANCED_FACE ( 'NONE', ( #3285 ), #2009, .F. ) ;
#815 = AXIS2_PLACEMENT_3D ( 'NONE', #1362, #1020, #1327 ) ;
#816 = CARTESIAN_POINT ( 'NONE',  ( -1.409462824231155764E-15, 9.999999999999994671, 5.350000000000005862 ) ) ;
#817 = ADVANCED_FACE ( 'NONE', ( #900 ), #2727, .F. ) ;
#818 =( GEOMETRIC_REPRESENTATION_CONTEXT ( 3 ) GLOBAL_UNCERTAINTY_ASSIGNED_CONTEXT ( ( #1377 ) ) GLOBAL_UNIT_ASSIGNED_CONTEXT ( ( #1181, #595, #3026 ) ) REPRESENTATION_CONTEXT ( 'NONE', 'WORKASPACE' ) );
#819 = ORIENTED_EDGE ( 'NONE', *, *, #3486, .T. ) ;
#820 = EDGE_LOOP ( 'NONE', ( #12, #2720, #3097, #1274, #938, #761, #2254, #376 ) ) ;
#821 = CYLINDRICAL_SURFACE ( 'NONE', #404, 1.599999999999995870 ) ;
#822 = FACE_OUTER_BOUND ( 'NONE', #839, .T. ) ;
#823 = ORIENTED_EDGE ( 'NONE', *, *, #390, .T. ) ;
#824 = ORIENTED_EDGE ( 'NONE', *, *, #2997, .F. ) ;
#825 = FACE_OUTER_BOUND ( 'NONE', #1032, .T. ) ;
#826 = ORIENTED_EDGE ( 'NONE', *, *, #1484, .F. ) ;
#827 = ORIENTED_EDGE ( 'NONE', *, *, #1762, .F. ) ;
#828 = LINE ( 'NONE', #3230, #630 ) ;
#829 = LINE ( 'NONE', #1096, #3177 ) ;
#830 = EDGE_CURVE ( 'NONE', #3222, #506, #1450, .T. ) ;
#831 = DIRECTION ( 'NONE',  ( 0.000000000000000000, -1.000000000000000000, -0.000000000000000000 ) ) ;
#832 = LINE ( 'NONE', #596, #155 ) ;
#833 = ORIENTED_EDGE ( 'NONE', *, *, #858, .F. ) ;
#834 = ORIENTED_EDGE ( 'NONE', *, *, #3, .F. ) ;
#835 = ADVANCED_FACE ( 'NONE', ( #3092 ), #3027, .F. ) ;
#836 = EDGE_CURVE ( 'NONE', #2064, #2140, #82, .T. ) ;
#837 = DIRECTION ( 'NONE',  ( 0.000000000000000000, 0.000000000000000000, -1.000000000000000000 ) ) ;
#838 = CARTESIAN_POINT ( 'NONE',  ( 0.000000000000000000, 7.999999999999996447, -32.00000000000000711 ) ) ;
#839 = EDGE_LOOP ( 'NONE', ( #111, #2337, #2656, #1088 ) ) ;
#840 = FACE_BOUND ( 'NONE', #1108, .T. ) ;
#841 = ORIENTED_EDGE ( 'NONE', *, *, #3207, .T. ) ;
#842 = AXIS2_PLACEMENT_3D ( 'NONE', #2184, #1334, #1872 ) ;
#843 = ORIENTED_EDGE ( 'NONE', *, *, #3271, .F. ) ;
#844 = DIRECTION ( 'NONE',  ( 0.8660254037844363761, 0.000000000000000000, -0.5000000000000039968 ) ) ;
#845 = AXIS2_PLACEMENT_3D ( 'NONE', #1363, #2138, #1593 ) ;
#846 = DIRECTION ( 'NONE',  ( 0.5000000000000021094, 0.000000000000000000, 0.8660254037844373753 ) ) ;
#847 = AXIS2_PLACEMENT_3D ( 'NONE', #128, #2352, #3426 ) ;
#848 = CARTESIAN_POINT ( 'NONE',  ( 1.005267033311343951E-13, -15.00000000000000711, -24.40000000000000568 ) ) ;
#849 = ORIENTED_EDGE ( 'NONE', *, *, #2646, .T. ) ;
#850 = VERTEX_POINT ( 'NONE', #629 ) ;
#851 = DIRECTION ( 'NONE',  ( 0.000000000000000000, 1.000000000000000000, 0.000000000000000000 ) ) ;
#852 = DIRECTION ( 'NONE',  ( -1.000000000000000000, 0.000000000000000000, 1.187938636348917498E-14 ) ) ;
#853 = EDGE_CURVE ( 'NONE', #3005, #2036, #3351, .T. ) ;
#854 = ORIENTED_EDGE ( 'NONE', *, *, #286, .T. ) ;
#855 = DIRECTION ( 'NONE',  ( 0.8660254037844387076, -0.000000000000000000, 0.4999999999999998335 ) ) ;
#856 = ORIENTED_EDGE ( 'NONE', *, *, #3021, .F. ) ;
#857 = AXIS2_PLACEMENT_3D ( 'NONE', #210, #1858, #2949 ) ;
#858 = EDGE_CURVE ( 'NONE', #2803, #2940, #95, .T. ) ;
#859 = ORIENTED_EDGE ( 'NONE', *, *, #640, .T. ) ;
#860 = AXIS2_PLACEMENT_3D ( 'NONE', #2886, #1238, #1757 ) ;
#861 = DIRECTION ( 'NONE',  ( 9.436895709313830594E-15, 0.000000000000000000, 1.000000000000000000 ) ) ;
#862 = LINE ( 'NONE', #591, #2898 ) ;
#863 = AXIS2_PLACEMENT_3D ( 'NONE', #1952, #1058, #5 ) ;
#864 = CARTESIAN_POINT ( 'NONE',  ( 1.003307598432708088E-13, -15.00000000000000711, -26.00000000000000000 ) ) ;
#865 = AXIS2_PLACEMENT_3D ( 'NONE', #2825, #104, #878 ) ;
#866 = CARTESIAN_POINT ( 'NONE',  ( 19.00000000000000000, 9.999999999999996447, 0.000000000000000000 ) ) ;
#867 = ORIENTED_EDGE ( 'NONE', *, *, #635, .F. ) ;
#868 = AXIS2_PLACEMENT_3D ( 'NONE', #1924, #509, #533 ) ;
#869 = EDGE_LOOP ( 'NONE', ( #1625, #843, #144, #479 ) ) ;
#870 = DIRECTION ( 'NONE',  ( 0.4999999999999958922, 0.000000000000000000, -0.8660254037844410391 ) ) ;
#871 = DIRECTION ( 'NONE',  ( -0.000000000000000000, -1.000000000000000000, -0.000000000000000000 ) ) ;
#872 = VECTOR ( 'NONE', #1519, 999.9999999999998863 ) ;
#873 = ORIENTED_EDGE ( 'NONE', *, *, #286, .F. ) ;
#874 = DIRECTION ( 'NONE',  ( 0.000000000000000000, -0.000000000000000000, 1.000000000000000000 ) ) ;
#875 = EDGE_CURVE ( 'NONE', #1607, #1815, #3519, .T. ) ;
#876 = CARTESIAN_POINT ( 'NONE',  ( 3.348631561299930670, 9.999999999999996447, -26.00000000000000355 ) ) ;
#877 = ORIENTED_EDGE ( 'NONE', *, *, #1019, .T. ) ;
#878 = DIRECTION ( 'NONE',  ( 0.000000000000000000, 0.000000000000000000, 1.000000000000000000 ) ) ;
#879 = EDGE_CURVE ( 'NONE', #530, #2849, #916, .T. ) ;
#880 = EDGE_CURVE ( 'NONE', #231, #2430, #2776, .T. ) ;
#881 = DIRECTION ( 'NONE',  ( 0.000000000000000000, 0.000000000000000000, -1.000000000000000000 ) ) ;
#882 = ORIENTED_EDGE ( 'NONE', *, *, #3312, .F. ) ;
#883 = FACE_OUTER_BOUND ( 'NONE', #1409, .T. ) ;
#884 =( NAMED_UNIT ( * ) PLANE_ANGLE_UNIT ( ) SI_UNIT ( $, .RADIAN. ) );
#885 = DIRECTION ( 'NONE',  ( -1.000000000000000000, 0.000000000000000000, 4.773959005888172335E-15 ) ) ;
#886 = EDGE_LOOP ( 'NONE', ( #315, #695, #3203, #887 ) ) ;
#887 = ORIENTED_EDGE ( 'NONE', *, *, #2540, .T. ) ;
#888 = DIRECTION ( 'NONE',  ( -0.5000000000000101030, 0.000000000000000000, -0.8660254037844328234 ) ) ;
#889 = CARTESIAN_POINT ( 'NONE',  ( -2.138784067832511848, 2.999999999999997335, -20.70448267190430514 ) ) ;
#890 = ORIENTED_EDGE ( 'NONE', *, *, #3288, .F. ) ;
#891 = CARTESIAN_POINT ( 'NONE',  ( 22.51666049839530004, -15.00000000000000711, -13.00000000000017408 ) ) ;
#892 = DIRECTION ( 'NONE',  ( -0.000000000000000000, -1.000000000000000000, -0.000000000000000000 ) ) ;
#893 = EDGE_LOOP ( 'NONE', ( #982, #1271, #100, #2496 ) ) ;
#894 = CARTESIAN_POINT ( 'NONE',  ( -1.674315780649818342, 6.999999999999996447, -23.09999999999999432 ) ) ;
#895 = CARTESIAN_POINT ( 'NONE',  ( 2.168404344971008868E-16, 4.999999999999993783, -10.14999999999999503 ) ) ;
#896 = EDGE_CURVE ( 'NONE', #2549, #1261, #901, .T. ) ;
#897 = EDGE_CURVE ( 'NONE', #2247, #530, #611, .T. ) ;
#898 = DIRECTION ( 'NONE',  ( -0.8660254037844327124, 0.000000000000000000, 0.5000000000000103251 ) ) ;
#899 = AXIS2_PLACEMENT_3D ( 'NONE', #3108, #469, #1504 ) ;
#900 = FACE_OUTER_BOUND ( 'NONE', #2139, .T. ) ;
#902 = ORIENTED_EDGE ( 'NONE', *, *, #74, .T. ) ;
#901 = CIRCLE ( 'NONE', #2272, 3.149999999999995026 ) ;
#903 = ADVANCED_FACE ( 'NONE', ( #2493 ), #1149, .F. ) ;
#904 = ORIENTED_EDGE ( 'NONE', *, *, #612, .F. ) ;
#905 = AXIS2_PLACEMENT_3D ( 'NONE', #2222, #2791, #3283 ) ;
#906 = CARTESIAN_POINT ( 'NONE',  ( 0.000000000000000000, 7.999999999999996447, 0.000000000000000000 ) ) ;
#907 = ORIENTED_EDGE ( 'NONE', *, *, #740, .F. ) ;
#908 = CARTESIAN_POINT ( 'NONE',  ( -19.00000000000000000, 9.999999999999996447, 0.000000000000000000 ) ) ;
#909 = CARTESIAN_POINT ( 'NONE',  ( 24.19097627904525538, 6.999999999999996447, -10.10000000000019504 ) ) ;
#910 = EDGE_LOOP ( 'NONE', ( #1908, #3466 ) ) ;
#911 = FACE_OUTER_BOUND ( 'NONE', #1370, .T. ) ;
#912 = PLANE ( 'NONE',  #2403 ) ;
#913 = VECTOR ( 'NONE', #61, 1000.000000000000114 ) ;
#914 = CARTESIAN_POINT ( 'NONE',  ( -1.003307598432708088E-13, -15.00000000000000711, 27.59999999999999432 ) ) ;
#915 = EDGE_CURVE ( 'NONE', #639, #3278, #1642, .T. ) ;
#916 = LINE ( 'NONE', #62, #2450 ) ;
#917 = VECTOR ( 'NONE', #2721, 1000.000000000000000 ) ;
#918 = AXIS2_PLACEMENT_3D ( 'NONE', #1763, #1144, #675 ) ;
#919 = CARTESIAN_POINT ( 'NONE',  ( 1.674315780650015517, 6.999999999999996447, -28.90000000000000213 ) ) ;
#920 = ADVANCED_FACE ( 'NONE', ( #2828 ), #1130, .F. ) ;
#921 = CARTESIAN_POINT ( 'NONE',  ( 20.33552631578946901, 0.1999999999999970968, -8.394424903460263820 ) ) ;
#922 = AXIS2_PLACEMENT_3D ( 'NONE', #1758, #188, #2852 ) ;
#923 = ORIENTED_EDGE ( 'NONE', *, *, #1264, .T. ) ;
#924 = CIRCLE ( 'NONE', #466, 8.500000000000000000 ) ;
#925 = DIRECTION ( 'NONE',  ( 0.000000000000000000, 0.000000000000000000, -1.000000000000000000 ) ) ;
#926 = DIRECTION ( 'NONE',  ( 0.000000000000000000, 0.000000000000000000, -1.000000000000000000 ) ) ;
#927 = ORIENTED_EDGE ( 'NONE', *, *, #2951, .F. ) ;
#928 = CARTESIAN_POINT ( 'NONE',  ( -20.84234471774547970, 6.999999999999996447, -15.90000000000003944 ) ) ;
#929 = DIRECTION ( 'NONE',  ( 0.000000000000000000, 0.000000000000000000, -1.000000000000000000 ) ) ;
#930 = VERTEX_POINT ( 'NONE', #2815 ) ;
#931 = CARTESIAN_POINT ( 'NONE',  ( 0.000000000000000000, 11.99999999999999645, 0.000000000000000000 ) ) ;
#932 = DIRECTION ( 'NONE',  ( -0.000000000000000000, -1.000000000000000000, -0.000000000000000000 ) ) ;
#933 = ORIENTED_EDGE ( 'NONE', *, *, #3141, .T. ) ;
#934 = CARTESIAN_POINT ( 'NONE',  ( -20.33552631578946901, 0.1999999999999970968, -8.394424903460263820 ) ) ;
#935 = DIRECTION ( 'NONE',  ( 2.442490654175344389E-15, 0.000000000000000000, 1.000000000000000000 ) ) ;
#936 = EDGE_CURVE ( 'NONE', #231, #1299, #499, .T. ) ;
#937 = ADVANCED_FACE ( 'NONE', ( #1789 ), #2332, .F. ) ;
#938 = ORIENTED_EDGE ( 'NONE', *, *, #1786, .F. ) ;
#939 = CARTESIAN_POINT ( 'NONE',  ( -16.86121593216769909, 9.999999999999996447, 12.20448267190436908 ) ) ;
#940 = CYLINDRICAL_SURFACE ( 'NONE', #1670, 8.500000000000000000 ) ;
#941 = FACE_BOUND ( 'NONE', #1353, .T. ) ;
#942 = ORIENTED_EDGE ( 'NONE', *, *, #2029, .F. ) ;
#943 = CARTESIAN_POINT ( 'NONE',  ( 0.000000000000000000, 2.999999999999996003, 0.000000000000000000 ) ) ;
#944 = DIRECTION ( 'NONE',  ( -0.000000000000000000, 1.000000000000000000, -0.000000000000000000 ) ) ;
#945 = ORIENTED_EDGE ( 'NONE', *, *, #3396, .F. ) ;
#946 = CARTESIAN_POINT ( 'NONE',  ( 20.84234471774553299, 6.999999999999996447, 10.09999999999988773 ) ) ;
#947 = LINE ( 'NONE', #1195, #214 ) ;
#948 = VECTOR ( 'NONE', #852, 1000.000000000000000 ) ;
#949 = DIRECTION ( 'NONE',  ( 0.000000000000000000, 0.000000000000000000, -1.000000000000000000 ) ) ;
#950 = LINE ( 'NONE', #1828, #2786 ) ;
#951 = VERTEX_POINT ( 'NONE', #2863 ) ;
#952 = VECTOR ( 'NONE', #3123, 1000.000000000000000 ) ;
#953 = LINE ( 'NONE', #744, #168 ) ;
#954 = FACE_OUTER_BOUND ( 'NONE', #545, .T. ) ;
#955 = DIRECTION ( 'NONE',  ( -1.000000000000000000, 0.000000000000000000, 1.187938636348917498E-14 ) ) ;
#956 = ADVANCED_FACE ( 'NONE', ( #2631 ), #1229, .F. ) ;
#957 = EDGE_LOOP ( 'NONE', ( #1778, #2520, #3368, #1103, #2084, #841, #3380, #547 ) ) ;
#958 = FACE_OUTER_BOUND ( 'NONE', #623, .T. ) ;
#959 = EDGE_CURVE ( 'NONE', #2165, #2040, #3404, .T. ) ;
#960 = DIRECTION ( 'NONE',  ( -0.000000000000000000, 1.000000000000000000, -0.000000000000000000 ) ) ;
#961 = VERTEX_POINT ( 'NONE', #663 ) ;
#962 = AXIS2_PLACEMENT_3D ( 'NONE', #252, #787, #2170 ) ;
#963 = CARTESIAN_POINT ( 'NONE',  ( -22.51666049839538530, -15.00000000000000711, -13.00000000000003375 ) ) ;
#964 = DIRECTION ( 'NONE',  ( 0.5000000000000001110, 0.000000000000000000, 0.8660254037844385966 ) ) ;
#965 = CIRCLE ( 'NONE', #1943, 3.149999999999995470 ) ;
#966 = ORIENTED_EDGE ( 'NONE', *, *, #1704, .F. ) ;
#967 = AXIS2_PLACEMENT_3D ( 'NONE', #361, #2114, #1514 ) ;
#968 = CARTESIAN_POINT ( 'NONE',  ( -20.84234471774546549, 6.999999999999996447, 15.90000000000001812 ) ) ;
#969 = DIRECTION ( 'NONE',  ( -0.000000000000000000, 1.000000000000000000, -0.000000000000000000 ) ) ;
#970 = EDGE_LOOP ( 'NONE', ( #1007, #1364, #2885, #1673 ) ) ;
#971 = AXIS2_PLACEMENT_3D ( 'NONE', #1190, #2290, #2239 ) ;
#972 = EDGE_LOOP ( 'NONE', ( #1293, #2978, #2739, #1525, #201, #3127 ) ) ;
#973 = CARTESIAN_POINT ( 'NONE',  ( -1.674315780649818342, 9.999999999999996447, -23.09999999999999432 ) ) ;
#974 = DIRECTION ( 'NONE',  ( 0.000000000000000000, 0.000000000000000000, 1.000000000000000000 ) ) ;
#975 = FACE_OUTER_BOUND ( 'NONE', #321, .T. ) ;
#976 = CIRCLE ( 'NONE', #2578, 8.500000000000000000 ) ;
#977 = VERTEX_POINT ( 'NONE', #2897 ) ;
#978 = CIRCLE ( 'NONE', #3425, 8.500000000000000000 ) ;
#979 = EDGE_CURVE ( 'NONE', #1261, #2643, #411, .T. ) ;
#980 = DIRECTION ( 'NONE',  ( 0.000000000000000000, 0.000000000000000000, -1.000000000000000000 ) ) ;
#981 = CARTESIAN_POINT ( 'NONE',  ( -1.003307598432708088E-13, 0.1999999999999970690, 26.00000000000000000 ) ) ;
#982 = ORIENTED_EDGE ( 'NONE', *, *, #1357, .F. ) ;
#983 = EDGE_CURVE ( 'NONE', #287, #2465, #1237, .T. ) ;
#984 = EDGE_CURVE ( 'NONE', #644, #108, #1556, .T. ) ;
#985 = DIRECTION ( 'NONE',  ( 0.000000000000000000, 0.000000000000000000, -1.000000000000000000 ) ) ;
#986 = DIRECTION ( 'NONE',  ( -0.000000000000000000, -1.000000000000000000, -0.000000000000000000 ) ) ;
#987 = CARTESIAN_POINT ( 'NONE',  ( -16.86121593216769909, -15.00000000000001243, 12.20448267190436908 ) ) ;
#988 = DIRECTION ( 'NONE',  ( 0.000000000000000000, -0.7071067811865479058, -0.7071067811865471286 ) ) ;
#989 = ORIENTED_EDGE ( 'NONE', *, *, #8, .T. ) ;
#990 = ORIENTED_EDGE ( 'NONE', *, *, #1837, .F. ) ;
#991 = CARTESIAN_POINT ( 'NONE',  ( 24.19097627904541525, 6.999999999999996447, 15.89999999999986180 ) ) ;
#992 = CARTESIAN_POINT ( 'NONE',  ( 19.00000000000000000, -15.00000000000001243, -0.000000000000000000 ) ) ;
#993 = PLANE ( 'NONE',  #208 ) ;
#994 = ORIENTED_EDGE ( 'NONE', *, *, #310, .F. ) ;
#995 = DIRECTION ( 'NONE',  ( 0.000000000000000000, 0.000000000000000000, -1.000000000000000000 ) ) ;
#996 = FACE_OUTER_BOUND ( 'NONE', #2026, .T. ) ;
#997 = ORIENTED_EDGE ( 'NONE', *, *, #25, .T. ) ;
#998 = DIRECTION ( 'NONE',  ( 0.000000000000000000, 1.000000000000000000, 0.000000000000000000 ) ) ;
#999 = CARTESIAN_POINT ( 'NONE',  ( -17.43754837445202455, 1.599999999999996092, 13.41386993707056519 ) ) ;
#1000 = EDGE_CURVE ( 'NONE', #930, #551, #2613, .T. ) ;
#1001 = EDGE_CURVE ( 'NONE', #2040, #1645, #2879, .T. ) ;
#1002 = DIRECTION ( 'NONE',  ( 0.000000000000000000, 0.000000000000000000, -1.000000000000000000 ) ) ;
#1003 = DIRECTION ( 'NONE',  ( 0.000000000000000000, 1.000000000000000000, 0.000000000000000000 ) ) ;
#1004 = EDGE_CURVE ( 'NONE', #2763, #427, #947, .T. ) ;
#1006 = ORIENTED_EDGE ( 'NONE', *, *, #613, .F. ) ;
#1005 = VECTOR ( 'NONE', #599, 1000.000000000000114 ) ;
#1007 = ORIENTED_EDGE ( 'NONE', *, *, #658, .T. ) ;
#1008 = DIRECTION ( 'NONE',  ( 0.8660254037844432595, -0.000000000000000000, 0.4999999999999919509 ) ) ;
#1009 = CARTESIAN_POINT ( 'NONE',  ( -1.003307598432708088E-13, -15.00000000000000711, 26.00000000000000000 ) ) ;
#1010 = AXIS2_PLACEMENT_3D ( 'NONE', #1812, #720, #2372 ) ;
#1011 = FACE_BOUND ( 'NONE', #1531, .T. ) ;
#1012 = CIRCLE ( 'NONE', #1477, 32.00000000000000711 ) ;
#1013 = EDGE_LOOP ( 'NONE', ( #3149, #1219, #2820, #1901 ) ) ;
#1014 = CARTESIAN_POINT ( 'NONE',  ( 16.86121593216761383, 2.999999999999997335, -12.20448267190448632 ) ) ;
#1015 = DIRECTION ( 'NONE',  ( -0.000000000000000000, -1.000000000000000000, -0.000000000000000000 ) ) ;
#1016 = EDGE_LOOP ( 'NONE', ( #1053, #1436, #1475, #2106 ) ) ;
#1017 = DIRECTION ( 'NONE',  ( 0.000000000000000000, 0.000000000000000000, -1.000000000000000000 ) ) ;
#1018 = DIRECTION ( 'NONE',  ( -1.000000000000000000, 0.000000000000000000, 0.000000000000000000 ) ) ;
#1019 = EDGE_CURVE ( 'NONE', #3265, #365, #426, .T. ) ;
#1020 = DIRECTION ( 'NONE',  ( 0.8660254037844445918, 0.000000000000000000, 0.4999999999999897859 ) ) ;
#1021 = CARTESIAN_POINT ( 'NONE',  ( 19.16802893709546751, 6.999999999999996447, -13.00000000000013856 ) ) ;
#1022 = VECTOR ( 'NONE', #192, 1000.000000000000000 ) ;
#1023 = ORIENTED_EDGE ( 'NONE', *, *, #3055, .F. ) ;
#1024 = ORIENTED_EDGE ( 'NONE', *, *, #2540, .F. ) ;
#1025 = CONICAL_SURFACE ( 'NONE', #3028, 3.149999999999995470, 0.7853981633974479459 ) ;
#1026 = EDGE_CURVE ( 'NONE', #809, #64, #392, .T. ) ;
#1027 = DIRECTION ( 'NONE',  ( 1.000000000000000000, 0.000000000000000000, 0.000000000000000000 ) ) ;
#1028 = EDGE_CURVE ( 'NONE', #2430, #1808, #1816, .T. ) ;
#1029 = CARTESIAN_POINT ( 'NONE',  ( 0.000000000000000000, 2.999999999999996003, 0.000000000000000000 ) ) ;
#1030 = DIRECTION ( 'NONE',  ( 0.000000000000000000, 0.000000000000000000, -1.000000000000000000 ) ) ;
#1031 = VECTOR ( 'NONE', #1039, 1000.000000000000000 ) ;
#1032 = EDGE_LOOP ( 'NONE', ( #2218, #1322, #994, #2590 ) ) ;
#1033 = EDGE_LOOP ( 'NONE', ( #3523, #1689, #1706, #1286, #2227, #1109 ) ) ;
#1034 = AXIS2_PLACEMENT_3D ( 'NONE', #1207, #2521, #2821 ) ;
#1035 = PLANE ( 'NONE',  #2292 ) ;
#1036 = FACE_OUTER_BOUND ( 'NONE', #306, .T. ) ;
#1037 = VECTOR ( 'NONE', #118, 1000.000000000000000 ) ;
#1038 = ORIENTED_EDGE ( 'NONE', *, *, #2777, .F. ) ;
#1039 = DIRECTION ( 'NONE',  ( -0.000000000000000000, -1.000000000000000000, -0.000000000000000000 ) ) ;
#1040 = AXIS2_PLACEMENT_3D ( 'NONE', #1402, #3306, #736 ) ;
#1041 = CARTESIAN_POINT ( 'NONE',  ( 6.026041762285169585E-16, 2.999999999999995559, -3.850000000000003197 ) ) ;
#1042 = DIRECTION ( 'NONE',  ( 0.000000000000000000, 1.000000000000000000, 0.000000000000000000 ) ) ;
#1043 = CARTESIAN_POINT ( 'NONE',  ( -25.86529205969522849, 6.999999999999996447, 13.00000000000003553 ) ) ;
#1044 = ORIENTED_EDGE ( 'NONE', *, *, #2977, .F. ) ;
#1045 = ADVANCED_FACE ( 'NONE', ( #1807 ), #3370, .F. ) ;
#1046 = ORIENTED_EDGE ( 'NONE', *, *, #386, .T. ) ;
#1047 = DIRECTION ( 'NONE',  ( 0.000000000000000000, 0.000000000000000000, -1.000000000000000000 ) ) ;
#1048 = CARTESIAN_POINT ( 'NONE',  ( -21.13101985234028746, -15.00000000000000711, -12.20000000000004015 ) ) ;
#1049 = CARTESIAN_POINT ( 'NONE',  ( -6.999999999999999112, 6.499999999999995559, 1.649999999999995026 ) ) ;
#1050 = EDGE_CURVE ( 'NONE', #1896, #684, #2314, .T. ) ;
#1051 = EDGE_CURVE ( 'NONE', #2481, #739, #2097, .T. ) ;
#1052 = ORIENTED_EDGE ( 'NONE', *, *, #3161, .F. ) ;
#1053 = ORIENTED_EDGE ( 'NONE', *, *, #1288, .T. ) ;
#1054 = LINE ( 'NONE', #1898, #3135 ) ;
#1055 = ORIENTED_EDGE ( 'NONE', *, *, #458, .F. ) ;
#1056 = CYLINDRICAL_SURFACE ( 'NONE', #962, 1.599999999999996314 ) ;
#1057 = ORIENTED_EDGE ( 'NONE', *, *, #719, .T. ) ;
#1058 = DIRECTION ( 'NONE',  ( 0.000000000000000000, 1.000000000000000000, 0.000000000000000000 ) ) ;
#1059 = CARTESIAN_POINT ( 'NONE',  ( 9.500000000000078160, 2.999999999999997335, 16.45448267190429092 ) ) ;
#1060 = DIRECTION ( 'NONE',  ( 0.000000000000000000, -1.000000000000000000, 0.000000000000000000 ) ) ;
#1061 = CARTESIAN_POINT ( 'NONE',  ( 20.84234471774553299, 9.999999999999996447, 10.09999999999988773 ) ) ;
#1062 = EDGE_LOOP ( 'NONE', ( #421, #1256 ) ) ;
#1063 = ORIENTED_EDGE ( 'NONE', *, *, #1949, .F. ) ;
#1064 = DIRECTION ( 'NONE',  ( -0.000000000000000000, -1.000000000000000000, -0.000000000000000000 ) ) ;
#1065 = DIRECTION ( 'NONE',  ( 0.000000000000000000, 0.000000000000000000, -1.000000000000000000 ) ) ;
#1066 = DIRECTION ( 'NONE',  ( -0.000000000000000000, -1.000000000000000000, -0.000000000000000000 ) ) ;
#1067 = ORIENTED_EDGE ( 'NONE', *, *, #1790, .F. ) ;
#1068 = CIRCLE ( 'NONE', #1291, 8.500000000000000000 ) ;
#1069 = EDGE_LOOP ( 'NONE', ( #2367, #1023, #3386, #856 ) ) ;
#1070 = CARTESIAN_POINT ( 'NONE',  ( 2.168404344971008868E-16, 9.999999999999994671, -7.000000000000000888 ) ) ;
#1071 = EDGE_CURVE ( 'NONE', #492, #2159, #1214, .T. ) ;
#1072 = VERTEX_POINT ( 'NONE', #2917 ) ;
#1073 = DIRECTION ( 'NONE',  ( 0.000000000000000000, 0.000000000000000000, -1.000000000000000000 ) ) ;
#1074 = AXIS2_PLACEMENT_3D ( 'NONE', #2708, #2744, #1385 ) ;
#1075 = ORIENTED_EDGE ( 'NONE', *, *, #2794, .F. ) ;
#1076 = DIRECTION ( 'NONE',  ( 0.000000000000000000, 0.000000000000000000, -1.000000000000000000 ) ) ;
#1077 = AXIS2_PLACEMENT_3D ( 'NONE', #1059, #774, #542 ) ;
#1078 = EDGE_CURVE ( 'NONE', #1661, #358, #3105, .T. ) ;
#1079 = DIRECTION ( 'NONE',  ( -0.000000000000000000, -1.000000000000000000, -0.000000000000000000 ) ) ;
#1080 = DIRECTION ( 'NONE',  ( 0.8660254037844399289, 0.000000000000000000, 0.4999999999999980016 ) ) ;
#1081 = CARTESIAN_POINT ( 'NONE',  ( 19.16802893709564515, 6.999999999999996447, 12.99999999999990408 ) ) ;
#1082 = ORIENTED_EDGE ( 'NONE', *, *, #550, .T. ) ;
#1083 = ORIENTED_EDGE ( 'NONE', *, *, #1398, .F. ) ;
#1084 = AXIS2_PLACEMENT_3D ( 'NONE', #140, #2327, #929 ) ;
#1085 = DIRECTION ( 'NONE',  ( 0.000000000000000000, -1.000000000000000000, 0.000000000000000000 ) ) ;
#1086 = DIRECTION ( 'NONE',  ( 0.000000000000000000, 0.000000000000000000, -1.000000000000000000 ) ) ;
#1087 = VECTOR ( 'NONE', #2107, 1000.000000000000000 ) ;
#1088 = ORIENTED_EDGE ( 'NONE', *, *, #1176, .T. ) ;
#1089 = ORIENTED_EDGE ( 'NONE', *, *, #1836, .F. ) ;
#1090 = DIRECTION ( 'NONE',  ( 0.000000000000000000, 1.000000000000000000, 0.000000000000000000 ) ) ;
#1091 = EDGE_LOOP ( 'NONE', ( #3439, #3226 ) ) ;
#1092 = EDGE_CURVE ( 'NONE', #1814, #1690, #158, .T. ) ;
#1093 = ORIENTED_EDGE ( 'NONE', *, *, #2798, .F. ) ;
#1094 = AXIS2_PLACEMENT_3D ( 'NONE', #928, #660, #1428 ) ;
#1095 = CARTESIAN_POINT ( 'NONE',  ( 2.168404344971008868E-16, 4.999999999999993783, -7.000000000000000888 ) ) ;
#1096 = CARTESIAN_POINT ( 'NONE',  ( -20.84234471774546549, 9.999999999999996447, 15.90000000000001812 ) ) ;
#1097 = VECTOR ( 'NONE', #709, 1000.000000000000000 ) ;
#1098 = ADVANCED_FACE ( 'NONE', ( #1572 ), #2955, .F. ) ;
#1099 = ADVANCED_FACE ( 'NONE', ( #3233, #500 ), #3214, .T. ) ;
#1100 = AXIS2_PLACEMENT_3D ( 'NONE', #1754, #2566, #1827 ) ;
#1101 = DIRECTION ( 'NONE',  ( 0.8660254037844339337, 0.000000000000000000, -0.5000000000000083267 ) ) ;
#1102 = ORIENTED_EDGE ( 'NONE', *, *, #2385, .T. ) ;
#1103 = ORIENTED_EDGE ( 'NONE', *, *, #1728, .F. ) ;
#1104 = CARTESIAN_POINT ( 'NONE',  ( -1.674315780650015517, 6.999999999999996447, 28.90000000000000213 ) ) ;
#1105 = CARTESIAN_POINT ( 'NONE',  ( -6.999999999999999112, 4.999999999999993783, 0.000000000000000000 ) ) ;
#1106 = ORIENTED_EDGE ( 'NONE', *, *, #112, .F. ) ;
#1107 = DIRECTION ( 'NONE',  ( 0.000000000000000000, 0.000000000000000000, -1.000000000000000000 ) ) ;
#1108 = EDGE_LOOP ( 'NONE', ( #424, #1055 ) ) ;
#1109 = ORIENTED_EDGE ( 'NONE', *, *, #791, .T. ) ;
#1110 = PLANE ( 'NONE',  #1947 ) ;
#1111 = CARTESIAN_POINT ( 'NONE',  ( -1.207396102371843204E-15, 9.999999999999994671, 8.649999999999993250 ) ) ;
#1112 = FILL_AREA_STYLE_COLOUR ( '', #1326 ) ;
#1113 = ADVANCED_FACE ( 'NONE', ( #1589 ), #274, .F. ) ;
#1114 = CARTESIAN_POINT ( 'NONE',  ( 6.999999999999999112, -15.00000000000000711, 0.000000000000000000 ) ) ;
#1115 = ORIENTED_EDGE ( 'NONE', *, *, #1198, .F. ) ;
#1116 = ORIENTED_EDGE ( 'NONE', *, *, #1769, .F. ) ;
#1117 = DIRECTION ( 'NONE',  ( 0.000000000000000000, 0.000000000000000000, -1.000000000000000000 ) ) ;
#1118 = EDGE_CURVE ( 'NONE', #2832, #2533, #255, .T. ) ;
#1119 = CARTESIAN_POINT ( 'NONE',  ( -20.33552631578946901, 2.999999999999997335, 8.394424903460263820 ) ) ;
#1120 = VERTEX_POINT ( 'NONE', #1343 ) ;
#1121 = LINE ( 'NONE', #2438, #2469 ) ;
#1122 = VERTEX_POINT ( 'NONE', #1919 ) ;
#1123 = AXIS2_PLACEMENT_3D ( 'NONE', #2642, #205, #1030 ) ;
#1124 = EDGE_LOOP ( 'NONE', ( #3110, #3266 ) ) ;
#1125 = DIRECTION ( 'NONE',  ( -0.000000000000000000, -1.000000000000000000, -0.000000000000000000 ) ) ;
#1126 = CIRCLE ( 'NONE', #2556, 8.500000000000000000 ) ;
#1127 = DIRECTION ( 'NONE',  ( 0.000000000000000000, 0.000000000000000000, -1.000000000000000000 ) ) ;
#1128 = AXIS2_PLACEMENT_3D ( 'NONE', #1500, #467, #3385 ) ;
#1129 = CARTESIAN_POINT ( 'NONE',  ( 20.84234471774558628, 9.999999999999996447, 15.89999999999989377 ) ) ;
#1130 = PLANE ( 'NONE',  #3237 ) ;
#1131 = ORIENTED_EDGE ( 'NONE', *, *, #1356, .F. ) ;
#1132 = ADVANCED_FACE ( 'NONE', ( #234 ), #2706, .F. ) ;
#1133 = EDGE_LOOP ( 'NONE', ( #2411, #2876, #3507, #471, #3038, #1739 ) ) ;
#1134 = CARTESIAN_POINT ( 'NONE',  ( -24.19097627904529446, 9.999999999999996447, -10.10000000000002629 ) ) ;
#1135 = LINE ( 'NONE', #3094, #1926 ) ;
#1136 = ADVANCED_FACE ( 'NONE', ( #482 ), #2405, .F. ) ;
#1137 = VERTEX_POINT ( 'NONE', #2460 ) ;
#1138 = VECTOR ( 'NONE', #2913, 1000.000000000000000 ) ;
#1139 = LINE ( 'NONE', #88, #2523 ) ;
#1140 = CARTESIAN_POINT ( 'NONE',  ( 3.918869757271531052E-15, 7.999999999999996447, 32.00000000000000711 ) ) ;
#1141 = VECTOR ( 'NONE', #40, 999.9999999999998863 ) ;
#1142 = ORIENTED_EDGE ( 'NONE', *, *, #2819, .T. ) ;
#1143 = AXIS2_PLACEMENT_3D ( 'NONE', #1342, #3251, #1629 ) ;
#1144 = DIRECTION ( 'NONE',  ( -0.000000000000000000, 1.000000000000000000, -0.000000000000000000 ) ) ;
#1145 = DIRECTION ( 'NONE',  ( 0.8660254037844387076, 0.000000000000000000, 0.4999999999999998335 ) ) ;
#1146 = AXIS2_PLACEMENT_3D ( 'NONE', #2507, #2310, #1983 ) ;
#1147 = ORIENTED_EDGE ( 'NONE', *, *, #3055, .T. ) ;
#1148 = CARTESIAN_POINT ( 'NONE',  ( -6.999999999999999112, 4.999999999999993783, -3.149999999999995470 ) ) ;
#1149 = CYLINDRICAL_SURFACE ( 'NONE', #99, 1.599999999999993872 ) ;
#1150 = VERTEX_POINT ( 'NONE', #794 ) ;
#1151 = AXIS2_PLACEMENT_3D ( 'NONE', #419, #3152, #2603 ) ;
#1152 = VERTEX_POINT ( 'NONE', #3518 ) ;
#1153 = CARTESIAN_POINT ( 'NONE',  ( 0.000000000000000000, 2.999999999999996003, 0.000000000000000000 ) ) ;
#1154 = DIRECTION ( 'NONE',  ( -0.4999999999999897304, 0.000000000000000000, 0.8660254037844444808 ) ) ;
#1155 = ORIENTED_EDGE ( 'NONE', *, *, #172, .F. ) ;
#1156 = DIRECTION ( 'NONE',  ( 0.000000000000000000, 1.000000000000000000, 0.000000000000000000 ) ) ;
#1157 = LINE ( 'NONE', #3051, #2495 ) ;
#1158 = EDGE_CURVE ( 'NONE', #134, #3304, #829, .T. ) ;
#1159 = ADVANCED_FACE ( 'NONE', ( #1304 ), #3479, .F. ) ;
#1160 = ORIENTED_EDGE ( 'NONE', *, *, #1000, .F. ) ;
#1161 = DIRECTION ( 'NONE',  ( 0.000000000000000000, -1.000000000000000000, 0.000000000000000000 ) ) ;
#1162 = EDGE_CURVE ( 'NONE', #445, #707, #3498, .T. ) ;
#1163 = CYLINDRICAL_SURFACE ( 'NONE', #561, 30.00000000000000000 ) ;
#1164 = ORIENTED_EDGE ( 'NONE', *, *, #875, .T. ) ;
#1165 = DIRECTION ( 'NONE',  ( -0.000000000000000000, -1.000000000000000000, -0.000000000000000000 ) ) ;
#1166 = SHAPE_DEFINITION_REPRESENTATION ( #1849, #3025 ) ;
#1167 = DIRECTION ( 'NONE',  ( 0.8660254037844385966, 0.000000000000000000, -0.5000000000000001110 ) ) ;
#1168 = VERTEX_POINT ( 'NONE', #1041 ) ;
#1169 = EDGE_LOOP ( 'NONE', ( #3175, #347, #1888, #1413 ) ) ;
#1170 = FACE_OUTER_BOUND ( 'NONE', #1471, .T. ) ;
#1171 = CYLINDRICAL_SURFACE ( 'NONE', #2666, 1.649999999999994360 ) ;
#1172 = ORIENTED_EDGE ( 'NONE', *, *, #612, .T. ) ;
#1173 = DIRECTION ( 'NONE',  ( 0.000000000000000000, 1.000000000000000000, 0.000000000000000000 ) ) ;
#1174 = CARTESIAN_POINT ( 'NONE',  ( 1.674315780649818342, 9.999999999999996447, 23.09999999999999432 ) ) ;
#1175 = ORIENTED_EDGE ( 'NONE', *, *, #1986, .F. ) ;
#1176 = EDGE_CURVE ( 'NONE', #1346, #1311, #793, .T. ) ;
#1177 = DIRECTION ( 'NONE',  ( -0.000000000000000000, 0.000000000000000000, -1.000000000000000000 ) ) ;
#1178 = DIRECTION ( 'NONE',  ( 1.000000000000000000, 0.000000000000000000, -9.436895709313830594E-15 ) ) ;
#1179 = EDGE_CURVE ( 'NONE', #659, #3442, #618, .T. ) ;
#1180 = LINE ( 'NONE', #2277, #685 ) ;
#1181 =( LENGTH_UNIT ( ) NAMED_UNIT ( * ) SI_UNIT ( .MILLI., .METRE. ) );
#1182 = CARTESIAN_POINT ( 'NONE',  ( -6.999999999999999112, 4.999999999999993783, 0.000000000000000000 ) ) ;
#1183 = CIRCLE ( 'NONE', #1646, 1.599999999999993872 ) ;
#1184 = CYLINDRICAL_SURFACE ( 'NONE', #2190, 22.00000000000000000 ) ;
#1185 = CARTESIAN_POINT ( 'NONE',  ( -9.499999999999960920, 2.999999999999997335, 16.45448267190435487 ) ) ;
#1186 = ORIENTED_EDGE ( 'NONE', *, *, #880, .T. ) ;
#1187 = CARTESIAN_POINT ( 'NONE',  ( -19.00000000000000000, 2.999999999999997335, 0.000000000000000000 ) ) ;
#1188 = ORIENTED_EDGE ( 'NONE', *, *, #830, .F. ) ;
#1189 = ORIENTED_EDGE ( 'NONE', *, *, #3141, .F. ) ;
#1190 = CARTESIAN_POINT ( 'NONE',  ( -1.409462824231155764E-15, 2.999999999999995559, 6.999999999999999112 ) ) ;
#1191 = CIRCLE ( 'NONE', #2284, 8.500000000000000000 ) ;
#1192 = CARTESIAN_POINT ( 'NONE',  ( -23.90230114445048315, 6.999999999999995559, -13.80000000000002913 ) ) ;
#1193 = EDGE_CURVE ( 'NONE', #358, #1400, #2731, .T. ) ;
#1194 = DIRECTION ( 'NONE',  ( -0.000000000000000000, -1.000000000000000000, -0.000000000000000000 ) ) ;
#1195 = CARTESIAN_POINT ( 'NONE',  ( 20.33552631578946901, 1.599999999999996092, -8.394424903460260268 ) ) ;
#1196 = CIRCLE ( 'NONE', #2350, 1.599999999999995426 ) ;
#1197 = EDGE_CURVE ( 'NONE', #1583, #1072, #2136, .T. ) ;
#1198 = EDGE_CURVE ( 'NONE', #297, #2682, #2193, .T. ) ;
#1199 = EDGE_LOOP ( 'NONE', ( #2599, #3493 ) ) ;
#1200 = AXIS2_PLACEMENT_3D ( 'NONE', #514, #3003, #1107 ) ;
#1201 = DIRECTION ( 'NONE',  ( 0.000000000000000000, 1.000000000000000000, 0.000000000000000000 ) ) ;
#1202 = DIRECTION ( 'NONE',  ( 0.000000000000000000, -1.000000000000000000, 0.000000000000000000 ) ) ;
#1203 = AXIS2_PLACEMENT_3D ( 'NONE', #1104, #2199, #2748 ) ;
#1204 = ORIENTED_EDGE ( 'NONE', *, *, #8, .F. ) ;
#1205 = CARTESIAN_POINT ( 'NONE',  ( -3.348631561299930670, 6.999999999999996447, 26.00000000000000355 ) ) ;
#1206 = CIRCLE ( 'NONE', #2529, 22.00000000000000000 ) ;
#1207 = CARTESIAN_POINT ( 'NONE',  ( -1.409462824231155764E-15, 6.499999999999995559, 6.999999999999999112 ) ) ;
#1208 = CARTESIAN_POINT ( 'NONE',  ( -2.897977941337361418, 0.1999999999999970968, 21.80829484053079526 ) ) ;
#1209 = ORIENTED_EDGE ( 'NONE', *, *, #2029, .T. ) ;
#1210 = LINE ( 'NONE', #894, #2915 ) ;
#1211 = DIRECTION ( 'NONE',  ( -0.000000000000000000, -1.000000000000000000, -0.000000000000000000 ) ) ;
#1212 = VERTEX_POINT ( 'NONE', #2115 ) ;
#1213 = FACE_OUTER_BOUND ( 'NONE', #1169, .T. ) ;
#1214 = LINE ( 'NONE', #735, #952 ) ;
#1215 = ORIENTED_EDGE ( 'NONE', *, *, #3207, .F. ) ;
#1216 = EDGE_CURVE ( 'NONE', #409, #2349, #2276, .T. ) ;
#1217 = CARTESIAN_POINT ( 'NONE',  ( 1.003307598432708088E-13, 0.1999999999999970690, -26.00000000000000000 ) ) ;
#1218 = FACE_BOUND ( 'NONE', #2664, .T. ) ;
#1219 = ORIENTED_EDGE ( 'NONE', *, *, #3438, .F. ) ;
#1220 = EDGE_CURVE ( 'NONE', #2140, #166, #2206, .T. ) ;
#1221 = FACE_OUTER_BOUND ( 'NONE', #2312, .T. ) ;
#1222 = DIRECTION ( 'NONE',  ( 0.000000000000000000, 1.000000000000000000, 0.000000000000000000 ) ) ;
#1223 = LINE ( 'NONE', #189, #2092 ) ;
#1224 = EDGE_LOOP ( 'NONE', ( #320, #690, #867, #3274 ) ) ;
#1225 = LINE ( 'NONE', #696, #1602 ) ;
#1226 = FACE_BOUND ( 'NONE', #2729, .T. ) ;
#1227 = ORIENTED_EDGE ( 'NONE', *, *, #2650, .T. ) ;
#1228 = LINE ( 'NONE', #914, #2969 ) ;
#1229 = CYLINDRICAL_SURFACE ( 'NONE', #847, 1.599999999999994982 ) ;
#1230 = VERTEX_POINT ( 'NONE', #3089 ) ;
#1231 = VECTOR ( 'NONE', #1154, 1000.000000000000114 ) ;
#1232 = DIRECTION ( 'NONE',  ( 4.336808689942030358E-15, 0.000000000000000000, 1.000000000000000000 ) ) ;
#1233 = AXIS2_PLACEMENT_3D ( 'NONE', #3521, #3010, #2446 ) ;
#1234 = EDGE_LOOP ( 'NONE', ( #766, #2146 ) ) ;
#1235 = EDGE_CURVE ( 'NONE', #3496, #2482, #2452, .T. ) ;
#1236 = VERTEX_POINT ( 'NONE', #1429 ) ;
#1237 = CIRCLE ( 'NONE', #1128, 32.00000000000000711 ) ;
#1238 = DIRECTION ( 'NONE',  ( -0.000000000000000000, -1.000000000000000000, -0.000000000000000000 ) ) ;
#1239 = DIRECTION ( 'NONE',  ( 0.000000000000000000, -1.000000000000000000, 0.000000000000000000 ) ) ;
#1240 = FACE_OUTER_BOUND ( 'NONE', #2950, .T. ) ;
#1241 = EDGE_CURVE ( 'NONE', #305, #977, #862, .T. ) ;
#1242 = ADVANCED_FACE ( 'NONE', ( #1719 ), #3349, .F. ) ;
#1243 = ORIENTED_EDGE ( 'NONE', *, *, #1927, .F. ) ;
#1244 = DIRECTION ( 'NONE',  ( -0.5000000000000001110, 0.000000000000000000, -0.8660254037844385966 ) ) ;
#1245 = DIRECTION ( 'NONE',  ( 0.000000000000000000, 0.000000000000000000, -1.000000000000000000 ) ) ;
#1246 = VERTEX_POINT ( 'NONE', #1111 ) ;
#1247 = DIRECTION ( 'NONE',  ( -0.000000000000000000, -1.000000000000000000, -0.000000000000000000 ) ) ;
#1248 = DIRECTION ( 'NONE',  ( 0.000000000000000000, 1.000000000000000000, 0.000000000000000000 ) ) ;
#1249 = CONICAL_SURFACE ( 'NONE', #1715, 3.149999999999995026, 0.7853981633974480570 ) ;
#1250 = ORIENTED_EDGE ( 'NONE', *, *, #48, .T. ) ;
#1251 = AXIS2_PLACEMENT_3D ( 'NONE', #359, #3117, #1476 ) ;
#1252 = DIRECTION ( 'NONE',  ( 0.5000000000000101030, 0.000000000000000000, 0.8660254037844328234 ) ) ;
#1253 = CARTESIAN_POINT ( 'NONE',  ( -9.500000000000191847, 2.999999999999997335, -16.45448267190422342 ) ) ;
#1254 = ORIENTED_EDGE ( 'NONE', *, *, #2972, .F. ) ;
#1255 = CIRCLE ( 'NONE', #2918, 8.500000000000000000 ) ;
#1256 = ORIENTED_EDGE ( 'NONE', *, *, #2035, .T. ) ;
#1257 = DIRECTION ( 'NONE',  ( 0.000000000000000000, 0.000000000000000000, -1.000000000000000000 ) ) ;
#1258 = CARTESIAN_POINT ( 'NONE',  ( -24.19097627904530157, 9.999999999999996447, 15.90000000000003233 ) ) ;
#1259 = CARTESIAN_POINT ( 'NONE',  ( -22.51666049839539596, 0.1999999999999970690, 13.00000000000001954 ) ) ;
#1260 = CIRCLE ( 'NONE', #2354, 22.00000000000000000 ) ;
#1261 = VERTEX_POINT ( 'NONE', #895 ) ;
#1262 = AXIS2_PLACEMENT_3D ( 'NONE', #2462, #2137, #3499 ) ;
#1263 = CARTESIAN_POINT ( 'NONE',  ( 0.000000000000000000, 2.999999999999996003, 0.000000000000000000 ) ) ;
#1264 = EDGE_CURVE ( 'NONE', #3171, #1468, #308, .T. ) ;
#1265 = EDGE_CURVE ( 'NONE', #1875, #644, #2545, .T. ) ;
#1266 = CARTESIAN_POINT ( 'NONE',  ( 19.00000000000000000, 2.999999999999997335, 0.000000000000000000 ) ) ;
#1267 = ORIENTED_EDGE ( 'NONE', *, *, #3372, .F. ) ;
#1268 = CARTESIAN_POINT ( 'NONE',  ( 3.348631561299930670, 6.999999999999996447, -26.00000000000000355 ) ) ;
#1269 = EDGE_CURVE ( 'NONE', #141, #506, #1183, .T. ) ;
#1270 = CARTESIAN_POINT ( 'NONE',  ( 20.84234471774553299, 6.999999999999996447, 10.09999999999988773 ) ) ;
#1271 = ORIENTED_EDGE ( 'NONE', *, *, #372, .T. ) ;
#1272 = CARTESIAN_POINT ( 'NONE',  ( 25.86529205969530665, 9.999999999999996447, 12.99999999999984368 ) ) ;
#1273 = DIRECTION ( 'NONE',  ( -0.8660254037844433705, 0.000000000000000000, -0.4999999999999917288 ) ) ;
#1274 = ORIENTED_EDGE ( 'NONE', *, *, #1461, .F. ) ;
#1275 = EDGE_LOOP ( 'NONE', ( #824, #227, #1848, #1116 ) ) ;
#1276 = DIRECTION ( 'NONE',  ( -0.000000000000000000, -1.000000000000000000, -0.000000000000000000 ) ) ;
#1277 = CARTESIAN_POINT ( 'NONE',  ( 25.86529205969513256, 9.999999999999996447, -13.00000000000021494 ) ) ;
#1278 = FACE_BOUND ( 'NONE', #505, .T. ) ;
#1279 = ORIENTED_EDGE ( 'NONE', *, *, #2257, .F. ) ;
#1280 = CYLINDRICAL_SURFACE ( 'NONE', #120, 3.000000000000000444 ) ;
#1281 = CARTESIAN_POINT ( 'NONE',  ( -1.409462824231155764E-15, 4.999999999999993783, 3.850000000000004086 ) ) ;
#1282 = ADVANCED_FACE ( 'NONE', ( #1412 ), #1163, .T. ) ;
#1283 = ORIENTED_EDGE ( 'NONE', *, *, #2055, .T. ) ;
#1284 = DIRECTION ( 'NONE',  ( 0.000000000000000000, 1.000000000000000000, 0.000000000000000000 ) ) ;
#1285 = CARTESIAN_POINT ( 'NONE',  ( -9.500000000000191847, 9.999999999999996447, -16.45448267190422342 ) ) ;
#1286 = ORIENTED_EDGE ( 'NONE', *, *, #879, .T. ) ;
#1287 = EDGE_CURVE ( 'NONE', #1122, #850, #1700, .T. ) ;
#1288 = EDGE_CURVE ( 'NONE', #2465, #287, #1012, .T. ) ;
#1289 = CARTESIAN_POINT ( 'NONE',  ( -24.19097627904530157, 6.999999999999996447, 15.90000000000003233 ) ) ;
#1290 = CARTESIAN_POINT ( 'NONE',  ( 22.51666049839547412, 0.1999999999999970690, 12.99999999999987566 ) ) ;
#1292 = ORIENTED_EDGE ( 'NONE', *, *, #1743, .T. ) ;
#1291 = AXIS2_PLACEMENT_3D ( 'NONE', #1185, #2282, #3357 ) ;
#1293 = ORIENTED_EDGE ( 'NONE', *, *, #2498, .F. ) ;
#1294 = CARTESIAN_POINT ( 'NONE',  ( -25.86529205969522849, 6.999999999999996447, 13.00000000000003553 ) ) ;
#1295 = CARTESIAN_POINT ( 'NONE',  ( 20.84234471774558628, 6.999999999999996447, 15.89999999999989377 ) ) ;
#1296 = AXIS2_PLACEMENT_3D ( 'NONE', #667, #3388, #3465 ) ;
#1297 = DIRECTION ( 'NONE',  ( -0.4999999999999998890, 0.000000000000000000, 0.8660254037844387076 ) ) ;
#1298 = VECTOR ( 'NONE', #702, 1000.000000000000000 ) ;
#1299 = VERTEX_POINT ( 'NONE', #1969 ) ;
#1300 = CARTESIAN_POINT ( 'NONE',  ( 6.026041762285168599E-16, 4.999999999999993783, -3.850000000000005418 ) ) ;
#1301 = CARTESIAN_POINT ( 'NONE',  ( -19.16802893709555278, 6.999999999999996447, -13.00000000000003730 ) ) ;
#1302 = ORIENTED_EDGE ( 'NONE', *, *, #1078, .T. ) ;
#1303 = DIRECTION ( 'NONE',  ( 0.000000000000000000, 0.000000000000000000, -1.000000000000000000 ) ) ;
#1304 = FACE_OUTER_BOUND ( 'NONE', #1928, .T. ) ;
#1305 = FACE_OUTER_BOUND ( 'NONE', #2557, .T. ) ;
#1306 = EDGE_CURVE ( 'NONE', #1815, #2797, #78, .T. ) ;
#1307 = EDGE_CURVE ( 'NONE', #3467, #3528, #2258, .T. ) ;
#1308 = CARTESIAN_POINT ( 'NONE',  ( -1.674315780650012409, 9.999999999999996447, 23.09999999999999432 ) ) ;
#1309 = CIRCLE ( 'NONE', #3299, 1.649999999999993472 ) ;
#1310 = EDGE_LOOP ( 'NONE', ( #2889, #540, #2678, #539 ) ) ;
#1311 = VERTEX_POINT ( 'NONE', #2508 ) ;
#1312 = AXIS2_PLACEMENT_3D ( 'NONE', #931, #648, #2530 ) ;
#1313 = DIRECTION ( 'NONE',  ( 0.000000000000000000, 0.000000000000000000, -1.000000000000000000 ) ) ;
#1314 = CARTESIAN_POINT ( 'NONE',  ( -16.86121593216769909, 2.999999999999997335, 12.20448267190436908 ) ) ;
#1315 = CARTESIAN_POINT ( 'NONE',  ( -19.00000000000000000, 2.999999999999997335, 8.500000000000000000 ) ) ;
#1316 = VERTEX_POINT ( 'NONE', #1935 ) ;
#1317 = ORIENTED_EDGE ( 'NONE', *, *, #1769, .T. ) ;
#1318 = VECTOR ( 'NONE', #366, 1000.000000000000000 ) ;
#1319 = CARTESIAN_POINT ( 'NONE',  ( 1.674315780649819230, 6.999999999999996447, 28.90000000000000213 ) ) ;
#1320 = LINE ( 'NONE', #2424, #1138 ) ;
#1321 = AXIS2_PLACEMENT_3D ( 'NONE', #3047, #651, #2550 ) ;
#1322 = ORIENTED_EDGE ( 'NONE', *, *, #92, .F. ) ;
#1323 = DIRECTION ( 'NONE',  ( -0.000000000000000000, -1.000000000000000000, 0.000000000000000000 ) ) ;
#1324 = VECTOR ( 'NONE', #1774, 1000.000000000000000 ) ;
#1325 = CARTESIAN_POINT ( 'NONE',  ( -19.00000000000000000, -15.00000000000001243, 0.000000000000000000 ) ) ;
#1326 = COLOUR_RGB ( '',0.4980392156862745168, 0.4980392156862745168, 0.4980392156862745168 ) ;
#1327 = DIRECTION ( 'NONE',  ( 0.4999999999999897304, 0.000000000000000000, -0.8660254037844444808 ) ) ;
#1328 = DIRECTION ( 'NONE',  ( 0.000000000000000000, 1.000000000000000000, 0.000000000000000000 ) ) ;
#1329 = ORIENTED_EDGE ( 'NONE', *, *, #699, .T. ) ;
#1330 = ADVANCED_FACE ( 'NONE', ( #58 ), #912, .F. ) ;
#1331 = VERTEX_POINT ( 'NONE', #24 ) ;
#1332 = DIRECTION ( 'NONE',  ( 0.8660254037844393737, 0.000000000000000000, 0.4999999999999985567 ) ) ;
#1333 = FACE_OUTER_BOUND ( 'NONE', #1069, .T. ) ;
#1334 = DIRECTION ( 'NONE',  ( -0.000000000000000000, 1.000000000000000000, -0.000000000000000000 ) ) ;
#1335 = ADVANCED_FACE ( 'NONE', ( #3024 ), #448, .F. ) ;
#1336 = ORIENTED_EDGE ( 'NONE', *, *, #1484, .T. ) ;
#1337 = ORIENTED_EDGE ( 'NONE', *, *, #3179, .F. ) ;
#1338 = CARTESIAN_POINT ( 'NONE',  ( 20.33552631578946901, 0.1999999999999970968, 8.394424903460263820 ) ) ;
#1339 = ORIENTED_EDGE ( 'NONE', *, *, #1241, .F. ) ;
#1340 = LINE ( 'NONE', #2933, #1022 ) ;
#1341 = ORIENTED_EDGE ( 'NONE', *, *, #613, .T. ) ;
#1342 = CARTESIAN_POINT ( 'NONE',  ( -1.003307598432708088E-13, 6.999999999999995559, 26.00000000000000000 ) ) ;
#1343 = CARTESIAN_POINT ( 'NONE',  ( -21.13101985234030167, 6.999999999999995559, 12.20000000000001705 ) ) ;
#1344 = LINE ( 'NONE', #1615, #1384 ) ;
#1345 = PLANE ( 'NONE',  #726 ) ;
#1346 = VERTEX_POINT ( 'NONE', #1394 ) ;
#1347 = FACE_OUTER_BOUND ( 'NONE', #2226, .T. ) ;
#1348 = DIRECTION ( 'NONE',  ( -0.5000000000000001110, 0.000000000000000000, -0.8660254037844385966 ) ) ;
#1349 = AXIS2_PLACEMENT_3D ( 'NONE', #2268, #2555, #2019 ) ;
#1350 = PRODUCT_RELATED_PRODUCT_CATEGORY ( 'part', '', ( #388 ) ) ;
#1351 = ORIENTED_EDGE ( 'NONE', *, *, #172, .T. ) ;
#1352 = CIRCLE ( 'NONE', #2447, 1.599999999999993872 ) ;
#1353 = EDGE_LOOP ( 'NONE', ( #907, #1686, #1723, #2453, #2768, #904 ) ) ;
#1354 = LINE ( 'NONE', #1644, #348 ) ;
#1355 = ORIENTED_EDGE ( 'NONE', *, *, #546, .F. ) ;
#1356 = EDGE_CURVE ( 'NONE', #1814, #427, #2461, .T. ) ;
#1357 = EDGE_CURVE ( 'NONE', #1787, #2182, #2624, .T. ) ;
#1358 = ORIENTED_EDGE ( 'NONE', *, *, #550, .F. ) ;
#1359 = CARTESIAN_POINT ( 'NONE',  ( 1.674315780649819230, 9.999999999999996447, 28.90000000000000213 ) ) ;
#1360 = AXIS2_PLACEMENT_3D ( 'NONE', #3072, #1145, #360 ) ;
#1361 = CARTESIAN_POINT ( 'NONE',  ( 6.999999999999999112, -15.00000000000000711, 0.000000000000000000 ) ) ;
#1362 = CARTESIAN_POINT ( 'NONE',  ( 24.19097627904525538, 6.999999999999996447, -10.10000000000019504 ) ) ;
#1363 = CARTESIAN_POINT ( 'NONE',  ( 9.499999999999847233, 9.999999999999996447, -16.45448267190441882 ) ) ;
#1364 = ORIENTED_EDGE ( 'NONE', *, *, #1399, .F. ) ;
#1365 = ORIENTED_EDGE ( 'NONE', *, *, #372, .F. ) ;
#1366 = AXIS2_PLACEMENT_3D ( 'NONE', #2348, #3420, #646 ) ;
#1367 = CARTESIAN_POINT ( 'NONE',  ( 24.19097627904536552, 9.999999999999996447, 10.09999999999985576 ) ) ;
#1368 = DIRECTION ( 'NONE',  ( 0.000000000000000000, 1.000000000000000000, 0.000000000000000000 ) ) ;
#1369 = AXIS2_PLACEMENT_3D ( 'NONE', #2510, #799, #1891 ) ;
#1370 = EDGE_LOOP ( 'NONE', ( #1106, #616, #1355, #2964 ) ) ;
#1371 = ORIENTED_EDGE ( 'NONE', *, *, #2055, .F. ) ;
#1372 = DIRECTION ( 'NONE',  ( 0.000000000000000000, 1.000000000000000000, 0.000000000000000000 ) ) ;
#1373 = ORIENTED_EDGE ( 'NONE', *, *, #27, .T. ) ;
#1374 = AXIS2_PLACEMENT_3D ( 'NONE', #2577, #1498, #126 ) ;
#1375 = ORIENTED_EDGE ( 'NONE', *, *, #3463, .F. ) ;
#1376 = VECTOR ( 'NONE', #2217, 1000.000000000000000 ) ;
#1377 = UNCERTAINTY_MEASURE_WITH_UNIT (LENGTH_MEASURE( 1.000000000000000082E-05 ), #1181, 'distance_accuracy_value', 'NONE');
#1378 = ADVANCED_FACE ( 'NONE', ( #3366 ), #165, .F. ) ;
#1379 = EDGE_CURVE ( 'NONE', #259, #87, #2850, .T. ) ;
#1380 = CARTESIAN_POINT ( 'NONE',  ( 3.673940397442060361E-16, 2.999999999999995559, 3.000000000000000444 ) ) ;
#1381 = CARTESIAN_POINT ( 'NONE',  ( 0.000000000000000000, 11.99999999999999645, -3.000000000000000444 ) ) ;
#1382 = VECTOR ( 'NONE', #1580, 1000.000000000000114 ) ;
#1383 = EDGE_CURVE ( 'NONE', #2832, #2187, #1654, .T. ) ;
#1384 = VECTOR ( 'NONE', #256, 1000.000000000000000 ) ;
#1385 = DIRECTION ( 'NONE',  ( 0.5000000000000001110, 0.000000000000000000, 0.8660254037844385966 ) ) ;
#1386 = ORIENTED_EDGE ( 'NONE', *, *, #2082, .T. ) ;
#1387 = DIRECTION ( 'NONE',  ( -0.000000000000000000, -1.000000000000000000, -0.000000000000000000 ) ) ;
#1388 = DIRECTION ( 'NONE',  ( 0.000000000000000000, 0.000000000000000000, -1.000000000000000000 ) ) ;
#1389 = ORIENTED_EDGE ( 'NONE', *, *, #2166, .T. ) ;
#1390 = LINE ( 'NONE', #1876, #3138 ) ;
#1391 = ORIENTED_EDGE ( 'NONE', *, *, #2056, .F. ) ;
#1392 = ORIENTED_EDGE ( 'NONE', *, *, #2777, .T. ) ;
#1393 = DIRECTION ( 'NONE',  ( 1.000000000000000000, 0.000000000000000000, -9.436895709313830594E-15 ) ) ;
#1394 = CARTESIAN_POINT ( 'NONE',  ( -16.86121593216787318, 9.999999999999996447, -12.20448267190413638 ) ) ;
#1395 = ADVANCED_FACE ( 'NONE', ( #2038, #3401, #1747, #713, #1803, #1226 ), #1785, .T. ) ;
#1396 = FACE_OUTER_BOUND ( 'NONE', #2030, .T. ) ;
#1397 = DIRECTION ( 'NONE',  ( -1.000000000000000000, 0.000000000000000000, 2.442490654175344389E-15 ) ) ;
#1398 = EDGE_CURVE ( 'NONE', #3121, #729, #2225, .T. ) ;
#1399 = EDGE_CURVE ( 'NONE', #492, #809, #2091, .T. ) ;
#1400 = VERTEX_POINT ( 'NONE', #1512 ) ;
#1401 = ORIENTED_EDGE ( 'NONE', *, *, #368, .F. ) ;
#1402 = CARTESIAN_POINT ( 'NONE',  ( 0.000000000000000000, 2.999999999999996003, 0.000000000000000000 ) ) ;
#1403 = DIRECTION ( 'NONE',  ( 0.000000000000000000, 0.000000000000000000, -1.000000000000000000 ) ) ;
#1404 = ORIENTED_EDGE ( 'NONE', *, *, #2177, .T. ) ;
#1405 = FACE_BOUND ( 'NONE', #1199, .T. ) ;
#1406 = CIRCLE ( 'NONE', #39, 3.149999999999995470 ) ;
#1407 = EDGE_LOOP ( 'NONE', ( #1955, #1944, #598, #2068 ) ) ;
#1408 = AXIS2_PLACEMENT_3D ( 'NONE', #1738, #2616, #2883 ) ;
#1409 = EDGE_LOOP ( 'NONE', ( #198, #733, #1850, #2470 ) ) ;
#1410 = LINE ( 'NONE', #3101, #2235 ) ;
#1411 = AXIS2_PLACEMENT_3D ( 'NONE', #1433, #579, #2245 ) ;
#1412 = FACE_OUTER_BOUND ( 'NONE', #398, .T. ) ;
#1413 = ORIENTED_EDGE ( 'NONE', *, *, #2690, .F. ) ;
#1414 = VECTOR ( 'NONE', #964, 1000.000000000000000 ) ;
#1415 = DIRECTION ( 'NONE',  ( -0.000000000000000000, -1.000000000000000000, -0.000000000000000000 ) ) ;
#1416 = DIRECTION ( 'NONE',  ( -0.000000000000000000, -1.000000000000000000, -0.000000000000000000 ) ) ;
#1417 = ORIENTED_EDGE ( 'NONE', *, *, #1569, .T. ) ;
#1418 = EDGE_LOOP ( 'NONE', ( #2448, #1899, #2186, #1917 ) ) ;
#1419 = EDGE_CURVE ( 'NONE', #1896, #650, #3437, .T. ) ;
#1420 = EDGE_CURVE ( 'NONE', #2509, #3342, #508, .T. ) ;
#1421 = DIRECTION ( 'NONE',  ( 0.000000000000000000, 0.000000000000000000, 1.000000000000000000 ) ) ;
#1422 = PLANE ( 'NONE',  #153 ) ;
#1423 = ORIENTED_EDGE ( 'NONE', *, *, #1356, .T. ) ;
#1424 = PLANE ( 'NONE',  #2063 ) ;
#1425 = FACE_BOUND ( 'NONE', #21, .T. ) ;
#1426 = CIRCLE ( 'NONE', #394, 22.00000000000000000 ) ;
#1427 = EDGE_LOOP ( 'NONE', ( #2568, #711, #1505, #264, #318, #2398 ) ) ;
#1428 = DIRECTION ( 'NONE',  ( -1.000000000000000000, 0.000000000000000000, 2.442490654175344389E-15 ) ) ;
#1429 = CARTESIAN_POINT ( 'NONE',  ( 2.897977941337513741, 0.1999999999999970968, 21.80829484053077394 ) ) ;
#1430 = VECTOR ( 'NONE', #1244, 1000.000000000000000 ) ;
#1431 = LINE ( 'NONE', #3058, #3474 ) ;
#1432 = VECTOR ( 'NONE', #3449, 1000.000000000000000 ) ;
#1433 = CARTESIAN_POINT ( 'NONE',  ( -6.999999999999999112, -15.00000000000000711, 0.000000000000000000 ) ) ;
#1434 = ORIENTED_EDGE ( 'NONE', *, *, #703, .F. ) ;
#1435 = AXIS2_PLACEMENT_3D ( 'NONE', #524, #1592, #3482 ) ;
#1436 = ORIENTED_EDGE ( 'NONE', *, *, #2144, .T. ) ;
#1437 = CARTESIAN_POINT ( 'NONE',  ( 19.16802893709564515, 6.999999999999996447, 12.99999999999990408 ) ) ;
#1438 = CARTESIAN_POINT ( 'NONE',  ( -1.005267033311343951E-13, 0.1999999999999970690, 24.40000000000000568 ) ) ;
#1439 = EDGE_CURVE ( 'NONE', #1311, #1346, #3531, .T. ) ;
#1440 = ORIENTED_EDGE ( 'NONE', *, *, #47, .F. ) ;
#1441 = CARTESIAN_POINT ( 'NONE',  ( -6.999999999999999112, 2.999999999999995559, -3.149999999999997247 ) ) ;
#1442 = LINE ( 'NONE', #1174, #3109 ) ;
#1443 = EDGE_CURVE ( 'NONE', #506, #141, #1591, .T. ) ;
#1444 = ORIENTED_EDGE ( 'NONE', *, *, #3017, .F. ) ;
#1445 = CYLINDRICAL_SURFACE ( 'NONE', #1664, 1.599999999999995426 ) ;
#1446 = DIRECTION ( 'NONE',  ( -1.000000000000000000, 0.000000000000000000, 0.000000000000000000 ) ) ;
#1447 = ORIENTED_EDGE ( 'NONE', *, *, #1660, .T. ) ;
#1448 = DIRECTION ( 'NONE',  ( -9.436895709313830594E-15, 0.000000000000000000, -1.000000000000000000 ) ) ;
#1449 =( NAMED_UNIT ( * ) SI_UNIT ( $, .STERADIAN. ) SOLID_ANGLE_UNIT ( ) );
#1450 = LINE ( 'NONE', #327, #328 ) ;
#1451 = ORIENTED_EDGE ( 'NONE', *, *, #369, .T. ) ;
#1452 = CARTESIAN_POINT ( 'NONE',  ( 6.999999999999999112, -15.00000000000000711, 1.649999999999994360 ) ) ;
#1453 = CARTESIAN_POINT ( 'NONE',  ( 1.674315780649819230, 9.999999999999996447, 28.90000000000000213 ) ) ;
#1454 = ORIENTED_EDGE ( 'NONE', *, *, #2952, .F. ) ;
#1455 = DIRECTION ( 'NONE',  ( 0.000000000000000000, 1.000000000000000000, 0.000000000000000000 ) ) ;
#1456 = CARTESIAN_POINT ( 'NONE',  ( -1.409462824231155764E-15, 4.999999999999993783, 3.850000000000004086 ) ) ;
#1457 = VERTEX_POINT ( 'NONE', #1192 ) ;
#1458 = AXIS2_PLACEMENT_3D ( 'NONE', #3450, #710, #3470 ) ;
#1459 = CARTESIAN_POINT ( 'NONE',  ( 23.90230114445039078, 0.1999999999999970690, -13.80000000000018900 ) ) ;
#1460 = EDGE_CURVE ( 'NONE', #2803, #1896, #2892, .T. ) ;
#1461 = EDGE_CURVE ( 'NONE', #1624, #3278, #2311, .T. ) ;
#1462 = DIRECTION ( 'NONE',  ( 0.000000000000000000, 0.000000000000000000, -1.000000000000000000 ) ) ;
#1463 = AXIS2_PLACEMENT_3D ( 'NONE', #1977, #2801, #2249 ) ;
#1464 = FACE_OUTER_BOUND ( 'NONE', #513, .T. ) ;
#1465 = VECTOR ( 'NONE', #563, 1000.000000000000000 ) ;
#1466 = DIRECTION ( 'NONE',  ( -0.000000000000000000, 1.000000000000000000, -0.000000000000000000 ) ) ;
#1468 = VERTEX_POINT ( 'NONE', #1533 ) ;
#1467 = VECTOR ( 'NONE', #2370, 1000.000000000000000 ) ;
#1469 = DIRECTION ( 'NONE',  ( 0.000000000000000000, 0.000000000000000000, 1.000000000000000000 ) ) ;
#1470 = DIRECTION ( 'NONE',  ( 0.000000000000000000, 0.000000000000000000, -1.000000000000000000 ) ) ;
#1471 = EDGE_LOOP ( 'NONE', ( #767, #1254, #2728, #2633 ) ) ;
#1472 = LINE ( 'NONE', #2587, #803 ) ;
#1473 = CARTESIAN_POINT ( 'NONE',  ( -16.86121593216787318, -15.00000000000001243, -12.20448267190413638 ) ) ;
#1474 = DIRECTION ( 'NONE',  ( 0.000000000000000000, 1.000000000000000000, 0.000000000000000000 ) ) ;
#1475 = ORIENTED_EDGE ( 'NONE', *, *, #1379, .F. ) ;
#1476 = DIRECTION ( 'NONE',  ( 0.000000000000000000, 0.000000000000000000, -1.000000000000000000 ) ) ;
#1477 = AXIS2_PLACEMENT_3D ( 'NONE', #323, #2527, #293 ) ;
#1478 = DIRECTION ( 'NONE',  ( 0.000000000000000000, -0.000000000000000000, -1.000000000000000000 ) ) ;
#1479 = ADVANCED_FACE ( 'NONE', ( #996 ), #2826, .F. ) ;
#1480 = AXIS2_PLACEMENT_3D ( 'NONE', #2960, #2980, #1313 ) ;
#1481 = PLANE ( 'NONE',  #1374 ) ;
#1482 = DIRECTION ( 'NONE',  ( -0.000000000000000000, -1.000000000000000000, -0.000000000000000000 ) ) ;
#1483 = AXIS2_PLACEMENT_3D ( 'NONE', #1735, #2827, #1703 ) ;
#1484 = EDGE_CURVE ( 'NONE', #1624, #267, #1191, .T. ) ;
#1485 = CIRCLE ( 'NONE', #1951, 8.500000000000000000 ) ;
#1486 = LINE ( 'NONE', #3387, #1324 ) ;
#1487 = FILL_AREA_STYLE_COLOUR ( '', #2670 ) ;
#1488 = CIRCLE ( 'NONE', #3481, 1.649999999999993472 ) ;
#1489 = ORIENTED_EDGE ( 'NONE', *, *, #2798, .T. ) ;
#1490 = CARTESIAN_POINT ( 'NONE',  ( 2.168404344971008868E-16, -15.00000000000000711, -7.000000000000000888 ) ) ;
#1491 = LINE ( 'NONE', #2361, #68 ) ;
#1492 = DIRECTION ( 'NONE',  ( 0.000000000000000000, 1.000000000000000000, 0.000000000000000000 ) ) ;
#1493 =( GEOMETRIC_REPRESENTATION_CONTEXT ( 3 ) GLOBAL_UNCERTAINTY_ASSIGNED_CONTEXT ( ( #1665 ) ) GLOBAL_UNIT_ASSIGNED_CONTEXT ( ( #2775, #884, #1449 ) ) REPRESENTATION_CONTEXT ( 'NONE', 'WORKASPACE' ) );
#1494 = ORIENTED_EDGE ( 'NONE', *, *, #915, .F. ) ;
#1495 = CARTESIAN_POINT ( 'NONE',  ( -3.348631561299735271, 6.999999999999996447, -26.00000000000000000 ) ) ;
#1496 = DIRECTION ( 'NONE',  ( 0.000000000000000000, 0.000000000000000000, -1.000000000000000000 ) ) ;
#1497 = ORIENTED_EDGE ( 'NONE', *, *, #2257, .T. ) ;
#1498 = DIRECTION ( 'NONE',  ( -4.829470157119430162E-15, 0.000000000000000000, -1.000000000000000000 ) ) ;
#1499 = EDGE_CURVE ( 'NONE', #2105, #1137, #3382, .T. ) ;
#1500 = CARTESIAN_POINT ( 'NONE',  ( 0.000000000000000000, 9.999999999999996447, 0.000000000000000000 ) ) ;
#1501 = ORIENTED_EDGE ( 'NONE', *, *, #2177, .F. ) ;
#1502 = CARTESIAN_POINT ( 'NONE',  ( 25.86529205969513256, 9.999999999999996447, -13.00000000000021494 ) ) ;
#1503 = EDGE_CURVE ( 'NONE', #1236, #329, #2742, .T. ) ;
#1504 = DIRECTION ( 'NONE',  ( 0.8660254037844365982, 0.000000000000000000, -0.5000000000000035527 ) ) ;
#1505 = ORIENTED_EDGE ( 'NONE', *, *, #2558, .T. ) ;
#1506 = ORIENTED_EDGE ( 'NONE', *, *, #1836, .T. ) ;
#1507 = CARTESIAN_POINT ( 'NONE',  ( 1.003307598432708088E-13, 0.1999999999999970690, -27.59999999999999432 ) ) ;
#1508 = DIRECTION ( 'NONE',  ( 0.000000000000000000, 0.000000000000000000, -1.000000000000000000 ) ) ;
#1509 = LINE ( 'NONE', #2324, #1866 ) ;
#1510 = ORIENTED_EDGE ( 'NONE', *, *, #245, .F. ) ;
#1511 = CARTESIAN_POINT ( 'NONE',  ( -19.00000000000000000, 2.999999999999997335, -8.500000000000000000 ) ) ;
#1512 = CARTESIAN_POINT ( 'NONE',  ( -6.999999999999999112, 6.499999999999995559, -1.649999999999995248 ) ) ;
#1513 = VERTEX_POINT ( 'NONE', #2575 ) ;
#1514 = DIRECTION ( 'NONE',  ( 0.000000000000000000, 0.000000000000000000, -1.000000000000000000 ) ) ;
#1515 = CARTESIAN_POINT ( 'NONE',  ( -23.90230114445049026, -15.00000000000000711, 13.80000000000002380 ) ) ;
#1516 = ORIENTED_EDGE ( 'NONE', *, *, #3271, .T. ) ;
#1517 = VECTOR ( 'NONE', #3505, 1000.000000000000000 ) ;
#1518 = ADVANCED_FACE ( 'NONE', ( #1036 ), #1056, .F. ) ;
#1519 = DIRECTION ( 'NONE',  ( 0.000000000000000000, -0.7071067811865477948, -0.7071067811865473507 ) ) ;
#1520 = CARTESIAN_POINT ( 'NONE',  ( 19.00000000000000000, 9.999999999999996447, 8.500000000000000000 ) ) ;
#1521 = AXIS2_PLACEMENT_3D ( 'NONE', #1114, #1416, #2512 ) ;
#1522 = ORIENTED_EDGE ( 'NONE', *, *, #1614, .F. ) ;
#1523 = EDGE_CURVE ( 'NONE', #3528, #59, #1608, .T. ) ;
#1524 = ADVANCED_FACE ( 'NONE', ( #230 ), #1553, .F. ) ;
#1525 = ORIENTED_EDGE ( 'NONE', *, *, #3253, .F. ) ;
#1526 = VECTOR ( 'NONE', #1018, 1000.000000000000000 ) ;
#1527 = FACE_OUTER_BOUND ( 'NONE', #2979, .T. ) ;
#1528 = DIRECTION ( 'NONE',  ( 0.000000000000000000, -1.000000000000000000, 0.000000000000000000 ) ) ;
#1529 = DIRECTION ( 'NONE',  ( -0.5000000000000039968, 0.000000000000000000, -0.8660254037844363761 ) ) ;
#1530 = ADVANCED_FACE ( 'NONE', ( #808 ), #3455, .F. ) ;
#1531 = EDGE_LOOP ( 'NONE', ( #714, #1164 ) ) ;
#1532 = LINE ( 'NONE', #1551, #1430 ) ;
#1533 = CARTESIAN_POINT ( 'NONE',  ( -20.84234471774546194, 9.999999999999996447, -10.10000000000003340 ) ) ;
#1534 = ORIENTED_EDGE ( 'NONE', *, *, #1460, .F. ) ;
#1535 = AXIS2_PLACEMENT_3D ( 'NONE', #2291, #2592, #1245 ) ;
#1536 = CARTESIAN_POINT ( 'NONE',  ( 25.86529205969513256, 6.999999999999996447, -13.00000000000021494 ) ) ;
#1537 = DIRECTION ( 'NONE',  ( 0.000000000000000000, 0.000000000000000000, -1.000000000000000000 ) ) ;
#1538 = CIRCLE ( 'NONE', #452, 8.500000000000000000 ) ;
#1539 = ORIENTED_EDGE ( 'NONE', *, *, #2715, .F. ) ;
#1540 = CARTESIAN_POINT ( 'NONE',  ( 6.999999999999999112, 4.999999999999993783, 0.000000000000000000 ) ) ;
#1541 = CYLINDRICAL_SURFACE ( 'NONE', #1871, 8.500000000000000000 ) ;
#1542 = ORIENTED_EDGE ( 'NONE', *, *, #131, .F. ) ;
#1543 = VECTOR ( 'NONE', #785, 1000.000000000000000 ) ;
#1544 = ORIENTED_EDGE ( 'NONE', *, *, #496, .F. ) ;
#1545 = LINE ( 'NONE', #434, #2745 ) ;
#1546 = CARTESIAN_POINT ( 'NONE',  ( 24.19097627904525538, 6.999999999999996447, -10.10000000000019504 ) ) ;
#1547 = CARTESIAN_POINT ( 'NONE',  ( 2.138784067832367519, 2.999999999999997335, 20.70448267190432645 ) ) ;
#1548 = EDGE_CURVE ( 'NONE', #2315, #2140, #1340, .T. ) ;
#1549 = VERTEX_POINT ( 'NONE', #1823 ) ;
#1550 = VECTOR ( 'NONE', #888, 1000.000000000000000 ) ;
#1551 = CARTESIAN_POINT ( 'NONE',  ( 3.348631561299735271, 6.999999999999996447, 26.00000000000000000 ) ) ;
#1552 = EDGE_CURVE ( 'NONE', #3002, #1661, #1309, .T. ) ;
#1553 = CYLINDRICAL_SURFACE ( 'NONE', #572, 8.500000000000000000 ) ;
#1554 = EDGE_LOOP ( 'NONE', ( #3033, #2334, #784, #537 ) ) ;
#1555 = LINE ( 'NONE', #3440, #3358 ) ;
#1556 = LINE ( 'NONE', #1751, #3346 ) ;
#1557 = ORIENTED_EDGE ( 'NONE', *, *, #534, .F. ) ;
#1558 = CARTESIAN_POINT ( 'NONE',  ( 1.003307598432708088E-13, 6.999999999999995559, -26.00000000000000000 ) ) ;
#1559 = DIRECTION ( 'NONE',  ( 1.959217102279687994E-14, 0.000000000000000000, -1.000000000000000000 ) ) ;
#1560 = VERTEX_POINT ( 'NONE', #1567 ) ;
#1561 = ORIENTED_EDGE ( 'NONE', *, *, #1197, .F. ) ;
#1562 = DIRECTION ( 'NONE',  ( -0.000000000000000000, -1.000000000000000000, -0.000000000000000000 ) ) ;
#1563 = CARTESIAN_POINT ( 'NONE',  ( -19.00000000000000000, 9.999999999999996447, 8.500000000000000000 ) ) ;
#1564 = DIRECTION ( 'NONE',  ( 0.8660254037844364872, 0.000000000000000000, -0.5000000000000039968 ) ) ;
#1565 = ORIENTED_EDGE ( 'NONE', *, *, #2597, .F. ) ;
#1566 = FACE_OUTER_BOUND ( 'NONE', #1796, .T. ) ;
#1567 = CARTESIAN_POINT ( 'NONE',  ( -3.348631561299735271, 9.999999999999996447, -26.00000000000000000 ) ) ;
#1568 = ORIENTED_EDGE ( 'NONE', *, *, #3115, .F. ) ;
#1569 = EDGE_CURVE ( 'NONE', #432, #2763, #2052, .T. ) ;
#1570 = EDGE_CURVE ( 'NONE', #2937, #1122, #1320, .T. ) ;
#1571 = CARTESIAN_POINT ( 'NONE',  ( 0.000000000000000000, 7.999999999999996447, 0.000000000000000000 ) ) ;
#1572 = FACE_OUTER_BOUND ( 'NONE', #2169, .T. ) ;
#1573 = AXIS2_PLACEMENT_3D ( 'NONE', #3361, #89, #401 ) ;
#1574 = DIRECTION ( 'NONE',  ( 0.000000000000000000, 0.000000000000000000, -1.000000000000000000 ) ) ;
#1575 = DIRECTION ( 'NONE',  ( -0.4999999999999998890, 0.000000000000000000, 0.8660254037844387076 ) ) ;
#1577 = EDGE_LOOP ( 'NONE', ( #2422, #1854 ) ) ;
#1576 = VECTOR ( 'NONE', #2468, 1000.000000000000114 ) ;
#1578 = ORIENTED_EDGE ( 'NONE', *, *, #2013, .F. ) ;
#1579 = CARTESIAN_POINT ( 'NONE',  ( -9.500000000000191847, 0.1999999999999970690, -16.45448267190422342 ) ) ;
#1580 = DIRECTION ( 'NONE',  ( 0.5000000000000021094, 0.000000000000000000, 0.8660254037844373753 ) ) ;
#1581 = AXIS2_PLACEMENT_3D ( 'NONE', #3236, #3216, #2957 ) ;
#1582 = DIRECTION ( 'NONE',  ( -0.000000000000000000, -1.000000000000000000, -0.000000000000000000 ) ) ;
#1583 = VERTEX_POINT ( 'NONE', #2150 ) ;
#1584 = ORIENTED_EDGE ( 'NONE', *, *, #2580, .F. ) ;
#1585 = DIRECTION ( 'NONE',  ( 0.000000000000000000, 0.000000000000000000, -1.000000000000000000 ) ) ;
#1586 = CARTESIAN_POINT ( 'NONE',  ( -6.999999999999999112, 9.999999999999994671, 0.000000000000000000 ) ) ;
#1587 = ORIENTED_EDGE ( 'NONE', *, *, #48, .F. ) ;
#1588 = DIRECTION ( 'NONE',  ( -0.000000000000000000, -1.000000000000000000, -0.000000000000000000 ) ) ;
#1589 = FACE_OUTER_BOUND ( 'NONE', #970, .T. ) ;
#1590 = ADVANCED_FACE ( 'NONE', ( #2440 ), #517, .F. ) ;
#1591 = CIRCLE ( 'NONE', #1997, 1.599999999999993872 ) ;
#1592 = DIRECTION ( 'NONE',  ( 0.000000000000000000, 1.000000000000000000, 0.000000000000000000 ) ) ;
#1593 = DIRECTION ( 'NONE',  ( -0.8660254037844433705, 0.000000000000000000, -0.4999999999999918399 ) ) ;
#1594 = AXIS2_PLACEMENT_3D ( 'NONE', #1579, #311, #244 ) ;
#1595 = ADVANCED_FACE ( 'NONE', ( #462 ), #1249, .F. ) ;
#1596 = ORIENTED_EDGE ( 'NONE', *, *, #3396, .T. ) ;
#1597 = ORIENTED_EDGE ( 'NONE', *, *, #880, .F. ) ;
#1598 = AXIS2_PLACEMENT_3D ( 'NONE', #575, #3516, #1649 ) ;
#1599 = LINE ( 'NONE', #1148, #1141 ) ;
#1600 = DIRECTION ( 'NONE',  ( 0.8660254037844433705, 0.000000000000000000, 0.4999999999999917288 ) ) ;
#1601 = DIRECTION ( 'NONE',  ( -0.4999999999999998335, 0.000000000000000000, 0.8660254037844387076 ) ) ;
#1602 = VECTOR ( 'NONE', #461, 1000.000000000000000 ) ;
#1603 = ORIENTED_EDGE ( 'NONE', *, *, #1791, .T. ) ;
#1604 = VERTEX_POINT ( 'NONE', #1301 ) ;
#1605 = AXIS2_PLACEMENT_3D ( 'NONE', #191, #3417, #2891 ) ;
#1606 = LINE ( 'NONE', #285, #3362 ) ;
#1607 = VERTEX_POINT ( 'NONE', #3247 ) ;
#1608 = LINE ( 'NONE', #1281, #3407 ) ;
#1609 = CIRCLE ( 'NONE', #2067, 1.649999999999993472 ) ;
#1610 = ORIENTED_EDGE ( 'NONE', *, *, #703, .T. ) ;
#1611 = FACE_BOUND ( 'NONE', #3472, .T. ) ;
#1612 = AXIS2_PLACEMENT_3D ( 'NONE', #468, #276, #3256 ) ;
#1613 = DIRECTION ( 'NONE',  ( 0.000000000000000000, 1.000000000000000000, 0.000000000000000000 ) ) ;
#1614 = EDGE_CURVE ( 'NONE', #3442, #1808, #3513, .T. ) ;
#1615 = CARTESIAN_POINT ( 'NONE',  ( 3.348631561299930670, 6.999999999999996447, -26.00000000000000355 ) ) ;
#1616 = LINE ( 'NONE', #544, #44 ) ;
#1617 = ORIENTED_EDGE ( 'NONE', *, *, #3412, .F. ) ;
#1618 = ORIENTED_EDGE ( 'NONE', *, *, #3292, .F. ) ;
#1619 = ADVANCED_FACE ( 'NONE', ( #751 ), #2703, .F. ) ;
#1620 = LINE ( 'NONE', #1869, #2406 ) ;
#1621 = ADVANCED_FACE ( 'NONE', ( #3174 ), #732, .F. ) ;
#1622 = PLANE ( 'NONE',  #2471 ) ;
#1623 = CARTESIAN_POINT ( 'NONE',  ( 1.674315780649819230, 6.999999999999996447, 28.90000000000000213 ) ) ;
#1624 = VERTEX_POINT ( 'NONE', #3377 ) ;
#1625 = ORIENTED_EDGE ( 'NONE', *, *, #352, .T. ) ;
#1626 = DIRECTION ( 'NONE',  ( 0.000000000000000000, 0.000000000000000000, -1.000000000000000000 ) ) ;
#1627 = ORIENTED_EDGE ( 'NONE', *, *, #875, .F. ) ;
#1628 = VERTEX_POINT ( 'NONE', #1507 ) ;
#1629 = DIRECTION ( 'NONE',  ( 0.000000000000000000, 0.000000000000000000, 1.000000000000000000 ) ) ;
#1630 = DIRECTION ( 'NONE',  ( -0.000000000000000000, -1.000000000000000000, -0.000000000000000000 ) ) ;
#1631 = DIRECTION ( 'NONE',  ( -0.000000000000000000, -1.000000000000000000, 0.000000000000000000 ) ) ;
#1632 = LINE ( 'NONE', #1651, #2612 ) ;
#1633 = VERTEX_POINT ( 'NONE', #939 ) ;
#1634 = AXIS2_PLACEMENT_3D ( 'NONE', #3187, #2621, #1564 ) ;
#1635 = EDGE_LOOP ( 'NONE', ( #2074, #381, #797, #1006 ) ) ;
#1636 = DIRECTION ( 'NONE',  ( 0.000000000000000000, 1.000000000000000000, 0.000000000000000000 ) ) ;
#1637 = DIRECTION ( 'NONE',  ( -0.8660254037844328234, 0.000000000000000000, 0.5000000000000101030 ) ) ;
#1638 = AXIS2_PLACEMENT_3D ( 'NONE', #3000, #1582, #1388 ) ;
#1639 = EDGE_CURVE ( 'NONE', #2159, #2473, #2640, .T. ) ;
#1640 = ADVANCED_FACE ( 'NONE', ( #2602 ), #2906, .F. ) ;
#1641 = ORIENTED_EDGE ( 'NONE', *, *, #2231, .F. ) ;
#1642 = CIRCLE ( 'NONE', #2099, 8.500000000000000000 ) ;
#1643 = EDGE_LOOP ( 'NONE', ( #923, #1093, #1914, #849 ) ) ;
#1644 = CARTESIAN_POINT ( 'NONE',  ( 6.999999999999999112, 4.999999999999993783, 3.149999999999995026 ) ) ;
#1645 = VERTEX_POINT ( 'NONE', #973 ) ;
#1646 = AXIS2_PLACEMENT_3D ( 'NONE', #1953, #3042, #1683 ) ;
#1647 = ADVANCED_FACE ( 'NONE', ( #382 ), #2086, .F. ) ;
#1648 = ORIENTED_EDGE ( 'NONE', *, *, #2498, .T. ) ;
#1649 = DIRECTION ( 'NONE',  ( 0.000000000000000000, 0.000000000000000000, -1.000000000000000000 ) ) ;
#1650 = DIRECTION ( 'NONE',  ( -0.000000000000000000, -1.000000000000000000, -0.000000000000000000 ) ) ;
#1651 = CARTESIAN_POINT ( 'NONE',  ( -21.13101985234030167, -15.00000000000000711, 12.20000000000001705 ) ) ;
#1652 = ORIENTED_EDGE ( 'NONE', *, *, #936, .F. ) ;
#1653 = ORIENTED_EDGE ( 'NONE', *, *, #194, .T. ) ;
#1654 = CIRCLE ( 'NONE', #222, 30.00000000000000000 ) ;
#1655 = CARTESIAN_POINT ( 'NONE',  ( -6.999999999999999112, 2.999999999999995559, 0.000000000000000000 ) ) ;
#1656 = CARTESIAN_POINT ( 'NONE',  ( 1.003307598432708088E-13, 6.999999999999995559, -26.00000000000000000 ) ) ;
#1657 = VECTOR ( 'NONE', #3240, 1000.000000000000000 ) ;
#1658 = ORIENTED_EDGE ( 'NONE', *, *, #1288, .F. ) ;
#1659 = DIRECTION ( 'NONE',  ( 0.000000000000000000, 1.000000000000000000, 0.000000000000000000 ) ) ;
#1660 = EDGE_CURVE ( 'NONE', #2093, #2129, #290, .T. ) ;
#1661 = VERTEX_POINT ( 'NONE', #2070 ) ;
#1662 = AXIS2_PLACEMENT_3D ( 'NONE', #3073, #628, #898 ) ;
#1663 = VERTEX_POINT ( 'NONE', #2049 ) ;
#1664 = AXIS2_PLACEMENT_3D ( 'NONE', #3088, #339, #2574 ) ;
#1665 = UNCERTAINTY_MEASURE_WITH_UNIT (LENGTH_MEASURE( 1.000000000000000082E-05 ), #2775, 'distance_accuracy_value', 'NONE');
#1666 = FACE_OUTER_BOUND ( 'NONE', #2329, .T. ) ;
#1667 = EDGE_CURVE ( 'NONE', #1122, #644, #453, .T. ) ;
#1668 = EDGE_CURVE ( 'NONE', #1868, #3347, #1545, .T. ) ;
#1669 = DIRECTION ( 'NONE',  ( -0.000000000000000000, -1.000000000000000000, -0.000000000000000000 ) ) ;
#1670 = AXIS2_PLACEMENT_3D ( 'NONE', #1834, #2871, #473 ) ;
#1671 = CARTESIAN_POINT ( 'NONE',  ( 0.000000000000000000, 0.000000000000000000, 0.000000000000000000 ) ) ;
#1672 = DIRECTION ( 'NONE',  ( -0.000000000000000000, -1.000000000000000000, -0.000000000000000000 ) ) ;
#1673 = ORIENTED_EDGE ( 'NONE', *, *, #1001, .T. ) ;
#1674 = ORIENTED_EDGE ( 'NONE', *, *, #1198, .T. ) ;
#1675 = DIRECTION ( 'NONE',  ( -0.000000000000000000, -1.000000000000000000, -0.000000000000000000 ) ) ;
#1676 = LINE ( 'NONE', #2551, #1231 ) ;
#1677 = ORIENTED_EDGE ( 'NONE', *, *, #3161, .T. ) ;
#1678 = DIRECTION ( 'NONE',  ( 0.000000000000000000, 0.000000000000000000, -1.000000000000000000 ) ) ;
#1679 = VERTEX_POINT ( 'NONE', #399 ) ;
#1680 = ADVANCED_FACE ( 'NONE', ( #1221 ), #187, .F. ) ;
#1681 = EDGE_LOOP ( 'NONE', ( #3070, #1046, #2413, #1677, #2561, #1389 ) ) ;
#1682 = CYLINDRICAL_SURFACE ( 'NONE', #747, 3.149999999999997247 ) ;
#1683 = DIRECTION ( 'NONE',  ( 0.000000000000000000, 0.000000000000000000, -1.000000000000000000 ) ) ;
#1684 = ADVANCED_FACE ( 'NONE', ( #1527 ), #169, .F. ) ;
#1685 = EDGE_CURVE ( 'NONE', #59, #2509, #1472, .T. ) ;
#1686 = ORIENTED_EDGE ( 'NONE', *, *, #2, .F. ) ;
#1687 = CARTESIAN_POINT ( 'NONE',  ( -1.674315780649819230, 9.999999999999996447, -28.90000000000000213 ) ) ;
#1688 = DIRECTION ( 'NONE',  ( 0.000000000000000000, 0.000000000000000000, -1.000000000000000000 ) ) ;
#1689 = ORIENTED_EDGE ( 'NONE', *, *, #1810, .T. ) ;
#1690 = VERTEX_POINT ( 'NONE', #1779 ) ;
#1691 = CARTESIAN_POINT ( 'NONE',  ( 3.673940397442060361E-16, 11.99999999999999645, 3.000000000000000444 ) ) ;
#1692 = DIRECTION ( 'NONE',  ( -0.000000000000000000, 1.000000000000000000, 0.000000000000000000 ) ) ;
#1693 = ORIENTED_EDGE ( 'NONE', *, *, #1443, .F. ) ;
#1694 = CARTESIAN_POINT ( 'NONE',  ( -19.16802893709556344, 6.999999999999996447, 13.00000000000000711 ) ) ;
#1695 = CARTESIAN_POINT ( 'NONE',  ( -9.499999999999960920, 0.1999999999999970690, 16.45448267190435487 ) ) ;
#1696 = CIRCLE ( 'NONE', #436, 1.649999999999993472 ) ;
#1697 = ORIENTED_EDGE ( 'NONE', *, *, #1837, .T. ) ;
#1698 = FACE_OUTER_BOUND ( 'NONE', #2387, .T. ) ;
#1699 = AXIS2_PLACEMENT_3D ( 'NONE', #2726, #277, #3500 ) ;
#1700 = LINE ( 'NONE', #3317, #2104 ) ;
#1701 = ORIENTED_EDGE ( 'NONE', *, *, #2144, .F. ) ;
#1702 = VECTOR ( 'NONE', #2297, 1000.000000000000000 ) ;
#1703 = DIRECTION ( 'NONE',  ( 8.979745052115235982E-15, 0.000000000000000000, -1.000000000000000000 ) ) ;
#1704 = EDGE_CURVE ( 'NONE', #2485, #19, #2569, .T. ) ;
#1705 = CARTESIAN_POINT ( 'NONE',  ( 24.19097627904536552, 6.999999999999996447, 10.09999999999985576 ) ) ;
#1706 = ORIENTED_EDGE ( 'NONE', *, *, #897, .T. ) ;
#1707 = ORIENTED_EDGE ( 'NONE', *, *, #2760, .F. ) ;
#1708 = CYLINDRICAL_SURFACE ( 'NONE', #1724, 1.649999999999994360 ) ;
#1709 = EDGE_CURVE ( 'NONE', #850, #2803, #3432, .T. ) ;
#1710 = LINE ( 'NONE', #86, #2954 ) ;
#1711 = ORIENTED_EDGE ( 'NONE', *, *, #2034, .F. ) ;
#1712 = AXIS2_PLACEMENT_3D ( 'NONE', #1765, #2843, #1478 ) ;
#1713 = FACE_BOUND ( 'NONE', #18, .T. ) ;
#1714 = DIRECTION ( 'NONE',  ( -0.000000000000000000, 1.000000000000000000, -0.000000000000000000 ) ) ;
#1715 = AXIS2_PLACEMENT_3D ( 'NONE', #1878, #1015, #2967 ) ;
#1716 = ORIENTED_EDGE ( 'NONE', *, *, #2102, .F. ) ;
#1717 = CONICAL_SURFACE ( 'NONE', #689, 3.149999999999995026, 0.7853981633974480570 ) ;
#1718 = DIRECTION ( 'NONE',  ( -2.653106492670410989E-15, 0.000000000000000000, -1.000000000000000000 ) ) ;
#1719 = FACE_OUTER_BOUND ( 'NONE', #1013, .T. ) ;
#1720 = FACE_OUTER_BOUND ( 'NONE', #156, .T. ) ;
#1721 = CIRCLE ( 'NONE', #3143, 1.599999999999995426 ) ;
#1722 = DIRECTION ( 'NONE',  ( -0.5000000000000001110, 0.000000000000000000, -0.8660254037844385966 ) ) ;
#1723 = ORIENTED_EDGE ( 'NONE', *, *, #352, .F. ) ;
#1724 = AXIS2_PLACEMENT_3D ( 'NONE', #2483, #97, #378 ) ;
#1725 = DIRECTION ( 'NONE',  ( 0.8660254037844385966, 0.000000000000000000, -0.5000000000000001110 ) ) ;
#1726 = DIRECTION ( 'NONE',  ( -0.000000000000000000, 1.000000000000000000, -0.000000000000000000 ) ) ;
#1727 = ADVANCED_FACE ( 'NONE', ( #2375 ), #3167, .F. ) ;
#1728 = EDGE_CURVE ( 'NONE', #3496, #951, #1818, .T. ) ;
#1729 = ORIENTED_EDGE ( 'NONE', *, *, #3096, .T. ) ;
#1730 = DIRECTION ( 'NONE',  ( 0.000000000000000000, 1.000000000000000000, 0.000000000000000000 ) ) ;
#1731 = DIRECTION ( 'NONE',  ( -1.000000000000000000, 0.000000000000000000, 0.000000000000000000 ) ) ;
#1732 = ORIENTED_EDGE ( 'NONE', *, *, #2101, .F. ) ;
#1733 = CARTESIAN_POINT ( 'NONE',  ( 0.000000000000000000, 0.000000000000000000, 0.000000000000000000 ) ) ;
#1734 = CARTESIAN_POINT ( 'NONE',  ( 19.00000000000000000, -15.00000000000001243, -8.500000000000000000 ) ) ;
#1735 = CARTESIAN_POINT ( 'NONE',  ( -19.00000000000000000, 2.999999999999997335, 0.000000000000000000 ) ) ;
#1736 = CARTESIAN_POINT ( 'NONE',  ( 2.138784067832365743, -15.00000000000001243, 20.70448267190432645 ) ) ;
#1737 = LINE ( 'NONE', #3289, #125 ) ;
#1738 = CARTESIAN_POINT ( 'NONE',  ( 22.51666049839530004, 0.1999999999999970690, -13.00000000000017408 ) ) ;
#1739 = ORIENTED_EDGE ( 'NONE', *, *, #959, .T. ) ;
#1740 = DIRECTION ( 'NONE',  ( 0.000000000000000000, 0.000000000000000000, -1.000000000000000000 ) ) ;
#1741 = DIRECTION ( 'NONE',  ( 0.8660254037844399289, 0.000000000000000000, 0.4999999999999980016 ) ) ;
#1742 = EDGE_CURVE ( 'NONE', #753, #202, #953, .T. ) ;
#1743 = EDGE_CURVE ( 'NONE', #1331, #2250, #2306, .T. ) ;
#1744 = ORIENTED_EDGE ( 'NONE', *, *, #1709, .T. ) ;
#1745 = CARTESIAN_POINT ( 'NONE',  ( 24.19097627904518077, 9.999999999999996447, -15.90000000000019931 ) ) ;
#1746 = ADVANCED_FACE ( 'NONE', ( #1396 ), #2942, .F. ) ;
#1747 = FACE_BOUND ( 'NONE', #1062, .T. ) ;
#1748 = AXIS2_PLACEMENT_3D ( 'NONE', #2088, #3434, #955 ) ;
#1749 = CARTESIAN_POINT ( 'NONE',  ( 0.000000000000000000, 0.000000000000000000, -32.00000000000000711 ) ) ;
#1750 = VECTOR ( 'NONE', #1775, 1000.000000000000000 ) ;
#1751 = CARTESIAN_POINT ( 'NONE',  ( 24.19097627904541525, 9.999999999999996447, 15.89999999999986180 ) ) ;
#1753 = ORIENTED_EDGE ( 'NONE', *, *, #3512, .F. ) ;
#1752 = VECTOR ( 'NONE', #812, 1000.000000000000000 ) ;
#1754 = CARTESIAN_POINT ( 'NONE',  ( 2.168404344971008868E-16, 2.999999999999995559, -7.000000000000000888 ) ) ;
#1755 = DIRECTION ( 'NONE',  ( -0.000000000000000000, 1.000000000000000000, -0.000000000000000000 ) ) ;
#1756 = ORIENTED_EDGE ( 'NONE', *, *, #2669, .F. ) ;
#1757 = DIRECTION ( 'NONE',  ( 0.000000000000000000, 0.000000000000000000, 1.000000000000000000 ) ) ;
#1758 = CARTESIAN_POINT ( 'NONE',  ( 19.16802893709546751, 6.999999999999996447, -13.00000000000013856 ) ) ;
#1759 = FACE_BOUND ( 'NONE', #3431, .T. ) ;
#1760 = AXIS2_PLACEMENT_3D ( 'NONE', #159, #1211, #406 ) ;
#1761 = ORIENTED_EDGE ( 'NONE', *, *, #983, .T. ) ;
#1762 = EDGE_CURVE ( 'NONE', #2476, #1583, #3078, .T. ) ;
#1763 = CARTESIAN_POINT ( 'NONE',  ( -19.00000000000000000, -15.00000000000001243, 0.000000000000000000 ) ) ;
#1764 = VECTOR ( 'NONE', #3331, 1000.000000000000000 ) ;
#1765 = CARTESIAN_POINT ( 'NONE',  ( 0.000000000000000000, 2.999999999999996003, 0.000000000000000000 ) ) ;
#1766 = ORIENTED_EDGE ( 'NONE', *, *, #42, .F. ) ;
#1767 = AXIS2_PLACEMENT_3D ( 'NONE', #324, #1562, #3043 ) ;
#1768 = ADVANCED_FACE ( 'NONE', ( #3219 ), #60, .F. ) ;
#1769 = EDGE_CURVE ( 'NONE', #1966, #3001, #2180, .T. ) ;
#1770 = LINE ( 'NONE', #2845, #2287 ) ;
#1771 = CARTESIAN_POINT ( 'NONE',  ( 9.500000000000078160, -15.00000000000001243, 16.45448267190429092 ) ) ;
#1772 = AXIS2_PLACEMENT_3D ( 'NONE', #2705, #2174, #844 ) ;
#1773 = AXIS2_PLACEMENT_3D ( 'NONE', #768, #2365, #995 ) ;
#1774 = DIRECTION ( 'NONE',  ( -1.000000000000000000, 0.000000000000000000, 2.442490654175344389E-15 ) ) ;
#1775 = DIRECTION ( 'NONE',  ( 0.5000000000000001110, 0.000000000000000000, 0.8660254037844385966 ) ) ;
#1776 = VECTOR ( 'NONE', #617, 1000.000000000000000 ) ;
#1777 = ORIENTED_EDGE ( 'NONE', *, *, #1742, .T. ) ;
#1778 = ORIENTED_EDGE ( 'NONE', *, *, #2320, .F. ) ;
#1779 = CARTESIAN_POINT ( 'NONE',  ( 2.897977941337211760, 0.1999999999999970968, -21.80829484053081302 ) ) ;
#1780 = VECTOR ( 'NONE', #1201, 1000.000000000000000 ) ;
#1781 = DIRECTION ( 'NONE',  ( -0.000000000000000000, -1.000000000000000000, -0.000000000000000000 ) ) ;
#1782 = FACE_OUTER_BOUND ( 'NONE', #2573, .T. ) ;
#1783 = ORIENTED_EDGE ( 'NONE', *, *, #2881, .T. ) ;
#1784 = CARTESIAN_POINT ( 'NONE',  ( -1.207396102371843006E-15, 6.499999999999995559, 8.649999999999995026 ) ) ;
#1785 = PLANE ( 'NONE',  #1712 ) ;
#1786 = EDGE_CURVE ( 'NONE', #2763, #1624, #1538, .T. ) ;
#1787 = VERTEX_POINT ( 'NONE', #2774 ) ;
#1788 = LINE ( 'NONE', #480, #516 ) ;
#1789 = FACE_OUTER_BOUND ( 'NONE', #2844, .T. ) ;
#1790 = EDGE_CURVE ( 'NONE', #370, #2869, #1620, .T. ) ;
#1791 = EDGE_CURVE ( 'NONE', #2995, #707, #2057, .T. ) ;
#1792 = EDGE_LOOP ( 'NONE', ( #1188, #3139, #588, #1693 ) ) ;
#1793 = DIRECTION ( 'NONE',  ( -0.000000000000000000, -1.000000000000000000, -0.000000000000000000 ) ) ;
#1794 = APPLICATION_CONTEXT ( 'automotive_design' ) ;
#1795 = CARTESIAN_POINT ( 'NONE',  ( 9.499999999999847233, -15.00000000000001243, -16.45448267190441882 ) ) ;
#1796 = EDGE_LOOP ( 'NONE', ( #3391, #2988, #3197, #3383 ) ) ;
#1797 = EDGE_LOOP ( 'NONE', ( #1102, #3263 ) ) ;
#1798 = CARTESIAN_POINT ( 'NONE',  ( 3.348631561299930670, 6.999999999999996447, -26.00000000000000355 ) ) ;
#1799 = FACE_OUTER_BOUND ( 'NONE', #2298, .T. ) ;
#1800 = CARTESIAN_POINT ( 'NONE',  ( -1.674315780650012409, 6.999999999999996447, 23.09999999999999432 ) ) ;
#1801 = ORIENTED_EDGE ( 'NONE', *, *, #1193, .F. ) ;
#1802 = CARTESIAN_POINT ( 'NONE',  ( 1.674315780650015517, 6.999999999999996447, -28.90000000000000213 ) ) ;
#1803 = FACE_BOUND ( 'NONE', #1577, .T. ) ;
#1804 = VERTEX_POINT ( 'NONE', #1833 ) ;
#1805 = CARTESIAN_POINT ( 'NONE',  ( 21.13101985234021285, 6.999999999999995559, -12.20000000000016094 ) ) ;
#1806 = AXIS2_PLACEMENT_3D ( 'NONE', #1105, #1066, #1086 ) ;
#1807 = FACE_OUTER_BOUND ( 'NONE', #2905, .T. ) ;
#1808 = VERTEX_POINT ( 'NONE', #221 ) ;
#1809 = VECTOR ( 'NONE', #261, 1000.000000000000000 ) ;
#1810 = EDGE_CURVE ( 'NONE', #1604, #2247, #2925, .T. ) ;
#1811 = LINE ( 'NONE', #429, #872 ) ;
#1812 = CARTESIAN_POINT ( 'NONE',  ( 0.000000000000000000, 6.999999999999996447, 0.000000000000000000 ) ) ;
#1813 = VECTOR ( 'NONE', #1847, 1000.000000000000227 ) ;
#1814 = VERTEX_POINT ( 'NONE', #2415 ) ;
#1815 = VERTEX_POINT ( 'NONE', #2431 ) ;
#1816 = CIRCLE ( 'NONE', #3400, 8.500000000000001776 ) ;
#1817 = EDGE_CURVE ( 'NONE', #2237, #1690, #1426, .T. ) ;
#1818 = LINE ( 'NONE', #3448, #2683 ) ;
#1819 = DIRECTION ( 'NONE',  ( 0.000000000000000000, 0.000000000000000000, -1.000000000000000000 ) ) ;
#1820 = DIRECTION ( 'NONE',  ( -0.8660254037844387076, 0.000000000000000000, -0.4999999999999998335 ) ) ;
#1821 = ORIENTED_EDGE ( 'NONE', *, *, #2414, .F. ) ;
#1822 = FACE_OUTER_BOUND ( 'NONE', #2996, .T. ) ;
#1823 = CARTESIAN_POINT ( 'NONE',  ( -2.897977941337666064, 2.999999999999997335, -21.80829484053075618 ) ) ;
#1824 = ORIENTED_EDGE ( 'NONE', *, *, #2669, .T. ) ;
#1825 = DIRECTION ( 'NONE',  ( 1.000000000000000000, 0.000000000000000000, -4.829470157119430162E-15 ) ) ;
#1826 = DIRECTION ( 'NONE',  ( -0.000000000000000000, 1.000000000000000000, -0.000000000000000000 ) ) ;
#1827 = DIRECTION ( 'NONE',  ( 0.000000000000000000, 0.000000000000000000, -1.000000000000000000 ) ) ;
#1828 = CARTESIAN_POINT ( 'NONE',  ( 6.999999999999999112, 4.999999999999993783, -3.149999999999995026 ) ) ;
#1829 = VERTEX_POINT ( 'NONE', #531 ) ;
#1830 = ADVANCED_FACE ( 'NONE', ( #2124 ), #472, .F. ) ;
#1831 = AXIS2_PLACEMENT_3D ( 'NONE', #1070, #2753, #1626 ) ;
#1832 = ORIENTED_EDGE ( 'NONE', *, *, #3460, .T. ) ;
#1833 = CARTESIAN_POINT ( 'NONE',  ( -16.86121593216786962, 2.999999999999997335, -12.20448267190413638 ) ) ;
#1834 = CARTESIAN_POINT ( 'NONE',  ( 19.00000000000000000, -15.00000000000001243, -0.000000000000000000 ) ) ;
#1835 = LINE ( 'NONE', #474, #783 ) ;
#1836 = EDGE_CURVE ( 'NONE', #753, #166, #2395, .T. ) ;
#1837 = EDGE_CURVE ( 'NONE', #1400, #2182, #1599, .T. ) ;
#1838 = EDGE_LOOP ( 'NONE', ( #3457, #2719, #1279, #2824, #1115, #1587 ) ) ;
#1839 = VECTOR ( 'NONE', #666, 1000.000000000000114 ) ;
#1840 = CARTESIAN_POINT ( 'NONE',  ( -1.409462824231155764E-15, 2.999999999999995559, 3.850000000000001865 ) ) ;
#1841 = CARTESIAN_POINT ( 'NONE',  ( -9.499999999999960920, -15.00000000000001243, 16.45448267190435487 ) ) ;
#1842 = EDGE_LOOP ( 'NONE', ( #1867, #1542, #2457, #2652, #84, #2941 ) ) ;
#1843 = CARTESIAN_POINT ( 'NONE',  ( -20.84234471774548680, 9.999999999999996447, 10.10000000000001208 ) ) ;
#1844 = DIRECTION ( 'NONE',  ( -0.8660254037844328234, 0.000000000000000000, 0.5000000000000101030 ) ) ;
#1845 = VERTEX_POINT ( 'NONE', #3318 ) ;
#1846 = DIRECTION ( 'NONE',  ( -0.4999999999999919509, 0.000000000000000000, 0.8660254037844432595 ) ) ;
#1847 = DIRECTION ( 'NONE',  ( 0.5000000000000081046, 0.000000000000000000, 0.8660254037844339337 ) ) ;
#1848 = ORIENTED_EDGE ( 'NONE', *, *, #3512, .T. ) ;
#1849 = PRODUCT_DEFINITION_SHAPE ( 'NONE', 'NONE',  #2316 ) ;
#1850 = ORIENTED_EDGE ( 'NONE', *, *, #640, .F. ) ;
#1851 = CARTESIAN_POINT ( 'NONE',  ( 6.999999999999999112, 4.999999999999993783, -3.149999999999995026 ) ) ;
#1852 = DIRECTION ( 'NONE',  ( 0.000000000000000000, 1.000000000000000000, 0.000000000000000000 ) ) ;
#1853 = DIRECTION ( 'NONE',  ( 0.000000000000000000, 0.000000000000000000, -1.000000000000000000 ) ) ;
#1854 = ORIENTED_EDGE ( 'NONE', *, *, #2414, .T. ) ;
#1855 = ORIENTED_EDGE ( 'NONE', *, *, #413, .F. ) ;
#1856 = LINE ( 'NONE', #2379, #1894 ) ;
#1857 = EDGE_CURVE ( 'NONE', #2682, #1560, #2491, .T. ) ;
#1858 = DIRECTION ( 'NONE',  ( -0.000000000000000000, -1.000000000000000000, -0.000000000000000000 ) ) ;
#1859 = ORIENTED_EDGE ( 'NONE', *, *, #2544, .F. ) ;
#1860 = CARTESIAN_POINT ( 'NONE',  ( -1.003307598432708088E-13, 6.999999999999995559, 27.59999999999999432 ) ) ;
#1861 = EDGE_CURVE ( 'NONE', #1661, #3002, #2912, .T. ) ;
#1862 = DIRECTION ( 'NONE',  ( -0.000000000000000000, -1.000000000000000000, -0.000000000000000000 ) ) ;
#1863 = VECTOR ( 'NONE', #384, 1000.000000000000000 ) ;
#1864 = CARTESIAN_POINT ( 'NONE',  ( 24.19097627904525538, 6.999999999999996447, -10.10000000000019504 ) ) ;
#1865 = CARTESIAN_POINT ( 'NONE',  ( -1.674315780649819230, 6.999999999999996447, -28.90000000000000213 ) ) ;
#1867 = ORIENTED_EDGE ( 'NONE', *, *, #836, .F. ) ;
#1866 = VECTOR ( 'NONE', #2908, 1000.000000000000000 ) ;
#1868 = VERTEX_POINT ( 'NONE', #2160 ) ;
#1869 = CARTESIAN_POINT ( 'NONE',  ( -19.00000000000000000, -15.00000000000001243, 8.500000000000000000 ) ) ;
#1870 = LINE ( 'NONE', #1048, #813 ) ;
#1871 = AXIS2_PLACEMENT_3D ( 'NONE', #1795, #2103, #2318 ) ;
#1872 = DIRECTION ( 'NONE',  ( 0.000000000000000000, 0.000000000000000000, -1.000000000000000000 ) ) ;
#1873 = AXIS2_PLACEMENT_3D ( 'NONE', #1325, #197, #6 ) ;
#1874 = EDGE_LOOP ( 'NONE', ( #451, #3280, #1052, #1824 ) ) ;
#1875 = VERTEX_POINT ( 'NONE', #1129 ) ;
#1876 = CARTESIAN_POINT ( 'NONE',  ( 20.84234471774541575, 6.999999999999996447, -10.10000000000015774 ) ) ;
#1877 = VERTEX_POINT ( 'NONE', #1851 ) ;
#1878 = CARTESIAN_POINT ( 'NONE',  ( 2.168404344971008868E-16, 4.999999999999993783, -7.000000000000000888 ) ) ;
#1879 = ADVANCED_FACE ( 'NONE', ( #3300 ), #1957, .F. ) ;
#1880 = ORIENTED_EDGE ( 'NONE', *, *, #413, .T. ) ;
#1881 = CARTESIAN_POINT ( 'NONE',  ( -1.674315780650012409, 6.999999999999996447, 23.09999999999999432 ) ) ;
#1882 = CARTESIAN_POINT ( 'NONE',  ( -6.999999999999999112, 6.499999999999995559, 0.000000000000000000 ) ) ;
#1883 = ADVANCED_FACE ( 'NONE', ( #1464 ), #1025, .F. ) ;
#1884 = AXIS2_PLACEMENT_3D ( 'NONE', #3227, #2112, #3495 ) ;
#1885 = PLANE ( 'NONE',  #1612 ) ;
#1886 = CYLINDRICAL_SURFACE ( 'NONE', #1233, 22.00000000000000000 ) ;
#1887 = AXIS2_PLACEMENT_3D ( 'NONE', #1205, #671, #2833 ) ;
#1888 = ORIENTED_EDGE ( 'NONE', *, *, #1306, .T. ) ;
#1889 = ORIENTED_EDGE ( 'NONE', *, *, #2475, .F. ) ;
#1890 = VECTOR ( 'NONE', #1125, 1000.000000000000000 ) ;
#1891 = DIRECTION ( 'NONE',  ( 1.000000000000000000, 0.000000000000000000, -1.187938636348917498E-14 ) ) ;
#1892 = CARTESIAN_POINT ( 'NONE',  ( -1.409462824231155764E-15, 9.999999999999994671, 6.999999999999999112 ) ) ;
#1893 = LINE ( 'NONE', #1925, #2724 ) ;
#1894 = VECTOR ( 'NONE', #3454, 1000.000000000000000 ) ;
#1895 = ORIENTED_EDGE ( 'NONE', *, *, #607, .F. ) ;
#1896 = VERTEX_POINT ( 'NONE', #946 ) ;
#1897 = AXIS2_PLACEMENT_3D ( 'NONE', #2730, #1387, #300 ) ;
#1898 = CARTESIAN_POINT ( 'NONE',  ( -24.19097627904529446, 6.999999999999996447, -10.10000000000002629 ) ) ;
#1899 = ORIENTED_EDGE ( 'NONE', *, *, #2102, .T. ) ;
#1900 = VECTOR ( 'NONE', #1252, 1000.000000000000000 ) ;
#1901 = ORIENTED_EDGE ( 'NONE', *, *, #1399, .T. ) ;
#1902 = DIRECTION ( 'NONE',  ( -0.000000000000000000, -1.000000000000000000, -0.000000000000000000 ) ) ;
#1903 = CARTESIAN_POINT ( 'NONE',  ( -24.19097627904532644, 6.999999999999996447, 10.10000000000002984 ) ) ;
#1904 = CARTESIAN_POINT ( 'NONE',  ( -19.16802893709556344, 6.999999999999996447, 13.00000000000000711 ) ) ;
#1905 = ADVANCED_FACE ( 'NONE', ( #2563 ), #2041, .F. ) ;
#1906 = EDGE_CURVE ( 'NONE', #2373, #2549, #1431, .T. ) ;
#1907 = CARTESIAN_POINT ( 'NONE',  ( 17.43754837445212402, 2.999999999999997335, 13.41386993707044262 ) ) ;
#1908 = ORIENTED_EDGE ( 'NONE', *, *, #1552, .T. ) ;
#1909 = ORIENTED_EDGE ( 'NONE', *, *, #3352, .F. ) ;
#1910 = CARTESIAN_POINT ( 'NONE',  ( 2.168404344971008868E-16, 6.499999999999995559, -7.000000000000000888 ) ) ;
#1911 = ADVANCED_FACE ( 'NONE', ( #1213 ), #3369, .F. ) ;
#1912 = DIRECTION ( 'NONE',  ( -0.000000000000000000, -1.000000000000000000, -0.000000000000000000 ) ) ;
#1913 = EDGE_LOOP ( 'NONE', ( #2220, #2959, #1855, #3202, #806, #280 ) ) ;
#1914 = ORIENTED_EDGE ( 'NONE', *, *, #791, .F. ) ;
#1915 = CARTESIAN_POINT ( 'NONE',  ( 2.168404344971008868E-16, 2.999999999999995559, -10.14999999999999858 ) ) ;
#1916 = ORIENTED_EDGE ( 'NONE', *, *, #2710, .F. ) ;
#1917 = ORIENTED_EDGE ( 'NONE', *, *, #1685, .F. ) ;
#1918 = CARTESIAN_POINT ( 'NONE',  ( -6.999999999999999112, 4.999999999999993783, -3.149999999999995470 ) ) ;
#1919 = CARTESIAN_POINT ( 'NONE',  ( 24.19097627904541525, 6.999999999999996447, 15.89999999999986180 ) ) ;
#1920 = DIRECTION ( 'NONE',  ( 0.000000000000000000, 1.000000000000000000, 0.000000000000000000 ) ) ;
#1921 = ORIENTED_EDGE ( 'NONE', *, *, #107, .T. ) ;
#1922 = AXIS2_PLACEMENT_3D ( 'NONE', #1259, #746, #2362 ) ;
#1923 = EDGE_CURVE ( 'NONE', #2549, #1168, #1180, .T. ) ;
#1924 = CARTESIAN_POINT ( 'NONE',  ( 22.51666049839547412, -15.00000000000000711, 12.99999999999987566 ) ) ;
#1925 = CARTESIAN_POINT ( 'NONE',  ( 17.43754837445192862, 1.599999999999996092, -13.41386993707068775 ) ) ;
#1926 = VECTOR ( 'NONE', #2818, 1000.000000000000000 ) ;
#1927 = EDGE_CURVE ( 'NONE', #59, #2283, #965, .T. ) ;
#1928 = EDGE_LOOP ( 'NONE', ( #150, #3150, #1618, #1909 ) ) ;
#1929 = AXIS2_PLACEMENT_3D ( 'NONE', #1290, #3181, #1273 ) ;
#1930 = CARTESIAN_POINT ( 'NONE',  ( 0.000000000000000000, 2.999999999999996003, 0.000000000000000000 ) ) ;
#1931 = ORIENTED_EDGE ( 'NONE', *, *, #1176, .F. ) ;
#1932 = VECTOR ( 'NONE', #2240, 1000.000000000000000 ) ;
#1933 = ORIENTED_EDGE ( 'NONE', *, *, #2878, .T. ) ;
#1934 = FACE_OUTER_BOUND ( 'NONE', #2639, .T. ) ;
#1935 = CARTESIAN_POINT ( 'NONE',  ( 3.673940397442059178E-15, 0.1999999999999963474, 30.00000000000000000 ) ) ;
#1936 = CARTESIAN_POINT ( 'NONE',  ( 1.003307598432708088E-13, -15.00000000000000711, -26.00000000000000000 ) ) ;
#1937 = EDGE_LOOP ( 'NONE', ( #1147, #174 ) ) ;
#1938 = VERTEX_POINT ( 'NONE', #609 ) ;
#1939 = AXIS2_PLACEMENT_3D ( 'NONE', #697, #678, #2875 ) ;
#1940 = LINE ( 'NONE', #583, #17 ) ;
#1941 = DIRECTION ( 'NONE',  ( 0.000000000000000000, 1.000000000000000000, 0.000000000000000000 ) ) ;
#1942 = EDGE_CURVE ( 'NONE', #2465, #259, #3122, .T. ) ;
#1943 = AXIS2_PLACEMENT_3D ( 'NONE', #2547, #3350, #2024 ) ;
#1944 = ORIENTED_EDGE ( 'NONE', *, *, #74, .F. ) ;
#1945 = CYLINDRICAL_SURFACE ( 'NONE', #3480, 1.599999999999995426 ) ;
#1946 = ORIENTED_EDGE ( 'NONE', *, *, #1817, .F. ) ;
#1947 = AXIS2_PLACEMENT_3D ( 'NONE', #1881, #3039, #2970 ) ;
#1948 = EDGE_CURVE ( 'NONE', #2069, #141, #1228, .T. ) ;
#1949 = EDGE_CURVE ( 'NONE', #2995, #1549, #1770, .T. ) ;
#1950 = ORIENTED_EDGE ( 'NONE', *, *, #1050, .F. ) ;
#1951 = AXIS2_PLACEMENT_3D ( 'NONE', #2251, #2307, #336 ) ;
#1952 = CARTESIAN_POINT ( 'NONE',  ( 9.499999999999847233, -15.00000000000001243, -16.45448267190441882 ) ) ;
#1953 = CARTESIAN_POINT ( 'NONE',  ( -1.003307598432708088E-13, 0.1999999999999970690, 26.00000000000000000 ) ) ;
#1954 = AXIS2_PLACEMENT_3D ( 'NONE', #1009, #1528, #974 ) ;
#1955 = ORIENTED_EDGE ( 'NONE', *, *, #2479, .T. ) ;
#1956 = AXIS2_PLACEMENT_3D ( 'NONE', #2100, #145, #1232 ) ;
#1957 = PLANE ( 'NONE',  #1369 ) ;
#1958 = CARTESIAN_POINT ( 'NONE',  ( 3.348631561299930670, 6.999999999999996447, -26.00000000000000355 ) ) ;
#1959 = ORIENTED_EDGE ( 'NONE', *, *, #3270, .F. ) ;
#1960 = ORIENTED_EDGE ( 'NONE', *, *, #2211, .F. ) ;
#1961 = PLANE ( 'NONE',  #641 ) ;
#1962 = CARTESIAN_POINT ( 'NONE',  ( -24.19097627904529446, 6.999999999999996447, -10.10000000000002629 ) ) ;
#1963 = ORIENTED_EDGE ( 'NONE', *, *, #1548, .T. ) ;
#1964 = LINE ( 'NONE', #2285, #178 ) ;
#1965 = DIRECTION ( 'NONE',  ( 0.000000000000000000, 0.000000000000000000, -1.000000000000000000 ) ) ;
#1966 = VERTEX_POINT ( 'NONE', #2007 ) ;
#1967 = ADVANCED_FACE ( 'NONE', ( #3091 ), #2330, .F. ) ;
#1968 = DIRECTION ( 'NONE',  ( 0.000000000000000000, 0.000000000000000000, -1.000000000000000000 ) ) ;
#1969 = CARTESIAN_POINT ( 'NONE',  ( 2.897977941337513741, 2.999999999999997335, 21.80829484053077394 ) ) ;
#1970 = EDGE_LOOP ( 'NONE', ( #927, #2586 ) ) ;
#1971 = EDGE_CURVE ( 'NONE', #385, #370, #3190, .T. ) ;
#1972 = DIRECTION ( 'NONE',  ( -0.000000000000000000, -1.000000000000000000, -0.000000000000000000 ) ) ;
#1973 = DIRECTION ( 'NONE',  ( 1.000000000000000000, 0.000000000000000000, -2.442490654175344389E-15 ) ) ;
#1974 = ORIENTED_EDGE ( 'NONE', *, *, #1419, .F. ) ;
#1975 = EDGE_LOOP ( 'NONE', ( #314, #1209 ) ) ;
#1976 = DIRECTION ( 'NONE',  ( -0.4999999999999958367, 0.000000000000000000, 0.8660254037844410391 ) ) ;
#1977 = CARTESIAN_POINT ( 'NONE',  ( -1.003307598432708088E-13, 6.999999999999995559, 26.00000000000000000 ) ) ;
#1978 = ORIENTED_EDGE ( 'NONE', *, *, #3225, .T. ) ;
#1979 = FACE_OUTER_BOUND ( 'NONE', #33, .T. ) ;
#1980 = LINE ( 'NONE', #2234, #146 ) ;
#1981 = CIRCLE ( 'NONE', #1463, 1.599999999999993872 ) ;
#1982 = ORIENTED_EDGE ( 'NONE', *, *, #1991, .T. ) ;
#1983 = DIRECTION ( 'NONE',  ( 0.000000000000000000, 0.000000000000000000, -1.000000000000000000 ) ) ;
#1984 = VECTOR ( 'NONE', #2224, 1000.000000000000000 ) ;
#1985 = CARTESIAN_POINT ( 'NONE',  ( -24.19097627904532644, 9.999999999999996447, 10.10000000000002984 ) ) ;
#1986 = EDGE_CURVE ( 'NONE', #2129, #700, #374, .T. ) ;
#1987 = VECTOR ( 'NONE', #340, 1000.000000000000114 ) ;
#1988 = CARTESIAN_POINT ( 'NONE',  ( -2.138784067832222746, 9.999999999999996447, 20.70448267190433711 ) ) ;
#1989 = CARTESIAN_POINT ( 'NONE',  ( 0.000000000000000000, 9.999999999999996447, 0.000000000000000000 ) ) ;
#1990 = ADVANCED_FACE ( 'NONE', ( #883 ), #1481, .F. ) ;
#1991 = EDGE_CURVE ( 'NONE', #1246, #2464, #2793, .T. ) ;
#1992 = ORIENTED_EDGE ( 'NONE', *, *, #526, .T. ) ;
#1993 = EDGE_LOOP ( 'NONE', ( #2242, #1895, #3182, #1131, #3338, #1946, #2344, #1603, #2711, #36, #1204, #1921, #1996 ) ) ;
#1994 = LINE ( 'NONE', #1691, #3309 ) ;
#1995 = DIRECTION ( 'NONE',  ( -0.000000000000000000, -1.000000000000000000, -0.000000000000000000 ) ) ;
#1996 = ORIENTED_EDGE ( 'NONE', *, *, #3313, .F. ) ;
#1997 = AXIS2_PLACEMENT_3D ( 'NONE', #981, #2076, #3155 ) ;
#1998 = CARTESIAN_POINT ( 'NONE',  ( 24.19097627904536552, 6.999999999999996447, 10.09999999999985576 ) ) ;
#1999 = DIRECTION ( 'NONE',  ( 0.000000000000000000, 1.000000000000000000, 0.000000000000000000 ) ) ;
#2000 = VECTOR ( 'NONE', #2870, 1000.000000000000114 ) ;
#2001 = ORIENTED_EDGE ( 'NONE', *, *, #149, .T. ) ;
#2002 = VECTOR ( 'NONE', #1972, 1000.000000000000000 ) ;
#2003 = DIRECTION ( 'NONE',  ( 0.000000000000000000, 1.000000000000000000, 0.000000000000000000 ) ) ;
#2004 = CARTESIAN_POINT ( 'NONE',  ( -25.86529205969521783, 6.999999999999996447, -13.00000000000002487 ) ) ;
#2005 = VECTOR ( 'NONE', #2472, 1000.000000000000000 ) ;
#2006 = ORIENTED_EDGE ( 'NONE', *, *, #3095, .F. ) ;
#2007 = CARTESIAN_POINT ( 'NONE',  ( -21.13101985234028746, 0.1999999999999970690, -12.20000000000004015 ) ) ;
#2008 = VECTOR ( 'NONE', #2072, 999.9999999999998863 ) ;
#2009 = CYLINDRICAL_SURFACE ( 'NONE', #1411, 3.149999999999997247 ) ;
#2010 = ORIENTED_EDGE ( 'NONE', *, *, #2342, .F. ) ;
#2011 = VECTOR ( 'NONE', #1793, 1000.000000000000000 ) ;
#2012 = EDGE_CURVE ( 'NONE', #1877, #2105, #2060, .T. ) ;
#2013 = EDGE_CURVE ( 'NONE', #700, #2393, #2973, .T. ) ;
#2014 = CARTESIAN_POINT ( 'NONE',  ( -20.84234471774546549, 6.999999999999996447, 15.90000000000001812 ) ) ;
#2015 = CARTESIAN_POINT ( 'NONE',  ( 17.43754837445193573, 2.999999999999997335, -13.41386993707068420 ) ) ;
#2016 = VERTEX_POINT ( 'NONE', #1988 ) ;
#2017 = ADVANCED_FACE ( 'NONE', ( #1720 ), #2814, .F. ) ;
#2018 = CARTESIAN_POINT ( 'NONE',  ( 0.000000000000000000, 2.999999999999996003, 0.000000000000000000 ) ) ;
#2019 = DIRECTION ( 'NONE',  ( 0.000000000000000000, 0.000000000000000000, -1.000000000000000000 ) ) ;
#2020 = ORIENTED_EDGE ( 'NONE', *, *, #3080, .F. ) ;
#2021 = DIRECTION ( 'NONE',  ( -0.000000000000000000, -1.000000000000000000, -0.000000000000000000 ) ) ;
#2022 = CARTESIAN_POINT ( 'NONE',  ( 9.500000000000078160, 0.1999999999999970690, 16.45448267190429092 ) ) ;
#2023 = ORIENTED_EDGE ( 'NONE', *, *, #333, .T. ) ;
#2024 = DIRECTION ( 'NONE',  ( 0.000000000000000000, 0.000000000000000000, -1.000000000000000000 ) ) ;
#2025 = DIRECTION ( 'NONE',  ( -0.000000000000000000, -1.000000000000000000, -0.000000000000000000 ) ) ;
#2026 = EDGE_LOOP ( 'NONE', ( #1832, #3487, #1974, #2958 ) ) ;
#2027 = CARTESIAN_POINT ( 'NONE',  ( 6.999999999999999112, 2.999999999999995559, 0.000000000000000000 ) ) ;
#2028 = CARTESIAN_POINT ( 'NONE',  ( -19.16802893709555278, 6.999999999999996447, -13.00000000000003730 ) ) ;
#2029 = EDGE_CURVE ( 'NONE', #87, #259, #2855, .T. ) ;
#2030 = EDGE_LOOP ( 'NONE', ( #2515, #2085, #2989, #193 ) ) ;
#2031 = CARTESIAN_POINT ( 'NONE',  ( 25.86529205969513256, 6.999999999999996447, -13.00000000000021494 ) ) ;
#2032 = CYLINDRICAL_SURFACE ( 'NONE', #1954, 1.599999999999993872 ) ;
#2033 = FACE_OUTER_BOUND ( 'NONE', #186, .T. ) ;
#2034 = EDGE_CURVE ( 'NONE', #530, #2600, #161, .T. ) ;
#2035 = EDGE_CURVE ( 'NONE', #1137, #564, #3132, .T. ) ;
#2036 = VERTEX_POINT ( 'NONE', #3158 ) ;
#2037 = CARTESIAN_POINT ( 'NONE',  ( -24.19097627904530157, 9.999999999999996447, 15.90000000000003233 ) ) ;
#2038 = FACE_OUTER_BOUND ( 'NONE', #2374, .T. ) ;
#2039 = VECTOR ( 'NONE', #3395, 1000.000000000000000 ) ;
#2040 = VERTEX_POINT ( 'NONE', #3213 ) ;
#2041 = PLANE ( 'NONE',  #229 ) ;
#2042 = CIRCLE ( 'NONE', #845, 8.500000000000000000 ) ;
#2043 = CARTESIAN_POINT ( 'NONE',  ( 9.500000000000078160, 9.999999999999996447, 16.45448267190429092 ) ) ;
#2044 = VECTOR ( 'NONE', #3178, 1000.000000000000000 ) ;
#2045 = LINE ( 'NONE', #3124, #3484 ) ;
#2046 = CARTESIAN_POINT ( 'NONE',  ( 2.168404344971008868E-16, 2.999999999999995559, -7.000000000000000888 ) ) ;
#2047 = EDGE_LOOP ( 'NONE', ( #789, #2325, #35, #3166, #1744, #3336 ) ) ;
#2048 = ORIENTED_EDGE ( 'NONE', *, *, #3184, .T. ) ;
#2049 = CARTESIAN_POINT ( 'NONE',  ( -1.674315780650015517, 6.999999999999996447, 28.90000000000000213 ) ) ;
#2050 = CARTESIAN_POINT ( 'NONE',  ( -1.409462824231155764E-15, -15.00000000000000711, 6.999999999999999112 ) ) ;
#2051 = DIRECTION ( 'NONE',  ( -0.4999999999999998335, 0.000000000000000000, 0.8660254037844387076 ) ) ;
#2052 = CIRCLE ( 'NONE', #2681, 22.00000000000000000 ) ;
#2053 = EDGE_LOOP ( 'NONE', ( #597, #1160, #989, #3375 ) ) ;
#2054 = DIRECTION ( 'NONE',  ( -0.8660254037844398178, 0.000000000000000000, -0.4999999999999980016 ) ) ;
#2055 = EDGE_CURVE ( 'NONE', #850, #108, #3403, .T. ) ;
#2056 = EDGE_CURVE ( 'NONE', #2506, #2546, #1196, .T. ) ;
#2057 = CIRCLE ( 'NONE', #1594, 8.500000000000001776 ) ;
#2058 = DIRECTION ( 'NONE',  ( -0.000000000000000000, -1.000000000000000000, -0.000000000000000000 ) ) ;
#2059 = ORIENTED_EDGE ( 'NONE', *, *, #2562, .T. ) ;
#2060 = CIRCLE ( 'NONE', #173, 3.149999999999995026 ) ;
#2061 = DIRECTION ( 'NONE',  ( -0.8660254037844393737, 0.000000000000000000, -0.4999999999999985567 ) ) ;
#2062 = CARTESIAN_POINT ( 'NONE',  ( 2.168404344971008868E-16, -15.00000000000000711, -10.14999999999999858 ) ) ;
#2063 = AXIS2_PLACEMENT_3D ( 'NONE', #319, #1156, #3378 ) ;
#2064 = VERTEX_POINT ( 'NONE', #1843 ) ;
#2065 = DIRECTION ( 'NONE',  ( 0.000000000000000000, 0.000000000000000000, -1.000000000000000000 ) ) ;
#2066 = CARTESIAN_POINT ( 'NONE',  ( 6.999999999999999112, 2.999999999999995559, -3.149999999999997247 ) ) ;
#2067 = AXIS2_PLACEMENT_3D ( 'NONE', #3186, #2620, #1819 ) ;
#2068 = ORIENTED_EDGE ( 'NONE', *, *, #2623, .T. ) ;
#2069 = VERTEX_POINT ( 'NONE', #1860 ) ;
#2070 = CARTESIAN_POINT ( 'NONE',  ( -6.999999999999999112, 9.999999999999994671, 1.649999999999993472 ) ) ;
#2071 = AXIS2_PLACEMENT_3D ( 'NONE', #2938, #483, #1574 ) ;
#2072 = DIRECTION ( 'NONE',  ( 8.659560562354930393E-17, -0.7071067811865479058, 0.7071067811865472397 ) ) ;
#2073 = FACE_BOUND ( 'NONE', #910, .T. ) ;
#2074 = ORIENTED_EDGE ( 'NONE', *, *, #1216, .F. ) ;
#2075 = DIRECTION ( 'NONE',  ( 0.000000000000000000, 0.000000000000000000, -1.000000000000000000 ) ) ;
#2076 = DIRECTION ( 'NONE',  ( 0.000000000000000000, 1.000000000000000000, 0.000000000000000000 ) ) ;
#2077 = EDGE_CURVE ( 'NONE', #2648, #427, #294, .T. ) ;
#2078 = ORIENTED_EDGE ( 'NONE', *, *, #2128, .F. ) ;
#2079 = LINE ( 'NONE', #2135, #7 ) ;
#2080 = DIRECTION ( 'NONE',  ( 0.000000000000000000, -1.000000000000000000, 0.000000000000000000 ) ) ;
#2081 = ORIENTED_EDGE ( 'NONE', *, *, #1685, .T. ) ;
#2082 = EDGE_CURVE ( 'NONE', #659, #329, #1555, .T. ) ;
#2083 = LINE ( 'NONE', #718, #2528 ) ;
#2084 = ORIENTED_EDGE ( 'NONE', *, *, #28, .F. ) ;
#2085 = ORIENTED_EDGE ( 'NONE', *, *, #1923, .T. ) ;
#2086 = PLANE ( 'NONE',  #4 ) ;
#2087 = LINE ( 'NONE', #2658, #1097 ) ;
#2088 = CARTESIAN_POINT ( 'NONE',  ( 24.19097627904518077, 6.999999999999996447, -15.90000000000019931 ) ) ;
#2089 = ORIENTED_EDGE ( 'NONE', *, *, #2101, .T. ) ;
#2090 = LINE ( 'NONE', #1495, #2858 ) ;
#2091 = LINE ( 'NONE', #423, #2176 ) ;
#2092 = VECTOR ( 'NONE', #455, 1000.000000000000114 ) ;
#2093 = VERTEX_POINT ( 'NONE', #2611 ) ;
#2094 = PRODUCT_DEFINITION_CONTEXT ( 'detailed design', #1794, 'design' ) ;
#2095 = CARTESIAN_POINT ( 'NONE',  ( 6.999999999999999112, 2.999999999999995559, 0.000000000000000000 ) ) ;
#2096 = CIRCLE ( 'NONE', #3065, 30.00000000000000000 ) ;
#2097 = LINE ( 'NONE', #3441, #2044 ) ;
#2098 = ORIENTED_EDGE ( 'NONE', *, *, #748, .T. ) ;
#2099 = AXIS2_PLACEMENT_3D ( 'NONE', #866, #345, #43 ) ;
#2100 = CARTESIAN_POINT ( 'NONE',  ( -22.51666049839538530, 6.999999999999995559, -13.00000000000003375 ) ) ;
#2101 = EDGE_CURVE ( 'NONE', #2734, #3325, #2079, .T. ) ;
#2102 = EDGE_CURVE ( 'NONE', #2283, #3342, #773, .T. ) ;
#2103 = DIRECTION ( 'NONE',  ( 0.000000000000000000, 1.000000000000000000, 0.000000000000000000 ) ) ;
#2104 = VECTOR ( 'NONE', #2811, 1000.000000000000000 ) ;
#2105 = VERTEX_POINT ( 'NONE', #3176 ) ;
#2106 = ORIENTED_EDGE ( 'NONE', *, *, #1942, .F. ) ;
#2107 = DIRECTION ( 'NONE',  ( -0.000000000000000000, -1.000000000000000000, -0.000000000000000000 ) ) ;
#2108 = DIRECTION ( 'NONE',  ( 0.000000000000000000, 0.000000000000000000, 1.000000000000000000 ) ) ;
#2109 = LINE ( 'NONE', #2341, #3514 ) ;
#2110 = ORIENTED_EDGE ( 'NONE', *, *, #3021, .T. ) ;
#2111 = CARTESIAN_POINT ( 'NONE',  ( -2.897977941337361418, 2.999999999999997335, 21.80829484053079526 ) ) ;
#2112 = DIRECTION ( 'NONE',  ( -0.000000000000000000, -1.000000000000000000, -0.000000000000000000 ) ) ;
#2113 = EDGE_LOOP ( 'NONE', ( #253, #431, #1341, #536 ) ) ;
#2114 = DIRECTION ( 'NONE',  ( -0.000000000000000000, -1.000000000000000000, -0.000000000000000000 ) ) ;
#2115 = CARTESIAN_POINT ( 'NONE',  ( -24.19097627904529446, 6.999999999999996447, -10.10000000000002629 ) ) ;
#2116 = AXIS2_PLACEMENT_3D ( 'NONE', #3204, #1415, #1047 ) ;
#2117 = VECTOR ( 'NONE', #1825, 1000.000000000000000 ) ;
#2118 = CARTESIAN_POINT ( 'NONE',  ( -19.00000000000000000, 0.1999999999999970690, 0.000000000000000000 ) ) ;
#2119 = CARTESIAN_POINT ( 'NONE',  ( -1.674315780650015517, 6.999999999999996447, 28.90000000000000213 ) ) ;
#2120 = VERTEX_POINT ( 'NONE', #1536 ) ;
#2121 = AXIS2_PLACEMENT_3D ( 'NONE', #1319, #855, #3245 ) ;
#2122 = EDGE_CURVE ( 'NONE', #202, #1679, #715, .T. ) ;
#2123 = ORIENTED_EDGE ( 'NONE', *, *, #2302, .T. ) ;
#2124 = FACE_OUTER_BOUND ( 'NONE', #760, .T. ) ;
#2125 = LINE ( 'NONE', #1367, #2752 ) ;
#2126 = CARTESIAN_POINT ( 'NONE',  ( 9.500000000000078160, 2.999999999999997335, 16.45448267190429092 ) ) ;
#2127 = AXIS2_PLACEMENT_3D ( 'NONE', #2050, #1781, #2376 ) ;
#2128 = EDGE_CURVE ( 'NONE', #3002, #1400, #498, .T. ) ;
#2129 = VERTEX_POINT ( 'NONE', #1805 ) ;
#2130 = VECTOR ( 'NONE', #503, 1000.000000000000114 ) ;
#2131 = ORIENTED_EDGE ( 'NONE', *, *, #3329, .T. ) ;
#2132 = DIRECTION ( 'NONE',  ( -0.4999999999999979461, 0.000000000000000000, 0.8660254037844397068 ) ) ;
#2133 = DIRECTION ( 'NONE',  ( 0.000000000000000000, -0.7071067811865479058, -0.7071067811865472397 ) ) ;
#2134 = ORIENTED_EDGE ( 'NONE', *, *, #1791, .F. ) ;
#2135 = CARTESIAN_POINT ( 'NONE',  ( -19.16802893709556344, 6.999999999999996447, 13.00000000000000711 ) ) ;
#2136 = LINE ( 'NONE', #2384, #3069 ) ;
#2137 = DIRECTION ( 'NONE',  ( -0.000000000000000000, -1.000000000000000000, -0.000000000000000000 ) ) ;
#2138 = DIRECTION ( 'NONE',  ( 0.000000000000000000, 1.000000000000000000, 0.000000000000000000 ) ) ;
#2139 = EDGE_LOOP ( 'NONE', ( #1801, #1783, #3086, #990 ) ) ;
#2140 = VERTEX_POINT ( 'NONE', #2630 ) ;
#2141 = CARTESIAN_POINT ( 'NONE',  ( 19.00000000000000000, 2.999999999999997335, 0.000000000000000000 ) ) ;
#2142 = CARTESIAN_POINT ( 'NONE',  ( 19.00000000000000000, 2.999999999999997335, 0.000000000000000000 ) ) ;
#2143 = CARTESIAN_POINT ( 'NONE',  ( -9.499999999999960920, 9.999999999999996447, 16.45448267190435487 ) ) ;
#2144 = EDGE_CURVE ( 'NONE', #287, #87, #754, .T. ) ;
#2145 = ORIENTED_EDGE ( 'NONE', *, *, #1570, .F. ) ;
#2146 = ORIENTED_EDGE ( 'NONE', *, *, #2256, .T. ) ;
#2147 = DIRECTION ( 'NONE',  ( 0.000000000000000000, 1.000000000000000000, 0.000000000000000000 ) ) ;
#2148 = ORIENTED_EDGE ( 'NONE', *, *, #2296, .F. ) ;
#2149 = ADVANCED_FACE ( 'NONE', ( #2684 ), #180, .F. ) ;
#2150 = CARTESIAN_POINT ( 'NONE',  ( 2.168404344971008868E-16, 9.999999999999994671, -8.649999999999995026 ) ) ;
#2151 = ORIENTED_EDGE ( 'NONE', *, *, #501, .T. ) ;
#2152 = CARTESIAN_POINT ( 'NONE',  ( -1.023699082499739890E-15, 4.999999999999993783, 10.14999999999999325 ) ) ;
#2153 = DIRECTION ( 'NONE',  ( -0.000000000000000000, 0.000000000000000000, 1.000000000000000000 ) ) ;
#2154 = AXIS2_PLACEMENT_3D ( 'NONE', #1695, #1474, #1741 ) ;
#2155 = FACE_OUTER_BOUND ( 'NONE', #2789, .T. ) ;
#2156 = LINE ( 'NONE', #1308, #2388 ) ;
#2158 = ORIENTED_EDGE ( 'NONE', *, *, #853, .T. ) ;
#2157 = CIRCLE ( 'NONE', #2609, 22.00000000000000000 ) ;
#2159 = VERTEX_POINT ( 'NONE', #1268 ) ;
#2160 = CARTESIAN_POINT ( 'NONE',  ( -19.16802893709555278, 9.999999999999996447, -13.00000000000003553 ) ) ;
#2161 = LINE ( 'NONE', #2713, #2525 ) ;
#2162 = VECTOR ( 'NONE', #885, 1000.000000000000000 ) ;
#2163 = LINE ( 'NONE', #3291, #948 ) ;
#2164 = AXIS2_PLACEMENT_3D ( 'NONE', #1285, #2722, #1844 ) ;
#2165 = VERTEX_POINT ( 'NONE', #2649 ) ;
#2166 = EDGE_CURVE ( 'NONE', #2838, #608, #3142, .T. ) ;
#2167 = ORIENTED_EDGE ( 'NONE', *, *, #2581, .F. ) ;
#2168 = LINE ( 'NONE', #20, #1543 ) ;
#2169 = EDGE_LOOP ( 'NONE', ( #529, #1089, #1189, #1963 ) ) ;
#2170 = DIRECTION ( 'NONE',  ( -0.8660254037844365982, 0.000000000000000000, 0.5000000000000035527 ) ) ;
#2171 = ORIENTED_EDGE ( 'NONE', *, *, #2819, .F. ) ;
#2172 = EDGE_CURVE ( 'NONE', #385, #45, #1788, .T. ) ;
#2173 = ADVANCED_FACE ( 'NONE', ( #196 ), #2404, .T. ) ;
#2174 = DIRECTION ( 'NONE',  ( 0.000000000000000000, 1.000000000000000000, 0.000000000000000000 ) ) ;
#2175 = DIRECTION ( 'NONE',  ( -0.000000000000000000, -1.000000000000000000, -0.000000000000000000 ) ) ;
#2176 = VECTOR ( 'NONE', #960, 1000.000000000000000 ) ;
#2177 = EDGE_CURVE ( 'NONE', #2187, #1316, #23, .T. ) ;
#2178 = DIRECTION ( 'NONE',  ( 0.000000000000000000, 0.000000000000000000, -1.000000000000000000 ) ) ;
#2179 = LINE ( 'NONE', #1081, #1813 ) ;
#2180 = CIRCLE ( 'NONE', #2463, 1.599999999999994982 ) ;
#2181 = VERTEX_POINT ( 'NONE', #590 ) ;
#2182 = VERTEX_POINT ( 'NONE', #1918 ) ;
#2183 = FACE_OUTER_BOUND ( 'NONE', #2204, .T. ) ;
#2184 = CARTESIAN_POINT ( 'NONE',  ( 0.000000000000000000, 2.999999999999995559, 0.000000000000000000 ) ) ;
#2185 = AXIS2_PLACEMENT_3D ( 'NONE', #405, #2054, #2132 ) ;
#2186 = ORIENTED_EDGE ( 'NONE', *, *, #1420, .F. ) ;
#2187 = VERTEX_POINT ( 'NONE', #291 ) ;
#2188 = CARTESIAN_POINT ( 'NONE',  ( -1.674315780649819230, 9.999999999999996447, -28.90000000000000213 ) ) ;
#2189 = EDGE_LOOP ( 'NONE', ( #1597, #615, #22, #14 ) ) ;
#2190 = AXIS2_PLACEMENT_3D ( 'NONE', #1153, #3063, #1117 ) ;
#2191 = ORIENTED_EDGE ( 'NONE', *, *, #237, .T. ) ;
#2192 = PLANE ( 'NONE',  #1772 ) ;
#2193 = LINE ( 'NONE', #3461, #1526 ) ;
#2194 = ADVANCED_FACE ( 'NONE', ( #2740 ), #1682, .F. ) ;
#2195 = DIRECTION ( 'NONE',  ( 0.000000000000000000, 1.000000000000000000, 0.000000000000000000 ) ) ;
#2196 = DIRECTION ( 'NONE',  ( -0.5000000000000082157, 0.000000000000000000, -0.8660254037844338226 ) ) ;
#2197 = ADVANCED_FACE ( 'NONE', ( #2489 ), #37, .F. ) ;
#2198 = ORIENTED_EDGE ( 'NONE', *, *, #2928, .F. ) ;
#2199 = DIRECTION ( 'NONE',  ( 0.000000000000000000, -0.000000000000000000, 1.000000000000000000 ) ) ;
#2200 = CYLINDRICAL_SURFACE ( 'NONE', #2500, 8.500000000000000000 ) ;
#2201 = VERTEX_POINT ( 'NONE', #1380 ) ;
#2202 = DIRECTION ( 'NONE',  ( -0.000000000000000000, -1.000000000000000000, -0.000000000000000000 ) ) ;
#2203 = ORIENTED_EDGE ( 'NONE', *, *, #501, .F. ) ;
#2204 = EDGE_LOOP ( 'NONE', ( #241, #1584, #2439, #1506 ) ) ;
#2205 = LINE ( 'NONE', #254, #917 ) ;
#2206 = LINE ( 'NONE', #1985, #1987 ) ;
#2207 = DIRECTION ( 'NONE',  ( 0.000000000000000000, 0.000000000000000000, -1.000000000000000000 ) ) ;
#2208 = ORIENTED_EDGE ( 'NONE', *, *, #2997, .T. ) ;
#2209 = AXIS2_PLACEMENT_3D ( 'NONE', #2286, #1714, #3379 ) ;
#2210 = ORIENTED_EDGE ( 'NONE', *, *, #3486, .F. ) ;
#2211 = EDGE_CURVE ( 'NONE', #2849, #2270, #2758, .T. ) ;
#2212 = LINE ( 'NONE', #1452, #75 ) ;
#2213 = LINE ( 'NONE', #2418, #1517 ) ;
#2214 = CIRCLE ( 'NONE', #842, 3.000000000000000444 ) ;
#2215 = ORIENTED_EDGE ( 'NONE', *, *, #309, .F. ) ;
#2216 = VECTOR ( 'NONE', #2654, 1000.000000000000000 ) ;
#2217 = DIRECTION ( 'NONE',  ( -1.000000000000000000, 0.000000000000000000, 0.000000000000000000 ) ) ;
#2218 = ORIENTED_EDGE ( 'NONE', *, *, #525, .T. ) ;
#2219 = VECTOR ( 'NONE', #1482, 1000.000000000000000 ) ;
#2220 = ORIENTED_EDGE ( 'NONE', *, *, #2479, .F. ) ;
#2221 = DIRECTION ( 'NONE',  ( 0.000000000000000000, 0.000000000000000000, -1.000000000000000000 ) ) ;
#2222 = CARTESIAN_POINT ( 'NONE',  ( 9.499999999999847233, 2.999999999999997335, -16.45448267190441882 ) ) ;
#2223 = DIRECTION ( 'NONE',  ( 0.000000000000000000, 0.000000000000000000, -1.000000000000000000 ) ) ;
#2224 = DIRECTION ( 'NONE',  ( -0.000000000000000000, -1.000000000000000000, -0.000000000000000000 ) ) ;
#2225 = CIRCLE ( 'NONE', #1939, 22.00000000000000000 ) ;
#2226 = EDGE_LOOP ( 'NONE', ( #1391, #3295, #3308, #403 ) ) ;
#2227 = ORIENTED_EDGE ( 'NONE', *, *, #2840, .T. ) ;
#2228 = AXIS2_PLACEMENT_3D ( 'NONE', #991, #1008, #724 ) ;
#2229 = FACE_OUTER_BOUND ( 'NONE', #2929, .T. ) ;
#2230 = DIRECTION ( 'NONE',  ( -0.000000000000000000, -1.000000000000000000, -0.000000000000000000 ) ) ;
#2231 = EDGE_CURVE ( 'NONE', #1072, #2373, #3477, .T. ) ;
#2232 = ORIENTED_EDGE ( 'NONE', *, *, #2650, .F. ) ;
#2233 = DIRECTION ( 'NONE',  ( 0.000000000000000000, -1.000000000000000000, 0.000000000000000000 ) ) ;
#2234 = CARTESIAN_POINT ( 'NONE',  ( 3.348631561299735271, 6.999999999999996447, 26.00000000000000000 ) ) ;
#2235 = VECTOR ( 'NONE', #2003, 1000.000000000000000 ) ;
#2236 = ADVANCED_FACE ( 'NONE', ( #1934 ), #1110, .F. ) ;
#2237 = VERTEX_POINT ( 'NONE', #2990 ) ;
#2238 = CIRCLE ( 'NONE', #2693, 8.500000000000000000 ) ;
#2239 = DIRECTION ( 'NONE',  ( 0.000000000000000000, 0.000000000000000000, -1.000000000000000000 ) ) ;
#2240 = DIRECTION ( 'NONE',  ( 1.000000000000000000, 0.000000000000000000, -2.442490654175344389E-15 ) ) ;
#2241 = CIRCLE ( 'NONE', #3259, 22.00000000000000000 ) ;
#2242 = ORIENTED_EDGE ( 'NONE', *, *, #1503, .T. ) ;
#2243 = AXIS2_PLACEMENT_3D ( 'NONE', #1558, #831, #2653 ) ;
#2244 = DIRECTION ( 'NONE',  ( -0.000000000000000000, 1.000000000000000000, -0.000000000000000000 ) ) ;
#2245 = DIRECTION ( 'NONE',  ( 0.000000000000000000, 0.000000000000000000, -1.000000000000000000 ) ) ;
#2246 = ORIENTED_EDGE ( 'NONE', *, *, #567, .T. ) ;
#2247 = VERTEX_POINT ( 'NONE', #2770 ) ;
#2248 = FACE_OUTER_BOUND ( 'NONE', #2785, .T. ) ;
#2249 = DIRECTION ( 'NONE',  ( 0.000000000000000000, 0.000000000000000000, 1.000000000000000000 ) ) ;
#2250 = VERTEX_POINT ( 'NONE', #1359 ) ;
#2251 = CARTESIAN_POINT ( 'NONE',  ( -19.00000000000000000, 9.999999999999996447, 0.000000000000000000 ) ) ;
#2252 = ADVANCED_FACE ( 'NONE', ( #1666, #1611 ), #2192, .T. ) ;
#2253 = DIRECTION ( 'NONE',  ( -0.000000000000000000, -1.000000000000000000, -0.000000000000000000 ) ) ;
#2254 = ORIENTED_EDGE ( 'NONE', *, *, #2077, .F. ) ;
#2255 = CARTESIAN_POINT ( 'NONE',  ( 3.348631561299735271, 9.999999999999996447, 26.00000000000000000 ) ) ;
#2256 = EDGE_CURVE ( 'NONE', #3222, #2069, #2466, .T. ) ;
#2257 = EDGE_CURVE ( 'NONE', #1560, #1645, #2205, .T. ) ;
#2258 = LINE ( 'NONE', #93, #738 ) ;
#2259 = DIRECTION ( 'NONE',  ( 0.000000000000000000, 0.000000000000000000, -1.000000000000000000 ) ) ;
#2260 = DIRECTION ( 'NONE',  ( 0.000000000000000000, 1.000000000000000000, 0.000000000000000000 ) ) ;
#2261 = EDGE_LOOP ( 'NONE', ( #1083, #603, #83, #1215 ) ) ;
#2262 = ORIENTED_EDGE ( 'NONE', *, *, #1667, .F. ) ;
#2263 = LINE ( 'NONE', #349, #407 ) ;
#2264 = FACE_OUTER_BOUND ( 'NONE', #1643, .T. ) ;
#2265 = AXIS2_PLACEMENT_3D ( 'NONE', #2522, #892, #3084 ) ;
#2266 = EDGE_LOOP ( 'NONE', ( #1337, #1155, #2610, #688 ) ) ;
#2267 = CARTESIAN_POINT ( 'NONE',  ( 0.000000000000000000, 2.999999999999995559, -3.000000000000000444 ) ) ;
#2268 = CARTESIAN_POINT ( 'NONE',  ( -6.999999999999999112, 2.999999999999995559, 0.000000000000000000 ) ) ;
#2269 =( GEOMETRIC_REPRESENTATION_CONTEXT ( 3 ) GLOBAL_UNCERTAINTY_ASSIGNED_CONTEXT ( ( #271 ) ) GLOBAL_UNIT_ASSIGNED_CONTEXT ( ( #184, #2336, #2480 ) ) REPRESENTATION_CONTEXT ( 'NONE', 'WORKASPACE' ) );
#2270 = VERTEX_POINT ( 'NONE', #322 ) ;
#2271 = DIRECTION ( 'NONE',  ( -1.000000000000000000, 0.000000000000000000, 0.000000000000000000 ) ) ;
#2272 = AXIS2_PLACEMENT_3D ( 'NONE', #2532, #1672, #3320 ) ;
#2273 = DIRECTION ( 'NONE',  ( -0.000000000000000000, -1.000000000000000000, -0.000000000000000000 ) ) ;
#2274 = ADVANCED_FACE ( 'NONE', ( #3297 ), #1717, .F. ) ;
#2275 = ADVANCED_FACE ( 'NONE', ( #2458 ), #3267, .F. ) ;
#2276 = CIRCLE ( 'NONE', #3522, 1.649999999999995248 ) ;
#2277 = CARTESIAN_POINT ( 'NONE',  ( 6.026041762285169585E-16, -15.00000000000000711, -3.850000000000003197 ) ) ;
#2278 = LINE ( 'NONE', #313, #495 ) ;
#2279 = VERTEX_POINT ( 'NONE', #3497 ) ;
#2280 = ADVANCED_FACE ( 'NONE', ( #2426 ), #2442, .F. ) ;
#2281 = LINE ( 'NONE', #919, #1776 ) ;
#2282 = DIRECTION ( 'NONE',  ( -0.000000000000000000, 1.000000000000000000, -0.000000000000000000 ) ) ;
#2283 = VERTEX_POINT ( 'NONE', #2152 ) ;
#2284 = AXIS2_PLACEMENT_3D ( 'NONE', #1266, #944, #1462 ) ;
#2285 = CARTESIAN_POINT ( 'NONE',  ( -20.84234471774546194, 6.999999999999996447, -10.10000000000003340 ) ) ;
#2286 = CARTESIAN_POINT ( 'NONE',  ( 9.499999999999847233, 2.999999999999997335, -16.45448267190441882 ) ) ;
#2287 = VECTOR ( 'NONE', #142, 1000.000000000000000 ) ;
#2288 = ORIENTED_EDGE ( 'NONE', *, *, #607, .T. ) ;
#2289 = VECTOR ( 'NONE', #2369, 1000.000000000000114 ) ;
#2290 = DIRECTION ( 'NONE',  ( -0.000000000000000000, 1.000000000000000000, -0.000000000000000000 ) ) ;
#2291 = CARTESIAN_POINT ( 'NONE',  ( -1.409462824231155764E-15, 2.999999999999995559, 6.999999999999999112 ) ) ;
#2292 = AXIS2_PLACEMENT_3D ( 'NONE', #2874, #3154, #3189 ) ;
#2293 = EDGE_LOOP ( 'NONE', ( #3321, #2208, #2210, #1753 ) ) ;
#2294 = DIRECTION ( 'NONE',  ( 8.659560562354931626E-17, -0.7071067811865477948, 0.7071067811865473507 ) ) ;
#2295 = AXIS2_PLACEMENT_3D ( 'NONE', #1029, #565, #1065 ) ;
#2296 = EDGE_CURVE ( 'NONE', #1663, #3246, #828, .T. ) ;
#2297 = DIRECTION ( 'NONE',  ( 0.4999999999999998890, 0.000000000000000000, -0.8660254037844387076 ) ) ;
#2298 = EDGE_LOOP ( 'NONE', ( #1544, #1982, #2966, #2751 ) ) ;
#2299 = CIRCLE ( 'NONE', #1262, 1.599999999999995426 ) ;
#2300 = CARTESIAN_POINT ( 'NONE',  ( 1.674315780649819230, 6.999999999999996447, 28.90000000000000213 ) ) ;
#2301 = ADVANCED_FACE ( 'NONE', ( #2810 ), #3330, .F. ) ;
#2302 = EDGE_CURVE ( 'NONE', #2734, #3304, #1410, .T. ) ;
#2303 = DIRECTION ( 'NONE',  ( 3.469446951953614189E-15, 0.000000000000000000, -1.000000000000000000 ) ) ;
#2304 = PRODUCT_DEFINITION_FORMATION_WITH_SPECIFIED_SOURCE ( 'ANY', '', #388, .NOT_KNOWN. ) ;
#2305 = ORIENTED_EDGE ( 'NONE', *, *, #1197, .T. ) ;
#2306 = LINE ( 'NONE', #3503, #683 ) ;
#2307 = DIRECTION ( 'NONE',  ( 0.000000000000000000, 1.000000000000000000, 0.000000000000000000 ) ) ;
#2308 = DIRECTION ( 'NONE',  ( -0.000000000000000000, -1.000000000000000000, -0.000000000000000000 ) ) ;
#2309 = ORIENTED_EDGE ( 'NONE', *, *, #1179, .F. ) ;
#2310 = DIRECTION ( 'NONE',  ( -0.000000000000000000, 1.000000000000000000, -0.000000000000000000 ) ) ;
#2311 = LINE ( 'NONE', #1734, #288 ) ;
#2312 = EDGE_LOOP ( 'NONE', ( #3485, #1371, #585, #3165 ) ) ;
#2313 = DIRECTION ( 'NONE',  ( 0.000000000000000000, -1.000000000000000000, 0.000000000000000000 ) ) ;
#2314 = LINE ( 'NONE', #1270, #1467 ) ;
#2315 = VERTEX_POINT ( 'NONE', #624 ) ;
#2316 = PRODUCT_DEFINITION ( 'UNKNOWN', '', #2304, #2094 ) ;
#2317 = LINE ( 'NONE', #968, #1839 ) ;
#2318 = DIRECTION ( 'NONE',  ( -0.8660254037844433705, 0.000000000000000000, -0.4999999999999918399 ) ) ;
#2319 = EDGE_CURVE ( 'NONE', #2040, #492, #1210, .T. ) ;
#2320 = EDGE_CURVE ( 'NONE', #2482, #432, #2687, .T. ) ;
#2321 = VERTEX_POINT ( 'NONE', #1745 ) ;
#2322 = DIRECTION ( 'NONE',  ( 0.000000000000000000, -1.000000000000000000, 0.000000000000000000 ) ) ;
#2323 = LINE ( 'NONE', #1277, #3087 ) ;
#2324 = CARTESIAN_POINT ( 'NONE',  ( 19.16802893709564515, 6.999999999999996447, 12.99999999999990408 ) ) ;
#2325 = ORIENTED_EDGE ( 'NONE', *, *, #677, .T. ) ;
#2326 = CARTESIAN_POINT ( 'NONE',  ( -3.348631561299930670, 6.999999999999996447, 26.00000000000000355 ) ) ;
#2327 = DIRECTION ( 'NONE',  ( -0.000000000000000000, -1.000000000000000000, -0.000000000000000000 ) ) ;
#2328 = AXIS2_PLACEMENT_3D ( 'NONE', #2126, #764, #1853 ) ;
#2329 = EDGE_LOOP ( 'NONE', ( #2089, #859, #933, #1777, #722, #2762 ) ) ;
#2330 = CYLINDRICAL_SURFACE ( 'NONE', #3193, 8.500000000000001776 ) ;
#2331 = AXIS2_PLACEMENT_3D ( 'NONE', #1182, #2564, #2548 ) ;
#2332 = CYLINDRICAL_SURFACE ( 'NONE', #3290, 8.500000000000001776 ) ;
#2334 = ORIENTED_EDGE ( 'NONE', *, *, #2012, .F. ) ;
#2333 = VECTOR ( 'NONE', #2175, 1000.000000000000000 ) ;
#2335 = CARTESIAN_POINT ( 'NONE',  ( -1.023699082499739693E-15, 2.999999999999995559, 10.14999999999999503 ) ) ;
#2336 =( NAMED_UNIT ( * ) PLANE_ANGLE_UNIT ( ) SI_UNIT ( $, .RADIAN. ) );
#2337 = ORIENTED_EDGE ( 'NONE', *, *, #237, .F. ) ;
#2338 = ORIENTED_EDGE ( 'NONE', *, *, #243, .T. ) ;
#2339 = DIRECTION ( 'NONE',  ( -0.4999999999999897304, 0.000000000000000000, 0.8660254037844444808 ) ) ;
#2340 = CARTESIAN_POINT ( 'NONE',  ( 0.000000000000000000, 0.1999999999999963196, 0.000000000000000000 ) ) ;
#2341 = CARTESIAN_POINT ( 'NONE',  ( -19.16802893709556344, 9.999999999999996447, 13.00000000000000711 ) ) ;
#2342 = EDGE_CURVE ( 'NONE', #445, #1804, #63, .T. ) ;
#2343 = VECTOR ( 'NONE', #3191, 1000.000000000000000 ) ;
#2344 = ORIENTED_EDGE ( 'NONE', *, *, #2841, .F. ) ;
#2345 = DIRECTION ( 'NONE',  ( -0.000000000000000000, -1.000000000000000000, -0.000000000000000000 ) ) ;
#2346 = AXIS2_PLACEMENT_3D ( 'NONE', #2401, #3475, #1073 ) ;
#2347 = ADVANCED_FACE ( 'NONE', ( #2543 ), #645, .F. ) ;
#2348 = CARTESIAN_POINT ( 'NONE',  ( -9.500000000000191847, 9.999999999999996447, -16.45448267190422342 ) ) ;
#2349 = VERTEX_POINT ( 'NONE', #123 ) ;
#2350 = AXIS2_PLACEMENT_3D ( 'NONE', #425, #213, #465 ) ;
#2351 = DIRECTION ( 'NONE',  ( -0.000000000000000000, 1.000000000000000000, -0.000000000000000000 ) ) ;
#2352 = DIRECTION ( 'NONE',  ( -0.000000000000000000, -1.000000000000000000, 0.000000000000000000 ) ) ;
#2353 = AXIS2_PLACEMENT_3D ( 'NONE', #1930, #2948, #3264 ) ;
#2354 = AXIS2_PLACEMENT_3D ( 'NONE', #2018, #655, #1740 ) ;
#2355 = CARTESIAN_POINT ( 'NONE',  ( -20.84234471774549391, 6.999999999999996447, 10.10000000000001208 ) ) ;
#2356 = LINE ( 'NONE', #1021, #2216 ) ;
#2357 = CIRCLE ( 'NONE', #1956, 1.599999999999995426 ) ;
#2358 = ORIENTED_EDGE ( 'NONE', *, *, #3424, .F. ) ;
#2359 = ORIENTED_EDGE ( 'NONE', *, *, #1443, .T. ) ;
#2360 = CARTESIAN_POINT ( 'NONE',  ( -2.897977941337367636, 1.599999999999996092, 21.80829484053079170 ) ) ;
#2361 = CARTESIAN_POINT ( 'NONE',  ( -25.86529205969521783, 6.999999999999996447, -13.00000000000002487 ) ) ;
#2362 = DIRECTION ( 'NONE',  ( 0.8660254037844365982, 0.000000000000000000, -0.5000000000000035527 ) ) ;
#2363 = ORIENTED_EDGE ( 'NONE', *, *, #3506, .T. ) ;
#2364 = ADVANCED_FACE ( 'NONE', ( #911 ), #1445, .F. ) ;
#2365 = DIRECTION ( 'NONE',  ( -0.000000000000000000, -1.000000000000000000, -0.000000000000000000 ) ) ;
#2366 = DIRECTION ( 'NONE',  ( -0.000000000000000000, -1.000000000000000000, -0.000000000000000000 ) ) ;
#2367 = ORIENTED_EDGE ( 'NONE', *, *, #2757, .F. ) ;
#2368 = ADVANCED_FACE ( 'NONE', ( #2839 ), #91, .F. ) ;
#2369 = DIRECTION ( 'NONE',  ( -0.4999999999999897304, 0.000000000000000000, 0.8660254037844444808 ) ) ;
#2370 = DIRECTION ( 'NONE',  ( 0.000000000000000000, 1.000000000000000000, 0.000000000000000000 ) ) ;
#2371 = LINE ( 'NONE', #704, #2011 ) ;
#2372 = DIRECTION ( 'NONE',  ( 0.000000000000000000, -0.000000000000000000, 1.000000000000000000 ) ) ;
#2373 = VERTEX_POINT ( 'NONE', #2790 ) ;
#2374 = EDGE_LOOP ( 'NONE', ( #3359, #2910, #3355, #723, #185, #2191, #3066, #1142, #2781, #2792, #2702, #2425, #1417, #2605, #1336, #270, #742, #2542, #2338, #70, #3157, #1992, #3328, #2779, #2868 ) ) ;
#2375 = FACE_OUTER_BOUND ( 'NONE', #2704, .T. ) ;
#2376 = DIRECTION ( 'NONE',  ( 0.000000000000000000, 0.000000000000000000, -1.000000000000000000 ) ) ;
#2377 = FACE_BOUND ( 'NONE', #1838, .T. ) ;
#2378 = ORIENTED_EDGE ( 'NONE', *, *, #2172, .T. ) ;
#2379 = CARTESIAN_POINT ( 'NONE',  ( 20.84234471774535180, 6.999999999999996447, -15.90000000000016023 ) ) ;
#2380 = DIRECTION ( 'NONE',  ( 0.000000000000000000, 0.000000000000000000, -1.000000000000000000 ) ) ;
#2381 = ORIENTED_EDGE ( 'NONE', *, *, #3492, .T. ) ;
#2382 = CARTESIAN_POINT ( 'NONE',  ( 0.000000000000000000, 0.000000000000000000, 0.000000000000000000 ) ) ;
#2383 = VECTOR ( 'NONE', #1912, 1000.000000000000000 ) ;
#2384 = CARTESIAN_POINT ( 'NONE',  ( 2.168404344971008868E-16, -15.00000000000000711, -8.649999999999996803 ) ) ;
#2385 = EDGE_CURVE ( 'NONE', #1457, #147, #3416, .T. ) ;
#2386 = ADVANCED_FACE ( 'NONE', ( #3381 ), #3348, .T. ) ;
#2387 = EDGE_LOOP ( 'NONE', ( #1, #1711, #2716, #3046 ) ) ;
#2388 = VECTOR ( 'NONE', #1575, 1000.000000000000000 ) ;
#2389 = DIRECTION ( 'NONE',  ( 4.829470157119430162E-15, -0.000000000000000000, 1.000000000000000000 ) ) ;
#2390 = FACE_OUTER_BOUND ( 'NONE', #1310, .T. ) ;
#2391 = VECTOR ( 'NONE', #1826, 1000.000000000000000 ) ;
#2392 = EDGE_CURVE ( 'NONE', #2968, #445, #295, .T. ) ;
#2393 = VERTEX_POINT ( 'NONE', #1459 ) ;
#2394 = ORIENTED_EDGE ( 'NONE', *, *, #3184, .F. ) ;
#2395 = LINE ( 'NONE', #1294, #1657 ) ;
#2396 = PLANE ( 'NONE',  #922 ) ;
#2397 = CARTESIAN_POINT ( 'NONE',  ( -32.00000000000000711, 9.999999999999996447, 0.000000000000000000 ) ) ;
#2398 = ORIENTED_EDGE ( 'NONE', *, *, #2435, .T. ) ;
#2399 = ORIENTED_EDGE ( 'NONE', *, *, #790, .T. ) ;
#2400 = CARTESIAN_POINT ( 'NONE',  ( 4.189071563564134967E-16, 9.999999999999994671, -5.350000000000007638 ) ) ;
#2401 = CARTESIAN_POINT ( 'NONE',  ( 0.000000000000000000, 2.999999999999996003, 0.000000000000000000 ) ) ;
#2402 = VERTEX_POINT ( 'NONE', #2037 ) ;
#2403 = AXIS2_PLACEMENT_3D ( 'NONE', #2004, #2478, #846 ) ;
#2404 = CYLINDRICAL_SURFACE ( 'NONE', #2802, 32.00000000000000711 ) ;
#2405 = CYLINDRICAL_SURFACE ( 'NONE', #1873, 8.500000000000000000 ) ;
#2406 = VECTOR ( 'NONE', #2244, 1000.000000000000000 ) ;
#2407 = ADVANCED_FACE ( 'NONE', ( #604 ), #56, .F. ) ;
#2408 = AXIS2_PLACEMENT_3D ( 'NONE', #3023, #861, #1393 ) ;
#2409 = PLANE ( 'NONE',  #528 ) ;
#2410 = LINE ( 'NONE', #2994, #3234 ) ;
#2411 = ORIENTED_EDGE ( 'NONE', *, *, #2319, .T. ) ;
#2412 = AXIS2_PLACEMENT_3D ( 'NONE', #101, #1173, #2570 ) ;
#2413 = ORIENTED_EDGE ( 'NONE', *, *, #3390, .T. ) ;
#2414 = EDGE_CURVE ( 'NONE', #3342, #2509, #402, .T. ) ;
#2415 = CARTESIAN_POINT ( 'NONE',  ( 17.43754837445193573, 0.1999999999999970968, -13.41386993707068420 ) ) ;
#2416 = ADVANCED_FACE ( 'NONE', ( #1698 ), #3365, .F. ) ;
#2417 = DIRECTION ( 'NONE',  ( -0.000000000000000000, -1.000000000000000000, -0.000000000000000000 ) ) ;
#2418 = CARTESIAN_POINT ( 'NONE',  ( 20.84234471774541575, 6.999999999999996447, -10.10000000000015774 ) ) ;
#2419 = AXIS2_PLACEMENT_3D ( 'NONE', #3525, #3013, #260 ) ;
#2420 = ORIENTED_EDGE ( 'NONE', *, *, #1265, .T. ) ;
#2421 = CIRCLE ( 'NONE', #3314, 3.149999999999997247 ) ;
#2422 = ORIENTED_EDGE ( 'NONE', *, *, #1420, .T. ) ;
#2423 = DIRECTION ( 'NONE',  ( 0.000000000000000000, 1.000000000000000000, 0.000000000000000000 ) ) ;
#2424 = CARTESIAN_POINT ( 'NONE',  ( 20.84234471774558628, 6.999999999999996447, 15.89999999999989377 ) ) ;
#2425 = ORIENTED_EDGE ( 'NONE', *, *, #2320, .T. ) ;
#2426 = FACE_OUTER_BOUND ( 'NONE', #957, .T. ) ;
#2427 = DIRECTION ( 'NONE',  ( 0.000000000000000000, 0.000000000000000000, -1.000000000000000000 ) ) ;
#2428 = FACE_OUTER_BOUND ( 'NONE', #3036, .T. ) ;
#2429 = VERTEX_POINT ( 'NONE', #2255 ) ;
#2430 = VERTEX_POINT ( 'NONE', #77 ) ;
#2431 = CARTESIAN_POINT ( 'NONE',  ( 0.000000000000000000, 9.999999999999996447, -3.000000000000000444 ) ) ;
#2432 = DIRECTION ( 'NONE',  ( -0.000000000000000000, -1.000000000000000000, -0.000000000000000000 ) ) ;
#2433 = CARTESIAN_POINT ( 'NONE',  ( 17.43754837445212402, 0.1999999999999970968, 13.41386993707044262 ) ) ;
#2434 = ADVANCED_FACE ( 'NONE', ( #958 ), #3436, .F. ) ;
#2435 = EDGE_CURVE ( 'NONE', #1829, #305, #1532, .T. ) ;
#2436 = ORIENTED_EDGE ( 'NONE', *, *, #2760, .T. ) ;
#2437 = ORIENTED_EDGE ( 'NONE', *, *, #2859, .T. ) ;
#2438 = CARTESIAN_POINT ( 'NONE',  ( 25.86529205969513256, 6.999999999999996447, -13.00000000000021494 ) ) ;
#2439 = ORIENTED_EDGE ( 'NONE', *, *, #1742, .F. ) ;
#2440 = FACE_OUTER_BOUND ( 'NONE', #486, .T. ) ;
#2441 = ORIENTED_EDGE ( 'NONE', *, *, #245, .T. ) ;
#2442 = CYLINDRICAL_SURFACE ( 'NONE', #863, 8.500000000000000000 ) ;
#2443 = DIRECTION ( 'NONE',  ( -0.8660254037844328234, 0.000000000000000000, 0.5000000000000101030 ) ) ;
#2444 = CIRCLE ( 'NONE', #1634, 8.500000000000001776 ) ;
#2445 = DIRECTION ( 'NONE',  ( 0.8660254037844363761, 0.000000000000000000, -0.5000000000000039968 ) ) ;
#2446 = DIRECTION ( 'NONE',  ( 0.000000000000000000, 0.000000000000000000, -1.000000000000000000 ) ) ;
#2448 = ORIENTED_EDGE ( 'NONE', *, *, #25, .F. ) ;
#2447 = AXIS2_PLACEMENT_3D ( 'NONE', #1656, #3277, #2697 ) ;
#2449 = CARTESIAN_POINT ( 'NONE',  ( -6.999999999999999112, 9.999999999999994671, -1.649999999999993472 ) ) ;
#2450 = VECTOR ( 'NONE', #3060, 1000.000000000000114 ) ;
#2451 = DIRECTION ( 'NONE',  ( 0.8660254037844399289, 0.000000000000000000, 0.4999999999999980016 ) ) ;
#2452 = CIRCLE ( 'NONE', #905, 8.500000000000000000 ) ;
#2453 = ORIENTED_EDGE ( 'NONE', *, *, #525, .F. ) ;
#2454 = LINE ( 'NONE', #3529, #460 ) ;
#2455 = ADVANCED_FACE ( 'NONE', ( #1822 ), #1280, .F. ) ;
#2456 = EDGE_LOOP ( 'NONE', ( #2420, #2262, #2145, #2441 ) ) ;
#2457 = ORIENTED_EDGE ( 'NONE', *, *, #1158, .F. ) ;
#2458 = FACE_OUTER_BOUND ( 'NONE', #2456, .T. ) ;
#2459 = ADVANCED_FACE ( 'NONE', ( #2911 ), #2626, .F. ) ;
#2460 = CARTESIAN_POINT ( 'NONE',  ( 6.999999999999999112, 2.999999999999995559, 3.149999999999997247 ) ) ;
#2461 = CIRCLE ( 'NONE', #3248, 22.00000000000000000 ) ;
#2462 = CARTESIAN_POINT ( 'NONE',  ( -22.51666049839539596, 6.999999999999995559, 13.00000000000001954 ) ) ;
#2463 = AXIS2_PLACEMENT_3D ( 'NONE', #762, #779, #1332 ) ;
#2464 = VERTEX_POINT ( 'NONE', #1784 ) ;
#2465 = VERTEX_POINT ( 'NONE', #3210 ) ;
#2466 = CIRCLE ( 'NONE', #1143, 1.599999999999993872 ) ;
#2467 = PLANE ( 'NONE',  #1203 ) ;
#2468 = DIRECTION ( 'NONE',  ( -0.4999999999999979461, 0.000000000000000000, 0.8660254037844397068 ) ) ;
#2469 = VECTOR ( 'NONE', #1090, 1000.000000000000000 ) ;
#2470 = ORIENTED_EDGE ( 'NONE', *, *, #42, .T. ) ;
#2471 = AXIS2_PLACEMENT_3D ( 'NONE', #2675, #3490, #223 ) ;
#2472 = DIRECTION ( 'NONE',  ( 0.000000000000000000, 1.000000000000000000, 0.000000000000000000 ) ) ;
#2473 = VERTEX_POINT ( 'NONE', #1802 ) ;
#2474 = VECTOR ( 'NONE', #686, 1000.000000000000114 ) ;
#2475 = EDGE_CURVE ( 'NONE', #2838, #568, #1856, .T. ) ;
#2476 = VERTEX_POINT ( 'NONE', #2400 ) ;
#2477 = CARTESIAN_POINT ( 'NONE',  ( -25.86529205969521783, 6.999999999999996447, -13.00000000000002487 ) ) ;
#2478 = DIRECTION ( 'NONE',  ( -0.8660254037844374864, -0.000000000000000000, 0.5000000000000022204 ) ) ;
#2479 = EDGE_CURVE ( 'NONE', #2660, #3116, #1225, .T. ) ;
#2480 =( NAMED_UNIT ( * ) SI_UNIT ( $, .STERADIAN. ) SOLID_ANGLE_UNIT ( ) );
#2481 = VERTEX_POINT ( 'NONE', #1511 ) ;
#2482 = VERTEX_POINT ( 'NONE', #1014 ) ;
#2483 = CARTESIAN_POINT ( 'NONE',  ( -1.409462824231155764E-15, -15.00000000000000711, 6.999999999999999112 ) ) ;
#2484 = CARTESIAN_POINT ( 'NONE',  ( -6.999999999999999112, -15.00000000000000711, 3.149999999999997247 ) ) ;
#2485 = VERTEX_POINT ( 'NONE', #2111 ) ;
#2486 = LINE ( 'NONE', #3494, #2632 ) ;
#2487 = EDGE_LOOP ( 'NONE', ( #1292, #3501, #2148, #1329 ) ) ;
#2488 = ORIENTED_EDGE ( 'NONE', *, *, #2302, .F. ) ;
#2489 = FACE_OUTER_BOUND ( 'NONE', #786, .T. ) ;
#2490 = CARTESIAN_POINT ( 'NONE',  ( 0.000000000000000000, 0.1999999999999963196, 0.000000000000000000 ) ) ;
#2491 = LINE ( 'NONE', #1687, #2572 ) ;
#2492 = ADVANCED_FACE ( 'NONE', ( #439 ), #1035, .F. ) ;
#2493 = FACE_OUTER_BOUND ( 'NONE', #2736, .T. ) ;
#2494 = ORIENTED_EDGE ( 'NONE', *, *, #3418, .T. ) ;
#2495 = VECTOR ( 'NONE', #1492, 1000.000000000000000 ) ;
#2496 = ORIENTED_EDGE ( 'NONE', *, *, #412, .F. ) ;
#2497 = CARTESIAN_POINT ( 'NONE',  ( 24.19097627904525538, 9.999999999999996447, -10.10000000000019504 ) ) ;
#2498 = EDGE_CURVE ( 'NONE', #1513, #1875, #712, .T. ) ;
#2499 = LINE ( 'NONE', #1453, #1005 ) ;
#2500 = AXIS2_PLACEMENT_3D ( 'NONE', #2749, #1368, #2451 ) ;
#2501 = ORIENTED_EDGE ( 'NONE', *, *, #1668, .T. ) ;
#2502 = CIRCLE ( 'NONE', #1296, 22.00000000000000000 ) ;
#2503 = PLANE ( 'NONE',  #2412 ) ;
#2504 = ORIENTED_EDGE ( 'NONE', *, *, #1051, .F. ) ;
#2505 = AXIS2_PLACEMENT_3D ( 'NONE', #3252, #1613, #521 ) ;
#2506 = VERTEX_POINT ( 'NONE', #3473 ) ;
#2507 = CARTESIAN_POINT ( 'NONE',  ( 9.499999999999847233, 2.999999999999997335, -16.45448267190441882 ) ) ;
#2508 = CARTESIAN_POINT ( 'NONE',  ( -2.138784067832511848, 9.999999999999996447, -20.70448267190430514 ) ) ;
#2509 = VERTEX_POINT ( 'NONE', #1840 ) ;
#2510 = CARTESIAN_POINT ( 'NONE',  ( 20.84234471774541575, 6.999999999999996447, -10.10000000000015774 ) ) ;
#2511 = PRODUCT_CONTEXT ( 'NONE', #396, 'mechanical' ) ;
#2512 = DIRECTION ( 'NONE',  ( 0.000000000000000000, 0.000000000000000000, -1.000000000000000000 ) ) ;
#2513 = EDGE_LOOP ( 'NONE', ( #1250, #1568, #757, #3363 ) ) ;
#2514 = EDGE_CURVE ( 'NONE', #166, #2402, #175, .T. ) ;
#2515 = ORIENTED_EDGE ( 'NONE', *, *, #896, .F. ) ;
#2516 = PLANE ( 'NONE',  #523 ) ;
#2517 = DIRECTION ( 'NONE',  ( 0.8660254037844397068, 0.000000000000000000, 0.4999999999999979461 ) ) ;
#2518 = VECTOR ( 'NONE', #1284, 1000.000000000000000 ) ;
#2519 = ADVANCED_FACE ( 'NONE', ( #1566 ), #2930, .F. ) ;
#2520 = ORIENTED_EDGE ( 'NONE', *, *, #571, .T. ) ;
#2521 = DIRECTION ( 'NONE',  ( -0.000000000000000000, -1.000000000000000000, -0.000000000000000000 ) ) ;
#2522 = CARTESIAN_POINT ( 'NONE',  ( 22.51666049839530004, 6.999999999999995559, -13.00000000000017408 ) ) ;
#2523 = VECTOR ( 'NONE', #2233, 1000.000000000000000 ) ;
#2524 = ORIENTED_EDGE ( 'NONE', *, *, #2881, .F. ) ;
#2525 = VECTOR ( 'NONE', #1636, 1000.000000000000000 ) ;
#2526 = CARTESIAN_POINT ( 'NONE',  ( -20.84234471774546194, 6.999999999999996447, -10.10000000000003340 ) ) ;
#2527 = DIRECTION ( 'NONE',  ( -0.000000000000000000, -1.000000000000000000, -0.000000000000000000 ) ) ;
#2528 = VECTOR ( 'NONE', #446, 1000.000000000000114 ) ;
#2529 = AXIS2_PLACEMENT_3D ( 'NONE', #2993, #1060, #2178 ) ;
#2530 = DIRECTION ( 'NONE',  ( 0.000000000000000000, 0.000000000000000000, -1.000000000000000000 ) ) ;
#2531 = DIRECTION ( 'NONE',  ( 1.000000000000000000, 0.000000000000000000, 0.000000000000000000 ) ) ;
#2532 = CARTESIAN_POINT ( 'NONE',  ( 2.168404344971008868E-16, 4.999999999999993783, -7.000000000000000888 ) ) ;
#2533 = VERTEX_POINT ( 'NONE', #2661 ) ;
#2534 = ORIENTED_EDGE ( 'NONE', *, *, #570, .T. ) ;
#2535 = DIRECTION ( 'NONE',  ( -0.8660254037844339337, 0.000000000000000000, 0.5000000000000083267 ) ) ;
#2536 = CARTESIAN_POINT ( 'NONE',  ( -9.499999999999960920, 2.999999999999997335, 16.45448267190435487 ) ) ;
#2537 = ORIENTED_EDGE ( 'NONE', *, *, #2256, .F. ) ;
#2538 = DIRECTION ( 'NONE',  ( 0.000000000000000000, -1.000000000000000000, -0.000000000000000000 ) ) ;
#2539 = DIRECTION ( 'NONE',  ( 0.000000000000000000, 0.000000000000000000, -1.000000000000000000 ) ) ;
#2540 = EDGE_CURVE ( 'NONE', #1400, #358, #578, .T. ) ;
#2541 = EDGE_CURVE ( 'NONE', #2165, #1560, #2090, .T. ) ;
#2542 = ORIENTED_EDGE ( 'NONE', *, *, #1179, .T. ) ;
#2543 = FACE_OUTER_BOUND ( 'NONE', #1418, .T. ) ;
#2544 = EDGE_CURVE ( 'NONE', #267, #639, #2591, .T. ) ;
#2545 = LINE ( 'NONE', #605, #278 ) ;
#2546 = VERTEX_POINT ( 'NONE', #209 ) ;
#2547 = CARTESIAN_POINT ( 'NONE',  ( -1.409462824231155764E-15, 4.999999999999993783, 6.999999999999999112 ) ) ;
#2548 = DIRECTION ( 'NONE',  ( 0.000000000000000000, 0.000000000000000000, -1.000000000000000000 ) ) ;
#2549 = VERTEX_POINT ( 'NONE', #1300 ) ;
#2550 = DIRECTION ( 'NONE',  ( 0.000000000000000000, 0.000000000000000000, -1.000000000000000000 ) ) ;
#2551 = CARTESIAN_POINT ( 'NONE',  ( 20.84234471774535180, 9.999999999999996447, -15.90000000000016023 ) ) ;
#2552 = ORIENTED_EDGE ( 'NONE', *, *, #1193, .T. ) ;
#2553 = DIRECTION ( 'NONE',  ( 0.000000000000000000, 1.000000000000000000, 0.000000000000000000 ) ) ;
#2554 = VECTOR ( 'NONE', #114, 1000.000000000000000 ) ;
#2555 = DIRECTION ( 'NONE',  ( -0.000000000000000000, 1.000000000000000000, -0.000000000000000000 ) ) ;
#2556 = AXIS2_PLACEMENT_3D ( 'NONE', #1253, #1755, #1559 ) ;
#2557 = EDGE_LOOP ( 'NONE', ( #2098, #1756, #3322, #902 ) ) ;
#2558 = EDGE_CURVE ( 'NONE', #3371, #1663, #139, .T. ) ;
#2559 = CARTESIAN_POINT ( 'NONE',  ( 1.674315780650015517, 6.999999999999996447, -28.90000000000000213 ) ) ;
#2560 = CARTESIAN_POINT ( 'NONE',  ( 6.999999999999999112, -15.00000000000000711, 3.149999999999997247 ) ) ;
#2561 = ORIENTED_EDGE ( 'NONE', *, *, #2597, .T. ) ;
#2562 = EDGE_CURVE ( 'NONE', #3278, #639, #1255, .T. ) ;
#2563 = FACE_OUTER_BOUND ( 'NONE', #3258, .T. ) ;
#2564 = DIRECTION ( 'NONE',  ( -0.000000000000000000, -1.000000000000000000, -0.000000000000000000 ) ) ;
#2565 = ORIENTED_EDGE ( 'NONE', *, *, #3412, .T. ) ;
#2566 = DIRECTION ( 'NONE',  ( -0.000000000000000000, 1.000000000000000000, -0.000000000000000000 ) ) ;
#2567 = CARTESIAN_POINT ( 'NONE',  ( -1.409462824231155764E-15, 9.999999999999994671, 6.999999999999999112 ) ) ;
#2568 = ORIENTED_EDGE ( 'NONE', *, *, #1241, .T. ) ;
#2569 = LINE ( 'NONE', #2360, #1087 ) ;
#2570 = DIRECTION ( 'NONE',  ( -0.8660254037844432595, 0.000000000000000000, -0.4999999999999919509 ) ) ;
#2571 = FACE_BOUND ( 'NONE', #972, .T. ) ;
#2572 = VECTOR ( 'NONE', #2695, 1000.000000000000114 ) ;
#2573 = EDGE_LOOP ( 'NONE', ( #1658, #798 ) ) ;
#2574 = DIRECTION ( 'NONE',  ( 0.8660254037844327124, 0.000000000000000000, -0.5000000000000103251 ) ) ;
#2575 = CARTESIAN_POINT ( 'NONE',  ( 19.16802893709565581, 9.999999999999996447, 12.99999999999990763 ) ) ;
#2576 = CIRCLE ( 'NONE', #1831, 1.649999999999993472 ) ;
#2577 = CARTESIAN_POINT ( 'NONE',  ( -20.84234471774549391, 6.999999999999996447, 10.10000000000001208 ) ) ;
#2578 = AXIS2_PLACEMENT_3D ( 'NONE', #908, #2553, #3098 ) ;
#2579 = DIRECTION ( 'NONE',  ( 0.000000000000000000, 1.000000000000000000, 0.000000000000000000 ) ) ;
#2580 = EDGE_CURVE ( 'NONE', #202, #2402, #805, .T. ) ;
#2581 = EDGE_CURVE ( 'NONE', #1152, #1628, #2965, .T. ) ;
#2582 = ORIENTED_EDGE ( 'NONE', *, *, #699, .F. ) ;
#2583 = CIRCLE ( 'NONE', #355, 22.00000000000000000 ) ;
#2584 = LINE ( 'NONE', #3180, #1780 ) ;
#2585 = SURFACE_SIDE_STYLE ('',( #3429 ) ) ;
#2586 = ORIENTED_EDGE ( 'NONE', *, *, #765, .F. ) ;
#2587 = CARTESIAN_POINT ( 'NONE',  ( -1.409462824231155764E-15, -15.00000000000000711, 3.850000000000001865 ) ) ;
#2588 = FACE_OUTER_BOUND ( 'NONE', #1792, .T. ) ;
#2589 = FACE_BOUND ( 'NONE', #1124, .T. ) ;
#2590 = ORIENTED_EDGE ( 'NONE', *, *, #3276, .T. ) ;
#2591 = LINE ( 'NONE', #730, #2807 ) ;
#2592 = DIRECTION ( 'NONE',  ( -0.000000000000000000, 1.000000000000000000, -0.000000000000000000 ) ) ;
#2593 = ORIENTED_EDGE ( 'NONE', *, *, #1704, .T. ) ;
#2594 = DIRECTION ( 'NONE',  ( -0.000000000000000000, -1.000000000000000000, -0.000000000000000000 ) ) ;
#2595 = DIRECTION ( 'NONE',  ( 0.000000000000000000, 0.000000000000000000, -1.000000000000000000 ) ) ;
#2596 = ORIENTED_EDGE ( 'NONE', *, *, #1019, .F. ) ;
#2597 = EDGE_CURVE ( 'NONE', #961, #2838, #2168, .T. ) ;
#2598 = CARTESIAN_POINT ( 'NONE',  ( 0.000000000000000000, 0.1999999999999963196, 0.000000000000000000 ) ) ;
#2599 = ORIENTED_EDGE ( 'NONE', *, *, #546, .T. ) ;
#2600 = VERTEX_POINT ( 'NONE', #228 ) ;
#2601 = EDGE_CURVE ( 'NONE', #409, #2105, #1354, .T. ) ;
#2602 = FACE_OUTER_BOUND ( 'NONE', #3029, .T. ) ;
#2603 = DIRECTION ( 'NONE',  ( 0.000000000000000000, 0.000000000000000000, 1.000000000000000000 ) ) ;
#2604 = FACE_BOUND ( 'NONE', #1970, .T. ) ;
#2605 = ORIENTED_EDGE ( 'NONE', *, *, #1786, .T. ) ;
#2606 = CIRCLE ( 'NONE', #2154, 8.500000000000000000 ) ;
#2607 = CARTESIAN_POINT ( 'NONE',  ( -25.86529205969522849, 9.999999999999996447, 13.00000000000003553 ) ) ;
#2608 = DIRECTION ( 'NONE',  ( -0.4999999999999919509, 0.000000000000000000, 0.8660254037844432595 ) ) ;
#2609 = AXIS2_PLACEMENT_3D ( 'NONE', #3307, #1202, #3048 ) ;
#2610 = ORIENTED_EDGE ( 'NONE', *, *, #2715, .T. ) ;
#2611 = CARTESIAN_POINT ( 'NONE',  ( 23.90230114445039078, 6.999999999999995559, -13.80000000000018900 ) ) ;
#2612 = VECTOR ( 'NONE', #2976, 1000.000000000000000 ) ;
#2613 = LINE ( 'NONE', #999, #1298 ) ;
#2614 = VECTOR ( 'NONE', #932, 1000.000000000000000 ) ;
#2615 = LINE ( 'NONE', #130, #3090 ) ;
#2616 = DIRECTION ( 'NONE',  ( 0.000000000000000000, 1.000000000000000000, 0.000000000000000000 ) ) ;
#2617 = ORIENTED_EDGE ( 'NONE', *, *, #3313, .T. ) ;
#2618 = ORIENTED_EDGE ( 'NONE', *, *, #1439, .T. ) ;
#2619 = CARTESIAN_POINT ( 'NONE',  ( 20.84234471774535180, 6.999999999999996447, -15.90000000000016023 ) ) ;
#2620 = DIRECTION ( 'NONE',  ( -0.000000000000000000, -1.000000000000000000, -0.000000000000000000 ) ) ;
#2621 = DIRECTION ( 'NONE',  ( 0.000000000000000000, 1.000000000000000000, 0.000000000000000000 ) ) ;
#2622 = EDGE_CURVE ( 'NONE', #608, #3293, #2454, .T. ) ;
#2623 = EDGE_CURVE ( 'NONE', #573, #2660, #1390, .T. ) ;
#2624 = CIRCLE ( 'NONE', #225, 3.149999999999995470 ) ;
#2625 = ORIENTED_EDGE ( 'NONE', *, *, #1028, .T. ) ;
#2626 = CYLINDRICAL_SURFACE ( 'NONE', #1605, 1.649999999999994360 ) ;
#2627 = CARTESIAN_POINT ( 'NONE',  ( 20.84234471774553299, 6.999999999999996447, 10.09999999999988773 ) ) ;
#2628 = ORIENTED_EDGE ( 'NONE', *, *, #676, .T. ) ;
#2629 = VECTOR ( 'NONE', #410, 1000.000000000000000 ) ;
#2630 = CARTESIAN_POINT ( 'NONE',  ( -24.19097627904532644, 9.999999999999996447, 10.10000000000002984 ) ) ;
#2631 = FACE_OUTER_BOUND ( 'NONE', #2293, .T. ) ;
#2632 = VECTOR ( 'NONE', #34, 1000.000000000000000 ) ;
#2633 = ORIENTED_EDGE ( 'NONE', *, *, #2737, .T. ) ;
#2634 = AXIS2_PLACEMENT_3D ( 'NONE', #992, #1222, #204 ) ;
#2635 = DIRECTION ( 'NONE',  ( -0.000000000000000000, -1.000000000000000000, -0.000000000000000000 ) ) ;
#2636 = DIRECTION ( 'NONE',  ( -1.000000000000000000, 0.000000000000000000, 4.773959005888172335E-15 ) ) ;
#2637 = CIRCLE ( 'NONE', #1100, 3.149999999999998135 ) ;
#2638 = ORIENTED_EDGE ( 'NONE', *, *, #879, .F. ) ;
#2639 = EDGE_LOOP ( 'NONE', ( #3018, #3100, #3192, #3012 ) ) ;
#2640 = LINE ( 'NONE', #1798, #627 ) ;
#2641 = FACE_OUTER_BOUND ( 'NONE', #1224, .T. ) ;
#2642 = CARTESIAN_POINT ( 'NONE',  ( -9.500000000000191847, 2.999999999999997335, -16.45448267190422342 ) ) ;
#2643 = VERTEX_POINT ( 'NONE', #1915 ) ;
#2644 = DIRECTION ( 'NONE',  ( -0.000000000000000000, -1.000000000000000000, -0.000000000000000000 ) ) ;
#2645 = ADVANCED_FACE ( 'NONE', ( #825 ), #250, .F. ) ;
#2646 = EDGE_CURVE ( 'NONE', #1212, #3171, #1054, .T. ) ;
#2647 = DIRECTION ( 'NONE',  ( 0.000000000000000000, 0.000000000000000000, -1.000000000000000000 ) ) ;
#2648 = VERTEX_POINT ( 'NONE', #1338 ) ;
#2649 = CARTESIAN_POINT ( 'NONE',  ( -3.348631561299735271, 6.999999999999996447, -26.00000000000000000 ) ) ;
#2650 = EDGE_CURVE ( 'NONE', #1583, #2476, #2576, .T. ) ;
#2651 = DIRECTION ( 'NONE',  ( 1.000000000000000000, 0.000000000000000000, 0.000000000000000000 ) ) ;
#2652 = ORIENTED_EDGE ( 'NONE', *, *, #2878, .F. ) ;
#2653 = DIRECTION ( 'NONE',  ( 0.000000000000000000, 0.000000000000000000, 1.000000000000000000 ) ) ;
#2654 = DIRECTION ( 'NONE',  ( 0.5000000000000101030, 0.000000000000000000, 0.8660254037844328234 ) ) ;
#2655 = ORIENTED_EDGE ( 'NONE', *, *, #131, .T. ) ;
#2656 = ORIENTED_EDGE ( 'NONE', *, *, #2823, .T. ) ;
#2657 = DIRECTION ( 'NONE',  ( -0.000000000000000000, 1.000000000000000000, -0.000000000000000000 ) ) ;
#2658 = CARTESIAN_POINT ( 'NONE',  ( -2.138784067832222746, -15.00000000000001243, 20.70448267190433711 ) ) ;
#2659 = FACE_BOUND ( 'NONE', #515, .T. ) ;
#2660 = VERTEX_POINT ( 'NONE', #2987 ) ;
#2661 = CARTESIAN_POINT ( 'NONE',  ( 0.000000000000000000, 0.1999999999999963474, -30.00000000000000000 ) ) ;
#2662 = CARTESIAN_POINT ( 'NONE',  ( 0.000000000000000000, 2.999999999999996003, 0.000000000000000000 ) ) ;
#2663 = EDGE_CURVE ( 'NONE', #2546, #1150, #2486, .T. ) ;
#2664 = EDGE_LOOP ( 'NONE', ( #459, #1596 ) ) ;
#2665 = CARTESIAN_POINT ( 'NONE',  ( -24.19097627904531222, 6.999999999999996447, -15.90000000000003233 ) ) ;
#2666 = AXIS2_PLACEMENT_3D ( 'NONE', #334, #871, #317 ) ;
#2667 = DIRECTION ( 'NONE',  ( -0.8660254037844433705, 0.000000000000000000, -0.4999999999999918399 ) ) ;
#2668 = ADVANCED_FACE ( 'NONE', ( #3509, #538 ), #3294, .T. ) ;
#2669 = EDGE_CURVE ( 'NONE', #2120, #3281, #1121, .T. ) ;
#2670 = COLOUR_RGB ( '',0.4980392156862745168, 0.4980392156862745168, 0.4980392156862745168 ) ;
#2671 = FACE_OUTER_BOUND ( 'NONE', #772, .T. ) ;
#2672 = EDGE_LOOP ( 'NONE', ( #1444, #3502, #3471, #3249 ) ) ;
#2673 = ORIENTED_EDGE ( 'NONE', *, *, #677, .F. ) ;
#2674 = DIRECTION ( 'NONE',  ( -0.000000000000000000, -1.000000000000000000, -0.000000000000000000 ) ) ;
#2675 = CARTESIAN_POINT ( 'NONE',  ( -25.86529205969522849, 6.999999999999996447, 13.00000000000003553 ) ) ;
#2676 = FACE_OUTER_BOUND ( 'NONE', #777, .T. ) ;
#2677 = ORIENTED_EDGE ( 'NONE', *, *, #979, .T. ) ;
#2678 = ORIENTED_EDGE ( 'NONE', *, *, #1728, .T. ) ;
#2679 = LINE ( 'NONE', #2735, #1376 ) ;
#2680 = DIRECTION ( 'NONE',  ( 0.000000000000000000, -1.000000000000000000, 0.000000000000000000 ) ) ;
#2681 = AXIS2_PLACEMENT_3D ( 'NONE', #2662, #2680, #2380 ) ;
#2682 = VERTEX_POINT ( 'NONE', #2188 ) ;
#2683 = VECTOR ( 'NONE', #3185, 1000.000000000000000 ) ;
#2684 = FACE_OUTER_BOUND ( 'NONE', #1275, .T. ) ;
#2685 = CARTESIAN_POINT ( 'NONE',  ( -1.674315780649818342, 6.999999999999996447, -23.09999999999999432 ) ) ;
#2686 = AXIS2_PLACEMENT_3D ( 'NONE', #1571, #1588, #1303 ) ;
#2687 = CIRCLE ( 'NONE', #1146, 8.500000000000000000 ) ;
#2688 = LINE ( 'NONE', #3520, #2755 ) ;
#2689 = EDGE_CURVE ( 'NONE', #551, #385, #9, .T. ) ;
#2690 = EDGE_CURVE ( 'NONE', #2201, #2797, #3196, .T. ) ;
#2691 = LINE ( 'NONE', #2119, #211 ) ;
#2692 = ORIENTED_EDGE ( 'NONE', *, *, #1948, .F. ) ;
#2693 = AXIS2_PLACEMENT_3D ( 'NONE', #1187, #2767, #1678 ) ;
#2694 = ORIENTED_EDGE ( 'NONE', *, *, #741, .F. ) ;
#2695 = DIRECTION ( 'NONE',  ( -0.4999999999999998335, 0.000000000000000000, 0.8660254037844387076 ) ) ;
#2696 = DIRECTION ( 'NONE',  ( 0.000000000000000000, 0.000000000000000000, -1.000000000000000000 ) ) ;
#2697 = DIRECTION ( 'NONE',  ( 0.000000000000000000, 0.000000000000000000, 1.000000000000000000 ) ) ;
#2698 = ORIENTED_EDGE ( 'NONE', *, *, #2122, .F. ) ;
#2699 = AXIS2_PLACEMENT_3D ( 'NONE', #1289, #2389, #3462 ) ;
#2700 = ORIENTED_EDGE ( 'NONE', *, *, #3254, .T. ) ;
#2701 = CARTESIAN_POINT ( 'NONE',  ( 19.00000000000000000, 9.999999999999996447, 0.000000000000000000 ) ) ;
#2702 = ORIENTED_EDGE ( 'NONE', *, *, #1235, .T. ) ;
#2703 = CYLINDRICAL_SURFACE ( 'NONE', #2346, 22.00000000000000000 ) ;
#2704 = EDGE_LOOP ( 'NONE', ( #3398, #46, #877, #3508 ) ) ;
#2705 = CARTESIAN_POINT ( 'NONE',  ( 0.000000000000000000, 6.999999999999996447, 0.000000000000000000 ) ) ;
#2706 = CYLINDRICAL_SURFACE ( 'NONE', #670, 8.500000000000001776 ) ;
#2707 = CARTESIAN_POINT ( 'NONE',  ( 24.19097627904518077, 6.999999999999996447, -15.90000000000019931 ) ) ;
#2708 = CARTESIAN_POINT ( 'NONE',  ( -3.348631561299735271, 6.999999999999996447, -26.00000000000000000 ) ) ;
#2709 = ORIENTED_EDGE ( 'NONE', *, *, #1461, .T. ) ;
#2710 = EDGE_CURVE ( 'NONE', #2473, #782, #2679, .T. ) ;
#2711 = ORIENTED_EDGE ( 'NONE', *, *, #502, .F. ) ;
#2712 = DIRECTION ( 'NONE',  ( 0.000000000000000000, -1.000000000000000000, 0.000000000000000000 ) ) ;
#2713 = CARTESIAN_POINT ( 'NONE',  ( -2.138784067832511848, -15.00000000000001243, -20.70448267190430514 ) ) ;
#2714 = CARTESIAN_POINT ( 'NONE',  ( 3.348631561299735271, 9.999999999999996447, 26.00000000000000000 ) ) ;
#2715 = EDGE_CURVE ( 'NONE', #1938, #2349, #1606, .T. ) ;
#2716 = ORIENTED_EDGE ( 'NONE', *, *, #897, .F. ) ;
#2717 = VERTEX_POINT ( 'NONE', #3279 ) ;
#2718 = DIRECTION ( 'NONE',  ( -0.000000000000000000, -1.000000000000000000, -0.000000000000000000 ) ) ;
#2719 = ORIENTED_EDGE ( 'NONE', *, *, #658, .F. ) ;
#2720 = ORIENTED_EDGE ( 'NONE', *, *, #2544, .T. ) ;
#2721 = DIRECTION ( 'NONE',  ( 0.5000000000000001110, 0.000000000000000000, 0.8660254037844385966 ) ) ;
#2722 = DIRECTION ( 'NONE',  ( 0.000000000000000000, 1.000000000000000000, 0.000000000000000000 ) ) ;
#2723 = AXIS2_PLACEMENT_3D ( 'NONE', #357, #2806, #2539 ) ;
#2724 = VECTOR ( 'NONE', #3221, 1000.000000000000000 ) ;
#2725 = DIRECTION ( 'NONE',  ( 0.000000000000000000, 0.000000000000000000, 1.000000000000000000 ) ) ;
#2726 = CARTESIAN_POINT ( 'NONE',  ( 6.999999999999999112, 4.999999999999993783, 0.000000000000000000 ) ) ;
#2728 = ORIENTED_EDGE ( 'NONE', *, *, #1307, .T. ) ;
#2727 = CONICAL_SURFACE ( 'NONE', #2331, 3.149999999999995470, 0.7853981633974479459 ) ;
#2729 = EDGE_LOOP ( 'NONE', ( #1373, #190 ) ) ;
#2730 = CARTESIAN_POINT ( 'NONE',  ( 22.51666049839547412, 6.999999999999995559, 12.99999999999987566 ) ) ;
#2731 = CIRCLE ( 'NONE', #731, 1.649999999999995248 ) ;
#2732 = DIRECTION ( 'NONE',  ( 0.000000000000000000, 1.000000000000000000, 0.000000000000000000 ) ) ;
#2733 = ADVANCED_FACE ( 'NONE', ( #840, #569 ), #1424, .F. ) ;
#2734 = VERTEX_POINT ( 'NONE', #1694 ) ;
#2735 = CARTESIAN_POINT ( 'NONE',  ( 1.674315780650015517, 6.999999999999996447, -28.90000000000000213 ) ) ;
#2736 = EDGE_LOOP ( 'NONE', ( #945, #2158, #2902, #2167 ) ) ;
#2737 = EDGE_CURVE ( 'NONE', #3528, #2464, #694, .T. ) ;
#2738 = ADVANCED_FACE ( 'NONE', ( #1979 ), #1945, .F. ) ;
#2739 = ORIENTED_EDGE ( 'NONE', *, *, #3056, .F. ) ;
#2740 = FACE_OUTER_BOUND ( 'NONE', #706, .T. ) ;
#2741 = DIRECTION ( 'NONE',  ( -0.000000000000000000, -1.000000000000000000, -0.000000000000000000 ) ) ;
#2742 = CIRCLE ( 'NONE', #3188, 8.500000000000001776 ) ;
#2743 = SURFACE_STYLE_FILL_AREA ( #562 ) ;
#2744 = DIRECTION ( 'NONE',  ( -0.8660254037844385966, 0.000000000000000000, 0.5000000000000001110 ) ) ;
#2745 = VECTOR ( 'NONE', #3129, 1000.000000000000114 ) ;
#2746 = ORIENTED_EDGE ( 'NONE', *, *, #3270, .T. ) ;
#2747 = AXIS2_PLACEMENT_3D ( 'NONE', #520, #1902, #1076 ) ;
#2748 = DIRECTION ( 'NONE',  ( 1.000000000000000000, 0.000000000000000000, 0.000000000000000000 ) ) ;
#2749 = CARTESIAN_POINT ( 'NONE',  ( -9.499999999999960920, -15.00000000000001243, 16.45448267190435487 ) ) ;
#2750 = VECTOR ( 'NONE', #157, 999.9999999999998863 ) ;
#2751 = ORIENTED_EDGE ( 'NONE', *, *, #1307, .F. ) ;
#2752 = VECTOR ( 'NONE', #3205, 1000.000000000000000 ) ;
#2753 = DIRECTION ( 'NONE',  ( -0.000000000000000000, -1.000000000000000000, -0.000000000000000000 ) ) ;
#2754 = ORIENTED_EDGE ( 'NONE', *, *, #1269, .T. ) ;
#2755 = VECTOR ( 'NONE', #238, 1000.000000000000000 ) ;
#2756 = ORIENTED_EDGE ( 'NONE', *, *, #2231, .T. ) ;
#2757 = EDGE_CURVE ( 'NONE', #2506, #1230, #1139, .T. ) ;
#2758 = LINE ( 'NONE', #2477, #232 ) ;
#2759 = DIRECTION ( 'NONE',  ( 0.000000000000000000, 0.000000000000000000, -1.000000000000000000 ) ) ;
#2760 = EDGE_CURVE ( 'NONE', #2869, #739, #1485, .T. ) ;
#2761 = DIRECTION ( 'NONE',  ( -0.000000000000000000, -1.000000000000000000, -0.000000000000000000 ) ) ;
#2762 = ORIENTED_EDGE ( 'NONE', *, *, #3288, .T. ) ;
#2763 = VERTEX_POINT ( 'NONE', #383 ) ;
#2764 = FACE_OUTER_BOUND ( 'NONE', #2053, .T. ) ;
#2765 = CARTESIAN_POINT ( 'NONE',  ( -1.674315780650008634, 9.999999999999996447, 23.09999999999999432 ) ) ;
#2766 = EDGE_LOOP ( 'NONE', ( #1707, #2860 ) ) ;
#2767 = DIRECTION ( 'NONE',  ( -0.000000000000000000, 1.000000000000000000, -0.000000000000000000 ) ) ;
#2768 = ORIENTED_EDGE ( 'NONE', *, *, #1743, .F. ) ;
#2769 = VERTEX_POINT ( 'NONE', #1441 ) ;
#2770 = CARTESIAN_POINT ( 'NONE',  ( -20.84234471774547970, 6.999999999999996447, -15.90000000000003944 ) ) ;
#2771 = CARTESIAN_POINT ( 'NONE',  ( 0.000000000000000000, 0.000000000000000000, 0.000000000000000000 ) ) ;
#2772 = ADVANCED_FACE ( 'NONE', ( #72, #53 ), #2503, .T. ) ;
#2773 = ORIENTED_EDGE ( 'NONE', *, *, #1162, .T. ) ;
#2774 = CARTESIAN_POINT ( 'NONE',  ( -6.999999999999999112, 4.999999999999993783, 3.149999999999995470 ) ) ;
#2775 =( LENGTH_UNIT ( ) NAMED_UNIT ( * ) SI_UNIT ( .MILLI., .METRE. ) );
#2776 = LINE ( 'NONE', #1736, #559 ) ;
#2777 = EDGE_CURVE ( 'NONE', #2476, #2373, #3326, .T. ) ;
#2778 = ADVANCED_FACE ( 'NONE', ( #3067, #1405, #3034, #621, #1713, #642, #586, #356 ), #3310, .F. ) ;
#2779 = ORIENTED_EDGE ( 'NONE', *, *, #457, .T. ) ;
#2780 = CIRCLE ( 'NONE', #1573, 22.00000000000000000 ) ;
#2781 = ORIENTED_EDGE ( 'NONE', *, *, #1398, .T. ) ;
#2782 = DIRECTION ( 'NONE',  ( 0.000000000000000000, -1.000000000000000000, 0.000000000000000000 ) ) ;
#2783 = LINE ( 'NONE', #2028, #2554 ) ;
#2784 = CIRCLE ( 'NONE', #325, 8.500000000000000000 ) ;
#2785 = EDGE_LOOP ( 'NONE', ( #2537, #2914, #416, #2692 ) ) ;
#2786 = VECTOR ( 'NONE', #988, 1000.000000000000000 ) ;
#2787 = DIRECTION ( 'NONE',  ( 0.8660254037844327124, 0.000000000000000000, -0.5000000000000103251 ) ) ;
#2788 = LINE ( 'NONE', #119, #3337 ) ;
#2789 = EDGE_LOOP ( 'NONE', ( #1933, #2394, #2698, #3057 ) ) ;
#2790 = CARTESIAN_POINT ( 'NONE',  ( 4.189071563564135460E-16, 6.499999999999995559, -5.350000000000005862 ) ) ;
#2791 = DIRECTION ( 'NONE',  ( -0.000000000000000000, 1.000000000000000000, -0.000000000000000000 ) ) ;
#2792 = ORIENTED_EDGE ( 'NONE', *, *, #28, .T. ) ;
#2793 = LINE ( 'NONE', #343, #2002 ) ;
#2794 = EDGE_CURVE ( 'NONE', #2481, #2968, #2238, .T. ) ;
#2795 = CARTESIAN_POINT ( 'NONE',  ( -20.84234471774547970, 6.999999999999996447, -15.90000000000003944 ) ) ;
#2796 = ORIENTED_EDGE ( 'NONE', *, *, #2864, .F. ) ;
#2797 = VERTEX_POINT ( 'NONE', #2267 ) ;
#2798 = EDGE_CURVE ( 'NONE', #2181, #1468, #1964, .T. ) ;
#2799 = EDGE_CURVE ( 'NONE', #739, #2869, #976, .T. ) ;
#2800 = FACE_OUTER_BOUND ( 'NONE', #3476, .T. ) ;
#2801 = DIRECTION ( 'NONE',  ( -0.000000000000000000, -1.000000000000000000, -0.000000000000000000 ) ) ;
#2802 = AXIS2_PLACEMENT_3D ( 'NONE', #2382, #3458, #541 ) ;
#2803 = VERTEX_POINT ( 'NONE', #1998 ) ;
#2804 = EDGE_CURVE ( 'NONE', #1815, #1607, #522, .T. ) ;
#2805 = CARTESIAN_POINT ( 'NONE',  ( 4.189071563564134474E-16, -15.00000000000000711, -5.350000000000006750 ) ) ;
#2806 = DIRECTION ( 'NONE',  ( -0.000000000000000000, 1.000000000000000000, -0.000000000000000000 ) ) ;
#2807 = VECTOR ( 'NONE', #476, 1000.000000000000000 ) ;
#2808 = ORIENTED_EDGE ( 'NONE', *, *, #292, .F. ) ;
#2809 = AXIS2_PLACEMENT_3D ( 'NONE', #400, #3130, #692 ) ;
#2810 = FACE_OUTER_BOUND ( 'NONE', #778, .T. ) ;
#2811 = DIRECTION ( 'NONE',  ( 0.4999999999999919509, 0.000000000000000000, -0.8660254037844432595 ) ) ;
#2812 = CIRCLE ( 'NONE', #2243, 1.599999999999993872 ) ;
#2813 = ORIENTED_EDGE ( 'NONE', *, *, #3511, .F. ) ;
#2814 = CYLINDRICAL_SURFACE ( 'NONE', #967, 3.149999999999997247 ) ;
#2815 = CARTESIAN_POINT ( 'NONE',  ( -17.43754837445202455, 0.1999999999999970968, 13.41386993707056163 ) ) ;
#2816 = EDGE_LOOP ( 'NONE', ( #3303, #2829 ) ) ;
#2817 = PLANE ( 'NONE',  #698 ) ;
#2818 = DIRECTION ( 'NONE',  ( -0.000000000000000000, -1.000000000000000000, -0.000000000000000000 ) ) ;
#2819 = EDGE_CURVE ( 'NONE', #1549, #3121, #1260, .T. ) ;
#2820 = ORIENTED_EDGE ( 'NONE', *, *, #1071, .F. ) ;
#2821 = DIRECTION ( 'NONE',  ( 0.000000000000000000, 0.000000000000000000, -1.000000000000000000 ) ) ;
#2822 = DIRECTION ( 'NONE',  ( 0.000000000000000000, 1.000000000000000000, 0.000000000000000000 ) ) ;
#2823 = EDGE_CURVE ( 'NONE', #1804, #1346, #2834, .T. ) ;
#2824 = ORIENTED_EDGE ( 'NONE', *, *, #1857, .F. ) ;
#2825 = CARTESIAN_POINT ( 'NONE',  ( -22.51666049839538530, 6.999999999999995559, -13.00000000000003375 ) ) ;
#2826 = PLANE ( 'NONE',  #680 ) ;
#2827 = DIRECTION ( 'NONE',  ( -0.000000000000000000, 1.000000000000000000, -0.000000000000000000 ) ) ;
#2828 = FACE_OUTER_BOUND ( 'NONE', #2513, .T. ) ;
#2829 = ORIENTED_EDGE ( 'NONE', *, *, #1028, .F. ) ;
#2830 = CARTESIAN_POINT ( 'NONE',  ( 0.000000000000000000, 2.999999999999996003, -22.00000000000000000 ) ) ;
#2831 = CARTESIAN_POINT ( 'NONE',  ( -24.19097627904531222, 6.999999999999996447, -15.90000000000003233 ) ) ;
#2832 = VERTEX_POINT ( 'NONE', #3050 ) ;
#2833 = DIRECTION ( 'NONE',  ( 0.5000000000000001110, 0.000000000000000000, 0.8660254037844385966 ) ) ;
#2834 = LINE ( 'NONE', #1473, #1037 ) ;
#2835 = VECTOR ( 'NONE', #32, 1000.000000000000114 ) ;
#2836 = ADVANCED_FACE ( 'NONE', ( #601 ), #940, .F. ) ;
#2837 = CARTESIAN_POINT ( 'NONE',  ( 2.168404344971008868E-16, -15.00000000000000711, -7.000000000000000888 ) ) ;
#2838 = VERTEX_POINT ( 'NONE', #725 ) ;
#2839 = FACE_OUTER_BOUND ( 'NONE', #354, .T. ) ;
#2840 = EDGE_CURVE ( 'NONE', #2849, #1212, #1491, .T. ) ;
#2841 = EDGE_CURVE ( 'NONE', #2995, #2237, #2241, .T. ) ;
#2842 = AXIS2_PLACEMENT_3D ( 'NONE', #2685, #2153, #2651 ) ;
#2843 = DIRECTION ( 'NONE',  ( 0.000000000000000000, -1.000000000000000000, 0.000000000000000000 ) ) ;
#2844 = EDGE_LOOP ( 'NONE', ( #1652, #1186, #2625, #1522, #2309, #1386, #341, #2399 ) ) ;
#2845 = CARTESIAN_POINT ( 'NONE',  ( -2.897977941337670504, 1.599999999999996092, -21.80829484053075262 ) ) ;
#2846 = CARTESIAN_POINT ( 'NONE',  ( -6.999999999999999112, -15.00000000000000711, 1.649999999999994360 ) ) ;
#2847 = CARTESIAN_POINT ( 'NONE',  ( 19.16802893709546751, 9.999999999999996447, -13.00000000000013856 ) ) ;
#2848 = PLANE ( 'NONE',  #1074 ) ;
#2849 = VERTEX_POINT ( 'NONE', #745 ) ;
#2850 = CIRCLE ( 'NONE', #1760, 32.00000000000000711 ) ;
#2851 = CARTESIAN_POINT ( 'NONE',  ( 24.19097627904541525, 6.999999999999996447, 15.89999999999986180 ) ) ;
#2852 = DIRECTION ( 'NONE',  ( 0.5000000000000101030, 0.000000000000000000, 0.8660254037844328234 ) ) ;
#2853 = CARTESIAN_POINT ( 'NONE',  ( 3.348631561299930670, 9.999999999999996447, -26.00000000000000355 ) ) ;
#2854 = ORIENTED_EDGE ( 'NONE', *, *, #2622, .F. ) ;
#2855 = CIRCLE ( 'NONE', #2686, 32.00000000000000711 ) ;
#2856 = DIRECTION ( 'NONE',  ( 0.4999999999999979461, 0.000000000000000000, -0.8660254037844397068 ) ) ;
#2857 = CARTESIAN_POINT ( 'NONE',  ( 20.84234471774553299, 6.999999999999996447, 10.09999999999988773 ) ) ;
#2858 = VECTOR ( 'NONE', #3173, 1000.000000000000000 ) ;
#2859 = EDGE_CURVE ( 'NONE', #1120, #3265, #1721, .T. ) ;
#2860 = ORIENTED_EDGE ( 'NONE', *, *, #2799, .F. ) ;
#2861 = CARTESIAN_POINT ( 'NONE',  ( 9.500000000000078160, -15.00000000000001243, 16.45448267190429092 ) ) ;
#2862 = CIRCLE ( 'NONE', #351, 3.149999999999997247 ) ;
#2863 = CARTESIAN_POINT ( 'NONE',  ( 2.138784067832078861, 9.999999999999996447, -20.70448267190435132 ) ) ;
#2864 = EDGE_CURVE ( 'NONE', #2036, #1628, #638, .T. ) ;
#2865 = CIRCLE ( 'NONE', #302, 1.599999999999993872 ) ;
#2866 = DIRECTION ( 'NONE',  ( 0.000000000000000000, 1.000000000000000000, 0.000000000000000000 ) ) ;
#2867 = LINE ( 'NONE', #397, #2896 ) ;
#2868 = ORIENTED_EDGE ( 'NONE', *, *, #2689, .T. ) ;
#2869 = VERTEX_POINT ( 'NONE', #1563 ) ;
#2870 = DIRECTION ( 'NONE',  ( -0.5000000000000082157, 0.000000000000000000, -0.8660254037844338226 ) ) ;
#2871 = DIRECTION ( 'NONE',  ( 0.000000000000000000, 1.000000000000000000, 0.000000000000000000 ) ) ;
#2872 = FACE_BOUND ( 'NONE', #470, .T. ) ;
#2873 = ORIENTED_EDGE ( 'NONE', *, *, #408, .F. ) ;
#2874 = CARTESIAN_POINT ( 'NONE',  ( 1.674315780649818342, 6.999999999999996447, 23.09999999999999432 ) ) ;
#2875 = DIRECTION ( 'NONE',  ( 0.000000000000000000, 0.000000000000000000, -1.000000000000000000 ) ) ;
#2876 = ORIENTED_EDGE ( 'NONE', *, *, #1071, .T. ) ;
#2877 = CARTESIAN_POINT ( 'NONE',  ( 19.00000000000000000, 0.1999999999999970690, 0.000000000000000000 ) ) ;
#2878 = EDGE_CURVE ( 'NONE', #2402, #134, #152, .T. ) ;
#2879 = LINE ( 'NONE', #444, #2391 ) ;
#2880 = CARTESIAN_POINT ( 'NONE',  ( -19.16802893709556344, 9.999999999999996447, 13.00000000000000711 ) ) ;
#2881 = EDGE_CURVE ( 'NONE', #358, #1787, #435, .T. ) ;
#2882 = EDGE_CURVE ( 'NONE', #2717, #1938, #1609, .T. ) ;
#2883 = DIRECTION ( 'NONE',  ( -0.8660254037844327124, 0.000000000000000000, 0.5000000000000103251 ) ) ;
#2884 = ORIENTED_EDGE ( 'NONE', *, *, #47, .T. ) ;
#2885 = ORIENTED_EDGE ( 'NONE', *, *, #2319, .F. ) ;
#2886 = CARTESIAN_POINT ( 'NONE',  ( 22.51666049839530004, 6.999999999999995559, -13.00000000000017408 ) ) ;
#2887 = CYLINDRICAL_SURFACE ( 'NONE', #2127, 1.649999999999994360 ) ;
#2888 = DIRECTION ( 'NONE',  ( 0.000000000000000000, 0.000000000000000000, -1.000000000000000000 ) ) ;
#2889 = ORIENTED_EDGE ( 'NONE', *, *, #571, .F. ) ;
#2890 = CIRCLE ( 'NONE', #2723, 8.500000000000000000 ) ;
#2891 = DIRECTION ( 'NONE',  ( 0.000000000000000000, 0.000000000000000000, -1.000000000000000000 ) ) ;
#2892 = LINE ( 'NONE', #389, #3354 ) ;
#2893 = CIRCLE ( 'NONE', #1806, 3.149999999999995470 ) ;
#2894 = ORIENTED_EDGE ( 'NONE', *, *, #1306, .F. ) ;
#2895 = CARTESIAN_POINT ( 'NONE',  ( -1.023699082499739693E-15, -15.00000000000000711, 10.14999999999999503 ) ) ;
#2896 = VECTOR ( 'NONE', #2636, 1000.000000000000000 ) ;
#2897 = CARTESIAN_POINT ( 'NONE',  ( -1.674315780650012409, 6.999999999999996447, 23.09999999999999432 ) ) ;
#2899 = ORIENTED_EDGE ( 'NONE', *, *, #2581, .T. ) ;
#2898 = VECTOR ( 'NONE', #1446, 1000.000000000000000 ) ;
#2900 = DIRECTION ( 'NONE',  ( -0.000000000000000000, 1.000000000000000000, -0.000000000000000000 ) ) ;
#2901 = CARTESIAN_POINT ( 'NONE',  ( -3.348631561299930670, 9.999999999999996447, 26.00000000000000355 ) ) ;
#2902 = ORIENTED_EDGE ( 'NONE', *, *, #3254, .F. ) ;
#2903 = EDGE_CURVE ( 'NONE', #2349, #409, #122, .T. ) ;
#2904 = ADVANCED_FACE ( 'NONE', ( #2588 ), #2032, .F. ) ;
#2905 = EDGE_LOOP ( 'NONE', ( #1038, #2232, #2305, #2756 ) ) ;
#2906 = PLANE ( 'NONE',  #1887 ) ;
#2907 = DIRECTION ( 'NONE',  ( 0.000000000000000000, 0.000000000000000000, -1.000000000000000000 ) ) ;
#2908 = DIRECTION ( 'NONE',  ( 0.000000000000000000, 1.000000000000000000, 0.000000000000000000 ) ) ;
#2909 = ADVANCED_FACE ( 'NONE', ( #954 ), #136, .F. ) ;
#2910 = ORIENTED_EDGE ( 'NONE', *, *, #3, .T. ) ;
#2911 = FACE_OUTER_BOUND ( 'NONE', #2947, .T. ) ;
#2912 = CIRCLE ( 'NONE', #2116, 1.649999999999993472 ) ;
#2913 = DIRECTION ( 'NONE',  ( 1.000000000000000000, 0.000000000000000000, -9.436895709313830594E-15 ) ) ;
#2914 = ORIENTED_EDGE ( 'NONE', *, *, #830, .T. ) ;
#2915 = VECTOR ( 'NONE', #3053, 1000.000000000000000 ) ;
#2916 = DIRECTION ( 'NONE',  ( -0.5000000000000039968, 0.000000000000000000, -0.8660254037844363761 ) ) ;
#2917 = CARTESIAN_POINT ( 'NONE',  ( 2.168404344971008868E-16, 6.499999999999995559, -8.649999999999996803 ) ) ;
#2918 = AXIS2_PLACEMENT_3D ( 'NONE', #2701, #1372, #553 ) ;
#2919 = AXIS2_PLACEMENT_3D ( 'NONE', #2142, #780, #2696 ) ;
#2920 = LINE ( 'NONE', #163, #1900 ) ;
#2921 = FACE_OUTER_BOUND ( 'NONE', #1133, .T. ) ;
#2922 = VECTOR ( 'NONE', #1920, 1000.000000000000000 ) ;
#2923 = ORIENTED_EDGE ( 'NONE', *, *, #526, .F. ) ;
#2924 = VERTEX_POINT ( 'NONE', #3112 ) ;
#2925 = LINE ( 'NONE', #203, #913 ) ;
#2926 = CARTESIAN_POINT ( 'NONE',  ( -22.51666049839539596, 6.999999999999995559, 13.00000000000001954 ) ) ;
#2927 = CARTESIAN_POINT ( 'NONE',  ( -24.19097627904530157, 6.999999999999996447, 15.90000000000003233 ) ) ;
#2928 = EDGE_CURVE ( 'NONE', #103, #2016, #2087, .T. ) ;
#2929 = EDGE_LOOP ( 'NONE', ( #1423, #3004, #3422, #3244 ) ) ;
#2930 = CYLINDRICAL_SURFACE ( 'NONE', #633, 22.00000000000000000 ) ;
#2931 = EDGE_CURVE ( 'NONE', #3281, #2321, #2323, .T. ) ;
#2932 = ADVANCED_FACE ( 'NONE', ( #1799 ), #2887, .F. ) ;
#2933 = CARTESIAN_POINT ( 'NONE',  ( -24.19097627904532644, 6.999999999999996447, 10.10000000000002984 ) ) ;
#2934 = ORIENTED_EDGE ( 'NONE', *, *, #408, .T. ) ;
#2935 = DIRECTION ( 'NONE',  ( -0.000000000000000000, -1.000000000000000000, -0.000000000000000000 ) ) ;
#2936 = CARTESIAN_POINT ( 'NONE',  ( -9.500000000000191847, -15.00000000000001243, -16.45448267190422342 ) ) ;
#2937 = VERTEX_POINT ( 'NONE', #1295 ) ;
#2938 = CARTESIAN_POINT ( 'NONE',  ( 0.000000000000000000, 0.1999999999999963474, 0.000000000000000000 ) ) ;
#2939 = CARTESIAN_POINT ( 'NONE',  ( 21.13101985234021285, 0.1999999999999970690, -12.20000000000016094 ) ) ;
#2940 = VERTEX_POINT ( 'NONE', #170 ) ;
#2941 = ORIENTED_EDGE ( 'NONE', *, *, #1220, .F. ) ;
#2942 = CYLINDRICAL_SURFACE ( 'NONE', #1767, 3.149999999999998135 ) ;
#2943 = DIRECTION ( 'NONE',  ( 0.000000000000000000, 0.000000000000000000, -1.000000000000000000 ) ) ;
#2944 = LINE ( 'NONE', #489, #2039 ) ;
#2945 = VERTEX_POINT ( 'NONE', #1546 ) ;
#2946 = ADVANCED_FACE ( 'NONE', ( #2641 ), #2396, .F. ) ;
#2947 = EDGE_LOOP ( 'NONE', ( #582, #464, #3209, #1539 ) ) ;
#2948 = DIRECTION ( 'NONE',  ( 0.000000000000000000, -1.000000000000000000, 0.000000000000000000 ) ) ;
#2949 = DIRECTION ( 'NONE',  ( 0.000000000000000000, 0.000000000000000000, -1.000000000000000000 ) ) ;
#2950 = EDGE_LOOP ( 'NONE', ( #823, #1889, #1565, #2494 ) ) ;
#2951 = EDGE_CURVE ( 'NONE', #951, #2279, #298, .T. ) ;
#2952 = EDGE_CURVE ( 'NONE', #2270, #3171, #3275, .T. ) ;
#2953 = CARTESIAN_POINT ( 'NONE',  ( -24.19097627904530157, 6.999999999999996447, 15.90000000000003233 ) ) ;
#2954 = VECTOR ( 'NONE', #619, 1000.000000000000000 ) ;
#2955 = PLANE ( 'NONE',  #3459 ) ;
#2956 = PLANE ( 'NONE',  #815 ) ;
#2957 = DIRECTION ( 'NONE',  ( 0.000000000000000000, 0.000000000000000000, -1.000000000000000000 ) ) ;
#2958 = ORIENTED_EDGE ( 'NONE', *, *, #1050, .T. ) ;
#2959 = ORIENTED_EDGE ( 'NONE', *, *, #3231, .F. ) ;
#2960 = CARTESIAN_POINT ( 'NONE',  ( -6.999999999999999112, 4.999999999999993783, 0.000000000000000000 ) ) ;
#2961 = CARTESIAN_POINT ( 'NONE',  ( -25.86529205969521783, 9.999999999999996447, -13.00000000000002487 ) ) ;
#2962 = CARTESIAN_POINT ( 'NONE',  ( -9.500000000000191847, -15.00000000000001243, -16.45448267190422342 ) ) ;
#2963 = ORIENTED_EDGE ( 'NONE', *, *, #1000, .T. ) ;
#2964 = ORIENTED_EDGE ( 'NONE', *, *, #3506, .F. ) ;
#2965 = LINE ( 'NONE', #3224, #65 ) ;
#2966 = ORIENTED_EDGE ( 'NONE', *, *, #309, .T. ) ;
#2967 = DIRECTION ( 'NONE',  ( 0.000000000000000000, 0.000000000000000000, -1.000000000000000000 ) ) ;
#2968 = VERTEX_POINT ( 'NONE', #3220 ) ;
#2969 = VECTOR ( 'NONE', #2313, 1000.000000000000000 ) ;
#2970 = DIRECTION ( 'NONE',  ( -0.4999999999999998335, 0.000000000000000000, 0.8660254037844387076 ) ) ;
#2971 = CARTESIAN_POINT ( 'NONE',  ( 6.999999999999999112, 6.499999999999995559, 0.000000000000000000 ) ) ;
#2972 = EDGE_CURVE ( 'NONE', #3467, #1246, #1488, .T. ) ;
#2973 = CIRCLE ( 'NONE', #1662, 1.599999999999995426 ) ;
#2974 = AXIS2_PLACEMENT_3D ( 'NONE', #943, #1161, #1968 ) ;
#2975 = LINE ( 'NONE', #3199, #3146 ) ;
#2976 = DIRECTION ( 'NONE',  ( 0.000000000000000000, -1.000000000000000000, 0.000000000000000000 ) ) ;
#2977 = EDGE_CURVE ( 'NONE', #2247, #3347, #281, .T. ) ;
#2978 = ORIENTED_EDGE ( 'NONE', *, *, #3460, .F. ) ;
#2979 = EDGE_LOOP ( 'NONE', ( #79, #1434, #2677, #1358 ) ) ;
#2980 = DIRECTION ( 'NONE',  ( -0.000000000000000000, -1.000000000000000000, -0.000000000000000000 ) ) ;
#2981 = CARTESIAN_POINT ( 'NONE',  ( 1.005267033311343951E-13, 6.999999999999995559, -24.40000000000000568 ) ) ;
#2982 = CARTESIAN_POINT ( 'NONE',  ( 20.33552631578946901, 1.599999999999996092, 8.394424903460260268 ) ) ;
#2983 = CIRCLE ( 'NONE', #1435, 1.599999999999994982 ) ;
#2984 = ORIENTED_EDGE ( 'NONE', *, *, #263, .F. ) ;
#2985 = MECHANICAL_DESIGN_GEOMETRIC_PRESENTATION_REPRESENTATION (  '', ( #532 ), #1493 ) ;
#2986 = ORIENTED_EDGE ( 'NONE', *, *, #2541, .F. ) ;
#2987 = CARTESIAN_POINT ( 'NONE',  ( 20.84234471774541575, 9.999999999999996447, -10.10000000000015774 ) ) ;
#2988 = ORIENTED_EDGE ( 'NONE', *, *, #1162, .F. ) ;
#2989 = ORIENTED_EDGE ( 'NONE', *, *, #3225, .F. ) ;
#2990 = CARTESIAN_POINT ( 'NONE',  ( 0.000000000000000000, 0.1999999999999963196, -22.00000000000000000 ) ) ;
#2991 = DIRECTION ( 'NONE',  ( 0.4999999999999958367, 0.000000000000000000, -0.8660254037844410391 ) ) ;
#2992 = ADVANCED_FACE ( 'NONE', ( #1347 ), #821, .F. ) ;
#2993 = CARTESIAN_POINT ( 'NONE',  ( 0.000000000000000000, 2.999999999999996003, 0.000000000000000000 ) ) ;
#2994 = CARTESIAN_POINT ( 'NONE',  ( 24.19097627904525538, 9.999999999999996447, -10.10000000000019504 ) ) ;
#2995 = VERTEX_POINT ( 'NONE', #3504 ) ;
#2996 = EDGE_LOOP ( 'NONE', ( #1627, #1729, #2808, #2894 ) ) ;
#2997 = EDGE_CURVE ( 'NONE', #147, #1966, #1870, .T. ) ;
#2998 = ADVANCED_FACE ( 'NONE', ( #2183 ), #1622, .F. ) ;
#2999 = FACE_OUTER_BOUND ( 'NONE', #2261, .T. ) ;
#3000 = CARTESIAN_POINT ( 'NONE',  ( -1.409462824231155764E-15, 6.499999999999995559, 6.999999999999999112 ) ) ;
#3001 = VERTEX_POINT ( 'NONE', #246 ) ;
#3002 = VERTEX_POINT ( 'NONE', #2449 ) ;
#3003 = DIRECTION ( 'NONE',  ( 0.000000000000000000, 1.000000000000000000, 0.000000000000000000 ) ) ;
#3004 = ORIENTED_EDGE ( 'NONE', *, *, #1004, .F. ) ;
#3005 = VERTEX_POINT ( 'NONE', #2981 ) ;
#3006 = CARTESIAN_POINT ( 'NONE',  ( 3.673940397442059178E-15, 0.000000000000000000, 30.00000000000000000 ) ) ;
#3007 = DIRECTION ( 'NONE',  ( 0.000000000000000000, 1.000000000000000000, 0.000000000000000000 ) ) ;
#3008 = CIRCLE ( 'NONE', #1458, 1.649999999999993472 ) ;
#3009 = CIRCLE ( 'NONE', #1408, 1.599999999999995426 ) ;
#3010 = DIRECTION ( 'NONE',  ( -0.000000000000000000, -1.000000000000000000, -0.000000000000000000 ) ) ;
#3011 = VERTEX_POINT ( 'NONE', #1314 ) ;
#3012 = ORIENTED_EDGE ( 'NONE', *, *, #741, .T. ) ;
#3013 = DIRECTION ( 'NONE',  ( 0.000000000000000000, 1.000000000000000000, 0.000000000000000000 ) ) ;
#3014 = AXIS2_PLACEMENT_3D ( 'NONE', #182, #2025, #1537 ) ;
#3015 = CARTESIAN_POINT ( 'NONE',  ( 19.00000000000000000, 2.999999999999997335, 8.500000000000000000 ) ) ;
#3016 = ADVANCED_FACE ( 'NONE', ( #1333 ), #3469, .F. ) ;
#3017 = EDGE_CURVE ( 'NONE', #2373, #1072, #13, .T. ) ;
#3018 = ORIENTED_EDGE ( 'NONE', *, *, #740, .T. ) ;
#3019 = DIRECTION ( 'NONE',  ( -0.000000000000000000, 1.000000000000000000, -0.000000000000000000 ) ) ;
#3020 = EDGE_LOOP ( 'NONE', ( #2534, #2110 ) ) ;
#3021 = EDGE_CURVE ( 'NONE', #1230, #1150, #3364, .T. ) ;
#3022 = ORIENTED_EDGE ( 'NONE', *, *, #634, .F. ) ;
#3023 = CARTESIAN_POINT ( 'NONE',  ( 20.84234471774558628, 6.999999999999996447, 15.89999999999989377 ) ) ;
#3024 = FACE_OUTER_BOUND ( 'NONE', #1635, .T. ) ;
#3025 = ADVANCED_BREP_SHAPE_REPRESENTATION ( 'SO102.02.020 Base ring', ( #647, #3489 ), #818 ) ;
#3026 =( NAMED_UNIT ( * ) SI_UNIT ( $, .STERADIAN. ) SOLID_ANGLE_UNIT ( ) );
#3027 = CYLINDRICAL_SURFACE ( 'NONE', #1521, 3.149999999999997247 ) ;
#3028 = AXIS2_PLACEMENT_3D ( 'NONE', #94, #3384, #681 ) ;
#3029 = EDGE_LOOP ( 'NONE', ( #1172, #2582, #3077, #1653 ) ) ;
#3030 = VECTOR ( 'NONE', #443, 1000.000000000000000 ) ;
#3031 = DIRECTION ( 'NONE',  ( 0.8660254037844410391, 0.000000000000000000, 0.4999999999999958922 ) ) ;
#3032 = CARTESIAN_POINT ( 'NONE',  ( 1.674315780649818342, 6.999999999999996447, 23.09999999999999432 ) ) ;
#3033 = ORIENTED_EDGE ( 'NONE', *, *, #1499, .F. ) ;
#3034 = FACE_BOUND ( 'NONE', #3020, .T. ) ;
#3035 = EDGE_CURVE ( 'NONE', #267, #2924, #752, .T. ) ;
#3036 = EDGE_LOOP ( 'NONE', ( #2501, #1044, #3446, #2151 ) ) ;
#3037 = VECTOR ( 'NONE', #414, 1000.000000000000000 ) ;
#3038 = ORIENTED_EDGE ( 'NONE', *, *, #368, .T. ) ;
#3039 = DIRECTION ( 'NONE',  ( -0.8660254037844387076, 0.000000000000000000, -0.4999999999999998335 ) ) ;
#3040 = ADVANCED_FACE ( 'NONE', ( #2999 ), #548, .F. ) ;
#3041 = EDGE_CURVE ( 'NONE', #449, #1311, #2161, .T. ) ;
#3042 = DIRECTION ( 'NONE',  ( 0.000000000000000000, 1.000000000000000000, 0.000000000000000000 ) ) ;
#3043 = DIRECTION ( 'NONE',  ( 0.000000000000000000, 0.000000000000000000, -1.000000000000000000 ) ) ;
#3044 = PRESENTATION_STYLE_ASSIGNMENT (( #3319 ) ) ;
#3045 = DIRECTION ( 'NONE',  ( 0.000000000000000000, 1.000000000000000000, 0.000000000000000000 ) ) ;
#3046 = ORIENTED_EDGE ( 'NONE', *, *, #2977, .T. ) ;
#3047 = CARTESIAN_POINT ( 'NONE',  ( 0.000000000000000000, 2.999999999999996003, 0.000000000000000000 ) ) ;
#3048 = DIRECTION ( 'NONE',  ( 0.000000000000000000, 0.000000000000000000, -1.000000000000000000 ) ) ;
#3049 = EDGE_LOOP ( 'NONE', ( #3409, #833, #52, #1283 ) ) ;
#3050 = CARTESIAN_POINT ( 'NONE',  ( 0.000000000000000000, 7.999999999999996447, -30.00000000000000000 ) ) ;
#3051 = CARTESIAN_POINT ( 'NONE',  ( -20.84234471774549391, 6.999999999999996447, 10.10000000000001208 ) ) ;
#3052 = ORIENTED_EDGE ( 'NONE', *, *, #2864, .T. ) ;
#3053 = DIRECTION ( 'NONE',  ( 1.000000000000000000, 0.000000000000000000, 0.000000000000000000 ) ) ;
#3054 = CARTESIAN_POINT ( 'NONE',  ( -24.19097627904529446, 9.999999999999996447, -10.10000000000002629 ) ) ;
#3055 = EDGE_CURVE ( 'NONE', #2546, #2506, #3421, .T. ) ;
#3056 = EDGE_CURVE ( 'NONE', #2940, #684, #2125, .T. ) ;
#3057 = ORIENTED_EDGE ( 'NONE', *, *, #2580, .T. ) ;
#3058 = CARTESIAN_POINT ( 'NONE',  ( 6.026041762285166627E-16, 4.999999999999993783, -3.850000000000005418 ) ) ;
#3059 = SURFACE_SIDE_STYLE ('',( #2743 ) ) ;
#3060 = DIRECTION ( 'NONE',  ( -0.4999999999999979461, 0.000000000000000000, 0.8660254037844397068 ) ) ;
#3061 = CIRCLE ( 'NONE', #2265, 1.599999999999995426 ) ;
#3062 = ORIENTED_EDGE ( 'NONE', *, *, #457, .F. ) ;
#3063 = DIRECTION ( 'NONE',  ( -0.000000000000000000, -1.000000000000000000, -0.000000000000000000 ) ) ;
#3064 = FACE_OUTER_BOUND ( 'NONE', #886, .T. ) ;
#3065 = AXIS2_PLACEMENT_3D ( 'NONE', #781, #1995, #1470 ) ;
#3066 = ORIENTED_EDGE ( 'NONE', *, *, #634, .T. ) ;
#3067 = FACE_BOUND ( 'NONE', #1993, .T. ) ;
#3068 = FACE_OUTER_BOUND ( 'NONE', #226, .T. ) ;
#3069 = VECTOR ( 'NONE', #1630, 1000.000000000000000 ) ;
#3070 = ORIENTED_EDGE ( 'NONE', *, *, #635, .T. ) ;
#3071 = CARTESIAN_POINT ( 'NONE',  ( -9.500000000000191847, 2.999999999999997335, -16.45448267190422342 ) ) ;
#3072 = CARTESIAN_POINT ( 'NONE',  ( 1.674315780650012409, 6.999999999999996447, -23.09999999999999432 ) ) ;
#3073 = CARTESIAN_POINT ( 'NONE',  ( 22.51666049839530004, 0.1999999999999970690, -13.00000000000017408 ) ) ;
#3074 = ADVANCED_FACE ( 'NONE', ( #15 ), #2467, .F. ) ;
#3075 = DIRECTION ( 'NONE',  ( -0.000000000000000000, -1.000000000000000000, -0.000000000000000000 ) ) ;
#3076 = ORIENTED_EDGE ( 'NONE', *, *, #412, .T. ) ;
#3077 = ORIENTED_EDGE ( 'NONE', *, *, #2558, .F. ) ;
#3078 = CIRCLE ( 'NONE', #743, 1.649999999999993472 ) ;
#3079 = CARTESIAN_POINT ( 'NONE',  ( -6.999999999999999112, 2.999999999999995559, 3.149999999999997247 ) ) ;
#3080 = EDGE_CURVE ( 'NONE', #3126, #2769, #2862, .T. ) ;
#3081 = PLANE ( 'NONE',  #41 ) ;
#3082 = VECTOR ( 'NONE', #2935, 1000.000000000000000 ) ;
#3083 = CARTESIAN_POINT ( 'NONE',  ( 0.000000000000000000, 9.999999999999996447, 0.000000000000000000 ) ) ;
#3084 = DIRECTION ( 'NONE',  ( 0.000000000000000000, 0.000000000000000000, 1.000000000000000000 ) ) ;
#3085 = VECTOR ( 'NONE', #3399, 1000.000000000000000 ) ;
#3086 = ORIENTED_EDGE ( 'NONE', *, *, #1357, .T. ) ;
#3087 = VECTOR ( 'NONE', #3168, 1000.000000000000000 ) ;
#3088 = CARTESIAN_POINT ( 'NONE',  ( 22.51666049839530004, -15.00000000000000711, -13.00000000000017408 ) ) ;
#3089 = CARTESIAN_POINT ( 'NONE',  ( 21.13101985234036917, 0.1999999999999970690, 12.19999999999989093 ) ) ;
#3090 = VECTOR ( 'NONE', #3162, 1000.000000000000000 ) ;
#3091 = FACE_OUTER_BOUND ( 'NONE', #2189, .T. ) ;
#3092 = FACE_OUTER_BOUND ( 'NONE', #1554, .T. ) ;
#3093 = DIRECTION ( 'NONE',  ( 0.5000000000000082157, 0.000000000000000000, 0.8660254037844338226 ) ) ;
#3094 = CARTESIAN_POINT ( 'NONE',  ( 0.000000000000000000, 2.999999999999996003, -22.00000000000000000 ) ) ;
#3095 = EDGE_CURVE ( 'NONE', #1299, #2485, #3198, .T. ) ;
#3096 = EDGE_CURVE ( 'NONE', #1607, #2201, #1994, .T. ) ;
#3097 = ORIENTED_EDGE ( 'NONE', *, *, #915, .T. ) ;
#3098 = DIRECTION ( 'NONE',  ( 0.000000000000000000, 0.000000000000000000, 1.000000000000000000 ) ) ;
#3099 = DIRECTION ( 'NONE',  ( 8.659560562354930393E-17, -0.7071067811865479058, 0.7071067811865472397 ) ) ;
#3100 = ORIENTED_EDGE ( 'NONE', *, *, #194, .F. ) ;
#3101 = CARTESIAN_POINT ( 'NONE',  ( -19.16802893709556344, 6.999999999999996447, 13.00000000000000711 ) ) ;
#3102 = DIRECTION ( 'NONE',  ( 0.000000000000000000, 1.000000000000000000, 0.000000000000000000 ) ) ;
#3103 = ORIENTED_EDGE ( 'NONE', *, *, #2166, .F. ) ;
#3104 = DIRECTION ( 'NONE',  ( 0.8660254037844364872, 0.000000000000000000, -0.5000000000000039968 ) ) ;
#3105 = LINE ( 'NONE', #2846, #2219 ) ;
#3106 = ORIENTED_EDGE ( 'NONE', *, *, #458, .T. ) ;
#3107 = CARTESIAN_POINT ( 'NONE',  ( -1.005267033311343951E-13, 6.999999999999995559, 24.40000000000000568 ) ) ;
#3108 = CARTESIAN_POINT ( 'NONE',  ( -22.51666049839539596, 0.1999999999999970690, 13.00000000000001954 ) ) ;
#3109 = VECTOR ( 'NONE', #1731, 1000.000000000000000 ) ;
#3110 = ORIENTED_EDGE ( 'NONE', *, *, #2972, .T. ) ;
#3111 = DIRECTION ( 'NONE',  ( -0.5000000000000101030, 0.000000000000000000, -0.8660254037844328234 ) ) ;
#3112 = CARTESIAN_POINT ( 'NONE',  ( 20.33552631578946901, 2.999999999999997335, 8.394424903460263820 ) ) ;
#3113 = CIRCLE ( 'NONE', #2328, 8.500000000000000000 ) ;
#3114 = DIRECTION ( 'NONE',  ( 0.000000000000000000, 0.000000000000000000, -1.000000000000000000 ) ) ;
#3115 = EDGE_CURVE ( 'NONE', #2473, #297, #2281, .T. ) ;
#3116 = VERTEX_POINT ( 'NONE', #2497 ) ;
#3117 = DIRECTION ( 'NONE',  ( -0.000000000000000000, -1.000000000000000000, -0.000000000000000000 ) ) ;
#3118 = VECTOR ( 'NONE', #2080, 1000.000000000000000 ) ;
#3119 = ADVANCED_FACE ( 'NONE', ( #1170 ), #1708, .F. ) ;
#3120 = DIRECTION ( 'NONE',  ( 0.000000000000000000, 0.000000000000000000, -1.000000000000000000 ) ) ;
#3121 = VERTEX_POINT ( 'NONE', #2830 ) ;
#3122 = LINE ( 'NONE', #1749, #3302 ) ;
#3123 = DIRECTION ( 'NONE',  ( 0.4999999999999998890, 0.000000000000000000, -0.8660254037844387076 ) ) ;
#3124 = CARTESIAN_POINT ( 'NONE',  ( -20.33552631578946901, 1.599999999999996092, -8.394424903460260268 ) ) ;
#3125 = PLANE ( 'NONE',  #1010 ) ;
#3126 = VERTEX_POINT ( 'NONE', #3079 ) ;
#3127 = ORIENTED_EDGE ( 'NONE', *, *, #1265, .F. ) ;
#3128 = AXIS2_PLACEMENT_3D ( 'NONE', #2619, #3410, #2339 ) ;
#3129 = DIRECTION ( 'NONE',  ( -0.5000000000000021094, 0.000000000000000000, -0.8660254037844373753 ) ) ;
#3130 = DIRECTION ( 'NONE',  ( 0.000000000000000000, 1.000000000000000000, 0.000000000000000000 ) ) ;
#3131 = FACE_BOUND ( 'NONE', #2766, .T. ) ;
#3132 = CIRCLE ( 'NONE', #115, 3.149999999999997247 ) ;
#3133 = EDGE_LOOP ( 'NONE', ( #1497, #299, #3515, #3452 ) ) ;
#3134 = ADVANCED_FACE ( 'NONE', ( #2248 ), #3356, .F. ) ;
#3135 = VECTOR ( 'NONE', #1659, 1000.000000000000000 ) ;
#3136 = CARTESIAN_POINT ( 'NONE',  ( 0.000000000000000000, 11.99999999999999645, 0.000000000000000000 ) ) ;
#3137 = CARTESIAN_POINT ( 'NONE',  ( 0.000000000000000000, 7.999999999999996447, 0.000000000000000000 ) ) ;
#3138 = VECTOR ( 'NONE', #2423, 1000.000000000000000 ) ;
#3139 = ORIENTED_EDGE ( 'NONE', *, *, #450, .F. ) ;
#3140 = ADVANCED_FACE ( 'NONE', ( #636 ), #2516, .F. ) ;
#3141 = EDGE_CURVE ( 'NONE', #2315, #753, #2263, .T. ) ;
#3142 = LINE ( 'NONE', #701, #2289 ) ;
#3143 = AXIS2_PLACEMENT_3D ( 'NONE', #2926, #672, #2108 ) ;
#3144 = CARTESIAN_POINT ( 'NONE',  ( -3.348631561299735271, 6.999999999999996447, -26.00000000000000000 ) ) ;
#3145 = ORIENTED_EDGE ( 'NONE', *, *, #369, .F. ) ;
#3146 = VECTOR ( 'NONE', #1846, 1000.000000000000000 ) ;
#3147 = DIRECTION ( 'NONE',  ( 0.000000000000000000, -1.000000000000000000, 0.000000000000000000 ) ) ;
#3148 = CARTESIAN_POINT ( 'NONE',  ( 20.84234471774541575, 6.999999999999996447, -10.10000000000015774 ) ) ;
#3149 = ORIENTED_EDGE ( 'NONE', *, *, #1026, .T. ) ;
#3150 = ORIENTED_EDGE ( 'NONE', *, *, #1499, .T. ) ;
#3151 = DIRECTION ( 'NONE',  ( 0.000000000000000000, 1.000000000000000000, 0.000000000000000000 ) ) ;
#3152 = DIRECTION ( 'NONE',  ( 0.000000000000000000, 1.000000000000000000, 0.000000000000000000 ) ) ;
#3153 = CARTESIAN_POINT ( 'NONE',  ( -1.003307598432708088E-13, 0.1999999999999970690, 27.59999999999999432 ) ) ;
#3154 = DIRECTION ( 'NONE',  ( 0.000000000000000000, 0.000000000000000000, -1.000000000000000000 ) ) ;
#3155 = DIRECTION ( 'NONE',  ( 0.000000000000000000, 0.000000000000000000, -1.000000000000000000 ) ) ;
#3156 = ADVANCED_FACE ( 'NONE', ( #3339 ), #2817, .F. ) ;
#3157 = ORIENTED_EDGE ( 'NONE', *, *, #3095, .T. ) ;
#3158 = CARTESIAN_POINT ( 'NONE',  ( 1.005267033311343951E-13, 0.1999999999999970690, -24.40000000000000568 ) ) ;
#3159 = CARTESIAN_POINT ( 'NONE',  ( 1.674315780650012409, 9.999999999999996447, -23.09999999999999432 ) ) ;
#3160 = ADVANCED_FACE ( 'NONE', ( #2229 ), #1184, .F. ) ;
#3161 = EDGE_CURVE ( 'NONE', #2120, #961, #363, .T. ) ;
#3162 = DIRECTION ( 'NONE',  ( 0.000000000000000000, 1.000000000000000000, 0.000000000000000000 ) ) ;
#3163 = CARTESIAN_POINT ( 'NONE',  ( 24.19097627904541525, 9.999999999999996447, 15.89999999999986180 ) ) ;
#3164 = ADVANCED_FACE ( 'NONE', ( #2800 ), #1961, .F. ) ;
#3165 = ORIENTED_EDGE ( 'NONE', *, *, #1667, .T. ) ;
#3166 = ORIENTED_EDGE ( 'NONE', *, *, #1287, .T. ) ;
#3167 = CYLINDRICAL_SURFACE ( 'NONE', #3250, 1.599999999999996314 ) ;
#3168 = DIRECTION ( 'NONE',  ( -0.5000000000000101030, 0.000000000000000000, -0.8660254037844328234 ) ) ;
#3169 = CARTESIAN_POINT ( 'NONE',  ( -21.13101985234028746, 6.999999999999995559, -12.20000000000004015 ) ) ;
#3170 = CIRCLE ( 'NONE', #2209, 8.500000000000000000 ) ;
#3171 = VERTEX_POINT ( 'NONE', #1134 ) ;
#3172 = AXIS2_PLACEMENT_3D ( 'NONE', #3340, #3324, #2303 ) ;
#3173 = DIRECTION ( 'NONE',  ( -0.000000000000000000, 1.000000000000000000, -0.000000000000000000 ) ) ;
#3174 = FACE_OUTER_BOUND ( 'NONE', #138, .T. ) ;
#3175 = ORIENTED_EDGE ( 'NONE', *, *, #3096, .F. ) ;
#3176 = CARTESIAN_POINT ( 'NONE',  ( 6.999999999999999112, 4.999999999999993783, 3.149999999999995026 ) ) ;
#3177 = VECTOR ( 'NONE', #2991, 1000.000000000000114 ) ;
#3178 = DIRECTION ( 'NONE',  ( -0.000000000000000000, 1.000000000000000000, -0.000000000000000000 ) ) ;
#3179 = EDGE_CURVE ( 'NONE', #2717, #409, #2212, .T. ) ;
#3180 = CARTESIAN_POINT ( 'NONE',  ( 1.674315780649818342, 6.999999999999996447, 23.09999999999999432 ) ) ;
#3181 = DIRECTION ( 'NONE',  ( 0.000000000000000000, 1.000000000000000000, 0.000000000000000000 ) ) ;
#3182 = ORIENTED_EDGE ( 'NONE', *, *, #2077, .T. ) ;
#3183 = ORIENTED_EDGE ( 'NONE', *, *, #2823, .F. ) ;
#3184 = EDGE_CURVE ( 'NONE', #1679, #134, #1737, .T. ) ;
#3185 = DIRECTION ( 'NONE',  ( 0.000000000000000000, 1.000000000000000000, 0.000000000000000000 ) ) ;
#3186 = CARTESIAN_POINT ( 'NONE',  ( 6.999999999999999112, 9.999999999999994671, 0.000000000000000000 ) ) ;
#3187 = CARTESIAN_POINT ( 'NONE',  ( 9.500000000000078160, 9.999999999999996447, 16.45448267190429092 ) ) ;
#3188 = AXIS2_PLACEMENT_3D ( 'NONE', #2022, #105, #661 ) ;
#3189 = DIRECTION ( 'NONE',  ( -1.000000000000000000, 0.000000000000000000, 0.000000000000000000 ) ) ;
#3190 = CIRCLE ( 'NONE', #1483, 8.500000000000000000 ) ;
#3191 = DIRECTION ( 'NONE',  ( 0.000000000000000000, 1.000000000000000000, 0.000000000000000000 ) ) ;
#3192 = ORIENTED_EDGE ( 'NONE', *, *, #132, .F. ) ;
#3193 = AXIS2_PLACEMENT_3D ( 'NONE', #2861, #662, #3104 ) ;
#3194 = CARTESIAN_POINT ( 'NONE',  ( 3.918869757271531052E-15, 0.000000000000000000, 32.00000000000000711 ) ) ;
#3195 = DIRECTION ( 'NONE',  ( -0.8660254037844410391, 0.000000000000000000, -0.4999999999999958922 ) ) ;
#3196 = CIRCLE ( 'NONE', #810, 3.000000000000000444 ) ;
#3197 = ORIENTED_EDGE ( 'NONE', *, *, #2392, .F. ) ;
#3198 = CIRCLE ( 'NONE', #1321, 22.00000000000000000 ) ;
#3199 = CARTESIAN_POINT ( 'NONE',  ( 20.84234471774553299, 9.999999999999996447, 10.09999999999988773 ) ) ;
#3200 = CARTESIAN_POINT ( 'NONE',  ( -17.43754837445221639, 0.1999999999999970968, -13.41386993707031827 ) ) ;
#3201 = VECTOR ( 'NONE', #1631, 1000.000000000000000 ) ;
#3202 = ORIENTED_EDGE ( 'NONE', *, *, #390, .F. ) ;
#3203 = ORIENTED_EDGE ( 'NONE', *, *, #2128, .T. ) ;
#3204 = CARTESIAN_POINT ( 'NONE',  ( -6.999999999999999112, 9.999999999999994671, 0.000000000000000000 ) ) ;
#3205 = DIRECTION ( 'NONE',  ( -1.000000000000000000, 0.000000000000000000, 9.436895709313830594E-15 ) ) ;
#3206 = DIRECTION ( 'NONE',  ( 0.000000000000000000, 1.000000000000000000, 0.000000000000000000 ) ) ;
#3207 = EDGE_CURVE ( 'NONE', #729, #1690, #1940, .T. ) ;
#3208 = ADVANCED_FACE ( 'NONE', ( #2764 ), #316, .F. ) ;
#3209 = ORIENTED_EDGE ( 'NONE', *, *, #1216, .T. ) ;
#3210 = CARTESIAN_POINT ( 'NONE',  ( 0.000000000000000000, 9.999999999999996447, -32.00000000000000711 ) ) ;
#3211 = DIRECTION ( 'NONE',  ( 0.8660254037844399289, 0.000000000000000000, 0.4999999999999980016 ) ) ;
#3212 = EDGE_LOOP ( 'NONE', ( #3022, #3332, #2618, #3183, #2010, #2773, #2134, #258 ) ) ;
#3213 = CARTESIAN_POINT ( 'NONE',  ( -1.674315780649818342, 6.999999999999996447, -23.09999999999999432 ) ) ;
#3214 = PLANE ( 'NONE',  #2505 ) ;
#3215 = CARTESIAN_POINT ( 'NONE',  ( 2.138784067832077085, 2.999999999999997335, -20.70448267190435132 ) ) ;
#3216 = DIRECTION ( 'NONE',  ( -0.000000000000000000, -1.000000000000000000, -0.000000000000000000 ) ) ;
#3217 = ORIENTED_EDGE ( 'NONE', *, *, #1523, .T. ) ;
#3218 = ORIENTED_EDGE ( 'NONE', *, *, #2082, .F. ) ;
#3219 = FACE_OUTER_BOUND ( 'NONE', #3415, .T. ) ;
#3220 = CARTESIAN_POINT ( 'NONE',  ( -20.33552631578946901, 2.999999999999997335, -8.394424903460263820 ) ) ;
#3221 = DIRECTION ( 'NONE',  ( 0.000000000000000000, 1.000000000000000000, 0.000000000000000000 ) ) ;
#3222 = VERTEX_POINT ( 'NONE', #3107 ) ;
#3223 = ORIENTED_EDGE ( 'NONE', *, *, #1383, .T. ) ;
#3224 = CARTESIAN_POINT ( 'NONE',  ( 1.003307598432708088E-13, -15.00000000000000711, -27.59999999999999432 ) ) ;
#3225 = EDGE_CURVE ( 'NONE', #2643, #1168, #2637, .T. ) ;
#3226 = ORIENTED_EDGE ( 'NONE', *, *, #2690, .T. ) ;
#3227 = CARTESIAN_POINT ( 'NONE',  ( -6.999999999999999112, -15.00000000000000711, 0.000000000000000000 ) ) ;
#3228 = AXIS2_PLACEMENT_3D ( 'NONE', #2837, #2253, #3114 ) ;
#3229 = EDGE_LOOP ( 'NONE', ( #2754, #2359 ) ) ;
#3230 = CARTESIAN_POINT ( 'NONE',  ( -1.674315780650015517, 6.999999999999996447, 28.90000000000000213 ) ) ;
#3231 = EDGE_CURVE ( 'NONE', #3293, #2660, #2920, .T. ) ;
#3232 = AXIS2_PLACEMENT_3D ( 'NONE', #906, #3374, #1403 ) ;
#3233 = FACE_OUTER_BOUND ( 'NONE', #1681, .T. ) ;
#3234 = VECTOR ( 'NONE', #3483, 1000.000000000000114 ) ;
#3235 = DIRECTION ( 'NONE',  ( -0.5000000000000039968, 0.000000000000000000, -0.8660254037844363761 ) ) ;
#3236 = CARTESIAN_POINT ( 'NONE',  ( 2.168404344971008868E-16, 4.999999999999993783, -7.000000000000000888 ) ) ;
#3237 = AXIS2_PLACEMENT_3D ( 'NONE', #1958, #1167, #1722 ) ;
#3238 = ORIENTED_EDGE ( 'NONE', *, *, #3353, .T. ) ;
#3239 = ORIENTED_EDGE ( 'NONE', *, *, #2562, .F. ) ;
#3240 = DIRECTION ( 'NONE',  ( 0.000000000000000000, 1.000000000000000000, 0.000000000000000000 ) ) ;
#3241 = DIRECTION ( 'NONE',  ( -0.000000000000000000, -1.000000000000000000, 0.000000000000000000 ) ) ;
#3242 = DIRECTION ( 'NONE',  ( 0.8660254037844399289, 0.000000000000000000, 0.4999999999999980016 ) ) ;
#3243 = VERTEX_POINT ( 'NONE', #934 ) ;
#3244 = ORIENTED_EDGE ( 'NONE', *, *, #262, .F. ) ;
#3245 = DIRECTION ( 'NONE',  ( 0.4999999999999998335, 0.000000000000000000, -0.8660254037844387076 ) ) ;
#3246 = VERTEX_POINT ( 'NONE', #2300 ) ;
#3247 = CARTESIAN_POINT ( 'NONE',  ( 3.673940397442060361E-16, 9.999999999999996447, 3.000000000000000444 ) ) ;
#3248 = AXIS2_PLACEMENT_3D ( 'NONE', #2490, #38, #1127 ) ;
#3249 = ORIENTED_EDGE ( 'NONE', *, *, #3353, .F. ) ;
#3250 = AXIS2_PLACEMENT_3D ( 'NONE', #418, #2322, #3392 ) ;
#3251 = DIRECTION ( 'NONE',  ( -0.000000000000000000, -1.000000000000000000, -0.000000000000000000 ) ) ;
#3252 = CARTESIAN_POINT ( 'NONE',  ( 0.000000000000000000, 6.999999999999996447, 0.000000000000000000 ) ) ;
#3253 = EDGE_CURVE ( 'NONE', #108, #2940, #395, .T. ) ;
#3254 = EDGE_CURVE ( 'NONE', #1628, #2036, #2865, .T. ) ;
#3255 = AXIS2_PLACEMENT_3D ( 'NONE', #1733, #2021, #371 ) ;
#3256 = DIRECTION ( 'NONE',  ( -0.5000000000000021094, 0.000000000000000000, -0.8660254037844373753 ) ) ;
#3257 = CARTESIAN_POINT ( 'NONE',  ( 25.86529205969530665, 6.999999999999996447, 12.99999999999984368 ) ) ;
#3258 = EDGE_LOOP ( 'NONE', ( #3273, #1950, #1534, #679 ) ) ;
#3259 = AXIS2_PLACEMENT_3D ( 'NONE', #2340, #1239, #1508 ) ;
#3260 = ORIENTED_EDGE ( 'NONE', *, *, #2952, .T. ) ;
#3261 = DIRECTION ( 'NONE',  ( 0.000000000000000000, 0.000000000000000000, -1.000000000000000000 ) ) ;
#3262 = CARTESIAN_POINT ( 'NONE',  ( 1.674315780650015517, 9.999999999999996447, -28.90000000000000213 ) ) ;
#3263 = ORIENTED_EDGE ( 'NONE', *, *, #3333, .T. ) ;
#3264 = DIRECTION ( 'NONE',  ( 0.000000000000000000, 0.000000000000000000, -1.000000000000000000 ) ) ;
#3265 = VERTEX_POINT ( 'NONE', #183 ) ;
#3266 = ORIENTED_EDGE ( 'NONE', *, *, #496, .T. ) ;
#3267 = PLANE ( 'NONE',  #2408 ) ;
#3268 = DIRECTION ( 'NONE',  ( -0.4999999999999958922, 0.000000000000000000, 0.8660254037844410391 ) ) ;
#3269 = LINE ( 'NONE', #1864, #2130 ) ;
#3270 = EDGE_CURVE ( 'NONE', #3011, #1633, #3428, .T. ) ;
#3271 = EDGE_CURVE ( 'NONE', #305, #1845, #2584, .T. ) ;
#3272 = CARTESIAN_POINT ( 'NONE',  ( -1.674315780649819230, 6.999999999999996447, -28.90000000000000213 ) ) ;
#3273 = ORIENTED_EDGE ( 'NONE', *, *, #3056, .T. ) ;
#3274 = ORIENTED_EDGE ( 'NONE', *, *, #2622, .T. ) ;
#3275 = LINE ( 'NONE', #2961, #1382 ) ;
#3276 = EDGE_CURVE ( 'NONE', #3246, #2250, #2615, .T. ) ;
#3277 = DIRECTION ( 'NONE',  ( 0.000000000000000000, -1.000000000000000000, -0.000000000000000000 ) ) ;
#3278 = VERTEX_POINT ( 'NONE', #113 ) ;
#3279 = CARTESIAN_POINT ( 'NONE',  ( 6.999999999999999112, 9.999999999999994671, 1.649999999999993472 ) ) ;
#3280 = ORIENTED_EDGE ( 'NONE', *, *, #3418, .F. ) ;
#3281 = VERTEX_POINT ( 'NONE', #1502 ) ;
#3282 = DIRECTION ( 'NONE',  ( 0.000000000000000000, 0.000000000000000000, -1.000000000000000000 ) ) ;
#3283 = DIRECTION ( 'NONE',  ( 8.163404592832032979E-16, 0.000000000000000000, -1.000000000000000000 ) ) ;
#3284 = CIRCLE ( 'NONE', #3394, 3.149999999999998135 ) ;
#3285 = FACE_OUTER_BOUND ( 'NONE', #893, .T. ) ;
#3287 = EDGE_LOOP ( 'NONE', ( #1501, #3106, #251, #1375 ) ) ;
#3286 = MECHANICAL_DESIGN_GEOMETRIC_PRESENTATION_REPRESENTATION (  '', ( #380 ), #2269 ) ;
#3288 = EDGE_CURVE ( 'NONE', #1679, #2734, #2317, .T. ) ;
#3289 = CARTESIAN_POINT ( 'NONE',  ( -20.84234471774546549, 6.999999999999996447, 15.90000000000001812 ) ) ;
#3290 = AXIS2_PLACEMENT_3D ( 'NONE', #1771, #1248, #143 ) ;
#3291 = CARTESIAN_POINT ( 'NONE',  ( 24.19097627904518077, 9.999999999999996447, -15.90000000000019931 ) ) ;
#3292 = EDGE_CURVE ( 'NONE', #564, #1137, #2421, .T. ) ;
#3293 = VERTEX_POINT ( 'NONE', #2847 ) ;
#3294 = PLANE ( 'NONE',  #1200 ) ;
#3295 = ORIENTED_EDGE ( 'NONE', *, *, #2757, .T. ) ;
#3296 = EDGE_LOOP ( 'NONE', ( #283, #2488, #890, #2048 ) ) ;
#3297 = FACE_OUTER_BOUND ( 'NONE', #557, .T. ) ;
#3298 = CARTESIAN_POINT ( 'NONE',  ( -6.999999999999999112, 4.999999999999993783, 0.000000000000000000 ) ) ;
#3299 = AXIS2_PLACEMENT_3D ( 'NONE', #1586, #494, #2647 ) ;
#3300 = FACE_OUTER_BOUND ( 'NONE', #1407, .T. ) ;
#3301 = DIRECTION ( 'NONE',  ( 0.000000000000000000, 1.000000000000000000, 0.000000000000000000 ) ) ;
#3302 = VECTOR ( 'NONE', #2594, 1000.000000000000000 ) ;
#3303 = ORIENTED_EDGE ( 'NONE', *, *, #148, .F. ) ;
#3304 = VERTEX_POINT ( 'NONE', #2880 ) ;
#3305 = AXIS2_PLACEMENT_3D ( 'NONE', #2526, #387, #2856 ) ;
#3306 = DIRECTION ( 'NONE',  ( -0.000000000000000000, -1.000000000000000000, -0.000000000000000000 ) ) ;
#3307 = CARTESIAN_POINT ( 'NONE',  ( 0.000000000000000000, 0.1999999999999963196, 0.000000000000000000 ) ) ;
#3308 = ORIENTED_EDGE ( 'NONE', *, *, #570, .F. ) ;
#3309 = VECTOR ( 'NONE', #66, 1000.000000000000000 ) ;
#3310 = PLANE ( 'NONE',  #235 ) ;
#3311 = CYLINDRICAL_SURFACE ( 'NONE', #606, 32.00000000000000711 ) ;
#3312 = EDGE_CURVE ( 'NONE', #3347, #2600, #1486, .T. ) ;
#3313 = EDGE_CURVE ( 'NONE', #1236, #19, #2583, .T. ) ;
#3314 = AXIS2_PLACEMENT_3D ( 'NONE', #2027, #2900, #2065 ) ;
#3315 = ORIENTED_EDGE ( 'NONE', *, *, #268, .F. ) ;
#3316 = DIRECTION ( 'NONE',  ( -0.000000000000000000, 1.000000000000000000, -0.000000000000000000 ) ) ;
#3317 = CARTESIAN_POINT ( 'NONE',  ( 24.19097627904541525, 6.999999999999996447, 15.89999999999986180 ) ) ;
#3318 = CARTESIAN_POINT ( 'NONE',  ( 1.674315780649818342, 9.999999999999996447, 23.09999999999999432 ) ) ;
#3319 = SURFACE_STYLE_USAGE ( .BOTH. , #3059 ) ;
#3320 = DIRECTION ( 'NONE',  ( 0.000000000000000000, 0.000000000000000000, -1.000000000000000000 ) ) ;
#3321 = ORIENTED_EDGE ( 'NONE', *, *, #3333, .F. ) ;
#3322 = ORIENTED_EDGE ( 'NONE', *, *, #3390, .F. ) ;
#3323 = CARTESIAN_POINT ( 'NONE',  ( 25.86529205969513256, 6.999999999999996447, -13.00000000000021494 ) ) ;
#3324 = DIRECTION ( 'NONE',  ( -0.000000000000000000, 1.000000000000000000, -0.000000000000000000 ) ) ;
#3325 = VERTEX_POINT ( 'NONE', #2355 ) ;
#3326 = LINE ( 'NONE', #2805, #1318 ) ;
#3327 = DIRECTION ( 'NONE',  ( -0.000000000000000000, -1.000000000000000000, -0.000000000000000000 ) ) ;
#3328 = ORIENTED_EDGE ( 'NONE', *, *, #534, .T. ) ;
#3329 = EDGE_CURVE ( 'NONE', #3243, #2968, #2045, .T. ) ;
#3330 = PLANE ( 'NONE',  #3305 ) ;
#3331 = DIRECTION ( 'NONE',  ( -0.000000000000000000, -1.000000000000000000, -0.000000000000000000 ) ) ;
#3332 = ORIENTED_EDGE ( 'NONE', *, *, #3041, .T. ) ;
#3333 = EDGE_CURVE ( 'NONE', #147, #1457, #2357, .T. ) ;
#3334 = DIRECTION ( 'NONE',  ( -1.000000000000000000, 0.000000000000000000, 9.436895709313830594E-15 ) ) ;
#3335 = CARTESIAN_POINT ( 'NONE',  ( 1.674315780650009078, 9.999999999999996447, -23.09999999999999432 ) ) ;
#3336 = ORIENTED_EDGE ( 'NONE', *, *, #1460, .T. ) ;
#3337 = VECTOR ( 'NONE', #3099, 999.9999999999998863 ) ;
#3338 = ORIENTED_EDGE ( 'NONE', *, *, #1092, .T. ) ;
#3339 = FACE_OUTER_BOUND ( 'NONE', #3296, .T. ) ;
#3340 = CARTESIAN_POINT ( 'NONE',  ( -9.499999999999960920, 2.999999999999997335, 16.45448267190435487 ) ) ;
#3341 = CIRCLE ( 'NONE', #1123, 8.500000000000000000 ) ;
#3342 = VERTEX_POINT ( 'NONE', #2335 ) ;
#3343 = CONICAL_SURFACE ( 'NONE', #1699, 3.149999999999995026, 0.7853981633974477239 ) ;
#3344 = CARTESIAN_POINT ( 'NONE',  ( -30.00000000000000000, 0.1999999999999963196, 0.000000000000000000 ) ) ;
#3345 = LINE ( 'NONE', #909, #266 ) ;
#3346 = VECTOR ( 'NONE', #110, 1000.000000000000000 ) ;
#3347 = VERTEX_POINT ( 'NONE', #3405 ) ;
#3348 = CYLINDRICAL_SURFACE ( 'NONE', #3255, 30.00000000000000000 ) ;
#3349 = PLANE ( 'NONE',  #1360 ) ;
#3350 = DIRECTION ( 'NONE',  ( -0.000000000000000000, -1.000000000000000000, -0.000000000000000000 ) ) ;
#3351 = LINE ( 'NONE', #848, #1984 ) ;
#3352 = EDGE_CURVE ( 'NONE', #1877, #564, #2371, .T. ) ;
#3353 = EDGE_CURVE ( 'NONE', #1072, #1261, #1811, .T. ) ;
#3354 = VECTOR ( 'NONE', #441, 1000.000000000000000 ) ;
#3355 = ORIENTED_EDGE ( 'NONE', *, *, #2794, .T. ) ;
#3356 = CYLINDRICAL_SURFACE ( 'NONE', #181, 1.599999999999993872 ) ;
#3357 = DIRECTION ( 'NONE',  ( 0.000000000000000000, 0.000000000000000000, -1.000000000000000000 ) ) ;
#3358 = VECTOR ( 'NONE', #3423, 1000.000000000000000 ) ;
#3359 = ORIENTED_EDGE ( 'NONE', *, *, #1971, .T. ) ;
#3360 = DIRECTION ( 'NONE',  ( -0.000000000000000000, -1.000000000000000000, -0.000000000000000000 ) ) ;
#3361 = CARTESIAN_POINT ( 'NONE',  ( 0.000000000000000000, 0.1999999999999963196, 0.000000000000000000 ) ) ;
#3362 = VECTOR ( 'NONE', #2202, 1000.000000000000000 ) ;
#3363 = ORIENTED_EDGE ( 'NONE', *, *, #3438, .T. ) ;
#3364 = CIRCLE ( 'NONE', #2419, 1.599999999999995870 ) ;
#3365 = PLANE ( 'NONE',  #1094 ) ;
#3366 = FACE_OUTER_BOUND ( 'NONE', #518, .T. ) ;
#3367 = CIRCLE ( 'NONE', #2071, 30.00000000000000000 ) ;
#3368 = ORIENTED_EDGE ( 'NONE', *, *, #765, .T. ) ;
#3369 = CYLINDRICAL_SURFACE ( 'NONE', #1312, 3.000000000000000444 ) ;
#3370 = CYLINDRICAL_SURFACE ( 'NONE', #3014, 1.649999999999995248 ) ;
#3371 = VERTEX_POINT ( 'NONE', #3444 ) ;
#3372 = EDGE_CURVE ( 'NONE', #2181, #1604, #2083, .T. ) ;
#3373 = DIRECTION ( 'NONE',  ( 0.000000000000000000, 1.000000000000000000, 0.000000000000000000 ) ) ;
#3374 = DIRECTION ( 'NONE',  ( -0.000000000000000000, -1.000000000000000000, -0.000000000000000000 ) ) ;
#3375 = ORIENTED_EDGE ( 'NONE', *, *, #2172, .F. ) ;
#3376 = EDGE_CURVE ( 'NONE', #2105, #1877, #755, .T. ) ;
#3377 = CARTESIAN_POINT ( 'NONE',  ( 19.00000000000000000, 2.999999999999997335, -8.500000000000000000 ) ) ;
#3378 = DIRECTION ( 'NONE',  ( 0.000000000000000000, -0.000000000000000000, 1.000000000000000000 ) ) ;
#3379 = DIRECTION ( 'NONE',  ( 0.000000000000000000, 0.000000000000000000, -1.000000000000000000 ) ) ;
#3380 = ORIENTED_EDGE ( 'NONE', *, *, #1092, .F. ) ;
#3381 = FACE_OUTER_BOUND ( 'NONE', #3287, .T. ) ;
#3382 = LINE ( 'NONE', #2560, #57 ) ;
#3383 = ORIENTED_EDGE ( 'NONE', *, *, #3329, .F. ) ;
#3384 = DIRECTION ( 'NONE',  ( -0.000000000000000000, -1.000000000000000000, -0.000000000000000000 ) ) ;
#3385 = DIRECTION ( 'NONE',  ( 0.000000000000000000, 0.000000000000000000, -1.000000000000000000 ) ) ;
#3386 = ORIENTED_EDGE ( 'NONE', *, *, #2663, .T. ) ;
#3387 = CARTESIAN_POINT ( 'NONE',  ( -20.84234471774547970, 9.999999999999996447, -15.90000000000003944 ) ) ;
#3388 = DIRECTION ( 'NONE',  ( 0.000000000000000000, -1.000000000000000000, 0.000000000000000000 ) ) ;
#3389 = CIRCLE ( 'NONE', #1349, 3.149999999999997247 ) ;
#3390 = EDGE_CURVE ( 'NONE', #2945, #2120, #3269, .T. ) ;
#3391 = ORIENTED_EDGE ( 'NONE', *, *, #502, .T. ) ;
#3392 = DIRECTION ( 'NONE',  ( -0.8660254037844365982, 0.000000000000000000, 0.5000000000000035527 ) ) ;
#3393 = CARTESIAN_POINT ( 'NONE',  ( -6.999999999999999112, 4.999999999999993783, 3.149999999999995470 ) ) ;
#3394 = AXIS2_PLACEMENT_3D ( 'NONE', #2046, #969, #164 ) ;
#3395 = DIRECTION ( 'NONE',  ( 0.000000000000000000, 1.000000000000000000, 0.000000000000000000 ) ) ;
#3396 = EDGE_CURVE ( 'NONE', #3005, #1152, #2812, .T. ) ;
#3397 = ADVANCED_FACE ( 'NONE', ( #2428 ), #1885, .F. ) ;
#3398 = ORIENTED_EDGE ( 'NONE', *, *, #676, .F. ) ;
#3399 = DIRECTION ( 'NONE',  ( 0.5000000000000001110, 0.000000000000000000, 0.8660254037844385966 ) ) ;
#3400 = AXIS2_PLACEMENT_3D ( 'NONE', #2043, #162, #716 ) ;
#3401 = FACE_BOUND ( 'NONE', #1091, .T. ) ;
#3402 = ORIENTED_EDGE ( 'NONE', *, *, #2928, .T. ) ;
#3403 = LINE ( 'NONE', #233, #3030 ) ;
#3404 = LINE ( 'NONE', #3144, #1414 ) ;
#3405 = CARTESIAN_POINT ( 'NONE',  ( -20.84234471774547970, 9.999999999999996447, -15.90000000000003944 ) ) ;
#3406 = CARTESIAN_POINT ( 'NONE',  ( -17.43754837445202455, 2.999999999999997335, 13.41386993707056163 ) ) ;
#3407 = VECTOR ( 'NONE', #2133, 999.9999999999998863 ) ;
#3408 = ORIENTED_EDGE ( 'NONE', *, *, #853, .F. ) ;
#3409 = ORIENTED_EDGE ( 'NONE', *, *, #3253, .T. ) ;
#3410 = DIRECTION ( 'NONE',  ( -0.8660254037844445918, 0.000000000000000000, -0.4999999999999897859 ) ) ;
#3411 = CARTESIAN_POINT ( 'NONE',  ( 6.999999999999999112, 6.499999999999995559, 0.000000000000000000 ) ) ;
#3412 = EDGE_CURVE ( 'NONE', #1633, #2016, #924, .T. ) ;
#3413 = PLANE ( 'NONE',  #1748 ) ;
#3414 = AXIS2_PLACEMENT_3D ( 'NONE', #3071, #3316, #1718 ) ;
#3415 = EDGE_LOOP ( 'NONE', ( #2524, #1024, #1697, #1451 ) ) ;
#3416 = CIRCLE ( 'NONE', #865, 1.599999999999995426 ) ;
#3417 = DIRECTION ( 'NONE',  ( -0.000000000000000000, -1.000000000000000000, -0.000000000000000000 ) ) ;
#3418 = EDGE_CURVE ( 'NONE', #961, #2321, #217, .T. ) ;
#3419 = ADVANCED_FACE ( 'NONE', ( #1305 ), #2956, .F. ) ;
#3420 = DIRECTION ( 'NONE',  ( 0.000000000000000000, 1.000000000000000000, 0.000000000000000000 ) ) ;
#3421 = CIRCLE ( 'NONE', #1897, 1.599999999999995426 ) ;
#3422 = ORIENTED_EDGE ( 'NONE', *, *, #1569, .F. ) ;
#3423 = DIRECTION ( 'NONE',  ( -0.000000000000000000, -1.000000000000000000, -0.000000000000000000 ) ) ;
#3424 = EDGE_CURVE ( 'NONE', #3243, #45, #978, .T. ) ;
#3425 = AXIS2_PLACEMENT_3D ( 'NONE', #2118, #2195, #2725 ) ;
#3426 = DIRECTION ( 'NONE',  ( -0.8660254037844393737, 0.000000000000000000, -0.4999999999999985567 ) ) ;
#3427 = PRESENTATION_LAYER_ASSIGNMENT (  '', '', ( #532 ) ) ;
#3428 = LINE ( 'NONE', #987, #3037 ) ;
#3429 = SURFACE_STYLE_FILL_AREA ( #447 ) ;
#3430 = ORIENTED_EDGE ( 'NONE', *, *, #1051, .T. ) ;
#3431 = EDGE_LOOP ( 'NONE', ( #212, #664, #167, #1454, #330, #882 ) ) ;
#3432 = LINE ( 'NONE', #135, #2000 ) ;
#3433 = DIRECTION ( 'NONE',  ( -0.000000000000000000, -1.000000000000000000, -0.000000000000000000 ) ) ;
#3434 = DIRECTION ( 'NONE',  ( -1.187938636348917498E-14, 0.000000000000000000, -1.000000000000000000 ) ) ;
#3435 = ORIENTED_EDGE ( 'NONE', *, *, #790, .F. ) ;
#3436 = PLANE ( 'NONE',  #2185 ) ;
#3437 = LINE ( 'NONE', #2857, #625 ) ;
#3438 = EDGE_CURVE ( 'NONE', #2159, #64, #1344, .T. ) ;
#3439 = ORIENTED_EDGE ( 'NONE', *, *, #292, .T. ) ;
#3440 = CARTESIAN_POINT ( 'NONE',  ( 17.43754837445212047, 1.599999999999996092, 13.41386993707044617 ) ) ;
#3441 = CARTESIAN_POINT ( 'NONE',  ( -19.00000000000000000, -15.00000000000001243, -8.500000000000000000 ) ) ;
#3442 = VERTEX_POINT ( 'NONE', #199 ) ;
#3443 = ADVANCED_FACE ( 'NONE', ( #2155 ), #758, .F. ) ;
#3444 = CARTESIAN_POINT ( 'NONE',  ( -3.348631561299930670, 6.999999999999996447, 26.00000000000000355 ) ) ;
#3445 = CARTESIAN_POINT ( 'NONE',  ( 20.84234471774535180, 9.999999999999996447, -15.90000000000016023 ) ) ;
#3446 = ORIENTED_EDGE ( 'NONE', *, *, #1810, .F. ) ;
#3447 = ORIENTED_EDGE ( 'NONE', *, *, #2840, .F. ) ;
#3448 = CARTESIAN_POINT ( 'NONE',  ( 2.138784067832078861, -15.00000000000001243, -20.70448267190435132 ) ) ;
#3449 = DIRECTION ( 'NONE',  ( 1.000000000000000000, 0.000000000000000000, -4.829470157119430162E-15 ) ) ;
#3450 = CARTESIAN_POINT ( 'NONE',  ( 6.999999999999999112, 9.999999999999994671, 0.000000000000000000 ) ) ;
#3451 = CIRCLE ( 'NONE', #1922, 1.599999999999996314 ) ;
#3452 = ORIENTED_EDGE ( 'NONE', *, *, #2541, .T. ) ;
#3453 = CIRCLE ( 'NONE', #1929, 1.599999999999995870 ) ;
#3454 = DIRECTION ( 'NONE',  ( 0.000000000000000000, 1.000000000000000000, 0.000000000000000000 ) ) ;
#3455 = CYLINDRICAL_SURFACE ( 'NONE', #857, 1.649999999999994360 ) ;
#3456 = VECTOR ( 'NONE', #527, 1000.000000000000000 ) ;
#3457 = ORIENTED_EDGE ( 'NONE', *, *, #1026, .F. ) ;
#3458 = DIRECTION ( 'NONE',  ( -0.000000000000000000, -1.000000000000000000, -0.000000000000000000 ) ) ;
#3459 = AXIS2_PLACEMENT_3D ( 'NONE', #1903, #3195, #3268 ) ;
#3460 = EDGE_CURVE ( 'NONE', #684, #1513, #2975, .T. ) ;
#3461 = CARTESIAN_POINT ( 'NONE',  ( 1.674315780650015517, 9.999999999999996447, -28.90000000000000213 ) ) ;
#3462 = DIRECTION ( 'NONE',  ( 1.000000000000000000, 0.000000000000000000, -4.829470157119430162E-15 ) ) ;
#3463 = EDGE_CURVE ( 'NONE', #1316, #2533, #3367, .T. ) ;
#3464 = ADVANCED_FACE ( 'NONE', ( #2671 ), #2409, .F. ) ;
#3465 = DIRECTION ( 'NONE',  ( 0.000000000000000000, 0.000000000000000000, -1.000000000000000000 ) ) ;
#3466 = ORIENTED_EDGE ( 'NONE', *, *, #1861, .T. ) ;
#3467 = VERTEX_POINT ( 'NONE', #816 ) ;
#3468 = DIRECTION ( 'NONE',  ( 6.938893903907228378E-15, 0.000000000000000000, -1.000000000000000000 ) ) ;
#3469 = CYLINDRICAL_SURFACE ( 'NONE', #868, 1.599999999999995870 ) ;
#3470 = DIRECTION ( 'NONE',  ( 0.000000000000000000, 0.000000000000000000, -1.000000000000000000 ) ) ;
#3471 = ORIENTED_EDGE ( 'NONE', *, *, #896, .T. ) ;
#3472 = EDGE_LOOP ( 'NONE', ( #2381, #2437 ) ) ;
#3473 = CARTESIAN_POINT ( 'NONE',  ( 21.13101985234036917, 6.999999999999995559, 12.19999999999989093 ) ) ;
#3474 = VECTOR ( 'NONE', #2294, 999.9999999999998863 ) ;
#3475 = DIRECTION ( 'NONE',  ( -0.000000000000000000, -1.000000000000000000, -0.000000000000000000 ) ) ;
#3476 = EDGE_LOOP ( 'NONE', ( #1648, #1510, #2673, #30 ) ) ;
#3477 = CIRCLE ( 'NONE', #2747, 1.649999999999995248 ) ;
#3478 = CARTESIAN_POINT ( 'NONE',  ( -6.999999999999999112, -15.00000000000000711, -1.649999999999994360 ) ) ;
#3479 = CYLINDRICAL_SURFACE ( 'NONE', #440, 3.149999999999997247 ) ;
#3480 = AXIS2_PLACEMENT_3D ( 'NONE', #891, #2538, #2787 ) ;
#3481 = AXIS2_PLACEMENT_3D ( 'NONE', #1892, #2432, #837 ) ;
#3482 = DIRECTION ( 'NONE',  ( 0.8660254037844393737, 0.000000000000000000, 0.4999999999999985567 ) ) ;
#3483 = DIRECTION ( 'NONE',  ( 0.4999999999999897304, 0.000000000000000000, -0.8660254037844444808 ) ) ;
#3484 = VECTOR ( 'NONE', #2866, 1000.000000000000000 ) ;
#3485 = ORIENTED_EDGE ( 'NONE', *, *, #984, .T. ) ;
#3486 = EDGE_CURVE ( 'NONE', #3001, #1966, #2983, .T. ) ;
#3487 = ORIENTED_EDGE ( 'NONE', *, *, #195, .F. ) ;
#3488 = DIRECTION ( 'NONE',  ( 0.000000000000000000, 0.000000000000000000, -1.000000000000000000 ) ) ;
#3489 = AXIS2_PLACEMENT_3D ( 'NONE', #1671, #312, #2531 ) ;
#3490 = DIRECTION ( 'NONE',  ( -0.8660254037844363761, -0.000000000000000000, 0.5000000000000039968 ) ) ;
#3491 = CARTESIAN_POINT ( 'NONE',  ( -3.348631561299930670, 9.999999999999996447, 26.00000000000000355 ) ) ;
#3492 = EDGE_CURVE ( 'NONE', #3265, #1120, #2299, .T. ) ;
#3493 = ORIENTED_EDGE ( 'NONE', *, *, #2013, .T. ) ;
#3494 = CARTESIAN_POINT ( 'NONE',  ( 23.90230114445057907, -15.00000000000000711, 13.79999999999986038 ) ) ;
#3495 = DIRECTION ( 'NONE',  ( 0.000000000000000000, 0.000000000000000000, -1.000000000000000000 ) ) ;
#3496 = VERTEX_POINT ( 'NONE', #3215 ) ;
#3497 = CARTESIAN_POINT ( 'NONE',  ( 16.86121593216761383, 9.999999999999996447, -12.20448267190448632 ) ) ;
#3498 = LINE ( 'NONE', #756, #2333 ) ;
#3499 = DIRECTION ( 'NONE',  ( 0.000000000000000000, 0.000000000000000000, 1.000000000000000000 ) ) ;
#3500 = DIRECTION ( 'NONE',  ( 0.000000000000000000, 0.000000000000000000, -1.000000000000000000 ) ) ;
#3501 = ORIENTED_EDGE ( 'NONE', *, *, #3276, .F. ) ;
#3502 = ORIENTED_EDGE ( 'NONE', *, *, #1906, .T. ) ;
#3503 = CARTESIAN_POINT ( 'NONE',  ( -1.674315780650015517, 9.999999999999996447, 28.90000000000000213 ) ) ;
#3504 = CARTESIAN_POINT ( 'NONE',  ( -2.897977941337666064, 0.1999999999999970968, -21.80829484053075618 ) ) ;
#3505 = DIRECTION ( 'NONE',  ( 1.000000000000000000, 0.000000000000000000, -1.182387521225791716E-14 ) ) ;
#3506 = EDGE_CURVE ( 'NONE', #2093, #2393, #2688, .T. ) ;
#3507 = ORIENTED_EDGE ( 'NONE', *, *, #1639, .T. ) ;
#3508 = ORIENTED_EDGE ( 'NONE', *, *, #567, .F. ) ;
#3509 = FACE_OUTER_BOUND ( 'NONE', #1427, .T. ) ;
#3510 = ORIENTED_EDGE ( 'NONE', *, *, #3017, .T. ) ;
#3511 = EDGE_CURVE ( 'NONE', #2924, #659, #1206, .T. ) ;
#3512 = EDGE_CURVE ( 'NONE', #1457, #3001, #795, .T. ) ;
#3513 = LINE ( 'NONE', #478, #2343 ) ;
#3514 = VECTOR ( 'NONE', #1529, 999.9999999999998863 ) ;
#3515 = ORIENTED_EDGE ( 'NONE', *, *, #959, .F. ) ;
#3516 = DIRECTION ( 'NONE',  ( -0.000000000000000000, -1.000000000000000000, -0.000000000000000000 ) ) ;
#3517 = CIRCLE ( 'NONE', #899, 1.599999999999996314 ) ;
#3518 = CARTESIAN_POINT ( 'NONE',  ( 1.003307598432708088E-13, 6.999999999999995559, -27.59999999999999432 ) ) ;
#3519 = CIRCLE ( 'NONE', #438, 3.000000000000000444 ) ;
#3520 = CARTESIAN_POINT ( 'NONE',  ( 23.90230114445039078, -15.00000000000000711, -13.80000000000018900 ) ) ;
#3521 = CARTESIAN_POINT ( 'NONE',  ( 0.000000000000000000, 2.999999999999996003, 0.000000000000000000 ) ) ;
#3522 = AXIS2_PLACEMENT_3D ( 'NONE', #2971, #1650, #626 ) ;
#3523 = ORIENTED_EDGE ( 'NONE', *, *, #3372, .T. ) ;
#3524 = ORIENTED_EDGE ( 'NONE', *, *, #1762, .T. ) ;
#3525 = CARTESIAN_POINT ( 'NONE',  ( 22.51666049839547412, 0.1999999999999970690, 12.99999999999987566 ) ) ;
#3526 = CARTESIAN_POINT ( 'NONE',  ( -23.90230114445049026, 0.1999999999999970690, 13.80000000000002380 ) ) ;
#3527 = ORIENTED_EDGE ( 'NONE', *, *, #1857, .T. ) ;
#3528 = VERTEX_POINT ( 'NONE', #10 ) ;
#3529 = CARTESIAN_POINT ( 'NONE',  ( 19.16802893709546751, 6.999999999999996447, -13.00000000000013856 ) ) ;
#3530 = ORIENTED_EDGE ( 'NONE', *, *, #2, .T. ) ;
#3531 = CIRCLE ( 'NONE', #1366, 8.500000000000001776 ) ;
ENDSEC;
END-ISO-10303-21;
