ISO-10303-21;
HEADER;
FILE_DESCRIPTION (( 'STEP AP214' ),
    '1' );
FILE_NAME ('RB9.01.062.030 Gear rack.STEP',
    '2026-09-18T15:09:05',
    ( '' ),
    ( '' ),
    'SwSTEP 2.0',
    'SolidWorks 2021',
    '' );
FILE_SCHEMA (( 'AUTOMOTIVE_DESIGN' ));
ENDSEC;

DATA;
#1 = DIRECTION ( 'NONE',  ( 1.000000000000000000, 0.000000000000000000, 0.000000000000000000 ) ) ;
#2 = DIRECTION ( 'NONE',  ( 0.000000000000000000, 0.9396926207859156444, 0.3420201433256487844 ) ) ;
#3 = DIRECTION ( 'NONE',  ( 0.000000000000000000, -0.9271838545667885345, -0.3746065934159092947 ) ) ;
#4 = LINE ( 'NONE', #3341, #1063 ) ;
#5 = VERTEX_POINT ( 'NONE', #2752 ) ;
#6 = EDGE_LOOP ( 'NONE', ( #1828, #2471, #1393, #1662 ) ) ;
#7 = ADVANCED_FACE ( 'NONE', ( #3043 ), #243, .F. ) ;
#8 = CARTESIAN_POINT ( 'NONE',  ( 2.500000000000000000, 2.200000000000001510, -39.28714642167911819 ) ) ;
#9 = DIRECTION ( 'NONE',  ( 0.000000000000000000, -0.9396926207859158664, 0.3420201433256479517 ) ) ;
#10 = CARTESIAN_POINT ( 'NONE',  ( -2.500000000000000000, 0.4000000000000013545, -48.67999999999999972 ) ) ;
#11 = EDGE_CURVE ( 'NONE', #2076, #2564, #1858, .T. ) ;
#12 = CARTESIAN_POINT ( 'NONE',  ( -2.000000000000000000, 5.099999999999993427, -5.449999999999996625 ) ) ;
#13 = ORIENTED_EDGE ( 'NONE', *, *, #3328, .T. ) ;
#14 = ORIENTED_EDGE ( 'NONE', *, *, #2465, .F. ) ;
#15 = PLANE ( 'NONE',  #2468 ) ;
#16 = VECTOR ( 'NONE', #1872, 1000.000000000000114 ) ;
#17 = CARTESIAN_POINT ( 'NONE',  ( 2.500000000000000000, 0.4000000000000015210, -23.05799999999999628 ) ) ;
#18 = LINE ( 'NONE', #3089, #201 ) ;
#19 = VECTOR ( 'NONE', #1865, 1000.000000000000114 ) ;
#20 = LINE ( 'NONE', #3615, #1368 ) ;
#21 = CARTESIAN_POINT ( 'NONE',  ( 2.500000000000000000, 2.200000000000001510, -22.40285357832087598 ) ) ;
#22 = ORIENTED_EDGE ( 'NONE', *, *, #2459, .T. ) ;
#23 = ORIENTED_EDGE ( 'NONE', *, *, #158, .T. ) ;
#24 = AXIS2_PLACEMENT_3D ( 'NONE', #1822, #3207, #1844 ) ;
#25 = PLANE ( 'NONE',  #1029 ) ;
#26 = VECTOR ( 'NONE', #2521, 1000.000000000000000 ) ;
#27 = DIRECTION ( 'NONE',  ( 0.000000000000000000, -0.9396926207859158664, 0.3420201433256479517 ) ) ;
#28 = EDGE_CURVE ( 'NONE', #2776, #1034, #3599, .T. ) ;
#29 = ORIENTED_EDGE ( 'NONE', *, *, #3403, .F. ) ;
#30 = CARTESIAN_POINT ( 'NONE',  ( 0.9000000000000000222, 5.349999999999991651, -13.65000000000001634 ) ) ;
#31 = VECTOR ( 'NONE', #2352, 1000.000000000000000 ) ;
#32 = DIRECTION ( 'NONE',  ( 0.000000000000000000, 0.000000000000000000, -1.000000000000000000 ) ) ;
#33 = ORIENTED_EDGE ( 'NONE', *, *, #2482, .T. ) ;
#34 = EDGE_CURVE ( 'NONE', #3230, #1480, #2196, .T. ) ;
#35 = ORIENTED_EDGE ( 'NONE', *, *, #113, .F. ) ;
#36 = DIRECTION ( 'NONE',  ( 0.000000000000000000, -1.182766006347823109E-16, -1.000000000000000000 ) ) ;
#37 = EDGE_CURVE ( 'NONE', #2799, #769, #1661, .T. ) ;
#38 = AXIS2_PLACEMENT_3D ( 'NONE', #1212, #2578, #3111 ) ;
#39 = CARTESIAN_POINT ( 'NONE',  ( 2.500000000000000000, 2.200000000000001510, -57.57085357832087880 ) ) ;
#40 = LINE ( 'NONE', #853, #374 ) ;
#41 = CARTESIAN_POINT ( 'NONE',  ( 2.500000000000000000, 0.4000000000000013545, -38.63199999999999790 ) ) ;
#42 = EDGE_LOOP ( 'NONE', ( #1516, #1884, #1496, #23 ) ) ;
#43 = VERTEX_POINT ( 'NONE', #1013 ) ;
#44 = AXIS2_PLACEMENT_3D ( 'NONE', #779, #1341, #3581 ) ;
#45 = CARTESIAN_POINT ( 'NONE',  ( 2.500000000000000000, 2.200000000000001510, -32.45085357832088135 ) ) ;
#46 = ADVANCED_FACE ( 'NONE', ( #2389 ), #1302, .F. ) ;
#47 = FACE_OUTER_BOUND ( 'NONE', #956, .T. ) ;
#48 = ORIENTED_EDGE ( 'NONE', *, *, #2867, .T. ) ;
#49 = ORIENTED_EDGE ( 'NONE', *, *, #986, .T. ) ;
#50 = VERTEX_POINT ( 'NONE', #3077 ) ;
#51 = DIRECTION ( 'NONE',  ( 0.000000000000000000, 0.000000000000000000, 1.000000000000000000 ) ) ;
#52 = EDGE_CURVE ( 'NONE', #3369, #1282, #3091, .T. ) ;
#53 = SURFACE_STYLE_USAGE ( .BOTH. , #2449 ) ;
#54 = EDGE_CURVE ( 'NONE', #1227, #2941, #4, .T. ) ;
#55 = CARTESIAN_POINT ( 'NONE',  ( -2.000000000000000000, 0.4000000000000015210, -62.00000000000000000 ) ) ;
#56 = CARTESIAN_POINT ( 'NONE',  ( -2.500000000000000000, 0.4000000000000013545, -28.58399999999999963 ) ) ;
#57 = DIRECTION ( 'NONE',  ( -1.000000000000000000, -0.000000000000000000, 1.532847594326445600E-16 ) ) ;
#58 = ORIENTED_EDGE ( 'NONE', *, *, #2238, .F. ) ;
#59 = ORIENTED_EDGE ( 'NONE', *, *, #822, .F. ) ;
#60 = DIRECTION ( 'NONE',  ( 1.000000000000000000, 0.000000000000000000, 0.000000000000000000 ) ) ;
#61 = DIRECTION ( 'NONE',  ( 1.000000000000000000, 0.000000000000000000, 0.000000000000000000 ) ) ;
#62 = CARTESIAN_POINT ( 'NONE',  ( 2.500000000000000000, 0.4000000000000015210, -81.27975906833177078 ) ) ;
#63 = DIRECTION ( 'NONE',  ( 0.000000000000000000, 0.000000000000000000, 1.000000000000000000 ) ) ;
#64 = CARTESIAN_POINT ( 'NONE',  ( 2.500000000000000000, 2.200000000000001510, -54.35914642167912092 ) ) ;
#65 = ORIENTED_EDGE ( 'NONE', *, *, #571, .F. ) ;
#66 = VERTEX_POINT ( 'NONE', #3060 ) ;
#67 = EDGE_CURVE ( 'NONE', #3153, #3115, #1119, .T. ) ;
#68 = DIRECTION ( 'NONE',  ( 0.000000000000000000, 0.000000000000000000, 1.000000000000000000 ) ) ;
#69 = CARTESIAN_POINT ( 'NONE',  ( -2.000000000000000000, -1.500000000000013989, -4.197056274847746238 ) ) ;
#70 = DIRECTION ( 'NONE',  ( -0.5773502691896207351, -0.5773502691896286176, 0.5773502691896278405 ) ) ;
#71 = ADVANCED_FACE ( 'NONE', ( #1678 ), #3361, .F. ) ;
#72 = DIRECTION ( 'NONE',  ( -1.000000000000000000, 0.000000000000000000, 0.000000000000000000 ) ) ;
#73 = CARTESIAN_POINT ( 'NONE',  ( 2.500000000000000000, 0.4000000000000015210, -81.27975906833177078 ) ) ;
#74 = VECTOR ( 'NONE', #2078, 1000.000000000000000 ) ;
#75 = DIRECTION ( 'NONE',  ( 1.000000000000000000, 0.000000000000000000, 0.000000000000000000 ) ) ;
#76 = EDGE_CURVE ( 'NONE', #1469, #1877, #3617, .T. ) ;
#77 = ORIENTED_EDGE ( 'NONE', *, *, #2906, .F. ) ;
#78 = VECTOR ( 'NONE', #1807, 1000.000000000000000 ) ;
#79 = DIRECTION ( 'NONE',  ( 0.000000000000000000, 0.000000000000000000, -1.000000000000000000 ) ) ;
#80 = CARTESIAN_POINT ( 'NONE',  ( 2.500000000000000000, 0.4000000000000015210, -81.27975906833177078 ) ) ;
#81 = LINE ( 'NONE', #1176, #26 ) ;
#82 = ADVANCED_FACE ( 'NONE', ( #1105 ), #869, .F. ) ;
#83 = AXIS2_PLACEMENT_3D ( 'NONE', #1118, #3, #1943 ) ;
#84 = ORIENTED_EDGE ( 'NONE', *, *, #1600, .T. ) ;
#85 = CARTESIAN_POINT ( 'NONE',  ( 2.500000000000000444, 0.3999999999999997446, -5.449999999999999289 ) ) ;
#86 = AXIS2_PLACEMENT_3D ( 'NONE', #824, #3565, #3012 ) ;
#87 = PLANE ( 'NONE',  #3465 ) ;
#88 = CARTESIAN_POINT ( 'NONE',  ( -2.500000000000000000, 2.200000000000001510, -52.54685357832087789 ) ) ;
#89 = ORIENTED_EDGE ( 'NONE', *, *, #1707, .F. ) ;
#90 = DIRECTION ( 'NONE',  ( 1.000000000000000000, 0.000000000000000000, 0.000000000000000000 ) ) ;
#91 = PRODUCT_CONTEXT ( 'NONE', #373, 'mechanical' ) ;
#92 = VECTOR ( 'NONE', #445, 1000.000000000000000 ) ;
#93 = VECTOR ( 'NONE', #1166, 999.9999999999998863 ) ;
#94 = CARTESIAN_POINT ( 'NONE',  ( -2.000000000000000000, -0.09999999999998718248, -5.449999999999996625 ) ) ;
#95 = EDGE_CURVE ( 'NONE', #2442, #355, #901, .T. ) ;
#96 = ORIENTED_EDGE ( 'NONE', *, *, #2275, .F. ) ;
#97 = CARTESIAN_POINT ( 'NONE',  ( -3.500000000000000000, 2.200000000000001510, -17.37885357832087863 ) ) ;
#98 = VECTOR ( 'NONE', #2948, 1000.000000000000114 ) ;
#99 = EDGE_LOOP ( 'NONE', ( #2074, #628, #1818, #2214 ) ) ;
#100 = EDGE_CURVE ( 'NONE', #705, #978, #2812, .T. ) ;
#101 = CARTESIAN_POINT ( 'NONE',  ( 2.500000000000000000, 4.999999999999992006, -14.00000000000001954 ) ) ;
#102 = DIRECTION ( 'NONE',  ( 0.7071067811865472397, 0.000000000000000000, 0.7071067811865479058 ) ) ;
#103 = EDGE_CURVE ( 'NONE', #678, #3370, #1977, .T. ) ;
#104 = FACE_OUTER_BOUND ( 'NONE', #1735, .T. ) ;
#105 = VECTOR ( 'NONE', #762, 1000.000000000000000 ) ;
#106 = DIRECTION ( 'NONE',  ( 0.000000000000000000, 0.9396926207859156444, 0.3420201433256487844 ) ) ;
#107 = ORIENTED_EDGE ( 'NONE', *, *, #1040, .T. ) ;
#108 = DIRECTION ( 'NONE',  ( -0.000000000000000000, -0.000000000000000000, -1.000000000000000000 ) ) ;
#109 = DIRECTION ( 'NONE',  ( 0.7071067811865472397, -0.000000000000000000, 0.7071067811865479058 ) ) ;
#110 = CARTESIAN_POINT ( 'NONE',  ( 5.012092880962930153, 1.107981536799865996, -12.75231579419482308 ) ) ;
#111 = ORIENTED_EDGE ( 'NONE', *, *, #1545, .T. ) ;
#112 = VERTEX_POINT ( 'NONE', #2555 ) ;
#113 = EDGE_CURVE ( 'NONE', #724, #251, #605, .T. ) ;
#114 = DIRECTION ( 'NONE',  ( 1.000000000000000000, 0.000000000000000000, 0.000000000000000000 ) ) ;
#115 = ORIENTED_EDGE ( 'NONE', *, *, #719, .T. ) ;
#116 = ADVANCED_FACE ( 'NONE', ( #1944 ), #1155, .F. ) ;
#117 = LINE ( 'NONE', #1199, #3140 ) ;
#118 = CARTESIAN_POINT ( 'NONE',  ( 2.500000000000000000, 2.200000000000001510, -56.87114642167912137 ) ) ;
#119 = ORIENTED_EDGE ( 'NONE', *, *, #1731, .T. ) ;
#120 = DIRECTION ( 'NONE',  ( -0.000000000000000000, -0.000000000000000000, -1.000000000000000000 ) ) ;
#121 = VECTOR ( 'NONE', #3313, 1000.000000000000000 ) ;
#122 = DIRECTION ( 'NONE',  ( 0.000000000000000000, 0.000000000000000000, 1.000000000000000000 ) ) ;
#123 = ORIENTED_EDGE ( 'NONE', *, *, #364, .F. ) ;
#124 = VERTEX_POINT ( 'NONE', #21 ) ;
#125 = ORIENTED_EDGE ( 'NONE', *, *, #95, .T. ) ;
#126 = LINE ( 'NONE', #2613, #3163 ) ;
#127 = VECTOR ( 'NONE', #770, 1000.000000000000114 ) ;
#128 = ORIENTED_EDGE ( 'NONE', *, *, #2795, .F. ) ;
#129 = CARTESIAN_POINT ( 'NONE',  ( -2.500000000000000000, 7.000000000000000000, -10.79999999999997407 ) ) ;
#130 = ORIENTED_EDGE ( 'NONE', *, *, #2190, .T. ) ;
#131 = VECTOR ( 'NONE', #536, 1000.000000000000114 ) ;
#132 = PLANE ( 'NONE',  #455 ) ;
#133 = EDGE_CURVE ( 'NONE', #2963, #2219, #3326, .T. ) ;
#134 = VECTOR ( 'NONE', #2762, 1000.000000000000000 ) ;
#135 = DIRECTION ( 'NONE',  ( -1.000000000000000000, 0.000000000000000000, -0.000000000000000000 ) ) ;
#136 = ORIENTED_EDGE ( 'NONE', *, *, #1750, .F. ) ;
#137 = LINE ( 'NONE', #2643, #2998 ) ;
#138 = VECTOR ( 'NONE', #1966, 1000.000000000000000 ) ;
#139 = LINE ( 'NONE', #2669, #2967 ) ;
#140 = ORIENTED_EDGE ( 'NONE', *, *, #273, .T. ) ;
#141 = AXIS2_PLACEMENT_3D ( 'NONE', #2944, #752, #2746 ) ;
#142 = ORIENTED_EDGE ( 'NONE', *, *, #254, .F. ) ;
#143 = CARTESIAN_POINT ( 'NONE',  ( -2.000000000000000000, 2.200000000000001510, -37.47485357832088226 ) ) ;
#144 = ADVANCED_FACE ( 'NONE', ( #836 ), #560, .F. ) ;
#145 = VERTEX_POINT ( 'NONE', #1425 ) ;
#146 = DIRECTION ( 'NONE',  ( 0.000000000000000000, -0.000000000000000000, 1.000000000000000000 ) ) ;
#147 = EDGE_LOOP ( 'NONE', ( #2513, #877, #1358, #634 ) ) ;
#148 = CARTESIAN_POINT ( 'NONE',  ( 2.500000000000000000, 0.4000000000000015210, -18.53599999999999781 ) ) ;
#149 = DIRECTION ( 'NONE',  ( 1.000000000000000000, 0.000000000000000000, 0.000000000000000000 ) ) ;
#150 = AXIS2_PLACEMENT_3D ( 'NONE', #3467, #2849, #1758 ) ;
#151 = LINE ( 'NONE', #1538, #2830 ) ;
#152 = ORIENTED_EDGE ( 'NONE', *, *, #2530, .F. ) ;
#153 = VECTOR ( 'NONE', #2487, 999.9999999999998863 ) ;
#154 = LINE ( 'NONE', #187, #1439 ) ;
#155 = DIRECTION ( 'NONE',  ( -1.000000000000000000, 0.000000000000000000, 0.000000000000000000 ) ) ;
#156 = EDGE_LOOP ( 'NONE', ( #2696, #3183, #2164, #1360 ) ) ;
#157 = DIRECTION ( 'NONE',  ( -0.000000000000000000, 0.3420201433256487844, -0.9396926207859156444 ) ) ;
#158 = EDGE_CURVE ( 'NONE', #2723, #3107, #882, .T. ) ;
#159 = VECTOR ( 'NONE', #3229, 1000.000000000000000 ) ;
#160 = CYLINDRICAL_SURFACE ( 'NONE', #1958, 2.349999999999997868 ) ;
#161 = ORIENTED_EDGE ( 'NONE', *, *, #3564, .T. ) ;
#162 = EDGE_LOOP ( 'NONE', ( #2904, #3208, #3108, #2587, #2772 ) ) ;
#163 = LINE ( 'NONE', #2445, #1831 ) ;
#164 = DIRECTION ( 'NONE',  ( 1.000000000000000000, 0.000000000000000000, 0.000000000000000000 ) ) ;
#165 = DIRECTION ( 'NONE',  ( 0.000000000000000000, 0.9396926207859156444, 0.3420201433256487844 ) ) ;
#166 = CARTESIAN_POINT ( 'NONE',  ( 0.9000000000000000222, 4.233896267925302048, -62.00000000000000000 ) ) ;
#167 = CARTESIAN_POINT ( 'NONE',  ( -2.500000000000000000, 0.4000000000000013545, -41.14399999999999835 ) ) ;
#168 = EDGE_LOOP ( 'NONE', ( #3456, #1261, #2659, #2860 ) ) ;
#169 = ORIENTED_EDGE ( 'NONE', *, *, #3395, .T. ) ;
#170 = CARTESIAN_POINT ( 'NONE',  ( 2.500000000000000000, 0.4000000000000015210, -15.52199999999999491 ) ) ;
#171 = VERTEX_POINT ( 'NONE', #280 ) ;
#172 = CARTESIAN_POINT ( 'NONE',  ( 2.500000000000000444, 0.3999999999999997446, -5.449999999999999289 ) ) ;
#173 = FACE_OUTER_BOUND ( 'NONE', #1121, .T. ) ;
#174 = CARTESIAN_POINT ( 'NONE',  ( 0.000000000000000000, 0.000000000000000000, -62.00000000000000000 ) ) ;
#175 = ORIENTED_EDGE ( 'NONE', *, *, #2783, .F. ) ;
#176 = CARTESIAN_POINT ( 'NONE',  ( -2.500000000000000000, 0.4000000000000013545, -31.09600000000000009 ) ) ;
#177 = LINE ( 'NONE', #1290, #866 ) ;
#178 = LINE ( 'NONE', #1870, #2002 ) ;
#179 = EDGE_CURVE ( 'NONE', #1950, #1332, #1444, .T. ) ;
#180 = LINE ( 'NONE', #3554, #2637 ) ;
#181 = CARTESIAN_POINT ( 'NONE',  ( 2.500000000000000444, 2.499999999999999556, -4.237564434701781124 ) ) ;
#182 = CARTESIAN_POINT ( 'NONE',  ( -2.500000000000000000, 2.200000000000001510, -39.28714642167911819 ) ) ;
#183 = DIRECTION ( 'NONE',  ( 0.000000000000000000, -0.9396926207859156444, -0.3420201433256487844 ) ) ;
#184 = EDGE_CURVE ( 'NONE', #1041, #2481, #1742, .T. ) ;
#185 = CARTESIAN_POINT ( 'NONE',  ( 2.500000000000000000, 5.349999999999997868, -62.00000000000000000 ) ) ;
#186 = ORIENTED_EDGE ( 'NONE', *, *, #2094, .T. ) ;
#187 = CARTESIAN_POINT ( 'NONE',  ( -2.500000000000000000, 0.4000000000000013545, -46.16799999999999926 ) ) ;
#188 = ADVANCED_FACE ( 'NONE', ( #423 ), #2653, .F. ) ;
#189 = DIRECTION ( 'NONE',  ( 1.000000000000000000, 0.000000000000000000, 0.000000000000000000 ) ) ;
#190 = VECTOR ( 'NONE', #814, 1000.000000000000000 ) ;
#191 = VERTEX_POINT ( 'NONE', #936 ) ;
#192 = DIRECTION ( 'NONE',  ( -0.7071067811865475727, 0.7071067811865475727, 0.000000000000000000 ) ) ;
#193 = VECTOR ( 'NONE', #1077, 1000.000000000000000 ) ;
#194 = CARTESIAN_POINT ( 'NONE',  ( 2.500000000000000000, 1.107981536799865996, -12.75231579419482308 ) ) ;
#195 = ORIENTED_EDGE ( 'NONE', *, *, #1980, .T. ) ;
#196 = EDGE_LOOP ( 'NONE', ( #564, #3036, #870, #2861 ) ) ;
#197 = DIRECTION ( 'NONE',  ( 0.5773502691896252870, -0.5773502691896256200, 0.5773502691896265082 ) ) ;
#198 = VECTOR ( 'NONE', #529, 1000.000000000000000 ) ;
#199 = VECTOR ( 'NONE', #1687, 1000.000000000000000 ) ;
#200 = PLANE ( 'NONE',  #3521 ) ;
#201 = VECTOR ( 'NONE', #1941, 1000.000000000000114 ) ;
#202 = LINE ( 'NONE', #755, #569 ) ;
#203 = PLANE ( 'NONE',  #1492 ) ;
#204 = DIRECTION ( 'NONE',  ( 1.000000000000000000, 0.000000000000000000, 0.000000000000000000 ) ) ;
#205 = ORIENTED_EDGE ( 'NONE', *, *, #3047, .F. ) ;
#206 = ORIENTED_EDGE ( 'NONE', *, *, #1672, .T. ) ;
#207 = EDGE_CURVE ( 'NONE', #2963, #2935, #1259, .T. ) ;
#208 = AXIS2_PLACEMENT_3D ( 'NONE', #2175, #1051, #3027 ) ;
#209 = CARTESIAN_POINT ( 'NONE',  ( -3.500000000000000000, 0.4000000000000013545, -16.02400000000000091 ) ) ;
#210 = ORIENTED_EDGE ( 'NONE', *, *, #387, .T. ) ;
#211 = DIRECTION ( 'NONE',  ( 1.000000000000000000, 0.000000000000000000, 0.000000000000000000 ) ) ;
#212 = PRESENTATION_LAYER_ASSIGNMENT (  '', '', ( #1559 ) ) ;
#213 = EDGE_CURVE ( 'NONE', #3121, #2519, #3214, .T. ) ;
#214 = DIRECTION ( 'NONE',  ( 0.000000000000000000, 1.000000000000000000, 0.000000000000000000 ) ) ;
#215 = ORIENTED_EDGE ( 'NONE', *, *, #3356, .F. ) ;
#216 = ORIENTED_EDGE ( 'NONE', *, *, #291, .F. ) ;
#217 = DIRECTION ( 'NONE',  ( 0.000000000000000000, 0.000000000000000000, -1.000000000000000000 ) ) ;
#218 = VECTOR ( 'NONE', #685, 1000.000000000000227 ) ;
#219 = DIRECTION ( 'NONE',  ( -0.7071067811865479058, 0.000000000000000000, 0.7071067811865472397 ) ) ;
#220 = VECTOR ( 'NONE', #79, 1000.000000000000000 ) ;
#221 = CARTESIAN_POINT ( 'NONE',  ( -1.500000000000006439, 7.000000000000000000, -10.79999999999997407 ) ) ;
#222 = FACE_OUTER_BOUND ( 'NONE', #1400, .T. ) ;
#223 = CARTESIAN_POINT ( 'NONE',  ( -2.000000000000000000, 2.200000000000001510, -45.01085357832087652 ) ) ;
#224 = EDGE_LOOP ( 'NONE', ( #2331, #578, #136, #2023 ) ) ;
#225 = PLANE ( 'NONE',  #44 ) ;
#226 = CARTESIAN_POINT ( 'NONE',  ( 2.500000000000000000, 0.4000000000000013545, -56.21600000000000108 ) ) ;
#227 = EDGE_CURVE ( 'NONE', #287, #650, #695, .T. ) ;
#228 = ORIENTED_EDGE ( 'NONE', *, *, #3075, .T. ) ;
#229 = CARTESIAN_POINT ( 'NONE',  ( -2.000000000000000000, 0.4000000000000015210, -38.12999999999999545 ) ) ;
#230 = CARTESIAN_POINT ( 'NONE',  ( 2.500000000000000000, 2.200000000000001510, -34.96285357832088181 ) ) ;
#231 = CARTESIAN_POINT ( 'NONE',  ( -2.500000000000000000, 0.4000000000000015210, -60.73799999999999955 ) ) ;
#232 = ORIENTED_EDGE ( 'NONE', *, *, #1408, .F. ) ;
#233 = EDGE_LOOP ( 'NONE', ( #2924, #401, #2557, #3267 ) ) ;
#234 = EDGE_CURVE ( 'NONE', #1950, #2910, #658, .T. ) ;
#235 = ORIENTED_EDGE ( 'NONE', *, *, #572, .F. ) ;
#236 = CARTESIAN_POINT ( 'NONE',  ( -2.500000000000000000, 2.200000000000001510, -46.82314642167911956 ) ) ;
#237 = CARTESIAN_POINT ( 'NONE',  ( -2.000000000000000000, 0.4000000000000013545, -61.24000000000000199 ) ) ;
#238 = CARTESIAN_POINT ( 'NONE',  ( -2.000000000000000000, 0.4000000000000013545, -18.53599999999999781 ) ) ;
#239 = AXIS2_PLACEMENT_3D ( 'NONE', #1583, #540, #1357 ) ;
#240 = PLANE ( 'NONE',  #3611 ) ;
#241 = CARTESIAN_POINT ( 'NONE',  ( -2.000000000000000000, 2.200000000000001510, -52.54685357832087789 ) ) ;
#242 = LINE ( 'NONE', #757, #957 ) ;
#243 = PLANE ( 'NONE',  #239 ) ;
#244 = ORIENTED_EDGE ( 'NONE', *, *, #2190, .F. ) ;
#245 = FACE_OUTER_BOUND ( 'NONE', #3454, .T. ) ;
#246 = VECTOR ( 'NONE', #57, 1000.000000000000000 ) ;
#247 = EDGE_CURVE ( 'NONE', #268, #802, #3161, .T. ) ;
#248 = CARTESIAN_POINT ( 'NONE',  ( 2.500000000000000000, 0.4000000000000015210, -81.27975906833177078 ) ) ;
#249 = CARTESIAN_POINT ( 'NONE',  ( 2.500000000000000000, 2.200000000000001510, -36.77514642167911774 ) ) ;
#250 = VERTEX_POINT ( 'NONE', #2326 ) ;
#251 = VERTEX_POINT ( 'NONE', #3436 ) ;
#252 = FACE_OUTER_BOUND ( 'NONE', #3571, .T. ) ;
#253 = VECTOR ( 'NONE', #3349, 1000.000000000000114 ) ;
#254 = EDGE_CURVE ( 'NONE', #1333, #2776, #351, .T. ) ;
#255 = AXIS2_PLACEMENT_3D ( 'NONE', #1443, #1957, #311 ) ;
#256 = LINE ( 'NONE', #1991, #657 ) ;
#257 = EDGE_CURVE ( 'NONE', #3580, #2803, #709, .T. ) ;
#258 = CARTESIAN_POINT ( 'NONE',  ( -2.000000000000000000, 2.200000000000001510, -46.82314642167911956 ) ) ;
#259 = VECTOR ( 'NONE', #2296, 1000.000000000000000 ) ;
#260 = LINE ( 'NONE', #2209, #3531 ) ;
#261 = CARTESIAN_POINT ( 'NONE',  ( 2.500000000000000000, 0.4000000000000013545, -21.04799999999999827 ) ) ;
#262 = CARTESIAN_POINT ( 'NONE',  ( 2.500000000000000000, 0.4000000000000013545, -53.70400000000000063 ) ) ;
#263 = DIRECTION ( 'NONE',  ( 0.000000000000000000, -0.9396926207859158664, 0.3420201433256479517 ) ) ;
#264 = ORIENTED_EDGE ( 'NONE', *, *, #1122, .T. ) ;
#265 = ORIENTED_EDGE ( 'NONE', *, *, #1387, .T. ) ;
#266 = DIRECTION ( 'NONE',  ( 0.000000000000000000, -0.9396926207859156444, -0.3420201433256487844 ) ) ;
#267 = FACE_OUTER_BOUND ( 'NONE', #313, .T. ) ;
#268 = VERTEX_POINT ( 'NONE', #406 ) ;
#269 = DIRECTION ( 'NONE',  ( 0.000000000000000000, 0.000000000000000000, 1.000000000000000000 ) ) ;
#270 = DIRECTION ( 'NONE',  ( -0.7071067811865524577, 0.7071067811865426878, -0.000000000000000000 ) ) ;
#271 = ORIENTED_EDGE ( 'NONE', *, *, #3011, .T. ) ;
#272 = VERTEX_POINT ( 'NONE', #2032 ) ;
#273 = EDGE_CURVE ( 'NONE', #758, #1407, #126, .T. ) ;
#274 = FACE_OUTER_BOUND ( 'NONE', #1552, .T. ) ;
#275 = FACE_OUTER_BOUND ( 'NONE', #3017, .T. ) ;
#276 = ADVANCED_FACE ( 'NONE', ( #2631 ), #1515, .F. ) ;
#277 = CARTESIAN_POINT ( 'NONE',  ( -2.000000000000000000, 2.200000000000001510, -17.37885357832087863 ) ) ;
#278 = FACE_OUTER_BOUND ( 'NONE', #2198, .T. ) ;
#279 = AXIS2_PLACEMENT_3D ( 'NONE', #1656, #307, #1143 ) ;
#280 = CARTESIAN_POINT ( 'NONE',  ( 2.500000000000000000, 0.3999999999999997446, -9.049999999999998934 ) ) ;
#281 = EDGE_CURVE ( 'NONE', #1197, #343, #1223, .T. ) ;
#282 = VERTEX_POINT ( 'NONE', #3473 ) ;
#283 = ORIENTED_EDGE ( 'NONE', *, *, #555, .F. ) ;
#284 = EDGE_LOOP ( 'NONE', ( #3250, #2145, #3008, #1921 ) ) ;
#285 = DIRECTION ( 'NONE',  ( 1.000000000000000000, 0.000000000000000000, 0.000000000000000000 ) ) ;
#286 = LINE ( 'NONE', #3586, #2526 ) ;
#287 = VERTEX_POINT ( 'NONE', #1481 ) ;
#288 = VERTEX_POINT ( 'NONE', #1534 ) ;
#289 = DIRECTION ( 'NONE',  ( 0.000000000000000000, -0.9396926207859158664, 0.3420201433256479517 ) ) ;
#290 = LINE ( 'NONE', #1388, #131 ) ;
#291 = EDGE_CURVE ( 'NONE', #1998, #1592, #2923, .T. ) ;
#292 = DIRECTION ( 'NONE',  ( -0.000000000000000000, -0.9396926207859158664, 0.3420201433256479517 ) ) ;
#293 = DIRECTION ( 'NONE',  ( 0.000000000000000000, -0.9396926207859158664, 0.3420201433256479517 ) ) ;
#294 = ORIENTED_EDGE ( 'NONE', *, *, #3491, .F. ) ;
#295 = ORIENTED_EDGE ( 'NONE', *, *, #325, .F. ) ;
#296 = EDGE_CURVE ( 'NONE', #1590, #761, #1191, .T. ) ;
#297 = CARTESIAN_POINT ( 'NONE',  ( 2.500000000000000000, 2.200000000000001510, -29.23914642167911637 ) ) ;
#298 = LINE ( 'NONE', #1765, #3123 ) ;
#299 = ORIENTED_EDGE ( 'NONE', *, *, #592, .F. ) ;
#300 = CARTESIAN_POINT ( 'NONE',  ( -3.500000000000000000, 2.200000000000001510, -19.89085357832087908 ) ) ;
#301 = EDGE_CURVE ( 'NONE', #1197, #2109, #3418, .T. ) ;
#302 = DIRECTION ( 'NONE',  ( 0.000000000000000000, 0.000000000000000000, -1.000000000000000000 ) ) ;
#303 = ORIENTED_EDGE ( 'NONE', *, *, #320, .F. ) ;
#304 = CARTESIAN_POINT ( 'NONE',  ( 0.9000000000000002442, 7.349999999999999645, -62.00000000000000000 ) ) ;
#305 = VECTOR ( 'NONE', #75, 1000.000000000000000 ) ;
#306 = CARTESIAN_POINT ( 'NONE',  ( -2.000000000000000000, 0.4000000000000013545, -21.04799999999999827 ) ) ;
#307 = DIRECTION ( 'NONE',  ( -0.000000000000000000, 0.3420201433256487844, -0.9396926207859156444 ) ) ;
#308 = VECTOR ( 'NONE', #2295, 1000.000000000000000 ) ;
#309 = DIRECTION ( 'NONE',  ( 1.000000000000000000, 0.000000000000000000, 0.000000000000000000 ) ) ;
#310 = VECTOR ( 'NONE', #90, 1000.000000000000000 ) ;
#311 = DIRECTION ( 'NONE',  ( 0.000000000000000000, 0.9396926207859156444, 0.3420201433256487844 ) ) ;
#312 = CARTESIAN_POINT ( 'NONE',  ( -2.500000000000000000, 0.4000000000000013545, -56.21600000000000108 ) ) ;
#313 = EDGE_LOOP ( 'NONE', ( #2626, #1071, #903, #3334 ) ) ;
#314 = ORIENTED_EDGE ( 'NONE', *, *, #3444, .T. ) ;
#315 = EDGE_CURVE ( 'NONE', #800, #1954, #642, .T. ) ;
#316 = AXIS2_PLACEMENT_3D ( 'NONE', #3385, #2840, #1431 ) ;
#317 = VECTOR ( 'NONE', #1741, 1000.000000000000114 ) ;
#318 = CARTESIAN_POINT ( 'NONE',  ( 2.000000000000006661, -2.000000000000000000, -1.000000000000000000 ) ) ;
#319 = EDGE_LOOP ( 'NONE', ( #235, #2305, #2565, #2681 ) ) ;
#320 = EDGE_CURVE ( 'NONE', #1333, #1716, #2905, .T. ) ;
#321 = CARTESIAN_POINT ( 'NONE',  ( -2.000000000000000000, 2.200000000000001510, -21.70314642167911856 ) ) ;
#322 = ORIENTED_EDGE ( 'NONE', *, *, #2035, .F. ) ;
#323 = ORIENTED_EDGE ( 'NONE', *, *, #2035, .T. ) ;
#324 = EDGE_LOOP ( 'NONE', ( #875, #1504, #1635, #2423, #13, #2247 ) ) ;
#325 = EDGE_CURVE ( 'NONE', #2058, #2994, #1049, .T. ) ;
#326 = DIRECTION ( 'NONE',  ( 0.000000000000000000, -0.9396926207859158664, 0.3420201433256479517 ) ) ;
#327 = CARTESIAN_POINT ( 'NONE',  ( 0.9000000000000000222, 6.999999999999998224, -62.00000000000000000 ) ) ;
#328 = DIRECTION ( 'NONE',  ( 1.000000000000000000, 0.000000000000000000, 0.000000000000000000 ) ) ;
#329 = VECTOR ( 'NONE', #3381, 1000.000000000000000 ) ;
#330 = CARTESIAN_POINT ( 'NONE',  ( 2.500000000000000000, 2.200000000000001510, -52.54685357832087789 ) ) ;
#331 = PLANE ( 'NONE',  #255 ) ;
#332 = ORIENTED_EDGE ( 'NONE', *, *, #2577, .F. ) ;
#333 = VERTEX_POINT ( 'NONE', #1335 ) ;
#334 = VECTOR ( 'NONE', #1, 1000.000000000000000 ) ;
#335 = CARTESIAN_POINT ( 'NONE',  ( 2.500000000000000000, 0.4000000000000015210, -33.10599999999999454 ) ) ;
#336 = FACE_OUTER_BOUND ( 'NONE', #1146, .T. ) ;
#337 = EDGE_CURVE ( 'NONE', #3153, #2439, #3594, .T. ) ;
#338 = FACE_OUTER_BOUND ( 'NONE', #1584, .T. ) ;
#339 = LINE ( 'NONE', #1507, #2029 ) ;
#340 = ADVANCED_FACE ( 'NONE', ( #754 ), #2133, .F. ) ;
#341 = LINE ( 'NONE', #2037, #608 ) ;
#342 = VERTEX_POINT ( 'NONE', #442 ) ;
#343 = VERTEX_POINT ( 'NONE', #1066 ) ;
#344 = DIRECTION ( 'NONE',  ( 0.000000000000000000, 0.9396926207859156444, 0.3420201433256487844 ) ) ;
#345 =( LENGTH_UNIT ( ) NAMED_UNIT ( * ) SI_UNIT ( .MILLI., .METRE. ) );
#346 = EDGE_CURVE ( 'NONE', #649, #3045, #180, .T. ) ;
#347 = LINE ( 'NONE', #1458, #2485 ) ;
#348 = CARTESIAN_POINT ( 'NONE',  ( 1.500000000000000000, 4.233896267925302048, -62.00000000000000000 ) ) ;
#349 = PLANE ( 'NONE',  #1544 ) ;
#350 = ORIENTED_EDGE ( 'NONE', *, *, #654, .F. ) ;
#351 = LINE ( 'NONE', #2064, #3222 ) ;
#352 = EDGE_LOOP ( 'NONE', ( #3139, #995, #2940, #1243, #2213, #2220 ) ) ;
#353 = PLANE ( 'NONE',  #38 ) ;
#354 = FACE_OUTER_BOUND ( 'NONE', #717, .T. ) ;
#355 = VERTEX_POINT ( 'NONE', #1558 ) ;
#356 = LINE ( 'NONE', #703, #2201 ) ;
#357 = DIRECTION ( 'NONE',  ( -0.000000000000000000, -0.000000000000000000, 1.000000000000000000 ) ) ;
#358 = ORIENTED_EDGE ( 'NONE', *, *, #1894, .F. ) ;
#359 = VERTEX_POINT ( 'NONE', #1351 ) ;
#360 = ORIENTED_EDGE ( 'NONE', *, *, #2510, .T. ) ;
#361 = CARTESIAN_POINT ( 'NONE',  ( 2.500000000000000000, 0.4000000000000015210, -81.27975906833177078 ) ) ;
#362 = ADVANCED_FACE ( 'NONE', ( #2384 ), #1578, .F. ) ;
#363 = PLANE ( 'NONE',  #2127 ) ;
#364 = EDGE_CURVE ( 'NONE', #112, #359, #3291, .T. ) ;
#365 = DIRECTION ( 'NONE',  ( 0.000000000000000000, -0.3746065934159092392, 0.9271838545667884235 ) ) ;
#366 = EDGE_LOOP ( 'NONE', ( #215, #1885, #2391, #2929 ) ) ;
#367 = AXIS2_PLACEMENT_3D ( 'NONE', #2698, #3498, #1566 ) ;
#368 = DIRECTION ( 'NONE',  ( -0.000000000000000000, -0.000000000000000000, -1.000000000000000000 ) ) ;
#369 = ORIENTED_EDGE ( 'NONE', *, *, #2930, .F. ) ;
#370 = EDGE_CURVE ( 'NONE', #910, #2818, #2447, .T. ) ;
#371 = VECTOR ( 'NONE', #3013, 1000.000000000000000 ) ;
#372 = DIRECTION ( 'NONE',  ( -0.000000000000000000, 0.7071067811865434649, 0.7071067811865516806 ) ) ;
#373 = APPLICATION_CONTEXT ( 'automotive_design' ) ;
#374 = VECTOR ( 'NONE', #1424, 1000.000000000000000 ) ;
#375 = DIRECTION ( 'NONE',  ( 1.000000000000000000, 0.000000000000000000, 0.000000000000000000 ) ) ;
#376 = VECTOR ( 'NONE', #2784, 1000.000000000000000 ) ;
#377 = DIRECTION ( 'NONE',  ( 0.000000000000000000, -0.000000000000000000, 1.000000000000000000 ) ) ;
#378 = ORIENTED_EDGE ( 'NONE', *, *, #792, .F. ) ;
#379 = ORIENTED_EDGE ( 'NONE', *, *, #3264, .T. ) ;
#380 = DIRECTION ( 'NONE',  ( -0.000000000000000000, 1.000000000000000000, 0.000000000000000000 ) ) ;
#381 = CARTESIAN_POINT ( 'NONE',  ( -2.500000000000000000, -0.5999999999999872102, -62.00000000000000000 ) ) ;
#382 = VECTOR ( 'NONE', #737, 1000.000000000000000 ) ;
#383 = DIRECTION ( 'NONE',  ( 1.000000000000000000, 0.000000000000000000, 0.000000000000000000 ) ) ;
#384 = EDGE_CURVE ( 'NONE', #1532, #2731, #3254, .T. ) ;
#385 = LINE ( 'NONE', #3104, #2826 ) ;
#386 = ORIENTED_EDGE ( 'NONE', *, *, #1023, .F. ) ;
#387 = EDGE_CURVE ( 'NONE', #590, #2608, #2191, .T. ) ;
#388 = CARTESIAN_POINT ( 'NONE',  ( -2.000000000000000000, 2.200000000000001510, -12.35485357832087772 ) ) ;
#389 = VECTOR ( 'NONE', #1620, 1000.000000000000000 ) ;
#390 = ORIENTED_EDGE ( 'NONE', *, *, #2615, .F. ) ;
#391 = LINE ( 'NONE', #1447, #1324 ) ;
#392 = DIRECTION ( 'NONE',  ( 1.000000000000000000, 0.000000000000000000, 0.000000000000000000 ) ) ;
#393 = EDGE_CURVE ( 'NONE', #1469, #3380, #1595, .T. ) ;
#394 = ORIENTED_EDGE ( 'NONE', *, *, #640, .T. ) ;
#395 = VERTEX_POINT ( 'NONE', #3530 ) ;
#396 = VECTOR ( 'NONE', #905, 1000.000000000000000 ) ;
#397 = PLANE ( 'NONE',  #1568 ) ;
#398 = CARTESIAN_POINT ( 'NONE',  ( -2.500000000000000000, 2.200000000000001510, -29.93885357832087735 ) ) ;
#399 = CARTESIAN_POINT ( 'NONE',  ( 2.500000000000000000, 2.999999999999997780, -60.00000000000000000 ) ) ;
#400 = VECTOR ( 'NONE', #990, 1000.000000000000000 ) ;
#401 = ORIENTED_EDGE ( 'NONE', *, *, #879, .F. ) ;
#402 = CARTESIAN_POINT ( 'NONE',  ( -2.500000000000000000, 2.200000000000001510, -34.96285357832088181 ) ) ;
#403 = ORIENTED_EDGE ( 'NONE', *, *, #527, .F. ) ;
#404 = ORIENTED_EDGE ( 'NONE', *, *, #2544, .T. ) ;
#405 = ORIENTED_EDGE ( 'NONE', *, *, #702, .F. ) ;
#406 = CARTESIAN_POINT ( 'NONE',  ( -2.000000000000000000, 0.4000000000000015210, -13.00999999999999979 ) ) ;
#407 = ORIENTED_EDGE ( 'NONE', *, *, #3420, .F. ) ;
#408 = EDGE_CURVE ( 'NONE', #607, #124, #1617, .T. ) ;
#409 = DIRECTION ( 'NONE',  ( 1.000000000000000000, 0.000000000000000000, 0.000000000000000000 ) ) ;
#410 = CARTESIAN_POINT ( 'NONE',  ( -2.500000000000000000, 2.200000000000001510, -32.45085357832088135 ) ) ;
#411 = EDGE_LOOP ( 'NONE', ( #152, #3545, #3199, #2205 ) ) ;
#412 = ORIENTED_EDGE ( 'NONE', *, *, #672, .T. ) ;
#413 = ADVANCED_FACE ( 'NONE', ( #2710 ), #200, .F. ) ;
#414 = DIRECTION ( 'NONE',  ( 0.000000000000000000, 0.000000000000000000, -1.000000000000000000 ) ) ;
#415 = DIRECTION ( 'NONE',  ( 1.000000000000000000, 0.000000000000000000, 0.000000000000000000 ) ) ;
#416 = ORIENTED_EDGE ( 'NONE', *, *, #2647, .F. ) ;
#417 = DIRECTION ( 'NONE',  ( 1.000000000000000000, 0.000000000000000000, 0.000000000000000000 ) ) ;
#418 = EDGE_CURVE ( 'NONE', #3170, #3084, #2426, .T. ) ;
#419 = CARTESIAN_POINT ( 'NONE',  ( 0.9000000000000002442, 5.000000000000000000, -60.00000000000000000 ) ) ;
#420 = ORIENTED_EDGE ( 'NONE', *, *, #3616, .F. ) ;
#421 = VERTEX_POINT ( 'NONE', #3576 ) ;
#422 = ORIENTED_EDGE ( 'NONE', *, *, #301, .T. ) ;
#423 = FACE_OUTER_BOUND ( 'NONE', #3195, .T. ) ;
#424 = ORIENTED_EDGE ( 'NONE', *, *, #1219, .F. ) ;
#425 = LINE ( 'NONE', #2116, #3359 ) ;
#426 = ORIENTED_EDGE ( 'NONE', *, *, #2980, .T. ) ;
#427 = EDGE_CURVE ( 'NONE', #287, #1433, #793, .T. ) ;
#428 = ORIENTED_EDGE ( 'NONE', *, *, #865, .F. ) ;
#429 = VECTOR ( 'NONE', #3033, 1000.000000000000114 ) ;
#430 = DIRECTION ( 'NONE',  ( 0.000000000000000000, -0.9396926207859158664, 0.3420201433256479517 ) ) ;
#431 = VECTOR ( 'NONE', #1724, 1000.000000000000000 ) ;
#432 = CARTESIAN_POINT ( 'NONE',  ( 1.500000000000000000, 4.233896267925302048, -62.00000000000000000 ) ) ;
#433 = EDGE_CURVE ( 'NONE', #124, #2025, #518, .T. ) ;
#434 = EDGE_LOOP ( 'NONE', ( #1112, #2556, #1603, #3019 ) ) ;
#435 = LINE ( 'NONE', #2975, #660 ) ;
#436 = VECTOR ( 'NONE', #3049, 999.9999999999998863 ) ;
#437 = CARTESIAN_POINT ( 'NONE',  ( 2.500000000000000000, 0.4000000000000015210, -81.27975906833177078 ) ) ;
#438 = VERTEX_POINT ( 'NONE', #237 ) ;
#439 = EDGE_CURVE ( 'NONE', #2771, #2947, #2113, .T. ) ;
#440 = ORIENTED_EDGE ( 'NONE', *, *, #3160, .F. ) ;
#441 = AXIS2_PLACEMENT_3D ( 'NONE', #1764, #591, #2507 ) ;
#442 = CARTESIAN_POINT ( 'NONE',  ( 2.500000000000000000, 4.599999999999999645, -9.049999999999995381 ) ) ;
#443 = ORIENTED_EDGE ( 'NONE', *, *, #1989, .F. ) ;
#444 = CARTESIAN_POINT ( 'NONE',  ( -2.000000000000000000, 0.4000000000000013545, -16.02400000000000091 ) ) ;
#445 = DIRECTION ( 'NONE',  ( -0.000000000000000000, 1.000000000000000000, -0.000000000000000000 ) ) ;
#446 = FACE_OUTER_BOUND ( 'NONE', #434, .T. ) ;
#447 = ORIENTED_EDGE ( 'NONE', *, *, #879, .T. ) ;
#448 = ORIENTED_EDGE ( 'NONE', *, *, #1517, .T. ) ;
#449 = ORIENTED_EDGE ( 'NONE', *, *, #3011, .F. ) ;
#450 = FACE_OUTER_BOUND ( 'NONE', #1061, .T. ) ;
#451 = DIRECTION ( 'NONE',  ( 0.000000000000000000, 0.000000000000000000, -1.000000000000000000 ) ) ;
#452 = EDGE_LOOP ( 'NONE', ( #3248, #3327, #1539, #3259 ) ) ;
#453 = FACE_OUTER_BOUND ( 'NONE', #3125, .T. ) ;
#454 = EDGE_CURVE ( 'NONE', #2092, #678, #256, .T. ) ;
#455 = AXIS2_PLACEMENT_3D ( 'NONE', #3482, #3206, #63 ) ;
#456 = LINE ( 'NONE', #1270, #159 ) ;
#457 = ORIENTED_EDGE ( 'NONE', *, *, #2383, .F. ) ;
#458 = EDGE_LOOP ( 'NONE', ( #404, #119, #3479, #175, #407, #1726 ) ) ;
#459 = DIRECTION ( 'NONE',  ( 0.000000000000000000, -0.9396926207859158664, 0.3420201433256480072 ) ) ;
#460 = EDGE_CURVE ( 'NONE', #395, #1590, #290, .T. ) ;
#461 = CARTESIAN_POINT ( 'NONE',  ( 2.500000000000000000, 0.4000000000000015210, -81.27975906833177078 ) ) ;
#462 = EDGE_LOOP ( 'NONE', ( #820, #3051, #1340, #96, #3342 ) ) ;
#463 = CARTESIAN_POINT ( 'NONE',  ( -2.500000000000000000, 0.4000000000000015210, -50.68999999999999773 ) ) ;
#464 = ADVANCED_FACE ( 'NONE', ( #3357 ), #1116, .F. ) ;
#465 = CARTESIAN_POINT ( 'NONE',  ( -2.000000000000000000, 0.4000000000000015210, -58.22599999999999909 ) ) ;
#466 = CARTESIAN_POINT ( 'NONE',  ( -2.500000000000000000, 2.200000000000001510, -27.42685357832087689 ) ) ;
#467 = PLANE ( 'NONE',  #3233 ) ;
#468 = EDGE_LOOP ( 'NONE', ( #2149, #617, #1505, #2688 ) ) ;
#469 = VERTEX_POINT ( 'NONE', #2534 ) ;
#470 = LINE ( 'NONE', #2700, #1631 ) ;
#471 = FACE_OUTER_BOUND ( 'NONE', #3180, .T. ) ;
#472 = ORIENTED_EDGE ( 'NONE', *, *, #1757, .T. ) ;
#473 = PLANE ( 'NONE',  #1477 ) ;
#474 = CARTESIAN_POINT ( 'NONE',  ( 2.500000000000000000, 2.200000000000001510, -42.49885357832087607 ) ) ;
#475 = ORIENTED_EDGE ( 'NONE', *, *, #1215, .F. ) ;
#476 = ORIENTED_EDGE ( 'NONE', *, *, #3350, .F. ) ;
#477 = ADVANCED_FACE ( 'NONE', ( #3188 ), #2845, .F. ) ;
#478 = LINE ( 'NONE', #1273, #1473 ) ;
#479 = VECTOR ( 'NONE', #2470, 1000.000000000000000 ) ;
#480 = CARTESIAN_POINT ( 'NONE',  ( -2.000000000000000000, 0.4000000000000013545, -41.14399999999999835 ) ) ;
#481 = EDGE_CURVE ( 'NONE', #761, #2047, #1217, .T. ) ;
#482 = LINE ( 'NONE', #2134, #2260 ) ;
#483 = PLANE ( 'NONE',  #2063 ) ;
#484 = ORIENTED_EDGE ( 'NONE', *, *, #1059, .F. ) ;
#485 = ADVANCED_FACE ( 'NONE', ( #2371 ), #1520, .F. ) ;
#486 = VERTEX_POINT ( 'NONE', #2680 ) ;
#487 = VERTEX_POINT ( 'NONE', #170 ) ;
#488 = AXIS2_PLACEMENT_3D ( 'NONE', #1795, #2313, #146 ) ;
#489 = CARTESIAN_POINT ( 'NONE',  ( -2.500000000000000000, 2.200000000000001510, -59.38314642167912183 ) ) ;
#490 = CARTESIAN_POINT ( 'NONE',  ( -2.000000000000000000, 2.200000000000001510, -27.42685357832087689 ) ) ;
#491 = CARTESIAN_POINT ( 'NONE',  ( -2.500000000000000000, 2.200000000000001510, -24.91485357832087644 ) ) ;
#492 = CARTESIAN_POINT ( 'NONE',  ( 2.500000000000000000, 6.500000000000013323, -62.00000000000000000 ) ) ;
#493 = VECTOR ( 'NONE', #1847, 1000.000000000000000 ) ;
#494 = FACE_OUTER_BOUND ( 'NONE', #2281, .T. ) ;
#495 = EDGE_LOOP ( 'NONE', ( #476, #701, #3225, #3562 ) ) ;
#496 = ORIENTED_EDGE ( 'NONE', *, *, #3292, .T. ) ;
#497 = CARTESIAN_POINT ( 'NONE',  ( 2.500000000000000000, 2.200000000000001510, -59.38314642167912183 ) ) ;
#498 = VECTOR ( 'NONE', #1377, 1000.000000000000000 ) ;
#499 = AXIS2_PLACEMENT_3D ( 'NONE', #2973, #2416, #3544 ) ;
#500 = DIRECTION ( 'NONE',  ( 0.000000000000000000, -0.9396926207859159774, 0.3420201433256480628 ) ) ;
#501 = EDGE_CURVE ( 'NONE', #1978, #1869, #3516, .T. ) ;
#502 = LINE ( 'NONE', #2098, #389 ) ;
#503 = CARTESIAN_POINT ( 'NONE',  ( 2.500000000000000000, 2.200000000000001510, -19.89085357832087908 ) ) ;
#504 = DIRECTION ( 'NONE',  ( 0.000000000000000000, 0.9396926207859156444, 0.3420201433256487844 ) ) ;
#505 = VERTEX_POINT ( 'NONE', #1304 ) ;
#506 = AXIS2_PLACEMENT_3D ( 'NONE', #466, #1581, #2750 ) ;
#507 = EDGE_CURVE ( 'NONE', #1045, #1280, #2412, .T. ) ;
#508 = CARTESIAN_POINT ( 'NONE',  ( -2.000000000000000000, 4.599999999999999645, -5.449999999999998401 ) ) ;
#509 = CARTESIAN_POINT ( 'NONE',  ( 2.500000000000000000, 0.4000000000000015210, -26.07199999999999918 ) ) ;
#510 = DIRECTION ( 'NONE',  ( 0.000000000000000000, 0.000000000000000000, 1.000000000000000000 ) ) ;
#511 = LINE ( 'NONE', #1346, #3000 ) ;
#512 = VERTEX_POINT ( 'NONE', #3538 ) ;
#513 = ORIENTED_EDGE ( 'NONE', *, *, #1343, .T. ) ;
#514 = EDGE_LOOP ( 'NONE', ( #142, #940, #2461, #1172 ) ) ;
#515 = PLANE ( 'NONE',  #1531 ) ;
#516 = AXIS2_PLACEMENT_3D ( 'NONE', #1284, #1543, #1898 ) ;
#517 = LINE ( 'NONE', #1655, #1723 ) ;
#518 = LINE ( 'NONE', #1638, #3396 ) ;
#519 = DIRECTION ( 'NONE',  ( 0.000000000000000000, 0.000000000000000000, -1.000000000000000000 ) ) ;
#520 = CARTESIAN_POINT ( 'NONE',  ( 2.500000000000000000, 2.200000000000001510, -26.72714642167911592 ) ) ;
#521 = DIRECTION ( 'NONE',  ( 0.000000000000000000, 0.9396926207859156444, 0.3420201433256487844 ) ) ;
#522 = CARTESIAN_POINT ( 'NONE',  ( 2.500000000000000000, 0.4000000000000013545, -26.07199999999999918 ) ) ;
#523 = ORIENTED_EDGE ( 'NONE', *, *, #507, .F. ) ;
#524 = ORIENTED_EDGE ( 'NONE', *, *, #481, .T. ) ;
#525 = ADVANCED_FACE ( 'NONE', ( #760 ), #2139, .F. ) ;
#526 = LINE ( 'NONE', #1645, #3535 ) ;
#527 = EDGE_CURVE ( 'NONE', #1914, #1851, #958, .T. ) ;
#528 = LINE ( 'NONE', #300, #848 ) ;
#529 = DIRECTION ( 'NONE',  ( -0.000000000000000000, -0.000000000000000000, 1.000000000000000000 ) ) ;
#530 = ORIENTED_EDGE ( 'NONE', *, *, #719, .F. ) ;
#531 = ORIENTED_EDGE ( 'NONE', *, *, #2147, .F. ) ;
#532 = EDGE_CURVE ( 'NONE', #2723, #949, #2753, .T. ) ;
#533 = LINE ( 'NONE', #1654, #134 ) ;
#534 = DIRECTION ( 'NONE',  ( 0.000000000000000000, 0.000000000000000000, -1.000000000000000000 ) ) ;
#535 = PLANE ( 'NONE',  #279 ) ;
#536 = DIRECTION ( 'NONE',  ( 0.000000000000000000, 0.9396926207859156444, 0.3420201433256487844 ) ) ;
#537 = CARTESIAN_POINT ( 'NONE',  ( -2.500000000000000000, 2.200000000000001510, -24.21514642167911902 ) ) ;
#538 = DIRECTION ( 'NONE',  ( -0.000000000000000000, -0.000000000000000000, 1.000000000000000000 ) ) ;
#539 = DIRECTION ( 'NONE',  ( -0.000000000000000000, 1.000000000000000000, 0.000000000000000000 ) ) ;
#540 = DIRECTION ( 'NONE',  ( -0.000000000000000000, 1.000000000000000000, 0.000000000000000000 ) ) ;
#541 = EDGE_LOOP ( 'NONE', ( #692, #2702, #1344, #3097 ) ) ;
#542 = VERTEX_POINT ( 'NONE', #3358 ) ;
#543 = CARTESIAN_POINT ( 'NONE',  ( 2.500000000000000000, 2.200000000000001510, -17.37885357832087863 ) ) ;
#544 = LINE ( 'NONE', #1396, #2184 ) ;
#545 = DIRECTION ( 'NONE',  ( 0.000000000000000000, -0.9396926207859158664, 0.3420201433256479517 ) ) ;
#546 = FACE_OUTER_BOUND ( 'NONE', #1268, .T. ) ;
#547 = ADVANCED_FACE ( 'NONE', ( #3126 ), #2810, .F. ) ;
#548 = VECTOR ( 'NONE', #3253, 1000.000000000000000 ) ;
#549 = LINE ( 'NONE', #2232, #138 ) ;
#550 = VERTEX_POINT ( 'NONE', #348 ) ;
#551 = ORIENTED_EDGE ( 'NONE', *, *, #2491, .F. ) ;
#552 = ORIENTED_EDGE ( 'NONE', *, *, #3053, .T. ) ;
#553 = CARTESIAN_POINT ( 'NONE',  ( 1.650000000000002132, 7.349999999999998757, -11.64999999999998614 ) ) ;
#554 = AXIS2_PLACEMENT_3D ( 'NONE', #733, #2964, #459 ) ;
#555 = EDGE_CURVE ( 'NONE', #2654, #724, #2592, .T. ) ;
#556 = AXIS2_PLACEMENT_3D ( 'NONE', #2022, #3118, #2859 ) ;
#557 = CARTESIAN_POINT ( 'NONE',  ( 2.500000000000000000, 2.200000000000001510, -49.33514642167912001 ) ) ;
#558 = AXIS2_PLACEMENT_3D ( 'NONE', #2437, #1056, #1428 ) ;
#559 = DIRECTION ( 'NONE',  ( 0.000000000000000000, 0.9396926207859156444, 0.3420201433256487844 ) ) ;
#560 = PLANE ( 'NONE',  #1768 ) ;
#561 = VERTEX_POINT ( 'NONE', #143 ) ;
#562 = VECTOR ( 'NONE', #1486, 1000.000000000000000 ) ;
#563 = DIRECTION ( 'NONE',  ( 0.000000000000000000, -0.000000000000000000, 1.000000000000000000 ) ) ;
#564 = ORIENTED_EDGE ( 'NONE', *, *, #1374, .F. ) ;
#565 = LINE ( 'NONE', #1934, #3339 ) ;
#566 = AXIS2_PLACEMENT_3D ( 'NONE', #437, #214, #2421 ) ;
#567 = PLANE ( 'NONE',  #2649 ) ;
#568 = ORIENTED_EDGE ( 'NONE', *, *, #1591, .F. ) ;
#569 = VECTOR ( 'NONE', #1874, 1000.000000000000000 ) ;
#570 = DIRECTION ( 'NONE',  ( 1.000000000000000000, 0.000000000000000000, 0.000000000000000000 ) ) ;
#571 = EDGE_CURVE ( 'NONE', #1399, #2269, #2901, .T. ) ;
#572 = EDGE_CURVE ( 'NONE', #2917, #2604, #1830, .T. ) ;
#573 = LINE ( 'NONE', #1352, #2010 ) ;
#574 = CARTESIAN_POINT ( 'NONE',  ( -2.500000000000000000, 0.4000000000000013545, -23.55999999999999872 ) ) ;
#575 = AXIS2_PLACEMENT_3D ( 'NONE', #489, #1605, #2717 ) ;
#576 = DIRECTION ( 'NONE',  ( -0.000000000000000000, 1.000000000000000000, 0.000000000000000000 ) ) ;
#577 = VERTEX_POINT ( 'NONE', #2609 ) ;
#578 = ORIENTED_EDGE ( 'NONE', *, *, #2049, .F. ) ;
#579 = EDGE_CURVE ( 'NONE', #2947, #3370, #2059, .T. ) ;
#580 = CARTESIAN_POINT ( 'NONE',  ( 2.500000000000000000, 2.200000000000001510, -12.35485357832087772 ) ) ;
#581 = CARTESIAN_POINT ( 'NONE',  ( -2.000000000000000000, 0.4000000000000015210, -18.03399999999999892 ) ) ;
#582 = LINE ( 'NONE', #1696, #1421 ) ;
#583 = FACE_OUTER_BOUND ( 'NONE', #2922, .T. ) ;
#584 = EDGE_CURVE ( 'NONE', #3212, #2561, #2996, .T. ) ;
#585 = PLANE ( 'NONE',  #2715 ) ;
#586 = PLANE ( 'NONE',  #83 ) ;
#587 = EDGE_CURVE ( 'NONE', #788, #2875, #916, .T. ) ;
#588 = CARTESIAN_POINT ( 'NONE',  ( -3.500000000000000000, 2.200000000000001510, -16.67914642167911765 ) ) ;
#589 = ORIENTED_EDGE ( 'NONE', *, *, #2393, .T. ) ;
#590 = VERTEX_POINT ( 'NONE', #3289 ) ;
#591 = DIRECTION ( 'NONE',  ( 0.000000000000000000, -1.000000000000000000, -1.214306433183764966E-16 ) ) ;
#592 = EDGE_CURVE ( 'NONE', #2951, #1514, #3020, .T. ) ;
#593 = DIRECTION ( 'NONE',  ( 0.000000000000000000, 0.9396926207859156444, 0.3420201433256487844 ) ) ;
#594 = CARTESIAN_POINT ( 'NONE',  ( -2.000000000000000000, 0.4000000000000015210, -62.00000000000000000 ) ) ;
#595 = DIRECTION ( 'NONE',  ( 0.000000000000000000, 1.000000000000000000, 0.000000000000000000 ) ) ;
#596 = ORIENTED_EDGE ( 'NONE', *, *, #3372, .F. ) ;
#597 = ORIENTED_EDGE ( 'NONE', *, *, #1091, .F. ) ;
#598 = ORIENTED_EDGE ( 'NONE', *, *, #584, .T. ) ;
#599 = CARTESIAN_POINT ( 'NONE',  ( 1.348528137423874451, 0.000000000000000000, -0.8485281374238559104 ) ) ;
#600 = FILL_AREA_STYLE ('',( #3057 ) ) ;
#601 = CARTESIAN_POINT ( 'NONE',  ( -2.500000000000000000, 2.200000000000001510, -56.87114642167912137 ) ) ;
#602 = AXIS2_PLACEMENT_3D ( 'NONE', #2667, #157, #1269 ) ;
#603 = CARTESIAN_POINT ( 'NONE',  ( 1.348528137423874451, 7.000000000000000000, -0.8485281374238559104 ) ) ;
#604 = VECTOR ( 'NONE', #964, 1000.000000000000114 ) ;
#605 = LINE ( 'NONE', #1689, #1356 ) ;
#606 = ORIENTED_EDGE ( 'NONE', *, *, #100, .F. ) ;
#607 = VERTEX_POINT ( 'NONE', #2165 ) ;
#608 = VECTOR ( 'NONE', #2584, 1000.000000000000000 ) ;
#609 = ADVANCED_FACE ( 'NONE', ( #1886 ), #1922, .F. ) ;
#610 = CARTESIAN_POINT ( 'NONE',  ( 2.500000000000000000, 2.200000000000001510, -50.03485357832087743 ) ) ;
#611 = CARTESIAN_POINT ( 'NONE',  ( -2.000000000000000000, 0.4000000000000015210, -62.00000000000000000 ) ) ;
#612 = AXIS2_PLACEMENT_3D ( 'NONE', #2001, #1465, #27 ) ;
#613 = ORIENTED_EDGE ( 'NONE', *, *, #2765, .F. ) ;
#614 = EDGE_CURVE ( 'NONE', #3281, #2947, #1854, .T. ) ;
#615 = DIRECTION ( 'NONE',  ( 0.000000000000000000, 0.000000000000000000, -1.000000000000000000 ) ) ;
#616 = CARTESIAN_POINT ( 'NONE',  ( -2.000000000000000000, 2.200000000000001510, -24.91485357832087644 ) ) ;
#617 = ORIENTED_EDGE ( 'NONE', *, *, #986, .F. ) ;
#618 = ORIENTED_EDGE ( 'NONE', *, *, #2997, .T. ) ;
#619 = EDGE_LOOP ( 'NONE', ( #2270, #3296, #2618, #1997 ) ) ;
#620 = CARTESIAN_POINT ( 'NONE',  ( 2.500000000000000000, 2.200000000000001510, -24.21514642167911902 ) ) ;
#621 = CARTESIAN_POINT ( 'NONE',  ( -2.000000000000000000, 2.200000000000001510, -24.21514642167911902 ) ) ;
#622 = DIRECTION ( 'NONE',  ( -1.000000000000000000, 0.000000000000000000, 0.000000000000000000 ) ) ;
#623 = VECTOR ( 'NONE', #1719, 999.9999999999998863 ) ;
#624 = PLANE ( 'NONE',  #665 ) ;
#625 = ORIENTED_EDGE ( 'NONE', *, *, #3308, .F. ) ;
#626 = DIRECTION ( 'NONE',  ( 1.000000000000000000, 0.000000000000000000, 0.000000000000000000 ) ) ;
#627 = ORIENTED_EDGE ( 'NONE', *, *, #1297, .T. ) ;
#628 = ORIENTED_EDGE ( 'NONE', *, *, #3216, .F. ) ;
#629 = VECTOR ( 'NONE', #3548, 1000.000000000000114 ) ;
#630 = LINE ( 'NONE', #129, #1501 ) ;
#631 = DIRECTION ( 'NONE',  ( -0.000000000000000000, -0.000000000000000000, -1.000000000000000000 ) ) ;
#632 = DIRECTION ( 'NONE',  ( -0.000000000000000000, -0.000000000000000000, 1.000000000000000000 ) ) ;
#633 = ORIENTED_EDGE ( 'NONE', *, *, #3270, .F. ) ;
#634 = ORIENTED_EDGE ( 'NONE', *, *, #3315, .T. ) ;
#635 = ADVANCED_FACE ( 'NONE', ( #789 ), #515, .F. ) ;
#636 = VERTEX_POINT ( 'NONE', #2707 ) ;
#637 = CARTESIAN_POINT ( 'NONE',  ( -2.000000000000000000, 5.000000000000000000, -60.00000000000000000 ) ) ;
#638 = CARTESIAN_POINT ( 'NONE',  ( 2.500000000000000000, 0.4000000000000015210, -45.66599999999998971 ) ) ;
#639 = PLANE ( 'NONE',  #1093 ) ;
#640 = EDGE_CURVE ( 'NONE', #3580, #2994, #178, .T. ) ;
#641 = CARTESIAN_POINT ( 'NONE',  ( 2.500000000000000000, 2.200000000000001510, -21.70314642167911856 ) ) ;
#642 = LINE ( 'NONE', #675, #1233 ) ;
#643 = VERTEX_POINT ( 'NONE', #2424 ) ;
#644 = LINE ( 'NONE', #2315, #3367 ) ;
#645 = DIRECTION ( 'NONE',  ( 0.000000000000000000, -0.9396926207859156444, -0.3420201433256487844 ) ) ;
#646 = EDGE_CURVE ( 'NONE', #590, #3399, #2188, .T. ) ;
#647 = DIRECTION ( 'NONE',  ( 0.000000000000000000, -1.000000000000000000, -2.065146995210484695E-16 ) ) ;
#648 = FACE_OUTER_BOUND ( 'NONE', #156, .T. ) ;
#649 = VERTEX_POINT ( 'NONE', #1005 ) ;
#650 = VERTEX_POINT ( 'NONE', #3269 ) ;
#651 = DIRECTION ( 'NONE',  ( 1.000000000000000000, 0.000000000000000000, 0.000000000000000000 ) ) ;
#652 = LINE ( 'NONE', #1495, #1555 ) ;
#653 = CARTESIAN_POINT ( 'NONE',  ( -2.500000000000000000, 2.200000000000001510, -45.01085357832087652 ) ) ;
#654 = EDGE_CURVE ( 'NONE', #3379, #2684, #163, .T. ) ;
#655 = DIRECTION ( 'NONE',  ( 1.000000000000000000, 0.000000000000000000, 0.000000000000000000 ) ) ;
#656 = ORIENTED_EDGE ( 'NONE', *, *, #3616, .T. ) ;
#657 = VECTOR ( 'NONE', #2274, 1000.000000000000000 ) ;
#658 = LINE ( 'NONE', #2095, #1126 ) ;
#659 = VERTEX_POINT ( 'NONE', #3589 ) ;
#660 = VECTOR ( 'NONE', #1022, 1000.000000000000000 ) ;
#661 = LINE ( 'NONE', #1241, #1147 ) ;
#662 = CARTESIAN_POINT ( 'NONE',  ( -2.500000000000000000, 0.4000000000000013545, -46.16799999999999926 ) ) ;
#663 = VECTOR ( 'NONE', #786, 1000.000000000000000 ) ;
#664 = CARTESIAN_POINT ( 'NONE',  ( -2.000000000000000000, 2.200000000000001510, -55.05885357832087834 ) ) ;
#665 = AXIS2_PLACEMENT_3D ( 'NONE', #2012, #3376, #880 ) ;
#666 = FACE_OUTER_BOUND ( 'NONE', #2928, .T. ) ;
#667 = ORIENTED_EDGE ( 'NONE', *, *, #501, .T. ) ;
#668 = FACE_OUTER_BOUND ( 'NONE', #1814, .T. ) ;
#669 = VECTOR ( 'NONE', #1912, 1000.000000000000000 ) ;
#670 = PLANE ( 'NONE',  #150 ) ;
#671 = EDGE_LOOP ( 'NONE', ( #3184, #3387, #1835, #1926, #3242, #1984 ) ) ;
#672 = EDGE_CURVE ( 'NONE', #1120, #43, #478, .T. ) ;
#673 = VECTOR ( 'NONE', #383, 1000.000000000000000 ) ;
#674 = DIRECTION ( 'NONE',  ( 0.000000000000000000, 0.000000000000000000, -1.000000000000000000 ) ) ;
#675 = CARTESIAN_POINT ( 'NONE',  ( 2.500000000000000000, 0.4000000000000015210, -81.27975906833177078 ) ) ;
#676 = ADVANCED_FACE ( 'NONE', ( #2724 ), #1593, .F. ) ;
#677 = VECTOR ( 'NONE', #409, 1000.000000000000000 ) ;
#678 = VERTEX_POINT ( 'NONE', #3552 ) ;
#679 = CARTESIAN_POINT ( 'NONE',  ( 2.500000000000000000, 2.200000000000001510, -51.84714642167912046 ) ) ;
#680 = LINE ( 'NONE', #2891, #2661 ) ;
#681 = ADVANCED_FACE ( 'NONE', ( #2690 ), #767, .F. ) ;
#682 = VERTEX_POINT ( 'NONE', #1349 ) ;
#683 = VERTEX_POINT ( 'NONE', #497 ) ;
#684 = VECTOR ( 'NONE', #2159, 1000.000000000000000 ) ;
#685 = DIRECTION ( 'NONE',  ( 0.000000000000000000, -0.3746065934159094613, 0.9271838545667883125 ) ) ;
#686 = DIRECTION ( 'NONE',  ( -0.000000000000000000, 0.3420201433256487844, -0.9396926207859156444 ) ) ;
#687 = DIRECTION ( 'NONE',  ( -0.000000000000000000, 1.000000000000000000, -0.000000000000000000 ) ) ;
#688 = VECTOR ( 'NONE', #2385, 1000.000000000000000 ) ;
#689 = ORIENTED_EDGE ( 'NONE', *, *, #712, .F. ) ;
#690 = LINE ( 'NONE', #2290, #2819 ) ;
#691 = LINE ( 'NONE', #3211, #3487 ) ;
#692 = ORIENTED_EDGE ( 'NONE', *, *, #693, .T. ) ;
#693 = EDGE_CURVE ( 'NONE', #2453, #2398, #2462, .T. ) ;
#694 = ORIENTED_EDGE ( 'NONE', *, *, #1845, .T. ) ;
#695 = LINE ( 'NONE', #2595, #1181 ) ;
#696 = VERTEX_POINT ( 'NONE', #3506 ) ;
#697 = ADVANCED_FACE ( 'NONE', ( #2110 ), #3232, .F. ) ;
#698 = PLANE ( 'NONE',  #2490 ) ;
#699 = CARTESIAN_POINT ( 'NONE',  ( -0.7999999999999999334, 6.233896267925303825, -62.00000000000000000 ) ) ;
#700 = VERTEX_POINT ( 'NONE', #1576 ) ;
#701 = ORIENTED_EDGE ( 'NONE', *, *, #370, .F. ) ;
#702 = EDGE_CURVE ( 'NONE', #3319, #1034, #1293, .T. ) ;
#703 = CARTESIAN_POINT ( 'NONE',  ( -3.500000000000000000, 0.4000000000000015210, -18.03399999999999892 ) ) ;
#704 = DIRECTION ( 'NONE',  ( -0.000000000000000000, -0.000000000000000000, 1.000000000000000000 ) ) ;
#705 = VERTEX_POINT ( 'NONE', #1685 ) ;
#706 = LINE ( 'NONE', #1044, #3312 ) ;
#707 = ORIENTED_EDGE ( 'NONE', *, *, #1395, .F. ) ;
#708 = ORIENTED_EDGE ( 'NONE', *, *, #2055, .F. ) ;
#709 = LINE ( 'NONE', #1813, #3584 ) ;
#710 = AXIS2_PLACEMENT_3D ( 'NONE', #1209, #3198, #3145 ) ;
#711 = VERTEX_POINT ( 'NONE', #3610 ) ;
#712 = EDGE_CURVE ( 'NONE', #2379, #3399, #2808, .T. ) ;
#713 = LINE ( 'NONE', #181, #688 ) ;
#714 = AXIS2_PLACEMENT_3D ( 'NONE', #88, #3428, #106 ) ;
#715 = LINE ( 'NONE', #2949, #92 ) ;
#716 = CARTESIAN_POINT ( 'NONE',  ( 2.500000000000000000, 0.4000000000000015210, -81.27975906833177078 ) ) ;
#717 = EDGE_LOOP ( 'NONE', ( #59, #2876, #1488, #730 ) ) ;
#718 = ORIENTED_EDGE ( 'NONE', *, *, #207, .T. ) ;
#719 = EDGE_CURVE ( 'NONE', #2025, #1468, #3371, .T. ) ;
#720 = VECTOR ( 'NONE', #326, 1000.000000000000114 ) ;
#721 = PLANE ( 'NONE',  #3081 ) ;
#722 = AXIS2_PLACEMENT_3D ( 'NONE', #3257, #2194, #1876 ) ;
#723 = CARTESIAN_POINT ( 'NONE',  ( -2.000000000000000000, 0.4000000000000015210, -53.20199999999999818 ) ) ;
#724 = VERTEX_POINT ( 'NONE', #1698 ) ;
#725 = ADVANCED_FACE ( 'NONE', ( #274 ), #3086, .T. ) ;
#726 = CARTESIAN_POINT ( 'NONE',  ( -3.500000000000000000, 0.4000000000000013545, -21.04799999999999827 ) ) ;
#727 = VECTOR ( 'NONE', #1152, 1000.000000000000000 ) ;
#728 =( LENGTH_UNIT ( ) NAMED_UNIT ( * ) SI_UNIT ( .MILLI., .METRE. ) );
#729 = LINE ( 'NONE', #2960, #979 ) ;
#730 = ORIENTED_EDGE ( 'NONE', *, *, #133, .T. ) ;
#731 = EDGE_LOOP ( 'NONE', ( #448, #1106, #358, #523 ) ) ;
#732 = EDGE_CURVE ( 'NONE', #2092, #2951, #3625, .T. ) ;
#733 = CARTESIAN_POINT ( 'NONE',  ( -3.500000000000000000, 0.4000000000000013545, -16.02400000000000091 ) ) ;
#734 = VECTOR ( 'NONE', #2926, 1000.000000000000000 ) ;
#735 = CARTESIAN_POINT ( 'NONE',  ( -2.500000000000000000, 2.200000000000001510, -44.31114642167911910 ) ) ;
#736 = DIRECTION ( 'NONE',  ( 0.000000000000000000, -0.000000000000000000, 1.000000000000000000 ) ) ;
#737 = DIRECTION ( 'NONE',  ( 1.000000000000000000, 0.000000000000000000, 0.000000000000000000 ) ) ;
#738 = CARTESIAN_POINT ( 'NONE',  ( -2.000000000000000000, 0.3999999999999997446, -5.449999999999999289 ) ) ;
#739 = CARTESIAN_POINT ( 'NONE',  ( -2.000000000000000000, 0.4000000000000015210, -62.00000000000000000 ) ) ;
#740 = VERTEX_POINT ( 'NONE', #2794 ) ;
#741 = ADVANCED_BREP_SHAPE_REPRESENTATION ( 'RB9.01.062.030 Gear rack', ( #3620, #2543 ), #1915 ) ;
#742 = LINE ( 'NONE', #209, #2730 ) ;
#743 = ADVANCED_FACE ( 'NONE', ( #583 ), #2221, .F. ) ;
#744 = DIRECTION ( 'NONE',  ( 0.000000000000000000, -1.000000000000000000, -2.065146995210484695E-16 ) ) ;
#745 = CARTESIAN_POINT ( 'NONE',  ( -2.000000000000000000, 0.4000000000000013545, -36.11999999999999744 ) ) ;
#746 = AXIS2_PLACEMENT_3D ( 'NONE', #419, #3192, #748 ) ;
#747 = EDGE_CURVE ( 'NONE', #2068, #1979, #3389, .T. ) ;
#748 = DIRECTION ( 'NONE',  ( 0.000000000000000000, 0.000000000000000000, 1.000000000000000000 ) ) ;
#749 = ORIENTED_EDGE ( 'NONE', *, *, #37, .F. ) ;
#750 = ORIENTED_EDGE ( 'NONE', *, *, #1373, .F. ) ;
#751 = DIRECTION ( 'NONE',  ( -0.000000000000000000, 1.000000000000000000, 0.000000000000000000 ) ) ;
#752 = DIRECTION ( 'NONE',  ( 0.000000000000000000, -0.9271838545667885345, -0.3746065934159095168 ) ) ;
#753 = EDGE_CURVE ( 'NONE', #2053, #191, #1401, .T. ) ;
#754 = FACE_OUTER_BOUND ( 'NONE', #2585, .T. ) ;
#755 = CARTESIAN_POINT ( 'NONE',  ( -2.500000000000000000, 0.4000000000000013545, -26.07199999999999918 ) ) ;
#756 = LINE ( 'NONE', #3558, #2019 ) ;
#757 = CARTESIAN_POINT ( 'NONE',  ( -2.000000000000000000, 0.4000000000000013545, -43.65599999999999881 ) ) ;
#758 = VERTEX_POINT ( 'NONE', #553 ) ;
#759 = ORIENTED_EDGE ( 'NONE', *, *, #3518, .F. ) ;
#760 = FACE_OUTER_BOUND ( 'NONE', #1564, .T. ) ;
#761 = VERTEX_POINT ( 'NONE', #2514 ) ;
#762 = DIRECTION ( 'NONE',  ( -0.000000000000000000, -0.000000000000000000, 1.000000000000000000 ) ) ;
#763 = ORIENTED_EDGE ( 'NONE', *, *, #11, .F. ) ;
#764 = DIRECTION ( 'NONE',  ( 0.000000000000000000, 0.000000000000000000, 1.000000000000000000 ) ) ;
#765 = ORIENTED_EDGE ( 'NONE', *, *, #2936, .F. ) ;
#766 = ORIENTED_EDGE ( 'NONE', *, *, #3590, .T. ) ;
#767 = PLANE ( 'NONE',  #3290 ) ;
#768 = ADVANCED_FACE ( 'NONE', ( #864, #1371 ), #15, .T. ) ;
#769 = VERTEX_POINT ( 'NONE', #2825 ) ;
#770 = DIRECTION ( 'NONE',  ( 0.000000000000000000, 0.9396926207859156444, 0.3420201433256487844 ) ) ;
#771 = EDGE_CURVE ( 'NONE', #2910, #1080, #2483, .T. ) ;
#772 = CARTESIAN_POINT ( 'NONE',  ( 2.500000000000000000, 2.200000000000001510, -26.72714642167911592 ) ) ;
#773 = LINE ( 'NONE', #1891, #2245 ) ;
#774 = CARTESIAN_POINT ( 'NONE',  ( 1.650000000000001688, 7.349999999999999645, -62.00000000000000000 ) ) ;
#775 = EDGE_LOOP ( 'NONE', ( #443, #930, #1157, #3484 ) ) ;
#776 = ORIENTED_EDGE ( 'NONE', *, *, #859, .F. ) ;
#777 = ORIENTED_EDGE ( 'NONE', *, *, #370, .T. ) ;
#778 = VECTOR ( 'NONE', #1238, 1000.000000000000000 ) ;
#779 = CARTESIAN_POINT ( 'NONE',  ( 2.500000000000000000, 0.4000000000000015210, -81.27975906833177078 ) ) ;
#780 = CARTESIAN_POINT ( 'NONE',  ( -2.000000000000000000, 2.200000000000001510, -27.42685357832087689 ) ) ;
#781 = VECTOR ( 'NONE', #2086, 999.9999999999998863 ) ;
#782 = EDGE_LOOP ( 'NONE', ( #1557, #1323, #3490, #125 ) ) ;
#783 = DIRECTION ( 'NONE',  ( -0.000000000000000000, 0.3420201433256487844, -0.9396926207859156444 ) ) ;
#784 = DIRECTION ( 'NONE',  ( -0.7071067811865426878, -0.7071067811865524577, 0.000000000000000000 ) ) ;
#785 = VECTOR ( 'NONE', #417, 1000.000000000000000 ) ;
#786 = DIRECTION ( 'NONE',  ( 1.000000000000000000, -0.000000000000000000, -0.000000000000000000 ) ) ;
#787 = ORIENTED_EDGE ( 'NONE', *, *, #3023, .T. ) ;
#788 = VERTEX_POINT ( 'NONE', #1969 ) ;
#789 = FACE_OUTER_BOUND ( 'NONE', #1540, .T. ) ;
#790 = VECTOR ( 'NONE', #189, 1000.000000000000000 ) ;
#791 = VECTOR ( 'NONE', #687, 1000.000000000000000 ) ;
#792 = EDGE_CURVE ( 'NONE', #2994, #3170, #1417, .T. ) ;
#793 = LINE ( 'NONE', #1007, #2401 ) ;
#794 = DIRECTION ( 'NONE',  ( -0.000000000000000000, 0.9396926207859156444, 0.3420201433256488399 ) ) ;
#795 = LINE ( 'NONE', #520, #1434 ) ;
#796 = DIRECTION ( 'NONE',  ( 0.000000000000000000, -0.000000000000000000, 1.000000000000000000 ) ) ;
#797 = EDGE_CURVE ( 'NONE', #3399, #1303, #1101, .T. ) ;
#798 = VECTOR ( 'NONE', #266, 1000.000000000000114 ) ;
#799 = ORIENTED_EDGE ( 'NONE', *, *, #3073, .F. ) ;
#800 = VERTEX_POINT ( 'NONE', #1149 ) ;
#801 = DIRECTION ( 'NONE',  ( -0.000000000000000000, -0.000000000000000000, 1.000000000000000000 ) ) ;
#802 = VERTEX_POINT ( 'NONE', #2259 ) ;
#803 = DIRECTION ( 'NONE',  ( 0.7071067811865479058, 0.7071067811865472397, -8.363418636454764552E-17 ) ) ;
#804 = EDGE_CURVE ( 'NONE', #1454, #900, #533, .T. ) ;
#805 = PLANE ( 'NONE',  #1363 ) ;
#806 = VECTOR ( 'NONE', #3147, 1000.000000000000227 ) ;
#807 = CARTESIAN_POINT ( 'NONE',  ( -2.500000000000000000, 2.200000000000001510, -29.93885357832087735 ) ) ;
#808 = ORIENTED_EDGE ( 'NONE', *, *, #1894, .T. ) ;
#809 = ORIENTED_EDGE ( 'NONE', *, *, #2420, .T. ) ;
#810 = ORIENTED_EDGE ( 'NONE', *, *, #2097, .F. ) ;
#811 = DIRECTION ( 'NONE',  ( 0.000000000000000000, 0.000000000000000000, 1.000000000000000000 ) ) ;
#812 = VECTOR ( 'NONE', #1084, 1000.000000000000000 ) ;
#813 = LINE ( 'NONE', #1673, #2365 ) ;
#814 = DIRECTION ( 'NONE',  ( 0.000000000000000000, 0.000000000000000000, 1.000000000000000000 ) ) ;
#815 = ADVANCED_FACE ( 'NONE', ( #252 ), #2206, .F. ) ;
#816 = LINE ( 'NONE', #3040, #199 ) ;
#817 = CARTESIAN_POINT ( 'NONE',  ( -3.500000000000000000, 0.4000000000000015210, -13.00999999999999979 ) ) ;
#818 = PLANE ( 'NONE',  #2665 ) ;
#819 = ORIENTED_EDGE ( 'NONE', *, *, #2279, .T. ) ;
#820 = ORIENTED_EDGE ( 'NONE', *, *, #2121, .T. ) ;
#821 = VERTEX_POINT ( 'NONE', #3122 ) ;
#822 = EDGE_CURVE ( 'NONE', #3268, #2219, #932, .T. ) ;
#823 = CARTESIAN_POINT ( 'NONE',  ( 2.500000000000000000, 2.200000000000001510, -42.49885357832087607 ) ) ;
#824 = CARTESIAN_POINT ( 'NONE',  ( 2.500000000000000000, 0.4000000000000015210, -81.27975906833177078 ) ) ;
#825 = DIRECTION ( 'NONE',  ( -0.000000000000000000, -0.9396926207859158664, 0.3420201433256479517 ) ) ;
#826 = EDGE_CURVE ( 'NONE', #2993, #2684, #2072, .T. ) ;
#827 = CARTESIAN_POINT ( 'NONE',  ( 2.500000000000000000, 0.4000000000000013545, -18.53599999999999781 ) ) ;
#828 = CARTESIAN_POINT ( 'NONE',  ( -2.500000000000000000, 2.200000000000001510, -26.72714642167911592 ) ) ;
#829 = ORIENTED_EDGE ( 'NONE', *, *, #3004, .T. ) ;
#830 = VERTEX_POINT ( 'NONE', #1755 ) ;
#831 = ORIENTED_EDGE ( 'NONE', *, *, #948, .F. ) ;
#832 = CARTESIAN_POINT ( 'NONE',  ( 2.500000000000000000, 2.200000000000001510, -41.79914642167911865 ) ) ;
#833 = DIRECTION ( 'NONE',  ( 0.000000000000000000, 0.000000000000000000, 1.000000000000000000 ) ) ;
#834 = AXIS2_PLACEMENT_3D ( 'NONE', #2119, #3240, #2409 ) ;
#835 = CARTESIAN_POINT ( 'NONE',  ( -2.000000000000000000, 0.4000000000000013545, -43.65599999999999881 ) ) ;
#836 = FACE_OUTER_BOUND ( 'NONE', #1644, .T. ) ;
#837 = ORIENTED_EDGE ( 'NONE', *, *, #2121, .F. ) ;
#838 = DIRECTION ( 'NONE',  ( 0.000000000000000000, -1.000000000000000000, -2.065146995210484695E-16 ) ) ;
#839 = PLANE ( 'NONE',  #2065 ) ;
#840 = ORIENTED_EDGE ( 'NONE', *, *, #931, .T. ) ;
#841 = CARTESIAN_POINT ( 'NONE',  ( -2.000000000000000000, 0.4000000000000013545, -28.58399999999999963 ) ) ;
#842 = VECTOR ( 'NONE', #626, 1000.000000000000000 ) ;
#843 = VECTOR ( 'NONE', #2240, 1000.000000000000000 ) ;
#844 = DIRECTION ( 'NONE',  ( 1.000000000000000000, 0.000000000000000000, -0.000000000000000000 ) ) ;
#845 = ORIENTED_EDGE ( 'NONE', *, *, #3590, .F. ) ;
#846 = EDGE_CURVE ( 'NONE', #1156, #3230, #1770, .T. ) ;
#847 = ORIENTED_EDGE ( 'NONE', *, *, #2672, .T. ) ;
#848 = VECTOR ( 'NONE', #1142, 1000.000000000000000 ) ;
#849 = EDGE_CURVE ( 'NONE', #1156, #3212, #2606, .T. ) ;
#850 = VECTOR ( 'NONE', #204, 1000.000000000000000 ) ;
#851 = CARTESIAN_POINT ( 'NONE',  ( 2.500000000000000000, 0.4000000000000015210, -36.11999999999999744 ) ) ;
#852 = VECTOR ( 'NONE', #519, 1000.000000000000000 ) ;
#853 = CARTESIAN_POINT ( 'NONE',  ( -2.500000000000000000, 0.4000000000000015210, -35.61799999999999500 ) ) ;
#854 = ORIENTED_EDGE ( 'NONE', *, *, #1275, .T. ) ;
#855 = VECTOR ( 'NONE', #2455, 1000.000000000000000 ) ;
#856 = ORIENTED_EDGE ( 'NONE', *, *, #1522, .T. ) ;
#857 = VECTOR ( 'NONE', #1394, 1000.000000000000114 ) ;
#858 = CARTESIAN_POINT ( 'NONE',  ( 2.500000000000000000, 2.200000000000001510, -31.75114642167911683 ) ) ;
#859 = EDGE_CURVE ( 'NONE', #900, #1954, #690, .T. ) ;
#860 = CARTESIAN_POINT ( 'NONE',  ( 2.500000000000000000, 2.200000000000001510, -47.52285357832087698 ) ) ;
#861 = ORIENTED_EDGE ( 'NONE', *, *, #3136, .T. ) ;
#862 = STYLED_ITEM ( 'NONE', ( #2624 ), #741 ) ;
#863 = ORIENTED_EDGE ( 'NONE', *, *, #2279, .F. ) ;
#864 = FACE_OUTER_BOUND ( 'NONE', #1256, .T. ) ;
#865 = EDGE_CURVE ( 'NONE', #711, #643, #913, .T. ) ;
#866 = VECTOR ( 'NONE', #2128, 1000.000000000000000 ) ;
#867 = EDGE_CURVE ( 'NONE', #2951, #3370, #137, .T. ) ;
#868 = DIRECTION ( 'NONE',  ( 0.000000000000000000, 0.000000000000000000, -1.000000000000000000 ) ) ;
#869 = PLANE ( 'NONE',  #2931 ) ;
#870 = ORIENTED_EDGE ( 'NONE', *, *, #2077, .T. ) ;
#871 = EDGE_LOOP ( 'NONE', ( #3463, #3579, #1287, #2080, #1160 ) ) ;
#872 = DIRECTION ( 'NONE',  ( 0.000000000000000000, 0.000000000000000000, 1.000000000000000000 ) ) ;
#873 = VERTEX_POINT ( 'NONE', #1472 ) ;
#874 = LINE ( 'NONE', #594, #1386 ) ;
#875 = ORIENTED_EDGE ( 'NONE', *, *, #1794, .T. ) ;
#876 = EDGE_LOOP ( 'NONE', ( #3277, #2547, #1470, #1653 ) ) ;
#877 = ORIENTED_EDGE ( 'NONE', *, *, #1760, .F. ) ;
#878 = PLANE ( 'NONE',  #506 ) ;
#879 = EDGE_CURVE ( 'NONE', #1637, #2771, #1251, .T. ) ;
#880 = DIRECTION ( 'NONE',  ( 0.000000000000000000, -0.000000000000000000, 1.000000000000000000 ) ) ;
#881 = DIRECTION ( 'NONE',  ( -0.7071067811865524577, 0.7071067811865425767, -8.363418636454710318E-17 ) ) ;
#882 = LINE ( 'NONE', #1996, #2282 ) ;
#883 = EDGE_CURVE ( 'NONE', #1978, #3263, #3485, .T. ) ;
#884 = ORIENTED_EDGE ( 'NONE', *, *, #1086, .T. ) ;
#885 = ORIENTED_EDGE ( 'NONE', *, *, #970, .F. ) ;
#886 = DIRECTION ( 'NONE',  ( 0.000000000000000000, -0.000000000000000000, 1.000000000000000000 ) ) ;
#887 = PLANE ( 'NONE',  #3064 ) ;
#888 = DIRECTION ( 'NONE',  ( -0.000000000000000000, 0.3420201433256487844, -0.9396926207859156444 ) ) ;
#889 = ORIENTED_EDGE ( 'NONE', *, *, #11, .T. ) ;
#890 = ORIENTED_EDGE ( 'NONE', *, *, #883, .F. ) ;
#891 = ORIENTED_EDGE ( 'NONE', *, *, #67, .F. ) ;
#892 = CARTESIAN_POINT ( 'NONE',  ( 2.500000000000000000, 0.4000000000000013545, -41.14399999999999835 ) ) ;
#893 = AXIS2_PLACEMENT_3D ( 'NONE', #2986, #1325, #2432 ) ;
#894 = FACE_OUTER_BOUND ( 'NONE', #929, .T. ) ;
#895 = LINE ( 'NONE', #2308, #673 ) ;
#896 = AXIS2_PLACEMENT_3D ( 'NONE', #637, #2356, #3446 ) ;
#897 = CARTESIAN_POINT ( 'NONE',  ( -2.000000000000000000, 0.4000000000000015210, -48.17799999999999727 ) ) ;
#898 = EDGE_CURVE ( 'NONE', #2842, #282, #2709, .T. ) ;
#899 = VECTOR ( 'NONE', #2479, 1000.000000000000000 ) ;
#900 = VERTEX_POINT ( 'NONE', #2877 ) ;
#901 = LINE ( 'NONE', #41, #1296 ) ;
#902 = ORIENTED_EDGE ( 'NONE', *, *, #1647, .T. ) ;
#903 = ORIENTED_EDGE ( 'NONE', *, *, #1040, .F. ) ;
#904 = VECTOR ( 'NONE', #2302, 999.9999999999998863 ) ;
#905 = DIRECTION ( 'NONE',  ( 1.000000000000000000, 0.000000000000000000, 0.000000000000000000 ) ) ;
#906 = FACE_OUTER_BOUND ( 'NONE', #1015, .T. ) ;
#907 = EDGE_CURVE ( 'NONE', #250, #1893, #2041, .T. ) ;
#908 = LINE ( 'NONE', #3137, #3553 ) ;
#909 = CARTESIAN_POINT ( 'NONE',  ( 2.500000000000000000, 0.4000000000000015210, -81.27975906833177078 ) ) ;
#910 = VERTEX_POINT ( 'NONE', #3155 ) ;
#911 = VERTEX_POINT ( 'NONE', #946 ) ;
#912 = ORIENTED_EDGE ( 'NONE', *, *, #2388, .F. ) ;
#913 = LINE ( 'NONE', #361, #1604 ) ;
#914 = CARTESIAN_POINT ( 'NONE',  ( -2.000000000000000000, 0.4000000000000013545, -11.00000000000000000 ) ) ;
#915 = DIRECTION ( 'NONE',  ( 0.000000000000000000, 0.9396926207859156444, 0.3420201433256487844 ) ) ;
#916 = LINE ( 'NONE', #2309, #2111 ) ;
#917 = CARTESIAN_POINT ( 'NONE',  ( 0.9000000000000002442, 7.349999999999999645, -60.00000000000000000 ) ) ;
#918 = ORIENTED_EDGE ( 'NONE', *, *, #3440, .T. ) ;
#919 = DIRECTION ( 'NONE',  ( 0.000000000000000000, 0.9396926207859156444, 0.3420201433256487844 ) ) ;
#920 = ORIENTED_EDGE ( 'NONE', *, *, #3292, .F. ) ;
#921 = EDGE_CURVE ( 'NONE', #2092, #288, #3412, .T. ) ;
#922 = VECTOR ( 'NONE', #2378, 1000.000000000000000 ) ;
#923 = DIRECTION ( 'NONE',  ( -0.000000000000000000, 0.9396926207859156444, 0.3420201433256488399 ) ) ;
#924 = DIRECTION ( 'NONE',  ( 0.000000000000000000, -0.000000000000000000, 1.000000000000000000 ) ) ;
#925 = LINE ( 'NONE', #580, #1955 ) ;
#926 = EDGE_CURVE ( 'NONE', #3107, #2566, #983, .T. ) ;
#927 = PLANE ( 'NONE',  #516 ) ;
#928 = CARTESIAN_POINT ( 'NONE',  ( -2.000000000000000000, 2.200000000000001510, -16.67914642167911765 ) ) ;
#929 = EDGE_LOOP ( 'NONE', ( #2985, #1311, #989, #2538, #953 ) ) ;
#930 = ORIENTED_EDGE ( 'NONE', *, *, #3540, .F. ) ;
#931 = EDGE_CURVE ( 'NONE', #1227, #3379, #3171, .T. ) ;
#932 = LINE ( 'NONE', #402, #310 ) ;
#933 = APPLICATION_PROTOCOL_DEFINITION ( 'draft international standard', 'automotive_design', 1998, #1440 ) ;
#934 = FACE_OUTER_BOUND ( 'NONE', #1651, .T. ) ;
#935 = DIRECTION ( 'NONE',  ( 0.7071067811865466846, 0.000000000000000000, 0.7071067811865483499 ) ) ;
#936 = CARTESIAN_POINT ( 'NONE',  ( 2.500000000000000000, 6.500000000000013323, -1.000000000000000888 ) ) ;
#937 = CARTESIAN_POINT ( 'NONE',  ( -2.500000000000000000, 2.200000000000001510, -39.28714642167911819 ) ) ;
#938 = LINE ( 'NONE', #2155, #669 ) ;
#939 = ADVANCED_FACE ( 'NONE', ( #668 ), #2862, .F. ) ;
#940 = ORIENTED_EDGE ( 'NONE', *, *, #2498, .F. ) ;
#941 = DIRECTION ( 'NONE',  ( 1.000000000000000000, 0.000000000000000000, 0.000000000000000000 ) ) ;
#942 = CARTESIAN_POINT ( 'NONE',  ( -3.500000000000000000, 0.4000000000000013545, -13.51200000000000045 ) ) ;
#943 = EDGE_CURVE ( 'NONE', #2771, #678, #1494, .T. ) ;
#944 = LINE ( 'NONE', #2822, #1536 ) ;
#945 = ORIENTED_EDGE ( 'NONE', *, *, #584, .F. ) ;
#946 = CARTESIAN_POINT ( 'NONE',  ( 2.500000000000000444, 4.599999999999999645, -5.449999999999998401 ) ) ;
#947 = SURFACE_STYLE_FILL_AREA ( #3447 ) ;
#948 = EDGE_CURVE ( 'NONE', #3510, #2604, #2332, .T. ) ;
#949 = VERTEX_POINT ( 'NONE', #509 ) ;
#950 = CARTESIAN_POINT ( 'NONE',  ( -2.000000000000000000, 2.200000000000001510, -22.40285357832087598 ) ) ;
#951 = VECTOR ( 'NONE', #2919, 1000.000000000000000 ) ;
#952 = CARTESIAN_POINT ( 'NONE',  ( 2.500000000000000000, 2.200000000000001510, -57.57085357832087880 ) ) ;
#953 = ORIENTED_EDGE ( 'NONE', *, *, #2857, .T. ) ;
#954 = VECTOR ( 'NONE', #2781, 1000.000000000000000 ) ;
#955 = DIRECTION ( 'NONE',  ( 1.000000000000000000, -0.000000000000000000, -0.000000000000000000 ) ) ;
#956 = EDGE_LOOP ( 'NONE', ( #1643, #3286, #216, #2006 ) ) ;
#957 = VECTOR ( 'NONE', #1033, 1000.000000000000114 ) ;
#958 = LINE ( 'NONE', #3374, #2708 ) ;
#959 = VERTEX_POINT ( 'NONE', #1588 ) ;
#960 = CARTESIAN_POINT ( 'NONE',  ( 2.500000000000000000, 0.4000000000000013545, -23.55999999999999872 ) ) ;
#961 = VECTOR ( 'NONE', #365, 1000.000000000000114 ) ;
#962 = CARTESIAN_POINT ( 'NONE',  ( -3.500000000000000000, 0.4000000000000013545, -13.51200000000000045 ) ) ;
#963 = ORIENTED_EDGE ( 'NONE', *, *, #439, .T. ) ;
#964 = DIRECTION ( 'NONE',  ( -0.000000000000000000, 0.9396926207859156444, 0.3420201433256488399 ) ) ;
#965 = EDGE_CURVE ( 'NONE', #2390, #469, #1548, .T. ) ;
#966 =( NAMED_UNIT ( * ) PLANE_ANGLE_UNIT ( ) SI_UNIT ( $, .RADIAN. ) );
#967 = VECTOR ( 'NONE', #61, 1000.000000000000000 ) ;
#968 = ORIENTED_EDGE ( 'NONE', *, *, #393, .F. ) ;
#969 = ORIENTED_EDGE ( 'NONE', *, *, #501, .F. ) ;
#970 = EDGE_CURVE ( 'NONE', #1384, #1869, #435, .T. ) ;
#971 = DIRECTION ( 'NONE',  ( 0.000000000000000000, 1.000000000000000000, 0.000000000000000000 ) ) ;
#972 = VECTOR ( 'NONE', #2656, 1000.000000000000000 ) ;
#973 = ADVANCED_FACE ( 'NONE', ( #2418 ), #1881, .T. ) ;
#974 = CARTESIAN_POINT ( 'NONE',  ( -2.500000000000000000, 2.200000000000001510, -50.03485357832087743 ) ) ;
#975 = CARTESIAN_POINT ( 'NONE',  ( -2.500000000000000000, 0.4000000000000013545, -36.11999999999999744 ) ) ;
#976 = VERTEX_POINT ( 'NONE', #745 ) ;
#977 = ORIENTED_EDGE ( 'NONE', *, *, #1672, .F. ) ;
#978 = VERTEX_POINT ( 'NONE', #3547 ) ;
#979 = VECTOR ( 'NONE', #1025, 1000.000000000000000 ) ;
#980 = CARTESIAN_POINT ( 'NONE',  ( -2.000000000000000000, 0.4000000000000015210, -62.00000000000000000 ) ) ;
#981 = CARTESIAN_POINT ( 'NONE',  ( 2.500000000000000000, 2.200000000000001510, -34.26314642167911728 ) ) ;
#982 = ORIENTED_EDGE ( 'NONE', *, *, #460, .T. ) ;
#983 = LINE ( 'NONE', #620, #2112 ) ;
#984 = CARTESIAN_POINT ( 'NONE',  ( -2.000000000000000000, 2.200000000000001510, -59.38314642167912183 ) ) ;
#985 = ORIENTED_EDGE ( 'NONE', *, *, #2147, .T. ) ;
#986 = EDGE_CURVE ( 'NONE', #505, #2941, #2991, .T. ) ;
#987 = ORIENTED_EDGE ( 'NONE', *, *, #3330, .T. ) ;
#988 = ADVANCED_FACE ( 'NONE', ( #2090 ), #2161, .F. ) ;
#989 = ORIENTED_EDGE ( 'NONE', *, *, #418, .T. ) ;
#990 = DIRECTION ( 'NONE',  ( -0.000000000000000000, -0.000000000000000000, 1.000000000000000000 ) ) ;
#991 = DIRECTION ( 'NONE',  ( -0.000000000000000000, 0.3420201433256480072, 0.9396926207859159774 ) ) ;
#992 = ADVANCED_FACE ( 'NONE', ( #453 ), #473, .T. ) ;
#993 = VERTEX_POINT ( 'NONE', #2105 ) ;
#994 = ORIENTED_EDGE ( 'NONE', *, *, #1750, .T. ) ;
#995 = ORIENTED_EDGE ( 'NONE', *, *, #693, .F. ) ;
#996 = LINE ( 'NONE', #172, #1686 ) ;
#997 = CARTESIAN_POINT ( 'NONE',  ( 2.500000000000000000, -1.500000000000006883, -62.00000000000000000 ) ) ;
#998 = PLANE ( 'NONE',  #24 ) ;
#999 = ORIENTED_EDGE ( 'NONE', *, *, #1395, .T. ) ;
#1000 = CARTESIAN_POINT ( 'NONE',  ( 2.500000000000000000, 0.4000000000000013545, -11.00000000000000000 ) ) ;
#1001 = CARTESIAN_POINT ( 'NONE',  ( 0.000000000000000000, 0.000000000000000000, 0.000000000000000000 ) ) ;
#1002 = DIRECTION ( 'NONE',  ( 0.000000000000000000, 1.000000000000000000, 0.000000000000000000 ) ) ;
#1003 = ORIENTED_EDGE ( 'NONE', *, *, #1550, .F. ) ;
#1004 = ORIENTED_EDGE ( 'NONE', *, *, #527, .T. ) ;
#1005 = CARTESIAN_POINT ( 'NONE',  ( -2.000000000000000000, 0.4000000000000013545, -51.19200000000000017 ) ) ;
#1006 = ORIENTED_EDGE ( 'NONE', *, *, #179, .F. ) ;
#1007 = CARTESIAN_POINT ( 'NONE',  ( -2.000000000000000000, 0.4000000000000015210, -62.00000000000000000 ) ) ;
#1008 = EDGE_CURVE ( 'NONE', #2068, #2842, #1288, .T. ) ;
#1009 = DIRECTION ( 'NONE',  ( -0.7071067811865474617, 0.7071067811865474617, 0.000000000000000000 ) ) ;
#1010 = VECTOR ( 'NONE', #3600, 1000.000000000000000 ) ;
#1011 = CARTESIAN_POINT ( 'NONE',  ( -2.000000000000000000, 0.4000000000000015210, -62.00000000000000000 ) ) ;
#1012 = CARTESIAN_POINT ( 'NONE',  ( -2.500000000000000000, 0.4000000000000015210, -28.08199999999999719 ) ) ;
#1013 = CARTESIAN_POINT ( 'NONE',  ( -1.500000000000005995, 4.599999999999999645, -9.049999999999998934 ) ) ;
#1014 = DIRECTION ( 'NONE',  ( 0.000000000000000000, -0.9396926207859158664, 0.3420201433256479517 ) ) ;
#1015 = EDGE_LOOP ( 'NONE', ( #531, #2512, #107, #2779, #2927, #3624, #1072, #2268, #3205, #3065, #1961, #161, #2362, #3203, #115, #449, #3623, #3329, #2977, #1027, #1905, #1509, #2348, #1099, #3120, #2972, #1030, #2705, #403, #1615, #1810, #1076, #89, #3343, #718, #1744, #2306, #3131, #808, #3119, #1864, #3278, #2741, #1021, #689, #2675, #1392, #776, #2100, #831, #2160, #3496, #759, #299, #2630, #3549, #1945, #2953, #1364, #863, #633, #2287, #3314, #707, #3609, #350, #3320, #3419, #1928, #2069, #2612, #708, #1100, #2666, #3468, #861, #3489, #1036, #496, #264, #2586, #2186, #379, #1609, #2754, #2005, #2101 ) ) ;
#1016 = AXIS2_PLACEMENT_3D ( 'NONE', #2126, #192, #1312 ) ;
#1017 = EDGE_CURVE ( 'NONE', #3121, #3319, #3209, .T. ) ;
#1018 = LINE ( 'NONE', #3300, #3029 ) ;
#1019 = AXIS2_PLACEMENT_3D ( 'NONE', #3070, #302, #1903 ) ;
#1020 = CARTESIAN_POINT ( 'NONE',  ( 2.500000000000000000, 0.4000000000000015210, -81.27975906833177078 ) ) ;
#1021 = ORIENTED_EDGE ( 'NONE', *, *, #797, .F. ) ;
#1022 = DIRECTION ( 'NONE',  ( 0.000000000000000000, 0.000000000000000000, -1.000000000000000000 ) ) ;
#1023 = EDGE_CURVE ( 'NONE', #1778, #769, #2440, .T. ) ;
#1024 = VECTOR ( 'NONE', #415, 1000.000000000000000 ) ;
#1025 = DIRECTION ( 'NONE',  ( 1.000000000000000000, 0.000000000000000000, 0.000000000000000000 ) ) ;
#1026 = EDGE_LOOP ( 'NONE', ( #2504, #837, #3409, #2233, #2646, #1493, #829 ) ) ;
#1027 = ORIENTED_EDGE ( 'NONE', *, *, #1294, .F. ) ;
#1028 = DIRECTION ( 'NONE',  ( 0.000000000000000000, 0.9396926207859156444, 0.3420201433256487844 ) ) ;
#1029 = AXIS2_PLACEMENT_3D ( 'NONE', #80, #3080, #924 ) ;
#1030 = ORIENTED_EDGE ( 'NONE', *, *, #1606, .T. ) ;
#1031 = CARTESIAN_POINT ( 'NONE',  ( 2.500000000000000000, 0.4000000000000015210, -81.27975906833177078 ) ) ;
#1032 = LINE ( 'NONE', #3256, #3185 ) ;
#1033 = DIRECTION ( 'NONE',  ( 0.000000000000000000, -0.9396926207859158664, 0.3420201433256479517 ) ) ;
#1034 = VERTEX_POINT ( 'NONE', #1345 ) ;
#1035 = VECTOR ( 'NONE', #1816, 1000.000000000000000 ) ;
#1036 = ORIENTED_EDGE ( 'NONE', *, *, #34, .F. ) ;
#1037 = LINE ( 'NONE', #2142, #105 ) ;
#1038 = LINE ( 'NONE', #1981, #3179 ) ;
#1039 = CARTESIAN_POINT ( 'NONE',  ( 2.500000000000000000, 4.599999999999999645, -9.049999999999998934 ) ) ;
#1040 = EDGE_CURVE ( 'NONE', #487, #486, #1058, .T. ) ;
#1041 = VERTEX_POINT ( 'NONE', #1572 ) ;
#1042 = CARTESIAN_POINT ( 'NONE',  ( -2.500000000000000000, 0.4000000000000015210, -33.10599999999999454 ) ) ;
#1043 = CIRCLE ( 'NONE', #746, 2.349999999999997868 ) ;
#1044 = CARTESIAN_POINT ( 'NONE',  ( 2.500000000000000000, 2.200000000000001510, -50.03485357832087743 ) ) ;
#1045 = VERTEX_POINT ( 'NONE', #229 ) ;
#1046 = ADVANCED_FACE ( 'NONE', ( #2458 ), #2937, .F. ) ;
#1047 = ORIENTED_EDGE ( 'NONE', *, *, #826, .F. ) ;
#1048 = DIRECTION ( 'NONE',  ( 0.000000000000000000, 0.000000000000000000, 1.000000000000000000 ) ) ;
#1049 = LINE ( 'NONE', #2169, #1708 ) ;
#1050 = DIRECTION ( 'NONE',  ( 1.000000000000000000, 0.000000000000000000, 0.000000000000000000 ) ) ;
#1051 = DIRECTION ( 'NONE',  ( -0.000000000000000000, 0.3420201433256487844, -0.9396926207859156444 ) ) ;
#1052 = DIRECTION ( 'NONE',  ( -0.000000000000000000, -0.000000000000000000, -1.000000000000000000 ) ) ;
#1053 = VERTEX_POINT ( 'NONE', #2376 ) ;
#1054 = VERTEX_POINT ( 'NONE', #1000 ) ;
#1055 = DIRECTION ( 'NONE',  ( -0.000000000000000000, 1.000000000000000000, -0.000000000000000000 ) ) ;
#1056 = DIRECTION ( 'NONE',  ( 0.000000000000000000, 1.000000000000000000, 0.000000000000000000 ) ) ;
#1057 = ORIENTED_EDGE ( 'NONE', *, *, #1390, .F. ) ;
#1058 = LINE ( 'NONE', #3282, #371 ) ;
#1059 = EDGE_CURVE ( 'NONE', #1053, #643, #3226, .T. ) ;
#1060 = CARTESIAN_POINT ( 'NONE',  ( -2.500000000000000000, 0.3999999999999997446, -4.949999999999999289 ) ) ;
#1061 = EDGE_LOOP ( 'NONE', ( #1839, #3138, #1895, #1797 ) ) ;
#1062 = ORIENTED_EDGE ( 'NONE', *, *, #1974, .T. ) ;
#1063 = VECTOR ( 'NONE', #2503, 1000.000000000000000 ) ;
#1064 = EDGE_CURVE ( 'NONE', #3115, #421, #2685, .T. ) ;
#1065 = DIRECTION ( 'NONE',  ( 0.000000000000000000, -0.9396926207859158664, 0.3420201433256479517 ) ) ;
#1066 = CARTESIAN_POINT ( 'NONE',  ( 2.500000000000000000, 0.4000000000000015210, -58.72800000000000153 ) ) ;
#1067 = ADVANCED_FACE ( 'NONE', ( #1110 ), #2202, .F. ) ;
#1068 = LINE ( 'NONE', #1103, #1680 ) ;
#1069 = PLANE ( 'NONE',  #208 ) ;
#1070 = PLANE ( 'NONE',  #722 ) ;
#1071 = ORIENTED_EDGE ( 'NONE', *, *, #3181, .T. ) ;
#1072 = ORIENTED_EDGE ( 'NONE', *, *, #571, .T. ) ;
#1073 = FACE_OUTER_BOUND ( 'NONE', #411, .T. ) ;
#1074 = CARTESIAN_POINT ( 'NONE',  ( -2.000000000000000000, -1.500000000000020872, -62.00000000000000000 ) ) ;
#1075 = AXIS2_PLACEMENT_3D ( 'NONE', #10, #1125, #3621 ) ;
#1076 = ORIENTED_EDGE ( 'NONE', *, *, #28, .F. ) ;
#1077 = DIRECTION ( 'NONE',  ( 1.000000000000000000, 0.000000000000000000, 0.000000000000000000 ) ) ;
#1078 = VECTOR ( 'NONE', #2554, 1000.000000000000000 ) ;
#1079 = FACE_OUTER_BOUND ( 'NONE', #6, .T. ) ;
#1080 = VERTEX_POINT ( 'NONE', #1411 ) ;
#1081 = DIRECTION ( 'NONE',  ( -0.000000000000000000, 0.9396926207859156444, 0.3420201433256488399 ) ) ;
#1082 = VECTOR ( 'NONE', #2203, 1000.000000000000000 ) ;
#1083 = AXIS2_PLACEMENT_3D ( 'NONE', #381, #1511, #2358 ) ;
#1084 = DIRECTION ( 'NONE',  ( 1.000000000000000000, 0.000000000000000000, 0.000000000000000000 ) ) ;
#1085 = CARTESIAN_POINT ( 'NONE',  ( -2.000000000000000000, 2.200000000000001510, -39.28714642167911819 ) ) ;
#1086 = EDGE_CURVE ( 'NONE', #3354, #2564, #3048, .T. ) ;
#1087 = DIRECTION ( 'NONE',  ( 0.000000000000000000, -1.182766006347823109E-16, -1.000000000000000000 ) ) ;
#1088 = DIRECTION ( 'NONE',  ( -0.7071067811865475727, -0.7071067811865475727, -0.000000000000000000 ) ) ;
#1089 = CARTESIAN_POINT ( 'NONE',  ( 5.012092880962930153, 1.992782342989547262, -14.94227463748706164 ) ) ;
#1090 = DIRECTION ( 'NONE',  ( -0.000000000000000000, -0.9396926207859158664, 0.3420201433256479517 ) ) ;
#1091 = EDGE_CURVE ( 'NONE', #50, #2109, #1365, .T. ) ;
#1092 = VERTEX_POINT ( 'NONE', #581 ) ;
#1093 = AXIS2_PLACEMENT_3D ( 'NONE', #1773, #622, #122 ) ;
#1094 = CARTESIAN_POINT ( 'NONE',  ( -2.000000000000000000, 2.200000000000001510, -56.87114642167912137 ) ) ;
#1095 = ORIENTED_EDGE ( 'NONE', *, *, #1471, .T. ) ;
#1096 = VECTOR ( 'NONE', #1009, 1000.000000000000114 ) ;
#1097 = CARTESIAN_POINT ( 'NONE',  ( 2.500000000000000000, 0.4000000000000015210, -81.27975906833177078 ) ) ;
#1098 = VERTEX_POINT ( 'NONE', #1664 ) ;
#1099 = ORIENTED_EDGE ( 'NONE', *, *, #965, .F. ) ;
#1100 = ORIENTED_EDGE ( 'NONE', *, *, #3110, .F. ) ;
#1101 = LINE ( 'NONE', #892, #1718 ) ;
#1102 = VECTOR ( 'NONE', #647, 1000.000000000000000 ) ;
#1103 = CARTESIAN_POINT ( 'NONE',  ( 2.500000000000000000, 0.4000000000000013545, -31.09600000000000009 ) ) ;
#1104 = LINE ( 'NONE', #1703, #1721 ) ;
#1105 = FACE_OUTER_BOUND ( 'NONE', #2636, .T. ) ;
#1106 = ORIENTED_EDGE ( 'NONE', *, *, #1451, .T. ) ;
#1107 = EDGE_CURVE ( 'NONE', #700, #2935, #565, .T. ) ;
#1108 = CARTESIAN_POINT ( 'NONE',  ( -2.000000000000000000, 2.200000000000001510, -34.96285357832088181 ) ) ;
#1109 = ORIENTED_EDGE ( 'NONE', *, *, #3356, .T. ) ;
#1110 = FACE_OUTER_BOUND ( 'NONE', #162, .T. ) ;
#1111 = LINE ( 'NONE', #249, #198 ) ;
#1112 = ORIENTED_EDGE ( 'NONE', *, *, #2393, .F. ) ;
#1113 = ORIENTED_EDGE ( 'NONE', *, *, #672, .F. ) ;
#1114 = CARTESIAN_POINT ( 'NONE',  ( -2.500000000000000000, 0.4000000000000015210, -48.17799999999999727 ) ) ;
#1115 = DIRECTION ( 'NONE',  ( 0.000000000000000000, -0.9396926207859158664, 0.3420201433256479517 ) ) ;
#1116 = PLANE ( 'NONE',  #3166 ) ;
#1117 = DIRECTION ( 'NONE',  ( 0.000000000000000000, -0.5000000000000013323, 0.8660254037844379305 ) ) ;
#1118 = CARTESIAN_POINT ( 'NONE',  ( 5.012092880962930153, 1.589891632330215021, -13.94508513617059187 ) ) ;
#1119 = LINE ( 'NONE', #2853, #2866 ) ;
#1120 = VERTEX_POINT ( 'NONE', #2230 ) ;
#1121 = EDGE_LOOP ( 'NONE', ( #1180, #1754, #2642, #2497 ) ) ;
#1122 = EDGE_CURVE ( 'NONE', #1407, #191, #2777, .T. ) ;
#1123 = LINE ( 'NONE', #2283, #3014 ) ;
#1124 = EDGE_CURVE ( 'NONE', #395, #711, #2791, .T. ) ;
#1125 = DIRECTION ( 'NONE',  ( -0.000000000000000000, 0.3420201433256480072, 0.9396926207859159774 ) ) ;
#1126 = VECTOR ( 'NONE', #1461, 1000.000000000000000 ) ;
#1127 = FACE_OUTER_BOUND ( 'NONE', #2178, .T. ) ;
#1128 = ORIENTED_EDGE ( 'NONE', *, *, #1297, .F. ) ;
#1129 = EDGE_CURVE ( 'NONE', #272, #487, #1695, .T. ) ;
#1130 = DIRECTION ( 'NONE',  ( -1.000000000000000000, 0.000000000000000000, 0.000000000000000000 ) ) ;
#1131 = VECTOR ( 'NONE', #1163, 1000.000000000000000 ) ;
#1132 = VECTOR ( 'NONE', #2895, 1000.000000000000000 ) ;
#1133 = LINE ( 'NONE', #2207, #334 ) ;
#1134 = VECTOR ( 'NONE', #3416, 1000.000000000000114 ) ;
#1135 = CARTESIAN_POINT ( 'NONE',  ( -2.000000000000000000, -0.09999999999998768208, -9.049999999999998934 ) ) ;
#1136 = DIRECTION ( 'NONE',  ( 0.000000000000000000, -0.9396926207859158664, 0.3420201433256479517 ) ) ;
#1137 = EDGE_LOOP ( 'NONE', ( #625, #750, #2518, #2381 ) ) ;
#1138 = EDGE_LOOP ( 'NONE', ( #3470, #2024, #2433, #1057 ) ) ;
#1139 = LINE ( 'NONE', #3382, #2241 ) ;
#1140 = LINE ( 'NONE', #62, #1484 ) ;
#1141 = VERTEX_POINT ( 'NONE', #2804 ) ;
#1142 = DIRECTION ( 'NONE',  ( 1.000000000000000000, 0.000000000000000000, 0.000000000000000000 ) ) ;
#1143 = DIRECTION ( 'NONE',  ( 0.000000000000000000, 0.9396926207859156444, 0.3420201433256487844 ) ) ;
#1144 = EDGE_CURVE ( 'NONE', #3526, #3452, #2495, .T. ) ;
#1145 = LINE ( 'NONE', #2256, #1952 ) ;
#1146 = EDGE_LOOP ( 'NONE', ( #3417, #2399, #3561, #2529 ) ) ;
#1147 = VECTOR ( 'NONE', #1782, 1000.000000000000114 ) ;
#1148 = ORIENTED_EDGE ( 'NONE', *, *, #1190, .T. ) ;
#1149 = CARTESIAN_POINT ( 'NONE',  ( 2.500000000000000000, 0.4000000000000015210, -43.15399999999998926 ) ) ;
#1150 = ADVANCED_FACE ( 'NONE', ( #2509 ), #3301, .F. ) ;
#1151 = FACE_OUTER_BOUND ( 'NONE', #619, .T. ) ;
#1152 = DIRECTION ( 'NONE',  ( 0.000000000000000000, 0.000000000000000000, -1.000000000000000000 ) ) ;
#1153 = LINE ( 'NONE', #574, #498 ) ;
#1154 = VECTOR ( 'NONE', #2848, 1000.000000000000114 ) ;
#1155 = PLANE ( 'NONE',  #3392 ) ;
#1156 = VERTEX_POINT ( 'NONE', #30 ) ;
#1157 = ORIENTED_EDGE ( 'NONE', *, *, #2756, .T. ) ;
#1158 = CARTESIAN_POINT ( 'NONE',  ( -2.000000000000000000, 6.500000000000006217, -10.79999999999997407 ) ) ;
#1159 = PLANE ( 'NONE',  #2341 ) ;
#1160 = ORIENTED_EDGE ( 'NONE', *, *, #3260, .F. ) ;
#1161 = ORIENTED_EDGE ( 'NONE', *, *, #3459, .F. ) ;
#1162 = ORIENTED_EDGE ( 'NONE', *, *, #1665, .F. ) ;
#1163 = DIRECTION ( 'NONE',  ( -0.000000000000000000, -0.000000000000000000, 1.000000000000000000 ) ) ;
#1164 = EDGE_CURVE ( 'NONE', #2014, #145, #1965, .T. ) ;
#1165 = CARTESIAN_POINT ( 'NONE',  ( -2.500000000000000000, 2.200000000000001510, -54.35914642167912092 ) ) ;
#1166 = DIRECTION ( 'NONE',  ( 0.000000000000000000, 0.9396926207859159774, -0.3420201433256480628 ) ) ;
#1167 = EDGE_CURVE ( 'NONE', #1590, #2648, #528, .T. ) ;
#1168 = LINE ( 'NONE', #1422, #1781 ) ;
#1169 = DIRECTION ( 'NONE',  ( 1.000000000000000000, 0.000000000000000000, 0.000000000000000000 ) ) ;
#1170 = CARTESIAN_POINT ( 'NONE',  ( -2.500000000000000000, 2.200000000000001510, -60.08285357832087925 ) ) ;
#1171 = EDGE_LOOP ( 'NONE', ( #2974, #58, #1456, #1636 ) ) ;
#1172 = ORIENTED_EDGE ( 'NONE', *, *, #1707, .T. ) ;
#1173 = EDGE_CURVE ( 'NONE', #1433, #1954, #2525, .T. ) ;
#1174 = FACE_OUTER_BOUND ( 'NONE', #2679, .T. ) ;
#1175 = CARTESIAN_POINT ( 'NONE',  ( -2.000000000000000000, 2.200000000000001510, -62.00000000000000000 ) ) ;
#1176 = CARTESIAN_POINT ( 'NONE',  ( 2.500000000000000000, 2.200000000000001510, -29.23914642167911637 ) ) ;
#1177 = CARTESIAN_POINT ( 'NONE',  ( 2.500000000000000000, 2.200000000000001510, -24.91485357832087644 ) ) ;
#1178 = LINE ( 'NONE', #909, #1836 ) ;
#1179 = ORIENTED_EDGE ( 'NONE', *, *, #1794, .F. ) ;
#1180 = ORIENTED_EDGE ( 'NONE', *, *, #1545, .F. ) ;
#1181 = VECTOR ( 'NONE', #1834, 1000.000000000000114 ) ;
#1182 = ORIENTED_EDGE ( 'NONE', *, *, #2484, .F. ) ;
#1183 = CARTESIAN_POINT ( 'NONE',  ( 0.9000000000000000222, 5.349999999999991651, -13.65000000000001634 ) ) ;
#1184 = DIRECTION ( 'NONE',  ( -0.5773502691896256200, 0.5773502691896261751, -0.5773502691896253980 ) ) ;
#1185 = ADVANCED_FACE ( 'NONE', ( #2183 ), #805, .F. ) ;
#1186 = AXIS2_PLACEMENT_3D ( 'NONE', #2007, #3336, #289 ) ;
#1187 = LINE ( 'NONE', #55, #727 ) ;
#1188 = AXIS2_PLACEMENT_3D ( 'NONE', #399, #1508, #32 ) ;
#1189 = ORIENTED_EDGE ( 'NONE', *, *, #2340, .F. ) ;
#1190 = EDGE_CURVE ( 'NONE', #1491, #2884, #3534, .T. ) ;
#1191 = LINE ( 'NONE', #2299, #778 ) ;
#1192 = ORIENTED_EDGE ( 'NONE', *, *, #346, .T. ) ;
#1193 = AXIS2_PLACEMENT_3D ( 'NONE', #3265, #3568, #1882 ) ;
#1194 = LINE ( 'NONE', #1518, #1623 ) ;
#1195 = ADVANCED_FACE ( 'NONE', ( #1301 ), #1355, .F. ) ;
#1196 = LINE ( 'NONE', #2542, #904 ) ;
#1197 = VERTEX_POINT ( 'NONE', #2136 ) ;
#1198 = VECTOR ( 'NONE', #955, 1000.000000000000000 ) ;
#1199 = CARTESIAN_POINT ( 'NONE',  ( 2.500000000000000444, 4.599999999999999645, -5.449999999999998401 ) ) ;
#1200 = LINE ( 'NONE', #3443, #2650 ) ;
#1201 = EDGE_LOOP ( 'NONE', ( #889, #3078, #3304, #2900 ) ) ;
#1202 = ORIENTED_EDGE ( 'NONE', *, *, #3507, .T. ) ;
#1203 = DIRECTION ( 'NONE',  ( 1.000000000000000000, 0.000000000000000000, 0.000000000000000000 ) ) ;
#1204 = SHAPE_DEFINITION_REPRESENTATION ( #3556, #741 ) ;
#1205 = CARTESIAN_POINT ( 'NONE',  ( 2.500000000000000000, 0.4000000000000015210, -25.56999999999999673 ) ) ;
#1206 = CARTESIAN_POINT ( 'NONE',  ( 2.500000000000000000, 0.4000000000000013545, -48.67999999999999972 ) ) ;
#1207 = DIRECTION ( 'NONE',  ( -0.000000000000000000, 0.3420201433256487844, -0.9396926207859156444 ) ) ;
#1208 = ORIENTED_EDGE ( 'NONE', *, *, #3511, .F. ) ;
#1209 = CARTESIAN_POINT ( 'NONE',  ( 2.500000000000000000, 0.4000000000000015210, -81.27975906833177078 ) ) ;
#1210 = ORIENTED_EDGE ( 'NONE', *, *, #2980, .F. ) ;
#1211 = VECTOR ( 'NONE', #1452, 1000.000000000000000 ) ;
#1212 = CARTESIAN_POINT ( 'NONE',  ( -3.500000000000000000, 2.200000000000001510, -22.40285357832087598 ) ) ;
#1213 = LINE ( 'NONE', #2316, #3353 ) ;
#1214 = ORIENTED_EDGE ( 'NONE', *, *, #3564, .F. ) ;
#1215 = EDGE_CURVE ( 'NONE', #705, #758, #2408, .T. ) ;
#1216 = CARTESIAN_POINT ( 'NONE',  ( -3.500000000000000000, 2.200000000000001510, -19.19114642167911811 ) ) ;
#1217 = LINE ( 'NONE', #2052, #781 ) ;
#1218 = CARTESIAN_POINT ( 'NONE',  ( -2.000000000000000000, 2.200000000000001510, -49.33514642167912001 ) ) ;
#1219 = EDGE_CURVE ( 'NONE', #1454, #1433, #242, .T. ) ;
#1220 = DIRECTION ( 'NONE',  ( -0.000000000000000000, 0.3420201433256487844, -0.9396926207859156444 ) ) ;
#1221 = LINE ( 'NONE', #950, #317 ) ;
#1222 = ORIENTED_EDGE ( 'NONE', *, *, #1008, .T. ) ;
#1223 = LINE ( 'NONE', #3453, #2516 ) ;
#1224 = LINE ( 'NONE', #1503, #2780 ) ;
#1225 = ADVANCED_FACE ( 'NONE', ( #3514 ), #1070, .F. ) ;
#1226 = ORIENTED_EDGE ( 'NONE', *, *, #2911, .T. ) ;
#1227 = VERTEX_POINT ( 'NONE', #2970 ) ;
#1228 = LINE ( 'NONE', #960, #2843 ) ;
#1229 = LINE ( 'NONE', #1039, #791 ) ;
#1230 = ADVANCED_FACE ( 'NONE', ( #2156 ), #3239, .F. ) ;
#1231 = ORIENTED_EDGE ( 'NONE', *, *, #2850, .F. ) ;
#1232 = CARTESIAN_POINT ( 'NONE',  ( -2.000000000000000000, 0.4000000000000013545, -48.67999999999999972 ) ) ;
#1233 = VECTOR ( 'NONE', #368, 1000.000000000000000 ) ;
#1234 = VERTEX_POINT ( 'NONE', #738 ) ;
#1235 = ADVANCED_FACE ( 'NONE', ( #1857 ), #483, .F. ) ;
#1236 = ORIENTED_EDGE ( 'NONE', *, *, #555, .T. ) ;
#1237 = CARTESIAN_POINT ( 'NONE',  ( -2.000000000000000000, 2.200000000000001510, -31.75114642167911683 ) ) ;
#1238 = DIRECTION ( 'NONE',  ( 0.000000000000000000, 0.000000000000000000, 1.000000000000000000 ) ) ;
#1239 = ORIENTED_EDGE ( 'NONE', *, *, #2744, .F. ) ;
#1240 = VECTOR ( 'NONE', #651, 1000.000000000000000 ) ;
#1241 = CARTESIAN_POINT ( 'NONE',  ( 0.09999999999999376055, 2.000000000000006217, -9.049999999999998934 ) ) ;
#1242 = DIRECTION ( 'NONE',  ( 0.000000000000000000, 0.000000000000000000, 1.000000000000000000 ) ) ;
#1243 = ORIENTED_EDGE ( 'NONE', *, *, #2524, .T. ) ;
#1244 = EDGE_LOOP ( 'NONE', ( #2505, #378, #1743, #416 ) ) ;
#1245 = VECTOR ( 'NONE', #1863, 1000.000000000000000 ) ;
#1246 = ORIENTED_EDGE ( 'NONE', *, *, #898, .F. ) ;
#1247 = CARTESIAN_POINT ( 'NONE',  ( 2.500000000000000000, 0.4000000000000015210, -81.27975906833177078 ) ) ;
#1248 = VECTOR ( 'NONE', #2683, 1000.000000000000114 ) ;
#1249 = CARTESIAN_POINT ( 'NONE',  ( 2.084124094575935171, 4.931059534058945815, -61.41587590542406616 ) ) ;
#1250 = ORIENTED_EDGE ( 'NONE', *, *, #2143, .T. ) ;
#1251 = LINE ( 'NONE', #1218, #2873 ) ;
#1252 = EDGE_CURVE ( 'NONE', #2076, #830, #2714, .T. ) ;
#1253 = VECTOR ( 'NONE', #1856, 999.9999999999998863 ) ;
#1254 = CARTESIAN_POINT ( 'NONE',  ( -2.000000000000000000, 2.200000000000001510, -39.28714642167911819 ) ) ;
#1255 = ORIENTED_EDGE ( 'NONE', *, *, #3450, .F. ) ;
#1256 = EDGE_LOOP ( 'NONE', ( #1986, #987, #3587, #568, #3031, #656, #1148, #1694, #2227, #1753, #2413, #1255, #1669, #2300, #33, #1819, #2342, #1937, #1624, #1697, #322, #206, #694, #49, #2200, #195, #472, #3480, #386, #3449, #1236, #3411, #799, #856, #447, #2852, #2914, #1730, #3252, #667, #885, #854, #3474, #3096, #2546, #2277, #1292, #210, #2888, #3258, #777, #2990, #3583, #3384, #513, #3204, #2870, #1426, #3588, #3493, #1316, #3560, #130, #265, #891, #1416, #1622, #884, #763, #3536, #48, #3061, #596, #3572, #3437, #1250, #2627, #186, #1427, #847, #1210, #982, #2248, #524, #2083, #3044, #2312, #1714, #2360 ) ) ;
#1257 = VECTOR ( 'NONE', #1184, 1000.000000000000114 ) ;
#1258 = ADVANCED_FACE ( 'NONE', ( #1642 ), #1322, .F. ) ;
#1259 = LINE ( 'NONE', #2364, #2051 ) ;
#1260 = VECTOR ( 'NONE', #2210, 1000.000000000000227 ) ;
#1261 = ORIENTED_EDGE ( 'NONE', *, *, #921, .F. ) ;
#1262 = CARTESIAN_POINT ( 'NONE',  ( 2.500000000000000000, 2.200000000000001510, -44.31114642167911910 ) ) ;
#1263 = DIRECTION ( 'NONE',  ( 0.000000000000000000, 0.000000000000000000, -1.000000000000000000 ) ) ;
#1264 = VECTOR ( 'NONE', #2872, 1000.000000000000000 ) ;
#1265 = LINE ( 'NONE', #2735, #3191 ) ;
#1266 = LINE ( 'NONE', #997, #31 ) ;
#1267 = FACE_OUTER_BOUND ( 'NONE', #2476, .T. ) ;
#1268 = EDGE_LOOP ( 'NONE', ( #475, #314, #1842, #2722, #1901, #3174 ) ) ;
#1269 = DIRECTION ( 'NONE',  ( 0.000000000000000000, 0.9396926207859156444, 0.3420201433256487844 ) ) ;
#1270 = CARTESIAN_POINT ( 'NONE',  ( 2.500000000000000000, 0.4000000000000015210, -81.27975906833177078 ) ) ;
#1271 = ORIENTED_EDGE ( 'NONE', *, *, #883, .T. ) ;
#1272 = ORIENTED_EDGE ( 'NONE', *, *, #1757, .F. ) ;
#1273 = CARTESIAN_POINT ( 'NONE',  ( -1.500000000000005995, 4.599999999999999645, -9.049999999999998934 ) ) ;
#1274 = DIRECTION ( 'NONE',  ( 0.000000000000000000, 0.000000000000000000, 1.000000000000000000 ) ) ;
#1275 = EDGE_CURVE ( 'NONE', #1384, #2917, #2729, .T. ) ;
#1276 = ORIENTED_EDGE ( 'NONE', *, *, #2061, .T. ) ;
#1277 = CARTESIAN_POINT ( 'NONE',  ( -1.934314575050747553, 6.565685424949259996, -4.131370849898485353 ) ) ;
#1278 = CARTESIAN_POINT ( 'NONE',  ( 2.500000000000000000, 2.200000000000001510, -24.21514642167911902 ) ) ;
#1279 = DIRECTION ( 'NONE',  ( -0.000000000000000000, 0.3420201433256480072, 0.9396926207859159774 ) ) ;
#1280 = VERTEX_POINT ( 'NONE', #3578 ) ;
#1281 = EDGE_CURVE ( 'NONE', #2648, #711, #1582, .T. ) ;
#1282 = VERTEX_POINT ( 'NONE', #3295 ) ;
#1283 = ORIENTED_EDGE ( 'NONE', *, *, #1008, .F. ) ;
#1284 = CARTESIAN_POINT ( 'NONE',  ( -3.500000000000000000, 0.4000000000000013545, -11.00000000000000000 ) ) ;
#1285 = DIRECTION ( 'NONE',  ( 0.000000000000000000, 0.9396926207859156444, 0.3420201433256487844 ) ) ;
#1286 = CARTESIAN_POINT ( 'NONE',  ( -3.500000000000000000, 2.200000000000001510, -21.70314642167911856 ) ) ;
#1287 = ORIENTED_EDGE ( 'NONE', *, *, #1413, .F. ) ;
#1288 = LINE ( 'NONE', #2703, #2003 ) ;
#1289 = AXIS2_PLACEMENT_3D ( 'NONE', #1725, #576, #2489 ) ;
#1290 = CARTESIAN_POINT ( 'NONE',  ( -2.500000000000000000, 2.200000000000001510, -26.72714642167911592 ) ) ;
#1291 = EDGE_LOOP ( 'NONE', ( #294, #1936, #809, #22 ) ) ;
#1292 = ORIENTED_EDGE ( 'NONE', *, *, #1995, .T. ) ;
#1293 = LINE ( 'NONE', #2400, #3228 ) ;
#1294 = EDGE_CURVE ( 'NONE', #3406, #949, #3028, .T. ) ;
#1295 = CARTESIAN_POINT ( 'NONE',  ( 2.500000000000000000, -2.000000000000000888, -61.00000000000000000 ) ) ;
#1296 = VECTOR ( 'NONE', #2212, 1000.000000000000114 ) ;
#1297 = EDGE_CURVE ( 'NONE', #1445, #333, #3598, .T. ) ;
#1298 = DIRECTION ( 'NONE',  ( 0.000000000000000000, -0.000000000000000000, 1.000000000000000000 ) ) ;
#1299 = VECTOR ( 'NONE', #500, 999.9999999999998863 ) ;
#1300 = PLANE ( 'NONE',  #1909 ) ;
#1301 = FACE_OUTER_BOUND ( 'NONE', #2846, .T. ) ;
#1302 = PLANE ( 'NONE',  #834 ) ;
#1303 = VERTEX_POINT ( 'NONE', #2950 ) ;
#1304 = CARTESIAN_POINT ( 'NONE',  ( -2.000000000000000000, 2.200000000000001510, -56.87114642167912137 ) ) ;
#1305 = ORIENTED_EDGE ( 'NONE', *, *, #654, .T. ) ;
#1306 = AXIS2_PLACEMENT_3D ( 'NONE', #2995, #1317, #1028 ) ;
#1307 = ADVANCED_FACE ( 'NONE', ( #446 ), #467, .F. ) ;
#1308 = DIRECTION ( 'NONE',  ( 1.000000000000000000, 0.000000000000000000, 0.000000000000000000 ) ) ;
#1309 = AXIS2_PLACEMENT_3D ( 'NONE', #828, #3351, #2460 ) ;
#1310 = LINE ( 'NONE', #1286, #790 ) ;
#1311 = ORIENTED_EDGE ( 'NONE', *, *, #792, .T. ) ;
#1312 = DIRECTION ( 'NONE',  ( 0.000000000000000000, 0.000000000000000000, -1.000000000000000000 ) ) ;
#1313 = AXIS2_PLACEMENT_3D ( 'NONE', #1982, #2856, #872 ) ;
#1314 = PLANE ( 'NONE',  #566 ) ;
#1315 = ORIENTED_EDGE ( 'NONE', *, *, #1387, .F. ) ;
#1316 = ORIENTED_EDGE ( 'NONE', *, *, #2510, .F. ) ;
#1317 = DIRECTION ( 'NONE',  ( -0.000000000000000000, 0.3420201433256487844, -0.9396926207859156444 ) ) ;
#1318 = AXIS2_PLACEMENT_3D ( 'NONE', #3134, #1783, #1263 ) ;
#1319 = DIRECTION ( 'NONE',  ( 0.7071067811865472397, 0.000000000000000000, 0.7071067811865479058 ) ) ;
#1320 = CARTESIAN_POINT ( 'NONE',  ( 1.761499281253221305, 1.769619468338759827, -61.73850071874677781 ) ) ;
#1321 = CARTESIAN_POINT ( 'NONE',  ( 2.500000000000000000, 2.200000000000001510, -45.01085357832087652 ) ) ;
#1322 = PLANE ( 'NONE',  #2588 ) ;
#1323 = ORIENTED_EDGE ( 'NONE', *, *, #2956, .F. ) ;
#1324 = VECTOR ( 'NONE', #60, 1000.000000000000000 ) ;
#1325 = DIRECTION ( 'NONE',  ( -0.000000000000000000, 0.3420201433256480072, 0.9396926207859159774 ) ) ;
#1326 = ORIENTED_EDGE ( 'NONE', *, *, #1577, .F. ) ;
#1327 = EDGE_CURVE ( 'NONE', #873, #910, #2118, .T. ) ;
#1328 = FACE_OUTER_BOUND ( 'NONE', #2800, .T. ) ;
#1329 = ORIENTED_EDGE ( 'NONE', *, *, #1023, .T. ) ;
#1330 = EDGE_CURVE ( 'NONE', #2140, #1435, #1677, .T. ) ;
#1331 = FACE_OUTER_BOUND ( 'NONE', #2716, .T. ) ;
#1332 = VERTEX_POINT ( 'NONE', #3042 ) ;
#1333 = VERTEX_POINT ( 'NONE', #2502 ) ;
#1334 = DIRECTION ( 'NONE',  ( 1.000000000000000000, 0.000000000000000000, 0.000000000000000000 ) ) ;
#1335 = CARTESIAN_POINT ( 'NONE',  ( -2.000000000000000000, 1.992782342989547262, -14.94227463748706164 ) ) ;
#1336 = CARTESIAN_POINT ( 'NONE',  ( 2.000000000000006661, 7.000000000000000000, -10.79999999999997584 ) ) ;
#1337 = CARTESIAN_POINT ( 'NONE',  ( -2.500000000000000000, 2.200000000000001510, -50.03485357832087743 ) ) ;
#1338 = ORIENTED_EDGE ( 'NONE', *, *, #2501, .F. ) ;
#1339 = ORIENTED_EDGE ( 'NONE', *, *, #1802, .T. ) ;
#1340 = ORIENTED_EDGE ( 'NONE', *, *, #3423, .F. ) ;
#1341 = DIRECTION ( 'NONE',  ( 0.000000000000000000, 1.000000000000000000, 0.000000000000000000 ) ) ;
#1342 = PLANE ( 'NONE',  #2187 ) ;
#1343 = EDGE_CURVE ( 'NONE', #561, #993, #2832, .T. ) ;
#1344 = ORIENTED_EDGE ( 'NONE', *, *, #2166, .F. ) ;
#1345 = CARTESIAN_POINT ( 'NONE',  ( 2.500000000000000000, 0.4000000000000015210, -33.60799999999999699 ) ) ;
#1346 = CARTESIAN_POINT ( 'NONE',  ( -2.500000000000000000, 2.200000000000001510, -36.77514642167911774 ) ) ;
#1347 = ORIENTED_EDGE ( 'NONE', *, *, #76, .T. ) ;
#1348 = ORIENTED_EDGE ( 'NONE', *, *, #2143, .F. ) ;
#1349 = CARTESIAN_POINT ( 'NONE',  ( -2.000000000000000000, 2.200000000000001510, -24.21514642167911902 ) ) ;
#1350 = ADVANCED_FACE ( 'NONE', ( #278 ), #331, .F. ) ;
#1351 = CARTESIAN_POINT ( 'NONE',  ( 2.500000000000000000, 0.4000000000000015210, -50.68999999999999062 ) ) ;
#1352 = CARTESIAN_POINT ( 'NONE',  ( -2.000000000000000000, 2.200000000000001510, -55.05885357832087834 ) ) ;
#1353 = LINE ( 'NONE', #3413, #1792 ) ;
#1354 = CARTESIAN_POINT ( 'NONE',  ( 2.500000000000000000, -1.500000000000001332, -9.099999999999990763 ) ) ;
#1355 = PLANE ( 'NONE',  #2286 ) ;
#1356 = VECTOR ( 'NONE', #3129, 1000.000000000000000 ) ;
#1357 = DIRECTION ( 'NONE',  ( 0.000000000000000000, 0.000000000000000000, 1.000000000000000000 ) ) ;
#1358 = ORIENTED_EDGE ( 'NONE', *, *, #1252, .T. ) ;
#1359 = CARTESIAN_POINT ( 'NONE',  ( 2.500000000000000000, 0.4000000000000015210, -81.27975906833177078 ) ) ;
#1360 = ORIENTED_EDGE ( 'NONE', *, *, #3391, .F. ) ;
#1361 = VECTOR ( 'NONE', #2979, 1000.000000000000000 ) ;
#1362 = PLANE ( 'NONE',  #1785 ) ;
#1363 = AXIS2_PLACEMENT_3D ( 'NONE', #2758, #1599, #1892 ) ;
#1364 = ORIENTED_EDGE ( 'NONE', *, *, #1956, .T. ) ;
#1365 = LINE ( 'NONE', #3317, #3461 ) ;
#1366 = ADVANCED_FACE ( 'NONE', ( #3090 ), #3076, .F. ) ;
#1367 = FACE_OUTER_BOUND ( 'NONE', #2033, .T. ) ;
#1368 = VECTOR ( 'NONE', #1688, 1000.000000000000227 ) ;
#1369 = LINE ( 'NONE', #1668, #899 ) ;
#1370 = ORIENTED_EDGE ( 'NONE', *, *, #2882, .F. ) ;
#1371 = FACE_BOUND ( 'NONE', #1026, .T. ) ;
#1372 = AXIS2_PLACEMENT_3D ( 'NONE', #1389, #1117, #1658 ) ;
#1373 = EDGE_CURVE ( 'NONE', #1045, #561, #3105, .T. ) ;
#1374 = EDGE_CURVE ( 'NONE', #2564, #469, #3311, .T. ) ;
#1375 = VECTOR ( 'NONE', #3201, 1000.000000000000000 ) ;
#1376 = LINE ( 'NONE', #1640, #153 ) ;
#1377 = DIRECTION ( 'NONE',  ( 1.000000000000000000, 0.000000000000000000, 0.000000000000000000 ) ) ;
#1378 = ORIENTED_EDGE ( 'NONE', *, *, #907, .T. ) ;
#1379 = ADVANCED_FACE ( 'NONE', ( #1925 ), #586, .T. ) ;
#1380 = LINE ( 'NONE', #2789, #857 ) ;
#1381 = CARTESIAN_POINT ( 'NONE',  ( 2.500000000000000000, 0.4000000000000015210, -81.27975906833177078 ) ) ;
#1382 = CARTESIAN_POINT ( 'NONE',  ( -3.500000000000000000, 0.4000000000000015210, -20.54599999999999937 ) ) ;
#1383 = CARTESIAN_POINT ( 'NONE',  ( 2.500000000000000000, 0.4000000000000015210, -23.55999999999999872 ) ) ;
#1384 = VERTEX_POINT ( 'NONE', #1660 ) ;
#1385 = ORIENTED_EDGE ( 'NONE', *, *, #76, .F. ) ;
#1386 = VECTOR ( 'NONE', #615, 1000.000000000000000 ) ;
#1387 = EDGE_CURVE ( 'NONE', #2493, #3115, #2211, .T. ) ;
#1388 = CARTESIAN_POINT ( 'NONE',  ( -2.000000000000000000, 2.200000000000001510, -19.89085357832087908 ) ) ;
#1389 = CARTESIAN_POINT ( 'NONE',  ( 2.500000000000000444, 2.499999999999999556, -4.237564434701781124 ) ) ;
#1390 = EDGE_CURVE ( 'NONE', #2336, #2963, #40, .T. ) ;
#1391 = CARTESIAN_POINT ( 'NONE',  ( 2.500000000000000444, 2.499999999999999556, -4.237564434701781124 ) ) ;
#1392 = ORIENTED_EDGE ( 'NONE', *, *, #315, .T. ) ;
#1393 = ORIENTED_EDGE ( 'NONE', *, *, #1606, .F. ) ;
#1394 = DIRECTION ( 'NONE',  ( 0.000000000000000000, 0.9396926207859156444, 0.3420201433256487844 ) ) ;
#1395 = EDGE_CURVE ( 'NONE', #1648, #2731, #2769, .T. ) ;
#1396 = CARTESIAN_POINT ( 'NONE',  ( -2.000000000000000000, 0.4000000000000013545, -61.24000000000000199 ) ) ;
#1397 = CARTESIAN_POINT ( 'NONE',  ( -3.500000000000000000, 0.4000000000000015210, -15.52199999999999847 ) ) ;
#1398 = DIRECTION ( 'NONE',  ( 1.000000000000000000, 0.000000000000000000, 0.000000000000000000 ) ) ;
#1399 = VERTEX_POINT ( 'NONE', #2515 ) ;
#1400 = EDGE_LOOP ( 'NONE', ( #3366, #1113, #332, #3235 ) ) ;
#1401 = LINE ( 'NONE', #1717, #954 ) ;
#1402 = DIRECTION ( 'NONE',  ( 0.000000000000000000, -0.9396926207859158664, 0.3420201433256480072 ) ) ;
#1403 = FACE_OUTER_BOUND ( 'NONE', #2104, .T. ) ;
#1404 = CARTESIAN_POINT ( 'NONE',  ( -2.000000000000000000, 2.200000000000001510, -37.47485357832088226 ) ) ;
#1405 = DIRECTION ( 'NONE',  ( -0.000000000000000000, 0.3420201433256480072, 0.9396926207859159774 ) ) ;
#1406 = ORIENTED_EDGE ( 'NONE', *, *, #2857, .F. ) ;
#1407 = VERTEX_POINT ( 'NONE', #3059 ) ;
#1408 = EDGE_CURVE ( 'NONE', #1893, #1468, #1153, .T. ) ;
#1409 = CARTESIAN_POINT ( 'NONE',  ( -2.500000000000000000, 0.4000000000000013545, -41.14399999999999835 ) ) ;
#1410 = DIRECTION ( 'NONE',  ( 0.000000000000000000, -0.000000000000000000, 1.000000000000000000 ) ) ;
#1411 = CARTESIAN_POINT ( 'NONE',  ( -2.000000000000000000, 0.4000000000000013545, -58.72800000000000153 ) ) ;
#1412 = VECTOR ( 'NONE', #3397, 1000.000000000000000 ) ;
#1413 = EDGE_CURVE ( 'NONE', #3526, #978, #20, .T. ) ;
#1414 = AXIS2_PLACEMENT_3D ( 'NONE', #1554, #3037, #2151 ) ;
#1415 = CARTESIAN_POINT ( 'NONE',  ( -2.000000000000000000, 0.4000000000000013545, -11.00000000000000000 ) ) ;
#1416 = ORIENTED_EDGE ( 'NONE', *, *, #337, .T. ) ;
#1417 = LINE ( 'NONE', #2531, #1533 ) ;
#1418 = VECTOR ( 'NONE', #344, 1000.000000000000114 ) ;
#1419 = PLANE ( 'NONE',  #1083 ) ;
#1420 = DIRECTION ( 'NONE',  ( 0.000000000000000000, -0.9396926207859159774, 0.3420201433256480628 ) ) ;
#1421 = VECTOR ( 'NONE', #270, 1000.000000000000000 ) ;
#1422 = CARTESIAN_POINT ( 'NONE',  ( 2.500000000000000000, 2.200000000000001510, -19.19114642167911811 ) ) ;
#1423 = VECTOR ( 'NONE', #655, 1000.000000000000000 ) ;
#1424 = DIRECTION ( 'NONE',  ( 1.000000000000000000, 0.000000000000000000, 0.000000000000000000 ) ) ;
#1425 = CARTESIAN_POINT ( 'NONE',  ( 2.500000000000000000, 2.200000000000001510, -29.93885357832087735 ) ) ;
#1426 = ORIENTED_EDGE ( 'NONE', *, *, #1820, .T. ) ;
#1427 = ORIENTED_EDGE ( 'NONE', *, *, #1675, .T. ) ;
#1428 = DIRECTION ( 'NONE',  ( 0.000000000000000000, -0.000000000000000000, 1.000000000000000000 ) ) ;
#1429 = EDGE_CURVE ( 'NONE', #1877, #1592, #1104, .T. ) ;
#1430 = VECTOR ( 'NONE', #1438, 1000.000000000000000 ) ;
#1431 = DIRECTION ( 'NONE',  ( 0.000000000000000000, -0.9396926207859158664, 0.3420201433256479517 ) ) ;
#1432 = VERTEX_POINT ( 'NONE', #3325 ) ;
#1433 = VERTEX_POINT ( 'NONE', #835 ) ;
#1434 = VECTOR ( 'NONE', #538, 1000.000000000000000 ) ;
#1435 = VERTEX_POINT ( 'NONE', #1135 ) ;
#1436 = CARTESIAN_POINT ( 'NONE',  ( -2.000000000000000000, 0.4000000000000013545, -58.72800000000000153 ) ) ;
#1437 = CARTESIAN_POINT ( 'NONE',  ( -2.000000000000000000, 6.500000000000006217, -10.29999999999997051 ) ) ;
#1438 = DIRECTION ( 'NONE',  ( 0.000000000000000000, 0.000000000000000000, 1.000000000000000000 ) ) ;
#1439 = VECTOR ( 'NONE', #1308, 1000.000000000000000 ) ;
#1440 = APPLICATION_CONTEXT ( 'automotive_design' ) ;
#1441 = DIRECTION ( 'NONE',  ( 0.000000000000000000, -0.000000000000000000, 1.000000000000000000 ) ) ;
#1442 = UNCERTAINTY_MEASURE_WITH_UNIT (LENGTH_MEASURE( 1.000000000000000082E-05 ), #345, 'distance_accuracy_value', 'NONE');
#1443 = CARTESIAN_POINT ( 'NONE',  ( -2.500000000000000000, 2.200000000000001510, -55.05885357832087834 ) ) ;
#1444 = LINE ( 'NONE', #1170, #1412 ) ;
#1445 = VERTEX_POINT ( 'NONE', #2244 ) ;
#1446 = ORIENTED_EDGE ( 'NONE', *, *, #2420, .F. ) ;
#1447 = CARTESIAN_POINT ( 'NONE',  ( -2.500000000000000000, 2.200000000000001510, -59.38314642167912183 ) ) ;
#1448 = LINE ( 'NONE', #2559, #967 ) ;
#1449 = DIRECTION ( 'NONE',  ( 0.000000000000000000, 1.000000000000000000, 0.000000000000000000 ) ) ;
#1450 = EDGE_LOOP ( 'NONE', ( #3333, #3604, #1679, #1406, #1095, #2549 ) ) ;
#1451 = EDGE_CURVE ( 'NONE', #512, #355, #3360, .T. ) ;
#1452 = DIRECTION ( 'NONE',  ( -0.000000000000000000, -0.000000000000000000, -1.000000000000000000 ) ) ;
#1453 = CARTESIAN_POINT ( 'NONE',  ( 2.500000000000000000, 2.200000000000001510, -17.37885357832087863 ) ) ;
#1454 = VERTEX_POINT ( 'NONE', #3318 ) ;
#1455 = EDGE_LOOP ( 'NONE', ( #1003, #412, #1625, #2978 ) ) ;
#1456 = ORIENTED_EDGE ( 'NONE', *, *, #3197, .F. ) ;
#1457 = EDGE_CURVE ( 'NONE', #2824, #696, #1650, .T. ) ;
#1458 = CARTESIAN_POINT ( 'NONE',  ( 1.766666666666697250, -2.233333333333314741, -8.366666666666684904 ) ) ;
#1459 = EDGE_CURVE ( 'NONE', #342, #911, #3303, .T. ) ;
#1460 = PLANE ( 'NONE',  #3408 ) ;
#1461 = DIRECTION ( 'NONE',  ( 0.000000000000000000, 0.000000000000000000, 1.000000000000000000 ) ) ;
#1462 = EDGE_LOOP ( 'NONE', ( #1904, #1752, #918, #2632 ) ) ;
#1463 = DIRECTION ( 'NONE',  ( 0.000000000000000000, 0.7071067811865479058, -0.7071067811865470176 ) ) ;
#1464 = DIRECTION ( 'NONE',  ( 1.000000000000000000, 0.000000000000000000, 0.000000000000000000 ) ) ;
#1465 = DIRECTION ( 'NONE',  ( -0.000000000000000000, 0.3420201433256480072, 0.9396926207859159774 ) ) ;
#1466 = LINE ( 'NONE', #2638, #1971 ) ;
#1467 = DIRECTION ( 'NONE',  ( -0.000000000000000000, -0.000000000000000000, -1.000000000000000000 ) ) ;
#1468 = VERTEX_POINT ( 'NONE', #1383 ) ;
#1469 = VERTEX_POINT ( 'NONE', #2778 ) ;
#1470 = ORIENTED_EDGE ( 'NONE', *, *, #867, .F. ) ;
#1471 = EDGE_CURVE ( 'NONE', #1932, #2053, #286, .T. ) ;
#1472 = CARTESIAN_POINT ( 'NONE',  ( -2.000000000000000000, 0.4000000000000015210, -40.64199999999999591 ) ) ;
#1473 = VECTOR ( 'NONE', #217, 1000.000000000000000 ) ;
#1474 = APPLICATION_PROTOCOL_DEFINITION ( 'draft international standard', 'automotive_design', 1998, #373 ) ;
#1475 = DIRECTION ( 'NONE',  ( 0.000000000000000000, -0.000000000000000000, 1.000000000000000000 ) ) ;
#1476 = ADVANCED_FACE ( 'NONE', ( #2805 ), #1634, .F. ) ;
#1477 = AXIS2_PLACEMENT_3D ( 'NONE', #1610, #3502, #2396 ) ;
#1478 = DIRECTION ( 'NONE',  ( 0.000000000000000000, 1.000000000000000000, 0.000000000000000000 ) ) ;
#1479 = VECTOR ( 'NONE', #357, 1000.000000000000000 ) ;
#1480 = VERTEX_POINT ( 'NONE', #2740 ) ;
#1481 = CARTESIAN_POINT ( 'NONE',  ( -2.000000000000000000, 0.4000000000000015210, -43.15399999999999636 ) ) ;
#1482 = ADVANCED_FACE ( 'NONE', ( #3035 ), #1920, .F. ) ;
#1483 = ORIENTED_EDGE ( 'NONE', *, *, #3585, .F. ) ;
#1484 = VECTOR ( 'NONE', #1693, 1000.000000000000000 ) ;
#1485 = LINE ( 'NONE', #2301, #2725 ) ;
#1486 = DIRECTION ( 'NONE',  ( 1.000000000000000000, -0.000000000000000000, -0.000000000000000000 ) ) ;
#1487 = EDGE_CURVE ( 'NONE', #2375, #700, #1111, .T. ) ;
#1488 = ORIENTED_EDGE ( 'NONE', *, *, #1390, .T. ) ;
#1489 = CARTESIAN_POINT ( 'NONE',  ( 0.9000000000000000222, 6.233896267925303825, -62.00000000000000000 ) ) ;
#1490 = DIRECTION ( 'NONE',  ( 0.000000000000000000, 0.000000000000000000, -1.000000000000000000 ) ) ;
#1491 = VERTEX_POINT ( 'NONE', #1415 ) ;
#1492 = AXIS2_PLACEMENT_3D ( 'NONE', #2983, #1598, #1875 ) ;
#1493 = ORIENTED_EDGE ( 'NONE', *, *, #2692, .T. ) ;
#1494 = LINE ( 'NONE', #1232, #2583 ) ;
#1495 = CARTESIAN_POINT ( 'NONE',  ( -7.639879534165881836, 0.4000000000000015210, -71.13987953416589960 ) ) ;
#1496 = ORIENTED_EDGE ( 'NONE', *, *, #2886, .T. ) ;
#1497 = CARTESIAN_POINT ( 'NONE',  ( 2.500000000000000000, 0.4000000000000013545, -58.72800000000000153 ) ) ;
#1498 = EDGE_CURVE ( 'NONE', #1041, #911, #1369, .T. ) ;
#1499 = DIRECTION ( 'NONE',  ( 1.000000000000000000, 0.000000000000000000, 0.000000000000000000 ) ) ;
#1500 = ORIENTED_EDGE ( 'NONE', *, *, #2166, .T. ) ;
#1501 = VECTOR ( 'NONE', #2633, 1000.000000000000000 ) ;
#1502 = CARTESIAN_POINT ( 'NONE',  ( 2.500000000000000000, 25.70000000000000284, -36.29999999999996163 ) ) ;
#1503 = CARTESIAN_POINT ( 'NONE',  ( -2.500000000000000000, 0.4000000000000013545, -53.70400000000000063 ) ) ;
#1504 = ORIENTED_EDGE ( 'NONE', *, *, #2552, .F. ) ;
#1505 = ORIENTED_EDGE ( 'NONE', *, *, #2795, .T. ) ;
#1506 = EDGE_CURVE ( 'NONE', #993, #700, #511, .T. ) ;
#1507 = CARTESIAN_POINT ( 'NONE',  ( -2.500000000000000000, 0.4000000000000015210, -58.22599999999999909 ) ) ;
#1508 = DIRECTION ( 'NONE',  ( 1.000000000000000000, 0.000000000000000000, 0.000000000000000000 ) ) ;
#1509 = ORIENTED_EDGE ( 'NONE', *, *, #3315, .F. ) ;
#1510 = DIRECTION ( 'NONE',  ( 1.000000000000000000, -0.000000000000000000, -0.000000000000000000 ) ) ;
#1511 = DIRECTION ( 'NONE',  ( -0.7071067811865475727, 0.7071067811865475727, 0.000000000000000000 ) ) ;
#1512 = PLANE ( 'NONE',  #2954 ) ;
#1513 = ORIENTED_EDGE ( 'NONE', *, *, #2077, .F. ) ;
#1514 = VERTEX_POINT ( 'NONE', #860 ) ;
#1515 = PLANE ( 'NONE',  #488 ) ;
#1516 = ORIENTED_EDGE ( 'NONE', *, *, #2756, .F. ) ;
#1517 = EDGE_CURVE ( 'NONE', #1045, #512, #549, .T. ) ;
#1518 = CARTESIAN_POINT ( 'NONE',  ( -2.500000000000000000, 2.200000000000001510, -37.47485357832088226 ) ) ;
#1519 = CARTESIAN_POINT ( 'NONE',  ( -2.000000000000000000, 2.200000000000001510, -31.75114642167911683 ) ) ;
#1520 = PLANE ( 'NONE',  #367 ) ;
#1521 = ORIENTED_EDGE ( 'NONE', *, *, #1802, .F. ) ;
#1522 = EDGE_CURVE ( 'NONE', #112, #1637, #2218, .T. ) ;
#1523 = CARTESIAN_POINT ( 'NONE',  ( 2.000000000000006661, -2.000000000000000888, -8.599999999999999645 ) ) ;
#1524 = FACE_OUTER_BOUND ( 'NONE', #324, .T. ) ;
#1525 = ORIENTED_EDGE ( 'NONE', *, *, #2886, .F. ) ;
#1526 = ADVANCED_FACE ( 'NONE', ( #1079 ), #2511, .F. ) ;
#1527 = DIRECTION ( 'NONE',  ( -0.000000000000000000, -0.9396926207859158664, 0.3420201433256479517 ) ) ;
#1528 =( NAMED_UNIT ( * ) SI_UNIT ( $, .STERADIAN. ) SOLID_ANGLE_UNIT ( ) );
#1529 = LINE ( 'NONE', #2359, #922 ) ;
#1530 = ORIENTED_EDGE ( 'NONE', *, *, #2672, .F. ) ;
#1531 = AXIS2_PLACEMENT_3D ( 'NONE', #2671, #751, #1048 ) ;
#1532 = VERTEX_POINT ( 'NONE', #3083 ) ;
#1533 = VECTOR ( 'NONE', #36, 1000.000000000000000 ) ;
#1534 = CARTESIAN_POINT ( 'NONE',  ( -2.000000000000000000, 2.200000000000001510, -47.52285357832087698 ) ) ;
#1535 = ORIENTED_EDGE ( 'NONE', *, *, #1330, .F. ) ;
#1536 = VECTOR ( 'NONE', #1490, 1000.000000000000000 ) ;
#1537 = DIRECTION ( 'NONE',  ( 0.000000000000000000, 1.000000000000000000, 0.000000000000000000 ) ) ;
#1538 = CARTESIAN_POINT ( 'NONE',  ( -2.000000000000000000, 2.200000000000001510, -61.89514642167912228 ) ) ;
#1539 = ORIENTED_EDGE ( 'NONE', *, *, #3034, .F. ) ;
#1540 = EDGE_LOOP ( 'NONE', ( #128, #3539, #1967, #2807 ) ) ;
#1541 = VECTOR ( 'NONE', #631, 1000.000000000000000 ) ;
#1542 = EDGE_LOOP ( 'NONE', ( #2108, #2732, #1109, #2652 ) ) ;
#1543 = DIRECTION ( 'NONE',  ( 0.000000000000000000, -0.7071067811865471286, -0.7071067811865480168 ) ) ;
#1544 = AXIS2_PLACEMENT_3D ( 'NONE', #73, #1478, #1441 ) ;
#1545 = EDGE_CURVE ( 'NONE', #2439, #145, #1935, .T. ) ;
#1546 = CARTESIAN_POINT ( 'NONE',  ( -2.500000000000000000, 4.599999999999999645, -9.049999999999998934 ) ) ;
#1547 = VERTEX_POINT ( 'NONE', #12 ) ;
#1548 = LINE ( 'NONE', #2739, #2174 ) ;
#1549 =( LENGTH_UNIT ( ) NAMED_UNIT ( * ) SI_UNIT ( .MILLI., .METRE. ) );
#1550 = EDGE_CURVE ( 'NONE', #1120, #911, #3050, .T. ) ;
#1551 = CARTESIAN_POINT ( 'NONE',  ( -2.000000000000000000, 7.349999999999999645, -60.00000000000000000 ) ) ;
#1552 = EDGE_LOOP ( 'NONE', ( #3426, #169, #2265, #394, #295, #3478 ) ) ;
#1553 = ORIENTED_EDGE ( 'NONE', *, *, #2697, .T. ) ;
#1554 = CARTESIAN_POINT ( 'NONE',  ( -2.500000000000000000, 2.200000000000001510, -61.89514642167912228 ) ) ;
#1555 = VECTOR ( 'NONE', #109, 999.9999999999998863 ) ;
#1556 = EDGE_CURVE ( 'NONE', #191, #3369, #582, .T. ) ;
#1557 = ORIENTED_EDGE ( 'NONE', *, *, #1451, .F. ) ;
#1558 = CARTESIAN_POINT ( 'NONE',  ( 2.500000000000000000, 0.4000000000000015210, -38.63199999999999790 ) ) ;
#1559 = STYLED_ITEM ( 'NONE', ( #2173 ), #3620 ) ;
#1560 = EDGE_LOOP ( 'NONE', ( #3071, #627, #2706, #3445 ) ) ;
#1561 = CARTESIAN_POINT ( 'NONE',  ( 2.500000000000000000, 0.4000000000000015210, -48.67999999999999972 ) ) ;
#1562 = LINE ( 'NONE', #3455, #562 ) ;
#1563 = CARTESIAN_POINT ( 'NONE',  ( -3.500000000000000000, 0.4000000000000013545, -21.04799999999999827 ) ) ;
#1564 = EDGE_LOOP ( 'NONE', ( #3566, #912, #1853, #819 ) ) ;
#1565 = ORIENTED_EDGE ( 'NONE', *, *, #1281, .F. ) ;
#1566 = DIRECTION ( 'NONE',  ( 0.000000000000000000, -0.000000000000000000, 1.000000000000000000 ) ) ;
#1567 = ORIENTED_EDGE ( 'NONE', *, *, #408, .F. ) ;
#1568 = AXIS2_PLACEMENT_3D ( 'NONE', #1216, #2050, #3167 ) ;
#1569 = DIRECTION ( 'NONE',  ( -0.000000000000000000, 0.8660254037844380415, -0.5000000000000009992 ) ) ;
#1570 = LINE ( 'NONE', #490, #1248 ) ;
#1571 = ORIENTED_EDGE ( 'NONE', *, *, #2815, .T. ) ;
#1572 = CARTESIAN_POINT ( 'NONE',  ( 2.500000000000000444, 2.499999999999999556, -4.237564434701781124 ) ) ;
#1573 = ADVANCED_FACE ( 'NONE', ( #1127 ), #567, .F. ) ;
#1574 = DIRECTION ( 'NONE',  ( 1.000000000000000000, 0.000000000000000000, -1.532847594326445600E-16 ) ) ;
#1575 = ORIENTED_EDGE ( 'NONE', *, *, #3518, .T. ) ;
#1576 = CARTESIAN_POINT ( 'NONE',  ( 2.500000000000000000, 2.200000000000001510, -36.77514642167911774 ) ) ;
#1577 = EDGE_CURVE ( 'NONE', #1979, #758, #1953, .T. ) ;
#1578 = PLANE ( 'NONE',  #3103 ) ;
#1579 = ADVANCED_FACE ( 'NONE', ( #666 ), #1751, .F. ) ;
#1580 = DIRECTION ( 'NONE',  ( 0.000000000000000000, 0.000000000000000000, 1.000000000000000000 ) ) ;
#1581 = DIRECTION ( 'NONE',  ( -0.000000000000000000, 0.3420201433256487844, -0.9396926207859156444 ) ) ;
#1582 = LINE ( 'NONE', #2176, #2008 ) ;
#1583 = CARTESIAN_POINT ( 'NONE',  ( -2.500000000000000000, 2.200000000000001510, -49.33514642167912001 ) ) ;
#1584 = EDGE_LOOP ( 'NONE', ( #1378, #1812, #530, #369 ) ) ;
#1585 = PLANE ( 'NONE',  #2067 ) ;
#1586 = CARTESIAN_POINT ( 'NONE',  ( -2.000000000000000000, 0.4000000000000013545, -33.60799999999999699 ) ) ;
#1587 = VERTEX_POINT ( 'NONE', #616 ) ;
#1588 = CARTESIAN_POINT ( 'NONE',  ( -2.000000000000000000, 2.200000000000001510, -21.70314642167911856 ) ) ;
#1589 = DIRECTION ( 'NONE',  ( 0.000000000000000000, -0.000000000000000000, 1.000000000000000000 ) ) ;
#1590 = VERTEX_POINT ( 'NONE', #3152 ) ;
#1591 = EDGE_CURVE ( 'NONE', #268, #1432, #341, .T. ) ;
#1592 = VERTEX_POINT ( 'NONE', #1453 ) ;
#1593 = PLANE ( 'NONE',  #1306 ) ;
#1594 = ADVANCED_FACE ( 'NONE', ( #1732 ), #2563, .F. ) ;
#1595 = LINE ( 'NONE', #3509, #1299 ) ;
#1596 = LINE ( 'NONE', #1262, #400 ) ;
#1597 = VECTOR ( 'NONE', #2691, 1000.000000000000000 ) ;
#1598 = DIRECTION ( 'NONE',  ( -0.000000000000000000, 1.000000000000000000, 0.000000000000000000 ) ) ;
#1599 = DIRECTION ( 'NONE',  ( -0.000000000000000000, 1.000000000000000000, 0.000000000000000000 ) ) ;
#1600 = EDGE_CURVE ( 'NONE', #2684, #1648, #1767, .T. ) ;
#1601 = ORIENTED_EDGE ( 'NONE', *, *, #931, .F. ) ;
#1602 = CARTESIAN_POINT ( 'NONE',  ( -2.000000000000000000, 0.4000000000000013545, -46.16799999999999926 ) ) ;
#1603 = ORIENTED_EDGE ( 'NONE', *, *, #646, .T. ) ;
#1604 = VECTOR ( 'NONE', #108, 1000.000000000000000 ) ;
#1605 = DIRECTION ( 'NONE',  ( -0.000000000000000000, 1.000000000000000000, 0.000000000000000000 ) ) ;
#1606 = EDGE_CURVE ( 'NONE', #2014, #421, #1178, .T. ) ;
#1607 = VECTOR ( 'NONE', #704, 1000.000000000000000 ) ;
#1608 = DIRECTION ( 'NONE',  ( 0.000000000000000000, 0.000000000000000000, 1.000000000000000000 ) ) ;
#1609 = ORIENTED_EDGE ( 'NONE', *, *, #3023, .F. ) ;
#1610 = CARTESIAN_POINT ( 'NONE',  ( 0.9000000000000000222, 4.999999999999992006, -14.00000000000001954 ) ) ;
#1611 = AXIS2_PLACEMENT_3D ( 'NONE', #2757, #2475, #3603 ) ;
#1612 = FACE_OUTER_BOUND ( 'NONE', #2089, .T. ) ;
#1613 = ORIENTED_EDGE ( 'NONE', *, *, #3202, .T. ) ;
#1614 = AXIS2_PLACEMENT_3D ( 'NONE', #942, #3245, #1787 ) ;
#1615 = ORIENTED_EDGE ( 'NONE', *, *, #2261, .F. ) ;
#1616 = CARTESIAN_POINT ( 'NONE',  ( 0.000000000000000000, 2.200000000000001510, -62.00000000000000000 ) ) ;
#1617 = LINE ( 'NONE', #2946, #3458 ) ;
#1618 = VECTOR ( 'NONE', #1420, 999.9999999999998863 ) ;
#1619 = ADVANCED_FACE ( 'NONE', ( #648 ), #87, .F. ) ;
#1620 = DIRECTION ( 'NONE',  ( 0.5773502691896268413, -0.5773502691896189587, 0.5773502691896316152 ) ) ;
#1621 = DIRECTION ( 'NONE',  ( -0.000000000000000000, 0.3420201433256480072, 0.9396926207859159774 ) ) ;
#1622 = ORIENTED_EDGE ( 'NONE', *, *, #2340, .T. ) ;
#1623 = VECTOR ( 'NONE', #2836, 1000.000000000000000 ) ;
#1624 = ORIENTED_EDGE ( 'NONE', *, *, #234, .T. ) ;
#1625 = ORIENTED_EDGE ( 'NONE', *, *, #2552, .T. ) ;
#1626 = EDGE_CURVE ( 'NONE', #1445, #487, #1200, .T. ) ;
#1627 = PRODUCT_DEFINITION_FORMATION_WITH_SPECIFIED_SOURCE ( 'ANY', '', #1798, .NOT_KNOWN. ) ;
#1628 = LINE ( 'NONE', #3519, #684 ) ;
#1629 = DIRECTION ( 'NONE',  ( -0.000000000000000000, -0.9396926207859158664, 0.3420201433256479517 ) ) ;
#1630 = ORIENTED_EDGE ( 'NONE', *, *, #1938, .F. ) ;
#1631 = VECTOR ( 'NONE', #3223, 1000.000000000000114 ) ;
#1632 = DIRECTION ( 'NONE',  ( -0.000000000000000000, -0.9396926207859158664, 0.3420201433256479517 ) ) ;
#1633 = EDGE_CURVE ( 'NONE', #1998, #1469, #3425, .T. ) ;
#1634 = PLANE ( 'NONE',  #1019 ) ;
#1635 = ORIENTED_EDGE ( 'NONE', *, *, #3430, .T. ) ;
#1636 = ORIENTED_EDGE ( 'NONE', *, *, #481, .F. ) ;
#1637 = VERTEX_POINT ( 'NONE', #1713 ) ;
#1638 = CARTESIAN_POINT ( 'NONE',  ( 2.500000000000000000, 2.200000000000001510, -22.40285357832087598 ) ) ;
#1639 = CARTESIAN_POINT ( 'NONE',  ( 2.500000000000000000, 0.4000000000000015210, -56.21600000000000108 ) ) ;
#1640 = CARTESIAN_POINT ( 'NONE',  ( 2.500000000000000000, 0.4000000000000013545, -13.51200000000000045 ) ) ;
#1641 = FACE_OUTER_BOUND ( 'NONE', #147, .T. ) ;
#1642 = FACE_OUTER_BOUND ( 'NONE', #782, .T. ) ;
#1643 = ORIENTED_EDGE ( 'NONE', *, *, #2981, .T. ) ;
#1644 = EDGE_LOOP ( 'NONE', ( #323, #1613, #3388, #3130 ) ) ;
#1645 = CARTESIAN_POINT ( 'NONE',  ( 2.500000000000000000, 2.200000000000001510, -39.28714642167911819 ) ) ;
#1646 = CARTESIAN_POINT ( 'NONE',  ( -2.000000000000000000, 2.200000000000001510, -14.86685357832087817 ) ) ;
#1647 = EDGE_CURVE ( 'NONE', #2824, #438, #944, .T. ) ;
#1648 = VERTEX_POINT ( 'NONE', #2603 ) ;
#1649 = CARTESIAN_POINT ( 'NONE',  ( -2.500000000000000000, 0.4000000000000013545, -43.65599999999999881 ) ) ;
#1650 = LINE ( 'NONE', #231, #3294 ) ;
#1651 = EDGE_LOOP ( 'NONE', ( #360, #228, #405, #3098 ) ) ;
#1652 = EDGE_CURVE ( 'NONE', #66, #5, #3169, .T. ) ;
#1653 = ORIENTED_EDGE ( 'NONE', *, *, #732, .F. ) ;
#1654 = CARTESIAN_POINT ( 'NONE',  ( -2.500000000000000000, 2.200000000000001510, -44.31114642167911910 ) ) ;
#1655 = CARTESIAN_POINT ( 'NONE',  ( -2.000000000000000000, 0.000000000000000000, -62.00000000000000000 ) ) ;
#1656 = CARTESIAN_POINT ( 'NONE',  ( -2.500000000000000000, 2.200000000000001510, -60.08285357832087925 ) ) ;
#1657 = CARTESIAN_POINT ( 'NONE',  ( -2.500000000000000000, 0.4000000000000013545, -53.70400000000000063 ) ) ;
#1658 = DIRECTION ( 'NONE',  ( 0.000000000000000000, -0.8660254037844379305, -0.5000000000000013323 ) ) ;
#1659 = DIRECTION ( 'NONE',  ( -0.000000000000000000, -0.000000000000000000, 1.000000000000000000 ) ) ;
#1660 = CARTESIAN_POINT ( 'NONE',  ( -2.000000000000000000, 0.4000000000000015210, -45.66599999999999682 ) ) ;
#1661 = LINE ( 'NONE', #2770, #2629 ) ;
#1662 = ORIENTED_EDGE ( 'NONE', *, *, #3288, .F. ) ;
#1663 = VECTOR ( 'NONE', #1510, 1000.000000000000000 ) ;
#1664 = CARTESIAN_POINT ( 'NONE',  ( 2.500000000000000000, 0.4000000000000015210, -40.64199999999999591 ) ) ;
#1665 = EDGE_CURVE ( 'NONE', #3618, #1480, #3528, .T. ) ;
#1666 = PLANE ( 'NONE',  #2294 ) ;
#1667 = VECTOR ( 'NONE', #559, 1000.000000000000114 ) ;
#1668 = CARTESIAN_POINT ( 'NONE',  ( 2.500000000000000444, 4.599999999999999645, -5.449999999999998401 ) ) ;
#1669 = ORIENTED_EDGE ( 'NONE', *, *, #898, .T. ) ;
#1670 = DIRECTION ( 'NONE',  ( -0.000000000000000000, -0.000000000000000000, -1.000000000000000000 ) ) ;
#1671 = AXIS2_PLACEMENT_3D ( 'NONE', #3224, #2330, #2123 ) ;
#1672 = EDGE_CURVE ( 'NONE', #3368, #50, #1145, .T. ) ;
#1673 = CARTESIAN_POINT ( 'NONE',  ( -2.000000000000000000, 0.4000000000000013545, -38.63199999999999790 ) ) ;
#1674 = VECTOR ( 'NONE', #114, 1000.000000000000000 ) ;
#1675 = EDGE_CURVE ( 'NONE', #607, #959, #3095, .T. ) ;
#1676 = CARTESIAN_POINT ( 'NONE',  ( 0.9000000000000000222, 7.349999999999999645, -11.64999999999998259 ) ) ;
#1677 = LINE ( 'NONE', #3377, #431 ) ;
#1678 = FACE_OUTER_BOUND ( 'NONE', #284, .T. ) ;
#1679 = ORIENTED_EDGE ( 'NONE', *, *, #3619, .T. ) ;
#1680 = VECTOR ( 'NONE', #1923, 1000.000000000000114 ) ;
#1681 = DIRECTION ( 'NONE',  ( 0.000000000000000000, 1.000000000000000000, 0.000000000000000000 ) ) ;
#1682 = CARTESIAN_POINT ( 'NONE',  ( 2.500000000000000000, 6.500000000000013323, -62.00000000000000000 ) ) ;
#1683 = DIRECTION ( 'NONE',  ( 1.000000000000000000, 0.000000000000000000, 0.000000000000000000 ) ) ;
#1684 = ORIENTED_EDGE ( 'NONE', *, *, #2094, .F. ) ;
#1685 = CARTESIAN_POINT ( 'NONE',  ( 1.650000000000002132, 7.349999999999999645, -11.14999999999998614 ) ) ;
#1686 = VECTOR ( 'NONE', #3279, 1000.000000000000000 ) ;
#1687 = DIRECTION ( 'NONE',  ( -1.000000000000000000, 0.000000000000000000, -0.000000000000000000 ) ) ;
#1688 = DIRECTION ( 'NONE',  ( -0.000000000000000000, 0.7071067811865396902, -0.7071067811865553443 ) ) ;
#1689 = CARTESIAN_POINT ( 'NONE',  ( -2.500000000000000000, 2.200000000000001510, -51.84714642167912046 ) ) ;
#1690 = ADVANCED_FACE ( 'NONE', ( #47 ), #1159, .F. ) ;
#1691 = ORIENTED_EDGE ( 'NONE', *, *, #3595, .T. ) ;
#1692 = ORIENTED_EDGE ( 'NONE', *, *, #2261, .T. ) ;
#1693 = DIRECTION ( 'NONE',  ( -0.000000000000000000, -0.000000000000000000, -1.000000000000000000 ) ) ;
#1694 = ORIENTED_EDGE ( 'NONE', *, *, #2647, .T. ) ;
#1695 = LINE ( 'NONE', #1397, #1897 ) ;
#1696 = CARTESIAN_POINT ( 'NONE',  ( 2.500000000000000000, 6.500000000000013323, -1.000000000000000888 ) ) ;
#1697 = ORIENTED_EDGE ( 'NONE', *, *, #771, .T. ) ;
#1698 = CARTESIAN_POINT ( 'NONE',  ( -2.000000000000000000, 2.200000000000001510, -51.84714642167912046 ) ) ;
#1699 = FACE_OUTER_BOUND ( 'NONE', #2264, .T. ) ;
#1700 = CLOSED_SHELL ( 'NONE', ( #2334, #768, #2367, #2463, #1702, #1476, #2619, #2599, #2297, #1690, #939, #697, #1579, #3055, #2020, #3307, #1185, #1195, #82, #3092, #988, #1594, #1482, #2640, #1933, #2594, #2320, #1711, #815, #676, #2759, #46, #1929, #3132, #71, #1225, #1258, #2668, #1046, #1307, #3151, #1840, #362, #340, #2079, #2506, #681, #2788, #1150, #7, #1230, #525, #2959, #477, #464, #1793, #1350, #116, #635, #2738, #547, #3241, #2965, #743, #609, #3569, #725, #3466, #144, #3247, #2801, #1235, #3251, #2404, #1619, #1871, #1815, #1736, #2782, #1526, #276, #2114, #1888, #188, #2131, #1866, #2820, #2430, #2733, #992, #2797, #1910, #3116, #1771, #1573, #2234, #485, #2217, #2662, #1366, #2254, #1775, #2863, #413, #1067, #2011, #973, #2357, #2195, #1379 ) ) ;
#1701 = FACE_OUTER_BOUND ( 'NONE', #462, .T. ) ;
#1702 = ADVANCED_FACE ( 'NONE', ( #2374 ), #3262, .T. ) ;
#1703 = CARTESIAN_POINT ( 'NONE',  ( 2.500000000000000000, 2.200000000000001510, -16.67914642167911765 ) ) ;
#1704 = CARTESIAN_POINT ( 'NONE',  ( -5.158120924967771082, 7.349999999999999645, -11.14999999999998437 ) ) ;
#1705 = ORIENTED_EDGE ( 'NONE', *, *, #2577, .T. ) ;
#1706 = ORIENTED_EDGE ( 'NONE', *, *, #1591, .T. ) ;
#1707 = EDGE_CURVE ( 'NONE', #2219, #2776, #2913, .T. ) ;
#1708 = VECTOR ( 'NONE', #2966, 1000.000000000000000 ) ;
#1709 = CARTESIAN_POINT ( 'NONE',  ( 2.500000000000000000, 0.4000000000000015210, -81.27975906833177078 ) ) ;
#1710 = ORIENTED_EDGE ( 'NONE', *, *, #1852, .F. ) ;
#1711 = ADVANCED_FACE ( 'NONE', ( #471 ), #998, .F. ) ;
#1712 = CARTESIAN_POINT ( 'NONE',  ( 2.500000000000000000, 2.200000000000001510, -32.45085357832088135 ) ) ;
#1713 = CARTESIAN_POINT ( 'NONE',  ( -2.000000000000000000, 2.200000000000001510, -50.03485357832087743 ) ) ;
#1714 = ORIENTED_EDGE ( 'NONE', *, *, #393, .T. ) ;
#1715 = ORIENTED_EDGE ( 'NONE', *, *, #1017, .T. ) ;
#1716 = VERTEX_POINT ( 'NONE', #1586 ) ;
#1717 = CARTESIAN_POINT ( 'NONE',  ( 2.500000000000000000, 0.000000000000000000, -1.000000000000000888 ) ) ;
#1718 = VECTOR ( 'NONE', #2550, 1000.000000000000114 ) ;
#1719 = DIRECTION ( 'NONE',  ( 0.000000000000000000, 0.9396926207859159774, -0.3420201433256480628 ) ) ;
#1720 = DIRECTION ( 'NONE',  ( -0.000000000000000000, 0.3420201433256487844, -0.9396926207859156444 ) ) ;
#1721 = VECTOR ( 'NONE', #868, 1000.000000000000000 ) ;
#1722 = DIRECTION ( 'NONE',  ( -0.000000000000000000, 0.8660254037844379305, 0.5000000000000013323 ) ) ;
#1723 = VECTOR ( 'NONE', #2763, 1000.000000000000000 ) ;
#1724 = DIRECTION ( 'NONE',  ( 0.000000000000000000, 0.000000000000000000, -1.000000000000000000 ) ) ;
#1725 = CARTESIAN_POINT ( 'NONE',  ( -2.500000000000000000, 2.200000000000001510, -36.77514642167911774 ) ) ;
#1726 = ORIENTED_EDGE ( 'NONE', *, *, #2572, .F. ) ;
#1727 = VERTEX_POINT ( 'NONE', #2933 ) ;
#1728 = DIRECTION ( 'NONE',  ( 0.000000000000000000, 1.000000000000000000, 0.000000000000000000 ) ) ;
#1729 = CARTESIAN_POINT ( 'NONE',  ( 2.500000000000000000, 0.4000000000000015210, -81.27975906833177078 ) ) ;
#1730 = ORIENTED_EDGE ( 'NONE', *, *, #921, .T. ) ;
#1731 = EDGE_CURVE ( 'NONE', #550, #3618, #2533, .T. ) ;
#1732 = FACE_OUTER_BOUND ( 'NONE', #99, .T. ) ;
#1733 = VERTEX_POINT ( 'NONE', #2088 ) ;
#1734 = VECTOR ( 'NONE', #3026, 1000.000000000000000 ) ;
#1735 = EDGE_LOOP ( 'NONE', ( #1823, #810, #2699, #2085 ) ) ;
#1736 = ADVANCED_FACE ( 'NONE', ( #2701 ), #2639, .F. ) ;
#1737 = CARTESIAN_POINT ( 'NONE',  ( 2.500000000000000000, 2.200000000000001510, -37.47485357832088226 ) ) ;
#1738 = CARTESIAN_POINT ( 'NONE',  ( -2.500000000000000000, 2.200000000000001510, -57.57085357832087880 ) ) ;
#1739 = DIRECTION ( 'NONE',  ( 0.000000000000000000, -0.9396926207859158664, 0.3420201433256479517 ) ) ;
#1740 = VECTOR ( 'NONE', #3503, 1000.000000000000000 ) ;
#1741 = DIRECTION ( 'NONE',  ( 0.000000000000000000, 0.9396926207859156444, 0.3420201433256487844 ) ) ;
#1742 = LINE ( 'NONE', #1391, #2224 ) ;
#1743 = ORIENTED_EDGE ( 'NONE', *, *, #640, .F. ) ;
#1744 = ORIENTED_EDGE ( 'NONE', *, *, #1107, .F. ) ;
#1745 = LINE ( 'NONE', #3438, #396 ) ;
#1746 = DIRECTION ( 'NONE',  ( 0.000000000000000000, -0.9396926207859158664, 0.3420201433256479517 ) ) ;
#1747 = PRODUCT_DEFINITION ( 'UNKNOWN', '', #1627, #2243 ) ;
#1748 = PLANE ( 'NONE',  #3529 ) ;
#1749 = CARTESIAN_POINT ( 'NONE',  ( -2.000000000000000000, 0.4000000000000013545, -31.09600000000000009 ) ) ;
#1750 = EDGE_CURVE ( 'NONE', #959, #2528, #1310, .T. ) ;
#1751 = PLANE ( 'NONE',  #556 ) ;
#1752 = ORIENTED_EDGE ( 'NONE', *, *, #2867, .F. ) ;
#1753 = ORIENTED_EDGE ( 'NONE', *, *, #1873, .T. ) ;
#1754 = ORIENTED_EDGE ( 'NONE', *, *, #337, .F. ) ;
#1755 = CARTESIAN_POINT ( 'NONE',  ( 2.500000000000000000, 0.4000000000000015210, -28.08199999999999719 ) ) ;
#1756 = LINE ( 'NONE', #327, #1734 ) ;
#1757 = EDGE_CURVE ( 'NONE', #2993, #2799, #2353, .T. ) ;
#1758 = DIRECTION ( 'NONE',  ( 0.000000000000000000, -0.9396926207859158664, 0.3420201433256479517 ) ) ;
#1759 = CARTESIAN_POINT ( 'NONE',  ( 2.500000000000000000, 1.589891632330215021, -13.94508513617059187 ) ) ;
#1760 = EDGE_CURVE ( 'NONE', #2076, #2325, #1570, .T. ) ;
#1761 = CARTESIAN_POINT ( 'NONE',  ( -2.000000000000000000, 0.4000000000000013545, -33.60799999999999699 ) ) ;
#1762 = ORIENTED_EDGE ( 'NONE', *, *, #291, .T. ) ;
#1763 = LINE ( 'NONE', #1502, #2548 ) ;
#1764 = CARTESIAN_POINT ( 'NONE',  ( 0.9000000000000000222, 5.349999999999997868, -62.00000000000000000 ) ) ;
#1765 = CARTESIAN_POINT ( 'NONE',  ( 2.000000000000006661, 7.000000000000000000, -62.00000000000000000 ) ) ;
#1766 = CARTESIAN_POINT ( 'NONE',  ( 2.500000000000000000, 0.4000000000000015210, -81.27975906833177078 ) ) ;
#1767 = LINE ( 'NONE', #64, #1479 ) ;
#1768 = AXIS2_PLACEMENT_3D ( 'NONE', #2263, #2786, #2246 ) ;
#1769 = EDGE_LOOP ( 'NONE', ( #597, #977, #2124, #422 ) ) ;
#1770 = LINE ( 'NONE', #1183, #1663 ) ;
#1771 = ADVANCED_FACE ( 'NONE', ( #1524 ), #3520, .F. ) ;
#1772 = VECTOR ( 'NONE', #164, 1000.000000000000000 ) ;
#1773 = CARTESIAN_POINT ( 'NONE',  ( 0.9000000000000000222, 0.000000000000000000, 0.000000000000000000 ) ) ;
#1774 = AXIS2_PLACEMENT_3D ( 'NONE', #2307, #380, #1790 ) ;
#1775 = ADVANCED_FACE ( 'NONE', ( #1267 ), #2621, .F. ) ;
#1776 = LINE ( 'NONE', #461, #3298 ) ;
#1777 = AXIS2_PLACEMENT_3D ( 'NONE', #2796, #881, #1994 ) ;
#1778 = VERTEX_POINT ( 'NONE', #723 ) ;
#1779 = DIRECTION ( 'NONE',  ( -1.000000000000000000, -0.000000000000000000, -0.000000000000000000 ) ) ;
#1780 = EDGE_CURVE ( 'NONE', #1234, #2140, #3246, .T. ) ;
#1781 = VECTOR ( 'NONE', #2062, 1000.000000000000000 ) ;
#1782 = DIRECTION ( 'NONE',  ( 0.7071067811865474617, 0.7071067811865474617, 0.000000000000000000 ) ) ;
#1783 = DIRECTION ( 'NONE',  ( 1.000000000000000000, 0.000000000000000000, 0.000000000000000000 ) ) ;
#1784 = VERTEX_POINT ( 'NONE', #118 ) ;
#1785 = AXIS2_PLACEMENT_3D ( 'NONE', #3602, #3063, #563 ) ;
#1786 = CARTESIAN_POINT ( 'NONE',  ( -2.500000000000000000, 0.3999999999999997446, -9.049999999999998934 ) ) ;
#1787 = DIRECTION ( 'NONE',  ( 0.000000000000000000, -0.9396926207859158664, 0.3420201433256480072 ) ) ;
#1788 = CARTESIAN_POINT ( 'NONE',  ( 2.500000000000000000, 0.4000000000000015210, -81.27975906833177078 ) ) ;
#1789 = EDGE_LOOP ( 'NONE', ( #845, #1272, #2355, #84 ) ) ;
#1790 = DIRECTION ( 'NONE',  ( 0.000000000000000000, 0.000000000000000000, 1.000000000000000000 ) ) ;
#1791 = LINE ( 'NONE', #3432, #1430 ) ;
#1792 = VECTOR ( 'NONE', #1659, 1000.000000000000000 ) ;
#1793 = ADVANCED_FACE ( 'NONE', ( #2144 ), #2989, .F. ) ;
#1794 = EDGE_CURVE ( 'NONE', #171, #342, #1229, .T. ) ;
#1795 = CARTESIAN_POINT ( 'NONE',  ( 2.500000000000000000, 0.4000000000000015210, -81.27975906833177078 ) ) ;
#1796 = VECTOR ( 'NONE', #414, 1000.000000000000000 ) ;
#1797 = ORIENTED_EDGE ( 'NONE', *, *, #712, .T. ) ;
#1798 = PRODUCT ( 'RB9.01.062.030 Gear rack', 'RB9.01.062.030 Gear rack', '', ( #91 ) ) ;
#1799 = VECTOR ( 'NONE', #1890, 1000.000000000000227 ) ;
#1800 = DIRECTION ( 'NONE',  ( -0.000000000000000000, -0.000000000000000000, 1.000000000000000000 ) ) ;
#1801 = DIRECTION ( 'NONE',  ( 0.000000000000000000, 0.9396926207859156444, 0.3420201433256487844 ) ) ;
#1802 = EDGE_CURVE ( 'NONE', #1432, #5, #3462, .T. ) ;
#1803 = EDGE_LOOP ( 'NONE', ( #2298, #2452, #2337, #3435 ) ) ;
#1804 = LINE ( 'NONE', #2318, #2790 ) ;
#1805 = PLANE ( 'NONE',  #86 ) ;
#1806 = ORIENTED_EDGE ( 'NONE', *, *, #532, .F. ) ;
#1807 = DIRECTION ( 'NONE',  ( 0.000000000000000000, 0.000000000000000000, -1.000000000000000000 ) ) ;
#1808 = CARTESIAN_POINT ( 'NONE',  ( -1.500000000000013545, 0.3999999999999997446, -5.449999999999999289 ) ) ;
#1809 = EDGE_LOOP ( 'NONE', ( #1705, #552, #2372 ) ) ;
#1810 = ORIENTED_EDGE ( 'NONE', *, *, #702, .T. ) ;
#1811 = DIRECTION ( 'NONE',  ( -0.000000000000000000, -0.000000000000000000, -1.000000000000000000 ) ) ;
#1812 = ORIENTED_EDGE ( 'NONE', *, *, #1408, .T. ) ;
#1813 = CARTESIAN_POINT ( 'NONE',  ( -2.000000000000000000, 0.000000000000000000, -4.197056274847746238 ) ) ;
#1814 = EDGE_LOOP ( 'NONE', ( #1762, #2252, #1385, #2971 ) ) ;
#1815 = ADVANCED_FACE ( 'NONE', ( #2070 ), #1805, .F. ) ;
#1816 = DIRECTION ( 'NONE',  ( 1.000000000000000000, 0.000000000000000000, 0.000000000000000000 ) ) ;
#1817 = DIRECTION ( 'NONE',  ( 0.000000000000000000, -0.9396926207859158664, 0.3420201433256479517 ) ) ;
#1818 = ORIENTED_EDGE ( 'NONE', *, *, #2892, .T. ) ;
#1819 = ORIENTED_EDGE ( 'NONE', *, *, #1852, .T. ) ;
#1820 = EDGE_CURVE ( 'NONE', #2336, #3268, #1931, .T. ) ;
#1821 = DIRECTION ( 'NONE',  ( 0.000000000000000000, 0.000000000000000000, 1.000000000000000000 ) ) ;
#1822 = CARTESIAN_POINT ( 'NONE',  ( -2.500000000000000000, 0.4000000000000013545, -31.09600000000000009 ) ) ;
#1823 = ORIENTED_EDGE ( 'NONE', *, *, #1167, .T. ) ;
#1824 = DIRECTION ( 'NONE',  ( 0.000000000000000000, 0.000000000000000000, -1.000000000000000000 ) ) ;
#1825 = EDGE_CURVE ( 'NONE', #272, #333, #3032, .T. ) ;
#1826 = VECTOR ( 'NONE', #2833, 1000.000000000000114 ) ;
#1827 = CARTESIAN_POINT ( 'NONE',  ( -2.000000000000000000, 2.200000000000001510, -45.01085357832087652 ) ) ;
#1828 = ORIENTED_EDGE ( 'NONE', *, *, #67, .T. ) ;
#1829 = ORIENTED_EDGE ( 'NONE', *, *, #2689, .F. ) ;
#1830 = LINE ( 'NONE', #653, #74 ) ;
#1831 = VECTOR ( 'NONE', #2132, 1000.000000000000114 ) ;
#1832 = DIRECTION ( 'NONE',  ( 0.000000000000000000, 0.000000000000000000, 1.000000000000000000 ) ) ;
#1833 = VECTOR ( 'NONE', #2253, 1000.000000000000000 ) ;
#1834 = DIRECTION ( 'NONE',  ( 0.000000000000000000, 0.9396926207859156444, 0.3420201433256487844 ) ) ;
#1835 = ORIENTED_EDGE ( 'NONE', *, *, #1190, .F. ) ;
#1836 = VECTOR ( 'NONE', #1467, 1000.000000000000000 ) ;
#1837 = PLANE ( 'NONE',  #2887 ) ;
#1838 = DIRECTION ( 'NONE',  ( -1.000000000000000000, 0.000000000000000000, 0.000000000000000000 ) ) ;
#1839 = ORIENTED_EDGE ( 'NONE', *, *, #646, .F. ) ;
#1840 = ADVANCED_FACE ( 'NONE', ( #2737 ), #2775, .F. ) ;
#1841 = VECTOR ( 'NONE', #1832, 1000.000000000000000 ) ;
#1842 = ORIENTED_EDGE ( 'NONE', *, *, #1974, .F. ) ;
#1843 = LINE ( 'NONE', #2454, #2494 ) ;
#1844 = DIRECTION ( 'NONE',  ( 0.000000000000000000, -0.9396926207859158664, 0.3420201433256479517 ) ) ;
#1845 = EDGE_CURVE ( 'NONE', #50, #505, #1948, .T. ) ;
#1846 = ORIENTED_EDGE ( 'NONE', *, *, #3194, .F. ) ;
#1847 = DIRECTION ( 'NONE',  ( 1.000000000000000000, 0.000000000000000000, 0.000000000000000000 ) ) ;
#1848 = DIRECTION ( 'NONE',  ( 0.000000000000000000, 0.000000000000000000, 1.000000000000000000 ) ) ;
#1849 = VECTOR ( 'NONE', #328, 1000.000000000000000 ) ;
#1850 = DIRECTION ( 'NONE',  ( 1.083886928473703744E-16, 0.7071067811865553443, 0.7071067811865396902 ) ) ;
#1851 = VERTEX_POINT ( 'NONE', #858 ) ;
#1852 = EDGE_CURVE ( 'NONE', #821, #438, #544, .T. ) ;
#1853 = ORIENTED_EDGE ( 'NONE', *, *, #113, .T. ) ;
#1854 = LINE ( 'NONE', #3527, #548 ) ;
#1855 = DIRECTION ( 'NONE',  ( 0.000000000000000000, 0.000000000000000000, -1.000000000000000000 ) ) ;
#1856 = DIRECTION ( 'NONE',  ( -0.000000000000000000, -0.7071067811865434649, -0.7071067811865516806 ) ) ;
#1857 = FACE_OUTER_BOUND ( 'NONE', #2761, .T. ) ;
#1858 = LINE ( 'NONE', #739, #479 ) ;
#1859 = ORIENTED_EDGE ( 'NONE', *, *, #846, .F. ) ;
#1860 = AXIS2_PLACEMENT_3D ( 'NONE', #1972, #2499, #3039 ) ;
#1861 = CARTESIAN_POINT ( 'NONE',  ( -2.500000000000000000, 2.200000000000001510, -41.79914642167911865 ) ) ;
#1862 = PLANE ( 'NONE',  #1614 ) ;
#1863 = DIRECTION ( 'NONE',  ( 0.000000000000000000, 0.000000000000000000, 1.000000000000000000 ) ) ;
#1864 = ORIENTED_EDGE ( 'NONE', *, *, #2363, .F. ) ;
#1865 = DIRECTION ( 'NONE',  ( 0.000000000000000000, -0.9396926207859158664, 0.3420201433256479517 ) ) ;
#1866 = ADVANCED_FACE ( 'NONE', ( #267 ), #839, .F. ) ;
#1867 = DIRECTION ( 'NONE',  ( 0.000000000000000000, 0.000000000000000000, 1.000000000000000000 ) ) ;
#1868 = ORIENTED_EDGE ( 'NONE', *, *, #2981, .F. ) ;
#1869 = VERTEX_POINT ( 'NONE', #3348 ) ;
#1870 = CARTESIAN_POINT ( 'NONE',  ( -0.2676479083840869189, -3.232352091615927847, -2.464704183231821055 ) ) ;
#1871 = ADVANCED_FACE ( 'NONE', ( #1964 ), #1900, .F. ) ;
#1872 = DIRECTION ( 'NONE',  ( 0.000000000000000000, -0.9396926207859158664, 0.3420201433256479517 ) ) ;
#1873 = EDGE_CURVE ( 'NONE', #2803, #3526, #2266, .T. ) ;
#1874 = DIRECTION ( 'NONE',  ( 1.000000000000000000, 0.000000000000000000, 0.000000000000000000 ) ) ;
#1875 = DIRECTION ( 'NONE',  ( 0.000000000000000000, 0.000000000000000000, 1.000000000000000000 ) ) ;
#1876 = DIRECTION ( 'NONE',  ( 0.000000000000000000, 0.9396926207859156444, 0.3420201433256487844 ) ) ;
#1877 = VERTEX_POINT ( 'NONE', #2838 ) ;
#1878 = FACE_OUTER_BOUND ( 'NONE', #366, .T. ) ;
#1879 = CARTESIAN_POINT ( 'NONE',  ( -2.000000000000000000, 2.200000000000001510, -54.35914642167912092 ) ) ;
#1880 = ORIENTED_EDGE ( 'NONE', *, *, #2152, .T. ) ;
#1881 = PLANE ( 'NONE',  #1016 ) ;
#1882 = DIRECTION ( 'NONE',  ( 0.000000000000000000, -1.000000000000000000, -2.065146995210484695E-16 ) ) ;
#1883 = CARTESIAN_POINT ( 'NONE',  ( -2.500000000000000000, 5.000000000000000000, -60.00000000000000000 ) ) ;
#1884 = ORIENTED_EDGE ( 'NONE', *, *, #3546, .F. ) ;
#1885 = ORIENTED_EDGE ( 'NONE', *, *, #234, .F. ) ;
#1886 = FACE_OUTER_BOUND ( 'NONE', #541, .T. ) ;
#1887 = DIRECTION ( 'NONE',  ( 0.000000000000000000, -0.9396926207859158664, 0.3420201433256479517 ) ) ;
#1888 = ADVANCED_FACE ( 'NONE', ( #338 ), #887, .F. ) ;
#1889 = VECTOR ( 'NONE', #2225, 1000.000000000000000 ) ;
#1890 = DIRECTION ( 'NONE',  ( 0.3236155771181668528, -0.8891264907160012498, 0.3236155771181671303 ) ) ;
#1891 = CARTESIAN_POINT ( 'NONE',  ( -2.000000000000000000, -1.500000000000020872, -62.00000000000000000 ) ) ;
#1892 = DIRECTION ( 'NONE',  ( 0.000000000000000000, 0.000000000000000000, 1.000000000000000000 ) ) ;
#1893 = VERTEX_POINT ( 'NONE', #2560 ) ;
#1894 = EDGE_CURVE ( 'NONE', #1280, #355, #1140, .T. ) ;
#1895 = ORIENTED_EDGE ( 'NONE', *, *, #1938, .T. ) ;
#1896 = ORIENTED_EDGE ( 'NONE', *, *, #3068, .T. ) ;
#1897 = VECTOR ( 'NONE', #1919, 1000.000000000000000 ) ;
#1898 = DIRECTION ( 'NONE',  ( 1.000000000000000000, 0.000000000000000000, 0.000000000000000000 ) ) ;
#1899 = AXIS2_PLACEMENT_3D ( 'NONE', #1020, #2394, #3187 ) ;
#1900 = PLANE ( 'NONE',  #558 ) ;
#1901 = ORIENTED_EDGE ( 'NONE', *, *, #1122, .F. ) ;
#1902 = VECTOR ( 'NONE', #1065, 1000.000000000000114 ) ;
#1903 = DIRECTION ( 'NONE',  ( -1.000000000000000000, 0.000000000000000000, -0.000000000000000000 ) ) ;
#1904 = ORIENTED_EDGE ( 'NONE', *, *, #2892, .F. ) ;
#1905 = ORIENTED_EDGE ( 'NONE', *, *, #3551, .F. ) ;
#1906 = VECTOR ( 'NONE', #2000, 1000.000000000000000 ) ;
#1907 = EDGE_CURVE ( 'NONE', #145, #2390, #81, .T. ) ;
#1908 = DIRECTION ( 'NONE',  ( -0.000000000000000000, 1.000000000000000000, 0.000000000000000000 ) ) ;
#1909 = AXIS2_PLACEMENT_3D ( 'NONE', #3373, #1088, #2193 ) ;
#1910 = ADVANCED_FACE ( 'NONE', ( #2251 ), #3383, .T. ) ;
#1911 = DIRECTION ( 'NONE',  ( 0.000000000000000000, 0.000000000000000000, 1.000000000000000000 ) ) ;
#1912 = DIRECTION ( 'NONE',  ( 1.000000000000000000, 0.000000000000000000, 0.000000000000000000 ) ) ;
#1913 = CARTESIAN_POINT ( 'NONE',  ( -2.000000000000000000, 25.70000000000000284, -36.29999999999996163 ) ) ;
#1914 = VERTEX_POINT ( 'NONE', #45 ) ;
#1915 =( GEOMETRIC_REPRESENTATION_CONTEXT ( 3 ) GLOBAL_UNCERTAINTY_ASSIGNED_CONTEXT ( ( #2574 ) ) GLOBAL_UNIT_ASSIGNED_CONTEXT ( ( #728, #2333, #3486 ) ) REPRESENTATION_CONTEXT ( 'NONE', 'WORKASPACE' ) );
#1916 = EDGE_LOOP ( 'NONE', ( #77, #3501, #2226, #1535 ) ) ;
#1917 = DIRECTION ( 'NONE',  ( 0.000000000000000000, 1.182766006347823109E-16, 1.000000000000000000 ) ) ;
#1918 = AXIS2_PLACEMENT_3D ( 'NONE', #2073, #1850, #1574 ) ;
#1919 = DIRECTION ( 'NONE',  ( 1.000000000000000000, 0.000000000000000000, 0.000000000000000000 ) ) ;
#1920 = PLANE ( 'NONE',  #1309 ) ;
#1921 = ORIENTED_EDGE ( 'NONE', *, *, #1487, .T. ) ;
#1922 = PLANE ( 'NONE',  #1414 ) ;
#1923 = DIRECTION ( 'NONE',  ( -0.000000000000000000, -0.9396926207859158664, 0.3420201433256479517 ) ) ;
#1924 = DIRECTION ( 'NONE',  ( 0.000000000000000000, 0.000000000000000000, 1.000000000000000000 ) ) ;
#1925 = FACE_OUTER_BOUND ( 'NONE', #3165, .T. ) ;
#1926 = ORIENTED_EDGE ( 'NONE', *, *, #2936, .T. ) ;
#1927 = ORIENTED_EDGE ( 'NONE', *, *, #1956, .F. ) ;
#1928 = ORIENTED_EDGE ( 'NONE', *, *, #3227, .F. ) ;
#1929 = ADVANCED_FACE ( 'NONE', ( #354 ), #1748, .F. ) ;
#1930 = LINE ( 'NONE', #543, #798 ) ;
#1931 = LINE ( 'NONE', #1108, #3596 ) ;
#1932 = VERTEX_POINT ( 'NONE', #318 ) ;
#1933 = ADVANCED_FACE ( 'NONE', ( #2802 ), #3149, .F. ) ;
#1934 = CARTESIAN_POINT ( 'NONE',  ( 2.500000000000000000, 0.4000000000000013545, -36.11999999999999744 ) ) ;
#1935 = LINE ( 'NONE', #807, #2181 ) ;
#1936 = ORIENTED_EDGE ( 'NONE', *, *, #1327, .F. ) ;
#1937 = ORIENTED_EDGE ( 'NONE', *, *, #2383, .T. ) ;
#1938 = EDGE_CURVE ( 'NONE', #650, #2379, #2580, .T. ) ;
#1939 = CARTESIAN_POINT ( 'NONE',  ( -2.500000000000000000, 2.200000000000001510, -31.75114642167911683 ) ) ;
#1940 = CARTESIAN_POINT ( 'NONE',  ( 2.500000000000000000, 0.4000000000000015210, -48.17799999999999017 ) ) ;
#1941 = DIRECTION ( 'NONE',  ( -0.000000000000000000, -0.9396926207859158664, 0.3420201433256479517 ) ) ;
#1942 = DIRECTION ( 'NONE',  ( 0.000000000000000000, 0.9396926207859156444, 0.3420201433256487844 ) ) ;
#1943 = DIRECTION ( 'NONE',  ( 0.000000000000000000, 0.3746065934159092392, -0.9271838545667884235 ) ) ;
#1944 = FACE_OUTER_BOUND ( 'NONE', #468, .T. ) ;
#1945 = ORIENTED_EDGE ( 'NONE', *, *, #614, .F. ) ;
#1946 = FACE_OUTER_BOUND ( 'NONE', #1244, .T. ) ;
#1947 = EDGE_CURVE ( 'NONE', #659, #1432, #1196, .T. ) ;
#1948 = LINE ( 'NONE', #1094, #2120 ) ;
#1949 = VECTOR ( 'NONE', #2236, 1000.000000000000000 ) ;
#1950 = VERTEX_POINT ( 'NONE', #2018 ) ;
#1951 = CARTESIAN_POINT ( 'NONE',  ( 2.500000000000000444, 4.599999999999999645, -5.449999999999998401 ) ) ;
#1952 = VECTOR ( 'NONE', #1983, 1000.000000000000114 ) ;
#1953 = LINE ( 'NONE', #3285, #663 ) ;
#1954 = VERTEX_POINT ( 'NONE', #3422 ) ;
#1955 = VECTOR ( 'NONE', #645, 1000.000000000000114 ) ;
#1956 = EDGE_CURVE ( 'NONE', #359, #3045, #3135, .T. ) ;
#1957 = DIRECTION ( 'NONE',  ( -0.000000000000000000, 0.3420201433256487844, -0.9396926207859156444 ) ) ;
#1958 = AXIS2_PLACEMENT_3D ( 'NONE', #1883, #3570, #764 ) ;
#1959 = CARTESIAN_POINT ( 'NONE',  ( -2.500000000000000000, 0.4000000000000013545, -23.55999999999999872 ) ) ;
#1960 = ORIENTED_EDGE ( 'NONE', *, *, #2465, .T. ) ;
#1961 = ORIENTED_EDGE ( 'NONE', *, *, #865, .T. ) ;
#1962 = VECTOR ( 'NONE', #372, 999.9999999999998863 ) ;
#1963 = CARTESIAN_POINT ( 'NONE',  ( 1.500000000000000000, 2.200000000000001510, -62.00000000000000000 ) ) ;
#1964 = FACE_OUTER_BOUND ( 'NONE', #2660, .T. ) ;
#1965 = LINE ( 'NONE', #3082, #429 ) ;
#1966 = DIRECTION ( 'NONE',  ( 0.000000000000000000, 0.000000000000000000, -1.000000000000000000 ) ) ;
#1967 = ORIENTED_EDGE ( 'NONE', *, *, #1091, .T. ) ;
#1968 = VECTOR ( 'NONE', #2087, 1000.000000000000000 ) ;
#1969 = CARTESIAN_POINT ( 'NONE',  ( -1.500000000000013101, 0.3999999999999997446, -9.049999999999998934 ) ) ;
#1970 = EDGE_CURVE ( 'NONE', #2814, #66, #925, .T. ) ;
#1971 = VECTOR ( 'NONE', #941, 1000.000000000000000 ) ;
#1972 = CARTESIAN_POINT ( 'NONE',  ( -2.500000000000000000, 2.200000000000001510, -51.84714642167912046 ) ) ;
#1973 = DIRECTION ( 'NONE',  ( 0.000000000000000000, -0.9396926207859158664, 0.3420201433256479517 ) ) ;
#1974 = EDGE_CURVE ( 'NONE', #3369, #3601, #298, .T. ) ;
#1975 = CARTESIAN_POINT ( 'NONE',  ( -2.000000000000000000, 0.4000000000000015210, -62.00000000000000000 ) ) ;
#1976 = CARTESIAN_POINT ( 'NONE',  ( -2.500000000000000000, 0.4000000000000013545, -38.63199999999999790 ) ) ;
#1977 = LINE ( 'NONE', #3378, #1889 ) ;
#1978 = VERTEX_POINT ( 'NONE', #258 ) ;
#1979 = VERTEX_POINT ( 'NONE', #1676 ) ;
#1980 = EDGE_CURVE ( 'NONE', #1227, #2993, #573, .T. ) ;
#1981 = CARTESIAN_POINT ( 'NONE',  ( -2.000000000000000000, 0.4000000000000013545, -51.19200000000000017 ) ) ;
#1982 = CARTESIAN_POINT ( 'NONE',  ( 0.000000000000000000, 2.999999999999997780, -60.00000000000000000 ) ) ;
#1983 = DIRECTION ( 'NONE',  ( 0.000000000000000000, 0.9396926207859156444, 0.3420201433256487844 ) ) ;
#1984 = ORIENTED_EDGE ( 'NONE', *, *, #2765, .T. ) ;
#1985 = ORIENTED_EDGE ( 'NONE', *, *, #3221, .F. ) ;
#1986 = ORIENTED_EDGE ( 'NONE', *, *, #1825, .T. ) ;
#1987 = DIRECTION ( 'NONE',  ( 0.000000000000000000, 1.000000000000000000, 0.000000000000000000 ) ) ;
#1988 = DIRECTION ( 'NONE',  ( 0.000000000000000000, 0.000000000000000000, -1.000000000000000000 ) ) ;
#1989 = EDGE_CURVE ( 'NONE', #682, #2566, #2448, .T. ) ;
#1990 = CARTESIAN_POINT ( 'NONE',  ( -2.000000000000000000, 0.4000000000000013545, -56.21600000000000108 ) ) ;
#1991 = CARTESIAN_POINT ( 'NONE',  ( -2.000000000000000000, 0.4000000000000015210, -62.00000000000000000 ) ) ;
#1992 = CARTESIAN_POINT ( 'NONE',  ( -2.500000000000000000, 0.4000000000000013545, -58.72800000000000153 ) ) ;
#1993 = LINE ( 'NONE', #330, #1134 ) ;
#1994 = DIRECTION ( 'NONE',  ( -0.000000000000000000, 1.182766006347823109E-16, 1.000000000000000000 ) ) ;
#1995 = EDGE_CURVE ( 'NONE', #650, #590, #2172, .T. ) ;
#1996 = CARTESIAN_POINT ( 'NONE',  ( 2.500000000000000000, 2.200000000000001510, -24.91485357832087644 ) ) ;
#1997 = ORIENTED_EDGE ( 'NONE', *, *, #3511, .T. ) ;
#1998 = VERTEX_POINT ( 'NONE', #277 ) ;
#1999 = CARTESIAN_POINT ( 'NONE',  ( 2.500000000000000000, 2.200000000000001510, -46.82314642167911956 ) ) ;
#2000 = DIRECTION ( 'NONE',  ( 1.000000000000000000, 0.000000000000000000, 0.000000000000000000 ) ) ;
#2001 = CARTESIAN_POINT ( 'NONE',  ( -2.500000000000000000, 0.4000000000000013545, -28.58399999999999963 ) ) ;
#2002 = VECTOR ( 'NONE', #197, 1000.000000000000000 ) ;
#2003 = VECTOR ( 'NONE', #2720, 1000.000000000000000 ) ;
#2004 = DIRECTION ( 'NONE',  ( 0.000000000000000000, 0.000000000000000000, 1.000000000000000000 ) ) ;
#2005 = ORIENTED_EDGE ( 'NONE', *, *, #1652, .T. ) ;
#2006 = ORIENTED_EDGE ( 'NONE', *, *, #3375, .F. ) ;
#2007 = CARTESIAN_POINT ( 'NONE',  ( -2.500000000000000000, 0.4000000000000013545, -61.24000000000000199 ) ) ;
#2008 = VECTOR ( 'NONE', #183, 1000.000000000000114 ) ;
#2009 = DIRECTION ( 'NONE',  ( 0.000000000000000000, 1.000000000000000000, 0.000000000000000000 ) ) ;
#2010 = VECTOR ( 'NONE', #2, 1000.000000000000114 ) ;
#2011 = ADVANCED_FACE ( 'NONE', ( #1701 ), #2500, .F. ) ;
#2012 = CARTESIAN_POINT ( 'NONE',  ( 2.500000000000000000, 0.4000000000000015210, -81.27975906833177078 ) ) ;
#2013 = DIRECTION ( 'NONE',  ( -1.000000000000000000, 0.000000000000000000, 0.000000000000000000 ) ) ;
#2014 = VERTEX_POINT ( 'NONE', #2748 ) ;
#2015 = ORIENTED_EDGE ( 'NONE', *, *, #1989, .T. ) ;
#2016 = EDGE_CURVE ( 'NONE', #1480, #3212, #816, .T. ) ;
#2017 = FACE_BOUND ( 'NONE', #3441, .T. ) ;
#2018 = CARTESIAN_POINT ( 'NONE',  ( -2.000000000000000000, 2.200000000000001510, -60.08285357832087925 ) ) ;
#2019 = VECTOR ( 'NONE', #1988, 1000.000000000000000 ) ;
#2020 = ADVANCED_FACE ( 'NONE', ( #3338 ), #585, .F. ) ;
#2021 = CARTESIAN_POINT ( 'NONE',  ( 2.500000000000000000, 0.4000000000000015210, -51.19200000000000017 ) ) ;
#2022 = CARTESIAN_POINT ( 'NONE',  ( -3.500000000000000000, 2.200000000000001510, -19.89085357832087908 ) ) ;
#2023 = ORIENTED_EDGE ( 'NONE', *, *, #1675, .F. ) ;
#2024 = ORIENTED_EDGE ( 'NONE', *, *, #2530, .T. ) ;
#2025 = VERTEX_POINT ( 'NONE', #17 ) ;
#2026 = DIRECTION ( 'NONE',  ( -0.000000000000000000, -0.000000000000000000, 1.000000000000000000 ) ) ;
#2027 = CARTESIAN_POINT ( 'NONE',  ( 2.500000000000000000, 5.126617031813671232, -61.00000000000000000 ) ) ;
#2028 = FACE_OUTER_BOUND ( 'NONE', #3398, .T. ) ;
#2029 = VECTOR ( 'NONE', #2328, 1000.000000000000000 ) ;
#2030 = DIRECTION ( 'NONE',  ( 0.000000000000000000, -0.9396926207859158664, 0.3420201433256479517 ) ) ;
#2031 = ORIENTED_EDGE ( 'NONE', *, *, #2524, .F. ) ;
#2032 = CARTESIAN_POINT ( 'NONE',  ( -2.000000000000000000, 0.4000000000000015210, -15.52199999999999847 ) ) ;
#2033 = EDGE_LOOP ( 'NONE', ( #2344, #1985, #2446 ) ) ;
#2034 = CARTESIAN_POINT ( 'NONE',  ( -2.000000000000000000, 1.589891632330215021, -13.94508513617059187 ) ) ;
#2035 = EDGE_CURVE ( 'NONE', #3368, #1080, #2242, .T. ) ;
#2036 = CARTESIAN_POINT ( 'NONE',  ( -2.000000000000000000, 4.599999999999999645, -5.449999999999998401 ) ) ;
#2037 = CARTESIAN_POINT ( 'NONE',  ( -2.000000000000000000, 0.4000000000000015210, -62.00000000000000000 ) ) ;
#2038 = ORIENTED_EDGE ( 'NONE', *, *, #2615, .T. ) ;
#2039 = EDGE_CURVE ( 'NONE', #1384, #3510, #2466, .T. ) ;
#2040 = VERTEX_POINT ( 'NONE', #1639 ) ;
#2041 = LINE ( 'NONE', #2847, #78 ) ;
#2042 = CARTESIAN_POINT ( 'NONE',  ( 2.500000000000000000, 2.200000000000001510, -34.26314642167911728 ) ) ;
#2043 = CARTESIAN_POINT ( 'NONE',  ( 2.500000000000000000, 0.4000000000000015210, -81.27975906833177078 ) ) ;
#2044 = LINE ( 'NONE', #3159, #1423 ) ;
#2045 = CARTESIAN_POINT ( 'NONE',  ( -2.000000000000000000, 2.200000000000001510, -32.45085357832088135 ) ) ;
#2046 = CARTESIAN_POINT ( 'NONE',  ( -2.500000000000000000, 0.4000000000000015210, -30.59399999999999764 ) ) ;
#2047 = VERTEX_POINT ( 'NONE', #238 ) ;
#2048 = ORIENTED_EDGE ( 'NONE', *, *, #3260, .T. ) ;
#2049 = EDGE_CURVE ( 'NONE', #2528, #124, #3176, .T. ) ;
#2050 = DIRECTION ( 'NONE',  ( -0.000000000000000000, 1.000000000000000000, 0.000000000000000000 ) ) ;
#2051 = VECTOR ( 'NONE', #2885, 1000.000000000000000 ) ;
#2052 = CARTESIAN_POINT ( 'NONE',  ( -2.000000000000000000, 0.4000000000000013545, -18.53599999999999781 ) ) ;
#2053 = VERTEX_POINT ( 'NONE', #2324 ) ;
#2054 = CARTESIAN_POINT ( 'NONE',  ( -2.000000000000000000, 2.200000000000001510, -47.52285357832087698 ) ) ;
#2055 = EDGE_CURVE ( 'NONE', #683, #343, #2276, .T. ) ;
#2056 = AXIS2_PLACEMENT_3D ( 'NONE', #1992, #3102, #1739 ) ;
#2057 = CARTESIAN_POINT ( 'NONE',  ( -2.500000000000000000, 2.200000000000001510, -47.52285357832087698 ) ) ;
#2058 = VERTEX_POINT ( 'NONE', #2262 ) ;
#2059 = LINE ( 'NONE', #1206, #2934 ) ;
#2060 = VECTOR ( 'NONE', #1670, 1000.000000000000000 ) ;
#2061 = EDGE_CURVE ( 'NONE', #873, #2608, #1187, .T. ) ;
#2062 = DIRECTION ( 'NONE',  ( 0.000000000000000000, 0.000000000000000000, -1.000000000000000000 ) ) ;
#2063 = AXIS2_PLACEMENT_3D ( 'NONE', #716, #3275, #796 ) ;
#2064 = CARTESIAN_POINT ( 'NONE',  ( -2.500000000000000000, 2.200000000000001510, -34.26314642167911728 ) ) ;
#2065 = AXIS2_PLACEMENT_3D ( 'NONE', #1381, #1681, #2718 ) ;
#2066 = CARTESIAN_POINT ( 'NONE',  ( -2.000000000000000000, 0.4000000000000013545, -28.58399999999999963 ) ) ;
#2067 = AXIS2_PLACEMENT_3D ( 'NONE', #398, #686, #1285 ) ;
#2068 = VERTEX_POINT ( 'NONE', #917 ) ;
#2069 = ORIENTED_EDGE ( 'NONE', *, *, #301, .F. ) ;
#2070 = FACE_OUTER_BOUND ( 'NONE', #731, .T. ) ;
#2071 = EDGE_LOOP ( 'NONE', ( #2793, #2350, #1806, #1525 ) ) ;
#2072 = LINE ( 'NONE', #2567, #785 ) ;
#2073 = CARTESIAN_POINT ( 'NONE',  ( -1.655475401872557462E-15, 7.000000000000000000, -10.79999999999997407 ) ) ;
#2074 = ORIENTED_EDGE ( 'NONE', *, *, #3497, .F. ) ;
#2075 = VECTOR ( 'NONE', #1855, 1000.000000000000000 ) ;
#2076 = VERTEX_POINT ( 'NONE', #3451 ) ;
#2077 = EDGE_CURVE ( 'NONE', #3354, #2390, #3393, .T. ) ;
#2078 = DIRECTION ( 'NONE',  ( 1.000000000000000000, 0.000000000000000000, 0.000000000000000000 ) ) ;
#2079 = ADVANCED_FACE ( 'NONE', ( #2611 ), #1460, .F. ) ;
#2080 = ORIENTED_EDGE ( 'NONE', *, *, #1144, .T. ) ;
#2081 = CARTESIAN_POINT ( 'NONE',  ( 2.500000000000000000, 0.4000000000000015210, -55.71399999999999153 ) ) ;
#2082 = DIRECTION ( 'NONE',  ( 0.000000000000000000, 0.000000000000000000, 1.000000000000000000 ) ) ;
#2083 = ORIENTED_EDGE ( 'NONE', *, *, #3297, .F. ) ;
#2084 = EDGE_CURVE ( 'NONE', #2814, #802, #2535, .T. ) ;
#2085 = ORIENTED_EDGE ( 'NONE', *, *, #296, .F. ) ;
#2086 = DIRECTION ( 'NONE',  ( 0.000000000000000000, -0.9396926207859159774, 0.3420201433256480628 ) ) ;
#2087 = DIRECTION ( 'NONE',  ( -0.000000000000000000, -0.000000000000000000, -1.000000000000000000 ) ) ;
#2088 = CARTESIAN_POINT ( 'NONE',  ( 2.500000000000000000, 1.589891632330215021, -13.94508513617059187 ) ) ;
#2089 = EDGE_LOOP ( 'NONE', ( #1329, #2257, #2177, #3537 ) ) ;
#2090 = FACE_OUTER_BOUND ( 'NONE', #42, .T. ) ;
#2091 = DIRECTION ( 'NONE',  ( -1.000000000000000000, 0.000000000000000000, 0.000000000000000000 ) ) ;
#2092 = VERTEX_POINT ( 'NONE', #897 ) ;
#2093 = ORIENTED_EDGE ( 'NONE', *, *, #460, .F. ) ;
#2094 = EDGE_CURVE ( 'NONE', #250, #607, #1221, .T. ) ;
#2095 = CARTESIAN_POINT ( 'NONE',  ( -2.000000000000000000, 2.200000000000001510, -59.38314642167912183 ) ) ;
#2096 = ORIENTED_EDGE ( 'NONE', *, *, #804, .F. ) ;
#2097 = EDGE_CURVE ( 'NONE', #636, #2648, #1168, .T. ) ;
#2098 = CARTESIAN_POINT ( 'NONE',  ( 1.333333333333334814, 7.666666666666662522, -11.46666666666665257 ) ) ;
#2099 = CARTESIAN_POINT ( 'NONE',  ( 2.500000000000000000, 2.200000000000001510, -21.70314642167911856 ) ) ;
#2100 = ORIENTED_EDGE ( 'NONE', *, *, #3507, .F. ) ;
#2101 = ORIENTED_EDGE ( 'NONE', *, *, #3585, .T. ) ;
#2102 = FACE_OUTER_BOUND ( 'NONE', #876, .T. ) ;
#2103 = DIRECTION ( 'NONE',  ( 0.000000000000000000, 0.9396926207859156444, 0.3420201433256487844 ) ) ;
#2104 = EDGE_LOOP ( 'NONE', ( #3363, #1231, #1483, #1521 ) ) ;
#2105 = CARTESIAN_POINT ( 'NONE',  ( -2.000000000000000000, 2.200000000000001510, -36.77514642167911774 ) ) ;
#2106 = VECTOR ( 'NONE', #919, 1000.000000000000114 ) ;
#2107 = PLANE ( 'NONE',  #1918 ) ;
#2108 = ORIENTED_EDGE ( 'NONE', *, *, #3202, .F. ) ;
#2109 = VERTEX_POINT ( 'NONE', #39 ) ;
#2110 = FACE_OUTER_BOUND ( 'NONE', #2600, .T. ) ;
#2111 = VECTOR ( 'NONE', #3158, 1000.000000000000000 ) ;
#2112 = VECTOR ( 'NONE', #2026, 1000.000000000000000 ) ;
#2113 = LINE ( 'NONE', #3236, #843 ) ;
#2114 = ADVANCED_FACE ( 'NONE', ( #2573 ), #624, .F. ) ;
#2115 = VECTOR ( 'NONE', #2751, 1000.000000000000114 ) ;
#2116 = CARTESIAN_POINT ( 'NONE',  ( -2.000000000000000000, 7.349999999999999645, -62.00000000000000000 ) ) ;
#2117 = CARTESIAN_POINT ( 'NONE',  ( 0.9000000000000000222, 4.999999999999992006, -14.00000000000001954 ) ) ;
#2118 = LINE ( 'NONE', #2695, #1667 ) ;
#2119 = CARTESIAN_POINT ( 'NONE',  ( -2.500000000000000000, 2.200000000000001510, -34.26314642167911728 ) ) ;
#2120 = VECTOR ( 'NONE', #1608, 1000.000000000000000 ) ;
#2121 = EDGE_CURVE ( 'NONE', #1234, #2481, #2311, .T. ) ;
#2122 = DIRECTION ( 'NONE',  ( -0.000000000000000000, 1.000000000000000000, 0.000000000000000000 ) ) ;
#2123 = DIRECTION ( 'NONE',  ( 0.000000000000000000, -0.000000000000000000, -1.000000000000000000 ) ) ;
#2124 = ORIENTED_EDGE ( 'NONE', *, *, #3085, .T. ) ;
#2125 = EDGE_CURVE ( 'NONE', #1532, #1141, #1993, .T. ) ;
#2126 = CARTESIAN_POINT ( 'NONE',  ( -1.500000000000006439, 7.000000000000000000, 0.000000000000000000 ) ) ;
#2127 = AXIS2_PLACEMENT_3D ( 'NONE', #3448, #2009, #1475 ) ;
#2128 = DIRECTION ( 'NONE',  ( 1.000000000000000000, 0.000000000000000000, 0.000000000000000000 ) ) ;
#2129 = ORIENTED_EDGE ( 'NONE', *, *, #3272, .F. ) ;
#2130 = ORIENTED_EDGE ( 'NONE', *, *, #2903, .T. ) ;
#2131 = ADVANCED_FACE ( 'NONE', ( #2851 ), #349, .F. ) ;
#2132 = DIRECTION ( 'NONE',  ( -0.000000000000000000, 0.9396926207859156444, 0.3420201433256488399 ) ) ;
#2133 = PLANE ( 'NONE',  #2168 ) ;
#2134 = CARTESIAN_POINT ( 'NONE',  ( -2.000000000000000000, 2.200000000000001510, -17.37885357832087863 ) ) ;
#2135 = CARTESIAN_POINT ( 'NONE',  ( -2.000000000000000000, 0.4000000000000013545, -41.14399999999999835 ) ) ;
#2136 = CARTESIAN_POINT ( 'NONE',  ( 2.500000000000000000, 0.4000000000000015210, -58.22599999999999199 ) ) ;
#2137 = ORIENTED_EDGE ( 'NONE', *, *, #3075, .F. ) ;
#2138 = ORIENTED_EDGE ( 'NONE', *, *, #1064, .F. ) ;
#2139 = PLANE ( 'NONE',  #893 ) ;
#2140 = VERTEX_POINT ( 'NONE', #94 ) ;
#2141 = AXIS2_PLACEMENT_3D ( 'NONE', #2939, #1002, #1589 ) ;
#2142 = CARTESIAN_POINT ( 'NONE',  ( 2.500000000000000000, 2.200000000000001510, -56.87114642167912137 ) ) ;
#2143 = EDGE_CURVE ( 'NONE', #682, #1893, #385, .T. ) ;
#2144 = FACE_OUTER_BOUND ( 'NONE', #1789, .T. ) ;
#2145 = ORIENTED_EDGE ( 'NONE', *, *, #1343, .F. ) ;
#2146 = CARTESIAN_POINT ( 'NONE',  ( -2.000000000000000000, 0.4000000000000013545, -56.21600000000000108 ) ) ;
#2147 = EDGE_CURVE ( 'NONE', #1445, #1733, #2868, .T. ) ;
#2148 = DIRECTION ( 'NONE',  ( -0.000000000000000000, 0.9396926207859156444, 0.3420201433256488399 ) ) ;
#2149 = ORIENTED_EDGE ( 'NONE', *, *, #2697, .F. ) ;
#2150 = ORIENTED_EDGE ( 'NONE', *, *, #1124, .F. ) ;
#2151 = DIRECTION ( 'NONE',  ( 0.000000000000000000, 0.000000000000000000, 1.000000000000000000 ) ) ;
#2152 = EDGE_CURVE ( 'NONE', #1727, #1282, #3434, .T. ) ;
#2153 = DIRECTION ( 'NONE',  ( -0.000000000000000000, 0.3420201433256480072, 0.9396926207859159774 ) ) ;
#2154 = CARTESIAN_POINT ( 'NONE',  ( 2.500000000000000000, 2.200000000000001510, -27.42685357832087689 ) ) ;
#2155 = CARTESIAN_POINT ( 'NONE',  ( -2.500000000000000000, 0.4000000000000015210, -53.20199999999999818 ) ) ;
#2156 = FACE_OUTER_BOUND ( 'NONE', #2614, .T. ) ;
#2157 = ORIENTED_EDGE ( 'NONE', *, *, #1731, .F. ) ;
#2158 = ORIENTED_EDGE ( 'NONE', *, *, #587, .T. ) ;
#2159 = DIRECTION ( 'NONE',  ( 1.000000000000000000, -0.000000000000000000, -0.000000000000000000 ) ) ;
#2160 = ORIENTED_EDGE ( 'NONE', *, *, #3034, .T. ) ;
#2161 = PLANE ( 'NONE',  #3058 ) ;
#2162 = DIRECTION ( 'NONE',  ( 0.000000000000000000, -0.000000000000000000, 1.000000000000000000 ) ) ;
#2163 = EDGE_LOOP ( 'NONE', ( #3005, #2395, #963, #2523 ) ) ;
#2164 = ORIENTED_EDGE ( 'NONE', *, *, #315, .F. ) ;
#2165 = CARTESIAN_POINT ( 'NONE',  ( -2.000000000000000000, 2.200000000000001510, -22.40285357832087598 ) ) ;
#2166 = EDGE_CURVE ( 'NONE', #821, #577, #2044, .T. ) ;
#2167 = LINE ( 'NONE', #2189, #2345 ) ;
#2168 = AXIS2_PLACEMENT_3D ( 'NONE', #735, #1908, #1274 ) ;
#2169 = CARTESIAN_POINT ( 'NONE',  ( 2.348528137423863793, -2.000000000000000000, 0.1514718625761359572 ) ) ;
#2170 = AXIS2_PLACEMENT_3D ( 'NONE', #2571, #72, #3415 ) ;
#2171 = EDGE_CURVE ( 'NONE', #696, #2204, #1776, .T. ) ;
#2172 = LINE ( 'NONE', #3323, #2411 ) ;
#2173 = PRESENTATION_STYLE_ASSIGNMENT (( #53 ) ) ;
#2174 = VECTOR ( 'NONE', #1632, 1000.000000000000114 ) ;
#2175 = CARTESIAN_POINT ( 'NONE',  ( -3.500000000000000000, 2.200000000000001510, -12.35485357832087772 ) ) ;
#2176 = CARTESIAN_POINT ( 'NONE',  ( 2.500000000000000000, 2.200000000000001510, -19.89085357832087908 ) ) ;
#2177 = ORIENTED_EDGE ( 'NONE', *, *, #384, .F. ) ;
#2178 = EDGE_LOOP ( 'NONE', ( #205, #2158, #2182, #2038 ) ) ;
#2179 = VECTOR ( 'NONE', #1203, 1000.000000000000000 ) ;
#2180 = DIRECTION ( 'NONE',  ( 1.000000000000000000, 0.000000000000000000, 0.000000000000000000 ) ) ;
#2181 = VECTOR ( 'NONE', #2792, 1000.000000000000000 ) ;
#2182 = ORIENTED_EDGE ( 'NONE', *, *, #2275, .T. ) ;
#2183 = FACE_OUTER_BOUND ( 'NONE', #224, .T. ) ;
#2184 = VECTOR ( 'NONE', #9, 1000.000000000000114 ) ;
#2185 = DIRECTION ( 'NONE',  ( 0.7071067811865426878, 0.7071067811865524577, -0.000000000000000000 ) ) ;
#2186 = ORIENTED_EDGE ( 'NONE', *, *, #2317, .T. ) ;
#2187 = AXIS2_PLACEMENT_3D ( 'NONE', #3543, #2473, #838 ) ;
#2188 = LINE ( 'NONE', #2745, #1361 ) ;
#2189 = CARTESIAN_POINT ( 'NONE',  ( -2.000000000000000000, 0.4000000000000015210, -62.00000000000000000 ) ) ;
#2190 = EDGE_CURVE ( 'NONE', #2519, #2493, #2628, .T. ) ;
#2191 = LINE ( 'NONE', #480, #16 ) ;
#2192 = LINE ( 'NONE', #817, #2902 ) ;
#2193 = DIRECTION ( 'NONE',  ( 0.000000000000000000, 0.000000000000000000, -1.000000000000000000 ) ) ;
#2194 = DIRECTION ( 'NONE',  ( -0.000000000000000000, 0.3420201433256487844, -0.9396926207859156444 ) ) ;
#2195 = ADVANCED_FACE ( 'NONE', ( #2339 ), #2920, .T. ) ;
#2196 = LINE ( 'NONE', #185, #121 ) ;
#2197 = VECTOR ( 'NONE', #2827, 1000.000000000000000 ) ;
#2198 = EDGE_LOOP ( 'NONE', ( #1047, #3018, #840, #1305 ) ) ;
#2199 = EDGE_CURVE ( 'NONE', #993, #976, #3038, .T. ) ;
#2200 = ORIENTED_EDGE ( 'NONE', *, *, #54, .F. ) ;
#2201 = VECTOR ( 'NONE', #375, 1000.000000000000000 ) ;
#2202 = PLANE ( 'NONE',  #2338 ) ;
#2203 = DIRECTION ( 'NONE',  ( -0.000000000000000000, -0.000000000000000000, 1.000000000000000000 ) ) ;
#2204 = VERTEX_POINT ( 'NONE', #3592 ) ;
#2205 = ORIENTED_EDGE ( 'NONE', *, *, #1107, .T. ) ;
#2206 = PLANE ( 'NONE',  #2768 ) ;
#2207 = CARTESIAN_POINT ( 'NONE',  ( -3.500000000000000000, 0.4000000000000015210, -23.05799999999999983 ) ) ;
#2208 = EDGE_CURVE ( 'NONE', #2336, #976, #2167, .T. ) ;
#2209 = CARTESIAN_POINT ( 'NONE',  ( -2.500000000000000000, 0.3999999999999993006, -5.449999999999999289 ) ) ;
#2210 = DIRECTION ( 'NONE',  ( -0.000000000000000000, -0.3746065934159094613, 0.9271838545667883125 ) ) ;
#2211 = LINE ( 'NONE', #2488, #2291 ) ;
#2212 = DIRECTION ( 'NONE',  ( -0.000000000000000000, -0.9396926207859158664, 0.3420201433256479517 ) ) ;
#2213 = ORIENTED_EDGE ( 'NONE', *, *, #3575, .T. ) ;
#2214 = ORIENTED_EDGE ( 'NONE', *, *, #1294, .T. ) ;
#2215 = EDGE_CURVE ( 'NONE', #282, #2453, #517, .T. ) ;
#2216 = LINE ( 'NONE', #226, #2828 ) ;
#2217 = ADVANCED_FACE ( 'NONE', ( #2879 ), #1419, .T. ) ;
#2218 = LINE ( 'NONE', #3332, #2711 ) ;
#2219 = VERTEX_POINT ( 'NONE', #230 ) ;
#2220 = ORIENTED_EDGE ( 'NONE', *, *, #3160, .T. ) ;
#2221 = PLANE ( 'NONE',  #1186 ) ;
#2222 = PLANE ( 'NONE',  #1860 ) ;
#2223 = CARTESIAN_POINT ( 'NONE',  ( -2.000000000000000000, 2.200000000000001510, -36.77514642167911774 ) ) ;
#2224 = VECTOR ( 'NONE', #1779, 1000.000000000000000 ) ;
#2225 = DIRECTION ( 'NONE',  ( 1.000000000000000000, 0.000000000000000000, 0.000000000000000000 ) ) ;
#2226 = ORIENTED_EDGE ( 'NONE', *, *, #3328, .F. ) ;
#2227 = ORIENTED_EDGE ( 'NONE', *, *, #257, .T. ) ;
#2228 = EDGE_CURVE ( 'NONE', #1098, #1303, #3069, .T. ) ;
#2229 = VECTOR ( 'NONE', #1334, 1000.000000000000000 ) ;
#2230 = CARTESIAN_POINT ( 'NONE',  ( -1.500000000000005995, 4.599999999999999645, -5.449999999999998401 ) ) ;
#2231 = VECTOR ( 'NONE', #1052, 1000.000000000000000 ) ;
#2232 = CARTESIAN_POINT ( 'NONE',  ( -2.000000000000000000, 0.4000000000000015210, -62.00000000000000000 ) ) ;
#2233 = ORIENTED_EDGE ( 'NONE', *, *, #1330, .T. ) ;
#2234 = ADVANCED_FACE ( 'NONE', ( #1367 ), #2478, .F. ) ;
#2235 = ORIENTED_EDGE ( 'NONE', *, *, #3450, .T. ) ;
#2236 = DIRECTION ( 'NONE',  ( 0.000000000000000000, -0.000000000000000000, 1.000000000000000000 ) ) ;
#2237 = VECTOR ( 'NONE', #744, 1000.000000000000000 ) ;
#2238 = EDGE_CURVE ( 'NONE', #2269, #636, #3607, .T. ) ;
#2239 = FACE_OUTER_BOUND ( 'NONE', #3006, .T. ) ;
#2240 = DIRECTION ( 'NONE',  ( 1.000000000000000000, 0.000000000000000000, 0.000000000000000000 ) ) ;
#2241 = VECTOR ( 'NONE', #3364, 1000.000000000000000 ) ;
#2242 = LINE ( 'NONE', #1975, #852 ) ;
#2243 = PRODUCT_DEFINITION_CONTEXT ( 'detailed design', #1440, 'design' ) ;
#2244 = CARTESIAN_POINT ( 'NONE',  ( 2.500000000000000000, 1.992782342989547262, -14.94227463748706164 ) ) ;
#2245 = VECTOR ( 'NONE', #3002, 1000.000000000000000 ) ;
#2246 = DIRECTION ( 'NONE',  ( 0.000000000000000000, -0.000000000000000000, 1.000000000000000000 ) ) ;
#2247 = ORIENTED_EDGE ( 'NONE', *, *, #3047, .T. ) ;
#2248 = ORIENTED_EDGE ( 'NONE', *, *, #296, .T. ) ;
#2249 = VECTOR ( 'NONE', #3532, 1000.000000000000000 ) ;
#2250 = CARTESIAN_POINT ( 'NONE',  ( -2.500000000000000000, 0.4000000000000015210, -40.64199999999999591 ) ) ;
#2251 = FACE_OUTER_BOUND ( 'NONE', #2806, .T. ) ;
#2252 = ORIENTED_EDGE ( 'NONE', *, *, #1429, .F. ) ;
#2253 = DIRECTION ( 'NONE',  ( 1.000000000000000000, 0.000000000000000000, 0.000000000000000000 ) ) ;
#2254 = ADVANCED_FACE ( 'NONE', ( #546 ), #1666, .F. ) ;
#2255 = LINE ( 'NONE', #1712, #3234 ) ;
#2256 = CARTESIAN_POINT ( 'NONE',  ( -2.000000000000000000, 2.200000000000001510, -57.57085357832087880 ) ) ;
#2257 = ORIENTED_EDGE ( 'NONE', *, *, #2520, .T. ) ;
#2258 = AXIS2_PLACEMENT_3D ( 'NONE', #2682, #2435, #430 ) ;
#2259 = CARTESIAN_POINT ( 'NONE',  ( -2.000000000000000000, 1.107981536799865996, -12.75231579419482308 ) ) ;
#2260 = VECTOR ( 'NONE', #165, 1000.000000000000114 ) ;
#2261 = EDGE_CURVE ( 'NONE', #3319, #1914, #2255, .T. ) ;
#2262 = CARTESIAN_POINT ( 'NONE',  ( 1.197056274847730695, -2.000000000000000000, -1.000000000000000000 ) ) ;
#2263 = CARTESIAN_POINT ( 'NONE',  ( 2.500000000000000000, 0.4000000000000015210, -81.27975906833177078 ) ) ;
#2264 = EDGE_LOOP ( 'NONE', ( #1513, #1189, #111, #2835 ) ) ;
#2265 = ORIENTED_EDGE ( 'NONE', *, *, #257, .F. ) ;
#2266 = LINE ( 'NONE', #1158, #2474 ) ;
#2267 = CARTESIAN_POINT ( 'NONE',  ( -3.500000000000000000, 2.200000000000001510, -17.37885357832087863 ) ) ;
#2268 = ORIENTED_EDGE ( 'NONE', *, *, #2238, .T. ) ;
#2269 = VERTEX_POINT ( 'NONE', #148 ) ;
#2270 = ORIENTED_EDGE ( 'NONE', *, *, #1970, .F. ) ;
#2271 = CARTESIAN_POINT ( 'NONE',  ( 1.197056274847730695, 0.000000000000000000, -1.000000000000000000 ) ) ;
#2272 = FACE_OUTER_BOUND ( 'NONE', #2289, .T. ) ;
#2273 = VECTOR ( 'NONE', #2013, 1000.000000000000000 ) ;
#2274 = DIRECTION ( 'NONE',  ( 0.000000000000000000, 0.000000000000000000, -1.000000000000000000 ) ) ;
#2275 = EDGE_CURVE ( 'NONE', #2875, #3030, #260, .T. ) ;
#2276 = LINE ( 'NONE', #1497, #2881 ) ;
#2277 = ORIENTED_EDGE ( 'NONE', *, *, #227, .T. ) ;
#2278 = CARTESIAN_POINT ( 'NONE',  ( 2.500000000000000000, 2.200000000000001510, -34.96285357832088181 ) ) ;
#2279 = EDGE_CURVE ( 'NONE', #251, #3045, #18, .T. ) ;
#2280 = ORIENTED_EDGE ( 'NONE', *, *, #2520, .F. ) ;
#2281 = EDGE_LOOP ( 'NONE', ( #1370, #2031, #1246, #1283 ) ) ;
#2282 = VECTOR ( 'NONE', #3106, 1000.000000000000114 ) ;
#2283 = CARTESIAN_POINT ( 'NONE',  ( 2.500000000000000000, 2.200000000000001510, -39.98685357832088272 ) ) ;
#2284 = DIRECTION ( 'NONE',  ( -0.000000000000000000, 0.3420201433256487844, -0.9396926207859156444 ) ) ;
#2285 = LINE ( 'NONE', #3186, #218 ) ;
#2286 = AXIS2_PLACEMENT_3D ( 'NONE', #1563, #2469, #3003 ) ;
#2287 = ORIENTED_EDGE ( 'NONE', *, *, #2125, .F. ) ;
#2288 = ORIENTED_EDGE ( 'NONE', *, *, #254, .T. ) ;
#2289 = EDGE_LOOP ( 'NONE', ( #3243, #598, #2854, #3410, #2410, #2480 ) ) ;
#2290 = CARTESIAN_POINT ( 'NONE',  ( 2.500000000000000000, 0.4000000000000013545, -43.65599999999999881 ) ) ;
#2291 = VECTOR ( 'NONE', #3340, 1000.000000000000114 ) ;
#2292 = LINE ( 'NONE', #914, #1260 ) ;
#2293 = CARTESIAN_POINT ( 'NONE',  ( -2.500000000000000000, 0.4000000000000013545, -56.21600000000000108 ) ) ;
#2294 = AXIS2_PLACEMENT_3D ( 'NONE', #492, #784, #510 ) ;
#2295 = DIRECTION ( 'NONE',  ( -0.000000000000000000, -0.000000000000000000, -1.000000000000000000 ) ) ;
#2296 = DIRECTION ( 'NONE',  ( -1.000000000000000000, 0.000000000000000000, 0.000000000000000000 ) ) ;
#2297 = ADVANCED_FACE ( 'NONE', ( #1403 ), #1862, .F. ) ;
#2298 = ORIENTED_EDGE ( 'NONE', *, *, #1144, .F. ) ;
#2299 = CARTESIAN_POINT ( 'NONE',  ( -2.000000000000000000, 2.200000000000001510, -19.19114642167911811 ) ) ;
#2300 = ORIENTED_EDGE ( 'NONE', *, *, #2215, .T. ) ;
#2301 = CARTESIAN_POINT ( 'NONE',  ( 2.500000000000000000, 2.200000000000001510, -27.42685357832087689 ) ) ;
#2302 = DIRECTION ( 'NONE',  ( 0.000000000000000000, -0.9396926207859159774, 0.3420201433256480628 ) ) ;
#2303 = LINE ( 'NONE', #2912, #2310 ) ;
#2304 = DIRECTION ( 'NONE',  ( 0.000000000000000000, -0.9396926207859156444, -0.3420201433256487844 ) ) ;
#2305 = ORIENTED_EDGE ( 'NONE', *, *, #1275, .F. ) ;
#2306 = ORIENTED_EDGE ( 'NONE', *, *, #1487, .F. ) ;
#2307 = CARTESIAN_POINT ( 'NONE',  ( -3.500000000000000000, 2.200000000000001510, -16.67914642167911765 ) ) ;
#2308 = CARTESIAN_POINT ( 'NONE',  ( -2.500000000000000000, 2.200000000000001510, -24.91485357832087644 ) ) ;
#2309 = CARTESIAN_POINT ( 'NONE',  ( -1.500000000000013101, 0.3999999999999997446, -4.949999999999999289 ) ) ;
#2310 = VECTOR ( 'NONE', #2582, 1000.000000000000114 ) ;
#2311 = LINE ( 'NONE', #3127, #3469 ) ;
#2312 = ORIENTED_EDGE ( 'NONE', *, *, #1633, .T. ) ;
#2313 = DIRECTION ( 'NONE',  ( 0.000000000000000000, 1.000000000000000000, 0.000000000000000000 ) ) ;
#2314 = ORIENTED_EDGE ( 'NONE', *, *, #1459, .F. ) ;
#2315 = CARTESIAN_POINT ( 'NONE',  ( 2.500000000000000000, 2.200000000000001510, -60.08285357832087925 ) ) ;
#2316 = CARTESIAN_POINT ( 'NONE',  ( -2.000000000000003109, 5.099999999999996980, -5.449999999999998401 ) ) ;
#2317 = EDGE_CURVE ( 'NONE', #2053, #2658, #1266, .T. ) ;
#2318 = CARTESIAN_POINT ( 'NONE',  ( -2.500000000000000000, 0.4000000000000013545, -33.60799999999999699 ) ) ;
#2319 = ORIENTED_EDGE ( 'NONE', *, *, #3197, .T. ) ;
#2320 = ADVANCED_FACE ( 'NONE', ( #173 ), #1585, .F. ) ;
#2321 = DIRECTION ( 'NONE',  ( 0.000000000000000000, 0.000000000000000000, 1.000000000000000000 ) ) ;
#2322 =( NAMED_UNIT ( * ) SI_UNIT ( $, .STERADIAN. ) SOLID_ANGLE_UNIT ( ) );
#2323 = CARTESIAN_POINT ( 'NONE',  ( 2.500000000000000000, 0.4000000000000013545, -16.02400000000000091 ) ) ;
#2324 = CARTESIAN_POINT ( 'NONE',  ( 2.500000000000000000, -1.499999999999999778, -1.000000000000000888 ) ) ;
#2325 = VERTEX_POINT ( 'NONE', #780 ) ;
#2326 = CARTESIAN_POINT ( 'NONE',  ( -2.000000000000000000, 0.4000000000000015210, -23.05799999999999983 ) ) ;
#2327 = LINE ( 'NONE', #699, #1198 ) ;
#2328 = DIRECTION ( 'NONE',  ( 1.000000000000000000, 0.000000000000000000, 0.000000000000000000 ) ) ;
#2329 = EDGE_CURVE ( 'NONE', #1784, #2040, #2216, .T. ) ;
#2330 = DIRECTION ( 'NONE',  ( 0.000000000000000000, -1.000000000000000000, 0.000000000000000000 ) ) ;
#2331 = ORIENTED_EDGE ( 'NONE', *, *, #408, .T. ) ;
#2332 = LINE ( 'NONE', #3464, #604 ) ;
#2333 =( NAMED_UNIT ( * ) PLANE_ANGLE_UNIT ( ) SI_UNIT ( $, .RADIAN. ) );
#2334 = ADVANCED_FACE ( 'NONE', ( #3280 ), #1342, .F. ) ;
#2335 = CARTESIAN_POINT ( 'NONE',  ( -2.000000000000000000, 4.599999999999999645, -5.449999999999998401 ) ) ;
#2336 = VERTEX_POINT ( 'NONE', #3010 ) ;
#2337 = ORIENTED_EDGE ( 'NONE', *, *, #3395, .F. ) ;
#2338 = AXIS2_PLACEMENT_3D ( 'NONE', #1951, #3331, #3066 ) ;
#2339 = FACE_OUTER_BOUND ( 'NONE', #3150, .T. ) ;
#2340 = EDGE_CURVE ( 'NONE', #2439, #3354, #2736, .T. ) ;
#2341 = AXIS2_PLACEMENT_3D ( 'NONE', #2267, #888, #2103 ) ;
#2342 = ORIENTED_EDGE ( 'NONE', *, *, #1647, .F. ) ;
#2343 = DIRECTION ( 'NONE',  ( 0.5773502691896288397, -0.5773502691896208461, -0.5773502691896276184 ) ) ;
#2344 = ORIENTED_EDGE ( 'NONE', *, *, #1780, .F. ) ;
#2345 = VECTOR ( 'NONE', #534, 1000.000000000000000 ) ;
#2346 = LINE ( 'NONE', #3494, #2601 ) ;
#2347 = CARTESIAN_POINT ( 'NONE',  ( -2.000000000000000000, 2.200000000000001510, -32.45085357832088135 ) ) ;
#2348 = ORIENTED_EDGE ( 'NONE', *, *, #3088, .T. ) ;
#2349 = ORIENTED_EDGE ( 'NONE', *, *, #2744, .T. ) ;
#2350 = ORIENTED_EDGE ( 'NONE', *, *, #3497, .T. ) ;
#2351 = LINE ( 'NONE', #1766, #1968 ) ;
#2352 = DIRECTION ( 'NONE',  ( 0.000000000000000000, -1.182766006347823109E-16, -1.000000000000000000 ) ) ;
#2353 = LINE ( 'NONE', #1879, #1245 ) ;
#2354 = AXIS2_PLACEMENT_3D ( 'NONE', #1738, #1720, #915 ) ;
#2355 = ORIENTED_EDGE ( 'NONE', *, *, #826, .T. ) ;
#2356 = DIRECTION ( 'NONE',  ( -1.000000000000000000, 0.000000000000000000, 0.000000000000000000 ) ) ;
#2357 = ADVANCED_FACE ( 'NONE', ( #1946 ), #3582, .F. ) ;
#2358 = DIRECTION ( 'NONE',  ( 0.000000000000000000, 0.000000000000000000, 1.000000000000000000 ) ) ;
#2359 = CARTESIAN_POINT ( 'NONE',  ( 0.000000000000000000, -2.000000000000000000, -1.000000000000000000 ) ) ;
#2360 = ORIENTED_EDGE ( 'NONE', *, *, #2438, .F. ) ;
#2361 = MECHANICAL_DESIGN_GEOMETRIC_PRESENTATION_REPRESENTATION (  '', ( #862 ), #2962 ) ;
#2362 = ORIENTED_EDGE ( 'NONE', *, *, #2049, .T. ) ;
#2363 = EDGE_CURVE ( 'NONE', #3457, #2442, #526, .T. ) ;
#2364 = CARTESIAN_POINT ( 'NONE',  ( 2.500000000000000000, 0.4000000000000015210, -81.27975906833177078 ) ) ;
#2365 = VECTOR ( 'NONE', #1115, 1000.000000000000114 ) ;
#2366 = ORIENTED_EDGE ( 'NONE', *, *, #3272, .T. ) ;
#2367 = ADVANCED_FACE ( 'NONE', ( #245 ), #1362, .T. ) ;
#2368 = CARTESIAN_POINT ( 'NONE',  ( -2.000000000000003109, 5.099999999999996980, -9.049999999999998934 ) ) ;
#2369 = CARTESIAN_POINT ( 'NONE',  ( -2.000000000000000000, 2.200000000000001510, -46.82314642167911956 ) ) ;
#2370 = ORIENTED_EDGE ( 'NONE', *, *, #3335, .T. ) ;
#2371 = FACE_OUTER_BOUND ( 'NONE', #1455, .T. ) ;
#2372 = ORIENTED_EDGE ( 'NONE', *, *, #3004, .F. ) ;
#2373 = CARTESIAN_POINT ( 'NONE',  ( 0.9000000000000000222, 5.349999999999997868, -60.00000000000000000 ) ) ;
#2374 = FACE_OUTER_BOUND ( 'NONE', #352, .T. ) ;
#2375 = VERTEX_POINT ( 'NONE', #3316 ) ;
#2376 = CARTESIAN_POINT ( 'NONE',  ( -2.000000000000000000, 0.4000000000000013545, -21.04799999999999827 ) ) ;
#2377 = FILL_AREA_STYLE_COLOUR ( '', #2425 ) ;
#2378 = DIRECTION ( 'NONE',  ( -1.000000000000000000, 0.000000000000000000, 0.000000000000000000 ) ) ;
#2379 = VERTEX_POINT ( 'NONE', #823 ) ;
#2380 = EDGE_CURVE ( 'NONE', #1592, #1399, #1930, .T. ) ;
#2381 = ORIENTED_EDGE ( 'NONE', *, *, #3612, .T. ) ;
#2382 = CARTESIAN_POINT ( 'NONE',  ( 2.500000000000000000, 2.200000000000001510, -47.52285357832087698 ) ) ;
#2383 = EDGE_CURVE ( 'NONE', #2824, #1950, #1380, .T. ) ;
#2384 = FACE_OUTER_BOUND ( 'NONE', #2813, .T. ) ;
#2385 = DIRECTION ( 'NONE',  ( -0.000000000000000000, 0.8660254037844379305, 0.5000000000000013323 ) ) ;
#2386 = LINE ( 'NONE', #3513, #382 ) ;
#2387 = DIRECTION ( 'NONE',  ( 0.000000000000000000, -0.9396926207859158664, 0.3420201433256479517 ) ) ;
#2388 = EDGE_CURVE ( 'NONE', #724, #649, #1038, .T. ) ;
#2389 = FACE_OUTER_BOUND ( 'NONE', #514, .T. ) ;
#2390 = VERTEX_POINT ( 'NONE', #297 ) ;
#2391 = ORIENTED_EDGE ( 'NONE', *, *, #179, .T. ) ;
#2392 = PLANE ( 'NONE',  #2258 ) ;
#2393 = EDGE_CURVE ( 'NONE', #2608, #1303, #2579, .T. ) ;
#2394 = DIRECTION ( 'NONE',  ( 0.000000000000000000, 1.000000000000000000, 0.000000000000000000 ) ) ;
#2395 = ORIENTED_EDGE ( 'NONE', *, *, #943, .F. ) ;
#2396 = DIRECTION ( 'NONE',  ( -1.000000000000000000, 0.000000000000000000, 0.000000000000000000 ) ) ;
#2397 = CARTESIAN_POINT ( 'NONE',  ( -2.000000000000000000, 6.500000000000006217, -4.197056274847746238 ) ) ;
#2398 = VERTEX_POINT ( 'NONE', #1963 ) ;
#2399 = ORIENTED_EDGE ( 'NONE', *, *, #2016, .T. ) ;
#2400 = CARTESIAN_POINT ( 'NONE',  ( 2.500000000000000000, 0.4000000000000015210, -81.27975906833177078 ) ) ;
#2401 = VECTOR ( 'NONE', #3022, 1000.000000000000000 ) ;
#2402 = VECTOR ( 'NONE', #545, 1000.000000000000114 ) ;
#2403 = DIRECTION ( 'NONE',  ( 1.000000000000000000, 0.000000000000000000, 0.000000000000000000 ) ) ;
#2404 = ADVANCED_FACE ( 'NONE', ( #2855 ), #25, .F. ) ;
#2405 = VECTOR ( 'NONE', #2545, 1000.000000000000000 ) ;
#2406 = LINE ( 'NONE', #1277, #98 ) ;
#2407 = CARTESIAN_POINT ( 'NONE',  ( -2.000000000000000000, 0.4000000000000013545, -26.07199999999999918 ) ) ;
#2408 = LINE ( 'NONE', #774, #2231 ) ;
#2409 = DIRECTION ( 'NONE',  ( 0.000000000000000000, 0.000000000000000000, 1.000000000000000000 ) ) ;
#2410 = ORIENTED_EDGE ( 'NONE', *, *, #747, .T. ) ;
#2411 = VECTOR ( 'NONE', #833, 1000.000000000000000 ) ;
#2412 = LINE ( 'NONE', #2909, #2581 ) ;
#2413 = ORIENTED_EDGE ( 'NONE', *, *, #1413, .T. ) ;
#2414 = EDGE_CURVE ( 'NONE', #3084, #1932, #1139, .T. ) ;
#2415 = DIRECTION ( 'NONE',  ( 1.000000000000000000, 0.000000000000000000, 0.000000000000000000 ) ) ;
#2416 = DIRECTION ( 'NONE',  ( -0.000000000000000000, 1.000000000000000000, 0.000000000000000000 ) ) ;
#2417 = EDGE_LOOP ( 'NONE', ( #2129, #551, #2457, #3525 ) ) ;
#2418 = FACE_OUTER_BOUND ( 'NONE', #1803, .T. ) ;
#2419 = VECTOR ( 'NONE', #102, 999.9999999999998863 ) ;
#2420 = EDGE_CURVE ( 'NONE', #873, #1098, #2541, .T. ) ;
#2421 = DIRECTION ( 'NONE',  ( 0.000000000000000000, -0.000000000000000000, 1.000000000000000000 ) ) ;
#2422 = ORIENTED_EDGE ( 'NONE', *, *, #1457, .T. ) ;
#2423 = ORIENTED_EDGE ( 'NONE', *, *, #3471, .F. ) ;
#2424 = CARTESIAN_POINT ( 'NONE',  ( 2.500000000000000000, 0.4000000000000015210, -21.04799999999999827 ) ) ;
#2425 = COLOUR_RGB ( '',0.5019607843137254832, 0.5019607843137254832, 0.5019607843137254832 ) ;
#2426 = LINE ( 'NONE', #2674, #1772 ) ;
#2427 = CARTESIAN_POINT ( 'NONE',  ( 2.000000000000006661, 7.000000000000000000, -1.000000000000000888 ) ) ;
#2428 = FACE_OUTER_BOUND ( 'NONE', #1560, .T. ) ;
#2429 = CARTESIAN_POINT ( 'NONE',  ( -2.500000000000000000, 0.4000000000000013545, -38.63199999999999790 ) ) ;
#2430 = ADVANCED_FACE ( 'NONE', ( #336 ), #3148, .F. ) ;
#2431 = ORIENTED_EDGE ( 'NONE', *, *, #747, .F. ) ;
#2432 = DIRECTION ( 'NONE',  ( 0.000000000000000000, -0.9396926207859158664, 0.3420201433256479517 ) ) ;
#2433 = ORIENTED_EDGE ( 'NONE', *, *, #207, .F. ) ;
#2434 = VECTOR ( 'NONE', #3324, 1000.000000000000000 ) ;
#2435 = DIRECTION ( 'NONE',  ( -0.000000000000000000, 0.3420201433256480072, 0.9396926207859159774 ) ) ;
#2436 = CARTESIAN_POINT ( 'NONE',  ( -2.000000000000000000, 2.200000000000001510, -29.23914642167911637 ) ) ;
#2437 = CARTESIAN_POINT ( 'NONE',  ( 2.500000000000000000, 0.4000000000000015210, -81.27975906833177078 ) ) ;
#2438 = EDGE_CURVE ( 'NONE', #272, #3380, #3112, .T. ) ;
#2439 = VERTEX_POINT ( 'NONE', #2837 ) ;
#2440 = LINE ( 'NONE', #3567, #2938 ) ;
#2441 = FACE_OUTER_BOUND ( 'NONE', #871, .T. ) ;
#2442 = VERTEX_POINT ( 'NONE', #8 ) ;
#2443 = EDGE_CURVE ( 'NONE', #761, #636, #1448, .T. ) ;
#2444 = ORIENTED_EDGE ( 'NONE', *, *, #572, .T. ) ;
#2445 = CARTESIAN_POINT ( 'NONE',  ( 2.500000000000000000, 2.200000000000001510, -55.05885357832087834 ) ) ;
#2446 = ORIENTED_EDGE ( 'NONE', *, *, #2906, .T. ) ;
#2447 = LINE ( 'NONE', #1085, #190 ) ;
#2448 = LINE ( 'NONE', #537, #376 ) ;
#2449 = SURFACE_SIDE_STYLE ('',( #3597 ) ) ;
#2450 = PLANE ( 'NONE',  #2890 ) ;
#2451 = DIRECTION ( 'NONE',  ( 0.000000000000000000, 0.9396926207859156444, 0.3420201433256487844 ) ) ;
#2452 = ORIENTED_EDGE ( 'NONE', *, *, #1873, .F. ) ;
#2453 = VERTEX_POINT ( 'NONE', #1175 ) ;
#2454 = CARTESIAN_POINT ( 'NONE',  ( 2.500000000000000000, -2.000000000000000888, -61.00000000000000000 ) ) ;
#2455 = DIRECTION ( 'NONE',  ( 0.000000000000000000, 0.000000000000000000, 1.000000000000000000 ) ) ;
#2456 = DIRECTION ( 'NONE',  ( 0.000000000000000000, 0.9396926207859156444, 0.3420201433256487844 ) ) ;
#2457 = ORIENTED_EDGE ( 'NONE', *, *, #2590, .T. ) ;
#2458 = FACE_OUTER_BOUND ( 'NONE', #1291, .T. ) ;
#2459 = EDGE_CURVE ( 'NONE', #1098, #3457, #1123, .T. ) ;
#2460 = DIRECTION ( 'NONE',  ( 0.000000000000000000, 0.000000000000000000, 1.000000000000000000 ) ) ;
#2461 = ORIENTED_EDGE ( 'NONE', *, *, #822, .T. ) ;
#2462 = LINE ( 'NONE', #1616, #2229 ) ;
#2463 = ADVANCED_FACE ( 'NONE', ( #906, #2017 ), #3345, .T. ) ;
#2464 = CARTESIAN_POINT ( 'NONE',  ( -2.000000000000000000, 2.200000000000001510, -29.93885357832087735 ) ) ;
#2465 = EDGE_CURVE ( 'NONE', #2519, #1914, #2657, .T. ) ;
#2466 = LINE ( 'NONE', #2486, #2655 ) ;
#2467 = CARTESIAN_POINT ( 'NONE',  ( 2.500000000000000000, -2.000000000000000000, 2.407412805495176562E-16 ) ) ;
#2468 = AXIS2_PLACEMENT_3D ( 'NONE', #3099, #1130, #51 ) ;
#2469 = DIRECTION ( 'NONE',  ( -0.000000000000000000, 0.3420201433256480628, 0.9396926207859159774 ) ) ;
#2470 = DIRECTION ( 'NONE',  ( 0.000000000000000000, 0.000000000000000000, -1.000000000000000000 ) ) ;
#2471 = ORIENTED_EDGE ( 'NONE', *, *, #1064, .T. ) ;
#2472 = VECTOR ( 'NONE', #2536, 1000.000000000000000 ) ;
#2473 = DIRECTION ( 'NONE',  ( 0.000000000000000000, -2.065146995210484695E-16, 1.000000000000000000 ) ) ;
#2474 = VECTOR ( 'NONE', #3365, 1000.000000000000000 ) ;
#2475 = DIRECTION ( 'NONE',  ( -0.000000000000000000, 0.3420201433256487844, -0.9396926207859156444 ) ) ;
#2476 = EDGE_LOOP ( 'NONE', ( #2048, #2130, #1880, #3079, #1062 ) ) ;
#2477 = DIRECTION ( 'NONE',  ( 1.000000000000000000, 0.000000000000000000, 0.000000000000000000 ) ) ;
#2478 = PLANE ( 'NONE',  #1193 ) ;
#2479 = DIRECTION ( 'NONE',  ( -0.000000000000000000, 0.8660254037844380415, -0.5000000000000009992 ) ) ;
#2480 = ORIENTED_EDGE ( 'NONE', *, *, #2484, .T. ) ;
#2481 = VERTEX_POINT ( 'NONE', #3477 ) ;
#2482 = EDGE_CURVE ( 'NONE', #2453, #821, #151, .T. ) ;
#2483 = LINE ( 'NONE', #1436, #720 ) ;
#2484 = EDGE_CURVE ( 'NONE', #1979, #1156, #3495, .T. ) ;
#2485 = VECTOR ( 'NONE', #70, 1000.000000000000000 ) ;
#2486 = CARTESIAN_POINT ( 'NONE',  ( -2.500000000000000000, 0.4000000000000015210, -45.66599999999999682 ) ) ;
#2487 = DIRECTION ( 'NONE',  ( 0.000000000000000000, 0.9396926207859159774, -0.3420201433256480628 ) ) ;
#2488 = CARTESIAN_POINT ( 'NONE',  ( -2.000000000000000000, 0.4000000000000013545, -31.09600000000000009 ) ) ;
#2489 = DIRECTION ( 'NONE',  ( 0.000000000000000000, 0.000000000000000000, 1.000000000000000000 ) ) ;
#2490 = AXIS2_PLACEMENT_3D ( 'NONE', #2925, #1537, #736 ) ;
#2491 = EDGE_CURVE ( 'NONE', #1778, #2654, #680, .T. ) ;
#2492 = ORIENTED_EDGE ( 'NONE', *, *, #1059, .T. ) ;
#2493 = VERTEX_POINT ( 'NONE', #1519 ) ;
#2494 = VECTOR ( 'NONE', #1055, 1000.000000000000000 ) ;
#2495 = LINE ( 'NONE', #3605, #253 ) ;
#2496 = DIRECTION ( 'NONE',  ( 0.000000000000000000, -1.000000000000000000, -0.000000000000000000 ) ) ;
#2497 = ORIENTED_EDGE ( 'NONE', *, *, #1164, .T. ) ;
#2498 = EDGE_CURVE ( 'NONE', #3268, #1333, #3218, .T. ) ;
#2499 = DIRECTION ( 'NONE',  ( -0.000000000000000000, 1.000000000000000000, 0.000000000000000000 ) ) ;
#2500 = PLANE ( 'NONE',  #1372 ) ;
#2501 = EDGE_CURVE ( 'NONE', #288, #1978, #3164, .T. ) ;
#2502 = CARTESIAN_POINT ( 'NONE',  ( -2.000000000000000000, 2.200000000000001510, -34.26314642167911728 ) ) ;
#2503 = DIRECTION ( 'NONE',  ( 0.000000000000000000, 0.000000000000000000, -1.000000000000000000 ) ) ;
#2504 = ORIENTED_EDGE ( 'NONE', *, *, #3142, .F. ) ;
#2505 = ORIENTED_EDGE ( 'NONE', *, *, #2712, .F. ) ;
#2506 = ADVANCED_FACE ( 'NONE', ( #2677 ), #1837, .F. ) ;
#2507 = DIRECTION ( 'NONE',  ( 0.000000000000000000, 1.214306433183764966E-16, -1.000000000000000000 ) ) ;
#2508 = ORIENTED_EDGE ( 'NONE', *, *, #213, .F. ) ;
#2509 = FACE_OUTER_BOUND ( 'NONE', #2163, .T. ) ;
#2510 = EDGE_CURVE ( 'NONE', #3121, #1716, #3238, .T. ) ;
#2511 = PLANE ( 'NONE',  #3062 ) ;
#2512 = ORIENTED_EDGE ( 'NONE', *, *, #1626, .T. ) ;
#2513 = ORIENTED_EDGE ( 'NONE', *, *, #3440, .F. ) ;
#2514 = CARTESIAN_POINT ( 'NONE',  ( -2.000000000000000000, 2.200000000000001510, -19.19114642167911811 ) ) ;
#2515 = CARTESIAN_POINT ( 'NONE',  ( 2.500000000000000000, 0.4000000000000015210, -18.03399999999999537 ) ) ;
#2516 = VECTOR ( 'NONE', #2575, 1000.000000000000000 ) ;
#2517 = DIRECTION ( 'NONE',  ( 0.000000000000000000, 0.000000000000000000, -1.000000000000000000 ) ) ;
#2518 = ORIENTED_EDGE ( 'NONE', *, *, #507, .T. ) ;
#2519 = VERTEX_POINT ( 'NONE', #2347 ) ;
#2520 = EDGE_CURVE ( 'NONE', #769, #2731, #1224, .T. ) ;
#2521 = DIRECTION ( 'NONE',  ( -0.000000000000000000, -0.000000000000000000, 1.000000000000000000 ) ) ;
#2522 = VECTOR ( 'NONE', #570, 1000.000000000000000 ) ;
#2523 = ORIENTED_EDGE ( 'NONE', *, *, #579, .T. ) ;
#2524 = EDGE_CURVE ( 'NONE', #282, #3052, #2327, .T. ) ;
#2525 = LINE ( 'NONE', #1649, #193 ) ;
#2526 = VECTOR ( 'NONE', #2185, 1000.000000000000000 ) ;
#2527 = CARTESIAN_POINT ( 'NONE',  ( -2.500000000000000000, 4.599999999999999645, -5.449999999999998401 ) ) ;
#2528 = VERTEX_POINT ( 'NONE', #2099 ) ;
#2529 = ORIENTED_EDGE ( 'NONE', *, *, #846, .T. ) ;
#2530 = EDGE_CURVE ( 'NONE', #976, #2935, #2617, .T. ) ;
#2531 = CARTESIAN_POINT ( 'NONE',  ( -1.500000000000013989, -2.000000000000000000, 2.407412805495176562E-16 ) ) ;
#2532 = CARTESIAN_POINT ( 'NONE',  ( 2.500000000000000000, 2.200000000000001510, -55.05885357832087834 ) ) ;
#2533 =( BOUNDED_CURVE ( )  B_SPLINE_CURVE ( 3, ( #432, #3483, #1249, #2957 ),
 .UNSPECIFIED., .F., .T. ) 
 B_SPLINE_CURVE_WITH_KNOTS ( ( 4, 4 ),
 ( 0.5527882454096779696, 1.131246734346719629 ),
 .UNSPECIFIED. ) 
 CURVE ( )  GEOMETRIC_REPRESENTATION_ITEM ( )  RATIONAL_B_SPLINE_CURVE ( ( 1.000000000000000000, 0.9723093267473267298, 0.9723093267473267298, 1.000000000000000000 ) ) 
 REPRESENTATION_ITEM ( '' )  );
#2534 = CARTESIAN_POINT ( 'NONE',  ( 2.500000000000000000, 0.4000000000000015210, -28.58399999999999963 ) ) ;
#2535 = LINE ( 'NONE', #110, #259 ) ;
#2536 = DIRECTION ( 'NONE',  ( 1.000000000000000000, 0.000000000000000000, 0.000000000000000000 ) ) ;
#2537 = CARTESIAN_POINT ( 'NONE',  ( 0.000000000000000000, 7.000000000000000000, -1.000000000000000000 ) ) ;
#2538 = ORIENTED_EDGE ( 'NONE', *, *, #2414, .T. ) ;
#2539 = ORIENTED_EDGE ( 'NONE', *, *, #2844, .F. ) ;
#2540 =( GEOMETRIC_REPRESENTATION_CONTEXT ( 3 ) GLOBAL_UNCERTAINTY_ASSIGNED_CONTEXT ( ( #1442 ) ) GLOBAL_UNIT_ASSIGNED_CONTEXT ( ( #345, #2569, #2322 ) ) REPRESENTATION_CONTEXT ( 'NONE', 'WORKASPACE' ) );
#2541 = LINE ( 'NONE', #2250, #1906 ) ;
#2542 = CARTESIAN_POINT ( 'NONE',  ( -2.000000000000000000, 0.4000000000000013545, -13.51200000000000045 ) ) ;
#2543 = AXIS2_PLACEMENT_3D ( 'NONE', #1001, #1848, #3156 ) ;
#2544 = EDGE_CURVE ( 'NONE', #2398, #550, #715, .T. ) ;
#2545 = DIRECTION ( 'NONE',  ( 0.000000000000000000, 0.000000000000000000, 1.000000000000000000 ) ) ;
#2546 = ORIENTED_EDGE ( 'NONE', *, *, #427, .F. ) ;
#2547 = ORIENTED_EDGE ( 'NONE', *, *, #103, .T. ) ;
#2548 = VECTOR ( 'NONE', #1463, 1000.000000000000114 ) ;
#2549 = ORIENTED_EDGE ( 'NONE', *, *, #753, .T. ) ;
#2550 = DIRECTION ( 'NONE',  ( -0.000000000000000000, -0.9396926207859158664, 0.3420201433256479517 ) ) ;
#2551 = DIRECTION ( 'NONE',  ( 0.000000000000000000, -1.000000000000000000, 1.182766006347823109E-16 ) ) ;
#2552 = EDGE_CURVE ( 'NONE', #43, #342, #1562, .T. ) ;
#2553 = FACE_OUTER_BOUND ( 'NONE', #168, .T. ) ;
#2554 = DIRECTION ( 'NONE',  ( 0.000000000000000000, 0.000000000000000000, 1.000000000000000000 ) ) ;
#2555 = CARTESIAN_POINT ( 'NONE',  ( -2.000000000000000000, 0.4000000000000015210, -50.68999999999999773 ) ) ;
#2556 = ORIENTED_EDGE ( 'NONE', *, *, #387, .F. ) ;
#2557 = ORIENTED_EDGE ( 'NONE', *, *, #3459, .T. ) ;
#2558 = LINE ( 'NONE', #937, #329 ) ;
#2559 = CARTESIAN_POINT ( 'NONE',  ( -3.500000000000000000, 2.200000000000001510, -19.19114642167911811 ) ) ;
#2560 = CARTESIAN_POINT ( 'NONE',  ( -2.000000000000000000, 0.4000000000000013545, -23.55999999999999872 ) ) ;
#2561 = VERTEX_POINT ( 'NONE', #166 ) ;
#2562 = CARTESIAN_POINT ( 'NONE',  ( -1.500000000000014433, -2.000000000000000444, -3.697056274847751567 ) ) ;
#2563 = PLANE ( 'NONE',  #316 ) ;
#2564 = VERTEX_POINT ( 'NONE', #2066 ) ;
#2565 = ORIENTED_EDGE ( 'NONE', *, *, #2039, .T. ) ;
#2566 = VERTEX_POINT ( 'NONE', #1278 ) ;
#2567 = CARTESIAN_POINT ( 'NONE',  ( -2.500000000000000000, 2.200000000000001510, -55.05885357832087834 ) ) ;
#2568 = EDGE_CURVE ( 'NONE', #288, #1514, #2386, .T. ) ;
#2569 =( NAMED_UNIT ( * ) PLANE_ANGLE_UNIT ( ) SI_UNIT ( $, .RADIAN. ) );
#2570 = DIRECTION ( 'NONE',  ( 1.000000000000000000, 0.000000000000000000, 0.000000000000000000 ) ) ;
#2571 = CARTESIAN_POINT ( 'NONE',  ( 0.9000000000000000222, 2.999999999999997780, -60.00000000000000000 ) ) ;
#2572 = EDGE_CURVE ( 'NONE', #2398, #577, #2969, .T. ) ;
#2573 = FACE_OUTER_BOUND ( 'NONE', #2071, .T. ) ;
#2574 = UNCERTAINTY_MEASURE_WITH_UNIT (LENGTH_MEASURE( 1.000000000000000082E-05 ), #728, 'distance_accuracy_value', 'NONE');
#2575 = DIRECTION ( 'NONE',  ( -0.000000000000000000, -0.000000000000000000, -1.000000000000000000 ) ) ;
#2576 = ORIENTED_EDGE ( 'NONE', *, *, #804, .T. ) ;
#2577 = EDGE_CURVE ( 'NONE', #1547, #1120, #1213, .T. ) ;
#2578 = DIRECTION ( 'NONE',  ( -0.000000000000000000, 0.3420201433256487844, -0.9396926207859156444 ) ) ;
#2579 = LINE ( 'NONE', #1409, #3606 ) ;
#2580 = LINE ( 'NONE', #3404, #2945 ) ;
#2581 = VECTOR ( 'NONE', #2635, 1000.000000000000000 ) ;
#2582 = DIRECTION ( 'NONE',  ( -0.000000000000000000, -0.9396926207859158664, 0.3420201433256479517 ) ) ;
#2583 = VECTOR ( 'NONE', #2915, 1000.000000000000114 ) ;
#2584 = DIRECTION ( 'NONE',  ( 0.000000000000000000, 0.000000000000000000, -1.000000000000000000 ) ) ;
#2585 = EDGE_LOOP ( 'NONE', ( #2096, #29, #2444, #1202 ) ) ;
#2586 = ORIENTED_EDGE ( 'NONE', *, *, #753, .F. ) ;
#2587 = ORIENTED_EDGE ( 'NONE', *, *, #1498, .F. ) ;
#2588 = AXIS2_PLACEMENT_3D ( 'NONE', #2429, #1621, #2678 ) ;
#2589 = LINE ( 'NONE', #2293, #3541 ) ;
#2590 = EDGE_CURVE ( 'NONE', #1778, #1532, #938, .T. ) ;
#2591 = VECTOR ( 'NONE', #2456, 1000.000000000000114 ) ;
#2592 = LINE ( 'NONE', #3433, #951 ) ;
#2593 = DIRECTION ( 'NONE',  ( 0.000000000000000000, 0.9396926207859156444, 0.3420201433256487844 ) ) ;
#2594 = ADVANCED_FACE ( 'NONE', ( #1699 ), #203, .F. ) ;
#2595 = CARTESIAN_POINT ( 'NONE',  ( -2.000000000000000000, 2.200000000000001510, -42.49885357832087607 ) ) ;
#2596 = ORIENTED_EDGE ( 'NONE', *, *, #3330, .F. ) ;
#2597 = LINE ( 'NONE', #101, #1962 ) ;
#2598 = CARTESIAN_POINT ( 'NONE',  ( -0.4475732108395590880, 2.200000000000001510, -63.94757321083956469 ) ) ;
#2599 = ADVANCED_FACE ( 'NONE', ( #2428 ), #2450, .F. ) ;
#2600 = EDGE_LOOP ( 'NONE', ( #1347, #1829, #3189, #968 ) ) ;
#2601 = VECTOR ( 'NONE', #1580, 1000.000000000000000 ) ;
#2602 = DIRECTION ( 'NONE',  ( -1.000000000000000000, -0.000000000000000000, -0.000000000000000000 ) ) ;
#2603 = CARTESIAN_POINT ( 'NONE',  ( 2.500000000000000000, 2.200000000000001510, -54.35914642167912092 ) ) ;
#2604 = VERTEX_POINT ( 'NONE', #1321 ) ;
#2605 = ORIENTED_EDGE ( 'NONE', *, *, #2228, .F. ) ;
#2606 = LINE ( 'NONE', #3190, #3168 ) ;
#2607 = CARTESIAN_POINT ( 'NONE',  ( -2.500000000000000000, 2.200000000000001510, -31.75114642167911683 ) ) ;
#2608 = VERTEX_POINT ( 'NONE', #2135 ) ;
#2609 = CARTESIAN_POINT ( 'NONE',  ( 1.604853578320877272, 2.200000000000001510, -61.89514642167912228 ) ) ;
#2610 = VECTOR ( 'NONE', #3249, 1000.000000000000114 ) ;
#2611 = FACE_OUTER_BOUND ( 'NONE', #319, .T. ) ;
#2612 = ORIENTED_EDGE ( 'NONE', *, *, #281, .T. ) ;
#2613 = CARTESIAN_POINT ( 'NONE',  ( 19.00000000000014566, -9.999999999999904077, -29.00000000000009592 ) ) ;
#2614 = EDGE_LOOP ( 'NONE', ( #1161, #3213, #2622, #1226 ) ) ;
#2615 = EDGE_CURVE ( 'NONE', #3030, #171, #756, .T. ) ;
#2616 = LINE ( 'NONE', #3162, #220 ) ;
#2617 = LINE ( 'NONE', #975, #1674 ) ;
#2618 = ORIENTED_EDGE ( 'NONE', *, *, #247, .F. ) ;
#2619 = ADVANCED_FACE ( 'NONE', ( #1151 ), #1069, .F. ) ;
#2620 = LINE ( 'NONE', #2036, #1102 ) ;
#2621 = PLANE ( 'NONE',  #1671 ) ;
#2622 = ORIENTED_EDGE ( 'NONE', *, *, #364, .T. ) ;
#2623 = CARTESIAN_POINT ( 'NONE',  ( -2.500000000000000000, 2.200000000000001510, -46.82314642167911956 ) ) ;
#2624 = PRESENTATION_STYLE_ASSIGNMENT (( #3210 ) ) ;
#2625 = LINE ( 'NONE', #3144, #1257 ) ;
#2626 = ORIENTED_EDGE ( 'NONE', *, *, #2438, .T. ) ;
#2627 = ORIENTED_EDGE ( 'NONE', *, *, #907, .F. ) ;
#2628 = LINE ( 'NONE', #1237, #1841 ) ;
#2629 = VECTOR ( 'NONE', #263, 1000.000000000000114 ) ;
#2630 = ORIENTED_EDGE ( 'NONE', *, *, #867, .T. ) ;
#2631 = FACE_OUTER_BOUND ( 'NONE', #1201, .T. ) ;
#2632 = ORIENTED_EDGE ( 'NONE', *, *, #3551, .T. ) ;
#2633 = DIRECTION ( 'NONE',  ( -1.000000000000000000, 0.000000000000000000, 1.532847594326445600E-16 ) ) ;
#2634 = CARTESIAN_POINT ( 'NONE',  ( -2.000000000000000000, 2.200000000000001510, -34.26314642167911728 ) ) ;
#2635 = DIRECTION ( 'NONE',  ( 1.000000000000000000, 0.000000000000000000, 0.000000000000000000 ) ) ;
#2636 = EDGE_LOOP ( 'NONE', ( #232, #1348, #2015, #271 ) ) ;
#2637 = VECTOR ( 'NONE', #2403, 1000.000000000000000 ) ;
#2638 = CARTESIAN_POINT ( 'NONE',  ( -2.500000000000000000, 0.4000000000000013545, -61.24000000000000199 ) ) ;
#2639 = PLANE ( 'NONE',  #1899 ) ;
#2640 = ADVANCED_FACE ( 'NONE', ( #1641 ), #878, .F. ) ;
#2641 = VECTOR ( 'NONE', #1081, 1000.000000000000114 ) ;
#2642 = ORIENTED_EDGE ( 'NONE', *, *, #3288, .T. ) ;
#2643 = CARTESIAN_POINT ( 'NONE',  ( 2.500000000000000000, 0.4000000000000015210, -81.27975906833177078 ) ) ;
#2644 = VECTOR ( 'NONE', #2477, 1000.000000000000000 ) ;
#2645 = CARTESIAN_POINT ( 'NONE',  ( -2.000000000000000000, 5.099999999999993427, -9.049999999999998934 ) ) ;
#2646 = ORIENTED_EDGE ( 'NONE', *, *, #3471, .T. ) ;
#2647 = EDGE_CURVE ( 'NONE', #2884, #3580, #773, .T. ) ;
#2648 = VERTEX_POINT ( 'NONE', #503 ) ;
#2649 = AXIS2_PLACEMENT_3D ( 'NONE', #1060, #2496, #3622 ) ;
#2650 = VECTOR ( 'NONE', #2304, 1000.000000000000114 ) ;
#2651 = UNCERTAINTY_MEASURE_WITH_UNIT (LENGTH_MEASURE( 1.000000000000000082E-05 ), #1549, 'distance_accuracy_value', 'NONE');
#2652 = ORIENTED_EDGE ( 'NONE', *, *, #2055, .T. ) ;
#2653 = PLANE ( 'NONE',  #710 ) ;
#2654 = VERTEX_POINT ( 'NONE', #241 ) ;
#2655 = VECTOR ( 'NONE', #3613, 1000.000000000000000 ) ;
#2656 = DIRECTION ( 'NONE',  ( 1.000000000000000000, 0.000000000000000000, 0.000000000000000000 ) ) ;
#2657 = LINE ( 'NONE', #410, #1375 ) ;
#2658 = VERTEX_POINT ( 'NONE', #1354 ) ;
#2659 = ORIENTED_EDGE ( 'NONE', *, *, #732, .T. ) ;
#2660 = EDGE_LOOP ( 'NONE', ( #1276, #589, #2605, #1446 ) ) ;
#2661 = VECTOR ( 'NONE', #1801, 1000.000000000000114 ) ;
#2662 = ADVANCED_FACE ( 'NONE', ( #222 ), #1300, .T. ) ;
#2663 = DIRECTION ( 'NONE',  ( 1.000000000000000000, 0.000000000000000000, 0.000000000000000000 ) ) ;
#2664 = DIRECTION ( 'NONE',  ( -0.000000000000000000, 0.000000000000000000, -1.000000000000000000 ) ) ;
#2665 = AXIS2_PLACEMENT_3D ( 'NONE', #182, #539, #1924 ) ;
#2666 = ORIENTED_EDGE ( 'NONE', *, *, #3335, .F. ) ;
#2667 = CARTESIAN_POINT ( 'NONE',  ( -2.500000000000000000, 2.200000000000001510, -39.98685357832088272 ) ) ;
#2668 = ADVANCED_FACE ( 'NONE', ( #3310 ), #818, .F. ) ;
#2669 = CARTESIAN_POINT ( 'NONE',  ( 5.012092880962930153, 1.589891632330215021, -13.94508513617059187 ) ) ;
#2670 = VERTEX_POINT ( 'NONE', #2407 ) ;
#2671 = CARTESIAN_POINT ( 'NONE',  ( -2.500000000000000000, 2.200000000000001510, -56.87114642167912137 ) ) ;
#2672 = EDGE_CURVE ( 'NONE', #959, #1053, #2809, .T. ) ;
#2673 = VERTEX_POINT ( 'NONE', #2694 ) ;
#2674 = CARTESIAN_POINT ( 'NONE',  ( 2.500000000000000000, -2.000000000000000888, -8.599999999999999645 ) ) ;
#2675 = ORIENTED_EDGE ( 'NONE', *, *, #2815, .F. ) ;
#2676 = CARTESIAN_POINT ( 'NONE',  ( -2.000000000000000000, 0.4000000000000015210, -62.00000000000000000 ) ) ;
#2677 = FACE_OUTER_BOUND ( 'NONE', #2893, .T. ) ;
#2678 = DIRECTION ( 'NONE',  ( 0.000000000000000000, -0.9396926207859158664, 0.3420201433256479517 ) ) ;
#2679 = EDGE_LOOP ( 'NONE', ( #2896, #2918, #1567, #1684 ) ) ;
#2680 = CARTESIAN_POINT ( 'NONE',  ( 2.500000000000000000, 0.4000000000000015210, -16.02399999999999736 ) ) ;
#2681 = ORIENTED_EDGE ( 'NONE', *, *, #948, .T. ) ;
#2682 = CARTESIAN_POINT ( 'NONE',  ( -2.500000000000000000, 0.4000000000000013545, -36.11999999999999744 ) ) ;
#2683 = DIRECTION ( 'NONE',  ( 0.000000000000000000, 0.9396926207859156444, 0.3420201433256487844 ) ) ;
#2684 = VERTEX_POINT ( 'NONE', #2532 ) ;
#2685 = LINE ( 'NONE', #176, #1833 ) ;
#2686 = CARTESIAN_POINT ( 'NONE',  ( -2.000000000000000000, 2.200000000000001510, -26.72714642167911592 ) ) ;
#2687 = ORIENTED_EDGE ( 'NONE', *, *, #2084, .F. ) ;
#2688 = ORIENTED_EDGE ( 'NONE', *, *, #2329, .T. ) ;
#2689 = EDGE_CURVE ( 'NONE', #486, #1877, #3533, .T. ) ;
#2690 = FACE_OUTER_BOUND ( 'NONE', #3093, .T. ) ;
#2691 = DIRECTION ( 'NONE',  ( 1.000000000000000000, 0.000000000000000000, 0.000000000000000000 ) ) ;
#2692 = EDGE_CURVE ( 'NONE', #2823, #1547, #1791, .T. ) ;
#2693 = LINE ( 'NONE', #2676, #2075 ) ;
#2694 = CARTESIAN_POINT ( 'NONE',  ( -2.000000000000000000, 2.200000000000001510, -26.72714642167911592 ) ) ;
#2695 = CARTESIAN_POINT ( 'NONE',  ( -2.000000000000000000, 2.200000000000001510, -39.98685357832088272 ) ) ;
#2696 = ORIENTED_EDGE ( 'NONE', *, *, #427, .T. ) ;
#2697 = EDGE_CURVE ( 'NONE', #2941, #2040, #2589, .T. ) ;
#2698 = CARTESIAN_POINT ( 'NONE',  ( -2.500000000000000000, 4.599999999999999645, -4.949999999999998401 ) ) ;
#2699 = ORIENTED_EDGE ( 'NONE', *, *, #2443, .F. ) ;
#2700 = CARTESIAN_POINT ( 'NONE',  ( -2.000000000000000000, 0.4000000000000013545, -26.07199999999999918 ) ) ;
#2701 = FACE_OUTER_BOUND ( 'NONE', #1138, .T. ) ;
#2702 = ORIENTED_EDGE ( 'NONE', *, *, #2572, .T. ) ;
#2703 = CARTESIAN_POINT ( 'NONE',  ( -2.500000000000000000, 7.349999999999999645, -60.00000000000000000 ) ) ;
#2704 = CARTESIAN_POINT ( 'NONE',  ( 0.09999999999999376055, 2.000000000000006217, -5.449999999999999289 ) ) ;
#2705 = ORIENTED_EDGE ( 'NONE', *, *, #3595, .F. ) ;
#2706 = ORIENTED_EDGE ( 'NONE', *, *, #1825, .F. ) ;
#2707 = CARTESIAN_POINT ( 'NONE',  ( 2.500000000000000000, 2.200000000000001510, -19.19114642167911811 ) ) ;
#2708 = VECTOR ( 'NONE', #801, 1000.000000000000000 ) ;
#2709 = CIRCLE ( 'NONE', #896, 2.349999999999997868 ) ;
#2710 = FACE_OUTER_BOUND ( 'NONE', #458, .T. ) ;
#2711 = VECTOR ( 'NONE', #3608, 1000.000000000000114 ) ;
#2712 = EDGE_CURVE ( 'NONE', #3170, #2884, #2625, .T. ) ;
#2713 = CARTESIAN_POINT ( 'NONE',  ( -2.000000000000000000, 4.599999999999999645, -9.049999999999998934 ) ) ;
#2714 = LINE ( 'NONE', #1012, #850 ) ;
#2715 = AXIS2_PLACEMENT_3D ( 'NONE', #3293, #3024, #1402 ) ;
#2716 = EDGE_LOOP ( 'NONE', ( #2841, #1208, #1706, #1339 ) ) ;
#2717 = DIRECTION ( 'NONE',  ( 0.000000000000000000, 0.000000000000000000, 1.000000000000000000 ) ) ;
#2718 = DIRECTION ( 'NONE',  ( 0.000000000000000000, -0.000000000000000000, 1.000000000000000000 ) ) ;
#2719 = ORIENTED_EDGE ( 'NONE', *, *, #28, .T. ) ;
#2720 = DIRECTION ( 'NONE',  ( -1.000000000000000000, -0.000000000000000000, 0.000000000000000000 ) ) ;
#2721 = CARTESIAN_POINT ( 'NONE',  ( -2.000000000000000000, 0.4000000000000015210, -60.73799999999999955 ) ) ;
#2722 = ORIENTED_EDGE ( 'NONE', *, *, #1556, .F. ) ;
#2723 = VERTEX_POINT ( 'NONE', #1205 ) ;
#2724 = FACE_OUTER_BOUND ( 'NONE', #3128, .T. ) ;
#2725 = VECTOR ( 'NONE', #923, 1000.000000000000114 ) ;
#2726 = DIRECTION ( 'NONE',  ( 1.000000000000000000, 0.000000000000000000, 0.000000000000000000 ) ) ;
#2727 = LINE ( 'NONE', #3512, #972 ) ;
#2728 = DIRECTION ( 'NONE',  ( -0.000000000000000000, 0.3420201433256487844, -0.9396926207859156444 ) ) ;
#2729 = LINE ( 'NONE', #223, #3114 ) ;
#2730 = VECTOR ( 'NONE', #2663, 1000.000000000000000 ) ;
#2731 = VERTEX_POINT ( 'NONE', #3157 ) ;
#2732 = ORIENTED_EDGE ( 'NONE', *, *, #771, .F. ) ;
#2733 = ADVANCED_FACE ( 'NONE', ( #2272 ), #639, .F. ) ;
#2734 = VECTOR ( 'NONE', #1911, 1000.000000000000000 ) ;
#2735 = CARTESIAN_POINT ( 'NONE',  ( -2.500000000000000000, 0.4000000000000013545, -58.72800000000000153 ) ) ;
#2736 = LINE ( 'NONE', #2436, #855 ) ;
#2737 = FACE_OUTER_BOUND ( 'NONE', #3522, .T. ) ;
#2738 = ADVANCED_FACE ( 'NONE', ( #3100 ), #3390, .F. ) ;
#2739 = CARTESIAN_POINT ( 'NONE',  ( 2.500000000000000000, 0.4000000000000013545, -28.58399999999999963 ) ) ;
#2740 = CARTESIAN_POINT ( 'NONE',  ( 2.500000000000000000, 5.349999999999997868, -60.00000000000000000 ) ) ;
#2741 = ORIENTED_EDGE ( 'NONE', *, *, #2228, .T. ) ;
#2742 = VERTEX_POINT ( 'NONE', #2335 ) ;
#2743 = ORIENTED_EDGE ( 'NONE', *, *, #2317, .F. ) ;
#2744 = EDGE_CURVE ( 'NONE', #2493, #1851, #2865, .T. ) ;
#2745 = CARTESIAN_POINT ( 'NONE',  ( -2.500000000000000000, 2.200000000000001510, -41.79914642167911865 ) ) ;
#2746 = DIRECTION ( 'NONE',  ( 0.000000000000000000, 0.3746065934159094613, -0.9271838545667883125 ) ) ;
#2747 = DIRECTION ( 'NONE',  ( 0.000000000000000000, -0.9396926207859156444, -0.3420201433256487844 ) ) ;
#2748 = CARTESIAN_POINT ( 'NONE',  ( 2.500000000000000000, 0.4000000000000015210, -30.59399999999999764 ) ) ;
#2749 = LINE ( 'NONE', #1737, #1154 ) ;
#2750 = DIRECTION ( 'NONE',  ( 0.000000000000000000, 0.9396926207859156444, 0.3420201433256487844 ) ) ;
#2751 = DIRECTION ( 'NONE',  ( -0.000000000000000000, -0.9396926207859158664, 0.3420201433256479517 ) ) ;
#2752 = CARTESIAN_POINT ( 'NONE',  ( 2.500000000000000000, 0.4000000000000015210, -13.51199999999999690 ) ) ;
#2753 = LINE ( 'NONE', #1359, #1010 ) ;
#2754 = ORIENTED_EDGE ( 'NONE', *, *, #1970, .T. ) ;
#2755 = DIRECTION ( 'NONE',  ( -0.000000000000000000, -0.000000000000000000, 1.000000000000000000 ) ) ;
#2756 = EDGE_CURVE ( 'NONE', #1587, #3107, #895, .T. ) ;
#2757 = CARTESIAN_POINT ( 'NONE',  ( -2.500000000000000000, 2.200000000000001510, -42.49885357832087607 ) ) ;
#2758 = CARTESIAN_POINT ( 'NONE',  ( -3.500000000000000000, 2.200000000000001510, -21.70314642167911856 ) ) ;
#2759 = ADVANCED_FACE ( 'NONE', ( #2028 ), #670, .F. ) ;
#2760 = CARTESIAN_POINT ( 'NONE',  ( 2.500000000000000000, 4.599999999999999645, -4.949999999999998401 ) ) ;
#2761 = EDGE_LOOP ( 'NONE', ( #3219, #1192, #1927, #123 ) ) ;
#2762 = DIRECTION ( 'NONE',  ( 1.000000000000000000, 0.000000000000000000, 0.000000000000000000 ) ) ;
#2763 = DIRECTION ( 'NONE',  ( 0.000000000000000000, -1.000000000000000000, 0.000000000000000000 ) ) ;
#2764 = VECTOR ( 'NONE', #3492, 1000.000000000000114 ) ;
#2765 = EDGE_CURVE ( 'NONE', #2658, #3084, #347, .T. ) ;
#2766 = VECTOR ( 'NONE', #2999, 1000.000000000000000 ) ;
#2767 = DIRECTION ( 'NONE',  ( 1.000000000000000000, 0.000000000000000000, 0.000000000000000000 ) ) ;
#2768 = AXIS2_PLACEMENT_3D ( 'NONE', #1939, #2897, #68 ) ;
#2769 = LINE ( 'NONE', #262, #3405 ) ;
#2770 = CARTESIAN_POINT ( 'NONE',  ( -2.000000000000000000, 0.4000000000000013545, -53.70400000000000063 ) ) ;
#2771 = VERTEX_POINT ( 'NONE', #2880 ) ;
#2772 = ORIENTED_EDGE ( 'NONE', *, *, #184, .T. ) ;
#2773 = VECTOR ( 'NONE', #2785, 1000.000000000000114 ) ;
#2774 = VECTOR ( 'NONE', #674, 1000.000000000000000 ) ;
#2775 = PLANE ( 'NONE',  #1611 ) ;
#2776 = VERTEX_POINT ( 'NONE', #2042 ) ;
#2777 = LINE ( 'NONE', #1682, #3591 ) ;
#2778 = CARTESIAN_POINT ( 'NONE',  ( -2.000000000000000000, 2.200000000000001510, -16.67914642167911765 ) ) ;
#2779 = ORIENTED_EDGE ( 'NONE', *, *, #2689, .T. ) ;
#2780 = VECTOR ( 'NONE', #392, 1000.000000000000000 ) ;
#2781 = DIRECTION ( 'NONE',  ( -0.000000000000000000, 1.000000000000000000, 0.000000000000000000 ) ) ;
#2782 = ADVANCED_FACE ( 'NONE', ( #934 ), #363, .F. ) ;
#2783 = EDGE_CURVE ( 'NONE', #740, #2204, #652, .T. ) ;
#2784 = DIRECTION ( 'NONE',  ( 1.000000000000000000, 0.000000000000000000, 0.000000000000000000 ) ) ;
#2785 = DIRECTION ( 'NONE',  ( 0.000000000000000000, 0.9396926207859156444, 0.3420201433256487844 ) ) ;
#2786 = DIRECTION ( 'NONE',  ( 0.000000000000000000, 1.000000000000000000, 0.000000000000000000 ) ) ;
#2787 = ORIENTED_EDGE ( 'NONE', *, *, #1577, .T. ) ;
#2788 = ADVANCED_FACE ( 'NONE', ( #2553 ), #1512, .F. ) ;
#2789 = CARTESIAN_POINT ( 'NONE',  ( -2.000000000000000000, 2.200000000000001510, -60.08285357832087925 ) ) ;
#2790 = VECTOR ( 'NONE', #3442, 1000.000000000000000 ) ;
#2791 = LINE ( 'NONE', #1382, #2644 ) ;
#2792 = DIRECTION ( 'NONE',  ( 1.000000000000000000, 0.000000000000000000, 0.000000000000000000 ) ) ;
#2793 = ORIENTED_EDGE ( 'NONE', *, *, #3372, .T. ) ;
#2794 = CARTESIAN_POINT ( 'NONE',  ( 2.259999999999999787, 0.4000000000000015210, -61.24000000000000199 ) ) ;
#2795 = EDGE_CURVE ( 'NONE', #505, #1784, #2898, .T. ) ;
#2796 = CARTESIAN_POINT ( 'NONE',  ( 2.000000000000006661, -2.000000000000000000, 2.407412805495176562E-16 ) ) ;
#2797 = ADVANCED_FACE ( 'NONE', ( #494 ), #160, .T. ) ;
#2798 = DIRECTION ( 'NONE',  ( -0.000000000000000000, 0.3420201433256480072, 0.9396926207859159774 ) ) ;
#2799 = VERTEX_POINT ( 'NONE', #3266 ) ;
#2800 = EDGE_LOOP ( 'NONE', ( #2961, #1553, #2539, #1601 ) ) ;
#2801 = ADVANCED_FACE ( 'NONE', ( #1612 ), #1314, .F. ) ;
#2802 = FACE_OUTER_BOUND ( 'NONE', #196, .T. ) ;
#2803 = VERTEX_POINT ( 'NONE', #2397 ) ;
#2804 = CARTESIAN_POINT ( 'NONE',  ( 2.500000000000000000, 2.200000000000001510, -52.54685357832087789 ) ) ;
#2805 = FACE_OUTER_BOUND ( 'NONE', #1450, .T. ) ;
#2806 = EDGE_LOOP ( 'NONE', ( #2157, #440, #945, #3305, #1162 ) ) ;
#2807 = ORIENTED_EDGE ( 'NONE', *, *, #3227, .T. ) ;
#2808 = LINE ( 'NONE', #832, #1131 ) ;
#2809 = LINE ( 'NONE', #306, #1618 ) ;
#2810 = PLANE ( 'NONE',  #2056 ) ;
#2811 = CARTESIAN_POINT ( 'NONE',  ( -2.500000000000000000, 2.200000000000001510, -29.23914642167911637 ) ) ;
#2812 = LINE ( 'NONE', #1704, #246 ) ;
#2813 = EDGE_LOOP ( 'NONE', ( #3362, #424, #2576, #3550 ) ) ;
#2814 = VERTEX_POINT ( 'NONE', #194 ) ;
#2815 = EDGE_CURVE ( 'NONE', #800, #2379, #2916, .T. ) ;
#2816 = DIRECTION ( 'NONE',  ( 0.000000000000000000, 0.000000000000000000, -1.000000000000000000 ) ) ;
#2817 = DIRECTION ( 'NONE',  ( -0.000000000000000000, -0.000000000000000000, -1.000000000000000000 ) ) ;
#2818 = VERTEX_POINT ( 'NONE', #1254 ) ;
#2819 = VECTOR ( 'NONE', #1527, 1000.000000000000114 ) ;
#2820 = ADVANCED_FACE ( 'NONE', ( #1331 ), #2992, .F. ) ;
#2821 = VECTOR ( 'NONE', #844, 1000.000000000000000 ) ;
#2822 = CARTESIAN_POINT ( 'NONE',  ( -2.000000000000000000, 0.4000000000000015210, -62.00000000000000000 ) ) ;
#2823 = VERTEX_POINT ( 'NONE', #2645 ) ;
#2824 = VERTEX_POINT ( 'NONE', #2721 ) ;
#2825 = CARTESIAN_POINT ( 'NONE',  ( -2.000000000000000000, 0.4000000000000013545, -53.70400000000000063 ) ) ;
#2826 = VECTOR ( 'NONE', #2030, 1000.000000000000114 ) ;
#2827 = DIRECTION ( 'NONE',  ( 1.000000000000000000, 0.000000000000000000, 0.000000000000000000 ) ) ;
#2828 = VECTOR ( 'NONE', #1629, 1000.000000000000114 ) ;
#2829 = DIRECTION ( 'NONE',  ( 1.000000000000000000, 0.000000000000000000, 0.000000000000000000 ) ) ;
#2830 = VECTOR ( 'NONE', #2908, 1000.000000000000000 ) ;
#2831 = CARTESIAN_POINT ( 'NONE',  ( -2.500000000000000000, 2.200000000000001510, -45.01085357832087652 ) ) ;
#2832 = LINE ( 'NONE', #2223, #1078 ) ;
#2833 = DIRECTION ( 'NONE',  ( -0.000000000000000000, 0.9396926207859156444, 0.3420201433256488399 ) ) ;
#2834 = ORIENTED_EDGE ( 'NONE', *, *, #3420, .T. ) ;
#2835 = ORIENTED_EDGE ( 'NONE', *, *, #1907, .T. ) ;
#2836 = DIRECTION ( 'NONE',  ( 1.000000000000000000, 0.000000000000000000, 0.000000000000000000 ) ) ;
#2837 = CARTESIAN_POINT ( 'NONE',  ( -2.000000000000000000, 2.200000000000001510, -29.93885357832087735 ) ) ;
#2838 = CARTESIAN_POINT ( 'NONE',  ( 2.500000000000000000, 2.200000000000001510, -16.67914642167912120 ) ) ;
#2839 = LINE ( 'NONE', #980, #1796 ) ;
#2840 = DIRECTION ( 'NONE',  ( -0.000000000000000000, 0.3420201433256480072, 0.9396926207859159774 ) ) ;
#2841 = ORIENTED_EDGE ( 'NONE', *, *, #1652, .F. ) ;
#2842 = VERTEX_POINT ( 'NONE', #1551 ) ;
#2843 = VECTOR ( 'NONE', #3407, 1000.000000000000114 ) ;
#2844 = EDGE_CURVE ( 'NONE', #3379, #2040, #456, .T. ) ;
#2845 = PLANE ( 'NONE',  #714 ) ;
#2846 = EDGE_LOOP ( 'NONE', ( #994, #1214, #484, #1530 ) ) ;
#2847 = CARTESIAN_POINT ( 'NONE',  ( -2.000000000000000000, 0.4000000000000015210, -62.00000000000000000 ) ) ;
#2848 = DIRECTION ( 'NONE',  ( -0.000000000000000000, 0.9396926207859156444, 0.3420201433256488399 ) ) ;
#2849 = DIRECTION ( 'NONE',  ( -0.000000000000000000, 0.3420201433256480072, 0.9396926207859159774 ) ) ;
#2850 = EDGE_CURVE ( 'NONE', #1733, #659, #139, .T. ) ;
#2851 = FACE_OUTER_BOUND ( 'NONE', #2987, .T. ) ;
#2852 = ORIENTED_EDGE ( 'NONE', *, *, #943, .T. ) ;
#2853 = CARTESIAN_POINT ( 'NONE',  ( -2.000000000000000000, 0.4000000000000015210, -62.00000000000000000 ) ) ;
#2854 = ORIENTED_EDGE ( 'NONE', *, *, #3575, .F. ) ;
#2855 = FACE_OUTER_BOUND ( 'NONE', #452, .T. ) ;
#2856 = DIRECTION ( 'NONE',  ( -1.000000000000000000, 0.000000000000000000, 0.000000000000000000 ) ) ;
#2857 = EDGE_CURVE ( 'NONE', #1932, #2058, #1529, .T. ) ;
#2858 = FACE_OUTER_BOUND ( 'NONE', #671, .T. ) ;
#2859 = DIRECTION ( 'NONE',  ( 0.000000000000000000, 0.9396926207859156444, 0.3420201433256487844 ) ) ;
#2860 = ORIENTED_EDGE ( 'NONE', *, *, #592, .T. ) ;
#2861 = ORIENTED_EDGE ( 'NONE', *, *, #965, .T. ) ;
#2862 = PLANE ( 'NONE',  #1774 ) ;
#2863 = ADVANCED_FACE ( 'NONE', ( #2441 ), #2107, .T. ) ;
#2864 = LINE ( 'NONE', #2271, #2434 ) ;
#2865 = LINE ( 'NONE', #2607, #3476 ) ;
#2866 = VECTOR ( 'NONE', #2517, 1000.000000000000000 ) ;
#2867 = EDGE_CURVE ( 'NONE', #2325, #2673, #3524, .T. ) ;
#2868 = LINE ( 'NONE', #1759, #961 ) ;
#2869 = DIRECTION ( 'NONE',  ( 0.000000000000000000, -0.9396926207859158664, 0.3420201433256479517 ) ) ;
#2870 = ORIENTED_EDGE ( 'NONE', *, *, #2208, .F. ) ;
#2871 = LINE ( 'NONE', #679, #3555 ) ;
#2872 = DIRECTION ( 'NONE',  ( 1.000000000000000000, -0.000000000000000000, -0.000000000000000000 ) ) ;
#2873 = VECTOR ( 'NONE', #2321, 1000.000000000000000 ) ;
#2874 = CARTESIAN_POINT ( 'NONE',  ( 2.500000000000000000, 0.4000000000000015210, -81.27975906833177078 ) ) ;
#2875 = VERTEX_POINT ( 'NONE', #1808 ) ;
#2876 = ORIENTED_EDGE ( 'NONE', *, *, #1820, .F. ) ;
#2877 = CARTESIAN_POINT ( 'NONE',  ( 2.500000000000000000, 2.200000000000001510, -44.31114642167911910 ) ) ;
#2878 = VECTOR ( 'NONE', #2004, 1000.000000000000000 ) ;
#2879 = FACE_OUTER_BOUND ( 'NONE', #1916, .T. ) ;
#2880 = CARTESIAN_POINT ( 'NONE',  ( -2.000000000000000000, 2.200000000000001510, -49.33514642167912001 ) ) ;
#2881 = VECTOR ( 'NONE', #2883, 1000.000000000000114 ) ;
#2882 = EDGE_CURVE ( 'NONE', #3052, #2068, #1043, .T. ) ;
#2883 = DIRECTION ( 'NONE',  ( -0.000000000000000000, -0.9396926207859158664, 0.3420201433256479517 ) ) ;
#2884 = VERTEX_POINT ( 'NONE', #3488 ) ;
#2885 = DIRECTION ( 'NONE',  ( -0.000000000000000000, -0.000000000000000000, -1.000000000000000000 ) ) ;
#2886 = EDGE_CURVE ( 'NONE', #3146, #2723, #729, .T. ) ;
#2887 = AXIS2_PLACEMENT_3D ( 'NONE', #662, #991, #1817 ) ;
#2888 = ORIENTED_EDGE ( 'NONE', *, *, #2061, .F. ) ;
#2889 = CARTESIAN_POINT ( 'NONE',  ( -2.000000000000000000, 2.200000000000001510, -29.23914642167911637 ) ) ;
#2890 = AXIS2_PLACEMENT_3D ( 'NONE', #3274, #2728, #521 ) ;
#2891 = CARTESIAN_POINT ( 'NONE',  ( -2.000000000000000000, 2.200000000000001510, -52.54685357832087789 ) ) ;
#2892 = EDGE_CURVE ( 'NONE', #2673, #3406, #177, .T. ) ;
#2893 = EDGE_LOOP ( 'NONE', ( #1846, #969, #1271, #1896 ) ) ;
#2894 = LINE ( 'NONE', #1786, #1264 ) ;
#2895 = DIRECTION ( 'NONE',  ( -0.000000000000000000, -0.000000000000000000, -1.000000000000000000 ) ) ;
#2896 = ORIENTED_EDGE ( 'NONE', *, *, #2930, .T. ) ;
#2897 = DIRECTION ( 'NONE',  ( -0.000000000000000000, 1.000000000000000000, 0.000000000000000000 ) ) ;
#2898 = LINE ( 'NONE', #601, #1849 ) ;
#2899 = ORIENTED_EDGE ( 'NONE', *, *, #3391, .T. ) ;
#2900 = ORIENTED_EDGE ( 'NONE', *, *, #1252, .F. ) ;
#2901 = LINE ( 'NONE', #2043, #308 ) ;
#2902 = VECTOR ( 'NONE', #2767, 1000.000000000000000 ) ;
#2903 = EDGE_CURVE ( 'NONE', #3452, #1727, #691, .T. ) ;
#2904 = ORIENTED_EDGE ( 'NONE', *, *, #3142, .T. ) ;
#2905 = LINE ( 'NONE', #1761, #3283 ) ;
#2906 = EDGE_CURVE ( 'NONE', #2875, #2140, #2976, .T. ) ;
#2907 = LINE ( 'NONE', #2046, #677 ) ;
#2908 = DIRECTION ( 'NONE',  ( 0.000000000000000000, 0.000000000000000000, 1.000000000000000000 ) ) ;
#2909 = CARTESIAN_POINT ( 'NONE',  ( -2.500000000000000000, 0.4000000000000015210, -38.12999999999999545 ) ) ;
#2910 = VERTEX_POINT ( 'NONE', #984 ) ;
#2911 = EDGE_CURVE ( 'NONE', #359, #3281, #706, .T. ) ;
#2912 = CARTESIAN_POINT ( 'NONE',  ( 2.500000000000000000, 0.4000000000000013545, -46.16799999999999926 ) ) ;
#2913 = LINE ( 'NONE', #981, #1607 ) ;
#2914 = ORIENTED_EDGE ( 'NONE', *, *, #454, .F. ) ;
#2915 = DIRECTION ( 'NONE',  ( 0.000000000000000000, -0.9396926207859158664, 0.3420201433256479517 ) ) ;
#2916 = LINE ( 'NONE', #474, #2610 ) ;
#2917 = VERTEX_POINT ( 'NONE', #1827 ) ;
#2918 = ORIENTED_EDGE ( 'NONE', *, *, #433, .F. ) ;
#2919 = DIRECTION ( 'NONE',  ( 0.000000000000000000, 0.000000000000000000, 1.000000000000000000 ) ) ;
#2920 = PLANE ( 'NONE',  #141 ) ;
#2921 = VECTOR ( 'NONE', #1090, 1000.000000000000114 ) ;
#2922 = EDGE_LOOP ( 'NONE', ( #1500, #2834, #3141, #1710 ) ) ;
#2923 = LINE ( 'NONE', #97, #305 ) ;
#2924 = ORIENTED_EDGE ( 'NONE', *, *, #439, .F. ) ;
#2925 = CARTESIAN_POINT ( 'NONE',  ( 2.500000000000000000, 0.4000000000000015210, -81.27975906833177078 ) ) ;
#2926 = DIRECTION ( 'NONE',  ( 0.000000000000000000, 0.000000000000000000, -1.000000000000000000 ) ) ;
#2927 = ORIENTED_EDGE ( 'NONE', *, *, #1429, .T. ) ;
#2928 = EDGE_LOOP ( 'NONE', ( #3215, #1565, #3517, #2093 ) ) ;
#2929 = ORIENTED_EDGE ( 'NONE', *, *, #3110, .T. ) ;
#2930 = EDGE_CURVE ( 'NONE', #250, #2025, #1133, .T. ) ;
#2931 = AXIS2_PLACEMENT_3D ( 'NONE', #1959, #1405, #1136 ) ;
#2932 = CARTESIAN_POINT ( 'NONE',  ( -2.000000000000000000, 0.4000000000000015210, -33.10599999999999454 ) ) ;
#2933 = CARTESIAN_POINT ( 'NONE',  ( -1.500000000000006217, 7.000000000000000000, -3.697056274847743129 ) ) ;
#2934 = VECTOR ( 'NONE', #2942, 1000.000000000000114 ) ;
#2935 = VERTEX_POINT ( 'NONE', #851 ) ;
#2936 = EDGE_CURVE ( 'NONE', #1491, #1054, #3101, .T. ) ;
#2937 = PLANE ( 'NONE',  #602 ) ;
#2938 = VECTOR ( 'NONE', #1824, 1000.000000000000000 ) ;
#2939 = CARTESIAN_POINT ( 'NONE',  ( 2.500000000000000000, 0.4000000000000015210, -81.27975906833177078 ) ) ;
#2940 = ORIENTED_EDGE ( 'NONE', *, *, #2215, .F. ) ;
#2941 = VERTEX_POINT ( 'NONE', #1990 ) ;
#2942 = DIRECTION ( 'NONE',  ( -0.000000000000000000, -0.9396926207859158664, 0.3420201433256479517 ) ) ;
#2943 = AXIS2_PLACEMENT_3D ( 'NONE', #1337, #2984, #504 ) ;
#2944 = CARTESIAN_POINT ( 'NONE',  ( 5.012092880962930153, 0.4000000000000013545, -11.00000000000000000 ) ) ;
#2945 = VECTOR ( 'NONE', #3113, 1000.000000000000000 ) ;
#2946 = CARTESIAN_POINT ( 'NONE',  ( -3.500000000000000000, 2.200000000000001510, -22.40285357832087598 ) ) ;
#2947 = VERTEX_POINT ( 'NONE', #557 ) ;
#2948 = DIRECTION ( 'NONE',  ( -0.5773502691896252870, -0.5773502691896252870, -0.5773502691896266192 ) ) ;
#2949 = CARTESIAN_POINT ( 'NONE',  ( 1.500000000000000000, -2.000000000000000888, -62.00000000000000000 ) ) ;
#2950 = CARTESIAN_POINT ( 'NONE',  ( 2.500000000000000000, 0.4000000000000015210, -41.14399999999999835 ) ) ;
#2951 = VERTEX_POINT ( 'NONE', #1940 ) ;
#2952 = ORIENTED_EDGE ( 'NONE', *, *, #2850, .T. ) ;
#2953 = ORIENTED_EDGE ( 'NONE', *, *, #2911, .F. ) ;
#2954 = AXIS2_PLACEMENT_3D ( 'NONE', #2057, #1220, #3173 ) ;
#2955 = CARTESIAN_POINT ( 'NONE',  ( 2.500000000000000000, 0.4000000000000015210, -81.27975906833177078 ) ) ;
#2956 = EDGE_CURVE ( 'NONE', #2818, #512, #813, .T. ) ;
#2957 = CARTESIAN_POINT ( 'NONE',  ( 2.500000000000000000, 5.126617031813671232, -61.00000000000000000 ) ) ;
#2958 = DIRECTION ( 'NONE',  ( 0.000000000000000000, 0.9396926207859156444, 0.3420201433256487844 ) ) ;
#2959 = ADVANCED_FACE ( 'NONE', ( #275 ), #2222, .F. ) ;
#2960 = CARTESIAN_POINT ( 'NONE',  ( -2.500000000000000000, 0.4000000000000015210, -25.57000000000000028 ) ) ;
#2961 = ORIENTED_EDGE ( 'NONE', *, *, #54, .T. ) ;
#2962 =( GEOMETRIC_REPRESENTATION_CONTEXT ( 3 ) GLOBAL_UNCERTAINTY_ASSIGNED_CONTEXT ( ( #2651 ) ) GLOBAL_UNIT_ASSIGNED_CONTEXT ( ( #1549, #966, #1528 ) ) REPRESENTATION_CONTEXT ( 'NONE', 'WORKASPACE' ) );
#2963 = VERTEX_POINT ( 'NONE', #3337 ) ;
#2964 = DIRECTION ( 'NONE',  ( -0.000000000000000000, 0.3420201433256480628, 0.9396926207859159774 ) ) ;
#2965 = ADVANCED_FACE ( 'NONE', ( #2239 ), #535, .F. ) ;
#2966 = DIRECTION ( 'NONE',  ( -0.7071067811865466846, -8.363418636454778111E-17, -0.7071067811865483499 ) ) ;
#2967 = VECTOR ( 'NONE', #2091, 1000.000000000000000 ) ;
#2968 = LINE ( 'NONE', #3557, #3133 ) ;
#2969 = LINE ( 'NONE', #2598, #2419 ) ;
#2970 = CARTESIAN_POINT ( 'NONE',  ( -2.000000000000000000, 0.4000000000000015210, -55.71399999999999864 ) ) ;
#2971 = ORIENTED_EDGE ( 'NONE', *, *, #1633, .F. ) ;
#2972 = ORIENTED_EDGE ( 'NONE', *, *, #1164, .F. ) ;
#2973 = CARTESIAN_POINT ( 'NONE',  ( -2.500000000000000000, 2.200000000000001510, -54.35914642167912092 ) ) ;
#2974 = ORIENTED_EDGE ( 'NONE', *, *, #2443, .T. ) ;
#2975 = CARTESIAN_POINT ( 'NONE',  ( -2.000000000000000000, 0.4000000000000015210, -62.00000000000000000 ) ) ;
#2976 = LINE ( 'NONE', #2704, #629 ) ;
#2977 = ORIENTED_EDGE ( 'NONE', *, *, #532, .T. ) ;
#2978 = ORIENTED_EDGE ( 'NONE', *, *, #1459, .T. ) ;
#2979 = DIRECTION ( 'NONE',  ( 1.000000000000000000, 0.000000000000000000, 0.000000000000000000 ) ) ;
#2980 = EDGE_CURVE ( 'NONE', #395, #1053, #874, .T. ) ;
#2981 = EDGE_CURVE ( 'NONE', #1092, #1399, #356, .T. ) ;
#2982 = LINE ( 'NONE', #2713, #2249 ) ;
#2983 = CARTESIAN_POINT ( 'NONE',  ( -2.500000000000000000, 2.200000000000001510, -29.23914642167911637 ) ) ;
#2984 = DIRECTION ( 'NONE',  ( -0.000000000000000000, 0.3420201433256487844, -0.9396926207859156444 ) ) ;
#2985 = ORIENTED_EDGE ( 'NONE', *, *, #325, .T. ) ;
#2986 = CARTESIAN_POINT ( 'NONE',  ( -2.500000000000000000, 0.4000000000000013545, -51.19200000000000017 ) ) ;
#2987 = EDGE_LOOP ( 'NONE', ( #3386, #2319, #65, #1868 ) ) ;
#2988 = PLANE ( 'NONE',  #575 ) ;
#2989 = PLANE ( 'NONE',  #499 ) ;
#2990 = ORIENTED_EDGE ( 'NONE', *, *, #2956, .T. ) ;
#2991 = LINE ( 'NONE', #2146, #19 ) ;
#2992 = PLANE ( 'NONE',  #2141 ) ;
#2993 = VERTEX_POINT ( 'NONE', #664 ) ;
#2994 = VERTEX_POINT ( 'NONE', #2562 ) ;
#2995 = CARTESIAN_POINT ( 'NONE',  ( -2.500000000000000000, 2.200000000000001510, -32.45085357832088135 ) ) ;
#2996 = CIRCLE ( 'NONE', #2170, 2.349999999999997868 ) ;
#2997 = EDGE_CURVE ( 'NONE', #438, #740, #1466, .T. ) ;
#2998 = VECTOR ( 'NONE', #120, 1000.000000000000000 ) ;
#2999 = DIRECTION ( 'NONE',  ( -0.000000000000000000, -0.000000000000000000, -1.000000000000000000 ) ) ;
#3000 = VECTOR ( 'NONE', #1398, 1000.000000000000000 ) ;
#3001 = LINE ( 'NONE', #2368, #1096 ) ;
#3002 = DIRECTION ( 'NONE',  ( 0.000000000000000000, 1.182766006347823109E-16, 1.000000000000000000 ) ) ;
#3003 = DIRECTION ( 'NONE',  ( 0.000000000000000000, -0.9396926207859158664, 0.3420201433256480072 ) ) ;
#3004 = EDGE_CURVE ( 'NONE', #1547, #2742, #2620, .T. ) ;
#3005 = ORIENTED_EDGE ( 'NONE', *, *, #103, .F. ) ;
#3006 = EDGE_LOOP ( 'NONE', ( #1006, #457, #2422, #2370 ) ) ;
#3007 = VECTOR ( 'NONE', #935, 1000.000000000000000 ) ;
#3008 = ORIENTED_EDGE ( 'NONE', *, *, #3308, .T. ) ;
#3009 = LINE ( 'NONE', #508, #3255 ) ;
#3010 = CARTESIAN_POINT ( 'NONE',  ( -2.000000000000000000, 0.4000000000000015210, -35.61799999999999500 ) ) ;
#3011 = EDGE_CURVE ( 'NONE', #2566, #1468, #1228, .T. ) ;
#3012 = DIRECTION ( 'NONE',  ( 0.000000000000000000, -0.000000000000000000, 1.000000000000000000 ) ) ;
#3013 = DIRECTION ( 'NONE',  ( -0.000000000000000000, -0.000000000000000000, -1.000000000000000000 ) ) ;
#3014 = VECTOR ( 'NONE', #3402, 1000.000000000000114 ) ;
#3015 = DIRECTION ( 'NONE',  ( -0.000000000000000000, -0.000000000000000000, -1.000000000000000000 ) ) ;
#3016 = DIRECTION ( 'NONE',  ( 0.000000000000000000, 1.000000000000000000, 0.000000000000000000 ) ) ;
#3017 = EDGE_LOOP ( 'NONE', ( #35, #283, #2366, #3220 ) ) ;
#3018 = ORIENTED_EDGE ( 'NONE', *, *, #1980, .F. ) ;
#3019 = ORIENTED_EDGE ( 'NONE', *, *, #797, .T. ) ;
#3020 = LINE ( 'NONE', #2382, #2641 ) ;
#3021 = ORIENTED_EDGE ( 'NONE', *, *, #1471, .F. ) ;
#3022 = DIRECTION ( 'NONE',  ( 0.000000000000000000, 0.000000000000000000, -1.000000000000000000 ) ) ;
#3023 = EDGE_CURVE ( 'NONE', #2814, #1054, #2285, .T. ) ;
#3024 = DIRECTION ( 'NONE',  ( -0.000000000000000000, 0.3420201433256480628, 0.9396926207859159774 ) ) ;
#3025 = DIRECTION ( 'NONE',  ( 1.000000000000000000, 0.000000000000000000, 0.000000000000000000 ) ) ;
#3026 = DIRECTION ( 'NONE',  ( 0.000000000000000000, -1.000000000000000000, 0.000000000000000000 ) ) ;
#3027 = DIRECTION ( 'NONE',  ( 0.000000000000000000, 0.9396926207859156444, 0.3420201433256487844 ) ) ;
#3028 = LINE ( 'NONE', #522, #2115 ) ;
#3029 = VECTOR ( 'NONE', #2180, 1000.000000000000000 ) ;
#3030 = VERTEX_POINT ( 'NONE', #85 ) ;
#3031 = ORIENTED_EDGE ( 'NONE', *, *, #247, .T. ) ;
#3032 = LINE ( 'NONE', #1646, #2591 ) ;
#3033 = DIRECTION ( 'NONE',  ( -0.000000000000000000, 0.9396926207859156444, 0.3420201433256488399 ) ) ;
#3034 = EDGE_CURVE ( 'NONE', #3510, #542, #2351, .T. ) ;
#3035 = FACE_OUTER_BOUND ( 'NONE', #1462, .T. ) ;
#3036 = ORIENTED_EDGE ( 'NONE', *, *, #1086, .F. ) ;
#3037 = DIRECTION ( 'NONE',  ( -0.000000000000000000, 1.000000000000000000, 0.000000000000000000 ) ) ;
#3038 = LINE ( 'NONE', #3574, #1902 ) ;
#3039 = DIRECTION ( 'NONE',  ( 0.000000000000000000, 0.000000000000000000, 1.000000000000000000 ) ) ;
#3040 = CARTESIAN_POINT ( 'NONE',  ( 0.9000000000000000222, 5.349999999999997868, -60.00000000000000000 ) ) ;
#3041 = CARTESIAN_POINT ( 'NONE',  ( -2.000000000000000000, 2.200000000000001510, -24.91485357832087644 ) ) ;
#3042 = CARTESIAN_POINT ( 'NONE',  ( 2.500000000000000000, 2.200000000000001510, -60.08285357832087925 ) ) ;
#3043 = FACE_OUTER_BOUND ( 'NONE', #233, .T. ) ;
#3044 = ORIENTED_EDGE ( 'NONE', *, *, #3375, .T. ) ;
#3045 = VERTEX_POINT ( 'NONE', #2021 ) ;
#3046 = DIRECTION ( 'NONE',  ( 0.000000000000000000, 0.9396926207859156444, 0.3420201433256487844 ) ) ;
#3047 = EDGE_CURVE ( 'NONE', #788, #171, #2894, .T. ) ;
#3048 = LINE ( 'NONE', #841, #2402 ) ;
#3049 = DIRECTION ( 'NONE',  ( 0.000000000000000000, 0.9396926207859159774, -0.3420201433256480628 ) ) ;
#3050 = LINE ( 'NONE', #2527, #2821 ) ;
#3051 = ORIENTED_EDGE ( 'NONE', *, *, #184, .F. ) ;
#3052 = VERTEX_POINT ( 'NONE', #1489 ) ;
#3053 = EDGE_CURVE ( 'NONE', #1120, #2742, #117, .T. ) ;
#3054 = CARTESIAN_POINT ( 'NONE',  ( 2.500000000000000000, 0.4000000000000015210, -81.27975906833177078 ) ) ;
#3055 = ADVANCED_FACE ( 'NONE', ( #104 ), #397, .F. ) ;
#3056 = VECTOR ( 'NONE', #1014, 1000.000000000000114 ) ;
#3057 = FILL_AREA_STYLE_COLOUR ( '', #3481 ) ;
#3058 = AXIS2_PLACEMENT_3D ( 'NONE', #491, #783, #2958 ) ;
#3059 = CARTESIAN_POINT ( 'NONE',  ( 2.500000000000000000, 6.500000000000013323, -12.49999999999998046 ) ) ;
#3060 = CARTESIAN_POINT ( 'NONE',  ( 2.500000000000000000, 0.4000000000000015210, -13.00999999999999979 ) ) ;
#3061 = ORIENTED_EDGE ( 'NONE', *, *, #3216, .T. ) ;
#3062 = AXIS2_PLACEMENT_3D ( 'NONE', #1097, #3016, #2162 ) ;
#3063 = DIRECTION ( 'NONE',  ( 0.000000000000000000, 1.000000000000000000, 0.000000000000000000 ) ) ;
#3064 = AXIS2_PLACEMENT_3D ( 'NONE', #1729, #1449, #1410 ) ;
#3065 = ORIENTED_EDGE ( 'NONE', *, *, #1281, .T. ) ;
#3066 = DIRECTION ( 'NONE',  ( 0.000000000000000000, -0.8660254037844380415, 0.5000000000000009992 ) ) ;
#3067 = AXIS2_PLACEMENT_3D ( 'NONE', #1074, #803, #1917 ) ;
#3068 = EDGE_CURVE ( 'NONE', #3263, #542, #2303, .T. ) ;
#3069 = LINE ( 'NONE', #248, #3117 ) ;
#3070 = CARTESIAN_POINT ( 'NONE',  ( 0.000000000000000000, 0.000000000000000000, -1.000000000000000000 ) ) ;
#3071 = ORIENTED_EDGE ( 'NONE', *, *, #1626, .F. ) ;
#3072 = VECTOR ( 'NONE', #2082, 1000.000000000000000 ) ;
#3073 = EDGE_CURVE ( 'NONE', #112, #649, #2839, .T. ) ;
#3074 = VECTOR ( 'NONE', #1942, 1000.000000000000114 ) ;
#3075 = EDGE_CURVE ( 'NONE', #1716, #1034, #1804, .T. ) ;
#3076 = PLANE ( 'NONE',  #1777 ) ;
#3077 = CARTESIAN_POINT ( 'NONE',  ( -2.000000000000000000, 2.200000000000001510, -57.57085357832087880 ) ) ;
#3078 = ORIENTED_EDGE ( 'NONE', *, *, #1374, .T. ) ;
#3079 = ORIENTED_EDGE ( 'NONE', *, *, #52, .F. ) ;
#3080 = DIRECTION ( 'NONE',  ( 0.000000000000000000, 1.000000000000000000, 0.000000000000000000 ) ) ;
#3081 = AXIS2_PLACEMENT_3D ( 'NONE', #2955, #1728, #886 ) ;
#3082 = CARTESIAN_POINT ( 'NONE',  ( 2.500000000000000000, 2.200000000000001510, -29.93885357832087735 ) ) ;
#3083 = CARTESIAN_POINT ( 'NONE',  ( 2.500000000000000000, 0.4000000000000015210, -53.20199999999999108 ) ) ;
#3084 = VERTEX_POINT ( 'NONE', #1523 ) ;
#3085 = EDGE_CURVE ( 'NONE', #3368, #1197, #339, .T. ) ;
#3086 = PLANE ( 'NONE',  #3109 ) ;
#3087 = DIRECTION ( 'NONE',  ( -0.000000000000000000, 0.3420201433256480072, 0.9396926207859159774 ) ) ;
#3088 = EDGE_CURVE ( 'NONE', #830, #469, #3424, .T. ) ;
#3089 = CARTESIAN_POINT ( 'NONE',  ( 2.500000000000000000, 0.4000000000000013545, -51.19200000000000017 ) ) ;
#3090 = FACE_OUTER_BOUND ( 'NONE', #3505, .T. ) ;
#3091 = LINE ( 'NONE', #2537, #2273 ) ;
#3092 = ADVANCED_FACE ( 'NONE', ( #3460 ), #132, .F. ) ;
#3093 = EDGE_LOOP ( 'NONE', ( #890, #1338, #3504, #1575 ) ) ;
#3094 = CARTESIAN_POINT ( 'NONE',  ( -2.500000000000000000, 2.200000000000001510, -34.96285357832088181 ) ) ;
#3095 = LINE ( 'NONE', #321, #2405 ) ;
#3096 = ORIENTED_EDGE ( 'NONE', *, *, #1219, .T. ) ;
#3097 = ORIENTED_EDGE ( 'NONE', *, *, #2482, .F. ) ;
#3098 = ORIENTED_EDGE ( 'NONE', *, *, #1017, .F. ) ;
#3099 = CARTESIAN_POINT ( 'NONE',  ( -2.000000000000000000, 0.000000000000000000, -62.00000000000000000 ) ) ;
#3100 = FACE_OUTER_BOUND ( 'NONE', #1769, .T. ) ;
#3101 = LINE ( 'NONE', #3322, #812 ) ;
#3102 = DIRECTION ( 'NONE',  ( -0.000000000000000000, 0.3420201433256480072, 0.9396926207859159774 ) ) ;
#3103 = AXIS2_PLACEMENT_3D ( 'NONE', #3271, #2153, #1887 ) ;
#3104 = CARTESIAN_POINT ( 'NONE',  ( -2.000000000000000000, 0.4000000000000013545, -23.55999999999999872 ) ) ;
#3105 = LINE ( 'NONE', #1404, #2773 ) ;
#3106 = DIRECTION ( 'NONE',  ( -0.000000000000000000, 0.9396926207859156444, 0.3420201433256488399 ) ) ;
#3107 = VERTEX_POINT ( 'NONE', #1177 ) ;
#3108 = ORIENTED_EDGE ( 'NONE', *, *, #1550, .T. ) ;
#3109 = AXIS2_PLACEMENT_3D ( 'NONE', #599, #3355, #1987 ) ;
#3110 = EDGE_CURVE ( 'NONE', #1332, #683, #908, .T. ) ;
#3111 = DIRECTION ( 'NONE',  ( 0.000000000000000000, 0.9396926207859156444, 0.3420201433256487844 ) ) ;
#3112 = LINE ( 'NONE', #611, #3414 ) ;
#3113 = DIRECTION ( 'NONE',  ( 1.000000000000000000, 0.000000000000000000, 0.000000000000000000 ) ) ;
#3114 = VECTOR ( 'NONE', #2451, 1000.000000000000114 ) ;
#3115 = VERTEX_POINT ( 'NONE', #1749 ) ;
#3116 = ADVANCED_FACE ( 'NONE', ( #2858 ), #927, .T. ) ;
#3117 = VECTOR ( 'NONE', #3015, 1000.000000000000000 ) ;
#3118 = DIRECTION ( 'NONE',  ( -0.000000000000000000, 0.3420201433256487844, -0.9396926207859156444 ) ) ;
#3119 = ORIENTED_EDGE ( 'NONE', *, *, #95, .F. ) ;
#3120 = ORIENTED_EDGE ( 'NONE', *, *, #1907, .F. ) ;
#3121 = VERTEX_POINT ( 'NONE', #2932 ) ;
#3122 = CARTESIAN_POINT ( 'NONE',  ( -2.000000000000000000, 2.200000000000001510, -61.89514642167912228 ) ) ;
#3123 = VECTOR ( 'NONE', #2817, 1000.000000000000000 ) ;
#3124 = LINE ( 'NONE', #3041, #3074 ) ;
#3125 = EDGE_LOOP ( 'NONE', ( #2787, #140, #920, #1859, #1182 ) ) ;
#3126 = FACE_OUTER_BOUND ( 'NONE', #1542, .T. ) ;
#3127 = CARTESIAN_POINT ( 'NONE',  ( -2.000000000000000000, 2.499999999999999556, -4.237564434701781124 ) ) ;
#3128 = EDGE_LOOP ( 'NONE', ( #14, #2508, #1715, #1692 ) ) ;
#3129 = DIRECTION ( 'NONE',  ( 1.000000000000000000, 0.000000000000000000, 0.000000000000000000 ) ) ;
#3130 = ORIENTED_EDGE ( 'NONE', *, *, #3085, .F. ) ;
#3131 = ORIENTED_EDGE ( 'NONE', *, *, #3612, .F. ) ;
#3132 = ADVANCED_FACE ( 'NONE', ( #1073 ), #2392, .F. ) ;
#3133 = VECTOR ( 'NONE', #1050, 1000.000000000000000 ) ;
#3134 = CARTESIAN_POINT ( 'NONE',  ( 2.500000000000000000, 0.000000000000000000, -62.00000000000000000 ) ) ;
#3135 = LINE ( 'NONE', #1709, #1541 ) ;
#3136 = EDGE_CURVE ( 'NONE', #2204, #3618, #1843, .T. ) ;
#3137 = CARTESIAN_POINT ( 'NONE',  ( 2.500000000000000000, 2.200000000000001510, -59.38314642167912183 ) ) ;
#3138 = ORIENTED_EDGE ( 'NONE', *, *, #1995, .F. ) ;
#3139 = ORIENTED_EDGE ( 'NONE', *, *, #2544, .F. ) ;
#3140 = VECTOR ( 'NONE', #2602, 1000.000000000000000 ) ;
#3141 = ORIENTED_EDGE ( 'NONE', *, *, #2997, .F. ) ;
#3142 = EDGE_CURVE ( 'NONE', #2481, #2742, #3009, .T. ) ;
#3143 = CARTESIAN_POINT ( 'NONE',  ( -2.500000000000000000, 0.4000000000000015210, -55.71399999999999864 ) ) ;
#3144 = CARTESIAN_POINT ( 'NONE',  ( -3.766666666666676377, 0.2666666666666631103, -10.86666666666666181 ) ) ;
#3145 = DIRECTION ( 'NONE',  ( 0.000000000000000000, -0.000000000000000000, 1.000000000000000000 ) ) ;
#3146 = VERTEX_POINT ( 'NONE', #3542 ) ;
#3147 = DIRECTION ( 'NONE',  ( -0.000000000000000000, -0.3746065934159092392, 0.9271838545667884235 ) ) ;
#3148 = PLANE ( 'NONE',  #441 ) ;
#3149 = PLANE ( 'NONE',  #612 ) ;
#3150 = EDGE_LOOP ( 'NONE', ( #2687, #787, #765, #420 ) ) ;
#3151 = ADVANCED_FACE ( 'NONE', ( #450 ), #3563, .F. ) ;
#3152 = CARTESIAN_POINT ( 'NONE',  ( -2.000000000000000000, 2.200000000000001510, -19.89085357832087908 ) ) ;
#3153 = VERTEX_POINT ( 'NONE', #3261 ) ;
#3154 = ORIENTED_EDGE ( 'NONE', *, *, #1215, .T. ) ;
#3155 = CARTESIAN_POINT ( 'NONE',  ( -2.000000000000000000, 2.200000000000001510, -39.98685357832088272 ) ) ;
#3156 = DIRECTION ( 'NONE',  ( 1.000000000000000000, 0.000000000000000000, 0.000000000000000000 ) ) ;
#3157 = CARTESIAN_POINT ( 'NONE',  ( 2.500000000000000000, 0.4000000000000015210, -53.70400000000000063 ) ) ;
#3158 = DIRECTION ( 'NONE',  ( 0.000000000000000000, 0.000000000000000000, 1.000000000000000000 ) ) ;
#3159 = CARTESIAN_POINT ( 'NONE',  ( -2.500000000000000000, 2.200000000000001510, -61.89514642167912228 ) ) ;
#3160 = EDGE_CURVE ( 'NONE', #2561, #550, #1628, .T. ) ;
#3161 = LINE ( 'NONE', #388, #2106 ) ;
#3162 = CARTESIAN_POINT ( 'NONE',  ( -2.000000000000000000, 0.4000000000000015210, -62.00000000000000000 ) ) ;
#3163 = VECTOR ( 'NONE', #2343, 1000.000000000000000 ) ;
#3164 = LINE ( 'NONE', #2369, #3302 ) ;
#3165 = EDGE_LOOP ( 'NONE', ( #1128, #985, #2952, #2596 ) ) ;
#3166 = AXIS2_PLACEMENT_3D ( 'NONE', #1657, #3087, #1973 ) ;
#3167 = DIRECTION ( 'NONE',  ( 0.000000000000000000, 0.000000000000000000, 1.000000000000000000 ) ) ;
#3168 = VECTOR ( 'NONE', #3429, 1000.000000000000000 ) ;
#3169 = LINE ( 'NONE', #1788, #1132 ) ;
#3170 = VERTEX_POINT ( 'NONE', #3244 ) ;
#3171 = LINE ( 'NONE', #3143, #1240 ) ;
#3172 = AXIS2_PLACEMENT_3D ( 'NONE', #174, #451, #135 ) ;
#3173 = DIRECTION ( 'NONE',  ( 0.000000000000000000, 0.9396926207859156444, 0.3420201433256487844 ) ) ;
#3174 = ORIENTED_EDGE ( 'NONE', *, *, #273, .F. ) ;
#3175 = AXIS2_PLACEMENT_3D ( 'NONE', #1546, #2664, #155 ) ;
#3176 = LINE ( 'NONE', #641, #2774 ) ;
#3177 = ORIENTED_EDGE ( 'NONE', *, *, #1498, .T. ) ;
#3178 = DIRECTION ( 'NONE',  ( -0.000000000000000000, 0.9396926207859156444, 0.3420201433256488399 ) ) ;
#3179 = VECTOR ( 'NONE', #1746, 1000.000000000000114 ) ;
#3180 = EDGE_LOOP ( 'NONE', ( #2138, #1315, #2349, #1691 ) ) ;
#3181 = EDGE_CURVE ( 'NONE', #3380, #486, #742, .T. ) ;
#3182 = CARTESIAN_POINT ( 'NONE',  ( -2.000000000000000000, 2.200000000000001510, -34.96285357832088181 ) ) ;
#3183 = ORIENTED_EDGE ( 'NONE', *, *, #1173, .T. ) ;
#3184 = ORIENTED_EDGE ( 'NONE', *, *, #418, .F. ) ;
#3185 = VECTOR ( 'NONE', #149, 1000.000000000000000 ) ;
#3186 = CARTESIAN_POINT ( 'NONE',  ( 2.500000000000000000, 0.4000000000000013545, -11.00000000000000000 ) ) ;
#3187 = DIRECTION ( 'NONE',  ( 0.000000000000000000, -0.000000000000000000, 1.000000000000000000 ) ) ;
#3188 = FACE_OUTER_BOUND ( 'NONE', #2417, .T. ) ;
#3189 = ORIENTED_EDGE ( 'NONE', *, *, #3181, .F. ) ;
#3190 = CARTESIAN_POINT ( 'NONE',  ( 0.9000000000000000222, 5.349999999999997868, -62.00000000000000000 ) ) ;
#3191 = VECTOR ( 'NONE', #2415, 1000.000000000000000 ) ;
#3192 = DIRECTION ( 'NONE',  ( 1.000000000000000000, -0.000000000000000000, -0.000000000000000000 ) ) ;
#3193 = ORIENTED_EDGE ( 'NONE', *, *, #2414, .F. ) ;
#3194 = EDGE_CURVE ( 'NONE', #1869, #542, #154, .T. ) ;
#3195 = EDGE_LOOP ( 'NONE', ( #426, #2492, #428, #2150 ) ) ;
#3196 = MECHANICAL_DESIGN_GEOMETRIC_PRESENTATION_REPRESENTATION (  '', ( #1559 ), #2540 ) ;
#3197 = EDGE_CURVE ( 'NONE', #2047, #2269, #1018, .T. ) ;
#3198 = DIRECTION ( 'NONE',  ( 0.000000000000000000, 1.000000000000000000, 0.000000000000000000 ) ) ;
#3199 = ORIENTED_EDGE ( 'NONE', *, *, #1506, .T. ) ;
#3200 = FACE_OUTER_BOUND ( 'NONE', #3231, .T. ) ;
#3201 = DIRECTION ( 'NONE',  ( 1.000000000000000000, 0.000000000000000000, 0.000000000000000000 ) ) ;
#3202 = EDGE_CURVE ( 'NONE', #1080, #343, #1265, .T. ) ;
#3203 = ORIENTED_EDGE ( 'NONE', *, *, #433, .T. ) ;
#3204 = ORIENTED_EDGE ( 'NONE', *, *, #2199, .T. ) ;
#3205 = ORIENTED_EDGE ( 'NONE', *, *, #2097, .T. ) ;
#3206 = DIRECTION ( 'NONE',  ( -0.000000000000000000, 1.000000000000000000, 0.000000000000000000 ) ) ;
#3207 = DIRECTION ( 'NONE',  ( -0.000000000000000000, 0.3420201433256480072, 0.9396926207859159774 ) ) ;
#3208 = ORIENTED_EDGE ( 'NONE', *, *, #3053, .F. ) ;
#3209 = LINE ( 'NONE', #1042, #3523 ) ;
#3210 = SURFACE_STYLE_USAGE ( .BOTH. , #3431 ) ;
#3211 = CARTESIAN_POINT ( 'NONE',  ( -1.500000000000006439, 7.000000000000000000, -4.197056274847737356 ) ) ;
#3212 = VERTEX_POINT ( 'NONE', #2373 ) ;
#3213 = ORIENTED_EDGE ( 'NONE', *, *, #1522, .F. ) ;
#3214 = LINE ( 'NONE', #2045, #2764 ) ;
#3215 = ORIENTED_EDGE ( 'NONE', *, *, #1124, .T. ) ;
#3216 = EDGE_CURVE ( 'NONE', #2673, #2670, #470, .T. ) ;
#3217 = LINE ( 'NONE', #1320, #1799 ) ;
#3218 = LINE ( 'NONE', #2634, #3072 ) ;
#3219 = ORIENTED_EDGE ( 'NONE', *, *, #3073, .T. ) ;
#3220 = ORIENTED_EDGE ( 'NONE', *, *, #3270, .T. ) ;
#3221 = EDGE_CURVE ( 'NONE', #2875, #1234, #996, .T. ) ;
#3222 = VECTOR ( 'NONE', #1499, 1000.000000000000000 ) ;
#3223 = DIRECTION ( 'NONE',  ( 0.000000000000000000, -0.9396926207859158664, 0.3420201433256479517 ) ) ;
#3224 = CARTESIAN_POINT ( 'NONE',  ( 0.000000000000000000, 7.000000000000000000, 0.000000000000000000 ) ) ;
#3225 = ORIENTED_EDGE ( 'NONE', *, *, #3491, .T. ) ;
#3226 = LINE ( 'NONE', #726, #493 ) ;
#3227 = EDGE_CURVE ( 'NONE', #2109, #1784, #1037, .T. ) ;
#3228 = VECTOR ( 'NONE', #3321, 1000.000000000000000 ) ;
#3229 = DIRECTION ( 'NONE',  ( -0.000000000000000000, -0.000000000000000000, -1.000000000000000000 ) ) ;
#3230 = VERTEX_POINT ( 'NONE', #3499 ) ;
#3231 = EDGE_LOOP ( 'NONE', ( #618, #3299, #3276, #3508, #902 ) ) ;
#3232 = PLANE ( 'NONE',  #554 ) ;
#3233 = AXIS2_PLACEMENT_3D ( 'NONE', #167, #1279, #2387 ) ;
#3234 = VECTOR ( 'NONE', #794, 1000.000000000000114 ) ;
#3235 = ORIENTED_EDGE ( 'NONE', *, *, #2692, .F. ) ;
#3236 = CARTESIAN_POINT ( 'NONE',  ( -2.500000000000000000, 2.200000000000001510, -49.33514642167912001 ) ) ;
#3237 = LINE ( 'NONE', #974, #1035 ) ;
#3238 = LINE ( 'NONE', #1011, #734 ) ;
#3239 = PLANE ( 'NONE',  #2943 ) ;
#3240 = DIRECTION ( 'NONE',  ( -0.000000000000000000, 1.000000000000000000, 0.000000000000000000 ) ) ;
#3241 = ADVANCED_FACE ( 'NONE', ( #1878 ), #2988, .F. ) ;
#3242 = ORIENTED_EDGE ( 'NONE', *, *, #3264, .F. ) ;
#3243 = ORIENTED_EDGE ( 'NONE', *, *, #849, .T. ) ;
#3244 = CARTESIAN_POINT ( 'NONE',  ( -1.500000000000013989, -2.000000000000000888, -8.599999999999999645 ) ) ;
#3245 = DIRECTION ( 'NONE',  ( -0.000000000000000000, 0.3420201433256480628, 0.9396926207859159774 ) ) ;
#3246 = LINE ( 'NONE', #3500, #2237 ) ;
#3247 = ADVANCED_FACE ( 'NONE', ( #1328 ), #225, .F. ) ;
#3248 = ORIENTED_EDGE ( 'NONE', *, *, #970, .T. ) ;
#3249 = DIRECTION ( 'NONE',  ( -0.000000000000000000, 0.9396926207859156444, 0.3420201433256488399 ) ) ;
#3250 = ORIENTED_EDGE ( 'NONE', *, *, #1506, .F. ) ;
#3251 = ADVANCED_FACE ( 'NONE', ( #2102 ), #721, .F. ) ;
#3252 = ORIENTED_EDGE ( 'NONE', *, *, #2501, .T. ) ;
#3253 = DIRECTION ( 'NONE',  ( -0.000000000000000000, -0.000000000000000000, 1.000000000000000000 ) ) ;
#3254 = LINE ( 'NONE', #1031, #2766 ) ;
#3255 = VECTOR ( 'NONE', #1569, 1000.000000000000000 ) ;
#3256 = CARTESIAN_POINT ( 'NONE',  ( -2.500000000000000000, 2.200000000000001510, -39.98685357832088272 ) ) ;
#3257 = CARTESIAN_POINT ( 'NONE',  ( -2.500000000000000000, 2.200000000000001510, -37.47485357832088226 ) ) ;
#3258 = ORIENTED_EDGE ( 'NONE', *, *, #1327, .T. ) ;
#3259 = ORIENTED_EDGE ( 'NONE', *, *, #2039, .F. ) ;
#3260 = EDGE_CURVE ( 'NONE', #3601, #3452, #630, .T. ) ;
#3261 = CARTESIAN_POINT ( 'NONE',  ( -2.000000000000000000, 0.4000000000000015210, -30.59399999999999764 ) ) ;
#3262 = PLANE ( 'NONE',  #3172 ) ;
#3263 = VERTEX_POINT ( 'NONE', #1999 ) ;
#3264 = EDGE_CURVE ( 'NONE', #2658, #1054, #1763, .T. ) ;
#3265 = CARTESIAN_POINT ( 'NONE',  ( -2.500000000000000000, 4.599999999999999645, -5.449999999999998401 ) ) ;
#3266 = CARTESIAN_POINT ( 'NONE',  ( -2.000000000000000000, 2.200000000000001510, -54.35914642167912092 ) ) ;
#3267 = ORIENTED_EDGE ( 'NONE', *, *, #614, .T. ) ;
#3268 = VERTEX_POINT ( 'NONE', #3182 ) ;
#3269 = CARTESIAN_POINT ( 'NONE',  ( -2.000000000000000000, 2.200000000000001510, -42.49885357832087607 ) ) ;
#3270 = EDGE_CURVE ( 'NONE', #1141, #251, #2871, .T. ) ;
#3271 = CARTESIAN_POINT ( 'NONE',  ( -2.500000000000000000, 0.4000000000000013545, -43.65599999999999881 ) ) ;
#3272 = EDGE_CURVE ( 'NONE', #2654, #1141, #1745, .T. ) ;
#3273 = CARTESIAN_POINT ( 'NONE',  ( 2.500000000000000000, 2.200000000000001510, -41.79914642167911865 ) ) ;
#3274 = CARTESIAN_POINT ( 'NONE',  ( -3.500000000000000000, 2.200000000000001510, -14.86685357832087817 ) ) ;
#3275 = DIRECTION ( 'NONE',  ( 0.000000000000000000, 1.000000000000000000, 0.000000000000000000 ) ) ;
#3276 = ORIENTED_EDGE ( 'NONE', *, *, #2171, .F. ) ;
#3277 = ORIENTED_EDGE ( 'NONE', *, *, #454, .T. ) ;
#3278 = ORIENTED_EDGE ( 'NONE', *, *, #2459, .F. ) ;
#3279 = DIRECTION ( 'NONE',  ( -1.000000000000000000, -0.000000000000000000, -0.000000000000000000 ) ) ;
#3280 = FACE_OUTER_BOUND ( 'NONE', #1809, .T. ) ;
#3281 = VERTEX_POINT ( 'NONE', #610 ) ;
#3282 = CARTESIAN_POINT ( 'NONE',  ( 2.500000000000000000, 0.4000000000000015210, -81.27975906833177078 ) ) ;
#3283 = VECTOR ( 'NONE', #2869, 1000.000000000000114 ) ;
#3284 = VECTOR ( 'NONE', #3178, 1000.000000000000114 ) ;
#3285 = CARTESIAN_POINT ( 'NONE',  ( -2.500000000000000000, 7.349999999999999645, -11.64999999999999325 ) ) ;
#3286 = ORIENTED_EDGE ( 'NONE', *, *, #2380, .F. ) ;
#3287 = EDGE_LOOP ( 'NONE', ( #2280, #749, #766, #999 ) ) ;
#3288 = EDGE_CURVE ( 'NONE', #3153, #2014, #2907, .T. ) ;
#3289 = CARTESIAN_POINT ( 'NONE',  ( -2.000000000000000000, 2.200000000000001510, -41.79914642167911865 ) ) ;
#3290 = AXIS2_PLACEMENT_3D ( 'NONE', #236, #3573, #811 ) ;
#3291 = LINE ( 'NONE', #463, #1597 ) ;
#3292 = EDGE_CURVE ( 'NONE', #3230, #1407, #2597, .T. ) ;
#3293 = CARTESIAN_POINT ( 'NONE',  ( -3.500000000000000000, 0.4000000000000013545, -18.53599999999999781 ) ) ;
#3294 = VECTOR ( 'NONE', #1683, 1000.000000000000000 ) ;
#3295 = CARTESIAN_POINT ( 'NONE',  ( 1.197056274847730695, 7.000000000000000000, -1.000000000000000000 ) ) ;
#3296 = ORIENTED_EDGE ( 'NONE', *, *, #2084, .T. ) ;
#3297 = EDGE_CURVE ( 'NONE', #1092, #2047, #2616, .T. ) ;
#3298 = VECTOR ( 'NONE', #1811, 1000.000000000000000 ) ;
#3299 = ORIENTED_EDGE ( 'NONE', *, *, #2783, .T. ) ;
#3300 = CARTESIAN_POINT ( 'NONE',  ( -3.500000000000000000, 0.4000000000000013545, -18.53599999999999781 ) ) ;
#3301 = PLANE ( 'NONE',  #1075 ) ;
#3302 = VECTOR ( 'NONE', #1242, 1000.000000000000000 ) ;
#3303 = LINE ( 'NONE', #2760, #1082 ) ;
#3304 = ORIENTED_EDGE ( 'NONE', *, *, #3088, .F. ) ;
#3305 = ORIENTED_EDGE ( 'NONE', *, *, #2016, .F. ) ;
#3306 = PRESENTATION_LAYER_ASSIGNMENT (  '', '', ( #862 ) ) ;
#3307 = ADVANCED_FACE ( 'NONE', ( #1174 ), #353, .F. ) ;
#3308 = EDGE_CURVE ( 'NONE', #561, #2375, #1194, .T. ) ;
#3309 = LINE ( 'NONE', #261, #623 ) ;
#3310 = FACE_OUTER_BOUND ( 'NONE', #495, .T. ) ;
#3311 = LINE ( 'NONE', #56, #3593 ) ;
#3312 = VECTOR ( 'NONE', #2148, 1000.000000000000114 ) ;
#3313 = DIRECTION ( 'NONE',  ( 0.000000000000000000, 1.214306433183764966E-16, -1.000000000000000000 ) ) ;
#3314 = ORIENTED_EDGE ( 'NONE', *, *, #384, .T. ) ;
#3315 = EDGE_CURVE ( 'NONE', #830, #3394, #1485, .T. ) ;
#3316 = CARTESIAN_POINT ( 'NONE',  ( 2.500000000000000000, 2.200000000000001510, -37.47485357832088226 ) ) ;
#3317 = CARTESIAN_POINT ( 'NONE',  ( -2.500000000000000000, 2.200000000000001510, -57.57085357832087880 ) ) ;
#3318 = CARTESIAN_POINT ( 'NONE',  ( -2.000000000000000000, 2.200000000000001510, -44.31114642167911910 ) ) ;
#3319 = VERTEX_POINT ( 'NONE', #335 ) ;
#3320 = ORIENTED_EDGE ( 'NONE', *, *, #2844, .T. ) ;
#3321 = DIRECTION ( 'NONE',  ( -0.000000000000000000, -0.000000000000000000, -1.000000000000000000 ) ) ;
#3322 = CARTESIAN_POINT ( 'NONE',  ( -3.500000000000000000, 0.4000000000000013545, -11.00000000000000000 ) ) ;
#3323 = CARTESIAN_POINT ( 'NONE',  ( -2.000000000000000000, 2.200000000000001510, -41.79914642167911865 ) ) ;
#3324 = DIRECTION ( 'NONE',  ( 0.000000000000000000, -1.000000000000000000, 0.000000000000000000 ) ) ;
#3325 = CARTESIAN_POINT ( 'NONE',  ( -2.000000000000000000, 0.4000000000000013545, -13.51200000000000045 ) ) ;
#3326 = LINE ( 'NONE', #2278, #1826 ) ;
#3327 = ORIENTED_EDGE ( 'NONE', *, *, #3194, .T. ) ;
#3328 = EDGE_CURVE ( 'NONE', #1435, #788, #661, .T. ) ;
#3329 = ORIENTED_EDGE ( 'NONE', *, *, #158, .F. ) ;
#3330 = EDGE_CURVE ( 'NONE', #333, #659, #3421, .T. ) ;
#3331 = DIRECTION ( 'NONE',  ( -0.000000000000000000, 0.5000000000000009992, 0.8660254037844380415 ) ) ;
#3332 = CARTESIAN_POINT ( 'NONE',  ( -2.000000000000000000, 2.200000000000001510, -50.03485357832087743 ) ) ;
#3333 = ORIENTED_EDGE ( 'NONE', *, *, #1556, .T. ) ;
#3334 = ORIENTED_EDGE ( 'NONE', *, *, #1129, .F. ) ;
#3335 = EDGE_CURVE ( 'NONE', #696, #1332, #644, .T. ) ;
#3336 = DIRECTION ( 'NONE',  ( -0.000000000000000000, 0.3420201433256480072, 0.9396926207859159774 ) ) ;
#3337 = CARTESIAN_POINT ( 'NONE',  ( 2.500000000000000000, 0.4000000000000015210, -35.61799999999999500 ) ) ;
#3338 = FACE_OUTER_BOUND ( 'NONE', #1171, .T. ) ;
#3339 = VECTOR ( 'NONE', #825, 1000.000000000000114 ) ;
#3340 = DIRECTION ( 'NONE',  ( 0.000000000000000000, -0.9396926207859158664, 0.3420201433256479517 ) ) ;
#3341 = CARTESIAN_POINT ( 'NONE',  ( -2.000000000000000000, 0.4000000000000015210, -62.00000000000000000 ) ) ;
#3342 = ORIENTED_EDGE ( 'NONE', *, *, #3221, .T. ) ;
#3343 = ORIENTED_EDGE ( 'NONE', *, *, #133, .F. ) ;
#3344 = VECTOR ( 'NONE', #1838, 1000.000000000000000 ) ;
#3345 = PLANE ( 'NONE',  #1318 ) ;
#3346 = PRODUCT_RELATED_PRODUCT_CATEGORY ( 'part', '', ( #1798 ) ) ;
#3347 = VECTOR ( 'NONE', #309, 1000.000000000000000 ) ;
#3348 = CARTESIAN_POINT ( 'NONE',  ( -2.000000000000000000, 0.4000000000000013545, -46.16799999999999926 ) ) ;
#3349 = DIRECTION ( 'NONE',  ( 0.5773502691896214012, 0.5773502691896214012, -0.5773502691896343908 ) ) ;
#3350 = EDGE_CURVE ( 'NONE', #2818, #2442, #2558, .T. ) ;
#3351 = DIRECTION ( 'NONE',  ( -0.000000000000000000, 1.000000000000000000, 0.000000000000000000 ) ) ;
#3352 = ORIENTED_EDGE ( 'NONE', *, *, #227, .F. ) ;
#3353 = VECTOR ( 'NONE', #3439, 1000.000000000000114 ) ;
#3354 = VERTEX_POINT ( 'NONE', #2889 ) ;
#3355 = DIRECTION ( 'NONE',  ( -0.7071067811865483499, 0.000000000000000000, 0.7071067811865466846 ) ) ;
#3356 = EDGE_CURVE ( 'NONE', #2910, #683, #391, .T. ) ;
#3357 = FACE_OUTER_BOUND ( 'NONE', #3287, .T. ) ;
#3358 = CARTESIAN_POINT ( 'NONE',  ( 2.500000000000000000, 0.4000000000000015210, -46.16799999999999926 ) ) ;
#3359 = VECTOR ( 'NONE', #1298, 1000.000000000000000 ) ;
#3360 = LINE ( 'NONE', #1976, #2472 ) ;
#3361 = PLANE ( 'NONE',  #1289 ) ;
#3362 = ORIENTED_EDGE ( 'NONE', *, *, #1173, .F. ) ;
#3363 = ORIENTED_EDGE ( 'NONE', *, *, #1947, .F. ) ;
#3364 = DIRECTION ( 'NONE',  ( 0.000000000000000000, 1.182766006347823109E-16, 1.000000000000000000 ) ) ;
#3365 = DIRECTION ( 'NONE',  ( 0.000000000000000000, 0.000000000000000000, -1.000000000000000000 ) ) ;
#3366 = ORIENTED_EDGE ( 'NONE', *, *, #3430, .F. ) ;
#3367 = VECTOR ( 'NONE', #3401, 1000.000000000000114 ) ;
#3368 = VERTEX_POINT ( 'NONE', #465 ) ;
#3369 = VERTEX_POINT ( 'NONE', #2427 ) ;
#3370 = VERTEX_POINT ( 'NONE', #1561 ) ;
#3371 = LINE ( 'NONE', #3054, #2060 ) ;
#3372 = EDGE_CURVE ( 'NONE', #3146, #2670, #2693, .T. ) ;
#3373 = CARTESIAN_POINT ( 'NONE',  ( -2.500000000000000000, 5.599999999999994316, -62.00000000000000000 ) ) ;
#3374 = CARTESIAN_POINT ( 'NONE',  ( 2.500000000000000000, 2.200000000000001510, -31.75114642167911683 ) ) ;
#3375 = EDGE_CURVE ( 'NONE', #1092, #1998, #482, .T. ) ;
#3376 = DIRECTION ( 'NONE',  ( 0.000000000000000000, 1.000000000000000000, 0.000000000000000000 ) ) ;
#3377 = CARTESIAN_POINT ( 'NONE',  ( -2.000000000000000000, -0.09999999999998718248, -62.00000000000000000 ) ) ;
#3378 = CARTESIAN_POINT ( 'NONE',  ( -2.500000000000000000, 0.4000000000000013545, -48.67999999999999972 ) ) ;
#3379 = VERTEX_POINT ( 'NONE', #2081 ) ;
#3380 = VERTEX_POINT ( 'NONE', #444 ) ;
#3381 = DIRECTION ( 'NONE',  ( 1.000000000000000000, 0.000000000000000000, 0.000000000000000000 ) ) ;
#3382 = CARTESIAN_POINT ( 'NONE',  ( 2.000000000000006661, -2.000000000000000000, 2.407412805495176562E-16 ) ) ;
#3383 = CYLINDRICAL_SURFACE ( 'NONE', #1313, 2.349999999999997868 ) ;
#3384 = ORIENTED_EDGE ( 'NONE', *, *, #1373, .T. ) ;
#3385 = CARTESIAN_POINT ( 'NONE',  ( -2.500000000000000000, 0.4000000000000013545, -26.07199999999999918 ) ) ;
#3386 = ORIENTED_EDGE ( 'NONE', *, *, #3297, .T. ) ;
#3387 = ORIENTED_EDGE ( 'NONE', *, *, #2712, .T. ) ;
#3388 = ORIENTED_EDGE ( 'NONE', *, *, #281, .F. ) ;
#3389 = LINE ( 'NONE', #304, #1949 ) ;
#3390 = PLANE ( 'NONE',  #2354 ) ;
#3391 = EDGE_CURVE ( 'NONE', #287, #800, #2968, .T. ) ;
#3392 = AXIS2_PLACEMENT_3D ( 'NONE', #312, #2798, #293 ) ;
#3393 = LINE ( 'NONE', #2811, #3347 ) ;
#3394 = VERTEX_POINT ( 'NONE', #2154 ) ;
#3395 = EDGE_CURVE ( 'NONE', #1727, #2803, #2406, .T. ) ;
#3396 = VECTOR ( 'NONE', #2747, 1000.000000000000114 ) ;
#3397 = DIRECTION ( 'NONE',  ( 1.000000000000000000, 0.000000000000000000, 0.000000000000000000 ) ) ;
#3398 = EDGE_LOOP ( 'NONE', ( #2137, #303, #2288, #2719 ) ) ;
#3399 = VERTEX_POINT ( 'NONE', #3273 ) ;
#3400 = VECTOR ( 'NONE', #3559, 1000.000000000000114 ) ;
#3401 = DIRECTION ( 'NONE',  ( -0.000000000000000000, 0.9396926207859156444, 0.3420201433256488399 ) ) ;
#3402 = DIRECTION ( 'NONE',  ( -0.000000000000000000, 0.9396926207859156444, 0.3420201433256488399 ) ) ;
#3403 = EDGE_CURVE ( 'NONE', #2917, #1454, #2346, .T. ) ;
#3404 = CARTESIAN_POINT ( 'NONE',  ( -2.500000000000000000, 2.200000000000001510, -42.49885357832087607 ) ) ;
#3405 = VECTOR ( 'NONE', #292, 1000.000000000000114 ) ;
#3406 = VERTEX_POINT ( 'NONE', #772 ) ;
#3407 = DIRECTION ( 'NONE',  ( -0.000000000000000000, -0.9396926207859158664, 0.3420201433256479517 ) ) ;
#3408 = AXIS2_PLACEMENT_3D ( 'NONE', #2831, #1207, #2593 ) ;
#3409 = ORIENTED_EDGE ( 'NONE', *, *, #1780, .T. ) ;
#3410 = ORIENTED_EDGE ( 'NONE', *, *, #2882, .T. ) ;
#3411 = ORIENTED_EDGE ( 'NONE', *, *, #2388, .T. ) ;
#3412 = LINE ( 'NONE', #2054, #1418 ) ;
#3413 = CARTESIAN_POINT ( 'NONE',  ( 2.500000000000000000, 2.200000000000001510, -46.82314642167911956 ) ) ;
#3414 = VECTOR ( 'NONE', #2816, 1000.000000000000000 ) ;
#3415 = DIRECTION ( 'NONE',  ( 0.000000000000000000, 0.000000000000000000, 1.000000000000000000 ) ) ;
#3416 = DIRECTION ( 'NONE',  ( -0.000000000000000000, 0.9396926207859156444, 0.3420201433256488399 ) ) ;
#3417 = ORIENTED_EDGE ( 'NONE', *, *, #34, .T. ) ;
#3418 = LINE ( 'NONE', #952, #3284 ) ;
#3419 = ORIENTED_EDGE ( 'NONE', *, *, #2329, .F. ) ;
#3420 = EDGE_CURVE ( 'NONE', #577, #740, #3217, .T. ) ;
#3421 = LINE ( 'NONE', #2034, #806 ) ;
#3422 = CARTESIAN_POINT ( 'NONE',  ( 2.500000000000000000, 0.4000000000000015210, -43.65599999999999881 ) ) ;
#3423 = EDGE_CURVE ( 'NONE', #3030, #1041, #713, .T. ) ;
#3424 = LINE ( 'NONE', #1247, #1211 ) ;
#3425 = LINE ( 'NONE', #928, #2878 ) ;
#3426 = ORIENTED_EDGE ( 'NONE', *, *, #2152, .F. ) ;
#3427 = AXIS2_PLACEMENT_3D ( 'NONE', #1861, #2122, #1821 ) ;
#3428 = DIRECTION ( 'NONE',  ( -0.000000000000000000, 0.3420201433256487844, -0.9396926207859156444 ) ) ;
#3429 = DIRECTION ( 'NONE',  ( 0.000000000000000000, 1.214306433183764966E-16, -1.000000000000000000 ) ) ;
#3430 = EDGE_CURVE ( 'NONE', #43, #2823, #3001, .T. ) ;
#3431 = SURFACE_SIDE_STYLE ('',( #947 ) ) ;
#3432 = CARTESIAN_POINT ( 'NONE',  ( -2.000000000000000000, 5.099999999999993427, -62.00000000000000000 ) ) ;
#3433 = CARTESIAN_POINT ( 'NONE',  ( -2.000000000000000000, 2.200000000000001510, -51.84714642167912046 ) ) ;
#3434 = LINE ( 'NONE', #603, #3007 ) ;
#3435 = ORIENTED_EDGE ( 'NONE', *, *, #2903, .F. ) ;
#3436 = CARTESIAN_POINT ( 'NONE',  ( 2.500000000000000000, 2.200000000000001510, -51.84714642167912046 ) ) ;
#3437 = ORIENTED_EDGE ( 'NONE', *, *, #3540, .T. ) ;
#3438 = CARTESIAN_POINT ( 'NONE',  ( -2.500000000000000000, 2.200000000000001510, -52.54685357832087789 ) ) ;
#3439 = DIRECTION ( 'NONE',  ( 0.7071067811865474617, -0.7071067811865474617, -1.460279444460356216E-16 ) ) ;
#3440 = EDGE_CURVE ( 'NONE', #2325, #3394, #2727, .T. ) ;
#3441 = EDGE_LOOP ( 'NONE', ( #3177, #2314, #1179, #390, #3472 ) ) ;
#3442 = DIRECTION ( 'NONE',  ( 1.000000000000000000, 0.000000000000000000, 0.000000000000000000 ) ) ;
#3443 = CARTESIAN_POINT ( 'NONE',  ( 2.500000000000000000, 2.200000000000001510, -14.86685357832087817 ) ) ;
#3444 = EDGE_CURVE ( 'NONE', #705, #3601, #502, .T. ) ;
#3445 = ORIENTED_EDGE ( 'NONE', *, *, #1129, .T. ) ;
#3446 = DIRECTION ( 'NONE',  ( 0.000000000000000000, 0.000000000000000000, 1.000000000000000000 ) ) ;
#3447 = FILL_AREA_STYLE ('',( #2377 ) ) ;
#3448 = CARTESIAN_POINT ( 'NONE',  ( 2.500000000000000000, 0.4000000000000015210, -81.27975906833177078 ) ) ;
#3449 = ORIENTED_EDGE ( 'NONE', *, *, #2491, .T. ) ;
#3450 = EDGE_CURVE ( 'NONE', #2842, #978, #425, .T. ) ;
#3451 = CARTESIAN_POINT ( 'NONE',  ( -2.000000000000000000, 0.4000000000000015210, -28.08199999999999719 ) ) ;
#3452 = VERTEX_POINT ( 'NONE', #221 ) ;
#3453 = CARTESIAN_POINT ( 'NONE',  ( 2.500000000000000000, 0.4000000000000015210, -81.27975906833177078 ) ) ;
#3454 = EDGE_LOOP ( 'NONE', ( #606, #3154, #1326, #2431, #1222, #2235 ) ) ;
#3455 = CARTESIAN_POINT ( 'NONE',  ( -2.500000000000000000, 4.599999999999999645, -9.049999999999998934 ) ) ;
#3456 = ORIENTED_EDGE ( 'NONE', *, *, #2568, .F. ) ;
#3457 = VERTEX_POINT ( 'NONE', #3475 ) ;
#3458 = VECTOR ( 'NONE', #2726, 1000.000000000000000 ) ;
#3459 = EDGE_CURVE ( 'NONE', #1637, #3281, #3237, .T. ) ;
#3460 = FACE_OUTER_BOUND ( 'NONE', #775, .T. ) ;
#3461 = VECTOR ( 'NONE', #285, 1000.000000000000000 ) ;
#3462 = LINE ( 'NONE', #962, #1024 ) ;
#3463 = ORIENTED_EDGE ( 'NONE', *, *, #3444, .F. ) ;
#3464 = CARTESIAN_POINT ( 'NONE',  ( 2.500000000000000000, 2.200000000000001510, -45.01085357832087652 ) ) ;
#3465 = AXIS2_PLACEMENT_3D ( 'NONE', #2874, #595, #377 ) ;
#3466 = ADVANCED_FACE ( 'NONE', ( #3200 ), #698, .F. ) ;
#3467 = CARTESIAN_POINT ( 'NONE',  ( -2.500000000000000000, 0.4000000000000013545, -33.60799999999999699 ) ) ;
#3468 = ORIENTED_EDGE ( 'NONE', *, *, #2171, .T. ) ;
#3469 = VECTOR ( 'NONE', #1722, 1000.000000000000000 ) ;
#3470 = ORIENTED_EDGE ( 'NONE', *, *, #2208, .T. ) ;
#3471 = EDGE_CURVE ( 'NONE', #1435, #2823, #2982, .T. ) ;
#3472 = ORIENTED_EDGE ( 'NONE', *, *, #3423, .T. ) ;
#3473 = CARTESIAN_POINT ( 'NONE',  ( -2.000000000000000000, 6.233896267925303825, -62.00000000000000000 ) ) ;
#3474 = ORIENTED_EDGE ( 'NONE', *, *, #3403, .T. ) ;
#3475 = CARTESIAN_POINT ( 'NONE',  ( 2.500000000000000000, 2.200000000000001510, -39.98685357832088272 ) ) ;
#3476 = VECTOR ( 'NONE', #2829, 1000.000000000000000 ) ;
#3477 = CARTESIAN_POINT ( 'NONE',  ( -2.000000000000000000, 2.499999999999999556, -4.237564434701781124 ) ) ;
#3478 = ORIENTED_EDGE ( 'NONE', *, *, #3619, .F. ) ;
#3479 = ORIENTED_EDGE ( 'NONE', *, *, #3136, .F. ) ;
#3480 = ORIENTED_EDGE ( 'NONE', *, *, #37, .T. ) ;
#3481 = COLOUR_RGB ( '',0.5019607843137254832, 0.5019607843137254832, 0.5019607843137254832 ) ;
#3482 = CARTESIAN_POINT ( 'NONE',  ( -2.500000000000000000, 2.200000000000001510, -24.21514642167911902 ) ) ;
#3483 = CARTESIAN_POINT ( 'NONE',  ( 1.741297666644367803, 4.625011263434755548, -61.75870233335563597 ) ) ;
#3484 = ORIENTED_EDGE ( 'NONE', *, *, #926, .T. ) ;
#3485 = LINE ( 'NONE', #2623, #2179 ) ;
#3486 =( NAMED_UNIT ( * ) SI_UNIT ( $, .STERADIAN. ) SOLID_ANGLE_UNIT ( ) );
#3487 = VECTOR ( 'NONE', #1867, 1000.000000000000000 ) ;
#3488 = CARTESIAN_POINT ( 'NONE',  ( -2.000000000000000000, -1.500000000000011768, -9.099999999999983658 ) ) ;
#3489 = ORIENTED_EDGE ( 'NONE', *, *, #1665, .T. ) ;
#3490 = ORIENTED_EDGE ( 'NONE', *, *, #3350, .T. ) ;
#3491 = EDGE_CURVE ( 'NONE', #910, #3457, #1032, .T. ) ;
#3492 = DIRECTION ( 'NONE',  ( 0.000000000000000000, 0.9396926207859156444, 0.3420201433256487844 ) ) ;
#3493 = ORIENTED_EDGE ( 'NONE', *, *, #320, .T. ) ;
#3494 = CARTESIAN_POINT ( 'NONE',  ( -2.000000000000000000, 2.200000000000001510, -44.31114642167911910 ) ) ;
#3495 = LINE ( 'NONE', #2117, #1253 ) ;
#3496 = ORIENTED_EDGE ( 'NONE', *, *, #3068, .F. ) ;
#3497 = EDGE_CURVE ( 'NONE', #2670, #949, #202, .T. ) ;
#3498 = DIRECTION ( 'NONE',  ( 0.000000000000000000, 1.000000000000000000, 0.000000000000000000 ) ) ;
#3499 = CARTESIAN_POINT ( 'NONE',  ( 2.500000000000000000, 5.349999999999991651, -13.65000000000001634 ) ) ;
#3500 = CARTESIAN_POINT ( 'NONE',  ( -2.000000000000000000, 4.599999999999999645, -5.449999999999998401 ) ) ;
#3501 = ORIENTED_EDGE ( 'NONE', *, *, #587, .F. ) ;
#3502 = DIRECTION ( 'NONE',  ( 0.000000000000000000, 0.7071067811865516806, -0.7071067811865434649 ) ) ;
#3503 = DIRECTION ( 'NONE',  ( 0.000000000000000000, 0.000000000000000000, 1.000000000000000000 ) ) ;
#3504 = ORIENTED_EDGE ( 'NONE', *, *, #2568, .T. ) ;
#3505 = EDGE_LOOP ( 'NONE', ( #613, #2743, #3021, #3193 ) ) ;
#3506 = CARTESIAN_POINT ( 'NONE',  ( 2.500000000000000000, 0.4000000000000015210, -60.73799999999999244 ) ) ;
#3507 = EDGE_CURVE ( 'NONE', #2604, #900, #1596, .T. ) ;
#3508 = ORIENTED_EDGE ( 'NONE', *, *, #1457, .F. ) ;
#3509 = CARTESIAN_POINT ( 'NONE',  ( -2.000000000000000000, 0.4000000000000013545, -16.02400000000000091 ) ) ;
#3510 = VERTEX_POINT ( 'NONE', #638 ) ;
#3511 = EDGE_CURVE ( 'NONE', #268, #66, #2192, .T. ) ;
#3512 = CARTESIAN_POINT ( 'NONE',  ( -2.500000000000000000, 2.200000000000001510, -27.42685357832087689 ) ) ;
#3513 = CARTESIAN_POINT ( 'NONE',  ( -2.500000000000000000, 2.200000000000001510, -47.52285357832087698 ) ) ;
#3514 = FACE_OUTER_BOUND ( 'NONE', #1137, .T. ) ;
#3515 = CARTESIAN_POINT ( 'NONE',  ( 2.500000000000000000, 0.4000000000000013545, -33.60799999999999699 ) ) ;
#3516 = LINE ( 'NONE', #1602, #3056 ) ;
#3517 = ORIENTED_EDGE ( 'NONE', *, *, #1167, .F. ) ;
#3518 = EDGE_CURVE ( 'NONE', #1514, #3263, #1353, .T. ) ;
#3519 = CARTESIAN_POINT ( 'NONE',  ( 0.000000000000000000, 4.233896267925302048, -62.00000000000000000 ) ) ;
#3520 = PLANE ( 'NONE',  #3175 ) ;
#3521 = AXIS2_PLACEMENT_3D ( 'NONE', #1295, #219, #1319 ) ;
#3522 = EDGE_LOOP ( 'NONE', ( #1630, #3352, #2899, #1571 ) ) ;
#3523 = VECTOR ( 'NONE', #211, 1000.000000000000000 ) ;
#3524 = LINE ( 'NONE', #2686, #1740 ) ;
#3525 = ORIENTED_EDGE ( 'NONE', *, *, #2125, .T. ) ;
#3526 = VERTEX_POINT ( 'NONE', #1437 ) ;
#3527 = CARTESIAN_POINT ( 'NONE',  ( 2.500000000000000000, 2.200000000000001510, -49.33514642167912001 ) ) ;
#3528 = CIRCLE ( 'NONE', #1188, 2.349999999999997868 ) ;
#3529 = AXIS2_PLACEMENT_3D ( 'NONE', #3094, #2284, #593 ) ;
#3530 = CARTESIAN_POINT ( 'NONE',  ( -2.000000000000000000, 0.4000000000000015210, -20.54599999999999937 ) ) ;
#3531 = VECTOR ( 'NONE', #3025, 1000.000000000000000 ) ;
#3532 = DIRECTION ( 'NONE',  ( 0.000000000000000000, 1.000000000000000000, 0.000000000000000000 ) ) ;
#3533 = LINE ( 'NONE', #2323, #93 ) ;
#3534 = LINE ( 'NONE', #1913, #3400 ) ;
#3535 = VECTOR ( 'NONE', #2755, 1000.000000000000000 ) ;
#3536 = ORIENTED_EDGE ( 'NONE', *, *, #1760, .T. ) ;
#3537 = ORIENTED_EDGE ( 'NONE', *, *, #2590, .F. ) ;
#3538 = CARTESIAN_POINT ( 'NONE',  ( -2.000000000000000000, 0.4000000000000013545, -38.63199999999999790 ) ) ;
#3539 = ORIENTED_EDGE ( 'NONE', *, *, #1845, .F. ) ;
#3540 = EDGE_CURVE ( 'NONE', #1587, #682, #3614, .T. ) ;
#3541 = VECTOR ( 'NONE', #2570, 1000.000000000000000 ) ;
#3542 = CARTESIAN_POINT ( 'NONE',  ( -2.000000000000000000, 0.4000000000000015210, -25.57000000000000028 ) ) ;
#3543 = CARTESIAN_POINT ( 'NONE',  ( -2.500000000000000000, 4.599999999999999645, -5.449999999999998401 ) ) ;
#3544 = DIRECTION ( 'NONE',  ( 0.000000000000000000, 0.000000000000000000, 1.000000000000000000 ) ) ;
#3545 = ORIENTED_EDGE ( 'NONE', *, *, #2199, .F. ) ;
#3546 = EDGE_CURVE ( 'NONE', #3146, #1587, #3124, .T. ) ;
#3547 = CARTESIAN_POINT ( 'NONE',  ( -2.000000000000000000, 7.349999999999999645, -11.14999999999998437 ) ) ;
#3548 = DIRECTION ( 'NONE',  ( -0.7071067811865474617, -0.7071067811865474617, -1.460279444460356216E-16 ) ) ;
#3549 = ORIENTED_EDGE ( 'NONE', *, *, #579, .F. ) ;
#3550 = ORIENTED_EDGE ( 'NONE', *, *, #859, .T. ) ;
#3551 = EDGE_CURVE ( 'NONE', #3394, #3406, #795, .T. ) ;
#3552 = CARTESIAN_POINT ( 'NONE',  ( -2.000000000000000000, 0.4000000000000013545, -48.67999999999999972 ) ) ;
#3553 = VECTOR ( 'NONE', #632, 1000.000000000000000 ) ;
#3554 = CARTESIAN_POINT ( 'NONE',  ( -2.500000000000000000, 0.4000000000000013545, -51.19200000000000017 ) ) ;
#3555 = VECTOR ( 'NONE', #1800, 1000.000000000000000 ) ;
#3556 = PRODUCT_DEFINITION_SHAPE ( 'NONE', 'NONE',  #1747 ) ;
#3557 = CARTESIAN_POINT ( 'NONE',  ( -2.500000000000000000, 0.4000000000000015210, -43.15399999999999636 ) ) ;
#3558 = CARTESIAN_POINT ( 'NONE',  ( 2.500000000000000000, 0.3999999999999997446, -4.949999999999999289 ) ) ;
#3559 = DIRECTION ( 'NONE',  ( 0.000000000000000000, -0.7071067811865479058, 0.7071067811865470176 ) ) ;
#3560 = ORIENTED_EDGE ( 'NONE', *, *, #213, .T. ) ;
#3561 = ORIENTED_EDGE ( 'NONE', *, *, #849, .F. ) ;
#3562 = ORIENTED_EDGE ( 'NONE', *, *, #2363, .T. ) ;
#3563 = PLANE ( 'NONE',  #3427 ) ;
#3564 = EDGE_CURVE ( 'NONE', #643, #2528, #3309, .T. ) ;
#3565 = DIRECTION ( 'NONE',  ( 0.000000000000000000, 1.000000000000000000, 0.000000000000000000 ) ) ;
#3566 = ORIENTED_EDGE ( 'NONE', *, *, #346, .F. ) ;
#3567 = CARTESIAN_POINT ( 'NONE',  ( -2.000000000000000000, 0.4000000000000015210, -62.00000000000000000 ) ) ;
#3568 = DIRECTION ( 'NONE',  ( 0.000000000000000000, -2.065146995210484695E-16, 1.000000000000000000 ) ) ;
#3569 = ADVANCED_FACE ( 'NONE', ( #894 ), #240, .T. ) ;
#3570 = DIRECTION ( 'NONE',  ( -1.000000000000000000, 0.000000000000000000, 0.000000000000000000 ) ) ;
#3571 = EDGE_LOOP ( 'NONE', ( #1239, #244, #1960, #1004 ) ) ;
#3572 = ORIENTED_EDGE ( 'NONE', *, *, #3546, .T. ) ;
#3573 = DIRECTION ( 'NONE',  ( -0.000000000000000000, 1.000000000000000000, 0.000000000000000000 ) ) ;
#3574 = CARTESIAN_POINT ( 'NONE',  ( -2.000000000000000000, 0.4000000000000013545, -36.11999999999999744 ) ) ;
#3575 = EDGE_CURVE ( 'NONE', #3052, #2561, #1756, .T. ) ;
#3576 = CARTESIAN_POINT ( 'NONE',  ( 2.500000000000000000, 0.4000000000000015210, -31.09600000000000009 ) ) ;
#3577 = LINE ( 'NONE', #1165, #2197 ) ;
#3578 = CARTESIAN_POINT ( 'NONE',  ( 2.500000000000000000, 0.4000000000000015210, -38.12999999999999545 ) ) ;
#3579 = ORIENTED_EDGE ( 'NONE', *, *, #100, .T. ) ;
#3580 = VERTEX_POINT ( 'NONE', #69 ) ;
#3581 = DIRECTION ( 'NONE',  ( 0.000000000000000000, -0.000000000000000000, 1.000000000000000000 ) ) ;
#3582 = PLANE ( 'NONE',  #3067 ) ;
#3583 = ORIENTED_EDGE ( 'NONE', *, *, #1517, .F. ) ;
#3584 = VECTOR ( 'NONE', #971, 1000.000000000000000 ) ;
#3585 = EDGE_CURVE ( 'NONE', #5, #1733, #1376, .T. ) ;
#3586 = CARTESIAN_POINT ( 'NONE',  ( 2.000000000000006661, -2.000000000000000000, -1.000000000000000000 ) ) ;
#3587 = ORIENTED_EDGE ( 'NONE', *, *, #1947, .T. ) ;
#3588 = ORIENTED_EDGE ( 'NONE', *, *, #2498, .T. ) ;
#3589 = CARTESIAN_POINT ( 'NONE',  ( -2.000000000000000000, 1.589891632330215021, -13.94508513617059187 ) ) ;
#3590 = EDGE_CURVE ( 'NONE', #2799, #1648, #3577, .T. ) ;
#3591 = VECTOR ( 'NONE', #269, 1000.000000000000000 ) ;
#3592 = CARTESIAN_POINT ( 'NONE',  ( 2.500000000000000000, 0.4000000000000014655, -61.00000000000000000 ) ) ;
#3593 = VECTOR ( 'NONE', #1169, 1000.000000000000000 ) ;
#3594 = LINE ( 'NONE', #2464, #127 ) ;
#3595 = EDGE_CURVE ( 'NONE', #1851, #421, #1068, .T. ) ;
#3596 = VECTOR ( 'NONE', #3046, 1000.000000000000114 ) ;
#3597 = SURFACE_STYLE_FILL_AREA ( #600 ) ;
#3598 = LINE ( 'NONE', #1089, #3344 ) ;
#3599 = LINE ( 'NONE', #3515, #2921 ) ;
#3600 = DIRECTION ( 'NONE',  ( -0.000000000000000000, -0.000000000000000000, -1.000000000000000000 ) ) ;
#3601 = VERTEX_POINT ( 'NONE', #1336 ) ;
#3602 = CARTESIAN_POINT ( 'NONE',  ( -2.500000000000000000, 7.349999999999999645, -62.00000000000000000 ) ) ;
#3603 = DIRECTION ( 'NONE',  ( 0.000000000000000000, 0.9396926207859156444, 0.3420201433256487844 ) ) ;
#3604 = ORIENTED_EDGE ( 'NONE', *, *, #52, .T. ) ;
#3605 = CARTESIAN_POINT ( 'NONE',  ( -1.000000000000012434, 7.499999999999994671, -11.29999999999997939 ) ) ;
#3606 = VECTOR ( 'NONE', #1464, 1000.000000000000000 ) ;
#3607 = LINE ( 'NONE', #827, #436 ) ;
#3608 = DIRECTION ( 'NONE',  ( 0.000000000000000000, 0.9396926207859156444, 0.3420201433256487844 ) ) ;
#3609 = ORIENTED_EDGE ( 'NONE', *, *, #1600, .F. ) ;
#3610 = CARTESIAN_POINT ( 'NONE',  ( 2.500000000000000000, 0.4000000000000015210, -20.54599999999999582 ) ) ;
#3611 = AXIS2_PLACEMENT_3D ( 'NONE', #2467, #2551, #1087 ) ;
#3612 = EDGE_CURVE ( 'NONE', #1280, #2375, #2749, .T. ) ;
#3613 = DIRECTION ( 'NONE',  ( 1.000000000000000000, 0.000000000000000000, 0.000000000000000000 ) ) ;
#3614 = LINE ( 'NONE', #621, #2734 ) ;
#3615 = CARTESIAN_POINT ( 'NONE',  ( -2.000000000000000000, 7.000000000000000000, -10.79999999999997407 ) ) ;
#3616 = EDGE_CURVE ( 'NONE', #802, #1491, #2292, .T. ) ;
#3617 = LINE ( 'NONE', #588, #842 ) ;
#3618 = VERTEX_POINT ( 'NONE', #2027 ) ;
#3619 = EDGE_CURVE ( 'NONE', #1282, #2058, #2864, .T. ) ;
#3620 = MANIFOLD_SOLID_BREP ( 'Бобышка-Вытянуть4', #1700 ) ;
#3621 = DIRECTION ( 'NONE',  ( 0.000000000000000000, -0.9396926207859158664, 0.3420201433256479517 ) ) ;
#3622 = DIRECTION ( 'NONE',  ( 0.000000000000000000, 0.000000000000000000, -1.000000000000000000 ) ) ;
#3623 = ORIENTED_EDGE ( 'NONE', *, *, #926, .F. ) ;
#3624 = ORIENTED_EDGE ( 'NONE', *, *, #2380, .T. ) ;
#3625 = LINE ( 'NONE', #1114, #2522 ) ;
ENDSEC;
END-ISO-10303-21;
