ISO-10303-21;
HEADER;
FILE_DESCRIPTION (( 'STEP AP214' ),
    '1' );
FILE_NAME ('RB9.01.062.090 Camera spacer.STEP',
    '2026-09-21T19:35:14',
    ( '' ),
    ( '' ),
    'SwSTEP 2.0',
    'SolidWorks 2021',
    '' );
FILE_SCHEMA (( 'AUTOMOTIVE_DESIGN' ));
ENDSEC;

DATA;
#1 = DIRECTION ( 'NONE',  ( -0.000000000000000000, -0.000000000000000000, 1.000000000000000000 ) ) ;
#2 = DIRECTION ( 'NONE',  ( 1.000000000000000000, 0.000000000000000000, 0.000000000000000000 ) ) ;
#3 = AXIS2_PLACEMENT_3D ( 'NONE', #876, #220, #1447 ) ;
#4 = CARTESIAN_POINT ( 'NONE',  ( 11.00000000000000000, 16.00000000000000000, 0.000000000000000000 ) ) ;
#5 = FILL_AREA_STYLE ('',( #1613 ) ) ;
#6 = CIRCLE ( 'NONE', #1091, 1.099999999999996758 ) ;
#7 = EDGE_CURVE ( 'NONE', #809, #1570, #878, .T. ) ;
#8 = CARTESIAN_POINT ( 'NONE',  ( 16.00000000000011724, -12.00000000000000000, 2.000000000000000000 ) ) ;
#9 = CIRCLE ( 'NONE', #661, 1.099999999999996758 ) ;
#10 = LINE ( 'NONE', #984, #1616 ) ;
#11 = EDGE_LOOP ( 'NONE', ( #1158, #1635, #1404, #1263 ) ) ;
#12 = VERTEX_POINT ( 'NONE', #75 ) ;
#13 = DIRECTION ( 'NONE',  ( 1.000000000000000000, 0.000000000000000000, 0.000000000000000000 ) ) ;
#14 = FACE_BOUND ( 'NONE', #1518, .T. ) ;
#15 = DIRECTION ( 'NONE',  ( 0.000000000000000000, -0.000000000000000000, -1.000000000000000000 ) ) ;
#16 = EDGE_CURVE ( 'NONE', #783, #892, #123, .T. ) ;
#17 = CARTESIAN_POINT ( 'NONE',  ( 15.09999999999999964, 14.00000000000000178, 2.000000000000000000 ) ) ;
#18 = EDGE_CURVE ( 'NONE', #930, #614, #1697, .T. ) ;
#19 = EDGE_LOOP ( 'NONE', ( #907, #135 ) ) ;
#20 = DIRECTION ( 'NONE',  ( 0.000000000000000000, 0.000000000000000000, 1.000000000000000000 ) ) ;
#21 = DIRECTION ( 'NONE',  ( 1.000000000000000000, 0.000000000000000000, 0.000000000000000000 ) ) ;
#22 = FACE_BOUND ( 'NONE', #1468, .T. ) ;
#23 = CARTESIAN_POINT ( 'NONE',  ( 15.99999999999987566, 12.00000000000016698, 2.000000000000000000 ) ) ;
#24 = ADVANCED_FACE ( 'NONE', ( #868 ), #1024, .T. ) ;
#25 = EDGE_LOOP ( 'NONE', ( #1026, #1048, #997, #331 ) ) ;
#26 = LINE ( 'NONE', #399, #350 ) ;
#27 = CARTESIAN_POINT ( 'NONE',  ( 13.00000000000001066, 12.00000000000013500, 0.000000000000000000 ) ) ;
#28 = CLOSED_SHELL ( 'NONE', ( #1117, #979, #909, #569, #1185, #379, #563, #145, #1281, #188, #781, #1391, #757, #965, #1266, #298, #193, #1313, #1716, #1355, #808, #870, #881, #797, #346, #1381, #1705, #256, #1687, #1530, #987, #212, #234, #1303, #1325, #1463, #1429, #651, #1241, #958, #591, #1192, #606, #556, #24, #1220, #514, #1603, #1474, #996 ) ) ;
#29 = CARTESIAN_POINT ( 'NONE',  ( -19.00000000000000000, 18.00000000000000000, 2.000000000000000000 ) ) ;
#30 = AXIS2_PLACEMENT_3D ( 'NONE', #1243, #672, #1237 ) ;
#31 = DIRECTION ( 'NONE',  ( -0.000000000000000000, -0.000000000000000000, 1.000000000000000000 ) ) ;
#32 = CIRCLE ( 'NONE', #458, 1.000000000000000888 ) ;
#33 = DIRECTION ( 'NONE',  ( -1.000000000000000000, 0.000000000000000000, 0.000000000000000000 ) ) ;
#34 = AXIS2_PLACEMENT_3D ( 'NONE', #173, #285, #1214 ) ;
#35 = CIRCLE ( 'NONE', #1035, 1.000000000000000888 ) ;
#36 = VECTOR ( 'NONE', #1157, 1000.000000000000000 ) ;
#37 = VERTEX_POINT ( 'NONE', #476 ) ;
#38 = EDGE_CURVE ( 'NONE', #1301, #930, #405, .T. ) ;
#39 = CARTESIAN_POINT ( 'NONE',  ( 19.00000000000000000, 19.00000000000000000, 2.000000000000000000 ) ) ;
#40 = FACE_BOUND ( 'NONE', #237, .T. ) ;
#41 = DIRECTION ( 'NONE',  ( -0.000000000000000000, -0.000000000000000000, 1.000000000000000000 ) ) ;
#42 = LINE ( 'NONE', #467, #1199 ) ;
#43 = VERTEX_POINT ( 'NONE', #463 ) ;
#44 = DIRECTION ( 'NONE',  ( -1.047444401652940007E-14, 1.000000000000000000, 0.000000000000000000 ) ) ;
#45 = ORIENTED_EDGE ( 'NONE', *, *, #1751, .T. ) ;
#46 = FACE_OUTER_BOUND ( 'NONE', #1057, .T. ) ;
#47 = FACE_BOUND ( 'NONE', #1274, .T. ) ;
#48 = DIRECTION ( 'NONE',  ( 1.000000000000000000, 0.000000000000000000, 0.000000000000000000 ) ) ;
#49 = EDGE_CURVE ( 'NONE', #1039, #776, #268, .T. ) ;
#50 = DIRECTION ( 'NONE',  ( -0.000000000000000000, -0.000000000000000000, -1.000000000000000000 ) ) ;
#51 = ORIENTED_EDGE ( 'NONE', *, *, #1634, .F. ) ;
#52 = PLANE ( 'NONE',  #132 ) ;
#53 = VERTEX_POINT ( 'NONE', #93 ) ;
#54 = FACE_OUTER_BOUND ( 'NONE', #1407, .T. ) ;
#55 = ORIENTED_EDGE ( 'NONE', *, *, #969, .F. ) ;
#56 = DIRECTION ( 'NONE',  ( 1.000000000000000000, 0.000000000000000000, 0.000000000000000000 ) ) ;
#57 = CARTESIAN_POINT ( 'NONE',  ( 17.99999999999999645, -19.00000000000000000, 2.000000000000000000 ) ) ;
#58 = ORIENTED_EDGE ( 'NONE', *, *, #59, .F. ) ;
#59 = EDGE_CURVE ( 'NONE', #53, #71, #455, .T. ) ;
#60 = AXIS2_PLACEMENT_3D ( 'NONE', #960, #1, #1497 ) ;
#61 = CIRCLE ( 'NONE', #272, 1.099999999999996758 ) ;
#62 = CIRCLE ( 'NONE', #549, 1.000000000000000888 ) ;
#63 = ORIENTED_EDGE ( 'NONE', *, *, #1100, .T. ) ;
#64 = AXIS2_PLACEMENT_3D ( 'NONE', #875, #1416, #995 ) ;
#65 = DIRECTION ( 'NONE',  ( 0.000000000000000000, -0.000000000000000000, -1.000000000000000000 ) ) ;
#66 = ORIENTED_EDGE ( 'NONE', *, *, #1657, .F. ) ;
#67 = CARTESIAN_POINT ( 'NONE',  ( -16.99999999999999645, -17.00000000000000711, 2.000000000000000000 ) ) ;
#68 = PRODUCT_DEFINITION_FORMATION_WITH_SPECIFIED_SOURCE ( 'ANY', '', #499, .NOT_KNOWN. ) ;
#69 = LINE ( 'NONE', #1538, #1201 ) ;
#70 = CARTESIAN_POINT ( 'NONE',  ( -14.00000000000000178, -13.99999999999999645, -1.734723475976807094E-15 ) ) ;
#71 = VERTEX_POINT ( 'NONE', #1008 ) ;
#72 = LINE ( 'NONE', #1430, #954 ) ;
#73 = EDGE_CURVE ( 'NONE', #1589, #230, #1137, .T. ) ;
#74 = EDGE_CURVE ( 'NONE', #506, #1146, #543, .T. ) ;
#75 = CARTESIAN_POINT ( 'NONE',  ( -18.00000000000000000, 19.00000000000000000, 0.000000000000000000 ) ) ;
#76 = PLANE ( 'NONE',  #890 ) ;
#77 = EDGE_LOOP ( 'NONE', ( #254, #1711, #1322, #654 ) ) ;
#78 = DIRECTION ( 'NONE',  ( 1.000000000000000000, 0.000000000000000000, 0.000000000000000000 ) ) ;
#79 = DIRECTION ( 'NONE',  ( -0.000000000000000000, -0.000000000000000000, 1.000000000000000000 ) ) ;
#80 = DIRECTION ( 'NONE',  ( -0.000000000000000000, 0.000000000000000000, 1.000000000000000000 ) ) ;
#81 = ORIENTED_EDGE ( 'NONE', *, *, #818, .T. ) ;
#82 = LINE ( 'NONE', #552, #665 ) ;
#83 = VERTEX_POINT ( 'NONE', #332 ) ;
#84 = EDGE_CURVE ( 'NONE', #115, #475, #1264, .T. ) ;
#85 = VERTEX_POINT ( 'NONE', #736 ) ;
#86 = EDGE_LOOP ( 'NONE', ( #1300, #1212, #197, #367 ) ) ;
#87 = CARTESIAN_POINT ( 'NONE',  ( -12.90000000000000568, -13.99999999999999645, 2.000000000000000000 ) ) ;
#88 = LINE ( 'NONE', #345, #276 ) ;
#89 = CARTESIAN_POINT ( 'NONE',  ( -17.00000000000000000, 16.99999999999999645, 2.000000000000000000 ) ) ;
#90 = VERTEX_POINT ( 'NONE', #1271 ) ;
#91 = DIRECTION ( 'NONE',  ( 1.000000000000000000, 0.000000000000000000, 0.000000000000000000 ) ) ;
#92 = AXIS2_PLACEMENT_3D ( 'NONE', #1516, #696, #1234 ) ;
#93 = CARTESIAN_POINT ( 'NONE',  ( -11.00000000000000000, -17.00000000000000000, 2.000000000000000000 ) ) ;
#94 = AXIS2_PLACEMENT_3D ( 'NONE', #89, #491, #1042 ) ;
#95 = VERTEX_POINT ( 'NONE', #1014 ) ;
#96 = CIRCLE ( 'NONE', #1250, 1.099999999999996758 ) ;
#97 = EDGE_CURVE ( 'NONE', #1194, #1017, #1247, .T. ) ;
#98 = ORIENTED_EDGE ( 'NONE', *, *, #668, .T. ) ;
#99 = DIRECTION ( 'NONE',  ( 1.000000000000000000, 0.000000000000000000, 0.000000000000000000 ) ) ;
#100 = AXIS2_PLACEMENT_3D ( 'NONE', #481, #1293, #1567 ) ;
#101 = FACE_OUTER_BOUND ( 'NONE', #1580, .T. ) ;
#102 = CYLINDRICAL_SURFACE ( 'NONE', #852, 1.000000000000000888 ) ;
#103 = VECTOR ( 'NONE', #1296, 1000.000000000000000 ) ;
#104 = ORIENTED_EDGE ( 'NONE', *, *, #1627, .T. ) ;
#105 = CARTESIAN_POINT ( 'NONE',  ( -16.99999999999996447, -11.00000000000000355, 0.000000000000000000 ) ) ;
#106 = FILL_AREA_STYLE_COLOUR ( '', #1730 ) ;
#107 = ORIENTED_EDGE ( 'NONE', *, *, #494, .T. ) ;
#108 = EDGE_LOOP ( 'NONE', ( #1432, #1747, #788, #1205 ) ) ;
#109 = DIRECTION ( 'NONE',  ( -0.000000000000000000, -0.000000000000000000, 1.000000000000000000 ) ) ;
#110 = CARTESIAN_POINT ( 'NONE',  ( -17.00000000000000000, 16.99999999999999645, -1.734723475976807094E-15 ) ) ;
#111 = LINE ( 'NONE', #1744, #744 ) ;
#112 = EDGE_LOOP ( 'NONE', ( #895, #1095, #1089, #1326 ) ) ;
#113 = CARTESIAN_POINT ( 'NONE',  ( 17.99999999999999645, -19.00000000000000000, 0.000000000000000000 ) ) ;
#114 = EDGE_CURVE ( 'NONE', #886, #258, #320, .T. ) ;
#115 = VERTEX_POINT ( 'NONE', #397 ) ;
#116 = ORIENTED_EDGE ( 'NONE', *, *, #710, .F. ) ;
#117 = DIRECTION ( 'NONE',  ( 1.000000000000000000, 0.000000000000000000, 0.000000000000000000 ) ) ;
#118 = CARTESIAN_POINT ( 'NONE',  ( -14.00000000000000178, -13.99999999999999645, 2.000000000000000000 ) ) ;
#119 = ORIENTED_EDGE ( 'NONE', *, *, #639, .F. ) ;
#120 =( LENGTH_UNIT ( ) NAMED_UNIT ( * ) SI_UNIT ( .MILLI., .METRE. ) );
#121 = MANIFOLD_SOLID_BREP ( 'Скругление3', #28 ) ;
#122 = EDGE_CURVE ( 'NONE', #1292, #871, #972, .T. ) ;
#123 = CIRCLE ( 'NONE', #1299, 1.099999999999996758 ) ;
#124 = AXIS2_PLACEMENT_3D ( 'NONE', #989, #815, #149 ) ;
#125 = ORIENTED_EDGE ( 'NONE', *, *, #1513, .T. ) ;
#126 = ORIENTED_EDGE ( 'NONE', *, *, #758, .T. ) ;
#127 = VECTOR ( 'NONE', #699, 1000.000000000000000 ) ;
#128 = CARTESIAN_POINT ( 'NONE',  ( 11.99999999999987566, 12.00000000000012434, -8.000000000000000000 ) ) ;
#129 = AXIS2_PLACEMENT_3D ( 'NONE', #1254, #1733, #904 ) ;
#130 = CARTESIAN_POINT ( 'NONE',  ( 16.99999999999988631, 11.00000000000017586, 2.000000000000000000 ) ) ;
#131 = ORIENTED_EDGE ( 'NONE', *, *, #1460, .T. ) ;
#132 = AXIS2_PLACEMENT_3D ( 'NONE', #452, #205, #604 ) ;
#133 = AXIS2_PLACEMENT_3D ( 'NONE', #266, #813, #956 ) ;
#134 = EDGE_CURVE ( 'NONE', #1469, #570, #944, .T. ) ;
#135 = ORIENTED_EDGE ( 'NONE', *, *, #1587, .T. ) ;
#136 = VERTEX_POINT ( 'NONE', #1246 ) ;
#137 = CARTESIAN_POINT ( 'NONE',  ( 11.00000000000000000, 16.00000000000000000, -8.000000000000000000 ) ) ;
#138 = FACE_OUTER_BOUND ( 'NONE', #1318, .T. ) ;
#139 = LINE ( 'NONE', #573, #572 ) ;
#140 = LINE ( 'NONE', #1473, #1598 ) ;
#141 = ORIENTED_EDGE ( 'NONE', *, *, #73, .T. ) ;
#142 = FACE_BOUND ( 'NONE', #204, .T. ) ;
#143 = VERTEX_POINT ( 'NONE', #17 ) ;
#144 = CARTESIAN_POINT ( 'NONE',  ( -12.00000000000000000, -12.00000000000000000, 2.000000000000000000 ) ) ;
#145 = ADVANCED_FACE ( 'NONE', ( #1641 ), #562, .F. ) ;
#146 = CARTESIAN_POINT ( 'NONE',  ( 17.00000000000000000, 16.99999999999999645, 2.000000000000000000 ) ) ;
#147 = CARTESIAN_POINT ( 'NONE',  ( 11.00000000000000000, 17.00000000000000000, 0.000000000000000000 ) ) ;
#148 = APPLICATION_PROTOCOL_DEFINITION ( 'draft international standard', 'automotive_design', 1998, #441 ) ;
#149 = DIRECTION ( 'NONE',  ( 1.000000000000000000, -3.122502256758250246E-14, 0.000000000000000000 ) ) ;
#150 = VERTEX_POINT ( 'NONE', #1522 ) ;
#151 = CARTESIAN_POINT ( 'NONE',  ( -12.00000000000004263, 11.99999999999995914, -8.000000000000000000 ) ) ;
#152 =( GEOMETRIC_REPRESENTATION_CONTEXT ( 3 ) GLOBAL_UNCERTAINTY_ASSIGNED_CONTEXT ( ( #1424 ) ) GLOBAL_UNIT_ASSIGNED_CONTEXT ( ( #1467, #1653, #957 ) ) REPRESENTATION_CONTEXT ( 'NONE', 'WORKASPACE' ) );
#153 = LINE ( 'NONE', #1320, #1334 ) ;
#154 = EDGE_CURVE ( 'NONE', #949, #280, #964, .T. ) ;
#155 = VECTOR ( 'NONE', #1144, 1000.000000000000000 ) ;
#156 = FACE_BOUND ( 'NONE', #283, .T. ) ;
#157 = SURFACE_SIDE_STYLE ('',( #1626 ) ) ;
#158 = AXIS2_PLACEMENT_3D ( 'NONE', #1617, #1238, #21 ) ;
#159 = CARTESIAN_POINT ( 'NONE',  ( 19.00000000000000000, -18.00000000000000000, 2.000000000000000000 ) ) ;
#160 = EDGE_CURVE ( 'NONE', #801, #258, #1372, .T. ) ;
#161 = VECTOR ( 'NONE', #1221, 1000.000000000000000 ) ;
#162 = PLANE ( 'NONE',  #92 ) ;
#163 = AXIS2_PLACEMENT_3D ( 'NONE', #612, #195, #48 ) ;
#164 = CARTESIAN_POINT ( 'NONE',  ( 14.00000000000000178, -13.99999999999999822, -1.734723475976807094E-15 ) ) ;
#165 = ORIENTED_EDGE ( 'NONE', *, *, #1611, .T. ) ;
#166 = VERTEX_POINT ( 'NONE', #683 ) ;
#167 = CARTESIAN_POINT ( 'NONE',  ( 15.90000000000000391, 16.99999999999999645, 2.000000000000000000 ) ) ;
#168 = DIRECTION ( 'NONE',  ( 0.000000000000000000, -0.000000000000000000, -1.000000000000000000 ) ) ;
#169 = DIRECTION ( 'NONE',  ( -1.000000000000000000, -3.491481338843133355E-15, 0.000000000000000000 ) ) ;
#170 = EDGE_CURVE ( 'NONE', #511, #871, #1379, .T. ) ;
#171 = ORIENTED_EDGE ( 'NONE', *, *, #461, .T. ) ;
#172 = DIRECTION ( 'NONE',  ( 3.491481338843133355E-15, -1.000000000000000000, 0.000000000000000000 ) ) ;
#173 = CARTESIAN_POINT ( 'NONE',  ( -18.00000000000000000, 18.00000000000000000, 0.000000000000000000 ) ) ;
#174 = CARTESIAN_POINT ( 'NONE',  ( -11.00000000000000000, -16.00000000000000000, 0.000000000000000000 ) ) ;
#175 = PLANE ( 'NONE',  #1203 ) ;
#176 = EDGE_CURVE ( 'NONE', #483, #783, #1224, .T. ) ;
#177 = ORIENTED_EDGE ( 'NONE', *, *, #1649, .T. ) ;
#178 = LINE ( 'NONE', #1259, #1458 ) ;
#179 = FACE_BOUND ( 'NONE', #1450, .T. ) ;
#180 = CARTESIAN_POINT ( 'NONE',  ( -17.00000000000000000, 16.99999999999999645, 2.000000000000000000 ) ) ;
#181 = CIRCLE ( 'NONE', #513, 1.000000000000000888 ) ;
#182 = EDGE_LOOP ( 'NONE', ( #545, #340, #58, #269 ) ) ;
#183 = VECTOR ( 'NONE', #745, 1000.000000000000000 ) ;
#184 = DIRECTION ( 'NONE',  ( 1.000000000000000000, 0.000000000000000000, 0.000000000000000000 ) ) ;
#185 = VECTOR ( 'NONE', #1163, 1000.000000000000000 ) ;
#186 = ORIENTED_EDGE ( 'NONE', *, *, #571, .T. ) ;
#187 = CIRCLE ( 'NONE', #64, 1.099999999999996758 ) ;
#188 = ADVANCED_FACE ( 'NONE', ( #22, #292, #708, #555, #418, #142, #1101, #677, #1112, #1359 ), #162, .T. ) ;
#189 = CIRCLE ( 'NONE', #1396, 1.000000000000000888 ) ;
#190 = VERTEX_POINT ( 'NONE', #1749 ) ;
#191 = LINE ( 'NONE', #1401, #1640 ) ;
#192 = DIRECTION ( 'NONE',  ( 1.000000000000000000, 0.000000000000000000, 0.000000000000000000 ) ) ;
#193 = ADVANCED_FACE ( 'NONE', ( #566 ), #976, .T. ) ;
#194 = FACE_BOUND ( 'NONE', #19, .T. ) ;
#195 = DIRECTION ( 'NONE',  ( -0.000000000000000000, -0.000000000000000000, 1.000000000000000000 ) ) ;
#196 = LINE ( 'NONE', #727, #183 ) ;
#197 = ORIENTED_EDGE ( 'NONE', *, *, #571, .F. ) ;
#198 = FACE_OUTER_BOUND ( 'NONE', #1681, .T. ) ;
#199 = EDGE_LOOP ( 'NONE', ( #1033, #1037, #492, #1352 ) ) ;
#200 = DIRECTION ( 'NONE',  ( 1.000000000000000000, 0.000000000000000000, 0.000000000000000000 ) ) ;
#201 = DIRECTION ( 'NONE',  ( 0.000000000000000000, -0.000000000000000000, -1.000000000000000000 ) ) ;
#202 = DIRECTION ( 'NONE',  ( 1.000000000000000000, 0.000000000000000000, 0.000000000000000000 ) ) ;
#203 = DIRECTION ( 'NONE',  ( 1.000000000000000000, 0.000000000000000000, 0.000000000000000000 ) ) ;
#204 = EDGE_LOOP ( 'NONE', ( #1668, #1347 ) ) ;
#205 = DIRECTION ( 'NONE',  ( -1.000000000000000000, 0.000000000000000000, -0.000000000000000000 ) ) ;
#206 = DIRECTION ( 'NONE',  ( -0.000000000000000000, -0.000000000000000000, 1.000000000000000000 ) ) ;
#207 = DIRECTION ( 'NONE',  ( 0.000000000000000000, 0.000000000000000000, 1.000000000000000000 ) ) ;
#208 = DIRECTION ( 'NONE',  ( 0.000000000000000000, 0.000000000000000000, 1.000000000000000000 ) ) ;
#209 = CARTESIAN_POINT ( 'NONE',  ( -16.00000000000003908, 10.99999999999994316, -8.000000000000000000 ) ) ;
#210 = EDGE_LOOP ( 'NONE', ( #928, #1083, #923, #520 ) ) ;
#211 = ORIENTED_EDGE ( 'NONE', *, *, #942, .F. ) ;
#212 = ADVANCED_FACE ( 'NONE', ( #968 ), #1512, .F. ) ;
#213 = DIRECTION ( 'NONE',  ( -0.000000000000000000, 0.000000000000000000, 1.000000000000000000 ) ) ;
#214 = CARTESIAN_POINT ( 'NONE',  ( 17.00000000000011724, -10.99999999999998757, 2.000000000000000000 ) ) ;
#215 = ORIENTED_EDGE ( 'NONE', *, *, #582, .F. ) ;
#216 = CARTESIAN_POINT ( 'NONE',  ( -15.90000000000000391, 16.99999999999999645, -1.734723475976807094E-15 ) ) ;
#217 = EDGE_CURVE ( 'NONE', #910, #1327, #1586, .T. ) ;
#218 = CIRCLE ( 'NONE', #94, 1.099999999999996758 ) ;
#219 = CIRCLE ( 'NONE', #1200, 1.000000000000000888 ) ;
#220 = DIRECTION ( 'NONE',  ( 0.000000000000000000, -0.000000000000000000, -1.000000000000000000 ) ) ;
#221 = CIRCLE ( 'NONE', #326, 1.099999999999996758 ) ;
#222 = DIRECTION ( 'NONE',  ( 3.491481338843133355E-15, -1.000000000000000000, -0.000000000000000000 ) ) ;
#223 = VECTOR ( 'NONE', #15, 1000.000000000000000 ) ;
#224 = ORIENTED_EDGE ( 'NONE', *, *, #1371, .T. ) ;
#225 = CARTESIAN_POINT ( 'NONE',  ( 14.00000000000000178, 14.00000000000000178, 2.000000000000000000 ) ) ;
#226 = LINE ( 'NONE', #765, #103 ) ;
#227 = EDGE_CURVE ( 'NONE', #356, #614, #1367, .T. ) ;
#228 = ORIENTED_EDGE ( 'NONE', *, *, #1585, .T. ) ;
#229 = ORIENTED_EDGE ( 'NONE', *, *, #1523, .F. ) ;
#230 = VERTEX_POINT ( 'NONE', #817 ) ;
#231 = DIRECTION ( 'NONE',  ( -0.000000000000000000, -0.000000000000000000, 1.000000000000000000 ) ) ;
#232 = ORIENTED_EDGE ( 'NONE', *, *, #38, .T. ) ;
#233 = LINE ( 'NONE', #1044, #1255 ) ;
#234 = ADVANCED_FACE ( 'NONE', ( #1353 ), #1623, .F. ) ;
#235 = DIRECTION ( 'NONE',  ( 1.000000000000000000, 0.000000000000000000, 0.000000000000000000 ) ) ;
#236 = ORIENTED_EDGE ( 'NONE', *, *, #828, .T. ) ;
#237 = EDGE_LOOP ( 'NONE', ( #186, #902, #171, #835, #1738, #228, #81, #959, #671, #1630, #1754, #1709, #496, #1180, #1108, #1186, #392, #580, #534, #232, #1047, #636, #791, #1004 ) ) ;
#238 = DIRECTION ( 'NONE',  ( -0.000000000000000000, -0.000000000000000000, 1.000000000000000000 ) ) ;
#239 = DIRECTION ( 'NONE',  ( -0.000000000000000000, -0.000000000000000000, -1.000000000000000000 ) ) ;
#240 = CARTESIAN_POINT ( 'NONE',  ( -17.00000000000003908, 10.99999999999993960, 2.000000000000000000 ) ) ;
#241 = ORIENTED_EDGE ( 'NONE', *, *, #1088, .T. ) ;
#242 = CARTESIAN_POINT ( 'NONE',  ( -12.99999999999999822, 11.99999999999995559, 2.000000000000000000 ) ) ;
#243 = AXIS2_PLACEMENT_3D ( 'NONE', #137, #20, #837 ) ;
#244 = EDGE_LOOP ( 'NONE', ( #465, #1168 ) ) ;
#245 = AXIS2_PLACEMENT_3D ( 'NONE', #1239, #1683, #444 ) ;
#246 = ORIENTED_EDGE ( 'NONE', *, *, #649, .T. ) ;
#247 = AXIS2_PLACEMENT_3D ( 'NONE', #372, #589, #1025 ) ;
#248 = DIRECTION ( 'NONE',  ( -0.000000000000000000, 0.000000000000000000, 1.000000000000000000 ) ) ;
#249 = LINE ( 'NONE', #1071, #884 ) ;
#250 = CIRCLE ( 'NONE', #891, 1.000000000000000888 ) ;
#251 = ORIENTED_EDGE ( 'NONE', *, *, #49, .T. ) ;
#252 = DIRECTION ( 'NONE',  ( 1.000000000000000000, 0.000000000000000000, 0.000000000000000000 ) ) ;
#253 = ORIENTED_EDGE ( 'NONE', *, *, #7, .T. ) ;
#254 = ORIENTED_EDGE ( 'NONE', *, *, #461, .F. ) ;
#255 = LINE ( 'NONE', #1750, #947 ) ;
#256 = ADVANCED_FACE ( 'NONE', ( #432 ), #1609, .F. ) ;
#257 = DIRECTION ( 'NONE',  ( -1.000000000000000000, 0.000000000000000000, 0.000000000000000000 ) ) ;
#258 = VERTEX_POINT ( 'NONE', #167 ) ;
#259 = FACE_OUTER_BOUND ( 'NONE', #1079, .T. ) ;
#260 = VERTEX_POINT ( 'NONE', #536 ) ;
#261 = ORIENTED_EDGE ( 'NONE', *, *, #1252, .T. ) ;
#262 = PLANE ( 'NONE',  #1092 ) ;
#263 = DIRECTION ( 'NONE',  ( -0.000000000000000000, 0.000000000000000000, 1.000000000000000000 ) ) ;
#264 = VERTEX_POINT ( 'NONE', #1503 ) ;
#265 = EDGE_CURVE ( 'NONE', #260, #1579, #1375, .T. ) ;
#266 = CARTESIAN_POINT ( 'NONE',  ( -11.00000000000000000, 16.00000000000000000, 2.000000000000000000 ) ) ;
#267 = EDGE_CURVE ( 'NONE', #150, #1216, #1225, .T. ) ;
#268 = CIRCLE ( 'NONE', #914, 1.099999999999996758 ) ;
#269 = ORIENTED_EDGE ( 'NONE', *, *, #615, .F. ) ;
#270 = ORIENTED_EDGE ( 'NONE', *, *, #1569, .F. ) ;
#271 = DIRECTION ( 'NONE',  ( -1.000000000000000000, -3.491481338843133355E-15, 0.000000000000000000 ) ) ;
#272 = AXIS2_PLACEMENT_3D ( 'NONE', #820, #1632, #1376 ) ;
#273 = DIRECTION ( 'NONE',  ( -1.047444401652940007E-14, 1.000000000000000000, 0.000000000000000000 ) ) ;
#274 = VECTOR ( 'NONE', #645, 1000.000000000000000 ) ;
#275 = DIRECTION ( 'NONE',  ( 1.000000000000000000, 0.000000000000000000, 0.000000000000000000 ) ) ;
#276 = VECTOR ( 'NONE', #638, 1000.000000000000000 ) ;
#277 =( LENGTH_UNIT ( ) NAMED_UNIT ( * ) SI_UNIT ( .MILLI., .METRE. ) );
#278 = AXIS2_PLACEMENT_3D ( 'NONE', #375, #1191, #1577 ) ;
#279 = EDGE_CURVE ( 'NONE', #95, #1198, #181, .T. ) ;
#280 = VERTEX_POINT ( 'NONE', #559 ) ;
#281 = EDGE_CURVE ( 'NONE', #1579, #784, #822, .T. ) ;
#282 = EDGE_LOOP ( 'NONE', ( #1351, #1122, #756, #1183 ) ) ;
#283 = EDGE_LOOP ( 'NONE', ( #1461, #1619 ) ) ;
#284 = DIRECTION ( 'NONE',  ( -1.000000000000000000, 0.000000000000000000, 0.000000000000000000 ) ) ;
#285 = DIRECTION ( 'NONE',  ( 0.000000000000000000, -0.000000000000000000, -1.000000000000000000 ) ) ;
#286 =( NAMED_UNIT ( * ) PLANE_ANGLE_UNIT ( ) SI_UNIT ( $, .RADIAN. ) );
#287 = EDGE_CURVE ( 'NONE', #95, #1338, #26, .T. ) ;
#288 = ORIENTED_EDGE ( 'NONE', *, *, #1551, .F. ) ;
#289 = FACE_OUTER_BOUND ( 'NONE', #1601, .T. ) ;
#290 = LINE ( 'NONE', #1119, #127 ) ;
#291 = DIRECTION ( 'NONE',  ( -0.000000000000000000, -0.000000000000000000, 1.000000000000000000 ) ) ;
#292 = FACE_BOUND ( 'NONE', #1732, .T. ) ;
#293 = ORIENTED_EDGE ( 'NONE', *, *, #460, .T. ) ;
#294 = EDGE_LOOP ( 'NONE', ( #1022, #1571, #66, #177 ) ) ;
#295 = CARTESIAN_POINT ( 'NONE',  ( -15.99999999999996270, -11.00000000000000000, 0.000000000000000000 ) ) ;
#296 = VECTOR ( 'NONE', #737, 1000.000000000000000 ) ;
#297 = VECTOR ( 'NONE', #443, 1000.000000000000000 ) ;
#298 = ADVANCED_FACE ( 'NONE', ( #1489 ), #1477, .T. ) ;
#299 = CARTESIAN_POINT ( 'NONE',  ( -15.99999999999996270, -12.00000000000000000, 2.000000000000000000 ) ) ;
#300 = AXIS2_PLACEMENT_3D ( 'NONE', #174, #1277, #56 ) ;
#301 = CIRCLE ( 'NONE', #718, 1.000000000000000888 ) ;
#302 = DIRECTION ( 'NONE',  ( 1.000000000000000000, 0.000000000000000000, 0.000000000000000000 ) ) ;
#303 = CIRCLE ( 'NONE', #1279, 1.099999999999996758 ) ;
#304 = FACE_OUTER_BOUND ( 'NONE', #527, .T. ) ;
#305 = ORIENTED_EDGE ( 'NONE', *, *, #227, .F. ) ;
#306 = ORIENTED_EDGE ( 'NONE', *, *, #842, .T. ) ;
#307 = DIRECTION ( 'NONE',  ( 1.000000000000000000, 9.130123557772669567E-17, -0.000000000000000000 ) ) ;
#308 = DIRECTION ( 'NONE',  ( 0.000000000000000000, -1.000000000000000000, 0.000000000000000000 ) ) ;
#309 = EDGE_CURVE ( 'NONE', #825, #71, #1348, .T. ) ;
#310 = DIRECTION ( 'NONE',  ( -0.000000000000000000, 1.000000000000000000, -0.000000000000000000 ) ) ;
#311 = ORIENTED_EDGE ( 'NONE', *, *, #1515, .F. ) ;
#312 = DIRECTION ( 'NONE',  ( -0.000000000000000000, -0.000000000000000000, 1.000000000000000000 ) ) ;
#313 = CARTESIAN_POINT ( 'NONE',  ( 15.90000000000000391, 16.99999999999999645, 2.000000000000000000 ) ) ;
#314 = DIRECTION ( 'NONE',  ( 1.000000000000000000, 1.047444401652940007E-14, 0.000000000000000000 ) ) ;
#315 = EDGE_CURVE ( 'NONE', #475, #570, #698, .T. ) ;
#316 = ORIENTED_EDGE ( 'NONE', *, *, #777, .F. ) ;
#317 = CARTESIAN_POINT ( 'NONE',  ( -12.00000000000000000, 12.99999999999995559, 0.000000000000000000 ) ) ;
#318 = CARTESIAN_POINT ( 'NONE',  ( 0.000000000000000000, 0.000000000000000000, 0.000000000000000000 ) ) ;
#319 = DIRECTION ( 'NONE',  ( 0.000000000000000000, -0.000000000000000000, -1.000000000000000000 ) ) ;
#320 = CIRCLE ( 'NONE', #685, 1.099999999999996758 ) ;
#321 = CARTESIAN_POINT ( 'NONE',  ( 12.00000000000000000, -16.00000000000000000, 0.000000000000000000 ) ) ;
#322 = ORIENTED_EDGE ( 'NONE', *, *, #74, .T. ) ;
#323 = CIRCLE ( 'NONE', #1273, 1.099999999999996758 ) ;
#324 = AXIS2_PLACEMENT_3D ( 'NONE', #913, #248, #385 ) ;
#325 = EDGE_CURVE ( 'NONE', #497, #1301, #1131, .T. ) ;
#326 = AXIS2_PLACEMENT_3D ( 'NONE', #1399, #1667, #184 ) ;
#327 = CARTESIAN_POINT ( 'NONE',  ( 12.00000000000000000, 16.00000000000000000, 2.000000000000000000 ) ) ;
#328 = DIRECTION ( 'NONE',  ( -0.000000000000000000, -0.000000000000000000, -1.000000000000000000 ) ) ;
#329 = CARTESIAN_POINT ( 'NONE',  ( 11.00000000000000000, -17.00000000000000000, 2.000000000000000000 ) ) ;
#330 = DIRECTION ( 'NONE',  ( -0.000000000000000000, 0.000000000000000000, 1.000000000000000000 ) ) ;
#331 = ORIENTED_EDGE ( 'NONE', *, *, #1413, .T. ) ;
#332 = CARTESIAN_POINT ( 'NONE',  ( -17.99999999999999645, -19.00000000000000000, 2.000000000000000000 ) ) ;
#333 = EDGE_CURVE ( 'NONE', #506, #143, #1519, .T. ) ;
#334 = CARTESIAN_POINT ( 'NONE',  ( -14.00000000000000178, -13.99999999999999645, 2.000000000000000000 ) ) ;
#335 = ORIENTED_EDGE ( 'NONE', *, *, #1544, .F. ) ;
#336 = EDGE_CURVE ( 'NONE', #43, #264, #191, .T. ) ;
#337 = CYLINDRICAL_SURFACE ( 'NONE', #354, 1.099999999999996758 ) ;
#338 = ORIENTED_EDGE ( 'NONE', *, *, #1235, .T. ) ;
#339 = LINE ( 'NONE', #595, #1595 ) ;
#340 = ORIENTED_EDGE ( 'NONE', *, *, #451, .F. ) ;
#341 = DIRECTION ( 'NONE',  ( 1.000000000000000000, 0.000000000000000000, 0.000000000000000000 ) ) ;
#342 = EDGE_CURVE ( 'NONE', #784, #657, #731, .T. ) ;
#343 = ORIENTED_EDGE ( 'NONE', *, *, #517, .F. ) ;
#344 = CARTESIAN_POINT ( 'NONE',  ( -15.99999999999996270, -12.00000000000000000, 0.000000000000000000 ) ) ;
#345 = CARTESIAN_POINT ( 'NONE',  ( -19.00000000000000000, 19.00000000000000000, 0.000000000000000000 ) ) ;
#346 = ADVANCED_FACE ( 'NONE', ( #259 ), #1560, .F. ) ;
#347 = DIRECTION ( 'NONE',  ( 1.000000000000000000, 0.000000000000000000, 0.000000000000000000 ) ) ;
#348 = ORIENTED_EDGE ( 'NONE', *, *, #747, .F. ) ;
#349 = CARTESIAN_POINT ( 'NONE',  ( -18.00000000000000000, 18.00000000000000000, 2.000000000000000000 ) ) ;
#350 = VECTOR ( 'NONE', #1096, 1000.000000000000000 ) ;
#351 = AXIS2_PLACEMENT_3D ( 'NONE', #1464, #263, #401 ) ;
#352 = VECTOR ( 'NONE', #1187, 1000.000000000000000 ) ;
#353 = DIRECTION ( 'NONE',  ( -1.000000000000000000, 0.000000000000000000, 0.000000000000000000 ) ) ;
#354 = AXIS2_PLACEMENT_3D ( 'NONE', #1658, #1547, #1377 ) ;
#355 = DIRECTION ( 'NONE',  ( 0.000000000000000000, 0.000000000000000000, -1.000000000000000000 ) ) ;
#356 = VERTEX_POINT ( 'NONE', #834 ) ;
#357 = ORIENTED_EDGE ( 'NONE', *, *, #924, .T. ) ;
#358 = CARTESIAN_POINT ( 'NONE',  ( -12.90000000000000568, -13.99999999999999645, 2.000000000000000000 ) ) ;
#359 = LINE ( 'NONE', #897, #1482 ) ;
#360 = EDGE_LOOP ( 'NONE', ( #1249, #293 ) ) ;
#361 = EDGE_CURVE ( 'NONE', #1415, #143, #1029, .T. ) ;
#362 = CARTESIAN_POINT ( 'NONE',  ( -13.00000000000000178, 12.99999999999995559, 0.000000000000000000 ) ) ;
#363 = ORIENTED_EDGE ( 'NONE', *, *, #325, .F. ) ;
#364 = ORIENTED_EDGE ( 'NONE', *, *, #1620, .F. ) ;
#365 = DIRECTION ( 'NONE',  ( 1.000000000000000000, 0.000000000000000000, 0.000000000000000000 ) ) ;
#366 = FACE_OUTER_BOUND ( 'NONE', #836, .T. ) ;
#367 = ORIENTED_EDGE ( 'NONE', *, *, #342, .T. ) ;
#368 = EDGE_CURVE ( 'NONE', #657, #43, #10, .T. ) ;
#369 = ORIENTED_EDGE ( 'NONE', *, *, #1578, .T. ) ;
#370 = EDGE_LOOP ( 'NONE', ( #343, #1284, #348, #119 ) ) ;
#371 = CARTESIAN_POINT ( 'NONE',  ( 18.09999999999999787, 16.99999999999999645, -1.734723475976807094E-15 ) ) ;
#372 = CARTESIAN_POINT ( 'NONE',  ( 12.00000000000000000, -17.00000000000000000, -8.000000000000000000 ) ) ;
#373 = CYLINDRICAL_SURFACE ( 'NONE', #434, 1.099999999999996758 ) ;
#374 = ORIENTED_EDGE ( 'NONE', *, *, #693, .F. ) ;
#375 = CARTESIAN_POINT ( 'NONE',  ( -16.99999999999999645, -17.00000000000000711, -1.734723475976807094E-15 ) ) ;
#376 = MECHANICAL_DESIGN_GEOMETRIC_PRESENTATION_REPRESENTATION (  '', ( #1531 ), #152 ) ;
#377 = AXIS2_PLACEMENT_3D ( 'NONE', #539, #674, #1244 ) ;
#378 = VECTOR ( 'NONE', #548, 1000.000000000000000 ) ;
#379 = ADVANCED_FACE ( 'NONE', ( #304 ), #1373, .F. ) ;
#380 = ORIENTED_EDGE ( 'NONE', *, *, #615, .T. ) ;
#381 = AXIS2_PLACEMENT_3D ( 'NONE', #955, #1514, #986 ) ;
#382 = ORIENTED_EDGE ( 'NONE', *, *, #59, .T. ) ;
#383 = CARTESIAN_POINT ( 'NONE',  ( 13.00000000000000178, 13.00000000000013678, 0.000000000000000000 ) ) ;
#384 = AXIS2_PLACEMENT_3D ( 'NONE', #209, #738, #597 ) ;
#385 = DIRECTION ( 'NONE',  ( 1.000000000000000000, 0.000000000000000000, 0.000000000000000000 ) ) ;
#386 = CYLINDRICAL_SURFACE ( 'NONE', #1420, 1.000000000000000888 ) ;
#387 = EDGE_LOOP ( 'NONE', ( #974, #469 ) ) ;
#388 = DIRECTION ( 'NONE',  ( 1.000000000000000000, 0.000000000000000000, 0.000000000000000000 ) ) ;
#389 = APPLICATION_CONTEXT ( 'automotive_design' ) ;
#390 = ORIENTED_EDGE ( 'NONE', *, *, #1413, .F. ) ;
#391 = EDGE_CURVE ( 'NONE', #190, #497, #1226, .T. ) ;
#392 = ORIENTED_EDGE ( 'NONE', *, *, #660, .T. ) ;
#393 = CARTESIAN_POINT ( 'NONE',  ( -15.90000000000000036, -17.00000000000000711, 2.000000000000000000 ) ) ;
#394 = CARTESIAN_POINT ( 'NONE',  ( 12.00000000000000000, -12.00000000000000000, 2.000000000000000000 ) ) ;
#395 = EDGE_CURVE ( 'NONE', #1594, #90, #946, .T. ) ;
#396 = FACE_OUTER_BOUND ( 'NONE', #453, .T. ) ;
#397 = CARTESIAN_POINT ( 'NONE',  ( 17.00000000000011724, -10.99999999999998757, 0.000000000000000000 ) ) ;
#398 = ORIENTED_EDGE ( 'NONE', *, *, #934, .F. ) ;
#399 = CARTESIAN_POINT ( 'NONE',  ( -12.00000000000000000, 19.00000000000000000, 2.000000000000000000 ) ) ;
#400 = CARTESIAN_POINT ( 'NONE',  ( -15.90000000000000391, 16.99999999999999645, 2.000000000000000000 ) ) ;
#401 = DIRECTION ( 'NONE',  ( 1.000000000000000000, 0.000000000000000000, 0.000000000000000000 ) ) ;
#402 = CYLINDRICAL_SURFACE ( 'NONE', #804, 1.099999999999996758 ) ;
#403 = EDGE_CURVE ( 'NONE', #614, #532, #1248, .T. ) ;
#404 = ORIENTED_EDGE ( 'NONE', *, *, #864, .T. ) ;
#405 = CIRCLE ( 'NONE', #1669, 1.000000000000000888 ) ;
#406 = DIRECTION ( 'NONE',  ( -0.000000000000000000, -0.000000000000000000, 1.000000000000000000 ) ) ;
#407 = AXIS2_PLACEMENT_3D ( 'NONE', #1290, #684, #430 ) ;
#408 = ORIENTED_EDGE ( 'NONE', *, *, #1346, .F. ) ;
#409 = CARTESIAN_POINT ( 'NONE',  ( -16.99999999999996092, -12.00000000000005862, -8.000000000000000000 ) ) ;
#410 = AXIS2_PLACEMENT_3D ( 'NONE', #1305, #1706, #1050 ) ;
#411 = DIRECTION ( 'NONE',  ( -0.000000000000000000, 1.000000000000000000, -0.000000000000000000 ) ) ;
#412 = VECTOR ( 'NONE', #1462, 1000.000000000000000 ) ;
#413 = DIRECTION ( 'NONE',  ( -0.000000000000000000, -0.000000000000000000, 1.000000000000000000 ) ) ;
#414 = AXIS2_PLACEMENT_3D ( 'NONE', #334, #610, #1403 ) ;
#415 = CARTESIAN_POINT ( 'NONE',  ( 11.00000000000000000, -17.00000000000000000, 0.000000000000000000 ) ) ;
#416 = CIRCLE ( 'NONE', #1230, 1.000000000000000888 ) ;
#417 = EDGE_CURVE ( 'NONE', #1570, #648, #1278, .T. ) ;
#418 = FACE_BOUND ( 'NONE', #1661, .T. ) ;
#419 = ORIENTED_EDGE ( 'NONE', *, *, #1261, .F. ) ;
#420 = CARTESIAN_POINT ( 'NONE',  ( -16.99999999999996447, -11.00000000000000355, -8.000000000000000000 ) ) ;
#421 = LINE ( 'NONE', #394, #412 ) ;
#422 = CARTESIAN_POINT ( 'NONE',  ( 17.99999999999999645, -19.00000000000000000, 2.000000000000000000 ) ) ;
#423 = CARTESIAN_POINT ( 'NONE',  ( -15.99999999999996270, -11.00000000000000000, 2.000000000000000000 ) ) ;
#424 = EDGE_CURVE ( 'NONE', #1027, #630, #359, .T. ) ;
#425 = ORIENTED_EDGE ( 'NONE', *, *, #1485, .F. ) ;
#426 = ORIENTED_EDGE ( 'NONE', *, *, #114, .F. ) ;
#427 = DIRECTION ( 'NONE',  ( 0.000000000000000000, -0.000000000000000000, -1.000000000000000000 ) ) ;
#428 = CARTESIAN_POINT ( 'NONE',  ( -19.00000000000000000, 19.00000000000000000, 2.000000000000000000 ) ) ;
#429 = CARTESIAN_POINT ( 'NONE',  ( 12.00000000000000000, 19.00000000000000000, 2.000000000000000000 ) ) ;
#430 = DIRECTION ( 'NONE',  ( 1.000000000000000000, 0.000000000000000000, 0.000000000000000000 ) ) ;
#431 = EDGE_LOOP ( 'NONE', ( #357, #1502, #408, #931 ) ) ;
#432 = FACE_OUTER_BOUND ( 'NONE', #1315, .T. ) ;
#433 = AXIS2_PLACEMENT_3D ( 'NONE', #1418, #1297, #1408 ) ;
#434 = AXIS2_PLACEMENT_3D ( 'NONE', #1714, #656, #1321 ) ;
#435 = CARTESIAN_POINT ( 'NONE',  ( -17.00000000000003908, 10.99999999999993960, 2.000000000000000000 ) ) ;
#436 =( NAMED_UNIT ( * ) SI_UNIT ( $, .STERADIAN. ) SOLID_ANGLE_UNIT ( ) );
#437 = VECTOR ( 'NONE', #312, 1000.000000000000000 ) ;
#438 = AXIS2_PLACEMENT_3D ( 'NONE', #840, #41, #203 ) ;
#439 = DIRECTION ( 'NONE',  ( -0.000000000000000000, 0.000000000000000000, 1.000000000000000000 ) ) ;
#440 = ORIENTED_EDGE ( 'NONE', *, *, #900, .F. ) ;
#441 = APPLICATION_CONTEXT ( 'automotive_design' ) ;
#442 = EDGE_CURVE ( 'NONE', #1260, #630, #763, .T. ) ;
#443 = DIRECTION ( 'NONE',  ( -0.000000000000000000, -0.000000000000000000, 1.000000000000000000 ) ) ;
#444 = DIRECTION ( 'NONE',  ( 1.000000000000000000, 0.000000000000000000, 0.000000000000000000 ) ) ;
#445 = EDGE_CURVE ( 'NONE', #90, #1594, #715, .T. ) ;
#446 = ORIENTED_EDGE ( 'NONE', *, *, #1485, .T. ) ;
#447 = LINE ( 'NONE', #1272, #1395 ) ;
#448 = CARTESIAN_POINT ( 'NONE',  ( 17.00000000000000000, 1.780655482809998137E-13, 0.000000000000000000 ) ) ;
#449 = DIRECTION ( 'NONE',  ( -0.000000000000000000, -0.000000000000000000, 1.000000000000000000 ) ) ;
#450 = ORIENTED_EDGE ( 'NONE', *, *, #1504, .T. ) ;
#451 = EDGE_CURVE ( 'NONE', #71, #37, #42, .T. ) ;
#452 = CARTESIAN_POINT ( 'NONE',  ( -12.00000000000000000, -12.00000000000000000, -8.000000000000000000 ) ) ;
#453 = EDGE_LOOP ( 'NONE', ( #1472, #338, #730, #1130 ) ) ;
#454 = DIRECTION ( 'NONE',  ( -0.000000000000000000, -0.000000000000000000, 1.000000000000000000 ) ) ;
#455 = CIRCLE ( 'NONE', #433, 1.000000000000000888 ) ;
#456 = CARTESIAN_POINT ( 'NONE',  ( 15.09999999999999964, 14.00000000000000178, -1.734723475976807094E-15 ) ) ;
#457 = EDGE_LOOP ( 'NONE', ( #364, #951, #1436, #1675 ) ) ;
#458 = AXIS2_PLACEMENT_3D ( 'NONE', #1231, #168, #560 ) ;
#459 = AXIS2_PLACEMENT_3D ( 'NONE', #1742, #109, #529 ) ;
#460 = EDGE_CURVE ( 'NONE', #598, #624, #918, .T. ) ;
#461 = EDGE_CURVE ( 'NONE', #1410, #37, #1659, .T. ) ;
#462 = AXIS2_PLACEMENT_3D ( 'NONE', #1746, #1753, #1333 ) ;
#463 = CARTESIAN_POINT ( 'NONE',  ( -13.00000000000000178, -12.00000000000000000, 2.000000000000000000 ) ) ;
#464 = LINE ( 'NONE', #1550, #605 ) ;
#465 = ORIENTED_EDGE ( 'NONE', *, *, #1202, .F. ) ;
#466 = FACE_OUTER_BOUND ( 'NONE', #1445, .T. ) ;
#467 = CARTESIAN_POINT ( 'NONE',  ( -12.00000000000000000, -16.00000000000000000, 0.000000000000000000 ) ) ;
#468 = ORIENTED_EDGE ( 'NONE', *, *, #1235, .F. ) ;
#469 = ORIENTED_EDGE ( 'NONE', *, *, #1043, .F. ) ;
#470 = DIRECTION ( 'NONE',  ( -0.000000000000000000, -0.000000000000000000, 1.000000000000000000 ) ) ;
#471 = FACE_OUTER_BOUND ( 'NONE', #1178, .T. ) ;
#472 = EDGE_CURVE ( 'NONE', #1745, #916, #1012, .T. ) ;
#473 = ORIENTED_EDGE ( 'NONE', *, *, #942, .T. ) ;
#474 = DIRECTION ( 'NONE',  ( 3.491481338843133355E-15, -1.000000000000000000, 0.000000000000000000 ) ) ;
#475 = VERTEX_POINT ( 'NONE', #214 ) ;
#476 = CARTESIAN_POINT ( 'NONE',  ( -12.00000000000000000, -16.00000000000000000, 0.000000000000000000 ) ) ;
#477 = CYLINDRICAL_SURFACE ( 'NONE', #414, 1.099999999999996758 ) ;
#478 = VERTEX_POINT ( 'NONE', #321 ) ;
#479 = EDGE_CURVE ( 'NONE', #166, #1082, #196, .T. ) ;
#480 = EDGE_LOOP ( 'NONE', ( #51, #1476, #1495, #1660 ) ) ;
#481 = CARTESIAN_POINT ( 'NONE',  ( -18.99999999999999645, -12.00000000000000000, 2.000000000000000000 ) ) ;
#482 = DIRECTION ( 'NONE',  ( -0.000000000000000000, -0.000000000000000000, 1.000000000000000000 ) ) ;
#483 = VERTEX_POINT ( 'NONE', #593 ) ;
#484 = VECTOR ( 'NONE', #705, 1000.000000000000000 ) ;
#485 = VECTOR ( 'NONE', #482, 1000.000000000000000 ) ;
#486 = CIRCLE ( 'NONE', #459, 1.099999999999996758 ) ;
#487 = ORIENTED_EDGE ( 'NONE', *, *, #16, .F. ) ;
#488 = VECTOR ( 'NONE', #1717, 1000.000000000000000 ) ;
#489 = ORIENTED_EDGE ( 'NONE', *, *, #1160, .T. ) ;
#490 = LINE ( 'NONE', #358, #802 ) ;
#491 = DIRECTION ( 'NONE',  ( -0.000000000000000000, -0.000000000000000000, 1.000000000000000000 ) ) ;
#492 = ORIENTED_EDGE ( 'NONE', *, *, #7, .F. ) ;
#493 = CARTESIAN_POINT ( 'NONE',  ( 11.00000000000000000, -16.00000000000000000, 0.000000000000000000 ) ) ;
#494 = EDGE_CURVE ( 'NONE', #1082, #949, #1133, .T. ) ;
#495 = DIRECTION ( 'NONE',  ( -0.000000000000000000, -0.000000000000000000, 1.000000000000000000 ) ) ;
#496 = ORIENTED_EDGE ( 'NONE', *, *, #442, .T. ) ;
#497 = VERTEX_POINT ( 'NONE', #1155 ) ;
#498 = CARTESIAN_POINT ( 'NONE',  ( 11.00000000000000000, -17.00000000000000000, 0.000000000000000000 ) ) ;
#499 = PRODUCT ( 'RB9.01.062.090 Camera spacer', 'RB9.01.062.090 Camera spacer', '', ( #1651 ) ) ;
#500 = FACE_OUTER_BOUND ( 'NONE', #457, .T. ) ;
#501 = EDGE_LOOP ( 'NONE', ( #1309, #380, #104, #261 ) ) ;
#502 = CARTESIAN_POINT ( 'NONE',  ( -17.99999999999999645, -18.00000000000000000, 2.000000000000000000 ) ) ;
#503 = EDGE_CURVE ( 'NONE', #483, #1648, #6, .T. ) ;
#504 = CARTESIAN_POINT ( 'NONE',  ( -12.00000000000004263, 11.99999999999995914, 2.000000000000000000 ) ) ;
#505 = ORIENTED_EDGE ( 'NONE', *, *, #703, .T. ) ;
#506 = VERTEX_POINT ( 'NONE', #456 ) ;
#507 = CARTESIAN_POINT ( 'NONE',  ( 17.00000000000000355, -17.00000000000000355, 2.000000000000000000 ) ) ;
#508 = CARTESIAN_POINT ( 'NONE',  ( -19.00000000000000000, 19.00000000000000000, 2.000000000000000000 ) ) ;
#509 = LINE ( 'NONE', #498, #1739 ) ;
#510 = CARTESIAN_POINT ( 'NONE',  ( -18.99999999999999645, -12.00000000000000000, 0.000000000000000000 ) ) ;
#511 = VERTEX_POINT ( 'NONE', #1539 ) ;
#512 = CARTESIAN_POINT ( 'NONE',  ( -14.00000000000000533, 14.00000000000000178, -1.734723475976807094E-15 ) ) ;
#513 = AXIS2_PLACEMENT_3D ( 'NONE', #546, #427, #13 ) ;
#514 = ADVANCED_FACE ( 'NONE', ( #906 ), #386, .T. ) ;
#515 = CIRCLE ( 'NONE', #1390, 1.000000000000000888 ) ;
#516 = VECTOR ( 'NONE', #474, 1000.000000000000000 ) ;
#517 = EDGE_CURVE ( 'NONE', #1082, #803, #1174, .T. ) ;
#518 = ORIENTED_EDGE ( 'NONE', *, *, #1448, .F. ) ;
#519 = VECTOR ( 'NONE', #877, 1000.000000000000000 ) ;
#520 = ORIENTED_EDGE ( 'NONE', *, *, #1460, .F. ) ;
#521 = CARTESIAN_POINT ( 'NONE',  ( -12.00000000000000000, -13.00000000000000178, 2.000000000000000000 ) ) ;
#522 = LINE ( 'NONE', #1743, #574 ) ;
#523 = DIRECTION ( 'NONE',  ( -1.000000000000000000, 0.000000000000000000, 0.000000000000000000 ) ) ;
#524 = VERTEX_POINT ( 'NONE', #531 ) ;
#525 = LINE ( 'NONE', #963, #223 ) ;
#526 = EDGE_CURVE ( 'NONE', #264, #1410, #515, .T. ) ;
#527 = EDGE_LOOP ( 'NONE', ( #898, #697, #1422, #753 ) ) ;
#528 = EDGE_LOOP ( 'NONE', ( #1166, #1229 ) ) ;
#529 = DIRECTION ( 'NONE',  ( 1.000000000000000000, 0.000000000000000000, 0.000000000000000000 ) ) ;
#530 = EDGE_CURVE ( 'NONE', #532, #740, #1444, .T. ) ;
#531 = CARTESIAN_POINT ( 'NONE',  ( -18.99999999999999645, -18.00000000000000000, 2.000000000000000000 ) ) ;
#532 = VERTEX_POINT ( 'NONE', #1182 ) ;
#533 = CYLINDRICAL_SURFACE ( 'NONE', #133, 1.000000000000000888 ) ;
#534 = ORIENTED_EDGE ( 'NONE', *, *, #325, .T. ) ;
#535 = ORIENTED_EDGE ( 'NONE', *, *, #627, .T. ) ;
#536 = CARTESIAN_POINT ( 'NONE',  ( -16.99999999999996447, -11.00000000000000355, 2.000000000000000000 ) ) ;
#537 = CARTESIAN_POINT ( 'NONE',  ( 12.00000000000000000, 13.00000000000013678, 2.000000000000000000 ) ) ;
#538 = EDGE_CURVE ( 'NONE', #728, #136, #771, .T. ) ;
#539 = CARTESIAN_POINT ( 'NONE',  ( 11.00000000000000000, -16.00000000000000000, 2.000000000000000000 ) ) ;
#540 = CARTESIAN_POINT ( 'NONE',  ( 14.00000000000000178, -13.99999999999999822, 2.000000000000000000 ) ) ;
#541 = ORIENTED_EDGE ( 'NONE', *, *, #831, .F. ) ;
#542 = DIRECTION ( 'NONE',  ( -0.000000000000000000, 0.000000000000000000, 1.000000000000000000 ) ) ;
#543 = CIRCLE ( 'NONE', #1480, 1.099999999999996758 ) ;
#544 = ORIENTED_EDGE ( 'NONE', *, *, #517, .T. ) ;
#545 = ORIENTED_EDGE ( 'NONE', *, *, #1054, .F. ) ;
#546 = CARTESIAN_POINT ( 'NONE',  ( -11.00000000000000000, 16.00000000000000000, 2.000000000000000000 ) ) ;
#547 = AXIS2_PLACEMENT_3D ( 'NONE', #874, #585, #1677 ) ;
#548 = DIRECTION ( 'NONE',  ( 0.000000000000000000, -0.000000000000000000, 1.000000000000000000 ) ) ;
#549 = AXIS2_PLACEMENT_3D ( 'NONE', #1080, #542, #1556 ) ;
#550 = FACE_OUTER_BOUND ( 'NONE', #1268, .T. ) ;
#551 = EDGE_CURVE ( 'NONE', #166, #280, #111, .T. ) ;
#552 = CARTESIAN_POINT ( 'NONE',  ( -18.99999999999999645, -19.00000000000000000, 2.000000000000000000 ) ) ;
#553 = PRESENTATION_LAYER_ASSIGNMENT (  '', '', ( #1537 ) ) ;
#554 = ORIENTED_EDGE ( 'NONE', *, *, #267, .F. ) ;
#555 = FACE_BOUND ( 'NONE', #735, .T. ) ;
#556 = ADVANCED_FACE ( 'NONE', ( #927 ), #102, .T. ) ;
#557 = CARTESIAN_POINT ( 'NONE',  ( 14.00000000000000178, 14.00000000000000178, 2.000000000000000000 ) ) ;
#558 = ORIENTED_EDGE ( 'NONE', *, *, #265, .T. ) ;
#559 = CARTESIAN_POINT ( 'NONE',  ( 16.00000000000011724, -12.00000000000000000, 0.000000000000000000 ) ) ;
#560 = DIRECTION ( 'NONE',  ( 1.000000000000000000, 0.000000000000000000, 0.000000000000000000 ) ) ;
#561 = FACE_OUTER_BOUND ( 'NONE', #25, .T. ) ;
#562 = CYLINDRICAL_SURFACE ( 'NONE', #1302, 1.099999999999996758 ) ;
#563 = ADVANCED_FACE ( 'NONE', ( #396 ), #1078, .F. ) ;
#564 = ORIENTED_EDGE ( 'NONE', *, *, #1504, .F. ) ;
#565 = ORIENTED_EDGE ( 'NONE', *, *, #279, .T. ) ;
#566 = FACE_OUTER_BOUND ( 'NONE', #1310, .T. ) ;
#567 = DIRECTION ( 'NONE',  ( -1.000000000000000000, 0.000000000000000000, 0.000000000000000000 ) ) ;
#568 = CARTESIAN_POINT ( 'NONE',  ( 15.09999999999999964, -13.99999999999999822, 2.000000000000000000 ) ) ;
#569 = ADVANCED_FACE ( 'NONE', ( #941 ), #373, .F. ) ;
#570 = VERTEX_POINT ( 'NONE', #130 ) ;
#571 = EDGE_CURVE ( 'NONE', #784, #264, #666, .T. ) ;
#572 = VECTOR ( 'NONE', #567, 1000.000000000000000 ) ;
#573 = CARTESIAN_POINT ( 'NONE',  ( 0.000000000000000000, 17.00000000000000000, 0.000000000000000000 ) ) ;
#574 = VECTOR ( 'NONE', #1341, 1000.000000000000000 ) ;
#575 = DIRECTION ( 'NONE',  ( 0.000000000000000000, 0.000000000000000000, -1.000000000000000000 ) ) ;
#576 = AXIS2_PLACEMENT_3D ( 'NONE', #1574, #896, #628 ) ;
#577 = LINE ( 'NONE', #990, #1427 ) ;
#578 =( GEOMETRIC_REPRESENTATION_CONTEXT ( 3 ) GLOBAL_UNCERTAINTY_ASSIGNED_CONTEXT ( ( #669 ) ) GLOBAL_UNIT_ASSIGNED_CONTEXT ( ( #277, #853, #436 ) ) REPRESENTATION_CONTEXT ( 'NONE', 'WORKASPACE' ) );
#579 = PRODUCT_DEFINITION ( 'UNKNOWN', '', #68, #790 ) ;
#580 = ORIENTED_EDGE ( 'NONE', *, *, #391, .T. ) ;
#581 = CARTESIAN_POINT ( 'NONE',  ( -12.00000000000000000, 12.99999999999995559, 2.000000000000000000 ) ) ;
#582 = EDGE_CURVE ( 'NONE', #892, #783, #218, .T. ) ;
#583 = CARTESIAN_POINT ( 'NONE',  ( -18.99999999999999645, -19.00000000000000000, 0.000000000000000000 ) ) ;
#584 = CARTESIAN_POINT ( 'NONE',  ( -12.90000000000000924, 14.00000000000000178, -1.734723475976807094E-15 ) ) ;
#585 = DIRECTION ( 'NONE',  ( -0.000000000000000000, -0.000000000000000000, 1.000000000000000000 ) ) ;
#586 = ORIENTED_EDGE ( 'NONE', *, *, #900, .T. ) ;
#587 = CARTESIAN_POINT ( 'NONE',  ( 11.99999999999987566, 12.00000000000012434, 2.000000000000000000 ) ) ;
#588 = VERTEX_POINT ( 'NONE', #1062 ) ;
#589 = DIRECTION ( 'NONE',  ( 0.000000000000000000, -1.000000000000000000, 0.000000000000000000 ) ) ;
#590 = DIRECTION ( 'NONE',  ( 1.000000000000000000, 0.000000000000000000, 0.000000000000000000 ) ) ;
#591 = ADVANCED_FACE ( 'NONE', ( #500 ), #1593, .F. ) ;
#592 = LINE ( 'NONE', #448, #1703 ) ;
#593 = CARTESIAN_POINT ( 'NONE',  ( -18.09999999999999787, 16.99999999999999645, -1.734723475976807094E-15 ) ) ;
#594 = EDGE_LOOP ( 'NONE', ( #426, #938 ) ) ;
#595 = CARTESIAN_POINT ( 'NONE',  ( -15.90000000000000391, 16.99999999999999645, 2.000000000000000000 ) ) ;
#596 = CARTESIAN_POINT ( 'NONE',  ( 17.00000000000011724, -10.99999999999998757, -8.000000000000000000 ) ) ;
#597 = DIRECTION ( 'NONE',  ( -1.000000000000000000, 0.000000000000000000, 0.000000000000000000 ) ) ;
#598 = VERTEX_POINT ( 'NONE', #1575 ) ;
#599 = AXIS2_PLACEMENT_3D ( 'NONE', #1110, #307, #1631 ) ;
#600 = APPLICATION_PROTOCOL_DEFINITION ( 'draft international standard', 'automotive_design', 1998, #389 ) ;
#601 = LINE ( 'NONE', #855, #437 ) ;
#602 = ORIENTED_EDGE ( 'NONE', *, *, #38, .F. ) ;
#603 = AXIS2_PLACEMENT_3D ( 'NONE', #67, #754, #590 ) ;
#604 = DIRECTION ( 'NONE',  ( -0.000000000000000000, 0.000000000000000000, 1.000000000000000000 ) ) ;
#605 = VECTOR ( 'NONE', #222, 1000.000000000000000 ) ;
#606 = ADVANCED_FACE ( 'NONE', ( #366 ), #1582, .T. ) ;
#607 = CIRCLE ( 'NONE', #1597, 1.000000000000000888 ) ;
#608 = AXIS2_PLACEMENT_3D ( 'NONE', #1167, #1052, #388 ) ;
#609 = CARTESIAN_POINT ( 'NONE',  ( 18.00000000000000000, -18.00000000000000000, 0.000000000000000000 ) ) ;
#610 = DIRECTION ( 'NONE',  ( -0.000000000000000000, -0.000000000000000000, 1.000000000000000000 ) ) ;
#611 = ORIENTED_EDGE ( 'NONE', *, *, #368, .F. ) ;
#612 = CARTESIAN_POINT ( 'NONE',  ( 14.00000000000000178, -13.99999999999999822, 2.000000000000000000 ) ) ;
#613 = DIRECTION ( 'NONE',  ( 1.000000000000000000, -0.000000000000000000, 0.000000000000000000 ) ) ;
#614 = VERTEX_POINT ( 'NONE', #1737 ) ;
#615 = EDGE_CURVE ( 'NONE', #1678, #53, #249, .T. ) ;
#616 = ORIENTED_EDGE ( 'NONE', *, *, #1269, .T. ) ;
#617 = CARTESIAN_POINT ( 'NONE',  ( -19.00000000000000000, 19.00000000000000000, 2.000000000000000000 ) ) ;
#618 = ORIENTED_EDGE ( 'NONE', *, *, #538, .F. ) ;
#619 = ORIENTED_EDGE ( 'NONE', *, *, #582, .T. ) ;
#620 = LINE ( 'NONE', #1312, #749 ) ;
#621 = ORIENTED_EDGE ( 'NONE', *, *, #1150, .F. ) ;
#622 = DIRECTION ( 'NONE',  ( 1.000000000000000000, 0.000000000000000000, 0.000000000000000000 ) ) ;
#623 = ORIENTED_EDGE ( 'NONE', *, *, #445, .F. ) ;
#624 = VERTEX_POINT ( 'NONE', #935 ) ;
#625 = ORIENTED_EDGE ( 'NONE', *, *, #1336, .T. ) ;
#626 = DIRECTION ( 'NONE',  ( -0.000000000000000000, 0.000000000000000000, 1.000000000000000000 ) ) ;
#627 = EDGE_CURVE ( 'NONE', #776, #1039, #323, .T. ) ;
#628 = DIRECTION ( 'NONE',  ( 1.000000000000000000, 0.000000000000000000, 0.000000000000000000 ) ) ;
#629 = DIRECTION ( 'NONE',  ( 0.000000000000000000, -0.000000000000000000, -1.000000000000000000 ) ) ;
#630 = VERTEX_POINT ( 'NONE', #27 ) ;
#631 = DIRECTION ( 'NONE',  ( -0.000000000000000000, 0.000000000000000000, -1.000000000000000000 ) ) ;
#632 = VECTOR ( 'NONE', #1314, 1000.000000000000000 ) ;
#633 = AXIS2_PLACEMENT_3D ( 'NONE', #689, #1059, #1723 ) ;
#634 = DIRECTION ( 'NONE',  ( -0.000000000000000000, -0.000000000000000000, -1.000000000000000000 ) ) ;
#635 = VECTOR ( 'NONE', #709, 1000.000000000000000 ) ;
#636 = ORIENTED_EDGE ( 'NONE', *, *, #403, .T. ) ;
#637 = CARTESIAN_POINT ( 'NONE',  ( 18.10000000000000142, -17.00000000000000355, 2.000000000000000000 ) ) ;
#638 = DIRECTION ( 'NONE',  ( 9.130123557772669567E-17, -1.000000000000000000, 0.000000000000000000 ) ) ;
#639 = EDGE_CURVE ( 'NONE', #803, #678, #290, .T. ) ;
#640 = CARTESIAN_POINT ( 'NONE',  ( 13.00000000000000178, -13.00000000000000178, -8.000000000000000000 ) ) ;
#641 = VERTEX_POINT ( 'NONE', #682 ) ;
#642 = DIRECTION ( 'NONE',  ( 1.000000000000000000, 0.000000000000000000, 0.000000000000000000 ) ) ;
#643 = ORIENTED_EDGE ( 'NONE', *, *, #114, .T. ) ;
#644 = EDGE_LOOP ( 'NONE', ( #1217, #722 ) ) ;
#645 = DIRECTION ( 'NONE',  ( 0.000000000000000000, 1.000000000000000000, -0.000000000000000000 ) ) ;
#646 = CARTESIAN_POINT ( 'NONE',  ( -13.00000000000000178, 12.99999999999995559, -8.000000000000000000 ) ) ;
#647 = DIRECTION ( 'NONE',  ( 0.000000000000000000, 0.000000000000000000, 1.000000000000000000 ) ) ;
#648 = VERTEX_POINT ( 'NONE', #422 ) ;
#649 = EDGE_CURVE ( 'NONE', #1216, #910, #1505, .T. ) ;
#650 = CARTESIAN_POINT ( 'NONE',  ( -15.09999999999999964, -13.99999999999999645, 2.000000000000000000 ) ) ;
#651 = ADVANCED_FACE ( 'NONE', ( #550 ), #980, .F. ) ;
#652 = SURFACE_SIDE_STYLE ('',( #1055 ) ) ;
#653 = ORIENTED_EDGE ( 'NONE', *, *, #1585, .F. ) ;
#654 = ORIENTED_EDGE ( 'NONE', *, *, #451, .T. ) ;
#655 = DIRECTION ( 'NONE',  ( 1.000000000000000000, 0.000000000000000000, 0.000000000000000000 ) ) ;
#656 = DIRECTION ( 'NONE',  ( -0.000000000000000000, -0.000000000000000000, 1.000000000000000000 ) ) ;
#657 = VERTEX_POINT ( 'NONE', #299 ) ;
#658 = DIRECTION ( 'NONE',  ( 0.000000000000000000, 0.000000000000000000, -1.000000000000000000 ) ) ;
#659 = VECTOR ( 'NONE', #449, 1000.000000000000000 ) ;
#660 = EDGE_CURVE ( 'NONE', #728, #190, #139, .T. ) ;
#661 = AXIS2_PLACEMENT_3D ( 'NONE', #1154, #867, #1405 ) ;
#662 = ORIENTED_EDGE ( 'NONE', *, *, #1269, .F. ) ;
#663 = CARTESIAN_POINT ( 'NONE',  ( 12.00000000000000000, 0.000000000000000000, 0.000000000000000000 ) ) ;
#664 = CYLINDRICAL_SURFACE ( 'NONE', #1564, 1.000000000000000888 ) ;
#665 = VECTOR ( 'NONE', #1105, 1000.000000000000000 ) ;
#666 = LINE ( 'NONE', #510, #973 ) ;
#667 = ORIENTED_EDGE ( 'NONE', *, *, #287, .T. ) ;
#668 = EDGE_CURVE ( 'NONE', #916, #1242, #1562, .T. ) ;
#669 = UNCERTAINTY_MEASURE_WITH_UNIT (LENGTH_MEASURE( 1.000000000000000082E-05 ), #277, 'distance_accuracy_value', 'NONE');
#670 = ORIENTED_EDGE ( 'NONE', *, *, #1336, .F. ) ;
#671 = ORIENTED_EDGE ( 'NONE', *, *, #551, .T. ) ;
#672 = DIRECTION ( 'NONE',  ( -0.000000000000000000, -0.000000000000000000, 1.000000000000000000 ) ) ;
#673 = CARTESIAN_POINT ( 'NONE',  ( -12.99999999999999822, 11.99999999999995559, 0.000000000000000000 ) ) ;
#674 = DIRECTION ( 'NONE',  ( 0.000000000000000000, -0.000000000000000000, -1.000000000000000000 ) ) ;
#675 = DIRECTION ( 'NONE',  ( 0.000000000000000000, -0.000000000000000000, 1.000000000000000000 ) ) ;
#676 = ORIENTED_EDGE ( 'NONE', *, *, #1019, .T. ) ;
#677 = FACE_BOUND ( 'NONE', #387, .T. ) ;
#678 = VERTEX_POINT ( 'NONE', #1350 ) ;
#679 = CARTESIAN_POINT ( 'NONE',  ( 12.00000000000000000, 19.00000000000000000, 2.000000000000000000 ) ) ;
#680 = DIRECTION ( 'NONE',  ( -9.130123557772669567E-17, 1.000000000000000000, 0.000000000000000000 ) ) ;
#681 = EDGE_CURVE ( 'NONE', #258, #886, #1001, .T. ) ;
#682 = CARTESIAN_POINT ( 'NONE',  ( 18.00000000000000000, 19.00000000000000000, 0.000000000000000000 ) ) ;
#683 = CARTESIAN_POINT ( 'NONE',  ( 13.00000000000000533, -12.00000000000000000, 0.000000000000000000 ) ) ;
#684 = DIRECTION ( 'NONE',  ( -0.000000000000000000, -0.000000000000000000, 1.000000000000000000 ) ) ;
#685 = AXIS2_PLACEMENT_3D ( 'NONE', #1718, #1475, #1337 ) ;
#686 = ORIENTED_EDGE ( 'NONE', *, *, #391, .F. ) ;
#687 = ORIENTED_EDGE ( 'NONE', *, *, #1135, .F. ) ;
#688 = VECTOR ( 'NONE', #1098, 1000.000000000000000 ) ;
#689 = CARTESIAN_POINT ( 'NONE',  ( 11.00000000000000000, -16.00000000000000000, -8.000000000000000000 ) ) ;
#690 = AXIS2_PLACEMENT_3D ( 'NONE', #1604, #1213, #2 ) ;
#691 = PLANE ( 'NONE',  #1592 ) ;
#692 = FACE_OUTER_BOUND ( 'NONE', #1162, .T. ) ;
#693 = EDGE_CURVE ( 'NONE', #230, #728, #799, .T. ) ;
#694 = CARTESIAN_POINT ( 'NONE',  ( -19.00000000000000000, 18.00000000000000000, 2.000000000000000000 ) ) ;
#695 = COLOUR_RGB ( '',0.5019607843137254832, 0.5019607843137254832, 0.5019607843137254832 ) ;
#696 = DIRECTION ( 'NONE',  ( -0.000000000000000000, 0.000000000000000000, 1.000000000000000000 ) ) ;
#697 = ORIENTED_EDGE ( 'NONE', *, *, #889, .T. ) ;
#698 = LINE ( 'NONE', #751, #1061 ) ;
#699 = DIRECTION ( 'NONE',  ( 0.000000000000000000, -0.000000000000000000, -1.000000000000000000 ) ) ;
#700 = DIRECTION ( 'NONE',  ( 0.000000000000000000, 0.000000000000000000, -1.000000000000000000 ) ) ;
#701 = EDGE_CURVE ( 'NONE', #740, #356, #32, .T. ) ;
#702 = CARTESIAN_POINT ( 'NONE',  ( 14.00000000000000178, -13.99999999999999822, 2.000000000000000000 ) ) ;
#703 = EDGE_CURVE ( 'NONE', #1685, #806, #1031, .T. ) ;
#704 = ORIENTED_EDGE ( 'NONE', *, *, #1252, .F. ) ;
#705 = DIRECTION ( 'NONE',  ( -0.000000000000000000, -0.000000000000000000, -1.000000000000000000 ) ) ;
#706 = CARTESIAN_POINT ( 'NONE',  ( -12.90000000000000924, 14.00000000000000178, 2.000000000000000000 ) ) ;
#707 = LINE ( 'NONE', #717, #1644 ) ;
#708 = FACE_BOUND ( 'NONE', #594, .T. ) ;
#709 = DIRECTION ( 'NONE',  ( 0.000000000000000000, -0.000000000000000000, 1.000000000000000000 ) ) ;
#710 = EDGE_CURVE ( 'NONE', #768, #1292, #1520, .T. ) ;
#711 = AXIS2_PLACEMENT_3D ( 'NONE', #609, #1282, #1151 ) ;
#712 = ORIENTED_EDGE ( 'NONE', *, *, #1740, .T. ) ;
#713 = CYLINDRICAL_SURFACE ( 'NONE', #1486, 1.099999999999996758 ) ;
#714 = PRESENTATION_LAYER_ASSIGNMENT (  '', '', ( #1531 ) ) ;
#715 = CIRCLE ( 'NONE', #547, 1.099999999999996758 ) ;
#716 = CARTESIAN_POINT ( 'NONE',  ( 12.00000000000000000, -13.00000000000000178, 2.000000000000000000 ) ) ;
#717 = CARTESIAN_POINT ( 'NONE',  ( -15.10000000000000142, 14.00000000000000178, 2.000000000000000000 ) ) ;
#718 = AXIS2_PLACEMENT_3D ( 'NONE', #1643, #439, #858 ) ;
#719 = EDGE_LOOP ( 'NONE', ( #814, #1606, #1339, #712 ) ) ;
#720 = FACE_OUTER_BOUND ( 'NONE', #719, .T. ) ;
#721 = AXIS2_PLACEMENT_3D ( 'NONE', #349, #1584, #929 ) ;
#722 = ORIENTED_EDGE ( 'NONE', *, *, #1551, .T. ) ;
#723 = EDGE_CURVE ( 'NONE', #511, #768, #61, .T. ) ;
#724 = CARTESIAN_POINT ( 'NONE',  ( 12.00000000000000000, -12.00000000000000000, -8.000000000000000000 ) ) ;
#725 = FACE_BOUND ( 'NONE', #1317, .T. ) ;
#726 = FACE_OUTER_BOUND ( 'NONE', #1629, .T. ) ;
#727 = CARTESIAN_POINT ( 'NONE',  ( 13.00000000000000178, -12.00000000000000000, 2.000000000000000000 ) ) ;
#728 = VERTEX_POINT ( 'NONE', #147 ) ;
#729 = CYLINDRICAL_SURFACE ( 'NONE', #1253, 1.000000000000000888 ) ;
#730 = ORIENTED_EDGE ( 'NONE', *, *, #1043, .T. ) ;
#731 = LINE ( 'NONE', #1542, #798 ) ;
#732 = DIRECTION ( 'NONE',  ( 1.000000000000000000, 0.000000000000000000, 0.000000000000000000 ) ) ;
#733 = ORIENTED_EDGE ( 'NONE', *, *, #530, .F. ) ;
#734 = LINE ( 'NONE', #845, #1421 ) ;
#735 = EDGE_LOOP ( 'NONE', ( #1431, #1176 ) ) ;
#736 = CARTESIAN_POINT ( 'NONE',  ( -18.00000000000000000, 19.00000000000000000, 2.000000000000000000 ) ) ;
#737 = DIRECTION ( 'NONE',  ( 9.130123557772669567E-17, -1.000000000000000000, 0.000000000000000000 ) ) ;
#738 = DIRECTION ( 'NONE',  ( 0.000000000000000000, 0.000000000000000000, -1.000000000000000000 ) ) ;
#739 = ORIENTED_EDGE ( 'NONE', *, *, #424, .T. ) ;
#740 = VERTEX_POINT ( 'NONE', #435 ) ;
#741 = LINE ( 'NONE', #583, #185 ) ;
#742 = VECTOR ( 'NONE', #833, 1000.000000000000000 ) ;
#743 = LINE ( 'NONE', #29, #977 ) ;
#744 = VECTOR ( 'NONE', #1208, 1000.000000000000000 ) ;
#745 = DIRECTION ( 'NONE',  ( -0.000000000000000000, 0.000000000000000000, 1.000000000000000000 ) ) ;
#746 = VECTOR ( 'NONE', #213, 1000.000000000000000 ) ;
#747 = EDGE_CURVE ( 'NONE', #678, #166, #1142, .T. ) ;
#748 = DIRECTION ( 'NONE',  ( -0.000000000000000000, 0.000000000000000000, 1.000000000000000000 ) ) ;
#749 = VECTOR ( 'NONE', #1060, 1000.000000000000000 ) ;
#750 = DIRECTION ( 'NONE',  ( 1.000000000000000000, 0.000000000000000000, 0.000000000000000000 ) ) ;
#751 = CARTESIAN_POINT ( 'NONE',  ( 16.99999999999987566, 12.00000000000017941, 2.000000000000000000 ) ) ;
#752 = PLANE ( 'NONE',  #978 ) ;
#753 = ORIENTED_EDGE ( 'NONE', *, *, #333, .F. ) ;
#754 = DIRECTION ( 'NONE',  ( -0.000000000000000000, -0.000000000000000000, 1.000000000000000000 ) ) ;
#755 = FACE_OUTER_BOUND ( 'NONE', #778, .T. ) ;
#756 = ORIENTED_EDGE ( 'NONE', *, *, #848, .T. ) ;
#757 = ADVANCED_FACE ( 'NONE', ( #962 ), #691, .F. ) ;
#758 = EDGE_CURVE ( 'NONE', #1327, #910, #1393, .T. ) ;
#759 = ORIENTED_EDGE ( 'NONE', *, *, #767, .T. ) ;
#760 = ORIENTED_EDGE ( 'NONE', *, *, #265, .F. ) ;
#761 = ORIENTED_EDGE ( 'NONE', *, *, #703, .F. ) ;
#762 = CARTESIAN_POINT ( 'NONE',  ( 18.00000000000000000, 19.00000000000000000, 2.000000000000000000 ) ) ;
#763 = LINE ( 'NONE', #885, #155 ) ;
#764 = ORIENTED_EDGE ( 'NONE', *, *, #403, .F. ) ;
#765 = CARTESIAN_POINT ( 'NONE',  ( -12.99999999999999822, 11.99999999999995559, 2.000000000000000000 ) ) ;
#766 = CARTESIAN_POINT ( 'NONE',  ( -14.00000000000000533, 14.00000000000000178, 2.000000000000000000 ) ) ;
#767 = EDGE_CURVE ( 'NONE', #846, #12, #1672, .T. ) ;
#768 = VERTEX_POINT ( 'NONE', #1752 ) ;
#769 = VERTEX_POINT ( 'NONE', #1104 ) ;
#770 = CARTESIAN_POINT ( 'NONE',  ( -12.00000000000000000, 12.99999999999995559, 0.000000000000000000 ) ) ;
#771 = LINE ( 'NONE', #1197, #1454 ) ;
#772 = ORIENTED_EDGE ( 'NONE', *, *, #1007, .F. ) ;
#773 = DIRECTION ( 'NONE',  ( -0.000000000000000000, 0.000000000000000000, 1.000000000000000000 ) ) ;
#774 = AXIS2_PLACEMENT_3D ( 'NONE', #829, #1369, #970 ) ;
#775 = CIRCLE ( 'NONE', #576, 1.000000000000000888 ) ;
#776 = VERTEX_POINT ( 'NONE', #706 ) ;
#777 = EDGE_CURVE ( 'NONE', #497, #95, #1086, .T. ) ;
#778 = EDGE_LOOP ( 'NONE', ( #1456, #1153, #107, #1000 ) ) ;
#779 = CARTESIAN_POINT ( 'NONE',  ( 12.90000000000000568, -13.99999999999999822, 2.000000000000000000 ) ) ;
#780 = DIRECTION ( 'NONE',  ( 0.000000000000000000, 0.000000000000000000, -1.000000000000000000 ) ) ;
#781 = ADVANCED_FACE ( 'NONE', ( #156, #14, #1691, #194, #47, #179, #1553, #725, #1411, #40 ), #1546, .F. ) ;
#782 = DIRECTION ( 'NONE',  ( -0.000000000000000000, -0.000000000000000000, 1.000000000000000000 ) ) ;
#783 = VERTEX_POINT ( 'NONE', #872 ) ;
#784 = VERTEX_POINT ( 'NONE', #344 ) ;
#785 = ORIENTED_EDGE ( 'NONE', *, *, #1638, .T. ) ;
#786 = LINE ( 'NONE', #1354, #1361 ) ;
#787 = DIRECTION ( 'NONE',  ( 1.000000000000000000, 0.000000000000000000, 0.000000000000000000 ) ) ;
#788 = ORIENTED_EDGE ( 'NONE', *, *, #818, .F. ) ;
#789 = EDGE_CURVE ( 'NONE', #1194, #1570, #741, .T. ) ;
#790 = PRODUCT_DEFINITION_CONTEXT ( 'detailed design', #389, 'design' ) ;
#791 = ORIENTED_EDGE ( 'NONE', *, *, #1066, .T. ) ;
#792 = EDGE_LOOP ( 'NONE', ( #1572, #1383, #816, #1540 ) ) ;
#793 = DIRECTION ( 'NONE',  ( -1.000000000000000000, -1.047444401652940007E-14, 0.000000000000000000 ) ) ;
#794 = DIRECTION ( 'NONE',  ( -0.000000000000000000, -0.000000000000000000, 1.000000000000000000 ) ) ;
#795 = VERTEX_POINT ( 'NONE', #1028 ) ;
#796 = LINE ( 'NONE', #429, #859 ) ;
#797 = ADVANCED_FACE ( 'NONE', ( #1423 ), #1018, .F. ) ;
#798 = VECTOR ( 'NONE', #208, 1000.000000000000000 ) ;
#799 = CIRCLE ( 'NONE', #1139, 1.000000000000000888 ) ;
#800 = CIRCLE ( 'NONE', #245, 1.099999999999996758 ) ;
#801 = VERTEX_POINT ( 'NONE', #1285 ) ;
#802 = VECTOR ( 'NONE', #79, 1000.000000000000000 ) ;
#803 = VERTEX_POINT ( 'NONE', #716 ) ;
#804 = AXIS2_PLACEMENT_3D ( 'NONE', #540, #291, #821 ) ;
#805 = CARTESIAN_POINT ( 'NONE',  ( -18.09999999999999432, -17.00000000000000711, 2.000000000000000000 ) ) ;
#806 = VERTEX_POINT ( 'NONE', #329 ) ;
#807 = CARTESIAN_POINT ( 'NONE',  ( 17.00000000000000355, -17.00000000000000355, 2.000000000000000000 ) ) ;
#808 = ADVANCED_FACE ( 'NONE', ( #866 ), #1682, .F. ) ;
#809 = VERTEX_POINT ( 'NONE', #1058 ) ;
#810 = DIRECTION ( 'NONE',  ( 0.000000000000000000, 0.000000000000000000, 1.000000000000000000 ) ) ;
#811 = CYLINDRICAL_SURFACE ( 'NONE', #827, 1.099999999999996758 ) ;
#812 = CARTESIAN_POINT ( 'NONE',  ( -12.00000000000000000, 16.00000000000000000, 2.000000000000000000 ) ) ;
#813 = DIRECTION ( 'NONE',  ( 0.000000000000000000, 0.000000000000000000, 1.000000000000000000 ) ) ;
#814 = ORIENTED_EDGE ( 'NONE', *, *, #1170, .F. ) ;
#815 = DIRECTION ( 'NONE',  ( 0.000000000000000000, -0.000000000000000000, -1.000000000000000000 ) ) ;
#816 = ORIENTED_EDGE ( 'NONE', *, *, #1088, .F. ) ;
#817 = CARTESIAN_POINT ( 'NONE',  ( 12.00000000000000000, 16.00000000000000000, 0.000000000000000000 ) ) ;
#818 = EDGE_CURVE ( 'NONE', #478, #678, #1712, .T. ) ;
#819 = DIRECTION ( 'NONE',  ( -0.000000000000000000, -0.000000000000000000, 1.000000000000000000 ) ) ;
#820 = CARTESIAN_POINT ( 'NONE',  ( 17.00000000000000355, -17.00000000000000355, -1.734723475976807094E-15 ) ) ;
#821 = DIRECTION ( 'NONE',  ( 1.000000000000000000, 0.000000000000000000, 0.000000000000000000 ) ) ;
#822 = CIRCLE ( 'NONE', #1506, 1.000000000000000888 ) ;
#823 = CARTESIAN_POINT ( 'NONE',  ( -11.00000000000000000, 16.00000000000000000, 0.000000000000000000 ) ) ;
#824 = AXIS2_PLACEMENT_3D ( 'NONE', #1081, #1382, #1628 ) ;
#825 = VERTEX_POINT ( 'NONE', #521 ) ;
#826 = DIRECTION ( 'NONE',  ( 1.000000000000000000, 0.000000000000000000, 0.000000000000000000 ) ) ;
#827 = AXIS2_PLACEMENT_3D ( 'NONE', #146, #933, #655 ) ;
#828 = EDGE_CURVE ( 'NONE', #865, #801, #96, .T. ) ;
#829 = CARTESIAN_POINT ( 'NONE',  ( 18.00000000000000000, 18.00000000000000000, 2.000000000000000000 ) ) ;
#830 = DIRECTION ( 'NONE',  ( 1.000000000000000000, 0.000000000000000000, 0.000000000000000000 ) ) ;
#831 = EDGE_CURVE ( 'NONE', #588, #230, #1172, .T. ) ;
#832 = CIRCLE ( 'NONE', #981, 1.099999999999996758 ) ;
#833 = DIRECTION ( 'NONE',  ( -0.000000000000000000, -0.000000000000000000, 1.000000000000000000 ) ) ;
#834 = CARTESIAN_POINT ( 'NONE',  ( -16.00000000000004263, 11.99999999999994493, 2.000000000000000000 ) ) ;
#835 = ORIENTED_EDGE ( 'NONE', *, *, #1054, .T. ) ;
#836 = EDGE_LOOP ( 'NONE', ( #1440, #1654, #687, #1332 ) ) ;
#837 = DIRECTION ( 'NONE',  ( 1.000000000000000000, 0.000000000000000000, 0.000000000000000000 ) ) ;
#838 = DIRECTION ( 'NONE',  ( 0.000000000000000000, -0.000000000000000000, -1.000000000000000000 ) ) ;
#839 = CARTESIAN_POINT ( 'NONE',  ( 0.000000000000000000, 0.000000000000000000, 0.000000000000000000 ) ) ;
#840 = CARTESIAN_POINT ( 'NONE',  ( 14.00000000000000178, 14.00000000000000178, -1.734723475976807094E-15 ) ) ;
#841 = DIRECTION ( 'NONE',  ( -0.000000000000000000, -0.000000000000000000, 1.000000000000000000 ) ) ;
#842 = EDGE_CURVE ( 'NONE', #150, #1327, #1602, .T. ) ;
#843 = CARTESIAN_POINT ( 'NONE',  ( 15.99999999999987566, 12.00000000000016698, 2.000000000000000000 ) ) ;
#844 = ORIENTED_EDGE ( 'NONE', *, *, #530, .T. ) ;
#845 = CARTESIAN_POINT ( 'NONE',  ( 18.09999999999999787, 16.99999999999999645, 2.000000000000000000 ) ) ;
#846 = VERTEX_POINT ( 'NONE', #932 ) ;
#847 = CARTESIAN_POINT ( 'NONE',  ( -18.00000000000000000, 18.00000000000000000, 2.000000000000000000 ) ) ;
#848 = EDGE_CURVE ( 'NONE', #879, #1501, #486, .T. ) ;
#849 = EDGE_LOOP ( 'NONE', ( #975, #165, #676, #851 ) ) ;
#850 = FACE_OUTER_BOUND ( 'NONE', #108, .T. ) ;
#851 = ORIENTED_EDGE ( 'NONE', *, *, #227, .T. ) ;
#852 = AXIS2_PLACEMENT_3D ( 'NONE', #640, #1189, #787 ) ;
#853 =( NAMED_UNIT ( * ) PLANE_ANGLE_UNIT ( ) SI_UNIT ( $, .RADIAN. ) );
#854 = CIRCLE ( 'NONE', #1736, 1.000000000000000888 ) ;
#855 = CARTESIAN_POINT ( 'NONE',  ( 15.09999999999999964, -13.99999999999999822, 2.000000000000000000 ) ) ;
#856 = AXIS2_PLACEMENT_3D ( 'NONE', #1680, #893, #341 ) ;
#857 = EDGE_LOOP ( 'NONE', ( #1666, #844, #1109, #558 ) ) ;
#858 = DIRECTION ( 'NONE',  ( 1.000000000000000000, 0.000000000000000000, 0.000000000000000000 ) ) ;
#859 = VECTOR ( 'NONE', #1232, 1000.000000000000000 ) ;
#860 = VERTEX_POINT ( 'NONE', #87 ) ;
#861 = CARTESIAN_POINT ( 'NONE',  ( 14.00000000000000178, 14.00000000000000178, -1.734723475976807094E-15 ) ) ;
#862 = DIRECTION ( 'NONE',  ( -0.000000000000000000, -0.000000000000000000, 1.000000000000000000 ) ) ;
#863 = CYLINDRICAL_SURFACE ( 'NONE', #384, 1.000000000000000888 ) ;
#864 = EDGE_CURVE ( 'NONE', #795, #1027, #919, .T. ) ;
#865 = VERTEX_POINT ( 'NONE', #371 ) ;
#866 = FACE_OUTER_BOUND ( 'NONE', #11, .T. ) ;
#867 = DIRECTION ( 'NONE',  ( -0.000000000000000000, -0.000000000000000000, 1.000000000000000000 ) ) ;
#868 = FACE_OUTER_BOUND ( 'NONE', #1193, .T. ) ;
#869 = PLANE ( 'NONE',  #1145 ) ;
#870 = ADVANCED_FACE ( 'NONE', ( #1451 ), #1040, .F. ) ;
#871 = VERTEX_POINT ( 'NONE', #637 ) ;
#872 = CARTESIAN_POINT ( 'NONE',  ( -18.09999999999999787, 16.99999999999999645, 2.000000000000000000 ) ) ;
#873 = DIRECTION ( 'NONE',  ( 1.000000000000000000, 0.000000000000000000, 0.000000000000000000 ) ) ;
#874 = CARTESIAN_POINT ( 'NONE',  ( 14.00000000000000178, -13.99999999999999822, -1.734723475976807094E-15 ) ) ;
#875 = CARTESIAN_POINT ( 'NONE',  ( -14.00000000000000533, 14.00000000000000178, -1.734723475976807094E-15 ) ) ;
#876 = CARTESIAN_POINT ( 'NONE',  ( -17.99999999999999645, -18.00000000000000000, 0.000000000000000000 ) ) ;
#877 = DIRECTION ( 'NONE',  ( -0.000000000000000000, -0.000000000000000000, -1.000000000000000000 ) ) ;
#878 = CIRCLE ( 'NONE', #711, 1.000000000000000888 ) ;
#879 = VERTEX_POINT ( 'NONE', #779 ) ;
#880 = VECTOR ( 'NONE', #1500, 1000.000000000000000 ) ;
#881 = ADVANCED_FACE ( 'NONE', ( #1311 ), #1722, .F. ) ;
#882 = ADVANCED_BREP_SHAPE_REPRESENTATION ( 'RB9.01.062.090 Camera spacer', ( #121, #1148 ), #1647 ) ;
#883 = FACE_OUTER_BOUND ( 'NONE', #294, .T. ) ;
#884 = VECTOR ( 'NONE', #1605, 1000.000000000000000 ) ;
#885 = CARTESIAN_POINT ( 'NONE',  ( -1.256933281983528008E-13, 12.00000000000000000, 0.000000000000000000 ) ) ;
#886 = VERTEX_POINT ( 'NONE', #1207 ) ;
#887 = AXIS2_PLACEMENT_3D ( 'NONE', #912, #626, #1442 ) ;
#888 = LINE ( 'NONE', #1184, #488 ) ;
#889 = EDGE_CURVE ( 'NONE', #1146, #1415, #153, .T. ) ;
#890 = AXIS2_PLACEMENT_3D ( 'NONE', #724, #192, #355 ) ;
#891 = AXIS2_PLACEMENT_3D ( 'NONE', #1727, #773, #642 ) ;
#892 = VERTEX_POINT ( 'NONE', #400 ) ;
#893 = DIRECTION ( 'NONE',  ( -0.000000000000000000, -0.000000000000000000, 1.000000000000000000 ) ) ;
#894 = ORIENTED_EDGE ( 'NONE', *, *, #1670, .T. ) ;
#895 = ORIENTED_EDGE ( 'NONE', *, *, #1587, .F. ) ;
#896 = DIRECTION ( 'NONE',  ( -0.000000000000000000, 0.000000000000000000, 1.000000000000000000 ) ) ;
#897 = CARTESIAN_POINT ( 'NONE',  ( 13.00000000000001066, 12.00000000000013500, 0.000000000000000000 ) ) ;
#898 = ORIENTED_EDGE ( 'NONE', *, *, #1160, .F. ) ;
#899 = DIRECTION ( 'NONE',  ( -0.000000000000000000, -0.000000000000000000, 1.000000000000000000 ) ) ;
#900 = EDGE_CURVE ( 'NONE', #1051, #776, #522, .T. ) ;
#901 = DIRECTION ( 'NONE',  ( -0.000000000000000000, -0.000000000000000000, 1.000000000000000000 ) ) ;
#902 = ORIENTED_EDGE ( 'NONE', *, *, #526, .T. ) ;
#903 = ORIENTED_EDGE ( 'NONE', *, *, #1578, .F. ) ;
#904 = DIRECTION ( 'NONE',  ( 1.000000000000000000, 0.000000000000000000, 0.000000000000000000 ) ) ;
#905 = CYLINDRICAL_SURFACE ( 'NONE', #1335, 1.000000000000000888 ) ;
#906 = FACE_OUTER_BOUND ( 'NONE', #199, .T. ) ;
#907 = ORIENTED_EDGE ( 'NONE', *, *, #723, .T. ) ;
#908 = CARTESIAN_POINT ( 'NONE',  ( 17.00000000000000355, -17.00000000000000355, -1.734723475976807094E-15 ) ) ;
#909 = ADVANCED_FACE ( 'NONE', ( #138 ), #961, .F. ) ;
#910 = VERTEX_POINT ( 'NONE', #1349 ) ;
#911 = ORIENTED_EDGE ( 'NONE', *, *, #649, .F. ) ;
#912 = CARTESIAN_POINT ( 'NONE',  ( 13.00000000000000178, 13.00000000000013678, 2.000000000000000000 ) ) ;
#913 = CARTESIAN_POINT ( 'NONE',  ( 15.99999999999988631, 11.00000000000016520, 0.000000000000000000 ) ) ;
#914 = AXIS2_PLACEMENT_3D ( 'NONE', #766, #901, #750 ) ;
#915 = CARTESIAN_POINT ( 'NONE',  ( -13.00000000000000178, -13.00000000000000178, -8.000000000000000000 ) ) ;
#916 = VERTEX_POINT ( 'NONE', #1195 ) ;
#917 = FACE_OUTER_BOUND ( 'NONE', #1056, .T. ) ;
#918 = CIRCLE ( 'NONE', #1507, 1.099999999999996758 ) ;
#919 = CIRCLE ( 'NONE', #887, 1.000000000000000888 ) ;
#920 = CIRCLE ( 'NONE', #1674, 1.000000000000000888 ) ;
#921 = ORIENTED_EDGE ( 'NONE', *, *, #97, .F. ) ;
#922 = VECTOR ( 'NONE', #658, 1000.000000000000000 ) ;
#923 = ORIENTED_EDGE ( 'NONE', *, *, #16, .T. ) ;
#924 = EDGE_CURVE ( 'NONE', #641, #12, #255, .T. ) ;
#925 = DIRECTION ( 'NONE',  ( 1.000000000000000000, 9.130123557772669567E-17, -0.000000000000000000 ) ) ;
#926 = PLANE ( 'NONE',  #1621 ) ;
#927 = FACE_OUTER_BOUND ( 'NONE', #370, .T. ) ;
#928 = ORIENTED_EDGE ( 'NONE', *, *, #503, .F. ) ;
#929 = DIRECTION ( 'NONE',  ( 1.000000000000000000, 0.000000000000000000, 0.000000000000000000 ) ) ;
#930 = VERTEX_POINT ( 'NONE', #673 ) ;
#931 = ORIENTED_EDGE ( 'NONE', *, *, #1728, .T. ) ;
#932 = CARTESIAN_POINT ( 'NONE',  ( -19.00000000000000000, 18.00000000000000000, 0.000000000000000000 ) ) ;
#933 = DIRECTION ( 'NONE',  ( -0.000000000000000000, -0.000000000000000000, 1.000000000000000000 ) ) ;
#934 = EDGE_CURVE ( 'NONE', #588, #795, #1219, .T. ) ;
#935 = CARTESIAN_POINT ( 'NONE',  ( -12.90000000000000568, -13.99999999999999645, -1.734723475976807094E-15 ) ) ;
#936 = ORIENTED_EDGE ( 'NONE', *, *, #134, .T. ) ;
#937 = LINE ( 'NONE', #1087, #922 ) ;
#938 = ORIENTED_EDGE ( 'NONE', *, *, #681, .F. ) ;
#939 = CARTESIAN_POINT ( 'NONE',  ( -16.00000000000004263, 11.99999999999994493, 0.000000000000000000 ) ) ;
#940 = DIRECTION ( 'NONE',  ( 1.000000000000000000, 0.000000000000000000, 0.000000000000000000 ) ) ;
#941 = FACE_OUTER_BOUND ( 'NONE', #112, .T. ) ;
#942 = EDGE_CURVE ( 'NONE', #809, #1745, #786, .T. ) ;
#943 = ORIENTED_EDGE ( 'NONE', *, *, #924, .F. ) ;
#944 = CIRCLE ( 'NONE', #124, 1.000000000000000888 ) ;
#945 = EDGE_CURVE ( 'NONE', #1685, #803, #421, .T. ) ;
#946 = CIRCLE ( 'NONE', #1114, 1.099999999999996758 ) ;
#947 = VECTOR ( 'NONE', #1498, 1000.000000000000000 ) ;
#948 = DIRECTION ( 'NONE',  ( 1.000000000000000000, 0.000000000000000000, 0.000000000000000000 ) ) ;
#949 = VERTEX_POINT ( 'NONE', #1085 ) ;
#950 = CIRCLE ( 'NONE', #1094, 1.099999999999996758 ) ;
#951 = ORIENTED_EDGE ( 'NONE', *, *, #154, .F. ) ;
#952 = DIRECTION ( 'NONE',  ( -0.000000000000000000, 0.000000000000000000, 1.000000000000000000 ) ) ;
#953 = CARTESIAN_POINT ( 'NONE',  ( 12.90000000000000568, -13.99999999999999822, 2.000000000000000000 ) ) ;
#954 = VECTOR ( 'NONE', #631, 1000.000000000000000 ) ;
#955 = CARTESIAN_POINT ( 'NONE',  ( 13.00000000000000178, -13.00000000000000178, 0.000000000000000000 ) ) ;
#956 = DIRECTION ( 'NONE',  ( 1.000000000000000000, 0.000000000000000000, 0.000000000000000000 ) ) ;
#957 =( NAMED_UNIT ( * ) SI_UNIT ( $, .STERADIAN. ) SOLID_ANGLE_UNIT ( ) );
#958 = ADVANCED_FACE ( 'NONE', ( #289 ), #1590, .F. ) ;
#959 = ORIENTED_EDGE ( 'NONE', *, *, #747, .T. ) ;
#960 = CARTESIAN_POINT ( 'NONE',  ( -16.99999999999999645, -17.00000000000000711, 2.000000000000000000 ) ) ;
#961 = CYLINDRICAL_SURFACE ( 'NONE', #690, 1.099999999999996758 ) ;
#962 = FACE_OUTER_BOUND ( 'NONE', #431, .T. ) ;
#963 = CARTESIAN_POINT ( 'NONE',  ( 16.99999999999988631, 11.00000000000017586, 0.000000000000000000 ) ) ;
#964 = LINE ( 'NONE', #8, #1136 ) ;
#965 = ADVANCED_FACE ( 'NONE', ( #1490 ), #1735, .F. ) ;
#966 = ORIENTED_EDGE ( 'NONE', *, *, #789, .F. ) ;
#967 = EDGE_LOOP ( 'NONE', ( #116, #1280, #1366, #625 ) ) ;
#968 = FACE_OUTER_BOUND ( 'NONE', #857, .T. ) ;
#969 = EDGE_CURVE ( 'NONE', #630, #588, #854, .T. ) ;
#970 = DIRECTION ( 'NONE',  ( 1.000000000000000000, 0.000000000000000000, 0.000000000000000000 ) ) ;
#971 = DIRECTION ( 'NONE',  ( -0.000000000000000000, -0.000000000000000000, 1.000000000000000000 ) ) ;
#972 = CIRCLE ( 'NONE', #999, 1.099999999999996758 ) ;
#973 = VECTOR ( 'NONE', #1294, 1000.000000000000000 ) ;
#974 = ORIENTED_EDGE ( 'NONE', *, *, #1513, .F. ) ;
#975 = ORIENTED_EDGE ( 'NONE', *, *, #18, .F. ) ;
#976 = PLANE ( 'NONE',  #599 ) ;
#977 = VECTOR ( 'NONE', #1262, 1000.000000000000000 ) ;
#978 = AXIS2_PLACEMENT_3D ( 'NONE', #1688, #1561, #1009 ) ;
#979 = ADVANCED_FACE ( 'NONE', ( #1070 ), #811, .F. ) ;
#980 = CYLINDRICAL_SURFACE ( 'NONE', #158, 1.000000000000000888 ) ;
#981 = AXIS2_PLACEMENT_3D ( 'NONE', #512, #899, #252 ) ;
#982 = CARTESIAN_POINT ( 'NONE',  ( 18.10000000000000142, -17.00000000000000355, 2.000000000000000000 ) ) ;
#983 = CARTESIAN_POINT ( 'NONE',  ( -12.00000000000000000, 17.00000000000000000, 2.000000000000000000 ) ) ;
#984 = CARTESIAN_POINT ( 'NONE',  ( -18.99999999999999645, -12.00000000000000000, 2.000000000000000000 ) ) ;
#985 = ORIENTED_EDGE ( 'NONE', *, *, #1634, .T. ) ;
#986 = DIRECTION ( 'NONE',  ( 1.000000000000000000, 0.000000000000000000, 0.000000000000000000 ) ) ;
#987 = ADVANCED_FACE ( 'NONE', ( #1470 ), #262, .F. ) ;
#988 = CARTESIAN_POINT ( 'NONE',  ( -17.00000000000000000, -5.935518276033326704E-14, 0.000000000000000000 ) ) ;
#989 = CARTESIAN_POINT ( 'NONE',  ( 15.99999999999988631, 11.00000000000016520, 2.000000000000000000 ) ) ;
#990 = CARTESIAN_POINT ( 'NONE',  ( 19.00000000000000000, 19.00000000000000000, 2.000000000000000000 ) ) ;
#991 = ORIENTED_EDGE ( 'NONE', *, *, #97, .T. ) ;
#992 = FACE_OUTER_BOUND ( 'NONE', #1276, .T. ) ;
#993 = CARTESIAN_POINT ( 'NONE',  ( 12.00000000000000000, -16.00000000000000000, 2.000000000000000000 ) ) ;
#994 = CARTESIAN_POINT ( 'NONE',  ( -12.00000000000000000, 0.000000000000000000, 0.000000000000000000 ) ) ;
#995 = DIRECTION ( 'NONE',  ( 1.000000000000000000, 0.000000000000000000, 0.000000000000000000 ) ) ;
#996 = ADVANCED_FACE ( 'NONE', ( #1076 ), #664, .T. ) ;
#997 = ORIENTED_EDGE ( 'NONE', *, *, #1515, .T. ) ;
#998 = LINE ( 'NONE', #1535, #1365 ) ;
#999 = AXIS2_PLACEMENT_3D ( 'NONE', #807, #841, #1493 ) ;
#1000 = ORIENTED_EDGE ( 'NONE', *, *, #154, .T. ) ;
#1001 = CIRCLE ( 'NONE', #1064, 1.099999999999996758 ) ;
#1002 = DIRECTION ( 'NONE',  ( -1.000000000000000000, 0.000000000000000000, 0.000000000000000000 ) ) ;
#1003 = CIRCLE ( 'NONE', #856, 1.099999999999996758 ) ;
#1004 = ORIENTED_EDGE ( 'NONE', *, *, #281, .T. ) ;
#1005 = LINE ( 'NONE', #587, #36 ) ;
#1006 = CIRCLE ( 'NONE', #278, 1.099999999999996758 ) ;
#1007 = EDGE_CURVE ( 'NONE', #1594, #879, #1624, .T. ) ;
#1008 = CARTESIAN_POINT ( 'NONE',  ( -12.00000000000000000, -16.00000000000000000, 2.000000000000000000 ) ) ;
#1009 = DIRECTION ( 'NONE',  ( 0.000000000000000000, 0.000000000000000000, 1.000000000000000000 ) ) ;
#1010 = ORIENTED_EDGE ( 'NONE', *, *, #1438, .T. ) ;
#1011 = DIRECTION ( 'NONE',  ( -0.000000000000000000, -0.000000000000000000, 1.000000000000000000 ) ) ;
#1012 = LINE ( 'NONE', #1414, #659 ) ;
#1013 = ORIENTED_EDGE ( 'NONE', *, *, #1544, .T. ) ;
#1014 = CARTESIAN_POINT ( 'NONE',  ( -12.00000000000000000, 16.00000000000000000, 2.000000000000000000 ) ) ;
#1015 = EDGE_CURVE ( 'NONE', #524, #83, #62, .T. ) ;
#1016 = DIRECTION ( 'NONE',  ( 1.000000000000000000, 0.000000000000000000, 0.000000000000000000 ) ) ;
#1017 = VERTEX_POINT ( 'NONE', #1719 ) ;
#1018 = CYLINDRICAL_SURFACE ( 'NONE', #603, 1.099999999999996758 ) ;
#1019 = EDGE_CURVE ( 'NONE', #1614, #356, #1223, .T. ) ;
#1020 = CYLINDRICAL_SURFACE ( 'NONE', #1116, 1.099999999999996758 ) ;
#1021 = DIRECTION ( 'NONE',  ( -0.000000000000000000, -0.000000000000000000, 1.000000000000000000 ) ) ;
#1022 = ORIENTED_EDGE ( 'NONE', *, *, #789, .T. ) ;
#1023 = DIRECTION ( 'NONE',  ( -0.000000000000000000, 0.000000000000000000, -1.000000000000000000 ) ) ;
#1024 = CYLINDRICAL_SURFACE ( 'NONE', #1388, 1.000000000000000888 ) ;
#1025 = DIRECTION ( 'NONE',  ( 0.000000000000000000, -0.000000000000000000, -1.000000000000000000 ) ) ;
#1026 = ORIENTED_EDGE ( 'NONE', *, *, #660, .F. ) ;
#1027 = VERTEX_POINT ( 'NONE', #1233 ) ;
#1028 = CARTESIAN_POINT ( 'NONE',  ( 12.00000000000000000, 13.00000000000013678, 2.000000000000000000 ) ) ;
#1029 = CIRCLE ( 'NONE', #1389, 1.099999999999996758 ) ;
#1030 = FACE_OUTER_BOUND ( 'NONE', #182, .T. ) ;
#1031 = CIRCLE ( 'NONE', #377, 1.000000000000000888 ) ;
#1032 = EDGE_CURVE ( 'NONE', #769, #809, #1357, .T. ) ;
#1033 = ORIENTED_EDGE ( 'NONE', *, *, #1288, .F. ) ;
#1034 = DIRECTION ( 'NONE',  ( -0.000000000000000000, -0.000000000000000000, 1.000000000000000000 ) ) ;
#1035 = AXIS2_PLACEMENT_3D ( 'NONE', #1394, #65, #202 ) ;
#1036 = VECTOR ( 'NONE', #1517, 1000.000000000000000 ) ;
#1037 = ORIENTED_EDGE ( 'NONE', *, *, #417, .F. ) ;
#1038 = VERTEX_POINT ( 'NONE', #694 ) ;
#1039 = VERTEX_POINT ( 'NONE', #1106 ) ;
#1040 = CYLINDRICAL_SURFACE ( 'NONE', #1457, 1.099999999999996758 ) ;
#1041 = DIRECTION ( 'NONE',  ( -0.000000000000000000, -0.000000000000000000, 1.000000000000000000 ) ) ;
#1042 = DIRECTION ( 'NONE',  ( 1.000000000000000000, 0.000000000000000000, 0.000000000000000000 ) ) ;
#1043 = EDGE_CURVE ( 'NONE', #1622, #860, #800, .T. ) ;
#1044 = CARTESIAN_POINT ( 'NONE',  ( -19.00000000000000000, 19.00000000000000000, 2.000000000000000000 ) ) ;
#1045 = DIRECTION ( 'NONE',  ( 0.000000000000000000, 0.000000000000000000, -1.000000000000000000 ) ) ;
#1046 = PRODUCT_DEFINITION_SHAPE ( 'NONE', 'NONE',  #579 ) ;
#1047 = ORIENTED_EDGE ( 'NONE', *, *, #18, .T. ) ;
#1048 = ORIENTED_EDGE ( 'NONE', *, *, #538, .T. ) ;
#1049 = CARTESIAN_POINT ( 'NONE',  ( -11.00000000000000000, -16.00000000000000000, -8.000000000000000000 ) ) ;
#1050 = DIRECTION ( 'NONE',  ( 1.000000000000000000, 0.000000000000000000, 0.000000000000000000 ) ) ;
#1051 = VERTEX_POINT ( 'NONE', #584 ) ;
#1052 = DIRECTION ( 'NONE',  ( -0.000000000000000000, -0.000000000000000000, 1.000000000000000000 ) ) ;
#1053 = PRODUCT_RELATED_PRODUCT_CATEGORY ( 'part', '', ( #499 ) ) ;
#1054 = EDGE_CURVE ( 'NONE', #37, #1678, #1065, .T. ) ;
#1055 = SURFACE_STYLE_FILL_AREA ( #1345 ) ;
#1056 = EDGE_LOOP ( 'NONE', ( #1533, #1701, #921, #1129 ) ) ;
#1057 = EDGE_LOOP ( 'NONE', ( #1156, #1563, #131, #619 ) ) ;
#1058 = CARTESIAN_POINT ( 'NONE',  ( 19.00000000000000000, -18.00000000000000000, 0.000000000000000000 ) ) ;
#1059 = DIRECTION ( 'NONE',  ( 0.000000000000000000, 0.000000000000000000, -1.000000000000000000 ) ) ;
#1060 = DIRECTION ( 'NONE',  ( -0.000000000000000000, -0.000000000000000000, 1.000000000000000000 ) ) ;
#1061 = VECTOR ( 'NONE', #1123, 1000.000000000000000 ) ;
#1062 = CARTESIAN_POINT ( 'NONE',  ( 12.00000000000000000, 13.00000000000013678, 0.000000000000000000 ) ) ;
#1063 = ORIENTED_EDGE ( 'NONE', *, *, #342, .F. ) ;
#1064 = AXIS2_PLACEMENT_3D ( 'NONE', #1499, #413, #1111 ) ;
#1065 = CIRCLE ( 'NONE', #300, 1.000000000000000888 ) ;
#1066 = EDGE_CURVE ( 'NONE', #532, #1579, #1412, .T. ) ;
#1067 = EDGE_LOOP ( 'NONE', ( #911, #554, #306, #126 ) ) ;
#1068 = ORIENTED_EDGE ( 'NONE', *, *, #424, .F. ) ;
#1069 = CARTESIAN_POINT ( 'NONE',  ( 17.00000000000000000, 16.99999999999999645, -1.734723475976807094E-15 ) ) ;
#1070 = FACE_OUTER_BOUND ( 'NONE', #480, .T. ) ;
#1071 = CARTESIAN_POINT ( 'NONE',  ( -11.00000000000000000, -17.00000000000000000, 2.000000000000000000 ) ) ;
#1072 = EDGE_LOOP ( 'NONE', ( #1459, #425, #586, #535 ) ) ;
#1073 = DIRECTION ( 'NONE',  ( 1.000000000000000000, 0.000000000000000000, 0.000000000000000000 ) ) ;
#1074 = EDGE_CURVE ( 'NONE', #478, #1685, #1528, .T. ) ;
#1075 = ORIENTED_EDGE ( 'NONE', *, *, #828, .F. ) ;
#1076 = FACE_OUTER_BOUND ( 'NONE', #792, .T. ) ;
#1077 = EDGE_CURVE ( 'NONE', #1038, #846, #743, .T. ) ;
#1078 = CYLINDRICAL_SURFACE ( 'NONE', #1532, 1.099999999999996758 ) ;
#1079 = EDGE_LOOP ( 'NONE', ( #1386, #1075, #1552, #643 ) ) ;
#1080 = CARTESIAN_POINT ( 'NONE',  ( -17.99999999999999645, -18.00000000000000000, 2.000000000000000000 ) ) ;
#1081 = CARTESIAN_POINT ( 'NONE',  ( 14.00000000000000178, 14.00000000000000178, 2.000000000000000000 ) ) ;
#1082 = VERTEX_POINT ( 'NONE', #1121 ) ;
#1083 = ORIENTED_EDGE ( 'NONE', *, *, #176, .T. ) ;
#1084 = DIRECTION ( 'NONE',  ( -1.000000000000000000, -3.491481338843133355E-15, 0.000000000000000000 ) ) ;
#1085 = CARTESIAN_POINT ( 'NONE',  ( 16.00000000000011724, -12.00000000000000000, 2.000000000000000000 ) ) ;
#1086 = LINE ( 'NONE', #812, #161 ) ;
#1087 = CARTESIAN_POINT ( 'NONE',  ( 18.00000000000000000, 19.00000000000000000, 2.000000000000000000 ) ) ;
#1088 = EDGE_CURVE ( 'NONE', #641, #1745, #219, .T. ) ;
#1089 = ORIENTED_EDGE ( 'NONE', *, *, #122, .T. ) ;
#1090 = VECTOR ( 'NONE', #207, 1000.000000000000000 ) ;
#1091 = AXIS2_PLACEMENT_3D ( 'NONE', #1684, #1021, #347 ) ;
#1092 = AXIS2_PLACEMENT_3D ( 'NONE', #128, #273, #793 ) ;
#1093 = ORIENTED_EDGE ( 'NONE', *, *, #1015, .T. ) ;
#1094 = AXIS2_PLACEMENT_3D ( 'NONE', #110, #1041, #1443 ) ;
#1095 = ORIENTED_EDGE ( 'NONE', *, *, #710, .T. ) ;
#1096 = DIRECTION ( 'NONE',  ( 9.130123557772669567E-17, -1.000000000000000000, 0.000000000000000000 ) ) ;
#1097 = CARTESIAN_POINT ( 'NONE',  ( 18.00000000000000000, 18.00000000000000000, 2.000000000000000000 ) ) ;
#1098 = DIRECTION ( 'NONE',  ( -0.000000000000000000, -0.000000000000000000, 1.000000000000000000 ) ) ;
#1099 = EDGE_LOOP ( 'NONE', ( #1013, #739, #1295, #1583 ) ) ;
#1100 = EDGE_CURVE ( 'NONE', #90, #1501, #601, .T. ) ;
#1101 = FACE_BOUND ( 'NONE', #244, .T. ) ;
#1102 = DIRECTION ( 'NONE',  ( 1.000000000000000000, -0.000000000000000000, 0.000000000000000000 ) ) ;
#1103 = ORIENTED_EDGE ( 'NONE', *, *, #842, .F. ) ;
#1104 = CARTESIAN_POINT ( 'NONE',  ( 19.00000000000000000, -18.00000000000000000, 2.000000000000000000 ) ) ;
#1105 = DIRECTION ( 'NONE',  ( 1.000000000000000000, 0.000000000000000000, 0.000000000000000000 ) ) ;
#1106 = CARTESIAN_POINT ( 'NONE',  ( -15.10000000000000142, 14.00000000000000178, 2.000000000000000000 ) ) ;
#1107 = EDGE_CURVE ( 'NONE', #865, #886, #734, .T. ) ;
#1108 = ORIENTED_EDGE ( 'NONE', *, *, #831, .T. ) ;
#1109 = ORIENTED_EDGE ( 'NONE', *, *, #1448, .T. ) ;
#1110 = CARTESIAN_POINT ( 'NONE',  ( -12.00000000000000000, 19.00000000000000000, 2.000000000000000000 ) ) ;
#1111 = DIRECTION ( 'NONE',  ( 1.000000000000000000, 0.000000000000000000, 0.000000000000000000 ) ) ;
#1112 = FACE_BOUND ( 'NONE', #528, .T. ) ;
#1113 = DIRECTION ( 'NONE',  ( -0.000000000000000000, -0.000000000000000000, 1.000000000000000000 ) ) ;
#1114 = AXIS2_PLACEMENT_3D ( 'NONE', #164, #406, #948 ) ;
#1115 = ORIENTED_EDGE ( 'NONE', *, *, #777, .T. ) ;
#1116 = AXIS2_PLACEMENT_3D ( 'NONE', #180, #1011, #1143 ) ;
#1117 = ADVANCED_FACE ( 'NONE', ( #1385 ), #1020, .F. ) ;
#1118 = CIRCLE ( 'NONE', #438, 1.099999999999996758 ) ;
#1119 = CARTESIAN_POINT ( 'NONE',  ( 12.00000000000000000, -13.00000000000000178, 0.000000000000000000 ) ) ;
#1120 = MECHANICAL_DESIGN_GEOMETRIC_PRESENTATION_REPRESENTATION (  '', ( #1537 ), #578 ) ;
#1121 = CARTESIAN_POINT ( 'NONE',  ( 13.00000000000000533, -12.00000000000000000, 2.000000000000000000 ) ) ;
#1122 = ORIENTED_EDGE ( 'NONE', *, *, #1007, .T. ) ;
#1123 = DIRECTION ( 'NONE',  ( -1.047444401652940007E-14, 1.000000000000000000, -0.000000000000000000 ) ) ;
#1124 = DIRECTION ( 'NONE',  ( -1.000000000000000000, 0.000000000000000000, 0.000000000000000000 ) ) ;
#1125 = EDGE_CURVE ( 'NONE', #1545, #1039, #707, .T. ) ;
#1126 = DIRECTION ( 'NONE',  ( -0.000000000000000000, -0.000000000000000000, 1.000000000000000000 ) ) ;
#1127 = EDGE_CURVE ( 'NONE', #1410, #825, #69, .T. ) ;
#1128 = DIRECTION ( 'NONE',  ( 1.000000000000000000, 0.000000000000000000, 0.000000000000000000 ) ) ;
#1129 = ORIENTED_EDGE ( 'NONE', *, *, #1649, .F. ) ;
#1130 = ORIENTED_EDGE ( 'NONE', *, *, #1204, .F. ) ;
#1131 = LINE ( 'NONE', #1662, #296 ) ;
#1132 = DIRECTION ( 'NONE',  ( 1.000000000000000000, 0.000000000000000000, 0.000000000000000000 ) ) ;
#1133 = LINE ( 'NONE', #1665, #1698 ) ;
#1134 = EDGE_LOOP ( 'NONE', ( #686, #390, #1721, #316 ) ) ;
#1135 = EDGE_CURVE ( 'NONE', #825, #43, #920, .T. ) ;
#1136 = VECTOR ( 'NONE', #1240, 1000.000000000000000 ) ;
#1137 = LINE ( 'NONE', #327, #1452 ) ;
#1138 = CARTESIAN_POINT ( 'NONE',  ( 16.00000000000011369, -10.99999999999999822, 2.000000000000000000 ) ) ;
#1139 = AXIS2_PLACEMENT_3D ( 'NONE', #4, #1639, #1650 ) ;
#1140 = AXIS2_PLACEMENT_3D ( 'NONE', #823, #1363, #1211 ) ;
#1141 = ORIENTED_EDGE ( 'NONE', *, *, #1569, .T. ) ;
#1142 = CIRCLE ( 'NONE', #381, 1.000000000000000888 ) ;
#1143 = DIRECTION ( 'NONE',  ( 1.000000000000000000, 0.000000000000000000, 0.000000000000000000 ) ) ;
#1144 = DIRECTION ( 'NONE',  ( -1.000000000000000000, -1.047444401652940007E-14, 0.000000000000000000 ) ) ;
#1145 = AXIS2_PLACEMENT_3D ( 'NONE', #39, #1124, #1656 ) ;
#1146 = VERTEX_POINT ( 'NONE', #1554 ) ;
#1147 = DIRECTION ( 'NONE',  ( 0.000000000000000000, 0.000000000000000000, -1.000000000000000000 ) ) ;
#1148 = AXIS2_PLACEMENT_3D ( 'NONE', #839, #1384, #830 ) ;
#1149 = EDGE_CURVE ( 'NONE', #1501, #879, #1177, .T. ) ;
#1150 = EDGE_CURVE ( 'NONE', #624, #598, #9, .T. ) ;
#1151 = DIRECTION ( 'NONE',  ( 1.000000000000000000, 0.000000000000000000, 0.000000000000000000 ) ) ;
#1152 = CARTESIAN_POINT ( 'NONE',  ( 12.90000000000000568, 14.00000000000000178, 2.000000000000000000 ) ) ;
#1153 = ORIENTED_EDGE ( 'NONE', *, *, #479, .T. ) ;
#1154 = CARTESIAN_POINT ( 'NONE',  ( -14.00000000000000178, -13.99999999999999645, -1.734723475976807094E-15 ) ) ;
#1155 = CARTESIAN_POINT ( 'NONE',  ( -12.00000000000000000, 16.00000000000000000, 0.000000000000000000 ) ) ;
#1156 = ORIENTED_EDGE ( 'NONE', *, *, #176, .F. ) ;
#1157 = DIRECTION ( 'NONE',  ( -1.000000000000000000, -1.047444401652940007E-14, -0.000000000000000000 ) ) ;
#1158 = ORIENTED_EDGE ( 'NONE', *, *, #889, .F. ) ;
#1159 = LINE ( 'NONE', #617, #1228 ) ;
#1160 = EDGE_CURVE ( 'NONE', #1146, #506, #1118, .T. ) ;
#1161 = ORIENTED_EDGE ( 'NONE', *, *, #934, .T. ) ;
#1162 = EDGE_LOOP ( 'NONE', ( #772, #623, #63, #1748 ) ) ;
#1163 = DIRECTION ( 'NONE',  ( 1.000000000000000000, 0.000000000000000000, 0.000000000000000000 ) ) ;
#1164 = UNCERTAINTY_MEASURE_WITH_UNIT (LENGTH_MEASURE( 1.000000000000000082E-05 ), #120, 'distance_accuracy_value', 'NONE');
#1165 = DIRECTION ( 'NONE',  ( 0.000000000000000000, 0.000000000000000000, -1.000000000000000000 ) ) ;
#1166 = ORIENTED_EDGE ( 'NONE', *, *, #1149, .F. ) ;
#1167 = CARTESIAN_POINT ( 'NONE',  ( 17.00000000000000000, 16.99999999999999645, -1.734723475976807094E-15 ) ) ;
#1168 = ORIENTED_EDGE ( 'NONE', *, *, #361, .F. ) ;
#1169 = ORIENTED_EDGE ( 'NONE', *, *, #1346, .T. ) ;
#1170 = EDGE_CURVE ( 'NONE', #115, #1690, #592, .T. ) ;
#1171 = ORIENTED_EDGE ( 'NONE', *, *, #281, .F. ) ;
#1172 = LINE ( 'NONE', #1328, #1362 ) ;
#1173 = CARTESIAN_POINT ( 'NONE',  ( -18.99999999999999645, -19.00000000000000000, 2.000000000000000000 ) ) ;
#1174 = CIRCLE ( 'NONE', #410, 1.000000000000000888 ) ;
#1175 = DIRECTION ( 'NONE',  ( 0.000000000000000000, 0.000000000000000000, -1.000000000000000000 ) ) ;
#1176 = ORIENTED_EDGE ( 'NONE', *, *, #217, .F. ) ;
#1177 = CIRCLE ( 'NONE', #163, 1.099999999999996758 ) ;
#1178 = EDGE_LOOP ( 'NONE', ( #764, #305, #1726, #733 ) ) ;
#1179 = ORIENTED_EDGE ( 'NONE', *, *, #217, .T. ) ;
#1180 = ORIENTED_EDGE ( 'NONE', *, *, #969, .T. ) ;
#1181 = FACE_OUTER_BOUND ( 'NONE', #501, .T. ) ;
#1182 = CARTESIAN_POINT ( 'NONE',  ( -17.00000000000003908, 10.99999999999993960, 0.000000000000000000 ) ) ;
#1183 = ORIENTED_EDGE ( 'NONE', *, *, #1100, .F. ) ;
#1184 = CARTESIAN_POINT ( 'NONE',  ( 12.00000000000000000, -17.00000000000000000, 2.000000000000000000 ) ) ;
#1185 = ADVANCED_FACE ( 'NONE', ( #466 ), #337, .F. ) ;
#1186 = ORIENTED_EDGE ( 'NONE', *, *, #693, .T. ) ;
#1187 = DIRECTION ( 'NONE',  ( -0.000000000000000000, -0.000000000000000000, 1.000000000000000000 ) ) ;
#1188 = CYLINDRICAL_SURFACE ( 'NONE', #1645, 1.000000000000000888 ) ;
#1189 = DIRECTION ( 'NONE',  ( -0.000000000000000000, 0.000000000000000000, 1.000000000000000000 ) ) ;
#1190 = ORIENTED_EDGE ( 'NONE', *, *, #945, .F. ) ;
#1191 = DIRECTION ( 'NONE',  ( -0.000000000000000000, -0.000000000000000000, 1.000000000000000000 ) ) ;
#1192 = ADVANCED_FACE ( 'NONE', ( #726 ), #1664, .F. ) ;
#1193 = EDGE_LOOP ( 'NONE', ( #55, #1068, #1291, #398 ) ) ;
#1194 = VERTEX_POINT ( 'NONE', #1652 ) ;
#1195 = CARTESIAN_POINT ( 'NONE',  ( 19.00000000000000000, 18.00000000000000000, 2.000000000000000000 ) ) ;
#1196 = AXIS2_PLACEMENT_3D ( 'NONE', #409, #1084, #172 ) ;
#1197 = CARTESIAN_POINT ( 'NONE',  ( 11.00000000000000000, 17.00000000000000000, -8.000000000000000000 ) ) ;
#1198 = VERTEX_POINT ( 'NONE', #1426 ) ;
#1199 = VECTOR ( 'NONE', #50, 1000.000000000000000 ) ;
#1200 = AXIS2_PLACEMENT_3D ( 'NONE', #1267, #319, #1521 ) ;
#1201 = VECTOR ( 'NONE', #1397, 1000.000000000000000 ) ;
#1202 = EDGE_CURVE ( 'NONE', #143, #1415, #1425, .T. ) ;
#1203 = AXIS2_PLACEMENT_3D ( 'NONE', #1257, #314, #44 ) ;
#1204 = EDGE_CURVE ( 'NONE', #624, #860, #490, .T. ) ;
#1205 = ORIENTED_EDGE ( 'NONE', *, *, #1074, .T. ) ;
#1206 = DIRECTION ( 'NONE',  ( 1.000000000000000000, 0.000000000000000000, 0.000000000000000000 ) ) ;
#1207 = CARTESIAN_POINT ( 'NONE',  ( 18.09999999999999787, 16.99999999999999645, 2.000000000000000000 ) ) ;
#1208 = DIRECTION ( 'NONE',  ( 1.000000000000000000, -0.000000000000000000, 0.000000000000000000 ) ) ;
#1209 = ORIENTED_EDGE ( 'NONE', *, *, #1288, .T. ) ;
#1210 = SURFACE_STYLE_USAGE ( .BOTH. , #157 ) ;
#1211 = DIRECTION ( 'NONE',  ( 1.000000000000000000, 0.000000000000000000, 0.000000000000000000 ) ) ;
#1212 = ORIENTED_EDGE ( 'NONE', *, *, #336, .T. ) ;
#1213 = DIRECTION ( 'NONE',  ( -0.000000000000000000, -0.000000000000000000, 1.000000000000000000 ) ) ;
#1214 = DIRECTION ( 'NONE',  ( 1.000000000000000000, 0.000000000000000000, 0.000000000000000000 ) ) ;
#1215 = PLANE ( 'NONE',  #462 ) ;
#1216 = VERTEX_POINT ( 'NONE', #1453 ) ;
#1217 = ORIENTED_EDGE ( 'NONE', *, *, #267, .T. ) ;
#1218 = DIRECTION ( 'NONE',  ( 0.000000000000000000, -1.000000000000000000, 0.000000000000000000 ) ) ;
#1219 = LINE ( 'NONE', #537, #378 ) ;
#1220 = ADVANCED_FACE ( 'NONE', ( #101 ), #905, .T. ) ;
#1221 = DIRECTION ( 'NONE',  ( 0.000000000000000000, 0.000000000000000000, 1.000000000000000000 ) ) ;
#1222 = CARTESIAN_POINT ( 'NONE',  ( 12.00000000000000000, -16.00000000000000000, 2.000000000000000000 ) ) ;
#1223 = LINE ( 'NONE', #504, #1534 ) ;
#1224 = LINE ( 'NONE', #1344, #742 ) ;
#1225 = CIRCLE ( 'NONE', #30, 1.099999999999996758 ) ;
#1226 = CIRCLE ( 'NONE', #1140, 1.000000000000000888 ) ;
#1227 = AXIS2_PLACEMENT_3D ( 'NONE', #318, #1527, #78 ) ;
#1228 = VECTOR ( 'NONE', #1409, 1000.000000000000000 ) ;
#1229 = ORIENTED_EDGE ( 'NONE', *, *, #848, .F. ) ;
#1230 = AXIS2_PLACEMENT_3D ( 'NONE', #493, #748, #91 ) ;
#1231 = CARTESIAN_POINT ( 'NONE',  ( -16.00000000000003908, 10.99999999999994316, 2.000000000000000000 ) ) ;
#1232 = DIRECTION ( 'NONE',  ( 0.000000000000000000, 1.000000000000000000, 0.000000000000000000 ) ) ;
#1233 = CARTESIAN_POINT ( 'NONE',  ( 13.00000000000001066, 12.00000000000013500, 2.000000000000000000 ) ) ;
#1234 = DIRECTION ( 'NONE',  ( 1.000000000000000000, 0.000000000000000000, 0.000000000000000000 ) ) ;
#1235 = EDGE_CURVE ( 'NONE', #598, #1622, #620, .T. ) ;
#1236 = ORIENTED_EDGE ( 'NONE', *, *, #1032, .T. ) ;
#1237 = DIRECTION ( 'NONE',  ( 1.000000000000000000, 0.000000000000000000, 0.000000000000000000 ) ) ;
#1238 = DIRECTION ( 'NONE',  ( 0.000000000000000000, 0.000000000000000000, 1.000000000000000000 ) ) ;
#1239 = CARTESIAN_POINT ( 'NONE',  ( -14.00000000000000178, -13.99999999999999645, 2.000000000000000000 ) ) ;
#1240 = DIRECTION ( 'NONE',  ( -0.000000000000000000, -0.000000000000000000, -1.000000000000000000 ) ) ;
#1241 = ADVANCED_FACE ( 'NONE', ( #1030 ), #1188, .F. ) ;
#1242 = VERTEX_POINT ( 'NONE', #762 ) ;
#1243 = CARTESIAN_POINT ( 'NONE',  ( -16.99999999999999645, -17.00000000000000711, -1.734723475976807094E-15 ) ) ;
#1244 = DIRECTION ( 'NONE',  ( 1.000000000000000000, 0.000000000000000000, 0.000000000000000000 ) ) ;
#1245 = CARTESIAN_POINT ( 'NONE',  ( 15.99999999999988631, 11.00000000000016520, -8.000000000000000000 ) ) ;
#1246 = CARTESIAN_POINT ( 'NONE',  ( 11.00000000000000000, 17.00000000000000000, 2.000000000000000000 ) ) ;
#1247 = CIRCLE ( 'NONE', #3, 1.000000000000000888 ) ;
#1248 = CIRCLE ( 'NONE', #1642, 1.000000000000000888 ) ;
#1249 = ORIENTED_EDGE ( 'NONE', *, *, #1150, .T. ) ;
#1250 = AXIS2_PLACEMENT_3D ( 'NONE', #1069, #1319, #1206 ) ;
#1251 = DIRECTION ( 'NONE',  ( -0.000000000000000000, -0.000000000000000000, 1.000000000000000000 ) ) ;
#1252 = EDGE_CURVE ( 'NONE', #806, #1695, #509, .T. ) ;
#1253 = AXIS2_PLACEMENT_3D ( 'NONE', #847, #1147, #33 ) ;
#1254 = CARTESIAN_POINT ( 'NONE',  ( 14.00000000000000178, 14.00000000000000178, 2.000000000000000000 ) ) ;
#1255 = VECTOR ( 'NONE', #1287, 1000.000000000000000 ) ;
#1256 = CARTESIAN_POINT ( 'NONE',  ( -13.00000000000000178, -13.00000000000000178, 2.000000000000000000 ) ) ;
#1257 = CARTESIAN_POINT ( 'NONE',  ( 16.99999999999987566, 12.00000000000017941, -8.000000000000000000 ) ) ;
#1258 = ORIENTED_EDGE ( 'NONE', *, *, #134, .F. ) ;
#1259 = CARTESIAN_POINT ( 'NONE',  ( 0.000000000000000000, -17.00000000000000000, 0.000000000000000000 ) ) ;
#1260 = VERTEX_POINT ( 'NONE', #1591 ) ;
#1261 = EDGE_CURVE ( 'NONE', #1690, #1260, #1308, .T. ) ;
#1262 = DIRECTION ( 'NONE',  ( 0.000000000000000000, 0.000000000000000000, -1.000000000000000000 ) ) ;
#1263 = ORIENTED_EDGE ( 'NONE', *, *, #1202, .T. ) ;
#1264 = LINE ( 'NONE', #596, #1090 ) ;
#1265 = CARTESIAN_POINT ( 'NONE',  ( -17.00000000000000000, 16.99999999999999645, 2.000000000000000000 ) ) ;
#1266 = ADVANCED_FACE ( 'NONE', ( #883 ), #926, .F. ) ;
#1267 = CARTESIAN_POINT ( 'NONE',  ( 18.00000000000000000, 18.00000000000000000, 0.000000000000000000 ) ) ;
#1268 = EDGE_LOOP ( 'NONE', ( #1171, #760, #1671, #1063 ) ) ;
#1269 = EDGE_CURVE ( 'NONE', #846, #1017, #88, .T. ) ;
#1270 = VECTOR ( 'NONE', #862, 1000.000000000000000 ) ;
#1271 = CARTESIAN_POINT ( 'NONE',  ( 15.09999999999999964, -13.99999999999999822, -1.734723475976807094E-15 ) ) ;
#1272 = CARTESIAN_POINT ( 'NONE',  ( -18.00000000000000000, 19.00000000000000000, 2.000000000000000000 ) ) ;
#1273 = AXIS2_PLACEMENT_3D ( 'NONE', #1471, #794, #1331 ) ;
#1274 = EDGE_LOOP ( 'NONE', ( #446, #369 ) ) ;
#1275 = VECTOR ( 'NONE', #700, 1000.000000000000000 ) ;
#1276 = EDGE_LOOP ( 'NONE', ( #468, #621, #1565, #125 ) ) ;
#1277 = DIRECTION ( 'NONE',  ( -0.000000000000000000, 0.000000000000000000, 1.000000000000000000 ) ) ;
#1278 = LINE ( 'NONE', #57, #485 ) ;
#1279 = AXIS2_PLACEMENT_3D ( 'NONE', #908, #1034, #622 ) ;
#1280 = ORIENTED_EDGE ( 'NONE', *, *, #723, .F. ) ;
#1281 = ADVANCED_FACE ( 'NONE', ( #755 ), #1693, .T. ) ;
#1282 = DIRECTION ( 'NONE',  ( 0.000000000000000000, -0.000000000000000000, -1.000000000000000000 ) ) ;
#1283 = CARTESIAN_POINT ( 'NONE',  ( -12.00000000000000000, -13.00000000000000178, 0.000000000000000000 ) ) ;
#1284 = ORIENTED_EDGE ( 'NONE', *, *, #479, .F. ) ;
#1285 = CARTESIAN_POINT ( 'NONE',  ( 15.90000000000000391, 16.99999999999999645, -1.734723475976807094E-15 ) ) ;
#1286 = ORIENTED_EDGE ( 'NONE', *, *, #287, .F. ) ;
#1287 = DIRECTION ( 'NONE',  ( 9.130123557772669567E-17, -1.000000000000000000, 0.000000000000000000 ) ) ;
#1288 = EDGE_CURVE ( 'NONE', #648, #769, #775, .T. ) ;
#1289 = DIRECTION ( 'NONE',  ( 1.000000000000000000, 0.000000000000000000, 0.000000000000000000 ) ) ;
#1290 = CARTESIAN_POINT ( 'NONE',  ( 17.00000000000000000, 16.99999999999999645, 2.000000000000000000 ) ) ;
#1291 = ORIENTED_EDGE ( 'NONE', *, *, #864, .F. ) ;
#1292 = VERTEX_POINT ( 'NONE', #1704 ) ;
#1293 = DIRECTION ( 'NONE',  ( 0.000000000000000000, 1.000000000000000000, -0.000000000000000000 ) ) ;
#1294 = DIRECTION ( 'NONE',  ( 1.000000000000000000, -0.000000000000000000, 0.000000000000000000 ) ) ;
#1295 = ORIENTED_EDGE ( 'NONE', *, *, #442, .F. ) ;
#1296 = DIRECTION ( 'NONE',  ( 0.000000000000000000, -0.000000000000000000, 1.000000000000000000 ) ) ;
#1297 = DIRECTION ( 'NONE',  ( 0.000000000000000000, -0.000000000000000000, -1.000000000000000000 ) ) ;
#1298 = EDGE_CURVE ( 'NONE', #1648, #483, #950, .T. ) ;
#1299 = AXIS2_PLACEMENT_3D ( 'NONE', #1400, #495, #1289 ) ;
#1300 = ORIENTED_EDGE ( 'NONE', *, *, #368, .T. ) ;
#1301 = VERTEX_POINT ( 'NONE', #770 ) ;
#1302 = AXIS2_PLACEMENT_3D ( 'NONE', #702, #971, #302 ) ;
#1303 = ADVANCED_FACE ( 'NONE', ( #1181 ), #1581, .F. ) ;
#1304 = DIRECTION ( 'NONE',  ( -1.000000000000000000, 0.000000000000000000, 0.000000000000000000 ) ) ;
#1305 = CARTESIAN_POINT ( 'NONE',  ( 13.00000000000000178, -13.00000000000000178, 2.000000000000000000 ) ) ;
#1306 = ORIENTED_EDGE ( 'NONE', *, *, #445, .T. ) ;
#1307 = VECTOR ( 'NONE', #206, 1000.000000000000000 ) ;
#1308 = CIRCLE ( 'NONE', #324, 1.000000000000000888 ) ;
#1309 = ORIENTED_EDGE ( 'NONE', *, *, #1378, .F. ) ;
#1310 = EDGE_LOOP ( 'NONE', ( #667, #1525, #363, #1115 ) ) ;
#1311 = FACE_OUTER_BOUND ( 'NONE', #967, .T. ) ;
#1312 = CARTESIAN_POINT ( 'NONE',  ( -15.09999999999999964, -13.99999999999999645, 2.000000000000000000 ) ) ;
#1313 = ADVANCED_FACE ( 'NONE', ( #1543 ), #752, .T. ) ;
#1314 = DIRECTION ( 'NONE',  ( 0.000000000000000000, 0.000000000000000000, 1.000000000000000000 ) ) ;
#1315 = EDGE_LOOP ( 'NONE', ( #374, #1636, #1465, #618 ) ) ;
#1316 = DIRECTION ( 'NONE',  ( -1.000000000000000000, 0.000000000000000000, 0.000000000000000000 ) ) ;
#1317 = EDGE_LOOP ( 'NONE', ( #1306, #1576 ) ) ;
#1318 = EDGE_LOOP ( 'NONE', ( #288, #246, #1179, #1103 ) ) ;
#1319 = DIRECTION ( 'NONE',  ( -0.000000000000000000, -0.000000000000000000, 1.000000000000000000 ) ) ;
#1320 = CARTESIAN_POINT ( 'NONE',  ( 12.90000000000000568, 14.00000000000000178, 2.000000000000000000 ) ) ;
#1321 = DIRECTION ( 'NONE',  ( 1.000000000000000000, 0.000000000000000000, 0.000000000000000000 ) ) ;
#1322 = ORIENTED_EDGE ( 'NONE', *, *, #309, .T. ) ;
#1323 = EDGE_CURVE ( 'NONE', #1338, #1301, #1526, .T. ) ;
#1324 = PRESENTATION_STYLE_ASSIGNMENT (( #1210 ) ) ;
#1325 = ADVANCED_FACE ( 'NONE', ( #850 ), #76, .F. ) ;
#1326 = ORIENTED_EDGE ( 'NONE', *, *, #170, .F. ) ;
#1327 = VERTEX_POINT ( 'NONE', #1419 ) ;
#1328 = CARTESIAN_POINT ( 'NONE',  ( 12.00000000000000000, 19.00000000000000000, 0.000000000000000000 ) ) ;
#1329 = DIRECTION ( 'NONE',  ( -0.000000000000000000, -0.000000000000000000, 1.000000000000000000 ) ) ;
#1330 = AXIS2_PLACEMENT_3D ( 'NONE', #679, #284, #810 ) ;
#1331 = DIRECTION ( 'NONE',  ( 1.000000000000000000, 0.000000000000000000, 0.000000000000000000 ) ) ;
#1332 = ORIENTED_EDGE ( 'NONE', *, *, #1127, .F. ) ;
#1333 = DIRECTION ( 'NONE',  ( 0.000000000000000000, -0.000000000000000000, 1.000000000000000000 ) ) ;
#1334 = VECTOR ( 'NONE', #1329, 1000.000000000000000 ) ;
#1335 = AXIS2_PLACEMENT_3D ( 'NONE', #646, #780, #1724 ) ;
#1336 = EDGE_CURVE ( 'NONE', #871, #1292, #1003, .T. ) ;
#1337 = DIRECTION ( 'NONE',  ( 1.000000000000000000, 0.000000000000000000, 0.000000000000000000 ) ) ;
#1338 = VERTEX_POINT ( 'NONE', #581 ) ;
#1339 = ORIENTED_EDGE ( 'NONE', *, *, #315, .T. ) ;
#1340 = DIRECTION ( 'NONE',  ( -3.491481338843133355E-15, 1.000000000000000000, 0.000000000000000000 ) ) ;
#1341 = DIRECTION ( 'NONE',  ( -0.000000000000000000, -0.000000000000000000, 1.000000000000000000 ) ) ;
#1342 = CARTESIAN_POINT ( 'NONE',  ( -16.99999999999999645, -17.00000000000000711, 2.000000000000000000 ) ) ;
#1343 = CARTESIAN_POINT ( 'NONE',  ( -11.00000000000000000, -17.00000000000000000, 0.000000000000000000 ) ) ;
#1344 = CARTESIAN_POINT ( 'NONE',  ( -18.09999999999999787, 16.99999999999999645, 2.000000000000000000 ) ) ;
#1345 = FILL_AREA_STYLE ('',( #106 ) ) ;
#1346 = EDGE_CURVE ( 'NONE', #1242, #85, #1159, .T. ) ;
#1347 = ORIENTED_EDGE ( 'NONE', *, *, #49, .F. ) ;
#1348 = LINE ( 'NONE', #144, #1558 ) ;
#1349 = CARTESIAN_POINT ( 'NONE',  ( -18.09999999999999432, -17.00000000000000711, 2.000000000000000000 ) ) ;
#1350 = CARTESIAN_POINT ( 'NONE',  ( 12.00000000000000000, -13.00000000000000178, 0.000000000000000000 ) ) ;
#1351 = ORIENTED_EDGE ( 'NONE', *, *, #395, .F. ) ;
#1352 = ORIENTED_EDGE ( 'NONE', *, *, #1032, .F. ) ;
#1353 = FACE_OUTER_BOUND ( 'NONE', #849, .T. ) ;
#1354 = CARTESIAN_POINT ( 'NONE',  ( 19.00000000000000000, 19.00000000000000000, 0.000000000000000000 ) ) ;
#1355 = ADVANCED_FACE ( 'NONE', ( #992 ), #477, .F. ) ;
#1356 = DIRECTION ( 'NONE',  ( 1.000000000000000000, 0.000000000000000000, 0.000000000000000000 ) ) ;
#1357 = LINE ( 'NONE', #159, #1275 ) ;
#1358 = VECTOR ( 'NONE', #31, 1000.000000000000000 ) ;
#1359 = FACE_OUTER_BOUND ( 'NONE', #1496, .T. ) ;
#1360 = AXIS2_PLACEMENT_3D ( 'NONE', #915, #1455, #523 ) ;
#1361 = VECTOR ( 'NONE', #411, 1000.000000000000000 ) ;
#1362 = VECTOR ( 'NONE', #1702, 1000.000000000000000 ) ;
#1363 = DIRECTION ( 'NONE',  ( -0.000000000000000000, 0.000000000000000000, 1.000000000000000000 ) ) ;
#1364 = ORIENTED_EDGE ( 'NONE', *, *, #472, .T. ) ;
#1365 = VECTOR ( 'NONE', #328, 1000.000000000000000 ) ;
#1366 = ORIENTED_EDGE ( 'NONE', *, *, #170, .T. ) ;
#1367 = LINE ( 'NONE', #939, #1696 ) ;
#1368 = AXIS2_PLACEMENT_3D ( 'NONE', #502, #1023, #1316 ) ;
#1369 = DIRECTION ( 'NONE',  ( -0.000000000000000000, 0.000000000000000000, 1.000000000000000000 ) ) ;
#1370 = SHAPE_DEFINITION_REPRESENTATION ( #1046, #882 ) ;
#1371 = EDGE_CURVE ( 'NONE', #136, #1589, #35, .T. ) ;
#1372 = LINE ( 'NONE', #313, #1358 ) ;
#1373 = CYLINDRICAL_SURFACE ( 'NONE', #824, 1.099999999999996758 ) ;
#1374 = ORIENTED_EDGE ( 'NONE', *, *, #1627, .F. ) ;
#1375 = LINE ( 'NONE', #420, #484 ) ;
#1376 = DIRECTION ( 'NONE',  ( 1.000000000000000000, 0.000000000000000000, 0.000000000000000000 ) ) ;
#1377 = DIRECTION ( 'NONE',  ( 1.000000000000000000, 0.000000000000000000, 0.000000000000000000 ) ) ;
#1378 = EDGE_CURVE ( 'NONE', #1678, #1695, #178, .T. ) ;
#1379 = LINE ( 'NONE', #982, #880 ) ;
#1380 = LINE ( 'NONE', #983, #1036 ) ;
#1381 = ADVANCED_FACE ( 'NONE', ( #46 ), #713, .F. ) ;
#1382 = DIRECTION ( 'NONE',  ( -0.000000000000000000, -0.000000000000000000, 1.000000000000000000 ) ) ;
#1383 = ORIENTED_EDGE ( 'NONE', *, *, #472, .F. ) ;
#1384 = DIRECTION ( 'NONE',  ( 0.000000000000000000, 0.000000000000000000, 1.000000000000000000 ) ) ;
#1385 = FACE_OUTER_BOUND ( 'NONE', #210, .T. ) ;
#1386 = ORIENTED_EDGE ( 'NONE', *, *, #160, .F. ) ;
#1387 = LINE ( 'NONE', #23, #635 ) ;
#1388 = AXIS2_PLACEMENT_3D ( 'NONE', #1439, #1045, #353 ) ;
#1389 = AXIS2_PLACEMENT_3D ( 'NONE', #557, #1509, #1646 ) ;
#1390 = AXIS2_PLACEMENT_3D ( 'NONE', #1481, #629, #275 ) ;
#1391 = ADVANCED_FACE ( 'NONE', ( #54 ), #869, .F. ) ;
#1392 = ORIENTED_EDGE ( 'NONE', *, *, #1135, .T. ) ;
#1393 = CIRCLE ( 'NONE', #1508, 1.099999999999996758 ) ;
#1394 = CARTESIAN_POINT ( 'NONE',  ( 11.00000000000000000, 16.00000000000000000, 2.000000000000000000 ) ) ;
#1395 = VECTOR ( 'NONE', #1663, 1000.000000000000000 ) ;
#1396 = AXIS2_PLACEMENT_3D ( 'NONE', #423, #1466, #1073 ) ;
#1397 = DIRECTION ( 'NONE',  ( 0.000000000000000000, 0.000000000000000000, 1.000000000000000000 ) ) ;
#1398 = DIRECTION ( 'NONE',  ( -0.000000000000000000, -0.000000000000000000, 1.000000000000000000 ) ) ;
#1399 = CARTESIAN_POINT ( 'NONE',  ( -14.00000000000000178, -13.99999999999999645, 2.000000000000000000 ) ) ;
#1400 = CARTESIAN_POINT ( 'NONE',  ( -17.00000000000000000, 16.99999999999999645, 2.000000000000000000 ) ) ;
#1401 = CARTESIAN_POINT ( 'NONE',  ( -13.00000000000000178, -12.00000000000000000, 0.000000000000000000 ) ) ;
#1402 = EDGE_CURVE ( 'NONE', #12, #85, #447, .T. ) ;
#1403 = DIRECTION ( 'NONE',  ( 1.000000000000000000, 0.000000000000000000, 0.000000000000000000 ) ) ;
#1404 = ORIENTED_EDGE ( 'NONE', *, *, #333, .T. ) ;
#1405 = DIRECTION ( 'NONE',  ( 1.000000000000000000, 0.000000000000000000, 0.000000000000000000 ) ) ;
#1406 = DIRECTION ( 'NONE',  ( -0.000000000000000000, 0.000000000000000000, -1.000000000000000000 ) ) ;
#1407 = EDGE_LOOP ( 'NONE', ( #229, #1236, #473, #1364 ) ) ;
#1408 = DIRECTION ( 'NONE',  ( 1.000000000000000000, 0.000000000000000000, 0.000000000000000000 ) ) ;
#1409 = DIRECTION ( 'NONE',  ( -1.000000000000000000, -0.000000000000000000, -0.000000000000000000 ) ) ;
#1410 = VERTEX_POINT ( 'NONE', #1283 ) ;
#1411 = FACE_OUTER_BOUND ( 'NONE', #1600, .T. ) ;
#1412 = LINE ( 'NONE', #988, #516 ) ;
#1413 = EDGE_CURVE ( 'NONE', #1198, #190, #998, .T. ) ;
#1414 = CARTESIAN_POINT ( 'NONE',  ( 19.00000000000000000, 18.00000000000000000, 2.000000000000000000 ) ) ;
#1415 = VERTEX_POINT ( 'NONE', #1152 ) ;
#1416 = DIRECTION ( 'NONE',  ( -0.000000000000000000, -0.000000000000000000, 1.000000000000000000 ) ) ;
#1417 = AXIS2_PLACEMENT_3D ( 'NONE', #151, #1340, #271 ) ;
#1418 = CARTESIAN_POINT ( 'NONE',  ( -11.00000000000000000, -16.00000000000000000, 2.000000000000000000 ) ) ;
#1419 = CARTESIAN_POINT ( 'NONE',  ( -15.90000000000000036, -17.00000000000000711, 2.000000000000000000 ) ) ;
#1420 = AXIS2_PLACEMENT_3D ( 'NONE', #1612, #1175, #257 ) ;
#1421 = VECTOR ( 'NONE', #454, 1000.000000000000000 ) ;
#1422 = ORIENTED_EDGE ( 'NONE', *, *, #361, .T. ) ;
#1423 = FACE_OUTER_BOUND ( 'NONE', #1067, .T. ) ;
#1424 = UNCERTAINTY_MEASURE_WITH_UNIT (LENGTH_MEASURE( 1.000000000000000082E-05 ), #1467, 'distance_accuracy_value', 'NONE');
#1425 = CIRCLE ( 'NONE', #1566, 1.099999999999996758 ) ;
#1426 = CARTESIAN_POINT ( 'NONE',  ( -11.00000000000000000, 17.00000000000000000, 2.000000000000000000 ) ) ;
#1427 = VECTOR ( 'NONE', #310, 1000.000000000000000 ) ;
#1428 = ORIENTED_EDGE ( 'NONE', *, *, #1657, .T. ) ;
#1429 = ADVANCED_FACE ( 'NONE', ( #471 ), #863, .F. ) ;
#1430 = CARTESIAN_POINT ( 'NONE',  ( -17.99999999999999645, -19.00000000000000000, 2.000000000000000000 ) ) ;
#1431 = ORIENTED_EDGE ( 'NONE', *, *, #758, .F. ) ;
#1432 = ORIENTED_EDGE ( 'NONE', *, *, #945, .T. ) ;
#1433 = ORIENTED_EDGE ( 'NONE', *, *, #1074, .F. ) ;
#1434 = ORIENTED_EDGE ( 'NONE', *, *, #1692, .F. ) ;
#1435 = DIRECTION ( 'NONE',  ( 0.000000000000000000, 1.000000000000000000, 0.000000000000000000 ) ) ;
#1436 = ORIENTED_EDGE ( 'NONE', *, *, #1438, .F. ) ;
#1437 = CYLINDRICAL_SURFACE ( 'NONE', #1368, 1.000000000000000888 ) ;
#1438 = EDGE_CURVE ( 'NONE', #475, #949, #607, .T. ) ;
#1439 = CARTESIAN_POINT ( 'NONE',  ( 13.00000000000000178, 13.00000000000013678, 2.000000000000000000 ) ) ;
#1440 = ORIENTED_EDGE ( 'NONE', *, *, #526, .F. ) ;
#1441 = ORIENTED_EDGE ( 'NONE', *, *, #309, .F. ) ;
#1442 = DIRECTION ( 'NONE',  ( 1.000000000000000000, 0.000000000000000000, 0.000000000000000000 ) ) ;
#1443 = DIRECTION ( 'NONE',  ( 1.000000000000000000, 0.000000000000000000, 0.000000000000000000 ) ) ;
#1444 = LINE ( 'NONE', #240, #632 ) ;
#1445 = EDGE_LOOP ( 'NONE', ( #903, #1559, #251, #440 ) ) ;
#1446 = CARTESIAN_POINT ( 'NONE',  ( 12.00000000000000000, 16.00000000000000000, 2.000000000000000000 ) ) ;
#1447 = DIRECTION ( 'NONE',  ( 1.000000000000000000, 0.000000000000000000, 0.000000000000000000 ) ) ;
#1448 = EDGE_CURVE ( 'NONE', #740, #260, #464, .T. ) ;
#1449 = ORIENTED_EDGE ( 'NONE', *, *, #1323, .F. ) ;
#1450 = EDGE_LOOP ( 'NONE', ( #322, #489 ) ) ;
#1451 = FACE_OUTER_BOUND ( 'NONE', #1072, .T. ) ;
#1452 = VECTOR ( 'NONE', #634, 1000.000000000000000 ) ;
#1453 = CARTESIAN_POINT ( 'NONE',  ( -18.09999999999999432, -17.00000000000000711, -1.734723475976807094E-15 ) ) ;
#1454 = VECTOR ( 'NONE', #647, 1000.000000000000000 ) ;
#1455 = DIRECTION ( 'NONE',  ( 0.000000000000000000, 0.000000000000000000, -1.000000000000000000 ) ) ;
#1456 = ORIENTED_EDGE ( 'NONE', *, *, #551, .F. ) ;
#1457 = AXIS2_PLACEMENT_3D ( 'NONE', #1573, #238, #99 ) ;
#1458 = VECTOR ( 'NONE', #732, 1000.000000000000000 ) ;
#1459 = ORIENTED_EDGE ( 'NONE', *, *, #1125, .F. ) ;
#1460 = EDGE_CURVE ( 'NONE', #1648, #892, #339, .T. ) ;
#1461 = ORIENTED_EDGE ( 'NONE', *, *, #1298, .T. ) ;
#1462 = DIRECTION ( 'NONE',  ( 0.000000000000000000, 1.000000000000000000, -0.000000000000000000 ) ) ;
#1463 = ADVANCED_FACE ( 'NONE', ( #1524 ), #52, .F. ) ;
#1464 = CARTESIAN_POINT ( 'NONE',  ( 16.00000000000011369, -10.99999999999999822, -8.000000000000000000 ) ) ;
#1465 = ORIENTED_EDGE ( 'NONE', *, *, #1371, .F. ) ;
#1466 = DIRECTION ( 'NONE',  ( 0.000000000000000000, -0.000000000000000000, -1.000000000000000000 ) ) ;
#1467 =( LENGTH_UNIT ( ) NAMED_UNIT ( * ) SI_UNIT ( .MILLI., .METRE. ) );
#1468 = EDGE_LOOP ( 'NONE', ( #1441, #1392, #611, #45, #518, #1699, #1588, #450, #1286, #565, #311, #224, #1434, #404, #335, #936, #1608, #1010, #1679, #544, #1190, #505, #1374, #382 ) ) ;
#1469 = VERTEX_POINT ( 'NONE', #843 ) ;
#1470 = FACE_OUTER_BOUND ( 'NONE', #1099, .T. ) ;
#1471 = CARTESIAN_POINT ( 'NONE',  ( -14.00000000000000533, 14.00000000000000178, 2.000000000000000000 ) ) ;
#1472 = ORIENTED_EDGE ( 'NONE', *, *, #460, .F. ) ;
#1473 = CARTESIAN_POINT ( 'NONE',  ( -18.99999999999999645, -18.00000000000000000, 2.000000000000000000 ) ) ;
#1474 = ADVANCED_FACE ( 'NONE', ( #198 ), #729, .T. ) ;
#1475 = DIRECTION ( 'NONE',  ( -0.000000000000000000, -0.000000000000000000, 1.000000000000000000 ) ) ;
#1476 = ORIENTED_EDGE ( 'NONE', *, *, #160, .T. ) ;
#1477 = PLANE ( 'NONE',  #1330 ) ;
#1478 = VECTOR ( 'NONE', #1541, 1000.000000000000000 ) ;
#1479 = DIRECTION ( 'NONE',  ( -1.000000000000000000, 0.000000000000000000, 0.000000000000000000 ) ) ;
#1480 = AXIS2_PLACEMENT_3D ( 'NONE', #861, #470, #200 ) ;
#1481 = CARTESIAN_POINT ( 'NONE',  ( -13.00000000000000178, -13.00000000000000178, 0.000000000000000000 ) ) ;
#1482 = VECTOR ( 'NONE', #1406, 1000.000000000000000 ) ;
#1483 = ORIENTED_EDGE ( 'NONE', *, *, #1523, .T. ) ;
#1484 = AXIS2_PLACEMENT_3D ( 'NONE', #507, #819, #940 ) ;
#1485 = EDGE_CURVE ( 'NONE', #1051, #1545, #187, .T. ) ;
#1486 = AXIS2_PLACEMENT_3D ( 'NONE', #1265, #1251, #1132 ) ;
#1487 = CIRCLE ( 'NONE', #608, 1.099999999999996758 ) ;
#1488 = ORIENTED_EDGE ( 'NONE', *, *, #122, .F. ) ;
#1489 = FACE_OUTER_BOUND ( 'NONE', #1715, .T. ) ;
#1490 = FACE_OUTER_BOUND ( 'NONE', #1741, .T. ) ;
#1491 = DIRECTION ( 'NONE',  ( -0.000000000000000000, -0.000000000000000000, 1.000000000000000000 ) ) ;
#1492 = CARTESIAN_POINT ( 'NONE',  ( 16.99999999999988631, 11.00000000000017586, 0.000000000000000000 ) ) ;
#1493 = DIRECTION ( 'NONE',  ( 1.000000000000000000, 0.000000000000000000, 0.000000000000000000 ) ) ;
#1494 = EDGE_CURVE ( 'NONE', #1260, #1469, #1387, .T. ) ;
#1495 = ORIENTED_EDGE ( 'NONE', *, *, #681, .T. ) ;
#1496 = EDGE_LOOP ( 'NONE', ( #1428, #1209, #1483, #98, #1169, #785, #1141, #1093 ) ) ;
#1497 = DIRECTION ( 'NONE',  ( 1.000000000000000000, 0.000000000000000000, 0.000000000000000000 ) ) ;
#1498 = DIRECTION ( 'NONE',  ( -1.000000000000000000, -0.000000000000000000, -0.000000000000000000 ) ) ;
#1499 = CARTESIAN_POINT ( 'NONE',  ( 17.00000000000000000, 16.99999999999999645, 2.000000000000000000 ) ) ;
#1500 = DIRECTION ( 'NONE',  ( -0.000000000000000000, -0.000000000000000000, 1.000000000000000000 ) ) ;
#1501 = VERTEX_POINT ( 'NONE', #568 ) ;
#1502 = ORIENTED_EDGE ( 'NONE', *, *, #1402, .T. ) ;
#1503 = CARTESIAN_POINT ( 'NONE',  ( -13.00000000000000178, -12.00000000000000000, 0.000000000000000000 ) ) ;
#1504 = EDGE_CURVE ( 'NONE', #1614, #1338, #301, .T. ) ;
#1505 = LINE ( 'NONE', #805, #688 ) ;
#1506 = AXIS2_PLACEMENT_3D ( 'NONE', #295, #952, #826 ) ;
#1507 = AXIS2_PLACEMENT_3D ( 'NONE', #70, #1398, #1128 ) ;
#1508 = AXIS2_PLACEMENT_3D ( 'NONE', #1342, #1491, #1356 ) ;
#1509 = DIRECTION ( 'NONE',  ( -0.000000000000000000, -0.000000000000000000, 1.000000000000000000 ) ) ;
#1510 = ORIENTED_EDGE ( 'NONE', *, *, #767, .F. ) ;
#1511 = ORIENTED_EDGE ( 'NONE', *, *, #1611, .F. ) ;
#1512 = PLANE ( 'NONE',  #1196 ) ;
#1513 = EDGE_CURVE ( 'NONE', #860, #1622, #221, .T. ) ;
#1514 = DIRECTION ( 'NONE',  ( 0.000000000000000000, -0.000000000000000000, -1.000000000000000000 ) ) ;
#1515 = EDGE_CURVE ( 'NONE', #136, #1198, #1380, .T. ) ;
#1516 = CARTESIAN_POINT ( 'NONE',  ( 0.000000000000000000, 0.000000000000000000, 2.000000000000000000 ) ) ;
#1517 = DIRECTION ( 'NONE',  ( -1.000000000000000000, -0.000000000000000000, -0.000000000000000000 ) ) ;
#1518 = EDGE_LOOP ( 'NONE', ( #236, #985 ) ) ;
#1519 = LINE ( 'NONE', #1655, #1270 ) ;
#1520 = LINE ( 'NONE', #1625, #297 ) ;
#1521 = DIRECTION ( 'NONE',  ( 1.000000000000000000, 0.000000000000000000, 0.000000000000000000 ) ) ;
#1522 = CARTESIAN_POINT ( 'NONE',  ( -15.90000000000000036, -17.00000000000000711, -1.734723475976807094E-15 ) ) ;
#1523 = EDGE_CURVE ( 'NONE', #769, #916, #577, .T. ) ;
#1524 = FACE_OUTER_BOUND ( 'NONE', #77, .T. ) ;
#1525 = ORIENTED_EDGE ( 'NONE', *, *, #1323, .T. ) ;
#1526 = LINE ( 'NONE', #317, #519 ) ;
#1527 = DIRECTION ( 'NONE',  ( -0.000000000000000000, 0.000000000000000000, 1.000000000000000000 ) ) ;
#1528 = LINE ( 'NONE', #993, #746 ) ;
#1529 = DIRECTION ( 'NONE',  ( 0.000000000000000000, -1.000000000000000000, 0.000000000000000000 ) ) ;
#1530 = ADVANCED_FACE ( 'NONE', ( #720 ), #175, .F. ) ;
#1531 = STYLED_ITEM ( 'NONE', ( #1599 ), #121 ) ;
#1532 = AXIS2_PLACEMENT_3D ( 'NONE', #118, #782, #1725 ) ;
#1533 = ORIENTED_EDGE ( 'NONE', *, *, #1015, .F. ) ;
#1534 = VECTOR ( 'NONE', #169, 1000.000000000000000 ) ;
#1535 = CARTESIAN_POINT ( 'NONE',  ( -11.00000000000000000, 17.00000000000000000, -8.000000000000000000 ) ) ;
#1536 = AXIS2_PLACEMENT_3D ( 'NONE', #1245, #575, #1002 ) ;
#1537 = STYLED_ITEM ( 'NONE', ( #1324 ), #882 ) ;
#1538 = CARTESIAN_POINT ( 'NONE',  ( -12.00000000000000000, -13.00000000000000178, 2.000000000000000000 ) ) ;
#1539 = CARTESIAN_POINT ( 'NONE',  ( 18.10000000000000142, -17.00000000000000355, -1.734723475976807094E-15 ) ) ;
#1540 = ORIENTED_EDGE ( 'NONE', *, *, #1728, .F. ) ;
#1541 = DIRECTION ( 'NONE',  ( -1.000000000000000000, -3.491481338843133355E-15, 0.000000000000000000 ) ) ;
#1542 = CARTESIAN_POINT ( 'NONE',  ( -15.99999999999996270, -12.00000000000000000, 2.000000000000000000 ) ) ;
#1543 = FACE_OUTER_BOUND ( 'NONE', #86, .T. ) ;
#1544 = EDGE_CURVE ( 'NONE', #1469, #1027, #1005, .T. ) ;
#1545 = VERTEX_POINT ( 'NONE', #1596 ) ;
#1546 = PLANE ( 'NONE',  #1227 ) ;
#1547 = DIRECTION ( 'NONE',  ( -0.000000000000000000, -0.000000000000000000, 1.000000000000000000 ) ) ;
#1548 = ORIENTED_EDGE ( 'NONE', *, *, #1740, .F. ) ;
#1549 = CARTESIAN_POINT ( 'NONE',  ( -4.189777606611760026E-14, 12.00000000000000000, 0.000000000000000000 ) ) ;
#1550 = CARTESIAN_POINT ( 'NONE',  ( -16.99999999999996092, -12.00000000000005862, 2.000000000000000000 ) ) ;
#1551 = EDGE_CURVE ( 'NONE', #1216, #150, #1006, .T. ) ;
#1552 = ORIENTED_EDGE ( 'NONE', *, *, #1107, .T. ) ;
#1553 = FACE_BOUND ( 'NONE', #360, .T. ) ;
#1554 = CARTESIAN_POINT ( 'NONE',  ( 12.90000000000000568, 14.00000000000000178, -1.734723475976807094E-15 ) ) ;
#1555 = CARTESIAN_POINT ( 'NONE',  ( 12.90000000000000568, -13.99999999999999822, -1.734723475976807094E-15 ) ) ;
#1556 = DIRECTION ( 'NONE',  ( 1.000000000000000000, 0.000000000000000000, 0.000000000000000000 ) ) ;
#1557 = ORIENTED_EDGE ( 'NONE', *, *, #1638, .F. ) ;
#1558 = VECTOR ( 'NONE', #1218, 1000.000000000000000 ) ;
#1559 = ORIENTED_EDGE ( 'NONE', *, *, #1125, .T. ) ;
#1560 = CYLINDRICAL_SURFACE ( 'NONE', #407, 1.099999999999996758 ) ;
#1561 = DIRECTION ( 'NONE',  ( 0.000000000000000000, 1.000000000000000000, -0.000000000000000000 ) ) ;
#1562 = CIRCLE ( 'NONE', #774, 1.000000000000000888 ) ;
#1563 = ORIENTED_EDGE ( 'NONE', *, *, #1298, .F. ) ;
#1564 = AXIS2_PLACEMENT_3D ( 'NONE', #1097, #1610, #1479 ) ;
#1565 = ORIENTED_EDGE ( 'NONE', *, *, #1204, .T. ) ;
#1566 = AXIS2_PLACEMENT_3D ( 'NONE', #225, #231, #365 ) ;
#1567 = DIRECTION ( 'NONE',  ( 0.000000000000000000, 0.000000000000000000, 1.000000000000000000 ) ) ;
#1568 = DIRECTION ( 'NONE',  ( 1.000000000000000000, 0.000000000000000000, 0.000000000000000000 ) ) ;
#1569 = EDGE_CURVE ( 'NONE', #1038, #524, #233, .T. ) ;
#1570 = VERTEX_POINT ( 'NONE', #113 ) ;
#1571 = ORIENTED_EDGE ( 'NONE', *, *, #417, .T. ) ;
#1572 = ORIENTED_EDGE ( 'NONE', *, *, #668, .F. ) ;
#1573 = CARTESIAN_POINT ( 'NONE',  ( -14.00000000000000533, 14.00000000000000178, 2.000000000000000000 ) ) ;
#1574 = CARTESIAN_POINT ( 'NONE',  ( 18.00000000000000000, -18.00000000000000000, 2.000000000000000000 ) ) ;
#1575 = CARTESIAN_POINT ( 'NONE',  ( -15.09999999999999964, -13.99999999999999645, -1.734723475976807094E-15 ) ) ;
#1576 = ORIENTED_EDGE ( 'NONE', *, *, #395, .T. ) ;
#1577 = DIRECTION ( 'NONE',  ( 1.000000000000000000, 0.000000000000000000, 0.000000000000000000 ) ) ;
#1578 = EDGE_CURVE ( 'NONE', #1545, #1051, #832, .T. ) ;
#1579 = VERTEX_POINT ( 'NONE', #105 ) ;
#1580 = EDGE_LOOP ( 'NONE', ( #602, #1449, #564, #1511 ) ) ;
#1581 = PLANE ( 'NONE',  #247 ) ;
#1582 = CYLINDRICAL_SURFACE ( 'NONE', #1360, 1.000000000000000888 ) ;
#1583 = ORIENTED_EDGE ( 'NONE', *, *, #1494, .T. ) ;
#1584 = DIRECTION ( 'NONE',  ( -0.000000000000000000, 0.000000000000000000, 1.000000000000000000 ) ) ;
#1585 = EDGE_CURVE ( 'NONE', #1695, #478, #416, .T. ) ;
#1586 = CIRCLE ( 'NONE', #60, 1.099999999999996758 ) ;
#1587 = EDGE_CURVE ( 'NONE', #768, #511, #303, .T. ) ;
#1588 = ORIENTED_EDGE ( 'NONE', *, *, #1019, .F. ) ;
#1589 = VERTEX_POINT ( 'NONE', #1446 ) ;
#1590 = CYLINDRICAL_SURFACE ( 'NONE', #633, 1.000000000000000888 ) ;
#1591 = CARTESIAN_POINT ( 'NONE',  ( 15.99999999999987566, 12.00000000000016875, 0.000000000000000000 ) ) ;
#1592 = AXIS2_PLACEMENT_3D ( 'NONE', #428, #308, #838 ) ;
#1593 = CYLINDRICAL_SURFACE ( 'NONE', #351, 1.000000000000000888 ) ;
#1594 = VERTEX_POINT ( 'NONE', #1555 ) ;
#1595 = VECTOR ( 'NONE', #1113, 1000.000000000000000 ) ;
#1596 = CARTESIAN_POINT ( 'NONE',  ( -15.10000000000000142, 14.00000000000000178, -1.734723475976807094E-15 ) ) ;
#1597 = AXIS2_PLACEMENT_3D ( 'NONE', #1138, #1673, #1016 ) ;
#1598 = VECTOR ( 'NONE', #675, 1000.000000000000000 ) ;
#1599 = PRESENTATION_STYLE_ASSIGNMENT (( #1729 ) ) ;
#1600 = EDGE_LOOP ( 'NONE', ( #211, #253, #966, #991, #662, #759, #943, #241 ) ) ;
#1601 = EDGE_LOOP ( 'NONE', ( #653, #704, #761, #1433 ) ) ;
#1602 = LINE ( 'NONE', #393, #352 ) ;
#1603 = ADVANCED_FACE ( 'NONE', ( #917 ), #1437, .T. ) ;
#1604 = CARTESIAN_POINT ( 'NONE',  ( -16.99999999999999645, -17.00000000000000711, 2.000000000000000000 ) ) ;
#1605 = DIRECTION ( 'NONE',  ( 0.000000000000000000, 0.000000000000000000, 1.000000000000000000 ) ) ;
#1606 = ORIENTED_EDGE ( 'NONE', *, *, #84, .T. ) ;
#1607 =( NAMED_UNIT ( * ) SI_UNIT ( $, .STERADIAN. ) SOLID_ANGLE_UNIT ( ) );
#1608 = ORIENTED_EDGE ( 'NONE', *, *, #315, .F. ) ;
#1609 = CYLINDRICAL_SURFACE ( 'NONE', #243, 1.000000000000000888 ) ;
#1610 = DIRECTION ( 'NONE',  ( 0.000000000000000000, 0.000000000000000000, -1.000000000000000000 ) ) ;
#1611 = EDGE_CURVE ( 'NONE', #930, #1614, #226, .T. ) ;
#1612 = CARTESIAN_POINT ( 'NONE',  ( 18.00000000000000000, -18.00000000000000000, 2.000000000000000000 ) ) ;
#1613 = FILL_AREA_STYLE_COLOUR ( '', #695 ) ;
#1614 = VERTEX_POINT ( 'NONE', #242 ) ;
#1615 = DIRECTION ( 'NONE',  ( 0.000000000000000000, -0.000000000000000000, -1.000000000000000000 ) ) ;
#1616 = VECTOR ( 'NONE', #1102, 1000.000000000000000 ) ;
#1617 = CARTESIAN_POINT ( 'NONE',  ( -15.99999999999996270, -11.00000000000000000, 2.000000000000000000 ) ) ;
#1618 = CARTESIAN_POINT ( 'NONE',  ( 19.00000000000000000, 18.00000000000000000, 0.000000000000000000 ) ) ;
#1619 = ORIENTED_EDGE ( 'NONE', *, *, #503, .T. ) ;
#1620 = EDGE_CURVE ( 'NONE', #280, #115, #250, .T. ) ;
#1621 = AXIS2_PLACEMENT_3D ( 'NONE', #1173, #1435, #1713 ) ;
#1622 = VERTEX_POINT ( 'NONE', #650 ) ;
#1623 = PLANE ( 'NONE',  #1417 ) ;
#1624 = LINE ( 'NONE', #953, #1307 ) ;
#1625 = CARTESIAN_POINT ( 'NONE',  ( 15.90000000000000746, -17.00000000000000355, 2.000000000000000000 ) ) ;
#1626 = SURFACE_STYLE_FILL_AREA ( #5 ) ;
#1627 = EDGE_CURVE ( 'NONE', #53, #806, #888, .T. ) ;
#1628 = DIRECTION ( 'NONE',  ( 1.000000000000000000, 0.000000000000000000, 0.000000000000000000 ) ) ;
#1629 = EDGE_LOOP ( 'NONE', ( #419, #1548, #1258, #1731 ) ) ;
#1630 = ORIENTED_EDGE ( 'NONE', *, *, #1620, .T. ) ;
#1631 = DIRECTION ( 'NONE',  ( -9.130123557772669567E-17, 1.000000000000000000, 0.000000000000000000 ) ) ;
#1632 = DIRECTION ( 'NONE',  ( -0.000000000000000000, -0.000000000000000000, 1.000000000000000000 ) ) ;
#1633 = FACE_OUTER_BOUND ( 'NONE', #1134, .T. ) ;
#1634 = EDGE_CURVE ( 'NONE', #801, #865, #1487, .T. ) ;
#1635 = ORIENTED_EDGE ( 'NONE', *, *, #74, .F. ) ;
#1636 = ORIENTED_EDGE ( 'NONE', *, *, #73, .F. ) ;
#1637 = DIRECTION ( 'NONE',  ( -0.000000000000000000, 0.000000000000000000, -1.000000000000000000 ) ) ;
#1638 = EDGE_CURVE ( 'NONE', #85, #1038, #1707, .T. ) ;
#1639 = DIRECTION ( 'NONE',  ( -0.000000000000000000, 0.000000000000000000, 1.000000000000000000 ) ) ;
#1640 = VECTOR ( 'NONE', #201, 1000.000000000000000 ) ;
#1641 = FACE_OUTER_BOUND ( 'NONE', #282, .T. ) ;
#1642 = AXIS2_PLACEMENT_3D ( 'NONE', #1694, #80, #1568 ) ;
#1643 = CARTESIAN_POINT ( 'NONE',  ( -13.00000000000000178, 12.99999999999995559, 2.000000000000000000 ) ) ;
#1644 = VECTOR ( 'NONE', #1126, 1000.000000000000000 ) ;
#1645 = AXIS2_PLACEMENT_3D ( 'NONE', #1049, #1165, #1304 ) ;
#1646 = DIRECTION ( 'NONE',  ( 1.000000000000000000, 0.000000000000000000, 0.000000000000000000 ) ) ;
#1647 =( GEOMETRIC_REPRESENTATION_CONTEXT ( 3 ) GLOBAL_UNCERTAINTY_ASSIGNED_CONTEXT ( ( #1164 ) ) GLOBAL_UNIT_ASSIGNED_CONTEXT ( ( #120, #286, #1607 ) ) REPRESENTATION_CONTEXT ( 'NONE', 'WORKASPACE' ) );
#1648 = VERTEX_POINT ( 'NONE', #216 ) ;
#1649 = EDGE_CURVE ( 'NONE', #83, #1194, #72, .T. ) ;
#1650 = DIRECTION ( 'NONE',  ( 1.000000000000000000, 0.000000000000000000, 0.000000000000000000 ) ) ;
#1651 = PRODUCT_CONTEXT ( 'NONE', #441, 'mechanical' ) ;
#1652 = CARTESIAN_POINT ( 'NONE',  ( -17.99999999999999645, -19.00000000000000000, 0.000000000000000000 ) ) ;
#1653 =( NAMED_UNIT ( * ) PLANE_ANGLE_UNIT ( ) SI_UNIT ( $, .RADIAN. ) );
#1654 = ORIENTED_EDGE ( 'NONE', *, *, #336, .F. ) ;
#1655 = CARTESIAN_POINT ( 'NONE',  ( 15.09999999999999964, 14.00000000000000178, 2.000000000000000000 ) ) ;
#1656 = DIRECTION ( 'NONE',  ( 0.000000000000000000, 0.000000000000000000, 1.000000000000000000 ) ) ;
#1657 = EDGE_CURVE ( 'NONE', #83, #648, #82, .T. ) ;
#1658 = CARTESIAN_POINT ( 'NONE',  ( -14.00000000000000533, 14.00000000000000178, 2.000000000000000000 ) ) ;
#1659 = LINE ( 'NONE', #994, #1734 ) ;
#1660 = ORIENTED_EDGE ( 'NONE', *, *, #1107, .F. ) ;
#1661 = EDGE_LOOP ( 'NONE', ( #670, #1488 ) ) ;
#1662 = CARTESIAN_POINT ( 'NONE',  ( -12.00000000000000000, 19.00000000000000000, 0.000000000000000000 ) ) ;
#1663 = DIRECTION ( 'NONE',  ( -0.000000000000000000, -0.000000000000000000, 1.000000000000000000 ) ) ;
#1664 = CYLINDRICAL_SURFACE ( 'NONE', #1536, 1.000000000000000888 ) ;
#1665 = CARTESIAN_POINT ( 'NONE',  ( -18.99999999999999645, -12.00000000000000000, 2.000000000000000000 ) ) ;
#1666 = ORIENTED_EDGE ( 'NONE', *, *, #1066, .F. ) ;
#1667 = DIRECTION ( 'NONE',  ( -0.000000000000000000, -0.000000000000000000, 1.000000000000000000 ) ) ;
#1668 = ORIENTED_EDGE ( 'NONE', *, *, #627, .F. ) ;
#1669 = AXIS2_PLACEMENT_3D ( 'NONE', #362, #1686, #235 ) ;
#1670 = EDGE_CURVE ( 'NONE', #1017, #524, #140, .T. ) ;
#1671 = ORIENTED_EDGE ( 'NONE', *, *, #1751, .F. ) ;
#1672 = CIRCLE ( 'NONE', #34, 1.000000000000000888 ) ;
#1673 = DIRECTION ( 'NONE',  ( 0.000000000000000000, -0.000000000000000000, -1.000000000000000000 ) ) ;
#1674 = AXIS2_PLACEMENT_3D ( 'NONE', #1256, #330, #873 ) ;
#1675 = ORIENTED_EDGE ( 'NONE', *, *, #84, .F. ) ;
#1676 = DIRECTION ( 'NONE',  ( -1.047444401652940007E-14, 1.000000000000000000, -0.000000000000000000 ) ) ;
#1677 = DIRECTION ( 'NONE',  ( 1.000000000000000000, 0.000000000000000000, 0.000000000000000000 ) ) ;
#1678 = VERTEX_POINT ( 'NONE', #1343 ) ;
#1679 = ORIENTED_EDGE ( 'NONE', *, *, #494, .F. ) ;
#1680 = CARTESIAN_POINT ( 'NONE',  ( 17.00000000000000355, -17.00000000000000355, 2.000000000000000000 ) ) ;
#1681 = EDGE_LOOP ( 'NONE', ( #1557, #1708, #1510, #1720 ) ) ;
#1682 = CYLINDRICAL_SURFACE ( 'NONE', #129, 1.099999999999996758 ) ;
#1683 = DIRECTION ( 'NONE',  ( -0.000000000000000000, -0.000000000000000000, 1.000000000000000000 ) ) ;
#1684 = CARTESIAN_POINT ( 'NONE',  ( -17.00000000000000000, 16.99999999999999645, -1.734723475976807094E-15 ) ) ;
#1685 = VERTEX_POINT ( 'NONE', #1222 ) ;
#1686 = DIRECTION ( 'NONE',  ( 0.000000000000000000, -0.000000000000000000, -1.000000000000000000 ) ) ;
#1687 = ADVANCED_FACE ( 'NONE', ( #1633 ), #533, .F. ) ;
#1688 = CARTESIAN_POINT ( 'NONE',  ( -18.99999999999999645, -12.00000000000000000, 2.000000000000000000 ) ) ;
#1689 = ORIENTED_EDGE ( 'NONE', *, *, #1077, .T. ) ;
#1690 = VERTEX_POINT ( 'NONE', #1492 ) ;
#1691 = FACE_BOUND ( 'NONE', #644, .T. ) ;
#1692 = EDGE_CURVE ( 'NONE', #795, #1589, #796, .T. ) ;
#1693 = PLANE ( 'NONE',  #100 ) ;
#1694 = CARTESIAN_POINT ( 'NONE',  ( -16.00000000000003908, 10.99999999999994316, 0.000000000000000000 ) ) ;
#1695 = VERTEX_POINT ( 'NONE', #415 ) ;
#1696 = VECTOR ( 'NONE', #1637, 1000.000000000000000 ) ;
#1697 = LINE ( 'NONE', #1549, #1478 ) ;
#1698 = VECTOR ( 'NONE', #613, 1000.000000000000000 ) ;
#1699 = ORIENTED_EDGE ( 'NONE', *, *, #701, .T. ) ;
#1700 = AXIS2_PLACEMENT_3D ( 'NONE', #508, #925, #680 ) ;
#1701 = ORIENTED_EDGE ( 'NONE', *, *, #1670, .F. ) ;
#1702 = DIRECTION ( 'NONE',  ( 0.000000000000000000, 1.000000000000000000, 0.000000000000000000 ) ) ;
#1703 = VECTOR ( 'NONE', #1676, 1000.000000000000000 ) ;
#1704 = CARTESIAN_POINT ( 'NONE',  ( 15.90000000000000746, -17.00000000000000355, 2.000000000000000000 ) ) ;
#1705 = ADVANCED_FACE ( 'NONE', ( #561 ), #1215, .F. ) ;
#1706 = DIRECTION ( 'NONE',  ( -0.000000000000000000, 0.000000000000000000, 1.000000000000000000 ) ) ;
#1707 = CIRCLE ( 'NONE', #721, 1.000000000000000888 ) ;
#1708 = ORIENTED_EDGE ( 'NONE', *, *, #1402, .F. ) ;
#1709 = ORIENTED_EDGE ( 'NONE', *, *, #1261, .T. ) ;
#1710 = ORIENTED_EDGE ( 'NONE', *, *, #1692, .T. ) ;
#1711 = ORIENTED_EDGE ( 'NONE', *, *, #1127, .T. ) ;
#1712 = LINE ( 'NONE', #663, #274 ) ;
#1713 = DIRECTION ( 'NONE',  ( 0.000000000000000000, -0.000000000000000000, 1.000000000000000000 ) ) ;
#1714 = CARTESIAN_POINT ( 'NONE',  ( 17.00000000000000355, -17.00000000000000355, 2.000000000000000000 ) ) ;
#1715 = EDGE_LOOP ( 'NONE', ( #541, #1161, #1710, #141 ) ) ;
#1716 = ADVANCED_FACE ( 'NONE', ( #692 ), #402, .F. ) ;
#1717 = DIRECTION ( 'NONE',  ( 1.000000000000000000, 0.000000000000000000, -0.000000000000000000 ) ) ;
#1718 = CARTESIAN_POINT ( 'NONE',  ( 17.00000000000000000, 16.99999999999999645, 2.000000000000000000 ) ) ;
#1719 = CARTESIAN_POINT ( 'NONE',  ( -18.99999999999999645, -18.00000000000000000, 0.000000000000000000 ) ) ;
#1720 = ORIENTED_EDGE ( 'NONE', *, *, #1077, .F. ) ;
#1721 = ORIENTED_EDGE ( 'NONE', *, *, #279, .F. ) ;
#1722 = CYLINDRICAL_SURFACE ( 'NONE', #1484, 1.099999999999996758 ) ;
#1723 = DIRECTION ( 'NONE',  ( -1.000000000000000000, 0.000000000000000000, 0.000000000000000000 ) ) ;
#1724 = DIRECTION ( 'NONE',  ( -1.000000000000000000, 0.000000000000000000, 0.000000000000000000 ) ) ;
#1725 = DIRECTION ( 'NONE',  ( 1.000000000000000000, 0.000000000000000000, 0.000000000000000000 ) ) ;
#1726 = ORIENTED_EDGE ( 'NONE', *, *, #701, .F. ) ;
#1727 = CARTESIAN_POINT ( 'NONE',  ( 16.00000000000011369, -10.99999999999999822, 0.000000000000000000 ) ) ;
#1728 = EDGE_CURVE ( 'NONE', #1242, #641, #937, .T. ) ;
#1729 = SURFACE_STYLE_USAGE ( .BOTH. , #652 ) ;
#1730 = COLOUR_RGB ( '',0.5019607843137254832, 0.5019607843137254832, 0.5019607843137254832 ) ;
#1731 = ORIENTED_EDGE ( 'NONE', *, *, #1494, .F. ) ;
#1732 = EDGE_LOOP ( 'NONE', ( #215, #487 ) ) ;
#1733 = DIRECTION ( 'NONE',  ( -0.000000000000000000, -0.000000000000000000, 1.000000000000000000 ) ) ;
#1734 = VECTOR ( 'NONE', #1529, 1000.000000000000000 ) ;
#1735 = PLANE ( 'NONE',  #1700 ) ;
#1736 = AXIS2_PLACEMENT_3D ( 'NONE', #383, #1615, #117 ) ;
#1737 = CARTESIAN_POINT ( 'NONE',  ( -16.00000000000004263, 11.99999999999994493, 0.000000000000000000 ) ) ;
#1738 = ORIENTED_EDGE ( 'NONE', *, *, #1378, .T. ) ;
#1739 = VECTOR ( 'NONE', #239, 1000.000000000000000 ) ;
#1740 = EDGE_CURVE ( 'NONE', #570, #1690, #525, .T. ) ;
#1741 = EDGE_LOOP ( 'NONE', ( #616, #894, #270, #1689 ) ) ;
#1742 = CARTESIAN_POINT ( 'NONE',  ( 14.00000000000000178, -13.99999999999999822, 2.000000000000000000 ) ) ;
#1743 = CARTESIAN_POINT ( 'NONE',  ( -12.90000000000000924, 14.00000000000000178, 2.000000000000000000 ) ) ;
#1744 = CARTESIAN_POINT ( 'NONE',  ( -18.99999999999999645, -12.00000000000000000, 0.000000000000000000 ) ) ;
#1745 = VERTEX_POINT ( 'NONE', #1618 ) ;
#1746 = CARTESIAN_POINT ( 'NONE',  ( -12.00000000000000000, 17.00000000000000000, -8.000000000000000000 ) ) ;
#1747 = ORIENTED_EDGE ( 'NONE', *, *, #639, .T. ) ;
#1748 = ORIENTED_EDGE ( 'NONE', *, *, #1149, .T. ) ;
#1749 = CARTESIAN_POINT ( 'NONE',  ( -11.00000000000000000, 17.00000000000000000, 0.000000000000000000 ) ) ;
#1750 = CARTESIAN_POINT ( 'NONE',  ( -19.00000000000000000, 19.00000000000000000, 0.000000000000000000 ) ) ;
#1751 = EDGE_CURVE ( 'NONE', #657, #260, #189, .T. ) ;
#1752 = CARTESIAN_POINT ( 'NONE',  ( 15.90000000000000746, -17.00000000000000355, -1.734723475976807094E-15 ) ) ;
#1753 = DIRECTION ( 'NONE',  ( -0.000000000000000000, 1.000000000000000000, 0.000000000000000000 ) ) ;
#1754 = ORIENTED_EDGE ( 'NONE', *, *, #1170, .T. ) ;
ENDSEC;
END-ISO-10303-21;
