ISO-10303-21;
HEADER;
FILE_DESCRIPTION (( 'STEP AP214' ),
    '1' );
FILE_NAME ('RB9.01.062.075 Camera holder.STEP',
    '2026-10-05T17:12:25',
    ( '' ),
    ( '' ),
    'SwSTEP 2.0',
    'SolidWorks 2021',
    '' );
FILE_SCHEMA (( 'AUTOMOTIVE_DESIGN' ));
ENDSEC;

DATA;
#1 = ORIENTED_EDGE ( 'NONE', *, *, #4598, .T. ) ;
#3 = ADVANCED_FACE ( 'NONE', ( #5746, #8664 ), #3497, .F. ) ;
#2 = CARTESIAN_POINT ( 'NONE',  ( 1.561251128379126779E-15, -9.000000000000003553, -10.25000000000000000 ) ) ;
#4 = LINE ( 'NONE', #626, #5805 ) ;
#5 = EDGE_LOOP ( 'NONE', ( #1662, #1081, #5851, #1621 ) ) ;
#6 = LINE ( 'NONE', #3087, #8769 ) ;
#7 = LINE ( 'NONE', #4590, #4660 ) ;
#8 = VERTEX_POINT ( 'NONE', #7277 ) ;
#9 = VECTOR ( 'NONE', #352, 1000.000000000000000 ) ;
#10 = CARTESIAN_POINT ( 'NONE',  ( -1.800000000000000044, 15.44999999999999751, -12.34999999999999609 ) ) ;
#11 = EDGE_LOOP ( 'NONE', ( #5369, #740, #890, #4965, #1739, #8823 ) ) ;
#12 = ORIENTED_EDGE ( 'NONE', *, *, #5502, .F. ) ;
#13 = CARTESIAN_POINT ( 'NONE',  ( 0.7673024622970618935, -11.73576913028633228, 9.375173614151945500 ) ) ;
#14 = DIRECTION ( 'NONE',  ( -0.8660254037844379305, -0.5000000000000013323, 0.000000000000000000 ) ) ;
#15 = ORIENTED_EDGE ( 'NONE', *, *, #3932, .T. ) ;
#16 = VERTEX_POINT ( 'NONE', #342 ) ;
#17 = AXIS2_PLACEMENT_3D ( 'NONE', #4604, #6707, #5388 ) ;
#18 = FACE_OUTER_BOUND ( 'NONE', #5, .T. ) ;
#19 = ORIENTED_EDGE ( 'NONE', *, *, #2394, .F. ) ;
#20 = LINE ( 'NONE', #3099, #7741 ) ;
#21 = FACE_BOUND ( 'NONE', #3823, .T. ) ;
#22 = CARTESIAN_POINT ( 'NONE',  ( 10.00000000000000000, -17.30000000000000426, -9.899999999999993250 ) ) ;
#23 = ORIENTED_EDGE ( 'NONE', *, *, #5403, .T. ) ;
#24 = ORIENTED_EDGE ( 'NONE', *, *, #125, .T. ) ;
#25 = ORIENTED_EDGE ( 'NONE', *, *, #8424, .F. ) ;
#26 = PLANE ( 'NONE',  #2247 ) ;
#27 = LINE ( 'NONE', #9768, #4987 ) ;
#28 = AXIS2_PLACEMENT_3D ( 'NONE', #640, #3696, #6760 ) ;
#29 = DIRECTION ( 'NONE',  ( 0.000000000000000000, 0.000000000000000000, 1.000000000000000000 ) ) ;
#30 = EDGE_CURVE ( 'NONE', #2371, #9346, #8023, .T. ) ;
#31 = DIRECTION ( 'NONE',  ( 0.000000000000000000, 1.000000000000000000, -1.020425574104004246E-16 ) ) ;
#32 = ORIENTED_EDGE ( 'NONE', *, *, #4650, .T. ) ;
#33 = EDGE_CURVE ( 'NONE', #397, #5768, #6608, .T. ) ;
#34 = ORIENTED_EDGE ( 'NONE', *, *, #8000, .F. ) ;
#35 = ORIENTED_EDGE ( 'NONE', *, *, #6619, .T. ) ;
#36 = CARTESIAN_POINT ( 'NONE',  ( -3.000000000000000000, -12.35025253169416892, -4.949747468305832676 ) ) ;
#37 = VECTOR ( 'NONE', #7223, 1000.000000000000000 ) ;
#38 = CARTESIAN_POINT ( 'NONE',  ( -1.165063509461097491, 26.01794919243113213, -18.00000000000000711 ) ) ;
#39 = CARTESIAN_POINT ( 'NONE',  ( -1.800000000000000044, -9.000000000000005329, 10.25000000000000000 ) ) ;
#40 = EDGE_CURVE ( 'NONE', #7348, #3889, #388, .T. ) ;
#41 = EDGE_CURVE ( 'NONE', #3870, #1894, #7973, .T. ) ;
#42 = LINE ( 'NONE', #3821, #6518 ) ;
#43 = CARTESIAN_POINT ( 'NONE',  ( 0.000000000000000000, -9.000000000000005329, 10.25000000000000000 ) ) ;
#44 = VERTEX_POINT ( 'NONE', #9667 ) ;
#45 = LINE ( 'NONE', #1518, #8147 ) ;
#46 = VERTEX_POINT ( 'NONE', #8878 ) ;
#47 = FACE_OUTER_BOUND ( 'NONE', #6276, .T. ) ;
#48 = ORIENTED_EDGE ( 'NONE', *, *, #4044, .F. ) ;
#49 = LINE ( 'NONE', #8952, #3561 ) ;
#50 = CARTESIAN_POINT ( 'NONE',  ( -8.526279441628817679, 21.76794919243112147, -24.49999999999996447 ) ) ;
#51 = ADVANCED_FACE ( 'NONE', ( #5595 ), #2748, .T. ) ;
#52 = LINE ( 'NONE', #6991, #4273 ) ;
#53 = VERTEX_POINT ( 'NONE', #5802 ) ;
#54 = CARTESIAN_POINT ( 'NONE',  ( 10.00000000000000000, -17.30000000000000426, -1.016456843292302834E-15 ) ) ;
#55 = FILL_AREA_STYLE_COLOUR ( '', #8514 ) ;
#56 = DIRECTION ( 'NONE',  ( 0.000000000000000000, 0.000000000000000000, -1.000000000000000000 ) ) ;
#57 = VERTEX_POINT ( 'NONE', #1993 ) ;
#58 = LINE ( 'NONE', #3138, #7244 ) ;
#59 = CARTESIAN_POINT ( 'NONE',  ( 0.2887123856304443792, -9.962168880682176209, 8.060995167317461352 ) ) ;
#60 = ADVANCED_FACE ( 'NONE', ( #8719 ), #1096, .F. ) ;
#61 = AXIS2_PLACEMENT_3D ( 'NONE', #7293, #7446, #405 ) ;
#62 = EDGE_CURVE ( 'NONE', #5770, #4360, #6406, .T. ) ;
#63 = PLANE ( 'NONE',  #76 ) ;
#64 = EDGE_LOOP ( 'NONE', ( #1798, #3535, #5991 ) ) ;
#65 = VERTEX_POINT ( 'NONE', #1048 ) ;
#66 = CARTESIAN_POINT ( 'NONE',  ( -14.02627944162884788, 31.29422863405997290, 23.99999999999999645 ) ) ;
#67 = VERTEX_POINT ( 'NONE', #4101 ) ;
#68 = LINE ( 'NONE', #5648, #9654 ) ;
#69 = LINE ( 'NONE', #6192, #7977 ) ;
#70 = LINE ( 'NONE', #3855, #8026 ) ;
#71 = CIRCLE ( 'NONE', #9051, 1.099999999999987876 ) ;
#72 = ORIENTED_EDGE ( 'NONE', *, *, #3083, .T. ) ;
#73 = ORIENTED_EDGE ( 'NONE', *, *, #4073, .T. ) ;
#74 = CARTESIAN_POINT ( 'NONE',  ( -22.16506350946123405, 62.39101615137766998, -16.48260615751542346 ) ) ;
#75 = DIRECTION ( 'NONE',  ( -0.4999999999999996114, 0.8660254037844389297, 0.000000000000000000 ) ) ;
#76 = AXIS2_PLACEMENT_3D ( 'NONE', #3239, #4649, #7725 ) ;
#77 = FACE_OUTER_BOUND ( 'NONE', #9452, .T. ) ;
#78 = DIRECTION ( 'NONE',  ( 0.000000000000000000, -0.7071067811865483499, 0.7071067811865467956 ) ) ;
#79 = ORIENTED_EDGE ( 'NONE', *, *, #8581, .F. ) ;
#80 = ORIENTED_EDGE ( 'NONE', *, *, #3604, .T. ) ;
#81 = ORIENTED_EDGE ( 'NONE', *, *, #4154, .F. ) ;
#82 = EDGE_LOOP ( 'NONE', ( #884, #8390, #3649, #4620 ) ) ;
#83 = ORIENTED_EDGE ( 'NONE', *, *, #5859, .F. ) ;
#84 = VERTEX_POINT ( 'NONE', #7171 ) ;
#85 = PLANE ( 'NONE',  #8843 ) ;
#86 = ORIENTED_EDGE ( 'NONE', *, *, #5023, .F. ) ;
#87 = ADVANCED_FACE ( 'NONE', ( #9566 ), #290, .F. ) ;
#88 = AXIS2_PLACEMENT_3D ( 'NONE', #6789, #9835, #7714 ) ;
#89 = PLANE ( 'NONE',  #4336 ) ;
#90 = DIRECTION ( 'NONE',  ( 1.000000000000000000, 0.000000000000000000, 0.000000000000000000 ) ) ;
#91 = AXIS2_PLACEMENT_3D ( 'NONE', #2021, #8154, #9444 ) ;
#92 = LINE ( 'NONE', #6877, #8274 ) ;
#93 = DIRECTION ( 'NONE',  ( 0.4330127018922201865, -0.7499999999999988898, 0.5000000000000008882 ) ) ;
#94 = DIRECTION ( 'NONE',  ( -0.5000000000000013323, 0.8660254037844379305, 0.000000000000000000 ) ) ;
#95 = LINE ( 'NONE', #7757, #6581 ) ;
#96 = ADVANCED_FACE ( 'NONE', ( #7222 ), #3402, .F. ) ;
#97 = ORIENTED_EDGE ( 'NONE', *, *, #5073, .T. ) ;
#98 = DIRECTION ( 'NONE',  ( -0.6123724356957974679, -0.3535533905932766174, 0.7071067811865435759 ) ) ;
#99 = EDGE_CURVE ( 'NONE', #300, #7024, #8836, .T. ) ;
#100 = LINE ( 'NONE', #9197, #6011 ) ;
#101 = ORIENTED_EDGE ( 'NONE', *, *, #1118, .T. ) ;
#102 = ORIENTED_EDGE ( 'NONE', *, *, #8824, .T. ) ;
#103 = AXIS2_PLACEMENT_3D ( 'NONE', #5450, #1656, #9324 ) ;
#104 = VECTOR ( 'NONE', #924, 1000.000000000000114 ) ;
#105 = CARTESIAN_POINT ( 'NONE',  ( 7.999999999999998224, -6.000000000000001776, -22.00000000000000355 ) ) ;
#106 = ORIENTED_EDGE ( 'NONE', *, *, #3176, .F. ) ;
#107 = EDGE_LOOP ( 'NONE', ( #1239, #7561, #2133, #6693 ) ) ;
#108 =( NAMED_UNIT ( * ) PLANE_ANGLE_UNIT ( ) SI_UNIT ( $, .RADIAN. ) );
#109 = CARTESIAN_POINT ( 'NONE',  ( 10.00000000000000000, -17.30000000000000426, 9.899999999999989697 ) ) ;
#110 = EDGE_CURVE ( 'NONE', #1823, #3059, #9753, .T. ) ;
#111 = VERTEX_POINT ( 'NONE', #1382 ) ;
#112 = DIRECTION ( 'NONE',  ( 0.5000000000000013323, -0.8660254037844379305, 0.000000000000000000 ) ) ;
#113 = CARTESIAN_POINT ( 'NONE',  ( -6.185576211353344789, 34.71373227215337209, -1.427464544306733085 ) ) ;
#114 = VECTOR ( 'NONE', #1714, 1000.000000000000000 ) ;
#115 = CARTESIAN_POINT ( 'NONE',  ( -17.41672955930067346, 48.96666049839540591, -12.26274169979694051 ) ) ;
#116 = ORIENTED_EDGE ( 'NONE', *, *, #2770, .F. ) ;
#117 = CARTESIAN_POINT ( 'NONE',  ( -7.090063509461055347, 36.28035022727662096, 12.75869692124229715 ) ) ;
#118 = CARTESIAN_POINT ( 'NONE',  ( -17.41672955930068767, 48.96666049839541301, -22.50000000000000000 ) ) ;
#119 = CARTESIAN_POINT ( 'NONE',  ( -15.16506350946115589, 50.26666049839542438, -19.15136843870016747 ) ) ;
#120 = VECTOR ( 'NONE', #7228, 1000.000000000000114 ) ;
#121 = DIRECTION ( 'NONE',  ( -0.8660254037844379305, -0.5000000000000013323, 0.000000000000000000 ) ) ;
#122 = EDGE_LOOP ( 'NONE', ( #4795, #3963, #3659, #7574 ) ) ;
#123 = EDGE_CURVE ( 'NONE', #1757, #8244, #8254, .T. ) ;
#125 = EDGE_CURVE ( 'NONE', #2937, #2429, #1345, .T. ) ;
#124 = ORIENTED_EDGE ( 'NONE', *, *, #201, .T. ) ;
#126 = ORIENTED_EDGE ( 'NONE', *, *, #2997, .F. ) ;
#127 = LINE ( 'NONE', #8566, #8670 ) ;
#128 = CARTESIAN_POINT ( 'NONE',  ( 6.530942860263101224, -22.24974746830586980, -9.192321158635740730 ) ) ;
#129 = VECTOR ( 'NONE', #5932, 1000.000000000000000 ) ;
#130 = DIRECTION ( 'NONE',  ( -1.000000000000000000, 0.000000000000000000, 0.000000000000000000 ) ) ;
#131 = ORIENTED_EDGE ( 'NONE', *, *, #5460, .F. ) ;
#132 = DIRECTION ( 'NONE',  ( 0.8660254037844379305, 0.5000000000000011102, 0.000000000000000000 ) ) ;
#133 = EDGE_CURVE ( 'NONE', #6157, #8557, #8170, .T. ) ;
#134 = ORIENTED_EDGE ( 'NONE', *, *, #6007, .F. ) ;
#135 = VERTEX_POINT ( 'NONE', #4494 ) ;
#136 = ORIENTED_EDGE ( 'NONE', *, *, #993, .T. ) ;
#137 = ORIENTED_EDGE ( 'NONE', *, *, #928, .T. ) ;
#138 = LINE ( 'NONE', #7843, #6103 ) ;
#139 = AXIS2_PLACEMENT_3D ( 'NONE', #54, #6077, #9150 ) ;
#140 = ORIENTED_EDGE ( 'NONE', *, *, #6434, .T. ) ;
#141 = DIRECTION ( 'NONE',  ( 0.8660254037844379305, 0.5000000000000011102, 0.000000000000000000 ) ) ;
#142 = CARTESIAN_POINT ( 'NONE',  ( -18.23205080756895313, 56.57883832488650455, 12.98260615751540037 ) ) ;
#143 = CARTESIAN_POINT ( 'NONE',  ( -14.55871685740845756, 45.01643729004088357, 11.74130307875768864 ) ) ;
#144 = DIRECTION ( 'NONE',  ( 0.8660254037844379305, 0.5000000000000013323, 0.000000000000000000 ) ) ;
#145 = VECTOR ( 'NONE', #3601, 1000.000000000000000 ) ;
#146 = DIRECTION ( 'NONE',  ( 1.000000000000000000, 0.000000000000000000, 0.000000000000000000 ) ) ;
#147 = ORIENTED_EDGE ( 'NONE', *, *, #3391, .T. ) ;
#148 = DIRECTION ( 'NONE',  ( 0.000000000000000000, 0.000000000000000000, -1.000000000000000000 ) ) ;
#149 = VERTEX_POINT ( 'NONE', #3594 ) ;
#150 = CARTESIAN_POINT ( 'NONE',  ( -29.56217782649113346, 66.20319397786859383, -22.49999999999996092 ) ) ;
#151 = ORIENTED_EDGE ( 'NONE', *, *, #5160, .T. ) ;
#152 = VECTOR ( 'NONE', #791, 1000.000000000000114 ) ;
#153 = CARTESIAN_POINT ( 'NONE',  ( -22.80705080756902348, 64.50297076951422071, 12.75869692124230781 ) ) ;
#154 = ORIENTED_EDGE ( 'NONE', *, *, #2701, .F. ) ;
#155 = DIRECTION ( 'NONE',  ( -0.8660254037844379305, -0.5000000000000012212, 0.000000000000000000 ) ) ;
#156 = EDGE_CURVE ( 'NONE', #6993, #6136, #9846, .T. ) ;
#157 = VECTOR ( 'NONE', #1601, 1000.000000000000114 ) ;
#158 = DIRECTION ( 'NONE',  ( 0.000000000000000000, 0.000000000000000000, 1.000000000000000000 ) ) ;
#159 = VECTOR ( 'NONE', #6847, 1000.000000000000114 ) ;
#160 = ORIENTED_EDGE ( 'NONE', *, *, #1395, .T. ) ;
#161 = LINE ( 'NONE', #6997, #6350 ) ;
#162 = EDGE_CURVE ( 'NONE', #2433, #1330, #1131, .T. ) ;
#163 = CARTESIAN_POINT ( 'NONE',  ( 0.3499999999999980904, -22.24974746830586980, -9.192321158635740730 ) ) ;
#164 = CARTESIAN_POINT ( 'NONE',  ( 1.507613341880076071E-15, -10.87873638699443291, -11.18826946459059002 ) ) ;
#165 = ORIENTED_EDGE ( 'NONE', *, *, #2575, .T. ) ;
#166 = VECTOR ( 'NONE', #3009, 1000.000000000000114 ) ;
#167 = LINE ( 'NONE', #8110, #205 ) ;
#168 = VECTOR ( 'NONE', #6004, 1000.000000000000000 ) ;
#169 = PLANE ( 'NONE',  #5204 ) ;
#170 = VERTEX_POINT ( 'NONE', #7476 ) ;
#171 = ADVANCED_FACE ( 'NONE', ( #584 ), #6801, .T. ) ;
#172 = VERTEX_POINT ( 'NONE', #3741 ) ;
#173 = EDGE_CURVE ( 'NONE', #1989, #910, #9011, .T. ) ;
#174 = CARTESIAN_POINT ( 'NONE',  ( -14.02627944162884077, 31.29422863405997290, 26.49999999999999645 ) ) ;
#175 = CARTESIAN_POINT ( 'NONE',  ( -20.31217782649103754, 50.18172400785636711, 41.00000000000002132 ) ) ;
#176 = CARTESIAN_POINT ( 'NONE',  ( -12.30705080756892045, 46.31643729004088783, -11.74130307875769574 ) ) ;
#177 = ORIENTED_EDGE ( 'NONE', *, *, #8123, .F. ) ;
#178 = DIRECTION ( 'NONE',  ( -0.8660254037844378194, -0.5000000000000013323, 0.000000000000000000 ) ) ;
#179 = VECTOR ( 'NONE', #555, 1000.000000000000114 ) ;
#180 = LINE ( 'NONE', #6913, #8279 ) ;
#181 = VECTOR ( 'NONE', #327, 1000.000000000000000 ) ;
#182 = FACE_OUTER_BOUND ( 'NONE', #885, .T. ) ;
#183 = ORIENTED_EDGE ( 'NONE', *, *, #5677, .F. ) ;
#184 = ORIENTED_EDGE ( 'NONE', *, *, #41, .F. ) ;
#185 = CARTESIAN_POINT ( 'NONE',  ( -3.000000000000004441, 16.29852813742385109, -11.09852813742385003 ) ) ;
#186 = DIRECTION ( 'NONE',  ( 0.4330127018922207971, -0.7499999999999998890, 0.4999999999999988898 ) ) ;
#187 = VECTOR ( 'NONE', #315, 1000.000000000000114 ) ;
#188 = EDGE_CURVE ( 'NONE', #8074, #2958, #7523, .T. ) ;
#189 = AXIS2_PLACEMENT_3D ( 'NONE', #8010, #375, #4185 ) ;
#190 = DIRECTION ( 'NONE',  ( -0.8660254037844379305, -0.5000000000000012212, 0.000000000000000000 ) ) ;
#191 = EDGE_LOOP ( 'NONE', ( #5962, #2472, #1484, #6361 ) ) ;
#192 = CARTESIAN_POINT ( 'NONE',  ( 10.00000000000000178, -9.848528137423858908, 9.401471862576148197 ) ) ;
#193 = EDGE_LOOP ( 'NONE', ( #4209, #1423, #4010, #4063 ) ) ;
#194 = EDGE_LOOP ( 'NONE', ( #5168, #2737, #1012, #8300 ) ) ;
#195 = CARTESIAN_POINT ( 'NONE',  ( -3.000000000000000000, -22.24974746830583072, 8.199747468305830012 ) ) ;
#196 = ORIENTED_EDGE ( 'NONE', *, *, #7798, .F. ) ;
#197 = AXIS2_PLACEMENT_3D ( 'NONE', #8396, #4387, #7472 ) ;
#198 = DIRECTION ( 'NONE',  ( -0.3535533905932753962, 0.6123724356957952475, 0.7071067811865460184 ) ) ;
#199 = FACE_OUTER_BOUND ( 'NONE', #6203, .T. ) ;
#200 = EDGE_CURVE ( 'NONE', #5260, #4045, #6414, .T. ) ;
#201 = EDGE_CURVE ( 'NONE', #1076, #4745, #6135, .T. ) ;
#202 = DIRECTION ( 'NONE',  ( 0.000000000000000000, 0.000000000000000000, -1.000000000000000000 ) ) ;
#203 = VERTEX_POINT ( 'NONE', #8447 ) ;
#204 = CARTESIAN_POINT ( 'NONE',  ( -8.950000000000045475, 44.50185472774149531, 10.50000000000000000 ) ) ;
#205 = VECTOR ( 'NONE', #8706, 1000.000000000000000 ) ;
#206 = CARTESIAN_POINT ( 'NONE',  ( -9.983716857408371226, 37.09230484541315320, -11.51739384248461739 ) ) ;
#207 = CARTESIAN_POINT ( 'NONE',  ( -11.23205080756890695, 44.45448267190433000, 12.98260615751539682 ) ) ;
#208 = VECTOR ( 'NONE', #6009, 1000.000000000000114 ) ;
#209 = CARTESIAN_POINT ( 'NONE',  ( -12.06217782649100378, 35.89230484541311483, -14.00000000000000000 ) ) ;
#210 = ORIENTED_EDGE ( 'NONE', *, *, #3106, .F. ) ;
#211 = ORIENTED_EDGE ( 'NONE', *, *, #5100, .F. ) ;
#212 = LINE ( 'NONE', #4882, #2553 ) ;
#213 = PRODUCT_CONTEXT ( 'NONE', #644, 'mechanical' ) ;
#214 = CARTESIAN_POINT ( 'NONE',  ( -12.43431457505080751, 50.53686460128215430, -23.63137084989848447 ) ) ;
#215 = ORIENTED_EDGE ( 'NONE', *, *, #8237, .F. ) ;
#216 = CARTESIAN_POINT ( 'NONE',  ( -4.500000000000000888, -12.00000000000000000, -12.50000000000000000 ) ) ;
#217 = EDGE_LOOP ( 'NONE', ( #5478, #6133, #2173, #2842 ) ) ;
#218 = DIRECTION ( 'NONE',  ( 0.5000000000000004441, -0.8660254037844384856, 0.000000000000000000 ) ) ;
#219 = EDGE_CURVE ( 'NONE', #1899, #1715, #7234, .T. ) ;
#220 = CARTESIAN_POINT ( 'NONE',  ( 0.7934842828789447911, -9.260446250532632817, 7.363442040428375357 ) ) ;
#221 = LINE ( 'NONE', #6235, #9855 ) ;
#222 = EDGE_CURVE ( 'NONE', #5431, #326, #5482, .T. ) ;
#223 = ORIENTED_EDGE ( 'NONE', *, *, #6205, .F. ) ;
#224 = ORIENTED_EDGE ( 'NONE', *, *, #3447, .F. ) ;
#225 = CARTESIAN_POINT ( 'NONE',  ( -7.000000000000000000, -6.000000000000000888, -19.00000000000000355 ) ) ;
#226 = CARTESIAN_POINT ( 'NONE',  ( -12.56217782649109793, 36.75833024919774061, 23.99999999999999645 ) ) ;
#227 = ORIENTED_EDGE ( 'NONE', *, *, #1327, .F. ) ;
#228 = PLANE ( 'NONE',  #2279 ) ;
#229 = CARTESIAN_POINT ( 'NONE',  ( 0.000000000000000000, -9.000000000000003553, -10.25000000000000000 ) ) ;
#230 = CARTESIAN_POINT ( 'NONE',  ( -8.526279441628817679, 21.76794919243112147, -18.00000000000000711 ) ) ;
#231 = VERTEX_POINT ( 'NONE', #8553 ) ;
#232 = ORIENTED_EDGE ( 'NONE', *, *, #6805, .F. ) ;
#233 = EDGE_CURVE ( 'NONE', #1830, #4805, #3942, .T. ) ;
#234 = EDGE_CURVE ( 'NONE', #6320, #1092, #4735, .T. ) ;
#235 = LINE ( 'NONE', #3956, #3066 ) ;
#236 = DIRECTION ( 'NONE',  ( -0.3535533905932762844, 0.6123724356957948034, 0.7071067811865461294 ) ) ;
#237 = EDGE_CURVE ( 'NONE', #1308, #3843, #6901, .T. ) ;
#238 = VECTOR ( 'NONE', #3754, 1000.000000000000114 ) ;
#239 = CARTESIAN_POINT ( 'NONE',  ( -3.000000000000000000, 20.19615242270665334, 12.50000000000000000 ) ) ;
#240 = ORIENTED_EDGE ( 'NONE', *, *, #3688, .T. ) ;
#241 = ORIENTED_EDGE ( 'NONE', *, *, #7555, .F. ) ;
#242 = ORIENTED_EDGE ( 'NONE', *, *, #6849, .F. ) ;
#243 = FACE_OUTER_BOUND ( 'NONE', #3249, .T. ) ;
#244 = ORIENTED_EDGE ( 'NONE', *, *, #5429, .F. ) ;
#245 = VERTEX_POINT ( 'NONE', #10 ) ;
#246 = DIRECTION ( 'NONE',  ( 0.000000000000000000, -0.7071067811865469066, -0.7071067811865481278 ) ) ;
#247 = VERTEX_POINT ( 'NONE', #2485 ) ;
#248 = ADVANCED_FACE ( 'NONE', ( #3897 ), #1729, .F. ) ;
#249 = DIRECTION ( 'NONE',  ( -0.5000000000000025535, 0.8660254037844372643, 3.154042683594229535E-15 ) ) ;
#250 = AXIS2_PLACEMENT_3D ( 'NONE', #7573, #3790, #9053 ) ;
#251 = CARTESIAN_POINT ( 'NONE',  ( -17.41672955930069122, 48.96666049839542723, -6.651368438700165697 ) ) ;
#252 = DIRECTION ( 'NONE',  ( 0.000000000000000000, 0.000000000000000000, 1.000000000000000000 ) ) ;
#253 = ORIENTED_EDGE ( 'NONE', *, *, #6228, .T. ) ;
#254 = CARTESIAN_POINT ( 'NONE',  ( 2.605922385318879098, -12.35025253169417780, 3.652071303939066649 ) ) ;
#255 = AXIS2_PLACEMENT_3D ( 'NONE', #5473, #1027, #3275 ) ;
#256 = ORIENTED_EDGE ( 'NONE', *, *, #9333, .T. ) ;
#257 = FACE_OUTER_BOUND ( 'NONE', #6485, .T. ) ;
#258 = ADVANCED_FACE ( 'NONE', ( #9204 ), #6949, .T. ) ;
#259 = EDGE_CURVE ( 'NONE', #6651, #7868, #8401, .T. ) ;
#260 = VERTEX_POINT ( 'NONE', #1584 ) ;
#261 = DIRECTION ( 'NONE',  ( 0.8660254037844379305, 0.5000000000000011102, -0.000000000000000000 ) ) ;
#262 = AXIS2_PLACEMENT_3D ( 'NONE', #7489, #9915, #5995 ) ;
#263 = CARTESIAN_POINT ( 'NONE',  ( 0.3499999999999943712, -10.26119280021293534, 2.460103028169140504 ) ) ;
#264 = ORIENTED_EDGE ( 'NONE', *, *, #1422, .T. ) ;
#265 = VERTEX_POINT ( 'NONE', #6084 ) ;
#266 = FACE_OUTER_BOUND ( 'NONE', #6445, .T. ) ;
#267 = ORIENTED_EDGE ( 'NONE', *, *, #4460, .T. ) ;
#268 = CARTESIAN_POINT ( 'NONE',  ( 6.530942860263101224, -24.33880719978710161, 2.460103028169171591 ) ) ;
#269 = CARTESIAN_POINT ( 'NONE',  ( -3.000000000000000000, 15.44999999999999574, 10.24999999999999822 ) ) ;
#270 = VECTOR ( 'NONE', #9911, 1000.000000000000227 ) ;
#271 = EDGE_CURVE ( 'NONE', #1852, #7743, #4339, .T. ) ;
#272 = CARTESIAN_POINT ( 'NONE',  ( 0.3499999999999944267, -12.35025253169420267, 0.7071737779759214026 ) ) ;
#273 = ORIENTED_EDGE ( 'NONE', *, *, #5241, .F. ) ;
#274 = LINE ( 'NONE', #9503, #6268 ) ;
#275 = ORIENTED_EDGE ( 'NONE', *, *, #8949, .T. ) ;
#276 = PLANE ( 'NONE',  #3421 ) ;
#277 = DIRECTION ( 'NONE',  ( 0.000000000000000000, -0.7071067811865467956, -0.7071067811865483499 ) ) ;
#278 = ORIENTED_EDGE ( 'NONE', *, *, #6341, .F. ) ;
#279 = VECTOR ( 'NONE', #578, 1000.000000000000114 ) ;
#280 = VECTOR ( 'NONE', #1528, 1000.000000000000000 ) ;
#281 = DIRECTION ( 'NONE',  ( -0.5000000000000012212, 0.8660254037844380415, 1.036079033611833568E-16 ) ) ;
#282 = EDGE_CURVE ( 'NONE', #3079, #3668, #5444, .T. ) ;
#283 = LINE ( 'NONE', #226, #4147 ) ;
#284 = ORIENTED_EDGE ( 'NONE', *, *, #6424, .F. ) ;
#285 = LINE ( 'NONE', #4848, #8064 ) ;
#286 = CARTESIAN_POINT ( 'NONE',  ( 0.000000000000000000, -29.00000000000000000, 10.50000000000000178 ) ) ;
#287 = ORIENTED_EDGE ( 'NONE', *, *, #8784, .T. ) ;
#288 = CARTESIAN_POINT ( 'NONE',  ( -2.422649730810399582, 30.26794919243117121, 7.500000000000000000 ) ) ;
#289 = VERTEX_POINT ( 'NONE', #9157 ) ;
#290 = CYLINDRICAL_SURFACE ( 'NONE', #3537, 1.599999999999998979 ) ;
#291 = AXIS2_PLACEMENT_3D ( 'NONE', #4022, #7082, #9380 ) ;
#292 = DIRECTION ( 'NONE',  ( 0.000000000000000000, 0.000000000000000000, -1.000000000000000000 ) ) ;
#293 = CYLINDRICAL_SURFACE ( 'NONE', #1846, 1.199999999999994404 ) ;
#294 = CONICAL_SURFACE ( 'NONE', #7684, 10.90000000000000036, 0.7853981633974421728 ) ;
#295 = ADVANCED_FACE ( 'NONE', ( #3091, #2436 ), #7722, .F. ) ;
#296 = CARTESIAN_POINT ( 'NONE',  ( -9.526279441628824785, 23.50000000000000355, 26.49999999999999645 ) ) ;
#297 = EDGE_LOOP ( 'NONE', ( #184, #4064, #860, #8320 ) ) ;
#298 = ORIENTED_EDGE ( 'NONE', *, *, #9122, .T. ) ;
#299 = LINE ( 'NONE', #3557, #1122 ) ;
#300 = VERTEX_POINT ( 'NONE', #164 ) ;
#301 = ORIENTED_EDGE ( 'NONE', *, *, #4431, .T. ) ;
#302 = ADVANCED_FACE ( 'NONE', ( #9348 ), #5335, .T. ) ;
#303 = CARTESIAN_POINT ( 'NONE',  ( 6.530942860263101224, -22.24974746830586980, -9.192321158635740730 ) ) ;
#304 = FACE_OUTER_BOUND ( 'NONE', #5005, .T. ) ;
#305 = VECTOR ( 'NONE', #1791, 1000.000000000000000 ) ;
#306 = CARTESIAN_POINT ( 'NONE',  ( -20.65705080756901779, 60.77906153324114058, -12.75869692124231847 ) ) ;
#307 = EDGE_CURVE ( 'NONE', #1751, #439, #58, .T. ) ;
#308 = EDGE_CURVE ( 'NONE', #1733, #4259, #1924, .T. ) ;
#309 = FACE_OUTER_BOUND ( 'NONE', #8796, .T. ) ;
#310 = ORIENTED_EDGE ( 'NONE', *, *, #5100, .T. ) ;
#311 = AXIS2_PLACEMENT_3D ( 'NONE', #8947, #570, #5164 ) ;
#312 = EDGE_LOOP ( 'NONE', ( #9605, #1318, #4357, #6988, #3642, #1966 ) ) ;
#313 = ORIENTED_EDGE ( 'NONE', *, *, #9755, .T. ) ;
#314 = LINE ( 'NONE', #6321, #6430 ) ;
#315 = DIRECTION ( 'NONE',  ( -0.3535533905932746745, 0.6123724356957914727, -0.7071067811865496822 ) ) ;
#316 = AXIS2_PLACEMENT_3D ( 'NONE', #6067, #9082, #7023 ) ;
#317 = DIRECTION ( 'NONE',  ( 0.5000000000000025535, -0.8660254037844371533, 0.000000000000000000 ) ) ;
#318 = EDGE_CURVE ( 'NONE', #9614, #2280, #8750, .T. ) ;
#319 = ORIENTED_EDGE ( 'NONE', *, *, #3932, .F. ) ;
#320 = ORIENTED_EDGE ( 'NONE', *, *, #41, .T. ) ;
#321 = CARTESIAN_POINT ( 'NONE',  ( -4.312177826491064181, 22.46891108675447413, 12.50000000000000000 ) ) ;
#322 = CARTESIAN_POINT ( 'NONE',  ( -12.06217782649100378, 35.89230484541311483, 14.00000000000001066 ) ) ;
#323 = AXIS2_PLACEMENT_3D ( 'NONE', #2385, #2327, #2432 ) ;
#324 = DIRECTION ( 'NONE',  ( 0.4330127018922204085, -0.7499999999999991118, -0.5000000000000003331 ) ) ;
#325 = DIRECTION ( 'NONE',  ( -0.8660254037844387076, -0.5000000000000003331, -0.000000000000000000 ) ) ;
#326 = VERTEX_POINT ( 'NONE', #4135 ) ;
#327 = DIRECTION ( 'NONE',  ( -0.8660254037844379305, -0.5000000000000013323, 0.000000000000000000 ) ) ;
#328 = VERTEX_POINT ( 'NONE', #1978 ) ;
#329 = CARTESIAN_POINT ( 'NONE',  ( 10.00000000000000178, 16.29852813742385109, -11.09852813742385003 ) ) ;
#330 = DIRECTION ( 'NONE',  ( 0.000000000000000000, 0.8944271909999156334, 0.4472135954999584273 ) ) ;
#331 = ORIENTED_EDGE ( 'NONE', *, *, #5877, .F. ) ;
#332 = AXIS2_PLACEMENT_3D ( 'NONE', #269, #1827, #374 ) ;
#333 = ADVANCED_FACE ( 'NONE', ( #425 ), #6331, .F. ) ;
#334 = EDGE_CURVE ( 'NONE', #6819, #6952, #4985, .T. ) ;
#335 = CARTESIAN_POINT ( 'NONE',  ( -8.950000000000045475, 44.50185472774149531, -10.50000000000000000 ) ) ;
#336 = DIRECTION ( 'NONE',  ( 0.8660254037844379305, 0.5000000000000011102, -0.000000000000000000 ) ) ;
#337 = CARTESIAN_POINT ( 'NONE',  ( -13.48371685740846715, 43.15448267190435416, -12.05563491861039083 ) ) ;
#338 = CARTESIAN_POINT ( 'NONE',  ( -29.56217782649111214, 66.20319397786857962, 26.50000000000000000 ) ) ;
#339 = ORIENTED_EDGE ( 'NONE', *, *, #4947, .F. ) ;
#340 = VECTOR ( 'NONE', #1915, 1000.000000000000114 ) ;
#341 = VECTOR ( 'NONE', #9872, 1000.000000000000114 ) ;
#342 = CARTESIAN_POINT ( 'NONE',  ( -23.98371685740865189, 61.34101615137785046, -15.55563491861047432 ) ) ;
#343 = CARTESIAN_POINT ( 'NONE',  ( -13.48371685740846004, 43.15448267190435416, 10.50000000000000000 ) ) ;
#344 = PLANE ( 'NONE',  #6327 ) ;
#345 = LINE ( 'NONE', #8722, #4611 ) ;
#346 = VECTOR ( 'NONE', #1049, 1000.000000000000000 ) ;
#347 = VECTOR ( 'NONE', #2560, 999.9999999999998863 ) ;
#348 = LINE ( 'NONE', #446, #3502 ) ;
#349 = ORIENTED_EDGE ( 'NONE', *, *, #4352, .F. ) ;
#350 = DIRECTION ( 'NONE',  ( 1.000000000000000000, -0.000000000000000000, -0.000000000000000000 ) ) ;
#351 = VERTEX_POINT ( 'NONE', #4837 ) ;
#352 = DIRECTION ( 'NONE',  ( -1.000000000000000000, 0.000000000000000000, 0.000000000000000000 ) ) ;
#353 = AXIS2_PLACEMENT_3D ( 'NONE', #6591, #2123, #8864 ) ;
#354 = DIRECTION ( 'NONE',  ( -0.8660254037844379305, -0.5000000000000011102, 0.000000000000000000 ) ) ;
#355 = EDGE_CURVE ( 'NONE', #9349, #8565, #7426, .T. ) ;
#356 = CIRCLE ( 'NONE', #2609, 2.100000000000000977 ) ;
#357 = LINE ( 'NONE', #4763, #2798 ) ;
#358 = DIRECTION ( 'NONE',  ( 0.000000000000000000, 0.000000000000000000, 1.000000000000000000 ) ) ;
#359 = ADVANCED_FACE ( 'NONE', ( #8863 ), #9447, .T. ) ;
#360 = FACE_BOUND ( 'NONE', #8577, .T. ) ;
#361 = VERTEX_POINT ( 'NONE', #1185 ) ;
#362 = CARTESIAN_POINT ( 'NONE',  ( -14.02627944162884788, 31.29422863405997290, -25.50000000000000000 ) ) ;
#363 = LINE ( 'NONE', #5717, #8044 ) ;
#364 = UNCERTAINTY_MEASURE_WITH_UNIT (LENGTH_MEASURE( 1.000000000000000082E-05 ), #3232, 'distance_accuracy_value', 'NONE');
#365 = PLANE ( 'NONE',  #8192 ) ;
#366 = EDGE_CURVE ( 'NONE', #9169, #6426, #356, .T. ) ;
#367 = EDGE_CURVE ( 'NONE', #4233, #5770, #6444, .T. ) ;
#368 = ORIENTED_EDGE ( 'NONE', *, *, #2342, .F. ) ;
#369 = FACE_OUTER_BOUND ( 'NONE', #3307, .T. ) ;
#370 = AXIS2_PLACEMENT_3D ( 'NONE', #3283, #2332, #7004 ) ;
#371 = ORIENTED_EDGE ( 'NONE', *, *, #8152, .T. ) ;
#372 = DIRECTION ( 'NONE',  ( 0.5000000000000004441, -0.8660254037844384856, 0.000000000000000000 ) ) ;
#373 = FACE_OUTER_BOUND ( 'NONE', #5883, .T. ) ;
#374 = DIRECTION ( 'NONE',  ( 0.000000000000000000, 0.000000000000000000, 1.000000000000000000 ) ) ;
#375 = DIRECTION ( 'NONE',  ( -0.8660254037844379305, -0.5000000000000012212, 0.000000000000000000 ) ) ;
#376 = DIRECTION ( 'NONE',  ( 0.4999999999999987788, -0.8660254037844392627, 0.000000000000000000 ) ) ;
#377 = EDGE_CURVE ( 'NONE', #1894, #751, #4521, .T. ) ;
#378 = CONICAL_SURFACE ( 'NONE', #8078, 9.899999999999991473, 0.7853981633974431720 ) ;
#379 = VERTEX_POINT ( 'NONE', #7261 ) ;
#380 = LINE ( 'NONE', #2682, #4855 ) ;
#381 = PLANE ( 'NONE',  #728 ) ;
#382 = ORIENTED_EDGE ( 'NONE', *, *, #8822, .F. ) ;
#383 = LINE ( 'NONE', #2544, #4465 ) ;
#384 = PLANE ( 'NONE',  #3242 ) ;
#385 = DIRECTION ( 'NONE',  ( 0.8660254037844378194, 0.5000000000000013323, -0.000000000000000000 ) ) ;
#386 = DIRECTION ( 'NONE',  ( -0.4330127018922207971, 0.7499999999999998890, 0.4999999999999987788 ) ) ;
#387 = VERTEX_POINT ( 'NONE', #4084 ) ;
#388 = LINE ( 'NONE', #4999, #2249 ) ;
#389 = ADVANCED_FACE ( 'NONE', ( #4238 ), #9501, .F. ) ;
#390 = EDGE_CURVE ( 'NONE', #3030, #6626, #6538, .T. ) ;
#391 = PLANE ( 'NONE',  #8536 ) ;
#392 = CARTESIAN_POINT ( 'NONE',  ( -3.000000000000000000, -6.000000000000001776, 12.50000000000000000 ) ) ;
#393 = DIRECTION ( 'NONE',  ( -1.000000000000000000, 0.000000000000000000, -0.000000000000000000 ) ) ;
#394 = ORIENTED_EDGE ( 'NONE', *, *, #4013, .F. ) ;
#395 = ORIENTED_EDGE ( 'NONE', *, *, #6805, .T. ) ;
#396 = DIRECTION ( 'NONE',  ( 0.000000000000000000, 0.000000000000000000, 1.000000000000000000 ) ) ;
#397 = VERTEX_POINT ( 'NONE', #9396 ) ;
#398 = DIRECTION ( 'NONE',  ( -1.000000000000000000, -0.000000000000000000, -0.000000000000000000 ) ) ;
#399 = AXIS2_PLACEMENT_3D ( 'NONE', #4119, #4018, #8531 ) ;
#400 = ORIENTED_EDGE ( 'NONE', *, *, #9875, .T. ) ;
#401 = ORIENTED_EDGE ( 'NONE', *, *, #3653, .F. ) ;
#402 = CARTESIAN_POINT ( 'NONE',  ( -18.66506350946117365, 56.32883832488650455, -12.98260615751540392 ) ) ;
#403 = EDGE_CURVE ( 'NONE', #8349, #3369, #2532, .T. ) ;
#404 = CARTESIAN_POINT ( 'NONE',  ( -7.000000000000000888, 1.999999999999999112, -19.00000000000000355 ) ) ;
#405 = DIRECTION ( 'NONE',  ( -0.8660254037844380415, -0.5000000000000013323, 0.000000000000000000 ) ) ;
#406 = DIRECTION ( 'NONE',  ( -0.8660254037844379305, -0.5000000000000011102, -0.000000000000000000 ) ) ;
#407 = ORIENTED_EDGE ( 'NONE', *, *, #5772, .T. ) ;
#408 = CARTESIAN_POINT ( 'NONE',  ( -18.23205080756895313, 56.57883832488650455, 12.98260615751540037 ) ) ;
#409 = EDGE_CURVE ( 'NONE', #6089, #1974, #3382, .T. ) ;
#410 = VERTEX_POINT ( 'NONE', #8202 ) ;
#411 = ORIENTED_EDGE ( 'NONE', *, *, #1554, .T. ) ;
#412 = FACE_OUTER_BOUND ( 'NONE', #8333, .T. ) ;
#413 = VECTOR ( 'NONE', #5046, 1000.000000000000000 ) ;
#414 = CARTESIAN_POINT ( 'NONE',  ( 0.9784761149283147663, -29.00000000000000355, -2.329368173042444479 ) ) ;
#415 = CARTESIAN_POINT ( 'NONE',  ( -15.96672955930068483, 46.45518682742054750, 8.325684219350083737 ) ) ;
#416 = MECHANICAL_DESIGN_GEOMETRIC_PRESENTATION_REPRESENTATION (  '', ( #6822 ), #2501 ) ;
#417 = EDGE_LOOP ( 'NONE', ( #8353, #9179, #2108, #5737 ) ) ;
#418 = VERTEX_POINT ( 'NONE', #9089 ) ;
#419 = EDGE_CURVE ( 'NONE', #2155, #1092, #7412, .T. ) ;
#420 = EDGE_CURVE ( 'NONE', #4565, #8737, #49, .T. ) ;
#421 = CARTESIAN_POINT ( 'NONE',  ( -6.657050807568833051, 36.53035022727662096, 12.75869692124229715 ) ) ;
#422 = DIRECTION ( 'NONE',  ( 0.2500000000000009992, -0.4330127018922195758, 0.8660254037844383745 ) ) ;
#423 = CARTESIAN_POINT ( 'NONE',  ( -1.799999999999999600, 14.60147186257614038, 9.401471862576146421 ) ) ;
#424 = EDGE_CURVE ( 'NONE', #9346, #8873, #840, .T. ) ;
#425 = FACE_OUTER_BOUND ( 'NONE', #7958, .T. ) ;
#426 = CARTESIAN_POINT ( 'NONE',  ( -1.799999999999999600, 16.29852813742385109, -11.09852813742385003 ) ) ;
#427 = VECTOR ( 'NONE', #7760, 1000.000000000000000 ) ;
#428 = ORIENTED_EDGE ( 'NONE', *, *, #2140, .T. ) ;
#429 = DIRECTION ( 'NONE',  ( 0.000000000000000000, 0.000000000000000000, 1.000000000000000000 ) ) ;
#430 = DIRECTION ( 'NONE',  ( -0.5000000000000013323, 0.8660254037844379305, 0.000000000000000000 ) ) ;
#431 = ORIENTED_EDGE ( 'NONE', *, *, #8861, .T. ) ;
#432 = VERTEX_POINT ( 'NONE', #5754 ) ;
#433 = ADVANCED_FACE ( 'NONE', ( #5007 ), #7333, .T. ) ;
#434 = AXIS2_PLACEMENT_3D ( 'NONE', #8580, #6116, #144 ) ;
#435 = DIRECTION ( 'NONE',  ( 0.8660254037844379305, 0.5000000000000011102, -0.000000000000000000 ) ) ;
#436 = LINE ( 'NONE', #1242, #3090 ) ;
#437 = CARTESIAN_POINT ( 'NONE',  ( 2.000000000000000000, -12.35025253169417248, 4.949747468305830900 ) ) ;
#438 = CARTESIAN_POINT ( 'NONE',  ( -12.56217782649109793, 36.75833024919774061, -21.49999999999996803 ) ) ;
#439 = VERTEX_POINT ( 'NONE', #9165 ) ;
#440 = EDGE_LOOP ( 'NONE', ( #140, #349, #749, #7782 ) ) ;
#441 = VERTEX_POINT ( 'NONE', #4554 ) ;
#442 = CARTESIAN_POINT ( 'NONE',  ( -22.90871685740855668, 59.47906153324113632, 12.75869692124231491 ) ) ;
#443 = AXIS2_PLACEMENT_3D ( 'NONE', #7828, #4656, #946 ) ;
#444 = DIRECTION ( 'NONE',  ( -0.8660254037844379305, -0.5000000000000013323, 0.000000000000000000 ) ) ;
#445 = EDGE_CURVE ( 'NONE', #1899, #3935, #2339, .T. ) ;
#446 = CARTESIAN_POINT ( 'NONE',  ( -3.000000000000000000, -12.35025253169417248, 6.549747468305829656 ) ) ;
#447 = ORIENTED_EDGE ( 'NONE', *, *, #4481, .F. ) ;
#448 = ORIENTED_EDGE ( 'NONE', *, *, #8226, .T. ) ;
#449 = AXIS2_PLACEMENT_3D ( 'NONE', #5712, #8787, #1906 ) ;
#450 = LINE ( 'NONE', #9476, #799 ) ;
#451 = VECTOR ( 'NONE', #8190, 1000.000000000000000 ) ;
#452 = VERTEX_POINT ( 'NONE', #9811 ) ;
#453 = EDGE_LOOP ( 'NONE', ( #9205, #8849, #6056, #273 ) ) ;
#454 = DIRECTION ( 'NONE',  ( 0.000000000000000000, 0.7071067811865482389, -0.7071067811865469066 ) ) ;
#455 = CARTESIAN_POINT ( 'NONE',  ( -6.350852961085911907, 35.00000000000002132, 12.50000000000000000 ) ) ;
#456 = CARTESIAN_POINT ( 'NONE',  ( -1.000000000000000000, 12.94999999999999396, -9.500000000000000000 ) ) ;
#457 = DIRECTION ( 'NONE',  ( -1.000000000000000000, 0.000000000000000000, 0.000000000000000000 ) ) ;
#458 = AXIS2_PLACEMENT_3D ( 'NONE', #9736, #7597, #3014 ) ;
#459 = LINE ( 'NONE', #6476, #2363 ) ;
#460 = ORIENTED_EDGE ( 'NONE', *, *, #9087, .T. ) ;
#461 = EDGE_CURVE ( 'NONE', #203, #8487, #5990, .T. ) ;
#462 = CARTESIAN_POINT ( 'NONE',  ( 14.75897459621551278, 59.46040818529376537, 8.944365081389609173 ) ) ;
#463 = ORIENTED_EDGE ( 'NONE', *, *, #4334, .F. ) ;
#464 = PLANE ( 'NONE',  #9577 ) ;
#465 = EDGE_LOOP ( 'NONE', ( #7449, #4354, #7654, #8087 ) ) ;
#466 = VERTEX_POINT ( 'NONE', #591 ) ;
#467 = CARTESIAN_POINT ( 'NONE',  ( -4.500000000000000888, -12.00000000000000000, -12.50000000000000000 ) ) ;
#468 = VECTOR ( 'NONE', #8373, 1000.000000000000114 ) ;
#469 = DIRECTION ( 'NONE',  ( 2.795003904627237925E-15, -5.590007809254475850E-15, 1.000000000000000000 ) ) ;
#470 = CARTESIAN_POINT ( 'NONE',  ( -15.16506350946115589, 50.26666049839542438, 6.651368438700165697 ) ) ;
#471 = VECTOR ( 'NONE', #3680, 1000.000000000000000 ) ;
#472 = CARTESIAN_POINT ( 'NONE',  ( -19.40871685740847852, 53.41688370674994957, 9.258696921242329125 ) ) ;
#473 = ORIENTED_EDGE ( 'NONE', *, *, #1943, .T. ) ;
#474 = EDGE_LOOP ( 'NONE', ( #2837, #9318, #9041, #7695 ) ) ;
#475 = DIRECTION ( 'NONE',  ( 1.000000000000000000, 0.000000000000000000, 0.000000000000000000 ) ) ;
#476 = ORIENTED_EDGE ( 'NONE', *, *, #162, .T. ) ;
#477 = DIRECTION ( 'NONE',  ( 0.000000000000000000, 0.7559289460184580589, 0.6546536707079729789 ) ) ;
#478 = FACE_OUTER_BOUND ( 'NONE', #3295, .T. ) ;
#479 = VECTOR ( 'NONE', #2165, 1000.000000000000000 ) ;
#480 = PLANE ( 'NONE',  #7879 ) ;
#481 = LINE ( 'NONE', #4287, #1022 ) ;
#482 = EDGE_CURVE ( 'NONE', #4618, #6157, #6809, .T. ) ;
#483 = LINE ( 'NONE', #3392, #4099 ) ;
#484 = ORIENTED_EDGE ( 'NONE', *, *, #5361, .T. ) ;
#485 = FACE_OUTER_BOUND ( 'NONE', #6858, .T. ) ;
#486 = EDGE_CURVE ( 'NONE', #452, #3356, #5342, .T. ) ;
#487 = VECTOR ( 'NONE', #5501, 1000.000000000000114 ) ;
#488 = FACE_OUTER_BOUND ( 'NONE', #5088, .T. ) ;
#489 = DIRECTION ( 'NONE',  ( 0.8660254037844389297, 0.4999999999999996114, -1.602373713730180230E-31 ) ) ;
#490 = CARTESIAN_POINT ( 'NONE',  ( -11.23205080756890339, 44.45448267190432290, 8.017393842484615618 ) ) ;
#491 = EDGE_LOOP ( 'NONE', ( #4095, #7874, #5818, #4602 ) ) ;
#492 = FACE_OUTER_BOUND ( 'NONE', #9093, .T. ) ;
#493 = ORIENTED_EDGE ( 'NONE', *, *, #9732, .F. ) ;
#494 = CARTESIAN_POINT ( 'NONE',  ( 10.00000000000000178, 16.29852813742385109, 9.401471862576146421 ) ) ;
#495 = VECTOR ( 'NONE', #8460, 1000.000000000000000 ) ;
#496 = ADVANCED_FACE ( 'NONE', ( #8408 ), #3798, .F. ) ;
#497 = ADVANCED_FACE ( 'NONE', ( #9112 ), #8457, .F. ) ;
#498 = DIRECTION ( 'NONE',  ( 1.000000000000000000, 0.000000000000000000, 0.000000000000000000 ) ) ;
#499 = CARTESIAN_POINT ( 'NONE',  ( -17.40192378864691847, 65.14101615137786894, -15.55563491861047432 ) ) ;
#500 = VECTOR ( 'NONE', #7605, 1000.000000000000000 ) ;
#501 = AXIS2_PLACEMENT_3D ( 'NONE', #2022, #4330, #6638 ) ;
#502 = DIRECTION ( 'NONE',  ( 0.3535533905932751741, -0.6123724356957954695, -0.7071067811865460184 ) ) ;
#503 = VECTOR ( 'NONE', #9301, 1000.000000000000000 ) ;
#504 = CARTESIAN_POINT ( 'NONE',  ( -3.000000000000000000, -12.35025253169417248, 4.949747468305830900 ) ) ;
#505 = EDGE_CURVE ( 'NONE', #3173, #4925, #2948, .T. ) ;
#506 = FACE_OUTER_BOUND ( 'NONE', #520, .T. ) ;
#507 = VECTOR ( 'NONE', #753, 1000.000000000000000 ) ;
#508 = AXIS2_PLACEMENT_3D ( 'NONE', #7140, #1818, #5673 ) ;
#509 = LINE ( 'NONE', #5767, #3003 ) ;
#510 = CARTESIAN_POINT ( 'NONE',  ( -17.41672955930069122, 48.96666049839542723, 6.651368438700165697 ) ) ;
#511 = ORIENTED_EDGE ( 'NONE', *, *, #4285, .F. ) ;
#512 = LINE ( 'NONE', #2718, #451 ) ;
#513 = VECTOR ( 'NONE', #1211, 1000.000000000000114 ) ;
#514 = VECTOR ( 'NONE', #246, 1000.000000000000114 ) ;
#515 = CARTESIAN_POINT ( 'NONE',  ( -1.000000000000000000, 12.94999999999999396, 9.500000000000000000 ) ) ;
#516 = CARTESIAN_POINT ( 'NONE',  ( 0.000000000000000000, -28.99999999999999645, -5.433231082882413965 ) ) ;
#517 = ADVANCED_FACE ( 'NONE', ( #1596 ), #9212, .F. ) ;
#518 = CARTESIAN_POINT ( 'NONE',  ( -0.4878221735089295907, 43.84493278957611295, 14.00000000000001066 ) ) ;
#519 = LINE ( 'NONE', #1040, #1152 ) ;
#520 = EDGE_LOOP ( 'NONE', ( #7459, #5351, #6258, #463 ) ) ;
#521 = ORIENTED_EDGE ( 'NONE', *, *, #366, .F. ) ;
#522 = CARTESIAN_POINT ( 'NONE',  ( -25.51217782649115051, 59.18838820721468608, 14.00000000000000711 ) ) ;
#523 = DIRECTION ( 'NONE',  ( 0.000000000000000000, 0.000000000000000000, -1.000000000000000000 ) ) ;
#524 = CARTESIAN_POINT ( 'NONE',  ( 2.000000000000000000, -12.35025253169416892, -3.349747468305856124 ) ) ;
#525 = LINE ( 'NONE', #9696, #1928 ) ;
#526 = AXIS2_PLACEMENT_3D ( 'NONE', #7165, #4051, #9458 ) ;
#527 = VERTEX_POINT ( 'NONE', #5187 ) ;
#528 = CARTESIAN_POINT ( 'NONE',  ( -28.61473670974872263, 8.437822173508832790, -12.49999999999999467 ) ) ;
#529 = CARTESIAN_POINT ( 'NONE',  ( -12.61217782649106134, 36.84493278957609164, -14.00000000000000000 ) ) ;
#530 = EDGE_LOOP ( 'NONE', ( #7467, #4193, #5488, #5671 ) ) ;
#531 = DIRECTION ( 'NONE',  ( 0.000000000000000000, -0.8944271909999158554, 0.4472135954999579277 ) ) ;
#532 = PLANE ( 'NONE',  #6117 ) ;
#533 = ORIENTED_EDGE ( 'NONE', *, *, #6290, .F. ) ;
#534 = DIRECTION ( 'NONE',  ( 0.000000000000000000, 0.000000000000000000, -1.000000000000000000 ) ) ;
#535 = DIRECTION ( 'NONE',  ( 0.000000000000000000, 1.000000000000000000, 0.000000000000000000 ) ) ;
#536 = EDGE_CURVE ( 'NONE', #1411, #8074, #6911, .T. ) ;
#537 = ORIENTED_EDGE ( 'NONE', *, *, #259, .T. ) ;
#538 = VECTOR ( 'NONE', #7365, 1000.000000000000000 ) ;
#539 = ORIENTED_EDGE ( 'NONE', *, *, #7755, .F. ) ;
#540 = CARTESIAN_POINT ( 'NONE',  ( -15.95000000000006146, 56.62621038072362722, 10.50000000000000178 ) ) ;
#541 = EDGE_CURVE ( 'NONE', #8210, #3603, #2238, .T. ) ;
#542 = CARTESIAN_POINT ( 'NONE',  ( -3.569550807568884210, 30.18264335890781425, 17.36528671781563915 ) ) ;
#543 = CARTESIAN_POINT ( 'NONE',  ( -8.807050807568840511, 40.25425946354970819, -12.75869692124231847 ) ) ;
#544 = ORIENTED_EDGE ( 'NONE', *, *, #3140, .T. ) ;
#545 = AXIS2_PLACEMENT_3D ( 'NONE', #9186, #4523, #1615 ) ;
#546 = CARTESIAN_POINT ( 'NONE',  ( -18.86672955930068341, 51.47813416937027853, 24.17431578064991271 ) ) ;
#547 = ORIENTED_EDGE ( 'NONE', *, *, #1652, .F. ) ;
#548 = CARTESIAN_POINT ( 'NONE',  ( 14.75897459621551633, 59.46040818529375827, -12.05563491861039083 ) ) ;
#549 = EDGE_CURVE ( 'NONE', #3429, #1056, #20, .T. ) ;
#550 = EDGE_CURVE ( 'NONE', #5724, #6644, #1473, .T. ) ;
#551 = ORIENTED_EDGE ( 'NONE', *, *, #820, .T. ) ;
#552 = DIRECTION ( 'NONE',  ( -0.5000000000000012212, 0.8660254037844380415, -7.709882115452479399E-17 ) ) ;
#553 = VECTOR ( 'NONE', #9927, 1000.000000000000114 ) ;
#554 = EDGE_CURVE ( 'NONE', #648, #4618, #1497, .T. ) ;
#555 = DIRECTION ( 'NONE',  ( 0.8660254037844379305, 0.5000000000000011102, -0.000000000000000000 ) ) ;
#556 = VERTEX_POINT ( 'NONE', #1391 ) ;
#557 = FACE_OUTER_BOUND ( 'NONE', #9924, .T. ) ;
#558 = DIRECTION ( 'NONE',  ( -0.3535533905932755627, 0.6123724356957954695, -0.7071067811865459074 ) ) ;
#559 = VERTEX_POINT ( 'NONE', #7530 ) ;
#560 = CARTESIAN_POINT ( 'NONE',  ( 1.595079567160624601, -12.67830512041017066, -9.874456465871610078 ) ) ;
#561 = ADVANCED_FACE ( 'NONE', ( #9910 ), #7434, .F. ) ;
#562 = VERTEX_POINT ( 'NONE', #2190 ) ;
#563 = VERTEX_POINT ( 'NONE', #5237 ) ;
#564 = CARTESIAN_POINT ( 'NONE',  ( 0.000000000000000000, -7.691567287859389701, -8.607439852608024466 ) ) ;
#565 = CARTESIAN_POINT ( 'NONE',  ( -3.000000000000000000, -22.24974746830586270, 0.7071737779759217357 ) ) ;
#566 = VECTOR ( 'NONE', #1356, 1000.000000000000114 ) ;
#567 = DIRECTION ( 'NONE',  ( -0.8660254037844379305, -0.5000000000000011102, -0.000000000000000000 ) ) ;
#568 = VERTEX_POINT ( 'NONE', #5591 ) ;
#569 = DIRECTION ( 'NONE',  ( 0.8660254037844379305, 0.5000000000000013323, 0.000000000000000000 ) ) ;
#571 = ADVANCED_FACE ( 'NONE', ( #3342 ), #5535, .F. ) ;
#570 = DIRECTION ( 'NONE',  ( -0.7071067811865524577, 1.533293416683363291E-16, -0.7071067811865425767 ) ) ;
#572 = EDGE_CURVE ( 'NONE', #53, #4786, #6344, .T. ) ;
#573 = CARTESIAN_POINT ( 'NONE',  ( -1.165063509461097491, 26.01794919243113213, 21.69999999999999929 ) ) ;
#574 = CARTESIAN_POINT ( 'NONE',  ( -19.40871685740847852, 53.41688370674994957, -9.258696921242332678 ) ) ;
#575 = COLOUR_RGB ( '',0.5019607843137254832, 0.5019607843137254832, 0.5019607843137254832 ) ;
#576 = LINE ( 'NONE', #7512, #3775 ) ;
#577 = ORIENTED_EDGE ( 'NONE', *, *, #2038, .T. ) ;
#578 = DIRECTION ( 'NONE',  ( -0.4330127018922203530, 0.7499999999999991118, 0.5000000000000003331 ) ) ;
#580 = EDGE_CURVE ( 'NONE', #1743, #7543, #1738, .T. ) ;
#579 = DIRECTION ( 'NONE',  ( 0.000000000000000000, 1.000000000000000000, 2.168404344971008868E-16 ) ) ;
#581 = DIRECTION ( 'NONE',  ( -0.000000000000000000, -1.000000000000000000, -0.000000000000000000 ) ) ;
#582 = DIRECTION ( 'NONE',  ( 0.000000000000000000, 0.000000000000000000, 1.000000000000000000 ) ) ;
#583 = LINE ( 'NONE', #163, #9445 ) ;
#584 = FACE_OUTER_BOUND ( 'NONE', #6057, .T. ) ;
#585 = LINE ( 'NONE', #9012, #1179 ) ;
#586 = DIRECTION ( 'NONE',  ( 0.000000000000000000, 0.000000000000000000, 1.000000000000000000 ) ) ;
#587 = ORIENTED_EDGE ( 'NONE', *, *, #5370, .T. ) ;
#588 = EDGE_CURVE ( 'NONE', #1958, #3545, #8509, .T. ) ;
#589 = VECTOR ( 'NONE', #5916, 1000.000000000000114 ) ;
#590 = CARTESIAN_POINT ( 'NONE',  ( -9.415063509461122138, 40.30736835487436309, -11.00000000000000178 ) ) ;
#591 = CARTESIAN_POINT ( 'NONE',  ( -5.999999999999985789, 0.9999999999999852340, -22.00000000000000355 ) ) ;
#592 = ORIENTED_EDGE ( 'NONE', *, *, #2944, .F. ) ;
#593 = CARTESIAN_POINT ( 'NONE',  ( 6.530942860263101224, -24.33880719978710871, -7.439391908442491541 ) ) ;
#594 = ORIENTED_EDGE ( 'NONE', *, *, #7393, .F. ) ;
#595 = DIRECTION ( 'NONE',  ( 1.000000000000000000, -0.000000000000000000, -0.000000000000000000 ) ) ;
#596 = VECTOR ( 'NONE', #5332, 1000.000000000000000 ) ;
#597 = DIRECTION ( 'NONE',  ( -0.8660254037844379305, -0.5000000000000013323, 0.000000000000000000 ) ) ;
#598 = CARTESIAN_POINT ( 'NONE',  ( 0.3499999999999946487, -24.33880719978710516, 2.460103028169168482 ) ) ;
#599 = EDGE_CURVE ( 'NONE', #5064, #2318, #2771, .T. ) ;
#600 = CARTESIAN_POINT ( 'NONE',  ( -18.86672955930068341, 51.47813416937027853, 20.82568421935008018 ) ) ;
#601 = LINE ( 'NONE', #5198, #2048 ) ;
#602 = ORIENTED_EDGE ( 'NONE', *, *, #2223, .F. ) ;
#603 = EDGE_CURVE ( 'NONE', #7526, #4884, #2493, .T. ) ;
#604 = VERTEX_POINT ( 'NONE', #3998 ) ;
#605 = ORIENTED_EDGE ( 'NONE', *, *, #8382, .F. ) ;
#606 = DIRECTION ( 'NONE',  ( -0.8660254037844387076, -0.5000000000000003331, -0.000000000000000000 ) ) ;
#607 = LINE ( 'NONE', #6160, #507 ) ;
#608 = VECTOR ( 'NONE', #5860, 999.9999999999998863 ) ;
#609 = ADVANCED_FACE ( 'NONE', ( #6400 ), #228, .F. ) ;
#610 = EDGE_CURVE ( 'NONE', #3516, #2325, #3904, .T. ) ;
#611 = FACE_OUTER_BOUND ( 'NONE', #6357, .T. ) ;
#612 = ORIENTED_EDGE ( 'NONE', *, *, #5892, .F. ) ;
#613 = CARTESIAN_POINT ( 'NONE',  ( -18.86672955930068341, 51.47813416937027853, 11.67431578064991093 ) ) ;
#614 = EDGE_LOOP ( 'NONE', ( #4138, #6452, #4395, #8741, #1687, #131, #1002, #7825 ) ) ;
#615 = AXIS2_PLACEMENT_3D ( 'NONE', #4061, #190, #8468 ) ;
#616 = CARTESIAN_POINT ( 'NONE',  ( -3.000000000000000000, -9.000000000000005329, 10.25000000000000000 ) ) ;
#617 = ORIENTED_EDGE ( 'NONE', *, *, #2563, .F. ) ;
#618 = LINE ( 'NONE', #1283, #6412 ) ;
#619 = LINE ( 'NONE', #6736, #4495 ) ;
#620 = VECTOR ( 'NONE', #9744, 1000.000000000000114 ) ;
#621 = EDGE_CURVE ( 'NONE', #7531, #4492, #68, .T. ) ;
#622 = DIRECTION ( 'NONE',  ( -0.8660254037844379305, -0.5000000000000013323, 0.000000000000000000 ) ) ;
#623 = ORIENTED_EDGE ( 'NONE', *, *, #2476, .F. ) ;
#624 = DIRECTION ( 'NONE',  ( 0.9659258262890683122, -0.2588190451025206840, 0.000000000000000000 ) ) ;
#625 = LINE ( 'NONE', #8163, #4942 ) ;
#626 = CARTESIAN_POINT ( 'NONE',  ( 0.000000000000000000, -29.00000000000000000, 15.00000000000000178 ) ) ;
#627 = DIRECTION ( 'NONE',  ( -0.5000000000000002220, 0.8660254037844384856, 0.000000000000000000 ) ) ;
#628 = VECTOR ( 'NONE', #9096, 1000.000000000000114 ) ;
#629 = LINE ( 'NONE', #4491, #8654 ) ;
#630 = LINE ( 'NONE', #6031, #5457 ) ;
#631 = CARTESIAN_POINT ( 'NONE',  ( -8.807050807568840511, 40.25425946354970819, -12.75869692124231847 ) ) ;
#632 = DIRECTION ( 'NONE',  ( 0.000000000000000000, 0.000000000000000000, 1.000000000000000000 ) ) ;
#633 = EDGE_CURVE ( 'NONE', #5273, #4136, #8613, .T. ) ;
#634 = ADVANCED_FACE ( 'NONE', ( #3147, #2545 ), #6191, .T. ) ;
#635 = CARTESIAN_POINT ( 'NONE',  ( -15.96672955930068483, 46.45518682742054750, 11.67431578064991804 ) ) ;
#636 = ORIENTED_EDGE ( 'NONE', *, *, #8517, .F. ) ;
#637 = CIRCLE ( 'NONE', #2723, 2.099999999999999645 ) ;
#638 = DIRECTION ( 'NONE',  ( 0.000000000000000000, 1.000000000000000000, 2.392722035830078972E-16 ) ) ;
#639 = ORIENTED_EDGE ( 'NONE', *, *, #2319, .T. ) ;
#640 = CARTESIAN_POINT ( 'NONE',  ( 2.000000000000000000, -12.35025253169416892, -4.949747468305832676 ) ) ;
#641 = VERTEX_POINT ( 'NONE', #7925 ) ;
#642 = CARTESIAN_POINT ( 'NONE',  ( 10.00000000000000000, -23.27820764380430063, -6.175418577296193590 ) ) ;
#643 = ORIENTED_EDGE ( 'NONE', *, *, #3571, .F. ) ;
#644 = APPLICATION_CONTEXT ( 'automotive_design' ) ;
#645 = AXIS2_PLACEMENT_3D ( 'NONE', #1342, #4389, #7474 ) ;
#646 = PLANE ( 'NONE',  #7499 ) ;
#647 = DIRECTION ( 'NONE',  ( 3.119295361240703540E-15, -5.402778049482794549E-15, 1.000000000000000000 ) ) ;
#648 = VERTEX_POINT ( 'NONE', #995 ) ;
#649 = FACE_OUTER_BOUND ( 'NONE', #2991, .T. ) ;
#650 = VECTOR ( 'NONE', #5832, 1000.000000000000000 ) ;
#651 = CIRCLE ( 'NONE', #501, 12.89999999999998082 ) ;
#652 = AXIS2_PLACEMENT_3D ( 'NONE', #8601, #3844, #8498 ) ;
#653 = FACE_BOUND ( 'NONE', #9258, .T. ) ;
#654 = ORIENTED_EDGE ( 'NONE', *, *, #6138, .F. ) ;
#655 = CARTESIAN_POINT ( 'NONE',  ( 2.000000000000001776, -23.27820764380430063, -6.175418577296193590 ) ) ;
#656 = EDGE_CURVE ( 'NONE', #8737, #7186, #285, .T. ) ;
#657 = AXIS2_PLACEMENT_3D ( 'NONE', #4623, #9228, #5205 ) ;
#658 = VECTOR ( 'NONE', #4409, 1000.000000000000114 ) ;
#659 = CARTESIAN_POINT ( 'NONE',  ( -12.06217782649187953, 35.89230484541464250, -15.55563491861046188 ) ) ;
#660 = EDGE_CURVE ( 'NONE', #9904, #4863, #3290, .T. ) ;
#661 = DIRECTION ( 'NONE',  ( 0.8660254037844378194, 0.5000000000000013323, 0.000000000000000000 ) ) ;
#662 = DIRECTION ( 'NONE',  ( 1.000000000000000000, -0.000000000000000000, -0.000000000000000000 ) ) ;
#663 = AXIS2_PLACEMENT_3D ( 'NONE', #7066, #2499, #6307 ) ;
#664 = PLANE ( 'NONE',  #4163 ) ;
#665 = CARTESIAN_POINT ( 'NONE',  ( -12.06217782649174985, 35.89230484541442223, 12.44436508138944220 ) ) ;
#666 = ADVANCED_FACE ( 'NONE', ( #3950 ), #7873, .F. ) ;
#667 = EDGE_CURVE ( 'NONE', #1679, #3955, #7114, .T. ) ;
#668 = DIRECTION ( 'NONE',  ( 0.5000000000000019984, -0.8660254037844373753, 0.000000000000000000 ) ) ;
#669 = AXIS2_PLACEMENT_3D ( 'NONE', #4186, #7263, #376 ) ;
#670 = VECTOR ( 'NONE', #789, 1000.000000000000000 ) ;
#671 = FACE_OUTER_BOUND ( 'NONE', #7589, .T. ) ;
#672 = ORIENTED_EDGE ( 'NONE', *, *, #9003, .F. ) ;
#673 = CARTESIAN_POINT ( 'NONE',  ( -8.654700538379277219, 26.66987298107785165, -7.500000000000000000 ) ) ;
#674 = FACE_OUTER_BOUND ( 'NONE', #3634, .T. ) ;
#675 = ORIENTED_EDGE ( 'NONE', *, *, #5192, .T. ) ;
#676 = CARTESIAN_POINT ( 'NONE',  ( 2.000000000000000000, -22.24974746830583783, -3.349747468305856124 ) ) ;
#677 = LINE ( 'NONE', #7520, #7394 ) ;
#678 = EDGE_CURVE ( 'NONE', #4651, #44, #7264, .T. ) ;
#679 = ORIENTED_EDGE ( 'NONE', *, *, #708, .T. ) ;
#680 = AXIS2_PLACEMENT_3D ( 'NONE', #5577, #5522, #1031 ) ;
#681 = DIRECTION ( 'NONE',  ( 0.000000000000000000, 0.8944271909999162995, -0.4472135954999570950 ) ) ;
#682 = CARTESIAN_POINT ( 'NONE',  ( -9.594808127756499161, 36.41869516614906388, 13.22218254069482768 ) ) ;
#683 = DIRECTION ( 'NONE',  ( 8.177564888978039777E-17, 0.7071067811865511255, 0.7071067811865440200 ) ) ;
#684 = ORIENTED_EDGE ( 'NONE', *, *, #2125, .F. ) ;
#685 = CARTESIAN_POINT ( 'NONE',  ( -1.165063509461097491, 26.01794919243113213, 18.00000000000002842 ) ) ;
#686 = VECTOR ( 'NONE', #6463, 1000.000000000000114 ) ;
#687 = ORIENTED_EDGE ( 'NONE', *, *, #1263, .T. ) ;
#688 = ORIENTED_EDGE ( 'NONE', *, *, #4720, .F. ) ;
#689 = DIRECTION ( 'NONE',  ( -0.3779644730092265870, 0.6546536707079737560, 0.6546536707079809725 ) ) ;
#690 = DIRECTION ( 'NONE',  ( -0.8660254037844379305, -0.5000000000000012212, 0.000000000000000000 ) ) ;
#691 = EDGE_CURVE ( 'NONE', #1560, #67, #2447, .T. ) ;
#693 = ADVANCED_FACE ( 'NONE', ( #2791 ), #384, .F. ) ;
#692 = ORIENTED_EDGE ( 'NONE', *, *, #2634, .F. ) ;
#694 = CARTESIAN_POINT ( 'NONE',  ( -7.090063509461055347, 36.28035022727662096, 15.24130307875772061 ) ) ;
#695 = DIRECTION ( 'NONE',  ( -0.8660254037844379305, -0.5000000000000013323, 0.000000000000000000 ) ) ;
#696 = ORIENTED_EDGE ( 'NONE', *, *, #6733, .T. ) ;
#697 = DIRECTION ( 'NONE',  ( 0.000000000000000000, 0.000000000000000000, -1.000000000000000000 ) ) ;
#698 = DIRECTION ( 'NONE',  ( 0.000000000000000000, 0.000000000000000000, -1.000000000000000000 ) ) ;
#699 = VERTEX_POINT ( 'NONE', #5795 ) ;
#700 = ORIENTED_EDGE ( 'NONE', *, *, #7106, .T. ) ;
#701 = VECTOR ( 'NONE', #5255, 1000.000000000000114 ) ;
#702 = ORIENTED_EDGE ( 'NONE', *, *, #7908, .F. ) ;
#703 = ADVANCED_FACE ( 'NONE', ( #9660 ), #3542, .T. ) ;
#704 = CARTESIAN_POINT ( 'NONE',  ( 0.000000000000000000, 15.44999999999999751, -10.24999999999999467 ) ) ;
#705 = FACE_OUTER_BOUND ( 'NONE', #8853, .T. ) ;
#706 = CARTESIAN_POINT ( 'NONE',  ( -10.53371685740840924, 38.04493278957610158, 14.00000000000001066 ) ) ;
#707 = CARTESIAN_POINT ( 'NONE',  ( 0.6121778264911912348, 41.93967690125015224, 14.00000000000001066 ) ) ;
#708 = EDGE_CURVE ( 'NONE', #7794, #1679, #436, .T. ) ;
#709 = FACE_OUTER_BOUND ( 'NONE', #7844, .T. ) ;
#710 = CARTESIAN_POINT ( 'NONE',  ( -9.111091270347442261, 44.78087299263899723, -11.27781745930519008 ) ) ;
#711 = DIRECTION ( 'NONE',  ( 0.000000000000000000, 0.000000000000000000, -1.000000000000000000 ) ) ;
#712 = ORIENTED_EDGE ( 'NONE', *, *, #610, .T. ) ;
#713 = FACE_BOUND ( 'NONE', #3139, .T. ) ;
#714 = CARTESIAN_POINT ( 'NONE',  ( -3.000000000000000000, -11.99999999999999822, 9.499999999999998224 ) ) ;
#715 = LINE ( 'NONE', #6836, #1067 ) ;
#716 = EDGE_CURVE ( 'NONE', #1663, #6846, #7421, .T. ) ;
#717 = EDGE_CURVE ( 'NONE', #7285, #1109, #5084, .T. ) ;
#718 = AXIS2_PLACEMENT_3D ( 'NONE', #8827, #5847, #2042 ) ;
#719 = VERTEX_POINT ( 'NONE', #6599 ) ;
#720 = ORIENTED_EDGE ( 'NONE', *, *, #3923, .T. ) ;
#721 = CARTESIAN_POINT ( 'NONE',  ( -3.000000000000000000, -12.35025253169420267, 0.7071737779759217357 ) ) ;
#722 = VERTEX_POINT ( 'NONE', #2691 ) ;
#723 = ADVANCED_FACE ( 'NONE', ( #4895 ), #8817, .F. ) ;
#724 = CYLINDRICAL_SURFACE ( 'NONE', #2886, 1.099999999999987876 ) ;
#725 = ORIENTED_EDGE ( 'NONE', *, *, #8141, .F. ) ;
#726 = DIRECTION ( 'NONE',  ( -1.000000000000000000, 0.000000000000000000, 0.000000000000000000 ) ) ;
#727 = ORIENTED_EDGE ( 'NONE', *, *, #1201, .F. ) ;
#728 = AXIS2_PLACEMENT_3D ( 'NONE', #2684, #4242, #7964 ) ;
#729 = LINE ( 'NONE', #2232, #1817 ) ;
#730 = DIRECTION ( 'NONE',  ( 0.000000000000000000, 0.7559289460184561715, 0.6546536707079751993 ) ) ;
#731 = ORIENTED_EDGE ( 'NONE', *, *, #3351, .F. ) ;
#732 = ADVANCED_FACE ( 'NONE', ( #3491 ), #7272, .F. ) ;
#733 = ADVANCED_FACE ( 'NONE', ( #4994 ), #532, .F. ) ;
#734 = VERTEX_POINT ( 'NONE', #8073 ) ;
#735 = AXIS2_PLACEMENT_3D ( 'NONE', #9387, #6326, #4727 ) ;
#736 = CARTESIAN_POINT ( 'NONE',  ( 6.530942860263101224, -12.35025253169420267, 0.7071737779759217357 ) ) ;
#737 = EDGE_LOOP ( 'NONE', ( #8628, #4211, #1340, #7162 ) ) ;
#738 = DIRECTION ( 'NONE',  ( -0.4330127018922206861, 0.7499999999999997780, -0.4999999999999991673 ) ) ;
#739 = CARTESIAN_POINT ( 'NONE',  ( -19.40871685740847852, 53.41688370674994957, -9.258696921242332678 ) ) ;
#740 = ORIENTED_EDGE ( 'NONE', *, *, #4134, .T. ) ;
#741 = ORIENTED_EDGE ( 'NONE', *, *, #5783, .T. ) ;
#742 = VECTOR ( 'NONE', #2812, 1000.000000000000000 ) ;
#743 = DIRECTION ( 'NONE',  ( 0.000000000000000000, -0.7071067811865483499, 0.7071067811865467956 ) ) ;
#744 = PLANE ( 'NONE',  #3386 ) ;
#745 = VECTOR ( 'NONE', #5298, 1000.000000000000114 ) ;
#746 = DIRECTION ( 'NONE',  ( -0.8660254037844378194, -0.5000000000000013323, 0.000000000000000000 ) ) ;
#747 = EDGE_CURVE ( 'NONE', #7602, #1757, #8761, .T. ) ;
#748 = LINE ( 'NONE', #9920, #9105 ) ;
#749 = ORIENTED_EDGE ( 'NONE', *, *, #3514, .T. ) ;
#750 = VECTOR ( 'NONE', #743, 999.9999999999998863 ) ;
#751 = VERTEX_POINT ( 'NONE', #3444 ) ;
#752 = LINE ( 'NONE', #3920, #7559 ) ;
#753 = DIRECTION ( 'NONE',  ( -0.000000000000000000, -0.000000000000000000, 1.000000000000000000 ) ) ;
#754 = CARTESIAN_POINT ( 'NONE',  ( 0.000000000000000000, -25.00000000000000000, -15.00000000000000711 ) ) ;
#755 = AXIS2_PLACEMENT_3D ( 'NONE', #437, #8117, #3492 ) ;
#756 = ADVANCED_FACE ( 'NONE', ( #1194 ), #3716, .F. ) ;
#757 = LINE ( 'NONE', #4719, #2348 ) ;
#758 = CYLINDRICAL_SURFACE ( 'NONE', #5080, 1.599999999999990763 ) ;
#759 = ORIENTED_EDGE ( 'NONE', *, *, #554, .T. ) ;
#760 = CARTESIAN_POINT ( 'NONE',  ( -9.983716857408371226, 37.09230484541315320, -11.51739384248461739 ) ) ;
#761 = PLANE ( 'NONE',  #2567 ) ;
#762 = ORIENTED_EDGE ( 'NONE', *, *, #8476, .T. ) ;
#763 = PLANE ( 'NONE',  #5287 ) ;
#764 = VECTOR ( 'NONE', #3221, 999.9999999999998863 ) ;
#765 = AXIS2_PLACEMENT_3D ( 'NONE', #8893, #8847, #3616 ) ;
#766 = ORIENTED_EDGE ( 'NONE', *, *, #6825, .F. ) ;
#767 = CARTESIAN_POINT ( 'NONE',  ( -54.53637007961710026, 14.25656986040708674, -11.00000000000000178 ) ) ;
#768 = CARTESIAN_POINT ( 'NONE',  ( -3.000000000000000000, -8.151471862576149974, -11.09852813742385358 ) ) ;
#769 = VERTEX_POINT ( 'NONE', #9610 ) ;
#770 = VECTOR ( 'NONE', #5401, 1000.000000000000000 ) ;
#771 = LINE ( 'NONE', #7611, #8314 ) ;
#772 = CARTESIAN_POINT ( 'NONE',  ( -19.30705080756894532, 58.44079294302303396, -9.258696921242300704 ) ) ;
#773 =( LENGTH_UNIT ( ) NAMED_UNIT ( * ) SI_UNIT ( .MILLI., .METRE. ) );
#774 = CARTESIAN_POINT ( 'NONE',  ( -23.98371685740856307, 61.34101615137767993, -11.51739384248461739 ) ) ;
#775 = ORIENTED_EDGE ( 'NONE', *, *, #4352, .T. ) ;
#776 = VERTEX_POINT ( 'NONE', #5038 ) ;
#777 = CARTESIAN_POINT ( 'NONE',  ( -9.983716857408371226, 37.09230484541315320, 11.51739384248461029 ) ) ;
#778 = VECTOR ( 'NONE', #4701, 1000.000000000000000 ) ;
#780 = EDGE_CURVE ( 'NONE', #3184, #5468, #4342, .T. ) ;
#779 = ORIENTED_EDGE ( 'NONE', *, *, #3702, .T. ) ;
#781 = CARTESIAN_POINT ( 'NONE',  ( 0.5126266867971406294, -11.37701087779823439, 9.152745234367934302 ) ) ;
#782 = PLANE ( 'NONE',  #7324 ) ;
#783 = EDGE_CURVE ( 'NONE', #964, #9534, #1883, .T. ) ;
#784 = ORIENTED_EDGE ( 'NONE', *, *, #390, .T. ) ;
#785 = ORIENTED_EDGE ( 'NONE', *, *, #355, .F. ) ;
#786 = CIRCLE ( 'NONE', #139, 9.899999999999991473 ) ;
#787 = DIRECTION ( 'NONE',  ( 0.000000000000000000, 0.000000000000000000, -1.000000000000000000 ) ) ;
#788 = VERTEX_POINT ( 'NONE', #2838 ) ;
#789 = DIRECTION ( 'NONE',  ( -1.000000000000000000, -0.000000000000000000, -0.000000000000000000 ) ) ;
#790 = CARTESIAN_POINT ( 'NONE',  ( 4.000000000000001776, 1.999999999999997780, -19.00000000000000355 ) ) ;
#791 = DIRECTION ( 'NONE',  ( 0.000000000000000000, -0.7660444431189714631, 0.6427876096865471345 ) ) ;
#792 = ORIENTED_EDGE ( 'NONE', *, *, #3166, .F. ) ;
#793 = EDGE_LOOP ( 'NONE', ( #7439, #5010, #5861, #909 ) ) ;
#794 = VERTEX_POINT ( 'NONE', #7373 ) ;
#795 = EDGE_CURVE ( 'NONE', #5774, #8422, #8871, .T. ) ;
#796 = ADVANCED_FACE ( 'NONE', ( #6455 ), #9510, .F. ) ;
#797 = CARTESIAN_POINT ( 'NONE',  ( -3.000000000000006217, -6.000000000000001776, -10.50000000000000533 ) ) ;
#798 = LINE ( 'NONE', #5146, #2910 ) ;
#799 = VECTOR ( 'NONE', #5808, 999.9999999999998863 ) ;
#800 = CARTESIAN_POINT ( 'NONE',  ( -4.500000000000000888, -1.122468131514405287E-15, -11.00000000000000533 ) ) ;
#801 = LINE ( 'NONE', #6153, #6050 ) ;
#802 = VERTEX_POINT ( 'NONE', #6842 ) ;
#803 = ORIENTED_EDGE ( 'NONE', *, *, #9306, .T. ) ;
#804 = VECTOR ( 'NONE', #7168, 999.9999999999998863 ) ;
#805 = ORIENTED_EDGE ( 'NONE', *, *, #5731, .T. ) ;
#806 = ORIENTED_EDGE ( 'NONE', *, *, #656, .F. ) ;
#807 = CARTESIAN_POINT ( 'NONE',  ( -7.000000000000000000, -6.000000000000000000, -22.00000000000000355 ) ) ;
#808 = EDGE_CURVE ( 'NONE', #9014, #1485, #5317, .T. ) ;
#809 = DIRECTION ( 'NONE',  ( -0.6081204024113373574, -7.023918534176317415E-15, -0.7938448060994499622 ) ) ;
#810 = DIRECTION ( 'NONE',  ( -0.5000000000000025535, 0.8660254037844372643, 0.000000000000000000 ) ) ;
#811 = AXIS2_PLACEMENT_3D ( 'NONE', #883, #6899, #3940 ) ;
#812 = VECTOR ( 'NONE', #5525, 999.9999999999998863 ) ;
#813 = FACE_OUTER_BOUND ( 'NONE', #2052, .T. ) ;
#814 = FACE_OUTER_BOUND ( 'NONE', #2613, .T. ) ;
#815 = EDGE_LOOP ( 'NONE', ( #8754, #2549, #3729, #5841 ) ) ;
#816 = ORIENTED_EDGE ( 'NONE', *, *, #9025, .F. ) ;
#817 = CIRCLE ( 'NONE', #6422, 1.099999999999987876 ) ;
#818 = VECTOR ( 'NONE', #4883, 1000.000000000000000 ) ;
#819 = DIRECTION ( 'NONE',  ( 0.000000000000000000, -0.7071067811865441310, -0.7071067811865510144 ) ) ;
#820 = EDGE_CURVE ( 'NONE', #6952, #3954, #5646, .T. ) ;
#821 = ADVANCED_FACE ( 'NONE', ( #3780 ), #7665, .F. ) ;
#822 = CARTESIAN_POINT ( 'NONE',  ( -1.799999999999999600, -8.151471862576149974, -11.09852813742385358 ) ) ;
#823 = EDGE_LOOP ( 'NONE', ( #6788, #1450, #3143, #7084, #7437 ) ) ;
#824 = CARTESIAN_POINT ( 'NONE',  ( 6.999999999999970690, -6.000000000000002665, -19.00000000000000355 ) ) ;
#825 = AXIS2_PLACEMENT_3D ( 'NONE', #494, #5748, #1940 ) ;
#826 = CIRCLE ( 'NONE', #7241, 2.100000000000000977 ) ;
#827 = EDGE_LOOP ( 'NONE', ( #9563, #2253, #154, #2378, #1643 ) ) ;
#828 = ORIENTED_EDGE ( 'NONE', *, *, #2821, .T. ) ;
#829 = PLANE ( 'NONE',  #5589 ) ;
#830 = ORIENTED_EDGE ( 'NONE', *, *, #6746, .T. ) ;
#831 = CARTESIAN_POINT ( 'NONE',  ( -3.000000000000000000, -24.33880719978710871, -7.439391908442491541 ) ) ;
#832 = EDGE_LOOP ( 'NONE', ( #9700, #594, #6577, #7197 ) ) ;
#833 = VECTOR ( 'NONE', #6264, 1000.000000000000000 ) ;
#834 = DIRECTION ( 'NONE',  ( -0.7071067811865482389, -0.4545194776720400398, 0.5416752204197041731 ) ) ;
#835 = VECTOR ( 'NONE', #3280, 1000.000000000000000 ) ;
#836 = PLANE ( 'NONE',  #2134 ) ;
#837 = CARTESIAN_POINT ( 'NONE',  ( 0.000000000000000000, -7.691567287859389701, -8.607439852608024466 ) ) ;
#838 = ORIENTED_EDGE ( 'NONE', *, *, #5002, .F. ) ;
#839 = EDGE_CURVE ( 'NONE', #441, #5368, #8248, .T. ) ;
#840 = CIRCLE ( 'NONE', #9646, 12.89999999999998082 ) ;
#841 = DIRECTION ( 'NONE',  ( -0.5000000000000013323, 0.8660254037844379305, 0.000000000000000000 ) ) ;
#842 = ORIENTED_EDGE ( 'NONE', *, *, #4797, .F. ) ;
#843 = CARTESIAN_POINT ( 'NONE',  ( 2.000000000000000000, -22.24974746830583783, -4.949747468305832676 ) ) ;
#844 = CARTESIAN_POINT ( 'NONE',  ( 2.000000000000000000, -12.35025253169417248, 4.949747468305830900 ) ) ;
#845 = DIRECTION ( 'NONE',  ( -0.3535533905932728427, 0.6123724356957908066, -0.7071067811865513475 ) ) ;
#846 = ORIENTED_EDGE ( 'NONE', *, *, #40, .T. ) ;
#847 = ORIENTED_EDGE ( 'NONE', *, *, #9916, .F. ) ;
#848 = ORIENTED_EDGE ( 'NONE', *, *, #7610, .T. ) ;
#849 = DIRECTION ( 'NONE',  ( 0.000000000000000000, 0.000000000000000000, 1.000000000000000000 ) ) ;
#850 = CARTESIAN_POINT ( 'NONE',  ( -23.66506350946118786, 64.98909236273088652, -26.49999999999992539 ) ) ;
#851 = VECTOR ( 'NONE', #1183, 1000.000000000000114 ) ;
#852 = FACE_OUTER_BOUND ( 'NONE', #4214, .T. ) ;
#853 = DIRECTION ( 'NONE',  ( 0.000000000000000000, 0.000000000000000000, -1.000000000000000000 ) ) ;
#854 = EDGE_CURVE ( 'NONE', #265, #7194, #6795, .T. ) ;
#855 = CARTESIAN_POINT ( 'NONE',  ( -13.00000000000004086, 51.51666049839542438, 22.50000000000000000 ) ) ;
#856 = EDGE_LOOP ( 'NONE', ( #6039, #3294, #7878, #7650 ) ) ;
#857 = EDGE_LOOP ( 'NONE', ( #9822, #9891, #5526, #5504, #9233, #643 ) ) ;
#858 = ORIENTED_EDGE ( 'NONE', *, *, #7440, .F. ) ;
#859 = EDGE_LOOP ( 'NONE', ( #4728, #3023, #8223, #6504 ) ) ;
#860 = ORIENTED_EDGE ( 'NONE', *, *, #1177, .F. ) ;
#861 = CARTESIAN_POINT ( 'NONE',  ( -19.06217782649111570, 48.01666049839541017, -22.50000000000000000 ) ) ;
#862 = AXIS2_PLACEMENT_3D ( 'NONE', #3532, #4089, #7157 ) ;
#863 = DIRECTION ( 'NONE',  ( 0.000000000000000000, -0.7660444431189714631, 0.6427876096865471345 ) ) ;
#864 = ORIENTED_EDGE ( 'NONE', *, *, #8633, .F. ) ;
#865 = DIRECTION ( 'NONE',  ( 0.000000000000000000, 0.000000000000000000, -1.000000000000000000 ) ) ;
#866 = CARTESIAN_POINT ( 'NONE',  ( -11.66506350946112214, 44.20448267190432290, -8.017393842484622724 ) ) ;
#867 = EDGE_CURVE ( 'NONE', #6917, #8352, #4, .T. ) ;
#868 = LINE ( 'NONE', #7753, #4449 ) ;
#869 = CARTESIAN_POINT ( 'NONE',  ( 0.3499999999999978684, -14.43931226317543803, -7.439391908442491541 ) ) ;
#870 = LINE ( 'NONE', #9141, #7880 ) ;
#871 = VERTEX_POINT ( 'NONE', #8348 ) ;
#872 = FACE_OUTER_BOUND ( 'NONE', #1083, .T. ) ;
#873 = ORIENTED_EDGE ( 'NONE', *, *, #282, .F. ) ;
#874 = CARTESIAN_POINT ( 'NONE',  ( -7.090063509461017155, 36.28035022727655701, 12.50000000000003197 ) ) ;
#875 = VERTEX_POINT ( 'NONE', #3085 ) ;
#876 = ADVANCED_FACE ( 'NONE', ( #6695 ), #3682, .T. ) ;
#877 = EDGE_CURVE ( 'NONE', #4040, #3049, #9044, .T. ) ;
#878 = ORIENTED_EDGE ( 'NONE', *, *, #7266, .T. ) ;
#879 = CARTESIAN_POINT ( 'NONE',  ( -1.799999999999999600, -8.151471862576151750, 9.401471862576148197 ) ) ;
#880 = VECTOR ( 'NONE', #4813, 1000.000000000000114 ) ;
#881 = DIRECTION ( 'NONE',  ( 0.8660254037844378194, 0.5000000000000013323, -0.000000000000000000 ) ) ;
#882 = DIRECTION ( 'NONE',  ( -1.000000000000000000, -0.000000000000000000, -0.000000000000000000 ) ) ;
#883 = CARTESIAN_POINT ( 'NONE',  ( -3.000000000000000000, -12.35025253169416892, -4.949747468305832676 ) ) ;
#884 = ORIENTED_EDGE ( 'NONE', *, *, #334, .F. ) ;
#885 = EDGE_LOOP ( 'NONE', ( #3759, #8655, #6362, #969 ) ) ;
#886 = DIRECTION ( 'NONE',  ( 0.7071067811865469066, -0.4545194776720403729, 0.5416752204197053944 ) ) ;
#887 = EDGE_LOOP ( 'NONE', ( #9449, #7292 ) ) ;
#888 = CARTESIAN_POINT ( 'NONE',  ( 2.000000000000005329, -13.09542751534581662, 10.05641935388977792 ) ) ;
#889 = LINE ( 'NONE', #7867, #7146 ) ;
#890 = ORIENTED_EDGE ( 'NONE', *, *, #1372, .T. ) ;
#891 = ADVANCED_FACE ( 'NONE', ( #674 ), #3734, .F. ) ;
#892 = EDGE_LOOP ( 'NONE', ( #5539, #2007, #7578, #86, #6174 ) ) ;
#893 = FACE_OUTER_BOUND ( 'NONE', #1898, .T. ) ;
#894 = ORIENTED_EDGE ( 'NONE', *, *, #9680, .F. ) ;
#895 = CARTESIAN_POINT ( 'NONE',  ( 0.3499999999999980349, -20.16068773682460247, -7.439391908442521739 ) ) ;
#896 = CARTESIAN_POINT ( 'NONE',  ( -19.06217782649111570, 48.01666049839542438, 20.23725830020306304 ) ) ;
#897 = LINE ( 'NONE', #1693, #495 ) ;
#898 = EDGE_LOOP ( 'NONE', ( #2334, #5244, #331, #8032 ) ) ;
#899 = AXIS2_PLACEMENT_3D ( 'NONE', #1253, #1995, #6507 ) ;
#900 = ORIENTED_EDGE ( 'NONE', *, *, #9025, .T. ) ;
#901 = EDGE_LOOP ( 'NONE', ( #6332, #3150, #6242, #587 ) ) ;
#902 = CARTESIAN_POINT ( 'NONE',  ( -3.000000000000006217, -6.000000000000001776, 10.50000000000000178 ) ) ;
#903 = DIRECTION ( 'NONE',  ( -0.8660254037844379305, -0.5000000000000013323, -0.000000000000000000 ) ) ;
#904 = VECTOR ( 'NONE', #5078, 1000.000000000000000 ) ;
#905 = DIRECTION ( 'NONE',  ( 0.000000000000000000, 0.8944271909999160775, 0.4472135954999574836 ) ) ;
#906 = FACE_OUTER_BOUND ( 'NONE', #6848, .T. ) ;
#907 = ORIENTED_EDGE ( 'NONE', *, *, #3021, .T. ) ;
#908 = VERTEX_POINT ( 'NONE', #5477 ) ;
#909 = ORIENTED_EDGE ( 'NONE', *, *, #2016, .F. ) ;
#910 = VERTEX_POINT ( 'NONE', #2482 ) ;
#911 = CARTESIAN_POINT ( 'NONE',  ( -1.799999999999999600, 15.44999999999999751, -11.94705627484770361 ) ) ;
#912 = ORIENTED_EDGE ( 'NONE', *, *, #505, .F. ) ;
#913 = VECTOR ( 'NONE', #931, 1000.000000000000000 ) ;
#914 = ORIENTED_EDGE ( 'NONE', *, *, #8317, .T. ) ;
#915 = DIRECTION ( 'NONE',  ( 0.000000000000000000, -0.8944271909999157444, -0.4472135954999579277 ) ) ;
#916 = EDGE_CURVE ( 'NONE', #1967, #1852, #5374, .T. ) ;
#917 = DIRECTION ( 'NONE',  ( 0.8660254037844378194, 0.5000000000000013323, -0.000000000000000000 ) ) ;
#918 = VECTOR ( 'NONE', #4183, 1000.000000000000000 ) ;
#919 = LINE ( 'NONE', #5410, #750 ) ;
#920 = ADVANCED_FACE ( 'NONE', ( #7047 ), #8598, .F. ) ;
#921 = AXIS2_PLACEMENT_3D ( 'NONE', #1514, #1566, #3220 ) ;
#922 = DIRECTION ( 'NONE',  ( -0.8660254037844378194, -0.5000000000000013323, -4.336808689942029446E-17 ) ) ;
#923 = ORIENTED_EDGE ( 'NONE', *, *, #7820, .F. ) ;
#924 = DIRECTION ( 'NONE',  ( 0.8660254037844379305, 0.5000000000000011102, -0.000000000000000000 ) ) ;
#925 = FACE_BOUND ( 'NONE', #5251, .T. ) ;
#926 = LINE ( 'NONE', #1024, #8057 ) ;
#927 = ADVANCED_FACE ( 'NONE', ( #6945 ), #1777, .T. ) ;
#928 = EDGE_CURVE ( 'NONE', #9418, #6320, #4034, .T. ) ;
#929 = VECTOR ( 'NONE', #7473, 1000.000000000000000 ) ;
#930 = EDGE_LOOP ( 'NONE', ( #6808, #2094, #2974, #7533 ) ) ;
#931 = DIRECTION ( 'NONE',  ( -0.8660254037844379305, -0.5000000000000013323, 0.000000000000000000 ) ) ;
#932 = ORIENTED_EDGE ( 'NONE', *, *, #4877, .F. ) ;
#933 = VECTOR ( 'NONE', #8858, 1000.000000000000000 ) ;
#934 = CARTESIAN_POINT ( 'NONE',  ( -23.24006350946124044, 64.25297076951420649, -15.24130307875773127 ) ) ;
#935 = DIRECTION ( 'NONE',  ( 0.000000000000000000, 0.7660444431189714631, -0.6427876096865470235 ) ) ;
#936 = CARTESIAN_POINT ( 'NONE',  ( -1.165063509461087721, 26.01794919243113924, 18.00000000000002842 ) ) ;
#937 = DIRECTION ( 'NONE',  ( 0.000000000000000000, 0.000000000000000000, -1.000000000000000000 ) ) ;
#938 = ADVANCED_FACE ( 'NONE', ( #1680 ), #7859, .T. ) ;
#939 = CARTESIAN_POINT ( 'NONE',  ( -7.000000000000000000, -29.00000000000000000, 15.00000000000000178 ) ) ;
#940 = AXIS2_PLACEMENT_3D ( 'NONE', #8229, #558, #4366 ) ;
#941 = DIRECTION ( 'NONE',  ( -1.000000000000000000, -0.000000000000000000, -0.000000000000000000 ) ) ;
#942 = VERTEX_POINT ( 'NONE', #4732 ) ;
#943 = LINE ( 'NONE', #3996, #3185 ) ;
#944 = EDGE_LOOP ( 'NONE', ( #9841, #5608, #5265, #5309 ) ) ;
#945 = DIRECTION ( 'NONE',  ( -1.397501952313618962E-15, 2.795003904627237925E-15, -1.000000000000000000 ) ) ;
#946 = DIRECTION ( 'NONE',  ( 0.000000000000000000, -1.000000000000000000, -2.451389313854040505E-16 ) ) ;
#947 = AXIS2_PLACEMENT_3D ( 'NONE', #6202, #3959, #9269 ) ;
#948 = CARTESIAN_POINT ( 'NONE',  ( -7.732050807568842998, 38.39230484541317168, -16.48260615751542346 ) ) ;
#949 = ORIENTED_EDGE ( 'NONE', *, *, #8835, .F. ) ;
#950 = ORIENTED_EDGE ( 'NONE', *, *, #9244, .T. ) ;
#951 = EDGE_LOOP ( 'NONE', ( #7010, #9227, #3637, #6265, #1007 ) ) ;
#952 = EDGE_CURVE ( 'NONE', #3250, #8095, #7813, .T. ) ;
#953 = EDGE_CURVE ( 'NONE', #170, #3376, #6536, .T. ) ;
#954 = CARTESIAN_POINT ( 'NONE',  ( -9.983716857409092427, 37.09230484541442507, 12.44436508138944220 ) ) ;
#955 = DIRECTION ( 'NONE',  ( 0.5000000000000012212, -0.8660254037844380415, -0.000000000000000000 ) ) ;
#956 = VECTOR ( 'NONE', #2337, 1000.000000000000114 ) ;
#957 = DIRECTION ( 'NONE',  ( 0.7071067811865429098, 0.4545194776720520302, 0.5416752204197008425 ) ) ;
#958 = VERTEX_POINT ( 'NONE', #4328 ) ;
#959 = CARTESIAN_POINT ( 'NONE',  ( -3.000000000000000000, 12.94999999999999396, 9.500000000000000000 ) ) ;
#960 = EDGE_LOOP ( 'NONE', ( #5279, #2641, #2216, #3038 ) ) ;
#961 = ORIENTED_EDGE ( 'NONE', *, *, #6254, .T. ) ;
#962 = DIRECTION ( 'NONE',  ( 0.000000000000000000, 0.8944271909999158554, 0.4472135954999579277 ) ) ;
#963 = VECTOR ( 'NONE', #5966, 1000.000000000000000 ) ;
#964 = VERTEX_POINT ( 'NONE', #7204 ) ;
#965 = LINE ( 'NONE', #5458, #986 ) ;
#966 = CARTESIAN_POINT ( 'NONE',  ( -25.51217782649126065, 59.18838820721489213, -14.00000000000000355 ) ) ;
#967 = VECTOR ( 'NONE', #350, 1000.000000000000000 ) ;
#968 = DIRECTION ( 'NONE',  ( 0.000000000000000000, 0.000000000000000000, -1.000000000000000000 ) ) ;
#969 = ORIENTED_EDGE ( 'NONE', *, *, #1943, .F. ) ;
#970 = EDGE_CURVE ( 'NONE', #2992, #8727, #5830, .T. ) ;
#971 = ORIENTED_EDGE ( 'NONE', *, *, #7701, .T. ) ;
#972 = CARTESIAN_POINT ( 'NONE',  ( 14.37006586656291596, 60.13401786455913367, -11.27781745930520074 ) ) ;
#973 = EDGE_CURVE ( 'NONE', #135, #2183, #6453, .T. ) ;
#974 = CIRCLE ( 'NONE', #5111, 1.199999999999996181 ) ;
#975 = CARTESIAN_POINT ( 'NONE',  ( -16.61506350946114807, 52.77813416937027569, -24.17431578064991271 ) ) ;
#976 = CARTESIAN_POINT ( 'NONE',  ( -12.06217782649174985, 35.89230484541442223, 12.44436508138944220 ) ) ;
#977 = AXIS2_PLACEMENT_3D ( 'NONE', #3024, #3828, #8486 ) ;
#978 = VECTOR ( 'NONE', #6121, 999.9999999999998863 ) ;
#979 = EDGE_CURVE ( 'NONE', #4805, #5341, #9650, .T. ) ;
#980 = EDGE_CURVE ( 'NONE', #2734, #7485, #8105, .T. ) ;
#981 = DIRECTION ( 'NONE',  ( 0.000000000000000000, 0.8944271909999155223, 0.4472135954999585383 ) ) ;
#982 = VERTEX_POINT ( 'NONE', #5635 ) ;
#983 = CARTESIAN_POINT ( 'NONE',  ( -17.41672955930068412, 48.96666049839541301, 10.00000000000000000 ) ) ;
#984 = DIRECTION ( 'NONE',  ( -0.4330127018922204085, 0.7499999999999991118, -0.5000000000000003331 ) ) ;
#985 = ORIENTED_EDGE ( 'NONE', *, *, #5783, .F. ) ;
#986 = VECTOR ( 'NONE', #198, 1000.000000000000227 ) ;
#987 = DIRECTION ( 'NONE',  ( 0.000000000000000000, -0.8944271909999165215, -0.4472135954999565399 ) ) ;
#988 = VECTOR ( 'NONE', #7251, 1000.000000000000114 ) ;
#989 = LINE ( 'NONE', #9307, #8744 ) ;
#990 = ORIENTED_EDGE ( 'NONE', *, *, #123, .F. ) ;
#991 = CARTESIAN_POINT ( 'NONE',  ( -29.56217782649112635, -13.37871270719263350, 3.724076359315469986 ) ) ;
#992 = LINE ( 'NONE', #2642, #7833 ) ;
#993 = EDGE_CURVE ( 'NONE', #4112, #3603, #5070, .T. ) ;
#994 = DIRECTION ( 'NONE',  ( 0.000000000000000000, -1.000000000000000000, 1.087600925377308960E-16 ) ) ;
#995 = CARTESIAN_POINT ( 'NONE',  ( -13.71506350946114416, 47.75518682742054466, -24.17431578064990916 ) ) ;
#996 = ORIENTED_EDGE ( 'NONE', *, *, #1353, .F. ) ;
#997 = VECTOR ( 'NONE', #9319, 1000.000000000000000 ) ;
#998 = FACE_BOUND ( 'NONE', #6764, .T. ) ;
#999 = VECTOR ( 'NONE', #7939, 1000.000000000000227 ) ;
#1000 = PLANE ( 'NONE',  #1441 ) ;
#1001 = VERTEX_POINT ( 'NONE', #8699 ) ;
#1002 = ORIENTED_EDGE ( 'NONE', *, *, #7863, .T. ) ;
#1003 = LINE ( 'NONE', #1890, #6266 ) ;
#1004 = DIRECTION ( 'NONE',  ( -0.000000000000000000, -1.000000000000000000, -0.000000000000000000 ) ) ;
#1005 = ADVANCED_FACE ( 'NONE', ( #6441 ), #2727, .F. ) ;
#1006 = CARTESIAN_POINT ( 'NONE',  ( -20.48371685740848136, 55.27883832488648608, -10.49999999999999822 ) ) ;
#1007 = ORIENTED_EDGE ( 'NONE', *, *, #8665, .F. ) ;
#1008 = ORIENTED_EDGE ( 'NONE', *, *, #8552, .T. ) ;
#1009 = VERTEX_POINT ( 'NONE', #7307 ) ;
#1010 = ORIENTED_EDGE ( 'NONE', *, *, #409, .F. ) ;
#1011 = DIRECTION ( 'NONE',  ( 1.000000000000000000, 0.000000000000000000, 0.000000000000000000 ) ) ;
#1012 = ORIENTED_EDGE ( 'NONE', *, *, #8767, .F. ) ;
#1013 = ORIENTED_EDGE ( 'NONE', *, *, #1845, .F. ) ;
#1014 = CARTESIAN_POINT ( 'NONE',  ( -9.888908729652641227, 46.12809235116972673, -11.27781745930520430 ) ) ;
#1015 = AXIS2_PLACEMENT_3D ( 'NONE', #4586, #5172, #8297 ) ;
#1016 = CARTESIAN_POINT ( 'NONE',  ( -3.000000000000000000, -22.24974746830583072, 4.949747468305830900 ) ) ;
#1017 = LINE ( 'NONE', #7134, #1724 ) ;
#1018 = CARTESIAN_POINT ( 'NONE',  ( -9.312177826491078392, 31.12916512459884544, 19.00000000000001066 ) ) ;
#1019 = B_SPLINE_CURVE_WITH_KNOTS ( 'NONE', 3,
 ( #8140, #1359, #4368, #6674, #6627, #4407, #2112, #9637, #2769, #8790, #1269, #5819, #1910, #5716, #4317, #4966, #5909, #9686, #7450, #560, #8986, #3420 ),
 .UNSPECIFIED., .F., .F.,
 ( 4, 2, 2, 2, 2, 2, 2, 2, 2, 2, 4 ),
 ( 0.02412676428933418007, 0.02502879559716556998, 0.02593082690499695989, 0.02638184255891265484, 0.02683285821282835326, 0.02728387386674404821, 0.02773488952065974317, 0.02863692082849112960, 0.02953895213632251257, 0.03044098344415389901, 0.03134301475198528197 ),
 .UNSPECIFIED. ) ;
#1020 = LINE ( 'NONE', #6934, #1571 ) ;
#1021 = ORIENTED_EDGE ( 'NONE', *, *, #1984, .T. ) ;
#1022 = VECTOR ( 'NONE', #6449, 1000.000000000000000 ) ;
#1023 = CARTESIAN_POINT ( 'NONE',  ( -6.999999999999999112, 19.12435565298216389, 15.00000000000000178 ) ) ;
#1024 = CARTESIAN_POINT ( 'NONE',  ( 6.530942860263101224, -12.35025253169419912, -9.192321158635740730 ) ) ;
#1025 = VERTEX_POINT ( 'NONE', #3527 ) ;
#1026 = ADVANCED_FACE ( 'NONE', ( #8747 ), #1825, .F. ) ;
#1027 = DIRECTION ( 'NONE',  ( 0.3535533905933158083, -0.6123724356958657467, -0.7071067811864649721 ) ) ;
#1028 = VERTEX_POINT ( 'NONE', #1920 ) ;
#1029 = CARTESIAN_POINT ( 'NONE',  ( -7.000000000000000000, -29.00000000000000000, 11.00000000000000178 ) ) ;
#1030 = ORIENTED_EDGE ( 'NONE', *, *, #2830, .F. ) ;
#1031 = DIRECTION ( 'NONE',  ( 1.000000000000000000, -1.156482317317871478E-16, -2.767140724694304984E-32 ) ) ;
#1032 = LINE ( 'NONE', #214, #4815 ) ;
#1033 = ORIENTED_EDGE ( 'NONE', *, *, #7763, .F. ) ;
#1034 = FACE_OUTER_BOUND ( 'NONE', #6955, .T. ) ;
#1035 = PLANE ( 'NONE',  #862 ) ;
#1036 = ADVANCED_FACE ( 'NONE', ( #4928 ), #8007, .F. ) ;
#1037 = CARTESIAN_POINT ( 'NONE',  ( -13.48371685740844050, 43.15448267190431864, 8.017393842484615618 ) ) ;
#1038 = ORIENTED_EDGE ( 'NONE', *, *, #2246, .T. ) ;
#1039 = EDGE_LOOP ( 'NONE', ( #4886, #7750 ) ) ;
#1040 = CARTESIAN_POINT ( 'NONE',  ( -19.40871685740847852, 53.41688370674994957, -11.74130307875769574 ) ) ;
#1041 = EDGE_CURVE ( 'NONE', #5341, #9149, #4235, .T. ) ;
#1042 = CARTESIAN_POINT ( 'NONE',  ( -26.09807621135338351, 68.20319397786859383, -22.49999999999996092 ) ) ;
#1043 = CARTESIAN_POINT ( 'NONE',  ( 2.000000000000000000, -12.35025253169416892, -4.949747468305832676 ) ) ;
#1044 = CARTESIAN_POINT ( 'NONE',  ( -19.06217782649110859, 48.01666049839541017, 7.737258300203062156 ) ) ;
#1045 = CARTESIAN_POINT ( 'NONE',  ( -25.05871685740855526, 63.20297076951421644, 15.24130307875773127 ) ) ;
#1046 = CARTESIAN_POINT ( 'NONE',  ( -3.000000000000000000, -22.24974746830586980, -9.192321158635740730 ) ) ;
#1047 = EDGE_LOOP ( 'NONE', ( #3396, #878, #8121, #7659 ) ) ;
#1048 = CARTESIAN_POINT ( 'NONE',  ( -1.000000000000000000, 12.94999999999999396, -8.500000000000001776 ) ) ;
#1049 = DIRECTION ( 'NONE',  ( 1.000000000000000000, -0.000000000000000000, -0.000000000000000000 ) ) ;
#1050 = ADVANCED_FACE ( 'NONE', ( #373 ), #3432, .F. ) ;
#1051 = EDGE_CURVE ( 'NONE', #2155, #7229, #3476, .T. ) ;
#1052 = DIRECTION ( 'NONE',  ( -0.000000000000000000, 1.094278377492747784E-33, 1.000000000000000000 ) ) ;
#1053 = CIRCLE ( 'NONE', #718, 1.099999999999988765 ) ;
#1054 = LINE ( 'NONE', #9472, #8630 ) ;
#1055 = EDGE_LOOP ( 'NONE', ( #5093, #6419, #9254 ) ) ;
#1056 = VERTEX_POINT ( 'NONE', #510 ) ;
#1057 = DIRECTION ( 'NONE',  ( 0.000000000000000000, 0.000000000000000000, 1.000000000000000000 ) ) ;
#1058 = ORIENTED_EDGE ( 'NONE', *, *, #4556, .T. ) ;
#1059 = ORIENTED_EDGE ( 'NONE', *, *, #2214, .T. ) ;
#1060 = FACE_OUTER_BOUND ( 'NONE', #2915, .T. ) ;
#1061 = CARTESIAN_POINT ( 'NONE',  ( -15.96672955930068483, 46.45518682742054750, 24.17431578064990916 ) ) ;
#1062 = CARTESIAN_POINT ( 'NONE',  ( -9.415063509461122138, 40.30736835487436309, 11.00000000000000178 ) ) ;
#1063 = EDGE_CURVE ( 'NONE', #3843, #379, #6625, .T. ) ;
#1064 = PLANE ( 'NONE',  #6149 ) ;
#1065 = DIRECTION ( 'NONE',  ( 0.8660254037844379305, 0.5000000000000011102, -0.000000000000000000 ) ) ;
#1066 = VERTEX_POINT ( 'NONE', #6671 ) ;
#1067 = VECTOR ( 'NONE', #5329, 1000.000000000000114 ) ;
#1068 = ORIENTED_EDGE ( 'NONE', *, *, #8454, .F. ) ;
#1069 = DIRECTION ( 'NONE',  ( 0.5773502691896236216, 0.5773502691896238437, -0.5773502691896298389 ) ) ;
#1070 = ORIENTED_EDGE ( 'NONE', *, *, #4457, .F. ) ;
#1071 = CARTESIAN_POINT ( 'NONE',  ( 1.084591306937723765, -9.000000000000005329, 7.065408693062279255 ) ) ;
#1072 = EDGE_CURVE ( 'NONE', #8516, #9832, #4918, .T. ) ;
#1073 = EDGE_CURVE ( 'NONE', #9817, #6970, #601, .T. ) ;
#1074 = AXIS2_PLACEMENT_3D ( 'NONE', #7596, #7547, #5315 ) ;
#1075 = CARTESIAN_POINT ( 'NONE',  ( 2.000000000000000000, -15.87938140364298434, -1.693027315914640951 ) ) ;
#1076 = VERTEX_POINT ( 'NONE', #8611 ) ;
#1077 = ORIENTED_EDGE ( 'NONE', *, *, #4373, .T. ) ;
#1078 = DIRECTION ( 'NONE',  ( 0.8660254037844379305, 0.5000000000000011102, 0.000000000000000000 ) ) ;
#1079 = PLANE ( 'NONE',  #8193 ) ;
#1080 = AXIS2_PLACEMENT_3D ( 'NONE', #4849, #5130, #627 ) ;
#1081 = ORIENTED_EDGE ( 'NONE', *, *, #550, .T. ) ;
#1082 = CARTESIAN_POINT ( 'NONE',  ( 0.3499999999999944267, -12.35025253169417248, 4.949747468305830900 ) ) ;
#1083 = EDGE_LOOP ( 'NONE', ( #1686, #3189, #7638, #2434 ) ) ;
#1084 = DIRECTION ( 'NONE',  ( 0.000000000000000000, 0.7071067811865474617, 0.7071067811865474617 ) ) ;
#1085 = DIRECTION ( 'NONE',  ( 0.5000000000000019984, -0.8660254037844373753, -5.421010862427553724E-15 ) ) ;
#1086 = ORIENTED_EDGE ( 'NONE', *, *, #7974, .T. ) ;
#1087 = CONICAL_SURFACE ( 'NONE', #7663, 9.899999999999991473, 0.7853981633974431720 ) ;
#1088 = VERTEX_POINT ( 'NONE', #4937 ) ;
#1089 = LINE ( 'NONE', #3490, #2218 ) ;
#1090 = CARTESIAN_POINT ( 'NONE',  ( -17.41672955930069122, 48.96666049839542723, 19.15136843870016747 ) ) ;
#1091 = DIRECTION ( 'NONE',  ( 0.3535533905932736753, -0.6123724356957924719, -0.7071067811865493491 ) ) ;
#1092 = VERTEX_POINT ( 'NONE', #8017 ) ;
#1093 = PLANE ( 'NONE',  #6076 ) ;
#1094 = EDGE_CURVE ( 'NONE', #4097, #6910, #3288, .T. ) ;
#1095 = VERTEX_POINT ( 'NONE', #9508 ) ;
#1096 = PLANE ( 'NONE',  #2418 ) ;
#1097 = VECTOR ( 'NONE', #9724, 1000.000000000000227 ) ;
#1098 = EDGE_CURVE ( 'NONE', #7127, #231, #992, .T. ) ;
#1099 = DIRECTION ( 'NONE',  ( 0.000000000000000000, -0.7660444431189818992, -0.6427876096865347000 ) ) ;
#1100 = DIRECTION ( 'NONE',  ( 0.000000000000000000, 1.020425574104004492E-16, 1.000000000000000000 ) ) ;
#1101 = CARTESIAN_POINT ( 'NONE',  ( 2.000000000000005329, -13.09542751534581662, 10.05641935388977792 ) ) ;
#1102 = EDGE_LOOP ( 'NONE', ( #8161, #577, #5887, #605 ) ) ;
#1103 = EDGE_LOOP ( 'NONE', ( #9028, #4014, #7159, #5659 ) ) ;
#1104 = CARTESIAN_POINT ( 'NONE',  ( -20.48371685740849202, 55.27883832488650029, 12.98260615751540037 ) ) ;
#1105 = EDGE_CURVE ( 'NONE', #958, #4810, #4048, .T. ) ;
#1106 = ADVANCED_FACE ( 'NONE', ( #2689 ), #4196, .F. ) ;
#1107 = VERTEX_POINT ( 'NONE', #8071 ) ;
#1108 = ORIENTED_EDGE ( 'NONE', *, *, #9256, .F. ) ;
#1109 = VERTEX_POINT ( 'NONE', #1192 ) ;
#1110 = CARTESIAN_POINT ( 'NONE',  ( -3.000000000000000000, -17.30000000000000426, -4.596194077712570270 ) ) ;
#1111 = CARTESIAN_POINT ( 'NONE',  ( -1.799999999999999600, 15.44999999999999574, -11.94705627484770361 ) ) ;
#1112 = CIRCLE ( 'NONE', #2867, 12.89999999999998082 ) ;
#1113 = CYLINDRICAL_SURFACE ( 'NONE', #2316, 1.100000000000115330 ) ;
#1114 = CARTESIAN_POINT ( 'NONE',  ( 0.000000000000000000, -7.691567287859364832, 8.607439852608044006 ) ) ;
#1115 = CARTESIAN_POINT ( 'NONE',  ( -16.88890872965265544, 58.25244800415186575, 9.722182540694801034 ) ) ;
#1116 = ORIENTED_EDGE ( 'NONE', *, *, #1677, .T. ) ;
#1117 = VECTOR ( 'NONE', #8571, 1000.000000000000000 ) ;
#1118 = EDGE_CURVE ( 'NONE', #7591, #4582, #4244, .T. ) ;
#1119 = EDGE_LOOP ( 'NONE', ( #7436, #2321, #3929, #4403 ) ) ;
#1120 = PLANE ( 'NONE',  #3874 ) ;
#1121 = DIRECTION ( 'NONE',  ( -0.8660254037844382635, -0.5000000000000009992, 0.000000000000000000 ) ) ;
#1122 = VECTOR ( 'NONE', #6563, 1000.000000000000000 ) ;
#1123 = LINE ( 'NONE', #5676, #4912 ) ;
#1124 = ORIENTED_EDGE ( 'NONE', *, *, #7854, .T. ) ;
#1126 = EDGE_CURVE ( 'NONE', #4695, #2794, #2543, .T. ) ;
#1125 = DIRECTION ( 'NONE',  ( -0.8660254037844378194, -0.5000000000000013323, 0.000000000000000000 ) ) ;
#1127 = DIRECTION ( 'NONE',  ( 0.8660254037844378194, 0.5000000000000013323, 4.336808689942029446E-17 ) ) ;
#1128 = EDGE_CURVE ( 'NONE', #3917, #6157, #4789, .T. ) ;
#1129 = VECTOR ( 'NONE', #7060, 1000.000000000000000 ) ;
#1130 = FACE_OUTER_BOUND ( 'NONE', #7735, .T. ) ;
#1131 = B_SPLINE_CURVE_WITH_KNOTS ( 'NONE', 3,
 ( #7570, #9711, #2137, #4547, #7617, #8302, #4349, #2796, #5230, #8965, #5177, #8357, #3638, #6652, #2894, #2983, #2089, #5889 ),
 .UNSPECIFIED., .F., .F.,
 ( 4, 2, 2, 2, 2, 2, 2, 2, 4 ),
 ( 0.004149534896759057498, 0.005760250501060821919, 0.007370966105362586340, 0.01059239731396611518, 0.01139775511611699696, 0.01220311291826787874, 0.01381382852256964229, 0.01542454412687140584, 0.01703525973117316766 ),
 .UNSPECIFIED. ) ;
#1132 = CARTESIAN_POINT ( 'NONE',  ( 0.000000000000000000, 15.44999999999999574, 10.24999999999999822 ) ) ;
#1133 = DIRECTION ( 'NONE',  ( 0.000000000000000000, 0.000000000000000000, -1.000000000000000000 ) ) ;
#1134 = DIRECTION ( 'NONE',  ( 1.000000000000000000, -0.000000000000000000, -0.000000000000000000 ) ) ;
#1135 = DIRECTION ( 'NONE',  ( -0.8660254037844379305, -0.5000000000000013323, 0.000000000000000000 ) ) ;
#1136 = VECTOR ( 'NONE', #3910, 1000.000000000000114 ) ;
#1137 = EDGE_LOOP ( 'NONE', ( #5540, #2287, #7892, #5223 ) ) ;
#1138 = VECTOR ( 'NONE', #3988, 999.9999999999998863 ) ;
#1139 = DIRECTION ( 'NONE',  ( -0.8660254037844389297, -0.4999999999999996114, -1.602373713730180449E-31 ) ) ;
#1140 = CARTESIAN_POINT ( 'NONE',  ( -1.000000000000000000, 12.94999999999999396, -9.500000000000000000 ) ) ;
#1141 = CARTESIAN_POINT ( 'NONE',  ( 6.530942860263101224, -22.24974746830586270, 0.7071737779759217357 ) ) ;
#1142 = EDGE_CURVE ( 'NONE', #9069, #2863, #5828, .T. ) ;
#1143 = CARTESIAN_POINT ( 'NONE',  ( 1.156482317317851757E-16, 0.9999999999999844569, -22.00000000000000355 ) ) ;
#1144 = CARTESIAN_POINT ( 'NONE',  ( -17.98241498424992102, 49.94645639550867600, 8.868629150101531522 ) ) ;
#1145 = ORIENTED_EDGE ( 'NONE', *, *, #7357, .T. ) ;
#1146 = VECTOR ( 'NONE', #3815, 1000.000000000000000 ) ;
#1147 = DIRECTION ( 'NONE',  ( 0.000000000000000000, -1.000000000000000000, 0.000000000000000000 ) ) ;
#1148 = DIRECTION ( 'NONE',  ( -0.8660254037844379305, -0.5000000000000011102, -0.000000000000000000 ) ) ;
#1149 = LINE ( 'NONE', #4255, #6503 ) ;
#1150 = ADVANCED_FACE ( 'NONE', ( #5026 ), #8151, .T. ) ;
#1151 = AXIS2_PLACEMENT_3D ( 'NONE', #3911, #4005, #292 ) ;
#1152 = VECTOR ( 'NONE', #3576, 1000.000000000000000 ) ;
#1153 = CARTESIAN_POINT ( 'NONE',  ( -7.000000000000000000, -29.00000000000000000, 12.50000000000000000 ) ) ;
#1154 = ORIENTED_EDGE ( 'NONE', *, *, #8712, .T. ) ;
#1155 = VERTEX_POINT ( 'NONE', #522 ) ;
#1156 = ORIENTED_EDGE ( 'NONE', *, *, #2781, .F. ) ;
#1157 = LINE ( 'NONE', #8129, #3523 ) ;
#1158 = EDGE_LOOP ( 'NONE', ( #382, #3582, #3710, #779 ) ) ;
#1159 = ORIENTED_EDGE ( 'NONE', *, *, #133, .T. ) ;
#1160 = DIRECTION ( 'NONE',  ( -1.000000000000000000, -0.000000000000000000, -0.000000000000000000 ) ) ;
#1161 = VECTOR ( 'NONE', #5626, 1000.000000000000000 ) ;
#1162 = CARTESIAN_POINT ( 'NONE',  ( -3.408058065792983093, 20.90292972509837810, 1.902929725098331470 ) ) ;
#1163 = ORIENTED_EDGE ( 'NONE', *, *, #2366, .T. ) ;
#1164 = DIRECTION ( 'NONE',  ( 0.8660254037844378194, 0.5000000000000013323, -0.000000000000000000 ) ) ;
#1165 = EDGE_CURVE ( 'NONE', #9775, #7285, #7355, .T. ) ;
#1166 = EDGE_CURVE ( 'NONE', #4539, #9002, #8199, .T. ) ;
#1167 = DIRECTION ( 'NONE',  ( -0.8660254037844380415, -0.5000000000000012212, 0.000000000000000000 ) ) ;
#1168 = CARTESIAN_POINT ( 'NONE',  ( -14.55871685740845756, 45.01643729004088357, 9.258696921242325573 ) ) ;
#1169 = VERTEX_POINT ( 'NONE', #7460 ) ;
#1170 = FACE_OUTER_BOUND ( 'NONE', #3182, .T. ) ;
#1171 = VECTOR ( 'NONE', #4746, 1000.000000000000114 ) ;
#1172 = ORIENTED_EDGE ( 'NONE', *, *, #1700, .T. ) ;
#1173 = ORIENTED_EDGE ( 'NONE', *, *, #8963, .F. ) ;
#1174 = ORIENTED_EDGE ( 'NONE', *, *, #3169, .F. ) ;
#1175 = LINE ( 'NONE', #6431, #6914 ) ;
#1176 = CARTESIAN_POINT ( 'NONE',  ( -3.000000000000000000, 12.94999999999999396, -9.500000000000000000 ) ) ;
#1177 = EDGE_CURVE ( 'NONE', #751, #5320, #6882, .T. ) ;
#1178 = CARTESIAN_POINT ( 'NONE',  ( 2.000000000000000000, -12.35025253169417070, 2.861095805374186174 ) ) ;
#1179 = VECTOR ( 'NONE', #4496, 1000.000000000000000 ) ;
#1180 = EDGE_LOOP ( 'NONE', ( #3172, #712, #961, #1487 ) ) ;
#1181 = EDGE_LOOP ( 'NONE', ( #8400, #6439 ) ) ;
#1182 = LINE ( 'NONE', #321, #1756 ) ;
#1183 = DIRECTION ( 'NONE',  ( -0.8660254037844379305, -0.5000000000000011102, 0.000000000000000000 ) ) ;
#1184 = DIRECTION ( 'NONE',  ( -0.000000000000000000, -0.000000000000000000, -1.000000000000000000 ) ) ;
#1185 = CARTESIAN_POINT ( 'NONE',  ( 10.00000000000000178, -22.24974746830583783, -3.349747468305833475 ) ) ;
#1186 = FACE_OUTER_BOUND ( 'NONE', #7452, .T. ) ;
#1187 = EDGE_LOOP ( 'NONE', ( #6109, #7681, #7192, #339 ) ) ;
#1188 = CARTESIAN_POINT ( 'NONE',  ( -86.31020123613548378, 33.43970738633110784, -26.50000000000000000 ) ) ;
#1189 = EDGE_CURVE ( 'NONE', #7386, #5025, #6120, .T. ) ;
#1190 = DIRECTION ( 'NONE',  ( 0.8660254037844379305, 0.5000000000000011102, -0.000000000000000000 ) ) ;
#1191 = VERTEX_POINT ( 'NONE', #3017 ) ;
#1192 = CARTESIAN_POINT ( 'NONE',  ( -18.49649240154186813, 47.03686460128213298, -11.13137084989847914 ) ) ;
#1193 = CARTESIAN_POINT ( 'NONE',  ( -15.56217782649111747, 41.95448267190435843, -6.499999999999960920 ) ) ;
#1194 = FACE_OUTER_BOUND ( 'NONE', #9507, .T. ) ;
#1195 = ORIENTED_EDGE ( 'NONE', *, *, #1371, .T. ) ;
#1196 = DIRECTION ( 'NONE',  ( -0.8660254037844379305, -0.5000000000000012212, 0.000000000000000000 ) ) ;
#1197 = DIRECTION ( 'NONE',  ( -0.8660254037844379305, -0.5000000000000012212, 0.000000000000000000 ) ) ;
#1198 = VERTEX_POINT ( 'NONE', #2311 ) ;
#1199 = ORIENTED_EDGE ( 'NONE', *, *, #6352, .F. ) ;
#1200 = DIRECTION ( 'NONE',  ( 0.2500000000000002776, -0.4330127018922181881, 0.8660254037844392627 ) ) ;
#1201 = EDGE_CURVE ( 'NONE', #3376, #1663, #45, .T. ) ;
#1202 = DIRECTION ( 'NONE',  ( 0.000000000000000000, 0.000000000000000000, 1.000000000000000000 ) ) ;
#1203 = CARTESIAN_POINT ( 'NONE',  ( 7.999999999999998224, 0.9999999999999835687, -22.00000000000000355 ) ) ;
#1204 = ORIENTED_EDGE ( 'NONE', *, *, #5628, .T. ) ;
#1205 = ORIENTED_EDGE ( 'NONE', *, *, #5138, .F. ) ;
#1206 = LINE ( 'NONE', #1897, #7542 ) ;
#1207 = AXIS2_PLACEMENT_3D ( 'NONE', #5104, #457, #2664 ) ;
#1208 = ORIENTED_EDGE ( 'NONE', *, *, #9546, .F. ) ;
#1209 = ORIENTED_EDGE ( 'NONE', *, *, #7045, .T. ) ;
#1210 = CARTESIAN_POINT ( 'NONE',  ( -21.09006350946124186, 60.52906153324113347, 12.75869692124231491 ) ) ;
#1211 = DIRECTION ( 'NONE',  ( -0.3535533905933217480, 0.6123724356958719639, 0.7071067811864564234 ) ) ;
#1212 = CARTESIAN_POINT ( 'NONE',  ( -4.500000000000000888, -12.00000000000000000, -11.00000000000000355 ) ) ;
#1213 = DIRECTION ( 'NONE',  ( 0.5000000000000013323, -0.8660254037844379305, -6.238590722481390513E-15 ) ) ;
#1214 = CIRCLE ( 'NONE', #1222, 4.000000000000000000 ) ;
#1215 = DIRECTION ( 'NONE',  ( -2.795003904627237925E-15, 5.590007809254475850E-15, 1.000000000000000000 ) ) ;
#1216 = ORIENTED_EDGE ( 'NONE', *, *, #2024, .T. ) ;
#1217 = ORIENTED_EDGE ( 'NONE', *, *, #5258, .T. ) ;
#1218 = ORIENTED_EDGE ( 'NONE', *, *, #7679, .F. ) ;
#1219 = ORIENTED_EDGE ( 'NONE', *, *, #3549, .F. ) ;
#1220 = DIRECTION ( 'NONE',  ( 1.000000000000000000, -0.000000000000000000, -0.000000000000000000 ) ) ;
#1221 = EDGE_CURVE ( 'NONE', #387, #9124, #7651, .T. ) ;
#1222 = AXIS2_PLACEMENT_3D ( 'NONE', #6200, #9467, #8721 ) ;
#1223 = LINE ( 'NONE', #6631, #9778 ) ;
#1224 = EDGE_CURVE ( 'NONE', #1056, #9021, #2164, .T. ) ;
#1225 = DIRECTION ( 'NONE',  ( -0.7071067811865520136, -0.4545194776720375418, 0.5416752204197012865 ) ) ;
#1226 = AXIS2_PLACEMENT_3D ( 'NONE', #6642, #4890, #4990 ) ;
#1227 = LINE ( 'NONE', #225, #8053 ) ;
#1228 = CARTESIAN_POINT ( 'NONE',  ( 0.9770825622994390169, 22.30764335890780714, 1.615286717815599182 ) ) ;
#1229 = DIRECTION ( 'NONE',  ( -0.4330127018922207971, 0.7499999999999998890, -0.4999999999999987788 ) ) ;
#1230 = CARTESIAN_POINT ( 'NONE',  ( 2.000000000000000000, -18.72061859635701353, -1.693027315914606090 ) ) ;
#1231 = EDGE_CURVE ( 'NONE', #3997, #8886, #7708, .T. ) ;
#1232 = EDGE_CURVE ( 'NONE', #2445, #1600, #1413, .T. ) ;
#1233 = CARTESIAN_POINT ( 'NONE',  ( 6.530942860263101224, -10.26119280021293534, 2.460103028169140504 ) ) ;
#1234 = CARTESIAN_POINT ( 'NONE',  ( -15.96672955930068483, 46.45518682742054750, -8.325684219350083737 ) ) ;
#1235 = CARTESIAN_POINT ( 'NONE',  ( -11.05871685740837762, 38.95425946354970392, -12.75869692124231847 ) ) ;
#1236 = LINE ( 'NONE', #6496, #9542 ) ;
#1237 = ORIENTED_EDGE ( 'NONE', *, *, #1041, .F. ) ;
#1238 = DIRECTION ( 'NONE',  ( -1.000000000000000000, -0.000000000000000000, -0.000000000000000000 ) ) ;
#1239 = ORIENTED_EDGE ( 'NONE', *, *, #1232, .F. ) ;
#1240 = AXIS2_PLACEMENT_3D ( 'NONE', #9815, #595, #3650 ) ;
#1241 = FACE_OUTER_BOUND ( 'NONE', #5120, .T. ) ;
#1242 = CARTESIAN_POINT ( 'NONE',  ( -29.56217782649112635, -13.37871270719262995, -6.175418577296193590 ) ) ;
#1243 = ORIENTED_EDGE ( 'NONE', *, *, #7039, .T. ) ;
#1244 = FACE_OUTER_BOUND ( 'NONE', #7521, .T. ) ;
#1245 = ORIENTED_EDGE ( 'NONE', *, *, #3266, .F. ) ;
#1246 = DIRECTION ( 'NONE',  ( 0.000000000000000000, 0.000000000000000000, 1.000000000000000000 ) ) ;
#1247 = ADVANCED_FACE ( 'NONE', ( #9829 ), #5321, .T. ) ;
#1248 = ORIENTED_EDGE ( 'NONE', *, *, #3191, .T. ) ;
#1249 = ORIENTED_EDGE ( 'NONE', *, *, #1142, .F. ) ;
#1250 = FACE_OUTER_BOUND ( 'NONE', #5835, .T. ) ;
#1251 = VECTOR ( 'NONE', #3973, 1000.000000000000114 ) ;
#1252 = CONICAL_SURFACE ( 'NONE', #755, 1.599999999999990319, 0.7853981633974495002 ) ;
#1253 = CARTESIAN_POINT ( 'NONE',  ( -3.000000000000000000, -12.35025253169416892, -4.949747468305832676 ) ) ;
#1254 = LINE ( 'NONE', #1847, #8459 ) ;
#1255 = ORIENTED_EDGE ( 'NONE', *, *, #307, .T. ) ;
#1256 = VERTEX_POINT ( 'NONE', #6166 ) ;
#1257 = ORIENTED_EDGE ( 'NONE', *, *, #633, .F. ) ;
#1258 = VECTOR ( 'NONE', #2767, 1000.000000000000000 ) ;
#1259 = DIRECTION ( 'NONE',  ( -0.4330127018922195758, 0.7499999999999998890, 0.4999999999999998890 ) ) ;
#1260 = VECTOR ( 'NONE', #7297, 1000.000000000000000 ) ;
#1261 = EDGE_CURVE ( 'NONE', #4991, #7531, #2967, .T. ) ;
#1263 = EDGE_CURVE ( 'NONE', #3277, #6267, #3163, .T. ) ;
#1262 = VERTEX_POINT ( 'NONE', #2370 ) ;
#1264 = DIRECTION ( 'NONE',  ( -1.000000000000000000, -0.000000000000000000, -0.000000000000000000 ) ) ;
#1265 = DIRECTION ( 'NONE',  ( -0.8660254037844380415, -0.5000000000000011102, -0.000000000000000000 ) ) ;
#1266 = CIRCLE ( 'NONE', #4624, 1.099999999999987876 ) ;
#1267 = DIRECTION ( 'NONE',  ( 0.4330127018922206861, -0.7499999999999996669, -0.4999999999999990563 ) ) ;
#1268 = EDGE_LOOP ( 'NONE', ( #8594, #990, #8762, #4171, #3953, #4714 ) ) ;
#1269 = CARTESIAN_POINT ( 'NONE',  ( 0.2804214980635113541, -9.975963921363954157, -8.074065861224264395 ) ) ;
#1270 = ORIENTED_EDGE ( 'NONE', *, *, #780, .T. ) ;
#1271 = VERTEX_POINT ( 'NONE', #869 ) ;
#1272 = DIRECTION ( 'NONE',  ( -0.4330127018922209081, 0.7500000000000001110, 0.4999999999999983902 ) ) ;
#1273 = AXIS2_PLACEMENT_3D ( 'NONE', #3795, #8612, #841 ) ;
#1274 = CARTESIAN_POINT ( 'NONE',  ( 0.000000000000000000, -29.00000000000000000, -10.50000000000000178 ) ) ;
#1275 = LINE ( 'NONE', #707, #7163 ) ;
#1276 = AXIS2_PLACEMENT_3D ( 'NONE', #1140, #4245, #994 ) ;
#1277 = ADVANCED_FACE ( 'NONE', ( #3927 ), #2265, .T. ) ;
#1278 = CARTESIAN_POINT ( 'NONE',  ( -20.48371685740848136, 55.27883832488648608, -12.05563491861038905 ) ) ;
#1279 = EDGE_LOOP ( 'NONE', ( #4319, #7479, #3198, #6348 ) ) ;
#1280 = CARTESIAN_POINT ( 'NONE',  ( 2.000000000000000000, -18.72061859635697090, -1.693027315914529485 ) ) ;
#1281 = DIRECTION ( 'NONE',  ( 0.8660254037844379305, 0.5000000000000011102, -0.000000000000000000 ) ) ;
#1282 = EDGE_CURVE ( 'NONE', #1650, #9418, #5965, .T. ) ;
#1283 = CARTESIAN_POINT ( 'NONE',  ( -21.09006350946124186, 60.52906153324113347, 12.50000000000023626 ) ) ;
#1284 = VECTOR ( 'NONE', #8347, 999.9999999999998863 ) ;
#1285 = FACE_OUTER_BOUND ( 'NONE', #191, .T. ) ;
#1286 = CARTESIAN_POINT ( 'NONE',  ( -3.000000000000000000, 0.000000000000000000, 12.50000000000000000 ) ) ;
#1287 = DIRECTION ( 'NONE',  ( -0.2500000000000011102, 0.4330127018922196869, -0.8660254037844382635 ) ) ;
#1288 = ORIENTED_EDGE ( 'NONE', *, *, #5561, .F. ) ;
#1289 = EDGE_CURVE ( 'NONE', #9002, #4118, #6014, .T. ) ;
#1290 = EDGE_CURVE ( 'NONE', #6206, #3049, #7599, .T. ) ;
#1291 = AXIS2_PLACEMENT_3D ( 'NONE', #6015, #1011, #4065 ) ;
#1292 = FACE_OUTER_BOUND ( 'NONE', #3131, .T. ) ;
#1293 = DIRECTION ( 'NONE',  ( 0.000000000000000000, 0.000000000000000000, 1.000000000000000000 ) ) ;
#1294 = CYLINDRICAL_SURFACE ( 'NONE', #3313, 1.599999999999998979 ) ;
#1295 = EDGE_CURVE ( 'NONE', #53, #9514, #9881, .T. ) ;
#1296 = DIRECTION ( 'NONE',  ( 0.5000000000000016653, -0.8660254037844377084, 0.000000000000000000 ) ) ;
#1297 = ORIENTED_EDGE ( 'NONE', *, *, #4981, .F. ) ;
#1298 = CARTESIAN_POINT ( 'NONE',  ( -16.61506350946114807, 52.77813416937027569, -20.82568421935008018 ) ) ;
#1299 = PLANE ( 'NONE',  #6291 ) ;
#1300 = AXIS2_PLACEMENT_3D ( 'NONE', #9007, #1483, #8167 ) ;
#1301 = CARTESIAN_POINT ( 'NONE',  ( 1.656727263785513715, -12.76278440279735271, 10.28940991087173451 ) ) ;
#1302 = VERTEX_POINT ( 'NONE', #7247 ) ;
#1303 = EDGE_CURVE ( 'NONE', #300, #2696, #1725, .T. ) ;
#1304 = CARTESIAN_POINT ( 'NONE',  ( 10.00000000000000178, -22.24974746830583072, 6.549747468305829656 ) ) ;
#1305 = VECTOR ( 'NONE', #8145, 1000.000000000000000 ) ;
#1306 = CIRCLE ( 'NONE', #6904, 2.099999999999999645 ) ;
#1307 = CARTESIAN_POINT ( 'NONE',  ( 0.000000000000000000, 26.50000000000006750, -7.500000000000000000 ) ) ;
#1308 = VERTEX_POINT ( 'NONE', #2473 ) ;
#1309 = DIRECTION ( 'NONE',  ( 1.000000000000000000, -0.000000000000000000, -0.000000000000000000 ) ) ;
#1310 = VERTEX_POINT ( 'NONE', #9284 ) ;
#1311 = PLANE ( 'NONE',  #61 ) ;
#1312 = AXIS2_PLACEMENT_3D ( 'NONE', #8840, #1309, #7291 ) ;
#1313 = VECTOR ( 'NONE', #5310, 999.9999999999998863 ) ;
#1314 = DIRECTION ( 'NONE',  ( -0.000000000000000000, 1.000000000000000000, -1.020425574104004246E-16 ) ) ;
#1315 = EDGE_CURVE ( 'NONE', #3954, #2710, #8535, .T. ) ;
#1316 = ORIENTED_EDGE ( 'NONE', *, *, #7414, .T. ) ;
#1317 = PLANE ( 'NONE',  #9591 ) ;
#1318 = ORIENTED_EDGE ( 'NONE', *, *, #9785, .F. ) ;
#1319 = CARTESIAN_POINT ( 'NONE',  ( -17.41672955930068412, 48.96666049839541301, -13.34863156129982542 ) ) ;
#1320 = ORIENTED_EDGE ( 'NONE', *, *, #7720, .T. ) ;
#1321 = VERTEX_POINT ( 'NONE', #6319 ) ;
#1322 = AXIS2_PLACEMENT_3D ( 'NONE', #1381, #2982, #8839 ) ;
#1323 = DIRECTION ( 'NONE',  ( -6.009258394948686612E-15, 1.000000000000000000, 0.000000000000000000 ) ) ;
#1324 = CARTESIAN_POINT ( 'NONE',  ( 1.143216825649959967, -28.99999999999998934, -1.176816183188668985 ) ) ;
#1325 = ADVANCED_FACE ( 'NONE', ( #7036 ), #9382, .F. ) ;
#1326 = FACE_OUTER_BOUND ( 'NONE', #4435, .T. ) ;
#1327 = EDGE_CURVE ( 'NONE', #8980, #6089, #5395, .T. ) ;
#1328 = VECTOR ( 'NONE', #5785, 999.9999999999998863 ) ;
#1329 = DIRECTION ( 'NONE',  ( 0.8660254037844378194, 0.5000000000000013323, -0.000000000000000000 ) ) ;
#1330 = VERTEX_POINT ( 'NONE', #3222 ) ;
#1331 = CARTESIAN_POINT ( 'NONE',  ( -8.807050807568840511, 40.25425946354970819, 12.75869692124231136 ) ) ;
#1332 = LINE ( 'NONE', #1414, #8166 ) ;
#1333 = DIRECTION ( 'NONE',  ( -0.000000000000000000, 0.7660444431189771253, 0.6427876096865403621 ) ) ;
#1334 = DIRECTION ( 'NONE',  ( -1.000000000000000000, -0.000000000000000000, -0.000000000000000000 ) ) ;
#1335 = EDGE_CURVE ( 'NONE', #9069, #1974, #4820, .T. ) ;
#1336 = DIRECTION ( 'NONE',  ( 0.5000000000000025535, -0.8660254037844371533, 0.000000000000000000 ) ) ;
#1337 = DIRECTION ( 'NONE',  ( 0.8660254037844380415, 0.5000000000000012212, -0.000000000000000000 ) ) ;
#1338 = VERTEX_POINT ( 'NONE', #6373 ) ;
#1339 = FACE_OUTER_BOUND ( 'NONE', #6303, .T. ) ;
#1340 = ORIENTED_EDGE ( 'NONE', *, *, #4115, .F. ) ;
#1341 = DIRECTION ( 'NONE',  ( 1.000000000000000000, -0.000000000000000000, -0.000000000000000000 ) ) ;
#1342 = CARTESIAN_POINT ( 'NONE',  ( -1.800000000000000044, 15.44999999999999574, 10.24999999999999822 ) ) ;
#1343 = EDGE_LOOP ( 'NONE', ( #223, #7305, #106, #4434 ) ) ;
#1344 = CIRCLE ( 'NONE', #7917, 3.249999999999999556 ) ;
#1345 = LINE ( 'NONE', #2843, #7065 ) ;
#1346 = EDGE_CURVE ( 'NONE', #7186, #4553, #5618, .T. ) ;
#1347 = DIRECTION ( 'NONE',  ( 0.000000000000000000, 0.000000000000000000, 1.000000000000000000 ) ) ;
#1348 = SURFACE_SIDE_STYLE ('',( #2986 ) ) ;
#1349 = DIRECTION ( 'NONE',  ( 0.8660254037844379305, 0.5000000000000011102, 0.000000000000000000 ) ) ;
#1350 = VERTEX_POINT ( 'NONE', #362 ) ;
#1351 = CARTESIAN_POINT ( 'NONE',  ( -23.98371685740864478, 61.34101615137782915, -14.00000000000000355 ) ) ;
#1352 = ADVANCED_FACE ( 'NONE', ( #5862 ), #2864, .F. ) ;
#1353 = EDGE_CURVE ( 'NONE', #8423, #9791, #5769, .T. ) ;
#1354 = PLANE ( 'NONE',  #2186 ) ;
#1355 = DIRECTION ( 'NONE',  ( 1.000000000000000000, -1.156482317317871478E-16, 0.000000000000000000 ) ) ;
#1356 = DIRECTION ( 'NONE',  ( -0.000000000000000000, 0.7660444431189771253, -0.6427876096865403621 ) ) ;
#1357 = CARTESIAN_POINT ( 'NONE',  ( -10.59006350946113528, 42.34252805376780771, -11.74130307875772417 ) ) ;
#1358 = VERTEX_POINT ( 'NONE', #8938 ) ;
#1359 = CARTESIAN_POINT ( 'NONE',  ( 1.795289223806662227, -8.466703376375228629, -6.390166068908008867 ) ) ;
#1360 = VERTEX_POINT ( 'NONE', #5154 ) ;
#1361 = DIRECTION ( 'NONE',  ( 0.000000000000000000, -1.000000000000000000, -6.676953772165148237E-17 ) ) ;
#1362 = ADVANCED_FACE ( 'NONE', ( #1170 ), #464, .T. ) ;
#1363 = ORIENTED_EDGE ( 'NONE', *, *, #2605, .T. ) ;
#1364 = LINE ( 'NONE', #5776, #340 ) ;
#1365 = DIRECTION ( 'NONE',  ( 0.5000000000000013323, -0.8660254037844379305, 0.000000000000000000 ) ) ;
#1366 = CARTESIAN_POINT ( 'NONE',  ( -29.56217782649112635, -23.27820764380429353, 3.724076359315469986 ) ) ;
#1367 = VERTEX_POINT ( 'NONE', #2060 ) ;
#1368 = LINE ( 'NONE', #8103, #479 ) ;
#1369 = VECTOR ( 'NONE', #8173, 999.9999999999998863 ) ;
#1370 = DIRECTION ( 'NONE',  ( 0.000000000000000000, -0.8944271909999164105, -0.4472135954999567620 ) ) ;
#1371 = EDGE_CURVE ( 'NONE', #2794, #4884, #512, .T. ) ;
#1372 = EDGE_CURVE ( 'NONE', #7469, #4991, #4271, .T. ) ;
#1373 = LINE ( 'NONE', #2023, #4996 ) ;
#1374 = DIRECTION ( 'NONE',  ( 0.5000000000000025535, -0.8660254037844372643, 0.000000000000000000 ) ) ;
#1375 = VERTEX_POINT ( 'NONE', #5108 ) ;
#1376 = CARTESIAN_POINT ( 'NONE',  ( 2.000000000000000000, -17.93630175463991350, -0.7583149020661142936 ) ) ;
#1377 = CARTESIAN_POINT ( 'NONE',  ( -3.000000000000000000, -10.26119280021293179, -7.439391908442522627 ) ) ;
#1378 = CARTESIAN_POINT ( 'NONE',  ( -5.319550807568900197, 33.21373227215336499, 23.42746454430674063 ) ) ;
#1379 = CARTESIAN_POINT ( 'NONE',  ( -14.02627944162884077, 31.29422863405997290, -26.49999999999999645 ) ) ;
#1380 = EDGE_LOOP ( 'NONE', ( #2668, #2159, #8365, #7109 ) ) ;
#1381 = CARTESIAN_POINT ( 'NONE',  ( -15.96672955930068483, 46.45518682742054750, 11.67431578064991804 ) ) ;
#1382 = CARTESIAN_POINT ( 'NONE',  ( -1.000000000000000000, 11.94999999999999574, 9.500000000000000000 ) ) ;
#1383 = PLANE ( 'NONE',  #8227 ) ;
#1384 = AXIS2_PLACEMENT_3D ( 'NONE', #2632, #422, #1127 ) ;
#1385 = FACE_OUTER_BOUND ( 'NONE', #9909, .T. ) ;
#1386 = ORIENTED_EDGE ( 'NONE', *, *, #9602, .T. ) ;
#1387 = CIRCLE ( 'NONE', #1866, 1.100000000000116218 ) ;
#1388 = EDGE_CURVE ( 'NONE', #982, #9349, #6527, .T. ) ;
#1389 = DIRECTION ( 'NONE',  ( 0.3535533905932748411, -0.6123724356957913617, 0.7071067811865496822 ) ) ;
#1390 = EDGE_LOOP ( 'NONE', ( #9525, #8777, #1608, #5392 ) ) ;
#1391 = CARTESIAN_POINT ( 'NONE',  ( -1.800000000000000044, 15.44999999999999574, 8.149999999999996803 ) ) ;
#1392 = ORIENTED_EDGE ( 'NONE', *, *, #4046, .F. ) ;
#1393 = DIRECTION ( 'NONE',  ( 0.4330127018922209081, -0.7500000000000001110, 0.4999999999999983902 ) ) ;
#1394 = ORIENTED_EDGE ( 'NONE', *, *, #6433, .F. ) ;
#1395 = EDGE_CURVE ( 'NONE', #466, #5757, #9589, .T. ) ;
#1396 = DIRECTION ( 'NONE',  ( -0.3535533905932727317, 0.6123724356957909176, -0.7071067811865512365 ) ) ;
#1397 = AXIS2_PLACEMENT_3D ( 'NONE', #4747, #8409, #7779 ) ;
#1398 = DIRECTION ( 'NONE',  ( 1.000000000000000000, 0.000000000000000000, 0.000000000000000000 ) ) ;
#1399 = CYLINDRICAL_SURFACE ( 'NONE', #6653, 3.249999999999999556 ) ;
#1400 = EDGE_CURVE ( 'NONE', #328, #8471, #3466, .T. ) ;
#1401 = VECTOR ( 'NONE', #7216, 1000.000000000000000 ) ;
#1402 = FACE_BOUND ( 'NONE', #6399, .T. ) ;
#1403 = ORIENTED_EDGE ( 'NONE', *, *, #4556, .F. ) ;
#1404 = ORIENTED_EDGE ( 'NONE', *, *, #3493, .F. ) ;
#1405 = LINE ( 'NONE', #8097, #2099 ) ;
#1406 = DIRECTION ( 'NONE',  ( 0.000000000000000000, 0.000000000000000000, 1.000000000000000000 ) ) ;
#1407 = VECTOR ( 'NONE', #6477, 1000.000000000000000 ) ;
#1408 = DIRECTION ( 'NONE',  ( 0.5000000000000014433, -0.8660254037844379305, 0.000000000000000000 ) ) ;
#1409 = EDGE_CURVE ( 'NONE', #4446, #9800, #1019, .T. ) ;
#1410 = DIRECTION ( 'NONE',  ( -0.3535533905932774501, 0.6123724356957966908, 0.7071067811865437980 ) ) ;
#1411 = VERTEX_POINT ( 'NONE', #6479 ) ;
#1412 = VECTOR ( 'NONE', #7283, 999.9999999999998863 ) ;
#1413 = LINE ( 'NONE', #4575, #7510 ) ;
#1414 = CARTESIAN_POINT ( 'NONE',  ( -17.66025403784439973, 39.58845726811988897, 7.500000000000000000 ) ) ;
#1415 = CARTESIAN_POINT ( 'NONE',  ( -7.000000000000000888, 2.000000000000000000, -22.00000000000000355 ) ) ;
#1416 = DIRECTION ( 'NONE',  ( -0.5000000000000019984, 0.8660254037844373753, 0.000000000000000000 ) ) ;
#1417 = AXIS2_PLACEMENT_3D ( 'NONE', #176, #6190, #6141 ) ;
#1418 = DIRECTION ( 'NONE',  ( -0.8660254037844380415, -0.5000000000000011102, -0.000000000000000000 ) ) ;
#1419 = ORIENTED_EDGE ( 'NONE', *, *, #973, .F. ) ;
#1420 = DIRECTION ( 'NONE',  ( 0.000000000000000000, 0.000000000000000000, 1.000000000000000000 ) ) ;
#1421 = ADVANCED_FACE ( 'NONE', ( #8050 ), #1087, .T. ) ;
#1422 = EDGE_CURVE ( 'NONE', #9914, #2059, #345, .T. ) ;
#1423 = ORIENTED_EDGE ( 'NONE', *, *, #8685, .T. ) ;
#1424 = LINE ( 'NONE', #1376, #8159 ) ;
#1425 = ORIENTED_EDGE ( 'NONE', *, *, #4408, .F. ) ;
#1426 = DIRECTION ( 'NONE',  ( 1.000000000000000000, 0.000000000000000000, 0.000000000000000000 ) ) ;
#1427 = CARTESIAN_POINT ( 'NONE',  ( -9.240063509461061031, 40.00425946354970819, -12.75869692124231847 ) ) ;
#1428 = AXIS2_PLACEMENT_3D ( 'NONE', #5829, #6589, #2121 ) ;
#1429 = FACE_OUTER_BOUND ( 'NONE', #4483, .T. ) ;
#1430 = ORIENTED_EDGE ( 'NONE', *, *, #2125, .T. ) ;
#1431 = CARTESIAN_POINT ( 'NONE',  ( -17.41672955930069122, 48.96666049839542723, -19.15136843870016747 ) ) ;
#1432 = DIRECTION ( 'NONE',  ( 0.000000000000000000, 0.000000000000000000, 1.000000000000000000 ) ) ;
#1433 = DIRECTION ( 'NONE',  ( -1.000000000000000000, 0.000000000000000000, 0.000000000000000000 ) ) ;
#1434 = CARTESIAN_POINT ( 'NONE',  ( -12.30705080756892045, 46.31643729004088783, 9.258696921242325573 ) ) ;
#1435 = EDGE_LOOP ( 'NONE', ( #2657, #9442, #3836, #4270 ) ) ;
#1436 = CARTESIAN_POINT ( 'NONE',  ( -1.800000000000000044, 15.44999999999999751, -8.149999999999993250 ) ) ;
#1437 = VERTEX_POINT ( 'NONE', #4904 ) ;
#1438 = CARTESIAN_POINT ( 'NONE',  ( -21.73205080756901708, 62.64101615137766998, 16.48260615751542346 ) ) ;
#1439 = CARTESIAN_POINT ( 'NONE',  ( -22.56217782649112991, 54.07883832488649034, 10.50000000000000178 ) ) ;
#1440 = ORIENTED_EDGE ( 'NONE', *, *, #1098, .T. ) ;
#1441 = AXIS2_PLACEMENT_3D ( 'NONE', #3248, #9214, #1648 ) ;
#1442 = DIRECTION ( 'NONE',  ( 1.000000000000000000, -0.000000000000000000, -0.000000000000000000 ) ) ;
#1443 = PLANE ( 'NONE',  #4188 ) ;
#1444 = ORIENTED_EDGE ( 'NONE', *, *, #4967, .T. ) ;
#1445 = EDGE_CURVE ( 'NONE', #5665, #2486, #7226, .T. ) ;
#1446 = CARTESIAN_POINT ( 'NONE',  ( -18.86672955930068341, 51.47813416937027853, -20.82568421935008018 ) ) ;
#1447 = AXIS2_PLACEMENT_3D ( 'NONE', #8999, #3583, #8907 ) ;
#1448 = CIRCLE ( 'NONE', #811, 3.249999999999999556 ) ;
#1449 = LINE ( 'NONE', #600, #9885 ) ;
#1450 = ORIENTED_EDGE ( 'NONE', *, *, #9670, .T. ) ;
#1451 = ORIENTED_EDGE ( 'NONE', *, *, #9652, .T. ) ;
#1452 = EDGE_LOOP ( 'NONE', ( #7319, #3258, #6857, #1841 ) ) ;
#1453 = LINE ( 'NONE', #5354, #341 ) ;
#1454 = VECTOR ( 'NONE', #6582, 1000.000000000000000 ) ;
#1455 = VECTOR ( 'NONE', #1562, 1000.000000000000000 ) ;
#1456 = CARTESIAN_POINT ( 'NONE',  ( -2.165063509461097713, 27.75000000000000000, -14.99999999999999645 ) ) ;
#1457 = EDGE_CURVE ( 'NONE', #7041, #4489, #5848, .T. ) ;
#1458 = CARTESIAN_POINT ( 'NONE',  ( 0.000000000000000000, -9.000000000000003553, -10.25000000000000000 ) ) ;
#1459 = PLANE ( 'NONE',  #4423 ) ;
#1460 = EDGE_CURVE ( 'NONE', #3094, #5505, #8441, .T. ) ;
#1461 = CARTESIAN_POINT ( 'NONE',  ( 0.000000000000000000, 26.07179676972451077, 12.50000000000000000 ) ) ;
#1462 = AXIS2_PLACEMENT_3D ( 'NONE', #6814, #3752, #1355 ) ;
#1463 = ORIENTED_EDGE ( 'NONE', *, *, #3612, .F. ) ;
#1464 = VECTOR ( 'NONE', #5283, 1000.000000000000227 ) ;
#1465 = CARTESIAN_POINT ( 'NONE',  ( -11.05871685740837762, 38.95425946354970392, 15.24130307875772417 ) ) ;
#1466 = CARTESIAN_POINT ( 'NONE',  ( -0.3267309031617133819, 43.56591452467892367, -14.77781745930572121 ) ) ;
#1467 = CARTESIAN_POINT ( 'NONE',  ( -24.53371685740862063, 62.29364409554064963, 14.00000000000000711 ) ) ;
#1468 = EDGE_LOOP ( 'NONE', ( #4579, #1911, #5664, #8779 ) ) ;
#1469 = LINE ( 'NONE', #9194, #1472 ) ;
#1470 = ADVANCED_FACE ( 'NONE', ( #2975 ), #1579, .F. ) ;
#1471 = EDGE_CURVE ( 'NONE', #5778, #3358, #4484, .T. ) ;
#1472 = VECTOR ( 'NONE', #5217, 1000.000000000000114 ) ;
#1473 = CIRCLE ( 'NONE', #7086, 1.099999999999986988 ) ;
#1474 = LINE ( 'NONE', #9092, #9709 ) ;
#1475 = ORIENTED_EDGE ( 'NONE', *, *, #219, .T. ) ;
#1476 = ORIENTED_EDGE ( 'NONE', *, *, #4498, .F. ) ;
#1477 = CARTESIAN_POINT ( 'NONE',  ( 0.000000000000000000, 15.44999999999999751, -12.34999999999999609 ) ) ;
#1478 = ORIENTED_EDGE ( 'NONE', *, *, #5565, .F. ) ;
#1479 = CARTESIAN_POINT ( 'NONE',  ( 4.000000000000000888, -6.000000000000002665, -19.00000000000000355 ) ) ;
#1480 = EDGE_LOOP ( 'NONE', ( #6261, #8089, #2135, #8687, #4466, #9161 ) ) ;
#1481 = SURFACE_SIDE_STYLE ('',( #6080 ) ) ;
#1482 = EDGE_LOOP ( 'NONE', ( #7934, #971, #4066, #2805 ) ) ;
#1483 = DIRECTION ( 'NONE',  ( -0.8660254037844379305, -0.5000000000000012212, 0.000000000000000000 ) ) ;
#1484 = ORIENTED_EDGE ( 'NONE', *, *, #5178, .T. ) ;
#1485 = VERTEX_POINT ( 'NONE', #1477 ) ;
#1486 = VECTOR ( 'NONE', #9406, 1000.000000000000000 ) ;
#1487 = ORIENTED_EDGE ( 'NONE', *, *, #633, .T. ) ;
#1488 = CARTESIAN_POINT ( 'NONE',  ( 10.00000000000000178, -19.59809703885628807, -2.298097038856286911 ) ) ;
#1489 = DIRECTION ( 'NONE',  ( 0.000000000000000000, -0.7071067811865474617, -0.7071067811865474617 ) ) ;
#1490 = EDGE_CURVE ( 'NONE', #3841, #7707, #7984, .T. ) ;
#1491 = CARTESIAN_POINT ( 'NONE',  ( -7.000000000000000000, -25.00000000000000000, 11.00000000000000178 ) ) ;
#1492 = B_SPLINE_CURVE_WITH_KNOTS ( 'NONE', 3,
 ( #8125, #4206, #4152, #8027, #1301, #8924 ),
 .UNSPECIFIED., .F., .F.,
 ( 4, 2, 4 ),
 ( 0.000000000000000000, 0.001597921957852696875, 0.003195843915705393751 ),
 .UNSPECIFIED. ) ;
#1493 = ORIENTED_EDGE ( 'NONE', *, *, #1335, .T. ) ;
#1494 = PLANE ( 'NONE',  #1585 ) ;
#1495 = ORIENTED_EDGE ( 'NONE', *, *, #9865, .F. ) ;
#1496 = VERTEX_POINT ( 'NONE', #3808 ) ;
#1497 = LINE ( 'NONE', #2144, #9162 ) ;
#1498 = CARTESIAN_POINT ( 'NONE',  ( -19.86217782649111285, 49.40230114445050447, 22.50000000000000000 ) ) ;
#1499 = VERTEX_POINT ( 'NONE', #6869 ) ;
#1500 = CARTESIAN_POINT ( 'NONE',  ( -9.983716857408348133, 37.09230484541311768, 14.00000000000001066 ) ) ;
#1501 = EDGE_CURVE ( 'NONE', #982, #6438, #7016, .T. ) ;
#1502 = ADVANCED_FACE ( 'NONE', ( #5905 ), #5151, .T. ) ;
#1503 = DIRECTION ( 'NONE',  ( -0.5000000000000013323, 0.8660254037844379305, -0.000000000000000000 ) ) ;
#1504 = VERTEX_POINT ( 'NONE', #2350 ) ;
#1505 = VECTOR ( 'NONE', #6641, 1000.000000000000000 ) ;
#1506 = PLANE ( 'NONE',  #5044 ) ;
#1507 = FACE_BOUND ( 'NONE', #7025, .T. ) ;
#1508 = ORIENTED_EDGE ( 'NONE', *, *, #5598, .T. ) ;
#1509 = VERTEX_POINT ( 'NONE', #5398 ) ;
#1510 = ORIENTED_EDGE ( 'NONE', *, *, #9026, .F. ) ;
#1511 = CARTESIAN_POINT ( 'NONE',  ( -22.90871685740855668, 59.47906153324113632, -12.75869692124231847 ) ) ;
#1512 = PLANE ( 'NONE',  #8501 ) ;
#1513 = LINE ( 'NONE', #6976, #7282 ) ;
#1514 = CARTESIAN_POINT ( 'NONE',  ( -1.800000000000000044, -9.000000000000005329, 10.25000000000000000 ) ) ;
#1515 = DIRECTION ( 'NONE',  ( 0.000000000000000000, -0.8944271909999166326, 0.4472135954999565399 ) ) ;
#1516 = ORIENTED_EDGE ( 'NONE', *, *, #1901, .F. ) ;
#1517 = ORIENTED_EDGE ( 'NONE', *, *, #536, .T. ) ;
#1518 = CARTESIAN_POINT ( 'NONE',  ( -14.58164895966814889, 18.27187997114844720, -24.49999999999996447 ) ) ;
#1519 = EDGE_CURVE ( 'NONE', #4540, #397, #9402, .T. ) ;
#1520 = DIRECTION ( 'NONE',  ( -1.000000000000000000, -0.000000000000000000, -0.000000000000000000 ) ) ;
#1521 = CARTESIAN_POINT ( 'NONE',  ( -7.000000000000000000, -28.99999999999999645, -15.00000000000000888 ) ) ;
#1522 = ORIENTED_EDGE ( 'NONE', *, *, #1834, .T. ) ;
#1523 = EDGE_CURVE ( 'NONE', #1658, #3246, #3914, .T. ) ;
#1524 = ORIENTED_EDGE ( 'NONE', *, *, #4967, .F. ) ;
#1525 = LINE ( 'NONE', #7040, #1161 ) ;
#1526 = CARTESIAN_POINT ( 'NONE',  ( -15.56217782649111214, 41.95448267190435132, 10.50000000000000000 ) ) ;
#1527 = ORIENTED_EDGE ( 'NONE', *, *, #6114, .F. ) ;
#1528 = DIRECTION ( 'NONE',  ( 0.000000000000000000, 1.000000000000000000, 0.000000000000000000 ) ) ;
#1529 = ADVANCED_FACE ( 'NONE', ( #77 ), #9575, .F. ) ;
#1530 = ADVANCED_FACE ( 'NONE', ( #4803 ), #7887, .F. ) ;
#1531 = DIRECTION ( 'NONE',  ( -1.000000000000000000, -0.000000000000000000, -0.000000000000000000 ) ) ;
#1532 = ORIENTED_EDGE ( 'NONE', *, *, #7755, .T. ) ;
#1533 = ORIENTED_EDGE ( 'NONE', *, *, #7675, .F. ) ;
#1534 = DIRECTION ( 'NONE',  ( 0.8660254037844379305, 0.5000000000000011102, -0.000000000000000000 ) ) ;
#1535 = ORIENTED_EDGE ( 'NONE', *, *, #8889, .T. ) ;
#1536 = CARTESIAN_POINT ( 'NONE',  ( -3.000000000000000000, -22.24974746830583072, 4.949747468305830900 ) ) ;
#1537 = ORIENTED_EDGE ( 'NONE', *, *, #4773, .F. ) ;
#1538 = VECTOR ( 'NONE', #2488, 1000.000000000000114 ) ;
#1539 = DIRECTION ( 'NONE',  ( -0.8660254037844379305, -0.5000000000000013323, 0.000000000000000000 ) ) ;
#1540 = DIRECTION ( 'NONE',  ( 0.000000000000000000, -0.8944271909999165215, -0.4472135954999567065 ) ) ;
#1541 = ORIENTED_EDGE ( 'NONE', *, *, #3913, .F. ) ;
#1542 = ADVANCED_FACE ( 'NONE', ( #9175 ), #7693, .F. ) ;
#1543 = LINE ( 'NONE', #9210, #778 ) ;
#1544 = ORIENTED_EDGE ( 'NONE', *, *, #4869, .T. ) ;
#1545 = CARTESIAN_POINT ( 'NONE',  ( -3.000000000000000000, -22.24974746830583783, -1.699747468305833120 ) ) ;
#1546 = DIRECTION ( 'NONE',  ( 0.000000000000000000, 0.000000000000000000, -1.000000000000000000 ) ) ;
#1547 = CARTESIAN_POINT ( 'NONE',  ( -15.01217782649111676, 41.00185472774148110, 10.50000000000000000 ) ) ;
#1548 = EDGE_LOOP ( 'NONE', ( #3829, #4585, #284, #8214 ) ) ;
#1549 = ORIENTED_EDGE ( 'NONE', *, *, #8974, .F. ) ;
#1550 = LINE ( 'NONE', #2148, #5863 ) ;
#1551 = CARTESIAN_POINT ( 'NONE',  ( -7.433384715816438337, 27.87500000000000355, 7.749999999999978684 ) ) ;
#1552 = CIRCLE ( 'NONE', #2829, 1.100000000000116218 ) ;
#1553 = DIRECTION ( 'NONE',  ( 0.2500000000000004441, -0.4330127018922184656, 0.8660254037844390407 ) ) ;
#1554 = EDGE_CURVE ( 'NONE', #8727, #4217, #2128, .T. ) ;
#1555 = LINE ( 'NONE', #4617, #4933 ) ;
#1556 = ORIENTED_EDGE ( 'NONE', *, *, #6943, .F. ) ;
#1557 = EDGE_CURVE ( 'NONE', #7485, #4539, #8672, .T. ) ;
#1558 = ORIENTED_EDGE ( 'NONE', *, *, #1457, .F. ) ;
#1559 = VECTOR ( 'NONE', #3397, 1000.000000000000000 ) ;
#1560 = VERTEX_POINT ( 'NONE', #1804 ) ;
#1561 = VERTEX_POINT ( 'NONE', #4856 ) ;
#1562 = DIRECTION ( 'NONE',  ( -1.000000000000000000, -0.000000000000000000, -0.000000000000000000 ) ) ;
#1563 = LINE ( 'NONE', #2157, #1938 ) ;
#1564 = LINE ( 'NONE', #8326, #3745 ) ;
#1565 = VECTOR ( 'NONE', #1736, 1000.000000000000000 ) ;
#1566 = DIRECTION ( 'NONE',  ( 1.000000000000000000, -0.000000000000000000, -0.000000000000000000 ) ) ;
#1567 = DIRECTION ( 'NONE',  ( -0.5000000000000019984, 0.8660254037844373753, 0.000000000000000000 ) ) ;
#1568 = DIRECTION ( 'NONE',  ( 0.8660254037844378194, 0.5000000000000013323, -0.000000000000000000 ) ) ;
#1569 = ORIENTED_EDGE ( 'NONE', *, *, #952, .F. ) ;
#1570 = DIRECTION ( 'NONE',  ( 0.000000000000000000, 1.000000000000000000, 2.392722035830078972E-16 ) ) ;
#1571 = VECTOR ( 'NONE', #1619, 1000.000000000000000 ) ;
#1572 = VERTEX_POINT ( 'NONE', #7124 ) ;
#1573 = DIRECTION ( 'NONE',  ( -0.5000000000000012212, 0.8660254037844380415, 0.000000000000000000 ) ) ;
#1574 = VERTEX_POINT ( 'NONE', #6692 ) ;
#1575 = ADVANCED_FACE ( 'NONE', ( #7176 ), #3352, .T. ) ;
#1576 = CARTESIAN_POINT ( 'NONE',  ( -10.73220958122165847, 42.58873227215336499, -17.17746454430674063 ) ) ;
#1577 = ORIENTED_EDGE ( 'NONE', *, *, #62, .T. ) ;
#1579 = CYLINDRICAL_SURFACE ( 'NONE', #6686, 3.249999999999999556 ) ;
#1578 = AXIS2_PLACEMENT_3D ( 'NONE', #5807, #7980, #5048 ) ;
#1580 = DIRECTION ( 'NONE',  ( -6.077163357286271198E-64, -1.000000000000000000, -2.168404344971008868E-16 ) ) ;
#1581 = CARTESIAN_POINT ( 'NONE',  ( -19.06217782649110859, 48.01666049839541017, 7.737258300203062156 ) ) ;
#1582 = CARTESIAN_POINT ( 'NONE',  ( -14.14828790955698601, 30.83888683279852216, -25.83333333333332149 ) ) ;
#1583 = ORIENTED_EDGE ( 'NONE', *, *, #7932, .F. ) ;
#1584 = CARTESIAN_POINT ( 'NONE',  ( 2.000000000000000000, -22.24974746830583072, 2.861095805374184842 ) ) ;
#1585 = AXIS2_PLACEMENT_3D ( 'NONE', #5290, #8970, #5141 ) ;
#1586 = CARTESIAN_POINT ( 'NONE',  ( -18.86672955930068341, 51.47813416937027853, -24.17431578064991271 ) ) ;
#1587 = EDGE_CURVE ( 'NONE', #2481, #1679, #2845, .T. ) ;
#1588 = ADVANCED_FACE ( 'NONE', ( #485 ), #3538, .F. ) ;
#1589 = CARTESIAN_POINT ( 'NONE',  ( -6.657050807568833051, 36.53035022727662096, -12.75869692124230781 ) ) ;
#1590 = ORIENTED_EDGE ( 'NONE', *, *, #1972, .T. ) ;
#1591 = EDGE_CURVE ( 'NONE', #4480, #2627, #7517, .T. ) ;
#1592 = ORIENTED_EDGE ( 'NONE', *, *, #3008, .F. ) ;
#1593 = CIRCLE ( 'NONE', #3995, 1.599999999999998979 ) ;
#1594 = DIRECTION ( 'NONE',  ( 0.5000000000000013323, -0.8660254037844379305, -2.072158067223666397E-16 ) ) ;
#1595 = EDGE_LOOP ( 'NONE', ( #1199, #7097, #2295, #3589 ) ) ;
#1596 = FACE_OUTER_BOUND ( 'NONE', #9004, .T. ) ;
#1597 = CARTESIAN_POINT ( 'NONE',  ( -2.165063509461095048, 27.74999999999999645, 12.50000000000000000 ) ) ;
#1598 = CARTESIAN_POINT ( 'NONE',  ( -3.000000000000000000, -22.24974746830583783, -1.699747468305833120 ) ) ;
#1599 = ORIENTED_EDGE ( 'NONE', *, *, #5609, .T. ) ;
#1600 = VERTEX_POINT ( 'NONE', #3678 ) ;
#1601 = DIRECTION ( 'NONE',  ( 0.3535533905932726761, -0.6123724356957904735, -0.7071067811865515695 ) ) ;
#1602 = CARTESIAN_POINT ( 'NONE',  ( -21.55871685740848420, 57.14079294302302969, -11.74130307875772417 ) ) ;
#1603 = VECTOR ( 'NONE', #9717, 1000.000000000000114 ) ;
#1604 = ORIENTED_EDGE ( 'NONE', *, *, #4857, .T. ) ;
#1605 = EDGE_CURVE ( 'NONE', #441, #1088, #6742, .T. ) ;
#1606 = DIRECTION ( 'NONE',  ( 0.5000000000000019984, -0.8660254037844373753, 0.000000000000000000 ) ) ;
#1607 = DIRECTION ( 'NONE',  ( -1.000000000000000000, 1.156482317317871478E-16, 2.767140724694304984E-32 ) ) ;
#1608 = ORIENTED_EDGE ( 'NONE', *, *, #1962, .F. ) ;
#1609 = AXIS2_PLACEMENT_3D ( 'NONE', #3684, #9707, #9663 ) ;
#1610 = ORIENTED_EDGE ( 'NONE', *, *, #1315, .F. ) ;
#1611 = VERTEX_POINT ( 'NONE', #4816 ) ;
#1612 = DIRECTION ( 'NONE',  ( 0.5000000000000025535, -0.8660254037844371533, 0.000000000000000000 ) ) ;
#1613 = PLANE ( 'NONE',  #8342 ) ;
#1614 = EDGE_CURVE ( 'NONE', #44, #6372, #3486, .T. ) ;
#1615 = DIRECTION ( 'NONE',  ( 0.000000000000000000, 0.000000000000000000, 1.000000000000000000 ) ) ;
#1616 = AXIS2_PLACEMENT_3D ( 'NONE', #8106, #5831, #8906 ) ;
#1617 = VECTOR ( 'NONE', #5090, 1000.000000000000000 ) ;
#1618 = CARTESIAN_POINT ( 'NONE',  ( -3.000000000000000000, -12.35025253169417248, 8.199747468305830012 ) ) ;
#1619 = DIRECTION ( 'NONE',  ( -0.8660254037844379305, -0.5000000000000013323, 0.000000000000000000 ) ) ;
#1620 = EDGE_LOOP ( 'NONE', ( #32, #12, #9108, #6198 ) ) ;
#1621 = ORIENTED_EDGE ( 'NONE', *, *, #9652, .F. ) ;
#1622 = ORIENTED_EDGE ( 'NONE', *, *, #419, .T. ) ;
#1623 = AXIS2_PLACEMENT_3D ( 'NONE', #2205, #8278, #1406 ) ;
#1624 = VECTOR ( 'NONE', #4873, 1000.000000000000000 ) ;
#1625 = CARTESIAN_POINT ( 'NONE',  ( -6.562177826491072175, 26.36602540378444459, 17.00000000000001421 ) ) ;
#1626 = VERTEX_POINT ( 'NONE', #143 ) ;
#1627 = CARTESIAN_POINT ( 'NONE',  ( -22.90871685740854957, 59.47906153324112211, -15.24130307875773127 ) ) ;
#1628 = ADVANCED_FACE ( 'NONE', ( #3218 ), #6272, .T. ) ;
#1629 = CARTESIAN_POINT ( 'NONE',  ( -6.562177826491073951, 26.36602540378444104, 26.49999999999999645 ) ) ;
#1630 = VECTOR ( 'NONE', #4361, 1000.000000000000000 ) ;
#1631 = VECTOR ( 'NONE', #7406, 1000.000000000000000 ) ;
#1632 = ORIENTED_EDGE ( 'NONE', *, *, #6679, .F. ) ;
#1633 = FACE_OUTER_BOUND ( 'NONE', #1137, .T. ) ;
#1634 = ORIENTED_EDGE ( 'NONE', *, *, #4532, .T. ) ;
#1635 = CARTESIAN_POINT ( 'NONE',  ( 0.3499999999999944267, -22.24974746830583072, 4.949747468305830900 ) ) ;
#1636 = LINE ( 'NONE', #4692, #6731 ) ;
#1637 = ORIENTED_EDGE ( 'NONE', *, *, #952, .T. ) ;
#1638 = AXIS2_PLACEMENT_3D ( 'NONE', #8203, #1334, #7712 ) ;
#1639 = CARTESIAN_POINT ( 'NONE',  ( 7.999999999999998224, 0.9999999999999835687, -22.00000000000000355 ) ) ;
#1640 = VERTEX_POINT ( 'NONE', #7447 ) ;
#1641 = CARTESIAN_POINT ( 'NONE',  ( 0.1879015295446152811, -10.52070532468554198, 8.536181302357917389 ) ) ;
#1642 = DIRECTION ( 'NONE',  ( 0.000000000000000000, 0.7559289460183740150, -0.6546536707080700124 ) ) ;
#1643 = ORIENTED_EDGE ( 'NONE', *, *, #3891, .F. ) ;
#1644 = VECTOR ( 'NONE', #2739, 1000.000000000000000 ) ;
#1645 = CARTESIAN_POINT ( 'NONE',  ( -12.93371685740846466, 42.20185472774148394, 10.50000000000000000 ) ) ;
#1646 = DIRECTION ( 'NONE',  ( -0.5000000000000024425, 0.8660254037844372643, 0.000000000000000000 ) ) ;
#1647 = CYLINDRICAL_SURFACE ( 'NONE', #3804, 1.599999999999990763 ) ;
#1648 = DIRECTION ( 'NONE',  ( 0.000000000000000000, -0.8944271909999167436, -0.4472135954999560958 ) ) ;
#1649 = EDGE_CURVE ( 'NONE', #7768, #1302, #8135, .T. ) ;
#1650 = VERTEX_POINT ( 'NONE', #7345 ) ;
#1651 = EDGE_LOOP ( 'NONE', ( #3593, #6188, #4641, #8684 ) ) ;
#1652 = EDGE_CURVE ( 'NONE', #3119, #7645, #3156, .T. ) ;
#1653 = DIRECTION ( 'NONE',  ( -0.8660254037844379305, -0.5000000000000011102, -0.000000000000000000 ) ) ;
#1654 = PLANE ( 'NONE',  #5844 ) ;
#1655 = CIRCLE ( 'NONE', #7275, 10.90000000000000036 ) ;
#1656 = DIRECTION ( 'NONE',  ( -1.000000000000000000, 0.000000000000000000, 0.000000000000000000 ) ) ;
#1657 = CYLINDRICAL_SURFACE ( 'NONE', #9892, 1.599999999999990763 ) ;
#1658 = VERTEX_POINT ( 'NONE', #6522 ) ;
#1659 = ORIENTED_EDGE ( 'NONE', *, *, #1746, .F. ) ;
#1660 = EDGE_CURVE ( 'NONE', #2937, #1437, #2055, .T. ) ;
#1661 = EDGE_CURVE ( 'NONE', #5025, #7425, #459, .T. ) ;
#1662 = ORIENTED_EDGE ( 'NONE', *, *, #2140, .F. ) ;
#1663 = VERTEX_POINT ( 'NONE', #3417 ) ;
#1664 = CARTESIAN_POINT ( 'NONE',  ( -7.026279441628794586, 19.16987298107777349, -15.00000000000000178 ) ) ;
#1665 = FACE_OUTER_BOUND ( 'NONE', #8139, .T. ) ;
#1666 = CARTESIAN_POINT ( 'NONE',  ( -10.45929214352103642, 24.11602540378444104, -26.00000000000001066 ) ) ;
#1667 = CARTESIAN_POINT ( 'NONE',  ( -3.000000000000000000, -8.151471862576151750, 9.401471862576148197 ) ) ;
#1668 = CARTESIAN_POINT ( 'NONE',  ( -5.154700538379263008, 35.00000000000002132, 15.00000000000000178 ) ) ;
#1669 = EDGE_CURVE ( 'NONE', #871, #3092, #6033, .T. ) ;
#1670 = DIRECTION ( 'NONE',  ( 0.000000000000000000, 0.000000000000000000, -1.000000000000000000 ) ) ;
#1671 = ORIENTED_EDGE ( 'NONE', *, *, #6546, .T. ) ;
#1672 = ORIENTED_EDGE ( 'NONE', *, *, #7045, .F. ) ;
#1673 = CARTESIAN_POINT ( 'NONE',  ( -9.983716857408351686, 37.09230484541311768, -14.00000000000000000 ) ) ;
#1674 = CARTESIAN_POINT ( 'NONE',  ( 1.317392605369849923, -12.41653038958029853, -10.50561591736283162 ) ) ;
#1675 = EDGE_LOOP ( 'NONE', ( #6796, #2913, #6578, #4545, #34, #3786 ) ) ;
#1677 = EDGE_CURVE ( 'NONE', #8807, #4695, #9531, .T. ) ;
#1676 = DIRECTION ( 'NONE',  ( 0.000000000000000000, -0.7660444431189714631, 0.6427876096865471345 ) ) ;
#1678 = AXIS2_PLACEMENT_3D ( 'NONE', #1856, #9427, #2565 ) ;
#1679 = VERTEX_POINT ( 'NONE', #2665 ) ;
#1680 = FACE_OUTER_BOUND ( 'NONE', #944, .T. ) ;
#1681 = CARTESIAN_POINT ( 'NONE',  ( -7.216878364870346729, 27.50000000000003908, 7.500000000000000000 ) ) ;
#1682 = CARTESIAN_POINT ( 'NONE',  ( -6.062177826491065069, 25.49999999999999289, 7.500000000000000000 ) ) ;
#1683 = CARTESIAN_POINT ( 'NONE',  ( -4.312177826491066845, 22.46891108675447413, 12.50000000000000000 ) ) ;
#1684 = DIRECTION ( 'NONE',  ( -0.8660254037844379305, -0.5000000000000011102, -0.000000000000000000 ) ) ;
#1685 = CARTESIAN_POINT ( 'NONE',  ( -22.56217782649112991, 54.07883832488649034, 8.944365081389610950 ) ) ;
#1686 = ORIENTED_EDGE ( 'NONE', *, *, #4397, .F. ) ;
#1687 = ORIENTED_EDGE ( 'NONE', *, *, #6369, .F. ) ;
#1688 = CARTESIAN_POINT ( 'NONE',  ( -15.96672955930068483, 46.45518682742054750, -24.17431578064990916 ) ) ;
#1689 = ORIENTED_EDGE ( 'NONE', *, *, #8102, .F. ) ;
#1690 = ORIENTED_EDGE ( 'NONE', *, *, #5385, .F. ) ;
#1691 = DIRECTION ( 'NONE',  ( 0.000000000000000000, -5.782411586589358625E-16, -1.000000000000000000 ) ) ;
#1692 = FACE_BOUND ( 'NONE', #5718, .T. ) ;
#1693 = CARTESIAN_POINT ( 'NONE',  ( -15.16506350946115589, 50.26666049839542438, 6.651368438700165697 ) ) ;
#1694 = ORIENTED_EDGE ( 'NONE', *, *, #8963, .T. ) ;
#1695 = AXIS2_PLACEMENT_3D ( 'NONE', #800, #2909, #4666 ) ;
#1696 = EDGE_LOOP ( 'NONE', ( #8718, #2392, #3044, #2802 ) ) ;
#1697 = ORIENTED_EDGE ( 'NONE', *, *, #6524, .F. ) ;
#1698 = CARTESIAN_POINT ( 'NONE',  ( -19.74006350946116228, 58.19079294302303396, 12.50000000000000000 ) ) ;
#1699 = DIRECTION ( 'NONE',  ( 0.2500000000000001665, -0.4330127018922180215, -0.8660254037844392627 ) ) ;
#1700 = EDGE_CURVE ( 'NONE', #6282, #6773, #9242, .T. ) ;
#1701 = AXIS2_PLACEMENT_3D ( 'NONE', #2141, #5181, #8258 ) ;
#1702 = DIRECTION ( 'NONE',  ( -1.000000000000000000, 0.000000000000000000, 0.000000000000000000 ) ) ;
#1703 = EDGE_CURVE ( 'NONE', #6567, #2578, #5765, .T. ) ;
#1704 = DIRECTION ( 'NONE',  ( 0.000000000000000000, 0.000000000000000000, -1.000000000000000000 ) ) ;
#1705 = ORIENTED_EDGE ( 'NONE', *, *, #7600, .F. ) ;
#1706 = EDGE_LOOP ( 'NONE', ( #3709, #4445, #5974, #4113 ) ) ;
#1707 = LINE ( 'NONE', #7132, #514 ) ;
#1708 = FACE_OUTER_BOUND ( 'NONE', #6250, .T. ) ;
#1709 = LINE ( 'NONE', #5510, #7612 ) ;
#1710 = ADVANCED_FACE ( 'NONE', ( #8045 ), #8844, .F. ) ;
#1711 = EDGE_CURVE ( 'NONE', #1009, #418, #5710, .T. ) ;
#1712 = CARTESIAN_POINT ( 'NONE',  ( -3.000000000000000000, -22.24974746830583072, 6.549747468305829656 ) ) ;
#1713 = AXIS2_PLACEMENT_3D ( 'NONE', #4627, #3164, #3877 ) ;
#1714 = DIRECTION ( 'NONE',  ( -1.000000000000000000, 0.000000000000000000, 0.000000000000000000 ) ) ;
#1715 = VERTEX_POINT ( 'NONE', #8783 ) ;
#1716 = CARTESIAN_POINT ( 'NONE',  ( -21.73205080756901708, 62.64101615137766998, 16.48260615751542346 ) ) ;
#1717 = ORIENTED_EDGE ( 'NONE', *, *, #5114, .T. ) ;
#1718 = CARTESIAN_POINT ( 'NONE',  ( -15.96672955930068483, 46.45518682742054750, 11.67431578064991804 ) ) ;
#1719 = AXIS2_PLACEMENT_3D ( 'NONE', #7548, #3766, #1515 ) ;
#1720 = VECTOR ( 'NONE', #5978, 1000.000000000000000 ) ;
#1721 = EDGE_CURVE ( 'NONE', #9578, #2442, #1017, .T. ) ;
#1722 = CARTESIAN_POINT ( 'NONE',  ( 1.507613341880076071E-15, -10.87873638699443291, -11.18826946459059002 ) ) ;
#1723 = ORIENTED_EDGE ( 'NONE', *, *, #4363, .T. ) ;
#1724 = VECTOR ( 'NONE', #5611, 1000.000000000000114 ) ;
#1725 = CIRCLE ( 'NONE', #4440, 2.099999999999999645 ) ;
#1726 = DIRECTION ( 'NONE',  ( 0.3535533905932726761, -0.6123724356957908066, -0.7071067811865513475 ) ) ;
#1727 = DIRECTION ( 'NONE',  ( 0.8660254037844380415, 0.5000000000000013323, 0.000000000000000000 ) ) ;
#1728 = PLANE ( 'NONE',  #9765 ) ;
#1729 = PLANE ( 'NONE',  #1776 ) ;
#1730 = CARTESIAN_POINT ( 'NONE',  ( 1.084591306937723765, -9.000000000000005329, 7.065408693062279255 ) ) ;
#1731 = VECTOR ( 'NONE', #4573, 1000.000000000000000 ) ;
#1732 = CARTESIAN_POINT ( 'NONE',  ( 10.00000000000000178, -12.35025253169416892, -4.949747468305832676 ) ) ;
#1733 = VERTEX_POINT ( 'NONE', #4867 ) ;
#1734 = EDGE_LOOP ( 'NONE', ( #4337, #1320, #7470 ) ) ;
#1735 = CARTESIAN_POINT ( 'NONE',  ( -29.56217782649112635, -22.24974746830583072, 2.861095805374186174 ) ) ;
#1736 = DIRECTION ( 'NONE',  ( 0.000000000000000000, -5.782411586589358625E-16, -1.000000000000000000 ) ) ;
#1737 = CARTESIAN_POINT ( 'NONE',  ( -23.98371685740855597, 61.34101615137766572, -16.48260615751542346 ) ) ;
#1738 = LINE ( 'NONE', #4792, #7094 ) ;
#1739 = ORIENTED_EDGE ( 'NONE', *, *, #621, .T. ) ;
#1740 = FACE_BOUND ( 'NONE', #9211, .T. ) ;
#1741 = AXIS2_PLACEMENT_3D ( 'NONE', #2457, #1702, #4008 ) ;
#1742 = DIRECTION ( 'NONE',  ( -0.8660254037844379305, -0.5000000000000011102, -0.000000000000000000 ) ) ;
#1743 = VERTEX_POINT ( 'NONE', #1062 ) ;
#1744 = ORIENTED_EDGE ( 'NONE', *, *, #6382, .F. ) ;
#1745 = DIRECTION ( 'NONE',  ( 0.000000000000000000, 0.000000000000000000, -1.000000000000000000 ) ) ;
#1746 = EDGE_CURVE ( 'NONE', #3997, #1155, #3321, .T. ) ;
#1747 = LINE ( 'NONE', #7884, #7141 ) ;
#1748 = VECTOR ( 'NONE', #9309, 1000.000000000000000 ) ;
#1749 = DIRECTION ( 'NONE',  ( 0.5000000000000012212, -0.8660254037844380415, 0.000000000000000000 ) ) ;
#1750 = DIRECTION ( 'NONE',  ( -0.5000000000000019984, 0.8660254037844373753, 0.000000000000000000 ) ) ;
#1751 = VERTEX_POINT ( 'NONE', #3628 ) ;
#1752 = ORIENTED_EDGE ( 'NONE', *, *, #5836, .F. ) ;
#1753 = LINE ( 'NONE', #3304, #7048 ) ;
#1754 = ORIENTED_EDGE ( 'NONE', *, *, #9237, .F. ) ;
#1755 = CARTESIAN_POINT ( 'NONE',  ( -12.43431457505080751, 50.53686460128216140, 8.868629150101515535 ) ) ;
#1756 = VECTOR ( 'NONE', #1078, 1000.000000000000114 ) ;
#1757 = VERTEX_POINT ( 'NONE', #6737 ) ;
#1758 = EDGE_CURVE ( 'NONE', #16, #8920, #8811, .T. ) ;
#1759 = DIRECTION ( 'NONE',  ( 0.000000000000000000, 0.7071067811865479058, -0.7071067811865472397 ) ) ;
#1760 = LINE ( 'NONE', #142, #6483 ) ;
#1761 = CIRCLE ( 'NONE', #316, 3.249999999999999556 ) ;
#1762 = CARTESIAN_POINT ( 'NONE',  ( -8.654700538379277219, 26.66987298107785165, -7.500000000000000000 ) ) ;
#1763 = ORIENTED_EDGE ( 'NONE', *, *, #5918, .T. ) ;
#1764 = DIRECTION ( 'NONE',  ( 1.000000000000000000, -0.000000000000000000, -0.000000000000000000 ) ) ;
#1765 = CARTESIAN_POINT ( 'NONE',  ( -18.23205080756895313, 56.57883832488651166, 8.017393842484619171 ) ) ;
#1766 = ADVANCED_FACE ( 'NONE', ( #2120 ), #5359, .T. ) ;
#1767 = ORIENTED_EDGE ( 'NONE', *, *, #2313, .T. ) ;
#1768 = AXIS2_PLACEMENT_3D ( 'NONE', #9843, #2979, #7615 ) ;
#1769 = CARTESIAN_POINT ( 'NONE',  ( -3.000000000000004441, 15.44999999999999574, -11.94705627484770361 ) ) ;
#1770 = EDGE_CURVE ( 'NONE', #6774, #4972, #2162, .T. ) ;
#1771 = DIRECTION ( 'NONE',  ( 0.5000000000000016653, -0.8660254037844377084, 0.000000000000000000 ) ) ;
#1772 = EDGE_LOOP ( 'NONE', ( #7131, #4936, #2389, #5050 ) ) ;
#1773 = VECTOR ( 'NONE', #9539, 1000.000000000000114 ) ;
#1774 = VECTOR ( 'NONE', #1184, 1000.000000000000000 ) ;
#1775 = CARTESIAN_POINT ( 'NONE',  ( -9.983716857408381884, 37.09230484541316741, -16.48260615751542346 ) ) ;
#1776 = AXIS2_PLACEMENT_3D ( 'NONE', #1639, #5426, #2387 ) ;
#1777 = PLANE ( 'NONE',  #6284 ) ;
#1778 = DIRECTION ( 'NONE',  ( 0.5000000000000019984, -0.8660254037844373753, 0.000000000000000000 ) ) ;
#1779 = EDGE_CURVE ( 'NONE', #245, #4689, #9877, .T. ) ;
#1780 = ORIENTED_EDGE ( 'NONE', *, *, #8467, .F. ) ;
#1781 = CARTESIAN_POINT ( 'NONE',  ( -9.111091270347444038, 44.78087299263899723, 9.722182540694815245 ) ) ;
#1782 = VERTEX_POINT ( 'NONE', #8993 ) ;
#1783 = CARTESIAN_POINT ( 'NONE',  ( -4.500000000000000888, -12.00000000000000000, -12.50000000000000000 ) ) ;
#1784 = VECTOR ( 'NONE', #7594, 1000.000000000000000 ) ;
#1785 = CARTESIAN_POINT ( 'NONE',  ( -13.71506350946114416, 47.75518682742054466, 20.82568421935008729 ) ) ;
#1786 = VECTOR ( 'NONE', #3076, 1000.000000000000000 ) ;
#1787 = LINE ( 'NONE', #2440, #2818 ) ;
#1788 = ORIENTED_EDGE ( 'NONE', *, *, #7227, .F. ) ;
#1789 = ORIENTED_EDGE ( 'NONE', *, *, #505, .T. ) ;
#1790 = DIRECTION ( 'NONE',  ( 0.000000000000000000, 0.000000000000000000, -1.000000000000000000 ) ) ;
#1791 = DIRECTION ( 'NONE',  ( -0.3535533905932737864, 0.6123724356957925830, 0.7071067811865492381 ) ) ;
#1792 = CARTESIAN_POINT ( 'NONE',  ( -18.86672955930068341, 51.47813416937027853, -8.325684219350073079 ) ) ;
#1793 = VECTOR ( 'NONE', #4612, 1000.000000000000114 ) ;
#1794 = PLANE ( 'NONE',  #1080 ) ;
#1795 = VECTOR ( 'NONE', #1900, 1000.000000000000000 ) ;
#1796 = CARTESIAN_POINT ( 'NONE',  ( -22.56217782649112991, 54.07883832488649034, 10.50000000000000178 ) ) ;
#1797 = EDGE_CURVE ( 'NONE', #1947, #3916, #5163, .T. ) ;
#1798 = ORIENTED_EDGE ( 'NONE', *, *, #3746, .T. ) ;
#1799 = CARTESIAN_POINT ( 'NONE',  ( -1.799999999999999600, 16.29852813742385109, 9.401471862576146421 ) ) ;
#1800 = DIRECTION ( 'NONE',  ( -0.3535533905932731757, 0.6123724356957913617, 0.7071067811865505703 ) ) ;
#1801 = ORIENTED_EDGE ( 'NONE', *, *, #8046, .F. ) ;
#1802 = CARTESIAN_POINT ( 'NONE',  ( 1.561251128379126779E-15, -9.000000000000003553, -10.25000000000000000 ) ) ;
#1803 = VECTOR ( 'NONE', #9859, 1000.000000000000000 ) ;
#1804 = CARTESIAN_POINT ( 'NONE',  ( -17.98241498424992102, 49.94645639550866889, -23.63137084989847025 ) ) ;
#1805 = DIRECTION ( 'NONE',  ( -1.000000000000000000, -0.000000000000000000, -0.000000000000000000 ) ) ;
#1806 = ORIENTED_EDGE ( 'NONE', *, *, #7720, .F. ) ;
#1807 = CARTESIAN_POINT ( 'NONE',  ( 0.000000000000000000, 15.44999999999999574, 10.24999999999999822 ) ) ;
#1808 = EDGE_CURVE ( 'NONE', #6048, #6282, #6012, .T. ) ;
#1809 = ORIENTED_EDGE ( 'NONE', *, *, #3558, .T. ) ;
#1810 = EDGE_LOOP ( 'NONE', ( #1154, #7117, #8711, #3681 ) ) ;
#1811 = DIRECTION ( 'NONE',  ( 0.5000000000000013323, -0.8660254037844379305, 0.000000000000000000 ) ) ;
#1812 = VECTOR ( 'NONE', #2031, 1000.000000000000000 ) ;
#1813 = FACE_OUTER_BOUND ( 'NONE', #9190, .T. ) ;
#1814 = CARTESIAN_POINT ( 'NONE',  ( -19.62786325144034194, 48.99645639550867315, 8.868629150101526193 ) ) ;
#1815 = FACE_OUTER_BOUND ( 'NONE', #3393, .T. ) ;
#1816 = ORIENTED_EDGE ( 'NONE', *, *, #5585, .F. ) ;
#1817 = VECTOR ( 'NONE', #4392, 1000.000000000000114 ) ;
#1818 = DIRECTION ( 'NONE',  ( -0.8660254037844379305, -0.5000000000000012212, 0.000000000000000000 ) ) ;
#1819 = LINE ( 'NONE', #7950, #187 ) ;
#1820 = EDGE_LOOP ( 'NONE', ( #759, #3385, #5582, #4998 ) ) ;
#1821 = FACE_OUTER_BOUND ( 'NONE', #2412, .T. ) ;
#1822 = ADVANCED_FACE ( 'NONE', ( #9135 ), #7458, .T. ) ;
#1823 = VERTEX_POINT ( 'NONE', #8239 ) ;
#1824 = DIRECTION ( 'NONE',  ( 0.000000000000000000, -0.7071067811865483499, 0.7071067811865467956 ) ) ;
#1825 = CYLINDRICAL_SURFACE ( 'NONE', #91, 1.099999999999986988 ) ;
#1826 = EDGE_CURVE ( 'NONE', #2353, #441, #3717, .T. ) ;
#1827 = DIRECTION ( 'NONE',  ( -1.000000000000000000, -0.000000000000000000, 0.000000000000000000 ) ) ;
#1828 = CARTESIAN_POINT ( 'NONE',  ( 2.000000000000000000, -22.24974746830583072, 6.549747468305820775 ) ) ;
#1829 = LINE ( 'NONE', #4885, #5304 ) ;
#1830 = VERTEX_POINT ( 'NONE', #9189 ) ;
#1831 = DIRECTION ( 'NONE',  ( 1.000000000000000000, 0.000000000000000000, -0.000000000000000000 ) ) ;
#1832 = CARTESIAN_POINT ( 'NONE',  ( -17.41672955930068412, 48.96666049839541301, -10.00000000000000000 ) ) ;
#1833 = ORIENTED_EDGE ( 'NONE', *, *, #9889, .F. ) ;
#1834 = EDGE_CURVE ( 'NONE', #1107, #9727, #6781, .T. ) ;
#1835 = ADVANCED_FACE ( 'NONE', ( #4416 ), #2923, .F. ) ;
#1836 = CARTESIAN_POINT ( 'NONE',  ( -15.96672955930068483, 46.45518682742054750, -11.67431578064991804 ) ) ;
#1837 = CARTESIAN_POINT ( 'NONE',  ( 0.000000000000000000, 26.07179676972451077, 15.00000000000000178 ) ) ;
#1838 = DIRECTION ( 'NONE',  ( -0.7071067811865516806, -0.4545194776720378194, 0.5416752204197015086 ) ) ;
#1839 = CARTESIAN_POINT ( 'NONE',  ( -20.48371685740848491, 55.27883832488648608, 10.50000000000000178 ) ) ;
#1840 = CARTESIAN_POINT ( 'NONE',  ( -4.688194187433163407, 34.19198729810781145, -10.11602540378443749 ) ) ;
#1841 = ORIENTED_EDGE ( 'NONE', *, *, #8889, .F. ) ;
#1842 = DIRECTION ( 'NONE',  ( -0.4330127018922205751, 0.7499999999999995559, -0.4999999999999995004 ) ) ;
#1843 = CARTESIAN_POINT ( 'NONE',  ( -3.000000000000000000, -10.26119280021293534, 2.460103028169140504 ) ) ;
#1844 = CARTESIAN_POINT ( 'NONE',  ( -15.56217782649111214, 41.95448267190435132, -10.50000000000000000 ) ) ;
#1845 = EDGE_CURVE ( 'NONE', #6372, #7288, #6682, .T. ) ;
#1846 = AXIS2_PLACEMENT_3D ( 'NONE', #1802, #7175, #6409 ) ;
#1847 = CARTESIAN_POINT ( 'NONE',  ( -13.48371685740846715, 43.15448267190436837, -12.05563491861039438 ) ) ;
#1848 = ORIENTED_EDGE ( 'NONE', *, *, #867, .T. ) ;
#1849 = ORIENTED_EDGE ( 'NONE', *, *, #970, .T. ) ;
#1850 = DIRECTION ( 'NONE',  ( 0.4330127018922200755, -0.7499999999999988898, 0.5000000000000009992 ) ) ;
#1851 = EDGE_LOOP ( 'NONE', ( #533, #7988, #4801, #7608, #2725, #6799 ) ) ;
#1852 = VERTEX_POINT ( 'NONE', #2965 ) ;
#1853 = LINE ( 'NONE', #303, #1795 ) ;
#1854 = CARTESIAN_POINT ( 'NONE',  ( -22.95108655614372850, 54.75244800415185864, 9.722182540694802810 ) ) ;
#1855 = AXIS2_PLACEMENT_3D ( 'NONE', #2898, #9208, #586 ) ;
#1856 = CARTESIAN_POINT ( 'NONE',  ( 10.00000000000000000, -17.30000000000000426, -1.016456843292302834E-15 ) ) ;
#1857 = EDGE_CURVE ( 'NONE', #4639, #4040, #8432, .T. ) ;
#1858 = EDGE_CURVE ( 'NONE', #562, #719, #9930, .T. ) ;
#1859 = DIRECTION ( 'NONE',  ( 0.000000000000000000, 0.000000000000000000, 1.000000000000000000 ) ) ;
#1860 = ORIENTED_EDGE ( 'NONE', *, *, #5701, .T. ) ;
#1861 = AXIS2_PLACEMENT_3D ( 'NONE', #1526, #6738, #1374 ) ;
#1862 = ORIENTED_EDGE ( 'NONE', *, *, #9062, .F. ) ;
#1863 = ORIENTED_EDGE ( 'NONE', *, *, #2284, .T. ) ;
#1864 = DIRECTION ( 'NONE',  ( -0.3535533905932728427, 0.6123724356957908066, -0.7071067811865513475 ) ) ;
#1865 = PLANE ( 'NONE',  #7885 ) ;
#1866 = AXIS2_PLACEMENT_3D ( 'NONE', #7198, #7304, #317 ) ;
#1867 = CYLINDRICAL_SURFACE ( 'NONE', #4106, 1.599999999999990763 ) ;
#1868 = ADVANCED_FACE ( 'NONE', ( #6064 ), #2262, .F. ) ;
#1869 = ORIENTED_EDGE ( 'NONE', *, *, #6306, .T. ) ;
#1870 = DIRECTION ( 'NONE',  ( 1.000000000000000000, -0.000000000000000000, -0.000000000000000000 ) ) ;
#1871 = DIRECTION ( 'NONE',  ( 0.5000000000000025535, -0.8660254037844371533, 0.000000000000000000 ) ) ;
#1872 = DIRECTION ( 'NONE',  ( -1.000000000000000000, -0.000000000000000000, -0.000000000000000000 ) ) ;
#1873 = VERTEX_POINT ( 'NONE', #2309 ) ;
#1874 = VECTOR ( 'NONE', #4995, 1000.000000000000000 ) ;
#1875 = DIRECTION ( 'NONE',  ( -0.2500000000000004441, 0.4330127018922184656, 0.8660254037844390407 ) ) ;
#1876 = ORIENTED_EDGE ( 'NONE', *, *, #7609, .T. ) ;
#1877 = CARTESIAN_POINT ( 'NONE',  ( -20.65705080756901069, 60.77906153324112637, 15.24130307875772772 ) ) ;
#1878 = ADVANCED_FACE ( 'NONE', ( #2209 ), #3072, .T. ) ;
#1879 = DIRECTION ( 'NONE',  ( 0.000000000000000000, 0.000000000000000000, 1.000000000000000000 ) ) ;
#1880 = DIRECTION ( 'NONE',  ( 0.8660254037844379305, 0.5000000000000013323, -0.000000000000000000 ) ) ;
#1881 = ORIENTED_EDGE ( 'NONE', *, *, #8768, .T. ) ;
#1882 = CARTESIAN_POINT ( 'NONE',  ( 2.000000000000005329, -17.30000000000000426, -1.016456843292302834E-15 ) ) ;
#1883 = LINE ( 'NONE', #3395, #4686 ) ;
#1884 = DIRECTION ( 'NONE',  ( 0.5000000000000019984, -0.8660254037844373753, 0.000000000000000000 ) ) ;
#1885 = LINE ( 'NONE', #9612, #4807 ) ;
#1886 = ORIENTED_EDGE ( 'NONE', *, *, #4955, .F. ) ;
#1887 = DIRECTION ( 'NONE',  ( 0.8660254037844379305, 0.5000000000000011102, -0.000000000000000000 ) ) ;
#1888 = VECTOR ( 'NONE', #7137, 1000.000000000000000 ) ;
#1889 = ADVANCED_FACE ( 'NONE', ( #709 ), #758, .F. ) ;
#1890 = CARTESIAN_POINT ( 'NONE',  ( -17.40192378864672307, 65.14101615137752788, 12.44436508138943864 ) ) ;
#1891 = DIRECTION ( 'NONE',  ( 1.000000000000000000, -0.000000000000000000, -0.000000000000000000 ) ) ;
#1892 = AXIS2_PLACEMENT_3D ( 'NONE', #5095, #5236, #2044 ) ;
#1893 = LINE ( 'NONE', #9416, #2860 ) ;
#1894 = VERTEX_POINT ( 'NONE', #3623 ) ;
#1895 = ORIENTED_EDGE ( 'NONE', *, *, #8328, .F. ) ;
#1896 = ORIENTED_EDGE ( 'NONE', *, *, #5816, .T. ) ;
#1897 = CARTESIAN_POINT ( 'NONE',  ( 2.000000000000000000, -12.35025253169417248, 6.549747468305820775 ) ) ;
#1898 = EDGE_LOOP ( 'NONE', ( #6339, #7230, #8207, #8525 ) ) ;
#1899 = VERTEX_POINT ( 'NONE', #2874 ) ;
#1900 = DIRECTION ( 'NONE',  ( -1.000000000000000000, -0.000000000000000000, -0.000000000000000000 ) ) ;
#1901 = EDGE_CURVE ( 'NONE', #65, #1360, #5616, .T. ) ;
#1902 = LINE ( 'NONE', #4164, #179 ) ;
#1903 = VECTOR ( 'NONE', #2096, 999.9999999999998863 ) ;
#1904 = EDGE_LOOP ( 'NONE', ( #5453, #1174, #1767, #5500 ) ) ;
#1905 = FACE_OUTER_BOUND ( 'NONE', #9858, .T. ) ;
#1906 = DIRECTION ( 'NONE',  ( 0.5000000000000025535, -0.8660254037844372643, 4.731064025391344499E-15 ) ) ;
#1907 = PLANE ( 'NONE',  #9730 ) ;
#1908 = ORIENTED_EDGE ( 'NONE', *, *, #5326, .T. ) ;
#1909 = VECTOR ( 'NONE', #9443, 1000.000000000000114 ) ;
#1910 = CARTESIAN_POINT ( 'NONE',  ( 0.1894995519276987672, -10.31769381551905873, -8.371434599511792030 ) ) ;
#1911 = ORIENTED_EDGE ( 'NONE', *, *, #3152, .F. ) ;
#1912 = DIRECTION ( 'NONE',  ( -1.000000000000000000, -0.000000000000000000, -0.000000000000000000 ) ) ;
#1913 = EDGE_CURVE ( 'NONE', #2345, #4097, #3165, .T. ) ;
#1914 = EDGE_CURVE ( 'NONE', #1743, #8306, #3314, .T. ) ;
#1915 = DIRECTION ( 'NONE',  ( 0.9607689228305220652, -0.000000000000000000, 0.2773500981126166831 ) ) ;
#1916 = CIRCLE ( 'NONE', #1291, 1.599999999999998979 ) ;
#1917 = FACE_OUTER_BOUND ( 'NONE', #8069, .T. ) ;
#1918 = ORIENTED_EDGE ( 'NONE', *, *, #2758, .T. ) ;
#1919 = DIRECTION ( 'NONE',  ( 0.8660254037844380415, 0.5000000000000012212, -0.000000000000000000 ) ) ;
#1920 = CARTESIAN_POINT ( 'NONE',  ( -7.833360696207769536E-15, 23.22649730810368851, -14.99999999999999645 ) ) ;
#1921 = VECTOR ( 'NONE', #6998, 1000.000000000000000 ) ;
#1922 = DIRECTION ( 'NONE',  ( -0.8660254037844379305, -0.5000000000000011102, 0.000000000000000000 ) ) ;
#1923 = EDGE_CURVE ( 'NONE', #9514, #2442, #2470, .T. ) ;
#1924 = LINE ( 'NONE', #1828, #1328 ) ;
#1925 = CARTESIAN_POINT ( 'NONE',  ( 11.25897459621551988, 65.52258601178481001, 7.737258300203062156 ) ) ;
#1926 = FACE_OUTER_BOUND ( 'NONE', #8778, .T. ) ;
#1927 = DIRECTION ( 'NONE',  ( 0.4330127018922216298, -0.7499999999999984457, -0.5000000000000004441 ) ) ;
#1928 = VECTOR ( 'NONE', #9653, 1000.000000000000000 ) ;
#1929 = ORIENTED_EDGE ( 'NONE', *, *, #2109, .F. ) ;
#1930 = CIRCLE ( 'NONE', #332, 1.199999999999994404 ) ;
#1931 = VECTOR ( 'NONE', #6460, 1000.000000000000114 ) ;
#1932 = ORIENTED_EDGE ( 'NONE', *, *, #2315, .F. ) ;
#1933 = DIRECTION ( 'NONE',  ( 0.000000000000000000, 0.6427876096865347000, -0.7660444431189818992 ) ) ;
#1934 = LINE ( 'NONE', #3443, #7035 ) ;
#1935 = FACE_OUTER_BOUND ( 'NONE', #8696, .T. ) ;
#1936 = PLANE ( 'NONE',  #3528 ) ;
#1937 = ORIENTED_EDGE ( 'NONE', *, *, #7639, .T. ) ;
#1938 = VECTOR ( 'NONE', #3112, 1000.000000000000000 ) ;
#1939 = AXIS2_PLACEMENT_3D ( 'NONE', #972, #1864, #7088 ) ;
#1940 = DIRECTION ( 'NONE',  ( 0.000000000000000000, 0.7071067811865474617, 0.7071067811865474617 ) ) ;
#1941 = LINE ( 'NONE', #392, #4889 ) ;
#1942 = CIRCLE ( 'NONE', #9469, 1.599999999999990763 ) ;
#1943 = EDGE_CURVE ( 'NONE', #5443, #5276, #7900, .T. ) ;
#1944 =( GEOMETRIC_REPRESENTATION_CONTEXT ( 3 ) GLOBAL_UNCERTAINTY_ASSIGNED_CONTEXT ( ( #7400 ) ) GLOBAL_UNIT_ASSIGNED_CONTEXT ( ( #773, #3893, #6946 ) ) REPRESENTATION_CONTEXT ( 'NONE', 'WORKASPACE' ) );
#1945 = DIRECTION ( 'NONE',  ( -1.000000000000000000, 0.000000000000000000, 0.000000000000000000 ) ) ;
#1946 = VERTEX_POINT ( 'NONE', #3268 ) ;
#1947 = VERTEX_POINT ( 'NONE', #2568 ) ;
#1948 = ORIENTED_EDGE ( 'NONE', *, *, #5246, .T. ) ;
#1949 = DIRECTION ( 'NONE',  ( 0.000000000000000000, -0.6427876096865403621, -0.7660444431189771253 ) ) ;
#1950 = EDGE_LOOP ( 'NONE', ( #1886, #762, #5555, #7661 ) ) ;
#1951 = ORIENTED_EDGE ( 'NONE', *, *, #5271, .T. ) ;
#1952 = EDGE_CURVE ( 'NONE', #8875, #958, #7801, .T. ) ;
#1953 = EDGE_LOOP ( 'NONE', ( #9274, #1255, #3359, #9560, #7822 ) ) ;
#1954 = LINE ( 'NONE', #8090, #3074 ) ;
#1955 = EDGE_LOOP ( 'NONE', ( #7147, #9340, #4910, #1622 ) ) ;
#1956 = VECTOR ( 'NONE', #9398, 1000.000000000000000 ) ;
#1957 = CARTESIAN_POINT ( 'NONE',  ( -29.56217782649112635, -21.22128729280737502, -6.175418577296191813 ) ) ;
#1958 = VERTEX_POINT ( 'NONE', #1668 ) ;
#1959 = DIRECTION ( 'NONE',  ( -0.8660254037844380415, -0.5000000000000011102, -0.000000000000000000 ) ) ;
#1960 = CARTESIAN_POINT ( 'NONE',  ( -13.93782217350906549, 67.14101615137768420, 14.00000000000000711 ) ) ;
#1961 = ADVANCED_FACE ( 'NONE', ( #4818 ), #4616, .F. ) ;
#1962 = EDGE_CURVE ( 'NONE', #410, #8005, #5411, .T. ) ;
#1963 = CARTESIAN_POINT ( 'NONE',  ( -8.165063509461063518, 38.14230484541317168, -16.48260615751542346 ) ) ;
#1964 = ORIENTED_EDGE ( 'NONE', *, *, #6816, .T. ) ;
#1965 = AXIS2_PLACEMENT_3D ( 'NONE', #6243, #2397, #1646 ) ;
#1966 = ORIENTED_EDGE ( 'NONE', *, *, #8667, .F. ) ;
#1967 = VERTEX_POINT ( 'NONE', #9232 ) ;
#1968 = LINE ( 'NONE', #5202, #658 ) ;
#1969 = EDGE_LOOP ( 'NONE', ( #9639, #196, #5549, #3568 ) ) ;
#1970 = CARTESIAN_POINT ( 'NONE',  ( -18.23205080756895313, 56.57883832488651166, 8.017393842484619171 ) ) ;
#1971 = DIRECTION ( 'NONE',  ( -0.000000000000000000, 0.7660444431189818992, 0.6427876096865347000 ) ) ;
#1972 = EDGE_CURVE ( 'NONE', #6478, #3744, #7706, .T. ) ;
#1973 = AXIS2_PLACEMENT_3D ( 'NONE', #7619, #6850, #6032 ) ;
#1974 = VERTEX_POINT ( 'NONE', #7034 ) ;
#1975 = DIRECTION ( 'NONE',  ( 0.000000000000000000, 0.000000000000000000, -1.000000000000000000 ) ) ;
#1976 = ORIENTED_EDGE ( 'NONE', *, *, #6636, .T. ) ;
#1977 = CARTESIAN_POINT ( 'NONE',  ( -1.799999999999999600, -8.151471862576149974, -11.09852813742385358 ) ) ;
#1978 = CARTESIAN_POINT ( 'NONE',  ( -17.41672955930068412, 48.96666049839541301, -13.34863156129982542 ) ) ;
#1979 = LINE ( 'NONE', #1234, #5797 ) ;
#1980 = CARTESIAN_POINT ( 'NONE',  ( -7.000000000000000000, 19.12435565298216389, 0.000000000000000000 ) ) ;
#1981 = FACE_OUTER_BOUND ( 'NONE', #8296, .T. ) ;
#1982 = ORIENTED_EDGE ( 'NONE', *, *, #2095, .T. ) ;
#1983 = ADVANCED_FACE ( 'NONE', ( #814 ), #5513, .F. ) ;
#1984 = EDGE_CURVE ( 'NONE', #7128, #7645, #8146, .T. ) ;
#1985 = EDGE_LOOP ( 'NONE', ( #1671, #9264, #7910, #6194 ) ) ;
#1986 = CARTESIAN_POINT ( 'NONE',  ( 5.333333333333311721, -7.666666666666641206, -19.33333333333331439 ) ) ;
#1987 = CARTESIAN_POINT ( 'NONE',  ( -2.165063509461105262, 27.75000000000001776, -26.49999999999999645 ) ) ;
#1988 = DIRECTION ( 'NONE',  ( 8.177564888978055800E-17, 0.7071067811865526798, -0.7071067811865424657 ) ) ;
#1989 = VERTEX_POINT ( 'NONE', #5563 ) ;
#1990 = LINE ( 'NONE', #1840, #4329 ) ;
#1991 = EDGE_LOOP ( 'NONE', ( #2869, #3472, #8346, #3733, #4879 ) ) ;
#1992 = ORIENTED_EDGE ( 'NONE', *, *, #9819, .T. ) ;
#1993 = CARTESIAN_POINT ( 'NONE',  ( -15.95108655614371429, 42.62809235116974094, 9.722182540694801034 ) ) ;
#1994 = PLANE ( 'NONE',  #825 ) ;
#1995 = DIRECTION ( 'NONE',  ( -1.000000000000000000, -0.000000000000000000, -0.000000000000000000 ) ) ;
#1996 = DIRECTION ( 'NONE',  ( 0.000000000000000000, 0.000000000000000000, 1.000000000000000000 ) ) ;
#1997 = ORIENTED_EDGE ( 'NONE', *, *, #5923, .T. ) ;
#1998 = CARTESIAN_POINT ( 'NONE',  ( -1.800000000000000044, -9.000000000000003553, -10.25000000000000000 ) ) ;
#1999 = DIRECTION ( 'NONE',  ( -0.5000000000000013323, 0.8660254037844379305, -7.709882115452478166E-17 ) ) ;
#2000 = ORIENTED_EDGE ( 'NONE', *, *, #8848, .F. ) ;
#2001 = ADVANCED_FACE ( 'NONE', ( #7849 ), #7673, .F. ) ;
#2002 = LINE ( 'NONE', #2765, #7787 ) ;
#2003 = EDGE_CURVE ( 'NONE', #9565, #8252, #8942, .T. ) ;
#2004 = DIRECTION ( 'NONE',  ( -0.8660254037844379305, -0.5000000000000011102, 0.000000000000000000 ) ) ;
#2005 = ORIENTED_EDGE ( 'NONE', *, *, #4773, .T. ) ;
#2006 = CARTESIAN_POINT ( 'NONE',  ( -4.333333333333337478, -3.333333333333337922, -23.66666666666667140 ) ) ;
#2007 = ORIENTED_EDGE ( 'NONE', *, *, #2935, .F. ) ;
#2008 = ORIENTED_EDGE ( 'NONE', *, *, #2643, .F. ) ;
#2009 = ORIENTED_EDGE ( 'NONE', *, *, #5361, .F. ) ;
#2010 = DIRECTION ( 'NONE',  ( 3.854941057726249560E-17, -6.676953772165148237E-17, 1.000000000000000000 ) ) ;
#2011 = VECTOR ( 'NONE', #3484, 1000.000000000000000 ) ;
#2012 = LINE ( 'NONE', #1274, #4667 ) ;
#2013 = EDGE_CURVE ( 'NONE', #3184, #5506, #4130, .T. ) ;
#2014 = EDGE_CURVE ( 'NONE', #1169, #1658, #8634, .T. ) ;
#2015 = DIRECTION ( 'NONE',  ( 1.000000000000000000, 0.000000000000000000, 0.000000000000000000 ) ) ;
#2016 = EDGE_CURVE ( 'NONE', #9477, #5639, #1020, .T. ) ;
#2017 = AXIS2_PLACEMENT_3D ( 'NONE', #9540, #3524, #7951 ) ;
#2018 = CARTESIAN_POINT ( 'NONE',  ( 6.999999999999969802, 1.999999999999998224, -22.00000000000000355 ) ) ;
#2019 = ORIENTED_EDGE ( 'NONE', *, *, #5562, .F. ) ;
#2020 = PLANE ( 'NONE',  #1428 ) ;
#2021 = CARTESIAN_POINT ( 'NONE',  ( -16.50000000000005684, 57.57883832488649745, -10.49999999999999822 ) ) ;
#2022 = CARTESIAN_POINT ( 'NONE',  ( 0.000000000000000000, -17.30000000000000426, -1.016456843292302834E-15 ) ) ;
#2023 = CARTESIAN_POINT ( 'NONE',  ( -21.73205080756902419, 62.64101615137768420, 11.51739384248461739 ) ) ;
#2024 = EDGE_CURVE ( 'NONE', #7425, #8265, #868, .T. ) ;
#2025 = VECTOR ( 'NONE', #552, 999.9999999999998863 ) ;
#2026 = LINE ( 'NONE', #1980, #538 ) ;
#2027 = LINE ( 'NONE', #5643, #5047 ) ;
#2028 = ORIENTED_EDGE ( 'NONE', *, *, #8378, .T. ) ;
#2029 = AXIS2_PLACEMENT_3D ( 'NONE', #2176, #2934, #6027 ) ;
#2030 = CARTESIAN_POINT ( 'NONE',  ( -20.87262558706107995, 55.95244800415185438, -11.27781745930520074 ) ) ;
#2031 = DIRECTION ( 'NONE',  ( 0.4330127018922206861, -0.7499999999999997780, -0.4999999999999991673 ) ) ;
#2032 = ORIENTED_EDGE ( 'NONE', *, *, #667, .T. ) ;
#2033 = DIRECTION ( 'NONE',  ( 1.000000000000000000, 0.000000000000000000, 0.000000000000000000 ) ) ;
#2034 = CARTESIAN_POINT ( 'NONE',  ( -9.500000000000040856, 45.45448267190436553, 10.50000000000000000 ) ) ;
#2035 = ORIENTED_EDGE ( 'NONE', *, *, #409, .T. ) ;
#2036 = CARTESIAN_POINT ( 'NONE',  ( 0.000000000000000000, -17.30000000000000426, -1.016456843292302834E-15 ) ) ;
#2037 = EDGE_CURVE ( 'NONE', #6644, #8481, #6215, .T. ) ;
#2038 = EDGE_CURVE ( 'NONE', #562, #1626, #9683, .T. ) ;
#2039 = CARTESIAN_POINT ( 'NONE',  ( -17.41672955930068412, 48.96666049839541301, 13.34863156129982542 ) ) ;
#2040 = AXIS2_PLACEMENT_3D ( 'NONE', #2861, #2057, #4365 ) ;
#2041 = AXIS2_PLACEMENT_3D ( 'NONE', #9896, #882, #6131 ) ;
#2042 = DIRECTION ( 'NONE',  ( -0.5000000000000036637, 0.8660254037844364872, 9.462128050782681110E-15 ) ) ;
#2043 = ORIENTED_EDGE ( 'NONE', *, *, #2514, .F. ) ;
#2044 = DIRECTION ( 'NONE',  ( 0.8660254037844380415, 0.5000000000000013323, 0.000000000000000000 ) ) ;
#2045 = ORIENTED_EDGE ( 'NONE', *, *, #2984, .F. ) ;
#2046 = AXIS2_PLACEMENT_3D ( 'NONE', #3926, #4721, #922 ) ;
#2047 = CYLINDRICAL_SURFACE ( 'NONE', #8815, 1.099999999999986988 ) ;
#2048 = VECTOR ( 'NONE', #5434, 1000.000000000000000 ) ;
#2049 = EDGE_LOOP ( 'NONE', ( #5249, #1976, #2954, #5352 ) ) ;
#2050 = EDGE_CURVE ( 'NONE', #8875, #4233, #8788, .T. ) ;
#2051 = PLANE ( 'NONE',  #5787 ) ;
#2052 = EDGE_LOOP ( 'NONE', ( #6754, #8968, #5412, #720, #7781 ) ) ;
#2053 = DIRECTION ( 'NONE',  ( 0.8660254037844378194, 0.5000000000000013323, -0.000000000000000000 ) ) ;
#2054 = VECTOR ( 'NONE', #3614, 1000.000000000000000 ) ;
#2055 = LINE ( 'NONE', #8890, #6685 ) ;
#2056 = ORIENTED_EDGE ( 'NONE', *, *, #1231, .F. ) ;
#2057 = DIRECTION ( 'NONE',  ( -0.8660254037844387076, -0.5000000000000003331, -0.000000000000000000 ) ) ;
#2058 = FACE_BOUND ( 'NONE', #1548, .T. ) ;
#2059 = VERTEX_POINT ( 'NONE', #3563 ) ;
#2060 = CARTESIAN_POINT ( 'NONE',  ( 2.000000000000000000, -22.24974746830583783, -7.038399131237477846 ) ) ;
#2061 = ADVANCED_FACE ( 'NONE', ( #6624 ), #7360, .T. ) ;
#2062 = ORIENTED_EDGE ( 'NONE', *, *, #3427, .T. ) ;
#2063 = DIRECTION ( 'NONE',  ( 0.000000000000000000, -1.000000000000000000, 0.000000000000000000 ) ) ;
#2064 = VECTOR ( 'NONE', #4386, 1000.000000000000000 ) ;
#2065 = CARTESIAN_POINT ( 'NONE',  ( 2.000000000000000000, -12.35025253169417248, 4.949747468305830900 ) ) ;
#2066 = CARTESIAN_POINT ( 'NONE',  ( -13.00000000000004086, 51.51666049839542438, -10.00000000000000000 ) ) ;
#2067 = VECTOR ( 'NONE', #8444, 1000.000000000000000 ) ;
#2068 = LINE ( 'NONE', #1735, #3398 ) ;
#2069 = DIRECTION ( 'NONE',  ( 0.5000000000000019984, -0.8660254037844373753, 0.000000000000000000 ) ) ;
#2070 = EDGE_CURVE ( 'NONE', #8653, #6644, #7295, .T. ) ;
#2071 = LINE ( 'NONE', #7550, #5257 ) ;
#2072 = ORIENTED_EDGE ( 'NONE', *, *, #2464, .F. ) ;
#2073 = DIRECTION ( 'NONE',  ( 0.000000000000000000, -0.8944271909999161885, -0.4472135954999573726 ) ) ;
#2074 = EDGE_CURVE ( 'NONE', #6048, #6891, #8891, .T. ) ;
#2075 = AXIS2_PLACEMENT_3D ( 'NONE', #7985, #5853, #9523 ) ;
#2076 = CARTESIAN_POINT ( 'NONE',  ( -11.23205080756890695, 44.45448267190433000, -12.98260615751540392 ) ) ;
#2077 = DIRECTION ( 'NONE',  ( -0.8660254037844379305, -0.5000000000000012212, 0.000000000000000000 ) ) ;
#2078 = ORIENTED_EDGE ( 'NONE', *, *, #1282, .F. ) ;
#2079 = ORIENTED_EDGE ( 'NONE', *, *, #2003, .F. ) ;
#2080 = VECTOR ( 'NONE', #8495, 1000.000000000000000 ) ;
#2081 = EDGE_CURVE ( 'NONE', #6136, #8095, #7347, .T. ) ;
#2082 = EDGE_CURVE ( 'NONE', #5209, #8564, #4170, .T. ) ;
#2083 = DIRECTION ( 'NONE',  ( -0.8660254037844379305, -0.5000000000000012212, 0.000000000000000000 ) ) ;
#2084 = ORIENTED_EDGE ( 'NONE', *, *, #2328, .T. ) ;
#2085 = DIRECTION ( 'NONE',  ( 0.000000000000000000, 0.000000000000000000, -1.000000000000000000 ) ) ;
#2086 = LINE ( 'NONE', #490, #4284 ) ;
#2087 = FACE_OUTER_BOUND ( 'NONE', #4872, .T. ) ;
#2088 = ORIENTED_EDGE ( 'NONE', *, *, #4373, .F. ) ;
#2089 = CARTESIAN_POINT ( 'NONE',  ( 0.2333576173637916806, -6.000000000000002665, 5.738764010245219538 ) ) ;
#2090 = DIRECTION ( 'NONE',  ( 0.000000000000000000, 0.000000000000000000, -1.000000000000000000 ) ) ;
#2091 = VECTOR ( 'NONE', #4380, 999.9999999999998863 ) ;
#2092 = LINE ( 'NONE', #7382, #413 ) ;
#2093 = VERTEX_POINT ( 'NONE', #1963 ) ;
#2094 = ORIENTED_EDGE ( 'NONE', *, *, #4044, .T. ) ;
#2095 = EDGE_CURVE ( 'NONE', #1198, #4673, #5817, .T. ) ;
#2096 = DIRECTION ( 'NONE',  ( 0.8660254037844379305, 0.5000000000000013323, 1.196361017915042937E-16 ) ) ;
#2097 = ORIENTED_EDGE ( 'NONE', *, *, #2328, .F. ) ;
#2098 = AXIS2_PLACEMENT_3D ( 'NONE', #8898, #3522, #5159 ) ;
#2099 = VECTOR ( 'NONE', #4320, 1000.000000000000000 ) ;
#2100 = CARTESIAN_POINT ( 'NONE',  ( 0.000000000000000000, -9.000000000000005329, 10.25000000000000000 ) ) ;
#2101 = LINE ( 'NONE', #3701, #6342 ) ;
#2102 = CARTESIAN_POINT ( 'NONE',  ( -1.800000000000000044, -9.000000000000003553, -12.34999999999999964 ) ) ;
#2103 = VERTEX_POINT ( 'NONE', #3463 ) ;
#2104 = CARTESIAN_POINT ( 'NONE',  ( 0.000000000000000000, -28.99999999999999645, -15.00000000000000888 ) ) ;
#2105 = AXIS2_PLACEMENT_3D ( 'NONE', #1957, #4265, #5901 ) ;
#2106 = AXIS2_PLACEMENT_3D ( 'NONE', #5109, #1220, #8277 ) ;
#2107 = CARTESIAN_POINT ( 'NONE',  ( 1.656855278604410620, -8.179059695048580991, 6.577523540471969632 ) ) ;
#2108 = ORIENTED_EDGE ( 'NONE', *, *, #4001, .T. ) ;
#2109 = EDGE_CURVE ( 'NONE', #9409, #4204, #509, .T. ) ;
#2110 = CARTESIAN_POINT ( 'NONE',  ( -19.62786325144034194, 48.99645639550867315, -11.13137084989847558 ) ) ;
#2111 = ORIENTED_EDGE ( 'NONE', *, *, #3169, .T. ) ;
#2112 = CARTESIAN_POINT ( 'NONE',  ( 0.6778944329922624856, -9.386587410827585742, -7.497029947692914753 ) ) ;
#2113 = EDGE_LOOP ( 'NONE', ( #6553, #9657, #8913, #2852 ) ) ;
#2114 = VECTOR ( 'NONE', #1160, 1000.000000000000000 ) ;
#2115 = CARTESIAN_POINT ( 'NONE',  ( -17.41672955930068412, 48.96666049839541301, 22.50000000000000000 ) ) ;
#2116 = EDGE_LOOP ( 'NONE', ( #1159, #8695, #8791, #8275 ) ) ;
#2117 = CARTESIAN_POINT ( 'NONE',  ( -12.30705080756892045, 46.31643729004088783, -9.258696921242332678 ) ) ;
#2118 = LINE ( 'NONE', #518, #3154 ) ;
#2119 = AXIS2_PLACEMENT_3D ( 'NONE', #843, #2598, #7827 ) ;
#2120 = FACE_OUTER_BOUND ( 'NONE', #1119, .T. ) ;
#2121 = DIRECTION ( 'NONE',  ( -1.000000000000000000, 0.000000000000000000, 0.000000000000000000 ) ) ;
#2122 = DIRECTION ( 'NONE',  ( -0.7071067811865482389, -0.4545194776720400398, 0.5416752204197041731 ) ) ;
#2123 = DIRECTION ( 'NONE',  ( 1.000000000000000000, 0.000000000000000000, 0.000000000000000000 ) ) ;
#2124 = AXIS2_PLACEMENT_3D ( 'NONE', #322, #9496, #1871 ) ;
#2125 = EDGE_CURVE ( 'NONE', #4489, #9203, #7395, .T. ) ;
#2126 = DIRECTION ( 'NONE',  ( 0.000000000000000000, 0.7660444431189771253, 0.6427876096865403621 ) ) ;
#2127 = EDGE_LOOP ( 'NONE', ( #8896, #9672, #1419, #6207, #5231 ) ) ;
#2128 = LINE ( 'NONE', #8956, #8934 ) ;
#2129 = ADVANCED_FACE ( 'NONE', ( #4917 ), #3365, .F. ) ;
#2130 = LINE ( 'NONE', #9043, #620 ) ;
#2131 = DIRECTION ( 'NONE',  ( 0.000000000000000000, 1.000000000000000000, -1.094278377492747784E-33 ) ) ;
#2132 = LINE ( 'NONE', #4433, #5274 ) ;
#2133 = ORIENTED_EDGE ( 'NONE', *, *, #5246, .F. ) ;
#2134 = AXIS2_PLACEMENT_3D ( 'NONE', #939, #9251, #2390 ) ;
#2135 = ORIENTED_EDGE ( 'NONE', *, *, #4169, .T. ) ;
#2136 = CARTESIAN_POINT ( 'NONE',  ( -15.96672955930068483, 46.45518682742054750, 24.17431578064990916 ) ) ;
#2137 = CARTESIAN_POINT ( 'NONE',  ( 0.4499085352147539907, -6.000000000000001776, -5.246891659308497324 ) ) ;
#2138 = LINE ( 'NONE', #3787, #9338 ) ;
#2139 = ADVANCED_FACE ( 'NONE', ( #1815, #5714, #7245, #4870, #5056, #8048, #360, #4314, #3418, #8138, #9533, #9635, #2667 ), #1907, .T. ) ;
#2140 = EDGE_CURVE ( 'NONE', #5724, #7108, #8094, .T. ) ;
#2141 = CARTESIAN_POINT ( 'NONE',  ( -12.30705080756892045, 46.31643729004088783, 11.74130307875768864 ) ) ;
#2142 = ORIENTED_EDGE ( 'NONE', *, *, #9195, .F. ) ;
#2143 = CARTESIAN_POINT ( 'NONE',  ( 11.25897459621551988, 65.52258601178481001, -24.76274169979693696 ) ) ;
#2144 = CARTESIAN_POINT ( 'NONE',  ( -15.16506350946115056, 50.26666049839541728, -25.84863156129981832 ) ) ;
#2145 = ORIENTED_EDGE ( 'NONE', *, *, #5203, .T. ) ;
#2146 = DIRECTION ( 'NONE',  ( 1.000000000000000000, 0.000000000000000000, 0.000000000000000000 ) ) ;
#2147 = EDGE_LOOP ( 'NONE', ( #6569, #7340, #3704, #2410 ) ) ;
#2148 = CARTESIAN_POINT ( 'NONE',  ( -29.56217782649112635, -12.35025253169416715, -7.038399131237476070 ) ) ;
#2149 = FACE_OUTER_BOUND ( 'NONE', #1468, .T. ) ;
#2150 = ORIENTED_EDGE ( 'NONE', *, *, #9054, .T. ) ;
#2151 = EDGE_CURVE ( 'NONE', #8265, #910, #4221, .T. ) ;
#2152 = CARTESIAN_POINT ( 'NONE',  ( -3.000000000000000000, 18.99999999999999289, -6.579620908548930642E-15 ) ) ;
#2153 = DIRECTION ( 'NONE',  ( -0.8660254037844379305, -0.5000000000000011102, -0.000000000000000000 ) ) ;
#2154 = ORIENTED_EDGE ( 'NONE', *, *, #6825, .T. ) ;
#2155 = VERTEX_POINT ( 'NONE', #4121 ) ;
#2156 = DIRECTION ( 'NONE',  ( 0.000000000000000000, -1.000000000000000000, -0.000000000000000000 ) ) ;
#2157 = CARTESIAN_POINT ( 'NONE',  ( -7.000000000000000000, -29.00000000000000000, 12.50000000000000000 ) ) ;
#2158 = ADVANCED_FACE ( 'NONE', ( #309 ), #3656, .F. ) ;
#2159 = ORIENTED_EDGE ( 'NONE', *, *, #1128, .F. ) ;
#2160 = ADVANCED_FACE ( 'NONE', ( #6771 ), #3708, .F. ) ;
#2161 = CARTESIAN_POINT ( 'NONE',  ( -6.938893903907228378E-15, 9.629649721936179265E-32, 10.50000000000000178 ) ) ;
#2162 = LINE ( 'NONE', #5318, #4283 ) ;
#2163 = ORIENTED_EDGE ( 'NONE', *, *, #9701, .F. ) ;
#2164 = LINE ( 'NONE', #5210, #7676 ) ;
#2165 = DIRECTION ( 'NONE',  ( 1.000000000000000000, -0.000000000000000000, -0.000000000000000000 ) ) ;
#2166 = AXIS2_PLACEMENT_3D ( 'NONE', #3107, #9067, #697 ) ;
#2167 = LINE ( 'NONE', #1415, #9934 ) ;
#2168 = CYLINDRICAL_SURFACE ( 'NONE', #2916, 1.599999999999990763 ) ;
#2169 = EDGE_CURVE ( 'NONE', #9807, #6989, #7497, .T. ) ;
#2170 = VECTOR ( 'NONE', #4550, 1000.000000000000114 ) ;
#2171 = LINE ( 'NONE', #5122, #6990 ) ;
#2172 = VERTEX_POINT ( 'NONE', #1357 ) ;
#2173 = ORIENTED_EDGE ( 'NONE', *, *, #9570, .F. ) ;
#2174 = DIRECTION ( 'NONE',  ( 0.000000000000000000, 0.000000000000000000, -1.000000000000000000 ) ) ;
#2175 = CARTESIAN_POINT ( 'NONE',  ( -15.56217782649111214, 41.95448267190435843, -12.05563491861039083 ) ) ;
#2176 = CARTESIAN_POINT ( 'NONE',  ( -23.98371685740855952, 61.34101615137766572, 14.00000000000000711 ) ) ;
#2177 = CARTESIAN_POINT ( 'NONE',  ( 22.04495957273638851, -27.49999999999998579, -12.50000000000000000 ) ) ;
#2178 = EDGE_CURVE ( 'NONE', #7669, #6123, #3757, .T. ) ;
#2179 = ORIENTED_EDGE ( 'NONE', *, *, #7488, .T. ) ;
#2180 = AXIS2_PLACEMENT_3D ( 'NONE', #8290, #2077, #9790 ) ;
#2181 = LINE ( 'NONE', #2136, #1464 ) ;
#2182 = CARTESIAN_POINT ( 'NONE',  ( -17.41672955930068412, 48.96666049839541301, 10.00000000000000000 ) ) ;
#2183 = VERTEX_POINT ( 'NONE', #2250 ) ;
#2184 = LINE ( 'NONE', #8402, #6939 ) ;
#2185 = ORIENTED_EDGE ( 'NONE', *, *, #1290, .F. ) ;
#2186 = AXIS2_PLACEMENT_3D ( 'NONE', #7582, #2952, #2907 ) ;
#2187 = ORIENTED_EDGE ( 'NONE', *, *, #1797, .T. ) ;
#2188 = PLANE ( 'NONE',  #1892 ) ;
#2189 = ORIENTED_EDGE ( 'NONE', *, *, #5663, .F. ) ;
#2190 = CARTESIAN_POINT ( 'NONE',  ( -12.74006350946113919, 46.06643729004088783, 11.74130307875768864 ) ) ;
#2191 = CARTESIAN_POINT ( 'NONE',  ( -19.86217782649111285, 49.40230114445050447, 10.00000000000000000 ) ) ;
#2192 = EDGE_CURVE ( 'NONE', #9803, #8588, #7540, .T. ) ;
#2193 = ORIENTED_EDGE ( 'NONE', *, *, #9837, .T. ) ;
#2194 = CARTESIAN_POINT ( 'NONE',  ( -8.526279441628814126, 21.76794919243112147, 24.49999999999996447 ) ) ;
#2195 = VECTOR ( 'NONE', #4432, 1000.000000000000114 ) ;
#2196 = ADVANCED_FACE ( 'NONE', ( #2957, #5906, #1402, #653, #1507, #4458, #2200, #9068, #2058, #8188, #6818 ), #9868, .T. ) ;
#2197 = CARTESIAN_POINT ( 'NONE',  ( -3.000000000000000000, 11.94999999999999574, -9.500000000000000000 ) ) ;
#2198 = ORIENTED_EDGE ( 'NONE', *, *, #1770, .F. ) ;
#2199 = CARTESIAN_POINT ( 'NONE',  ( 11.25897459621551988, 65.52258601178481001, -12.26274169979694051 ) ) ;
#2200 = FACE_BOUND ( 'NONE', #7179, .T. ) ;
#2201 = ORIENTED_EDGE ( 'NONE', *, *, #1041, .T. ) ;
#2202 = EDGE_CURVE ( 'NONE', #9418, #2155, #1449, .T. ) ;
#2203 = ORIENTED_EDGE ( 'NONE', *, *, #3777, .T. ) ;
#2204 = DIRECTION ( 'NONE',  ( 1.156482317317871478E-16, 1.000000000000000000, 2.392722035830078972E-16 ) ) ;
#2205 = CARTESIAN_POINT ( 'NONE',  ( -3.000000000000000000, -17.30000000000000426, -1.016456843292302834E-15 ) ) ;
#2206 = AXIS2_PLACEMENT_3D ( 'NONE', #6716, #8318, #9027 ) ;
#2207 = LINE ( 'NONE', #4333, #7770 ) ;
#2208 = DIRECTION ( 'NONE',  ( -0.5000000000000019984, 0.8660254037844373753, 0.000000000000000000 ) ) ;
#2209 = FACE_OUTER_BOUND ( 'NONE', #4935, .T. ) ;
#2210 = EDGE_LOOP ( 'NONE', ( #1243, #950, #3670, #9483 ) ) ;
#2211 = CIRCLE ( 'NONE', #3985, 1.099999999999986988 ) ;
#2212 = DIRECTION ( 'NONE',  ( -0.8660254037844379305, -0.5000000000000011102, 0.000000000000000000 ) ) ;
#2214 = EDGE_CURVE ( 'NONE', #2280, #648, #5248, .T. ) ;
#2213 = DIRECTION ( 'NONE',  ( 0.3535533905932766729, -0.6123724356957973569, 0.7071067811865436870 ) ) ;
#2215 = DIRECTION ( 'NONE',  ( 0.000000000000000000, 0.000000000000000000, -1.000000000000000000 ) ) ;
#2216 = ORIENTED_EDGE ( 'NONE', *, *, #2566, .T. ) ;
#2217 = CARTESIAN_POINT ( 'NONE',  ( 2.000000000000000000, -22.81085143688009609, -6.567576998154681434 ) ) ;
#2218 = VECTOR ( 'NONE', #3289, 1000.000000000000000 ) ;
#2219 = FACE_OUTER_BOUND ( 'NONE', #5949, .T. ) ;
#2220 = ORIENTED_EDGE ( 'NONE', *, *, #5891, .F. ) ;
#2221 = ORIENTED_EDGE ( 'NONE', *, *, #8467, .T. ) ;
#2223 = EDGE_CURVE ( 'NONE', #289, #8282, #6001, .T. ) ;
#2222 = DIRECTION ( 'NONE',  ( -0.000000000000000000, -1.000000000000000000, -2.168404344971008868E-16 ) ) ;
#2224 = ORIENTED_EDGE ( 'NONE', *, *, #6863, .T. ) ;
#2225 = EDGE_CURVE ( 'NONE', #9534, #641, #6670, .T. ) ;
#2226 = DIRECTION ( 'NONE',  ( -0.4330127018922205751, 0.7499999999999995559, 0.4999999999999996669 ) ) ;
#2227 = CIRCLE ( 'NONE', #8809, 1.100000000000116218 ) ;
#2228 = DIRECTION ( 'NONE',  ( 0.000000000000000000, 0.000000000000000000, 1.000000000000000000 ) ) ;
#2229 = VERTEX_POINT ( 'NONE', #2110 ) ;
#2230 = PLANE ( 'NONE',  #4677 ) ;
#2231 = DIRECTION ( 'NONE',  ( -0.8660254037844380415, -0.5000000000000009992, -0.000000000000000000 ) ) ;
#2232 = CARTESIAN_POINT ( 'NONE',  ( 0.3499999999999978684, -10.26119280021293179, -7.439391908442522627 ) ) ;
#2233 = CARTESIAN_POINT ( 'NONE',  ( 10.69328917126628475, 66.50238190889807299, -11.13137084989847558 ) ) ;
#2234 = ORIENTED_EDGE ( 'NONE', *, *, #6733, .F. ) ;
#2235 = VECTOR ( 'NONE', #1520, 1000.000000000000000 ) ;
#2236 = ORIENTED_EDGE ( 'NONE', *, *, #2963, .F. ) ;
#2237 = CARTESIAN_POINT ( 'NONE',  ( -22.56217782649112991, 54.07883832488649034, -10.49999999999999822 ) ) ;
#2238 = LINE ( 'NONE', #4504, #6928 ) ;
#2239 = CYLINDRICAL_SURFACE ( 'NONE', #2403, 1.599999999999990763 ) ;
#2240 = ORIENTED_EDGE ( 'NONE', *, *, #4031, .F. ) ;
#2241 = VECTOR ( 'NONE', #2548, 1000.000000000000114 ) ;
#2242 = LINE ( 'NONE', #3803, #2025 ) ;
#2243 = CARTESIAN_POINT ( 'NONE',  ( -10.59006350946113528, 42.34252805376780771, 11.74130307875771706 ) ) ;
#2244 = VERTEX_POINT ( 'NONE', #5955 ) ;
#2245 = PLANE ( 'NONE',  #6811 ) ;
#2246 = EDGE_CURVE ( 'NONE', #3694, #5175, #5152, .T. ) ;
#2247 = AXIS2_PLACEMENT_3D ( 'NONE', #3333, #9218, #3437 ) ;
#2248 = CIRCLE ( 'NONE', #5614, 10.90000000000000036 ) ;
#2249 = VECTOR ( 'NONE', #1842, 1000.000000000000114 ) ;
#2250 = CARTESIAN_POINT ( 'NONE',  ( -12.45108655614444260, 36.56591452467994685, 13.22218254069462695 ) ) ;
#2251 = ORIENTED_EDGE ( 'NONE', *, *, #318, .T. ) ;
#2252 = EDGE_CURVE ( 'NONE', #5531, #4217, #2912, .T. ) ;
#2253 = ORIENTED_EDGE ( 'NONE', *, *, #2750, .F. ) ;
#2254 = DIRECTION ( 'NONE',  ( -0.3779644730092300842, 0.6546536707079799733, -0.6546536707079725348 ) ) ;
#2255 = VECTOR ( 'NONE', #7502, 1000.000000000000000 ) ;
#2256 = VECTOR ( 'NONE', #5822, 1000.000000000000000 ) ;
#2257 = DIRECTION ( 'NONE',  ( 0.000000000000000000, -1.000000000000000000, -1.196361017915039732E-16 ) ) ;
#2258 = CARTESIAN_POINT ( 'NONE',  ( -15.16506350946114701, 50.26666049839541017, 13.34863156129982542 ) ) ;
#2259 = EDGE_CURVE ( 'NONE', #6090, #4991, #748, .T. ) ;
#2260 = EDGE_CURVE ( 'NONE', #5913, #4180, #6870, .T. ) ;
#2261 = FACE_BOUND ( 'NONE', #2462, .T. ) ;
#2262 = PLANE ( 'NONE',  #7514 ) ;
#2263 = ORIENTED_EDGE ( 'NONE', *, *, #2192, .F. ) ;
#2264 = VECTOR ( 'NONE', #6749, 1000.000000000000000 ) ;
#2265 = PLANE ( 'NONE',  #3972 ) ;
#2266 = CARTESIAN_POINT ( 'NONE',  ( 7.999999999999998224, -6.000000000000002665, -19.00000000000000355 ) ) ;
#2267 = FACE_BOUND ( 'NONE', #7793, .T. ) ;
#2268 = ORIENTED_EDGE ( 'NONE', *, *, #6238, .T. ) ;
#2269 = CARTESIAN_POINT ( 'NONE',  ( -17.41672955930069122, 48.96666049839542723, 6.651368438700165697 ) ) ;
#2270 = ORIENTED_EDGE ( 'NONE', *, *, #541, .F. ) ;
#2271 = ADVANCED_FACE ( 'NONE', ( #5105 ), #1317, .F. ) ;
#2272 = AXIS2_PLACEMENT_3D ( 'NONE', #7484, #9762, #7626 ) ;
#2273 = CARTESIAN_POINT ( 'NONE',  ( 0.06217782649113080817, 42.89230484541313615, -14.00000000000000000 ) ) ;
#2274 = ORIENTED_EDGE ( 'NONE', *, *, #8047, .F. ) ;
#2275 = DIRECTION ( 'NONE',  ( 0.000000000000000000, -2.168404344971010446E-15, -1.000000000000000000 ) ) ;
#2276 = CARTESIAN_POINT ( 'NONE',  ( -29.56217782649112635, -6.000000000000001776, 10.50000000000000178 ) ) ;
#2277 = DIRECTION ( 'NONE',  ( 1.000000000000000000, 0.000000000000000000, 0.000000000000000000 ) ) ;
#2278 = ORIENTED_EDGE ( 'NONE', *, *, #9115, .T. ) ;
#2279 = AXIS2_PLACEMENT_3D ( 'NONE', #1792, #7058, #178 ) ;
#2280 = VERTEX_POINT ( 'NONE', #6923 ) ;
#2281 = DIRECTION ( 'NONE',  ( -0.8660254037844379305, -0.5000000000000013323, 0.000000000000000000 ) ) ;
#2282 = ORIENTED_EDGE ( 'NONE', *, *, #9643, .F. ) ;
#2283 = FACE_OUTER_BOUND ( 'NONE', #4243, .T. ) ;
#2284 = EDGE_CURVE ( 'NONE', #5505, #4847, #5547, .T. ) ;
#2285 = EDGE_CURVE ( 'NONE', #2511, #2345, #6309, .T. ) ;
#2286 = DIRECTION ( 'NONE',  ( -0.8660254037844379305, -0.5000000000000013323, 0.000000000000000000 ) ) ;
#2287 = ORIENTED_EDGE ( 'NONE', *, *, #5772, .F. ) ;
#2288 = DIRECTION ( 'NONE',  ( 0.8660254037844378194, 0.5000000000000015543, -2.435752736085848980E-15 ) ) ;
#2289 = VECTOR ( 'NONE', #1539, 1000.000000000000000 ) ;
#2290 = ORIENTED_EDGE ( 'NONE', *, *, #4035, .F. ) ;
#2291 = EDGE_LOOP ( 'NONE', ( #3520, #5557, #7498, #6629, #1577, #3919, #3687, #741, #8065, #7889, #4232, #6196, #7607, #7841, #5980, #2659, #2234, #3539, #5452, #8031, #900, #9374 ) ) ;
#2292 = CARTESIAN_POINT ( 'NONE',  ( -16.61506350946114807, 52.77813416937027569, -24.17431578064991271 ) ) ;
#2293 = DIRECTION ( 'NONE',  ( -0.5000000000000013323, 0.8660254037844379305, 0.000000000000000000 ) ) ;
#2294 = DIRECTION ( 'NONE',  ( 1.000000000000000000, -0.000000000000000000, -0.000000000000000000 ) ) ;
#2295 = ORIENTED_EDGE ( 'NONE', *, *, #6636, .F. ) ;
#2296 = ORIENTED_EDGE ( 'NONE', *, *, #6462, .T. ) ;
#2297 = DIRECTION ( 'NONE',  ( -0.8660254037844379305, -0.5000000000000013323, 0.000000000000000000 ) ) ;
#2298 = LINE ( 'NONE', #5951, #2426 ) ;
#2299 = CARTESIAN_POINT ( 'NONE',  ( -0.8901452093891930595, 25.54177672877612437, 8.083553457552248744 ) ) ;
#2300 = CARTESIAN_POINT ( 'NONE',  ( 0.3499999999999975908, -14.43931226317544159, -7.439391908442495094 ) ) ;
#2301 = ORIENTED_EDGE ( 'NONE', *, *, #3487, .T. ) ;
#2302 = ORIENTED_EDGE ( 'NONE', *, *, #3868, .T. ) ;
#2303 = DIRECTION ( 'NONE',  ( 0.000000000000000000, 0.000000000000000000, -1.000000000000000000 ) ) ;
#2304 = ADVANCED_FACE ( 'NONE', ( #7837 ), #6860, .F. ) ;
#2305 = DIRECTION ( 'NONE',  ( -0.000000000000000000, -0.7559289460184509535, -0.6546536707079810835 ) ) ;
#2306 = PLANE ( 'NONE',  #7456 ) ;
#2307 = EDGE_CURVE ( 'NONE', #9369, #2229, #2379, .T. ) ;
#2308 = DIRECTION ( 'NONE',  ( 0.3535533905932773391, -0.6123724356957966908, -0.7071067811865437980 ) ) ;
#2309 = CARTESIAN_POINT ( 'NONE',  ( -19.40871685740847852, 53.41688370674994957, -11.74130307875769574 ) ) ;
#2310 = ORIENTED_EDGE ( 'NONE', *, *, #2016, .T. ) ;
#2311 = CARTESIAN_POINT ( 'NONE',  ( -25.05871685740855526, 63.20297076951421644, -15.24130307875773127 ) ) ;
#2312 = CARTESIAN_POINT ( 'NONE',  ( -7.000000000000000000, 10.50000000000001776, -10.49999999999991473 ) ) ;
#2313 = EDGE_CURVE ( 'NONE', #1271, #7794, #8570, .T. ) ;
#2314 = ORIENTED_EDGE ( 'NONE', *, *, #8399, .F. ) ;
#2315 = EDGE_CURVE ( 'NONE', #8677, #1109, #4669, .T. ) ;
#2316 = AXIS2_PLACEMENT_3D ( 'NONE', #4219, #1265, #4404 ) ;
#2317 = CARTESIAN_POINT ( 'NONE',  ( -6.062177826491065069, 25.49999999999999289, -21.49999999999996803 ) ) ;
#2318 = VERTEX_POINT ( 'NONE', #6106 ) ;
#2319 = EDGE_CURVE ( 'NONE', #439, #6564, #9368, .T. ) ;
#2320 = DIRECTION ( 'NONE',  ( -0.8660254037844373753, -0.5000000000000024425, -0.000000000000000000 ) ) ;
#2321 = ORIENTED_EDGE ( 'NONE', *, *, #5289, .T. ) ;
#2322 = AXIS2_PLACEMENT_3D ( 'NONE', #2651, #6655, #2752 ) ;
#2323 = LINE ( 'NONE', #1479, #9118 ) ;
#2324 = DIRECTION ( 'NONE',  ( 0.3535533905932711773, -0.6123724356957880310, -0.7071067811865545671 ) ) ;
#2325 = VERTEX_POINT ( 'NONE', #2406 ) ;
#2326 = CARTESIAN_POINT ( 'NONE',  ( -10.15705080756891299, 42.59252805376780771, 11.74130307875771706 ) ) ;
#2327 = DIRECTION ( 'NONE',  ( 1.000000000000000000, -0.000000000000000000, -0.000000000000000000 ) ) ;
#2328 = EDGE_CURVE ( 'NONE', #9685, #4040, #3108, .T. ) ;
#2329 = ORIENTED_EDGE ( 'NONE', *, *, #3923, .F. ) ;
#2330 = DIRECTION ( 'NONE',  ( 0.000000000000000000, 0.000000000000000000, -1.000000000000000000 ) ) ;
#2331 = AXIS2_PLACEMENT_3D ( 'NONE', #8604, #277, #7158 ) ;
#2332 = DIRECTION ( 'NONE',  ( -1.000000000000000000, -0.000000000000000000, -0.000000000000000000 ) ) ;
#2333 = PRESENTATION_STYLE_ASSIGNMENT (( #7478 ) ) ;
#2334 = ORIENTED_EDGE ( 'NONE', *, *, #8892, .T. ) ;
#2335 = ORIENTED_EDGE ( 'NONE', *, *, #3095, .F. ) ;
#2336 = AXIS2_PLACEMENT_3D ( 'NONE', #5926, #8243, #2126 ) ;
#2337 = DIRECTION ( 'NONE',  ( -0.8660254037844379305, -0.5000000000000011102, -0.000000000000000000 ) ) ;
#2338 = EDGE_LOOP ( 'NONE', ( #846, #2467, #6297, #4621 ) ) ;
#2339 = LINE ( 'NONE', #1545, #670 ) ;
#2340 = LINE ( 'NONE', #5438, #3158 ) ;
#2341 = DIRECTION ( 'NONE',  ( 0.2500000000000011657, -0.4330127018922197979, 0.8660254037844380415 ) ) ;
#2342 = EDGE_CURVE ( 'NONE', #2172, #3744, #801, .T. ) ;
#2344 = ADVANCED_FACE ( 'NONE', ( #3157 ), #1657, .F. ) ;
#2343 = EDGE_LOOP ( 'NONE', ( #8546, #7508, #5564, #6075, #3714, #19 ) ) ;
#2345 = VERTEX_POINT ( 'NONE', #4804 ) ;
#2346 = CARTESIAN_POINT ( 'NONE',  ( -23.66506350946113102, 64.98909236273080126, 26.50000000000000000 ) ) ;
#2347 = DIRECTION ( 'NONE',  ( -1.000000000000000000, 0.000000000000000000, 0.000000000000000000 ) ) ;
#2348 = VECTOR ( 'NONE', #7800, 1000.000000000000000 ) ;
#2349 = PLANE ( 'NONE',  #8256 ) ;
#2350 = CARTESIAN_POINT ( 'NONE',  ( -21.09006350946123476, 60.52906153324111926, 15.24130307875772772 ) ) ;
#2351 = LINE ( 'NONE', #6965, #770 ) ;
#2352 = ORIENTED_EDGE ( 'NONE', *, *, #4650, .F. ) ;
#2353 = VERTEX_POINT ( 'NONE', #8421 ) ;
#2354 = CIRCLE ( 'NONE', #5553, 1.099999999999988765 ) ;
#2355 = EDGE_CURVE ( 'NONE', #6146, #9710, #2211, .T. ) ;
#2356 = EDGE_LOOP ( 'NONE', ( #3020, #4619, #4898, #4631, #4791 ) ) ;
#2357 = VERTEX_POINT ( 'NONE', #239 ) ;
#2358 = ORIENTED_EDGE ( 'NONE', *, *, #3204, .F. ) ;
#2359 = CARTESIAN_POINT ( 'NONE',  ( -7.732050807568833228, 38.39230484541315747, 11.51739384248461029 ) ) ;
#2360 = EDGE_LOOP ( 'NONE', ( #9735, #6786, #4399, #5579 ) ) ;
#2361 = FACE_OUTER_BOUND ( 'NONE', #9743, .T. ) ;
#2362 = DIRECTION ( 'NONE',  ( 0.2588190451025206840, 0.9659258262890683122, -5.451709925985322257E-17 ) ) ;
#2363 = VECTOR ( 'NONE', #358, 1000.000000000000000 ) ;
#2364 = VECTOR ( 'NONE', #4222, 999.9999999999998863 ) ;
#2365 = DIRECTION ( 'NONE',  ( 0.8660254037844378194, 0.5000000000000013323, -0.000000000000000000 ) ) ;
#2366 = EDGE_CURVE ( 'NONE', #172, #7920, #1555, .T. ) ;
#2367 = CARTESIAN_POINT ( 'NONE',  ( -1.800000000000000044, -9.000000000000003553, -10.25000000000000000 ) ) ;
#2368 = ORIENTED_EDGE ( 'NONE', *, *, #6628, .T. ) ;
#2369 = ORIENTED_EDGE ( 'NONE', *, *, #2013, .T. ) ;
#2370 = CARTESIAN_POINT ( 'NONE',  ( -12.45108655614450122, 36.56591452468005343, -14.77781745930524870 ) ) ;
#2371 = VERTEX_POINT ( 'NONE', #9222 ) ;
#2372 = CARTESIAN_POINT ( 'NONE',  ( 0.000000000000000000, -29.00000000000000000, -11.00000000000000711 ) ) ;
#2373 = AXIS2_PLACEMENT_3D ( 'NONE', #4964, #6574, #1859 ) ;
#2374 = ORIENTED_EDGE ( 'NONE', *, *, #6885, .T. ) ;
#2375 = LINE ( 'NONE', #50, #500 ) ;
#2376 = ORIENTED_EDGE ( 'NONE', *, *, #2652, .T. ) ;
#2377 = LINE ( 'NONE', #3886, #7329 ) ;
#2378 = ORIENTED_EDGE ( 'NONE', *, *, #5736, .F. ) ;
#2379 = CIRCLE ( 'NONE', #615, 1.599999999999990763 ) ;
#2380 = EDGE_CURVE ( 'NONE', #7422, #3073, #2351, .T. ) ;
#2381 = CARTESIAN_POINT ( 'NONE',  ( -3.000000000000000000, -12.35025253169417248, 8.199747468305830012 ) ) ;
#2382 = ORIENTED_EDGE ( 'NONE', *, *, #1471, .T. ) ;
#2383 = PRESENTATION_STYLE_ASSIGNMENT (( #9151 ) ) ;
#2384 = EDGE_CURVE ( 'NONE', #9125, #6719, #3915, .T. ) ;
#2385 = CARTESIAN_POINT ( 'NONE',  ( 0.3499999999999974243, -12.35025253169416892, -4.949747468305832676 ) ) ;
#2386 = ORIENTED_EDGE ( 'NONE', *, *, #2714, .F. ) ;
#2387 = DIRECTION ( 'NONE',  ( 0.000000000000000000, -2.392722035830078972E-16, 1.000000000000000000 ) ) ;
#2388 = VECTOR ( 'NONE', #435, 1000.000000000000114 ) ;
#2389 = ORIENTED_EDGE ( 'NONE', *, *, #8860, .T. ) ;
#2390 = DIRECTION ( 'NONE',  ( 1.000000000000000000, 0.000000000000000000, -0.000000000000000000 ) ) ;
#2391 = PLANE ( 'NONE',  #3943 ) ;
#2392 = ORIENTED_EDGE ( 'NONE', *, *, #4684, .T. ) ;
#2393 = EDGE_CURVE ( 'NONE', #7645, #7156, #3016, .T. ) ;
#2394 = EDGE_CURVE ( 'NONE', #6880, #9317, #5451, .T. ) ;
#2395 = VECTOR ( 'NONE', #5083, 1000.000000000000000 ) ;
#2396 = CYLINDRICAL_SURFACE ( 'NONE', #1273, 1.099999999999986988 ) ;
#2397 = DIRECTION ( 'NONE',  ( 0.8660254037844372643, 0.5000000000000024425, 0.000000000000000000 ) ) ;
#2398 = CARTESIAN_POINT ( 'NONE',  ( -10.02627944162882478, 24.36602540378444104, -17.00000000000002132 ) ) ;
#2399 = FACE_OUTER_BOUND ( 'NONE', #7563, .T. ) ;
#2400 = EDGE_LOOP ( 'NONE', ( #2142, #8033, #7953, #9331 ) ) ;
#2401 = EDGE_LOOP ( 'NONE', ( #6960, #3327, #4463, #8456, #6013 ) ) ;
#2402 = DIRECTION ( 'NONE',  ( 0.5000000000000025535, -0.8660254037844371533, 0.000000000000000000 ) ) ;
#2403 = AXIS2_PLACEMENT_3D ( 'NONE', #3699, #5992, #5296 ) ;
#2404 = FACE_OUTER_BOUND ( 'NONE', #7734, .T. ) ;
#2405 = ADVANCED_FACE ( 'NONE', ( #906 ), #7022, .F. ) ;
#2406 = CARTESIAN_POINT ( 'NONE',  ( 0.3499999999999978684, -20.16068773682460247, -7.439391908442522627 ) ) ;
#2407 = EDGE_LOOP ( 'NONE', ( #8674, #5811, #702, #9198 ) ) ;
#2408 = CIRCLE ( 'NONE', #7224, 1.099999999999986988 ) ;
#2409 = VERTEX_POINT ( 'NONE', #4951 ) ;
#2410 = ORIENTED_EDGE ( 'NONE', *, *, #4684, .F. ) ;
#2411 = FACE_OUTER_BOUND ( 'NONE', #1482, .T. ) ;
#2412 = EDGE_LOOP ( 'NONE', ( #3027, #7995, #2301, #3867 ) ) ;
#2413 = LINE ( 'NONE', #2512, #8662 ) ;
#2414 = LINE ( 'NONE', #2468, #3115 ) ;
#2415 = AXIS2_PLACEMENT_3D ( 'NONE', #4086, #9448, #8704 ) ;
#2416 = CIRCLE ( 'NONE', #7063, 1.599999999999990763 ) ;
#2417 = EDGE_CURVE ( 'NONE', #3079, #2855, #348, .T. ) ;
#2418 = AXIS2_PLACEMENT_3D ( 'NONE', #7929, #9464, #3449 ) ;
#2419 = LINE ( 'NONE', #6273, #3957 ) ;
#2420 = EDGE_CURVE ( 'NONE', #7285, #8506, #1054, .T. ) ;
#2421 = CARTESIAN_POINT ( 'NONE',  ( -22.95108655614372850, 54.75244800415185864, 9.722182540694802810 ) ) ;
#2422 = AXIS2_PLACEMENT_3D ( 'NONE', #2065, #4372, #3426 ) ;
#2423 = DIRECTION ( 'NONE',  ( 1.000000000000000000, -0.000000000000000000, -0.000000000000000000 ) ) ;
#2424 = CARTESIAN_POINT ( 'NONE',  ( 10.00000000000000000, -21.22128729280737502, -6.175418577296191813 ) ) ;
#2425 = CARTESIAN_POINT ( 'NONE',  ( 0.6489549584160986262, -11.68429920738390493, -10.89088868732149784 ) ) ;
#2426 = VECTOR ( 'NONE', #597, 1000.000000000000000 ) ;
#2427 = VECTOR ( 'NONE', #4068, 1000.000000000000000 ) ;
#2428 = EDGE_LOOP ( 'NONE', ( #5292, #8524, #3151, #6347 ) ) ;
#2429 = VERTEX_POINT ( 'NONE', #9571 ) ;
#2430 = DIRECTION ( 'NONE',  ( 0.000000000000000000, 0.7559289460184421827, 0.6546536707079912976 ) ) ;
#2431 = LINE ( 'NONE', #2326, #596 ) ;
#2432 = DIRECTION ( 'NONE',  ( 0.000000000000000000, 0.000000000000000000, -1.000000000000000000 ) ) ;
#2433 = VERTEX_POINT ( 'NONE', #3503 ) ;
#2434 = ORIENTED_EDGE ( 'NONE', *, *, #8152, .F. ) ;
#2435 = VECTOR ( 'NONE', #4331, 999.9999999999998863 ) ;
#2436 = FACE_BOUND ( 'NONE', #951, .T. ) ;
#2437 = ADVANCED_FACE ( 'NONE', ( #2610 ), #7330, .T. ) ;
#2438 = ORIENTED_EDGE ( 'NONE', *, *, #2996, .F. ) ;
#2439 = CARTESIAN_POINT ( 'NONE',  ( -24.53371685740868458, 62.29364409554077042, -14.00000000000000355 ) ) ;
#2440 = CARTESIAN_POINT ( 'NONE',  ( -10.77627944162882478, 25.66506350946109549, -18.50000000000001421 ) ) ;
#2441 = ADVANCED_FACE ( 'NONE', ( #8127 ), #294, .T. ) ;
#2442 = VERTEX_POINT ( 'NONE', #8030 ) ;
#2443 = AXIS2_PLACEMENT_3D ( 'NONE', #118, #4655, #9259 ) ;
#2444 = CARTESIAN_POINT ( 'NONE',  ( -23.98371685740864478, 61.34101615137782915, -14.00000000000000355 ) ) ;
#2445 = VERTEX_POINT ( 'NONE', #4858 ) ;
#2446 = EDGE_LOOP ( 'NONE', ( #9774, #2111, #6633, #7152 ) ) ;
#2447 = LINE ( 'NONE', #5489, #7586 ) ;
#2448 = FACE_OUTER_BOUND ( 'NONE', #2291, .T. ) ;
#2449 = DIRECTION ( 'NONE',  ( -1.000000000000000000, -0.000000000000000000, -0.000000000000000000 ) ) ;
#2450 = ORIENTED_EDGE ( 'NONE', *, *, #1457, .T. ) ;
#2451 = EDGE_LOOP ( 'NONE', ( #5958, #2035, #5291, #3409 ) ) ;
#2452 = EDGE_CURVE ( 'NONE', #8, #5443, #5657, .T. ) ;
#2453 = ADVANCED_FACE ( 'NONE', ( #7933 ), #2704, .F. ) ;
#2454 = DIRECTION ( 'NONE',  ( 0.000000000000000000, 0.000000000000000000, 1.000000000000000000 ) ) ;
#2455 = CARTESIAN_POINT ( 'NONE',  ( -18.23205080756895313, 56.57883832488651166, -8.017393842484622724 ) ) ;
#2456 = VECTOR ( 'NONE', #5654, 1000.000000000000114 ) ;
#2457 = CARTESIAN_POINT ( 'NONE',  ( 2.000000000000000000, -12.35025253169416892, -4.949747468305832676 ) ) ;
#2458 = ORIENTED_EDGE ( 'NONE', *, *, #7854, .F. ) ;
#2459 = DIRECTION ( 'NONE',  ( 0.7071067811865429098, 0.4545194776720520302, 0.5416752204197008425 ) ) ;
#2460 = ORIENTED_EDGE ( 'NONE', *, *, #2906, .F. ) ;
#2461 = ORIENTED_EDGE ( 'NONE', *, *, #9195, .T. ) ;
#2462 = EDGE_LOOP ( 'NONE', ( #8397, #8937, #5809, #5852, #8921 ) ) ;
#2463 = CARTESIAN_POINT ( 'NONE',  ( -18.86672955930068341, 51.47813416937027853, -11.67431578064991093 ) ) ;
#2464 = EDGE_CURVE ( 'NONE', #6074, #6478, #8771, .T. ) ;
#2465 = VECTOR ( 'NONE', #9876, 999.9999999999998863 ) ;
#2466 = CARTESIAN_POINT ( 'NONE',  ( 10.00000000000000178, -17.30000000000000426, -4.596194077712570270 ) ) ;
#2467 = ORIENTED_EDGE ( 'NONE', *, *, #9372, .F. ) ;
#2468 = CARTESIAN_POINT ( 'NONE',  ( -15.06217782649109616, 41.08845726811988897, 12.50000000000000000 ) ) ;
#2469 = DIRECTION ( 'NONE',  ( 0.8660254037844378194, 0.5000000000000013323, -0.000000000000000000 ) ) ;
#2470 = LINE ( 'NONE', #4628, #5560 ) ;
#2471 = ORIENTED_EDGE ( 'NONE', *, *, #99, .F. ) ;
#2472 = ORIENTED_EDGE ( 'NONE', *, *, #4589, .T. ) ;
#2473 = CARTESIAN_POINT ( 'NONE',  ( 0.3499999999999944267, -20.16068773682459536, 2.460103028169140504 ) ) ;
#2474 = DIRECTION ( 'NONE',  ( -0.2500000000000008327, 0.4330127018922192428, -0.8660254037844384856 ) ) ;
#2475 = EDGE_CURVE ( 'NONE', #170, #6846, #4108, .T. ) ;
#2476 = EDGE_CURVE ( 'NONE', #9685, #6206, #1254, .T. ) ;
#2477 = EDGE_LOOP ( 'NONE', ( #264, #3120, #3261, #4370 ) ) ;
#2478 = CARTESIAN_POINT ( 'NONE',  ( -13.48371685740846360, 43.15448267190435416, -10.50000000000000000 ) ) ;
#2479 = LINE ( 'NONE', #1576, #2670 ) ;
#2480 = DIRECTION ( 'NONE',  ( 1.000000000000000000, -0.000000000000000000, -0.000000000000000000 ) ) ;
#2481 = VERTEX_POINT ( 'NONE', #6353 ) ;
#2482 = CARTESIAN_POINT ( 'NONE',  ( -13.71506350946114416, 47.75518682742054466, -8.325684219350083737 ) ) ;
#2483 = DIRECTION ( 'NONE',  ( 0.7071067811865432429, -0.4545194776720433150, 0.5416752204197076148 ) ) ;
#2484 = EDGE_CURVE ( 'NONE', #5757, #2445, #3407, .T. ) ;
#2485 = CARTESIAN_POINT ( 'NONE',  ( -1.000000000000000000, 1.039564458618110386E-32, 9.500000000000000000 ) ) ;
#2486 = VERTEX_POINT ( 'NONE', #296 ) ;
#2487 = LINE ( 'NONE', #7051, #4536 ) ;
#2488 = DIRECTION ( 'NONE',  ( 0.000000000000000000, 0.7660444431189818992, 0.6427876096865347000 ) ) ;
#2489 = ORIENTED_EDGE ( 'NONE', *, *, #2259, .T. ) ;
#2490 = DIRECTION ( 'NONE',  ( 0.000000000000000000, 2.392722035830078972E-16, -1.000000000000000000 ) ) ;
#2491 = ADVANCED_FACE ( 'NONE', ( #4906 ), #9520, .F. ) ;
#2492 = LINE ( 'NONE', #5386, #956 ) ;
#2493 = LINE ( 'NONE', #4703, #5472 ) ;
#2494 = CARTESIAN_POINT ( 'NONE',  ( -21.09006350946132002, 60.52906153324127558, 12.49999999999976552 ) ) ;
#2495 = LINE ( 'NONE', #6145, #152 ) ;
#2496 = ORIENTED_EDGE ( 'NONE', *, *, #1913, .T. ) ;
#2497 = EDGE_CURVE ( 'NONE', #2710, #6819, #1266, .T. ) ;
#2498 = ORIENTED_EDGE ( 'NONE', *, *, #1290, .T. ) ;
#2499 = DIRECTION ( 'NONE',  ( -0.8660254037844379305, -0.5000000000000012212, 0.000000000000000000 ) ) ;
#2500 = CARTESIAN_POINT ( 'NONE',  ( -15.95108655614371429, 42.62809235116974094, 9.722182540694801034 ) ) ;
#2501 =( GEOMETRIC_REPRESENTATION_CONTEXT ( 3 ) GLOBAL_UNCERTAINTY_ASSIGNED_CONTEXT ( ( #6677 ) ) GLOBAL_UNIT_ASSIGNED_CONTEXT ( ( #5288, #2942, #6905 ) ) REPRESENTATION_CONTEXT ( 'NONE', 'WORKASPACE' ) );
#2502 = CARTESIAN_POINT ( 'NONE',  ( -1.800000000000000044, 15.44999999999999574, 10.24999999999999822 ) ) ;
#2503 = EDGE_CURVE ( 'NONE', #9636, #6017, #1893, .T. ) ;
#2504 = DIRECTION ( 'NONE',  ( -0.3535533905932725096, 0.6123724356957904735, 0.7071067811865516806 ) ) ;
#2505 = ORIENTED_EDGE ( 'NONE', *, *, #541, .T. ) ;
#2506 = DIRECTION ( 'NONE',  ( -0.4330127018922202420, 0.7499999999999990008, 0.5000000000000006661 ) ) ;
#2507 = VERTEX_POINT ( 'NONE', #7385 ) ;
#2508 = VERTEX_POINT ( 'NONE', #1101 ) ;
#2509 = ADVANCED_FACE ( 'NONE', ( #5702 ), #5752, .F. ) ;
#2510 = LINE ( 'NONE', #8679, #8995 ) ;
#2511 = VERTEX_POINT ( 'NONE', #8673 ) ;
#2512 = CARTESIAN_POINT ( 'NONE',  ( -10.02627944162881590, 24.36602540378444459, 23.99999999999999645 ) ) ;
#2513 = CARTESIAN_POINT ( 'NONE',  ( -13.48371685740844406, 43.15448267190432574, -12.98260615751540392 ) ) ;
#2514 = EDGE_CURVE ( 'NONE', #3380, #3694, #4208, .T. ) ;
#2515 = ADVANCED_FACE ( 'NONE', ( #8926 ), #2188, .T. ) ;
#2516 = CIRCLE ( 'NONE', #1713, 1.599999999999998979 ) ;
#2517 = DIRECTION ( 'NONE',  ( 0.000000000000000000, 0.000000000000000000, -1.000000000000000000 ) ) ;
#2518 = EDGE_LOOP ( 'NONE', ( #688, #3611, #6037, #2088 ) ) ;
#2519 = DIRECTION ( 'NONE',  ( 0.3535533905932750076, -0.6123724356957973569, 0.7071067811865444641 ) ) ;
#2520 = CARTESIAN_POINT ( 'NONE',  ( -13.43998180953305521, 47.27873134691268575, -26.55746269382541414 ) ) ;
#2521 = CARTESIAN_POINT ( 'NONE',  ( -3.000000000000000000, -12.35025253169416892, -3.349747468305833475 ) ) ;
#2522 = AXIS2_PLACEMENT_3D ( 'NONE', #5498, #4060, #6105 ) ;
#2523 = VECTOR ( 'NONE', #1341, 1000.000000000000000 ) ;
#2524 = ORIENTED_EDGE ( 'NONE', *, *, #5203, .F. ) ;
#2525 = CARTESIAN_POINT ( 'NONE',  ( -3.000000000000000000, -22.24974746830586270, 0.7071737779759217357 ) ) ;
#2526 = EDGE_CURVE ( 'NONE', #1155, #3277, #8150, .T. ) ;
#2527 = VERTEX_POINT ( 'NONE', #1304 ) ;
#2528 = VECTOR ( 'NONE', #4681, 1000.000000000000227 ) ;
#2529 = VECTOR ( 'NONE', #8385, 1000.000000000000114 ) ;
#2530 = CYLINDRICAL_SURFACE ( 'NONE', #3350, 1.099999999999986988 ) ;
#2531 = DIRECTION ( 'NONE',  ( 1.000000000000000000, -0.000000000000000000, -0.000000000000000000 ) ) ;
#2532 = LINE ( 'NONE', #7151, #7256 ) ;
#2533 = EDGE_LOOP ( 'NONE', ( #7350, #5888, #5281, #4591 ) ) ;
#2534 = LINE ( 'NONE', #4839, #8521 ) ;
#2535 = VERTEX_POINT ( 'NONE', #3695 ) ;
#2536 = CARTESIAN_POINT ( 'NONE',  ( 1.349622259092839505, -12.42373731110283508, 9.756262256112753661 ) ) ;
#2537 = VECTOR ( 'NONE', #7888, 1000.000000000000114 ) ;
#2538 = FACE_OUTER_BOUND ( 'NONE', #9661, .T. ) ;
#2539 = ORIENTED_EDGE ( 'NONE', *, *, #5492, .T. ) ;
#2540 = EDGE_CURVE ( 'NONE', #6664, #7236, #7483, .T. ) ;
#2541 = EDGE_CURVE ( 'NONE', #7668, #1321, #4394, .T. ) ;
#2542 = LINE ( 'NONE', #5588, #9784 ) ;
#2543 = LINE ( 'NONE', #7112, #1565 ) ;
#2544 = CARTESIAN_POINT ( 'NONE',  ( 2.000000000000000000, -16.66369824536009148, -0.7583149020661154038 ) ) ;
#2545 = FACE_BOUND ( 'NONE', #2660, .T. ) ;
#2546 = CARTESIAN_POINT ( 'NONE',  ( -29.56217782649112635, 0.000000000000000000, -10.50000000000000533 ) ) ;
#2547 = AXIS2_PLACEMENT_3D ( 'NONE', #8870, #4790, #7271 ) ;
#2548 = DIRECTION ( 'NONE',  ( 0.7071067811865430208, -0.4545194776720433150, 0.5416752204197080589 ) ) ;
#2549 = ORIENTED_EDGE ( 'NONE', *, *, #2701, .T. ) ;
#2550 = VERTEX_POINT ( 'NONE', #7435 ) ;
#2551 = CARTESIAN_POINT ( 'NONE',  ( -14.55871685740845756, 45.01643729004088357, 11.74130307875768864 ) ) ;
#2552 = DIRECTION ( 'NONE',  ( 1.000000000000000000, 0.000000000000000000, 0.000000000000000000 ) ) ;
#2553 = VECTOR ( 'NONE', #4182, 1000.000000000000000 ) ;
#2554 = DIRECTION ( 'NONE',  ( 0.8660254037844379305, 0.5000000000000011102, -0.000000000000000000 ) ) ;
#2555 = EDGE_LOOP ( 'NONE', ( #511, #215, #6835, #3063, #4038 ) ) ;
#2556 = VERTEX_POINT ( 'NONE', #685 ) ;
#2557 = DIRECTION ( 'NONE',  ( 0.000000000000000000, 0.7559289460184561715, 0.6546536707079751993 ) ) ;
#2558 = EDGE_LOOP ( 'NONE', ( #8211, #3895, #6661, #4091, #1863, #6030 ) ) ;
#2559 = ORIENTED_EDGE ( 'NONE', *, *, #2721, .F. ) ;
#2560 = DIRECTION ( 'NONE',  ( 0.000000000000000000, -0.7071067811865479058, 0.7071067811865472397 ) ) ;
#2561 = CIRCLE ( 'NONE', #6713, 4.000000000000000000 ) ;
#2562 = CARTESIAN_POINT ( 'NONE',  ( 0.000000000000000000, 24.00000000000006040, 15.66987298107785165 ) ) ;
#2563 = EDGE_CURVE ( 'NONE', #3889, #6320, #3599, .T. ) ;
#2564 = ORIENTED_EDGE ( 'NONE', *, *, #7414, .F. ) ;
#2565 = DIRECTION ( 'NONE',  ( 0.000000000000000000, 0.000000000000000000, 1.000000000000000000 ) ) ;
#2566 = EDGE_CURVE ( 'NONE', #8481, #604, #3555, .T. ) ;
#2567 = AXIS2_PLACEMENT_3D ( 'NONE', #9830, #2213, #5263 ) ;
#2568 = CARTESIAN_POINT ( 'NONE',  ( -10.24796727811588859, 32.75000000000002842, 11.00000000000000000 ) ) ;
#2569 = ORIENTED_EDGE ( 'NONE', *, *, #3363, .F. ) ;
#2570 = ORIENTED_EDGE ( 'NONE', *, *, #4626, .T. ) ;
#2571 = DIRECTION ( 'NONE',  ( -0.000000000000000000, 0.000000000000000000, 1.000000000000000000 ) ) ;
#2572 = AXIS2_PLACEMENT_3D ( 'NONE', #2695, #8118, #1246 ) ;
#2573 = CARTESIAN_POINT ( 'NONE',  ( 2.000000000000005329, -8.337726650302862197, 6.203842068050118286 ) ) ;
#2574 = ADVANCED_FACE ( 'NONE', ( #8364 ), #5946, .F. ) ;
#2575 = EDGE_CURVE ( 'NONE', #1262, #6528, #5988, .T. ) ;
#2576 = AXIS2_PLACEMENT_3D ( 'NONE', #2036, #726, #5939 ) ;
#2577 = ORIENTED_EDGE ( 'NONE', *, *, #1700, .F. ) ;
#2578 = VERTEX_POINT ( 'NONE', #590 ) ;
#2579 = CARTESIAN_POINT ( 'NONE',  ( -9.983716857408381884, 37.09230484541316741, -16.48260615751542346 ) ) ;
#2580 = EDGE_LOOP ( 'NONE', ( #4298, #9299, #6098, #7170 ) ) ;
#2581 = CIRCLE ( 'NONE', #3546, 1.199999999999996181 ) ;
#2582 = VECTOR ( 'NONE', #3529, 1000.000000000000114 ) ;
#2583 = DIRECTION ( 'NONE',  ( -0.8660254037844371533, -0.5000000000000025535, -3.744595195433714763E-16 ) ) ;
#2584 = DIRECTION ( 'NONE',  ( 0.5000000000000013323, -0.8660254037844379305, -7.511572993685788993E-17 ) ) ;
#2585 = LINE ( 'NONE', #3381, #818 ) ;
#2586 = ORIENTED_EDGE ( 'NONE', *, *, #4683, .F. ) ;
#2587 = DIRECTION ( 'NONE',  ( -0.000000000000000000, -0.000000000000000000, -1.000000000000000000 ) ) ;
#2588 = EDGE_CURVE ( 'NONE', #351, #9775, #9809, .T. ) ;
#2589 = VERTEX_POINT ( 'NONE', #8308 ) ;
#2590 = VECTOR ( 'NONE', #7689, 1000.000000000000000 ) ;
#2591 = CARTESIAN_POINT ( 'NONE',  ( -7.000000000000000888, 2.000000000000000000, -22.00000000000000355 ) ) ;
#2592 = CIRCLE ( 'NONE', #2747, 1.599999999999988987 ) ;
#2593 = DIRECTION ( 'NONE',  ( 0.5773502691896231775, -0.5773502691896230665, -0.5773502691896311712 ) ) ;
#2594 = ORIENTED_EDGE ( 'NONE', *, *, #7172, .F. ) ;
#2595 = PLANE ( 'NONE',  #8512 ) ;
#2596 = CARTESIAN_POINT ( 'NONE',  ( -26.45108655614391679, 60.81462583064323724, -14.77781745930522384 ) ) ;
#2597 = EDGE_LOOP ( 'NONE', ( #1216, #1033, #4161, #6511 ) ) ;
#2598 = DIRECTION ( 'NONE',  ( -1.000000000000000000, -0.000000000000000000, -0.000000000000000000 ) ) ;
#2599 = DIRECTION ( 'NONE',  ( -0.5000000000000013323, 0.8660254037844379305, 6.238590722481416546E-15 ) ) ;
#2600 = EDGE_LOOP ( 'NONE', ( #4225, #1517, #6443, #1592, #183, #1476, #9302, #24, #5685, #4461, #7915 ) ) ;
#2601 = CIRCLE ( 'NONE', #7416, 9.899999999999991473 ) ;
#2602 = CARTESIAN_POINT ( 'NONE',  ( 0.3499999999999980349, -20.16068773682460247, -7.439391908442522627 ) ) ;
#2603 = ORIENTED_EDGE ( 'NONE', *, *, #9932, .F. ) ;
#2604 = DIRECTION ( 'NONE',  ( -1.000000000000000000, -0.000000000000000000, -0.000000000000000000 ) ) ;
#2605 = EDGE_CURVE ( 'NONE', #7707, #9904, #9671, .T. ) ;
#2606 = EDGE_CURVE ( 'NONE', #4689, #9014, #4444, .T. ) ;
#2607 = LINE ( 'NONE', #4948, #686 ) ;
#2608 = DIRECTION ( 'NONE',  ( 0.000000000000000000, 0.000000000000000000, -1.000000000000000000 ) ) ;
#2609 = AXIS2_PLACEMENT_3D ( 'NONE', #1132, #7207, #7914 ) ;
#2610 = FACE_OUTER_BOUND ( 'NONE', #5330, .T. ) ;
#2611 = EDGE_LOOP ( 'NONE', ( #1522, #6486, #2019, #2438 ) ) ;
#2612 = ORIENTED_EDGE ( 'NONE', *, *, #7799, .F. ) ;
#2613 = EDGE_LOOP ( 'NONE', ( #9055, #3401, #539, #4362 ) ) ;
#2614 = DIRECTION ( 'NONE',  ( 0.8660254037844379305, 0.5000000000000011102, -0.000000000000000000 ) ) ;
#2615 = EDGE_LOOP ( 'NONE', ( #9625, #9871, #5742, #5911, #2458 ) ) ;
#2616 = ORIENTED_EDGE ( 'NONE', *, *, #3206, .T. ) ;
#2617 = CARTESIAN_POINT ( 'NONE',  ( -19.62786325144034905, 48.99645639550868736, 21.36862915010152619 ) ) ;
#2618 = AXIS2_PLACEMENT_3D ( 'NONE', #9098, #2324, #9391 ) ;
#2619 = DIRECTION ( 'NONE',  ( 0.2500000000000008327, -0.4330127018922192983, 0.8660254037844384856 ) ) ;
#2620 = DIRECTION ( 'NONE',  ( 0.000000000000000000, 0.000000000000000000, -1.000000000000000000 ) ) ;
#2621 = DIRECTION ( 'NONE',  ( -0.8660254037844379305, -0.5000000000000011102, -0.000000000000000000 ) ) ;
#2622 = EDGE_LOOP ( 'NONE', ( #9474, #9249, #1992, #3029, #9675, #9648 ) ) ;
#2623 = ADVANCED_FACE ( 'NONE', ( #3643 ), #7577, .F. ) ;
#2624 = CARTESIAN_POINT ( 'NONE',  ( 6.530942860263101224, -22.24974746830586270, 0.7071737779759217357 ) ) ;
#2625 = DIRECTION ( 'NONE',  ( 0.000000000000000000, 0.000000000000000000, 1.000000000000000000 ) ) ;
#2626 = FACE_OUTER_BOUND ( 'NONE', #737, .T. ) ;
#2627 = VERTEX_POINT ( 'NONE', #3747 ) ;
#2628 = ORIENTED_EDGE ( 'NONE', *, *, #9320, .T. ) ;
#2629 = ORIENTED_EDGE ( 'NONE', *, *, #7428, .T. ) ;
#2630 = ADVANCED_FACE ( 'NONE', ( #8261 ), #1494, .F. ) ;
#2631 = LINE ( 'NONE', #3278, #3666 ) ;
#2632 = CARTESIAN_POINT ( 'NONE',  ( -8.654700538379273667, 26.66987298107784454, 7.500000000000000000 ) ) ;
#2633 = CARTESIAN_POINT ( 'NONE',  ( -14.55871685740845756, 45.01643729004088357, -9.258696921242332678 ) ) ;
#2634 = EDGE_CURVE ( 'NONE', #5175, #1028, #6807, .T. ) ;
#2635 = DIRECTION ( 'NONE',  ( 0.000000000000000000, -0.8944271909999162995, 0.4472135954999570950 ) ) ;
#2636 = ORIENTED_EDGE ( 'NONE', *, *, #3296, .F. ) ;
#2637 = CARTESIAN_POINT ( 'NONE',  ( -1.800000000000000044, -9.000000000000005329, 10.25000000000000000 ) ) ;
#2638 = ORIENTED_EDGE ( 'NONE', *, *, #9865, .T. ) ;
#2639 = DIRECTION ( 'NONE',  ( 0.000000000000000000, 0.8944271909999158554, 0.4472135954999579277 ) ) ;
#2640 = CARTESIAN_POINT ( 'NONE',  ( -9.240063509461052149, 40.00425946354968687, 12.50000000000001066 ) ) ;
#2641 = ORIENTED_EDGE ( 'NONE', *, *, #7733, .T. ) ;
#2642 = CARTESIAN_POINT ( 'NONE',  ( -22.90871685740855668, 59.47906153324113632, 12.75869692124231491 ) ) ;
#2643 = EDGE_CURVE ( 'NONE', #5536, #5660, #9426, .T. ) ;
#2644 = CARTESIAN_POINT ( 'NONE',  ( 10.00000000000000178, -19.59809703885628807, -2.298097038856286911 ) ) ;
#2645 = CARTESIAN_POINT ( 'NONE',  ( 0.06217782649113080817, 42.89230484541313615, 14.00000000000001066 ) ) ;
#2646 = CARTESIAN_POINT ( 'NONE',  ( -23.11217782649112351, 55.03146626904936056, -10.49999999999999822 ) ) ;
#2647 = DIRECTION ( 'NONE',  ( 0.000000000000000000, 0.7660444431189771253, -0.6427876096865403621 ) ) ;
#2648 = ORIENTED_EDGE ( 'NONE', *, *, #4888, .F. ) ;
#2649 = CARTESIAN_POINT ( 'NONE',  ( 2.000000000000005329, -17.30000000000000426, 10.89999999999999858 ) ) ;
#2650 = CARTESIAN_POINT ( 'NONE',  ( 0.000000000000000000, -28.99999999999999645, 5.433231082882412188 ) ) ;
#2651 = CARTESIAN_POINT ( 'NONE',  ( 10.00000000000000178, -8.151471862576151750, 9.401471862576148197 ) ) ;
#2652 = EDGE_CURVE ( 'NONE', #16, #8584, #4552, .T. ) ;
#2653 = VECTOR ( 'NONE', #9174, 1000.000000000000000 ) ;
#2654 = DIRECTION ( 'NONE',  ( 0.5000000000000025535, -0.8660254037844372643, 0.000000000000000000 ) ) ;
#2655 = ORIENTED_EDGE ( 'NONE', *, *, #9898, .F. ) ;
#2656 = ADVANCED_FACE ( 'NONE', ( #6954 ), #5534, .T. ) ;
#2657 = ORIENTED_EDGE ( 'NONE', *, *, #3488, .T. ) ;
#2658 = LINE ( 'NONE', #4260, #3848 ) ;
#2659 = ORIENTED_EDGE ( 'NONE', *, *, #1703, .F. ) ;
#2660 = EDGE_LOOP ( 'NONE', ( #8440, #7756, #1451, #3507, #2302 ) ) ;
#2661 = VERTEX_POINT ( 'NONE', #1688 ) ;
#2662 = CARTESIAN_POINT ( 'NONE',  ( -11.23205080756890339, 44.45448267190432290, -8.017393842484622724 ) ) ;
#2663 = LINE ( 'NONE', #1162, #3553 ) ;
#2664 = DIRECTION ( 'NONE',  ( 0.000000000000000000, 0.000000000000000000, 1.000000000000000000 ) ) ;
#2665 = CARTESIAN_POINT ( 'NONE',  ( 10.00000000000000000, -13.37871270719262995, -6.175418577296193590 ) ) ;
#2666 = ADVANCED_FACE ( 'NONE', ( #5435 ), #7680, .T. ) ;
#2667 = FACE_BOUND ( 'NONE', #5864, .T. ) ;
#2668 = ORIENTED_EDGE ( 'NONE', *, *, #482, .T. ) ;
#2669 = DIRECTION ( 'NONE',  ( 0.4330127018922204085, -0.7499999999999990008, 0.5000000000000003331 ) ) ;
#2670 = VECTOR ( 'NONE', #4828, 1000.000000000000114 ) ;
#2671 = CARTESIAN_POINT ( 'NONE',  ( 0.000000000000000000, -29.00000000000000000, 12.50000000000000000 ) ) ;
#2672 = CARTESIAN_POINT ( 'NONE',  ( 0.000000000000000000, -28.99999999999999645, 5.433231082882412188 ) ) ;
#2673 = AXIS2_PLACEMENT_3D ( 'NONE', #8944, #8195, #8280 ) ;
#2674 = CARTESIAN_POINT ( 'NONE',  ( -1.165063509461097491, 26.01794919243113213, -24.49999999999996447 ) ) ;
#2675 = ORIENTED_EDGE ( 'NONE', *, *, #3227, .T. ) ;
#2676 = DIRECTION ( 'NONE',  ( -0.5000000000000025535, 0.8660254037844371533, 1.577021341796930765E-15 ) ) ;
#2677 = CARTESIAN_POINT ( 'NONE',  ( -7.776279441628817679, 20.46891108675446347, 12.50000000000000000 ) ) ;
#2678 = CARTESIAN_POINT ( 'NONE',  ( -8.982209581221646033, 39.55764335890781780, -11.11528671781563915 ) ) ;
#2679 = AXIS2_PLACEMENT_3D ( 'NONE', #844, #5537, #3999 ) ;
#2680 = CARTESIAN_POINT ( 'NONE',  ( -17.41672955930068412, 48.96666049839541301, 22.50000000000000000 ) ) ;
#2681 = CARTESIAN_POINT ( 'NONE',  ( 0.000000000000000000, -29.00000000000000000, 11.00000000000000178 ) ) ;
#2682 = CARTESIAN_POINT ( 'NONE',  ( 0.000000000000000000, -6.000000000000005329, 12.50000000000000000 ) ) ;
#2683 = EDGE_CURVE ( 'NONE', #3030, #2705, #3097, .T. ) ;
#2684 = CARTESIAN_POINT ( 'NONE',  ( -22.80705080756901637, 64.50297076951420649, -15.24130307875773127 ) ) ;
#2685 = ORIENTED_EDGE ( 'NONE', *, *, #9148, .T. ) ;
#2686 = AXIS2_PLACEMENT_3D ( 'NONE', #2833, #624, #5221 ) ;
#2687 = VECTOR ( 'NONE', #9036, 1000.000000000000227 ) ;
#2688 = EDGE_CURVE ( 'NONE', #3135, #9353, #7056, .T. ) ;
#2689 = FACE_OUTER_BOUND ( 'NONE', #1180, .T. ) ;
#2690 = DIRECTION ( 'NONE',  ( 0.000000000000000000, 0.000000000000000000, 1.000000000000000000 ) ) ;
#2691 = CARTESIAN_POINT ( 'NONE',  ( -17.41672955930069122, 48.96666049839542723, -6.651368438700165697 ) ) ;
#2692 = ORIENTED_EDGE ( 'NONE', *, *, #8505, .F. ) ;
#2693 = DIRECTION ( 'NONE',  ( 0.000000000000000000, 0.000000000000000000, 1.000000000000000000 ) ) ;
#2694 = ORIENTED_EDGE ( 'NONE', *, *, #572, .F. ) ;
#2695 = CARTESIAN_POINT ( 'NONE',  ( -3.000000000000000000, -12.35025253169417248, 4.949747468305830900 ) ) ;
#2696 = VERTEX_POINT ( 'NONE', #8508 ) ;
#2697 = DIRECTION ( 'NONE',  ( 0.000000000000000000, 0.7559289460184611675, -0.6546536707079695372 ) ) ;
#2698 = VECTOR ( 'NONE', #8533, 999.9999999999998863 ) ;
#2699 = DIRECTION ( 'NONE',  ( -0.3535533905932669585, 0.6123724356957807036, -0.7071067811865628938 ) ) ;
#2700 = ADVANCED_FACE ( 'NONE', ( #18 ), #2396, .F. ) ;
#2701 = EDGE_CURVE ( 'NONE', #2755, #9247, #3510, .T. ) ;
#2702 = CARTESIAN_POINT ( 'NONE',  ( -29.56217782649112635, -11.32179235619570612, 3.724076359315471318 ) ) ;
#2703 = VECTOR ( 'NONE', #3257, 1000.000000000000000 ) ;
#2704 = PLANE ( 'NONE',  #4776 ) ;
#2705 = VERTEX_POINT ( 'NONE', #8559 ) ;
#2706 = ORIENTED_EDGE ( 'NONE', *, *, #8000, .T. ) ;
#2707 = CARTESIAN_POINT ( 'NONE',  ( -3.000000000000000000, -12.35025253169416892, -4.949747468305832676 ) ) ;
#2708 = ORIENTED_EDGE ( 'NONE', *, *, #1614, .F. ) ;
#2709 = ORIENTED_EDGE ( 'NONE', *, *, #5313, .T. ) ;
#2710 = VERTEX_POINT ( 'NONE', #1645 ) ;
#2711 = DIRECTION ( 'NONE',  ( 1.000000000000000000, 0.000000000000000000, 0.000000000000000000 ) ) ;
#2712 = PLANE ( 'NONE',  #9941 ) ;
#2713 = VECTOR ( 'NONE', #8760, 1000.000000000000000 ) ;
#2714 = EDGE_CURVE ( 'NONE', #5665, #387, #8405, .T. ) ;
#2715 = FACE_OUTER_BOUND ( 'NONE', #8686, .T. ) ;
#2716 = CARTESIAN_POINT ( 'NONE',  ( -12.30705080756892045, 46.31643729004088783, 11.74130307875768864 ) ) ;
#2717 = VECTOR ( 'NONE', #1676, 1000.000000000000114 ) ;
#2718 = CARTESIAN_POINT ( 'NONE',  ( -4.500000000000000888, -11.99999999999999822, 9.499999999999998224 ) ) ;
#2719 = CARTESIAN_POINT ( 'NONE',  ( -10.02627944162882301, 24.36602540378444104, -17.00000000000001776 ) ) ;
#2720 = CARTESIAN_POINT ( 'NONE',  ( 0.3649394490643461664, -29.00000000000000355, -4.566763446752996281 ) ) ;
#2721 = EDGE_CURVE ( 'NONE', #8487, #6070, #1543, .T. ) ;
#2722 = EDGE_CURVE ( 'NONE', #6917, #1958, #3949, .T. ) ;
#2723 = AXIS2_PLACEMENT_3D ( 'NONE', #2100, #5143, #6708 ) ;
#2724 = CARTESIAN_POINT ( 'NONE',  ( 1.752404735808434921, 3.964745962155545644, 2.557368354874277827 ) ) ;
#2725 = ORIENTED_EDGE ( 'NONE', *, *, #2024, .F. ) ;
#2726 = DIRECTION ( 'NONE',  ( -0.4330127018922204085, 0.7499999999999997780, -0.4999999999999995004 ) ) ;
#2727 = PLANE ( 'NONE',  #9009 ) ;
#2728 = CIRCLE ( 'NONE', #6894, 1.100000000000108447 ) ;
#2729 = DIRECTION ( 'NONE',  ( 0.8660254037844380415, 0.5000000000000012212, 0.000000000000000000 ) ) ;
#2730 = CARTESIAN_POINT ( 'NONE',  ( 6.999999999999970690, -6.000000000000002665, -19.00000000000000355 ) ) ;
#2731 = PLANE ( 'NONE',  #7103 ) ;
#2732 = CYLINDRICAL_SURFACE ( 'NONE', #6172, 1.599999999999990763 ) ;
#2733 = CIRCLE ( 'NONE', #8034, 1.099999999999986988 ) ;
#2734 = VERTEX_POINT ( 'NONE', #117 ) ;
#2735 = AXIS2_PLACEMENT_3D ( 'NONE', #983, #9547, #7150 ) ;
#2736 = AXIS2_PLACEMENT_3D ( 'NONE', #631, #5982, #9805 ) ;
#2737 = ORIENTED_EDGE ( 'NONE', *, *, #5370, .F. ) ;
#2738 = DIRECTION ( 'NONE',  ( -0.000000000000000000, 0.7660444431189771253, 0.6427876096865403621 ) ) ;
#2739 = DIRECTION ( 'NONE',  ( -1.000000000000000000, -0.000000000000000000, -0.000000000000000000 ) ) ;
#2740 = DIRECTION ( 'NONE',  ( 0.4330127018922195758, -0.7499999999999998890, 0.4999999999999998890 ) ) ;
#2741 = ORIENTED_EDGE ( 'NONE', *, *, #9767, .F. ) ;
#2742 = FACE_OUTER_BOUND ( 'NONE', #2611, .T. ) ;
#2743 = EDGE_CURVE ( 'NONE', #4864, #3277, #2492, .T. ) ;
#2744 = ORIENTED_EDGE ( 'NONE', *, *, #4766, .T. ) ;
#2745 = ORIENTED_EDGE ( 'NONE', *, *, #9110, .T. ) ;
#2746 = VECTOR ( 'NONE', #5311, 1000.000000000000114 ) ;
#2747 = AXIS2_PLACEMENT_3D ( 'NONE', #2115, #606, #8233 ) ;
#2748 = PLANE ( 'NONE',  #6583 ) ;
#2749 = PRODUCT_DEFINITION_FORMATION_WITH_SPECIFIED_SOURCE ( 'ANY', '', #8024, .NOT_KNOWN. ) ;
#2750 = EDGE_CURVE ( 'NONE', #9247, #16, #943, .T. ) ;
#2751 = CARTESIAN_POINT ( 'NONE',  ( -21.03371685740847852, 56.23146626904936340, 10.50000000000000178 ) ) ;
#2752 = DIRECTION ( 'NONE',  ( 0.000000000000000000, 0.7071067811865474617, 0.7071067811865474617 ) ) ;
#2753 = AXIS2_PLACEMENT_3D ( 'NONE', #5607, #7893, #1811 ) ;
#2754 = DIRECTION ( 'NONE',  ( -0.8660254037844379305, -0.5000000000000013323, 0.000000000000000000 ) ) ;
#2755 = VERTEX_POINT ( 'NONE', #7775 ) ;
#2756 = CARTESIAN_POINT ( 'NONE',  ( -19.62786325144034194, 48.99645639550867315, -23.63137084989847381 ) ) ;
#2757 = ADVANCED_FACE ( 'NONE', ( #893 ), #6091, .F. ) ;
#2758 = EDGE_CURVE ( 'NONE', #7024, #5606, #1112, .T. ) ;
#2759 = VERTEX_POINT ( 'NONE', #9356 ) ;
#2760 = ORIENTED_EDGE ( 'NONE', *, *, #717, .T. ) ;
#2761 = ORIENTED_EDGE ( 'NONE', *, *, #4218, .F. ) ;
#2762 = AXIS2_PLACEMENT_3D ( 'NONE', #2317, #98, #1573 ) ;
#2763 = DIRECTION ( 'NONE',  ( 0.000000000000000000, 0.7559289460184630549, -0.6546536707079672057 ) ) ;
#2764 = VECTOR ( 'NONE', #6492, 999.9999999999998863 ) ;
#2765 = CARTESIAN_POINT ( 'NONE',  ( -18.86672955930068341, 51.47813416937027853, -20.82568421935008018 ) ) ;
#2766 = DIRECTION ( 'NONE',  ( 0.000000000000000000, 0.000000000000000000, -1.000000000000000000 ) ) ;
#2767 = DIRECTION ( 'NONE',  ( -0.8660254037844379305, -0.5000000000000013323, 0.000000000000000000 ) ) ;
#2768 = VERTEX_POINT ( 'NONE', #1737 ) ;
#2769 = CARTESIAN_POINT ( 'NONE',  ( 0.4520267460364738032, -9.668394541602275183, -7.783838361803076644 ) ) ;
#2770 = EDGE_CURVE ( 'NONE', #1974, #3909, #7624, .T. ) ;
#2771 = CIRCLE ( 'NONE', #2119, 1.599999999999998979 ) ;
#2772 = VERTEX_POINT ( 'NONE', #9907 ) ;
#2773 = ORIENTED_EDGE ( 'NONE', *, *, #6864, .T. ) ;
#2774 = ORIENTED_EDGE ( 'NONE', *, *, #3106, .T. ) ;
#2775 = PLANE ( 'NONE',  #3224 ) ;
#2776 = DIRECTION ( 'NONE',  ( 0.000000000000000000, 0.000000000000000000, -1.000000000000000000 ) ) ;
#2777 = DIRECTION ( 'NONE',  ( -0.5000000000000019984, 0.8660254037844373753, 0.000000000000000000 ) ) ;
#2778 = CIRCLE ( 'NONE', #5328, 1.000000000000000000 ) ;
#2779 = DIRECTION ( 'NONE',  ( 0.000000000000000000, 1.000000000000000000, 1.087600925377308713E-16 ) ) ;
#2781 = EDGE_CURVE ( 'NONE', #410, #9514, #8455, .T. ) ;
#2780 = CARTESIAN_POINT ( 'NONE',  ( -4.500000000000000888, -11.99999999999999645, 12.49999999999999645 ) ) ;
#2782 = CARTESIAN_POINT ( 'NONE',  ( 7.370065866562907075, 72.25837351754125848, -11.27781745930519719 ) ) ;
#2783 = EDGE_CURVE ( 'NONE', #8506, #8677, #5340, .T. ) ;
#2784 = DIRECTION ( 'NONE',  ( 1.000000000000000000, 0.000000000000000000, 0.000000000000000000 ) ) ;
#2785 = DIRECTION ( 'NONE',  ( -0.8660254037844379305, -0.5000000000000011102, -0.000000000000000000 ) ) ;
#2786 = DIRECTION ( 'NONE',  ( 0.000000000000000000, 0.000000000000000000, 1.000000000000000000 ) ) ;
#2787 = CARTESIAN_POINT ( 'NONE',  ( 10.00000000000000000, -22.24974746830583072, 2.861095805374186174 ) ) ;
#2788 = ORIENTED_EDGE ( 'NONE', *, *, #6314, .F. ) ;
#2789 = EDGE_LOOP ( 'NONE', ( #8461, #672, #5440, #2028 ) ) ;
#2790 = PLANE ( 'NONE',  #6868 ) ;
#2791 = FACE_OUTER_BOUND ( 'NONE', #2615, .T. ) ;
#2792 = DIRECTION ( 'NONE',  ( -0.000000000000000000, 0.7559289460184575038, -0.6546536707079736450 ) ) ;
#2793 = DIRECTION ( 'NONE',  ( -1.000000000000000000, 0.000000000000000000, 0.000000000000000000 ) ) ;
#2794 = VERTEX_POINT ( 'NONE', #8816 ) ;
#2795 = ORIENTED_EDGE ( 'NONE', *, *, #233, .T. ) ;
#2796 = CARTESIAN_POINT ( 'NONE',  ( 1.600169070995032028, -6.000000000000004441, 0.2640158498607169668 ) ) ;
#2797 = LINE ( 'NONE', #5000, #7567 ) ;
#2798 = VECTOR ( 'NONE', #917, 1000.000000000000227 ) ;
#2799 = PLANE ( 'NONE',  #3936 ) ;
#2800 = EDGE_CURVE ( 'NONE', #4100, #563, #1934, .T. ) ;
#2801 = DIRECTION ( 'NONE',  ( 0.3535533905932751741, -0.6123724356957954695, -0.7071067811865460184 ) ) ;
#2802 = ORIENTED_EDGE ( 'NONE', *, *, #7428, .F. ) ;
#2803 = DIRECTION ( 'NONE',  ( -0.7071067811865465735, 0.000000000000000000, 0.7071067811865483499 ) ) ;
#2804 = AXIS2_PLACEMENT_3D ( 'NONE', #6622, #4962, #3512 ) ;
#2805 = ORIENTED_EDGE ( 'NONE', *, *, #6557, .F. ) ;
#2806 = CYLINDRICAL_SURFACE ( 'NONE', #6429, 3.249999999999999556 ) ;
#2807 = ORIENTED_EDGE ( 'NONE', *, *, #222, .F. ) ;
#2808 = CARTESIAN_POINT ( 'NONE',  ( -15.96672955930068483, 46.45518682742054750, 8.325684219350083737 ) ) ;
#2809 = EDGE_CURVE ( 'NONE', #5506, #5188, #9509, .T. ) ;
#2810 = CIRCLE ( 'NONE', #4569, 2.100000000000000977 ) ;
#2811 = DIRECTION ( 'NONE',  ( 0.000000000000000000, 0.000000000000000000, 1.000000000000000000 ) ) ;
#2812 = DIRECTION ( 'NONE',  ( 1.000000000000000000, -0.000000000000000000, -0.000000000000000000 ) ) ;
#2813 = ORIENTED_EDGE ( 'NONE', *, *, #7488, .F. ) ;
#2814 = ADVANCED_FACE ( 'NONE', ( #8072 ), #4993, .F. ) ;
#2815 = CARTESIAN_POINT ( 'NONE',  ( -3.000000000000000000, -9.000000000000003553, -11.94705627484770716 ) ) ;
#2816 = ORIENTED_EDGE ( 'NONE', *, *, #2820, .T. ) ;
#2817 = LINE ( 'NONE', #8939, #2903 ) ;
#2818 = VECTOR ( 'NONE', #3285, 1000.000000000000114 ) ;
#2819 = CARTESIAN_POINT ( 'NONE',  ( -26.45108655614380666, 60.81462583064305250, 13.22218254069462517 ) ) ;
#2820 = EDGE_CURVE ( 'NONE', #8210, #6917, #7113, .T. ) ;
#2821 = EDGE_CURVE ( 'NONE', #9914, #5774, #3340, .T. ) ;
#2822 = CARTESIAN_POINT ( 'NONE',  ( -17.41672955930068767, 48.96666049839541301, -22.50000000000000000 ) ) ;
#2823 = DIRECTION ( 'NONE',  ( 0.000000000000000000, 0.000000000000000000, -1.000000000000000000 ) ) ;
#2824 = VERTEX_POINT ( 'NONE', #5647 ) ;
#2825 = DIRECTION ( 'NONE',  ( 0.8660254037844378194, 0.5000000000000013323, -0.000000000000000000 ) ) ;
#2826 = DIRECTION ( 'NONE',  ( 0.8660254037844379305, 0.5000000000000011102, 0.000000000000000000 ) ) ;
#2827 = FACE_OUTER_BOUND ( 'NONE', #1620, .T. ) ;
#2828 = CARTESIAN_POINT ( 'NONE',  ( -3.000000000000000000, -22.24974746830583783, -4.949747468305832676 ) ) ;
#2829 = AXIS2_PLACEMENT_3D ( 'NONE', #1500, #5193, #3605 ) ;
#2830 = EDGE_CURVE ( 'NONE', #5127, #875, #8713, .T. ) ;
#2831 = LINE ( 'NONE', #3776, #3785 ) ;
#2832 = ORIENTED_EDGE ( 'NONE', *, *, #2830, .T. ) ;
#2833 = CARTESIAN_POINT ( 'NONE',  ( -14.02627944162884788, 31.29422863405997290, 0.000000000000000000 ) ) ;
#2834 = ORIENTED_EDGE ( 'NONE', *, *, #377, .T. ) ;
#2835 = CIRCLE ( 'NONE', #9403, 1.599999999999990763 ) ;
#2836 = PLANE ( 'NONE',  #8636 ) ;
#2837 = ORIENTED_EDGE ( 'NONE', *, *, #3978, .T. ) ;
#2838 = CARTESIAN_POINT ( 'NONE',  ( -7.000000000000000000, -27.49999999999998579, -12.50000000000000000 ) ) ;
#2839 = CARTESIAN_POINT ( 'NONE',  ( 10.00000000000000178, -8.151471862576151750, 9.401471862576148197 ) ) ;
#2840 = LINE ( 'NONE', #2177, #6573 ) ;
#2841 = VERTEX_POINT ( 'NONE', #7924 ) ;
#2842 = ORIENTED_EDGE ( 'NONE', *, *, #588, .F. ) ;
#2843 = CARTESIAN_POINT ( 'NONE',  ( -2.999999999999999112, -27.49999999999998579, -12.50000000000000000 ) ) ;
#2844 = DIRECTION ( 'NONE',  ( 1.000000000000000000, 0.000000000000000000, -0.000000000000000000 ) ) ;
#2845 = CIRCLE ( 'NONE', #8287, 1.599999999999998979 ) ;
#2846 = AXIS2_PLACEMENT_3D ( 'NONE', #8585, #2519, #9434 ) ;
#2847 = EDGE_CURVE ( 'NONE', #4492, #3355, #4846, .T. ) ;
#2848 = EDGE_CURVE ( 'NONE', #9069, #2705, #383, .T. ) ;
#2849 = DIRECTION ( 'NONE',  ( 0.000000000000000000, 0.000000000000000000, -1.000000000000000000 ) ) ;
#2850 = ORIENTED_EDGE ( 'NONE', *, *, #4401, .F. ) ;
#2851 = CARTESIAN_POINT ( 'NONE',  ( -19.62786325144034194, 48.99645639550867315, 8.868629150101526193 ) ) ;
#2852 = ORIENTED_EDGE ( 'NONE', *, *, #5023, .T. ) ;
#2853 = VECTOR ( 'NONE', #406, 1000.000000000000114 ) ;
#2854 = DIRECTION ( 'NONE',  ( 0.3535533905932757848, -0.6123724356957960246, -0.7071067811865453523 ) ) ;
#2855 = VERTEX_POINT ( 'NONE', #7872 ) ;
#2856 = PLANE ( 'NONE',  #9231 ) ;
#2857 = FACE_OUTER_BOUND ( 'NONE', #6378, .T. ) ;
#2858 = EDGE_LOOP ( 'NONE', ( #5101, #6053, #6304, #1788 ) ) ;
#2859 = CYLINDRICAL_SURFACE ( 'NONE', #9532, 1.100000000000115330 ) ;
#2860 = VECTOR ( 'NONE', #2554, 1000.000000000000114 ) ;
#2861 = CARTESIAN_POINT ( 'NONE',  ( -17.41672955930068412, 48.96666049839541301, 22.50000000000000000 ) ) ;
#2862 = CARTESIAN_POINT ( 'NONE',  ( -8.807050807568844064, 40.25425946354970819, -15.24130307875773127 ) ) ;
#2863 = VERTEX_POINT ( 'NONE', #7968 ) ;
#2864 = CYLINDRICAL_SURFACE ( 'NONE', #765, 1.199999999999994404 ) ;
#2865 = EDGE_LOOP ( 'NONE', ( #2009, #1204, #4809, #3685 ) ) ;
#2866 = CARTESIAN_POINT ( 'NONE',  ( -16.61506350946114807, 52.77813416937027569, -11.67431578064991093 ) ) ;
#2867 = AXIS2_PLACEMENT_3D ( 'NONE', #3243, #3850, #6296 ) ;
#2868 = EDGE_CURVE ( 'NONE', #7794, #4425, #7377, .T. ) ;
#2869 = ORIENTED_EDGE ( 'NONE', *, *, #9383, .T. ) ;
#2870 = CARTESIAN_POINT ( 'NONE',  ( 1.200137853405488508, -28.99999999999998934, 0.9377954048898904382 ) ) ;
#2871 = EDGE_CURVE ( 'NONE', #2371, #7248, #6059, .T. ) ;
#2872 = DIRECTION ( 'NONE',  ( -0.8660254037844379305, -0.5000000000000011102, -0.000000000000000000 ) ) ;
#2873 = VECTOR ( 'NONE', #1975, 1000.000000000000000 ) ;
#2874 = CARTESIAN_POINT ( 'NONE',  ( 0.3499999999999978684, -22.24974746830583783, -1.699747468305833120 ) ) ;
#2875 = CARTESIAN_POINT ( 'NONE',  ( -29.56217782649112635, -12.35025253169417070, 2.861095805374186174 ) ) ;
#2876 = LINE ( 'NONE', #5919, #1117 ) ;
#2877 = VERTEX_POINT ( 'NONE', #4093 ) ;
#2878 = PLANE ( 'NONE',  #5921 ) ;
#2879 = ADVANCED_FACE ( 'NONE', ( #4938 ), #4894, .T. ) ;
#2880 = EDGE_CURVE ( 'NONE', #1574, #794, #9456, .T. ) ;
#2881 = VECTOR ( 'NONE', #5239, 1000.000000000000000 ) ;
#2882 = DIRECTION ( 'NONE',  ( 0.4330127018922200755, -0.7499999999999993339, -0.5000000000000003331 ) ) ;
#2883 = CARTESIAN_POINT ( 'NONE',  ( -4.500000000000000888, -27.49999999999998579, 12.50000000000000000 ) ) ;
#2884 = EDGE_LOOP ( 'NONE', ( #6176, #806, #25 ) ) ;
#2885 = ORIENTED_EDGE ( 'NONE', *, *, #5022, .F. ) ;
#2886 = AXIS2_PLACEMENT_3D ( 'NONE', #2034, #5934, #3636 ) ;
#2887 = LINE ( 'NONE', #7372, #2395 ) ;
#2888 = LINE ( 'NONE', #8212, #2523 ) ;
#2889 = FACE_OUTER_BOUND ( 'NONE', #3750, .T. ) ;
#2890 = EDGE_CURVE ( 'NONE', #172, #1310, #1089, .T. ) ;
#2891 = ORIENTED_EDGE ( 'NONE', *, *, #1797, .F. ) ;
#2892 = EDGE_LOOP ( 'NONE', ( #394, #4751, #6467, #8245 ) ) ;
#2893 = PLANE ( 'NONE',  #1322 ) ;
#2894 = CARTESIAN_POINT ( 'NONE',  ( 0.8423871606904274056, -6.000000000000002665, 4.232507348937984304 ) ) ;
#2895 = LINE ( 'NONE', #8257, #6776 ) ;
#2896 = VECTOR ( 'NONE', #3279, 1000.000000000000114 ) ;
#2897 = VECTOR ( 'NONE', #984, 1000.000000000000114 ) ;
#2898 = CARTESIAN_POINT ( 'NONE',  ( -3.000000000000000000, -9.000000000000003553, -10.25000000000000000 ) ) ;
#2899 = EDGE_LOOP ( 'NONE', ( #8607, #6724, #8774, #5481 ) ) ;
#2900 = DIRECTION ( 'NONE',  ( -0.8660254037844379305, -0.5000000000000011102, -0.000000000000000000 ) ) ;
#2901 = DIRECTION ( 'NONE',  ( -0.5000000000000014433, 0.8660254037844379305, 0.000000000000000000 ) ) ;
#2902 = VECTOR ( 'NONE', #8578, 1000.000000000000000 ) ;
#2903 = VECTOR ( 'NONE', #1272, 1000.000000000000114 ) ;
#2904 = PLANE ( 'NONE',  #8322 ) ;
#2906 = EDGE_CURVE ( 'NONE', #1350, #7832, #4197, .T. ) ;
#2905 = ORIENTED_EDGE ( 'NONE', *, *, #8575, .F. ) ;
#2907 = DIRECTION ( 'NONE',  ( -0.8660254037844379305, -0.5000000000000011102, 0.000000000000000000 ) ) ;
#2908 = DIRECTION ( 'NONE',  ( 0.8660254037844378194, 0.5000000000000014433, 2.435752736085847402E-15 ) ) ;
#2909 = DIRECTION ( 'NONE',  ( -0.7071067811865476838, 7.215498431451172487E-17, 0.7071067811865474617 ) ) ;
#2910 = VECTOR ( 'NONE', #647, 1000.000000000000000 ) ;
#2911 = VECTOR ( 'NONE', #4843, 1000.000000000000000 ) ;
#2912 = LINE ( 'NONE', #7637, #6699 ) ;
#2913 = ORIENTED_EDGE ( 'NONE', *, *, #2223, .T. ) ;
#2914 = ORIENTED_EDGE ( 'NONE', *, *, #9244, .F. ) ;
#2915 = EDGE_LOOP ( 'NONE', ( #1634, #4978, #2648, #7073 ) ) ;
#2916 = AXIS2_PLACEMENT_3D ( 'NONE', #6985, #9938, #1416 ) ;
#2917 = CARTESIAN_POINT ( 'NONE',  ( -9.983716857408348133, 37.09230484541311768, 14.00000000000001066 ) ) ;
#2918 = VECTOR ( 'NONE', #7465, 1000.000000000000227 ) ;
#2919 = CARTESIAN_POINT ( 'NONE',  ( -7.000000000000000000, -28.99999999999998934, -12.50000000000000000 ) ) ;
#2920 = CARTESIAN_POINT ( 'NONE',  ( 6.530942860263101224, -10.26119280021293534, 2.460103028169140504 ) ) ;
#2921 = EDGE_CURVE ( 'NONE', #8252, #9565, #8004, .T. ) ;
#2922 = VECTOR ( 'NONE', #4094, 1000.000000000000000 ) ;
#2923 = PLANE ( 'NONE',  #3647 ) ;
#2924 = ORIENTED_EDGE ( 'NONE', *, *, #8892, .F. ) ;
#2925 = CARTESIAN_POINT ( 'NONE',  ( -13.71506350946114416, 47.75518682742054466, -11.67431578064991804 ) ) ;
#2926 = DIRECTION ( 'NONE',  ( 0.2500000000000002776, -0.4330127018922181881, 0.8660254037844392627 ) ) ;
#2927 = DIRECTION ( 'NONE',  ( -0.8660254037844379305, -0.5000000000000013323, 0.000000000000000000 ) ) ;
#2928 = CIRCLE ( 'NONE', #5667, 2.099999999999999645 ) ;
#2929 = LINE ( 'NONE', #8393, #9066 ) ;
#2930 = VERTEX_POINT ( 'NONE', #4050 ) ;
#2931 = EDGE_CURVE ( 'NONE', #9817, #1191, #283, .T. ) ;
#2932 = DIRECTION ( 'NONE',  ( 0.000000000000000000, 0.000000000000000000, 1.000000000000000000 ) ) ;
#2933 = DIRECTION ( 'NONE',  ( 0.000000000000000000, -0.8944271909999158554, 0.4472135954999578722 ) ) ;
#2934 = DIRECTION ( 'NONE',  ( -0.8660254037844371533, -0.5000000000000025535, -3.744595195433714763E-16 ) ) ;
#2935 = EDGE_CURVE ( 'NONE', #6592, #8584, #6343, .T. ) ;
#2936 = PLANE ( 'NONE',  #1609 ) ;
#2937 = VERTEX_POINT ( 'NONE', #6454 ) ;
#2938 = CIRCLE ( 'NONE', #8544, 12.89999999999998082 ) ;
#2939 = CARTESIAN_POINT ( 'NONE',  ( -19.06217782649111570, 48.01666049839542438, 20.23725830020306304 ) ) ;
#2940 = CARTESIAN_POINT ( 'NONE',  ( 0.000000000000000000, 18.99999999999999289, -7.632783294297951215E-14 ) ) ;
#2941 = CARTESIAN_POINT ( 'NONE',  ( 10.00000000000000000, -21.22128729280736792, 3.724076359315471318 ) ) ;
#2942 =( NAMED_UNIT ( * ) PLANE_ANGLE_UNIT ( ) SI_UNIT ( $, .RADIAN. ) );
#2943 = ORIENTED_EDGE ( 'NONE', *, *, #9196, .F. ) ;
#2944 = EDGE_CURVE ( 'NONE', #46, #5368, #4428, .T. ) ;
#2945 = B_SPLINE_CURVE_WITH_KNOTS ( 'NONE', 3,
 ( #888, #9399, #2536, #6292, #13, #781, #3237, #6950, #3186, #6335, #1641, #6137, #4697, #4041, #59, #5583, #3992, #220, #3944, #1730 ),
 .UNSPECIFIED., .F., .F.,
 ( 4, 2, 2, 2, 2, 2, 2, 2, 2, 4 ),
 ( 0.02412676428933419048, 0.02557977534944078785, 0.02630628087949409000, 0.02703278640954739215, 0.02739603917457404322, 0.02775929193960069430, 0.02812254470462734884, 0.02848579746965399992, 0.02921230299970729860, 0.02993880852976060075 ),
 .UNSPECIFIED. ) ;
#2946 = DIRECTION ( 'NONE',  ( 1.000000000000000000, -0.000000000000000000, -0.000000000000000000 ) ) ;
#2947 = ORIENTED_EDGE ( 'NONE', *, *, #780, .F. ) ;
#2948 = LINE ( 'NONE', #3045, #1803 ) ;
#2949 = ORIENTED_EDGE ( 'NONE', *, *, #8205, .T. ) ;
#2950 = LINE ( 'NONE', #2993, #5908 ) ;
#2951 = ORIENTED_EDGE ( 'NONE', *, *, #9680, .T. ) ;
#2952 = DIRECTION ( 'NONE',  ( -0.3535533905932750631, 0.6123724356957949144, -0.7071067811865464625 ) ) ;
#2953 = LINE ( 'NONE', #5348, #6102 ) ;
#2954 = ORIENTED_EDGE ( 'NONE', *, *, #4498, .T. ) ;
#2955 = FACE_BOUND ( 'NONE', #4593, .T. ) ;
#2956 = ADVANCED_FACE ( 'NONE', ( #488 ), #2836, .F. ) ;
#2957 = FACE_BOUND ( 'NONE', #4707, .T. ) ;
#2958 = VERTEX_POINT ( 'NONE', #5170 ) ;
#2959 = EDGE_LOOP ( 'NONE', ( #4179, #3061, #873, #9273 ) ) ;
#2960 = CARTESIAN_POINT ( 'NONE',  ( -20.48371685740849202, 55.27883832488650029, -12.98260615751540392 ) ) ;
#2961 = DIRECTION ( 'NONE',  ( 0.5000000000000013323, -0.8660254037844378194, 0.000000000000000000 ) ) ;
#2962 = CARTESIAN_POINT ( 'NONE',  ( -13.80000000000003979, 52.90230114445051157, -22.50000000000000000 ) ) ;
#2963 = EDGE_CURVE ( 'NONE', #2930, #7248, #8958, .T. ) ;
#2964 = CARTESIAN_POINT ( 'NONE',  ( -16.50000000000005684, 57.57883832488649745, -10.49999999999999822 ) ) ;
#2965 = CARTESIAN_POINT ( 'NONE',  ( -3.000000000000000000, -24.33880719978710161, 2.460103028169171591 ) ) ;
#2966 = ORIENTED_EDGE ( 'NONE', *, *, #2871, .F. ) ;
#2967 = LINE ( 'NONE', #760, #8935 ) ;
#2968 = CARTESIAN_POINT ( 'NONE',  ( -14.03371685740845898, 44.10711061606722438, -10.50000000000000000 ) ) ;
#2969 = CYLINDRICAL_SURFACE ( 'NONE', #1616, 3.249999999999999556 ) ;
#2970 = DIRECTION ( 'NONE',  ( -0.8660254037844379305, -0.5000000000000012212, 0.000000000000000000 ) ) ;
#2971 = VECTOR ( 'NONE', #7821, 1000.000000000000000 ) ;
#2972 = DIRECTION ( 'NONE',  ( -0.5000000000000019984, 0.8660254037844373753, 0.000000000000000000 ) ) ;
#2973 = ORIENTED_EDGE ( 'NONE', *, *, #9732, .T. ) ;
#2974 = ORIENTED_EDGE ( 'NONE', *, *, #6180, .T. ) ;
#2975 = FACE_OUTER_BOUND ( 'NONE', #9536, .T. ) ;
#2976 = DIRECTION ( 'NONE',  ( -0.8660254037844378194, -0.5000000000000013323, 0.000000000000000000 ) ) ;
#2977 = ORIENTED_EDGE ( 'NONE', *, *, #9122, .F. ) ;
#2978 = FACE_OUTER_BOUND ( 'NONE', #4345, .T. ) ;
#2979 = DIRECTION ( 'NONE',  ( 0.000000000000000000, -0.7071067811865467956, -0.7071067811865483499 ) ) ;
#2980 = EDGE_LOOP ( 'NONE', ( #9825, #3495, #9153, #4308 ) ) ;
#2981 = ORIENTED_EDGE ( 'NONE', *, *, #2683, .T. ) ;
#2982 = DIRECTION ( 'NONE',  ( 0.5000000000000012212, -0.8660254037844379305, 0.000000000000000000 ) ) ;
#2983 = CARTESIAN_POINT ( 'NONE',  ( 0.4506910009057583655, -6.000000000000003553, 5.245320355427278258 ) ) ;
#2984 = EDGE_CURVE ( 'NONE', #5127, #2759, #3661, .T. ) ;
#2985 = PLANE ( 'NONE',  #1973 ) ;
#2986 = SURFACE_STYLE_FILL_AREA ( #5338 ) ;
#2987 = ADVANCED_FACE ( 'NONE', ( #1292 ), #2790, .T. ) ;
#2988 = ORIENTED_EDGE ( 'NONE', *, *, #7172, .T. ) ;
#2989 = VECTOR ( 'NONE', #6045, 1000.000000000000114 ) ;
#2990 = CARTESIAN_POINT ( 'NONE',  ( 0.3349364905389241032, 23.41987298107778770, -14.99999999999999645 ) ) ;
#2991 = EDGE_LOOP ( 'NONE', ( #8368, #8143, #8269, #4315 ) ) ;
#2992 = VERTEX_POINT ( 'NONE', #2030 ) ;
#2993 = CARTESIAN_POINT ( 'NONE',  ( -29.56217782649112635, -23.27820764380430063, -6.175418577296193590 ) ) ;
#2994 = EDGE_LOOP ( 'NONE', ( #5879, #2193, #1219, #6709 ) ) ;
#2995 = VECTOR ( 'NONE', #5732, 1000.000000000000000 ) ;
#2996 = EDGE_CURVE ( 'NONE', #1107, #260, #1424, .T. ) ;
#2997 = EDGE_CURVE ( 'NONE', #556, #9169, #6793, .T. ) ;
#2998 = CARTESIAN_POINT ( 'NONE',  ( -9.983716857408378331, 37.09230484541316031, 16.48260615751541636 ) ) ;
#2999 = VECTOR ( 'NONE', #7926, 1000.000000000000114 ) ;
#3000 = CARTESIAN_POINT ( 'NONE',  ( -6.938893903907228378E-15, 0.000000000000000000, -10.50000000000000533 ) ) ;
#3001 = EDGE_LOOP ( 'NONE', ( #8765, #3262, #2282, #3102 ) ) ;
#3002 = DIRECTION ( 'NONE',  ( 0.000000000000000000, 0.8944271909999158554, 0.4472135954999578722 ) ) ;
#3003 = VECTOR ( 'NONE', #6525, 1000.000000000000000 ) ;
#3004 = DIRECTION ( 'NONE',  ( 0.000000000000000000, 0.000000000000000000, -1.000000000000000000 ) ) ;
#3005 = ORIENTED_EDGE ( 'NONE', *, *, #3266, .T. ) ;
#3006 = EDGE_LOOP ( 'NONE', ( #136, #4688, #3086, #7549 ) ) ;
#3007 = CARTESIAN_POINT ( 'NONE',  ( -17.15705080756893963, 54.71688370674995383, -9.258696921242332678 ) ) ;
#3008 = EDGE_CURVE ( 'NONE', #7235, #1640, #8209, .T. ) ;
#3009 = DIRECTION ( 'NONE',  ( 0.3535533905932751741, -0.6123724356957954695, -0.7071067811865460184 ) ) ;
#3010 = VECTOR ( 'NONE', #2004, 1000.000000000000114 ) ;
#3011 = EDGE_LOOP ( 'NONE', ( #4603, #4760, #8691, #4300 ) ) ;
#3012 = LINE ( 'NONE', #1286, #1505 ) ;
#3013 = LINE ( 'NONE', #6632, #5059 ) ;
#3014 = DIRECTION ( 'NONE',  ( 0.8660254037844379305, 0.5000000000000013323, 0.000000000000000000 ) ) ;
#3015 = ORIENTED_EDGE ( 'NONE', *, *, #188, .T. ) ;
#3016 = CIRCLE ( 'NONE', #947, 2.099999999999999645 ) ;
#3017 = CARTESIAN_POINT ( 'NONE',  ( -6.562177826491065069, 26.36602540378445170, 23.99999999999999645 ) ) ;
#3018 = LINE ( 'NONE', #3209, #7389 ) ;
#3019 = LINE ( 'NONE', #8337, #1786 ) ;
#3020 = ORIENTED_EDGE ( 'NONE', *, *, #2566, .F. ) ;
#3021 = EDGE_CURVE ( 'NONE', #7248, #9800, #5743, .T. ) ;
#3022 = ADVANCED_FACE ( 'NONE', ( #1339 ), #6694, .F. ) ;
#3023 = ORIENTED_EDGE ( 'NONE', *, *, #6138, .T. ) ;
#3024 = CARTESIAN_POINT ( 'NONE',  ( -18.86672955930068341, 51.47813416937027853, -24.17431578064991271 ) ) ;
#3025 = AXIS2_PLACEMENT_3D ( 'NONE', #3192, #6908, #9163 ) ;
#3026 = DIRECTION ( 'NONE',  ( -0.9607689228305225093, -0.000000000000000000, 0.2773500981126156839 ) ) ;
#3027 = ORIENTED_EDGE ( 'NONE', *, *, #1669, .F. ) ;
#3028 = VERTEX_POINT ( 'NONE', #3633 ) ;
#3029 = ORIENTED_EDGE ( 'NONE', *, *, #5877, .T. ) ;
#3030 = VERTEX_POINT ( 'NONE', #3540 ) ;
#3031 = DIRECTION ( 'NONE',  ( -0.5000000000000012212, 0.8660254037844380415, 0.000000000000000000 ) ) ;
#3032 = ORIENTED_EDGE ( 'NONE', *, *, #7193, .T. ) ;
#3033 = FILL_AREA_STYLE ('',( #55 ) ) ;
#3034 = VECTOR ( 'NONE', #7410, 1000.000000000000114 ) ;
#3035 = CARTESIAN_POINT ( 'NONE',  ( 10.00000000000000000, -22.24974746830583783, -7.038399131237476070 ) ) ;
#3036 = ORIENTED_EDGE ( 'NONE', *, *, #33, .F. ) ;
#3037 = DIRECTION ( 'NONE',  ( 0.000000000000000000, 1.000000000000000000, 2.392722035830078972E-16 ) ) ;
#3038 = ORIENTED_EDGE ( 'NONE', *, *, #6746, .F. ) ;
#3039 = CARTESIAN_POINT ( 'NONE',  ( -6.302803983041963320, 34.91677672877614214, -1.833553457552292931 ) ) ;
#3040 = ORIENTED_EDGE ( 'NONE', *, *, #3724, .T. ) ;
#3041 = VECTOR ( 'NONE', #1850, 1000.000000000000114 ) ;
#3042 = EDGE_CURVE ( 'NONE', #9353, #4673, #625, .T. ) ;
#3043 = CARTESIAN_POINT ( 'NONE',  ( 22.09678751731764734, -12.20096189432325495, -15.00000000000000533 ) ) ;
#3044 = ORIENTED_EDGE ( 'NONE', *, *, #4544, .T. ) ;
#3045 = CARTESIAN_POINT ( 'NONE',  ( -10.37262558706185800, 37.76591452468005627, -14.77781745930524870 ) ) ;
#3046 = DIRECTION ( 'NONE',  ( -0.8660254037844380415, -0.5000000000000013323, 0.000000000000000000 ) ) ;
#3047 = CARTESIAN_POINT ( 'NONE',  ( -3.000000000000000000, -12.35025253169420267, 0.7071737779759217357 ) ) ;
#3048 = ORIENTED_EDGE ( 'NONE', *, *, #4626, .F. ) ;
#3049 = VERTEX_POINT ( 'NONE', #5837 ) ;
#3050 = EDGE_CURVE ( 'NONE', #9807, #328, #2130, .T. ) ;
#3051 = PLANE ( 'NONE',  #3627 ) ;
#3052 = CARTESIAN_POINT ( 'NONE',  ( 10.00000000000000178, -22.24974746830583783, -4.949747468305832676 ) ) ;
#3053 = PLANE ( 'NONE',  #1695 ) ;
#3054 = CIRCLE ( 'NONE', #6739, 1.100000000000108447 ) ;
#3055 = CONICAL_SURFACE ( 'NONE', #3536, 1.599999999999976552, 0.7853981633974547183 ) ;
#3056 = ADVANCED_FACE ( 'NONE', ( #1241 ), #4487, .T. ) ;
#3057 = ADVANCED_FACE ( 'NONE', ( #7420 ), #7560, .F. ) ;
#3058 = CARTESIAN_POINT ( 'NONE',  ( -16.61506350946114807, 52.77813416937027569, 8.325684219350073079 ) ) ;
#3059 = VERTEX_POINT ( 'NONE', #6025 ) ;
#3060 = ORIENTED_EDGE ( 'NONE', *, *, #4390, .F. ) ;
#3061 = ORIENTED_EDGE ( 'NONE', *, *, #3206, .F. ) ;
#3062 = ORIENTED_EDGE ( 'NONE', *, *, #259, .F. ) ;
#3063 = ORIENTED_EDGE ( 'NONE', *, *, #8723, .F. ) ;
#3064 = EDGE_CURVE ( 'NONE', #776, #7002, #3587, .T. ) ;
#3065 = FACE_OUTER_BOUND ( 'NONE', #8573, .T. ) ;
#3066 = VECTOR ( 'NONE', #2347, 1000.000000000000000 ) ;
#3067 = AXIS2_PLACEMENT_3D ( 'NONE', #2671, #4825, #7903 ) ;
#3068 = CARTESIAN_POINT ( 'NONE',  ( -12.74006350946113919, 46.06643729004088783, -9.258696921242332678 ) ) ;
#3069 = FACE_OUTER_BOUND ( 'NONE', #5378, .T. ) ;
#3070 = PLANE ( 'NONE',  #434 ) ;
#3071 = EDGE_CURVE ( 'NONE', #9203, #6906, #2887, .T. ) ;
#3072 = PLANE ( 'NONE',  #5238 ) ;
#3073 = VERTEX_POINT ( 'NONE', #8547 ) ;
#3074 = VECTOR ( 'NONE', #7522, 1000.000000000000114 ) ;
#3075 = CARTESIAN_POINT ( 'NONE',  ( -13.56568542494927776, 52.49645639550868736, 21.36862915010152264 ) ) ;
#3076 = DIRECTION ( 'NONE',  ( 0.000000000000000000, 0.000000000000000000, -1.000000000000000000 ) ) ;
#3077 = EDGE_LOOP ( 'NONE', ( #9272, #3199, #4174, #6722 ) ) ;
#3078 = CARTESIAN_POINT ( 'NONE',  ( 0.000000000000000000, -9.000000000000003553, -8.150000000000000355 ) ) ;
#3079 = VERTEX_POINT ( 'NONE', #3084 ) ;
#3080 = AXIS2_PLACEMENT_3D ( 'NONE', #8808, #1875, #2635 ) ;
#3081 = LINE ( 'NONE', #874, #4743 ) ;
#3082 = EDGE_LOOP ( 'NONE', ( #48, #2329, #7865, #3485 ) ) ;
#3083 = EDGE_CURVE ( 'NONE', #1733, #3843, #1593, .T. ) ;
#3084 = CARTESIAN_POINT ( 'NONE',  ( 10.00000000000000178, -12.35025253169417248, 6.549747468305829656 ) ) ;
#3085 = CARTESIAN_POINT ( 'NONE',  ( -12.93371685740846821, 42.20185472774148394, -10.50000000000000000 ) ) ;
#3086 = ORIENTED_EDGE ( 'NONE', *, *, #4408, .T. ) ;
#3087 = CARTESIAN_POINT ( 'NONE',  ( -15.96672955930068483, 46.45518682742054750, -20.82568421935008729 ) ) ;
#3088 = CARTESIAN_POINT ( 'NONE',  ( -17.41672955930068412, 48.96666049839541301, -13.34863156129982542 ) ) ;
#3089 = ORIENTED_EDGE ( 'NONE', *, *, #6305, .F. ) ;
#3090 = VECTOR ( 'NONE', #8019, 1000.000000000000000 ) ;
#3091 = FACE_OUTER_BOUND ( 'NONE', #9461, .T. ) ;
#3092 = VERTEX_POINT ( 'NONE', #879 ) ;
#3093 = DIRECTION ( 'NONE',  ( -0.8660254037844379305, -0.5000000000000011102, 0.000000000000000000 ) ) ;
#3094 = VERTEX_POINT ( 'NONE', #7046 ) ;
#3095 = EDGE_CURVE ( 'NONE', #9534, #2511, #2323, .T. ) ;
#3096 = ADVANCED_FACE ( 'NONE', ( #1633 ), #5372, .F. ) ;
#3097 = LINE ( 'NONE', #9257, #8801 ) ;
#3098 = AXIS2_PLACEMENT_3D ( 'NONE', #2039, #1200, #8766 ) ;
#3099 = CARTESIAN_POINT ( 'NONE',  ( -15.96672955930068483, 46.45518682742054750, 8.325684219350083737 ) ) ;
#3100 = FACE_BOUND ( 'NONE', #857, .T. ) ;
#3101 = CARTESIAN_POINT ( 'NONE',  ( 10.00000000000000000, -12.35025253169416715, -7.038399131237476070 ) ) ;
#3102 = ORIENTED_EDGE ( 'NONE', *, *, #9320, .F. ) ;
#3103 = ORIENTED_EDGE ( 'NONE', *, *, #8047, .T. ) ;
#3104 = CARTESIAN_POINT ( 'NONE',  ( -1.799999999999999600, 15.44999999999999751, 8.552943725152292842 ) ) ;
#3105 = DIRECTION ( 'NONE',  ( -0.4330127018922197424, 0.7499999999999982236, -0.5000000000000021094 ) ) ;
#3106 = EDGE_CURVE ( 'NONE', #5757, #7002, #4731, .T. ) ;
#3107 = CARTESIAN_POINT ( 'NONE',  ( -1.000000000000000000, 11.94999999999999574, -8.500000000000000000 ) ) ;
#3108 = LINE ( 'NONE', #7694, #2537 ) ;
#3109 = ORIENTED_EDGE ( 'NONE', *, *, #8285, .F. ) ;
#3110 = ORIENTED_EDGE ( 'NONE', *, *, #5930, .T. ) ;
#3111 = DIRECTION ( 'NONE',  ( -0.000000000000000000, 0.7660444431189771253, -0.6427876096865403621 ) ) ;
#3112 = DIRECTION ( 'NONE',  ( -0.000000000000000000, -0.000000000000000000, -1.000000000000000000 ) ) ;
#3113 = EDGE_CURVE ( 'NONE', #3909, #9310, #6995, .T. ) ;
#3114 = DIRECTION ( 'NONE',  ( 0.000000000000000000, 0.000000000000000000, -1.000000000000000000 ) ) ;
#3115 = VECTOR ( 'NONE', #2620, 1000.000000000000000 ) ;
#3116 = CARTESIAN_POINT ( 'NONE',  ( 4.336808689942017736E-16, -17.30000000000000426, 12.89999999999997904 ) ) ;
#3117 = ADVANCED_FACE ( 'NONE', ( #9893 ), #4640, .F. ) ;
#3118 = DIRECTION ( 'NONE',  ( 1.000000000000000000, 0.000000000000000000, 0.000000000000000000 ) ) ;
#3119 = VERTEX_POINT ( 'NONE', #3986 ) ;
#3120 = ORIENTED_EDGE ( 'NONE', *, *, #9361, .T. ) ;
#3121 = CARTESIAN_POINT ( 'NONE',  ( -7.000000000000000000, -28.99999999999999645, -15.00000000000000888 ) ) ;
#3122 = ORIENTED_EDGE ( 'NONE', *, *, #2202, .F. ) ;
#3123 = FACE_OUTER_BOUND ( 'NONE', #8311, .T. ) ;
#3124 = ORIENTED_EDGE ( 'NONE', *, *, #5403, .F. ) ;
#3125 = CARTESIAN_POINT ( 'NONE',  ( -10.59006350946113528, 42.34252805376780771, -9.258696921242300704 ) ) ;
#3126 = ADVANCED_FACE ( 'NONE', ( #3178 ), #829, .T. ) ;
#3127 = ADVANCED_FACE ( 'NONE', ( #5476 ), #9295, .F. ) ;
#3128 = EDGE_LOOP ( 'NONE', ( #3235, #6614, #1801, #9844 ) ) ;
#3129 = B_SPLINE_CURVE_WITH_KNOTS ( 'NONE', 3,
 ( #516, #2720, #6482, #414, #3619, #1324, #4228, #8235, #7302, #2870, #3572, #5110, #8098, #2672 ),
 .UNSPECIFIED., .F., .F.,
 ( 4, 2, 2, 2, 2, 2, 4 ),
 ( 0.000000000000000000, 0.002782415612136534492, 0.004173623418204801955, 0.004869227321238935903, 0.005564831224273068984, 0.008347246836409600440, 0.01112966244854613276 ),
 .UNSPECIFIED. ) ;
#3130 = DIRECTION ( 'NONE',  ( -1.559647680620351770E-15, 2.701389024741397274E-15, -1.000000000000000000 ) ) ;
#3131 = EDGE_LOOP ( 'NONE', ( #2774, #7352, #80, #160 ) ) ;
#3132 = CIRCLE ( 'NONE', #8739, 2.099999999999999645 ) ;
#3133 = DIRECTION ( 'NONE',  ( -1.000000000000000000, 1.156482317317871478E-16, 2.767140724694304984E-32 ) ) ;
#3134 = ORIENTED_EDGE ( 'NONE', *, *, #1770, .T. ) ;
#3135 = VERTEX_POINT ( 'NONE', #934 ) ;
#3136 = FACE_OUTER_BOUND ( 'NONE', #122, .T. ) ;
#3137 = ORIENTED_EDGE ( 'NONE', *, *, #6618, .F. ) ;
#3138 = CARTESIAN_POINT ( 'NONE',  ( -7.026279441628818567, 19.16987298107781257, 15.00000000000000178 ) ) ;
#3139 = EDGE_LOOP ( 'NONE', ( #7337, #2524, #242, #9574 ) ) ;
#3140 = EDGE_CURVE ( 'NONE', #7792, #8487, #8395, .T. ) ;
#3141 = PLANE ( 'NONE',  #8876 ) ;
#3142 = CARTESIAN_POINT ( 'NONE',  ( 2.000000000000006217, -8.337726650302860421, -6.203842068050116509 ) ) ;
#3143 = ORIENTED_EDGE ( 'NONE', *, *, #8756, .F. ) ;
#3144 = VECTOR ( 'NONE', #9593, 1000.000000000000000 ) ;
#3145 = CARTESIAN_POINT ( 'NONE',  ( -21.73205080756901708, 62.64101615137766998, -16.48260615751542346 ) ) ;
#3146 = ORIENTED_EDGE ( 'NONE', *, *, #6168, .T. ) ;
#3147 = FACE_OUTER_BOUND ( 'NONE', #2558, .T. ) ;
#3148 = FACE_OUTER_BOUND ( 'NONE', #9776, .T. ) ;
#3149 = LINE ( 'NONE', #9316, #8485 ) ;
#3150 = ORIENTED_EDGE ( 'NONE', *, *, #8378, .F. ) ;
#3151 = ORIENTED_EDGE ( 'NONE', *, *, #3663, .F. ) ;
#3152 = EDGE_CURVE ( 'NONE', #6267, #6219, #3231, .T. ) ;
#3153 = PLANE ( 'NONE',  #7078 ) ;
#3154 = VECTOR ( 'NONE', #567, 1000.000000000000114 ) ;
#3155 = CARTESIAN_POINT ( 'NONE',  ( -29.56217782649112635, -12.35025253169417070, 2.861095805374186174 ) ) ;
#3156 = B_SPLINE_CURVE_WITH_KNOTS ( 'NONE', 3,
 ( #3609, #2107, #8982, #9634, #7243, #1114 ),
 .UNSPECIFIED., .F., .F.,
 ( 4, 2, 4 ),
 ( 0.03623175427624133332, 0.03784676193322762672, 0.03946176959021392705 ),
 .UNSPECIFIED. ) ;
#3157 = FACE_OUTER_BOUND ( 'NONE', #5158, .T. ) ;
#3158 = VECTOR ( 'NONE', #9166, 1000.000000000000000 ) ;
#3159 = ORIENTED_EDGE ( 'NONE', *, *, #9306, .F. ) ;
#3160 = CARTESIAN_POINT ( 'NONE',  ( 10.00000000000000000, -22.24974746830583783, -7.038399131237476070 ) ) ;
#3161 = LINE ( 'NONE', #7846, #7240 ) ;
#3162 = DIRECTION ( 'NONE',  ( -1.000000000000000000, 0.000000000000000000, 0.000000000000000000 ) ) ;
#3163 = CIRCLE ( 'NONE', #8618, 1.100000000000116218 ) ;
#3164 = DIRECTION ( 'NONE',  ( -1.000000000000000000, -0.000000000000000000, -0.000000000000000000 ) ) ;
#3165 = LINE ( 'NONE', #6371, #764 ) ;
#3166 = EDGE_CURVE ( 'NONE', #7092, #4480, #786, .T. ) ;
#3167 = LINE ( 'NONE', #9935, #3698 ) ;
#3168 = ORIENTED_EDGE ( 'NONE', *, *, #5944, .F. ) ;
#3169 = EDGE_CURVE ( 'NONE', #1271, #1025, #5275, .T. ) ;
#3170 = CARTESIAN_POINT ( 'NONE',  ( -14.55871685740845756, 45.01643729004088357, -9.258696921242332678 ) ) ;
#3171 = LINE ( 'NONE', #8488, #5533 ) ;
#3172 = ORIENTED_EDGE ( 'NONE', *, *, #5336, .F. ) ;
#3173 = VERTEX_POINT ( 'NONE', #4584 ) ;
#3174 = VECTOR ( 'NONE', #9856, 1000.000000000000000 ) ;
#3175 = ORIENTED_EDGE ( 'NONE', *, *, #9429, .T. ) ;
#3176 = EDGE_CURVE ( 'NONE', #4159, #7707, #771, .T. ) ;
#3177 = EDGE_CURVE ( 'NONE', #641, #3380, #3835, .T. ) ;
#3178 = FACE_OUTER_BOUND ( 'NONE', #217, .T. ) ;
#3179 = ORIENTED_EDGE ( 'NONE', *, *, #1591, .T. ) ;
#3180 = ORIENTED_EDGE ( 'NONE', *, *, #6680, .F. ) ;
#3181 = CARTESIAN_POINT ( 'NONE',  ( -3.000000000000000000, -20.16068773682459536, 2.460103028169140504 ) ) ;
#3182 = EDGE_LOOP ( 'NONE', ( #3796, #2224, #1752, #3438 ) ) ;
#3183 = CARTESIAN_POINT ( 'NONE',  ( -16.61506350946114807, 52.77813416937027569, 20.82568421935008018 ) ) ;
#3184 = VERTEX_POINT ( 'NONE', #6895 ) ;
#3185 = VECTOR ( 'NONE', #6241, 1000.000000000000114 ) ;
#3186 = CARTESIAN_POINT ( 'NONE',  ( 0.2436818444628590652, -10.81380111559698953, 8.760939013056420421 ) ) ;
#3187 = DIRECTION ( 'NONE',  ( -0.8660254037844380415, -0.5000000000000013323, 0.000000000000000000 ) ) ;
#3188 = ORIENTED_EDGE ( 'NONE', *, *, #1677, .F. ) ;
#3189 = ORIENTED_EDGE ( 'NONE', *, *, #2906, .T. ) ;
#3190 = AXIS2_PLACEMENT_3D ( 'NONE', #8804, #9389, #4234 ) ;
#3191 = EDGE_CURVE ( 'NONE', #2696, #5147, #7209, .T. ) ;
#3192 = CARTESIAN_POINT ( 'NONE',  ( -13.00000000000004086, 51.51666049839542438, -22.50000000000000000 ) ) ;
#3193 = ORIENTED_EDGE ( 'NONE', *, *, #3746, .F. ) ;
#3194 = DIRECTION ( 'NONE',  ( -1.000000000000000000, 0.000000000000000000, 0.000000000000000000 ) ) ;
#3195 = CARTESIAN_POINT ( 'NONE',  ( 0.000000000000000000, 26.07179676972451432, -14.99999999999999467 ) ) ;
#3196 = DIRECTION ( 'NONE',  ( 0.7071067811865479058, 0.000000000000000000, -0.7071067811865472397 ) ) ;
#3197 = VERTEX_POINT ( 'NONE', #2381 ) ;
#3198 = ORIENTED_EDGE ( 'NONE', *, *, #3819, .F. ) ;
#3199 = ORIENTED_EDGE ( 'NONE', *, *, #3177, .F. ) ;
#3200 = FACE_OUTER_BOUND ( 'NONE', #3315, .T. ) ;
#3201 = VECTOR ( 'NONE', #1259, 1000.000000000000000 ) ;
#3202 = FACE_OUTER_BOUND ( 'NONE', #6083, .T. ) ;
#3203 = CARTESIAN_POINT ( 'NONE',  ( -6.062177826491065069, 25.49999999999999289, -7.500000000000000000 ) ) ;
#3204 = EDGE_CURVE ( 'NONE', #4360, #4204, #5422, .T. ) ;
#3205 = CARTESIAN_POINT ( 'NONE',  ( 4.764670435333005658E-31, 4.119968255444916849E-15, -19.00000000000000355 ) ) ;
#3206 = EDGE_CURVE ( 'NONE', #3668, #2863, #9495, .T. ) ;
#3207 = ORIENTED_EDGE ( 'NONE', *, *, #2997, .T. ) ;
#3208 = AXIS2_PLACEMENT_3D ( 'NONE', #9512, #8021, #8660 ) ;
#3209 = CARTESIAN_POINT ( 'NONE',  ( -1.800000000000000044, 15.44999999999999574, 12.34999999999999964 ) ) ;
#3210 = ORIENTED_EDGE ( 'NONE', *, *, #6108, .T. ) ;
#3211 = ORIENTED_EDGE ( 'NONE', *, *, #2342, .T. ) ;
#3212 = DIRECTION ( 'NONE',  ( -0.8660254037844379305, -0.5000000000000011102, 0.000000000000000000 ) ) ;
#3213 = ORIENTED_EDGE ( 'NONE', *, *, #390, .F. ) ;
#3214 = CARTESIAN_POINT ( 'NONE',  ( -19.86217782649111285, 49.40230114445050447, -22.50000000000000000 ) ) ;
#3215 = LINE ( 'NONE', #1018, #5986 ) ;
#3216 = VECTOR ( 'NONE', #7511, 1000.000000000000000 ) ;
#3217 = VECTOR ( 'NONE', #1534, 1000.000000000000114 ) ;
#3218 = FACE_OUTER_BOUND ( 'NONE', #3901, .T. ) ;
#3219 = VECTOR ( 'NONE', #8080, 1000.000000000000114 ) ;
#3220 = DIRECTION ( 'NONE',  ( 0.000000000000000000, 0.000000000000000000, -1.000000000000000000 ) ) ;
#3221 = DIRECTION ( 'NONE',  ( 0.000000000000000000, -0.7071067811865440200, 0.7071067811865511255 ) ) ;
#3222 = CARTESIAN_POINT ( 'NONE',  ( 0.000000000000000000, -6.000000000000008882, 6.222539674441584623 ) ) ;
#3223 = AXIS2_PLACEMENT_3D ( 'NONE', #1970, #8854, #6530 ) ;
#3224 = AXIS2_PLACEMENT_3D ( 'NONE', #4274, #1323, #4464 ) ;
#3225 = DIRECTION ( 'NONE',  ( 0.4330127018922197424, -0.7500000000000002220, -0.4999999999999991118 ) ) ;
#3226 = DIRECTION ( 'NONE',  ( 0.000000000000000000, 0.8944271909999161885, -0.4472135954999573726 ) ) ;
#3227 = EDGE_CURVE ( 'NONE', #1611, #1496, #2631, .T. ) ;
#3228 = DIRECTION ( 'NONE',  ( 0.000000000000000000, -0.7660444431189714631, 0.6427876096865471345 ) ) ;
#3229 = VECTOR ( 'NONE', #9719, 1000.000000000000000 ) ;
#3230 = VECTOR ( 'NONE', #2490, 1000.000000000000000 ) ;
#3231 = LINE ( 'NONE', #6944, #628 ) ;
#3232 =( LENGTH_UNIT ( ) NAMED_UNIT ( * ) SI_UNIT ( .MILLI., .METRE. ) );
#3233 = CARTESIAN_POINT ( 'NONE',  ( -3.000000000000000000, 12.94999999999999396, -8.500000000000001776 ) ) ;
#3234 = AXIS2_PLACEMENT_3D ( 'NONE', #2217, #6787, #6124 ) ;
#3235 = ORIENTED_EDGE ( 'NONE', *, *, #4715, .T. ) ;
#3236 = VECTOR ( 'NONE', #9017, 1000.000000000000000 ) ;
#3237 = CARTESIAN_POINT ( 'NONE',  ( 0.3987299496976129398, -11.19161795724879660, 9.030553514817551530 ) ) ;
#3238 = EDGE_CURVE ( 'NONE', #4786, #6513, #212, .T. ) ;
#3239 = CARTESIAN_POINT ( 'NONE',  ( 10.00000000000000178, -8.151471862576149974, -11.09852813742385358 ) ) ;
#3240 = ORIENTED_EDGE ( 'NONE', *, *, #1315, .T. ) ;
#3241 = LINE ( 'NONE', #6295, #9315 ) ;
#3242 = AXIS2_PLACEMENT_3D ( 'NONE', #4198, #4939, #489 ) ;
#3243 = CARTESIAN_POINT ( 'NONE',  ( 0.000000000000000000, -17.30000000000000426, -1.016456843292302834E-15 ) ) ;
#3244 = ORIENTED_EDGE ( 'NONE', *, *, #6462, .F. ) ;
#3245 = DIRECTION ( 'NONE',  ( 0.000000000000000000, -0.7071067811865474617, -0.7071067811865474617 ) ) ;
#3246 = VERTEX_POINT ( 'NONE', #4778 ) ;
#3247 = FACE_BOUND ( 'NONE', #1851, .T. ) ;
#3248 = CARTESIAN_POINT ( 'NONE',  ( -19.30705080756894532, 58.44079294302303396, -11.74130307875772417 ) ) ;
#3249 = EDGE_LOOP ( 'NONE', ( #5019, #8927, #2358, #5825 ) ) ;
#3250 = VERTEX_POINT ( 'NONE', #4980 ) ;
#3251 = LINE ( 'NONE', #9365, #4347 ) ;
#3252 = EDGE_CURVE ( 'NONE', #2550, #6592, #6878, .T. ) ;
#3253 = EDGE_CURVE ( 'NONE', #5768, #4540, #4927, .T. ) ;
#3254 = DIRECTION ( 'NONE',  ( 0.000000000000000000, 0.000000000000000000, -1.000000000000000000 ) ) ;
#3255 = VECTOR ( 'NONE', #6234, 999.9999999999998863 ) ;
#3256 = DIRECTION ( 'NONE',  ( -0.2500000000000006661, 0.4330127018922188542, -0.8660254037844388186 ) ) ;
#3257 = DIRECTION ( 'NONE',  ( 0.3535533905932757293, -0.6123724356958013537, 0.7071067811865405783 ) ) ;
#3258 = ORIENTED_EDGE ( 'NONE', *, *, #5138, .T. ) ;
#3259 = ORIENTED_EDGE ( 'NONE', *, *, #461, .F. ) ;
#3260 = PLANE ( 'NONE',  #3839 ) ;
#3261 = ORIENTED_EDGE ( 'NONE', *, *, #1703, .T. ) ;
#3262 = ORIENTED_EDGE ( 'NONE', *, *, #486, .T. ) ;
#3263 = LINE ( 'NONE', #1014, #6921 ) ;
#3264 = VECTOR ( 'NONE', #3876, 1000.000000000000000 ) ;
#3265 = CYLINDRICAL_SURFACE ( 'NONE', #3697, 1.100000000000115774 ) ;
#3266 = EDGE_CURVE ( 'NONE', #84, #7669, #2561, .T. ) ;
#3267 = FACE_OUTER_BOUND ( 'NONE', #193, .T. ) ;
#3268 = CARTESIAN_POINT ( 'NONE',  ( -3.000000000000000000, 12.94999999999999396, 8.500000000000000000 ) ) ;
#3269 = ORIENTED_EDGE ( 'NONE', *, *, #8568, .T. ) ;
#3270 = LINE ( 'NONE', #2520, #7069 ) ;
#3271 = ORIENTED_EDGE ( 'NONE', *, *, #5815, .F. ) ;
#3272 = DIRECTION ( 'NONE',  ( -0.4330127018922206861, 0.7499999999999996669, -0.4999999999999990563 ) ) ;
#3273 = ADVANCED_FACE ( 'NONE', ( #3379 ), #6329, .F. ) ;
#3274 = ORIENTED_EDGE ( 'NONE', *, *, #5098, .F. ) ;
#3275 = DIRECTION ( 'NONE',  ( 0.000000000000000000, 0.7559289460183790110, -0.6546536707080643502 ) ) ;
#3276 = EDGE_LOOP ( 'NONE', ( #639, #3871, #1937, #4199, #5486, #8987, #8818, #2201, #3772, #2813, #6639 ) ) ;
#3277 = VERTEX_POINT ( 'NONE', #8059 ) ;
#3278 = CARTESIAN_POINT ( 'NONE',  ( -29.56217782649112635, -11.32179235619570257, -6.175418577296191813 ) ) ;
#3279 = DIRECTION ( 'NONE',  ( 0.4330127018922204085, -0.7499999999999991118, -0.5000000000000003331 ) ) ;
#3280 = DIRECTION ( 'NONE',  ( -1.000000000000000000, -0.000000000000000000, -0.000000000000000000 ) ) ;
#3281 = ORIENTED_EDGE ( 'NONE', *, *, #9148, .F. ) ;
#3282 = CARTESIAN_POINT ( 'NONE',  ( -9.983716857408351686, 37.09230484541311768, -14.00000000000000000 ) ) ;
#3283 = CARTESIAN_POINT ( 'NONE',  ( -3.000000000000000000, -12.35025253169417248, 4.949747468305830900 ) ) ;
#3284 = VECTOR ( 'NONE', #1004, 1000.000000000000000 ) ;
#3285 = DIRECTION ( 'NONE',  ( -0.3535533905932753962, 0.6123724356957955806, -0.7071067811865457964 ) ) ;
#3286 = EDGE_LOOP ( 'NONE', ( #6871, #9079, #9436, #5494 ) ) ;
#3287 = PLANE ( 'NONE',  #7895 ) ;
#3288 = LINE ( 'NONE', #3339, #1401 ) ;
#3289 = DIRECTION ( 'NONE',  ( 0.000000000000000000, 0.000000000000000000, -1.000000000000000000 ) ) ;
#3290 = LINE ( 'NONE', #1044, #2922 ) ;
#3291 = DIRECTION ( 'NONE',  ( 0.000000000000000000, 0.000000000000000000, -1.000000000000000000 ) ) ;
#3292 = CARTESIAN_POINT ( 'NONE',  ( -13.48371685740844050, 43.15448267190431864, -8.017393842484622724 ) ) ;
#3293 = EDGE_CURVE ( 'NONE', #9149, #1830, #1182, .T. ) ;
#3294 = ORIENTED_EDGE ( 'NONE', *, *, #2070, .T. ) ;
#3295 = EDGE_LOOP ( 'NONE', ( #3693, #6415, #4726, #8168 ) ) ;
#3296 = EDGE_CURVE ( 'NONE', #8886, #4661, #3517, .T. ) ;
#3297 = LINE ( 'NONE', #2551, #997 ) ;
#3298 = LINE ( 'NONE', #6351, #5356 ) ;
#3299 = AXIS2_PLACEMENT_3D ( 'NONE', #1075, #1225, #1971 ) ;
#3300 = DIRECTION ( 'NONE',  ( 0.000000000000000000, 0.6427876096865403621, -0.7660444431189771253 ) ) ;
#3301 = ORIENTED_EDGE ( 'NONE', *, *, #3296, .T. ) ;
#3302 = ORIENTED_EDGE ( 'NONE', *, *, #9392, .F. ) ;
#3303 = EDGE_LOOP ( 'NONE', ( #3036, #2629, #4075, #7585 ) ) ;
#3304 = CARTESIAN_POINT ( 'NONE',  ( -1.688194187433153637, 28.99583487540117943, 6.651923788646669777 ) ) ;
#3305 = ADVANCED_FACE ( 'NONE', ( #266 ), #2530, .F. ) ;
#3306 = ADVANCED_FACE ( 'NONE', ( #5726, #4131 ), #8698, .T. ) ;
#3307 = EDGE_LOOP ( 'NONE', ( #6526, #2709, #6155, #287 ) ) ;
#3308 = VERTEX_POINT ( 'NONE', #6440 ) ;
#3309 = LINE ( 'NONE', #6364, #6437 ) ;
#3310 = VECTOR ( 'NONE', #5512, 1000.000000000000000 ) ;
#3311 = DIRECTION ( 'NONE',  ( 0.7071067811865514585, -1.533293416683366003E-16, 0.7071067811865436870 ) ) ;
#3312 = LINE ( 'NONE', #9334, #7464 ) ;
#3313 = AXIS2_PLACEMENT_3D ( 'NONE', #8298, #5278, #582 ) ;
#3314 = LINE ( 'NONE', #8583, #7836 ) ;
#3315 = EDGE_LOOP ( 'NONE', ( #8247, #1637, #3778, #5404 ) ) ;
#3316 = DIRECTION ( 'NONE',  ( -0.6081204024113413542, -7.061314744420058936E-15, -0.7938448060994467426 ) ) ;
#3317 = EDGE_CURVE ( 'NONE', #2734, #1076, #7306, .T. ) ;
#3318 = VERTEX_POINT ( 'NONE', #5576 ) ;
#3319 = FACE_OUTER_BOUND ( 'NONE', #2533, .T. ) ;
#3320 = CARTESIAN_POINT ( 'NONE',  ( -19.93371685740848420, 54.32621038072361586, -10.49999999999999822 ) ) ;
#3321 = CIRCLE ( 'NONE', #7354, 1.100000000000116218 ) ;
#3322 = VECTOR ( 'NONE', #2212, 1000.000000000000114 ) ;
#3323 = LINE ( 'NONE', #2674, #3144 ) ;
#3324 = EDGE_LOOP ( 'NONE', ( #9223, #4142, #5156, #3271, #447 ) ) ;
#3326 = EDGE_CURVE ( 'NONE', #7156, #8873, #6560, .T. ) ;
#3325 = DIRECTION ( 'NONE',  ( 1.000000000000000000, -0.000000000000000000, -0.000000000000000000 ) ) ;
#3327 = ORIENTED_EDGE ( 'NONE', *, *, #9361, .F. ) ;
#3328 = CARTESIAN_POINT ( 'NONE',  ( -30.86473670974876171, 12.33493649053884234, 17.00000000000001421 ) ) ;
#3329 = ADVANCED_FACE ( 'NONE', ( #9345 ), #5520, .F. ) ;
#3330 = LINE ( 'NONE', #2678, #7402 ) ;
#3331 = DIRECTION ( 'NONE',  ( 0.000000000000000000, 0.7559289460184561715, 0.6546536707079751993 ) ) ;
#3332 = ORIENTED_EDGE ( 'NONE', *, *, #6779, .F. ) ;
#3333 = CARTESIAN_POINT ( 'NONE',  ( 2.000000000000000000, -13.84606891411683449, 4.116234780174001351 ) ) ;
#3334 = DIRECTION ( 'NONE',  ( 0.000000000000000000, 0.7071067811865475727, -0.7071067811865475727 ) ) ;
#3335 = VECTOR ( 'NONE', #4563, 1000.000000000000114 ) ;
#3336 = DIRECTION ( 'NONE',  ( -0.4330127018922204085, 0.7499999999999990008, 0.5000000000000003331 ) ) ;
#3337 = ORIENTED_EDGE ( 'NONE', *, *, #9333, .F. ) ;
#3338 = LINE ( 'NONE', #2018, #3230 ) ;
#3339 = CARTESIAN_POINT ( 'NONE',  ( -6.999999999999997335, -9.999999999999987566, -15.00000000000000355 ) ) ;
#3340 = LINE ( 'NONE', #1193, #305 ) ;
#3341 = ORIENTED_EDGE ( 'NONE', *, *, #1914, .T. ) ;
#3342 = FACE_OUTER_BOUND ( 'NONE', #5753, .T. ) ;
#3343 = LINE ( 'NONE', #1045, #5869 ) ;
#3344 = AXIS2_PLACEMENT_3D ( 'NONE', #8246, #5975, #531 ) ;
#3345 = CARTESIAN_POINT ( 'NONE',  ( -29.56217782649112635, -12.35025253169416715, -7.038399131237476070 ) ) ;
#3346 = EDGE_LOOP ( 'NONE', ( #1508, #2616, #1249, #3302 ) ) ;
#3347 = CARTESIAN_POINT ( 'NONE',  ( -3.000000000000000000, -22.24974746830583783, -4.949747468305832676 ) ) ;
#3348 = CARTESIAN_POINT ( 'NONE',  ( -2.680147770384166566E-15, 15.44999999999999751, -10.24999999999999467 ) ) ;
#3349 = CARTESIAN_POINT ( 'NONE',  ( -7.000000000000000000, -29.00000000000000000, 15.00000000000000178 ) ) ;
#3350 = AXIS2_PLACEMENT_3D ( 'NONE', #5634, #1919, #7148 ) ;
#3351 = EDGE_CURVE ( 'NONE', #4661, #4864, #2227, .T. ) ;
#3352 = PLANE ( 'NONE',  #3802 ) ;
#3353 = DIRECTION ( 'NONE',  ( 0.8660254037844378194, 0.5000000000000015543, 1.153777611830138980E-15 ) ) ;
#3354 = ORIENTED_EDGE ( 'NONE', *, *, #1072, .T. ) ;
#3355 = VERTEX_POINT ( 'NONE', #1775 ) ;
#3356 = VERTEX_POINT ( 'NONE', #7911 ) ;
#3357 = CARTESIAN_POINT ( 'NONE',  ( -15.56217782649111214, 41.95448267190435132, -10.50000000000000000 ) ) ;
#3358 = VERTEX_POINT ( 'NONE', #1029 ) ;
#3359 = ORIENTED_EDGE ( 'NONE', *, *, #5215, .F. ) ;
#3360 = CARTESIAN_POINT ( 'NONE',  ( 2.000000000000000000, -12.35025253169416715, -7.038399131237475181 ) ) ;
#3361 = DIRECTION ( 'NONE',  ( 0.000000000000000000, -0.7071067811865472397, -0.7071067811865479058 ) ) ;
#3362 = DIRECTION ( 'NONE',  ( 0.3535533905932746190, -0.6123724356957940262, 0.7071067811865475727 ) ) ;
#3363 = EDGE_CURVE ( 'NONE', #6926, #2768, #4082, .T. ) ;
#3364 = VECTOR ( 'NONE', #386, 1000.000000000000000 ) ;
#3365 = CYLINDRICAL_SURFACE ( 'NONE', #6201, 1.099999999999987876 ) ;
#3366 = ORIENTED_EDGE ( 'NONE', *, *, #5677, .T. ) ;
#3367 = EDGE_CURVE ( 'NONE', #8959, #7543, #1332, .T. ) ;
#3368 = ORIENTED_EDGE ( 'NONE', *, *, #5806, .F. ) ;
#3369 = VERTEX_POINT ( 'NONE', #9597 ) ;
#3370 = LINE ( 'NONE', #9435, #9146 ) ;
#3371 = CIRCLE ( 'NONE', #2735, 1.599999999999990763 ) ;
#3372 = CARTESIAN_POINT ( 'NONE',  ( 1.681940268242103409, -8.538118166863013059, 6.493334213187354820 ) ) ;
#3373 = VERTEX_POINT ( 'NONE', #5781 ) ;
#3374 = ADVANCED_FACE ( 'NONE', ( #7507 ), #8200, .T. ) ;
#3375 = DIRECTION ( 'NONE',  ( 0.000000000000000000, 0.000000000000000000, -1.000000000000000000 ) ) ;
#3376 = VERTEX_POINT ( 'NONE', #8153 ) ;
#3377 = AXIS2_PLACEMENT_3D ( 'NONE', #8427, #6112, #6875 ) ;
#3378 = VECTOR ( 'NONE', #1912, 1000.000000000000000 ) ;
#3379 = FACE_OUTER_BOUND ( 'NONE', #7138, .T. ) ;
#3380 = VERTEX_POINT ( 'NONE', #5211 ) ;
#3381 = CARTESIAN_POINT ( 'NONE',  ( -13.71506350946114416, 47.75518682742054466, 24.17431578064990916 ) ) ;
#3382 = LINE ( 'NONE', #272, #2764 ) ;
#3383 = ORIENTED_EDGE ( 'NONE', *, *, #4419, .T. ) ;
#3384 = DIRECTION ( 'NONE',  ( 0.000000000000000000, 0.000000000000000000, -1.000000000000000000 ) ) ;
#3385 = ORIENTED_EDGE ( 'NONE', *, *, #7942, .F. ) ;
#3386 = AXIS2_PLACEMENT_3D ( 'NONE', #3862, #3805, #6767 ) ;
#3387 = PLANE ( 'NONE',  #4702 ) ;
#3388 = VECTOR ( 'NONE', #5068, 1000.000000000000114 ) ;
#3389 = MECHANICAL_DESIGN_GEOMETRIC_PRESENTATION_REPRESENTATION (  '', ( #9471 ), #1944 ) ;
#3390 = EDGE_CURVE ( 'NONE', #1095, #5913, #2071, .T. ) ;
#3391 = EDGE_CURVE ( 'NONE', #4489, #9328, #8240, .T. ) ;
#3392 = CARTESIAN_POINT ( 'NONE',  ( -8.908716857408371936, 35.23035022727662380, 15.24130307875772061 ) ) ;
#3393 = EDGE_LOOP ( 'NONE', ( #5282, #371, #3857, #8932, #1478, #5644, #5548, #3948, #2374, #9292, #828, #2612, #1532, #2891, #3849, #1425, #8462, #2744, #636, #2795, #6600, #8877, #7830, #6177, #101, #8272, #1209, #4110 ) ) ;
#3394 = DIRECTION ( 'NONE',  ( -1.000000000000000000, -0.000000000000000000, -0.000000000000000000 ) ) ;
#3395 = CARTESIAN_POINT ( 'NONE',  ( -7.000000000000000888, 1.999999999999999112, -19.00000000000001776 ) ) ;
#3396 = ORIENTED_EDGE ( 'NONE', *, *, #5562, .T. ) ;
#3397 = DIRECTION ( 'NONE',  ( 0.000000000000000000, 1.000000000000000000, -0.000000000000000000 ) ) ;
#3398 = VECTOR ( 'NONE', #9354, 1000.000000000000000 ) ;
#3399 = CARTESIAN_POINT ( 'NONE',  ( -17.41672955930068412, 48.96666049839541301, 13.34863156129982542 ) ) ;
#3400 = AXIS2_PLACEMENT_3D ( 'NONE', #6956, #8658, #6299 ) ;
#3401 = ORIENTED_EDGE ( 'NONE', *, *, #7713, .F. ) ;
#3402 = PLANE ( 'NONE',  #6251 ) ;
#3403 = DIRECTION ( 'NONE',  ( 0.8660254037844378194, 0.5000000000000015543, 1.153777611830138980E-15 ) ) ;
#3404 = EDGE_CURVE ( 'NONE', #5307, #1025, #5116, .T. ) ;
#3405 = FACE_OUTER_BOUND ( 'NONE', #2980, .T. ) ;
#3406 = VECTOR ( 'NONE', #2584, 1000.000000000000000 ) ;
#3407 = LINE ( 'NONE', #1203, #4302 ) ;
#3408 = CARTESIAN_POINT ( 'NONE',  ( 0.000000000000000000, -17.30000000000000426, -1.016456843292302834E-15 ) ) ;
#3409 = ORIENTED_EDGE ( 'NONE', *, *, #3113, .T. ) ;
#3410 = DIRECTION ( 'NONE',  ( -1.000000000000000000, -0.000000000000000000, -0.000000000000000000 ) ) ;
#3411 = EDGE_LOOP ( 'NONE', ( #448, #8782, #6082, #4940 ) ) ;
#3412 = ORIENTED_EDGE ( 'NONE', *, *, #5271, .F. ) ;
#3413 = CARTESIAN_POINT ( 'NONE',  ( -10.02627944162882478, 24.36602540378443749, 17.00000000000001421 ) ) ;
#3414 = ORIENTED_EDGE ( 'NONE', *, *, #2260, .T. ) ;
#3415 = CARTESIAN_POINT ( 'NONE',  ( -18.86672955930068341, 51.47813416937027853, 11.67431578064991093 ) ) ;
#3416 = CARTESIAN_POINT ( 'NONE',  ( -7.732050807568839446, 38.39230484541316457, 16.48260615751541636 ) ) ;
#3417 = CARTESIAN_POINT ( 'NONE',  ( -1.165063509461097491, 26.01794919243113213, -24.49999999999996447 ) ) ;
#3418 = FACE_BOUND ( 'NONE', #4861, .T. ) ;
#3419 = ORIENTED_EDGE ( 'NONE', *, *, #2688, .F. ) ;
#3420 = CARTESIAN_POINT ( 'NONE',  ( 2.000000000000005329, -13.09542751534581484, -10.05641935388978148 ) ) ;
#3421 = AXIS2_PLACEMENT_3D ( 'NONE', #2591, #4988, #7212 ) ;
#3422 = VERTEX_POINT ( 'NONE', #3669 ) ;
#3423 = CARTESIAN_POINT ( 'NONE',  ( -23.98371685740856307, 61.34101615137767993, -11.51739384248461739 ) ) ;
#3424 = EDGE_CURVE ( 'NONE', #568, #7156, #1368, .T. ) ;
#3425 = ORIENTED_EDGE ( 'NONE', *, *, #4313, .F. ) ;
#3426 = DIRECTION ( 'NONE',  ( 0.000000000000000000, 0.000000000000000000, -1.000000000000000000 ) ) ;
#3427 = EDGE_CURVE ( 'NONE', #379, #2527, #5751, .T. ) ;
#3428 = LINE ( 'NONE', #6436, #8431 ) ;
#3429 = VERTEX_POINT ( 'NONE', #9738 ) ;
#3430 = ORIENTED_EDGE ( 'NONE', *, *, #6617, .T. ) ;
#3431 = DIRECTION ( 'NONE',  ( -0.5000000000000014433, 0.8660254037844379305, 0.000000000000000000 ) ) ;
#3432 = CYLINDRICAL_SURFACE ( 'NONE', #7806, 1.099999999999987876 ) ;
#3433 = CARTESIAN_POINT ( 'NONE',  ( -3.000000000000000000, -12.00000000000000000, -12.50000000000000000 ) ) ;
#3434 = ADVANCED_FACE ( 'NONE', ( #4418 ), #2020, .T. ) ;
#3435 = DIRECTION ( 'NONE',  ( 0.3535533905932756182, -0.6123724356957956916, 0.7071067811865456854 ) ) ;
#3436 = ORIENTED_EDGE ( 'NONE', *, *, #6646, .T. ) ;
#3437 = DIRECTION ( 'NONE',  ( 0.000000000000000000, 0.7660444431189714631, -0.6427876096865470235 ) ) ;
#3438 = ORIENTED_EDGE ( 'NONE', *, *, #7744, .F. ) ;
#3439 = CARTESIAN_POINT ( 'NONE',  ( -8.165063509461054636, 38.14230484541315747, 11.51739384248461029 ) ) ;
#3440 = LINE ( 'NONE', #5735, #7634 ) ;
#3441 = ORIENTED_EDGE ( 'NONE', *, *, #2750, .T. ) ;
#3442 = ORIENTED_EDGE ( 'NONE', *, *, #1166, .F. ) ;
#3443 = CARTESIAN_POINT ( 'NONE',  ( -12.56217782649109793, 36.75833024919774061, -23.99999999999999645 ) ) ;
#3444 = CARTESIAN_POINT ( 'NONE',  ( -17.98241498424992102, 49.94645639550868310, 21.36862915010151553 ) ) ;
#3445 = CARTESIAN_POINT ( 'NONE',  ( -20.09480812775588277, 54.60522864562112488, -11.27781745930519008 ) ) ;
#3446 = CARTESIAN_POINT ( 'NONE',  ( 0.000000000000000000, -29.00000000000000000, 15.00000000000000178 ) ) ;
#3447 = EDGE_CURVE ( 'NONE', #5240, #6854, #6728, .T. ) ;
#3448 = ORIENTED_EDGE ( 'NONE', *, *, #2192, .T. ) ;
#3449 = DIRECTION ( 'NONE',  ( 0.000000000000000000, 0.7071067811865483499, -0.7071067811865467956 ) ) ;
#3450 = DIRECTION ( 'NONE',  ( 0.5000000000000019984, -0.8660254037844373753, 0.000000000000000000 ) ) ;
#3451 = CARTESIAN_POINT ( 'NONE',  ( -1.800000000000000044, -9.000000000000003553, -8.150000000000000355 ) ) ;
#3452 = CARTESIAN_POINT ( 'NONE',  ( -7.000000000000000000, -28.99999999999999645, -15.00000000000000888 ) ) ;
#3453 = ORIENTED_EDGE ( 'NONE', *, *, #445, .F. ) ;
#3454 = EDGE_LOOP ( 'NONE', ( #5820, #4411, #6672, #8600 ) ) ;
#3455 = DIRECTION ( 'NONE',  ( 0.000000000000000000, 0.000000000000000000, -1.000000000000000000 ) ) ;
#3456 = EDGE_CURVE ( 'NONE', #2172, #5821, #4379, .T. ) ;
#3457 = ORIENTED_EDGE ( 'NONE', *, *, #5065, .F. ) ;
#3458 = ORIENTED_EDGE ( 'NONE', *, *, #1142, .T. ) ;
#3459 = FACE_OUTER_BOUND ( 'NONE', #1820, .T. ) ;
#3460 = CARTESIAN_POINT ( 'NONE',  ( -25.66506350946115589, 68.45319397786859383, -26.50000000000000000 ) ) ;
#3461 = ORIENTED_EDGE ( 'NONE', *, *, #3531, .T. ) ;
#3462 = CARTESIAN_POINT ( 'NONE',  ( -26.09807621135338351, 68.20319397786859383, 22.49999999999996803 ) ) ;
#3463 = CARTESIAN_POINT ( 'NONE',  ( -3.000000000000000000, -14.43931226317543803, -7.439391908442491541 ) ) ;
#3464 = ORIENTED_EDGE ( 'NONE', *, *, #3456, .F. ) ;
#3465 = VECTOR ( 'NONE', #8028, 1000.000000000000114 ) ;
#3466 = LINE ( 'NONE', #1319, #4291 ) ;
#3467 = VECTOR ( 'NONE', #4028, 1000.000000000000000 ) ;
#3468 = CARTESIAN_POINT ( 'NONE',  ( -9.526279441628826561, 23.50000000000000711, 12.50000000000000000 ) ) ;
#3469 = FACE_OUTER_BOUND ( 'NONE', #6984, .T. ) ;
#3470 = AXIS2_PLACEMENT_3D ( 'NONE', #2964, #4323, #4525 ) ;
#3471 = DIRECTION ( 'NONE',  ( 0.000000000000000000, 1.000000000000000000, 2.168404344971009115E-16 ) ) ;
#3472 = ORIENTED_EDGE ( 'NONE', *, *, #200, .T. ) ;
#3473 = EDGE_CURVE ( 'NONE', #1873, #5276, #7361, .T. ) ;
#3474 = ORIENTED_EDGE ( 'NONE', *, *, #4398, .F. ) ;
#3475 = CARTESIAN_POINT ( 'NONE',  ( -12.36498180953309323, 45.41677672877621319, -22.83355345755231980 ) ) ;
#3476 = LINE ( 'NONE', #3569, #4740 ) ;
#3477 = EDGE_CURVE ( 'NONE', #7868, #1650, #6635, .T. ) ;
#3478 = CARTESIAN_POINT ( 'NONE',  ( -3.000000000000000000, -9.848528137423857132, -11.09852813742385358 ) ) ;
#3479 = AXIS2_PLACEMENT_3D ( 'NONE', #229, #4200, #3291 ) ;
#3480 = DIRECTION ( 'NONE',  ( 0.000000000000000000, -0.000000000000000000, -1.000000000000000000 ) ) ;
#3481 = CARTESIAN_POINT ( 'NONE',  ( 0.000000000000000000, -29.00000000000000000, 12.50000000000000000 ) ) ;
#3482 = ORIENTED_EDGE ( 'NONE', *, *, #5561, .T. ) ;
#3483 = DIRECTION ( 'NONE',  ( 0.000000000000000000, 1.000000000000000000, -6.676953772165148237E-17 ) ) ;
#3484 = DIRECTION ( 'NONE',  ( 3.493754880784079453E-16, -6.051360962709750431E-16, 1.000000000000000000 ) ) ;
#3485 = ORIENTED_EDGE ( 'NONE', *, *, #7376, .T. ) ;
#3486 = CIRCLE ( 'NONE', #5393, 1.599999999999990763 ) ;
#3487 = EDGE_CURVE ( 'NONE', #6719, #9300, #6388, .T. ) ;
#3488 = EDGE_CURVE ( 'NONE', #910, #6989, #8904, .T. ) ;
#3489 = VECTOR ( 'NONE', #6576, 1000.000000000000000 ) ;
#3490 = CARTESIAN_POINT ( 'NONE',  ( -4.500000000000000888, -27.49999999999998579, 0.000000000000000000 ) ) ;
#3491 = FACE_OUTER_BOUND ( 'NONE', #6992, .T. ) ;
#3492 = DIRECTION ( 'NONE',  ( 0.000000000000000000, 0.000000000000000000, 1.000000000000000000 ) ) ;
#3493 = EDGE_CURVE ( 'NONE', #2183, #1256, #9693, .T. ) ;
#3494 = CARTESIAN_POINT ( 'NONE',  ( -3.000000000000000000, 15.44999999999999751, -10.24999999999999467 ) ) ;
#3495 = ORIENTED_EDGE ( 'NONE', *, *, #1587, .T. ) ;
#3496 = ORIENTED_EDGE ( 'NONE', *, *, #9795, .T. ) ;
#3497 = PLANE ( 'NONE',  #4817 ) ;
#3498 = VECTOR ( 'NONE', #9336, 1000.000000000000000 ) ;
#3499 = CARTESIAN_POINT ( 'NONE',  ( -13.56568542494927598, 52.49645639550868736, -11.13137084989847203 ) ) ;
#3500 = DIRECTION ( 'NONE',  ( -0.000000000000000000, 1.000000000000000000, 0.000000000000000000 ) ) ;
#3501 = ADVANCED_FACE ( 'NONE', ( #7461 ), #9649, .F. ) ;
#3502 = VECTOR ( 'NONE', #1805, 1000.000000000000000 ) ;
#3503 = CARTESIAN_POINT ( 'NONE',  ( 0.000000000000000000, -6.000000000000008882, -6.222539674441586399 ) ) ;
#3504 = ORIENTED_EDGE ( 'NONE', *, *, #1063, .T. ) ;
#3505 = ORIENTED_EDGE ( 'NONE', *, *, #5810, .T. ) ;
#3506 = CARTESIAN_POINT ( 'NONE',  ( -14.58164895966814889, 18.27187997114844720, 18.00000000000002842 ) ) ;
#3507 = ORIENTED_EDGE ( 'NONE', *, *, #9282, .T. ) ;
#3508 = CARTESIAN_POINT ( 'NONE',  ( -17.41672955930068412, 48.96666049839542012, -25.84863156129981832 ) ) ;
#3509 = LINE ( 'NONE', #6568, #7249 ) ;
#3510 = CIRCLE ( 'NONE', #9594, 1.100000000000058265 ) ;
#3511 = DIRECTION ( 'NONE',  ( -0.000000000000000000, 1.000000000000000000, -1.087600925377308960E-16 ) ) ;
#3512 = DIRECTION ( 'NONE',  ( 0.000000000000000000, 0.000000000000000000, 1.000000000000000000 ) ) ;
#3513 = EDGE_CURVE ( 'NONE', #9658, #4233, #2876, .T. ) ;
#3514 = EDGE_CURVE ( 'NONE', #1715, #5064, #3769, .T. ) ;
#3515 = CARTESIAN_POINT ( 'NONE',  ( -13.71506350946114416, 47.75518682742054466, -8.325684219350083737 ) ) ;
#3516 = VERTEX_POINT ( 'NONE', #6259 ) ;
#3517 = CIRCLE ( 'NONE', #4950, 1.100000000000116218 ) ;
#3518 = DIRECTION ( 'NONE',  ( 0.8660254037844378194, 0.5000000000000013323, -0.000000000000000000 ) ) ;
#3519 = ORIENTED_EDGE ( 'NONE', *, *, #7429, .T. ) ;
#3520 = ORIENTED_EDGE ( 'NONE', *, *, #6725, .T. ) ;
#3521 = CARTESIAN_POINT ( 'NONE',  ( 6.530942860263101224, -20.16068773682459536, 2.460103028169140504 ) ) ;
#3522 = DIRECTION ( 'NONE',  ( 0.2500000000000001665, -0.4330127018922179660, -0.8660254037844392627 ) ) ;
#3523 = VECTOR ( 'NONE', #2614, 1000.000000000000114 ) ;
#3524 = DIRECTION ( 'NONE',  ( 0.8660254037844380415, 0.5000000000000012212, -0.000000000000000000 ) ) ;
#3525 = CARTESIAN_POINT ( 'NONE',  ( -15.96672955930068483, 46.45518682742054750, -24.17431578064990916 ) ) ;
#3526 = CARTESIAN_POINT ( 'NONE',  ( -0.3267309031616753567, 43.56591452467885972, 13.22218254069420063 ) ) ;
#3527 = CARTESIAN_POINT ( 'NONE',  ( 0.3499999999999978684, -12.35025253169419912, -9.192321158635740730 ) ) ;
#3528 = AXIS2_PLACEMENT_3D ( 'NONE', #4148, #5040, #9564 ) ;
#3529 = DIRECTION ( 'NONE',  ( 0.4330127018922205195, -0.7499999999999993339, -0.4999999999999998890 ) ) ;
#3530 = CARTESIAN_POINT ( 'NONE',  ( -17.41672955930069122, 48.96666049839542723, -19.15136843870016747 ) ) ;
#3531 = EDGE_CURVE ( 'NONE', #769, #410, #6359, .T. ) ;
#3532 = CARTESIAN_POINT ( 'NONE',  ( -18.23205080756895313, 56.57883832488650455, -12.98260615751540392 ) ) ;
#3533 = CARTESIAN_POINT ( 'NONE',  ( -26.06217782649130044, 60.14101615137785473, -15.55563491861047432 ) ) ;
#3534 = VECTOR ( 'NONE', #2882, 1000.000000000000114 ) ;
#3535 = ORIENTED_EDGE ( 'NONE', *, *, #5984, .T. ) ;
#3536 = AXIS2_PLACEMENT_3D ( 'NONE', #6178, #9248, #7767 ) ;
#3537 = AXIS2_PLACEMENT_3D ( 'NONE', #3347, #2604, #4150 ) ;
#3538 = PLANE ( 'NONE',  #2686 ) ;
#3539 = ORIENTED_EDGE ( 'NONE', *, *, #6461, .T. ) ;
#3540 = CARTESIAN_POINT ( 'NONE',  ( 0.3499999999999944267, -10.26119280021293534, 2.460103028169140504 ) ) ;
#3541 = ORIENTED_EDGE ( 'NONE', *, *, #1409, .F. ) ;
#3542 = PLANE ( 'NONE',  #8865 ) ;
#3543 = CARTESIAN_POINT ( 'NONE',  ( -6.562177826491073951, 26.36602540378444104, -21.49999999999996803 ) ) ;
#3544 = DIRECTION ( 'NONE',  ( -1.000000000000000000, -0.000000000000000000, 0.000000000000000000 ) ) ;
#3545 = VERTEX_POINT ( 'NONE', #7074 ) ;
#3546 = AXIS2_PLACEMENT_3D ( 'NONE', #8941, #8990, #2776 ) ;
#3547 = CIRCLE ( 'NONE', #7724, 10.90000000000000036 ) ;
#3548 = DIRECTION ( 'NONE',  ( -0.8660254037844380415, -0.5000000000000012212, -1.730666417745208569E-15 ) ) ;
#3549 = EDGE_CURVE ( 'NONE', #2325, #1899, #1761, .T. ) ;
#3550 = FACE_OUTER_BOUND ( 'NONE', #8051, .T. ) ;
#3551 = CARTESIAN_POINT ( 'NONE',  ( -12.30705080756892045, 46.31643729004088783, 9.258696921242325573 ) ) ;
#3552 = ADVANCED_FACE ( 'NONE', ( #6830 ), #3260, .F. ) ;
#3553 = VECTOR ( 'NONE', #3560, 1000.000000000000114 ) ;
#3554 = CIRCLE ( 'NONE', #9156, 3.249999999999999556 ) ;
#3555 = LINE ( 'NONE', #6613, #5408 ) ;
#3556 = ORIENTED_EDGE ( 'NONE', *, *, #4888, .T. ) ;
#3557 = CARTESIAN_POINT ( 'NONE',  ( -8.908716857408371936, 35.23035022727662380, 12.75869692124229715 ) ) ;
#3558 = EDGE_CURVE ( 'NONE', #4112, #5383, #1753, .T. ) ;
#3559 = EDGE_CURVE ( 'NONE', #2445, #3422, #4576, .T. ) ;
#3560 = DIRECTION ( 'NONE',  ( 0.3779644730092264759, -0.6546536707079737560, -0.6546536707079809725 ) ) ;
#3561 = VECTOR ( 'NONE', #5925, 1000.000000000000000 ) ;
#3562 = LINE ( 'NONE', #6666, #566 ) ;
#3563 = CARTESIAN_POINT ( 'NONE',  ( -10.24796727811588859, 32.75000000000002842, -11.00000000000000000 ) ) ;
#3564 = EDGE_LOOP ( 'NONE', ( #9708, #1717, #210, #4055 ) ) ;
#3565 = B_SPLINE_CURVE_WITH_KNOTS ( 'NONE', 3,
 ( #9241, #8592, #1674, #2425, #3983, #1722 ),
 .UNSPECIFIED., .F., .F.,
 ( 4, 2, 4 ),
 ( 0.03623175427624132638, 0.03784676193322761978, 0.03946176959021391317 ),
 .UNSPECIFIED. ) ;
#3566 = DIRECTION ( 'NONE',  ( -0.8660254037844379305, -0.5000000000000011102, 0.000000000000000000 ) ) ;
#3567 = VECTOR ( 'NONE', #3194, 1000.000000000000000 ) ;
#3568 = ORIENTED_EDGE ( 'NONE', *, *, #1189, .T. ) ;
#3569 = CARTESIAN_POINT ( 'NONE',  ( -18.86672955930068341, 51.47813416937027853, 24.17431578064991271 ) ) ;
#3570 = CARTESIAN_POINT ( 'NONE',  ( -9.433716857408288803, 36.13967690125014087, 14.00000000000001066 ) ) ;
#3571 = EDGE_CURVE ( 'NONE', #9477, #2734, #5552, .T. ) ;
#3572 = CARTESIAN_POINT ( 'NONE',  ( 1.086100774701941329, -29.00000000000000355, 1.858850364767143493 ) ) ;
#3573 = CARTESIAN_POINT ( 'NONE',  ( -19.74006350946116584, 58.19079294302303396, 9.258696921242297151 ) ) ;
#3574 = VERTEX_POINT ( 'NONE', #6783 ) ;
#3575 = VECTOR ( 'NONE', #6085, 1000.000000000000114 ) ;
#3576 = DIRECTION ( 'NONE',  ( -0.000000000000000000, -0.000000000000000000, -1.000000000000000000 ) ) ;
#3577 = VERTEX_POINT ( 'NONE', #2968 ) ;
#3578 = CARTESIAN_POINT ( 'NONE',  ( -17.41672955930068412, 48.96666049839541301, -10.00000000000000000 ) ) ;
#3579 = DIRECTION ( 'NONE',  ( -0.4330127018922211302, 0.7499999999999983347, -0.5000000000000008882 ) ) ;
#3580 = CARTESIAN_POINT ( 'NONE',  ( -15.95108655614371074, 42.62809235116973383, -11.27781745930520074 ) ) ;
#3581 = EDGE_CURVE ( 'NONE', #3318, #9328, #5605, .T. ) ;
#3582 = ORIENTED_EDGE ( 'NONE', *, *, #8102, .T. ) ;
#3583 = DIRECTION ( 'NONE',  ( -1.000000000000000000, -0.000000000000000000, -0.000000000000000000 ) ) ;
#3584 = CARTESIAN_POINT ( 'NONE',  ( 0.000000000000000000, -7.691567287859364832, 8.607439852608044006 ) ) ;
#3585 = CARTESIAN_POINT ( 'NONE',  ( -25.05871685740856236, 63.20297076951423065, 12.75869692124230781 ) ) ;
#3586 = ORIENTED_EDGE ( 'NONE', *, *, #445, .T. ) ;
#3587 = LINE ( 'NONE', #1986, #8011 ) ;
#3588 = CARTESIAN_POINT ( 'NONE',  ( 10.00000000000000178, -15.00190296114371868, -2.298097038856282914 ) ) ;
#3589 = ORIENTED_EDGE ( 'NONE', *, *, #2366, .F. ) ;
#3590 = FACE_OUTER_BOUND ( 'NONE', #9939, .T. ) ;
#3591 = DIRECTION ( 'NONE',  ( -0.8660254037844379305, -0.5000000000000011102, -0.000000000000000000 ) ) ;
#3592 = ORIENTED_EDGE ( 'NONE', *, *, #4833, .T. ) ;
#3593 = ORIENTED_EDGE ( 'NONE', *, *, #2606, .F. ) ;
#3594 = CARTESIAN_POINT ( 'NONE',  ( -6.938893903907228378E-15, -6.000000000000001776, -10.50000000000000533 ) ) ;
#3595 = DIRECTION ( 'NONE',  ( 0.000000000000000000, 0.000000000000000000, -1.000000000000000000 ) ) ;
#3596 = CARTESIAN_POINT ( 'NONE',  ( -6.350852961085911907, 35.00000000000002132, 11.00000000000000178 ) ) ;
#3597 = EDGE_LOOP ( 'NONE', ( #1, #3457, #3062, #3675 ) ) ;
#3598 = ADVANCED_FACE ( 'NONE', ( #4012 ), #664, .F. ) ;
#3599 = LINE ( 'NONE', #7529, #4456 ) ;
#3600 = EDGE_LOOP ( 'NONE', ( #1672, #8394, #9527, #4454, #602 ) ) ;
#3601 = DIRECTION ( 'NONE',  ( -1.000000000000000000, -0.000000000000000000, -0.000000000000000000 ) ) ;
#3602 = CIRCLE ( 'NONE', #1207, 12.89999999999998082 ) ;
#3603 = VERTEX_POINT ( 'NONE', #4808 ) ;
#3604 = EDGE_CURVE ( 'NONE', #9791, #466, #7129, .T. ) ;
#3605 = DIRECTION ( 'NONE',  ( 0.5000000000000025535, -0.8660254037844371533, 0.000000000000000000 ) ) ;
#3606 = DIRECTION ( 'NONE',  ( -0.000000000000000000, 0.7071067811865514585, -0.7071067811865435759 ) ) ;
#3607 = ORIENTED_EDGE ( 'NONE', *, *, #7441, .T. ) ;
#3608 = LINE ( 'NONE', #2104, #6964 ) ;
#3609 = CARTESIAN_POINT ( 'NONE',  ( 2.000000000000005329, -8.337726650302862197, 6.203842068050118286 ) ) ;
#3610 = VECTOR ( 'NONE', #444, 1000.000000000000000 ) ;
#3611 = ORIENTED_EDGE ( 'NONE', *, *, #2868, .F. ) ;
#3612 = EDGE_CURVE ( 'NONE', #6426, #9169, #8016, .T. ) ;
#3613 = EDGE_CURVE ( 'NONE', #871, #6719, #4862, .T. ) ;
#3614 = DIRECTION ( 'NONE',  ( 0.8660254037844388186, 0.4999999999999996114, 1.540743955509788682E-31 ) ) ;
#3615 = ORIENTED_EDGE ( 'NONE', *, *, #8099, .T. ) ;
#3616 = DIRECTION ( 'NONE',  ( 0.000000000000000000, 0.000000000000000000, -1.000000000000000000 ) ) ;
#3617 = ORIENTED_EDGE ( 'NONE', *, *, #7604, .F. ) ;
#3618 = LINE ( 'NONE', #9777, #6096 ) ;
#3619 = CARTESIAN_POINT ( 'NONE',  ( 1.060111004687040115, -29.00000000000001066, -1.872098903015369409 ) ) ;
#3620 = DIRECTION ( 'NONE',  ( -0.8660254037844379305, -0.5000000000000012212, 0.000000000000000000 ) ) ;
#3621 = EDGE_CURVE ( 'NONE', #7996, #361, #1916, .T. ) ;
#3622 = CIRCLE ( 'NONE', #735, 1.000000000000000888 ) ;
#3623 = CARTESIAN_POINT ( 'NONE',  ( -18.21672955930068127, 50.35230114445050020, 22.50000000000000000 ) ) ;
#3624 = DIRECTION ( 'NONE',  ( -0.4330127018922205195, 0.7499999999999995559, -0.4999999999999995004 ) ) ;
#3625 = DIRECTION ( 'NONE',  ( 0.000000000000000000, 0.000000000000000000, -1.000000000000000000 ) ) ;
#3626 = DIRECTION ( 'NONE',  ( 0.4330127018922211302, -0.7499999999999983347, -0.5000000000000008882 ) ) ;
#3627 = AXIS2_PLACEMENT_3D ( 'NONE', #9170, #8416, #5145 ) ;
#3628 = CARTESIAN_POINT ( 'NONE',  ( -4.770489558936219510E-15, 23.22649730810374180, 15.00000000000000178 ) ) ;
#3629 = PLANE ( 'NONE',  #2336 ) ;
#3630 = ORIENTED_EDGE ( 'NONE', *, *, #7555, .T. ) ;
#3631 = ADVANCED_FACE ( 'NONE', ( #243 ), #761, .T. ) ;
#3632 = AXIS2_PLACEMENT_3D ( 'NONE', #7519, #9006, #7564 ) ;
#3633 = CARTESIAN_POINT ( 'NONE',  ( -18.66506350946117365, 56.32883832488650455, 12.98260615751540037 ) ) ;
#3634 = EDGE_LOOP ( 'NONE', ( #8869, #9758, #4831, #4340 ) ) ;
#3635 = CARTESIAN_POINT ( 'NONE',  ( 2.000000000000005329, -13.09542751534581484, -10.05641935388978148 ) ) ;
#3636 = DIRECTION ( 'NONE',  ( -0.5000000000000025535, 0.8660254037844372643, 0.000000000000000000 ) ) ;
#3637 = ORIENTED_EDGE ( 'NONE', *, *, #1165, .F. ) ;
#3638 = CARTESIAN_POINT ( 'NONE',  ( 1.298049286284040260, -6.000000000000001776, 2.676896151116340494 ) ) ;
#3639 = DIRECTION ( 'NONE',  ( -0.000000000000000000, 0.7660444431189771253, 0.6427876096865403621 ) ) ;
#3640 = VECTOR ( 'NONE', #1749, 999.9999999999998863 ) ;
#3641 = FACE_OUTER_BOUND ( 'NONE', #1102, .T. ) ;
#3642 = ORIENTED_EDGE ( 'NONE', *, *, #4431, .F. ) ;
#3643 = FACE_OUTER_BOUND ( 'NONE', #9008, .T. ) ;
#3644 = ORIENTED_EDGE ( 'NONE', *, *, #5515, .T. ) ;
#3645 = DIRECTION ( 'NONE',  ( -0.8660254037844379305, -0.5000000000000013323, 0.000000000000000000 ) ) ;
#3646 = ORIENTED_EDGE ( 'NONE', *, *, #6546, .F. ) ;
#3647 = AXIS2_PLACEMENT_3D ( 'NONE', #613, #9827, #3667 ) ;
#3648 = CARTESIAN_POINT ( 'NONE',  ( -18.86672955930068341, 51.47813416937027853, -24.17431578064991271 ) ) ;
#3649 = ORIENTED_EDGE ( 'NONE', *, *, #2074, .T. ) ;
#3650 = DIRECTION ( 'NONE',  ( 0.000000000000000000, 0.000000000000000000, -1.000000000000000000 ) ) ;
#3651 = DIRECTION ( 'NONE',  ( -0.7071067811865476838, 0.4545194776720490881, 0.5416752204196971787 ) ) ;
#3652 = EDGE_LOOP ( 'NONE', ( #7857, #8180, #9901, #4451 ) ) ;
#3653 = EDGE_CURVE ( 'NONE', #1262, #3173, #8335, .T. ) ;
#3654 = DIRECTION ( 'NONE',  ( 0.8660254037844380415, 0.5000000000000012212, -0.000000000000000000 ) ) ;
#3655 = VECTOR ( 'NONE', #9760, 1000.000000000000114 ) ;
#3656 = CYLINDRICAL_SURFACE ( 'NONE', #6534, 1.000000000000000000 ) ;
#3657 = ORIENTED_EDGE ( 'NONE', *, *, #5871, .F. ) ;
#3658 = ORIENTED_EDGE ( 'NONE', *, *, #6447, .T. ) ;
#3659 = ORIENTED_EDGE ( 'NONE', *, *, #3514, .F. ) ;
#3660 = LINE ( 'NONE', #467, #9779 ) ;
#3661 = CIRCLE ( 'NONE', #5573, 1.099999999999987876 ) ;
#3662 = CARTESIAN_POINT ( 'NONE',  ( -16.61672955930068696, 47.58101985234031872, 22.50000000000000000 ) ) ;
#3663 = EDGE_CURVE ( 'NONE', #4501, #7558, #6886, .T. ) ;
#3664 = PLANE ( 'NONE',  #9870 ) ;
#3665 = EDGE_CURVE ( 'NONE', #9750, #6426, #3018, .T. ) ;
#3666 = VECTOR ( 'NONE', #1870, 1000.000000000000000 ) ;
#3667 = DIRECTION ( 'NONE',  ( 0.000000000000000000, -0.8944271909999156334, 0.4472135954999584273 ) ) ;
#3668 = VERTEX_POINT ( 'NONE', #7840 ) ;
#3669 = CARTESIAN_POINT ( 'NONE',  ( 7.999999999999998224, -4.999999999999987566, -19.00000000000000355 ) ) ;
#3670 = ORIENTED_EDGE ( 'NONE', *, *, #2284, .F. ) ;
#3671 = CARTESIAN_POINT ( 'NONE',  ( 2.000000000000000000, -16.66369824536013411, -0.7583149020660747697 ) ) ;
#3672 = VECTOR ( 'NONE', #9138, 1000.000000000000000 ) ;
#3673 = CARTESIAN_POINT ( 'NONE',  ( -3.000000000000000000, -29.00000000000000000, -10.50000000000000533 ) ) ;
#3674 = ADVANCED_FACE ( 'NONE', ( #9674 ), #8728, .T. ) ;
#3675 = ORIENTED_EDGE ( 'NONE', *, *, #5502, .T. ) ;
#3676 = CARTESIAN_POINT ( 'NONE',  ( 10.00000000000000178, 15.44999999999999574, 8.552943725152292842 ) ) ;
#3677 = ORIENTED_EDGE ( 'NONE', *, *, #8943, .T. ) ;
#3678 = CARTESIAN_POINT ( 'NONE',  ( 6.999999999999969802, 1.999999999999997335, -19.00000000000000355 ) ) ;
#3679 = VECTOR ( 'NONE', #8299, 1000.000000000000114 ) ;
#3680 = DIRECTION ( 'NONE',  ( -0.000000000000000000, -0.000000000000000000, 1.000000000000000000 ) ) ;
#3681 = ORIENTED_EDGE ( 'NONE', *, *, #2996, .T. ) ;
#3682 = PLANE ( 'NONE',  #8529 ) ;
#3683 = CARTESIAN_POINT ( 'NONE',  ( -29.56217782649112635, 9.629649721936179265E-32, 10.50000000000000178 ) ) ;
#3684 = CARTESIAN_POINT ( 'NONE',  ( -8.807050807568844064, 40.25425946354970819, -15.24130307875773127 ) ) ;
#3685 = ORIENTED_EDGE ( 'NONE', *, *, #271, .T. ) ;
#3686 = LINE ( 'NONE', #5011, #7079 ) ;
#3687 = ORIENTED_EDGE ( 'NONE', *, *, #4729, .T. ) ;
#3688 = EDGE_CURVE ( 'NONE', #8255, #722, #7233, .T. ) ;
#3689 = ADVANCED_FACE ( 'NONE', ( #7387 ), #6471, .T. ) ;
#3690 = VECTOR ( 'NONE', #6170, 1000.000000000000114 ) ;
#3691 = CARTESIAN_POINT ( 'NONE',  ( -29.56217782649112635, 0.000000000000000000, -10.50000000000000533 ) ) ;
#3692 = CARTESIAN_POINT ( 'NONE',  ( -12.56217782649110859, 36.75833024919773351, 23.99999999999999645 ) ) ;
#3693 = ORIENTED_EDGE ( 'NONE', *, *, #1335, .F. ) ;
#3694 = VERTEX_POINT ( 'NONE', #5008 ) ;
#3695 = CARTESIAN_POINT ( 'NONE',  ( -6.562177826491072175, 26.36602540378444459, -17.00000000000001776 ) ) ;
#3696 = DIRECTION ( 'NONE',  ( -1.000000000000000000, 0.000000000000000000, 0.000000000000000000 ) ) ;
#3697 = AXIS2_PLACEMENT_3D ( 'NONE', #6365, #7133, #8732 ) ;
#3698 = VECTOR ( 'NONE', #5467, 1000.000000000000227 ) ;
#3699 = CARTESIAN_POINT ( 'NONE',  ( -13.00000000000004086, 51.51666049839542438, 22.50000000000000000 ) ) ;
#3700 = EDGE_LOOP ( 'NONE', ( #3269, #8997, #996, #2564 ) ) ;
#3701 = CARTESIAN_POINT ( 'NONE',  ( -11.23205080756890695, 44.45448267190433000, 12.98260615751539682 ) ) ;
#3702 = EDGE_CURVE ( 'NONE', #67, #4158, #6413, .T. ) ;
#3703 = LINE ( 'NONE', #2197, #4829 ) ;
#3704 = ORIENTED_EDGE ( 'NONE', *, *, #6618, .T. ) ;
#3705 = DIRECTION ( 'NONE',  ( -0.5000000000000025535, 0.8660254037844372643, 0.000000000000000000 ) ) ;
#3706 = VECTOR ( 'NONE', #1503, 1000.000000000000000 ) ;
#3707 = VECTOR ( 'NONE', #1329, 1000.000000000000227 ) ;
#3708 = PLANE ( 'NONE',  #940 ) ;
#3709 = ORIENTED_EDGE ( 'NONE', *, *, #7571, .T. ) ;
#3710 = ORIENTED_EDGE ( 'NONE', *, *, #691, .T. ) ;
#3711 = VECTOR ( 'NONE', #7142, 1000.000000000000000 ) ;
#3712 = PLANE ( 'NONE',  #9942 ) ;
#3713 = DIRECTION ( 'NONE',  ( 0.5000000000000015543, -0.8660254037844377084, 0.000000000000000000 ) ) ;
#3714 = ORIENTED_EDGE ( 'NONE', *, *, #7169, .F. ) ;
#3715 = DIRECTION ( 'NONE',  ( 0.5000000000000013323, -0.8660254037844379305, 0.000000000000000000 ) ) ;
#3716 = CONICAL_SURFACE ( 'NONE', #4369, 1.599999999999990319, 0.7853981633974492782 ) ;
#3717 = LINE ( 'NONE', #9078, #1731 ) ;
#3718 = ORIENTED_EDGE ( 'NONE', *, *, #9874, .T. ) ;
#3719 = CARTESIAN_POINT ( 'NONE',  ( -17.41672955930069122, 48.96666049839542723, 19.15136843870016747 ) ) ;
#3720 = EDGE_CURVE ( 'NONE', #5639, #1076, #299, .T. ) ;
#3721 = CARTESIAN_POINT ( 'NONE',  ( -5.154700538379271890, 35.00000000000002132, -12.50000000000000000 ) ) ;
#3722 = LINE ( 'NONE', #1230, #6249 ) ;
#3723 = VERTEX_POINT ( 'NONE', #1104 ) ;
#3724 = EDGE_CURVE ( 'NONE', #2855, #8980, #1206, .T. ) ;
#3725 = ORIENTED_EDGE ( 'NONE', *, *, #854, .T. ) ;
#3726 = LINE ( 'NONE', #767, #4971 ) ;
#3727 = VECTOR ( 'NONE', #2090, 1000.000000000000000 ) ;
#3728 = CYLINDRICAL_SURFACE ( 'NONE', #88, 1.599999999999998979 ) ;
#3729 = ORIENTED_EDGE ( 'NONE', *, *, #8798, .F. ) ;
#3730 = EDGE_CURVE ( 'NONE', #2759, #4639, #8175, .T. ) ;
#3731 = EDGE_CURVE ( 'NONE', #9317, #3073, #2658, .T. ) ;
#3732 = DIRECTION ( 'NONE',  ( 0.2500000000000017764, -0.4330127018922208526, -0.8660254037844374864 ) ) ;
#3733 = ORIENTED_EDGE ( 'NONE', *, *, #7044, .T. ) ;
#3734 = PLANE ( 'NONE',  #2618 ) ;
#3735 = PLANE ( 'NONE',  #4916 ) ;
#3736 = LINE ( 'NONE', #8213, #8977 ) ;
#3737 = EDGE_LOOP ( 'NONE', ( #2885, #6994, #6147, #126 ) ) ;
#3738 = ORIENTED_EDGE ( 'NONE', *, *, #3042, .F. ) ;
#3739 = VECTOR ( 'NONE', #9278, 1000.000000000000000 ) ;
#3740 = CARTESIAN_POINT ( 'NONE',  ( 10.00000000000000178, 15.44999999999999574, 8.552943725152292842 ) ) ;
#3741 = CARTESIAN_POINT ( 'NONE',  ( -4.500000000000000888, -27.49999999999998579, -11.00000000000000178 ) ) ;
#3742 = DIRECTION ( 'NONE',  ( -0.000000000000000000, 0.000000000000000000, -1.000000000000000000 ) ) ;
#3743 = CARTESIAN_POINT ( 'NONE',  ( -7.090063509461055347, 36.28035022727662096, -12.75869692124230781 ) ) ;
#3744 = VERTEX_POINT ( 'NONE', #4157 ) ;
#3745 = VECTOR ( 'NONE', #9131, 1000.000000000000000 ) ;
#3746 = EDGE_CURVE ( 'NONE', #432, #4565, #7860, .T. ) ;
#3747 = CARTESIAN_POINT ( 'NONE',  ( 8.999999999999982236, -17.30000000000000426, 10.89999999999999858 ) ) ;
#3748 = ORIENTED_EDGE ( 'NONE', *, *, #8453, .F. ) ;
#3749 = LINE ( 'NONE', #9059, #1603 ) ;
#3750 = EDGE_LOOP ( 'NONE', ( #4672, #8773, #7842, #2263 ) ) ;
#3751 = LINE ( 'NONE', #9862, #2989 ) ;
#3752 = DIRECTION ( 'NONE',  ( -8.177564888978053335E-17, -0.7071067811865524577, -0.7071067811865425767 ) ) ;
#3753 = ORIENTED_EDGE ( 'NONE', *, *, #8046, .T. ) ;
#3754 = DIRECTION ( 'NONE',  ( 0.5000000000000008882, -0.8660254037844381525, 0.000000000000000000 ) ) ;
#3755 = CARTESIAN_POINT ( 'NONE',  ( -19.06217782649111570, 48.01666049839541017, 10.00000000000000000 ) ) ;
#3756 = ADVANCED_FACE ( 'NONE', ( #9576 ), #7335, .F. ) ;
#3757 = LINE ( 'NONE', #4405, #9410 ) ;
#3758 = EDGE_CURVE ( 'NONE', #2244, #5506, #450, .T. ) ;
#3759 = ORIENTED_EDGE ( 'NONE', *, *, #5098, .T. ) ;
#3760 = ORIENTED_EDGE ( 'NONE', *, *, #6305, .T. ) ;
#3761 = DIRECTION ( 'NONE',  ( -1.000000000000000000, -0.000000000000000000, -0.000000000000000000 ) ) ;
#3762 = DIRECTION ( 'NONE',  ( 0.3535533905932766729, -0.6123724356957973569, -0.7071067811865436870 ) ) ;
#3763 = VECTOR ( 'NONE', #5397, 1000.000000000000000 ) ;
#3764 = LINE ( 'NONE', #5409, #208 ) ;
#3765 = FACE_OUTER_BOUND ( 'NONE', #2451, .T. ) ;
#3766 = DIRECTION ( 'NONE',  ( -0.2500000000000001110, 0.4330127018922179105, 0.8660254037844392627 ) ) ;
#3767 = EDGE_LOOP ( 'NONE', ( #7625, #1982, #9579, #675, #9154, #3175 ) ) ;
#3768 = DIRECTION ( 'NONE',  ( -0.8660254037844379305, -0.5000000000000011102, 0.000000000000000000 ) ) ;
#3769 = LINE ( 'NONE', #7652, #6229 ) ;
#3770 = AXIS2_PLACEMENT_3D ( 'NONE', #6450, #430, #1135 ) ;
#3771 = CARTESIAN_POINT ( 'NONE',  ( -62.81020123613542694, -7.263486591537471782, 26.49999999999999645 ) ) ;
#3772 = ORIENTED_EDGE ( 'NONE', *, *, #4956, .F. ) ;
#3773 = LINE ( 'NONE', #6833, #9789 ) ;
#3774 = EDGE_CURVE ( 'NONE', #4406, #65, #8036, .T. ) ;
#3775 = VECTOR ( 'NONE', #622, 1000.000000000000000 ) ;
#3776 = CARTESIAN_POINT ( 'NONE',  ( -0.8882311833686638014, 35.00000000000002132, 9.423076923076907363 ) ) ;
#3777 = EDGE_CURVE ( 'NONE', #8560, #6773, #1157, .T. ) ;
#3778 = ORIENTED_EDGE ( 'NONE', *, *, #4124, .T. ) ;
#3779 = DIRECTION ( 'NONE',  ( -0.8660254037844379305, -0.5000000000000011102, 0.000000000000000000 ) ) ;
#3780 = FACE_OUTER_BOUND ( 'NONE', #5297, .T. ) ;
#3781 = ORIENTED_EDGE ( 'NONE', *, *, #4857, .F. ) ;
#3782 = PLANE ( 'NONE',  #6189 ) ;
#3783 = DIRECTION ( 'NONE',  ( 0.4330127018922203530, -0.7499999999999991118, 0.5000000000000003331 ) ) ;
#3784 = ORIENTED_EDGE ( 'NONE', *, *, #4833, .F. ) ;
#3785 = VECTOR ( 'NONE', #3026, 1000.000000000000000 ) ;
#3786 = ORIENTED_EDGE ( 'NONE', *, *, #7604, .T. ) ;
#3787 = CARTESIAN_POINT ( 'NONE',  ( -1.000000000000000000, 12.94999999999999396, 9.500000000000000000 ) ) ;
#3788 = EDGE_CURVE ( 'NONE', #2768, #1198, #4309, .T. ) ;
#3789 = ADVANCED_FACE ( 'NONE', ( #5662 ), #4909, .F. ) ;
#3790 = DIRECTION ( 'NONE',  ( -1.000000000000000000, 0.000000000000000000, 0.000000000000000000 ) ) ;
#3791 = ORIENTED_EDGE ( 'NONE', *, *, #6942, .T. ) ;
#3792 = VECTOR ( 'NONE', #6813, 1000.000000000000000 ) ;
#3793 = EDGE_CURVE ( 'NONE', #556, #9750, #6718, .T. ) ;
#3794 = ORIENTED_EDGE ( 'NONE', *, *, #1587, .F. ) ;
#3795 = CARTESIAN_POINT ( 'NONE',  ( -16.50000000000005684, 57.57883832488649745, 10.50000000000000178 ) ) ;
#3796 = ORIENTED_EDGE ( 'NONE', *, *, #7362, .T. ) ;
#3797 = ORIENTED_EDGE ( 'NONE', *, *, #3967, .T. ) ;
#3798 = CYLINDRICAL_SURFACE ( 'NONE', #17, 2.099999999999999645 ) ;
#3799 = DIRECTION ( 'NONE',  ( -0.5000000000000022204, 0.8660254037844372643, 0.000000000000000000 ) ) ;
#3800 = ORIENTED_EDGE ( 'NONE', *, *, #3793, .F. ) ;
#3801 = ORIENTED_EDGE ( 'NONE', *, *, #7538, .T. ) ;
#3802 = AXIS2_PLACEMENT_3D ( 'NONE', #5082, #9606, #5792 ) ;
#3803 = CARTESIAN_POINT ( 'NONE',  ( -29.56217782649111214, 66.20319397786857962, -26.50000000000000000 ) ) ;
#3804 = AXIS2_PLACEMENT_3D ( 'NONE', #5490, #4704, #7875 ) ;
#3805 = DIRECTION ( 'NONE',  ( -0.3535533905932287113, 0.6123724356957147563, -0.7071067811866392772 ) ) ;
#3806 = ADVANCED_FACE ( 'NONE', ( #8929 ), #2047, .F. ) ;
#3807 = FACE_OUTER_BOUND ( 'NONE', #7500, .T. ) ;
#3808 = CARTESIAN_POINT ( 'NONE',  ( 10.00000000000000000, -11.32179235619570257, -6.175418577296191813 ) ) ;
#3809 = AXIS2_PLACEMENT_3D ( 'NONE', #6979, #5463, #2517 ) ;
#3810 = VECTOR ( 'NONE', #4529, 1000.000000000000000 ) ;
#3811 = DIRECTION ( 'NONE',  ( -0.8660254037844379305, -0.5000000000000013323, 0.000000000000000000 ) ) ;
#3812 = VERTEX_POINT ( 'NONE', #739 ) ;
#3813 = ORIENTED_EDGE ( 'NONE', *, *, #162, .F. ) ;
#3814 = ORIENTED_EDGE ( 'NONE', *, *, #6932, .T. ) ;
#3815 = DIRECTION ( 'NONE',  ( -0.8660254037844379305, -0.5000000000000013323, 0.000000000000000000 ) ) ;
#3816 = CARTESIAN_POINT ( 'NONE',  ( 0.06217782649113080817, 42.89230484541313615, -14.00000000000000000 ) ) ;
#3817 = AXIS2_PLACEMENT_3D ( 'NONE', #5184, #9716, #8177 ) ;
#3818 = EDGE_CURVE ( 'NONE', #4582, #4810, #6810, .T. ) ;
#3819 = EDGE_CURVE ( 'NONE', #5064, #3837, #2950, .T. ) ;
#3820 = LINE ( 'NONE', #7703, #6780 ) ;
#3821 = CARTESIAN_POINT ( 'NONE',  ( -17.41672955930068412, 48.96666049839542012, 25.84863156129981832 ) ) ;
#3822 = DIRECTION ( 'NONE',  ( -0.5000000000000011102, 0.8660254037844379305, 2.830620560484406479E-16 ) ) ;
#3823 = EDGE_LOOP ( 'NONE', ( #9352, #2352, #1510, #8371, #617, #5425 ) ) ;
#3824 = VECTOR ( 'NONE', #6645, 1000.000000000000000 ) ;
#3825 = ORIENTED_EDGE ( 'NONE', *, *, #603, .T. ) ;
#3826 = DIRECTION ( 'NONE',  ( 0.000000000000000000, 0.7559289460184527298, -0.6546536707079791961 ) ) ;
#3827 = VERTEX_POINT ( 'NONE', #5898 ) ;
#3828 = DIRECTION ( 'NONE',  ( -0.2500000000000006661, 0.4330127018922189652, -0.8660254037844387076 ) ) ;
#3829 = ORIENTED_EDGE ( 'NONE', *, *, #854, .F. ) ;
#3830 = ADVANCED_FACE ( 'NONE', ( #6041, #8263 ), #8973, .T. ) ;
#3831 = VECTOR ( 'NONE', #3624, 1000.000000000000114 ) ;
#3832 = CYLINDRICAL_SURFACE ( 'NONE', #5207, 1.100000000000107558 ) ;
#3833 = ORIENTED_EDGE ( 'NONE', *, *, #4253, .T. ) ;
#3834 = ORIENTED_EDGE ( 'NONE', *, *, #5126, .F. ) ;
#3835 = LINE ( 'NONE', #6840, #7855 ) ;
#3836 = ORIENTED_EDGE ( 'NONE', *, *, #7310, .F. ) ;
#3837 = VERTEX_POINT ( 'NONE', #642 ) ;
#3838 = DIRECTION ( 'NONE',  ( 1.000000000000000000, -0.000000000000000000, -0.000000000000000000 ) ) ;
#3839 = AXIS2_PLACEMENT_3D ( 'NONE', #8625, #9370, #2557 ) ;
#3840 = CARTESIAN_POINT ( 'NONE',  ( -1.800000000000000044, 15.44999999999999574, 10.24999999999999822 ) ) ;
#3841 = VERTEX_POINT ( 'NONE', #2191 ) ;
#3842 = EDGE_CURVE ( 'NONE', #5076, #8564, #6071, .T. ) ;
#3843 = VERTEX_POINT ( 'NONE', #6762 ) ;
#3844 = DIRECTION ( 'NONE',  ( 1.000000000000000000, -0.000000000000000000, -0.000000000000000000 ) ) ;
#3845 = ORIENTED_EDGE ( 'NONE', *, *, #1372, .F. ) ;
#3846 = DIRECTION ( 'NONE',  ( 0.2500000000000001665, -0.4330127018922179660, 0.8660254037844392627 ) ) ;
#3847 = ORIENTED_EDGE ( 'NONE', *, *, #716, .F. ) ;
#3848 = VECTOR ( 'NONE', #4212, 1000.000000000000000 ) ;
#3849 = ORIENTED_EDGE ( 'NONE', *, *, #6884, .T. ) ;
#3850 = DIRECTION ( 'NONE',  ( -1.000000000000000000, 0.000000000000000000, 0.000000000000000000 ) ) ;
#3851 = VERTEX_POINT ( 'NONE', #9113 ) ;
#3852 = ORIENTED_EDGE ( 'NONE', *, *, #9371, .T. ) ;
#3853 = DIRECTION ( 'NONE',  ( 0.000000000000000000, 0.7660444431189818992, 0.6427876096865347000 ) ) ;
#3854 = DIRECTION ( 'NONE',  ( 3.119295361240715767E-15, -5.402778049482815848E-15, -1.000000000000000000 ) ) ;
#3855 = CARTESIAN_POINT ( 'NONE',  ( -26.06217782649110859, 60.14101615137752077, 12.44436508138943864 ) ) ;
#3856 = ADVANCED_FACE ( 'NONE', ( #6861 ), #2239, .F. ) ;
#3857 = ORIENTED_EDGE ( 'NONE', *, *, #9627, .T. ) ;
#3858 = VECTOR ( 'NONE', #1742, 1000.000000000000114 ) ;
#3859 = FACE_OUTER_BOUND ( 'NONE', #2113, .T. ) ;
#3860 = AXIS2_PLACEMENT_3D ( 'NONE', #1536, #4645, #7670 ) ;
#3861 = EDGE_CURVE ( 'NONE', #604, #1823, #9126, .T. ) ;
#3862 = CARTESIAN_POINT ( 'NONE',  ( -17.79083251829942469, 65.81462583064306671, 13.22218254069462517 ) ) ;
#3863 = CARTESIAN_POINT ( 'NONE',  ( -3.000000000000004441, 14.60147186257614038, -11.09852813742385003 ) ) ;
#3864 = VECTOR ( 'NONE', #7853, 1000.000000000000000 ) ;
#3865 = AXIS2_PLACEMENT_3D ( 'NONE', #6442, #2531, #6537 ) ;
#3866 = DIRECTION ( 'NONE',  ( 0.8660254037844379305, 0.5000000000000014433, -1.730666417745208766E-15 ) ) ;
#3867 = ORIENTED_EDGE ( 'NONE', *, *, #9795, .F. ) ;
#3868 = EDGE_CURVE ( 'NONE', #2824, #7901, #3749, .T. ) ;
#3869 = EDGE_CURVE ( 'NONE', #3246, #9578, #8179, .T. ) ;
#3870 = VERTEX_POINT ( 'NONE', #1498 ) ;
#3871 = ORIENTED_EDGE ( 'NONE', *, *, #4914, .T. ) ;
#3872 = CYLINDRICAL_SURFACE ( 'NONE', #3880, 3.249999999999999556 ) ;
#3873 = CIRCLE ( 'NONE', #6748, 1.100000000000116218 ) ;
#3874 = AXIS2_PLACEMENT_3D ( 'NONE', #1716, #2474, #4172 ) ;
#3875 = CARTESIAN_POINT ( 'NONE',  ( -3.000000000000000000, 11.94999999999999574, -9.500000000000000000 ) ) ;
#3876 = DIRECTION ( 'NONE',  ( -0.000000000000000000, -2.392722035830078972E-16, 1.000000000000000000 ) ) ;
#3877 = DIRECTION ( 'NONE',  ( 0.000000000000000000, 2.168404344971010446E-15, -1.000000000000000000 ) ) ;
#3878 = CARTESIAN_POINT ( 'NONE',  ( 1.561251128379127174E-15, -9.000000000000005329, 10.25000000000000000 ) ) ;
#3879 = ORIENTED_EDGE ( 'NONE', *, *, #3869, .F. ) ;
#3880 = AXIS2_PLACEMENT_3D ( 'NONE', #36, #6158, #7077 ) ;
#3881 = CARTESIAN_POINT ( 'NONE',  ( -16.02627944162884788, 34.75833024919773351, 23.99999999999999645 ) ) ;
#3882 = EDGE_CURVE ( 'NONE', #5324, #3028, #7486, .T. ) ;
#3883 = CARTESIAN_POINT ( 'NONE',  ( -17.41672955930068412, 48.96666049839542012, 25.84863156129981832 ) ) ;
#3884 = ORIENTED_EDGE ( 'NONE', *, *, #4944, .F. ) ;
#3885 = CARTESIAN_POINT ( 'NONE',  ( -19.06217782649111570, 48.01666049839541017, 22.50000000000000000 ) ) ;
#3886 = CARTESIAN_POINT ( 'NONE',  ( -17.15705080756893963, 54.71688370674995383, -11.74130307875769574 ) ) ;
#3887 = ORIENTED_EDGE ( 'NONE', *, *, #3979, .T. ) ;
#3888 = ORIENTED_EDGE ( 'NONE', *, *, #2355, .T. ) ;
#3889 = VERTEX_POINT ( 'NONE', #4359 ) ;
#3891 = EDGE_CURVE ( 'NONE', #8920, #7427, #9280, .T. ) ;
#3890 = DIRECTION ( 'NONE',  ( 0.000000000000000000, 1.000000000000000000, -0.000000000000000000 ) ) ;
#3892 = VERTEX_POINT ( 'NONE', #7580 ) ;
#3893 =( NAMED_UNIT ( * ) PLANE_ANGLE_UNIT ( ) SI_UNIT ( $, .RADIAN. ) );
#3894 = FACE_BOUND ( 'NONE', #1055, .T. ) ;
#3895 = ORIENTED_EDGE ( 'NONE', *, *, #4583, .T. ) ;
#3896 = VECTOR ( 'NONE', #8805, 1000.000000000000000 ) ;
#3897 = FACE_OUTER_BOUND ( 'NONE', #107, .T. ) ;
#3898 = ORIENTED_EDGE ( 'NONE', *, *, #237, .F. ) ;
#3899 = CARTESIAN_POINT ( 'NONE',  ( -1.800000000000000044, 15.44999999999999751, -10.24999999999999467 ) ) ;
#3900 = CARTESIAN_POINT ( 'NONE',  ( 0.6438189269956638983, -7.813445099285966755, -7.763957114062282727 ) ) ;
#3901 = EDGE_LOOP ( 'NONE', ( #2773, #2628, #278, #654 ) ) ;
#3902 = DIRECTION ( 'NONE',  ( 0.7071067811865467956, -0.4545194776720409280, 0.5416752204197051723 ) ) ;
#3903 = CONICAL_SURFACE ( 'NONE', #9504, 10.90000000000000036, 0.7853981633974421728 ) ;
#3904 = LINE ( 'NONE', #895, #6769 ) ;
#3905 = LINE ( 'NONE', #8458, #7174 ) ;
#3906 = ORIENTED_EDGE ( 'NONE', *, *, #7135, .T. ) ;
#3907 = CARTESIAN_POINT ( 'NONE',  ( 11.25897459621551278, 65.52258601178481001, 20.23725830020306304 ) ) ;
#3908 = ORIENTED_EDGE ( 'NONE', *, *, #6673, .F. ) ;
#3909 = VERTEX_POINT ( 'NONE', #3047 ) ;
#3910 = DIRECTION ( 'NONE',  ( 0.4330127018922205195, -0.7499999999999995559, -0.4999999999999995004 ) ) ;
#3911 = CARTESIAN_POINT ( 'NONE',  ( 1.561251128379126779E-15, -9.000000000000003553, -10.25000000000000000 ) ) ;
#3912 = DIRECTION ( 'NONE',  ( 0.000000000000000000, 0.8944271909999165215, -0.4472135954999565954 ) ) ;
#3913 = EDGE_CURVE ( 'NONE', #1715, #4367, #4555, .T. ) ;
#3914 = LINE ( 'NONE', #3203, #3640 ) ;
#3915 = LINE ( 'NONE', #4711, #5890 ) ;
#3916 = VERTEX_POINT ( 'NONE', #9167 ) ;
#3917 = VERTEX_POINT ( 'NONE', #3648 ) ;
#3918 = ADVANCED_FACE ( 'NONE', ( #5097 ), #7438, .F. ) ;
#3919 = ORIENTED_EDGE ( 'NONE', *, *, #3204, .T. ) ;
#3920 = CARTESIAN_POINT ( 'NONE',  ( -27.39711431703002020, 67.45319397786859383, -26.50000000000000000 ) ) ;
#3921 = FACE_OUTER_BOUND ( 'NONE', #5052, .T. ) ;
#3922 = CARTESIAN_POINT ( 'NONE',  ( -7.000000000000000000, -6.000000000000000000, -22.00000000000000355 ) ) ;
#3923 = EDGE_CURVE ( 'NONE', #8873, #7128, #637, .T. ) ;
#3924 = ADVANCED_FACE ( 'NONE', ( #9763 ), #2904, .F. ) ;
#3925 = DIRECTION ( 'NONE',  ( 1.000000000000000000, -0.000000000000000000, -0.000000000000000000 ) ) ;
#3926 = CARTESIAN_POINT ( 'NONE',  ( -16.50000000000002487, 40.25833024919769798, 7.500000000000000888 ) ) ;
#3927 = FACE_OUTER_BOUND ( 'NONE', #793, .T. ) ;
#3928 = DIRECTION ( 'NONE',  ( 0.2499999999999998612, -0.4330127018922176330, -0.8660254037844395958 ) ) ;
#3929 = ORIENTED_EDGE ( 'NONE', *, *, #201, .F. ) ;
#3930 = FACE_OUTER_BOUND ( 'NONE', #9114, .T. ) ;
#3931 = EDGE_LOOP ( 'NONE', ( #177, #5474, #4015, #1556 ) ) ;
#3932 = EDGE_CURVE ( 'NONE', #2093, #3355, #7532, .T. ) ;
#3933 = PLANE ( 'NONE',  #255 ) ;
#3934 = ORIENTED_EDGE ( 'NONE', *, *, #5944, .T. ) ;
#3935 = VERTEX_POINT ( 'NONE', #1598 ) ;
#3936 = AXIS2_PLACEMENT_3D ( 'NONE', #3551, #4353, #5092 ) ;
#3937 = DIRECTION ( 'NONE',  ( 0.5000000000000015543, -0.8660254037844377084, 0.000000000000000000 ) ) ;
#3938 = DIRECTION ( 'NONE',  ( 0.000000000000000000, 0.000000000000000000, 1.000000000000000000 ) ) ;
#3939 = EDGE_LOOP ( 'NONE', ( #4741, #6469, #592, #6888 ) ) ;
#3940 = DIRECTION ( 'NONE',  ( 0.000000000000000000, 0.000000000000000000, 1.000000000000000000 ) ) ;
#3941 = ORIENTED_EDGE ( 'NONE', *, *, #6978, .T. ) ;
#3942 = LINE ( 'NONE', #1683, #503 ) ;
#3943 = AXIS2_PLACEMENT_3D ( 'NONE', #5430, #8504, #1642 ) ;
#3944 = CARTESIAN_POINT ( 'NONE',  ( 0.9359428933299652753, -9.126537565507740979, 7.214057106670037633 ) ) ;
#3945 = ADVANCED_FACE ( 'NONE', ( #8513 ), #7685, .F. ) ;
#3946 = EDGE_CURVE ( 'NONE', #7194, #2103, #2495, .T. ) ;
#3947 = DIRECTION ( 'NONE',  ( 0.000000000000000000, 0.000000000000000000, -1.000000000000000000 ) ) ;
#3948 = ORIENTED_EDGE ( 'NONE', *, *, #1523, .F. ) ;
#3949 = LINE ( 'NONE', #4601, #4311 ) ;
#3950 = FACE_OUTER_BOUND ( 'NONE', #6967, .T. ) ;
#3951 = FACE_BOUND ( 'NONE', #2343, .T. ) ;
#3952 = LINE ( 'NONE', #6346, #7869 ) ;
#3953 = ORIENTED_EDGE ( 'NONE', *, *, #2260, .F. ) ;
#3954 = VERTEX_POINT ( 'NONE', #1547 ) ;
#3955 = VERTEX_POINT ( 'NONE', #3101 ) ;
#3956 = CARTESIAN_POINT ( 'NONE',  ( -3.000000000000000000, 26.49999999999998579, 7.500000000000000000 ) ) ;
#3957 = VECTOR ( 'NONE', #2308, 1000.000000000000114 ) ;
#3958 = CARTESIAN_POINT ( 'NONE',  ( -6.562177826491072175, 26.36602540378444104, -21.49999999999996803 ) ) ;
#3959 = DIRECTION ( 'NONE',  ( 1.000000000000000000, -0.000000000000000000, -0.000000000000000000 ) ) ;
#3960 = VERTEX_POINT ( 'NONE', #3292 ) ;
#3961 = DIRECTION ( 'NONE',  ( 1.000000000000000000, -0.000000000000000000, -0.000000000000000000 ) ) ;
#3962 = AXIS2_PLACEMENT_3D ( 'NONE', #6550, #2599, #7273 ) ;
#3963 = ORIENTED_EDGE ( 'NONE', *, *, #599, .F. ) ;
#3964 = EDGE_LOOP ( 'NONE', ( #9931, #1895, #2745, #1021, #4358 ) ) ;
#3965 = CARTESIAN_POINT ( 'NONE',  ( 0.000000000000000000, -6.000000000000005329, 12.50000000000000000 ) ) ;
#3966 = ORIENTED_EDGE ( 'NONE', *, *, #1923, .F. ) ;
#3967 = EDGE_CURVE ( 'NONE', #8584, #802, #4000, .T. ) ;
#3968 = EDGE_LOOP ( 'NONE', ( #7487, #5200, #8814, #5629, #1659 ) ) ;
#3969 = LINE ( 'NONE', #9425, #9462 ) ;
#3970 = CARTESIAN_POINT ( 'NONE',  ( -3.000000000000000000, -22.24974746830583072, 8.199747468305830012 ) ) ;
#3971 = PRODUCT_RELATED_PRODUCT_CATEGORY ( 'part', '', ( #8024 ) ) ;
#3972 = AXIS2_PLACEMENT_3D ( 'NONE', #6981, #94, #8334 ) ;
#3973 = DIRECTION ( 'NONE',  ( 0.4330127018922207971, -0.7499999999999998890, 0.4999999999999987788 ) ) ;
#3974 = DIRECTION ( 'NONE',  ( -0.7071067811865517916, 8.659560562354879857E-17, -0.7071067811865431318 ) ) ;
#3975 = CARTESIAN_POINT ( 'NONE',  ( -41.39711431702998112, 67.45319397786852278, -15.49999999999998934 ) ) ;
#3976 = DIRECTION ( 'NONE',  ( 1.000000000000000000, 0.000000000000000000, 0.000000000000000000 ) ) ;
#3977 = VECTOR ( 'NONE', #6828, 1000.000000000000114 ) ;
#3978 = EDGE_CURVE ( 'NONE', #9021, #5913, #897, .T. ) ;
#3979 = EDGE_CURVE ( 'NONE', #6089, #9310, #7876, .T. ) ;
#3980 = CARTESIAN_POINT ( 'NONE',  ( -7.000000000000000000, -25.00000000000000000, -15.00000000000000711 ) ) ;
#3981 = ADVANCED_FACE ( 'NONE', ( #182 ), #1000, .T. ) ;
#3982 = ORIENTED_EDGE ( 'NONE', *, *, #3549, .T. ) ;
#3983 = CARTESIAN_POINT ( 'NONE',  ( 0.3196883813947647979, -11.29954366602320093, -11.06118406898252537 ) ) ;
#3984 = ORIENTED_EDGE ( 'NONE', *, *, #6874, .T. ) ;
#3985 = AXIS2_PLACEMENT_3D ( 'NONE', #1006, #3866, #7125 ) ;
#3986 = CARTESIAN_POINT ( 'NONE',  ( 2.000000000000005329, -8.337726650302862197, 6.203842068050118286 ) ) ;
#3987 = DIRECTION ( 'NONE',  ( -0.000000000000000000, -1.000000000000000000, -1.196361017915039732E-16 ) ) ;
#3988 = DIRECTION ( 'NONE',  ( 0.8660254037844379305, 0.5000000000000013323, 4.336808689942029446E-17 ) ) ;
#3989 = ADVANCED_FACE ( 'NONE', ( #4705 ), #8615, .T. ) ;
#3990 = CARTESIAN_POINT ( 'NONE',  ( 8.140638795573750031, 4.700000000000031264, 0.000000000000000000 ) ) ;
#3991 = AXIS2_PLACEMENT_3D ( 'NONE', #1882, #5739, #6398 ) ;
#3992 = CARTESIAN_POINT ( 'NONE',  ( 0.5334430153267958330, -9.552049127009157203, 7.669677988223708276 ) ) ;
#3993 = CARTESIAN_POINT ( 'NONE',  ( -10.02627944162881946, 24.36602540378443749, 0.000000000000000000 ) ) ;
#3994 = ORIENTED_EDGE ( 'NONE', *, *, #4499, .T. ) ;
#3995 = AXIS2_PLACEMENT_3D ( 'NONE', #7664, #1531, #2275 ) ;
#3996 = CARTESIAN_POINT ( 'NONE',  ( -23.98371685740864834, 61.34101615137783625, -15.55563491861046366 ) ) ;
#3997 = VERTEX_POINT ( 'NONE', #5390 ) ;
#3998 = CARTESIAN_POINT ( 'NONE',  ( -22.17326909683852776, 53.40522864562112204, 9.722182540694809916 ) ) ;
#3999 = DIRECTION ( 'NONE',  ( 0.000000000000000000, -1.084202172485505223E-15, -1.000000000000000000 ) ) ;
#4000 = LINE ( 'NONE', #4657, #1129 ) ;
#4001 = EDGE_CURVE ( 'NONE', #3851, #3997, #70, .T. ) ;
#4002 = ORIENTED_EDGE ( 'NONE', *, *, #1649, .F. ) ;
#4003 = ORIENTED_EDGE ( 'NONE', *, *, #6078, .F. ) ;
#4004 = PRODUCT_DEFINITION_SHAPE ( 'NONE', 'NONE',  #4880 ) ;
#4005 = DIRECTION ( 'NONE',  ( 1.000000000000000000, -0.000000000000000000, -0.000000000000000000 ) ) ;
#4006 = AXIS2_PLACEMENT_3D ( 'NONE', #1998, #398, #3455 ) ;
#4007 = CARTESIAN_POINT ( 'NONE',  ( -4.000000000000015099, 33.00000000000002132, -12.50000000000000000 ) ) ;
#4008 = DIRECTION ( 'NONE',  ( 0.000000000000000000, 0.000000000000000000, 1.000000000000000000 ) ) ;
#4009 = VERTEX_POINT ( 'NONE', #230 ) ;
#4010 = ORIENTED_EDGE ( 'NONE', *, *, #9383, .F. ) ;
#4011 = VECTOR ( 'NONE', #535, 1000.000000000000000 ) ;
#4012 = FACE_OUTER_BOUND ( 'NONE', #8846, .T. ) ;
#4013 = EDGE_CURVE ( 'NONE', #1009, #699, #6915, .T. ) ;
#4014 = ORIENTED_EDGE ( 'NONE', *, *, #1808, .T. ) ;
#4015 = ORIENTED_EDGE ( 'NONE', *, *, #808, .T. ) ;
#4016 = DIRECTION ( 'NONE',  ( -0.8660254037844379305, -0.5000000000000011102, 0.000000000000000000 ) ) ;
#4017 = CARTESIAN_POINT ( 'NONE',  ( -6.350852961085918125, 35.00000000000002842, -11.00000000000000000 ) ) ;
#4018 = DIRECTION ( 'NONE',  ( 0.8660254037844380415, 0.5000000000000012212, -0.000000000000000000 ) ) ;
#4019 = VECTOR ( 'NONE', #4580, 1000.000000000000000 ) ;
#4020 = VECTOR ( 'NONE', #1333, 1000.000000000000000 ) ;
#4021 = CLOSED_SHELL ( 'NONE', ( #9290, #4533, #9428, #4087, #2001, #561, #1529, #5691, #7322, #2441, #7454, #3806, #1026, #4272, #2129, #5985, #9134, #9513, #2757, #5301, #3756, #6667, #1542, #3022, #5826, #8001, #9796, #7944, #1961, #796, #6637, #1710, #5750, #2344, #3856, #7702, #1889, #3305, #7922, #1050, #7072, #7862, #6420, #6480, #3096, #9073, #8186, #7018, #1352, #60, #8273, #8697, #7093, #8445, #7516, #4240, #8540, #938, #1247, #8759, #7819, #9584, #8976, #2700, #8923, #6806, #6225, #7202, #2814, #9498, #3918, #4983, #8689, #9555, #891, #2491, #96, #333, #1530, #7242, #1575, #258, #2139, #8609, #2061, #2196, #4871, #8208, #51, #5969, #6987, #6701, #5062, #7432, #5623, #2879, #5150, #3924, #4798, #7808, #6657, #4762, #87, #1470, #8834, #4072, #8295, #4293, #389, #4520, #3501, #8340, #7527, #2437, #7418, #6491, #3689, #7253, #9015, #2453, #571, #3117, #2158, #8029, #821, #9050, #7583, #9121, #6487, #3126, #5182, #3598, #4558, #7120, #9491, #8725, #1588, #8389, #8236, #1878, #2405, #7515, #2271, #5272, #2987, #5371, #2956, #9850, #6558, #248, #9721, #3374, #6907, #733, #8702, #8217, #9184, #9185, #2509, #4168, #6688, #3789, #7280, #4102, #497, #723, #1106, #8156, #666, #9913, #6609, #5459, #1868, #3945, #8558, #5545, #6765, #3127, #7979, #8388, #2623, #3552, #4772, #1005, #1421, #7339, #3, #6029, #5521, #9235, #8009, #5868, #7990, #295, #4374, #5550, #8392, #2630, #609, #8593, #3306, #5433, #7143, #1835, #3273, #3329, #7960, #9741, #4663, #2574, #517, #732, #5495, #6584, #4615, #2666, #6974, #5316, #9500, #359, #6543, #3981, #2515, #8216, #8058, #8640, #7505, #9172, #1362, #4599, #876, #6274, #927, #4821, #634, #3989, #4220, #171, #1502, #8528, #433, #3830, #8650, #6239, #6322, #7786, #9702, #2656, #8631, #4893, #9676, #7912, #7370, #1628, #4194, #7690, #7463, #1277, #1766, #6604, #9219, #7745, #8100, #8329, #7877, #3056, #8267, #8430, #6195, #6668, #7495, #9586, #1983, #2160, #1036, #3057, #6498, #9243, #1822, #3631, #4923, #3674, #9620, #9390, #5015, #8442, #1325, #693, #9206, #3434, #920, #302, #756, #6792, #4675, #9681, #5762, #703, #2304, #1150, #9032, #4469, #6054, #9834, #496, #7392, #5087, #4420, #4351, #7623, #5682, #8038, #6068 ) ) ;
#4022 = CARTESIAN_POINT ( 'NONE',  ( 2.000000000000000000, -22.24974746830583783, -4.949747468305832676 ) ) ;
#4023 = ORIENTED_EDGE ( 'NONE', *, *, #3487, .F. ) ;
#4024 = VECTOR ( 'NONE', #2305, 1000.000000000000114 ) ;
#4025 = VECTOR ( 'NONE', #9884, 1000.000000000000000 ) ;
#4026 = CARTESIAN_POINT ( 'NONE',  ( -27.86473670974874040, 7.138784067832179225, -15.00000000000000000 ) ) ;
#4027 = LINE ( 'NONE', #9437, #8363 ) ;
#4028 = DIRECTION ( 'NONE',  ( 0.3535533905932295440, -0.6123724356957183090, 0.7071067811866356134 ) ) ;
#4029 = CIRCLE ( 'NONE', #663, 1.599999999999990763 ) ;
#4030 = VECTOR ( 'NONE', #3212, 1000.000000000000114 ) ;
#4031 = EDGE_CURVE ( 'NONE', #3318, #111, #3952, .T. ) ;
#4032 = ORIENTED_EDGE ( 'NONE', *, *, #7393, .T. ) ;
#4033 = CARTESIAN_POINT ( 'NONE',  ( -23.98371685740855952, 61.34101615137766572, 14.00000000000000711 ) ) ;
#4034 = LINE ( 'NONE', #4780, #8219 ) ;
#4035 = EDGE_CURVE ( 'NONE', #5339, #9502, #7013, .T. ) ;
#4036 = CARTESIAN_POINT ( 'NONE',  ( 1.084591306937723765, -9.000000000000005329, 7.065408693062279255 ) ) ;
#4037 = DIRECTION ( 'NONE',  ( 0.000000000000000000, 2.392722035830078972E-16, -1.000000000000000000 ) ) ;
#4038 = ORIENTED_EDGE ( 'NONE', *, *, #820, .F. ) ;
#4039 = ORIENTED_EDGE ( 'NONE', *, *, #2476, .T. ) ;
#4040 = VERTEX_POINT ( 'NONE', #6958 ) ;
#4041 = CARTESIAN_POINT ( 'NONE',  ( 0.2530991383981471277, -10.05154770307489898, 8.141547300153014532 ) ) ;
#4042 = CARTESIAN_POINT ( 'NONE',  ( -6.062177826491065069, 25.49999999999999289, 12.50000000000000000 ) ) ;
#4043 = ORIENTED_EDGE ( 'NONE', *, *, #8900, .T. ) ;
#4044 = EDGE_CURVE ( 'NONE', #7128, #4534, #3149, .T. ) ;
#4045 = VERTEX_POINT ( 'NONE', #5344 ) ;
#4046 = EDGE_CURVE ( 'NONE', #5064, #1367, #9360, .T. ) ;
#4047 = LINE ( 'NONE', #8656, #9000 ) ;
#4048 = LINE ( 'NONE', #1042, #4765 ) ;
#4049 = VECTOR ( 'NONE', #336, 1000.000000000000114 ) ;
#4050 = CARTESIAN_POINT ( 'NONE',  ( 8.999999999999982236, -17.30000000000000426, -10.90000000000000213 ) ) ;
#4051 = DIRECTION ( 'NONE',  ( 0.000000000000000000, 0.6427876096865347000, -0.7660444431189818992 ) ) ;
#4052 = LINE ( 'NONE', #7730, #270 ) ;
#4053 = CARTESIAN_POINT ( 'NONE',  ( -7.732050807568842998, 38.39230484541317168, -16.48260615751542346 ) ) ;
#4054 = ORIENTED_EDGE ( 'NONE', *, *, #110, .T. ) ;
#4055 = ORIENTED_EDGE ( 'NONE', *, *, #2484, .T. ) ;
#4056 = LINE ( 'NONE', #850, #8850 ) ;
#4057 = LINE ( 'NONE', #3958, #9694 ) ;
#4058 = EDGE_CURVE ( 'NONE', #7092, #2930, #8410, .T. ) ;
#4059 = VECTOR ( 'NONE', #5232, 1000.000000000000114 ) ;
#4060 = DIRECTION ( 'NONE',  ( -0.8660254037844380415, -0.5000000000000011102, -0.000000000000000000 ) ) ;
#4061 = CARTESIAN_POINT ( 'NONE',  ( -19.06217782649111570, 48.01666049839541017, -10.00000000000000000 ) ) ;
#4062 = ORIENTED_EDGE ( 'NONE', *, *, #3891, .T. ) ;
#4063 = ORIENTED_EDGE ( 'NONE', *, *, #5312, .T. ) ;
#4064 = ORIENTED_EDGE ( 'NONE', *, *, #6007, .T. ) ;
#4065 = DIRECTION ( 'NONE',  ( 0.000000000000000000, 0.000000000000000000, -1.000000000000000000 ) ) ;
#4066 = ORIENTED_EDGE ( 'NONE', *, *, #2931, .T. ) ;
#4067 = ORIENTED_EDGE ( 'NONE', *, *, #9268, .F. ) ;
#4068 = DIRECTION ( 'NONE',  ( -1.000000000000000000, -0.000000000000000000, -0.000000000000000000 ) ) ;
#4069 = ORIENTED_EDGE ( 'NONE', *, *, #2380, .T. ) ;
#4070 = LINE ( 'NONE', #8530, #7401 ) ;
#4071 = DIRECTION ( 'NONE',  ( 0.8660254037844372643, 0.5000000000000026645, 3.744595195433715256E-16 ) ) ;
#4072 = ADVANCED_FACE ( 'NONE', ( #2399 ), #5439, .F. ) ;
#4073 = EDGE_CURVE ( 'NONE', #8557, #9614, #8563, .T. ) ;
#4074 = CARTESIAN_POINT ( 'NONE',  ( -1.000000000000000000, 12.94999999999999396, 9.500000000000000000 ) ) ;
#4075 = ORIENTED_EDGE ( 'NONE', *, *, #9196, .T. ) ;
#4076 = ORIENTED_EDGE ( 'NONE', *, *, #2384, .T. ) ;
#4077 = CARTESIAN_POINT ( 'NONE',  ( -7.000000000000000888, 1.999999999999999556, -20.99999999999997513 ) ) ;
#4078 = ORIENTED_EDGE ( 'NONE', *, *, #1834, .F. ) ;
#4079 = CARTESIAN_POINT ( 'NONE',  ( 1.371902302762531889, -8.755425348492417825, 6.778097697237471131 ) ) ;
#4080 = CARTESIAN_POINT ( 'NONE',  ( 0.000000000000000000, 15.44999999999999751, -8.149999999999993250 ) ) ;
#4081 = EDGE_LOOP ( 'NONE', ( #1237, #7761, #7765, #7671 ) ) ;
#4082 = LINE ( 'NONE', #8283, #8961 ) ;
#4083 = FACE_OUTER_BOUND ( 'NONE', #3737, .T. ) ;
#4084 = CARTESIAN_POINT ( 'NONE',  ( -14.02627944162884077, 31.29422863405998001, 23.99999999999999645 ) ) ;
#4085 = ORIENTED_EDGE ( 'NONE', *, *, #6433, .T. ) ;
#4086 = CARTESIAN_POINT ( 'NONE',  ( -19.06217782649111570, 48.01666049839541017, 10.00000000000000000 ) ) ;
#4087 = ADVANCED_FACE ( 'NONE', ( #6458 ), #6404, .F. ) ;
#4088 = EDGE_LOOP ( 'NONE', ( #4346, #2145, #3646, #1392 ) ) ;
#4089 = DIRECTION ( 'NONE',  ( -0.2500000000000011102, 0.4330127018922196869, 0.8660254037844382635 ) ) ;
#4090 = LINE ( 'NONE', #4042, #8586 ) ;
#4091 = ORIENTED_EDGE ( 'NONE', *, *, #1460, .T. ) ;
#4092 = DIRECTION ( 'NONE',  ( 0.5000000000000012212, -0.8660254037844379305, 0.000000000000000000 ) ) ;
#4093 = CARTESIAN_POINT ( 'NONE',  ( -6.999999999999996447, 19.12435565298215678, -12.50000000000000000 ) ) ;
#4094 = DIRECTION ( 'NONE',  ( 0.3535533905932757293, -0.6123724356958013537, 0.7071067811865405783 ) ) ;
#4095 = ORIENTED_EDGE ( 'NONE', *, *, #3083, .F. ) ;
#4096 = CARTESIAN_POINT ( 'NONE',  ( -51.47215953124189269, 8.949201505532755618, 11.00000000000000000 ) ) ;
#4097 = VERTEX_POINT ( 'NONE', #7321 ) ;
#4098 = CARTESIAN_POINT ( 'NONE',  ( -29.56217782649112635, -22.24974746830583072, 2.861095805374186174 ) ) ;
#4099 = VECTOR ( 'NONE', #1927, 1000.000000000000114 ) ;
#4100 = VERTEX_POINT ( 'NONE', #438 ) ;
#4101 = CARTESIAN_POINT ( 'NONE',  ( -19.62786325144034194, 48.99645639550867315, -23.63137084989847381 ) ) ;
#4102 = ADVANCED_FACE ( 'NONE', ( #492 ), #5798, .F. ) ;
#4103 = CARTESIAN_POINT ( 'NONE',  ( -12.30705080756892045, 46.31643729004088783, -9.258696921242332678 ) ) ;
#4104 = PLANE ( 'NONE',  #7628 ) ;
#4105 = EDGE_CURVE ( 'NONE', #326, #6287, #9460, .T. ) ;
#4106 = AXIS2_PLACEMENT_3D ( 'NONE', #8855, #8101, #2777 ) ;
#4107 = CARTESIAN_POINT ( 'NONE',  ( -3.877803983041923086, 30.71655352042155940, 6.566892959156871434 ) ) ;
#4108 = LINE ( 'NONE', #4307, #1412 ) ;
#4109 = ORIENTED_EDGE ( 'NONE', *, *, #1605, .F. ) ;
#4110 = ORIENTED_EDGE ( 'NONE', *, *, #9440, .F. ) ;
#4111 = CARTESIAN_POINT ( 'NONE',  ( 22.04495957273638851, -27.49999999999998579, -12.50000000000000000 ) ) ;
#4112 = VERTEX_POINT ( 'NONE', #288 ) ;
#4113 = ORIENTED_EDGE ( 'NONE', *, *, #6863, .F. ) ;
#4114 = LINE ( 'NONE', #3965, #833 ) ;
#4115 = EDGE_CURVE ( 'NONE', #2325, #1509, #5593, .T. ) ;
#4116 = AXIS2_PLACEMENT_3D ( 'NONE', #4375, #8330, #9879 ) ;
#4117 = DIRECTION ( 'NONE',  ( 0.8660254037844378194, 0.5000000000000013323, 0.000000000000000000 ) ) ;
#4118 = VERTEX_POINT ( 'NONE', #7220 ) ;
#4119 = CARTESIAN_POINT ( 'NONE',  ( -13.00000000000004086, 51.51666049839542438, 10.00000000000000000 ) ) ;
#4120 = VECTOR ( 'NONE', #6501, 1000.000000000000000 ) ;
#4121 = CARTESIAN_POINT ( 'NONE',  ( -18.86672955930068341, 51.47813416937027853, 24.17431578064991271 ) ) ;
#4122 = ORIENTED_EDGE ( 'NONE', *, *, #3473, .F. ) ;
#4123 = PLANE ( 'NONE',  #5134 ) ;
#4124 = EDGE_CURVE ( 'NONE', #8095, #6993, #974, .T. ) ;
#4125 = EDGE_CURVE ( 'NONE', #1751, #5360, #6552, .T. ) ;
#4126 = LINE ( 'NONE', #2521, #7085 ) ;
#4127 = VECTOR ( 'NONE', #3768, 1000.000000000000114 ) ;
#4128 = CARTESIAN_POINT ( 'NONE',  ( 1.561251128379127174E-15, -9.000000000000005329, 10.25000000000000000 ) ) ;
#4129 = ORIENTED_EDGE ( 'NONE', *, *, #9853, .T. ) ;
#4130 = CIRCLE ( 'NONE', #3809, 3.250000000000000000 ) ;
#4131 = FACE_BOUND ( 'NONE', #1991, .T. ) ;
#4132 = CARTESIAN_POINT ( 'NONE',  ( -1.877893248421452733E-16, 26.07179676972451077, 7.500000000000000000 ) ) ;
#4133 = CARTESIAN_POINT ( 'NONE',  ( -17.15705080756893963, 54.71688370674995383, 11.74130307875769219 ) ) ;
#4134 = EDGE_CURVE ( 'NONE', #8588, #7469, #1885, .T. ) ;
#4135 = CARTESIAN_POINT ( 'NONE',  ( -22.16506350946124115, 62.39101615137768420, 11.51739384248461739 ) ) ;
#4136 = VERTEX_POINT ( 'NONE', #1046 ) ;
#4137 = DIRECTION ( 'NONE',  ( -0.000000000000000000, 1.000000000000000000, 0.000000000000000000 ) ) ;
#4138 = ORIENTED_EDGE ( 'NONE', *, *, #125, .F. ) ;
#4139 = CARTESIAN_POINT ( 'NONE',  ( -4.500000000000000888, 0.000000000000000000, 0.000000000000000000 ) ) ;
#4140 = AXIS2_PLACEMENT_3D ( 'NONE', #4256, #3300, #5601 ) ;
#4141 = LINE ( 'NONE', #8112, #9378 ) ;
#4142 = ORIENTED_EDGE ( 'NONE', *, *, #2605, .F. ) ;
#4143 = EDGE_CURVE ( 'NONE', #1823, #5724, #2408, .T. ) ;
#4144 = DIRECTION ( 'NONE',  ( 0.5000000000000011102, -0.8660254037844379305, -0.000000000000000000 ) ) ;
#4145 = DIRECTION ( 'NONE',  ( -0.000000000000000000, 0.7660444431189818992, 0.6427876096865347000 ) ) ;
#4146 = DIRECTION ( 'NONE',  ( -0.8660254037844373753, -0.5000000000000024425, -0.000000000000000000 ) ) ;
#4147 = VECTOR ( 'NONE', #7164, 1000.000000000000114 ) ;
#4148 = CARTESIAN_POINT ( 'NONE',  ( -22.80705080756901637, 64.50297076951420649, 15.24130307875773127 ) ) ;
#4149 = ORIENTED_EDGE ( 'NONE', *, *, #2259, .F. ) ;
#4150 = DIRECTION ( 'NONE',  ( 0.000000000000000000, 0.000000000000000000, 1.000000000000000000 ) ) ;
#4151 = CARTESIAN_POINT ( 'NONE',  ( -3.000000000000000000, -9.000000000000003553, -11.94705627484770716 ) ) ;
#4152 = CARTESIAN_POINT ( 'NONE',  ( 0.6438189269956557936, -11.67843724113411064, 10.89365806794908131 ) ) ;
#4153 = VECTOR ( 'NONE', #2826, 1000.000000000000114 ) ;
#4154 = EDGE_CURVE ( 'NONE', #1561, #8624, #2728, .T. ) ;
#4155 = CARTESIAN_POINT ( 'NONE',  ( -13.48371685740846004, 43.15448267190435416, 10.50000000000000000 ) ) ;
#4156 = ORIENTED_EDGE ( 'NONE', *, *, #9147, .F. ) ;
#4157 = CARTESIAN_POINT ( 'NONE',  ( -12.40871685740845187, 41.29252805376780344, -11.74130307875772417 ) ) ;
#4158 = VERTEX_POINT ( 'NONE', #4943 ) ;
#4159 = VERTEX_POINT ( 'NONE', #1144 ) ;
#4160 = EDGE_CURVE ( 'NONE', #1572, #6156, #4249, .T. ) ;
#4161 = ORIENTED_EDGE ( 'NONE', *, *, #3688, .F. ) ;
#4162 = CARTESIAN_POINT ( 'NONE',  ( -17.41672955930068412, 48.96666049839541301, 13.34863156129982542 ) ) ;
#4163 = AXIS2_PLACEMENT_3D ( 'NONE', #6310, #9882, #132 ) ;
#4164 = CARTESIAN_POINT ( 'NONE',  ( -15.95000000000006146, 56.62621038072362722, -10.49999999999999822 ) ) ;
#4165 = DIRECTION ( 'NONE',  ( 0.2500000000000006661, -0.4330127018922188542, -0.8660254037844388186 ) ) ;
#4166 = DIRECTION ( 'NONE',  ( 0.8660254037844380415, 0.5000000000000013323, 0.000000000000000000 ) ) ;
#4167 = VECTOR ( 'NONE', #4794, 1000.000000000000114 ) ;
#4168 = ADVANCED_FACE ( 'NONE', ( #2742 ), #1093, .F. ) ;
#4169 = EDGE_CURVE ( 'NONE', #7591, #6970, #8874, .T. ) ;
#4170 = LINE ( 'NONE', #5670, #2853 ) ;
#4171 = ORIENTED_EDGE ( 'NONE', *, *, #5690, .F. ) ;
#4172 = DIRECTION ( 'NONE',  ( 0.000000000000000000, 0.8944271909999158554, 0.4472135954999579277 ) ) ;
#4173 = AXIS2_PLACEMENT_3D ( 'NONE', #207, #8002, #3226 ) ;
#4174 = ORIENTED_EDGE ( 'NONE', *, *, #2225, .F. ) ;
#4175 = VECTOR ( 'NONE', #7411, 1000.000000000000000 ) ;
#4176 = CARTESIAN_POINT ( 'NONE',  ( -13.71506350946114416, 47.75518682742054466, 8.325684219350083737 ) ) ;
#4177 = CARTESIAN_POINT ( 'NONE',  ( 10.00000000000000178, -9.000000000000005329, 8.552943725152294618 ) ) ;
#4178 = EDGE_CURVE ( 'NONE', #769, #1169, #1990, .T. ) ;
#4179 = ORIENTED_EDGE ( 'NONE', *, *, #8321, .F. ) ;
#4180 = VERTEX_POINT ( 'NONE', #6502 ) ;
#4181 = CIRCLE ( 'NONE', #4979, 1.100000000000058265 ) ;
#4182 = DIRECTION ( 'NONE',  ( -0.3535533905932762289, 0.6123724356957965798, -0.7071067811865445751 ) ) ;
#4183 = DIRECTION ( 'NONE',  ( 0.3535533905932740639, -0.6123724356957931381, -0.7071067811865485719 ) ) ;
#4184 = PLANE ( 'NONE',  #9140 ) ;
#4185 = DIRECTION ( 'NONE',  ( 0.5000000000000019984, -0.8660254037844373753, 0.000000000000000000 ) ) ;
#4186 = CARTESIAN_POINT ( 'NONE',  ( -13.93782217350915609, 67.14101615137785473, -14.00000000000000355 ) ) ;
#4187 = ORIENTED_EDGE ( 'NONE', *, *, #9429, .F. ) ;
#4188 = AXIS2_PLACEMENT_3D ( 'NONE', #4510, #3651, #5299 ) ;
#4189 = DIRECTION ( 'NONE',  ( 0.000000000000000000, -5.411064053505636403E-15, 1.000000000000000000 ) ) ;
#4190 = CIRCLE ( 'NONE', #9641, 3.249999999999999556 ) ;
#4191 = CARTESIAN_POINT ( 'NONE',  ( -19.06217782649110859, 48.01666049839541017, -12.26274169979694051 ) ) ;
#4192 = ORIENTED_EDGE ( 'NONE', *, *, #6043, .T. ) ;
#4193 = ORIENTED_EDGE ( 'NONE', *, *, #4252, .T. ) ;
#4194 = ADVANCED_FACE ( 'NONE', ( #7971 ), #1936, .T. ) ;
#4195 = EDGE_CURVE ( 'NONE', #9310, #3197, #8826, .T. ) ;
#4196 = PLANE ( 'NONE',  #9887 ) ;
#4197 = LINE ( 'NONE', #6548, #9267 ) ;
#4198 = CARTESIAN_POINT ( 'NONE',  ( -26.09807621135338351, 68.20319397786859383, 22.49999999999996803 ) ) ;
#4199 = ORIENTED_EDGE ( 'NONE', *, *, #1445, .F. ) ;
#4200 = DIRECTION ( 'NONE',  ( 1.000000000000000000, 0.000000000000000000, 0.000000000000000000 ) ) ;
#4201 = CONICAL_SURFACE ( 'NONE', #9293, 2.099999999999999645, 0.7853981633974479459 ) ;
#4202 = DIRECTION ( 'NONE',  ( -0.8660254037844373753, -0.5000000000000023315, 1.210272192541946142E-15 ) ) ;
#4203 = EDGE_LOOP ( 'NONE', ( #7982, #1908, #7118, #1195 ) ) ;
#4204 = VERTEX_POINT ( 'NONE', #4299 ) ;
#4205 = DIRECTION ( 'NONE',  ( 0.000000000000000000, -1.000000000000000000, -0.000000000000000000 ) ) ;
#4206 = CARTESIAN_POINT ( 'NONE',  ( 0.3156982813815459865, -11.29429147912079223, 11.06277024936382247 ) ) ;
#4207 = AXIS2_PLACEMENT_3D ( 'NONE', #1090, #8916, #4296 ) ;
#4208 = LINE ( 'NONE', #3452, #9900 ) ;
#4209 = ORIENTED_EDGE ( 'NONE', *, *, #4481, .T. ) ;
#4210 = EDGE_LOOP ( 'NONE', ( #3301, #9201, #313, #4043, #6181 ) ) ;
#4211 = ORIENTED_EDGE ( 'NONE', *, *, #4901, .T. ) ;
#4212 = DIRECTION ( 'NONE',  ( -0.8660254037844379305, -0.5000000000000013323, 0.000000000000000000 ) ) ;
#4213 = ORIENTED_EDGE ( 'NONE', *, *, #2743, .T. ) ;
#4214 = EDGE_LOOP ( 'NONE', ( #4758, #9422, #124, #8831, #9019, #9216 ) ) ;
#4215 = LINE ( 'NONE', #7290, #2264 ) ;
#4216 = PLANE ( 'NONE',  #2105 ) ;
#4217 = VERTEX_POINT ( 'NONE', #7424 ) ;
#4218 = EDGE_CURVE ( 'NONE', #1338, #7062, #9802, .T. ) ;
#4219 = CARTESIAN_POINT ( 'NONE',  ( -13.93782217350906549, 67.14101615137768420, 14.00000000000000711 ) ) ;
#4220 = ADVANCED_FACE ( 'NONE', ( #2889 ), #2936, .T. ) ;
#4221 = LINE ( 'NONE', #3515, #5399 ) ;
#4222 = DIRECTION ( 'NONE',  ( -0.4330127018922202975, 0.7500000000000002220, 0.4999999999999990008 ) ) ;
#4223 = VERTEX_POINT ( 'NONE', #5979 ) ;
#4224 = CARTESIAN_POINT ( 'NONE',  ( -12.43431457505080928, 50.53686460128216140, 21.36862915010151553 ) ) ;
#4225 = ORIENTED_EDGE ( 'NONE', *, *, #4766, .F. ) ;
#4226 = AXIS2_PLACEMENT_3D ( 'NONE', #39, #90, #8475 ) ;
#4227 = DIRECTION ( 'NONE',  ( -0.000000000000000000, 0.7660444431189771253, 0.6427876096865403621 ) ) ;
#4228 = CARTESIAN_POINT ( 'NONE',  ( 1.164363443780812135, -29.00000000000000000, -0.9434927200292234639 ) ) ;
#4229 = EDGE_CURVE ( 'NONE', #2229, #8677, #5228, .T. ) ;
#4230 = EDGE_CURVE ( 'NONE', #1310, #788, #2840, .T. ) ;
#4231 = DIRECTION ( 'NONE',  ( 1.000000000000000000, -0.000000000000000000, -0.000000000000000000 ) ) ;
#4232 = ORIENTED_EDGE ( 'NONE', *, *, #9570, .T. ) ;
#4233 = VERTEX_POINT ( 'NONE', #6745 ) ;
#4234 = DIRECTION ( 'NONE',  ( -0.5000000000000009992, 0.8660254037844380415, 0.000000000000000000 ) ) ;
#4235 = LINE ( 'NONE', #2677, #918 ) ;
#4236 = CARTESIAN_POINT ( 'NONE',  ( 0.000000000000000000, 0.000000000000000000, 0.000000000000000000 ) ) ;
#4237 = DIRECTION ( 'NONE',  ( 0.000000000000000000, 0.000000000000000000, 1.000000000000000000 ) ) ;
#4238 = FACE_OUTER_BOUND ( 'NONE', #2049, .T. ) ;
#4239 = DIRECTION ( 'NONE',  ( -1.000000000000000000, -0.000000000000000000, -0.000000000000000000 ) ) ;
#4240 = ADVANCED_FACE ( 'NONE', ( #8250 ), #5840, .F. ) ;
#4241 = FACE_OUTER_BOUND ( 'NONE', #6768, .T. ) ;
#4242 = DIRECTION ( 'NONE',  ( 0.2500000000000006661, -0.4330127018922188542, 0.8660254037844388186 ) ) ;
#4243 = EDGE_LOOP ( 'NONE', ( #792, #6893, #2314, #7972 ) ) ;
#4244 = LINE ( 'NONE', #175, #9245 ) ;
#4245 = DIRECTION ( 'NONE',  ( 0.000000000000000000, 1.087600925377308960E-16, 1.000000000000000000 ) ) ;
#4246 = DIRECTION ( 'NONE',  ( 0.000000000000000000, -2.392722035830078972E-16, 1.000000000000000000 ) ) ;
#4247 = VERTEX_POINT ( 'NONE', #1379 ) ;
#4248 = PLANE ( 'NONE',  #9568 ) ;
#4249 = LINE ( 'NONE', #3399, #8327 ) ;
#4250 = ORIENTED_EDGE ( 'NONE', *, *, #2319, .F. ) ;
#4251 = CARTESIAN_POINT ( 'NONE',  ( 8.140638795573703845, 4.700000000000001954, 1.817199738632466069E-14 ) ) ;
#4252 = EDGE_CURVE ( 'NONE', #1967, #3308, #677, .T. ) ;
#4253 = EDGE_CURVE ( 'NONE', #3073, #8516, #3736, .T. ) ;
#4254 = CARTESIAN_POINT ( 'NONE',  ( -19.06217782649111570, 48.01666049839541017, -22.50000000000000000 ) ) ;
#4255 = CARTESIAN_POINT ( 'NONE',  ( -3.000000000000000000, -29.00000000000000000, 12.50000000000000000 ) ) ;
#4256 = CARTESIAN_POINT ( 'NONE',  ( -29.56217782649112635, -21.22128729280736792, 3.724076359315471318 ) ) ;
#4257 = ORIENTED_EDGE ( 'NONE', *, *, #2380, .F. ) ;
#4258 = ORIENTED_EDGE ( 'NONE', *, *, #5984, .F. ) ;
#4259 = VERTEX_POINT ( 'NONE', #8919 ) ;
#4260 = CARTESIAN_POINT ( 'NONE',  ( -10.15705080756891299, 42.59252805376780771, 9.258696921242295375 ) ) ;
#4261 = ORIENTED_EDGE ( 'NONE', *, *, #8414, .F. ) ;
#4262 = ORIENTED_EDGE ( 'NONE', *, *, #795, .F. ) ;
#4263 = ORIENTED_EDGE ( 'NONE', *, *, #6721, .F. ) ;
#4264 = DIRECTION ( 'NONE',  ( 0.2500000000000004441, -0.4330127018922184656, -0.8660254037844390407 ) ) ;
#4265 = DIRECTION ( 'NONE',  ( 0.000000000000000000, 0.6427876096865403621, -0.7660444431189771253 ) ) ;
#4266 = VECTOR ( 'NONE', #1891, 1000.000000000000000 ) ;
#4267 = CARTESIAN_POINT ( 'NONE',  ( -4.500000000000000888, -27.49999999999998579, 0.000000000000000000 ) ) ;
#4268 = DIRECTION ( 'NONE',  ( 0.3535533905932780052, -0.6123724356958003545, 0.7071067811865404673 ) ) ;
#4269 = CARTESIAN_POINT ( 'NONE',  ( -17.05000000000005045, 58.53146626904936767, 10.50000000000000178 ) ) ;
#4270 = ORIENTED_EDGE ( 'NONE', *, *, #173, .T. ) ;
#4271 = LINE ( 'NONE', #8231, #6368 ) ;
#4272 = ADVANCED_FACE ( 'NONE', ( #1429 ), #724, .F. ) ;
#4273 = VECTOR ( 'NONE', #8545, 1000.000000000000000 ) ;
#4274 = CARTESIAN_POINT ( 'NONE',  ( -27.39711431703002731, 67.45319397786859383, 12.50000000000000000 ) ) ;
#4275 = CARTESIAN_POINT ( 'NONE',  ( -7.732050807568839446, 38.39230484541316457, 16.48260615751541636 ) ) ;
#4276 = CIRCLE ( 'NONE', #6182, 1.599999999999990763 ) ;
#4277 = LINE ( 'NONE', #2724, #6334 ) ;
#4278 = CARTESIAN_POINT ( 'NONE',  ( -1.000000000000000000, 12.94999999999999396, 9.500000000000000000 ) ) ;
#4279 = EDGE_CURVE ( 'NONE', #4661, #1155, #2132, .T. ) ;
#4280 = CARTESIAN_POINT ( 'NONE',  ( 10.00000000000000178, -22.24974746830583072, 4.949747468305830900 ) ) ;
#4281 = CARTESIAN_POINT ( 'NONE',  ( -9.526279441628823008, 23.50000000000000711, -26.49999999999999645 ) ) ;
#4282 = LINE ( 'NONE', #6016, #4020 ) ;
#4283 = VECTOR ( 'NONE', #8331, 1000.000000000000000 ) ;
#4284 = VECTOR ( 'NONE', #8249, 1000.000000000000000 ) ;
#4285 = EDGE_CURVE ( 'NONE', #6891, #6952, #629, .T. ) ;
#4286 = LINE ( 'NONE', #5166, #650 ) ;
#4287 = CARTESIAN_POINT ( 'NONE',  ( -9.939981809533032120, 41.21655352042159137, -14.43310704084313834 ) ) ;
#4288 = CARTESIAN_POINT ( 'NONE',  ( -18.86672955930068341, 51.47813416937027853, -11.67431578064991093 ) ) ;
#4289 = ORIENTED_EDGE ( 'NONE', *, *, #667, .F. ) ;
#4290 = VECTOR ( 'NONE', #5306, 1000.000000000000000 ) ;
#4291 = VECTOR ( 'NONE', #3518, 1000.000000000000227 ) ;
#4292 = DIRECTION ( 'NONE',  ( 0.000000000000000000, 0.000000000000000000, -1.000000000000000000 ) ) ;
#4293 = ADVANCED_FACE ( 'NONE', ( #9749 ), #6798, .F. ) ;
#4294 = EDGE_CURVE ( 'NONE', #4118, #9401, #6697, .T. ) ;
#4295 = CARTESIAN_POINT ( 'NONE',  ( -3.000000000000000000, 20.19615242270665334, 12.50000000000000000 ) ) ;
#4296 = DIRECTION ( 'NONE',  ( 0.000000000000000000, 0.8944271909999150783, 0.4472135954999595375 ) ) ;
#4297 = CARTESIAN_POINT ( 'NONE',  ( -20.48371685740849202, 55.27883832488650739, -8.017393842484622724 ) ) ;
#4298 = ORIENTED_EDGE ( 'NONE', *, *, #3663, .T. ) ;
#4299 = CARTESIAN_POINT ( 'NONE',  ( -1.165063509461097491, 26.01794919243113213, 24.49999999999996447 ) ) ;
#4300 = ORIENTED_EDGE ( 'NONE', *, *, #9003, .T. ) ;
#4301 = ORIENTED_EDGE ( 'NONE', *, *, #3391, .F. ) ;
#4302 = VECTOR ( 'NONE', #8882, 1000.000000000000000 ) ;
#4303 = DIRECTION ( 'NONE',  ( -0.8660254037844379305, -0.5000000000000011102, -0.000000000000000000 ) ) ;
#4304 = CARTESIAN_POINT ( 'NONE',  ( -1.800000000000000044, -9.000000000000005329, 10.25000000000000000 ) ) ;
#4305 = VECTOR ( 'NONE', #2754, 1000.000000000000000 ) ;
#4306 = EDGE_CURVE ( 'NONE', #8560, #57, #5604, .T. ) ;
#4307 = CARTESIAN_POINT ( 'NONE',  ( -62.81020123613542694, -7.263486591537474446, -26.49999999999998934 ) ) ;
#4308 = ORIENTED_EDGE ( 'NONE', *, *, #2868, .T. ) ;
#4309 = LINE ( 'NONE', #5756, #3201 ) ;
#4310 = FACE_OUTER_BOUND ( 'NONE', #8484, .T. ) ;
#4311 = VECTOR ( 'NONE', #4744, 1000.000000000000000 ) ;
#4312 = LINE ( 'NONE', #9630, #7303 ) ;
#4313 = EDGE_CURVE ( 'NONE', #527, #5076, #5117, .T. ) ;
#4314 = FACE_BOUND ( 'NONE', #3968, .T. ) ;
#4315 = ORIENTED_EDGE ( 'NONE', *, *, #2315, .T. ) ;
#4316 = AXIS2_PLACEMENT_3D ( 'NONE', #673, #3732, #2976 ) ;
#4317 = CARTESIAN_POINT ( 'NONE',  ( 0.2677044460624990463, -10.92113448182991320, -8.843025803898530768 ) ) ;
#4318 = EDGE_LOOP ( 'NONE', ( #8820, #2382, #3658, #2005, #83, #3760 ) ) ;
#4319 = ORIENTED_EDGE ( 'NONE', *, *, #4589, .F. ) ;
#4320 = DIRECTION ( 'NONE',  ( -0.8660254037844379305, -0.5000000000000013323, 0.000000000000000000 ) ) ;
#4321 = CARTESIAN_POINT ( 'NONE',  ( -7.000000000000000000, -27.49999999999998579, -12.50000000000000000 ) ) ;
#4322 = VECTOR ( 'NONE', #9421, 1000.000000000000000 ) ;
#4323 = DIRECTION ( 'NONE',  ( 0.8660254037844380415, 0.5000000000000012212, -0.000000000000000000 ) ) ;
#4324 = EDGE_LOOP ( 'NONE', ( #6231, #5632, #4538, #5250, #3966, #1156 ) ) ;
#4325 = PLANE ( 'NONE',  #8356 ) ;
#4326 = DIRECTION ( 'NONE',  ( 0.000000000000000000, 0.7660444431189714631, -0.6427876096865470235 ) ) ;
#4327 = CARTESIAN_POINT ( 'NONE',  ( 4.580495471645572358, -12.35025253169414938, -3.669801532462334759 ) ) ;
#4328 = CARTESIAN_POINT ( 'NONE',  ( -27.39711431703002020, 67.45319397786859383, -22.49999999999995737 ) ) ;
#4329 = VECTOR ( 'NONE', #5651, 1000.000000000000114 ) ;
#4330 = DIRECTION ( 'NONE',  ( -1.000000000000000000, 0.000000000000000000, 0.000000000000000000 ) ) ;
#4331 = DIRECTION ( 'NONE',  ( 0.7071067811865521247, 0.7071067811865430208, 1.533293416683364524E-16 ) ) ;
#4332 = ORIENTED_EDGE ( 'NONE', *, *, #1669, .T. ) ;
#4333 = CARTESIAN_POINT ( 'NONE',  ( -17.59006350946116370, 54.46688370674995383, 12.50000000000000000 ) ) ;
#4334 = EDGE_CURVE ( 'NONE', #5431, #7127, #6649, .T. ) ;
#4335 = PLANE ( 'NONE',  #3770 ) ;
#4336 = AXIS2_PLACEMENT_3D ( 'NONE', #7896, #3311, #5610 ) ;
#4337 = ORIENTED_EDGE ( 'NONE', *, *, #6324, .T. ) ;
#4338 = AXIS2_PLACEMENT_3D ( 'NONE', #8948, #7509, #8241 ) ;
#4339 = CIRCLE ( 'NONE', #3860, 3.249999999999999556 ) ;
#4340 = ORIENTED_EDGE ( 'NONE', *, *, #1388, .F. ) ;
#4341 = CARTESIAN_POINT ( 'NONE',  ( -21.55871685740848420, 57.14079294302302969, -9.258696921242300704 ) ) ;
#4342 = LINE ( 'NONE', #3588, #1644 ) ;
#4343 = CARTESIAN_POINT ( 'NONE',  ( -14.55871685740845756, 45.01643729004088357, 9.258696921242325573 ) ) ;
#4344 = CARTESIAN_POINT ( 'NONE',  ( -20.65705080756901779, 60.77906153324114058, 12.75869692124231491 ) ) ;
#4345 = EDGE_LOOP ( 'NONE', ( #2062, #6972, #72, #3504 ) ) ;
#4346 = ORIENTED_EDGE ( 'NONE', *, *, #3819, .T. ) ;
#4347 = VECTOR ( 'NONE', #7883, 1000.000000000000114 ) ;
#4348 = VECTOR ( 'NONE', #9488, 1000.000000000000000 ) ;
#4349 = CARTESIAN_POINT ( 'NONE',  ( 1.599312438051458285, -6.000000000000000888, -1.091762286793571235 ) ) ;
#4350 = CYLINDRICAL_SURFACE ( 'NONE', #5133, 1.099999999999987876 ) ;
#4351 = ADVANCED_FACE ( 'NONE', ( #2087 ), #5131, .F. ) ;
#4352 = EDGE_CURVE ( 'NONE', #1715, #3516, #583, .T. ) ;
#4353 = DIRECTION ( 'NONE',  ( 0.2500000000000001110, -0.4330127018922180215, 0.8660254037844392627 ) ) ;
#4354 = ORIENTED_EDGE ( 'NONE', *, *, #9889, .T. ) ;
#4355 = VECTOR ( 'NONE', #5556, 1000.000000000000114 ) ;
#4356 = CARTESIAN_POINT ( 'NONE',  ( 0.4510865561436109283, 42.21869516614797391, 13.22218254069524690 ) ) ;
#4357 = ORIENTED_EDGE ( 'NONE', *, *, #8940, .F. ) ;
#4358 = ORIENTED_EDGE ( 'NONE', *, *, #2393, .T. ) ;
#4359 = CARTESIAN_POINT ( 'NONE',  ( -15.16506350946115589, 50.26666049839542438, 19.15136843870016747 ) ) ;
#4360 = VERTEX_POINT ( 'NONE', #6081 ) ;
#4361 = DIRECTION ( 'NONE',  ( 1.000000000000000000, -1.156482317317871478E-16, 0.000000000000000000 ) ) ;
#4362 = ORIENTED_EDGE ( 'NONE', *, *, #3367, .T. ) ;
#4363 = EDGE_CURVE ( 'NONE', #6564, #2556, #6132, .T. ) ;
#4364 = LINE ( 'NONE', #4267, #5993 ) ;
#4365 = DIRECTION ( 'NONE',  ( -0.5000000000000004441, 0.8660254037844383745, -4.336808689942047713E-15 ) ) ;
#4366 = DIRECTION ( 'NONE',  ( 0.8660254037844378194, 0.5000000000000013323, 0.000000000000000000 ) ) ;
#4367 = VERTEX_POINT ( 'NONE', #831 ) ;
#4368 = CARTESIAN_POINT ( 'NONE',  ( 1.594552257202482837, -8.602828693043994335, -6.574501004032896390 ) ) ;
#4369 = AXIS2_PLACEMENT_3D ( 'NONE', #8164, #7969, #1293 ) ;
#4370 = ORIENTED_EDGE ( 'NONE', *, *, #5998, .F. ) ;
#4371 = CARTESIAN_POINT ( 'NONE',  ( -15.96672955930068483, 46.45518682742054750, 20.82568421935008729 ) ) ;
#4372 = DIRECTION ( 'NONE',  ( -1.000000000000000000, -0.000000000000000000, -0.000000000000000000 ) ) ;
#4373 = EDGE_CURVE ( 'NONE', #7558, #1271, #7711, .T. ) ;
#4374 = ADVANCED_FACE ( 'NONE', ( #8550 ), #1728, .F. ) ;
#4375 = CARTESIAN_POINT ( 'NONE',  ( 8.573651497465990090, 4.950000000000046363, -1.817199738632480268E-14 ) ) ;
#4376 = VECTOR ( 'NONE', #8879, 1000.000000000000114 ) ;
#4377 = LINE ( 'NONE', #7110, #5938 ) ;
#4378 = DIRECTION ( 'NONE',  ( -0.8660254037844379305, -0.5000000000000013323, 0.000000000000000000 ) ) ;
#4379 = LINE ( 'NONE', #1228, #3831 ) ;
#4380 = DIRECTION ( 'NONE',  ( -0.7071067811865431318, 0.000000000000000000, 0.7071067811865520136 ) ) ;
#4381 = CARTESIAN_POINT ( 'NONE',  ( -18.86672955930068341, 51.47813416937027853, 24.17431578064991271 ) ) ;
#4382 = CARTESIAN_POINT ( 'NONE',  ( -11.66506350946112569, 44.20448267190433000, -12.98260615751540392 ) ) ;
#4383 = PLANE ( 'NONE',  #7155 ) ;
#4384 = VERTEX_POINT ( 'NONE', #3035 ) ;
#4385 = ORIENTED_EDGE ( 'NONE', *, *, #9754, .T. ) ;
#4386 = DIRECTION ( 'NONE',  ( 0.000000000000000000, 0.000000000000000000, 1.000000000000000000 ) ) ;
#4387 = DIRECTION ( 'NONE',  ( -0.8660254037844379305, -0.5000000000000012212, 0.000000000000000000 ) ) ;
#4388 = CARTESIAN_POINT ( 'NONE',  ( -5.999999999999985789, -4.999999999999984901, -22.00000000000000355 ) ) ;
#4389 = DIRECTION ( 'NONE',  ( 1.000000000000000000, -0.000000000000000000, -0.000000000000000000 ) ) ;
#4390 = EDGE_CURVE ( 'NONE', #4673, #4881, #5377, .T. ) ;
#4391 = CARTESIAN_POINT ( 'NONE',  ( -3.000000000000004441, 16.29852813742385109, -11.09852813742385003 ) ) ;
#4392 = DIRECTION ( 'NONE',  ( 0.000000000000000000, 0.7660444431189818992, 0.6427876096865347000 ) ) ;
#4393 = DIRECTION ( 'NONE',  ( 0.000000000000000000, 0.000000000000000000, -1.000000000000000000 ) ) ;
#4394 = LINE ( 'NONE', #4502, #3174 ) ;
#4395 = ORIENTED_EDGE ( 'NONE', *, *, #2890, .T. ) ;
#4396 = DIRECTION ( 'NONE',  ( 0.8660254037844373753, 0.5000000000000023315, -1.210272192541946339E-15 ) ) ;
#4397 = EDGE_CURVE ( 'NONE', #1350, #4100, #6230, .T. ) ;
#4398 = EDGE_CURVE ( 'NONE', #4501, #1611, #7, .T. ) ;
#4399 = ORIENTED_EDGE ( 'NONE', *, *, #8518, .T. ) ;
#4400 = LINE ( 'NONE', #9063, #745 ) ;
#4401 = EDGE_CURVE ( 'NONE', #2930, #2627, #2248, .T. ) ;
#4402 = CARTESIAN_POINT ( 'NONE',  ( -13.09480812775586500, 42.48087299263900718, 9.722182540694808139 ) ) ;
#4403 = ORIENTED_EDGE ( 'NONE', *, *, #3317, .F. ) ;
#4404 = DIRECTION ( 'NONE',  ( 0.5000000000000013323, -0.8660254037844378194, 0.000000000000000000 ) ) ;
#4405 = CARTESIAN_POINT ( 'NONE',  ( -7.000000000000000000, -25.00000000000000000, -15.00000000000000711 ) ) ;
#4406 = VERTEX_POINT ( 'NONE', #3233 ) ;
#4407 = CARTESIAN_POINT ( 'NONE',  ( 0.7607266852003183866, -9.299152110671286664, -7.403519066330779275 ) ) ;
#4408 = EDGE_CURVE ( 'NONE', #6837, #9937, #5480, .T. ) ;
#4409 = DIRECTION ( 'NONE',  ( 0.8660254037844379305, 0.5000000000000011102, -0.000000000000000000 ) ) ;
#4410 = VECTOR ( 'NONE', #9451, 1000.000000000000000 ) ;
#4411 = ORIENTED_EDGE ( 'NONE', *, *, #9414, .T. ) ;
#4412 = LINE ( 'NONE', #7353, #9145 ) ;
#4413 = ORIENTED_EDGE ( 'NONE', *, *, #8092, .T. ) ;
#4414 = DIRECTION ( 'NONE',  ( 0.8660254037844379305, 0.5000000000000013323, 0.000000000000000000 ) ) ;
#4415 = AXIS2_PLACEMENT_3D ( 'NONE', #9742, #9699, #5970 ) ;
#4416 = FACE_OUTER_BOUND ( 'NONE', #194, .T. ) ;
#4417 = VERTEX_POINT ( 'NONE', #3181 ) ;
#4419 = EDGE_CURVE ( 'NONE', #1066, #7422, #1636, .T. ) ;
#4418 = FACE_OUTER_BOUND ( 'NONE', #5791, .T. ) ;
#4420 = ADVANCED_FACE ( 'NONE', ( #7049, #3894 ), #4734, .T. ) ;
#4421 = DIRECTION ( 'NONE',  ( -1.000000000000000000, -0.000000000000000000, -0.000000000000000000 ) ) ;
#4422 = DIRECTION ( 'NONE',  ( -0.000000000000000000, -0.000000000000000000, -1.000000000000000000 ) ) ;
#4423 = AXIS2_PLACEMENT_3D ( 'NONE', #2920, #5161, #9033 ) ;
#4424 = CARTESIAN_POINT ( 'NONE',  ( 11.25897459621551988, 65.52258601178481001, -24.76274169979693696 ) ) ;
#4425 = VERTEX_POINT ( 'NONE', #6288 ) ;
#4426 = ORIENTED_EDGE ( 'NONE', *, *, #8712, .F. ) ;
#4427 = CIRCLE ( 'NONE', #2041, 4.000000000000000000 ) ;
#4429 = EDGE_CURVE ( 'NONE', #9937, #4112, #5524, .T. ) ;
#4428 = LINE ( 'NONE', #4341, #471 ) ;
#4430 = EDGE_LOOP ( 'NONE', ( #4548, #8605, #5679, #2045, #725 ) ) ;
#4431 = EDGE_CURVE ( 'NONE', #9812, #6090, #4781, .T. ) ;
#4432 = DIRECTION ( 'NONE',  ( -0.4330127018922203530, 0.7499999999999991118, -0.5000000000000003331 ) ) ;
#4433 = CARTESIAN_POINT ( 'NONE',  ( -13.38782217350900616, 66.18838820721470029, 14.00000000000000711 ) ) ;
#4434 = ORIENTED_EDGE ( 'NONE', *, *, #4524, .F. ) ;
#4435 = EDGE_LOOP ( 'NONE', ( #3644, #4671, #7371, #3442 ) ) ;
#4436 = CARTESIAN_POINT ( 'NONE',  ( -17.59006350946116015, 54.46688370674995383, 9.258696921242329125 ) ) ;
#4437 = CARTESIAN_POINT ( 'NONE',  ( -15.96672955930068483, 46.45518682742054750, -8.325684219350083737 ) ) ;
#4438 = ORIENTED_EDGE ( 'NONE', *, *, #2475, .T. ) ;
#4439 = CARTESIAN_POINT ( 'NONE',  ( 2.000000000000005329, -17.30000000000000426, -10.90000000000000213 ) ) ;
#4440 = AXIS2_PLACEMENT_3D ( 'NONE', #6427, #6217, #5466 ) ;
#4441 = CARTESIAN_POINT ( 'NONE',  ( 0.3499999999999943712, -14.43931226317544514, 2.460103028169168482 ) ) ;
#4442 = ORIENTED_EDGE ( 'NONE', *, *, #3477, .T. ) ;
#4443 = EDGE_LOOP ( 'NONE', ( #2450, #1430, #5570, #2655 ) ) ;
#4444 = LINE ( 'NONE', #1436, #6216 ) ;
#4445 = ORIENTED_EDGE ( 'NONE', *, *, #5585, .T. ) ;
#4446 = VERTEX_POINT ( 'NONE', #6845 ) ;
#4447 = DIRECTION ( 'NONE',  ( -0.4330127018922204640, 0.7499999999999993339, 0.5000000000000000000 ) ) ;
#4448 = ORIENTED_EDGE ( 'NONE', *, *, #366, .T. ) ;
#4449 = VECTOR ( 'NONE', #93, 1000.000000000000000 ) ;
#4450 = DIRECTION ( 'NONE',  ( 0.000000000000000000, 0.7559289460184526188, -0.6546536707079791961 ) ) ;
#4451 = ORIENTED_EDGE ( 'NONE', *, *, #839, .F. ) ;
#4452 = DIRECTION ( 'NONE',  ( 0.000000000000000000, 0.7559289460184580589, 0.6546536707079729789 ) ) ;
#4453 = LINE ( 'NONE', #9065, #5303 ) ;
#4454 = ORIENTED_EDGE ( 'NONE', *, *, #6953, .F. ) ;
#4455 = DIRECTION ( 'NONE',  ( -1.000000000000000000, -0.000000000000000000, -0.000000000000000000 ) ) ;
#4456 = VECTOR ( 'NONE', #9111, 999.9999999999998863 ) ;
#4457 = EDGE_CURVE ( 'NONE', #7236, #6941, #4643, .T. ) ;
#4458 = FACE_BOUND ( 'NONE', #9751, .T. ) ;
#4459 = ORIENTED_EDGE ( 'NONE', *, *, #5327, .F. ) ;
#4460 = EDGE_CURVE ( 'NONE', #8565, #6438, #5333, .T. ) ;
#4461 = ORIENTED_EDGE ( 'NONE', *, *, #603, .F. ) ;
#4462 = ORIENTED_EDGE ( 'NONE', *, *, #1826, .F. ) ;
#4463 = ORIENTED_EDGE ( 'NONE', *, *, #6885, .F. ) ;
#4464 = DIRECTION ( 'NONE',  ( 0.000000000000000000, 0.000000000000000000, 1.000000000000000000 ) ) ;
#4465 = VECTOR ( 'NONE', #2738, 1000.000000000000000 ) ;
#4466 = ORIENTED_EDGE ( 'NONE', *, *, #1445, .T. ) ;
#4467 = CYLINDRICAL_SURFACE ( 'NONE', #5927, 1.100000000000115330 ) ;
#4468 = EDGE_LOOP ( 'NONE', ( #5994, #81, #8638, #7618 ) ) ;
#4469 = ADVANCED_FACE ( 'NONE', ( #3136 ), #3055, .F. ) ;
#4470 = EDGE_CURVE ( 'NONE', #5801, #265, #1448, .T. ) ;
#4471 = FACE_OUTER_BOUND ( 'NONE', #9419, .T. ) ;
#4472 = AXIS2_PLACEMENT_3D ( 'NONE', #7812, #3031, #9246 ) ;
#4473 = CARTESIAN_POINT ( 'NONE',  ( -1.800000000000000044, 15.44999999999999751, -10.24999999999999467 ) ) ;
#4474 = DIRECTION ( 'NONE',  ( 0.5000000000000025535, -0.8660254037844371533, 0.000000000000000000 ) ) ;
#4475 = DIRECTION ( 'NONE',  ( -0.8660254037844379305, -0.5000000000000013323, 0.000000000000000000 ) ) ;
#4476 = CARTESIAN_POINT ( 'NONE',  ( -1.800000000000000044, 15.44999999999999751, -8.149999999999993250 ) ) ;
#4477 = EDGE_LOOP ( 'NONE', ( #1108, #2079, #6401, #1248, #8635 ) ) ;
#4478 = VECTOR ( 'NONE', #9860, 1000.000000000000000 ) ;
#4479 = PLANE ( 'NONE',  #977 ) ;
#4480 = VERTEX_POINT ( 'NONE', #109 ) ;
#4481 = EDGE_CURVE ( 'NONE', #4863, #8076, #2416, .T. ) ;
#4482 = DIRECTION ( 'NONE',  ( -0.8660254037844379305, -0.5000000000000011102, -0.000000000000000000 ) ) ;
#4483 = EDGE_LOOP ( 'NONE', ( #551, #3240, #7006, #4670 ) ) ;
#4484 = LINE ( 'NONE', #6023, #9723 ) ;
#4485 = EDGE_LOOP ( 'NONE', ( #1689, #1013, #2708, #6761, #4156 ) ) ;
#4486 = AXIS2_PLACEMENT_3D ( 'NONE', #4543, #6603, #1296 ) ;
#4487 = PLANE ( 'NONE',  #3344 ) ;
#4488 = CARTESIAN_POINT ( 'NONE',  ( 0.000000000000000000, 15.44999999999999751, -10.24999999999999467 ) ) ;
#4489 = VERTEX_POINT ( 'NONE', #7260 ) ;
#4490 = LINE ( 'NONE', #2839, #929 ) ;
#4491 = CARTESIAN_POINT ( 'NONE',  ( -15.56217782649111570, 41.95448267190436553, 8.944365081389609173 ) ) ;
#4492 = VERTEX_POINT ( 'NONE', #4835 ) ;
#4493 = DIRECTION ( 'NONE',  ( 0.000000000000000000, 0.000000000000000000, -1.000000000000000000 ) ) ;
#4494 = CARTESIAN_POINT ( 'NONE',  ( -12.61217782649106312, 36.84493278957609874, 14.00000000000001066 ) ) ;
#4495 = VECTOR ( 'NONE', #8242, 999.9999999999998863 ) ;
#4496 = DIRECTION ( 'NONE',  ( -1.000000000000000000, -0.000000000000000000, -0.000000000000000000 ) ) ;
#4497 = CIRCLE ( 'NONE', #4338, 1.599999999999990763 ) ;
#4498 = EDGE_CURVE ( 'NONE', #1437, #1321, #9497, .T. ) ;
#4499 = EDGE_CURVE ( 'NONE', #6070, #3960, #7308, .T. ) ;
#4500 = PLANE ( 'NONE',  #4736 ) ;
#4501 = VERTEX_POINT ( 'NONE', #4984 ) ;
#4502 = CARTESIAN_POINT ( 'NONE',  ( -4.500000000000000888, -12.00000000000000000, -12.50000000000000000 ) ) ;
#4503 = ORIENTED_EDGE ( 'NONE', *, *, #5859, .T. ) ;
#4504 = CARTESIAN_POINT ( 'NONE',  ( 2.071060373132685761, 22.48461497791615926, 3.484614977916126399 ) ) ;
#4505 = VECTOR ( 'NONE', #809, 1000.000000000000114 ) ;
#4506 = AXIS2_PLACEMENT_3D ( 'NONE', #807, #2204, #5455 ) ;
#4507 = DIRECTION ( 'NONE',  ( -0.8660254037844379305, -0.5000000000000012212, 0.000000000000000000 ) ) ;
#4508 = ORIENTED_EDGE ( 'NONE', *, *, #7310, .T. ) ;
#4509 = DIRECTION ( 'NONE',  ( 0.3535533905933249121, -0.6123724356958709647, -0.7071067811864558683 ) ) ;
#4510 = CARTESIAN_POINT ( 'NONE',  ( 2.000000000000000000, -17.93630175463995613, -0.7583149020661477113 ) ) ;
#4511 = ORIENTED_EDGE ( 'NONE', *, *, #8518, .F. ) ;
#4512 = CARTESIAN_POINT ( 'NONE',  ( -3.000000000000000000, -22.24974746830583072, 4.949747468305830900 ) ) ;
#4513 = AXIS2_PLACEMENT_3D ( 'NONE', #8648, #4931, #849 ) ;
#4514 = DIRECTION ( 'NONE',  ( 0.000000000000000000, 0.000000000000000000, 1.000000000000000000 ) ) ;
#4515 = ORIENTED_EDGE ( 'NONE', *, *, #5747, .F. ) ;
#4516 = ORIENTED_EDGE ( 'NONE', *, *, #2588, .F. ) ;
#4517 = ORIENTED_EDGE ( 'NONE', *, *, #8582, .F. ) ;
#4518 = VECTOR ( 'NONE', #8690, 1000.000000000000000 ) ;
#4519 = CARTESIAN_POINT ( 'NONE',  ( -23.98371685740855597, 61.34101615137766572, 16.48260615751542346 ) ) ;
#4520 = ADVANCED_FACE ( 'NONE', ( #5636 ), #5683, .T. ) ;
#4521 = CIRCLE ( 'NONE', #6279, 1.599999999999988987 ) ;
#4522 = CARTESIAN_POINT ( 'NONE',  ( 0.000000000000000000, 15.44999999999999574, 12.34999999999999964 ) ) ;
#4523 = DIRECTION ( 'NONE',  ( -1.000000000000000000, -0.000000000000000000, -0.000000000000000000 ) ) ;
#4524 = EDGE_CURVE ( 'NONE', #4045, #4159, #3371, .T. ) ;
#4525 = DIRECTION ( 'NONE',  ( -0.5000000000000013323, 0.8660254037844379305, 0.000000000000000000 ) ) ;
#4526 = VECTOR ( 'NONE', #6647, 1000.000000000000114 ) ;
#4527 = DIRECTION ( 'NONE',  ( 0.000000000000000000, 0.000000000000000000, -1.000000000000000000 ) ) ;
#4528 = ORIENTED_EDGE ( 'NONE', *, *, #5247, .F. ) ;
#4529 = DIRECTION ( 'NONE',  ( -0.000000000000000000, -0.000000000000000000, 1.000000000000000000 ) ) ;
#4530 = DIRECTION ( 'NONE',  ( 0.000000000000000000, -1.000000000000000000, -2.168404344971008868E-16 ) ) ;
#4531 = PLANE ( 'NONE',  #6423 ) ;
#4532 = EDGE_CURVE ( 'NONE', #9357, #6074, #3330, .T. ) ;
#4533 = ADVANCED_FACE ( 'NONE', ( #4083 ), #6330, .F. ) ;
#4534 = VERTEX_POINT ( 'NONE', #4036 ) ;
#4535 = DIRECTION ( 'NONE',  ( 0.000000000000000000, -0.7071067811865474617, -0.7071067811865474617 ) ) ;
#4536 = VECTOR ( 'NONE', #5381, 1000.000000000000000 ) ;
#4537 = CARTESIAN_POINT ( 'NONE',  ( -1.799999999999999600, -9.000000000000003553, -11.94705627484770716 ) ) ;
#4538 = ORIENTED_EDGE ( 'NONE', *, *, #6816, .F. ) ;
#4539 = VERTEX_POINT ( 'NONE', #7913 ) ;
#4540 = VERTEX_POINT ( 'NONE', #423 ) ;
#4541 = CARTESIAN_POINT ( 'NONE',  ( 0.06217782649113080817, 42.89230484541313615, -14.00000000000000000 ) ) ;
#4542 = CARTESIAN_POINT ( 'NONE',  ( 6.530942860263101224, -12.35025253169419912, -9.192321158635740730 ) ) ;
#4543 = CARTESIAN_POINT ( 'NONE',  ( -12.06217782649100378, 35.89230484541311483, -14.00000000000000000 ) ) ;
#4544 = EDGE_CURVE ( 'NONE', #6872, #9798, #1930, .T. ) ;
#4545 = ORIENTED_EDGE ( 'NONE', *, *, #2475, .F. ) ;
#4546 = DIRECTION ( 'NONE',  ( 0.000000000000000000, 0.000000000000000000, 1.000000000000000000 ) ) ;
#4547 = CARTESIAN_POINT ( 'NONE',  ( 0.8393135641428420834, -6.000000000000003553, -4.240902251534633294 ) ) ;
#4548 = ORIENTED_EDGE ( 'NONE', *, *, #877, .F. ) ;
#4549 = CARTESIAN_POINT ( 'NONE',  ( -17.41672955930069477, 48.96666049839543433, 20.23725830020304528 ) ) ;
#4550 = DIRECTION ( 'NONE',  ( 0.7071067811865465735, 0.4545194776720498098, 0.5416752204196979559 ) ) ;
#4551 = EDGE_LOOP ( 'NONE', ( #395, #2685, #5060, #5057 ) ) ;
#4552 = LINE ( 'NONE', #499, #7528 ) ;
#4553 = VERTEX_POINT ( 'NONE', #3478 ) ;
#4554 = CARTESIAN_POINT ( 'NONE',  ( -19.74006350946116584, 58.19079294302303396, -9.258696921242300704 ) ) ;
#4555 = LINE ( 'NONE', #593, #145 ) ;
#4556 = EDGE_CURVE ( 'NONE', #6372, #3574, #1032, .T. ) ;
#4558 = ADVANCED_FACE ( 'NONE', ( #5728 ), #8061, .F. ) ;
#4557 = ORIENTED_EDGE ( 'NONE', *, *, #4647, .F. ) ;
#4559 = LINE ( 'NONE', #9020, #8925 ) ;
#4560 = CARTESIAN_POINT ( 'NONE',  ( -2.165063509461105262, 27.75000000000001776, -26.49999999999999645 ) ) ;
#4561 = LINE ( 'NONE', #6770, #238 ) ;
#4562 = DIRECTION ( 'NONE',  ( -0.8660254037844379305, -0.5000000000000012212, 0.000000000000000000 ) ) ;
#4563 = DIRECTION ( 'NONE',  ( -0.5000000000000013323, 0.8660254037844378194, 0.000000000000000000 ) ) ;
#4564 = ORIENTED_EDGE ( 'NONE', *, *, #9364, .F. ) ;
#4565 = VERTEX_POINT ( 'NONE', #1977 ) ;
#4566 = ORIENTED_EDGE ( 'NONE', *, *, #4914, .F. ) ;
#4567 = DIRECTION ( 'NONE',  ( 0.8660254037844378194, 0.5000000000000014433, 2.435752736085847402E-15 ) ) ;
#4568 = FACE_OUTER_BOUND ( 'NONE', #7491, .T. ) ;
#4569 = AXIS2_PLACEMENT_3D ( 'NONE', #7020, #2552, #2608 ) ;
#4570 = DIRECTION ( 'NONE',  ( 1.000000000000000000, 0.000000000000000000, 0.000000000000000000 ) ) ;
#4571 = FACE_OUTER_BOUND ( 'NONE', #8433, .T. ) ;
#4572 = EDGE_CURVE ( 'NONE', #3369, #9477, #5029, .T. ) ;
#4573 = DIRECTION ( 'NONE',  ( 0.000000000000000000, 0.000000000000000000, 1.000000000000000000 ) ) ;
#4574 = ORIENTED_EDGE ( 'NONE', *, *, #2809, .F. ) ;
#4575 = CARTESIAN_POINT ( 'NONE',  ( 7.999999999999998224, 0.9999999999999829026, -19.00000000000000355 ) ) ;
#4576 = LINE ( 'NONE', #2266, #9439 ) ;
#4577 = AXIS2_PLACEMENT_3D ( 'NONE', #5987, #683, #5586 ) ;
#4578 = FACE_OUTER_BOUND ( 'NONE', #9178, .T. ) ;
#4579 = ORIENTED_EDGE ( 'NONE', *, *, #8900, .F. ) ;
#4580 = DIRECTION ( 'NONE',  ( 2.795003904627248969E-15, -5.590007809254497938E-15, -1.000000000000000000 ) ) ;
#4581 = DIRECTION ( 'NONE',  ( -0.3535533905932730092, 0.6123724356957923609, -0.7071067811865497932 ) ) ;
#4582 = VERTEX_POINT ( 'NONE', #6386 ) ;
#4583 = EDGE_CURVE ( 'NONE', #2507, #5649, #8700, .T. ) ;
#4584 = CARTESIAN_POINT ( 'NONE',  ( -10.37262558706130200, 37.76591452467908994, -14.77781745930593260 ) ) ;
#4585 = ORIENTED_EDGE ( 'NONE', *, *, #4470, .F. ) ;
#4586 = CARTESIAN_POINT ( 'NONE',  ( -13.00000000000004086, 51.51666049839542438, -22.50000000000000000 ) ) ;
#4587 = ORIENTED_EDGE ( 'NONE', *, *, #5336, .T. ) ;
#4588 = DIRECTION ( 'NONE',  ( 0.000000000000000000, 0.000000000000000000, -1.000000000000000000 ) ) ;
#4589 = EDGE_CURVE ( 'NONE', #361, #2318, #8748, .T. ) ;
#4590 = CARTESIAN_POINT ( 'NONE',  ( 0.3499999999999978684, -10.26119280021293179, -7.439391908442522627 ) ) ;
#4591 = ORIENTED_EDGE ( 'NONE', *, *, #3513, .T. ) ;
#4592 = VECTOR ( 'NONE', #5462, 1000.000000000000000 ) ;
#4593 = EDGE_LOOP ( 'NONE', ( #3180, #1070, #7710, #6790, #232 ) ) ;
#4594 = CARTESIAN_POINT ( 'NONE',  ( 2.000000000000000000, -20.75393108588309588, 4.116234780174043095 ) ) ;
#4595 = CARTESIAN_POINT ( 'NONE',  ( -17.41672955930068412, 48.96666049839542012, 25.84863156129981832 ) ) ;
#4596 = FACE_OUTER_BOUND ( 'NONE', #9283, .T. ) ;
#4597 = ORIENTED_EDGE ( 'NONE', *, *, #2081, .T. ) ;
#4598 = EDGE_CURVE ( 'NONE', #6459, #7348, #2585, .T. ) ;
#4599 = ADVANCED_FACE ( 'NONE', ( #7957 ), #1079, .T. ) ;
#4600 = CIRCLE ( 'NONE', #8137, 3.249999999999999556 ) ;
#4601 = CARTESIAN_POINT ( 'NONE',  ( 22.09678751731764734, -12.20096189432325673, 15.00000000000000178 ) ) ;
#4602 = ORIENTED_EDGE ( 'NONE', *, *, #237, .T. ) ;
#4603 = ORIENTED_EDGE ( 'NONE', *, *, #6125, .T. ) ;
#4604 = CARTESIAN_POINT ( 'NONE',  ( -1.800000000000000044, -9.000000000000003553, -10.25000000000000000 ) ) ;
#4605 = CYLINDRICAL_SURFACE ( 'NONE', #1397, 1.599999999999990763 ) ;
#4606 = CARTESIAN_POINT ( 'NONE',  ( 6.530942860263101224, -14.43931226317544159, 2.460103028169171591 ) ) ;
#4607 = ORIENTED_EDGE ( 'NONE', *, *, #6874, .F. ) ;
#4608 = ORIENTED_EDGE ( 'NONE', *, *, #8453, .T. ) ;
#4609 = VECTOR ( 'NONE', #8293, 1000.000000000000000 ) ;
#4610 = CARTESIAN_POINT ( 'NONE',  ( -3.000000000000000000, -12.35025253169416892, -1.699747468305833120 ) ) ;
#4611 = VECTOR ( 'NONE', #7123, 1000.000000000000114 ) ;
#4612 = DIRECTION ( 'NONE',  ( 0.4330127018922202420, -0.7499999999999990008, -0.5000000000000007772 ) ) ;
#4613 = EDGE_LOOP ( 'NONE', ( #8411, #4926, #8649, #2569 ) ) ;
#4614 = LINE ( 'NONE', #2299, #9538 ) ;
#4615 = ADVANCED_FACE ( 'NONE', ( #1130 ), #4184, .T. ) ;
#4616 = CONICAL_SURFACE ( 'NONE', #6367, 2.099999999999999645, 0.7853981633974479459 ) ;
#4617 = CARTESIAN_POINT ( 'NONE',  ( -4.500000000000000888, -12.00000000000000000, -11.00000000000000355 ) ) ;
#4618 = VERTEX_POINT ( 'NONE', #9038 ) ;
#4619 = ORIENTED_EDGE ( 'NONE', *, *, #2037, .F. ) ;
#4620 = ORIENTED_EDGE ( 'NONE', *, *, #4285, .T. ) ;
#4621 = ORIENTED_EDGE ( 'NONE', *, *, #5065, .T. ) ;
#4622 = LINE ( 'NONE', #3007, #1146 ) ;
#4623 = CARTESIAN_POINT ( 'NONE',  ( 2.000000000000005329, -17.30000000000000426, -1.016456843292302834E-15 ) ) ;
#4624 = AXIS2_PLACEMENT_3D ( 'NONE', #4155, #3353, #2654 ) ;
#4625 = CARTESIAN_POINT ( 'NONE',  ( -9.500000000000040856, 45.45448267190436553, 10.50000000000000000 ) ) ;
#4626 = EDGE_CURVE ( 'NONE', #7645, #1330, #651, .T. ) ;
#4627 = CARTESIAN_POINT ( 'NONE',  ( 2.000000000000000000, -22.24974746830583072, 4.949747468305830900 ) ) ;
#4628 = CARTESIAN_POINT ( 'NONE',  ( 0.000000000000000000, 26.07179676972451077, 12.50000000000000000 ) ) ;
#4629 = AXIS2_PLACEMENT_3D ( 'NONE', #2143, #5897, #5850 ) ;
#4630 = CARTESIAN_POINT ( 'NONE',  ( -13.54891344385637808, 66.46740647211215958, 13.22218254069481524 ) ) ;
#4631 = ORIENTED_EDGE ( 'NONE', *, *, #4143, .F. ) ;
#4632 = PLANE ( 'NONE',  #9623 ) ;
#4633 = EDGE_LOOP ( 'NONE', ( #1068, #1533, #3884, #6435 ) ) ;
#4634 = DIRECTION ( 'NONE',  ( 0.000000000000000000, -1.000000000000000000, 1.020425574104004492E-16 ) ) ;
#4635 = ORIENTED_EDGE ( 'NONE', *, *, #8226, .F. ) ;
#4636 = EDGE_LOOP ( 'NONE', ( #9478, #5956, #8276, #2914 ) ) ;
#4637 = AXIS2_PLACEMENT_3D ( 'NONE', #2, #9200, #6175 ) ;
#4638 = FACE_OUTER_BOUND ( 'NONE', #7905, .T. ) ;
#4639 = VERTEX_POINT ( 'NONE', #3580 ) ;
#4640 = PLANE ( 'NONE',  #4472 ) ;
#4641 = ORIENTED_EDGE ( 'NONE', *, *, #6943, .T. ) ;
#4642 = AXIS2_PLACEMENT_3D ( 'NONE', #6097, #4507, #7627 ) ;
#4643 = LINE ( 'NONE', #9897, #7552 ) ;
#4644 = ORIENTED_EDGE ( 'NONE', *, *, #5247, .T. ) ;
#4645 = DIRECTION ( 'NONE',  ( -1.000000000000000000, -0.000000000000000000, -0.000000000000000000 ) ) ;
#4646 = ORIENTED_EDGE ( 'NONE', *, *, #8910, .T. ) ;
#4647 = EDGE_CURVE ( 'NONE', #3955, #1496, #4282, .T. ) ;
#4648 = LINE ( 'NONE', #6186, #5013 ) ;
#4649 = DIRECTION ( 'NONE',  ( 0.000000000000000000, 0.7071067811865475727, -0.7071067811865475727 ) ) ;
#4650 = EDGE_CURVE ( 'NONE', #3827, #6459, #6590, .T. ) ;
#4651 = VERTEX_POINT ( 'NONE', #5071 ) ;
#4652 = AXIS2_PLACEMENT_3D ( 'NONE', #5174, #6028, #2228 ) ;
#4653 = DIRECTION ( 'NONE',  ( -0.2500000000000003886, 0.4330127018922183546, 0.8660254037844391517 ) ) ;
#4654 = ORIENTED_EDGE ( 'NONE', *, *, #9372, .T. ) ;
#4655 = DIRECTION ( 'NONE',  ( 0.8660254037844380415, 0.5000000000000011102, 1.730666417745208372E-15 ) ) ;
#4656 = DIRECTION ( 'NONE',  ( 1.415310280242207430E-16, -2.451389313854040505E-16, 1.000000000000000000 ) ) ;
#4657 = CARTESIAN_POINT ( 'NONE',  ( -26.06217782649130044, 60.14101615137785473, -15.55563491861047432 ) ) ;
#4658 = ORIENTED_EDGE ( 'NONE', *, *, #3882, .F. ) ;
#4659 = ORIENTED_EDGE ( 'NONE', *, *, #3559, .F. ) ;
#4660 = VECTOR ( 'NONE', #2483, 1000.000000000000114 ) ;
#4661 = VERTEX_POINT ( 'NONE', #9739 ) ;
#4662 = EDGE_CURVE ( 'NONE', #7794, #5307, #3722, .T. ) ;
#4663 = ADVANCED_FACE ( 'NONE', ( #2827 ), #2878, .F. ) ;
#4664 = CARTESIAN_POINT ( 'NONE',  ( -4.435576211353316367, 31.68264335890779648, 4.634713282184380390 ) ) ;
#4665 = CARTESIAN_POINT ( 'NONE',  ( -7.000000000000000000, 19.12435565298216034, 12.50000000000000000 ) ) ;
#4666 = DIRECTION ( 'NONE',  ( 0.000000000000000000, -1.000000000000000000, 1.020425574104004246E-16 ) ) ;
#4667 = VECTOR ( 'NONE', #9689, 1000.000000000000000 ) ;
#4668 = VECTOR ( 'NONE', #3111, 1000.000000000000114 ) ;
#4669 = LINE ( 'NONE', #7071, #2703 ) ;
#4670 = ORIENTED_EDGE ( 'NONE', *, *, #334, .T. ) ;
#4671 = ORIENTED_EDGE ( 'NONE', *, *, #7227, .T. ) ;
#4672 = ORIENTED_EDGE ( 'NONE', *, *, #8667, .T. ) ;
#4673 = VERTEX_POINT ( 'NONE', #5874 ) ;
#4674 = DIRECTION ( 'NONE',  ( 0.000000000000000000, -0.000000000000000000, 1.000000000000000000 ) ) ;
#4675 = ADVANCED_FACE ( 'NONE', ( #478 ), #5922, .T. ) ;
#4676 = VECTOR ( 'NONE', #7173, 1000.000000000000114 ) ;
#4677 = AXIS2_PLACEMENT_3D ( 'NONE', #6517, #454, #5760 ) ;
#4678 = CARTESIAN_POINT ( 'NONE',  ( 8.573651497465954563, 4.950000000000019718, 0.000000000000000000 ) ) ;
#4679 = CYLINDRICAL_SURFACE ( 'NONE', #6134, 1.099999999999987876 ) ;
#4680 = CARTESIAN_POINT ( 'NONE',  ( -3.000000000000000000, 0.000000000000000000, 9.499999999999998224 ) ) ;
#4681 = DIRECTION ( 'NONE',  ( -0.8944271909999162995, -5.353344729761873135E-15, 0.4472135954999570395 ) ) ;
#4682 = DIRECTION ( 'NONE',  ( 0.000000000000000000, 0.8944271909999167436, -0.4472135954999560958 ) ) ;
#4683 = EDGE_CURVE ( 'NONE', #4972, #964, #2167, .T. ) ;
#4684 = EDGE_CURVE ( 'NONE', #4540, #6872, #5213, .T. ) ;
#4685 = FACE_OUTER_BOUND ( 'NONE', #440, .T. ) ;
#4686 = VECTOR ( 'NONE', #9705, 1000.000000000000000 ) ;
#4687 = LINE ( 'NONE', #976, #3467 ) ;
#4688 = ORIENTED_EDGE ( 'NONE', *, *, #7037, .T. ) ;
#4689 = VERTEX_POINT ( 'NONE', #4476 ) ;
#4690 = CARTESIAN_POINT ( 'NONE',  ( 0.000000000000000000, 35.00000000000002132, 12.50000000000000000 ) ) ;
#4691 = ORIENTED_EDGE ( 'NONE', *, *, #7674, .F. ) ;
#4692 = CARTESIAN_POINT ( 'NONE',  ( -12.40871685740845187, 41.29252805376780344, 11.74130307875771706 ) ) ;
#4693 = ORIENTED_EDGE ( 'NONE', *, *, #4956, .T. ) ;
#4694 = CARTESIAN_POINT ( 'NONE',  ( 10.00000000000000178, -12.35025253169417248, 4.949747468305830900 ) ) ;
#4695 = VERTEX_POINT ( 'NONE', #8286 ) ;
#4696 = AXIS2_PLACEMENT_3D ( 'NONE', #329, #3334, #1084 ) ;
#4697 = CARTESIAN_POINT ( 'NONE',  ( 0.2039732908781794196, -10.23539918706591756, 8.301582288655501074 ) ) ;
#4698 = CARTESIAN_POINT ( 'NONE',  ( -16.11217782649110575, 42.90711061606722154, 10.50000000000000000 ) ) ;
#4699 = ORIENTED_EDGE ( 'NONE', *, *, #3293, .T. ) ;
#4700 = EDGE_CURVE ( 'NONE', #6090, #8436, #9831, .T. ) ;
#4701 = DIRECTION ( 'NONE',  ( 0.000000000000000000, 0.000000000000000000, 1.000000000000000000 ) ) ;
#4702 = AXIS2_PLACEMENT_3D ( 'NONE', #4139, #8755, #1879 ) ;
#4703 = CARTESIAN_POINT ( 'NONE',  ( -3.000000000000000000, -11.99999999999999645, 12.49999999999999645 ) ) ;
#4704 = DIRECTION ( 'NONE',  ( 0.8660254037844380415, 0.5000000000000012212, -0.000000000000000000 ) ) ;
#4705 = FACE_OUTER_BOUND ( 'NONE', #6897, .T. ) ;
#4706 = ORIENTED_EDGE ( 'NONE', *, *, #8742, .F. ) ;
#4707 = EDGE_LOOP ( 'NONE', ( #8404, #8374, #7359, #8709, #5704, #8315, #4301, #1558, #8972, #8803 ) ) ;
#4708 = CARTESIAN_POINT ( 'NONE',  ( 4.336808689942017736E-16, -17.30000000000000426, -12.89999999999998259 ) ) ;
#4709 = CARTESIAN_POINT ( 'NONE',  ( 8.573651497466009630, 4.950000000000057909, 2.557540372890160815E-14 ) ) ;
#4710 = EDGE_CURVE ( 'NONE', #1375, #9775, #4497, .T. ) ;
#4711 = CARTESIAN_POINT ( 'NONE',  ( -3.000000000000000000, -9.000000000000005329, 8.552943725152294618 ) ) ;
#4712 = EDGE_LOOP ( 'NONE', ( #7075, #8362, #2834, #9388, #5675 ) ) ;
#4713 = ORIENTED_EDGE ( 'NONE', *, *, #5652, .T. ) ;
#4714 = ORIENTED_EDGE ( 'NONE', *, *, #3978, .F. ) ;
#4715 = EDGE_CURVE ( 'NONE', #1504, #5431, #618, .T. ) ;
#4716 = LINE ( 'NONE', #3160, #4668 ) ;
#4717 = CARTESIAN_POINT ( 'NONE',  ( -8.807050807568840511, 40.25425946354970819, 12.75869692124231136 ) ) ;
#4718 = DIRECTION ( 'NONE',  ( 0.2588190451025179084, 0.9659258262890690894, 0.000000000000000000 ) ) ;
#4719 = CARTESIAN_POINT ( 'NONE',  ( -22.80705080756901637, 64.50297076951420649, 15.24130307875773127 ) ) ;
#4720 = EDGE_CURVE ( 'NONE', #4425, #7558, #6732, .T. ) ;
#4721 = DIRECTION ( 'NONE',  ( -0.3535533905932747301, 0.6123724356957940262, 0.7071067811865475727 ) ) ;
#4722 = LINE ( 'NONE', #7804, #4025 ) ;
#4723 = ORIENTED_EDGE ( 'NONE', *, *, #2095, .F. ) ;
#4724 = ORIENTED_EDGE ( 'NONE', *, *, #7763, .T. ) ;
#4725 = DIRECTION ( 'NONE',  ( -0.5000000000000025535, 0.8660254037844372643, 0.000000000000000000 ) ) ;
#4726 = ORIENTED_EDGE ( 'NONE', *, *, #2683, .F. ) ;
#4727 = DIRECTION ( 'NONE',  ( 0.000000000000000000, 0.000000000000000000, -1.000000000000000000 ) ) ;
#4728 = ORIENTED_EDGE ( 'NONE', *, *, #4105, .T. ) ;
#4729 = EDGE_CURVE ( 'NONE', #4204, #2556, #7462, .T. ) ;
#4730 = AXIS2_PLACEMENT_3D ( 'NONE', #3155, #9266, #5447 ) ;
#4731 = LINE ( 'NONE', #105, #8643 ) ;
#4732 = CARTESIAN_POINT ( 'NONE',  ( -7.090063509461059787, 36.28035022727662806, -15.24130307875773127 ) ) ;
#4733 = CARTESIAN_POINT ( 'NONE',  ( 7.999999999999998224, -6.000000000000001776, -20.99999999999997513 ) ) ;
#4734 = PLANE ( 'NONE',  #5442 ) ;
#4735 = LINE ( 'NONE', #3183, #6087 ) ;
#4736 = AXIS2_PLACEMENT_3D ( 'NONE', #2233, #9903, #730 ) ;
#4737 = DIRECTION ( 'NONE',  ( -1.000000000000000000, 0.000000000000000000, 0.000000000000000000 ) ) ;
#4738 = LINE ( 'NONE', #7052, #2971 ) ;
#4739 = ORIENTED_EDGE ( 'NONE', *, *, #6055, .F. ) ;
#4740 = VECTOR ( 'NONE', #7396, 999.9999999999998863 ) ;
#4741 = ORIENTED_EDGE ( 'NONE', *, *, #1826, .T. ) ;
#4742 = EDGE_CURVE ( 'NONE', #568, #2772, #1306, .T. ) ;
#4743 = VECTOR ( 'NONE', #3130, 1000.000000000000000 ) ;
#4744 = DIRECTION ( 'NONE',  ( -0.5000000000000013323, 0.8660254037844379305, 0.000000000000000000 ) ) ;
#4745 = VERTEX_POINT ( 'NONE', #7553 ) ;
#4746 = DIRECTION ( 'NONE',  ( 0.000000000000000000, -0.7660444431189818992, -0.6427876096865347000 ) ) ;
#4747 = CARTESIAN_POINT ( 'NONE',  ( -13.00000000000004086, 51.51666049839542438, -22.50000000000000000 ) ) ;
#4748 = DIRECTION ( 'NONE',  ( 0.000000000000000000, -0.8944271909999155223, -0.4472135954999585938 ) ) ;
#4749 = ORIENTED_EDGE ( 'NONE', *, *, #4859, .T. ) ;
#4750 = ORIENTED_EDGE ( 'NONE', *, *, #7309, .F. ) ;
#4751 = ORIENTED_EDGE ( 'NONE', *, *, #1711, .T. ) ;
#4752 = LINE ( 'NONE', #1602, #9640 ) ;
#4753 = CARTESIAN_POINT ( 'NONE',  ( -0.09791743770056100804, 24.16959797704434365, 5.339195954088667762 ) ) ;
#4754 = CARTESIAN_POINT ( 'NONE',  ( -7.000000000000000000, -6.000000000000000888, -19.00000000000003197 ) ) ;
#4755 = VERTEX_POINT ( 'NONE', #665 ) ;
#4756 = DIRECTION ( 'NONE',  ( 1.000000000000000000, -0.000000000000000000, -0.000000000000000000 ) ) ;
#4757 = CIRCLE ( 'NONE', #2679, 1.599999999999998979 ) ;
#4758 = ORIENTED_EDGE ( 'NONE', *, *, #8582, .T. ) ;
#4759 = FACE_OUTER_BOUND ( 'NONE', #4443, .T. ) ;
#4760 = ORIENTED_EDGE ( 'NONE', *, *, #1224, .F. ) ;
#4761 = DIRECTION ( 'NONE',  ( -0.5000000000000008882, 0.8660254037844380415, 0.000000000000000000 ) ) ;
#4762 = ADVANCED_FACE ( 'NONE', ( #6784 ), #2969, .F. ) ;
#4763 = CARTESIAN_POINT ( 'NONE',  ( -54.53637007961710026, 14.25656986040708674, 11.00000000000000178 ) ) ;
#4764 = VECTOR ( 'NONE', #9679, 1000.000000000000000 ) ;
#4765 = VECTOR ( 'NONE', #1139, 1000.000000000000000 ) ;
#4766 = EDGE_CURVE ( 'NONE', #1411, #2357, #8155, .T. ) ;
#4767 = CARTESIAN_POINT ( 'NONE',  ( -12.40871685740845187, 41.29252805376780344, -9.258696921242300704 ) ) ;
#4768 = ORIENTED_EDGE ( 'NONE', *, *, #9923, .T. ) ;
#4769 = LINE ( 'NONE', #4970, #4348 ) ;
#4770 = VECTOR ( 'NONE', #1410, 1000.000000000000114 ) ;
#4771 = CARTESIAN_POINT ( 'NONE',  ( 6.530942860263101224, -20.16068773682460247, -7.439391908442522627 ) ) ;
#4772 = ADVANCED_FACE ( 'NONE', ( #4578 ), #4531, .F. ) ;
#4773 = EDGE_CURVE ( 'NONE', #6390, #84, #8387, .T. ) ;
#4774 = ORIENTED_EDGE ( 'NONE', *, *, #5713, .F. ) ;
#4775 = LINE ( 'NONE', #1629, #7961 ) ;
#4776 = AXIS2_PLACEMENT_3D ( 'NONE', #9621, #6466, #8083 ) ;
#4777 = EDGE_LOOP ( 'NONE', ( #623, #2084, #6240, #2185 ) ) ;
#4778 = CARTESIAN_POINT ( 'NONE',  ( -6.639528095680737430, 26.50000000000006750, -7.500000000000000000 ) ) ;
#4779 = ORIENTED_EDGE ( 'NONE', *, *, #660, .T. ) ;
#4780 = CARTESIAN_POINT ( 'NONE',  ( -18.86672955930068341, 51.47813416937027853, 20.82568421935008018 ) ) ;
#4781 = LINE ( 'NONE', #5424, #7715 ) ;
#4782 = VECTOR ( 'NONE', #7217, 1000.000000000000000 ) ;
#4783 = EDGE_CURVE ( 'NONE', #7229, #6651, #9286, .T. ) ;
#4784 = LINE ( 'NONE', #1586, #3255 ) ;
#4785 = CARTESIAN_POINT ( 'NONE',  ( -14.55871685740845756, 45.01643729004088357, -11.74130307875769574 ) ) ;
#4786 = VERTEX_POINT ( 'NONE', #6167 ) ;
#4787 = DIRECTION ( 'NONE',  ( 0.000000000000000000, 0.7559289460185381060, 0.6546536707078806083 ) ) ;
#4788 = AXIS2_PLACEMENT_3D ( 'NONE', #7716, #7762, #2430 ) ;
#4789 = LINE ( 'NONE', #7871, #5233 ) ;
#4790 = DIRECTION ( 'NONE',  ( 1.000000000000000000, 0.000000000000000000, 0.000000000000000000 ) ) ;
#4791 = ORIENTED_EDGE ( 'NONE', *, *, #3861, .F. ) ;
#4792 = CARTESIAN_POINT ( 'NONE',  ( -11.16506350946112924, 43.33845726811989607, 7.500000000000000888 ) ) ;
#4793 = FACE_BOUND ( 'NONE', #6356, .T. ) ;
#4794 = DIRECTION ( 'NONE',  ( 0.000000000000000000, 0.7660444431189771253, -0.6427876096865403621 ) ) ;
#4795 = ORIENTED_EDGE ( 'NONE', *, *, #9837, .F. ) ;
#4796 = ORIENTED_EDGE ( 'NONE', *, *, #3252, .T. ) ;
#4797 = EDGE_CURVE ( 'NONE', #6123, #4097, #7653, .T. ) ;
#4798 = ADVANCED_FACE ( 'NONE', ( #47, #2267, #713, #7038, #925, #5264 ), #4632, .T. ) ;
#4799 = CARTESIAN_POINT ( 'NONE',  ( -17.98241498424991747, 49.94645639550866889, 8.868629150101527969 ) ) ;
#4800 = VECTOR ( 'NONE', #502, 1000.000000000000114 ) ;
#4801 = ORIENTED_EDGE ( 'NONE', *, *, #3488, .F. ) ;
#4802 = LINE ( 'NONE', #3349, #3284 ) ;
#4803 = FACE_OUTER_BOUND ( 'NONE', #815, .T. ) ;
#4804 = CARTESIAN_POINT ( 'NONE',  ( -7.000000000000000000, -6.000000000000000888, -19.00000000000003197 ) ) ;
#4805 = VERTEX_POINT ( 'NONE', #1625 ) ;
#4806 = ORIENTED_EDGE ( 'NONE', *, *, #1303, .F. ) ;
#4807 = VECTOR ( 'NONE', #7927, 1000.000000000000000 ) ;
#4808 = CARTESIAN_POINT ( 'NONE',  ( -0.2472232502674134302, 26.49999999999998579, 7.500000000000000000 ) ) ;
#4809 = ORIENTED_EDGE ( 'NONE', *, *, #916, .T. ) ;
#4810 = VERTEX_POINT ( 'NONE', #150 ) ;
#4811 = LINE ( 'NONE', #4162, #999 ) ;
#4812 = CYLINDRICAL_SURFACE ( 'NONE', #4977, 1.599999999999998979 ) ;
#4813 = DIRECTION ( 'NONE',  ( 0.000000000000000000, -0.7071067811865474617, -0.7071067811865474617 ) ) ;
#4814 = VECTOR ( 'NONE', #4535, 1000.000000000000114 ) ;
#4815 = VECTOR ( 'NONE', #1922, 1000.000000000000114 ) ;
#4816 = CARTESIAN_POINT ( 'NONE',  ( 2.000000000000001776, -11.32179235619570257, -6.175418577296191813 ) ) ;
#4817 = AXIS2_PLACEMENT_3D ( 'NONE', #4251, #3548, #7326 ) ;
#4818 = FACE_OUTER_BOUND ( 'NONE', #930, .T. ) ;
#4819 = ORIENTED_EDGE ( 'NONE', *, *, #7301, .F. ) ;
#4820 = LINE ( 'NONE', #254, #8288 ) ;
#4821 = ADVANCED_FACE ( 'NONE', ( #6937 ), #763, .T. ) ;
#4822 = ORIENTED_EDGE ( 'NONE', *, *, #2588, .T. ) ;
#4823 = AXIS2_PLACEMENT_3D ( 'NONE', #7090, #9490, #2625 ) ;
#4824 = AXIS2_PLACEMENT_3D ( 'NONE', #5061, #2010, #1361 ) ;
#4825 = DIRECTION ( 'NONE',  ( -1.000000000000000000, 0.000000000000000000, 0.000000000000000000 ) ) ;
#4826 = EDGE_CURVE ( 'NONE', #2486, #4360, #7709, .T. ) ;
#4827 = DIRECTION ( 'NONE',  ( 0.5000000000000013323, -0.8660254037844379305, 6.238590722481390513E-15 ) ) ;
#4828 = DIRECTION ( 'NONE',  ( 0.4330127018922203530, -0.7499999999999991118, -0.5000000000000003331 ) ) ;
#4829 = VECTOR ( 'NONE', #5243, 1000.000000000000000 ) ;
#4830 = AXIS2_PLACEMENT_3D ( 'NONE', #6312, #4959, #9375 ) ;
#4831 = ORIENTED_EDGE ( 'NONE', *, *, #5429, .T. ) ;
#4832 = EDGE_CURVE ( 'NONE', #5721, #149, #95, .T. ) ;
#4833 = EDGE_CURVE ( 'NONE', #4217, #5536, #870, .T. ) ;
#4834 = CARTESIAN_POINT ( 'NONE',  ( 1.561251128379127174E-15, -9.000000000000005329, 10.25000000000000000 ) ) ;
#4835 = CARTESIAN_POINT ( 'NONE',  ( -8.908716857408375489, 35.23035022727663090, -15.24130307875773127 ) ) ;
#4836 = EDGE_CURVE ( 'NONE', #231, #8626, #3167, .T. ) ;
#4837 = CARTESIAN_POINT ( 'NONE',  ( -18.26217782649111498, 46.63101985234031588, -10.00000000000000000 ) ) ;
#4838 = ORIENTED_EDGE ( 'NONE', *, *, #2225, .T. ) ;
#4839 = CARTESIAN_POINT ( 'NONE',  ( -1.965145209389195902, 27.40373134691266799, 11.80746269382533953 ) ) ;
#4840 = FACE_BOUND ( 'NONE', #1734, .T. ) ;
#4841 = DIRECTION ( 'NONE',  ( 0.5000000000000012212, -0.8660254037844380415, 0.000000000000000000 ) ) ;
#4842 = EDGE_LOOP ( 'NONE', ( #521, #1463 ) ) ;
#4843 = DIRECTION ( 'NONE',  ( 0.000000000000000000, 0.000000000000000000, 1.000000000000000000 ) ) ;
#4844 = EDGE_CURVE ( 'NONE', #4446, #3119, #3547, .T. ) ;
#4845 = VECTOR ( 'NONE', #6500, 999.9999999999998863 ) ;
#4846 = LINE ( 'NONE', #5794, #2713 ) ;
#4847 = VERTEX_POINT ( 'NONE', #9339 ) ;
#4848 = CARTESIAN_POINT ( 'NONE',  ( -3.000000000000000000, -8.151471862576149974, -11.09852813742385358 ) ) ;
#4849 = CARTESIAN_POINT ( 'NONE',  ( 8.140638795573702069, 4.699999999999989519, 0.000000000000000000 ) ) ;
#4850 = DIRECTION ( 'NONE',  ( 0.4330127018922206861, -0.7499999999999996669, -0.4999999999999991118 ) ) ;
#4851 = ORIENTED_EDGE ( 'NONE', *, *, #5598, .F. ) ;
#4852 = DIRECTION ( 'NONE',  ( 0.000000000000000000, -0.000000000000000000, -1.000000000000000000 ) ) ;
#4853 = LINE ( 'NONE', #4799, #6593 ) ;
#4854 = DIRECTION ( 'NONE',  ( 0.5000000000000014433, -0.8660254037844379305, 0.000000000000000000 ) ) ;
#4855 = VECTOR ( 'NONE', #8866, 1000.000000000000000 ) ;
#4856 = CARTESIAN_POINT ( 'NONE',  ( -9.594808127756612848, 36.41869516614924152, -14.77781745930522206 ) ) ;
#4857 = EDGE_CURVE ( 'NONE', #8436, #7531, #4722, .T. ) ;
#4858 = CARTESIAN_POINT ( 'NONE',  ( 7.999999999999998224, 0.9999999999999826805, -19.00000000000000355 ) ) ;
#4859 = EDGE_CURVE ( 'NONE', #1350, #4247, #3019, .T. ) ;
#4860 = VERTEX_POINT ( 'NONE', #5323 ) ;
#4861 = EDGE_LOOP ( 'NONE', ( #5935, #6328, #5554, #5406, #3425 ) ) ;
#4862 = LINE ( 'NONE', #192, #2235 ) ;
#4863 = VERTEX_POINT ( 'NONE', #6069 ) ;
#4864 = VERTEX_POINT ( 'NONE', #1467 ) ;
#4865 = LINE ( 'NONE', #195, #2427 ) ;
#4866 = DIRECTION ( 'NONE',  ( -1.000000000000000000, -0.000000000000000000, -0.000000000000000000 ) ) ;
#4867 = CARTESIAN_POINT ( 'NONE',  ( 2.000000000000000000, -22.24974746830583072, 6.549747468305829656 ) ) ;
#4868 = FACE_OUTER_BOUND ( 'NONE', #2858, .T. ) ;
#4869 = EDGE_CURVE ( 'NONE', #3380, #964, #9192, .T. ) ;
#4870 = FACE_BOUND ( 'NONE', #2356, .T. ) ;
#4871 = ADVANCED_FACE ( 'NONE', ( #3123, #5415, #7948 ), #5516, .F. ) ;
#4872 = EDGE_LOOP ( 'NONE', ( #9029, #3800, #3207, #4448 ) ) ;
#4873 = DIRECTION ( 'NONE',  ( -0.8660254037844379305, -0.5000000000000013323, 0.000000000000000000 ) ) ;
#4874 = CARTESIAN_POINT ( 'NONE',  ( -13.80000000000003979, 52.90230114445051157, 10.00000000000000000 ) ) ;
#4875 = ORIENTED_EDGE ( 'NONE', *, *, #656, .T. ) ;
#4876 = ORIENTED_EDGE ( 'NONE', *, *, #2820, .F. ) ;
#4877 = EDGE_CURVE ( 'NONE', #6910, #2511, #1175, .T. ) ;
#4878 = CYLINDRICAL_SURFACE ( 'NONE', #9557, 1.199999999999994404 ) ;
#4879 = ORIENTED_EDGE ( 'NONE', *, *, #1649, .T. ) ;
#4880 = PRODUCT_DEFINITION ( 'UNKNOWN', '', #2749, #6377 ) ;
#4881 = VERTEX_POINT ( 'NONE', #3423 ) ;
#4882 = CARTESIAN_POINT ( 'NONE',  ( 5.959936490538921383, 13.67708718850289173, -3.750000000000124789 ) ) ;
#4883 = DIRECTION ( 'NONE',  ( 0.000000000000000000, 0.000000000000000000, -1.000000000000000000 ) ) ;
#4884 = VERTEX_POINT ( 'NONE', #6376 ) ;
#4885 = CARTESIAN_POINT ( 'NONE',  ( 0.000000000000000000, -28.99999999999999645, -15.00000000000000888 ) ) ;
#4886 = ORIENTED_EDGE ( 'NONE', *, *, #8328, .T. ) ;
#4887 = DIRECTION ( 'NONE',  ( -1.000000000000000000, 0.000000000000000000, 0.000000000000000000 ) ) ;
#4888 = EDGE_CURVE ( 'NONE', #3960, #6478, #3370, .T. ) ;
#4889 = VECTOR ( 'NONE', #1202, 1000.000000000000000 ) ;
#4890 = DIRECTION ( 'NONE',  ( -0.8660254037844378194, -0.5000000000000015543, 2.435752736085849374E-15 ) ) ;
#4891 = ORIENTED_EDGE ( 'NONE', *, *, #4073, .F. ) ;
#4892 = CARTESIAN_POINT ( 'NONE',  ( -8.908716857408371936, 35.23035022727662380, 15.24130307875772061 ) ) ;
#4893 = ADVANCED_FACE ( 'NONE', ( #7998 ), #1120, .T. ) ;
#4894 = PLANE ( 'NONE',  #1276 ) ;
#4895 = FACE_OUTER_BOUND ( 'NONE', #530, .T. ) ;
#4896 = PLANE ( 'NONE',  #5384 ) ;
#4897 = CARTESIAN_POINT ( 'NONE',  ( -7.377803983041943070, 36.77873134691264312, -5.557462693825371502 ) ) ;
#4898 = ORIENTED_EDGE ( 'NONE', *, *, #550, .F. ) ;
#4899 = CARTESIAN_POINT ( 'NONE',  ( 0.000000000000000000, -29.00000000000000000, 12.50000000000000000 ) ) ;
#4900 = LINE ( 'NONE', #7327, #37 ) ;
#4901 = EDGE_CURVE ( 'NONE', #1367, #1509, #363, .T. ) ;
#4902 = EDGE_CURVE ( 'NONE', #9328, #247, #6481, .T. ) ;
#4903 = CARTESIAN_POINT ( 'NONE',  ( 0.000000000000000000, 26.07179676972451077, 7.071796769724520537 ) ) ;
#4904 = CARTESIAN_POINT ( 'NONE',  ( -3.000000000000000000, -12.00000000000000000, -9.500000000000001776 ) ) ;
#4905 = CIRCLE ( 'NONE', #2180, 1.100000000000058265 ) ;
#4906 = FACE_OUTER_BOUND ( 'NONE', #9521, .T. ) ;
#4907 = EDGE_LOOP ( 'NONE', ( #5509, #5855, #4723, #5124 ) ) ;
#4908 = ORIENTED_EDGE ( 'NONE', *, *, #7246, .F. ) ;
#4909 = PLANE ( 'NONE',  #6397 ) ;
#4910 = ORIENTED_EDGE ( 'NONE', *, *, #1051, .F. ) ;
#4911 = CARTESIAN_POINT ( 'NONE',  ( -17.41672955930069477, 48.96666049839543433, 20.23725830020306304 ) ) ;
#4912 = VECTOR ( 'NONE', #8743, 1000.000000000000000 ) ;
#4913 = LINE ( 'NONE', #1111, #8197 ) ;
#4914 = EDGE_CURVE ( 'NONE', #6564, #9409, #9537, .T. ) ;
#4915 = DIRECTION ( 'NONE',  ( 0.000000000000000000, -1.000000000000000000, 1.020425574104004492E-16 ) ) ;
#4916 = AXIS2_PLACEMENT_3D ( 'NONE', #3683, #2131, #9099 ) ;
#4917 = FACE_OUTER_BOUND ( 'NONE', #6184, .T. ) ;
#4918 = LINE ( 'NONE', #1168, #2364 ) ;
#4919 = ORIENTED_EDGE ( 'NONE', *, *, #6628, .F. ) ;
#4920 = DIRECTION ( 'NONE',  ( 0.4330127018922211857, -0.7499999999999986677, -0.5000000000000003331 ) ) ;
#4921 = DIRECTION ( 'NONE',  ( 0.000000000000000000, 0.7559289460184515086, -0.6546536707079805284 ) ) ;
#4922 = AXIS2_PLACEMENT_3D ( 'NONE', #6520, #1959, #7897 ) ;
#4923 = ADVANCED_FACE ( 'NONE', ( #412 ), #4123, .T. ) ;
#4924 = LINE ( 'NONE', #4177, #5542 ) ;
#4925 = VERTEX_POINT ( 'NONE', #5622 ) ;
#4926 = ORIENTED_EDGE ( 'NONE', *, *, #8412, .T. ) ;
#4927 = LINE ( 'NONE', #8006, #7698 ) ;
#4928 = FACE_OUTER_BOUND ( 'NONE', #823, .T. ) ;
#4929 = DIRECTION ( 'NONE',  ( -0.5000000000000013323, 0.8660254037844379305, 0.000000000000000000 ) ) ;
#4930 = DIRECTION ( 'NONE',  ( 0.4330127018922205751, -0.7499999999999995559, -0.4999999999999995004 ) ) ;
#4931 = DIRECTION ( 'NONE',  ( -1.000000000000000000, 0.000000000000000000, 0.000000000000000000 ) ) ;
#4932 = CARTESIAN_POINT ( 'NONE',  ( -8.908716857408371936, 35.23035022727662380, -12.75869692124230781 ) ) ;
#4933 = VECTOR ( 'NONE', #31, 1000.000000000000000 ) ;
#4934 = CARTESIAN_POINT ( 'NONE',  ( -7.000000000000000000, 0.000000000000000000, 0.000000000000000000 ) ) ;
#4935 = EDGE_LOOP ( 'NONE', ( #7287, #1809, #4003, #6092, #4876, #2505 ) ) ;
#4936 = ORIENTED_EDGE ( 'NONE', *, *, #2082, .T. ) ;
#4937 = CARTESIAN_POINT ( 'NONE',  ( -18.66506350946117720, 56.32883832488651166, -8.017393842484622724 ) ) ;
#4938 = FACE_OUTER_BOUND ( 'NONE', #2892, .T. ) ;
#4939 = DIRECTION ( 'NONE',  ( 0.3535533905932725651, -0.6123724356957931381, -0.7071067811865494601 ) ) ;
#4940 = ORIENTED_EDGE ( 'NONE', *, *, #6306, .F. ) ;
#4941 = CARTESIAN_POINT ( 'NONE',  ( 0.000000000000000000, 24.00000000000001066, 12.50000000000000000 ) ) ;
#4942 = VECTOR ( 'NONE', #6598, 1000.000000000000000 ) ;
#4943 = CARTESIAN_POINT ( 'NONE',  ( -19.06217782649110859, 48.01666049839541017, -24.76274169979693696 ) ) ;
#4944 = EDGE_CURVE ( 'NONE', #2535, #3892, #314, .T. ) ;
#4945 = VERTEX_POINT ( 'NONE', #1023 ) ;
#4946 = ORIENTED_EDGE ( 'NONE', *, *, #7279, .F. ) ;
#4947 = EDGE_CURVE ( 'NONE', #5307, #1611, #4769, .T. ) ;
#4948 = CARTESIAN_POINT ( 'NONE',  ( -17.41672955930068412, 48.96666049839542012, -25.84863156129981832 ) ) ;
#4949 = CYLINDRICAL_SURFACE ( 'NONE', #899, 1.599999999999998979 ) ;
#4950 = AXIS2_PLACEMENT_3D ( 'NONE', #9544, #2583, #2676 ) ;
#4951 = CARTESIAN_POINT ( 'NONE',  ( -1.799999999999999600, -9.000000000000005329, 8.552943725152294618 ) ) ;
#4952 = ORIENTED_EDGE ( 'NONE', *, *, #8382, .T. ) ;
#4953 = ORIENTED_EDGE ( 'NONE', *, *, #6702, .F. ) ;
#4954 = CARTESIAN_POINT ( 'NONE',  ( -17.41672955930069122, 48.96666049839542723, -6.651368438700165697 ) ) ;
#4955 = EDGE_CURVE ( 'NONE', #3308, #6294, #9385, .T. ) ;
#4956 = EDGE_CURVE ( 'NONE', #7062, #9149, #7300, .T. ) ;
#4957 = EDGE_LOOP ( 'NONE', ( #4564, #2278, #4076, #5421 ) ) ;
#4958 = VERTEX_POINT ( 'NONE', #6529 ) ;
#4959 = DIRECTION ( 'NONE',  ( 0.000000000000000000, 0.000000000000000000, 1.000000000000000000 ) ) ;
#4960 = AXIS2_PLACEMENT_3D ( 'NONE', #1351, #9912, #8310 ) ;
#4961 = FACE_OUTER_BOUND ( 'NONE', #6650, .T. ) ;
#4962 = DIRECTION ( 'NONE',  ( -1.000000000000000000, -0.000000000000000000, -0.000000000000000000 ) ) ;
#4963 = DIRECTION ( 'NONE',  ( -0.5000000000000009992, 0.8660254037844380415, -2.830620560484406479E-16 ) ) ;
#4964 = CARTESIAN_POINT ( 'NONE',  ( 2.000000000000005329, -17.30000000000000426, -1.016456843292302834E-15 ) ) ;
#4965 = ORIENTED_EDGE ( 'NONE', *, *, #1261, .T. ) ;
#4966 = CARTESIAN_POINT ( 'NONE',  ( 0.5103640879266140296, -11.38545613757775854, -9.160087421351279957 ) ) ;
#4967 = EDGE_CURVE ( 'NONE', #351, #9369, #9305, .T. ) ;
#4968 = ORIENTED_EDGE ( 'NONE', *, *, #307, .F. ) ;
#4969 = ORIENTED_EDGE ( 'NONE', *, *, #7362, .F. ) ;
#4970 = CARTESIAN_POINT ( 'NONE',  ( 2.000000000000000000, -11.78914856311995507, -6.567576998154744494 ) ) ;
#4971 = VECTOR ( 'NONE', #7554, 1000.000000000000227 ) ;
#4972 = VERTEX_POINT ( 'NONE', #4077 ) ;
#4973 = VECTOR ( 'NONE', #8646, 1000.000000000000000 ) ;
#4974 = LINE ( 'NONE', #4275, #2255 ) ;
#4975 = LINE ( 'NONE', #263, #8426 ) ;
#4976 = ORIENTED_EDGE ( 'NONE', *, *, #4253, .F. ) ;
#4977 = AXIS2_PLACEMENT_3D ( 'NONE', #1016, #8887, #6620 ) ;
#4978 = ORIENTED_EDGE ( 'NONE', *, *, #2464, .T. ) ;
#4979 = AXIS2_PLACEMENT_3D ( 'NONE', #7544, #6630, #8897 ) ;
#4981 = EDGE_CURVE ( 'NONE', #9764, #3094, #8587, .T. ) ;
#4980 = CARTESIAN_POINT ( 'NONE',  ( -1.799999999999999600, 14.60147186257614038, -11.09852813742385003 ) ) ;
#4982 = DIRECTION ( 'NONE',  ( 0.8660254037844380415, 0.5000000000000012212, -0.000000000000000000 ) ) ;
#4983 = ADVANCED_FACE ( 'NONE', ( #257 ), #7851, .F. ) ;
#4984 = CARTESIAN_POINT ( 'NONE',  ( 0.3499999999999978684, -10.26119280021293179, -7.439391908442522627 ) ) ;
#4985 = LINE ( 'NONE', #1781, #6606 ) ;
#4986 = CARTESIAN_POINT ( 'NONE',  ( -20.48371685740848136, 55.27883832488648608, -10.49999999999999822 ) ) ;
#4987 = VECTOR ( 'NONE', #3105, 1000.000000000000114 ) ;
#4988 = DIRECTION ( 'NONE',  ( -1.156482317317871478E-16, -1.000000000000000000, -2.392722035830078972E-16 ) ) ;
#4989 = AXIS2_PLACEMENT_3D ( 'NONE', #2637, #7153, #3384 ) ;
#4990 = DIRECTION ( 'NONE',  ( 0.5000000000000015543, -0.8660254037844378194, 0.000000000000000000 ) ) ;
#4991 = VERTEX_POINT ( 'NONE', #206 ) ;
#4992 = DIRECTION ( 'NONE',  ( 0.000000000000000000, 0.7660444431189818992, 0.6427876096865347000 ) ) ;
#4993 = PLANE ( 'NONE',  #6551 ) ;
#4994 = FACE_OUTER_BOUND ( 'NONE', #5723, .T. ) ;
#4995 = DIRECTION ( 'NONE',  ( 0.000000000000000000, 0.000000000000000000, 1.000000000000000000 ) ) ;
#4996 = VECTOR ( 'NONE', #2927, 1000.000000000000000 ) ;
#4997 = CARTESIAN_POINT ( 'NONE',  ( -9.983716857408351686, 37.09230484541311768, -14.00000000000000000 ) ) ;
#4998 = ORIENTED_EDGE ( 'NONE', *, *, #5663, .T. ) ;
#4999 = CARTESIAN_POINT ( 'NONE',  ( -13.71506350946114416, 47.75518682742054466, 20.82568421935008729 ) ) ;
#5000 = CARTESIAN_POINT ( 'NONE',  ( -14.48782217350918700, 68.09364409554079600, -14.00000000000000355 ) ) ;
#5001 = CARTESIAN_POINT ( 'NONE',  ( -4.500000000000000888, -11.99999999999999822, 9.499999999999998224 ) ) ;
#5002 = EDGE_CURVE ( 'NONE', #6926, #3135, #3270, .T. ) ;
#5003 = VECTOR ( 'NONE', #8714, 1000.000000000000114 ) ;
#5004 = DIRECTION ( 'NONE',  ( 0.000000000000000000, 1.000000000000000000, 2.168404344971008868E-16 ) ) ;
#5005 = EDGE_LOOP ( 'NONE', ( #6079, #4574, #6575, #7997 ) ) ;
#5006 = EDGE_LOOP ( 'NONE', ( #7257, #5334, #3888, #1145 ) ) ;
#5007 = FACE_OUTER_BOUND ( 'NONE', #6999, .T. ) ;
#5008 = CARTESIAN_POINT ( 'NONE',  ( -6.999999999999996447, 19.12435565298215678, -15.00000000000000178 ) ) ;
#5009 = ORIENTED_EDGE ( 'NONE', *, *, #3581, .F. ) ;
#5010 = ORIENTED_EDGE ( 'NONE', *, *, #3317, .T. ) ;
#5011 = CARTESIAN_POINT ( 'NONE',  ( -9.240063509461062807, 40.00425946354970819, 12.50000000000000000 ) ) ;
#5012 = CARTESIAN_POINT ( 'NONE',  ( -3.000000000000000000, -9.848528137423858908, 9.401471862576148197 ) ) ;
#5013 = VECTOR ( 'NONE', #1684, 1000.000000000000114 ) ;
#5014 = DIRECTION ( 'NONE',  ( -0.8660254037844380415, -0.5000000000000011102, -0.000000000000000000 ) ) ;
#5015 = ADVANCED_FACE ( 'NONE', ( #3319 ), #2775, .T. ) ;
#5016 = CARTESIAN_POINT ( 'NONE',  ( -29.56217782649112635, 9.629649721936179265E-32, 10.50000000000000178 ) ) ;
#5017 = EDGE_LOOP ( 'NONE', ( #4968, #1394, #985, #8623, #4250 ) ) ;
#5018 = DIRECTION ( 'NONE',  ( 0.000000000000000000, -0.7071067811865483499, 0.7071067811865467956 ) ) ;
#5019 = ORIENTED_EDGE ( 'NONE', *, *, #7639, .F. ) ;
#5020 = CYLINDRICAL_SURFACE ( 'NONE', #2106, 2.100000000000000977 ) ;
#5021 = CARTESIAN_POINT ( 'NONE',  ( -23.24006350946124755, 64.25297076951422071, 12.75869692124230781 ) ) ;
#5022 = EDGE_CURVE ( 'NONE', #9750, #556, #826, .T. ) ;
#5023 = EDGE_CURVE ( 'NONE', #7696, #2550, #4181, .T. ) ;
#5024 = CARTESIAN_POINT ( 'NONE',  ( -11.05871685740837762, 38.95425946354970392, 12.75869692124231136 ) ) ;
#5025 = VERTEX_POINT ( 'NONE', #2866 ) ;
#5026 = FACE_OUTER_BOUND ( 'NONE', #1904, .T. ) ;
#5027 = CARTESIAN_POINT ( 'NONE',  ( -3.000000000000000000, 0.000000000000000000, 12.50000000000000000 ) ) ;
#5028 = CARTESIAN_POINT ( 'NONE',  ( 10.00000000000000178, 14.60147186257614038, -11.09852813742385003 ) ) ;
#5029 = LINE ( 'NONE', #7100, #2896 ) ;
#5030 = DIRECTION ( 'NONE',  ( -0.5000000000000004441, 0.8660254037844383745, 0.000000000000000000 ) ) ;
#5031 = CARTESIAN_POINT ( 'NONE',  ( -16.61506350946114807, 52.77813416937027569, 8.325684219350073079 ) ) ;
#5032 = ORIENTED_EDGE ( 'NONE', *, *, #1395, .F. ) ;
#5033 = DIRECTION ( 'NONE',  ( 1.415310280242207430E-16, -2.451389313854040505E-16, -1.000000000000000000 ) ) ;
#5034 = EDGE_CURVE ( 'NONE', #1308, #4417, #5912, .T. ) ;
#5035 = DIRECTION ( 'NONE',  ( -0.4330127018922200755, 0.7499999999999993339, -0.5000000000000003331 ) ) ;
#5036 = EDGE_LOOP ( 'NONE', ( #7444, #102, #9177, #3781 ) ) ;
#5037 = CARTESIAN_POINT ( 'NONE',  ( -29.56217782649112635, -6.000000000000001776, 10.50000000000000178 ) ) ;
#5038 = CARTESIAN_POINT ( 'NONE',  ( 6.999999999999970690, -6.000000000000001776, -20.99999999999997513 ) ) ;
#5039 = DIRECTION ( 'NONE',  ( -1.000000000000000000, 1.156482317317871478E-16, 0.000000000000000000 ) ) ;
#5040 = DIRECTION ( 'NONE',  ( 0.2500000000000006661, -0.4330127018922188542, -0.8660254037844388186 ) ) ;
#5041 = ORIENTED_EDGE ( 'NONE', *, *, #3152, .T. ) ;
#5042 = ORIENTED_EDGE ( 'NONE', *, *, #6008, .T. ) ;
#5043 = DIRECTION ( 'NONE',  ( 0.5000000000000013323, -0.8660254037844379305, -7.709882115452478166E-17 ) ) ;
#5044 = AXIS2_PLACEMENT_3D ( 'NONE', #7633, #1553, #9919 ) ;
#5045 = LINE ( 'NONE', #9465, #2456 ) ;
#5046 = DIRECTION ( 'NONE',  ( -0.000000000000000000, 0.7660444431189771253, 0.6427876096865403621 ) ) ;
#5047 = VECTOR ( 'NONE', #8707, 1000.000000000000000 ) ;
#5048 = DIRECTION ( 'NONE',  ( 0.000000000000000000, 0.7559289460184561715, 0.6546536707079751993 ) ) ;
#5049 = ORIENTED_EDGE ( 'NONE', *, *, #6369, .T. ) ;
#5050 = ORIENTED_EDGE ( 'NONE', *, *, #3653, .T. ) ;
#5051 = CARTESIAN_POINT ( 'NONE',  ( -1.000000000000000000, 12.94999999999999396, -8.500000000000000000 ) ) ;
#5052 = EDGE_LOOP ( 'NONE', ( #1754, #9362, #4078, #803 ) ) ;
#5053 = CARTESIAN_POINT ( 'NONE',  ( -16.11109127034745825, 56.90522864562112915, 9.722182540694811692 ) ) ;
#5054 = DIRECTION ( 'NONE',  ( 0.8660254037844378194, 0.5000000000000013323, -0.000000000000000000 ) ) ;
#5055 = ORIENTED_EDGE ( 'NONE', *, *, #5289, .F. ) ;
#5056 = FACE_BOUND ( 'NONE', #3324, .T. ) ;
#5057 = ORIENTED_EDGE ( 'NONE', *, *, #3493, .T. ) ;
#5058 = DIRECTION ( 'NONE',  ( 0.000000000000000000, 0.8944271909999156334, 0.4472135954999584273 ) ) ;
#5059 = VECTOR ( 'NONE', #9734, 1000.000000000000114 ) ;
#5060 = ORIENTED_EDGE ( 'NONE', *, *, #973, .T. ) ;
#5061 = CARTESIAN_POINT ( 'NONE',  ( -86.31020123613548378, 33.43970738633110784, 26.50000000000000000 ) ) ;
#5062 = ADVANCED_FACE ( 'NONE', ( #8988 ), #8191, .T. ) ;
#5063 = LINE ( 'NONE', #2117, #1305 ) ;
#5064 = VERTEX_POINT ( 'NONE', #655 ) ;
#5065 = EDGE_CURVE ( 'NONE', #7868, #7348, #6579, .T. ) ;
#5066 = VECTOR ( 'NONE', #3925, 1000.000000000000000 ) ;
#5067 = DIRECTION ( 'NONE',  ( 0.4330127018922204640, -0.7499999999999993339, 0.5000000000000000000 ) ) ;
#5068 = DIRECTION ( 'NONE',  ( 0.000000000000000000, -0.7660444431189818992, -0.6427876096865347000 ) ) ;
#5069 = CARTESIAN_POINT ( 'NONE',  ( -20.48371685740849202, 55.27883832488650029, -12.98260615751540392 ) ) ;
#5070 = LINE ( 'NONE', #4132, #3406 ) ;
#5071 = CARTESIAN_POINT ( 'NONE',  ( -18.21672955930068483, 50.35230114445050020, -22.50000000000000000 ) ) ;
#5072 = EDGE_CURVE ( 'NONE', #6438, #1894, #2592, .T. ) ;
#5073 = EDGE_CURVE ( 'NONE', #9369, #1375, #1968, .T. ) ;
#5074 = VECTOR ( 'NONE', #5479, 1000.000000000000000 ) ;
#5075 = CARTESIAN_POINT ( 'NONE',  ( -11.51217782649094445, 34.93967690125013092, 14.00000000000001066 ) ) ;
#5076 = VERTEX_POINT ( 'NONE', #9642 ) ;
#5077 = CARTESIAN_POINT ( 'NONE',  ( -19.30705080756894532, 58.44079294302303396, -11.74130307875772417 ) ) ;
#5078 = DIRECTION ( 'NONE',  ( 0.000000000000000000, 0.000000000000000000, -1.000000000000000000 ) ) ;
#5079 = EDGE_LOOP ( 'NONE', ( #9164, #9344, #3179, #2850 ) ) ;
#5080 = AXIS2_PLACEMENT_3D ( 'NONE', #9880, #8384, #1567 ) ;
#5081 = VECTOR ( 'NONE', #9137, 1000.000000000000000 ) ;
#5082 = CARTESIAN_POINT ( 'NONE',  ( -7.000000000000000000, -28.99999999999999645, -15.00000000000000888 ) ) ;
#5083 = DIRECTION ( 'NONE',  ( 0.000000000000000000, -1.094278377492747784E-33, -1.000000000000000000 ) ) ;
#5084 = LINE ( 'NONE', #9559, #4526 ) ;
#5085 = LINE ( 'NONE', #676, #8608 ) ;
#5086 = DIRECTION ( 'NONE',  ( 0.4330127018922195758, -0.7499999999999998890, 0.4999999999999998890 ) ) ;
#5087 = ADVANCED_FACE ( 'NONE', ( #8144 ), #5020, .F. ) ;
#5088 = EDGE_LOOP ( 'NONE', ( #914, #9263, #1690, #3813, #9363, #8616 ) ) ;
#5089 = VERTEX_POINT ( 'NONE', #2719 ) ;
#5090 = DIRECTION ( 'NONE',  ( 0.000000000000000000, 0.000000000000000000, -1.000000000000000000 ) ) ;
#5091 = CARTESIAN_POINT ( 'NONE',  ( 10.00000000000000000, -17.30000000000000426, -9.899999999999993250 ) ) ;
#5092 = DIRECTION ( 'NONE',  ( 0.000000000000000000, -0.8944271909999165215, -0.4472135954999565954 ) ) ;
#5093 = ORIENTED_EDGE ( 'NONE', *, *, #1519, .T. ) ;
#5094 = VECTOR ( 'NONE', #787, 1000.000000000000000 ) ;
#5095 = CARTESIAN_POINT ( 'NONE',  ( -19.30705080756894532, 58.44079294302303396, -9.258696921242300704 ) ) ;
#5096 = EDGE_LOOP ( 'NONE', ( #3657, #2951, #8708, #6705 ) ) ;
#5097 = FACE_OUTER_BOUND ( 'NONE', #4777, .T. ) ;
#5098 = EDGE_CURVE ( 'NONE', #5443, #2353, #2817, .T. ) ;
#5100 = EDGE_CURVE ( 'NONE', #7668, #1310, #3660, .T. ) ;
#5099 = ORIENTED_EDGE ( 'NONE', *, *, #9541, .F. ) ;
#5101 = ORIENTED_EDGE ( 'NONE', *, *, #403, .T. ) ;
#5102 = LINE ( 'NONE', #6519, #5620 ) ;
#5103 = VECTOR ( 'NONE', #2726, 1000.000000000000000 ) ;
#5104 = CARTESIAN_POINT ( 'NONE',  ( 0.000000000000000000, -17.30000000000000426, -1.016456843292302834E-15 ) ) ;
#5105 = FACE_OUTER_BOUND ( 'NONE', #3564, .T. ) ;
#5106 = ORIENTED_EDGE ( 'NONE', *, *, #5747, .T. ) ;
#5107 = AXIS2_PLACEMENT_3D ( 'NONE', #1807, #7891, #1704 ) ;
#5108 = CARTESIAN_POINT ( 'NONE',  ( -18.21672955930068127, 50.35230114445050020, -10.00000000000000000 ) ) ;
#5109 = CARTESIAN_POINT ( 'NONE',  ( -1.800000000000000044, 15.44999999999999751, -10.24999999999999467 ) ) ;
#5110 = CARTESIAN_POINT ( 'NONE',  ( 0.6694925367545540018, -29.00000000000000355, 3.670479884374697299 ) ) ;
#5111 = AXIS2_PLACEMENT_3D ( 'NONE', #3494, #3544, #5695 ) ;
#5112 = CARTESIAN_POINT ( 'NONE',  ( 0.000000000000000000, 15.44999999999999574, 8.149999999999996803 ) ) ;
#5113 = EDGE_LOOP ( 'NONE', ( #6832, #2220, #8189, #6403 ) ) ;
#5114 = EDGE_CURVE ( 'NONE', #3422, #7002, #6720, .T. ) ;
#5115 = LINE ( 'NONE', #7923, #2911 ) ;
#5116 = LINE ( 'NONE', #4327, #3034 ) ;
#5117 = CIRCLE ( 'NONE', #4486, 1.100000000000107558 ) ;
#5118 = DIRECTION ( 'NONE',  ( -3.119295361240715767E-15, 5.402778049482815848E-15, -1.000000000000000000 ) ) ;
#5119 = VECTOR ( 'NONE', #1489, 1000.000000000000114 ) ;
#5120 = EDGE_LOOP ( 'NONE', ( #8751, #4129, #4976, #6841 ) ) ;
#5121 = DIRECTION ( 'NONE',  ( -0.8660254037844379305, -0.5000000000000013323, 0.000000000000000000 ) ) ;
#5122 = CARTESIAN_POINT ( 'NONE',  ( -13.54891344385654151, 66.46740647211245800, -14.77781745930525226 ) ) ;
#5123 = CONICAL_SURFACE ( 'NONE', #657, 10.90000000000000036, 0.7853981633974421728 ) ;
#5124 = ORIENTED_EDGE ( 'NONE', *, *, #8412, .F. ) ;
#5125 = AXIS2_PLACEMENT_3D ( 'NONE', #5782, #6490, #4237 ) ;
#5126 = EDGE_CURVE ( 'NONE', #8422, #2578, #7453, .T. ) ;
#5127 = VERTEX_POINT ( 'NONE', #9688 ) ;
#5128 = DIRECTION ( 'NONE',  ( 2.507721281754213533E-32, 2.168404344971008868E-16, -1.000000000000000000 ) ) ;
#5129 = ORIENTED_EDGE ( 'NONE', *, *, #9731, .T. ) ;
#5130 = DIRECTION ( 'NONE',  ( 0.8660254037844385966, 0.5000000000000003331, 0.000000000000000000 ) ) ;
#5131 = CYLINDRICAL_SURFACE ( 'NONE', #645, 2.100000000000000977 ) ;
#5132 = ORIENTED_EDGE ( 'NONE', *, *, #99, .T. ) ;
#5133 = AXIS2_PLACEMENT_3D ( 'NONE', #9567, #7381, #8825 ) ;
#5134 = AXIS2_PLACEMENT_3D ( 'NONE', #4026, #8054, #7195 ) ;
#5135 = FACE_OUTER_BOUND ( 'NONE', #6690, .T. ) ;
#5136 = FACE_OUTER_BOUND ( 'NONE', #4203, .T. ) ;
#5137 = ORIENTED_EDGE ( 'NONE', *, *, #8361, .F. ) ;
#5138 = EDGE_CURVE ( 'NONE', #908, #4223, #1405, .T. ) ;
#5139 = AXIS2_PLACEMENT_3D ( 'NONE', #9048, #4264, #681 ) ;
#5140 = VECTOR ( 'NONE', #3645, 1000.000000000000000 ) ;
#5141 = DIRECTION ( 'NONE',  ( 0.000000000000000000, -0.8944271909999155223, 0.4472135954999585383 ) ) ;
#5142 = EDGE_LOOP ( 'NONE', ( #8022, #1869, #2559, #3259 ) ) ;
#5143 = DIRECTION ( 'NONE',  ( 1.000000000000000000, 0.000000000000000000, 0.000000000000000000 ) ) ;
#5144 = VERTEX_POINT ( 'NONE', #7399 ) ;
#5145 = DIRECTION ( 'NONE',  ( -0.8660254037844379305, -0.5000000000000011102, 0.000000000000000000 ) ) ;
#5146 = CARTESIAN_POINT ( 'NONE',  ( -23.24006350946124755, 64.25297076951422071, 12.50000000000026468 ) ) ;
#5147 = VERTEX_POINT ( 'NONE', #564 ) ;
#5148 = FACE_OUTER_BOUND ( 'NONE', #8729, .T. ) ;
#5149 = EDGE_CURVE ( 'NONE', #5454, #9614, #3618, .T. ) ;
#5150 = ADVANCED_FACE ( 'NONE', ( #5865 ), #3712, .T. ) ;
#5151 = PLANE ( 'NONE',  #7662 ) ;
#5152 = LINE ( 'NONE', #7588, #3335 ) ;
#5153 = VERTEX_POINT ( 'NONE', #3570 ) ;
#5154 = CARTESIAN_POINT ( 'NONE',  ( -1.000000000000000000, 12.94999999999999396, 8.500000000000000000 ) ) ;
#5155 = AXIS2_PLACEMENT_3D ( 'NONE', #7098, #3938, #6996 ) ;
#5156 = ORIENTED_EDGE ( 'NONE', *, *, #1490, .F. ) ;
#5157 = CARTESIAN_POINT ( 'NONE',  ( -1.800000000000000044, 15.44999999999999574, 10.24999999999999822 ) ) ;
#5158 = EDGE_LOOP ( 'NONE', ( #7475, #267, #8857, #9908 ) ) ;
#5159 = DIRECTION ( 'NONE',  ( 0.000000000000000000, 0.8944271909999165215, -0.4472135954999565399 ) ) ;
#5160 = EDGE_CURVE ( 'NONE', #7632, #5153, #9632, .T. ) ;
#5161 = DIRECTION ( 'NONE',  ( 0.000000000000000000, 0.6427876096865347000, -0.7660444431189818992 ) ) ;
#5162 = VECTOR ( 'NONE', #8812, 1000.000000000000114 ) ;
#5163 = LINE ( 'NONE', #7506, #9095 ) ;
#5164 = DIRECTION ( 'NONE',  ( 0.000000000000000000, -1.000000000000000000, -2.168404344971008868E-16 ) ) ;
#5165 = CARTESIAN_POINT ( 'NONE',  ( 10.00000000000000178, 14.60147186257614038, 9.401471862576146421 ) ) ;
#5166 = CARTESIAN_POINT ( 'NONE',  ( -3.000000000000000000, 12.94999999999999396, 8.500000000000000000 ) ) ;
#5167 = LINE ( 'NONE', #4424, #7809 ) ;
#5168 = ORIENTED_EDGE ( 'NONE', *, *, #5690, .T. ) ;
#5169 = DIRECTION ( 'NONE',  ( 0.3535533905932751186, -0.6123724356957980230, -0.7071067811865439090 ) ) ;
#5170 = CARTESIAN_POINT ( 'NONE',  ( 0.000000000000000000, 18.99999999999999289, -6.579620908548930642E-15 ) ) ;
#5171 = ORIENTED_EDGE ( 'NONE', *, *, #1177, .T. ) ;
#5172 = DIRECTION ( 'NONE',  ( 0.8660254037844380415, 0.5000000000000012212, -0.000000000000000000 ) ) ;
#5173 = CARTESIAN_POINT ( 'NONE',  ( 10.00000000000000000, -11.32179235619570612, 3.724076359315471318 ) ) ;
#5174 = CARTESIAN_POINT ( 'NONE',  ( -3.000000000000000000, -12.35025253169416892, -4.949747468305832676 ) ) ;
#5175 = VERTEX_POINT ( 'NONE', #1664 ) ;
#5176 = DIRECTION ( 'NONE',  ( 0.3535533905932757293, -0.6123724356958013537, 0.7071067811865405783 ) ) ;
#5177 = CARTESIAN_POINT ( 'NONE',  ( 1.522855421137514043, -6.000000000000002665, 1.348834033952825084 ) ) ;
#5178 = EDGE_CURVE ( 'NONE', #2318, #1509, #9470, .T. ) ;
#5179 = FACE_OUTER_BOUND ( 'NONE', #1187, .T. ) ;
#5180 = VECTOR ( 'NONE', #4915, 1000.000000000000000 ) ;
#5181 = DIRECTION ( 'NONE',  ( 0.5000000000000013323, -0.8660254037844379305, 0.000000000000000000 ) ) ;
#5182 = ADVANCED_FACE ( 'NONE', ( #2411 ), #85, .F. ) ;
#5183 = ORIENTED_EDGE ( 'NONE', *, *, #6228, .F. ) ;
#5184 = CARTESIAN_POINT ( 'NONE',  ( -26.06217782649120807, 60.14101615137766288, 14.00000000000000711 ) ) ;
#5185 = ORIENTED_EDGE ( 'NONE', *, *, #8568, .F. ) ;
#5186 = ORIENTED_EDGE ( 'NONE', *, *, #2963, .T. ) ;
#5187 = CARTESIAN_POINT ( 'NONE',  ( -11.67326909683926317, 35.21869516614923867, -14.77781745930522206 ) ) ;
#5188 = VERTEX_POINT ( 'NONE', #7697 ) ;
#5189 = DIRECTION ( 'NONE',  ( 0.000000000000000000, 0.000000000000000000, -1.000000000000000000 ) ) ;
#5190 = ORIENTED_EDGE ( 'NONE', *, *, #2252, .T. ) ;
#5191 = EDGE_CURVE ( 'NONE', #1485, #9014, #8198, .T. ) ;
#5192 = EDGE_CURVE ( 'NONE', #4881, #9921, #6821, .T. ) ;
#5193 = DIRECTION ( 'NONE',  ( 0.8660254037844378194, 0.5000000000000014433, 2.435752736085847402E-15 ) ) ;
#5194 = DIRECTION ( 'NONE',  ( 0.3535533905932757293, -0.6123724356958013537, 0.7071067811865405783 ) ) ;
#5195 = EDGE_LOOP ( 'NONE', ( #7909, #6383, #4908, #2221, #1516, #275 ) ) ;
#5196 = PLANE ( 'NONE',  #6495 ) ;
#5197 = CARTESIAN_POINT ( 'NONE',  ( -1.000000000000000000, 11.94999999999999574, 8.500000000000000000 ) ) ;
#5198 = CARTESIAN_POINT ( 'NONE',  ( -12.56217782649109793, 36.75833024919774061, 23.99999999999999645 ) ) ;
#5199 = ORIENTED_EDGE ( 'NONE', *, *, #4572, .T. ) ;
#5200 = ORIENTED_EDGE ( 'NONE', *, *, #9489, .F. ) ;
#5201 = ORIENTED_EDGE ( 'NONE', *, *, #1126, .T. ) ;
#5202 = CARTESIAN_POINT ( 'NONE',  ( -13.80000000000003979, 52.90230114445051157, -10.00000000000000000 ) ) ;
#5203 = EDGE_CURVE ( 'NONE', #3837, #4384, #4716, .T. ) ;
#5204 = AXIS2_PLACEMENT_3D ( 'NONE', #1589, #7919, #3187 ) ;
#5205 = DIRECTION ( 'NONE',  ( 0.000000000000000000, 0.000000000000000000, 1.000000000000000000 ) ) ;
#5206 = LINE ( 'NONE', #7405, #589 ) ;
#5207 = AXIS2_PLACEMENT_3D ( 'NONE', #2273, #1418, #5878 ) ;
#5208 = DIRECTION ( 'NONE',  ( 0.000000000000000000, 0.7559289460184526188, -0.6546536707079791961 ) ) ;
#5209 = VERTEX_POINT ( 'NONE', #9129 ) ;
#5210 = CARTESIAN_POINT ( 'NONE',  ( -17.41672955930069122, 48.96666049839542723, 6.651368438700165697 ) ) ;
#5211 = CARTESIAN_POINT ( 'NONE',  ( -7.000000000000000000, 5.999999999999977796, -15.00000000000000000 ) ) ;
#5212 = ORIENTED_EDGE ( 'NONE', *, *, #7974, .F. ) ;
#5213 = LINE ( 'NONE', #5165, #6086 ) ;
#5214 = ORIENTED_EDGE ( 'NONE', *, *, #3021, .F. ) ;
#5215 = EDGE_CURVE ( 'NONE', #4945, #439, #1453, .T. ) ;
#5216 = EDGE_CURVE ( 'NONE', #1640, #3246, #6971, .T. ) ;
#5217 = DIRECTION ( 'NONE',  ( 0.000000000000000000, -0.7071067811865474617, -0.7071067811865474617 ) ) ;
#5218 = VECTOR ( 'NONE', #2365, 1000.000000000000227 ) ;
#5219 = DIRECTION ( 'NONE',  ( 0.000000000000000000, -0.7071067811865467956, -0.7071067811865483499 ) ) ;
#5220 = ORIENTED_EDGE ( 'NONE', *, *, #7044, .F. ) ;
#5221 = DIRECTION ( 'NONE',  ( 0.000000000000000000, 0.000000000000000000, -1.000000000000000000 ) ) ;
#5222 = ORIENTED_EDGE ( 'NONE', *, *, #1523, .T. ) ;
#5223 = ORIENTED_EDGE ( 'NONE', *, *, #3842, .T. ) ;
#5224 = AXIS2_PLACEMENT_3D ( 'NONE', #5741, #1091, #6345 ) ;
#5225 = DIRECTION ( 'NONE',  ( 0.5000000000000025535, -0.8660254037844372643, 0.000000000000000000 ) ) ;
#5226 = DIRECTION ( 'NONE',  ( 0.3535533905932748411, -0.6123724356957913617, 0.7071067811865496822 ) ) ;
#5227 = PLANE ( 'NONE',  #3632 ) ;
#5228 = LINE ( 'NONE', #8962, #3679 ) ;
#5229 = LINE ( 'NONE', #2939, #8204 ) ;
#5230 = CARTESIAN_POINT ( 'NONE',  ( 1.590451595263978612, -6.000000000000002665, 0.5375903809349846796 ) ) ;
#5231 = ORIENTED_EDGE ( 'NONE', *, *, #7003, .F. ) ;
#5232 = DIRECTION ( 'NONE',  ( 0.3535533905932774501, -0.6123724356958005766, 0.7071067811865404673 ) ) ;
#5233 = VECTOR ( 'NONE', #2825, 1000.000000000000227 ) ;
#5234 = VERTEX_POINT ( 'NONE', #8425 ) ;
#5235 = EDGE_CURVE ( 'NONE', #6597, #67, #8503, .T. ) ;
#5236 = DIRECTION ( 'NONE',  ( 0.5000000000000013323, -0.8660254037844379305, 0.000000000000000000 ) ) ;
#5237 = CARTESIAN_POINT ( 'NONE',  ( -12.56217782649109793, 36.75833024919774061, -26.49999999999999645 ) ) ;
#5238 = AXIS2_PLACEMENT_3D ( 'NONE', #1461, #569, #4527 ) ;
#5239 = DIRECTION ( 'NONE',  ( 1.000000000000000000, 0.000000000000000000, 0.000000000000000000 ) ) ;
#5240 = VERTEX_POINT ( 'NONE', #9225 ) ;
#5241 = EDGE_CURVE ( 'NONE', #1782, #3812, #4622, .T. ) ;
#5242 = CARTESIAN_POINT ( 'NONE',  ( -18.86672955930068341, 51.47813416937027853, 20.82568421935008018 ) ) ;
#5243 = DIRECTION ( 'NONE',  ( -1.000000000000000000, 0.000000000000000000, 0.000000000000000000 ) ) ;
#5244 = ORIENTED_EDGE ( 'NONE', *, *, #5241, .T. ) ;
#5245 = DIRECTION ( 'NONE',  ( 1.000000000000000000, -0.000000000000000000, -0.000000000000000000 ) ) ;
#5246 = EDGE_CURVE ( 'NONE', #6774, #5757, #6775, .T. ) ;
#5247 = EDGE_CURVE ( 'NONE', #3356, #7641, #6873, .T. ) ;
#5248 = LINE ( 'NONE', #9773, #6851 ) ;
#5249 = ORIENTED_EDGE ( 'NONE', *, *, #5701, .F. ) ;
#5250 = ORIENTED_EDGE ( 'NONE', *, *, #1721, .T. ) ;
#5251 = EDGE_LOOP ( 'NONE', ( #4557, #4289, #3794, #5989 ) ) ;
#5252 = FACE_OUTER_BOUND ( 'NONE', #2580, .T. ) ;
#5253 = AXIS2_PLACEMENT_3D ( 'NONE', #2237, #8221, #6706 ) ;
#5254 = PLANE ( 'NONE',  #5294 ) ;
#5255 = DIRECTION ( 'NONE',  ( 0.8660254037844379305, 0.5000000000000011102, -0.000000000000000000 ) ) ;
#5256 = CARTESIAN_POINT ( 'NONE',  ( -7.776279441628817679, 20.46891108675446702, 12.49999999999999467 ) ) ;
#5257 = VECTOR ( 'NONE', #9037, 1000.000000000000227 ) ;
#5258 = EDGE_CURVE ( 'NONE', #9658, #958, #752, .T. ) ;
#5259 = DIRECTION ( 'NONE',  ( 0.3535533905932757848, -0.6123724356957960246, -0.7071067811865453523 ) ) ;
#5260 = VERTEX_POINT ( 'NONE', #9925 ) ;
#5261 = EDGE_LOOP ( 'NONE', ( #7139, #2386, #7316, #9588 ) ) ;
#5262 = CARTESIAN_POINT ( 'NONE',  ( -26.06217782649120807, 60.14101615137766288, 14.00000000000000711 ) ) ;
#5263 = DIRECTION ( 'NONE',  ( 0.000000000000000000, -0.7559289460184511755, -0.6546536707079808615 ) ) ;
#5264 = FACE_BOUND ( 'NONE', #2959, .T. ) ;
#5265 = ORIENTED_EDGE ( 'NONE', *, *, #2722, .T. ) ;
#5266 = AXIS2_PLACEMENT_3D ( 'NONE', #7780, #845, #5538 ) ;
#5267 = PLANE ( 'NONE',  #2762 ) ;
#5268 = DIRECTION ( 'NONE',  ( -0.6081204024113420203, -5.721345911419189678E-15, -0.7938448060994462985 ) ) ;
#5269 = VERTEX_POINT ( 'NONE', #911 ) ;
#5270 = ORIENTED_EDGE ( 'NONE', *, *, #5428, .T. ) ;
#5271 = EDGE_CURVE ( 'NONE', #5269, #6136, #9072, .T. ) ;
#5272 = ADVANCED_FACE ( 'NONE', ( #3065 ), #9180, .F. ) ;
#5273 = VERTEX_POINT ( 'NONE', #7592 ) ;
#5274 = VECTOR ( 'NONE', #3591, 1000.000000000000114 ) ;
#5275 = LINE ( 'NONE', #6130, #1284 ) ;
#5276 = VERTEX_POINT ( 'NONE', #2960 ) ;
#5277 = ORIENTED_EDGE ( 'NONE', *, *, #8070, .F. ) ;
#5278 = DIRECTION ( 'NONE',  ( -1.000000000000000000, -0.000000000000000000, -0.000000000000000000 ) ) ;
#5279 = ORIENTED_EDGE ( 'NONE', *, *, #3868, .F. ) ;
#5280 = DIRECTION ( 'NONE',  ( -0.4330127018922211857, 0.7499999999999986677, -0.5000000000000003331 ) ) ;
#5281 = ORIENTED_EDGE ( 'NONE', *, *, #5258, .F. ) ;
#5282 = ORIENTED_EDGE ( 'NONE', *, *, #2800, .F. ) ;
#5283 = DIRECTION ( 'NONE',  ( 0.8660254037844378194, 0.5000000000000013323, -0.000000000000000000 ) ) ;
#5284 = DIRECTION ( 'NONE',  ( -0.5000000000000019984, 0.8660254037844373753, 0.000000000000000000 ) ) ;
#5285 = AXIS2_PLACEMENT_3D ( 'NONE', #3885, #2970, #668 ) ;
#5286 = CARTESIAN_POINT ( 'NONE',  ( -3.000000000000000000, 20.19615242270665334, -12.50000000000000000 ) ) ;
#5287 = AXIS2_PLACEMENT_3D ( 'NONE', #7603, #3928, #4682 ) ;
#5288 =( LENGTH_UNIT ( ) NAMED_UNIT ( * ) SI_UNIT ( .MILLI., .METRE. ) );
#5289 = EDGE_CURVE ( 'NONE', #7485, #4745, #8527, .T. ) ;
#5290 = CARTESIAN_POINT ( 'NONE',  ( -17.41672955930069122, 48.96666049839542723, -6.651368438700165697 ) ) ;
#5291 = ORIENTED_EDGE ( 'NONE', *, *, #2770, .T. ) ;
#5292 = ORIENTED_EDGE ( 'NONE', *, *, #5954, .F. ) ;
#5293 = CARTESIAN_POINT ( 'NONE',  ( -22.56217782649112991, 54.07883832488649034, 10.50000000000000178 ) ) ;
#5294 = AXIS2_PLACEMENT_3D ( 'NONE', #8325, #3762, #6823 ) ;
#5295 = VECTOR ( 'NONE', #2571, 1000.000000000000000 ) ;
#5296 = DIRECTION ( 'NONE',  ( -0.5000000000000019984, 0.8660254037844373753, 0.000000000000000000 ) ) ;
#5297 = EDGE_LOOP ( 'NONE', ( #1218, #8113, #8971, #8489 ) ) ;
#5298 = DIRECTION ( 'NONE',  ( 0.000000000000000000, 0.7660444431189771253, -0.6427876096865403621 ) ) ;
#5299 = DIRECTION ( 'NONE',  ( 0.000000000000000000, 0.7660444431189714631, -0.6427876096865470235 ) ) ;
#5300 = ORIENTED_EDGE ( 'NONE', *, *, #7279, .T. ) ;
#5301 = ADVANCED_FACE ( 'NONE', ( #5252 ), #3872, .F. ) ;
#5302 = CARTESIAN_POINT ( 'NONE',  ( 0.000000000000000000, -25.00000000000000000, 11.00000000000000178 ) ) ;
#5303 = VECTOR ( 'NONE', #5194, 1000.000000000000000 ) ;
#5304 = VECTOR ( 'NONE', #7688, 1000.000000000000000 ) ;
#5305 = EDGE_CURVE ( 'NONE', #2442, #2958, #138, .T. ) ;
#5306 = DIRECTION ( 'NONE',  ( -0.8660254037844379305, -0.5000000000000013323, 0.000000000000000000 ) ) ;
#5307 = VERTEX_POINT ( 'NONE', #3360 ) ;
#5308 = EDGE_LOOP ( 'NONE', ( #2368, #253, #3103, #6318, #4039 ) ) ;
#5309 = ORIENTED_EDGE ( 'NONE', *, *, #588, .T. ) ;
#5310 = DIRECTION ( 'NONE',  ( 0.4330127018922212967, -0.7499999999999978906, -0.5000000000000014433 ) ) ;
#5311 = DIRECTION ( 'NONE',  ( 0.3535533905932746190, -0.6123724356957958026, -0.7071067811865460184 ) ) ;
#5312 = EDGE_CURVE ( 'NONE', #1302, #4863, #8780, .T. ) ;
#5313 = EDGE_CURVE ( 'NONE', #9636, #8727, #5631, .T. ) ;
#5314 = LINE ( 'NONE', #528, #553 ) ;
#5315 = DIRECTION ( 'NONE',  ( 0.000000000000000000, 0.7660444431189714631, -0.6427876096865470235 ) ) ;
#5316 = ADVANCED_FACE ( 'NONE', ( #1060 ), #8731, .T. ) ;
#5317 = CIRCLE ( 'NONE', #8692, 2.100000000000000977 ) ;
#5318 = CARTESIAN_POINT ( 'NONE',  ( -7.000000000000000888, 1.999999999999999556, -20.99999999999997513 ) ) ;
#5319 = EDGE_LOOP ( 'NONE', ( #6052, #6119, #2594, #1270 ) ) ;
#5320 = VERTEX_POINT ( 'NONE', #2617 ) ;
#5321 = PLANE ( 'NONE',  #8776 ) ;
#5322 = CARTESIAN_POINT ( 'NONE',  ( -7.090063509461056235, 36.28035022727661385, 12.50000000000000000 ) ) ;
#5323 = CARTESIAN_POINT ( 'NONE',  ( -18.26217782649111498, 46.63101985234031588, -22.50000000000000000 ) ) ;
#5324 = VERTEX_POINT ( 'NONE', #9528 ) ;
#5325 = CARTESIAN_POINT ( 'NONE',  ( 1.561251128379127174E-15, -9.000000000000005329, 10.25000000000000000 ) ) ;
#5326 = EDGE_CURVE ( 'NONE', #2429, #6002, #5708, .T. ) ;
#5327 = EDGE_CURVE ( 'NONE', #3373, #4639, #3263, .T. ) ;
#5328 = AXIS2_PLACEMENT_3D ( 'NONE', #9655, #1831, #429 ) ;
#5329 = DIRECTION ( 'NONE',  ( 0.4330127018922198534, -0.7499999999999991118, 0.5000000000000008882 ) ) ;
#5330 = EDGE_LOOP ( 'NONE', ( #4693, #4699, #6643, #5137, #7776, #3188, #5633, #6300 ) ) ;
#5331 = CARTESIAN_POINT ( 'NONE',  ( -13.48371685740844406, 43.15448267190432574, -12.98260615751540392 ) ) ;
#5332 = DIRECTION ( 'NONE',  ( -0.8660254037844379305, -0.5000000000000013323, 0.000000000000000000 ) ) ;
#5333 = LINE ( 'NONE', #8398, #3217 ) ;
#5334 = ORIENTED_EDGE ( 'NONE', *, *, #6721, .T. ) ;
#5335 = PLANE ( 'NONE',  #9454 ) ;
#5336 = EDGE_CURVE ( 'NONE', #3516, #4136, #1853, .T. ) ;
#5337 = CYLINDRICAL_SURFACE ( 'NONE', #9810, 4.000000000000000000 ) ;
#5338 = FILL_AREA_STYLE ('',( #7677 ) ) ;
#5339 = VERTEX_POINT ( 'NONE', #4911 ) ;
#5340 = LINE ( 'NONE', #7727, #5896 ) ;
#5341 = VERTEX_POINT ( 'NONE', #3413 ) ;
#5342 = LINE ( 'NONE', #1438, #5140 ) ;
#5343 = FACE_OUTER_BOUND ( 'NONE', #7419, .T. ) ;
#5344 = CARTESIAN_POINT ( 'NONE',  ( -18.21672955930068483, 50.35230114445050020, 10.00000000000000000 ) ) ;
#5345 = ORIENTED_EDGE ( 'NONE', *, *, #482, .F. ) ;
#5346 = FACE_OUTER_BOUND ( 'NONE', #2360, .T. ) ;
#5347 = EDGE_CURVE ( 'NONE', #6282, #57, #6417, .T. ) ;
#5348 = CARTESIAN_POINT ( 'NONE',  ( -17.15705080756893963, 54.71688370674995383, 11.74130307875769219 ) ) ;
#5349 = DIRECTION ( 'NONE',  ( 0.000000000000000000, 0.7559289460184611675, -0.6546536707079695372 ) ) ;
#5350 = DIRECTION ( 'NONE',  ( 0.8660254037844380415, 0.5000000000000012212, -0.000000000000000000 ) ) ;
#5351 = ORIENTED_EDGE ( 'NONE', *, *, #5910, .T. ) ;
#5352 = ORIENTED_EDGE ( 'NONE', *, *, #2541, .F. ) ;
#5353 = ORIENTED_EDGE ( 'NONE', *, *, #7037, .F. ) ;
#5354 = CARTESIAN_POINT ( 'NONE',  ( -10.77627944162882834, 25.66506350946109904, 15.00000000000000178 ) ) ;
#5355 = LINE ( 'NONE', #9031, #4505 ) ;
#5356 = VECTOR ( 'NONE', #5599, 1000.000000000000000 ) ;
#5357 = FACE_OUTER_BOUND ( 'NONE', #1039, .T. ) ;
#5358 = DIRECTION ( 'NONE',  ( 1.000000000000000000, 0.000000000000000000, -0.000000000000000000 ) ) ;
#5359 = PLANE ( 'NONE',  #1719 ) ;
#5360 = VERTEX_POINT ( 'NONE', #7989 ) ;
#5361 = EDGE_CURVE ( 'NONE', #4259, #7743, #4865, .T. ) ;
#5362 = DIRECTION ( 'NONE',  ( 0.000000000000000000, 1.909787313001989574E-15, 1.000000000000000000 ) ) ;
#5363 = EDGE_CURVE ( 'NONE', #8413, #5188, #5507, .T. ) ;
#5364 = ORIENTED_EDGE ( 'NONE', *, *, #7301, .T. ) ;
#5365 = CARTESIAN_POINT ( 'NONE',  ( -14.32673090316178310, 67.81462583064326566, -14.77781745930522561 ) ) ;
#5366 = VECTOR ( 'NONE', #4581, 1000.000000000000000 ) ;
#5367 = CARTESIAN_POINT ( 'NONE',  ( -8.526279441628817679, 21.76794919243112147, -18.00000000000000711 ) ) ;
#5368 = VERTEX_POINT ( 'NONE', #8576 ) ;
#5369 = ORIENTED_EDGE ( 'NONE', *, *, #9062, .T. ) ;
#5370 = EDGE_CURVE ( 'NONE', #1572, #7602, #4811, .T. ) ;
#5371 = ADVANCED_FACE ( 'NONE', ( #4759 ), #7237, .F. ) ;
#5372 = CYLINDRICAL_SURFACE ( 'NONE', #9918, 1.100000000000107558 ) ;
#5373 = ORIENTED_EDGE ( 'NONE', *, *, #3390, .T. ) ;
#5374 = LINE ( 'NONE', #268, #6612 ) ;
#5375 = ORIENTED_EDGE ( 'NONE', *, *, #318, .F. ) ;
#5376 = DIRECTION ( 'NONE',  ( 1.000000000000000000, -1.156482317317871478E-16, 0.000000000000000000 ) ) ;
#5377 = LINE ( 'NONE', #774, #6237 ) ;
#5378 = EDGE_LOOP ( 'NONE', ( #4644, #3753, #1440, #6026, #6948, #5759 ) ) ;
#5379 = VECTOR ( 'NONE', #4509, 1000.000000000000114 ) ;
#5380 = CARTESIAN_POINT ( 'NONE',  ( 0.3499999999999947597, -20.16068773682459536, 2.460103028169140504 ) ) ;
#5381 = DIRECTION ( 'NONE',  ( 0.000000000000000000, -1.000000000000000000, -2.168404344971008868E-16 ) ) ;
#5382 = DIRECTION ( 'NONE',  ( -0.000000000000000000, -0.000000000000000000, -1.000000000000000000 ) ) ;
#5383 = VERTEX_POINT ( 'NONE', #8039 ) ;
#5384 = AXIS2_PLACEMENT_3D ( 'NONE', #1143, #1988, #5039 ) ;
#5385 = EDGE_CURVE ( 'NONE', #1330, #1499, #4114, .T. ) ;
#5386 = CARTESIAN_POINT ( 'NONE',  ( -14.48782217350912482, 68.09364409554066810, 14.00000000000000711 ) ) ;
#5387 = ORIENTED_EDGE ( 'NONE', *, *, #5918, .F. ) ;
#5388 = DIRECTION ( 'NONE',  ( 0.000000000000000000, 0.000000000000000000, -1.000000000000000000 ) ) ;
#5389 = FACE_BOUND ( 'NONE', #6881, .T. ) ;
#5390 = CARTESIAN_POINT ( 'NONE',  ( -25.67326909683850999, 59.46740647211215247, 13.22218254069481169 ) ) ;
#5391 = EDGE_LOOP ( 'NONE', ( #9895, #7397, #1632, #5353, #2270, #6717 ) ) ;
#5392 = ORIENTED_EDGE ( 'NONE', *, *, #2781, .T. ) ;
#5393 = AXIS2_PLACEMENT_3D ( 'NONE', #7993, #7899, #7032 ) ;
#5394 = DIRECTION ( 'NONE',  ( -0.5000000000000027756, 0.8660254037844369313, 0.000000000000000000 ) ) ;
#5395 = CIRCLE ( 'NONE', #7017, 3.249999999999999556 ) ;
#5396 = DIRECTION ( 'NONE',  ( 0.3535533905932730647, -0.6123724356957913617, -0.7071067811865506814 ) ) ;
#5397 = DIRECTION ( 'NONE',  ( 0.4330127018922197979, -0.7499999999999984457, 0.5000000000000021094 ) ) ;
#5398 = CARTESIAN_POINT ( 'NONE',  ( 2.000000000000001776, -21.22128729280737502, -6.175418577296191813 ) ) ;
#5399 = VECTOR ( 'NONE', #1267, 1000.000000000000227 ) ;
#5400 = EDGE_CURVE ( 'NONE', #9357, #3960, #2510, .T. ) ;
#5401 = DIRECTION ( 'NONE',  ( -0.000000000000000000, -0.000000000000000000, -1.000000000000000000 ) ) ;
#5402 = ORIENTED_EDGE ( 'NONE', *, *, #3869, .T. ) ;
#5403 = EDGE_CURVE ( 'NONE', #328, #7386, #7187, .T. ) ;
#5404 = ORIENTED_EDGE ( 'NONE', *, *, #6570, .F. ) ;
#5405 = CARTESIAN_POINT ( 'NONE',  ( -7.119595510583496711, 27.33150115366989397, -8.331501153669814030 ) ) ;
#5406 = ORIENTED_EDGE ( 'NONE', *, *, #3842, .F. ) ;
#5407 = FACE_OUTER_BOUND ( 'NONE', #8088, .T. ) ;
#5408 = VECTOR ( 'NONE', #1389, 1000.000000000000227 ) ;
#5409 = CARTESIAN_POINT ( 'NONE',  ( -12.20000000000004192, 50.13101985234033009, -22.50000000000000000 ) ) ;
#5410 = CARTESIAN_POINT ( 'NONE',  ( -1.799999999999999600, -9.000000000000005329, 8.552943725152294618 ) ) ;
#5411 = LINE ( 'NONE', #8683, #114 ) ;
#5412 = ORIENTED_EDGE ( 'NONE', *, *, #3326, .T. ) ;
#5413 = AXIS2_PLACEMENT_3D ( 'NONE', #3145, #4653, #7824 ) ;
#5414 = DIRECTION ( 'NONE',  ( -0.8660254037844379305, -0.5000000000000012212, 0.000000000000000000 ) ) ;
#5415 = FACE_BOUND ( 'NONE', #8758, .T. ) ;
#5416 = ORIENTED_EDGE ( 'NONE', *, *, #5034, .F. ) ;
#5417 = CARTESIAN_POINT ( 'NONE',  ( -8.165063509461054636, 38.14230484541315747, -11.51739384248461739 ) ) ;
#5418 = ORIENTED_EDGE ( 'NONE', *, *, #1295, .T. ) ;
#5419 = EDGE_CURVE ( 'NONE', #5468, #8413, #1707, .T. ) ;
#5420 = CARTESIAN_POINT ( 'NONE',  ( 1.507613341880076465E-15, -10.87873638699443646, 11.18826946459058824 ) ) ;
#5421 = ORIENTED_EDGE ( 'NONE', *, *, #3613, .F. ) ;
#5422 = LINE ( 'NONE', #8491, #6222 ) ;
#5423 = VECTOR ( 'NONE', #8676, 1000.000000000000000 ) ;
#5424 = CARTESIAN_POINT ( 'NONE',  ( 1.534854790610835851, 21.34155352042156295, -0.3168929591568676596 ) ) ;
#5425 = ORIENTED_EDGE ( 'NONE', *, *, #40, .F. ) ;
#5426 = DIRECTION ( 'NONE',  ( -0.7071067811865425767, -0.7071067811865524577, -1.691909977029941865E-16 ) ) ;
#5427 = CARTESIAN_POINT ( 'NONE',  ( -12.40871685740845187, 41.29252805376780344, 11.74130307875771706 ) ) ;
#5428 = EDGE_CURVE ( 'NONE', #2183, #4755, #3309, .T. ) ;
#5429 = EDGE_CURVE ( 'NONE', #9502, #9349, #5229, .T. ) ;
#5430 = CARTESIAN_POINT ( 'NONE',  ( -3.401923788647369218, 40.89230484541442934, 12.44436508138944220 ) ) ;
#5431 = VERTEX_POINT ( 'NONE', #1210 ) ;
#5432 = VECTOR ( 'NONE', #7829, 1000.000000000000000 ) ;
#5433 = ADVANCED_FACE ( 'NONE', ( #9845 ), #2893, .F. ) ;
#5434 = DIRECTION ( 'NONE',  ( 0.000000000000000000, 0.000000000000000000, 1.000000000000000000 ) ) ;
#5435 = FACE_OUTER_BOUND ( 'NONE', #5142, .T. ) ;
#5436 = VERTEX_POINT ( 'NONE', #4436 ) ;
#5437 = DIRECTION ( 'NONE',  ( 0.000000000000000000, 0.7660444431189818992, 0.6427876096865347000 ) ) ;
#5438 = CARTESIAN_POINT ( 'NONE',  ( -13.87262558706106930, 43.82809235116972957, -11.27781745930519541 ) ) ;
#5439 = CYLINDRICAL_SURFACE ( 'NONE', #8185, 3.249999999999999556 ) ;
#5440 = ORIENTED_EDGE ( 'NONE', *, *, #5652, .F. ) ;
#5441 = CIRCLE ( 'NONE', #6756, 1.100000000000108447 ) ;
#5442 = AXIS2_PLACEMENT_3D ( 'NONE', #3840, #2277, #7815 ) ;
#5443 = VERTEX_POINT ( 'NONE', #402 ) ;
#5444 = CIRCLE ( 'NONE', #6735, 1.599999999999998979 ) ;
#5445 = LINE ( 'NONE', #8619, #5456 ) ;
#5446 = EDGE_CURVE ( 'NONE', #4480, #7092, #2601, .T. ) ;
#5447 = DIRECTION ( 'NONE',  ( 0.000000000000000000, 0.7660444431189771253, -0.6427876096865403621 ) ) ;
#5448 = CIRCLE ( 'NONE', #2422, 1.599999999999998979 ) ;
#5450 = CARTESIAN_POINT ( 'NONE',  ( 2.000000000000000000, -12.35025253169417248, 4.949747468305830900 ) ) ;
#5449 = AXIS2_PLACEMENT_3D ( 'NONE', #861, #9823, #7795 ) ;
#5451 = LINE ( 'NONE', #8523, #6542 ) ;
#5452 = ORIENTED_EDGE ( 'NONE', *, *, #572, .T. ) ;
#5453 = ORIENTED_EDGE ( 'NONE', *, *, #3404, .T. ) ;
#5454 = VERTEX_POINT ( 'NONE', #1431 ) ;
#5455 = DIRECTION ( 'NONE',  ( 0.000000000000000000, -2.392722035830078972E-16, 1.000000000000000000 ) ) ;
#5456 = VECTOR ( 'NONE', #1653, 1000.000000000000114 ) ;
#5457 = VECTOR ( 'NONE', #9804, 1000.000000000000114 ) ;
#5458 = CARTESIAN_POINT ( 'NONE',  ( -17.98241498424991036, 49.94645639550866889, -11.13137084989847914 ) ) ;
#5459 = ADVANCED_FACE ( 'NONE', ( #9102 ), #2230, .F. ) ;
#5460 = EDGE_CURVE ( 'NONE', #8807, #1338, #5937, .T. ) ;
#5461 = CYLINDRICAL_SURFACE ( 'NONE', #1678, 10.90000000000000036 ) ;
#5462 = DIRECTION ( 'NONE',  ( -1.000000000000000000, -0.000000000000000000, -0.000000000000000000 ) ) ;
#5463 = DIRECTION ( 'NONE',  ( 1.000000000000000000, 0.000000000000000000, 0.000000000000000000 ) ) ;
#5464 = ORIENTED_EDGE ( 'NONE', *, *, #8108, .F. ) ;
#5465 = VECTOR ( 'NONE', #8391, 1000.000000000000114 ) ;
#5466 = DIRECTION ( 'NONE',  ( 0.000000000000000000, 0.000000000000000000, -1.000000000000000000 ) ) ;
#5467 = DIRECTION ( 'NONE',  ( -0.4330127018922198534, 0.7500000000000004441, 0.4999999999999987788 ) ) ;
#5468 = VERTEX_POINT ( 'NONE', #5981 ) ;
#5469 = CARTESIAN_POINT ( 'NONE',  ( -3.401923788647497560, 40.89230484541464961, -15.55563491861046188 ) ) ;
#5470 = EDGE_CURVE ( 'NONE', #1001, #8886, #630, .T. ) ;
#5471 = ORIENTED_EDGE ( 'NONE', *, *, #9271, .T. ) ;
#5472 = VECTOR ( 'NONE', #1691, 1000.000000000000000 ) ;
#5473 = CARTESIAN_POINT ( 'NONE',  ( -17.40192378864672307, 65.14101615137752788, 12.44436508138943864 ) ) ;
#5474 = ORIENTED_EDGE ( 'NONE', *, *, #2606, .T. ) ;
#5475 = ORIENTED_EDGE ( 'NONE', *, *, #5891, .T. ) ;
#5476 = FACE_OUTER_BOUND ( 'NONE', #5928, .T. ) ;
#5477 = CARTESIAN_POINT ( 'NONE',  ( -21.09006350946123476, 60.52906153324111926, -15.24130307875773127 ) ) ;
#5478 = ORIENTED_EDGE ( 'NONE', *, *, #6078, .T. ) ;
#5479 = DIRECTION ( 'NONE',  ( 1.000000000000000000, -0.000000000000000000, -0.000000000000000000 ) ) ;
#5480 = LINE ( 'NONE', #1682, #7232 ) ;
#5481 = ORIENTED_EDGE ( 'NONE', *, *, #9875, .F. ) ;
#5482 = LINE ( 'NONE', #7864, #2897 ) ;
#5483 = VECTOR ( 'NONE', #3639, 1000.000000000000000 ) ;
#5484 = LINE ( 'NONE', #7772, #5813 ) ;
#5485 = LINE ( 'NONE', #7005, #1538 ) ;
#5486 = ORIENTED_EDGE ( 'NONE', *, *, #2714, .T. ) ;
#5487 = DIRECTION ( 'NONE',  ( 0.5000000000000004441, -0.8660254037844384856, 0.000000000000000000 ) ) ;
#5488 = ORIENTED_EDGE ( 'NONE', *, *, #4955, .T. ) ;
#5489 = CARTESIAN_POINT ( 'NONE',  ( -13.56568542494927421, 52.49645639550868736, -23.63137084989847025 ) ) ;
#5490 = CARTESIAN_POINT ( 'NONE',  ( -13.00000000000004086, 51.51666049839542438, 22.50000000000000000 ) ) ;
#5491 = DIRECTION ( 'NONE',  ( 0.000000000000000000, 0.000000000000000000, 1.000000000000000000 ) ) ;
#5492 = EDGE_CURVE ( 'NONE', #5531, #2992, #1954, .T. ) ;
#5493 = ORIENTED_EDGE ( 'NONE', *, *, #3758, .T. ) ;
#5494 = ORIENTED_EDGE ( 'NONE', *, *, #3427, .F. ) ;
#5495 = ADVANCED_FACE ( 'NONE', ( #7568 ), #9010, .F. ) ;
#5496 = CARTESIAN_POINT ( 'NONE',  ( -12.56217782649109793, 36.75833024919774061, 26.49999999999999645 ) ) ;
#5497 = FACE_OUTER_BOUND ( 'NONE', #3346, .T. ) ;
#5498 = CARTESIAN_POINT ( 'NONE',  ( -13.93782217350915609, 67.14101615137785473, -14.00000000000000355 ) ) ;
#5499 = DIRECTION ( 'NONE',  ( 2.507721281754213533E-32, 2.168404344971008868E-16, -1.000000000000000000 ) ) ;
#5500 = ORIENTED_EDGE ( 'NONE', *, *, #4662, .T. ) ;
#5501 = DIRECTION ( 'NONE',  ( 0.8660254037844379305, 0.5000000000000011102, 0.000000000000000000 ) ) ;
#5502 = EDGE_CURVE ( 'NONE', #6651, #6459, #2181, .T. ) ;
#5503 = EDGE_CURVE ( 'NONE', #5768, #7981, #8355, .T. ) ;
#5504 = ORIENTED_EDGE ( 'NONE', *, *, #1557, .F. ) ;
#5505 = VERTEX_POINT ( 'NONE', #6800 ) ;
#5506 = VERTEX_POINT ( 'NONE', #1488 ) ;
#5507 = LINE ( 'NONE', #1110, #347 ) ;
#5508 = LINE ( 'NONE', #6418, #6902 ) ;
#5509 = ORIENTED_EDGE ( 'NONE', *, *, #2688, .T. ) ;
#5510 = CARTESIAN_POINT ( 'NONE',  ( 7.758974596215505670, 71.58476383827589018, 8.944365081389610950 ) ) ;
#5511 = VECTOR ( 'NONE', #7344, 1000.000000000000114 ) ;
#5512 = DIRECTION ( 'NONE',  ( -1.000000000000000000, -0.000000000000000000, -0.000000000000000000 ) ) ;
#5513 = PLANE ( 'NONE',  #2046 ) ;
#5514 = ORIENTED_EDGE ( 'NONE', *, *, #4397, .T. ) ;
#5515 = EDGE_CURVE ( 'NONE', #4539, #8349, #3686, .T. ) ;
#5516 = PLANE ( 'NONE',  #3067 ) ;
#5517 = DIRECTION ( 'NONE',  ( -0.5000000000000027756, 0.8660254037844369313, 0.000000000000000000 ) ) ;
#5518 = DIRECTION ( 'NONE',  ( -0.8660254037844379305, -0.5000000000000013323, 0.000000000000000000 ) ) ;
#5519 = AXIS2_PLACEMENT_3D ( 'NONE', #1844, #7067, #7931 ) ;
#5521 = ADVANCED_FACE ( 'NONE', ( #3459 ), #7341, .F. ) ;
#5520 = PLANE ( 'NONE',  #9600 ) ;
#5522 = DIRECTION ( 'NONE',  ( -8.177564888978033614E-17, -0.7071067811865510144, 0.7071067811865441310 ) ) ;
#5523 = EDGE_CURVE ( 'NONE', #4406, #1946, #4215, .T. ) ;
#5524 = LINE ( 'NONE', #6947, #1138 ) ;
#5525 = DIRECTION ( 'NONE',  ( -0.4330127018922211302, 0.7499999999999997780, -0.4999999999999989453 ) ) ;
#5526 = ORIENTED_EDGE ( 'NONE', *, *, #5515, .F. ) ;
#5527 = AXIS2_PLACEMENT_3D ( 'NONE', #4934, #7268, #8813 ) ;
#5528 = DIRECTION ( 'NONE',  ( 0.4330127018922202420, -0.7499999999999988898, -0.5000000000000007772 ) ) ;
#5529 = CARTESIAN_POINT ( 'NONE',  ( -1.000000000000000000, 11.94999999999999574, 8.500000000000000000 ) ) ;
#5530 = ORIENTED_EDGE ( 'NONE', *, *, #4832, .T. ) ;
#5531 = VERTEX_POINT ( 'NONE', #1278 ) ;
#5532 = CARTESIAN_POINT ( 'NONE',  ( -22.01217782649113275, 53.12621038072362012, -10.49999999999999822 ) ) ;
#5533 = VECTOR ( 'NONE', #7095, 1000.000000000000000 ) ;
#5534 = PLANE ( 'NONE',  #5413 ) ;
#5535 = PLANE ( 'NONE',  #3400 ) ;
#5536 = VERTEX_POINT ( 'NONE', #5827 ) ;
#5537 = DIRECTION ( 'NONE',  ( -1.000000000000000000, -0.000000000000000000, -0.000000000000000000 ) ) ;
#5538 = DIRECTION ( 'NONE',  ( 0.000000000000000000, 0.7559289460184581699, 0.6546536707079728679 ) ) ;
#5539 = ORIENTED_EDGE ( 'NONE', *, *, #3967, .F. ) ;
#5540 = ORIENTED_EDGE ( 'NONE', *, *, #2082, .F. ) ;
#5541 = DIRECTION ( 'NONE',  ( -0.4330127018922202975, 0.7500000000000004441, 0.4999999999999983902 ) ) ;
#5542 = VECTOR ( 'NONE', #7254, 1000.000000000000000 ) ;
#5543 = CARTESIAN_POINT ( 'NONE',  ( -26.09807621135338351, 68.20319397786859383, 12.50000000000000000 ) ) ;
#5544 = DIRECTION ( 'NONE',  ( 0.000000000000000000, 0.000000000000000000, 1.000000000000000000 ) ) ;
#5545 = ADVANCED_FACE ( 'NONE', ( #9647 ), #3287, .F. ) ;
#5546 = DIRECTION ( 'NONE',  ( -1.000000000000000000, -0.000000000000000000, -0.000000000000000000 ) ) ;
#5547 = LINE ( 'NONE', #9325, #8795 ) ;
#5548 = ORIENTED_EDGE ( 'NONE', *, *, #5216, .T. ) ;
#5549 = ORIENTED_EDGE ( 'NONE', *, *, #8162, .F. ) ;
#5550 = ADVANCED_FACE ( 'NONE', ( #8710 ), #4325, .F. ) ;
#5551 = AXIS2_PLACEMENT_3D ( 'NONE', #5904, #1213, #4166 ) ;
#5552 = LINE ( 'NONE', #5322, #4322 ) ;
#5553 = AXIS2_PLACEMENT_3D ( 'NONE', #1839, #4146, #6457 ) ;
#5554 = ORIENTED_EDGE ( 'NONE', *, *, #8860, .F. ) ;
#5555 = ORIENTED_EDGE ( 'NONE', *, *, #5034, .T. ) ;
#5556 = DIRECTION ( 'NONE',  ( -0.4330127018922198534, 0.7499999999999991118, 0.5000000000000008882 ) ) ;
#5557 = ORIENTED_EDGE ( 'NONE', *, *, #6953, .T. ) ;
#5558 = DIRECTION ( 'NONE',  ( -1.000000000000000000, -0.000000000000000000, -0.000000000000000000 ) ) ;
#5559 = LINE ( 'NONE', #7797, #880 ) ;
#5560 = VECTOR ( 'NONE', #252, 1000.000000000000000 ) ;
#5561 = EDGE_CURVE ( 'NONE', #8883, #2511, #1227, .T. ) ;
#5562 = EDGE_CURVE ( 'NONE', #260, #8642, #2068, .T. ) ;
#5563 = CARTESIAN_POINT ( 'NONE',  ( -15.96672955930068483, 46.45518682742054750, -8.325684219350083737 ) ) ;
#5564 = ORIENTED_EDGE ( 'NONE', *, *, #8881, .F. ) ;
#5565 = EDGE_CURVE ( 'NONE', #7235, #3892, #4047, .T. ) ;
#5566 = EDGE_LOOP ( 'NONE', ( #3332, #2154, #8793, #3814 ) ) ;
#5567 = CARTESIAN_POINT ( 'NONE',  ( 0.3499999999999944267, -12.35025253169417248, 4.949747468305830900 ) ) ;
#5568 = DIRECTION ( 'NONE',  ( -0.4330127018922205195, 0.7499999999999993339, 0.4999999999999998890 ) ) ;
#5569 = DIRECTION ( 'NONE',  ( 0.000000000000000000, 0.000000000000000000, 1.000000000000000000 ) ) ;
#5570 = ORIENTED_EDGE ( 'NONE', *, *, #9628, .F. ) ;
#5571 = EDGE_CURVE ( 'NONE', #1600, #6774, #3338, .T. ) ;
#5572 = LINE ( 'NONE', #9343, #7492 ) ;
#5573 = AXIS2_PLACEMENT_3D ( 'NONE', #8115, #2083, #5225 ) ;
#5574 = EDGE_LOOP ( 'NONE', ( #9857, #537, #4442, #6337, #8964, #9255 ) ) ;
#5575 = EDGE_LOOP ( 'NONE', ( #1806, #6416, #5715, #3412 ) ) ;
#5576 = CARTESIAN_POINT ( 'NONE',  ( -3.000000000000000000, 11.94999999999999574, 9.500000000000000000 ) ) ;
#5577 = CARTESIAN_POINT ( 'NONE',  ( -7.000000000000000888, 1.999999999999999112, -19.00000000000001776 ) ) ;
#5578 = CARTESIAN_POINT ( 'NONE',  ( -19.40871685740847852, 53.41688370674994957, 11.74130307875769219 ) ) ;
#5579 = ORIENTED_EDGE ( 'NONE', *, *, #9616, .T. ) ;
#5580 = FACE_OUTER_BOUND ( 'NONE', #3964, .T. ) ;
#5581 = ORIENTED_EDGE ( 'NONE', *, *, #2984, .T. ) ;
#5582 = ORIENTED_EDGE ( 'NONE', *, *, #7182, .F. ) ;
#5583 = CARTESIAN_POINT ( 'NONE',  ( 0.4175508408143862038, -9.707775236176296119, 7.824433374255327145 ) ) ;
#5584 = EDGE_CURVE ( 'NONE', #4417, #6294, #7870, .T. ) ;
#5585 = EDGE_CURVE ( 'NONE', #5436, #5649, #4377, .T. ) ;
#5586 = DIRECTION ( 'NONE',  ( -1.000000000000000000, 1.156482317317871478E-16, 2.767140724694304984E-32 ) ) ;
#5587 = EDGE_LOOP ( 'NONE', ( #8131, #9071, #8895, #1172 ) ) ;
#5588 = CARTESIAN_POINT ( 'NONE',  ( 6.999999999999970690, -6.000000000000001776, -22.00000000000000355 ) ) ;
#5589 = AXIS2_PLACEMENT_3D ( 'NONE', #4690, #3890, #158 ) ;
#5590 = DIRECTION ( 'NONE',  ( -0.8660254037844379305, -0.5000000000000011102, -0.000000000000000000 ) ) ;
#5591 = CARTESIAN_POINT ( 'NONE',  ( -1.800000000000000044, -9.000000000000005329, 12.34999999999999964 ) ) ;
#5592 = FACE_OUTER_BOUND ( 'NONE', #5574, .T. ) ;
#5593 = LINE ( 'NONE', #2602, #2241 ) ;
#5594 = VERTEX_POINT ( 'NONE', #9404 ) ;
#5595 = FACE_OUTER_BOUND ( 'NONE', #4318, .T. ) ;
#5596 = LINE ( 'NONE', #7834, #4676 ) ;
#5597 = AXIS2_PLACEMENT_3D ( 'NONE', #3506, #8884, #7286 ) ;
#5598 = EDGE_CURVE ( 'NONE', #2589, #3668, #6586, .T. ) ;
#5599 = DIRECTION ( 'NONE',  ( -0.000000000000000000, -0.000000000000000000, 1.000000000000000000 ) ) ;
#5600 = CARTESIAN_POINT ( 'NONE',  ( -3.000000000000000000, -12.35025253169417248, 4.949747468305830900 ) ) ;
#5601 = DIRECTION ( 'NONE',  ( 0.000000000000000000, 0.7660444431189771253, 0.6427876096865403621 ) ) ;
#5602 = ORIENTED_EDGE ( 'NONE', *, *, #2921, .T. ) ;
#5603 = ORIENTED_EDGE ( 'NONE', *, *, #8685, .F. ) ;
#5604 = CIRCLE ( 'NONE', #1300, 1.099999999999987876 ) ;
#5605 = LINE ( 'NONE', #959, #6566 ) ;
#5606 = VERTEX_POINT ( 'NONE', #9455 ) ;
#5607 = CARTESIAN_POINT ( 'NONE',  ( -22.56217782649112991, 54.07883832488649034, -10.49999999999999822 ) ) ;
#5608 = ORIENTED_EDGE ( 'NONE', *, *, #867, .F. ) ;
#5609 = EDGE_CURVE ( 'NONE', #1095, #6758, #5115, .T. ) ;
#5610 = DIRECTION ( 'NONE',  ( 0.000000000000000000, -1.000000000000000000, -2.168404344971009115E-16 ) ) ;
#5611 = DIRECTION ( 'NONE',  ( 0.3779644730092301952, -0.6546536707079799733, 0.6546536707079725348 ) ) ;
#5612 = PLANE ( 'NONE',  #7937 ) ;
#5613 = AXIS2_PLACEMENT_3D ( 'NONE', #1061, #9277, #4117 ) ;
#5614 = AXIS2_PLACEMENT_3D ( 'NONE', #7861, #9152, #56 ) ;
#5615 = VECTOR ( 'NONE', #6751, 1000.000000000000000 ) ;
#5616 = LINE ( 'NONE', #4074, #1888 ) ;
#5617 = ORIENTED_EDGE ( 'NONE', *, *, #8321, .T. ) ;
#5618 = LINE ( 'NONE', #2815, #6852 ) ;
#5619 = EDGE_LOOP ( 'NONE', ( #1694, #7962, #7839, #1297 ) ) ;
#5620 = VECTOR ( 'NONE', #3606, 1000.000000000000000 ) ;
#5621 = VECTOR ( 'NONE', #819, 999.9999999999998863 ) ;
#5622 = CARTESIAN_POINT ( 'NONE',  ( -9.983716857409232759, 37.09230484541463824, -15.55563491861046188 ) ) ;
#5623 = ADVANCED_FACE ( 'NONE', ( #6634 ), #2595, .T. ) ;
#5624 =( GEOMETRIC_REPRESENTATION_CONTEXT ( 3 ) GLOBAL_UNCERTAINTY_ASSIGNED_CONTEXT ( ( #364 ) ) GLOBAL_UNIT_ASSIGNED_CONTEXT ( ( #3232, #108, #7666 ) ) REPRESENTATION_CONTEXT ( 'NONE', 'WORKASPACE' ) );
#5625 = ORIENTED_EDGE ( 'NONE', *, *, #2417, .T. ) ;
#5626 = DIRECTION ( 'NONE',  ( -0.000000000000000000, 0.7071067811865435759, 0.7071067811865514585 ) ) ;
#5627 = ORIENTED_EDGE ( 'NONE', *, *, #7083, .F. ) ;
#5628 = EDGE_CURVE ( 'NONE', #4259, #1967, #4190, .T. ) ;
#5629 = ORIENTED_EDGE ( 'NONE', *, *, #2526, .F. ) ;
#5630 = DIRECTION ( 'NONE',  ( -0.4330127018922204640, 0.7499999999999986677, 0.5000000000000009992 ) ) ;
#5631 = CIRCLE ( 'NONE', #2753, 1.099999999999986988 ) ;
#5632 = ORIENTED_EDGE ( 'NONE', *, *, #4178, .T. ) ;
#5633 = ORIENTED_EDGE ( 'NONE', *, *, #5460, .T. ) ;
#5634 = CARTESIAN_POINT ( 'NONE',  ( -16.50000000000005684, 57.57883832488649745, 10.50000000000000178 ) ) ;
#5635 = CARTESIAN_POINT ( 'NONE',  ( -16.85104413435144366, 47.98686460128213582, 21.36862915010152264 ) ) ;
#5636 = FACE_OUTER_BOUND ( 'NONE', #9526, .T. ) ;
#5637 = EDGE_CURVE ( 'NONE', #776, #8883, #2542, .T. ) ;
#5638 = EDGE_CURVE ( 'NONE', #3812, #1873, #519, .T. ) ;
#5639 = VERTEX_POINT ( 'NONE', #4892 ) ;
#5640 = CARTESIAN_POINT ( 'NONE',  ( 7.999999999999998224, 0.9999999999999835687, -22.00000000000000355 ) ) ;
#5641 = AXIS2_PLACEMENT_3D ( 'NONE', #7579, #6859, #3853 ) ;
#5642 = CARTESIAN_POINT ( 'NONE',  ( -3.000000000000000000, -11.99999999999999645, 12.49999999999999645 ) ) ;
#5643 = CARTESIAN_POINT ( 'NONE',  ( -19.30705080756894532, 58.44079294302303396, 9.258696921242297151 ) ) ;
#5644 = ORIENTED_EDGE ( 'NONE', *, *, #3008, .T. ) ;
#5645 = DIRECTION ( 'NONE',  ( 1.000000000000000000, -0.000000000000000000, -0.000000000000000000 ) ) ;
#5646 = CIRCLE ( 'NONE', #197, 1.099999999999987876 ) ;
#5647 = CARTESIAN_POINT ( 'NONE',  ( -20.48371685740848491, 55.27883832488648608, 8.944365081389610950 ) ) ;
#5648 = CARTESIAN_POINT ( 'NONE',  ( -8.908716857408371936, 35.23035022727662380, -12.75869692124230781 ) ) ;
#5649 = VERTEX_POINT ( 'NONE', #472 ) ;
#5650 = CARTESIAN_POINT ( 'NONE',  ( 10.00000000000000178, -9.000000000000003553, -11.94705627484770716 ) ) ;
#5651 = DIRECTION ( 'NONE',  ( 0.4330127018922198534, -0.7499999999999982236, 0.5000000000000021094 ) ) ;
#5652 = EDGE_CURVE ( 'NONE', #6156, #3429, #8610, .T. ) ;
#5653 = ORIENTED_EDGE ( 'NONE', *, *, #200, .F. ) ;
#5654 = DIRECTION ( 'NONE',  ( 0.000000000000000000, -0.7071067811865469066, -0.7071067811865481278 ) ) ;
#5655 = DIRECTION ( 'NONE',  ( 0.000000000000000000, -0.6427876096865471345, -0.7660444431189715742 ) ) ;
#5656 = CIRCLE ( 'NONE', #9181, 1.099999999999987876 ) ;
#5657 = LINE ( 'NONE', #6561, #120 ) ;
#5658 = ORIENTED_EDGE ( 'NONE', *, *, #8399, .T. ) ;
#5659 = ORIENTED_EDGE ( 'NONE', *, *, #8237, .T. ) ;
#5660 = VERTEX_POINT ( 'NONE', #5532 ) ;
#5661 = EDGE_LOOP ( 'NONE', ( #4002, #1997, #4779, #6107 ) ) ;
#5662 = FACE_OUTER_BOUND ( 'NONE', #4088, .T. ) ;
#5663 = EDGE_CURVE ( 'NONE', #2661, #648, #5872, .T. ) ;
#5664 = ORIENTED_EDGE ( 'NONE', *, *, #9489, .T. ) ;
#5665 = VERTEX_POINT ( 'NONE', #174 ) ;
#5666 = DIRECTION ( 'NONE',  ( -0.2500000000000008327, 0.4330127018922192428, -0.8660254037844384856 ) ) ;
#5667 = AXIS2_PLACEMENT_3D ( 'NONE', #1458, #4570, #865 ) ;
#5668 = LINE ( 'NONE', #9482, #2902 ) ;
#5669 = FACE_OUTER_BOUND ( 'NONE', #6154, .T. ) ;
#5670 = CARTESIAN_POINT ( 'NONE',  ( -0.4878221735089246502, 43.84493278957610585, -14.00000000000000000 ) ) ;
#5671 = ORIENTED_EDGE ( 'NONE', *, *, #8950, .T. ) ;
#5672 = EDGE_LOOP ( 'NONE', ( #6747, #1896, #6210, #6396 ) ) ;
#5673 = DIRECTION ( 'NONE',  ( 0.5000000000000019984, -0.8660254037844373753, 0.000000000000000000 ) ) ;
#5674 = FACE_OUTER_BOUND ( 'NONE', #5566, .T. ) ;
#5675 = ORIENTED_EDGE ( 'NONE', *, *, #7231, .T. ) ;
#5676 = CARTESIAN_POINT ( 'NONE',  ( -1.800000000000000044, -9.000000000000005329, 8.150000000000000355 ) ) ;
#5677 = EDGE_CURVE ( 'NONE', #1321, #7235, #3241, .T. ) ;
#5678 = ORIENTED_EDGE ( 'NONE', *, *, #8949, .F. ) ;
#5679 = ORIENTED_EDGE ( 'NONE', *, *, #3730, .F. ) ;
#5680 = DIRECTION ( 'NONE',  ( -0.8660254037844379305, -0.5000000000000012212, 0.000000000000000000 ) ) ;
#5681 = CARTESIAN_POINT ( 'NONE',  ( -3.452323035880242585, 29.97959890228500157, 16.95919780457003512 ) ) ;
#5682 = ADVANCED_FACE ( 'NONE', ( #5580 ), #6148, .F. ) ;
#5683 = PLANE ( 'NONE',  #5125 ) ;
#5684 = DIRECTION ( 'NONE',  ( 0.4330127018922205195, -0.7499999999999993339, 0.4999999999999998890 ) ) ;
#5685 = ORIENTED_EDGE ( 'NONE', *, *, #6046, .F. ) ;
#5686 = FACE_OUTER_BOUND ( 'NONE', #491, .T. ) ;
#5687 = FACE_OUTER_BOUND ( 'NONE', #5575, .T. ) ;
#5688 = PLANE ( 'NONE',  #7802 ) ;
#5689 = ORIENTED_EDGE ( 'NONE', *, *, #1913, .F. ) ;
#5690 = EDGE_CURVE ( 'NONE', #4180, #7602, #274, .T. ) ;
#5691 = ADVANCED_FACE ( 'NONE', ( #5686 ), #8851, .F. ) ;
#5692 = DIRECTION ( 'NONE',  ( 0.000000000000000000, 0.000000000000000000, -1.000000000000000000 ) ) ;
#5693 = DIRECTION ( 'NONE',  ( -0.8660254037844380415, -0.5000000000000011102, -0.000000000000000000 ) ) ;
#5694 = PLANE ( 'NONE',  #3962 ) ;
#5695 = DIRECTION ( 'NONE',  ( 0.000000000000000000, 0.000000000000000000, 1.000000000000000000 ) ) ;
#5696 = PRESENTATION_LAYER_ASSIGNMENT (  '', '', ( #6822 ) ) ;
#5697 = ORIENTED_EDGE ( 'NONE', *, *, #2890, .F. ) ;
#5698 = DIRECTION ( 'NONE',  ( 0.3535533905932711773, -0.6123724356957880310, -0.7071067811865545671 ) ) ;
#5699 = DIRECTION ( 'NONE',  ( -0.8660254037844379305, -0.5000000000000012212, 0.000000000000000000 ) ) ;
#5700 = PLANE ( 'NONE',  #6975 ) ;
#5701 = EDGE_CURVE ( 'NONE', #7920, #7668, #8752, .T. ) ;
#5702 = FACE_OUTER_BOUND ( 'NONE', #1047, .T. ) ;
#5703 = ORIENTED_EDGE ( 'NONE', *, *, #2880, .T. ) ;
#5704 = ORIENTED_EDGE ( 'NONE', *, *, #6197, .T. ) ;
#5705 = ORIENTED_EDGE ( 'NONE', *, *, #3731, .T. ) ;
#5706 = DIRECTION ( 'NONE',  ( 0.8660254037844380415, 0.5000000000000012212, -0.000000000000000000 ) ) ;
#5707 = ORIENTED_EDGE ( 'NONE', *, *, #8264, .F. ) ;
#5708 = LINE ( 'NONE', #9479, #9 ) ;
#5709 = DIRECTION ( 'NONE',  ( -0.4330127018922206861, 0.7499999999999997780, -0.4999999999999991673 ) ) ;
#5710 = LINE ( 'NONE', #456, #6838 ) ;
#5711 = LINE ( 'NONE', #8785, #7620 ) ;
#5712 = CARTESIAN_POINT ( 'NONE',  ( -13.48371685740846004, 43.15448267190435416, 10.50000000000000000 ) ) ;
#5713 = EDGE_CURVE ( 'NONE', #641, #1028, #1829, .T. ) ;
#5714 = FACE_BOUND ( 'NONE', #5793, .T. ) ;
#5715 = ORIENTED_EDGE ( 'NONE', *, *, #156, .T. ) ;
#5716 = CARTESIAN_POINT ( 'NONE',  ( 0.1883351325549355026, -10.67510269293035563, -8.661108664700917004 ) ) ;
#5717 = CARTESIAN_POINT ( 'NONE',  ( 2.000000000000000000, -15.87938140364299144, -1.693027315914607200 ) ) ;
#5718 = EDGE_LOOP ( 'NONE', ( #2741, #3464, #6759, #7629, #4635, #9128 ) ) ;
#5719 = DIRECTION ( 'NONE',  ( -0.7071067811865474617, 0.000000000000000000, -0.7071067811865476838 ) ) ;
#5720 = AXIS2_PLACEMENT_3D ( 'NONE', #3755, #4562, #7635 ) ;
#5721 = VERTEX_POINT ( 'NONE', #797 ) ;
#5722 = CARTESIAN_POINT ( 'NONE',  ( 0.000000000000000000, -25.00000000000000000, -11.00000000000000711 ) ) ;
#5723 = EDGE_LOOP ( 'NONE', ( #9487, #7947, #7026, #9899 ) ) ;
#5724 = VERTEX_POINT ( 'NONE', #6493 ) ;
#5725 = VECTOR ( 'NONE', #2621, 1000.000000000000114 ) ;
#5726 = FACE_OUTER_BOUND ( 'NONE', #6354, .T. ) ;
#5727 = CARTESIAN_POINT ( 'NONE',  ( -9.500000000000040856, 45.45448267190436553, -10.50000000000000000 ) ) ;
#5728 = FACE_OUTER_BOUND ( 'NONE', #3276, .T. ) ;
#5729 = CARTESIAN_POINT ( 'NONE',  ( -13.71506350946114416, 47.75518682742054466, -20.82568421935008729 ) ) ;
#5730 = LINE ( 'NONE', #7736, #157 ) ;
#5731 = EDGE_CURVE ( 'NONE', #1504, #7641, #7959, .T. ) ;
#5732 = DIRECTION ( 'NONE',  ( -0.3535533905932665699, 0.6123724356957830350, 0.7071067811865611175 ) ) ;
#5733 = DIRECTION ( 'NONE',  ( 0.000000000000000000, 1.000000000000000000, -2.451389313854040505E-16 ) ) ;
#5734 = AXIS2_PLACEMENT_3D ( 'NONE', #3205, #5499, #5004 ) ;
#5735 = CARTESIAN_POINT ( 'NONE',  ( -12.20000000000004192, 50.13101985234033009, 10.00000000000000000 ) ) ;
#5736 = EDGE_CURVE ( 'NONE', #7427, #2755, #6595, .T. ) ;
#5737 = ORIENTED_EDGE ( 'NONE', *, *, #1231, .T. ) ;
#5738 = CARTESIAN_POINT ( 'NONE',  ( 6.530942860263101224, -20.16068773682460247, -7.439391908442522627 ) ) ;
#5739 = DIRECTION ( 'NONE',  ( 1.000000000000000000, -0.000000000000000000, -0.000000000000000000 ) ) ;
#5740 = DIRECTION ( 'NONE',  ( 0.000000000000000000, -0.6427876096865471345, -0.7660444431189715742 ) ) ;
#5741 = CARTESIAN_POINT ( 'NONE',  ( -10.77627944162882478, 25.66506350946109549, -18.50000000000001421 ) ) ;
#5742 = ORIENTED_EDGE ( 'NONE', *, *, #367, .F. ) ;
#5743 = CIRCLE ( 'NONE', #7692, 10.90000000000000036 ) ;
#5744 = DIRECTION ( 'NONE',  ( -0.000000000000000000, -1.000000000000000000, -0.000000000000000000 ) ) ;
#5745 = ORIENTED_EDGE ( 'NONE', *, *, #6779, .T. ) ;
#5746 = FACE_OUTER_BOUND ( 'NONE', #6804, .T. ) ;
#5747 = EDGE_CURVE ( 'NONE', #3030, #8980, #3554, .T. ) ;
#5748 = DIRECTION ( 'NONE',  ( 0.000000000000000000, 0.7071067811865475727, -0.7071067811865475727 ) ) ;
#5749 = CARTESIAN_POINT ( 'NONE',  ( -18.86672955930068341, 51.47813416937027853, -8.325684219350073079 ) ) ;
#5750 = ADVANCED_FACE ( 'NONE', ( #3859 ), #7210, .F. ) ;
#5751 = CIRCLE ( 'NONE', #7383, 1.599999999999998979 ) ;
#5752 = PLANE ( 'NONE',  #4140 ) ;
#5753 = EDGE_LOOP ( 'NONE', ( #5222, #5402, #1964, #8079 ) ) ;
#5754 = CARTESIAN_POINT ( 'NONE',  ( -1.799999999999999600, -9.848528137423857132, -11.09852813742385358 ) ) ;
#5755 = ORIENTED_EDGE ( 'NONE', *, *, #1400, .T. ) ;
#5756 = CARTESIAN_POINT ( 'NONE',  ( -25.05871685740855526, 63.20297076951421644, -15.24130307875773127 ) ) ;
#5757 = VERTEX_POINT ( 'NONE', #5640 ) ;
#5758 = ORIENTED_EDGE ( 'NONE', *, *, #3774, .F. ) ;
#5759 = ORIENTED_EDGE ( 'NONE', *, *, #9643, .T. ) ;
#5760 = DIRECTION ( 'NONE',  ( 0.000000000000000000, 0.7071067811865469066, 0.7071067811865482389 ) ) ;
#5761 = AXIS2_PLACEMENT_3D ( 'NONE', #548, #2854, #4450 ) ;
#5762 = ADVANCED_FACE ( 'NONE', ( #1034 ), #26, .T. ) ;
#5763 = DIRECTION ( 'NONE',  ( 0.3535533905932700116, -0.6123724356957862547, -0.7071067811865566766 ) ) ;
#5764 = LINE ( 'NONE', #598, #5511 ) ;
#5765 = LINE ( 'NONE', #7294, #8443 ) ;
#5766 = AXIS2_PLACEMENT_3D ( 'NONE', #4053, #2341, #4748 ) ;
#5767 = CARTESIAN_POINT ( 'NONE',  ( -14.58164895966814889, 18.27187997114844720, 24.49999999999996447 ) ) ;
#5768 = VERTEX_POINT ( 'NONE', #3104 ) ;
#5769 = LINE ( 'NONE', #2006, #3489 ) ;
#5770 = VERTEX_POINT ( 'NONE', #2346 ) ;
#5771 = DIRECTION ( 'NONE',  ( 0.000000000000000000, 2.392722035830078972E-16, -1.000000000000000000 ) ) ;
#5772 = EDGE_CURVE ( 'NONE', #8624, #5209, #5441, .T. ) ;
#5773 = CIRCLE ( 'NONE', #2415, 1.599999999999990763 ) ;
#5774 = VERTEX_POINT ( 'NONE', #8463 ) ;
#5775 = VECTOR ( 'NONE', #8435, 1000.000000000000000 ) ;
#5776 = CARTESIAN_POINT ( 'NONE',  ( -7.544838751434995494, 35.00000000000002132, -11.34467400873332465 ) ) ;
#5777 = LINE ( 'NONE', #415, #7643 ) ;
#5778 = VERTEX_POINT ( 'NONE', #2681 ) ;
#5779 = CIRCLE ( 'NONE', #8043, 1.099999999999987876 ) ;
#5780 = ORIENTED_EDGE ( 'NONE', *, *, #6055, .T. ) ;
#5781 = CARTESIAN_POINT ( 'NONE',  ( -13.87262558706106219, 43.82809235116971536, -11.27781745930520607 ) ) ;
#5782 = CARTESIAN_POINT ( 'NONE',  ( -4.500000000000000888, 0.000000000000000000, 0.000000000000000000 ) ) ;
#5783 = EDGE_CURVE ( 'NONE', #2556, #6562, #5730, .T. ) ;
#5784 = EDGE_CURVE ( 'NONE', #719, #6880, #8810, .T. ) ;
#5785 = DIRECTION ( 'NONE',  ( -0.7071067811865467956, 0.000000000000000000, 0.7071067811865483499 ) ) ;
#5786 = DIRECTION ( 'NONE',  ( -0.2500000000000017208, 0.4330127018922206861, 0.8660254037844374864 ) ) ;
#5787 = AXIS2_PLACEMENT_3D ( 'NONE', #9677, #9529, #5854 ) ;
#5788 = CARTESIAN_POINT ( 'NONE',  ( 2.000000000000005329, -17.30000000000000426, -1.016456843292302834E-15 ) ) ;
#5789 = AXIS2_PLACEMENT_3D ( 'NONE', #6918, #8012, #218 ) ;
#5790 = FACE_BOUND ( 'NONE', #827, .T. ) ;
#5791 = EDGE_LOOP ( 'NONE', ( #3908, #3015, #8343, #7791, #3879, #8119 ) ) ;
#5792 = DIRECTION ( 'NONE',  ( 0.000000000000000000, 1.000000000000000000, 2.392722035830078972E-16 ) ) ;
#5793 = EDGE_LOOP ( 'NONE', ( #3784, #9287, #7289, #2977, #2008 ) ) ;
#5794 = CARTESIAN_POINT ( 'NONE',  ( -8.908716857408375489, 35.23035022727663090, -15.24130307875773127 ) ) ;
#5795 = CARTESIAN_POINT ( 'NONE',  ( -3.000000000000000000, 0.000000000000000000, -9.499999999999998224 ) ) ;
#5796 = PLANE ( 'NONE',  #5224 ) ;
#5797 = VECTOR ( 'NONE', #6539, 1000.000000000000000 ) ;
#5798 = PLANE ( 'NONE',  #7054 ) ;
#5799 = ORIENTED_EDGE ( 'NONE', *, *, #4877, .T. ) ;
#5800 = AXIS2_PLACEMENT_3D ( 'NONE', #7101, #9548, #3331 ) ;
#5801 = VERTEX_POINT ( 'NONE', #4610 ) ;
#5802 = CARTESIAN_POINT ( 'NONE',  ( 1.734723475976807094E-15, 24.00000000000001776, -14.99999999999999645 ) ) ;
#5803 = DIRECTION ( 'NONE',  ( 0.000000000000000000, 0.000000000000000000, -1.000000000000000000 ) ) ;
#5804 = LINE ( 'NONE', #8880, #7949 ) ;
#5805 = VECTOR ( 'NONE', #581, 1000.000000000000000 ) ;
#5806 = EDGE_CURVE ( 'NONE', #2627, #2371, #6961, .T. ) ;
#5807 = CARTESIAN_POINT ( 'NONE',  ( 10.69328917126627765, 66.50238190889810141, 21.36862915010152619 ) ) ;
#5808 = DIRECTION ( 'NONE',  ( 0.000000000000000000, -0.7071067811865479058, 0.7071067811865472397 ) ) ;
#5809 = ORIENTED_EDGE ( 'NONE', *, *, #2355, .F. ) ;
#5810 = EDGE_CURVE ( 'NONE', #9353, #5240, #2534, .T. ) ;
#5811 = ORIENTED_EDGE ( 'NONE', *, *, #1094, .T. ) ;
#5812 = CARTESIAN_POINT ( 'NONE',  ( -14.03371685740845720, 44.10711061606722438, 10.50000000000000000 ) ) ;
#5813 = VECTOR ( 'NONE', #7818, 1000.000000000000000 ) ;
#5814 = CYLINDRICAL_SURFACE ( 'NONE', #2804, 10.90000000000000036 ) ;
#5815 = EDGE_CURVE ( 'NONE', #8076, #3841, #5773, .T. ) ;
#5816 = EDGE_CURVE ( 'NONE', #1360, #1946, #4286, .T. ) ;
#5817 = LINE ( 'NONE', #8736, #8621 ) ;
#5818 = ORIENTED_EDGE ( 'NONE', *, *, #9874, .F. ) ;
#5819 = CARTESIAN_POINT ( 'NONE',  ( 0.2095534827475897532, -10.19859910032465500, -8.270559187542264823 ) ) ;
#5820 = ORIENTED_EDGE ( 'NONE', *, *, #1858, .T. ) ;
#5821 = VERTEX_POINT ( 'NONE', #4382 ) ;
#5822 = DIRECTION ( 'NONE',  ( -1.000000000000000000, -0.000000000000000000, -0.000000000000000000 ) ) ;
#5823 = CARTESIAN_POINT ( 'NONE',  ( -16.85104413435145077, 47.98686460128213582, -23.63137084989847736 ) ) ;
#5824 = DIRECTION ( 'NONE',  ( 0.4330127018922202975, -0.7500000000000004441, 0.4999999999999983902 ) ) ;
#5825 = ORIENTED_EDGE ( 'NONE', *, *, #4826, .F. ) ;
#5826 = ADVANCED_FACE ( 'NONE', ( #1285 ), #9788, .F. ) ;
#5827 = CARTESIAN_POINT ( 'NONE',  ( -22.17326909683852776, 53.40522864562112204, -11.27781745930519008 ) ) ;
#5828 = LINE ( 'NONE', #2875, #933 ) ;
#5829 = CARTESIAN_POINT ( 'NONE',  ( -10.00000000000000000, 26.50000000000006750, -7.500000000000000000 ) ) ;
#5830 = LINE ( 'NONE', #7259, #851 ) ;
#5831 = DIRECTION ( 'NONE',  ( -1.000000000000000000, -0.000000000000000000, -0.000000000000000000 ) ) ;
#5832 = DIRECTION ( 'NONE',  ( -1.000000000000000000, 0.000000000000000000, 0.000000000000000000 ) ) ;
#5833 = PLANE ( 'NONE',  #6621 ) ;
#5834 = FACE_OUTER_BOUND ( 'NONE', #7089, .T. ) ;
#5835 = EDGE_LOOP ( 'NONE', ( #1030, #5581, #7211, #5183 ) ) ;
#5836 = EDGE_CURVE ( 'NONE', #3723, #2507, #7466, .T. ) ;
#5837 = CARTESIAN_POINT ( 'NONE',  ( -15.17326909683851177, 41.28087299263899723, -11.27781745930519364 ) ) ;
#5838 = CARTESIAN_POINT ( 'NONE',  ( 2.000000000000000000, -11.78914856312001902, -6.567576998154766699 ) ) ;
#5839 = FACE_BOUND ( 'NONE', #64, .T. ) ;
#5840 = PLANE ( 'NONE',  #1768 ) ;
#5841 = ORIENTED_EDGE ( 'NONE', *, *, #8735, .T. ) ;
#5842 = ORIENTED_EDGE ( 'NONE', *, *, #461, .T. ) ;
#5843 = CARTESIAN_POINT ( 'NONE',  ( -13.71506350946114416, 47.75518682742054466, 11.67431578064991804 ) ) ;
#5844 = AXIS2_PLACEMENT_3D ( 'NONE', #4709, #9413, #4854 ) ;
#5845 = DIRECTION ( 'NONE',  ( -0.5000000000000013323, 0.8660254037844379305, 0.000000000000000000 ) ) ;
#5846 = ORIENTED_EDGE ( 'NONE', *, *, #8822, .T. ) ;
#5847 = DIRECTION ( 'NONE',  ( -0.8660254037844373753, -0.5000000000000024425, -0.000000000000000000 ) ) ;
#5848 = LINE ( 'NONE', #6892, #280 ) ;
#5849 = CIRCLE ( 'NONE', #6982, 1.000000000000000000 ) ;
#5850 = DIRECTION ( 'NONE',  ( 0.000000000000000000, 0.7559289460184611675, -0.6546536707079695372 ) ) ;
#5851 = ORIENTED_EDGE ( 'NONE', *, *, #2070, .F. ) ;
#5852 = ORIENTED_EDGE ( 'NONE', *, *, #5930, .F. ) ;
#5853 = DIRECTION ( 'NONE',  ( 1.000000000000000000, 0.000000000000000000, 0.000000000000000000 ) ) ;
#5854 = DIRECTION ( 'NONE',  ( 0.5000000000000015543, -0.8660254037844378194, 0.000000000000000000 ) ) ;
#5855 = ORIENTED_EDGE ( 'NONE', *, *, #3042, .T. ) ;
#5856 = EDGE_CURVE ( 'NONE', #5594, #5721, #7413, .T. ) ;
#5857 = CIRCLE ( 'NONE', #9384, 1.099999999999988765 ) ;
#5858 = DIRECTION ( 'NONE',  ( 0.2500000000000002220, -0.4330127018922181326, -0.8660254037844392627 ) ) ;
#5859 = EDGE_CURVE ( 'NONE', #5606, #84, #6687, .T. ) ;
#5860 = DIRECTION ( 'NONE',  ( 0.000000000000000000, -0.7071067811865483499, 0.7071067811865467956 ) ) ;
#5861 = ORIENTED_EDGE ( 'NONE', *, *, #3720, .F. ) ;
#5862 = FACE_OUTER_BOUND ( 'NONE', #1696, .T. ) ;
#5863 = VECTOR ( 'NONE', #1442, 1000.000000000000000 ) ;
#5864 = EDGE_LOOP ( 'NONE', ( #244, #6375, #134, #8985, #785 ) ) ;
#5865 = FACE_OUTER_BOUND ( 'NONE', #5672, .T. ) ;
#5866 = CARTESIAN_POINT ( 'NONE',  ( -7.000000000000000000, -29.00000000000000000, -11.00000000000000711 ) ) ;
#5867 = EDGE_CURVE ( 'NONE', #8883, #3422, #9740, .T. ) ;
#5868 = ADVANCED_FACE ( 'NONE', ( #1186 ), #480, .F. ) ;
#5869 = VECTOR ( 'NONE', #2740, 1000.000000000000000 ) ;
#5870 = PLANE ( 'NONE',  #2673 ) ;
#5871 = EDGE_CURVE ( 'NONE', #8726, #432, #619, .T. ) ;
#5872 = LINE ( 'NONE', #3525, #3707 ) ;
#5873 = DIRECTION ( 'NONE',  ( 0.000000000000000000, -1.000000000000000000, 5.782411586589357639E-16 ) ) ;
#5874 = CARTESIAN_POINT ( 'NONE',  ( -25.05871685740856236, 63.20297076951423065, -12.75869692124230781 ) ) ;
#5875 = VECTOR ( 'NONE', #6129, 1000.000000000000114 ) ;
#5876 = DIRECTION ( 'NONE',  ( 0.5000000000000013323, -0.8660254037844379305, 0.000000000000000000 ) ) ;
#5877 = EDGE_CURVE ( 'NONE', #5234, #3812, #8951, .T. ) ;
#5878 = DIRECTION ( 'NONE',  ( 0.5000000000000015543, -0.8660254037844377084, 0.000000000000000000 ) ) ;
#5879 = ORIENTED_EDGE ( 'NONE', *, *, #5178, .F. ) ;
#5880 = AXIS2_PLACEMENT_3D ( 'NONE', #2367, #3118, #202 ) ;
#5881 = ORIENTED_EDGE ( 'NONE', *, *, #9524, .F. ) ;
#5882 = DIRECTION ( 'NONE',  ( 0.000000000000000000, -1.000000000000000000, -0.000000000000000000 ) ) ;
#5883 = EDGE_LOOP ( 'NONE', ( #7699, #2832, #4919, #2498 ) ) ;
#5884 = CARTESIAN_POINT ( 'NONE',  ( -17.66025403784439973, 39.58845726811988897, -7.499999999999996447 ) ) ;
#5885 = CARTESIAN_POINT ( 'NONE',  ( -12.56217782649109793, 36.75833024919774061, 23.99999999999999645 ) ) ;
#5886 = DIRECTION ( 'NONE',  ( -0.8660254037844379305, -0.5000000000000013323, 0.000000000000000000 ) ) ;
#5887 = ORIENTED_EDGE ( 'NONE', *, *, #6986, .F. ) ;
#5888 = ORIENTED_EDGE ( 'NONE', *, *, #1952, .T. ) ;
#5889 = CARTESIAN_POINT ( 'NONE',  ( 0.000000000000000000, -6.000000000000008882, 6.222539674441584623 ) ) ;
#5890 = VECTOR ( 'NONE', #78, 999.9999999999998863 ) ;
#5891 = EDGE_CURVE ( 'NONE', #7743, #4417, #7255, .T. ) ;
#5892 = EDGE_CURVE ( 'NONE', #722, #1989, #1979, .T. ) ;
#5893 = LINE ( 'NONE', #4549, #4059 ) ;
#5894 = DIRECTION ( 'NONE',  ( -0.2500000000000004441, 0.4330127018922184656, -0.8660254037844390407 ) ) ;
#5895 = ORIENTED_EDGE ( 'NONE', *, *, #8092, .F. ) ;
#5896 = VECTOR ( 'NONE', #5590, 1000.000000000000114 ) ;
#5897 = DIRECTION ( 'NONE',  ( 0.3535533905932711773, -0.6123724356957880310, -0.7071067811865545671 ) ) ;
#5898 = CARTESIAN_POINT ( 'NONE',  ( -15.16506350946115056, 50.26666049839541728, 25.84863156129981832 ) ) ;
#5899 = CYLINDRICAL_SURFACE ( 'NONE', #1240, 2.100000000000000977 ) ;
#5900 = EDGE_CURVE ( 'NONE', #9852, #3079, #6730, .T. ) ;
#5901 = DIRECTION ( 'NONE',  ( 0.000000000000000000, 0.7660444431189771253, 0.6427876096865403621 ) ) ;
#5902 = AXIS2_PLACEMENT_3D ( 'NONE', #616, #9786, #8859 ) ;
#5903 = CARTESIAN_POINT ( 'NONE',  ( -20.65705080756901779, 60.77906153324114058, 12.75869692124231491 ) ) ;
#5904 = CARTESIAN_POINT ( 'NONE',  ( -22.80705080756902348, 64.50297076951422071, 12.75869692124230781 ) ) ;
#5905 = FACE_OUTER_BOUND ( 'NONE', #8885, .T. ) ;
#5906 = FACE_BOUND ( 'NONE', #2884, .T. ) ;
#5907 = ORIENTED_EDGE ( 'NONE', *, *, #7135, .F. ) ;
#5908 = VECTOR ( 'NONE', #6660, 1000.000000000000000 ) ;
#5909 = CARTESIAN_POINT ( 'NONE',  ( 0.6721300273722459195, -11.61098979199113579, -9.300996243384689777 ) ) ;
#5910 = EDGE_CURVE ( 'NONE', #326, #231, #1373, .T. ) ;
#5911 = ORIENTED_EDGE ( 'NONE', *, *, #3513, .F. ) ;
#5912 = LINE ( 'NONE', #3521, #2256 ) ;
#5913 = VERTEX_POINT ( 'NONE', #5031 ) ;
#5914 = PLANE ( 'NONE',  #2098 ) ;
#5915 = VECTOR ( 'NONE', #8764, 999.9999999999998863 ) ;
#5916 = DIRECTION ( 'NONE',  ( 0.000000000000000000, -0.7071067811865474617, -0.7071067811865474617 ) ) ;
#5917 = DIRECTION ( 'NONE',  ( 0.000000000000000000, 0.000000000000000000, -1.000000000000000000 ) ) ;
#5918 = EDGE_CURVE ( 'NONE', #5240, #4881, #525, .T. ) ;
#5919 = CARTESIAN_POINT ( 'NONE',  ( -31.39711431702997402, 67.45319397786856541, 20.50000000000002487 ) ) ;
#5920 = VERTEX_POINT ( 'NONE', #5075 ) ;
#5921 = AXIS2_PLACEMENT_3D ( 'NONE', #8998, #2926, #1370 ) ;
#5922 = PLANE ( 'NONE',  #9463 ) ;
#5923 = EDGE_CURVE ( 'NONE', #7768, #9904, #5968, .T. ) ;
#5924 = DIRECTION ( 'NONE',  ( 0.000000000000000000, 0.000000000000000000, 1.000000000000000000 ) ) ;
#5925 = DIRECTION ( 'NONE',  ( -1.000000000000000000, -0.000000000000000000, -0.000000000000000000 ) ) ;
#5926 = CARTESIAN_POINT ( 'NONE',  ( -29.56217782649112635, -11.32179235619570612, 3.724076359315471318 ) ) ;
#5927 = AXIS2_PLACEMENT_3D ( 'NONE', #6777, #9074, #2961 ) ;
#5928 = EDGE_LOOP ( 'NONE', ( #9094, #8538, #6374, #9288 ) ) ;
#5929 = VECTOR ( 'NONE', #2254, 1000.000000000000114 ) ;
#5930 = EDGE_CURVE ( 'NONE', #6017, #6146, #2733, .T. ) ;
#5931 = EDGE_CURVE ( 'NONE', #1626, #1066, #8063, .T. ) ;
#5932 = DIRECTION ( 'NONE',  ( -1.000000000000000000, -0.000000000000000000, -0.000000000000000000 ) ) ;
#5933 = LINE ( 'NONE', #4297, #7346 ) ;
#5934 = DIRECTION ( 'NONE',  ( 0.8660254037844380415, 0.5000000000000012212, -0.000000000000000000 ) ) ;
#5935 = ORIENTED_EDGE ( 'NONE', *, *, #9556, .F. ) ;
#5936 = AXIS2_PLACEMENT_3D ( 'NONE', #3348, #8519, #1745 ) ;
#5937 = LINE ( 'NONE', #9580, #9481 ) ;
#5938 = VECTOR ( 'NONE', #6395, 1000.000000000000000 ) ;
#5939 = DIRECTION ( 'NONE',  ( 0.000000000000000000, 0.000000000000000000, 1.000000000000000000 ) ) ;
#5940 = CYLINDRICAL_SURFACE ( 'NONE', #9665, 1.100000000000115774 ) ;
#5941 = PLANE ( 'NONE',  #1701 ) ;
#5942 = VERTEX_POINT ( 'NONE', #426 ) ;
#5943 = VECTOR ( 'NONE', #7312, 1000.000000000000000 ) ;
#5944 = EDGE_CURVE ( 'NONE', #5821, #7792, #8157, .T. ) ;
#5945 = AXIS2_PLACEMENT_3D ( 'NONE', #6093, #2901, #5947 ) ;
#5946 = PLANE ( 'NONE',  #7999 ) ;
#5947 = DIRECTION ( 'NONE',  ( -0.8660254037844378194, -0.5000000000000013323, 0.000000000000000000 ) ) ;
#5948 = CARTESIAN_POINT ( 'NONE',  ( 8.573651497466018512, 4.950000000000074785, -1.270785802169055824E-14 ) ) ;
#5949 = EDGE_LOOP ( 'NONE', ( #4192, #9224, #6044, #4691, #3852, #7053, #4511, #2460, #4749, #2706, #8319 ) ) ;
#5950 = CARTESIAN_POINT ( 'NONE',  ( -18.33201437120906974, 15.22500711294233433, 26.49999999999999645 ) ) ;
#5951 = CARTESIAN_POINT ( 'NONE',  ( -18.23205080756895313, 56.57883832488651166, -8.017393842484622724 ) ) ;
#5952 = AXIS2_PLACEMENT_3D ( 'NONE', #1141, #5740, #8116 ) ;
#5953 = DIRECTION ( 'NONE',  ( 0.3535533905932711773, -0.6123724356957880310, -0.7071067811865545671 ) ) ;
#5954 = EDGE_CURVE ( 'NONE', #4425, #1611, #6580, .T. ) ;
#5955 = CARTESIAN_POINT ( 'NONE',  ( 10.00000000000000000, -17.30000000000000426, -4.596194077712570270 ) ) ;
#5956 = ORIENTED_EDGE ( 'NONE', *, *, #7744, .T. ) ;
#5957 = ORIENTED_EDGE ( 'NONE', *, *, #2452, .T. ) ;
#5958 = ORIENTED_EDGE ( 'NONE', *, *, #3979, .F. ) ;
#5959 = CARTESIAN_POINT ( 'NONE',  ( 7.999999999999998224, -4.999999999999986677, -22.00000000000000355 ) ) ;
#5960 = DIRECTION ( 'NONE',  ( 0.8660254037844381525, 0.5000000000000009992, -0.000000000000000000 ) ) ;
#5961 = PLANE ( 'NONE',  #9395 ) ;
#5962 = ORIENTED_EDGE ( 'NONE', *, *, #3621, .T. ) ;
#5963 = CARTESIAN_POINT ( 'NONE',  ( 14.75897459621551278, 59.46040818529376537, 8.944365081389609173 ) ) ;
#5964 = ORIENTED_EDGE ( 'NONE', *, *, #8099, .F. ) ;
#5965 = LINE ( 'NONE', #3719, #7184 ) ;
#5966 = DIRECTION ( 'NONE',  ( 0.000000000000000000, -1.094278377492747784E-33, -1.000000000000000000 ) ) ;
#5967 = CARTESIAN_POINT ( 'NONE',  ( -1.800000000000000044, -9.000000000000005329, 10.25000000000000000 ) ) ;
#5968 = LINE ( 'NONE', #1925, #7551 ) ;
#5969 = ADVANCED_FACE ( 'NONE', ( #7655 ), #4201, .F. ) ;
#5970 = DIRECTION ( 'NONE',  ( 0.5000000000000013323, -0.8660254037844379305, 9.462128050782695309E-15 ) ) ;
#5971 = ORIENTED_EDGE ( 'NONE', *, *, #4902, .F. ) ;
#5972 = CARTESIAN_POINT ( 'NONE',  ( 10.00000000000000000, -17.30000000000000426, 9.899999999999989697 ) ) ;
#5973 = EDGE_CURVE ( 'NONE', #9921, #4223, #8289, .T. ) ;
#5974 = ORIENTED_EDGE ( 'NONE', *, *, #4583, .F. ) ;
#5975 = DIRECTION ( 'NONE',  ( -0.2500000000000008327, 0.4330127018922192428, 0.8660254037844384856 ) ) ;
#5976 = DIRECTION ( 'NONE',  ( 0.000000000000000000, -0.7660444431189818992, -0.6427876096865347000 ) ) ;
#5977 = ORIENTED_EDGE ( 'NONE', *, *, #5073, .F. ) ;
#5978 = DIRECTION ( 'NONE',  ( -0.4330127018922206306, 0.7499999999999996669, -0.4999999999999992784 ) ) ;
#5979 = CARTESIAN_POINT ( 'NONE',  ( -22.90871685740854957, 59.47906153324112211, -15.24130307875773127 ) ) ;
#5980 = ORIENTED_EDGE ( 'NONE', *, *, #5126, .T. ) ;
#5981 = CARTESIAN_POINT ( 'NONE',  ( -3.000000000000000000, -15.00190296114371868, -2.298097038856282914 ) ) ;
#5982 = DIRECTION ( 'NONE',  ( 0.2500000000000008327, -0.4330127018922192983, -0.8660254037844384856 ) ) ;
#5983 = DIRECTION ( 'NONE',  ( -1.000000000000000000, -0.000000000000000000, -0.000000000000000000 ) ) ;
#5984 = EDGE_CURVE ( 'NONE', #4565, #8726, #9239, .T. ) ;
#5985 = ADVANCED_FACE ( 'NONE', ( #3930 ), #2168, .F. ) ;
#5986 = VECTOR ( 'NONE', #3362, 1000.000000000000000 ) ;
#5987 = CARTESIAN_POINT ( 'NONE',  ( -7.000000000000000000, -6.000000000000000888, -19.00000000000003197 ) ) ;
#5988 = LINE ( 'NONE', #6757, #3655 ) ;
#5989 = ORIENTED_EDGE ( 'NONE', *, *, #8478, .F. ) ;
#5990 = LINE ( 'NONE', #7682, #7576 ) ;
#5991 = ORIENTED_EDGE ( 'NONE', *, *, #5871, .T. ) ;
#5992 = DIRECTION ( 'NONE',  ( 0.8660254037844380415, 0.5000000000000012212, -0.000000000000000000 ) ) ;
#5993 = VECTOR ( 'NONE', #8228, 1000.000000000000000 ) ;
#5994 = ORIENTED_EDGE ( 'NONE', *, *, #7369, .F. ) ;
#5995 = DIRECTION ( 'NONE',  ( -0.5000000000000019984, 0.8660254037844373753, -8.673617379884085959E-15 ) ) ;
#5996 = CARTESIAN_POINT ( 'NONE',  ( 0.000000000000000000, -9.999999999999987566, -14.99999999999995914 ) ) ;
#5997 = ORIENTED_EDGE ( 'NONE', *, *, #953, .F. ) ;
#5998 = EDGE_CURVE ( 'NONE', #9914, #2578, #3726, .T. ) ;
#5999 = CARTESIAN_POINT ( 'NONE',  ( -13.48371685740846360, 43.15448267190435416, -10.50000000000000000 ) ) ;
#6000 = AXIS2_PLACEMENT_3D ( 'NONE', #5302, #5245, #29 ) ;
#6001 = LINE ( 'NONE', #6051, #2054 ) ;
#6002 = VERTEX_POINT ( 'NONE', #7758 ) ;
#6003 = ORIENTED_EDGE ( 'NONE', *, *, #1614, .T. ) ;
#6004 = DIRECTION ( 'NONE',  ( -0.8660254037844379305, -0.5000000000000013323, 0.000000000000000000 ) ) ;
#6005 = AXIS2_PLACEMENT_3D ( 'NONE', #3692, #9851, #4393 ) ;
#6006 = CARTESIAN_POINT ( 'NONE',  ( -13.71506350946114416, 47.75518682742054466, 24.17431578064990916 ) ) ;
#6007 = EDGE_CURVE ( 'NONE', #3870, #5320, #7575, .T. ) ;
#6008 = EDGE_CURVE ( 'NONE', #6592, #8920, #6938, .T. ) ;
#6009 = DIRECTION ( 'NONE',  ( 0.8660254037844379305, 0.5000000000000011102, -0.000000000000000000 ) ) ;
#6010 = DIRECTION ( 'NONE',  ( 0.5000000000000019984, -0.8660254037844373753, 4.336808689942042980E-15 ) ) ;
#6011 = VECTOR ( 'NONE', #9291, 1000.000000000000114 ) ;
#6012 = LINE ( 'NONE', #8281, #4770 ) ;
#6013 = ORIENTED_EDGE ( 'NONE', *, *, #4178, .F. ) ;
#6014 = LINE ( 'NONE', #1465, #3810 ) ;
#6015 = CARTESIAN_POINT ( 'NONE',  ( 10.00000000000000178, -22.24974746830583783, -4.949747468305832676 ) ) ;
#6016 = CARTESIAN_POINT ( 'NONE',  ( 10.00000000000000000, -11.32179235619570257, -6.175418577296191813 ) ) ;
#6017 = VERTEX_POINT ( 'NONE', #9888 ) ;
#6018 = DIRECTION ( 'NONE',  ( 0.000000000000000000, 0.000000000000000000, -1.000000000000000000 ) ) ;
#6019 = VECTOR ( 'NONE', #5824, 1000.000000000000000 ) ;
#6020 = FACE_OUTER_BOUND ( 'NONE', #8772, .T. ) ;
#6021 = EDGE_LOOP ( 'NONE', ( #912, #401, #165, #766 ) ) ;
#6022 = ORIENTED_EDGE ( 'NONE', *, *, #7546, .F. ) ;
#6023 = CARTESIAN_POINT ( 'NONE',  ( 0.000000000000000000, -29.00000000000000000, 11.00000000000000178 ) ) ;
#6024 = VECTOR ( 'NONE', #385, 1000.000000000000227 ) ;
#6025 = CARTESIAN_POINT ( 'NONE',  ( -19.93371685740848775, 54.32621038072361586, 10.50000000000000178 ) ) ;
#6026 = ORIENTED_EDGE ( 'NONE', *, *, #4836, .T. ) ;
#6027 = DIRECTION ( 'NONE',  ( -0.5000000000000025535, 0.8660254037844371533, 0.000000000000000000 ) ) ;
#6028 = DIRECTION ( 'NONE',  ( -1.000000000000000000, -0.000000000000000000, -0.000000000000000000 ) ) ;
#6029 = ADVANCED_FACE ( 'NONE', ( #8339 ), #4479, .F. ) ;
#6030 = ORIENTED_EDGE ( 'NONE', *, *, #9061, .T. ) ;
#6031 = CARTESIAN_POINT ( 'NONE',  ( -23.98371685740846360, 61.34101615137750940, 12.44436508138944397 ) ) ;
#6032 = DIRECTION ( 'NONE',  ( 0.000000000000000000, 0.7660444431189771253, 0.6427876096865403621 ) ) ;
#6033 = CIRCLE ( 'NONE', #9084, 1.199999999999994404 ) ;
#6034 = VECTOR ( 'NONE', #3566, 1000.000000000000114 ) ;
#6035 = FACE_OUTER_BOUND ( 'NONE', #5261, .T. ) ;
#6036 = ORIENTED_EDGE ( 'NONE', *, *, #7660, .T. ) ;
#6037 = ORIENTED_EDGE ( 'NONE', *, *, #2313, .F. ) ;
#6038 = DIRECTION ( 'NONE',  ( -0.2500000000000006661, 0.4330127018922189652, 0.8660254037844387076 ) ) ;
#6039 = ORIENTED_EDGE ( 'NONE', *, *, #9282, .F. ) ;
#6040 = CARTESIAN_POINT ( 'NONE',  ( -3.000000000000000000, 18.99999999999999289, -7.632783294297951215E-14 ) ) ;
#6041 = FACE_OUTER_BOUND ( 'NONE', #11, .T. ) ;
#6042 = VERTEX_POINT ( 'NONE', #3078 ) ;
#6043 = EDGE_CURVE ( 'NONE', #3376, #4009, #2375, .T. ) ;
#6044 = ORIENTED_EDGE ( 'NONE', *, *, #2246, .F. ) ;
#6045 = DIRECTION ( 'NONE',  ( -0.5000000000000011102, 0.8660254037844379305, -1.387778780781446267E-15 ) ) ;
#6046 = EDGE_CURVE ( 'NONE', #4884, #2429, #8437, .T. ) ;
#6047 = LINE ( 'NONE', #6866, #3706 ) ;
#6048 = VERTEX_POINT ( 'NONE', #6887 ) ;
#6049 = CARTESIAN_POINT ( 'NONE',  ( -18.26217782649111498, 46.63101985234031588, 10.00000000000000000 ) ) ;
#6050 = VECTOR ( 'NONE', #8622, 1000.000000000000000 ) ;
#6051 = CARTESIAN_POINT ( 'NONE',  ( -84.31020123613555484, 29.97560577119346448, -26.50000000000000000 ) ) ;
#6052 = ORIENTED_EDGE ( 'NONE', *, *, #5419, .T. ) ;
#6053 = ORIENTED_EDGE ( 'NONE', *, *, #6363, .T. ) ;
#6054 = ADVANCED_FACE ( 'NONE', ( #4685 ), #9090, .T. ) ;
#6055 = EDGE_CURVE ( 'NONE', #9300, #9125, #1469, .T. ) ;
#6056 = ORIENTED_EDGE ( 'NONE', *, *, #5638, .F. ) ;
#6057 = EDGE_LOOP ( 'NONE', ( #301, #2489, #3845, #3109 ) ) ;
#6058 = DIRECTION ( 'NONE',  ( 0.5773502691896283956, -0.5773502691896204020, -0.5773502691896285066 ) ) ;
#6059 = CIRCLE ( 'NONE', #3991, 10.90000000000000036 ) ;
#6060 = CARTESIAN_POINT ( 'NONE',  ( -17.98241498424993878, 49.94645639550871152, 21.36862915010154396 ) ) ;
#6061 = CARTESIAN_POINT ( 'NONE',  ( 0.3499999999999974243, -12.35025253169416892, -1.699747468305833120 ) ) ;
#6062 = CARTESIAN_POINT ( 'NONE',  ( -3.000000000000000000, -9.000000000000005329, 8.552943725152294618 ) ) ;
#6063 = AXIS2_PLACEMENT_3D ( 'NONE', #6384, #5680, #372 ) ;
#6064 = FACE_OUTER_BOUND ( 'NONE', #82, .T. ) ;
#6065 = ORIENTED_EDGE ( 'NONE', *, *, #4013, .T. ) ;
#6066 = CARTESIAN_POINT ( 'NONE',  ( 0.000000000000000000, -28.99999999999999645, -15.00000000000000888 ) ) ;
#6068 = ADVANCED_FACE ( 'NONE', ( #872 ), #5267, .T. ) ;
#6067 = CARTESIAN_POINT ( 'NONE',  ( 0.3499999999999978684, -22.24974746830583783, -4.949747468305832676 ) ) ;
#6069 = CARTESIAN_POINT ( 'NONE',  ( -18.49649240154186813, 47.03686460128213298, 8.868629150101522640 ) ) ;
#6070 = VERTEX_POINT ( 'NONE', #3170 ) ;
#6071 = CIRCLE ( 'NONE', #4642, 1.100000000000107558 ) ;
#6072 = CARTESIAN_POINT ( 'NONE',  ( 0.3499999999999944267, -14.43931226317544159, 2.460103028169171591 ) ) ;
#6073 = DIRECTION ( 'NONE',  ( 0.8660254037844380415, 0.5000000000000012212, -0.000000000000000000 ) ) ;
#6074 = VERTEX_POINT ( 'NONE', #3125 ) ;
#6075 = ORIENTED_EDGE ( 'NONE', *, *, #2880, .F. ) ;
#6076 = AXIS2_PLACEMENT_3D ( 'NONE', #4098, #7274, #8717 ) ;
#6078 = EDGE_CURVE ( 'NONE', #1958, #5383, #3773, .T. ) ;
#6077 = DIRECTION ( 'NONE',  ( 1.000000000000000000, 0.000000000000000000, 0.000000000000000000 ) ) ;
#6079 = ORIENTED_EDGE ( 'NONE', *, *, #5363, .T. ) ;
#6080 = SURFACE_STYLE_FILL_AREA ( #3033 ) ;
#6081 = CARTESIAN_POINT ( 'NONE',  ( -2.165063509461099933, 27.75000000000001066, 26.49999999999999645 ) ) ;
#6082 = ORIENTED_EDGE ( 'NONE', *, *, #4499, .F. ) ;
#6083 = EDGE_LOOP ( 'NONE', ( #1217, #6278, #6714, #1124 ) ) ;
#6084 = CARTESIAN_POINT ( 'NONE',  ( -3.000000000000000000, -10.26119280021293179, -7.439391908442522627 ) ) ;
#6085 = DIRECTION ( 'NONE',  ( 0.4330127018922204085, -0.7499999999999991118, -0.5000000000000003331 ) ) ;
#6086 = VECTOR ( 'NONE', #4421, 1000.000000000000000 ) ;
#6087 = VECTOR ( 'NONE', #9250, 1000.000000000000000 ) ;
#6088 = LINE ( 'NONE', #8403, #8420 ) ;
#6089 = VERTEX_POINT ( 'NONE', #6072 ) ;
#6090 = VERTEX_POINT ( 'NONE', #5417 ) ;
#6091 = CYLINDRICAL_SURFACE ( 'NONE', #3025, 1.599999999999990763 ) ;
#6092 = ORIENTED_EDGE ( 'NONE', *, *, #2722, .F. ) ;
#6093 = CARTESIAN_POINT ( 'NONE',  ( -18.86672955930068341, 51.47813416937027853, 20.82568421935008018 ) ) ;
#6094 = VECTOR ( 'NONE', #9644, 1000.000000000000000 ) ;
#6095 = CARTESIAN_POINT ( 'NONE',  ( -10.15705080756891299, 42.59252805376780771, -9.258696921242300704 ) ) ;
#6096 = VECTOR ( 'NONE', #9030, 1000.000000000000227 ) ;
#6097 = CARTESIAN_POINT ( 'NONE',  ( -12.06217782649100378, 35.89230484541311483, -14.00000000000000000 ) ) ;
#6098 = ORIENTED_EDGE ( 'NONE', *, *, #4470, .T. ) ;
#6099 = DIRECTION ( 'NONE',  ( 0.8660254037844378194, 0.5000000000000013323, -0.000000000000000000 ) ) ;
#6100 = DIRECTION ( 'NONE',  ( -0.8660254037844379305, -0.5000000000000011102, -0.000000000000000000 ) ) ;
#6101 = CARTESIAN_POINT ( 'NONE',  ( -17.15705080756893963, 54.71688370674995383, -9.258696921242332678 ) ) ;
#6102 = VECTOR ( 'NONE', #695, 1000.000000000000000 ) ;
#6103 = VECTOR ( 'NONE', #7027, 1000.000000000000000 ) ;
#6104 = EDGE_CURVE ( 'NONE', #1056, #1095, #9143, .T. ) ;
#6105 = DIRECTION ( 'NONE',  ( 0.4999999999999987788, -0.8660254037844392627, 0.000000000000000000 ) ) ;
#6106 = CARTESIAN_POINT ( 'NONE',  ( 2.000000000000000000, -22.24974746830583783, -3.349747468305833475 ) ) ;
#6107 = ORIENTED_EDGE ( 'NONE', *, *, #5312, .F. ) ;
#6108 = EDGE_CURVE ( 'NONE', #2958, #8210, #1525, .T. ) ;
#6109 = ORIENTED_EDGE ( 'NONE', *, *, #9466, .T. ) ;
#6110 = DIRECTION ( 'NONE',  ( 0.000000000000000000, -2.168404344971010446E-15, -1.000000000000000000 ) ) ;
#6111 = VECTOR ( 'NONE', #4930, 1000.000000000000114 ) ;
#6112 = DIRECTION ( 'NONE',  ( -1.000000000000000000, -0.000000000000000000, -0.000000000000000000 ) ) ;
#6113 = FACE_BOUND ( 'NONE', #4210, .T. ) ;
#6114 = EDGE_CURVE ( 'NONE', #1025, #7194, #926, .T. ) ;
#6115 = EDGE_CURVE ( 'NONE', #4384, #7996, #9289, .T. ) ;
#6116 = DIRECTION ( 'NONE',  ( 0.5000000000000013323, -0.8660254037844379305, 0.000000000000000000 ) ) ;
#6117 = AXIS2_PLACEMENT_3D ( 'NONE', #6549, #7318, #4246 ) ;
#6118 = CARTESIAN_POINT ( 'NONE',  ( -4.644550807568881723, 32.04459797704434720, 21.08919595408871572 ) ) ;
#6119 = ORIENTED_EDGE ( 'NONE', *, *, #7267, .F. ) ;
#6120 = LINE ( 'NONE', #9191, #2687 ) ;
#6121 = DIRECTION ( 'NONE',  ( 0.8660254037844379305, 0.5000000000000013323, -6.162975822039156098E-33 ) ) ;
#6122 = ORIENTED_EDGE ( 'NONE', *, *, #7790, .T. ) ;
#6123 = VERTEX_POINT ( 'NONE', #3980 ) ;
#6124 = DIRECTION ( 'NONE',  ( 0.000000000000000000, 0.7660444431189714631, -0.6427876096865470235 ) ) ;
#6125 = EDGE_CURVE ( 'NONE', #8244, #9021, #8542, .T. ) ;
#6126 = VECTOR ( 'NONE', #6407, 1000.000000000000114 ) ;
#6127 = DIRECTION ( 'NONE',  ( -0.4330127018922207971, 0.7499999999999998890, 0.4999999999999987788 ) ) ;
#6128 = EDGE_LOOP ( 'NONE', ( #5199, #2310, #4517, #9638 ) ) ;
#6129 = DIRECTION ( 'NONE',  ( -0.4330127018922213522, 0.7499999999999994449, 0.4999999999999988898 ) ) ;
#6130 = CARTESIAN_POINT ( 'NONE',  ( 0.3499999999999980904, -12.35025253169419912, -9.192321158635740730 ) ) ;
#6131 = DIRECTION ( 'NONE',  ( 0.000000000000000000, 0.000000000000000000, -1.000000000000000000 ) ) ;
#6132 = LINE ( 'NONE', #936, #2080 ) ;
#6133 = ORIENTED_EDGE ( 'NONE', *, *, #8756, .T. ) ;
#6134 = AXIS2_PLACEMENT_3D ( 'NONE', #4625, #6162, #810 ) ;
#6135 = LINE ( 'NONE', #777, #812 ) ;
#6136 = VERTEX_POINT ( 'NONE', #1769 ) ;
#6137 = CARTESIAN_POINT ( 'NONE',  ( 0.1905225598450189239, -10.32918993894734783, 8.380515175942287343 ) ) ;
#6138 = EDGE_CURVE ( 'NONE', #6287, #8626, #7196, .T. ) ;
#6139 = LINE ( 'NONE', #635, #6658 ) ;
#6140 = ORIENTED_EDGE ( 'NONE', *, *, #7183, .T. ) ;
#6141 = DIRECTION ( 'NONE',  ( 0.8660254037844379305, 0.5000000000000013323, 0.000000000000000000 ) ) ;
#6142 = ORIENTED_EDGE ( 'NONE', *, *, #8539, .T. ) ;
#6143 = DIRECTION ( 'NONE',  ( -0.8660254037844379305, -0.5000000000000012212, 0.000000000000000000 ) ) ;
#6144 = DIRECTION ( 'NONE',  ( 0.3535533905932723431, -0.6123724356957913617, 0.7071067811865510144 ) ) ;
#6145 = CARTESIAN_POINT ( 'NONE',  ( -3.000000000000000000, -12.35025253169419912, -9.192321158635740730 ) ) ;
#6146 = VERTEX_POINT ( 'NONE', #3320 ) ;
#6147 = ORIENTED_EDGE ( 'NONE', *, *, #3612, .T. ) ;
#6148 = CYLINDRICAL_SURFACE ( 'NONE', #4989, 2.099999999999999645 ) ;
#6149 = AXIS2_PLACEMENT_3D ( 'NONE', #306, #7189, #6475 ) ;
#6150 = CARTESIAN_POINT ( 'NONE',  ( -15.56217782649111570, 41.95448267190436553, 8.944365081389609173 ) ) ;
#6151 = DIRECTION ( 'NONE',  ( -0.8660254037844382635, -0.5000000000000009992, 0.000000000000000000 ) ) ;
#6152 = VECTOR ( 'NONE', #8042, 1000.000000000000000 ) ;
#6153 = CARTESIAN_POINT ( 'NONE',  ( -10.15705080756891299, 42.59252805376780771, -11.74130307875772417 ) ) ;
#6154 = EDGE_LOOP ( 'NONE', ( #7001, #2636, #2056, #7331 ) ) ;
#6155 = ORIENTED_EDGE ( 'NONE', *, *, #970, .F. ) ;
#6156 = VERTEX_POINT ( 'NONE', #1718 ) ;
#6157 = VERTEX_POINT ( 'NONE', #975 ) ;
#6158 = DIRECTION ( 'NONE',  ( -1.000000000000000000, -0.000000000000000000, -0.000000000000000000 ) ) ;
#6159 = EDGE_CURVE ( 'NONE', #9710, #5531, #1819, .T. ) ;
#6160 = CARTESIAN_POINT ( 'NONE',  ( -18.86672955930068341, 51.47813416937027853, -20.82568421935008018 ) ) ;
#6161 = AXIS2_PLACEMENT_3D ( 'NONE', #5543, #75, #9366 ) ;
#6162 = DIRECTION ( 'NONE',  ( 0.8660254037844380415, 0.5000000000000012212, -0.000000000000000000 ) ) ;
#6163 = CARTESIAN_POINT ( 'NONE',  ( -18.49649240154187524, 47.03686460128214719, 21.36862915010152264 ) ) ;
#6164 = DIRECTION ( 'NONE',  ( 0.000000000000000000, 0.000000000000000000, -1.000000000000000000 ) ) ;
#6165 = ORIENTED_EDGE ( 'NONE', *, *, #2634, .T. ) ;
#6166 = CARTESIAN_POINT ( 'NONE',  ( -10.37262558706125759, 37.76591452467903309, 13.22218254069398924 ) ) ;
#6167 = CARTESIAN_POINT ( 'NONE',  ( 0.000000000000000000, 24.00000000000002487, -15.66987298107784454 ) ) ;
#6168 = EDGE_CURVE ( 'NONE', #2481, #4425, #4126, .T. ) ;
#6169 = EDGE_CURVE ( 'NONE', #8422, #7543, #4027, .T. ) ;
#6170 = DIRECTION ( 'NONE',  ( 0.8660254037844379305, 0.5000000000000011102, 0.000000000000000000 ) ) ;
#6171 = ORIENTED_EDGE ( 'NONE', *, *, #1409, .T. ) ;
#6172 = AXIS2_PLACEMENT_3D ( 'NONE', #9040, #1337, #2972 ) ;
#6173 = CARTESIAN_POINT ( 'NONE',  ( -25.08771324027155103, 67.45319397786860804, -23.65470053837919195 ) ) ;
#6174 = ORIENTED_EDGE ( 'NONE', *, *, #8735, .F. ) ;
#6175 = DIRECTION ( 'NONE',  ( 0.000000000000000000, 0.000000000000000000, -1.000000000000000000 ) ) ;
#6176 = ORIENTED_EDGE ( 'NONE', *, *, #1346, .F. ) ;
#6177 = ORIENTED_EDGE ( 'NONE', *, *, #4169, .F. ) ;
#6178 = CARTESIAN_POINT ( 'NONE',  ( 2.000000000000000000, -22.24974746830583783, -4.949747468305832676 ) ) ;
#6179 = EDGE_LOOP ( 'NONE', ( #8802, #7513, #9869, #9838, #3134 ) ) ;
#6180 = EDGE_CURVE ( 'NONE', #4534, #3119, #6711, .T. ) ;
#6181 = ORIENTED_EDGE ( 'NONE', *, *, #5470, .T. ) ;
#6182 = AXIS2_PLACEMENT_3D ( 'NONE', #2822, #9077, #6010 ) ;
#6183 = DIRECTION ( 'NONE',  ( -0.8660254037844379305, -0.5000000000000013323, 0.000000000000000000 ) ) ;
#6184 = EDGE_LOOP ( 'NONE', ( #1610, #8130, #2203, #3032 ) ) ;
#6185 = ORIENTED_EDGE ( 'NONE', *, *, #2013, .F. ) ;
#6186 = CARTESIAN_POINT ( 'NONE',  ( 0.6121778264911862388, 41.93967690125015935, -14.00000000000000000 ) ) ;
#6187 = DIRECTION ( 'NONE',  ( -0.4330127018922212967, 0.7499999999999993339, -0.4999999999999995004 ) ) ;
#6188 = ORIENTED_EDGE ( 'NONE', *, *, #1779, .F. ) ;
#6189 = AXIS2_PLACEMENT_3D ( 'NONE', #4542, #7814, #935 ) ;
#6190 = DIRECTION ( 'NONE',  ( 0.5000000000000013323, -0.8660254037844379305, 0.000000000000000000 ) ) ;
#6191 = PLANE ( 'NONE',  #1965 ) ;
#6192 = CARTESIAN_POINT ( 'NONE',  ( -84.31020123613554063, 29.97560577119343606, 26.50000000000000000 ) ) ;
#6193 = CARTESIAN_POINT ( 'NONE',  ( 2.000000000000000000, -22.81085143688005346, -6.567576998154744494 ) ) ;
#6194 = ORIENTED_EDGE ( 'NONE', *, *, #4901, .F. ) ;
#6195 = ADVANCED_FACE ( 'NONE', ( #6432 ), #8740, .T. ) ;
#6197 = EDGE_CURVE ( 'NONE', #1946, #3318, #9770, .T. ) ;
#6196 = ORIENTED_EDGE ( 'NONE', *, *, #1914, .F. ) ;
#6198 = ORIENTED_EDGE ( 'NONE', *, *, #9342, .T. ) ;
#6199 = FACE_OUTER_BOUND ( 'NONE', #3411, .T. ) ;
#6200 = CARTESIAN_POINT ( 'NONE',  ( -7.000000000000000000, -25.00000000000000000, 11.00000000000000178 ) ) ;
#6201 = AXIS2_PLACEMENT_3D ( 'NONE', #7191, #9587, #7994 ) ;
#6202 = CARTESIAN_POINT ( 'NONE',  ( 1.561251128379127174E-15, -9.000000000000005329, 10.25000000000000000 ) ) ;
#6203 = EDGE_LOOP ( 'NONE', ( #2236, #9836, #9182, #7028 ) ) ;
#6204 = ORIENTED_EDGE ( 'NONE', *, *, #3326, .F. ) ;
#6205 = EDGE_CURVE ( 'NONE', #3841, #4045, #7904, .T. ) ;
#6206 = VERTEX_POINT ( 'NONE', #6283 ) ;
#6207 = ORIENTED_EDGE ( 'NONE', *, *, #9086, .F. ) ;
#6208 = ORIENTED_EDGE ( 'NONE', *, *, #2384, .F. ) ;
#6209 = DIRECTION ( 'NONE',  ( 0.000000000000000000, 0.000000000000000000, -1.000000000000000000 ) ) ;
#6210 = ORIENTED_EDGE ( 'NONE', *, *, #5523, .F. ) ;
#6211 = PLANE ( 'NONE',  #9631 ) ;
#6212 = AXIS2_PLACEMENT_3D ( 'NONE', #1153, #6510, #393 ) ;
#6213 = LINE ( 'NONE', #8428, #2465 ) ;
#6214 = LINE ( 'NONE', #7704, #6675 ) ;
#6215 = LINE ( 'NONE', #2421, #2698 ) ;
#6216 = VECTOR ( 'NONE', #2946, 1000.000000000000000 ) ;
#6217 = DIRECTION ( 'NONE',  ( 1.000000000000000000, -0.000000000000000000, -0.000000000000000000 ) ) ;
#6218 = CARTESIAN_POINT ( 'NONE',  ( -3.000000000000000000, 20.19615242270665334, 12.50000000000000000 ) ) ;
#6219 = VERTEX_POINT ( 'NONE', #9341 ) ;
#6220 = DIRECTION ( 'NONE',  ( 0.3535533905932763954, -0.6123724356957970238, -0.7071067811865440200 ) ) ;
#6221 = ORIENTED_EDGE ( 'NONE', *, *, #4844, .T. ) ;
#6222 = VECTOR ( 'NONE', #1726, 999.9999999999998863 ) ;
#6223 = LINE ( 'NONE', #5367, #427 ) ;
#6224 = ORIENTED_EDGE ( 'NONE', *, *, #2809, .T. ) ;
#6225 = ADVANCED_FACE ( 'NONE', ( #5674 ), #1865, .F. ) ;
#6226 = DIRECTION ( 'NONE',  ( -0.8660254037844380415, -0.5000000000000011102, -0.000000000000000000 ) ) ;
#6227 = ORIENTED_EDGE ( 'NONE', *, *, #1327, .T. ) ;
#6228 = EDGE_CURVE ( 'NONE', #875, #3577, #5779, .T. ) ;
#6229 = VECTOR ( 'NONE', #2459, 1000.000000000000114 ) ;
#6230 = LINE ( 'NONE', #1582, #1921 ) ;
#6231 = ORIENTED_EDGE ( 'NONE', *, *, #3531, .F. ) ;
#6232 = ORIENTED_EDGE ( 'NONE', *, *, #9767, .T. ) ;
#6233 = DIRECTION ( 'NONE',  ( -0.000000000000000000, 0.7660444431189818992, 0.6427876096865347000 ) ) ;
#6234 = DIRECTION ( 'NONE',  ( -0.4330127018922210191, 0.7499999999999991118, 0.5000000000000001110 ) ) ;
#6235 = CARTESIAN_POINT ( 'NONE',  ( 0.000000000000000000, -29.00000000000000000, 12.50000000000000000 ) ) ;
#6236 = ORIENTED_EDGE ( 'NONE', *, *, #7610, .F. ) ;
#6237 = VECTOR ( 'NONE', #8446, 1000.000000000000227 ) ;
#6238 = EDGE_CURVE ( 'NONE', #5209, #3173, #3054, .T. ) ;
#6239 = ADVANCED_FACE ( 'NONE', ( #8639 ), #365, .T. ) ;
#6240 = ORIENTED_EDGE ( 'NONE', *, *, #877, .T. ) ;
#6241 = DIRECTION ( 'NONE',  ( -0.3535533905932808363, 0.6123724356958009096, -0.7071067811865383579 ) ) ;
#6242 = ORIENTED_EDGE ( 'NONE', *, *, #4160, .F. ) ;
#6243 = CARTESIAN_POINT ( 'NONE',  ( 8.573651497466023841, 4.950000000000078337, 0.000000000000000000 ) ) ;
#6244 = LINE ( 'NONE', #2494, #7007 ) ;
#6245 = CARTESIAN_POINT ( 'NONE',  ( -3.000000000000000000, -12.35025253169417248, 4.949747468305830900 ) ) ;
#6246 = ORIENTED_EDGE ( 'NONE', *, *, #1126, .F. ) ;
#6247 = ORIENTED_EDGE ( 'NONE', *, *, #7205, .F. ) ;
#6248 = VECTOR ( 'NONE', #4422, 1000.000000000000000 ) ;
#6249 = VECTOR ( 'NONE', #9695, 1000.000000000000114 ) ;
#6250 = EDGE_LOOP ( 'NONE', ( #3281, #151, #2461, #7299 ) ) ;
#6251 = AXIS2_PLACEMENT_3D ( 'NONE', #9515, #5698, #2697 ) ;
#6252 = CYLINDRICAL_SURFACE ( 'NONE', #5936, 1.199999999999996181 ) ;
#6253 = PLANE ( 'NONE',  #6161 ) ;
#6254 = EDGE_CURVE ( 'NONE', #2325, #5273, #6379, .T. ) ;
#6255 = VECTOR ( 'NONE', #863, 1000.000000000000114 ) ;
#6256 = VECTOR ( 'NONE', #7642, 1000.000000000000114 ) ;
#6257 = DIRECTION ( 'NONE',  ( 0.000000000000000000, 0.000000000000000000, 1.000000000000000000 ) ) ;
#6258 = ORIENTED_EDGE ( 'NONE', *, *, #1098, .F. ) ;
#6259 = CARTESIAN_POINT ( 'NONE',  ( 0.3499999999999978684, -22.24974746830586980, -9.192321158635740730 ) ) ;
#6260 = ORIENTED_EDGE ( 'NONE', *, *, #5305, .T. ) ;
#6261 = ORIENTED_EDGE ( 'NONE', *, *, #62, .F. ) ;
#6262 = EDGE_LOOP ( 'NONE', ( #8715, #7566, #5129, #9886, #8049 ) ) ;
#6263 = ORIENTED_EDGE ( 'NONE', *, *, #4844, .F. ) ;
#6264 = DIRECTION ( 'NONE',  ( 0.000000000000000000, 0.000000000000000000, 1.000000000000000000 ) ) ;
#6265 = ORIENTED_EDGE ( 'NONE', *, *, #4710, .F. ) ;
#6266 = VECTOR ( 'NONE', #1148, 1000.000000000000114 ) ;
#6267 = VERTEX_POINT ( 'NONE', #2819 ) ;
#6268 = VECTOR ( 'NONE', #6446, 1000.000000000000114 ) ;
#6269 = PLANE ( 'NONE',  #5613 ) ;
#6270 = LINE ( 'NONE', #6421, #5180 ) ;
#6271 = EDGE_CURVE ( 'NONE', #6567, #769, #1364, .T. ) ;
#6272 = PLANE ( 'NONE',  #5551 ) ;
#6273 = CARTESIAN_POINT ( 'NONE',  ( -20.87262558706107285, 55.95244800415183306, 9.722182540694777941 ) ) ;
#6274 = ADVANCED_FACE ( 'NONE', ( #6678 ), #9592, .T. ) ;
#6275 = DIRECTION ( 'NONE',  ( 0.5000000000000009992, -0.8660254037844380415, -2.830620560484406479E-16 ) ) ;
#6276 = EDGE_LOOP ( 'NONE', ( #9397, #7622 ) ) ;
#6277 = VECTOR ( 'NONE', #5121, 1000.000000000000000 ) ;
#6278 = ORIENTED_EDGE ( 'NONE', *, *, #1105, .T. ) ;
#6279 = AXIS2_PLACEMENT_3D ( 'NONE', #2680, #325, #5030 ) ;
#6280 = ORIENTED_EDGE ( 'NONE', *, *, #9701, .T. ) ;
#6281 = DIRECTION ( 'NONE',  ( 1.000000000000000000, -0.000000000000000000, -0.000000000000000000 ) ) ;
#6282 = VERTEX_POINT ( 'NONE', #7403 ) ;
#6283 = CARTESIAN_POINT ( 'NONE',  ( -13.09480812775586855, 42.48087299263899297, -11.27781745930519364 ) ) ;
#6284 = AXIS2_PLACEMENT_3D ( 'NONE', #8493, #7764, #1727 ) ;
#6285 = CARTESIAN_POINT ( 'NONE',  ( -15.06217782649109438, 41.08845726811988897, 7.500000000000000000 ) ) ;
#6286 = DIRECTION ( 'NONE',  ( 0.000000000000000000, 0.000000000000000000, -1.000000000000000000 ) ) ;
#6287 = VERTEX_POINT ( 'NONE', #5021 ) ;
#6288 = CARTESIAN_POINT ( 'NONE',  ( 2.000000000000000000, -12.35025253169416892, -3.349747468305833475 ) ) ;
#6289 = ORIENTED_EDGE ( 'NONE', *, *, #3730, .T. ) ;
#6290 = EDGE_CURVE ( 'NONE', #8471, #5025, #9729, .T. ) ;
#6291 = AXIS2_PLACEMENT_3D ( 'NONE', #8124, #4205, #5803 ) ;
#6292 = CARTESIAN_POINT ( 'NONE',  ( 0.9078713259020410042, -11.90933164044984416, 9.475697462067895316 ) ) ;
#6293 = CARTESIAN_POINT ( 'NONE',  ( 1.656727263785517268, -8.179000502177249388, -6.577662947442773245 ) ) ;
#6294 = VERTEX_POINT ( 'NONE', #565 ) ;
#6295 = CARTESIAN_POINT ( 'NONE',  ( -3.000000000000000000, -29.00000000000000000, -12.50000000000000000 ) ) ;
#6296 = DIRECTION ( 'NONE',  ( 0.000000000000000000, 0.000000000000000000, 1.000000000000000000 ) ) ;
#6297 = ORIENTED_EDGE ( 'NONE', *, *, #3477, .F. ) ;
#6298 = ORIENTED_EDGE ( 'NONE', *, *, #3913, .T. ) ;
#6299 = DIRECTION ( 'NONE',  ( -1.000000000000000000, 0.000000000000000000, 0.000000000000000000 ) ) ;
#6300 = ORIENTED_EDGE ( 'NONE', *, *, #4218, .T. ) ;
#6301 = DIRECTION ( 'NONE',  ( -0.8660254037844379305, -0.5000000000000013323, 0.000000000000000000 ) ) ;
#6302 = DIRECTION ( 'NONE',  ( 0.3535533905932323195, -0.6123724356957229720, 0.7071067811866301733 ) ) ;
#6303 = EDGE_LOOP ( 'NONE', ( #3982, #3586, #5364, #6547 ) ) ;
#6304 = ORIENTED_EDGE ( 'NONE', *, *, #4294, .F. ) ;
#6305 = EDGE_CURVE ( 'NONE', #5606, #7200, #3129, .T. ) ;
#6306 = EDGE_CURVE ( 'NONE', #6411, #6070, #5063, .T. ) ;
#6307 = DIRECTION ( 'NONE',  ( 0.5000000000000019984, -0.8660254037844373753, 0.000000000000000000 ) ) ;
#6308 = LINE ( 'NONE', #2500, #1369 ) ;
#6309 = LINE ( 'NONE', #4754, #7366 ) ;
#6310 = CARTESIAN_POINT ( 'NONE',  ( -10.02627944162882301, 24.36602540378444104, 26.49999999999999645 ) ) ;
#6311 = EDGE_LOOP ( 'NONE', ( #3337, #2966, #9720, #1583, #3089, #7769 ) ) ;
#6312 = CARTESIAN_POINT ( 'NONE',  ( -29.56217782649112635, 9.629649721936179265E-32, 10.50000000000000178 ) ) ;
#6313 = ORIENTED_EDGE ( 'NONE', *, *, #4160, .T. ) ;
#6314 = EDGE_CURVE ( 'NONE', #2589, #2855, #5448, .T. ) ;
#6315 = LINE ( 'NONE', #9377, #6255 ) ;
#6316 = CARTESIAN_POINT ( 'NONE',  ( -17.41672955930068056, 48.96666049839540591, 7.737258300203062156 ) ) ;
#6317 = DIRECTION ( 'NONE',  ( 1.000000000000000000, -0.000000000000000000, -0.000000000000000000 ) ) ;
#6318 = ORIENTED_EDGE ( 'NONE', *, *, #9524, .T. ) ;
#6319 = CARTESIAN_POINT ( 'NONE',  ( -3.000000000000000000, -12.00000000000000000, -12.50000000000000000 ) ) ;
#6320 = VERTEX_POINT ( 'NONE', #8194 ) ;
#6321 = CARTESIAN_POINT ( 'NONE',  ( -7.312177826491075727, 27.66506350946110260, -18.50000000000001421 ) ) ;
#6322 = ADVANCED_FACE ( 'NONE', ( #3469 ), #5914, .T. ) ;
#6323 = VECTOR ( 'NONE', #186, 1000.000000000000000 ) ;
#6324 = EDGE_CURVE ( 'NONE', #3250, #5942, #2581, .T. ) ;
#6325 = DIRECTION ( 'NONE',  ( -1.000000000000000000, -0.000000000000000000, -0.000000000000000000 ) ) ;
#6326 = DIRECTION ( 'NONE',  ( -1.000000000000000000, -0.000000000000000000, -0.000000000000000000 ) ) ;
#6327 = AXIS2_PLACEMENT_3D ( 'NONE', #5001, #1100, #9569 ) ;
#6328 = ORIENTED_EDGE ( 'NONE', *, *, #2575, .F. ) ;
#6329 = PLANE ( 'NONE',  #7536 ) ;
#6330 = CYLINDRICAL_SURFACE ( 'NONE', #3865, 2.100000000000000977 ) ;
#6331 = PLANE ( 'NONE',  #5800 ) ;
#6332 = ORIENTED_EDGE ( 'NONE', *, *, #747, .T. ) ;
#6333 = CARTESIAN_POINT ( 'NONE',  ( 10.00000000000000000, -17.30000000000000426, 10.89999999999999858 ) ) ;
#6334 = VECTOR ( 'NONE', #9493, 1000.000000000000000 ) ;
#6335 = CARTESIAN_POINT ( 'NONE',  ( 0.1991470575417577660, -10.61969487715438554, 8.613846517335186803 ) ) ;
#6336 = CARTESIAN_POINT ( 'NONE',  ( -15.16506350946114701, 50.26666049839541017, -13.34863156129982542 ) ) ;
#6337 = ORIENTED_EDGE ( 'NONE', *, *, #1282, .T. ) ;
#6338 = CARTESIAN_POINT ( 'NONE',  ( -3.000000000000000000, -20.16068773682459536, 2.460103028169140504 ) ) ;
#6339 = ORIENTED_EDGE ( 'NONE', *, *, #7609, .F. ) ;
#6340 = DIRECTION ( 'NONE',  ( -0.4330127018922216298, 0.7499999999999984457, -0.5000000000000004441 ) ) ;
#6341 = EDGE_CURVE ( 'NONE', #8626, #4958, #1223, .T. ) ;
#6342 = VECTOR ( 'NONE', #2297, 1000.000000000000000 ) ;
#6343 = LINE ( 'NONE', #2596, #4782 ) ;
#6344 = LINE ( 'NONE', #9358, #1486 ) ;
#6345 = DIRECTION ( 'NONE',  ( 0.8660254037844379305, 0.5000000000000011102, 5.981805089575213454E-17 ) ) ;
#6346 = CARTESIAN_POINT ( 'NONE',  ( -1.000000000000000000, 11.94999999999999574, 9.500000000000000000 ) ) ;
#6347 = ORIENTED_EDGE ( 'NONE', *, *, #4398, .T. ) ;
#6348 = ORIENTED_EDGE ( 'NONE', *, *, #599, .T. ) ;
#6349 = LINE ( 'NONE', #1698, #8354 ) ;
#6350 = VECTOR ( 'NONE', #3987, 1000.000000000000000 ) ;
#6351 = CARTESIAN_POINT ( 'NONE',  ( -18.86672955930068341, 51.47813416937027853, -8.325684219350073079 ) ) ;
#6352 = EDGE_CURVE ( 'NONE', #2937, #172, #4412, .T. ) ;
#6353 = CARTESIAN_POINT ( 'NONE',  ( 10.00000000000000178, -12.35025253169416892, -3.349747468305833475 ) ) ;
#6354 = EDGE_LOOP ( 'NONE', ( #4713, #8661, #8829, #1599, #8037, #6313 ) ) ;
#6355 = EDGE_LOOP ( 'NONE', ( #9381, #407, #2268, #1789, #5745 ) ) ;
#6356 = EDGE_LOOP ( 'NONE', ( #838, #5277, #5099, #224, #7154, #3419 ) ) ;
#6357 = EDGE_LOOP ( 'NONE', ( #1059, #2189, #9745, #1386 ) ) ;
#6358 = VECTOR ( 'NONE', #4268, 1000.000000000000114 ) ;
#6359 = LINE ( 'NONE', #3721, #3672 ) ;
#6360 = CIRCLE ( 'NONE', #3479, 2.099999999999999645 ) ;
#6361 = ORIENTED_EDGE ( 'NONE', *, *, #8499, .T. ) ;
#6362 = ORIENTED_EDGE ( 'NONE', *, *, #7050, .F. ) ;
#6363 = EDGE_CURVE ( 'NONE', #3369, #9401, #4974, .T. ) ;
#6364 = CARTESIAN_POINT ( 'NONE',  ( -12.45108655614444260, 36.56591452467994685, 13.22218254069462695 ) ) ;
#6365 = CARTESIAN_POINT ( 'NONE',  ( 0.06217782649113080817, 42.89230484541313615, 14.00000000000001066 ) ) ;
#6366 = CYLINDRICAL_SURFACE ( 'NONE', #399, 1.599999999999990763 ) ;
#6367 = AXIS2_PLACEMENT_3D ( 'NONE', #3878, #6317, #968 ) ;
#6368 = VECTOR ( 'NONE', #2669, 1000.000000000000227 ) ;
#6369 = EDGE_CURVE ( 'NONE', #1338, #788, #8055, .T. ) ;
#6370 = EDGE_CURVE ( 'NONE', #699, #6497, #8797, .T. ) ;
#6371 = CARTESIAN_POINT ( 'NONE',  ( -7.000000000000000000, -12.50000000000004619, -12.49999999999991829 ) ) ;
#6372 = VERTEX_POINT ( 'NONE', #5823 ) ;
#6373 = CARTESIAN_POINT ( 'NONE',  ( -7.000000000000000000, -27.49999999999998579, 12.50000000000000000 ) ) ;
#6374 = ORIENTED_EDGE ( 'NONE', *, *, #6008, .F. ) ;
#6375 = ORIENTED_EDGE ( 'NONE', *, *, #6509, .F. ) ;
#6376 = CARTESIAN_POINT ( 'NONE',  ( -3.000000000000000000, -11.99999999999999822, 9.499999999999998224 ) ) ;
#6377 = PRODUCT_DEFINITION_CONTEXT ( 'detailed design', #9733, 'design' ) ;
#6378 = EDGE_LOOP ( 'NONE', ( #3383, #4069, #3833, #3354, #7087, #9761 ) ) ;
#6379 = LINE ( 'NONE', #4771, #3864 ) ;
#6380 = FACE_OUTER_BOUND ( 'NONE', #6669, .T. ) ;
#6381 = VECTOR ( 'NONE', #1594, 1000.000000000000000 ) ;
#6382 = EDGE_CURVE ( 'NONE', #6906, #149, #2012, .T. ) ;
#6383 = ORIENTED_EDGE ( 'NONE', *, *, #8176, .T. ) ;
#6384 = CARTESIAN_POINT ( 'NONE',  ( -26.06217782649129688, 60.14101615137783341, -14.00000000000000355 ) ) ;
#6385 = DIRECTION ( 'NONE',  ( -0.8660254037844380415, -0.5000000000000012212, 3.925231146709456406E-17 ) ) ;
#6386 = CARTESIAN_POINT ( 'NONE',  ( -29.56217782649113346, 66.20319397786859383, 22.49999999999996803 ) ) ;
#6387 = ORIENTED_EDGE ( 'NONE', *, *, #9731, .F. ) ;
#6388 = CIRCLE ( 'NONE', #5902, 1.199999999999994404 ) ;
#6389 = DIRECTION ( 'NONE',  ( 1.000000000000000000, -0.000000000000000000, -0.000000000000000000 ) ) ;
#6390 = VERTEX_POINT ( 'NONE', #5866 ) ;
#6391 = DIRECTION ( 'NONE',  ( -0.2500000000000008327, 0.4330127018922192428, -0.8660254037844384856 ) ) ;
#6392 = LINE ( 'NONE', #3993, #4410 ) ;
#6393 = EDGE_LOOP ( 'NONE', ( #5971, #5009, #8375, #8597 ) ) ;
#6394 = EDGE_CURVE ( 'NONE', #3917, #2841, #607, .T. ) ;
#6395 = DIRECTION ( 'NONE',  ( -0.8660254037844379305, -0.5000000000000013323, 0.000000000000000000 ) ) ;
#6396 = ORIENTED_EDGE ( 'NONE', *, *, #3774, .T. ) ;
#6397 = AXIS2_PLACEMENT_3D ( 'NONE', #8833, #1949, #6616 ) ;
#6398 = DIRECTION ( 'NONE',  ( 0.000000000000000000, 0.000000000000000000, 1.000000000000000000 ) ) ;
#6399 = EDGE_LOOP ( 'NONE', ( #6456, #7057, #7296 ) ) ;
#6400 = FACE_OUTER_BOUND ( 'NONE', #1969, .T. ) ;
#6401 = ORIENTED_EDGE ( 'NONE', *, *, #6853, .T. ) ;
#6402 = LINE ( 'NONE', #286, #1559 ) ;
#6403 = ORIENTED_EDGE ( 'NONE', *, *, #8950, .F. ) ;
#6404 = CYLINDRICAL_SURFACE ( 'NONE', #3208, 2.099999999999999645 ) ;
#6405 = EDGE_LOOP ( 'NONE', ( #6236, #476, #3048, #547, #6263, #7590 ) ) ;
#6406 = LINE ( 'NONE', #6505, #8666 ) ;
#6407 = DIRECTION ( 'NONE',  ( -0.4330127018922204085, 0.7499999999999991118, -0.5000000000000003331 ) ) ;
#6408 = VECTOR ( 'NONE', #5886, 1000.000000000000000 ) ;
#6409 = DIRECTION ( 'NONE',  ( 0.000000000000000000, 0.000000000000000000, -1.000000000000000000 ) ) ;
#6410 = CARTESIAN_POINT ( 'NONE',  ( 2.000000000000005329, -17.30000000000000426, -1.016456843292302834E-15 ) ) ;
#6411 = VERTEX_POINT ( 'NONE', #3068 ) ;
#6412 = VECTOR ( 'NONE', #5118, 1000.000000000000000 ) ;
#6413 = LINE ( 'NONE', #2756, #4800 ) ;
#6414 = CIRCLE ( 'NONE', #9296, 1.599999999999990763 ) ;
#6415 = ORIENTED_EDGE ( 'NONE', *, *, #2848, .T. ) ;
#6416 = ORIENTED_EDGE ( 'NONE', *, *, #6570, .T. ) ;
#6417 = LINE ( 'NONE', #6473, #4030 ) ;
#6418 = CARTESIAN_POINT ( 'NONE',  ( 10.00000000000000178, -9.848528137423857132, -11.09852813742385358 ) ) ;
#6419 = ORIENTED_EDGE ( 'NONE', *, *, #33, .T. ) ;
#6420 = ADVANCED_FACE ( 'NONE', ( #2361 ), #4467, .F. ) ;
#6421 = CARTESIAN_POINT ( 'NONE',  ( -4.500000000000000888, -11.99999999999999822, 9.499999999999998224 ) ) ;
#6422 = AXIS2_PLACEMENT_3D ( 'NONE', #6973, #7749, #249 ) ;
#6423 = AXIS2_PLACEMENT_3D ( 'NONE', #9236, #6983, #3826 ) ;
#6424 = EDGE_CURVE ( 'NONE', #2103, #5801, #8842, .T. ) ;
#6425 = CARTESIAN_POINT ( 'NONE',  ( -25.08771324027155103, 67.45319397786860804, 26.50000000000000000 ) ) ;
#6426 = VERTEX_POINT ( 'NONE', #4522 ) ;
#6427 = CARTESIAN_POINT ( 'NONE',  ( 1.561251128379126779E-15, -9.000000000000003553, -10.25000000000000000 ) ) ;
#6428 = ORIENTED_EDGE ( 'NONE', *, *, #3050, .F. ) ;
#6429 = AXIS2_PLACEMENT_3D ( 'NONE', #504, #1264, #8931 ) ;
#6430 = VECTOR ( 'NONE', #8794, 1000.000000000000114 ) ;
#6431 = CARTESIAN_POINT ( 'NONE',  ( -6.333333333333275306, -16.33333333333330728, -8.666666666666618113 ) ) ;
#6432 = FACE_OUTER_BOUND ( 'NONE', #3454, .T. ) ;
#6433 = EDGE_CURVE ( 'NONE', #6562, #1751, #9926, .T. ) ;
#6434 = EDGE_CURVE ( 'NONE', #1367, #3516, #5355, .T. ) ;
#6435 = ORIENTED_EDGE ( 'NONE', *, *, #9616, .F. ) ;
#6436 = CARTESIAN_POINT ( 'NONE',  ( 0.000000000000000000, 1.999999999999997335, -14.99999999999995737 ) ) ;
#6437 = VECTOR ( 'NONE', #9424, 1000.000000000000114 ) ;
#6438 = VERTEX_POINT ( 'NONE', #3662 ) ;
#6439 = ORIENTED_EDGE ( 'NONE', *, *, #8123, .T. ) ;
#6440 = CARTESIAN_POINT ( 'NONE',  ( 0.3499999999999944267, -22.24974746830586270, 0.7071737779759217357 ) ) ;
#6441 = FACE_OUTER_BOUND ( 'NONE', #7130, .T. ) ;
#6442 = CARTESIAN_POINT ( 'NONE',  ( -1.800000000000000044, 15.44999999999999574, 10.24999999999999822 ) ) ;
#6443 = ORIENTED_EDGE ( 'NONE', *, *, #6673, .T. ) ;
#6444 = LINE ( 'NONE', #8062, #8522 ) ;
#6445 = EDGE_LOOP ( 'NONE', ( #7221, #4054, #5707, #830 ) ) ;
#6446 = DIRECTION ( 'NONE',  ( 0.4330127018922202420, -0.7499999999999988898, 0.5000000000000007772 ) ) ;
#6447 = EDGE_CURVE ( 'NONE', #3358, #6390, #1563, .T. ) ;
#6448 = VECTOR ( 'NONE', #6385, 999.9999999999998863 ) ;
#6449 = DIRECTION ( 'NONE',  ( -0.4330127018922201310, 0.7499999999999988898, 0.5000000000000009992 ) ) ;
#6450 = CARTESIAN_POINT ( 'NONE',  ( -17.15705080756893963, 54.71688370674995383, -11.74130307875769574 ) ) ;
#6451 = ORIENTED_EDGE ( 'NONE', *, *, #4710, .T. ) ;
#6452 = ORIENTED_EDGE ( 'NONE', *, *, #6352, .T. ) ;
#6453 = CIRCLE ( 'NONE', #2124, 1.100000000000116218 ) ;
#6454 = CARTESIAN_POINT ( 'NONE',  ( -3.000000000000000000, -27.49999999999998224, -9.500000000000000000 ) ) ;
#6455 = FACE_OUTER_BOUND ( 'NONE', #4551, .T. ) ;
#6456 = ORIENTED_EDGE ( 'NONE', *, *, #2081, .F. ) ;
#6457 = DIRECTION ( 'NONE',  ( -0.5000000000000036637, 0.8660254037844364872, 0.000000000000000000 ) ) ;
#6458 = FACE_OUTER_BOUND ( 'NONE', #6262, .T. ) ;
#6459 = VERTEX_POINT ( 'NONE', #6006 ) ;
#6460 = DIRECTION ( 'NONE',  ( -0.7071067811865517916, 0.000000000000000000, 0.7071067811865431318 ) ) ;
#6461 = EDGE_CURVE ( 'NONE', #8005, #53, #9130, .T. ) ;
#6462 = EDGE_CURVE ( 'NONE', #5188, #5468, #9933, .T. ) ;
#6463 = DIRECTION ( 'NONE',  ( -0.4330127018922197424, 0.7500000000000002220, -0.4999999999999991118 ) ) ;
#6464 = FACE_OUTER_BOUND ( 'NONE', #465, .T. ) ;
#6465 = VECTOR ( 'NONE', #3093, 1000.000000000000114 ) ;
#6466 = DIRECTION ( 'NONE',  ( 0.000000000000000000, -8.673617379884034239E-17, 1.000000000000000000 ) ) ;
#6467 = ORIENTED_EDGE ( 'NONE', *, *, #6922, .T. ) ;
#6468 = DIRECTION ( 'NONE',  ( -1.000000000000000000, 0.000000000000000000, 0.000000000000000000 ) ) ;
#6469 = ORIENTED_EDGE ( 'NONE', *, *, #839, .T. ) ;
#6470 = EDGE_LOOP ( 'NONE', ( #4062, #700, #4796, #5042 ) ) ;
#6471 = PLANE ( 'NONE',  #8181 ) ;
#6472 = ORIENTED_EDGE ( 'NONE', *, *, #2285, .T. ) ;
#6473 = CARTESIAN_POINT ( 'NONE',  ( -9.888908729652641227, 46.12809235116972673, 9.722182540694795705 ) ) ;
#6474 = LINE ( 'NONE', #404, #1630 ) ;
#6475 = DIRECTION ( 'NONE',  ( 0.000000000000000000, 0.8944271909999154113, 0.4472135954999590379 ) ) ;
#6476 = CARTESIAN_POINT ( 'NONE',  ( -16.61506350946114807, 52.77813416937027569, -8.325684219350073079 ) ) ;
#6477 = DIRECTION ( 'NONE',  ( 1.000000000000000000, -0.000000000000000000, -0.000000000000000000 ) ) ;
#6478 = VERTEX_POINT ( 'NONE', #9824 ) ;
#6479 = CARTESIAN_POINT ( 'NONE',  ( -3.000000000000000000, 20.19615242270665334, 1.196152422706594276 ) ) ;
#6480 = ADVANCED_FACE ( 'NONE', ( #6929 ), #8380, .F. ) ;
#6481 = LINE ( 'NONE', #8637, #7408 ) ;
#6482 = CARTESIAN_POINT ( 'NONE',  ( 0.6650054532951827913, -29.00000000000000355, -3.684832279886086859 ) ) ;
#6483 = VECTOR ( 'NONE', #7898, 1000.000000000000000 ) ;
#6484 = CYLINDRICAL_SURFACE ( 'NONE', #3470, 1.099999999999986988 ) ;
#6485 = EDGE_LOOP ( 'NONE', ( #5881, #7104, #7890, #2097 ) ) ;
#6486 = ORIENTED_EDGE ( 'NONE', *, *, #7845, .T. ) ;
#6487 = ADVANCED_FACE ( 'NONE', ( #7545 ), #5123, .T. ) ;
#6488 = DIRECTION ( 'NONE',  ( 0.000000000000000000, 0.000000000000000000, 1.000000000000000000 ) ) ;
#6489 = DIRECTION ( 'NONE',  ( 0.3535533905932726761, -0.6123724356957908066, 0.7071067811865513475 ) ) ;
#6490 = DIRECTION ( 'NONE',  ( -1.000000000000000000, 0.000000000000000000, 0.000000000000000000 ) ) ;
#6491 = ADVANCED_FACE ( 'NONE', ( #5407 ), #1512, .T. ) ;
#6492 = DIRECTION ( 'NONE',  ( -0.000000000000000000, 0.7660444431189715742, -0.6427876096865471345 ) ) ;
#6493 = CARTESIAN_POINT ( 'NONE',  ( -23.11217782649112351, 55.03146626904936056, 10.50000000000000178 ) ) ;
#6494 = FACE_OUTER_BOUND ( 'NONE', #6311, .T. ) ;
#6495 = AXIS2_PLACEMENT_3D ( 'NONE', #1446, #9221, #746 ) ;
#6496 = CARTESIAN_POINT ( 'NONE',  ( -4.000000000000008882, -0.9999999999999913403, -24.00000000000000711 ) ) ;
#6497 = VERTEX_POINT ( 'NONE', #3875 ) ;
#6498 = ADVANCED_FACE ( 'NONE', ( #705 ), #5254, .T. ) ;
#6499 = CARTESIAN_POINT ( 'NONE',  ( 7.758974596215505670, 71.58476383827589018, 8.944365081389610950 ) ) ;
#6500 = DIRECTION ( 'NONE',  ( -0.3535533905932726761, 0.6123724356957908066, -0.7071067811865513475 ) ) ;
#6501 = DIRECTION ( 'NONE',  ( 1.000000000000000000, -0.000000000000000000, -0.000000000000000000 ) ) ;
#6502 = CARTESIAN_POINT ( 'NONE',  ( -16.61506350946114807, 52.77813416937027569, 11.67431578064991093 ) ) ;
#6503 = VECTOR ( 'NONE', #3500, 1000.000000000000000 ) ;
#6504 = ORIENTED_EDGE ( 'NONE', *, *, #5910, .F. ) ;
#6505 = CARTESIAN_POINT ( 'NONE',  ( -25.66506350946115589, 68.45319397786859383, 26.50000000000000000 ) ) ;
#6506 = CARTESIAN_POINT ( 'NONE',  ( -3.790832518300120579, 41.56591452468006764, -14.77781745930524870 ) ) ;
#6507 = DIRECTION ( 'NONE',  ( 0.000000000000000000, 0.000000000000000000, 1.000000000000000000 ) ) ;
#6508 = CIRCLE ( 'NONE', #6665, 1.100000000000107558 ) ;
#6509 = EDGE_CURVE ( 'NONE', #5320, #9502, #6723, .T. ) ;
#6510 = DIRECTION ( 'NONE',  ( 0.000000000000000000, 0.000000000000000000, -1.000000000000000000 ) ) ;
#6511 = ORIENTED_EDGE ( 'NONE', *, *, #7798, .T. ) ;
#6512 = ORIENTED_EDGE ( 'NONE', *, *, #6978, .F. ) ;
#6513 = VERTEX_POINT ( 'NONE', #38 ) ;
#6514 = DIRECTION ( 'NONE',  ( 0.000000000000000000, 1.000000000000000000, -0.000000000000000000 ) ) ;
#6515 = ORIENTED_EDGE ( 'NONE', *, *, #9602, .F. ) ;
#6516 = EDGE_LOOP ( 'NONE', ( #4750, #1077, #6909, #8122 ) ) ;
#6517 = CARTESIAN_POINT ( 'NONE',  ( 10.00000000000000178, -15.00190296114371868, -2.298097038856282914 ) ) ;
#6518 = VECTOR ( 'NONE', #2469, 1000.000000000000227 ) ;
#6519 = CARTESIAN_POINT ( 'NONE',  ( -3.000000000000000000, 26.50000000000006750, -7.500000000000000000 ) ) ;
#6520 = CARTESIAN_POINT ( 'NONE',  ( -13.93782217350915609, 67.14101615137785473, -14.00000000000000355 ) ) ;
#6521 = DIRECTION ( 'NONE',  ( 0.5000000000000013323, -0.8660254037844378194, 0.000000000000000000 ) ) ;
#6522 = CARTESIAN_POINT ( 'NONE',  ( -7.216878364870351170, 27.50000000000004619, -7.500000000000000000 ) ) ;
#6523 = VECTOR ( 'NONE', #2792, 1000.000000000000000 ) ;
#6524 = EDGE_CURVE ( 'NONE', #751, #5339, #9780, .T. ) ;
#6525 = DIRECTION ( 'NONE',  ( 0.8660254037844379305, 0.5000000000000013323, 0.000000000000000000 ) ) ;
#6526 = ORIENTED_EDGE ( 'NONE', *, *, #2503, .F. ) ;
#6527 = LINE ( 'NONE', #4224, #6034 ) ;
#6528 = VERTEX_POINT ( 'NONE', #659 ) ;
#6529 = CARTESIAN_POINT ( 'NONE',  ( -25.05871685740855526, 63.20297076951421644, 15.24130307875773127 ) ) ;
#6530 = DIRECTION ( 'NONE',  ( 0.000000000000000000, -0.8944271909999165215, -0.4472135954999565954 ) ) ;
#6531 = AXIS2_PLACEMENT_3D ( 'NONE', #3578, #8946, #2069 ) ;
#6532 = DIRECTION ( 'NONE',  ( 0.000000000000000000, 0.000000000000000000, -1.000000000000000000 ) ) ;
#6533 = ORIENTED_EDGE ( 'NONE', *, *, #2847, .F. ) ;
#6534 = AXIS2_PLACEMENT_3D ( 'NONE', #5197, #9820, #698 ) ;
#6535 = DIRECTION ( 'NONE',  ( 0.4330127018922200199, -0.7499999999999985567, -0.5000000000000014433 ) ) ;
#6536 = LINE ( 'NONE', #4281, #9492 ) ;
#6537 = DIRECTION ( 'NONE',  ( 0.000000000000000000, 0.000000000000000000, -1.000000000000000000 ) ) ;
#6538 = LINE ( 'NONE', #1233, #835 ) ;
#6539 = DIRECTION ( 'NONE',  ( 0.4330127018922204640, -0.7499999999999998890, -0.4999999999999991118 ) ) ;
#6540 = ORIENTED_EDGE ( 'NONE', *, *, #8414, .T. ) ;
#6541 = CARTESIAN_POINT ( 'NONE',  ( -54.53637007961710026, 14.25656986040708674, -11.00000000000000178 ) ) ;
#6542 = VECTOR ( 'NONE', #7788, 1000.000000000000000 ) ;
#6543 = ADVANCED_FACE ( 'NONE', ( #4568, #8474 ), #1613, .T. ) ;
#6544 = DIRECTION ( 'NONE',  ( 0.8660254037844379305, 0.5000000000000011102, -0.000000000000000000 ) ) ;
#6545 = ORIENTED_EDGE ( 'NONE', *, *, #7481, .T. ) ;
#6546 = EDGE_CURVE ( 'NONE', #1367, #4384, #4070, .T. ) ;
#6547 = ORIENTED_EDGE ( 'NONE', *, *, #6254, .F. ) ;
#6548 = CARTESIAN_POINT ( 'NONE',  ( 3.031088913245566285, 1.750000000000023759, -25.50000000000000000 ) ) ;
#6549 = CARTESIAN_POINT ( 'NONE',  ( 6.999999999999970690, -6.000000000000001776, -22.00000000000000355 ) ) ;
#6550 = CARTESIAN_POINT ( 'NONE',  ( -20.65705080756901069, 60.77906153324112637, 15.24130307875772772 ) ) ;
#6551 = AXIS2_PLACEMENT_3D ( 'NONE', #6499, #9405, #9558 ) ;
#6552 = LINE ( 'NONE', #3446, #9132 ) ;
#6553 = ORIENTED_EDGE ( 'NONE', *, *, #7106, .F. ) ;
#6554 = ORIENTED_EDGE ( 'NONE', *, *, #7852, .T. ) ;
#6555 = CARTESIAN_POINT ( 'NONE',  ( -13.80000000000003979, 52.90230114445051157, 22.50000000000000000 ) ) ;
#6556 = CARTESIAN_POINT ( 'NONE',  ( 1.561251128379127174E-15, -9.000000000000005329, 12.34999999999999964 ) ) ;
#6557 = EDGE_CURVE ( 'NONE', #9124, #1191, #2413, .T. ) ;
#6558 = ADVANCED_FACE ( 'NONE', ( #1813 ), #89, .T. ) ;
#6559 = PLANE ( 'NONE',  #2322 ) ;
#6560 = CIRCLE ( 'NONE', #9276, 2.099999999999999645 ) ;
#6561 = CARTESIAN_POINT ( 'NONE',  ( -0.7729174377005814112, 25.33873227215336854, 7.677464544306748628 ) ) ;
#6562 = VERTEX_POINT ( 'NONE', #2562 ) ;
#6563 = DIRECTION ( 'NONE',  ( -0.000000000000000000, -0.000000000000000000, -1.000000000000000000 ) ) ;
#6564 = VERTEX_POINT ( 'NONE', #7796 ) ;
#6565 = DIRECTION ( 'NONE',  ( 0.2500000000000002776, -0.4330127018922181881, -0.8660254037844392627 ) ) ;
#6566 = VECTOR ( 'NONE', #8386, 1000.000000000000000 ) ;
#6567 = VERTEX_POINT ( 'NONE', #4017 ) ;
#6568 = CARTESIAN_POINT ( 'NONE',  ( -15.16506350946114701, 50.26666049839541017, -13.34863156129982542 ) ) ;
#6569 = ORIENTED_EDGE ( 'NONE', *, *, #3253, .F. ) ;
#6570 = EDGE_CURVE ( 'NONE', #5942, #6993, #3161, .T. ) ;
#6571 = FACE_OUTER_BOUND ( 'NONE', #3011, .T. ) ;
#6572 = CARTESIAN_POINT ( 'NONE',  ( -1.800000000000000044, -9.000000000000005329, 10.25000000000000000 ) ) ;
#6573 = VECTOR ( 'NONE', #2793, 1000.000000000000000 ) ;
#6574 = DIRECTION ( 'NONE',  ( -1.000000000000000000, 0.000000000000000000, 0.000000000000000000 ) ) ;
#6575 = ORIENTED_EDGE ( 'NONE', *, *, #3758, .F. ) ;
#6576 = DIRECTION ( 'NONE',  ( 0.5773502691896231775, 0.5773502691896230665, -0.5773502691896310601 ) ) ;
#6577 = ORIENTED_EDGE ( 'NONE', *, *, #4195, .F. ) ;
#6578 = ORIENTED_EDGE ( 'NONE', *, *, #6725, .F. ) ;
#6579 = LINE ( 'NONE', #4371, #8989 ) ;
#6580 = CIRCLE ( 'NONE', #1638, 1.599999999999998979 ) ;
#6581 = VECTOR ( 'NONE', #2423, 1000.000000000000000 ) ;
#6582 = DIRECTION ( 'NONE',  ( -0.000000000000000000, -0.000000000000000000, -1.000000000000000000 ) ) ;
#6583 = AXIS2_PLACEMENT_3D ( 'NONE', #4899, #1147, #4852 ) ;
#6584 = ADVANCED_FACE ( 'NONE', ( #7940 ), #6269, .F. ) ;
#6585 = LINE ( 'NONE', #8800, #9551 ) ;
#6586 = LINE ( 'NONE', #991, #1631 ) ;
#6587 = AXIS2_PLACEMENT_3D ( 'NONE', #3816, #7644, #3713 ) ;
#6588 = AXIS2_PLACEMENT_3D ( 'NONE', #8472, #3761, #6110 ) ;
#6589 = DIRECTION ( 'NONE',  ( 0.000000000000000000, 0.7071067811865435759, 0.7071067811865514585 ) ) ;
#6590 = LINE ( 'NONE', #9787, #4175 ) ;
#6591 = CARTESIAN_POINT ( 'NONE',  ( 10.00000000000000178, -12.35025253169417248, 4.949747468305830900 ) ) ;
#6592 = VERTEX_POINT ( 'NONE', #7029 ) ;
#6593 = VECTOR ( 'NONE', #7019, 1000.000000000000114 ) ;
#6594 = FACE_OUTER_BOUND ( 'NONE', #2477, .T. ) ;
#6595 = CIRCLE ( 'NONE', #5789, 1.100000000000058265 ) ;
#6596 = CARTESIAN_POINT ( 'NONE',  ( -11.05871685740838117, 38.95425946354970392, -15.24130307875773127 ) ) ;
#6597 = VERTEX_POINT ( 'NONE', #3214 ) ;
#6598 = DIRECTION ( 'NONE',  ( -0.8660254037844379305, -0.5000000000000013323, 0.000000000000000000 ) ) ;
#6599 = CARTESIAN_POINT ( 'NONE',  ( -11.66506350946112569, 44.20448267190433000, 12.98260615751539682 ) ) ;
#6600 = ORIENTED_EDGE ( 'NONE', *, *, #8901, .F. ) ;
#6601 = CARTESIAN_POINT ( 'NONE',  ( -9.240063509461062807, 40.00425946354970819, -15.24130307875773127 ) ) ;
#6602 = ORIENTED_EDGE ( 'NONE', *, *, #8798, .T. ) ;
#6603 = DIRECTION ( 'NONE',  ( -0.8660254037844379305, -0.5000000000000012212, 0.000000000000000000 ) ) ;
#6604 = ADVANCED_FACE ( 'NONE', ( #1665 ), #7188, .T. ) ;
#6605 = ORIENTED_EDGE ( 'NONE', *, *, #8478, .T. ) ;
#6606 = VECTOR ( 'NONE', #9599, 1000.000000000000114 ) ;
#6607 = ORIENTED_EDGE ( 'NONE', *, *, #9932, .T. ) ;
#6608 = LINE ( 'NONE', #1799, #3219 ) ;
#6609 = ADVANCED_FACE ( 'NONE', ( #304 ), #6211, .F. ) ;
#6610 = LINE ( 'NONE', #3499, #4376 ) ;
#6611 = CARTESIAN_POINT ( 'NONE',  ( -10.15705080756891299, 42.59252805376780771, 11.74130307875771706 ) ) ;
#6612 = VECTOR ( 'NONE', #8548, 1000.000000000000000 ) ;
#6613 = CARTESIAN_POINT ( 'NONE',  ( -22.56217782649112991, 54.07883832488649034, 8.944365081389610950 ) ) ;
#6614 = ORIENTED_EDGE ( 'NONE', *, *, #4334, .T. ) ;
#6615 = ORIENTED_EDGE ( 'NONE', *, *, #2541, .T. ) ;
#6616 = DIRECTION ( 'NONE',  ( 0.000000000000000000, 0.7660444431189771253, -0.6427876096865403621 ) ) ;
#6617 = EDGE_CURVE ( 'NONE', #8506, #9226, #965, .T. ) ;
#6618 = EDGE_CURVE ( 'NONE', #7981, #6872, #3969, .T. ) ;
#6619 = EDGE_CURVE ( 'NONE', #432, #4553, #5508, .T. ) ;
#6620 = DIRECTION ( 'NONE',  ( 0.000000000000000000, 0.000000000000000000, 1.000000000000000000 ) ) ;
#6621 = AXIS2_PLACEMENT_3D ( 'NONE', #8909, #6391, #2639 ) ;
#6622 = CARTESIAN_POINT ( 'NONE',  ( 10.00000000000000000, -17.30000000000000426, -1.016456843292302834E-15 ) ) ;
#6623 = CARTESIAN_POINT ( 'NONE',  ( -4.500000000000000888, -11.99999999999999645, 12.49999999999999645 ) ) ;
#6624 = FACE_OUTER_BOUND ( 'NONE', #6405, .T. ) ;
#6625 = LINE ( 'NONE', #9684, #742 ) ;
#6626 = VERTEX_POINT ( 'NONE', #7080 ) ;
#6627 = CARTESIAN_POINT ( 'NONE',  ( 1.020066058403999332, -9.047343653227654769, -7.125048019267990362 ) ) ;
#6628 = EDGE_CURVE ( 'NONE', #6206, #875, #817, .T. ) ;
#6629 = ORIENTED_EDGE ( 'NONE', *, *, #367, .T. ) ;
#6630 = DIRECTION ( 'NONE',  ( -0.8660254037844379305, -0.5000000000000012212, 0.000000000000000000 ) ) ;
#6631 = CARTESIAN_POINT ( 'NONE',  ( -25.05871685740856236, 63.20297076951423065, 12.75869692124230781 ) ) ;
#6632 = CARTESIAN_POINT ( 'NONE',  ( -8.027323035880302271, 37.90373134691268575, 32.80746269382540703 ) ) ;
#6633 = ORIENTED_EDGE ( 'NONE', *, *, #6114, .T. ) ;
#6634 = FACE_OUTER_BOUND ( 'NONE', #6393, .T. ) ;
#6636 = EDGE_CURVE ( 'NONE', #7920, #1437, #5668, .T. ) ;
#6635 = LINE ( 'NONE', #8996, #5103 ) ;
#6637 = ADVANCED_FACE ( 'NONE', ( #1708 ), #3265, .F. ) ;
#6638 = DIRECTION ( 'NONE',  ( 0.000000000000000000, 0.000000000000000000, 1.000000000000000000 ) ) ;
#6639 = ORIENTED_EDGE ( 'NONE', *, *, #5215, .T. ) ;
#6640 = CARTESIAN_POINT ( 'NONE',  ( -13.48371685740844406, 43.15448267190432574, 12.98260615751539682 ) ) ;
#6641 = DIRECTION ( 'NONE',  ( 0.000000000000000000, -8.425943506694150015E-33, -1.000000000000000000 ) ) ;
#6642 = CARTESIAN_POINT ( 'NONE',  ( 8.573651497466020288, 4.950000000000065015, -2.557540372890165233E-14 ) ) ;
#6643 = ORIENTED_EDGE ( 'NONE', *, *, #8517, .T. ) ;
#6644 = VERTEX_POINT ( 'NONE', #1854 ) ;
#6646 = EDGE_CURVE ( 'NONE', #4136, #4367, #6315, .T. ) ;
#6645 = DIRECTION ( 'NONE',  ( 1.000000000000000000, -0.000000000000000000, -0.000000000000000000 ) ) ;
#6647 = DIRECTION ( 'NONE',  ( -0.8660254037844379305, -0.5000000000000011102, 0.000000000000000000 ) ) ;
#6648 = CARTESIAN_POINT ( 'NONE',  ( 2.609854790610839803, 19.47959890228501934, -4.040802195429997745 ) ) ;
#6649 = LINE ( 'NONE', #4344, #6408 ) ;
#6650 = EDGE_LOOP ( 'NONE', ( #6602, #3441, #2376, #3797 ) ) ;
#6651 = VERTEX_POINT ( 'NONE', #8629 ) ;
#6652 = CARTESIAN_POINT ( 'NONE',  ( 1.014834125678469423, -6.000000000000003553, 3.717214077841658693 ) ) ;
#6653 = AXIS2_PLACEMENT_3D ( 'NONE', #4512, #4455, #7539 ) ;
#6654 = CARTESIAN_POINT ( 'NONE',  ( -10.59006350946113528, 42.34252805376780771, 12.50000000000000000 ) ) ;
#6655 = DIRECTION ( 'NONE',  ( 0.000000000000000000, 0.7071067811865475727, -0.7071067811865475727 ) ) ;
#6656 = ORIENTED_EDGE ( 'NONE', *, *, #3095, .T. ) ;
#6657 = ADVANCED_FACE ( 'NONE', ( #3921 ), #4812, .F. ) ;
#6658 = VECTOR ( 'NONE', #6703, 1000.000000000000227 ) ;
#6659 = CARTESIAN_POINT ( 'NONE',  ( -12.20000000000004192, 50.13101985234033009, -10.00000000000000000 ) ) ;
#6660 = DIRECTION ( 'NONE',  ( 1.000000000000000000, -0.000000000000000000, -0.000000000000000000 ) ) ;
#6661 = ORIENTED_EDGE ( 'NONE', *, *, #8633, .T. ) ;
#6662 = LINE ( 'NONE', #7630, #3792 ) ;
#6663 = LINE ( 'NONE', #455, #3229 ) ;
#6664 = VERTEX_POINT ( 'NONE', #9581 ) ;
#6665 = AXIS2_PLACEMENT_3D ( 'NONE', #209, #155, #1771 ) ;
#6666 = CARTESIAN_POINT ( 'NONE',  ( 10.00000000000000000, -22.24974746830583072, 2.861095805374186174 ) ) ;
#6667 = ADVANCED_FACE ( 'NONE', ( #4310 ), #2806, .F. ) ;
#6668 = ADVANCED_FACE ( 'NONE', ( #2857, #8091 ), #2051, .F. ) ;
#6669 = EDGE_LOOP ( 'NONE', ( #8894, #8470, #1245, #1537 ) ) ;
#6670 = LINE ( 'NONE', #8984, #468 ) ;
#6671 = CARTESIAN_POINT ( 'NONE',  ( -13.48371685740844406, 43.15448267190432574, 12.98260615751539682 ) ) ;
#6672 = ORIENTED_EDGE ( 'NONE', *, *, #5931, .F. ) ;
#6673 = EDGE_CURVE ( 'NONE', #8074, #1640, #5102, .T. ) ;
#6674 = CARTESIAN_POINT ( 'NONE',  ( 1.207095630757395455, -8.893254401138872112, -6.942008400354862552 ) ) ;
#6675 = VECTOR ( 'NONE', #9187, 1000.000000000000000 ) ;
#6676 = DIRECTION ( 'NONE',  ( 0.3535533905932738419, -0.6123724356957924719, -0.7071067811865491270 ) ) ;
#6677 = UNCERTAINTY_MEASURE_WITH_UNIT (LENGTH_MEASURE( 1.000000000000000082E-05 ), #5288, 'distance_accuracy_value', 'NONE');
#6678 = FACE_OUTER_BOUND ( 'NONE', #5619, .T. ) ;
#6679 = EDGE_CURVE ( 'NONE', #6837, #1411, #2663, .T. ) ;
#6680 = EDGE_CURVE ( 'NONE', #6941, #1256, #8979, .T. ) ;
#6681 = PLANE ( 'NONE',  #4116 ) ;
#6682 = LINE ( 'NONE', #7649, #3977 ) ;
#6683 = DIRECTION ( 'NONE',  ( 0.000000000000000000, -5.782411586589357639E-16, -1.000000000000000000 ) ) ;
#6684 = CARTESIAN_POINT ( 'NONE',  ( -11.23205080756890695, 44.45448267190433000, -12.98260615751540392 ) ) ;
#6685 = VECTOR ( 'NONE', #1314, 1000.000000000000000 ) ;
#6686 = AXIS2_PLACEMENT_3D ( 'NONE', #9792, #9042, #1420 ) ;
#6687 = LINE ( 'NONE', #3481, #6248 ) ;
#6688 = ADVANCED_FACE ( 'NONE', ( #7443 ), #4216, .F. ) ;
#6689 = DIRECTION ( 'NONE',  ( 0.000000000000000000, 0.000000000000000000, 1.000000000000000000 ) ) ;
#6690 = EDGE_LOOP ( 'NONE', ( #9673, #5530, #1744, #493 ) ) ;
#6691 = AXIS2_PLACEMENT_3D ( 'NONE', #43, #146, #6164 ) ;
#6692 = CARTESIAN_POINT ( 'NONE',  ( -11.66506350946112214, 44.20448267190432290, 8.017393842484615618 ) ) ;
#6693 = ORIENTED_EDGE ( 'NONE', *, *, #5571, .F. ) ;
#6694 = CYLINDRICAL_SURFACE ( 'NONE', #8953, 3.249999999999999556 ) ;
#6695 = FACE_OUTER_BOUND ( 'NONE', #8482, .T. ) ;
#6696 = CARTESIAN_POINT ( 'NONE',  ( -3.000000000000004441, 16.29852813742385109, 9.401471862576146421 ) ) ;
#6697 = LINE ( 'NONE', #8351, #9928 ) ;
#6698 = ORIENTED_EDGE ( 'NONE', *, *, #5900, .T. ) ;
#6699 = VECTOR ( 'NONE', #2153, 1000.000000000000114 ) ;
#6700 = CARTESIAN_POINT ( 'NONE',  ( -3.000000000000000000, -22.24974746830583783, -4.949747468305832676 ) ) ;
#6701 = ADVANCED_FACE ( 'NONE', ( #8182 ), #7991, .F. ) ;
#6702 = EDGE_CURVE ( 'NONE', #9534, #1600, #6474, .T. ) ;
#6703 = DIRECTION ( 'NONE',  ( 0.8660254037844378194, 0.5000000000000013323, -0.000000000000000000 ) ) ;
#6704 = ORIENTED_EDGE ( 'NONE', *, *, #6180, .F. ) ;
#6705 = ORIENTED_EDGE ( 'NONE', *, *, #6619, .F. ) ;
#6706 = DIRECTION ( 'NONE',  ( 0.5000000000000013323, -0.8660254037844379305, 0.000000000000000000 ) ) ;
#6707 = DIRECTION ( 'NONE',  ( 1.000000000000000000, -0.000000000000000000, -0.000000000000000000 ) ) ;
#6708 = DIRECTION ( 'NONE',  ( 0.000000000000000000, 0.000000000000000000, -1.000000000000000000 ) ) ;
#6709 = ORIENTED_EDGE ( 'NONE', *, *, #4115, .T. ) ;
#6710 = FACE_OUTER_BOUND ( 'NONE', #4081, .T. ) ;
#6711 = B_SPLINE_CURVE_WITH_KNOTS ( 'NONE', 3,
 ( #1071, #4079, #3372, #2573 ),
 .UNSPECIFIED., .F., .F.,
 ( 4, 4 ),
 ( 0.02993880852976060075, 0.03134301475198529585 ),
 .UNSPECIFIED. ) ;
#6712 = CARTESIAN_POINT ( 'NONE',  ( -21.09006350946124186, 60.52906153324113347, -12.75869692124231847 ) ) ;
#6713 = AXIS2_PLACEMENT_3D ( 'NONE', #7955, #3325, #6488 ) ;
#6714 = ORIENTED_EDGE ( 'NONE', *, *, #3818, .F. ) ;
#6715 = CARTESIAN_POINT ( 'NONE',  ( -17.41672955930069122, 48.96666049839542723, -19.15136843870016747 ) ) ;
#6716 = CARTESIAN_POINT ( 'NONE',  ( -3.000000000000000000, -29.00000000000000000, 12.50000000000000000 ) ) ;
#6717 = ORIENTED_EDGE ( 'NONE', *, *, #6108, .F. ) ;
#6718 = CIRCLE ( 'NONE', #2075, 2.100000000000000977 ) ;
#6719 = VERTEX_POINT ( 'NONE', #5012 ) ;
#6720 = LINE ( 'NONE', #5959, #8344 ) ;
#6721 = EDGE_CURVE ( 'NONE', #5660, #6146, #1902, .T. ) ;
#6722 = ORIENTED_EDGE ( 'NONE', *, *, #783, .F. ) ;
#6723 = LINE ( 'NONE', #9873, #166 ) ;
#6724 = ORIENTED_EDGE ( 'NONE', *, *, #8284, .F. ) ;
#6725 = EDGE_CURVE ( 'NONE', #6846, #8282, #7343, .T. ) ;
#6726 = CARTESIAN_POINT ( 'NONE',  ( -15.96672955930068483, 46.45518682742054750, -24.17431578064990916 ) ) ;
#6727 = DIRECTION ( 'NONE',  ( 0.3535533905932751186, -0.6123724356957980230, -0.7071067811865439090 ) ) ;
#6728 = LINE ( 'NONE', #3475, #7042 ) ;
#6729 = ORIENTED_EDGE ( 'NONE', *, *, #7863, .F. ) ;
#6730 = CIRCLE ( 'NONE', #353, 1.599999999999998979 ) ;
#6731 = VECTOR ( 'NONE', #8599, 999.9999999999998863 ) ;
#6732 = LINE ( 'NONE', #524, #2091 ) ;
#6733 = EDGE_CURVE ( 'NONE', #8005, #6567, #6663, .T. ) ;
#6734 = EDGE_CURVE ( 'NONE', #5269, #3250, #4913, .T. ) ;
#6735 = AXIS2_PLACEMENT_3D ( 'NONE', #4694, #7000, #937 ) ;
#6736 = CARTESIAN_POINT ( 'NONE',  ( -1.799999999999999600, -9.000000000000003553, -11.94705627484770716 ) ) ;
#6737 = CARTESIAN_POINT ( 'NONE',  ( -13.71506350946114416, 47.75518682742054466, 11.67431578064991804 ) ) ;
#6738 = DIRECTION ( 'NONE',  ( -0.8660254037844379305, -0.5000000000000012212, 0.000000000000000000 ) ) ;
#6739 = AXIS2_PLACEMENT_3D ( 'NONE', #1673, #7252, #5517 ) ;
#6740 = EDGE_LOOP ( 'NONE', ( #3193, #35, #8799, #7160 ) ) ;
#6741 = VECTOR ( 'NONE', #6058, 1000.000000000000000 ) ;
#6742 = LINE ( 'NONE', #9793, #1251 ) ;
#6743 = CARTESIAN_POINT ( 'NONE',  ( 10.00000000000000000, -17.30000000000000426, -10.90000000000000213 ) ) ;
#6744 = LINE ( 'NONE', #6648, #1720 ) ;
#6745 = CARTESIAN_POINT ( 'NONE',  ( -25.08771324027155103, 67.45319397786860804, 23.65470053837918130 ) ) ;
#6746 = EDGE_CURVE ( 'NONE', #7901, #604, #8040, .T. ) ;
#6747 = ORIENTED_EDGE ( 'NONE', *, *, #1901, .T. ) ;
#6748 = AXIS2_PLACEMENT_3D ( 'NONE', #7784, #6962, #2402 ) ;
#6749 = DIRECTION ( 'NONE',  ( -0.000000000000000000, -0.000000000000000000, 1.000000000000000000 ) ) ;
#6750 = VECTOR ( 'NONE', #2823, 1000.000000000000000 ) ;
#6751 = DIRECTION ( 'NONE',  ( 0.000000000000000000, 0.000000000000000000, 1.000000000000000000 ) ) ;
#6752 = LINE ( 'NONE', #2941, #5483 ) ;
#6753 = DIRECTION ( 'NONE',  ( 0.2500000000000002220, -0.4330127018922181326, 0.8660254037844392627 ) ) ;
#6754 = ORIENTED_EDGE ( 'NONE', *, *, #4742, .F. ) ;
#6755 = ORIENTED_EDGE ( 'NONE', *, *, #4125, .T. ) ;
#6756 = AXIS2_PLACEMENT_3D ( 'NONE', #3282, #9550, #5394 ) ;
#6757 = CARTESIAN_POINT ( 'NONE',  ( -12.45108655614450122, 36.56591452468005343, -14.77781745930524870 ) ) ;
#6758 = VERTEX_POINT ( 'NONE', #3415 ) ;
#6759 = ORIENTED_EDGE ( 'NONE', *, *, #7336, .F. ) ;
#6760 = DIRECTION ( 'NONE',  ( 0.000000000000000000, 0.000000000000000000, 1.000000000000000000 ) ) ;
#6761 = ORIENTED_EDGE ( 'NONE', *, *, #678, .F. ) ;
#6762 = CARTESIAN_POINT ( 'NONE',  ( 2.000000000000001776, -21.22128729280736792, 3.724076359315471318 ) ) ;
#6763 = EDGE_CURVE ( 'NONE', #6989, #8471, #3509, .T. ) ;
#6765 = ADVANCED_FACE ( 'NONE', ( #4961 ), #2712, .F. ) ;
#6764 = EDGE_LOOP ( 'NONE', ( #4969, #4658, #8551, #1173, #1495, #6785 ) ) ;
#6766 = CARTESIAN_POINT ( 'NONE',  ( -10.02627944162881946, 24.36602540378443749, 0.000000000000000000 ) ) ;
#6767 = DIRECTION ( 'NONE',  ( 0.000000000000000000, 0.7559289460185386611, 0.6546536707078798312 ) ) ;
#6768 = EDGE_LOOP ( 'NONE', ( #6729, #1116, #5201, #6122 ) ) ;
#6769 = VECTOR ( 'NONE', #5437, 1000.000000000000114 ) ;
#6770 = CARTESIAN_POINT ( 'NONE',  ( -16.02627944162884788, 34.75833024919773351, -26.49999999999999645 ) ) ;
#6771 = FACE_OUTER_BOUND ( 'NONE', #8084, .T. ) ;
#6772 = ORIENTED_EDGE ( 'NONE', *, *, #2743, .F. ) ;
#6773 = VERTEX_POINT ( 'NONE', #5812 ) ;
#6774 = VERTEX_POINT ( 'NONE', #8133 ) ;
#6775 = LINE ( 'NONE', #8377, #6741 ) ;
#6776 = VECTOR ( 'NONE', #5983, 1000.000000000000000 ) ;
#6777 = CARTESIAN_POINT ( 'NONE',  ( -13.93782217350906549, 67.14101615137768420, 14.00000000000000711 ) ) ;
#6778 = PLANE ( 'NONE',  #1074 ) ;
#6779 = EDGE_CURVE ( 'NONE', #4925, #1561, #7390, .T. ) ;
#6780 = VECTOR ( 'NONE', #6824, 1000.000000000000000 ) ;
#6781 = LINE ( 'NONE', #1366, #9583 ) ;
#6782 = DIRECTION ( 'NONE',  ( -0.4330127018922197979, 0.7499999999999984457, 0.5000000000000021094 ) ) ;
#6783 = CARTESIAN_POINT ( 'NONE',  ( -18.49649240154186813, 47.03686460128213298, -23.63137084989847736 ) ) ;
#6784 = FACE_OUTER_BOUND ( 'NONE', #2865, .T. ) ;
#6785 = ORIENTED_EDGE ( 'NONE', *, *, #7571, .F. ) ;
#6786 = ORIENTED_EDGE ( 'NONE', *, *, #7737, .T. ) ;
#6787 = DIRECTION ( 'NONE',  ( -0.7071067811865524577, 0.4545194776720460905, 0.5416752204196936260 ) ) ;
#6788 = ORIENTED_EDGE ( 'NONE', *, *, #6884, .F. ) ;
#6789 = CARTESIAN_POINT ( 'NONE',  ( -3.000000000000000000, -12.35025253169417248, 4.949747468305830900 ) ) ;
#6790 = ORIENTED_EDGE ( 'NONE', *, *, #5160, .F. ) ;
#6791 = EDGE_CURVE ( 'NONE', #1088, #5234, #2298, .T. ) ;
#6792 = ADVANCED_FACE ( 'NONE', ( #9117 ), #1443, .T. ) ;
#6793 = LINE ( 'NONE', #9704, #3824 ) ;
#6794 = ORIENTED_EDGE ( 'NONE', *, *, #8176, .F. ) ;
#6795 = LINE ( 'NONE', #1377, #9330 ) ;
#6796 = ORIENTED_EDGE ( 'NONE', *, *, #9440, .T. ) ;
#6797 = CARTESIAN_POINT ( 'NONE',  ( -18.66506350946117720, 56.32883832488651166, 8.017393842484619171 ) ) ;
#6798 = CYLINDRICAL_SURFACE ( 'NONE', #4652, 3.249999999999999556 ) ;
#6799 = ORIENTED_EDGE ( 'NONE', *, *, #1661, .F. ) ;
#6800 = CARTESIAN_POINT ( 'NONE',  ( -21.55871685740848420, 57.14079294302302969, 9.258696921242297151 ) ) ;
#6801 = PLANE ( 'NONE',  #2736 ) ;
#6802 = DIRECTION ( 'NONE',  ( 0.000000000000000000, 0.7559289460184688281, 0.6546536707079605444 ) ) ;
#6803 = CARTESIAN_POINT ( 'NONE',  ( -15.96672955930068483, 46.45518682742054750, -8.325684219350083737 ) ) ;
#6804 = EDGE_LOOP ( 'NONE', ( #8908, #9596, #4413, #7270, #3677, #8957 ) ) ;
#6805 = EDGE_CURVE ( 'NONE', #1256, #7632, #6912, .T. ) ;
#6806 = ADVANCED_FACE ( 'NONE', ( #2149 ), #744, .F. ) ;
#6807 = LINE ( 'NONE', #2990, #1903 ) ;
#6808 = ORIENTED_EDGE ( 'NONE', *, *, #1984, .F. ) ;
#6809 = LINE ( 'NONE', #2292, #7902 ) ;
#6810 = LINE ( 'NONE', #9813, #4478 ) ;
#6811 = AXIS2_PLACEMENT_3D ( 'NONE', #2199, #5953, #5349 ) ;
#6812 = EDGE_LOOP ( 'NONE', ( #4426, #1881, #3898, #8590 ) ) ;
#6813 = DIRECTION ( 'NONE',  ( -0.4330127018922218518, 0.7499999999999990008, -0.4999999999999993339 ) ) ;
#6814 = CARTESIAN_POINT ( 'NONE',  ( -5.782411586589342848E-16, -4.999999999999985789, -22.00000000000000355 ) ) ;
#6815 = FACE_OUTER_BOUND ( 'NONE', #1595, .T. ) ;
#6816 = EDGE_CURVE ( 'NONE', #9578, #1169, #6047, .T. ) ;
#6817 = AXIS2_PLACEMENT_3D ( 'NONE', #2455, #1699, #3912 ) ;
#6818 = FACE_OUTER_BOUND ( 'NONE', #2600, .T. ) ;
#6819 = VERTEX_POINT ( 'NONE', #4402 ) ;
#6820 = ORIENTED_EDGE ( 'NONE', *, *, #2307, .F. ) ;
#6821 = LINE ( 'NONE', #1511, #1313 ) ;
#6822 = STYLED_ITEM ( 'NONE', ( #2333 ), #8417 ) ;
#6823 = DIRECTION ( 'NONE',  ( 0.000000000000000000, 0.7559289460184511755, -0.6546536707079808615 ) ) ;
#6824 = DIRECTION ( 'NONE',  ( -1.000000000000000000, -0.000000000000000000, -0.000000000000000000 ) ) ;
#6825 = EDGE_CURVE ( 'NONE', #4925, #6528, #9917, .T. ) ;
#6826 = CARTESIAN_POINT ( 'NONE',  ( -22.56217782649112991, 54.07883832488649034, -10.49999999999999822 ) ) ;
#6827 = VECTOR ( 'NONE', #3228, 1000.000000000000114 ) ;
#6828 = DIRECTION ( 'NONE',  ( -0.3535533905932768950, 0.6123724356958006876, -0.7071067811865405783 ) ) ;
#6829 = DIRECTION ( 'NONE',  ( 0.000000000000000000, 2.392722035830078972E-16, -1.000000000000000000 ) ) ;
#6830 = FACE_OUTER_BOUND ( 'NONE', #1158, .T. ) ;
#6831 = CARTESIAN_POINT ( 'NONE',  ( 10.00000000000000000, -17.30000000000000426, -1.016456843292302834E-15 ) ) ;
#6832 = ORIENTED_EDGE ( 'NONE', *, *, #5584, .F. ) ;
#6833 = CARTESIAN_POINT ( 'NONE',  ( -5.154700538379272778, 35.00000000000002132, 12.50000000000000000 ) ) ;
#6834 = CIRCLE ( 'NONE', #7648, 1.099999999999986988 ) ;
#6835 = ORIENTED_EDGE ( 'NONE', *, *, #4306, .F. ) ;
#6836 = CARTESIAN_POINT ( 'NONE',  ( -18.86672955930068341, 51.47813416937027853, 11.67431578064991093 ) ) ;
#6837 = VERTEX_POINT ( 'NONE', #8370 ) ;
#6838 = VECTOR ( 'NONE', #3511, 1000.000000000000000 ) ;
#6839 = VECTOR ( 'NONE', #2226, 1000.000000000000000 ) ;
#6840 = CARTESIAN_POINT ( 'NONE',  ( -6.999999999999995559, 5.999999999999977796, -15.00000000000000000 ) ) ;
#6841 = ORIENTED_EDGE ( 'NONE', *, *, #3731, .F. ) ;
#6842 = CARTESIAN_POINT ( 'NONE',  ( -25.67326909683867697, 59.46740647211243669, -14.77781745930524693 ) ) ;
#6843 = VERTEX_POINT ( 'NONE', #9171 ) ;
#6844 = APPLICATION_PROTOCOL_DEFINITION ( 'draft international standard', 'automotive_design', 1998, #644 ) ;
#6845 = CARTESIAN_POINT ( 'NONE',  ( 2.000000000000006217, -8.337726650302860421, -6.203842068050116509 ) ) ;
#6846 = VERTEX_POINT ( 'NONE', #4560 ) ;
#6847 = DIRECTION ( 'NONE',  ( 0.8660254037844379305, 0.5000000000000011102, -0.000000000000000000 ) ) ;
#6848 = EDGE_LOOP ( 'NONE', ( #1288, #8291, #4659, #7831, #4953, #6656 ) ) ;
#6849 = EDGE_CURVE ( 'NONE', #361, #3837, #7407, .T. ) ;
#6850 = DIRECTION ( 'NONE',  ( 0.000000000000000000, 0.6427876096865403621, -0.7660444431189771253 ) ) ;
#6851 = VECTOR ( 'NONE', #3004, 1000.000000000000000 ) ;
#6852 = VECTOR ( 'NONE', #5018, 999.9999999999998863 ) ;
#6853 = EDGE_CURVE ( 'NONE', #9565, #2696, #9863, .T. ) ;
#6854 = VERTEX_POINT ( 'NONE', #6712 ) ;
#6855 = ORIENTED_EDGE ( 'NONE', *, *, #9087, .F. ) ;
#6856 = DIRECTION ( 'NONE',  ( -1.000000000000000000, -0.000000000000000000, -0.000000000000000000 ) ) ;
#6857 = ORIENTED_EDGE ( 'NONE', *, *, #5973, .F. ) ;
#6858 = EDGE_LOOP ( 'NONE', ( #8338, #5514, #7325, #3617 ) ) ;
#6859 = DIRECTION ( 'NONE',  ( 0.000000000000000000, 0.6427876096865347000, -0.7660444431189818992 ) ) ;
#6860 = CONICAL_SURFACE ( 'NONE', #1741, 1.599999999999976552, 0.7853981633974547183 ) ;
#6861 = FACE_OUTER_BOUND ( 'NONE', #8469, .T. ) ;
#6862 = EDGE_LOOP ( 'NONE', ( #4946, #7276, #8169, #7805, #2807, #8730 ) ) ;
#6863 = EDGE_CURVE ( 'NONE', #5144, #2507, #2953, .T. ) ;
#6864 = EDGE_CURVE ( 'NONE', #6287, #7298, #798, .T. ) ;
#6865 = CARTESIAN_POINT ( 'NONE',  ( -26.45108655614380666, 60.81462583064305250, 13.22218254069462517 ) ) ;
#6866 = CARTESIAN_POINT ( 'NONE',  ( -4.000000000000015099, 33.00000000000002132, -7.500000000000000000 ) ) ;
#6867 = LINE ( 'NONE', #9867, #2653 ) ;
#6868 = AXIS2_PLACEMENT_3D ( 'NONE', #8915, #5128, #579 ) ;
#6869 = CARTESIAN_POINT ( 'NONE',  ( 0.000000000000000000, -6.000000000000005329, 10.50000000000000178 ) ) ;
#6870 = LINE ( 'NONE', #3058, #9415 ) ;
#6871 = ORIENTED_EDGE ( 'NONE', *, *, #7266, .F. ) ;
#6872 = VERTEX_POINT ( 'NONE', #8418 ) ;
#6873 = LINE ( 'NONE', #4519, #6256 ) ;
#6874 = EDGE_CURVE ( 'NONE', #4158, #3574, #4453, .T. ) ;
#6875 = DIRECTION ( 'NONE',  ( 0.000000000000000000, 0.000000000000000000, 1.000000000000000000 ) ) ;
#6876 = LINE ( 'NONE', #5077, #3739 ) ;
#6877 = CARTESIAN_POINT ( 'NONE',  ( -7.000000000000000000, -25.00000000000000000, 15.00000000000000178 ) ) ;
#6878 = CIRCLE ( 'NONE', #6063, 1.100000000000058265 ) ;
#6879 = DIRECTION ( 'NONE',  ( 0.4330127018922205751, -0.7499999999999995559, 0.4999999999999996669 ) ) ;
#6880 = VERTEX_POINT ( 'NONE', #2243 ) ;
#6881 = EDGE_LOOP ( 'NONE', ( #3274, #7214, #79, #2924, #4109, #4462 ) ) ;
#6882 = LINE ( 'NONE', #3075, #3322 ) ;
#6883 = DIRECTION ( 'NONE',  ( 0.3535533905932748411, -0.6123724356957913617, 0.7071067811865496822 ) ) ;
#6884 = EDGE_CURVE ( 'NONE', #1947, #9937, #6919, .T. ) ;
#6885 = EDGE_CURVE ( 'NONE', #1658, #2059, #27, .T. ) ;
#6886 = CIRCLE ( 'NONE', #9759, 3.249999999999999556 ) ;
#6887 = CARTESIAN_POINT ( 'NONE',  ( -13.48371685740847070, 43.15448267190436127, 8.944365081389609173 ) ) ;
#6888 = ORIENTED_EDGE ( 'NONE', *, *, #7657, .F. ) ;
#6889 = CARTESIAN_POINT ( 'NONE',  ( -24.37262558706126825, 62.01462583064325429, -14.77781745930522028 ) ) ;
#6890 = ORIENTED_EDGE ( 'NONE', *, *, #4544, .F. ) ;
#6891 = VERTEX_POINT ( 'NONE', #6150 ) ;
#6892 = CARTESIAN_POINT ( 'NONE',  ( -3.000000000000000000, -29.00000000000000000, 10.50000000000000178 ) ) ;
#6893 = ORIENTED_EDGE ( 'NONE', *, *, #4058, .T. ) ;
#6894 = AXIS2_PLACEMENT_3D ( 'NONE', #4997, #4202, #9408 ) ;
#6895 = CARTESIAN_POINT ( 'NONE',  ( 10.00000000000000178, -15.00190296114371868, -2.298097038856282914 ) ) ;
#6896 = DIRECTION ( 'NONE',  ( -0.8660254037844379305, -0.5000000000000013323, 0.000000000000000000 ) ) ;
#6897 = EDGE_LOOP ( 'NONE', ( #3607, #3448, #1862, #319 ) ) ;
#6898 = LINE ( 'NONE', #4733, #9878 ) ;
#6899 = DIRECTION ( 'NONE',  ( -1.000000000000000000, -0.000000000000000000, -0.000000000000000000 ) ) ;
#6900 = EDGE_LOOP ( 'NONE', ( #8109, #3934, #3748, #368 ) ) ;
#6901 = LINE ( 'NONE', #5380, #8492 ) ;
#6902 = VECTOR ( 'NONE', #5558, 1000.000000000000000 ) ;
#6903 = PLANE ( 'NONE',  #7593 ) ;
#6904 = AXIS2_PLACEMENT_3D ( 'NONE', #5967, #2784, #2215 ) ;
#6905 =( NAMED_UNIT ( * ) SI_UNIT ( $, .STERADIAN. ) SOLID_ANGLE_UNIT ( ) );
#6906 = VERTEX_POINT ( 'NONE', #3000 ) ;
#6907 = ADVANCED_FACE ( 'NONE', ( #7490 ), #8225, .T. ) ;
#6908 = DIRECTION ( 'NONE',  ( 0.8660254037844380415, 0.5000000000000012212, -0.000000000000000000 ) ) ;
#6909 = ORIENTED_EDGE ( 'NONE', *, *, #7636, .T. ) ;
#6910 = VERTEX_POINT ( 'NONE', #5996 ) ;
#6911 = LINE ( 'NONE', #6040, #3236 ) ;
#6912 = CIRCLE ( 'NONE', #9313, 1.100000000000116218 ) ;
#6913 = CARTESIAN_POINT ( 'NONE',  ( -6.350852961085911907, 35.00000000000002132, 12.50000000000000000 ) ) ;
#6914 = VECTOR ( 'NONE', #1069, 1000.000000000000000 ) ;
#6915 = LINE ( 'NONE', #7116, #5432 ) ;
#6916 = AXIS2_PLACEMENT_3D ( 'NONE', #4236, #7099, #7149 ) ;
#6917 = VERTEX_POINT ( 'NONE', #7535 ) ;
#6918 = CARTESIAN_POINT ( 'NONE',  ( -23.98371685740864478, 61.34101615137782915, -14.00000000000000355 ) ) ;
#6919 = LINE ( 'NONE', #1551, #1793 ) ;
#6920 = FACE_OUTER_BOUND ( 'NONE', #2116, .T. ) ;
#6921 = VECTOR ( 'NONE', #4016, 1000.000000000000114 ) ;
#6922 = EDGE_CURVE ( 'NONE', #418, #6497, #3703, .T. ) ;
#6923 = CARTESIAN_POINT ( 'NONE',  ( -13.71506350946114416, 47.75518682742054466, -20.82568421935008729 ) ) ;
#6924 = EDGE_LOOP ( 'NONE', ( #7208, #4706, #8572, #7144, #2577 ) ) ;
#6925 = ORIENTED_EDGE ( 'NONE', *, *, #1094, .F. ) ;
#6926 = VERTEX_POINT ( 'NONE', #74 ) ;
#6927 = DIRECTION ( 'NONE',  ( 1.000000000000000000, 0.000000000000000000, 0.000000000000000000 ) ) ;
#6928 = VECTOR ( 'NONE', #689, 1000.000000000000114 ) ;
#6929 = FACE_OUTER_BOUND ( 'NONE', #1772, .T. ) ;
#6930 = FACE_OUTER_BOUND ( 'NONE', #5587, .T. ) ;
#6931 = LINE ( 'NONE', #8477, #7967 ) ;
#6932 = EDGE_CURVE ( 'NONE', #527, #1561, #5596, .T. ) ;
#6933 = VECTOR ( 'NONE', #5226, 1000.000000000000227 ) ;
#6934 = CARTESIAN_POINT ( 'NONE',  ( -6.657050807568833051, 36.53035022727662096, 15.24130307875772061 ) ) ;
#6935 = ORIENTED_EDGE ( 'NONE', *, *, #9420, .F. ) ;
#6936 = DIRECTION ( 'NONE',  ( -0.7071067811865524577, 0.7071067811865426878, 1.533293416683363291E-16 ) ) ;
#6937 = FACE_OUTER_BOUND ( 'NONE', #4636, .T. ) ;
#6938 = LINE ( 'NONE', #5365, #3690 ) ;
#6939 = VECTOR ( 'NONE', #9159, 1000.000000000000000 ) ;
#6940 = LINE ( 'NONE', #7907, #913 ) ;
#6941 = VERTEX_POINT ( 'NONE', #954 ) ;
#6942 = EDGE_CURVE ( 'NONE', #8565, #3870, #4029, .T. ) ;
#6943 = EDGE_CURVE ( 'NONE', #245, #1485, #7119, .T. ) ;
#6944 = CARTESIAN_POINT ( 'NONE',  ( -14.32673090316166231, 67.81462583064303828, 13.22218254069461452 ) ) ;
#6945 = FACE_OUTER_BOUND ( 'NONE', #2210, .T. ) ;
#6946 =( NAMED_UNIT ( * ) SI_UNIT ( $, .STERADIAN. ) SOLID_ANGLE_UNIT ( ) );
#6947 = CARTESIAN_POINT ( 'NONE',  ( -8.654700538379273667, 26.66987298107784454, 7.500000000000000000 ) ) ;
#6948 = ORIENTED_EDGE ( 'NONE', *, *, #6341, .T. ) ;
#6949 = PLANE ( 'NONE',  #7404 ) ;
#6950 = CARTESIAN_POINT ( 'NONE',  ( 0.2764976662051031320, -10.90913532274997699, 8.830637330800369611 ) ) ;
#6951 = CARTESIAN_POINT ( 'NONE',  ( 1.313568440964441253, -8.038004806990244333, -6.965674466688033917 ) ) ;
#6952 = VERTEX_POINT ( 'NONE', #7738 ) ;
#6953 = EDGE_CURVE ( 'NONE', #8282, #8875, #4056, .T. ) ;
#6954 = FACE_OUTER_BOUND ( 'NONE', #9573, .T. ) ;
#6955 = EDGE_LOOP ( 'NONE', ( #1493, #1010, #6540, #8602 ) ) ;
#6956 = CARTESIAN_POINT ( 'NONE',  ( -10.00000000000000000, 28.99999999999999289, -7.500000000000000000 ) ) ;
#6957 = FACE_BOUND ( 'NONE', #6862, .T. ) ;
#6958 = CARTESIAN_POINT ( 'NONE',  ( -15.56217782649111214, 41.95448267190435843, -12.05563491861039083 ) ) ;
#6959 = ORIENTED_EDGE ( 'NONE', *, *, #4981, .T. ) ;
#6960 = ORIENTED_EDGE ( 'NONE', *, *, #6271, .F. ) ;
#6961 = LINE ( 'NONE', #6333, #1956 ) ;
#6962 = DIRECTION ( 'NONE',  ( -0.8660254037844379305, -0.5000000000000012212, 0.000000000000000000 ) ) ;
#6963 = LINE ( 'NONE', #9321, #9367 ) ;
#6964 = VECTOR ( 'NONE', #8183, 1000.000000000000000 ) ;
#6965 = CARTESIAN_POINT ( 'NONE',  ( -12.40871685740845187, 41.29252805376780344, 9.258696921242295375 ) ) ;
#6966 = ORIENTED_EDGE ( 'NONE', *, *, #7205, .T. ) ;
#6967 = EDGE_LOOP ( 'NONE', ( #1527, #6966, #3519, #3725 ) ) ;
#6968 = ORIENTED_EDGE ( 'NONE', *, *, #3177, .T. ) ;
#6969 = ORIENTED_EDGE ( 'NONE', *, *, #5923, .F. ) ;
#6970 = VERTEX_POINT ( 'NONE', #5496 ) ;
#6971 = LINE ( 'NONE', #5405, #5929 ) ;
#6972 = ORIENTED_EDGE ( 'NONE', *, *, #9237, .T. ) ;
#6973 = CARTESIAN_POINT ( 'NONE',  ( -13.48371685740846360, 43.15448267190435416, -10.50000000000000000 ) ) ;
#6974 = ADVANCED_FACE ( 'NONE', ( #6199 ), #3153, .T. ) ;
#6975 = AXIS2_PLACEMENT_3D ( 'NONE', #6611, #5894, #9669 ) ;
#6976 = CARTESIAN_POINT ( 'NONE',  ( -18.33201437120918342, 15.22500711294215492, -26.49999999999999645 ) ) ;
#6977 = CARTESIAN_POINT ( 'NONE',  ( -3.000000000000000000, -14.43931226317544159, 2.460103028169171591 ) ) ;
#6978 = EDGE_CURVE ( 'NONE', #6941, #4755, #5445, .T. ) ;
#6979 = CARTESIAN_POINT ( 'NONE',  ( 10.00000000000000000, -17.30000000000000426, -1.016456843292302834E-15 ) ) ;
#6980 = ORIENTED_EDGE ( 'NONE', *, *, #6205, .T. ) ;
#6981 = CARTESIAN_POINT ( 'NONE',  ( -6.657050807568833051, 36.53035022727662096, 12.75869692124229715 ) ) ;
#6982 = AXIS2_PLACEMENT_3D ( 'NONE', #5529, #941, #3947 ) ;
#6983 = DIRECTION ( 'NONE',  ( 0.3535533905932757293, -0.6123724356957959136, -0.7071067811865453523 ) ) ;
#6984 = EDGE_LOOP ( 'NONE', ( #3505, #1763, #3060, #3738 ) ) ;
#6985 = CARTESIAN_POINT ( 'NONE',  ( -13.00000000000004086, 51.51666049839542438, -10.00000000000000000 ) ) ;
#6986 = EDGE_CURVE ( 'NONE', #9832, #1626, #3297, .T. ) ;
#6987 = ADVANCED_FACE ( 'NONE', ( #9220 ), #8510, .F. ) ;
#6988 = ORIENTED_EDGE ( 'NONE', *, *, #4700, .F. ) ;
#6989 = VERTEX_POINT ( 'NONE', #7930 ) ;
#6990 = VECTOR ( 'NONE', #7468, 1000.000000000000114 ) ;
#6991 = CARTESIAN_POINT ( 'NONE',  ( -15.96672955930068483, 46.45518682742054750, -24.17431578064990916 ) ) ;
#6992 = EDGE_LOOP ( 'NONE', ( #9308, #9821, #2078, #4654 ) ) ;
#6993 = VERTEX_POINT ( 'NONE', #185 ) ;
#6994 = ORIENTED_EDGE ( 'NONE', *, *, #3665, .T. ) ;
#6995 = LINE ( 'NONE', #721, #2717 ) ;
#6996 = DIRECTION ( 'NONE',  ( 1.000000000000000000, 0.000000000000000000, -0.000000000000000000 ) ) ;
#6997 = CARTESIAN_POINT ( 'NONE',  ( -7.000000000000000000, -28.99999999999998934, -12.50000000000000000 ) ) ;
#6998 = DIRECTION ( 'NONE',  ( 0.2113248654051861630, 0.7886751345948095349, 0.5773502691896307271 ) ) ;
#6999 = EDGE_LOOP ( 'NONE', ( #8917, #15, #6533, #9209 ) ) ;
#7000 = DIRECTION ( 'NONE',  ( 1.000000000000000000, 0.000000000000000000, 0.000000000000000000 ) ) ;
#7001 = ORIENTED_EDGE ( 'NONE', *, *, #4279, .F. ) ;
#7002 = VERTEX_POINT ( 'NONE', #8464 ) ;
#7003 = EDGE_CURVE ( 'NONE', #6664, #5920, #3873, .T. ) ;
#7004 = DIRECTION ( 'NONE',  ( 0.000000000000000000, 0.000000000000000000, 1.000000000000000000 ) ) ;
#7005 = CARTESIAN_POINT ( 'NONE',  ( 0.3499999999999947597, -20.16068773682459536, 2.460103028169141393 ) ) ;
#7006 = ORIENTED_EDGE ( 'NONE', *, *, #2497, .T. ) ;
#7007 = VECTOR ( 'NONE', #3854, 1000.000000000000000 ) ;
#7008 = CARTESIAN_POINT ( 'NONE',  ( -23.24006350946132571, 64.25297076951436281, 12.49999999999973710 ) ) ;
#7009 = ORIENTED_EDGE ( 'NONE', *, *, #9364, .T. ) ;
#7010 = ORIENTED_EDGE ( 'NONE', *, *, #6617, .F. ) ;
#7011 = CARTESIAN_POINT ( 'NONE',  ( 10.00000000000000000, -12.35025253169416715, -7.038399131237476070 ) ) ;
#7012 = FACE_BOUND ( 'NONE', #312, .T. ) ;
#7013 = LINE ( 'NONE', #3907, #3858 ) ;
#7014 = ORIENTED_EDGE ( 'NONE', *, *, #4279, .T. ) ;
#7015 = ORIENTED_EDGE ( 'NONE', *, *, #110, .F. ) ;
#7016 = CIRCLE ( 'NONE', #2040, 1.599999999999988987 ) ;
#7017 = AXIS2_PLACEMENT_3D ( 'NONE', #5567, #1764, #148 ) ;
#7018 = ADVANCED_FACE ( 'NONE', ( #3200 ), #6252, .F. ) ;
#7019 = DIRECTION ( 'NONE',  ( 0.3535533905932752852, -0.6123724356957954695, -0.7071067811865459074 ) ) ;
#7020 = CARTESIAN_POINT ( 'NONE',  ( -1.800000000000000044, 15.44999999999999751, -10.24999999999999467 ) ) ;
#7021 = VECTOR ( 'NONE', #6879, 1000.000000000000000 ) ;
#7022 = PLANE ( 'NONE',  #5734 ) ;
#7023 = DIRECTION ( 'NONE',  ( 0.000000000000000000, 0.000000000000000000, -1.000000000000000000 ) ) ;
#7024 = VERTEX_POINT ( 'NONE', #4708 ) ;
#7025 = EDGE_LOOP ( 'NONE', ( #6208, #4739, #4023 ) ) ;
#7026 = ORIENTED_EDGE ( 'NONE', *, *, #5867, .F. ) ;
#7027 = DIRECTION ( 'NONE',  ( -0.000000000000000000, -0.7071067811865514585, 0.7071067811865435759 ) ) ;
#7028 = ORIENTED_EDGE ( 'NONE', *, *, #2871, .T. ) ;
#7029 = CARTESIAN_POINT ( 'NONE',  ( -26.45108655614391679, 60.81462583064323724, -14.77781745930522384 ) ) ;
#7030 = VECTOR ( 'NONE', #9057, 1000.000000000000114 ) ;
#7031 = CARTESIAN_POINT ( 'NONE',  ( 8.573651497466046933, 4.950000000000096101, 3.931824955205452467E-15 ) ) ;
#7032 = DIRECTION ( 'NONE',  ( 0.5000000000000019984, -0.8660254037844373753, 0.000000000000000000 ) ) ;
#7033 = LINE ( 'NONE', #1712, #3310 ) ;
#7034 = CARTESIAN_POINT ( 'NONE',  ( 0.3499999999999944267, -12.35025253169420267, 0.7071737779759217357 ) ) ;
#7035 = VECTOR ( 'NONE', #8657, 1000.000000000000000 ) ;
#7036 = FACE_OUTER_BOUND ( 'NONE', #3600, .T. ) ;
#7037 = EDGE_CURVE ( 'NONE', #3603, #6837, #235, .T. ) ;
#7038 = FACE_BOUND ( 'NONE', #3286, .T. ) ;
#7039 = EDGE_CURVE ( 'NONE', #9168, #5324, #6349, .T. ) ;
#7040 = CARTESIAN_POINT ( 'NONE',  ( 0.000000000000000000, 1.250000000000299538, -17.74999999999996447 ) ) ;
#7041 = VERTEX_POINT ( 'NONE', #902 ) ;
#7042 = VECTOR ( 'NONE', #6535, 1000.000000000000114 ) ;
#7043 = FACE_OUTER_BOUND ( 'NONE', #417, .T. ) ;
#7044 = EDGE_CURVE ( 'NONE', #4159, #7768, #4853, .T. ) ;
#7045 = EDGE_CURVE ( 'NONE', #4810, #289, #127, .T. ) ;
#7046 = CARTESIAN_POINT ( 'NONE',  ( -20.48371685740849202, 55.27883832488650739, 8.017393842484619171 ) ) ;
#7047 = FACE_OUTER_BOUND ( 'NONE', #3077, .T. ) ;
#7048 = VECTOR ( 'NONE', #2506, 1000.000000000000000 ) ;
#7049 = FACE_OUTER_BOUND ( 'NONE', #887, .T. ) ;
#7050 = EDGE_CURVE ( 'NONE', #5276, #46, #4752, .T. ) ;
#7051 = CARTESIAN_POINT ( 'NONE',  ( -7.000000000000000000, -6.000000000000000000, -20.99999999999997513 ) ) ;
#7052 = CARTESIAN_POINT ( 'NONE',  ( -29.56217782649112635, -21.22128729280737502, -6.175418577296191813 ) ) ;
#7053 = ORIENTED_EDGE ( 'NONE', *, *, #8454, .T. ) ;
#7054 = AXIS2_PLACEMENT_3D ( 'NONE', #3345, #7378, #2647 ) ;
#7055 = EDGE_CURVE ( 'NONE', #3092, #2409, #3251, .T. ) ;
#7056 = LINE ( 'NONE', #7008, #1748 ) ;
#7057 = ORIENTED_EDGE ( 'NONE', *, *, #156, .F. ) ;
#7058 = DIRECTION ( 'NONE',  ( -0.5000000000000014433, 0.8660254037844379305, 0.000000000000000000 ) ) ;
#7059 = CARTESIAN_POINT ( 'NONE',  ( -1.800000000000000044, -9.000000000000003553, -12.34999999999999964 ) ) ;
#7060 = DIRECTION ( 'NONE',  ( 0.3535533905932778942, -0.6123724356958025750, 0.7071067811865384689 ) ) ;
#7061 = ORIENTED_EDGE ( 'NONE', *, *, #7675, .T. ) ;
#7062 = VERTEX_POINT ( 'NONE', #4665 ) ;
#7063 = AXIS2_PLACEMENT_3D ( 'NONE', #9394, #7206, #1778 ) ;
#7064 = ORIENTED_EDGE ( 'NONE', *, *, #7674, .T. ) ;
#7065 = VECTOR ( 'NONE', #1432, 1000.000000000000000 ) ;
#7066 = CARTESIAN_POINT ( 'NONE',  ( -19.06217782649111570, 48.01666049839541017, 22.50000000000000000 ) ) ;
#7067 = DIRECTION ( 'NONE',  ( -0.8660254037844379305, -0.5000000000000012212, 0.000000000000000000 ) ) ;
#7068 = VECTOR ( 'NONE', #261, 1000.000000000000114 ) ;
#7069 = VECTOR ( 'NONE', #5568, 1000.000000000000114 ) ;
#7070 = EDGE_CURVE ( 'NONE', #1001, #3851, #1003, .T. ) ;
#7071 = CARTESIAN_POINT ( 'NONE',  ( -19.06217782649110859, 48.01666049839541017, -12.26274169979694051 ) ) ;
#7072 = ADVANCED_FACE ( 'NONE', ( #1250 ), #4350, .F. ) ;
#7073 = ORIENTED_EDGE ( 'NONE', *, *, #5400, .F. ) ;
#7074 = CARTESIAN_POINT ( 'NONE',  ( -6.350852961085916348, 35.00000000000002842, 15.00000000000000178 ) ) ;
#7075 = ORIENTED_EDGE ( 'NONE', *, *, #1501, .T. ) ;
#7076 = ORIENTED_EDGE ( 'NONE', *, *, #8992, .F. ) ;
#7077 = DIRECTION ( 'NONE',  ( 0.000000000000000000, 0.000000000000000000, 1.000000000000000000 ) ) ;
#7078 = AXIS2_PLACEMENT_3D ( 'NONE', #4103, #9265, #8668 ) ;
#7079 = VECTOR ( 'NONE', #4546, 1000.000000000000000 ) ;
#7080 = CARTESIAN_POINT ( 'NONE',  ( -3.000000000000000000, -10.26119280021293534, 2.460103028169140504 ) ) ;
#7081 = DIRECTION ( 'NONE',  ( 0.8660254037844378194, 0.5000000000000013323, -0.000000000000000000 ) ) ;
#7082 = DIRECTION ( 'NONE',  ( -1.000000000000000000, 0.000000000000000000, 0.000000000000000000 ) ) ;
#7083 = EDGE_CURVE ( 'NONE', #4860, #6597, #1942, .T. ) ;
#7084 = ORIENTED_EDGE ( 'NONE', *, *, #3558, .F. ) ;
#7085 = VECTOR ( 'NONE', #6325, 1000.000000000000000 ) ;
#7086 = AXIS2_PLACEMENT_3D ( 'NONE', #5293, #6143, #8366 ) ;
#7087 = ORIENTED_EDGE ( 'NONE', *, *, #6986, .T. ) ;
#7088 = DIRECTION ( 'NONE',  ( 0.000000000000000000, 0.7559289460184581699, 0.6546536707079728679 ) ) ;
#7089 = EDGE_LOOP ( 'NONE', ( #2586, #1316, #7178, #2496, #842, #4768, #8678, #2949, #5464, #2179, #2761, #5049, #2603, #7064, #2043, #1544 ) ) ;
#7090 = CARTESIAN_POINT ( 'NONE',  ( -3.000000000000000000, 11.94999999999999574, 8.500000000000000000 ) ) ;
#7091 = ORIENTED_EDGE ( 'NONE', *, *, #8251, .F. ) ;
#7092 = VERTEX_POINT ( 'NONE', #5091 ) ;
#7093 = ADVANCED_FACE ( 'NONE', ( #8171 ), #1994, .F. ) ;
#7094 = VECTOR ( 'NONE', #7728, 1000.000000000000000 ) ;
#7095 = DIRECTION ( 'NONE',  ( 0.000000000000000000, 0.000000000000000000, 1.000000000000000000 ) ) ;
#7096 = DIRECTION ( 'NONE',  ( -0.8660254037844371533, -0.5000000000000025535, -3.744595195433714763E-16 ) ) ;
#7097 = ORIENTED_EDGE ( 'NONE', *, *, #1660, .T. ) ;
#7098 = CARTESIAN_POINT ( 'NONE',  ( -7.000000000000000000, -29.00000000000000000, 15.00000000000000178 ) ) ;
#7099 = DIRECTION ( 'NONE',  ( 0.000000000000000000, 0.000000000000000000, 1.000000000000000000 ) ) ;
#7100 = CARTESIAN_POINT ( 'NONE',  ( -2.802803983041915803, 28.85459890228501223, 10.29080219542997199 ) ) ;
#7101 = CARTESIAN_POINT ( 'NONE',  ( 10.69328917126628475, 66.50238190889807299, 8.868629150101526193 ) ) ;
#7102 = ORIENTED_EDGE ( 'NONE', *, *, #8901, .T. ) ;
#7103 = AXIS2_PLACEMENT_3D ( 'NONE', #1188, #7265, #3483 ) ;
#7104 = ORIENTED_EDGE ( 'NONE', *, *, #5327, .T. ) ;
#7105 = LINE ( 'NONE', #113, #8379 ) ;
#7106 = EDGE_CURVE ( 'NONE', #7427, #2550, #2797, .T. ) ;
#7107 = FACE_OUTER_BOUND ( 'NONE', #5036, .T. ) ;
#7108 = VERTEX_POINT ( 'NONE', #2751 ) ;
#7109 = ORIENTED_EDGE ( 'NONE', *, *, #7942, .T. ) ;
#7110 = CARTESIAN_POINT ( 'NONE',  ( -17.15705080756893963, 54.71688370674995383, 9.258696921242329125 ) ) ;
#7111 = EDGE_CURVE ( 'NONE', #203, #6411, #4900, .T. ) ;
#7112 = CARTESIAN_POINT ( 'NONE',  ( -4.500000000000000888, -11.99999999999999645, 12.49999999999999645 ) ) ;
#7113 = LINE ( 'NONE', #1837, #8466 ) ;
#7114 = LINE ( 'NONE', #7011, #5003 ) ;
#7115 = CARTESIAN_POINT ( 'NONE',  ( 10.00000000000000000, -23.27820764380429353, 3.724076359315469986 ) ) ;
#7116 = CARTESIAN_POINT ( 'NONE',  ( -1.000000000000000000, 0.000000000000000000, -9.499999999999998224 ) ) ;
#7117 = ORIENTED_EDGE ( 'NONE', *, *, #4252, .F. ) ;
#7118 = ORIENTED_EDGE ( 'NONE', *, *, #7790, .F. ) ;
#7119 = LINE ( 'NONE', #9412, #346 ) ;
#7120 = ADVANCED_FACE ( 'NONE', ( #3550 ), #1299, .F. ) ;
#7121 = EDGE_CURVE ( 'NONE', #8352, #3545, #8922, .T. ) ;
#7122 = DIRECTION ( 'NONE',  ( 0.000000000000000000, 0.7660444431189714631, -0.6427876096865470235 ) ) ;
#7123 = DIRECTION ( 'NONE',  ( 0.5000000000000011102, -0.8660254037844379305, 2.830620560484406479E-16 ) ) ;
#7124 = CARTESIAN_POINT ( 'NONE',  ( -17.41672955930068412, 48.96666049839541301, 13.34863156129982542 ) ) ;
#7125 = DIRECTION ( 'NONE',  ( 0.5000000000000013323, -0.8660254037844379305, 0.000000000000000000 ) ) ;
#7126 = EDGE_LOOP ( 'NONE', ( #8928, #3496, #5780, #9337 ) ) ;
#7127 = VERTEX_POINT ( 'NONE', #442 ) ;
#7128 = VERTEX_POINT ( 'NONE', #8081 ) ;
#7129 = LINE ( 'NONE', #9326, #5423 ) ;
#7130 = EDGE_LOOP ( 'NONE', ( #8332, #2539, #1849, #411 ) ) ;
#7131 = ORIENTED_EDGE ( 'NONE', *, *, #6238, .F. ) ;
#7132 = CARTESIAN_POINT ( 'NONE',  ( -3.000000000000000000, -15.00190296114371868, -2.298097038856282914 ) ) ;
#7133 = DIRECTION ( 'NONE',  ( -0.8660254037844380415, -0.5000000000000011102, -0.000000000000000000 ) ) ;
#7134 = CARTESIAN_POINT ( 'NONE',  ( -1.640477071657845842, 28.91318640648770000, -9.913186406487604074 ) ) ;
#7135 = EDGE_CURVE ( 'NONE', #9226, #2229, #6610, .T. ) ;
#7136 = CARTESIAN_POINT ( 'NONE',  ( 2.000000000000001776, -13.37871270719262995, -6.175418577296193590 ) ) ;
#7137 = DIRECTION ( 'NONE',  ( -0.000000000000000000, -0.000000000000000000, 1.000000000000000000 ) ) ;
#7138 = EDGE_LOOP ( 'NONE', ( #3414, #923, #9687, #5373 ) ) ;
#7139 = ORIENTED_EDGE ( 'NONE', *, *, #7701, .F. ) ;
#7140 = CARTESIAN_POINT ( 'NONE',  ( -19.06217782649111570, 48.01666049839541017, -10.00000000000000000 ) ) ;
#7141 = VECTOR ( 'NONE', #236, 1000.000000000000114 ) ;
#7142 = DIRECTION ( 'NONE',  ( -0.000000000000000000, 0.7660444431189771253, 0.6427876096865403621 ) ) ;
#7143 = ADVANCED_FACE ( 'NONE', ( #9668 ), #7975, .F. ) ;
#7144 = ORIENTED_EDGE ( 'NONE', *, *, #7193, .F. ) ;
#7145 = PLANE ( 'NONE',  #3299 ) ;
#7146 = VECTOR ( 'NONE', #6187, 999.9999999999998863 ) ;
#7147 = ORIENTED_EDGE ( 'NONE', *, *, #9026, .T. ) ;
#7148 = DIRECTION ( 'NONE',  ( -0.5000000000000013323, 0.8660254037844379305, 0.000000000000000000 ) ) ;
#7149 = DIRECTION ( 'NONE',  ( 1.000000000000000000, 0.000000000000000000, 0.000000000000000000 ) ) ;
#7150 = DIRECTION ( 'NONE',  ( -0.5000000000000019984, 0.8660254037844373753, 0.000000000000000000 ) ) ;
#7151 = CARTESIAN_POINT ( 'NONE',  ( -4.527323035880256974, 31.84155352042157006, 20.68310704084315077 ) ) ;
#7152 = ORIENTED_EDGE ( 'NONE', *, *, #3946, .T. ) ;
#7153 = DIRECTION ( 'NONE',  ( 1.000000000000000000, -0.000000000000000000, -0.000000000000000000 ) ) ;
#7154 = ORIENTED_EDGE ( 'NONE', *, *, #5810, .F. ) ;
#7155 = AXIS2_PLACEMENT_3D ( 'NONE', #8341, #6073, #6689 ) ;
#7156 = VERTEX_POINT ( 'NONE', #6556 ) ;
#7157 = DIRECTION ( 'NONE',  ( 0.000000000000000000, -0.8944271909999156334, 0.4472135954999584273 ) ) ;
#7158 = DIRECTION ( 'NONE',  ( 0.000000000000000000, 0.7071067811865483499, -0.7071067811865467956 ) ) ;
#7159 = ORIENTED_EDGE ( 'NONE', *, *, #5347, .T. ) ;
#7160 = ORIENTED_EDGE ( 'NONE', *, *, #420, .F. ) ;
#7161 = DIRECTION ( 'NONE',  ( -1.000000000000000000, 1.156482317317871478E-16, 0.000000000000000000 ) ) ;
#7162 = ORIENTED_EDGE ( 'NONE', *, *, #610, .F. ) ;
#7163 = VECTOR ( 'NONE', #2872, 1000.000000000000114 ) ;
#7164 = DIRECTION ( 'NONE',  ( 0.5000000000000011102, -0.8660254037844379305, -0.000000000000000000 ) ) ;
#7165 = CARTESIAN_POINT ( 'NONE',  ( 6.530942860263101224, -10.26119280021293179, -7.439391908442522627 ) ) ;
#7166 = FACE_OUTER_BOUND ( 'NONE', #3128, .T. ) ;
#7167 = ORIENTED_EDGE ( 'NONE', *, *, #5235, .F. ) ;
#7168 = DIRECTION ( 'NONE',  ( 0.5000000000000012212, -0.8660254037844380415, -7.709882115452479399E-17 ) ) ;
#7169 = EDGE_CURVE ( 'NONE', #9317, #1574, #9617, .T. ) ;
#7170 = ORIENTED_EDGE ( 'NONE', *, *, #7429, .F. ) ;
#7171 = CARTESIAN_POINT ( 'NONE',  ( 0.000000000000000000, -29.00000000000000000, -11.00000000000000711 ) ) ;
#7172 = EDGE_CURVE ( 'NONE', #3184, #2244, #5045, .T. ) ;
#7173 = DIRECTION ( 'NONE',  ( 0.8660254037844379305, 0.5000000000000011102, 0.000000000000000000 ) ) ;
#7174 = VECTOR ( 'NONE', #6144, 1000.000000000000114 ) ;
#7175 = DIRECTION ( 'NONE',  ( 1.000000000000000000, -0.000000000000000000, -0.000000000000000000 ) ) ;
#7176 = FACE_OUTER_BOUND ( 'NONE', #1390, .T. ) ;
#7177 = DIRECTION ( 'NONE',  ( 0.3535533905932733423, -0.6123724356957922499, 0.7071067811865496822 ) ) ;
#7178 = ORIENTED_EDGE ( 'NONE', *, *, #7600, .T. ) ;
#7179 = EDGE_LOOP ( 'NONE', ( #1257, #4819, #241, #8452 ) ) ;
#7180 = AXIS2_PLACEMENT_3D ( 'NONE', #5600, #1238, #8914 ) ;
#7181 = DIRECTION ( 'NONE',  ( 0.000000000000000000, 0.000000000000000000, 1.000000000000000000 ) ) ;
#7182 = EDGE_CURVE ( 'NONE', #2661, #1358, #2607, .T. ) ;
#7183 = EDGE_CURVE ( 'NONE', #6626, #3909, #8720, .T. ) ;
#7184 = VECTOR ( 'NONE', #6782, 1000.000000000000000 ) ;
#7185 = ORIENTED_EDGE ( 'NONE', *, *, #7538, .F. ) ;
#7186 = VERTEX_POINT ( 'NONE', #4151 ) ;
#7187 = LINE ( 'NONE', #2463, #4355 ) ;
#7188 = PLANE ( 'NONE',  #7557 ) ;
#7189 = DIRECTION ( 'NONE',  ( -0.2500000000000013878, 0.4330127018922201865, -0.8660254037844378194 ) ) ;
#7190 = VECTOR ( 'NONE', #6727, 999.9999999999998863 ) ;
#7191 = CARTESIAN_POINT ( 'NONE',  ( -9.500000000000040856, 45.45448267190436553, 10.50000000000000000 ) ) ;
#7192 = ORIENTED_EDGE ( 'NONE', *, *, #3227, .F. ) ;
#7193 = EDGE_CURVE ( 'NONE', #6773, #2710, #5656, .T. ) ;
#7194 = VERTEX_POINT ( 'NONE', #9516 ) ;
#7195 = DIRECTION ( 'NONE',  ( -0.8660254037844379305, -0.5000000000000013323, -1.196361017915042691E-16 ) ) ;
#7196 = LINE ( 'NONE', #153, #4518 ) ;
#7197 = ORIENTED_EDGE ( 'NONE', *, *, #3113, .F. ) ;
#7198 = CARTESIAN_POINT ( 'NONE',  ( -12.06217782649100378, 35.89230484541311483, 14.00000000000001066 ) ) ;
#7199 = VECTOR ( 'NONE', #9609, 1000.000000000000000 ) ;
#7200 = VERTEX_POINT ( 'NONE', #2650 ) ;
#7202 = ADVANCED_FACE ( 'NONE', ( #7278 ), #391, .F. ) ;
#7201 = DIRECTION ( 'NONE',  ( -0.8660254037844379305, -0.5000000000000013323, 0.000000000000000000 ) ) ;
#7203 = ORIENTED_EDGE ( 'NONE', *, *, #2721, .T. ) ;
#7204 = CARTESIAN_POINT ( 'NONE',  ( -7.000000000000000888, 1.999999999999999112, -19.00000000000001776 ) ) ;
#7205 = EDGE_CURVE ( 'NONE', #1025, #4501, #729, .T. ) ;
#7206 = DIRECTION ( 'NONE',  ( -0.8660254037844379305, -0.5000000000000012212, 0.000000000000000000 ) ) ;
#7207 = DIRECTION ( 'NONE',  ( 1.000000000000000000, 0.000000000000000000, 0.000000000000000000 ) ) ;
#7208 = ORIENTED_EDGE ( 'NONE', *, *, #1808, .F. ) ;
#7209 = CIRCLE ( 'NONE', #4637, 2.099999999999999645 ) ;
#7210 = CYLINDRICAL_SURFACE ( 'NONE', #669, 1.100000000000065370 ) ;
#7211 = ORIENTED_EDGE ( 'NONE', *, *, #8575, .T. ) ;
#7212 = DIRECTION ( 'NONE',  ( 0.000000000000000000, 2.392722035830078972E-16, -1.000000000000000000 ) ) ;
#7213 = CARTESIAN_POINT ( 'NONE',  ( -17.59006350946116370, 54.46688370674995383, 12.50000000000000000 ) ) ;
#7214 = ORIENTED_EDGE ( 'NONE', *, *, #2452, .F. ) ;
#7215 = AXIS2_PLACEMENT_3D ( 'NONE', #2707, #3410, #7181 ) ;
#7216 = DIRECTION ( 'NONE',  ( 1.000000000000000000, -1.156482317317871478E-16, -2.767140724694304984E-32 ) ) ;
#7217 = DIRECTION ( 'NONE',  ( 0.3535533905932727317, -0.6123724356957792603, -0.7071067811865612285 ) ) ;
#7218 = CARTESIAN_POINT ( 'NONE',  ( -15.16506350946114701, 50.26666049839541017, 13.34863156129982542 ) ) ;
#7219 = LINE ( 'NONE', #5650, #7656 ) ;
#7220 = CARTESIAN_POINT ( 'NONE',  ( -11.05871685740837762, 38.95425946354970392, 15.24130307875772417 ) ) ;
#7221 = ORIENTED_EDGE ( 'NONE', *, *, #3861, .T. ) ;
#7222 = FACE_OUTER_BOUND ( 'NONE', #5661, .T. ) ;
#7223 = DIRECTION ( 'NONE',  ( 0.000000000000000000, 0.000000000000000000, 1.000000000000000000 ) ) ;
#7224 = AXIS2_PLACEMENT_3D ( 'NONE', #1796, #1197, #8821 ) ;
#7225 = FACE_OUTER_BOUND ( 'NONE', #8358, .T. ) ;
#7226 = LINE ( 'NONE', #9519, #3465 ) ;
#7227 = EDGE_CURVE ( 'NONE', #8349, #4118, #9106, .T. ) ;
#7228 = DIRECTION ( 'NONE',  ( -0.4330127018922202420, 0.7499999999999988898, -0.5000000000000007772 ) ) ;
#7229 = VERTEX_POINT ( 'NONE', #4595 ) ;
#7230 = ORIENTED_EDGE ( 'NONE', *, *, #7083, .T. ) ;
#7231 = EDGE_CURVE ( 'NONE', #5339, #982, #5893, .T. ) ;
#7232 = VECTOR ( 'NONE', #9298, 999.9999999999998863 ) ;
#7233 = LINE ( 'NONE', #4954, #3041 ) ;
#7234 = CIRCLE ( 'NONE', #652, 3.249999999999999556 ) ;
#7235 = VERTEX_POINT ( 'NONE', #5286 ) ;
#7236 = VERTEX_POINT ( 'NONE', #682 ) ;
#7237 = PLANE ( 'NONE',  #4830 ) ;
#7238 = DIRECTION ( 'NONE',  ( 0.000000000000000000, -0.7071067811865483499, 0.7071067811865467956 ) ) ;
#7239 = DIRECTION ( 'NONE',  ( -0.5000000000000026645, 0.8660254037844372643, 0.000000000000000000 ) ) ;
#7240 = VECTOR ( 'NONE', #4866, 1000.000000000000000 ) ;
#7241 = AXIS2_PLACEMENT_3D ( 'NONE', #5157, #8852, #9590 ) ;
#7242 = ADVANCED_FACE ( 'NONE', ( #8359 ), #5940, .F. ) ;
#7243 = CARTESIAN_POINT ( 'NONE',  ( 0.3196883813947655750, -7.728370028619307774, 8.169404440645710253 ) ) ;
#7244 = VECTOR ( 'NONE', #6183, 999.9999999999998863 ) ;
#7245 = FACE_BOUND ( 'NONE', #4430, .T. ) ;
#7246 = EDGE_CURVE ( 'NONE', #111, #247, #2138, .T. ) ;
#7247 = CARTESIAN_POINT ( 'NONE',  ( -16.85104413435145077, 47.98686460128213582, 8.868629150101522640 ) ) ;
#7248 = VERTEX_POINT ( 'NONE', #4439 ) ;
#7249 = VECTOR ( 'NONE', #5709, 1000.000000000000000 ) ;
#7250 = AXIS2_PLACEMENT_3D ( 'NONE', #2662, #5666, #962 ) ;
#7251 = DIRECTION ( 'NONE',  ( -0.5000000000000011102, 0.8660254037844379305, 1.387778780781446267E-15 ) ) ;
#7252 = DIRECTION ( 'NONE',  ( -0.8660254037844373753, -0.5000000000000023315, 1.210272192541946142E-15 ) ) ;
#7253 = ADVANCED_FACE ( 'NONE', ( #9848 ), #5337, .T. ) ;
#7254 = DIRECTION ( 'NONE',  ( -1.000000000000000000, -0.000000000000000000, -0.000000000000000000 ) ) ;
#7255 = CIRCLE ( 'NONE', #1447, 3.249999999999999556 ) ;
#7256 = VECTOR ( 'NONE', #5684, 1000.000000000000114 ) ;
#7257 = ORIENTED_EDGE ( 'NONE', *, *, #2643, .T. ) ;
#7258 = CARTESIAN_POINT ( 'NONE',  ( 10.00000000000000000, -12.35025253169417070, 2.861095805374186174 ) ) ;
#7259 = CARTESIAN_POINT ( 'NONE',  ( -16.88890872965265544, 58.25244800415186575, -11.27781745930520074 ) ) ;
#7260 = CARTESIAN_POINT ( 'NONE',  ( -3.000000000000006217, 9.629649721936179265E-32, 10.50000000000000178 ) ) ;
#7261 = CARTESIAN_POINT ( 'NONE',  ( 10.00000000000000000, -21.22128729280736792, 3.724076359315471318 ) ) ;
#7262 = ORIENTED_EDGE ( 'NONE', *, *, #8665, .T. ) ;
#7263 = DIRECTION ( 'NONE',  ( -0.8660254037844380415, -0.5000000000000011102, -0.000000000000000000 ) ) ;
#7264 = CIRCLE ( 'NONE', #2443, 1.599999999999990763 ) ;
#7265 = DIRECTION ( 'NONE',  ( 3.854941057726249560E-17, -6.676953772165148237E-17, -1.000000000000000000 ) ) ;
#7266 = EDGE_CURVE ( 'NONE', #8642, #379, #6752, .T. ) ;
#7267 = EDGE_CURVE ( 'NONE', #2244, #8413, #585, .T. ) ;
#7268 = DIRECTION ( 'NONE',  ( 1.000000000000000000, 0.000000000000000000, 0.000000000000000000 ) ) ;
#7269 = ORIENTED_EDGE ( 'NONE', *, *, #5816, .F. ) ;
#7270 = ORIENTED_EDGE ( 'NONE', *, *, #9916, .T. ) ;
#7271 = DIRECTION ( 'NONE',  ( 0.000000000000000000, 0.000000000000000000, -1.000000000000000000 ) ) ;
#7272 = PLANE ( 'NONE',  #4207 ) ;
#7273 = DIRECTION ( 'NONE',  ( -0.8660254037844379305, -0.5000000000000013323, 0.000000000000000000 ) ) ;
#7274 = DIRECTION ( 'NONE',  ( 0.000000000000000000, -0.6427876096865403621, -0.7660444431189771253 ) ) ;
#7275 = AXIS2_PLACEMENT_3D ( 'NONE', #8013, #1134, #4189 ) ;
#7276 = ORIENTED_EDGE ( 'NONE', *, *, #9188, .F. ) ;
#7277 = CARTESIAN_POINT ( 'NONE',  ( -17.59006350946116015, 54.46688370674995383, -11.74130307875769574 ) ) ;
#7278 = FACE_OUTER_BOUND ( 'NONE', #6021, .T. ) ;
#7279 = EDGE_CURVE ( 'NONE', #452, #1504, #7672, .T. ) ;
#7280 = ADVANCED_FACE ( 'NONE', ( #5179 ), #2985, .F. ) ;
#7281 = CARTESIAN_POINT ( 'NONE',  ( -23.66506350946114523, 64.98909236273082968, -26.50000000000000000 ) ) ;
#7282 = VECTOR ( 'NONE', #2362, 1000.000000000000114 ) ;
#7283 = DIRECTION ( 'NONE',  ( 0.8660254037844379305, 0.5000000000000013323, 6.162975822039156098E-33 ) ) ;
#7284 = ORIENTED_EDGE ( 'NONE', *, *, #9808, .T. ) ;
#7285 = VERTEX_POINT ( 'NONE', #9806 ) ;
#7286 = DIRECTION ( 'NONE',  ( -0.8660254037844379305, -0.5000000000000013323, 0.000000000000000000 ) ) ;
#7287 = ORIENTED_EDGE ( 'NONE', *, *, #993, .F. ) ;
#7288 = VERTEX_POINT ( 'NONE', #7524 ) ;
#7289 = ORIENTED_EDGE ( 'NONE', *, *, #5313, .F. ) ;
#7290 = CARTESIAN_POINT ( 'NONE',  ( -3.000000000000000000, 12.94999999999999396, 9.500000000000000000 ) ) ;
#7291 = DIRECTION ( 'NONE',  ( 0.000000000000000000, 0.000000000000000000, -1.000000000000000000 ) ) ;
#7292 = ORIENTED_EDGE ( 'NONE', *, *, #5022, .T. ) ;
#7293 = CARTESIAN_POINT ( 'NONE',  ( -10.15705080756891299, 42.59252805376780771, 9.258696921242295375 ) ) ;
#7294 = CARTESIAN_POINT ( 'NONE',  ( -9.415063509461122138, 40.30736835487436309, -11.00000000000000178 ) ) ;
#7295 = LINE ( 'NONE', #1115, #3010 ) ;
#7296 = ORIENTED_EDGE ( 'NONE', *, *, #4124, .F. ) ;
#7297 = DIRECTION ( 'NONE',  ( 1.000000000000000000, -1.156482317317871478E-16, 0.000000000000000000 ) ) ;
#7298 = VERTEX_POINT ( 'NONE', #9902 ) ;
#7299 = ORIENTED_EDGE ( 'NONE', *, *, #9086, .T. ) ;
#7300 = LINE ( 'NONE', #3468, #988 ) ;
#7301 = EDGE_CURVE ( 'NONE', #3935, #5273, #1344, .T. ) ;
#7302 = CARTESIAN_POINT ( 'NONE',  ( 1.199965378927701831, -29.00000000000000711, -0.2365967192241773820 ) ) ;
#7303 = VECTOR ( 'NONE', #5054, 1000.000000000000227 ) ;
#7304 = DIRECTION ( 'NONE',  ( -0.8660254037844379305, -0.5000000000000012212, 0.000000000000000000 ) ) ;
#7305 = ORIENTED_EDGE ( 'NONE', *, *, #1490, .T. ) ;
#7306 = LINE ( 'NONE', #421, #8473 ) ;
#7307 = CARTESIAN_POINT ( 'NONE',  ( -1.000000000000000000, -8.004646331359444635E-32, -9.500000000000001776 ) ) ;
#7308 = LINE ( 'NONE', #2633, #8035 ) ;
#7309 = EDGE_CURVE ( 'NONE', #7558, #5801, #2895, .T. ) ;
#7310 = EDGE_CURVE ( 'NONE', #1989, #9807, #2184, .T. ) ;
#7311 = DIRECTION ( 'NONE',  ( 0.000000000000000000, -1.000000000000000000, 0.000000000000000000 ) ) ;
#7312 = DIRECTION ( 'NONE',  ( 0.4330127018922201865, -0.7499999999999996669, 0.4999999999999997780 ) ) ;
#7313 = CARTESIAN_POINT ( 'NONE',  ( -11.16506350946112569, 43.33845726811988897, 7.500000000000000000 ) ) ;
#7314 = CIRCLE ( 'NONE', #6000, 4.000000000000000000 ) ;
#7315 = CARTESIAN_POINT ( 'NONE',  ( -20.87262558706108351, 55.95244800415185438, 9.722182540694801034 ) ) ;
#7316 = ORIENTED_EDGE ( 'NONE', *, *, #9432, .F. ) ;
#7317 = CARTESIAN_POINT ( 'NONE',  ( -5.510576211353309439, 33.54459797704432589, 0.9108040459113019294 ) ) ;
#7318 = DIRECTION ( 'NONE',  ( -0.7071067811865430208, 0.7071067811865521247, 1.691909977029941126E-16 ) ) ;
#7319 = ORIENTED_EDGE ( 'NONE', *, *, #9541, .T. ) ;
#7320 = DIRECTION ( 'NONE',  ( -0.8660254037844379305, -0.5000000000000013323, 0.000000000000000000 ) ) ;
#7321 = CARTESIAN_POINT ( 'NONE',  ( -7.000000000000000000, -9.999999999999987566, -15.00000000000000355 ) ) ;
#7322 = ADVANCED_FACE ( 'NONE', ( #2283 ), #378, .T. ) ;
#7323 = EDGE_LOOP ( 'NONE', ( #8745, #1951, #4597, #1569 ) ) ;
#7324 = AXIS2_PLACEMENT_3D ( 'NONE', #6803, #6753, #1540 ) ;
#7325 = ORIENTED_EDGE ( 'NONE', *, *, #2800, .T. ) ;
#7326 = DIRECTION ( 'NONE',  ( 0.5000000000000011102, -0.8660254037844379305, 0.000000000000000000 ) ) ;
#7327 = CARTESIAN_POINT ( 'NONE',  ( -12.74006350946114097, 46.06643729004089494, 12.50000000000000000 ) ) ;
#7328 = LINE ( 'NONE', #2702, #4266 ) ;
#7329 = VECTOR ( 'NONE', #5518, 1000.000000000000000 ) ;
#7330 = PLANE ( 'NONE',  #6212 ) ;
#7331 = ORIENTED_EDGE ( 'NONE', *, *, #1746, .T. ) ;
#7332 = ORIENTED_EDGE ( 'NONE', *, *, #1201, .T. ) ;
#7333 = PLANE ( 'NONE',  #2272 ) ;
#7334 = ORIENTED_EDGE ( 'NONE', *, *, #5815, .T. ) ;
#7335 = CYLINDRICAL_SURFACE ( 'NONE', #7215, 1.599999999999998979 ) ;
#7336 = EDGE_CURVE ( 'NONE', #6074, #2172, #7572, .T. ) ;
#7337 = ORIENTED_EDGE ( 'NONE', *, *, #6115, .F. ) ;
#7339 = ADVANCED_FACE ( 'NONE', ( #5135 ), #1383, .F. ) ;
#7338 = ORIENTED_EDGE ( 'NONE', *, *, #6043, .F. ) ;
#7340 = ORIENTED_EDGE ( 'NONE', *, *, #5503, .T. ) ;
#7341 = PLANE ( 'NONE',  #7740 ) ;
#7342 = CIRCLE ( 'NONE', #262, 1.599999999999990763 ) ;
#7343 = LINE ( 'NONE', #3460, #7729 ) ;
#7344 = DIRECTION ( 'NONE',  ( 0.7071067811865463515, 0.4545194776720504204, 0.5416752204196976228 ) ) ;
#7345 = CARTESIAN_POINT ( 'NONE',  ( -17.41672955930069122, 48.96666049839542723, 19.15136843870016747 ) ) ;
#7346 = VECTOR ( 'NONE', #9045, 1000.000000000000114 ) ;
#7347 = LINE ( 'NONE', #9486, #608 ) ;
#7348 = VERTEX_POINT ( 'NONE', #1785 ) ;
#7349 = CARTESIAN_POINT ( 'NONE',  ( 7.999999999999998224, 0.9999999999999837907, -22.00000000000000355 ) ) ;
#7350 = ORIENTED_EDGE ( 'NONE', *, *, #2050, .F. ) ;
#7351 = CARTESIAN_POINT ( 'NONE',  ( -11.16506350946112924, 43.33845726811989607, -7.500000000000000000 ) ) ;
#7352 = ORIENTED_EDGE ( 'NONE', *, *, #8284, .T. ) ;
#7353 = CARTESIAN_POINT ( 'NONE',  ( -4.500000000000002665, -27.49999999999998579, -11.00000000000000355 ) ) ;
#7354 = AXIS2_PLACEMENT_3D ( 'NONE', #9484, #8733, #1336 ) ;
#7355 = CIRCLE ( 'NONE', #6531, 1.599999999999990763 ) ;
#7356 = DIRECTION ( 'NONE',  ( 0.8660254037844378194, 0.5000000000000013323, -0.000000000000000000 ) ) ;
#7357 = EDGE_CURVE ( 'NONE', #9710, #5536, #8603, .T. ) ;
#7358 = DIRECTION ( 'NONE',  ( 0.000000000000000000, -2.392722035830078972E-16, 1.000000000000000000 ) ) ;
#7359 = ORIENTED_EDGE ( 'NONE', *, *, #7440, .T. ) ;
#7360 = CONICAL_SURFACE ( 'NONE', #2373, 10.90000000000000036, 0.7853981633974421728 ) ;
#7361 = LINE ( 'NONE', #5069, #9433 ) ;
#7362 = EDGE_CURVE ( 'NONE', #3028, #5144, #7105, .T. ) ;
#7363 = DIRECTION ( 'NONE',  ( 0.2500000000000004996, -0.4330127018922186877, 0.8660254037844388186 ) ) ;
#7364 = CARTESIAN_POINT ( 'NONE',  ( -20.48371685740849202, 55.27883832488650029, 12.98260615751540037 ) ) ;
#7365 = DIRECTION ( 'NONE',  ( 0.000000000000000000, 0.000000000000000000, -1.000000000000000000 ) ) ;
#7366 = VECTOR ( 'NONE', #1607, 1000.000000000000000 ) ;
#7367 = LINE ( 'NONE', #7213, #904 ) ;
#7368 = ORIENTED_EDGE ( 'NONE', *, *, #1923, .T. ) ;
#7369 = EDGE_CURVE ( 'NONE', #8624, #5076, #4648, .T. ) ;
#7370 = ADVANCED_FACE ( 'NONE', ( #7723 ), #6903, .T. ) ;
#7371 = ORIENTED_EDGE ( 'NONE', *, *, #1289, .F. ) ;
#7372 = CARTESIAN_POINT ( 'NONE',  ( 0.000000000000000000, 0.000000000000000000, 12.50000000000000000 ) ) ;
#7373 = CARTESIAN_POINT ( 'NONE',  ( -12.74006350946113919, 46.06643729004088783, 9.258696921242325573 ) ) ;
#7374 = ORIENTED_EDGE ( 'NONE', *, *, #979, .T. ) ;
#7375 = CARTESIAN_POINT ( 'NONE',  ( -10.05720958122163644, 41.41959797704434010, -14.83919595408873171 ) ) ;
#7376 = EDGE_CURVE ( 'NONE', #2508, #4534, #2945, .T. ) ;
#7377 = CIRCLE ( 'NONE', #9109, 1.599999999999998979 ) ;
#7378 = DIRECTION ( 'NONE',  ( 0.000000000000000000, -0.6427876096865403621, -0.7660444431189771253 ) ) ;
#7379 = ORIENTED_EDGE ( 'NONE', *, *, #282, .T. ) ;
#7380 = ORIENTED_EDGE ( 'NONE', *, *, #4195, .T. ) ;
#7381 = DIRECTION ( 'NONE',  ( 0.8660254037844380415, 0.5000000000000012212, -0.000000000000000000 ) ) ;
#7382 = CARTESIAN_POINT ( 'NONE',  ( 10.00000000000000000, -11.32179235619570612, 3.724076359315471318 ) ) ;
#7383 = AXIS2_PLACEMENT_3D ( 'NONE', #4280, #475, #523 ) ;
#7384 = EDGE_CURVE ( 'NONE', #1358, #3917, #4784, .T. ) ;
#7385 = CARTESIAN_POINT ( 'NONE',  ( -19.40871685740847852, 53.41688370674994957, 11.74130307875769219 ) ) ;
#7386 = VERTEX_POINT ( 'NONE', #7866 ) ;
#7387 = FACE_OUTER_BOUND ( 'NONE', #614, .T. ) ;
#7388 = ORIENTED_EDGE ( 'NONE', *, *, #1962, .T. ) ;
#7389 = VECTOR ( 'NONE', #4756, 1000.000000000000000 ) ;
#7390 = LINE ( 'NONE', #8268, #9155 ) ;
#7391 = DIRECTION ( 'NONE',  ( -0.2500000000000008327, 0.4330127018922192428, 0.8660254037844384856 ) ) ;
#7392 = ADVANCED_FACE ( 'NONE', ( #8651, #4840 ), #3141, .T. ) ;
#7393 = EDGE_CURVE ( 'NONE', #3197, #6626, #7445, .T. ) ;
#7394 = VECTOR ( 'NONE', #9046, 999.9999999999998863 ) ;
#7395 = LINE ( 'NONE', #5016, #1407 ) ;
#7396 = DIRECTION ( 'NONE',  ( 0.4330127018922210191, -0.7499999999999991118, 0.5000000000000001110 ) ) ;
#7397 = ORIENTED_EDGE ( 'NONE', *, *, #536, .F. ) ;
#7398 = DIRECTION ( 'NONE',  ( -0.2500000000000011102, 0.4330127018922196869, -0.8660254037844382635 ) ) ;
#7399 = CARTESIAN_POINT ( 'NONE',  ( -17.59006350946116015, 54.46688370674995383, 11.74130307875769219 ) ) ;
#7400 = UNCERTAINTY_MEASURE_WITH_UNIT (LENGTH_MEASURE( 1.000000000000000082E-05 ), #773, 'distance_accuracy_value', 'NONE');
#7401 = VECTOR ( 'NONE', #8681, 1000.000000000000000 ) ;
#7402 = VECTOR ( 'NONE', #324, 1000.000000000000114 ) ;
#7403 = CARTESIAN_POINT ( 'NONE',  ( -13.87262558706106397, 43.82809235116971536, 9.722182540694793929 ) ) ;
#7404 = AXIS2_PLACEMENT_3D ( 'NONE', #7771, #4037, #3037 ) ;
#7405 = CARTESIAN_POINT ( 'NONE',  ( -3.000000000000004441, 16.29852813742385109, 9.401471862576146421 ) ) ;
#7406 = DIRECTION ( 'NONE',  ( 1.000000000000000000, -0.000000000000000000, -0.000000000000000000 ) ) ;
#7407 = CIRCLE ( 'NONE', #8994, 1.599999999999998979 ) ;
#7408 = VECTOR ( 'NONE', #8738, 1000.000000000000000 ) ;
#7409 = DIRECTION ( 'NONE',  ( -0.7071067811865524577, 0.4545194776720460905, 0.5416752204196936260 ) ) ;
#7410 = DIRECTION ( 'NONE',  ( -0.6081204024113373574, -7.198427652078729869E-15, -0.7938448060994498512 ) ) ;
#7411 = DIRECTION ( 'NONE',  ( 0.4330127018922206861, -0.7499999999999997780, -0.4999999999999991673 ) ) ;
#7412 = LINE ( 'NONE', #4381, #2918 ) ;
#7413 = LINE ( 'NONE', #3673, #3216 ) ;
#7414 = EDGE_CURVE ( 'NONE', #4972, #8423, #2487, .T. ) ;
#7415 = LINE ( 'NONE', #3922, #3264 ) ;
#7416 = AXIS2_PLACEMENT_3D ( 'NONE', #8301, #2711, #4493 ) ;
#7417 = FACE_OUTER_BOUND ( 'NONE', #4613, .T. ) ;
#7418 = ADVANCED_FACE ( 'NONE', ( #8449 ), #836, .T. ) ;
#7419 = EDGE_LOOP ( 'NONE', ( #6280, #1876, #6003, #1058 ) ) ;
#7420 = FACE_OUTER_BOUND ( 'NONE', #2401, .T. ) ;
#7421 = LINE ( 'NONE', #1987, #4845 ) ;
#7422 = VERTEX_POINT ( 'NONE', #5427 ) ;
#7423 = DIRECTION ( 'NONE',  ( -0.7071067811865431318, 0.000000000000000000, 0.7071067811865520136 ) ) ;
#7424 = CARTESIAN_POINT ( 'NONE',  ( -22.56217782649112991, 54.07883832488649034, -12.05563491861038905 ) ) ;
#7425 = VERTEX_POINT ( 'NONE', #8502 ) ;
#7426 = CIRCLE ( 'NONE', #189, 1.599999999999990763 ) ;
#7427 = VERTEX_POINT ( 'NONE', #2439 ) ;
#7428 = EDGE_CURVE ( 'NONE', #397, #9798, #5484, .T. ) ;
#7429 = EDGE_CURVE ( 'NONE', #4501, #265, #167, .T. ) ;
#7430 = CARTESIAN_POINT ( 'NONE',  ( -2.165063509461095048, 27.74999999999999645, 15.00000000000000178 ) ) ;
#7431 = LINE ( 'NONE', #543, #3610 ) ;
#7432 = ADVANCED_FACE ( 'NONE', ( #9450 ), #2731, .T. ) ;
#7433 = ORIENTED_EDGE ( 'NONE', *, *, #8360, .F. ) ;
#7434 = CONICAL_SURFACE ( 'NONE', #28, 1.599999999999976552, 0.7853981633974547183 ) ;
#7435 = CARTESIAN_POINT ( 'NONE',  ( -26.61217782649132957, 61.09364409554077469, -14.00000000000000355 ) ) ;
#7436 = ORIENTED_EDGE ( 'NONE', *, *, #980, .T. ) ;
#7437 = ORIENTED_EDGE ( 'NONE', *, *, #4429, .F. ) ;
#7438 = PLANE ( 'NONE',  #5761 ) ;
#7439 = ORIENTED_EDGE ( 'NONE', *, *, #3571, .T. ) ;
#7440 = EDGE_CURVE ( 'NONE', #6497, #4406, #2778, .T. ) ;
#7441 = EDGE_CURVE ( 'NONE', #2093, #9803, #481, .T. ) ;
#7442 = FACE_OUTER_BOUND ( 'NONE', #856, .T. ) ;
#7443 = FACE_OUTER_BOUND ( 'NONE', #1985, .T. ) ;
#7444 = ORIENTED_EDGE ( 'NONE', *, *, #8940, .T. ) ;
#7445 = CIRCLE ( 'NONE', #370, 3.249999999999999556 ) ;
#7446 = DIRECTION ( 'NONE',  ( -0.5000000000000013323, 0.8660254037844379305, 0.000000000000000000 ) ) ;
#7447 = CARTESIAN_POINT ( 'NONE',  ( -3.000000000000000000, 20.19615242270665334, -1.196152422706651564 ) ) ;
#7448 = CARTESIAN_POINT ( 'NONE',  ( 7.999999999999998224, -6.000000000000001776, -22.00000000000000355 ) ) ;
#7449 = ORIENTED_EDGE ( 'NONE', *, *, #5784, .T. ) ;
#7450 = CARTESIAN_POINT ( 'NONE',  ( 1.207236510205122793, -12.25804136351258045, -9.666623358979618885 ) ) ;
#7451 = ORIENTED_EDGE ( 'NONE', *, *, #4700, .T. ) ;
#7452 = EDGE_LOOP ( 'NONE', ( #73, #7774, #5895, #6554 ) ) ;
#7453 = LINE ( 'NONE', #7351, #8671 ) ;
#7454 = ADVANCED_FACE ( 'NONE', ( #6494 ), #3903, .T. ) ;
#7455 = CARTESIAN_POINT ( 'NONE',  ( -16.61506350946114807, 52.77813416937027569, -11.67431578064991093 ) ) ;
#7456 = AXIS2_PLACEMENT_3D ( 'NONE', #7031, #4071, #7239 ) ;
#7457 = CARTESIAN_POINT ( 'NONE',  ( -8.807050807568840511, 40.25425946354970819, 15.24130307875772417 ) ) ;
#7458 = PLANE ( 'NONE',  #458 ) ;
#7459 = ORIENTED_EDGE ( 'NONE', *, *, #222, .T. ) ;
#7460 = CARTESIAN_POINT ( 'NONE',  ( -2.422649730810402247, 30.26794919243117832, -7.500000000000000000 ) ) ;
#7461 = FACE_OUTER_BOUND ( 'NONE', #8792, .T. ) ;
#7462 = LINE ( 'NONE', #573, #9771 ) ;
#7463 = ADVANCED_FACE ( 'NONE', ( #9552 ), #5833, .T. ) ;
#7464 = VECTOR ( 'NONE', #9485, 1000.000000000000227 ) ;
#7465 = DIRECTION ( 'NONE',  ( 0.8660254037844378194, 0.5000000000000013323, -0.000000000000000000 ) ) ;
#7466 = LINE ( 'NONE', #7364, #8832 ) ;
#7467 = ORIENTED_EDGE ( 'NONE', *, *, #916, .F. ) ;
#7468 = DIRECTION ( 'NONE',  ( 0.8660254037844379305, 0.5000000000000011102, 0.000000000000000000 ) ) ;
#7469 = VERTEX_POINT ( 'NONE', #1235 ) ;
#7470 = ORIENTED_EDGE ( 'NONE', *, *, #6734, .T. ) ;
#7471 = CARTESIAN_POINT ( 'NONE',  ( -3.000000000000000000, -22.24974746830583783, -4.949747468305832676 ) ) ;
#7472 = DIRECTION ( 'NONE',  ( 0.5000000000000025535, -0.8660254037844372643, 0.000000000000000000 ) ) ;
#7473 = DIRECTION ( 'NONE',  ( -1.000000000000000000, -0.000000000000000000, -0.000000000000000000 ) ) ;
#7474 = DIRECTION ( 'NONE',  ( 0.000000000000000000, 0.000000000000000000, -1.000000000000000000 ) ) ;
#7475 = ORIENTED_EDGE ( 'NONE', *, *, #355, .T. ) ;
#7476 = CARTESIAN_POINT ( 'NONE',  ( -9.526279441628823008, 23.50000000000000711, -26.49999999999999645 ) ) ;
#7477 = DIRECTION ( 'NONE',  ( 0.000000000000000000, -1.000000000000000000, -1.087600925377308590E-16 ) ) ;
#7478 = SURFACE_STYLE_USAGE ( .BOTH. , #1348 ) ;
#7479 = ORIENTED_EDGE ( 'NONE', *, *, #6849, .T. ) ;
#7480 = EDGE_LOOP ( 'NONE', ( #6605, #3146, #7894, #2675 ) ) ;
#7481 = EDGE_CURVE ( 'NONE', #149, #2433, #380, .T. ) ;
#7482 = CIRCLE ( 'NONE', #8120, 1.599999999999998979 ) ;
#7483 = LINE ( 'NONE', #4356, #9737 ) ;
#7484 = CARTESIAN_POINT ( 'NONE',  ( -6.657050807568836603, 36.53035022727662806, -15.24130307875773127 ) ) ;
#7485 = VERTEX_POINT ( 'NONE', #3439 ) ;
#7486 = LINE ( 'NONE', #8222, #8479 ) ;
#7487 = ORIENTED_EDGE ( 'NONE', *, *, #4001, .F. ) ;
#7488 = EDGE_CURVE ( 'NONE', #4945, #7062, #2026, .T. ) ;
#7489 = CARTESIAN_POINT ( 'NONE',  ( -17.41672955930068412, 48.96666049839541301, 10.00000000000000000 ) ) ;
#7490 = FACE_OUTER_BOUND ( 'NONE', #2899, .T. ) ;
#7491 = EDGE_LOOP ( 'NONE', ( #544, #7203, #3994, #3556, #1590, #4608 ) ) ;
#7492 = VECTOR ( 'NONE', #6127, 1000.000000000000114 ) ;
#7493 = CARTESIAN_POINT ( 'NONE',  ( -15.96672955930068483, 46.45518682742054750, 20.82568421935008729 ) ) ;
#7494 = CARTESIAN_POINT ( 'NONE',  ( -7.732050807568833228, 38.39230484541315747, -11.51739384248461739 ) ) ;
#7495 = ADVANCED_FACE ( 'NONE', ( #6594 ), #7963, .F. ) ;
#7496 = EDGE_CURVE ( 'NONE', #2755, #7696, #9505, .T. ) ;
#7497 = LINE ( 'NONE', #9123, #1097 ) ;
#7498 = ORIENTED_EDGE ( 'NONE', *, *, #2050, .T. ) ;
#7499 = AXIS2_PLACEMENT_3D ( 'NONE', #6095, #2293, #3046 ) ;
#7500 = EDGE_LOOP ( 'NONE', ( #5678, #5758, #858, #9814 ) ) ;
#7501 = DIRECTION ( 'NONE',  ( 0.8660254037844378194, 0.5000000000000013323, -0.000000000000000000 ) ) ;
#7502 = DIRECTION ( 'NONE',  ( -0.8660254037844379305, -0.5000000000000013323, 0.000000000000000000 ) ) ;
#7503 = AXIS2_PLACEMENT_3D ( 'NONE', #8960, #2033, #534 ) ;
#7504 = CARTESIAN_POINT ( 'NONE',  ( -17.98241498424991391, 49.94645639550868310, -11.13137084989847025 ) ) ;
#7505 = ADVANCED_FACE ( 'NONE', ( #1926 ), #1035, .T. ) ;
#7506 = CARTESIAN_POINT ( 'NONE',  ( -6.062177826491065069, 25.49999999999999289, 10.99999999999999822 ) ) ;
#7507 = FACE_OUTER_BOUND ( 'NONE', #3700, .T. ) ;
#7508 = ORIENTED_EDGE ( 'NONE', *, *, #1858, .F. ) ;
#7509 = DIRECTION ( 'NONE',  ( 0.8660254037844379305, 0.5000000000000013323, -0.000000000000000000 ) ) ;
#7510 = VECTOR ( 'NONE', #6936, 1000.000000000000000 ) ;
#7511 = DIRECTION ( 'NONE',  ( 0.000000000000000000, -1.000000000000000000, 0.000000000000000000 ) ) ;
#7512 = CARTESIAN_POINT ( 'NONE',  ( -6.657050807568836603, 36.53035022727662806, -15.24130307875773127 ) ) ;
#7513 = ORIENTED_EDGE ( 'NONE', *, *, #783, .T. ) ;
#7514 = AXIS2_PLACEMENT_3D ( 'NONE', #5963, #5259, #5208 ) ;
#7515 = ADVANCED_FACE ( 'NONE', ( #9603 ), #276, .F. ) ;
#7516 = ADVANCED_FACE ( 'NONE', ( #5687 ), #8067, .F. ) ;
#7517 = LINE ( 'NONE', #5972, #4609 ) ;
#7518 = DIRECTION ( 'NONE',  ( 1.000000000000000000, -0.000000000000000000, -0.000000000000000000 ) ) ;
#7519 = CARTESIAN_POINT ( 'NONE',  ( -1.800000000000000044, -9.000000000000003553, -10.25000000000000000 ) ) ;
#7520 = CARTESIAN_POINT ( 'NONE',  ( 0.3499999999999944822, -22.24974746830586270, 0.7071737779759221798 ) ) ;
#7521 = EDGE_LOOP ( 'NONE', ( #1948, #5032, #5185, #2198 ) ) ;
#7522 = DIRECTION ( 'NONE',  ( -0.3535533905932755072, 0.6123724356957976900, 0.7071067811865437980 ) ) ;
#7523 = LINE ( 'NONE', #2940, #9142 ) ;
#7524 = CARTESIAN_POINT ( 'NONE',  ( -17.41672955930067701, 48.96666049839539880, -24.76274169979693696 ) ) ;
#7525 = PLANE ( 'NONE',  #4577 ) ;
#7526 = VERTEX_POINT ( 'NONE', #5642 ) ;
#7527 = ADVANCED_FACE ( 'NONE', ( #4241 ), #3387, .T. ) ;
#7528 = VECTOR ( 'NONE', #2900, 1000.000000000000114 ) ;
#7529 = CARTESIAN_POINT ( 'NONE',  ( -15.16506350946115589, 50.26666049839542438, 19.15136843870016747 ) ) ;
#7530 = CARTESIAN_POINT ( 'NONE',  ( -7.776279441628792810, 20.46891108675442439, -12.49999999999999467 ) ) ;
#7531 = VERTEX_POINT ( 'NONE', #4932 ) ;
#7532 = LINE ( 'NONE', #948, #9608 ) ;
#7533 = ORIENTED_EDGE ( 'NONE', *, *, #1652, .T. ) ;
#7534 = FACE_OUTER_BOUND ( 'NONE', #9091, .T. ) ;
#7535 = CARTESIAN_POINT ( 'NONE',  ( 0.000000000000000000, 26.07179676972451077, 15.00000000000000178 ) ) ;
#7536 = AXIS2_PLACEMENT_3D ( 'NONE', #8746, #3431, #1125 ) ;
#7537 = ORIENTED_EDGE ( 'NONE', *, *, #7336, .T. ) ;
#7538 = EDGE_CURVE ( 'NONE', #2508, #2371, #1655, .T. ) ;
#7539 = DIRECTION ( 'NONE',  ( 0.000000000000000000, 0.000000000000000000, 1.000000000000000000 ) ) ;
#7540 = LINE ( 'NONE', #2862, #4290 ) ;
#7541 = EDGE_LOOP ( 'NONE', ( #4774, #6968, #7976, #1038, #6165 ) ) ;
#7542 = VECTOR ( 'NONE', #2803, 1000.000000000000114 ) ;
#7543 = VERTEX_POINT ( 'NONE', #7313 ) ;
#7544 = CARTESIAN_POINT ( 'NONE',  ( -26.06217782649129688, 60.14101615137783341, -14.00000000000000355 ) ) ;
#7545 = FACE_OUTER_BOUND ( 'NONE', #7598, .T. ) ;
#7546 = EDGE_CURVE ( 'NONE', #5147, #6042, #2928, .T. ) ;
#7547 = DIRECTION ( 'NONE',  ( 0.000000000000000000, -0.6427876096865471345, -0.7660444431189715742 ) ) ;
#7548 = CARTESIAN_POINT ( 'NONE',  ( -7.732050807568833228, 38.39230484541315747, 11.51739384248461029 ) ) ;
#7549 = ORIENTED_EDGE ( 'NONE', *, *, #4429, .T. ) ;
#7550 = CARTESIAN_POINT ( 'NONE',  ( -18.86672955930068341, 51.47813416937027853, 8.325684219350073079 ) ) ;
#7551 = VECTOR ( 'NONE', #2785, 1000.000000000000114 ) ;
#7552 = VECTOR ( 'NONE', #7719, 1000.000000000000000 ) ;
#7553 = CARTESIAN_POINT ( 'NONE',  ( -9.983716857408371226, 37.09230484541315320, 11.51739384248461029 ) ) ;
#7554 = DIRECTION ( 'NONE',  ( 0.8660254037844378194, 0.5000000000000013323, -0.000000000000000000 ) ) ;
#7555 = EDGE_CURVE ( 'NONE', #4367, #3935, #8232, .T. ) ;
#7556 = FACE_OUTER_BOUND ( 'NONE', #4468, .T. ) ;
#7557 = AXIS2_PLACEMENT_3D ( 'NONE', #4717, #2619, #915 ) ;
#7558 = VERTEX_POINT ( 'NONE', #6061 ) ;
#7559 = VECTOR ( 'NONE', #6209, 1000.000000000000000 ) ;
#7560 = PLANE ( 'NONE',  #4316 ) ;
#7561 = ORIENTED_EDGE ( 'NONE', *, *, #2484, .F. ) ;
#7562 = DIRECTION ( 'NONE',  ( -0.2500000000000007772, 0.4330127018922191873, 0.8660254037844384856 ) ) ;
#7563 = EDGE_LOOP ( 'NONE', ( #9047, #6227, #3887, #7380 ) ) ;
#7564 = DIRECTION ( 'NONE',  ( 0.000000000000000000, 0.000000000000000000, -1.000000000000000000 ) ) ;
#7565 = DIRECTION ( 'NONE',  ( 0.3535533905932748411, -0.6123724356957913617, 0.7071067811865496822 ) ) ;
#7566 = ORIENTED_EDGE ( 'NONE', *, *, #9256, .T. ) ;
#7567 = VECTOR ( 'NONE', #4303, 1000.000000000000114 ) ;
#7568 = FACE_OUTER_BOUND ( 'NONE', #2338, .T. ) ;
#7569 = VECTOR ( 'NONE', #2587, 1000.000000000000000 ) ;
#7570 = CARTESIAN_POINT ( 'NONE',  ( 0.000000000000000000, -6.000000000000008882, -6.222539674441586399 ) ) ;
#7571 = EDGE_CURVE ( 'NONE', #5144, #5436, #2207, .T. ) ;
#7572 = LINE ( 'NONE', #6654, #3727 ) ;
#7573 = CARTESIAN_POINT ( 'NONE',  ( 8.999999999999982236, -17.30000000000000426, -1.016456843292302834E-15 ) ) ;
#7574 = ORIENTED_EDGE ( 'NONE', *, *, #219, .F. ) ;
#7575 = CIRCLE ( 'NONE', #5285, 1.599999999999990763 ) ;
#7576 = VECTOR ( 'NONE', #8262, 1000.000000000000000 ) ;
#7577 = PLANE ( 'NONE',  #4629 ) ;
#7578 = ORIENTED_EDGE ( 'NONE', *, *, #3252, .F. ) ;
#7579 = CARTESIAN_POINT ( 'NONE',  ( 6.530942860263101224, -20.16068773682459536, 2.460103028169140504 ) ) ;
#7580 = CARTESIAN_POINT ( 'NONE',  ( -4.312177826491042865, 22.46891108675442794, -12.49999999999999289 ) ) ;
#7581 = ORIENTED_EDGE ( 'NONE', *, *, #30, .F. ) ;
#7582 = CARTESIAN_POINT ( 'NONE',  ( -28.61473670974875461, 8.437822173508868318, 12.50000000000000000 ) ) ;
#7583 = ADVANCED_FACE ( 'NONE', ( #6930 ), #4679, .F. ) ;
#7584 = DIRECTION ( 'NONE',  ( 0.000000000000000000, 0.000000000000000000, -1.000000000000000000 ) ) ;
#7585 = ORIENTED_EDGE ( 'NONE', *, *, #5503, .F. ) ;
#7586 = VECTOR ( 'NONE', #8561, 1000.000000000000114 ) ;
#7587 = FACE_OUTER_BOUND ( 'NONE', #7983, .T. ) ;
#7588 = CARTESIAN_POINT ( 'NONE',  ( -10.77627944162882834, 25.66506350946109904, -15.00000000000000178 ) ) ;
#7589 = EDGE_LOOP ( 'NONE', ( #7826, #7379, #4851, #9840 ) ) ;
#7590 = ORIENTED_EDGE ( 'NONE', *, *, #8552, .F. ) ;
#7591 = VERTEX_POINT ( 'NONE', #8381 ) ;
#7592 = CARTESIAN_POINT ( 'NONE',  ( -3.000000000000000000, -20.16068773682460247, -7.439391908442522627 ) ) ;
#7593 = AXIS2_PLACEMENT_3D ( 'NONE', #9304, #3846, #987 ) ;
#7594 = DIRECTION ( 'NONE',  ( 0.5000000000000013323, -0.8660254037844379305, -2.072158067223666397E-16 ) ) ;
#7595 = DIRECTION ( 'NONE',  ( 0.000000000000000000, 0.000000000000000000, 1.000000000000000000 ) ) ;
#7596 = CARTESIAN_POINT ( 'NONE',  ( 6.530942860263101224, -12.35025253169420267, 0.7071737779759217357 ) ) ;
#7597 = DIRECTION ( 'NONE',  ( 0.5000000000000013323, -0.8660254037844379305, 0.000000000000000000 ) ) ;
#7598 = EDGE_LOOP ( 'NONE', ( #7581, #7185, #7091, #7811 ) ) ;
#7599 = LINE ( 'NONE', #710, #4127 ) ;
#7600 = EDGE_CURVE ( 'NONE', #8423, #2345, #7415, .T. ) ;
#7601 = CARTESIAN_POINT ( 'NONE',  ( 0.3499999999999974243, -12.35025253169416892, -4.949747468305832676 ) ) ;
#7602 = VERTEX_POINT ( 'NONE', #2258 ) ;
#7603 = CARTESIAN_POINT ( 'NONE',  ( -19.30705080756894532, 58.44079294302303396, 11.74130307875772061 ) ) ;
#7604 = EDGE_CURVE ( 'NONE', #4247, #563, #1513, .T. ) ;
#7605 = DIRECTION ( 'NONE',  ( -0.000000000000000000, 0.000000000000000000, 1.000000000000000000 ) ) ;
#7606 = LINE ( 'NONE', #9890, #5366 ) ;
#7607 = ORIENTED_EDGE ( 'NONE', *, *, #580, .T. ) ;
#7608 = ORIENTED_EDGE ( 'NONE', *, *, #2151, .F. ) ;
#7609 = EDGE_CURVE ( 'NONE', #4860, #44, #3764, .T. ) ;
#7610 = EDGE_CURVE ( 'NONE', #2433, #5147, #2938, .T. ) ;
#7611 = CARTESIAN_POINT ( 'NONE',  ( -13.56568542494927421, 52.49645639550868736, 8.868629150101529746 ) ) ;
#7612 = VECTOR ( 'NONE', #8632, 1000.000000000000114 ) ;
#7613 = ORIENTED_EDGE ( 'NONE', *, *, #2285, .F. ) ;
#7614 = DIRECTION ( 'NONE',  ( 0.4330127018922204085, -0.7499999999999997780, -0.4999999999999995004 ) ) ;
#7615 = DIRECTION ( 'NONE',  ( 0.000000000000000000, 0.7071067811865483499, -0.7071067811865467956 ) ) ;
#7616 = ORIENTED_EDGE ( 'NONE', *, *, #3363, .T. ) ;
#7617 = CARTESIAN_POINT ( 'NONE',  ( 1.012917476453566001, -6.000000000000002665, -3.723693702207788281 ) ) ;
#7618 = ORIENTED_EDGE ( 'NONE', *, *, #4313, .T. ) ;
#7619 = CARTESIAN_POINT ( 'NONE',  ( -29.56217782649112635, -11.32179235619570257, -6.175418577296191813 ) ) ;
#7620 = VECTOR ( 'NONE', #2053, 1000.000000000000227 ) ;
#7621 = PLANE ( 'NONE',  #6005 ) ;
#7622 = ORIENTED_EDGE ( 'NONE', *, *, #3166, .T. ) ;
#7623 = ADVANCED_FACE ( 'NONE', ( #5357, #8158 ), #9229, .T. ) ;
#7624 = LINE ( 'NONE', #736, #9906 ) ;
#7625 = ORIENTED_EDGE ( 'NONE', *, *, #3788, .T. ) ;
#7626 = DIRECTION ( 'NONE',  ( 0.000000000000000000, -0.8944271909999162995, 0.4472135954999569285 ) ) ;
#7627 = DIRECTION ( 'NONE',  ( 0.5000000000000016653, -0.8660254037844377084, 0.000000000000000000 ) ) ;
#7628 = AXIS2_PLACEMENT_3D ( 'NONE', #128, #5655, #7122 ) ;
#7629 = ORIENTED_EDGE ( 'NONE', *, *, #4532, .F. ) ;
#7630 = CARTESIAN_POINT ( 'NONE',  ( -23.98371685740855597, 61.34101615137766572, -16.48260615751542346 ) ) ;
#7631 = DIRECTION ( 'NONE',  ( 0.3535533905932743970, -0.6123724356957901405, 0.7071067811865510144 ) ) ;
#7632 = VERTEX_POINT ( 'NONE', #706 ) ;
#7633 = CARTESIAN_POINT ( 'NONE',  ( -15.96672955930068483, 46.45518682742054750, -20.82568421935008729 ) ) ;
#7634 = VECTOR ( 'NONE', #6544, 1000.000000000000114 ) ;
#7635 = DIRECTION ( 'NONE',  ( 0.5000000000000019984, -0.8660254037844373753, 0.000000000000000000 ) ) ;
#7636 = EDGE_CURVE ( 'NONE', #1271, #2103, #3820, .T. ) ;
#7637 = CARTESIAN_POINT ( 'NONE',  ( 7.758974596215505670, 71.58476383827589018, -12.05563491861038905 ) ) ;
#7638 = ORIENTED_EDGE ( 'NONE', *, *, #7737, .F. ) ;
#7639 = EDGE_CURVE ( 'NONE', #9409, #2486, #6213, .T. ) ;
#7640 = EDGE_LOOP ( 'NONE', ( #9457, #8309, #3474, #6247 ) ) ;
#7641 = VERTEX_POINT ( 'NONE', #7751 ) ;
#7642 = DIRECTION ( 'NONE',  ( 0.4330127018922216298, -0.7499999999999984457, -0.5000000000000004441 ) ) ;
#7643 = VECTOR ( 'NONE', #7356, 1000.000000000000227 ) ;
#7644 = DIRECTION ( 'NONE',  ( -0.8660254037844380415, -0.5000000000000011102, -0.000000000000000000 ) ) ;
#7645 = VERTEX_POINT ( 'NONE', #3584 ) ;
#7646 = CARTESIAN_POINT ( 'NONE',  ( -4.500000000000000888, -12.00000000000000000, -12.49999999999999822 ) ) ;
#7647 = CARTESIAN_POINT ( 'NONE',  ( -1.800000000000000044, -9.000000000000003553, -8.150000000000000355 ) ) ;
#7648 = AXIS2_PLACEMENT_3D ( 'NONE', #6826, #3620, #3715 ) ;
#7649 = CARTESIAN_POINT ( 'NONE',  ( -17.41672955930070543, 48.96666049839544144, -24.76274169979696893 ) ) ;
#7650 = ORIENTED_EDGE ( 'NONE', *, *, #7733, .F. ) ;
#7651 = LINE ( 'NONE', #3881, #2529 ) ;
#7652 = CARTESIAN_POINT ( 'NONE',  ( 0.3499999999999976463, -24.33880719978711227, -7.439391908442495094 ) ) ;
#7653 = LINE ( 'NONE', #1521, #8490 ) ;
#7654 = ORIENTED_EDGE ( 'NONE', *, *, #4419, .F. ) ;
#7655 = FACE_OUTER_BOUND ( 'NONE', #3082, .T. ) ;
#7656 = VECTOR ( 'NONE', #8716, 1000.000000000000000 ) ;
#7657 = EDGE_CURVE ( 'NONE', #2353, #46, #6876, .T. ) ;
#7658 = CARTESIAN_POINT ( 'NONE',  ( -22.95108655614372850, 54.75244800415185864, -11.27781745930519719 ) ) ;
#7659 = ORIENTED_EDGE ( 'NONE', *, *, #8768, .F. ) ;
#7660 = EDGE_CURVE ( 'NONE', #699, #5594, #3012, .T. ) ;
#7661 = ORIENTED_EDGE ( 'NONE', *, *, #5584, .T. ) ;
#7662 = AXIS2_PLACEMENT_3D ( 'NONE', #7494, #3256, #905 ) ;
#7663 = AXIS2_PLACEMENT_3D ( 'NONE', #9535, #9468, #5544 ) ;
#7664 = CARTESIAN_POINT ( 'NONE',  ( 2.000000000000000000, -22.24974746830583072, 4.949747468305830900 ) ) ;
#7665 = CYLINDRICAL_SURFACE ( 'NONE', #1015, 1.599999999999990763 ) ;
#7666 =( NAMED_UNIT ( * ) SI_UNIT ( $, .STERADIAN. ) SOLID_ANGLE_UNIT ( ) );
#7667 = DIRECTION ( 'NONE',  ( 0.000000000000000000, 0.8944271909999164105, -0.4472135954999567620 ) ) ;
#7668 = VERTEX_POINT ( 'NONE', #7646 ) ;
#7669 = VERTEX_POINT ( 'NONE', #754 ) ;
#7670 = DIRECTION ( 'NONE',  ( 0.000000000000000000, 0.000000000000000000, 1.000000000000000000 ) ) ;
#7671 = ORIENTED_EDGE ( 'NONE', *, *, #3293, .F. ) ;
#7672 = LINE ( 'NONE', #3039, #3575 ) ;
#7673 = CONICAL_SURFACE ( 'NONE', #291, 1.599999999999976552, 0.7853981633974547183 ) ;
#7674 = EDGE_CURVE ( 'NONE', #2877, #3694, #1564, .T. ) ;
#7675 = EDGE_CURVE ( 'NONE', #3892, #559, #5314, .T. ) ;
#7676 = VECTOR ( 'NONE', #1568, 1000.000000000000227 ) ;
#7677 = FILL_AREA_STYLE_COLOUR ( '', #575 ) ;
#7678 = ORIENTED_EDGE ( 'NONE', *, *, #5072, .F. ) ;
#7679 = EDGE_CURVE ( 'NONE', #6597, #4651, #9697, .T. ) ;
#7680 = PLANE ( 'NONE',  #1417 ) ;
#7681 = ORIENTED_EDGE ( 'NONE', *, *, #4647, .T. ) ;
#7682 = CARTESIAN_POINT ( 'NONE',  ( -12.30705080756892045, 46.31643729004088783, -11.74130307875769574 ) ) ;
#7683 = CARTESIAN_POINT ( 'NONE',  ( -0.2472232502674608090, 26.50000000000006750, -7.500000000000000000 ) ) ;
#7684 = AXIS2_PLACEMENT_3D ( 'NONE', #6410, #1945, #1996 ) ;
#7685 = PLANE ( 'NONE',  #5266 ) ;
#7686 = ORIENTED_EDGE ( 'NONE', *, *, #9691, .T. ) ;
#7687 = ORIENTED_EDGE ( 'NONE', *, *, #5419, .F. ) ;
#7688 = DIRECTION ( 'NONE',  ( 0.000000000000000000, 1.000000000000000000, 2.392722035830078972E-16 ) ) ;
#7689 = DIRECTION ( 'NONE',  ( 1.000000000000000000, -0.000000000000000000, -0.000000000000000000 ) ) ;
#7690 = ADVANCED_FACE ( 'NONE', ( #3069, #6113 ), #2306, .T. ) ;
#7691 = LINE ( 'NONE', #6715, #3763 ) ;
#7692 = AXIS2_PLACEMENT_3D ( 'NONE', #9839, #7518, #8294 ) ;
#7693 = CYLINDRICAL_SURFACE ( 'NONE', #7180, 1.599999999999998979 ) ;
#7694 = CARTESIAN_POINT ( 'NONE',  ( 14.75897459621551633, 59.46040818529375827, -12.05563491861039083 ) ) ;
#7695 = ORIENTED_EDGE ( 'NONE', *, *, #1224, .T. ) ;
#7696 = VERTEX_POINT ( 'NONE', #966 ) ;
#7697 = CARTESIAN_POINT ( 'NONE',  ( -3.000000000000000000, -19.59809703885628807, -2.298097038856286911 ) ) ;
#7698 = VECTOR ( 'NONE', #1824, 999.9999999999998863 ) ;
#7699 = ORIENTED_EDGE ( 'NONE', *, *, #8141, .T. ) ;
#7700 = DIRECTION ( 'NONE',  ( 0.000000000000000000, -1.196361017915039732E-16, 1.000000000000000000 ) ) ;
#7701 = EDGE_CURVE ( 'NONE', #387, #9817, #8682, .T. ) ;
#7702 = ADVANCED_FACE ( 'NONE', ( #3267 ), #6366, .F. ) ;
#7703 = CARTESIAN_POINT ( 'NONE',  ( 6.530942860263101224, -14.43931226317543803, -7.439391908442491541 ) ) ;
#7704 = CARTESIAN_POINT ( 'NONE',  ( -19.30705080756894532, 58.44079294302303396, 11.74130307875772061 ) ) ;
#7705 = AXIS2_PLACEMENT_3D ( 'NONE', #5948, #4396, #3799 ) ;
#7706 = LINE ( 'NONE', #4767, #3498 ) ;
#7707 = VERTEX_POINT ( 'NONE', #1814 ) ;
#7708 = LINE ( 'NONE', #4630, #7986 ) ;
#7709 = LINE ( 'NONE', #3771, #978 ) ;
#7710 = ORIENTED_EDGE ( 'NONE', *, *, #9480, .F. ) ;
#7711 = CIRCLE ( 'NONE', #323, 3.249999999999999556 ) ;
#7712 = DIRECTION ( 'NONE',  ( 0.000000000000000000, -1.084202172485505223E-15, -1.000000000000000000 ) ) ;
#7713 = EDGE_CURVE ( 'NONE', #3916, #1743, #357, .T. ) ;
#7714 = DIRECTION ( 'NONE',  ( 0.000000000000000000, 0.000000000000000000, 1.000000000000000000 ) ) ;
#7715 = VECTOR ( 'NONE', #3783, 1000.000000000000114 ) ;
#7716 = CARTESIAN_POINT ( 'NONE',  ( -17.79083251829953483, 65.81462583064325145, -14.77781745930522384 ) ) ;
#7717 = ORIENTED_EDGE ( 'NONE', *, *, #6680, .T. ) ;
#7718 = CARTESIAN_POINT ( 'NONE',  ( -22.90871685740855668, 59.47906153324113632, -12.75869692124231847 ) ) ;
#7719 = DIRECTION ( 'NONE',  ( -0.3535533905932292664, 0.6123724356957185311, -0.7071067811866356134 ) ) ;
#7720 = EDGE_CURVE ( 'NONE', #5942, #5269, #5559, .T. ) ;
#7721 = ORIENTED_EDGE ( 'NONE', *, *, #2307, .T. ) ;
#7722 = PLANE ( 'NONE',  #9936 ) ;
#7723 = FACE_OUTER_BOUND ( 'NONE', #859, .T. ) ;
#7724 = AXIS2_PLACEMENT_3D ( 'NONE', #8537, #6281, #5362 ) ;
#7725 = DIRECTION ( 'NONE',  ( 0.000000000000000000, 0.7071067811865474617, 0.7071067811865474617 ) ) ;
#7726 = ORIENTED_EDGE ( 'NONE', *, *, #3140, .F. ) ;
#7727 = CARTESIAN_POINT ( 'NONE',  ( 11.25897459621551988, 65.52258601178481001, -12.26274169979694051 ) ) ;
#7728 = DIRECTION ( 'NONE',  ( -0.3535533905932746745, 0.6123724356957939152, -0.7071067811865475727 ) ) ;
#7729 = VECTOR ( 'NONE', #1999, 1000.000000000000000 ) ;
#7730 = CARTESIAN_POINT ( 'NONE',  ( -15.96672955930068483, 46.45518682742054750, -20.82568421935008729 ) ) ;
#7731 = AXIS2_PLACEMENT_3D ( 'NONE', #2917, #4567, #1612 ) ;
#7732 = DIRECTION ( 'NONE',  ( -1.000000000000000000, -0.000000000000000000, -0.000000000000000000 ) ) ;
#7733 = EDGE_CURVE ( 'NONE', #2824, #8481, #1709, .T. ) ;
#7734 = EDGE_LOOP ( 'NONE', ( #1541, #775, #4587, #3436 ) ) ;
#7735 = EDGE_LOOP ( 'NONE', ( #6232, #5842, #7726, #3168 ) ) ;
#7736 = CARTESIAN_POINT ( 'NONE',  ( -0.2900635094610802267, 24.50240473580833722, 16.24999999999997513 ) ) ;
#7737 = EDGE_CURVE ( 'NONE', #9864, #7832, #7992, .T. ) ;
#7738 = CARTESIAN_POINT ( 'NONE',  ( -15.17326909683851532, 41.28087299263900434, 9.722182540694808139 ) ) ;
#7739 = CARTESIAN_POINT ( 'NONE',  ( 10.00000000000000000, -21.22128729280737502, -6.175418577296191813 ) ) ;
#7740 = AXIS2_PLACEMENT_3D ( 'NONE', #3508, #6565, #8253 ) ;
#7741 = VECTOR ( 'NONE', #9058, 1000.000000000000000 ) ;
#7742 = CARTESIAN_POINT ( 'NONE',  ( 1.752404735808325453, 3.964745962155735715, -2.557368354874445249 ) ) ;
#7743 = VERTEX_POINT ( 'NONE', #3970 ) ;
#7744 = EDGE_CURVE ( 'NONE', #3028, #3723, #1760, .T. ) ;
#7745 = ADVANCED_FACE ( 'NONE', ( #4868 ), #5612, .T. ) ;
#7746 = EDGE_LOOP ( 'NONE', ( #7838, #6387, #6022, #1008, #6171 ) ) ;
#7747 = DIRECTION ( 'NONE',  ( 1.000000000000000000, 0.000000000000000000, -0.000000000000000000 ) ) ;
#7748 = VECTOR ( 'NONE', #1229, 1000.000000000000114 ) ;
#7749 = DIRECTION ( 'NONE',  ( -0.8660254037844382635, -0.5000000000000009992, 0.000000000000000000 ) ) ;
#7750 = ORIENTED_EDGE ( 'NONE', *, *, #4742, .T. ) ;
#7751 = CARTESIAN_POINT ( 'NONE',  ( -22.90871685740854957, 59.47906153324112211, 15.24130307875772772 ) ) ;
#7752 = LINE ( 'NONE', #9929, #5218 ) ;
#7753 = CARTESIAN_POINT ( 'NONE',  ( -15.16506350946115589, 50.26666049839542438, -6.651368438700165697 ) ) ;
#7754 = DIRECTION ( 'NONE',  ( 0.000000000000000000, 1.000000000000000000, 2.392722035830078972E-16 ) ) ;
#7755 = EDGE_CURVE ( 'NONE', #8959, #3916, #3215, .T. ) ;
#7756 = ORIENTED_EDGE ( 'NONE', *, *, #8974, .T. ) ;
#7757 = CARTESIAN_POINT ( 'NONE',  ( -29.56217782649112635, -6.000000000000001776, -10.50000000000000533 ) ) ;
#7758 = CARTESIAN_POINT ( 'NONE',  ( -4.500000000000000888, -27.49999999999998579, 9.500000000000000000 ) ) ;
#7759 = AXIS2_PLACEMENT_3D ( 'NONE', #6541, #5033, #5733 ) ;
#7760 = DIRECTION ( 'NONE',  ( -0.8660254037844379305, -0.5000000000000013323, -1.196361017915042691E-16 ) ) ;
#7761 = ORIENTED_EDGE ( 'NONE', *, *, #979, .F. ) ;
#7763 = EDGE_CURVE ( 'NONE', #722, #8265, #7941, .T. ) ;
#7762 = DIRECTION ( 'NONE',  ( -0.3535533905932813914, 0.6123724356958059056, -0.7071067811865338060 ) ) ;
#7764 = DIRECTION ( 'NONE',  ( 0.5000000000000013323, -0.8660254037844379305, 0.000000000000000000 ) ) ;
#7765 = ORIENTED_EDGE ( 'NONE', *, *, #233, .F. ) ;
#7766 = LINE ( 'NONE', #2276, #5074 ) ;
#7767 = DIRECTION ( 'NONE',  ( 0.000000000000000000, 0.000000000000000000, 1.000000000000000000 ) ) ;
#7768 = VERTEX_POINT ( 'NONE', #6316 ) ;
#7769 = ORIENTED_EDGE ( 'NONE', *, *, #2758, .F. ) ;
#7770 = VECTOR ( 'NONE', #3114, 1000.000000000000000 ) ;
#7771 = CARTESIAN_POINT ( 'NONE',  ( -7.000000000000000000, -28.99999999999999645, -15.00000000000000888 ) ) ;
#7772 = CARTESIAN_POINT ( 'NONE',  ( 10.00000000000000178, 16.29852813742385109, 9.401471862576146421 ) ) ;
#7773 = FACE_OUTER_BOUND ( 'NONE', #7323, .T. ) ;
#7774 = ORIENTED_EDGE ( 'NONE', *, *, #5149, .F. ) ;
#7775 = CARTESIAN_POINT ( 'NONE',  ( -23.43371685740861210, 60.38838820721489498, -14.00000000000000355 ) ) ;
#7776 = ORIENTED_EDGE ( 'NONE', *, *, #9754, .F. ) ;
#7777 = EDGE_LOOP ( 'NONE', ( #3718, #484, #5475, #5416 ) ) ;
#7778 = CARTESIAN_POINT ( 'NONE',  ( -3.000000000000000000, -20.16068773682460247, -7.439391908442522627 ) ) ;
#7779 = DIRECTION ( 'NONE',  ( -0.5000000000000019984, 0.8660254037844373753, 0.000000000000000000 ) ) ;
#7780 = CARTESIAN_POINT ( 'NONE',  ( 14.37006586656291240, 60.13401786455914078, 9.722182540694801034 ) ) ;
#7781 = ORIENTED_EDGE ( 'NONE', *, *, #9110, .F. ) ;
#7782 = ORIENTED_EDGE ( 'NONE', *, *, #4046, .T. ) ;
#7783 = VECTOR ( 'NONE', #7081, 1000.000000000000227 ) ;
#7784 = CARTESIAN_POINT ( 'NONE',  ( -12.06217782649100378, 35.89230484541311483, 14.00000000000001066 ) ) ;
#7785 = FACE_OUTER_BOUND ( 'NONE', #3652, .T. ) ;
#7786 = ADVANCED_FACE ( 'NONE', ( #8579 ), #1064, .T. ) ;
#7787 = VECTOR ( 'NONE', #1164, 1000.000000000000227 ) ;
#7788 = DIRECTION ( 'NONE',  ( 0.000000000000000000, 0.000000000000000000, -1.000000000000000000 ) ) ;
#7789 = ORIENTED_EDGE ( 'NONE', *, *, #2821, .F. ) ;
#7790 = EDGE_CURVE ( 'NONE', #2794, #6002, #6270, .T. ) ;
#7791 = ORIENTED_EDGE ( 'NONE', *, *, #1721, .F. ) ;
#7792 = VERTEX_POINT ( 'NONE', #2513 ) ;
#7793 = EDGE_LOOP ( 'NONE', ( #5493, #6185, #2988 ) ) ;
#7794 = VERTEX_POINT ( 'NONE', #7136 ) ;
#7795 = DIRECTION ( 'NONE',  ( 0.5000000000000019984, -0.8660254037844373753, 0.000000000000000000 ) ) ;
#7796 = CARTESIAN_POINT ( 'NONE',  ( -8.526279441628817679, 21.76794919243112147, 18.00000000000002842 ) ) ;
#7797 = CARTESIAN_POINT ( 'NONE',  ( -1.799999999999999600, 16.29852813742385109, -11.09852813742385003 ) ) ;
#7798 = EDGE_CURVE ( 'NONE', #8255, #7425, #3312, .T. ) ;
#7799 = EDGE_CURVE ( 'NONE', #8959, #5774, #2414, .T. ) ;
#7800 = DIRECTION ( 'NONE',  ( -0.8660254037844379305, -0.5000000000000013323, 0.000000000000000000 ) ) ;
#7801 = LINE ( 'NONE', #3975, #2528 ) ;
#7802 = AXIS2_PLACEMENT_3D ( 'NONE', #4288, #1287, #330 ) ;
#7803 = EDGE_LOOP ( 'NONE', ( #8085, #5602 ) ) ;
#7804 = CARTESIAN_POINT ( 'NONE',  ( -6.657050807568833051, 36.53035022727662096, -12.75869692124230781 ) ) ;
#7805 = ORIENTED_EDGE ( 'NONE', *, *, #4105, .F. ) ;
#7806 = AXIS2_PLACEMENT_3D ( 'NONE', #5727, #4982, #8060 ) ;
#7807 = CARTESIAN_POINT ( 'NONE',  ( -22.80705080756902348, 64.50297076951422071, -12.75869692124230781 ) ) ;
#7808 = ADVANCED_FACE ( 'NONE', ( #199 ), #5461, .T. ) ;
#7809 = VECTOR ( 'NONE', #4482, 1000.000000000000114 ) ;
#7810 = LINE ( 'NONE', #2525, #6827 ) ;
#7811 = ORIENTED_EDGE ( 'NONE', *, *, #424, .F. ) ;
#7812 = CARTESIAN_POINT ( 'NONE',  ( -17.66025403784439973, 39.58845726811988897, 7.500000000000000000 ) ) ;
#7813 = LINE ( 'NONE', #5028, #3896 ) ;
#7814 = DIRECTION ( 'NONE',  ( 0.000000000000000000, -0.6427876096865471345, -0.7660444431189715742 ) ) ;
#7815 = DIRECTION ( 'NONE',  ( 0.000000000000000000, 0.000000000000000000, -1.000000000000000000 ) ) ;
#7816 = VECTOR ( 'NONE', #9116, 1000.000000000000114 ) ;
#7817 = CARTESIAN_POINT ( 'NONE',  ( -15.96672955930068483, 46.45518682742054750, 24.17431578064990916 ) ) ;
#7818 = DIRECTION ( 'NONE',  ( -1.000000000000000000, -0.000000000000000000, -0.000000000000000000 ) ) ;
#7819 = ADVANCED_FACE ( 'NONE', ( #5669 ), #1113, .F. ) ;
#7820 = EDGE_CURVE ( 'NONE', #6758, #4180, #4312, .T. ) ;
#7821 = DIRECTION ( 'NONE',  ( 1.000000000000000000, -0.000000000000000000, -0.000000000000000000 ) ) ;
#7822 = ORIENTED_EDGE ( 'NONE', *, *, #9268, .T. ) ;
#7823 = VECTOR ( 'NONE', #2693, 1000.000000000000000 ) ;
#7824 = DIRECTION ( 'NONE',  ( 0.000000000000000000, -0.8944271909999162995, 0.4472135954999569285 ) ) ;
#7825 = ORIENTED_EDGE ( 'NONE', *, *, #5326, .F. ) ;
#7826 = ORIENTED_EDGE ( 'NONE', *, *, #2417, .F. ) ;
#7827 = DIRECTION ( 'NONE',  ( 0.000000000000000000, 2.168404344971010446E-15, -1.000000000000000000 ) ) ;
#7828 = CARTESIAN_POINT ( 'NONE',  ( -54.53637007961710026, 14.25656986040708674, 11.00000000000000178 ) ) ;
#7829 = DIRECTION ( 'NONE',  ( -1.000000000000000000, 0.000000000000000000, 0.000000000000000000 ) ) ;
#7830 = ORIENTED_EDGE ( 'NONE', *, *, #1073, .T. ) ;
#7831 = ORIENTED_EDGE ( 'NONE', *, *, #1232, .T. ) ;
#7832 = VERTEX_POINT ( 'NONE', #8888 ) ;
#7833 = VECTOR ( 'NONE', #6340, 1000.000000000000114 ) ;
#7834 = CARTESIAN_POINT ( 'NONE',  ( 0.4510865561435409288, 42.21869516614809470, -14.77781745930480994 ) ) ;
#7835 = PLANE ( 'NONE',  #4730 ) ;
#7836 = VECTOR ( 'NONE', #6275, 1000.000000000000114 ) ;
#7837 = FACE_OUTER_BOUND ( 'NONE', #2518, .T. ) ;
#7838 = ORIENTED_EDGE ( 'NONE', *, *, #8848, .T. ) ;
#7839 = ORIENTED_EDGE ( 'NONE', *, *, #1460, .F. ) ;
#7840 = CARTESIAN_POINT ( 'NONE',  ( 10.00000000000000000, -13.37871270719263350, 3.724076359315469986 ) ) ;
#7841 = ORIENTED_EDGE ( 'NONE', *, *, #6169, .F. ) ;
#7842 = ORIENTED_EDGE ( 'NONE', *, *, #4134, .F. ) ;
#7843 = CARTESIAN_POINT ( 'NONE',  ( 0.000000000000000000, -11.25000000000027001, 30.24999999999992895 ) ) ;
#7844 = EDGE_LOOP ( 'NONE', ( #5603, #7334, #6980, #5653 ) ) ;
#7845 = EDGE_CURVE ( 'NONE', #9727, #8642, #3562, .T. ) ;
#7846 = CARTESIAN_POINT ( 'NONE',  ( 10.00000000000000178, 16.29852813742385109, -11.09852813742385003 ) ) ;
#7847 = VECTOR ( 'NONE', #957, 1000.000000000000114 ) ;
#7848 = DIRECTION ( 'NONE',  ( -0.6123724356957905846, -0.3535533905932725651, -0.7071067811865515695 ) ) ;
#7849 = FACE_OUTER_BOUND ( 'NONE', #2994, .T. ) ;
#7850 = VECTOR ( 'NONE', #8018, 1000.000000000000000 ) ;
#7851 = PLANE ( 'NONE',  #1939 ) ;
#7852 = EDGE_CURVE ( 'NONE', #2841, #8557, #2002, .T. ) ;
#7853 = DIRECTION ( 'NONE',  ( -1.000000000000000000, -0.000000000000000000, -0.000000000000000000 ) ) ;
#7854 = EDGE_CURVE ( 'NONE', #4582, #9658, #9722, .T. ) ;
#7855 = VECTOR ( 'NONE', #3133, 1000.000000000000000 ) ;
#7856 = DIRECTION ( 'NONE',  ( 0.000000000000000000, 0.000000000000000000, -1.000000000000000000 ) ) ;
#7857 = ORIENTED_EDGE ( 'NONE', *, *, #1605, .T. ) ;
#7858 = DIRECTION ( 'NONE',  ( -0.2500000000000011657, 0.4330127018922197979, -0.8660254037844381525 ) ) ;
#7859 = PLANE ( 'NONE',  #5155 ) ;
#7860 = CIRCLE ( 'NONE', #4006, 1.199999999999994404 ) ;
#7861 = CARTESIAN_POINT ( 'NONE',  ( 8.999999999999982236, -17.30000000000000426, -1.016456843292302834E-15 ) ) ;
#7862 = ADVANCED_FACE ( 'NONE', ( #2715 ), #2859, .F. ) ;
#7863 = EDGE_CURVE ( 'NONE', #8807, #6002, #4364, .T. ) ;
#7864 = CARTESIAN_POINT ( 'NONE',  ( -6.952323035880303870, 36.04177672877616345, 29.08355345755233046 ) ) ;
#7865 = ORIENTED_EDGE ( 'NONE', *, *, #8251, .T. ) ;
#7866 = CARTESIAN_POINT ( 'NONE',  ( -18.86672955930068341, 51.47813416937027853, -11.67431578064991093 ) ) ;
#7867 = CARTESIAN_POINT ( 'NONE',  ( -12.40871685740845187, 41.29252805376780344, -11.74130307875772417 ) ) ;
#7868 = VERTEX_POINT ( 'NONE', #7493 ) ;
#7869 = VECTOR ( 'NONE', #2294, 1000.000000000000000 ) ;
#7870 = LINE ( 'NONE', #6338, #3388 ) ;
#7871 = CARTESIAN_POINT ( 'NONE',  ( -18.86672955930068341, 51.47813416937027853, -24.17431578064991271 ) ) ;
#7872 = CARTESIAN_POINT ( 'NONE',  ( 2.000000000000000000, -12.35025253169417248, 6.549747468305829656 ) ) ;
#7873 = PLANE ( 'NONE',  #526 ) ;
#7874 = ORIENTED_EDGE ( 'NONE', *, *, #308, .T. ) ;
#7875 = DIRECTION ( 'NONE',  ( -0.5000000000000019984, 0.8660254037844373753, 0.000000000000000000 ) ) ;
#7876 = LINE ( 'NONE', #4606, #9618 ) ;
#7877 = ADVANCED_FACE ( 'NONE', ( #557 ), #1311, .T. ) ;
#7878 = ORIENTED_EDGE ( 'NONE', *, *, #2037, .T. ) ;
#7879 = AXIS2_PLACEMENT_3D ( 'NONE', #3530, #5786, #8107 ) ;
#7880 = VECTOR ( 'NONE', #6883, 1000.000000000000227 ) ;
#7881 = ORIENTED_EDGE ( 'NONE', *, *, #234, .T. ) ;
#7882 = VECTOR ( 'NONE', #1887, 1000.000000000000114 ) ;
#7883 = DIRECTION ( 'NONE',  ( 0.000000000000000000, -0.7071067811865474617, -0.7071067811865474617 ) ) ;
#7884 = CARTESIAN_POINT ( 'NONE',  ( -17.98241498424990326, 49.94645639550864047, -23.63137084989850223 ) ) ;
#7885 = AXIS2_PLACEMENT_3D ( 'NONE', #5469, #6220, #4921 ) ;
#7887 = CYLINDRICAL_SURFACE ( 'NONE', #2522, 1.100000000000065370 ) ;
#7886 = AXIS2_PLACEMENT_3D ( 'NONE', #704, #6927, #2303 ) ;
#7888 = DIRECTION ( 'NONE',  ( -0.8660254037844379305, -0.5000000000000011102, -0.000000000000000000 ) ) ;
#7889 = ORIENTED_EDGE ( 'NONE', *, *, #7121, .T. ) ;
#7890 = ORIENTED_EDGE ( 'NONE', *, *, #1857, .T. ) ;
#7891 = DIRECTION ( 'NONE',  ( 1.000000000000000000, 0.000000000000000000, 0.000000000000000000 ) ) ;
#7892 = ORIENTED_EDGE ( 'NONE', *, *, #7369, .T. ) ;
#7893 = DIRECTION ( 'NONE',  ( -0.8660254037844379305, -0.5000000000000012212, 0.000000000000000000 ) ) ;
#7894 = ORIENTED_EDGE ( 'NONE', *, *, #5954, .T. ) ;
#7895 = AXIS2_PLACEMENT_3D ( 'NONE', #8903, #8945, #4787 ) ;
#7896 = CARTESIAN_POINT ( 'NONE',  ( 0.000000000000000000, -28.99999999999999289, -14.99999999999996447 ) ) ;
#7897 = DIRECTION ( 'NONE',  ( 0.4999999999999987788, -0.8660254037844392627, 0.000000000000000000 ) ) ;
#7898 = DIRECTION ( 'NONE',  ( -0.8660254037844379305, -0.5000000000000013323, 0.000000000000000000 ) ) ;
#7899 = DIRECTION ( 'NONE',  ( 0.8660254037844380415, 0.5000000000000011102, 1.730666417745208372E-15 ) ) ;
#7900 = LINE ( 'NONE', #9281, #8450 ) ;
#7901 = VERTEX_POINT ( 'NONE', #9582 ) ;
#7902 = VECTOR ( 'NONE', #4447, 1000.000000000000000 ) ;
#7903 = DIRECTION ( 'NONE',  ( 0.000000000000000000, 0.000000000000000000, 1.000000000000000000 ) ) ;
#7904 = LINE ( 'NONE', #4874, #7068 ) ;
#7905 = EDGE_LOOP ( 'NONE', ( #2905, #6289, #4459, #2274 ) ) ;
#7906 = AXIS2_PLACEMENT_3D ( 'NONE', #2645, #5693, #9746 ) ;
#7907 = CARTESIAN_POINT ( 'NONE',  ( -20.65705080756901779, 60.77906153324114058, -12.75869692124231847 ) ) ;
#7908 = EDGE_CURVE ( 'NONE', #7669, #6910, #3608, .T. ) ;
#7909 = ORIENTED_EDGE ( 'NONE', *, *, #1711, .F. ) ;
#7910 = ORIENTED_EDGE ( 'NONE', *, *, #8499, .F. ) ;
#7911 = CARTESIAN_POINT ( 'NONE',  ( -23.98371685740855597, 61.34101615137766572, 16.48260615751542346 ) ) ;
#7912 = ADVANCED_FACE ( 'NONE', ( #506 ), #8093, .T. ) ;
#7913 = CARTESIAN_POINT ( 'NONE',  ( -9.240063509461061031, 40.00425946354970819, 12.75869692124231136 ) ) ;
#7914 = DIRECTION ( 'NONE',  ( 0.000000000000000000, 0.000000000000000000, -1.000000000000000000 ) ) ;
#7915 = ORIENTED_EDGE ( 'NONE', *, *, #8361, .T. ) ;
#7916 = DIRECTION ( 'NONE',  ( 0.4330127018922207971, -0.7499999999999998890, 0.4999999999999987788 ) ) ;
#7917 = AXIS2_PLACEMENT_3D ( 'NONE', #6700, #9756, #1347 ) ;
#7918 = CARTESIAN_POINT ( 'NONE',  ( -13.38782217350912518, 66.18838820721491345, -14.00000000000000355 ) ) ;
#7919 = DIRECTION ( 'NONE',  ( -0.5000000000000013323, 0.8660254037844379305, 3.119295361240695257E-15 ) ) ;
#7920 = VERTEX_POINT ( 'NONE', #1212 ) ;
#7921 = EDGE_CURVE ( 'NONE', #1967, #1107, #5764, .T. ) ;
#7922 = ADVANCED_FACE ( 'NONE', ( #5148 ), #8981, .F. ) ;
#7923 = CARTESIAN_POINT ( 'NONE',  ( -18.86672955930068341, 51.47813416937027853, 8.325684219350073079 ) ) ;
#7924 = CARTESIAN_POINT ( 'NONE',  ( -18.86672955930068341, 51.47813416937027853, -20.82568421935008018 ) ) ;
#7925 = CARTESIAN_POINT ( 'NONE',  ( 0.000000000000000000, 5.999999999999977796, -15.00000000000000000 ) ) ;
#7926 = DIRECTION ( 'NONE',  ( 0.8660254037844380415, 0.5000000000000011102, 1.617713497810748209E-16 ) ) ;
#7927 = DIRECTION ( 'NONE',  ( 1.397501952313624484E-15, 0.000000000000000000, 1.000000000000000000 ) ) ;
#7928 = ORIENTED_EDGE ( 'NONE', *, *, #2169, .T. ) ;
#7929 = CARTESIAN_POINT ( 'NONE',  ( 10.00000000000000178, -9.000000000000005329, 8.552943725152294618 ) ) ;
#7930 = CARTESIAN_POINT ( 'NONE',  ( -13.71506350946114416, 47.75518682742054466, -11.67431578064991804 ) ) ;
#7931 = DIRECTION ( 'NONE',  ( 0.5000000000000025535, -0.8660254037844372643, 0.000000000000000000 ) ) ;
#7932 = EDGE_CURVE ( 'NONE', #7200, #9346, #3602, .T. ) ;
#7933 = FACE_OUTER_BOUND ( 'NONE', #3006, .T. ) ;
#7934 = ORIENTED_EDGE ( 'NONE', *, *, #1221, .F. ) ;
#7935 = EDGE_LOOP ( 'NONE', ( #8407, #9607, #6428, #7928 ) ) ;
#7936 = CARTESIAN_POINT ( 'NONE',  ( -16.50000000000005684, 57.57883832488649745, -10.49999999999999822 ) ) ;
#7937 = AXIS2_PLACEMENT_3D ( 'NONE', #3416, #4165, #9379 ) ;
#7938 = EDGE_LOOP ( 'NONE', ( #8647, #8220, #612, #4724 ) ) ;
#7939 = DIRECTION ( 'NONE',  ( 0.8660254037844378194, 0.5000000000000013323, -0.000000000000000000 ) ) ;
#7940 = FACE_OUTER_BOUND ( 'NONE', #3597, .T. ) ;
#7941 = LINE ( 'NONE', #251, #7783 ) ;
#7942 = EDGE_CURVE ( 'NONE', #1358, #4618, #5711, .T. ) ;
#7943 = AXIS2_PLACEMENT_3D ( 'NONE', #8841, #3654, #9530 ) ;
#7944 = ADVANCED_FACE ( 'NONE', ( #1905 ), #5814, .T. ) ;
#7945 = CARTESIAN_POINT ( 'NONE',  ( -6.062177826491065069, 25.49999999999999289, 12.50000000000000000 ) ) ;
#7946 = ORIENTED_EDGE ( 'NONE', *, *, #1166, .T. ) ;
#7947 = ORIENTED_EDGE ( 'NONE', *, *, #5114, .F. ) ;
#7948 = FACE_BOUND ( 'NONE', #4842, .T. ) ;
#7949 = VECTOR ( 'NONE', #9713, 1000.000000000000000 ) ;
#7950 = CARTESIAN_POINT ( 'NONE',  ( -20.48371685740846715, 55.27883832488646476, -12.05563491861035530 ) ) ;
#7951 = DIRECTION ( 'NONE',  ( -0.5000000000000025535, 0.8660254037844372643, 0.000000000000000000 ) ) ;
#7952 = CIRCLE ( 'NONE', #9698, 1.599999999999990763 ) ;
#7953 = ORIENTED_EDGE ( 'NONE', *, *, #2540, .F. ) ;
#7954 = ORIENTED_EDGE ( 'NONE', *, *, #2783, .F. ) ;
#7955 = CARTESIAN_POINT ( 'NONE',  ( 0.000000000000000000, -25.00000000000000000, -11.00000000000000711 ) ) ;
#7956 = APPLICATION_PROTOCOL_DEFINITION ( 'draft international standard', 'automotive_design', 1998, #9733 ) ;
#7957 = FACE_OUTER_BOUND ( 'NONE', #1706, .T. ) ;
#7958 = EDGE_LOOP ( 'NONE', ( #5220, #9613, #1363, #6969 ) ) ;
#7959 = LINE ( 'NONE', #1877, #181 ) ;
#7960 = ADVANCED_FACE ( 'NONE', ( #6571 ), #9678, .F. ) ;
#7961 = VECTOR ( 'NONE', #7856, 1000.000000000000000 ) ;
#7962 = ORIENTED_EDGE ( 'NONE', *, *, #8641, .T. ) ;
#7963 = PLANE ( 'NONE',  #7759 ) ;
#7964 = DIRECTION ( 'NONE',  ( 0.000000000000000000, -0.8944271909999160775, -0.4472135954999574836 ) ) ;
#7965 = ORIENTED_EDGE ( 'NONE', *, *, #3702, .F. ) ;
#7966 = DIRECTION ( 'NONE',  ( 0.8660254037844379305, 0.5000000000000012212, 0.000000000000000000 ) ) ;
#7967 = VECTOR ( 'NONE', #3974, 1000.000000000000114 ) ;
#7968 = CARTESIAN_POINT ( 'NONE',  ( 10.00000000000000000, -12.35025253169417070, 2.861095805374186174 ) ) ;
#7969 = DIRECTION ( 'NONE',  ( -1.000000000000000000, 0.000000000000000000, 0.000000000000000000 ) ) ;
#7970 = CARTESIAN_POINT ( 'NONE',  ( -20.65705080756901069, 60.77906153324112637, -15.24130307875773127 ) ) ;
#7971 = FACE_OUTER_BOUND ( 'NONE', #3001, .T. ) ;
#7972 = ORIENTED_EDGE ( 'NONE', *, *, #1591, .F. ) ;
#7973 = LINE ( 'NONE', #6555, #7882 ) ;
#7974 = EDGE_CURVE ( 'NONE', #5360, #5778, #7314, .T. ) ;
#7975 = PLANE ( 'NONE',  #3098 ) ;
#7976 = ORIENTED_EDGE ( 'NONE', *, *, #2514, .T. ) ;
#7977 = VECTOR ( 'NONE', #8511, 1000.000000000000000 ) ;
#7978 = PLANE ( 'NONE',  #6817 ) ;
#7979 = ADVANCED_FACE ( 'NONE', ( #649 ), #2245, .F. ) ;
#7980 = DIRECTION ( 'NONE',  ( -0.3535533905932737864, 0.6123724356957926940, -0.7071067811865491270 ) ) ;
#7981 = VERTEX_POINT ( 'NONE', #8316 ) ;
#7982 = ORIENTED_EDGE ( 'NONE', *, *, #6046, .T. ) ;
#7983 = EDGE_LOOP ( 'NONE', ( #2251, #6515, #847, #8955 ) ) ;
#7984 = CIRCLE ( 'NONE', #5720, 1.599999999999990763 ) ;
#7985 = CARTESIAN_POINT ( 'NONE',  ( -1.800000000000000044, 15.44999999999999574, 10.24999999999999822 ) ) ;
#7986 = VECTOR ( 'NONE', #9081, 1000.000000000000114 ) ;
#7987 = ORIENTED_EDGE ( 'NONE', *, *, #7908, .T. ) ;
#7988 = ORIENTED_EDGE ( 'NONE', *, *, #6763, .F. ) ;
#7989 = CARTESIAN_POINT ( 'NONE',  ( 0.000000000000000000, -25.00000000000000000, 15.00000000000000178 ) ) ;
#7990 = ADVANCED_FACE ( 'NONE', ( #6920 ), #5196, .F. ) ;
#7991 = CYLINDRICAL_SURFACE ( 'NONE', #1312, 3.250000000000000000 ) ;
#7992 = LINE ( 'NONE', #1666, #9682 ) ;
#7993 = CARTESIAN_POINT ( 'NONE',  ( -17.41672955930068767, 48.96666049839541301, -22.50000000000000000 ) ) ;
#7994 = DIRECTION ( 'NONE',  ( -0.5000000000000025535, 0.8660254037844372643, 0.000000000000000000 ) ) ;
#7995 = ORIENTED_EDGE ( 'NONE', *, *, #3613, .T. ) ;
#7996 = VERTEX_POINT ( 'NONE', #7739 ) ;
#7997 = ORIENTED_EDGE ( 'NONE', *, *, #7267, .T. ) ;
#7998 = FACE_OUTER_BOUND ( 'NONE', #9193, .T. ) ;
#7999 = AXIS2_PLACEMENT_3D ( 'NONE', #546, #6038, #9016 ) ;
#8000 = EDGE_CURVE ( 'NONE', #4247, #170, #4561, .T. ) ;
#8001 = ADVANCED_FACE ( 'NONE', ( #8270 ), #1399, .F. ) ;
#8002 = DIRECTION ( 'NONE',  ( 0.2500000000000004996, -0.4330127018922186877, -0.8660254037844388186 ) ) ;
#8003 = CYLINDRICAL_SURFACE ( 'NONE', #2017, 1.099999999999987876 ) ;
#8004 = CIRCLE ( 'NONE', #2547, 2.099999999999999645 ) ;
#8005 = VERTEX_POINT ( 'NONE', #8372 ) ;
#8006 = CARTESIAN_POINT ( 'NONE',  ( -1.799999999999999600, 15.44999999999999574, 8.552943725152292842 ) ) ;
#8007 = PLANE ( 'NONE',  #1384 ) ;
#8008 = DIRECTION ( 'NONE',  ( -0.8660254037844379305, -0.5000000000000013323, 0.000000000000000000 ) ) ;
#8009 = ADVANCED_FACE ( 'NONE', ( #7587 ), #1506, .F. ) ;
#8010 = CARTESIAN_POINT ( 'NONE',  ( -19.06217782649111570, 48.01666049839541017, 22.50000000000000000 ) ) ;
#8011 = VECTOR ( 'NONE', #9659, 1000.000000000000000 ) ;
#8012 = DIRECTION ( 'NONE',  ( 0.8660254037844378194, 0.5000000000000015543, -2.435752736085848980E-15 ) ) ;
#8013 = CARTESIAN_POINT ( 'NONE',  ( 2.000000000000005329, -17.30000000000000426, -1.016456843292302834E-15 ) ) ;
#8014 = FACE_OUTER_BOUND ( 'NONE', #3767, .T. ) ;
#8015 = ORIENTED_EDGE ( 'NONE', *, *, #6557, .T. ) ;
#8016 = CIRCLE ( 'NONE', #5107, 2.100000000000000977 ) ;
#8017 = CARTESIAN_POINT ( 'NONE',  ( -16.61506350946114807, 52.77813416937027569, 24.17431578064991271 ) ) ;
#8018 = DIRECTION ( 'NONE',  ( -0.4330127018922207971, 0.7499999999999998890, 0.4999999999999988898 ) ) ;
#8019 = DIRECTION ( 'NONE',  ( 1.000000000000000000, -0.000000000000000000, -0.000000000000000000 ) ) ;
#8020 = FACE_OUTER_BOUND ( 'NONE', #1452, .T. ) ;
#8021 = DIRECTION ( 'NONE',  ( 1.000000000000000000, -0.000000000000000000, -0.000000000000000000 ) ) ;
#8022 = ORIENTED_EDGE ( 'NONE', *, *, #7111, .T. ) ;
#8023 = LINE ( 'NONE', #2649, #1931 ) ;
#8024 = PRODUCT ( 'RB9.01.062.075 Camera holder', 'RB9.01.062.075 Camera holder', '', ( #213 ) ) ;
#8025 = DIRECTION ( 'NONE',  ( 0.5000000000000025535, -0.8660254037844372643, 0.000000000000000000 ) ) ;
#8026 = VECTOR ( 'NONE', #6302, 1000.000000000000114 ) ;
#8027 = CARTESIAN_POINT ( 'NONE',  ( 1.313568440964436146, -12.41257389581739723, 10.50800846056758786 ) ) ;
#8028 = DIRECTION ( 'NONE',  ( 0.5000000000000008882, -0.8660254037844381525, 0.000000000000000000 ) ) ;
#8029 = ADVANCED_FACE ( 'NONE', ( #3807 ), #9769, .F. ) ;
#8030 = CARTESIAN_POINT ( 'NONE',  ( 0.000000000000000000, 26.07179676972451077, -7.071796769724445930 ) ) ;
#8031 = ORIENTED_EDGE ( 'NONE', *, *, #3238, .T. ) ;
#8032 = ORIENTED_EDGE ( 'NONE', *, *, #6791, .F. ) ;
#8033 = ORIENTED_EDGE ( 'NONE', *, *, #9480, .T. ) ;
#8034 = AXIS2_PLACEMENT_3D ( 'NONE', #4986, #9601, #5876 ) ;
#8035 = VECTOR ( 'NONE', #8806, 999.9999999999998863 ) ;
#8036 = LINE ( 'NONE', #5051, #967 ) ;
#8037 = ORIENTED_EDGE ( 'NONE', *, *, #8767, .T. ) ;
#8038 = ADVANCED_FACE ( 'NONE', ( #6815 ), #3053, .T. ) ;
#8039 = CARTESIAN_POINT ( 'NONE',  ( -5.154700538379272778, 35.00000000000002132, 10.65470053837924347 ) ) ;
#8040 = LINE ( 'NONE', #5053, #8052 ) ;
#8041 = ORIENTED_EDGE ( 'NONE', *, *, #9466, .F. ) ;
#8042 = DIRECTION ( 'NONE',  ( 0.8660254037844389297, 0.4999999999999996114, -1.602373713730180449E-31 ) ) ;
#8043 = AXIS2_PLACEMENT_3D ( 'NONE', #2478, #1121, #4725 ) ;
#8044 = VECTOR ( 'NONE', #4227, 1000.000000000000000 ) ;
#8045 = FACE_OUTER_BOUND ( 'NONE', #6470, .T. ) ;
#8046 = EDGE_CURVE ( 'NONE', #7641, #7127, #6867, .T. ) ;
#8047 = EDGE_CURVE ( 'NONE', #3577, #3373, #71, .T. ) ;
#8048 = FACE_BOUND ( 'NONE', #9311, .T. ) ;
#8049 = ORIENTED_EDGE ( 'NONE', *, *, #6853, .F. ) ;
#8050 = FACE_OUTER_BOUND ( 'NONE', #5079, .T. ) ;
#8051 = EDGE_LOOP ( 'NONE', ( #696, #8526, #3461, #7388 ) ) ;
#8052 = VECTOR ( 'NONE', #354, 1000.000000000000114 ) ;
#8053 = VECTOR ( 'NONE', #7161, 1000.000000000000000 ) ;
#8054 = DIRECTION ( 'NONE',  ( 0.3535533905932732868, -0.6123724356957914727, -0.7071067811865505703 ) ) ;
#8055 = LINE ( 'NONE', #4321, #1454 ) ;
#8056 = LINE ( 'NONE', #9645, #6019 ) ;
#8057 = VECTOR ( 'NONE', #8589, 1000.000000000000000 ) ;
#8058 = ADVANCED_FACE ( 'NONE', ( #9024 ), #2349, .T. ) ;
#8059 = CARTESIAN_POINT ( 'NONE',  ( -26.61217782649126562, 61.09364409554064679, 14.00000000000000711 ) ) ;
#8060 = DIRECTION ( 'NONE',  ( -0.5000000000000025535, 0.8660254037844372643, 0.000000000000000000 ) ) ;
#8061 = PLANE ( 'NONE',  #9294 ) ;
#8062 = CARTESIAN_POINT ( 'NONE',  ( -25.66506350946116299, 68.45319397786859383, 22.49999999999996803 ) ) ;
#8063 = LINE ( 'NONE', #6640, #5943 ) ;
#8064 = VECTOR ( 'NONE', #3245, 1000.000000000000114 ) ;
#8065 = ORIENTED_EDGE ( 'NONE', *, *, #9691, .F. ) ;
#8066 = CARTESIAN_POINT ( 'NONE',  ( -24.37262558706126470, 62.01462583064324718, -14.77781745930521673 ) ) ;
#8067 = PLANE ( 'NONE',  #4696 ) ;
#8068 = CARTESIAN_POINT ( 'NONE',  ( -19.40871685740847852, 53.41688370674994957, 9.258696921242329125 ) ) ;
#8069 = EDGE_LOOP ( 'NONE', ( #5977, #7721, #5907, #7262 ) ) ;
#8070 = EDGE_CURVE ( 'NONE', #908, #6926, #4614, .T. ) ;
#8071 = CARTESIAN_POINT ( 'NONE',  ( 2.000000000000001776, -23.27820764380429353, 3.724076359315469986 ) ) ;
#8072 = FACE_OUTER_BOUND ( 'NONE', #960, .T. ) ;
#8073 = CARTESIAN_POINT ( 'NONE',  ( -7.000000000000000000, -25.00000000000000000, 15.00000000000000178 ) ) ;
#8074 = VERTEX_POINT ( 'NONE', #2152 ) ;
#8075 = CARTESIAN_POINT ( 'NONE',  ( -19.06217782649111570, 48.01666049839541017, -22.50000000000000000 ) ) ;
#8076 = VERTEX_POINT ( 'NONE', #6049 ) ;
#8077 = CARTESIAN_POINT ( 'NONE',  ( -15.16506350946115589, 50.26666049839542438, -19.15136843870016747 ) ) ;
#8078 = AXIS2_PLACEMENT_3D ( 'NONE', #8966, #1433, #632 ) ;
#8079 = ORIENTED_EDGE ( 'NONE', *, *, #2014, .T. ) ;
#8080 = DIRECTION ( 'NONE',  ( 0.000000000000000000, -0.7071067811865474617, -0.7071067811865474617 ) ) ;
#8081 = CARTESIAN_POINT ( 'NONE',  ( 0.000000000000000000, -9.000000000000005329, 8.150000000000000355 ) ) ;
#8082 = CARTESIAN_POINT ( 'NONE',  ( -13.71506350946114416, 47.75518682742054466, 8.325684219350083737 ) ) ;
#8083 = DIRECTION ( 'NONE',  ( 0.000000000000000000, -1.000000000000000000, -8.673617379884034239E-17 ) ) ;
#8084 = EDGE_LOOP ( 'NONE', ( #7789, #8574, #3834, #4262 ) ) ;
#8085 = ORIENTED_EDGE ( 'NONE', *, *, #2003, .T. ) ;
#8086 = DIRECTION ( 'NONE',  ( -0.8660254037844379305, -0.5000000000000012212, 0.000000000000000000 ) ) ;
#8087 = ORIENTED_EDGE ( 'NONE', *, *, #9414, .F. ) ;
#8088 = EDGE_LOOP ( 'NONE', ( #9494, #7061, #8174, #6607, #9726, #211, #6615, #3366 ) ) ;
#8089 = ORIENTED_EDGE ( 'NONE', *, *, #9615, .T. ) ;
#8090 = CARTESIAN_POINT ( 'NONE',  ( -20.87262558706109061, 55.95244800415187569, -11.27781745930517410 ) ) ;
#8091 = FACE_BOUND ( 'NONE', #6924, .T. ) ;
#8092 = EDGE_CURVE ( 'NONE', #2841, #5454, #7691, .T. ) ;
#8093 = PLANE ( 'NONE',  #8569 ) ;
#8094 = LINE ( 'NONE', #4269, #8292 ) ;
#8095 = VERTEX_POINT ( 'NONE', #3863 ) ;
#8096 = ORIENTED_EDGE ( 'NONE', *, *, #8162, .T. ) ;
#8097 = CARTESIAN_POINT ( 'NONE',  ( -20.65705080756901069, 60.77906153324112637, -15.24130307875773127 ) ) ;
#8098 = CARTESIAN_POINT ( 'NONE',  ( 0.3655325095569685878, -28.99999999999999645, 4.565355356385184749 ) ) ;
#8099 = EDGE_CURVE ( 'NONE', #1109, #351, #9847, .T. ) ;
#8100 = ADVANCED_FACE ( 'NONE', ( #852, #2955 ), #1654, .F. ) ;
#8101 = DIRECTION ( 'NONE',  ( 0.8660254037844380415, 0.5000000000000012212, -0.000000000000000000 ) ) ;
#8102 = EDGE_CURVE ( 'NONE', #7288, #1560, #1747, .T. ) ;
#8103 = CARTESIAN_POINT ( 'NONE',  ( -1.800000000000000044, -9.000000000000005329, 12.34999999999999964 ) ) ;
#8104 = CIRCLE ( 'NONE', #5519, 1.099999999999987876 ) ;
#8105 = LINE ( 'NONE', #5681, #7748 ) ;
#8106 = CARTESIAN_POINT ( 'NONE',  ( -3.000000000000000000, -22.24974746830583072, 4.949747468305830900 ) ) ;
#8107 = DIRECTION ( 'NONE',  ( 0.000000000000000000, -0.8944271909999150783, 0.4472135954999595375 ) ) ;
#8108 = EDGE_CURVE ( 'NONE', #4945, #734, #4802, .T. ) ;
#8109 = ORIENTED_EDGE ( 'NONE', *, *, #3456, .T. ) ;
#8110 = CARTESIAN_POINT ( 'NONE',  ( 6.530942860263101224, -10.26119280021293179, -7.439391908442522627 ) ) ;
#8111 = VECTOR ( 'NONE', #5035, 1000.000000000000114 ) ;
#8112 = CARTESIAN_POINT ( 'NONE',  ( -10.05000000000003801, 46.40711061606723575, -10.50000000000000000 ) ) ;
#8113 = ORIENTED_EDGE ( 'NONE', *, *, #5235, .T. ) ;
#8114 = CARTESIAN_POINT ( 'NONE',  ( 10.00000000000000178, -12.35025253169416892, -4.949747468305832676 ) ) ;
#8115 = CARTESIAN_POINT ( 'NONE',  ( -15.56217782649111214, 41.95448267190435132, -10.50000000000000000 ) ) ;
#8116 = DIRECTION ( 'NONE',  ( 0.000000000000000000, 0.7660444431189714631, -0.6427876096865470235 ) ) ;
#8117 = DIRECTION ( 'NONE',  ( -1.000000000000000000, 0.000000000000000000, 0.000000000000000000 ) ) ;
#8118 = DIRECTION ( 'NONE',  ( -1.000000000000000000, -0.000000000000000000, -0.000000000000000000 ) ) ;
#8119 = ORIENTED_EDGE ( 'NONE', *, *, #5216, .F. ) ;
#8120 = AXIS2_PLACEMENT_3D ( 'NONE', #1732, #9400, #8451 ) ;
#8121 = ORIENTED_EDGE ( 'NONE', *, *, #1063, .F. ) ;
#8122 = ORIENTED_EDGE ( 'NONE', *, *, #6424, .T. ) ;
#8123 = EDGE_CURVE ( 'NONE', #4689, #245, #2810, .T. ) ;
#8124 = CARTESIAN_POINT ( 'NONE',  ( 0.000000000000000000, 35.00000000000002132, -12.50000000000000000 ) ) ;
#8125 = CARTESIAN_POINT ( 'NONE',  ( 1.507613341880076465E-15, -10.87873638699443646, 11.18826946459058824 ) ) ;
#8126 = CIRCLE ( 'NONE', #1861, 1.099999999999987876 ) ;
#8127 = FACE_OUTER_BOUND ( 'NONE', #8703, .T. ) ;
#8128 = EDGE_LOOP ( 'NONE', ( #4332, #9423, #7009 ) ) ;
#8129 = CARTESIAN_POINT ( 'NONE',  ( -10.05000000000003801, 46.40711061606723575, 10.50000000000000000 ) ) ;
#8130 = ORIENTED_EDGE ( 'NONE', *, *, #8723, .T. ) ;
#8131 = ORIENTED_EDGE ( 'NONE', *, *, #3777, .F. ) ;
#8132 = VECTOR ( 'NONE', #8369, 1000.000000000000000 ) ;
#8133 = CARTESIAN_POINT ( 'NONE',  ( 6.999999999999969802, 1.999999999999998224, -20.99999999999997513 ) ) ;
#8134 = DIRECTION ( 'NONE',  ( 0.000000000000000000, -0.8944271909999158554, 0.4472135954999579277 ) ) ;
#8135 = LINE ( 'NONE', #8184, #6358 ) ;
#8136 = AXIS2_PLACEMENT_3D ( 'NONE', #4473, #9034, #5917 ) ;
#8137 = AXIS2_PLACEMENT_3D ( 'NONE', #1635, #3838, #4588 ) ;
#8138 = FACE_BOUND ( 'NONE', #2127, .T. ) ;
#8139 = EDGE_LOOP ( 'NONE', ( #9262, #7946, #2692, #5055 ) ) ;
#8140 = CARTESIAN_POINT ( 'NONE',  ( 2.000000000000006217, -8.337726650302860421, -6.203842068050116509 ) ) ;
#8141 = EDGE_CURVE ( 'NONE', #3049, #5127, #8104, .T. ) ;
#8142 = ORIENTED_EDGE ( 'NONE', *, *, #808, .F. ) ;
#8143 = ORIENTED_EDGE ( 'NONE', *, *, #2420, .T. ) ;
#8144 = FACE_OUTER_BOUND ( 'NONE', #1651, .T. ) ;
#8145 = DIRECTION ( 'NONE',  ( -0.8660254037844379305, -0.5000000000000013323, 0.000000000000000000 ) ) ;
#8146 = CIRCLE ( 'NONE', #6691, 2.099999999999999645 ) ;
#8147 = VECTOR ( 'NONE', #8434, 1000.000000000000000 ) ;
#8148 = DIRECTION ( 'NONE',  ( 0.000000000000000000, 0.7660444431189818992, 0.6427876096865347000 ) ) ;
#8149 = DIRECTION ( 'NONE',  ( 0.000000000000000000, 1.087600925377308713E-16, -1.000000000000000000 ) ) ;
#8150 = CIRCLE ( 'NONE', #3817, 1.100000000000116218 ) ;
#8151 = PLANE ( 'NONE',  #9085 ) ;
#8152 = EDGE_CURVE ( 'NONE', #4100, #9864, #4057, .T. ) ;
#8153 = CARTESIAN_POINT ( 'NONE',  ( -8.526279441628817679, 21.76794919243112147, -24.49999999999996447 ) ) ;
#8154 = DIRECTION ( 'NONE',  ( 0.8660254037844380415, 0.5000000000000012212, -0.000000000000000000 ) ) ;
#8155 = LINE ( 'NONE', #6218, #5775 ) ;
#8156 = ADVANCED_FACE ( 'NONE', ( #2404 ), #4104, .F. ) ;
#8157 = LINE ( 'NONE', #2076, #6277 ) ;
#8158 = FACE_BOUND ( 'NONE', #8128, .T. ) ;
#8159 = VECTOR ( 'NONE', #9797, 1000.000000000000114 ) ;
#8160 = PLANE ( 'NONE',  #5527 ) ;
#8161 = ORIENTED_EDGE ( 'NONE', *, *, #8881, .T. ) ;
#8162 = EDGE_CURVE ( 'NONE', #7386, #8255, #3298, .T. ) ;
#8163 = CARTESIAN_POINT ( 'NONE',  ( -22.80705080756902348, 64.50297076951422071, -12.75869692124230781 ) ) ;
#8164 = CARTESIAN_POINT ( 'NONE',  ( 2.000000000000000000, -22.24974746830583072, 4.949747468305830900 ) ) ;
#8165 = LINE ( 'NONE', #7375, #6839 ) ;
#8166 = VECTOR ( 'NONE', #1281, 1000.000000000000114 ) ;
#8167 = DIRECTION ( 'NONE',  ( 0.5000000000000025535, -0.8660254037844372643, 0.000000000000000000 ) ) ;
#8168 = ORIENTED_EDGE ( 'NONE', *, *, #9054, .F. ) ;
#8169 = ORIENTED_EDGE ( 'NONE', *, *, #6864, .F. ) ;
#8170 = LINE ( 'NONE', #1298, #5615 ) ;
#8171 = FACE_OUTER_BOUND ( 'NONE', #3303, .T. ) ;
#8172 = ORIENTED_EDGE ( 'NONE', *, *, #9546, .T. ) ;
#8173 = DIRECTION ( 'NONE',  ( 0.3535533905932751186, -0.6123724356957980230, -0.7071067811865439090 ) ) ;
#8174 = ORIENTED_EDGE ( 'NONE', *, *, #9371, .F. ) ;
#8175 = CIRCLE ( 'NONE', #9922, 1.099999999999987876 ) ;
#8176 = EDGE_CURVE ( 'NONE', #1009, #247, #6963, .T. ) ;
#8177 = DIRECTION ( 'NONE',  ( 0.5000000000000025535, -0.8660254037844371533, 0.000000000000000000 ) ) ;
#8178 = ORIENTED_EDGE ( 'NONE', *, *, #1371, .F. ) ;
#8179 = LINE ( 'NONE', #1307, #2881 ) ;
#8180 = ORIENTED_EDGE ( 'NONE', *, *, #6791, .T. ) ;
#8181 = AXIS2_PLACEMENT_3D ( 'NONE', #4111, #6514, #1057 ) ;
#8182 = FACE_OUTER_BOUND ( 'NONE', #9158, .T. ) ;
#8183 = DIRECTION ( 'NONE',  ( 0.000000000000000000, 1.000000000000000000, 2.392722035830078972E-16 ) ) ;
#8184 = CARTESIAN_POINT ( 'NONE',  ( -17.41672955930069122, 48.96666049839541301, 7.737258300203059491 ) ) ;
#8185 = AXIS2_PLACEMENT_3D ( 'NONE', #6245, #2449, #5491 ) ;
#8186 = ADVANCED_FACE ( 'NONE', ( #8669 ), #293, .F. ) ;
#8187 = VECTOR ( 'NONE', #9103, 1000.000000000000227 ) ;
#8188 = FACE_BOUND ( 'NONE', #832, .T. ) ;
#8189 = ORIENTED_EDGE ( 'NONE', *, *, #271, .F. ) ;
#8190 = DIRECTION ( 'NONE',  ( 1.000000000000000000, -0.000000000000000000, -0.000000000000000000 ) ) ;
#8191 = PLANE ( 'NONE',  #4824 ) ;
#8192 = AXIS2_PLACEMENT_3D ( 'NONE', #7807, #4827, #9386 ) ;
#8193 = AXIS2_PLACEMENT_3D ( 'NONE', #4133, #4929, #8008 ) ;
#8194 = CARTESIAN_POINT ( 'NONE',  ( -16.61506350946114807, 52.77813416937027569, 20.82568421935008018 ) ) ;
#8195 = DIRECTION ( 'NONE',  ( 0.000000000000000000, 0.7071067811865514585, -0.7071067811865435759 ) ) ;
#8196 = CARTESIAN_POINT ( 'NONE',  ( 0.3499999999999944267, -22.24974746830583072, 4.949747468305830900 ) ) ;
#8197 = VECTOR ( 'NONE', #7238, 999.9999999999998863 ) ;
#8198 = CIRCLE ( 'NONE', #7886, 2.100000000000000977 ) ;
#8199 = LINE ( 'NONE', #1331, #9411 ) ;
#8200 = PLANE ( 'NONE',  #311 ) ;
#8201 = DIRECTION ( 'NONE',  ( -0.000000000000000000, -2.392722035830078972E-16, 1.000000000000000000 ) ) ;
#8202 = CARTESIAN_POINT ( 'NONE',  ( -5.154700538379263008, 35.00000000000002842, -14.99999999999999289 ) ) ;
#8203 = CARTESIAN_POINT ( 'NONE',  ( 2.000000000000000000, -12.35025253169416892, -4.949747468305832676 ) ) ;
#8204 = VECTOR ( 'NONE', #5176, 1000.000000000000000 ) ;
#8205 = EDGE_CURVE ( 'NONE', #3358, #734, #1214, .T. ) ;
#8206 = DIRECTION ( 'NONE',  ( -0.000000000000000000, 0.7660444431189771253, 0.6427876096865403621 ) ) ;
#8207 = ORIENTED_EDGE ( 'NONE', *, *, #7679, .T. ) ;
#8208 = ADVANCED_FACE ( 'NONE', ( #3202 ), #6253, .T. ) ;
#8209 = LINE ( 'NONE', #4295, #2064 ) ;
#8210 = VERTEX_POINT ( 'NONE', #4903 ) ;
#8211 = ORIENTED_EDGE ( 'NONE', *, *, #5836, .T. ) ;
#8212 = CARTESIAN_POINT ( 'NONE',  ( -4.500000000000000888, -11.99999999999999645, 12.49999999999999645 ) ) ;
#8213 = CARTESIAN_POINT ( 'NONE',  ( -13.48371685740844050, 43.15448267190431864, 8.017393842484615618 ) ) ;
#8214 = ORIENTED_EDGE ( 'NONE', *, *, #3946, .F. ) ;
#8215 = CARTESIAN_POINT ( 'NONE',  ( -8.807050807568840511, 40.25425946354970819, 15.24130307875772417 ) ) ;
#8216 = ADVANCED_FACE ( 'NONE', ( #7785 ), #7978, .T. ) ;
#8217 = ADVANCED_FACE ( 'NONE', ( #5497 ), #7835, .F. ) ;
#8218 = CARTESIAN_POINT ( 'NONE',  ( -11.16506350946112569, 43.33845726811988897, -7.499999999999996447 ) ) ;
#8219 = VECTOR ( 'NONE', #881, 1000.000000000000227 ) ;
#8220 = ORIENTED_EDGE ( 'NONE', *, *, #173, .F. ) ;
#8221 = DIRECTION ( 'NONE',  ( -0.8660254037844379305, -0.5000000000000012212, 0.000000000000000000 ) ) ;
#8222 = CARTESIAN_POINT ( 'NONE',  ( -6.394550807568870177, 35.07568689028985176, 27.15137378057978879 ) ) ;
#8223 = ORIENTED_EDGE ( 'NONE', *, *, #4836, .F. ) ;
#8224 = LINE ( 'NONE', #6766, #8132 ) ;
#8225 = PLANE ( 'NONE',  #1462 ) ;
#8226 = EDGE_CURVE ( 'NONE', #6411, #9357, #8567, .T. ) ;
#8227 = AXIS2_PLACEMENT_3D ( 'NONE', #3691, #3742, #4737 ) ;
#8228 = DIRECTION ( 'NONE',  ( 0.000000000000000000, 0.000000000000000000, -1.000000000000000000 ) ) ;
#8229 = CARTESIAN_POINT ( 'NONE',  ( -16.50000000000002487, 40.25833024919769798, -7.500000000000000000 ) ) ;
#8230 = ORIENTED_EDGE ( 'NONE', *, *, #3050, .T. ) ;
#8231 = CARTESIAN_POINT ( 'NONE',  ( -11.05871685740837762, 38.95425946354970392, -12.75869692124231847 ) ) ;
#8232 = CIRCLE ( 'NONE', #545, 3.249999999999999556 ) ;
#8233 = DIRECTION ( 'NONE',  ( -0.5000000000000004441, 0.8660254037844383745, 0.000000000000000000 ) ) ;
#8234 = ORIENTED_EDGE ( 'NONE', *, *, #3071, .T. ) ;
#8235 = CARTESIAN_POINT ( 'NONE',  ( 1.192770479930905125, -28.99999999999999645, -0.4735358156013546038 ) ) ;
#8236 = ADVANCED_FACE ( 'NONE', ( #8620 ), #8520, .F. ) ;
#8237 = EDGE_CURVE ( 'NONE', #57, #6891, #6308, .T. ) ;
#8238 = CARTESIAN_POINT ( 'NONE',  ( -10.02627944162881590, 24.36602540378444459, 23.99999999999999645 ) ) ;
#8239 = CARTESIAN_POINT ( 'NONE',  ( -22.01217782649113275, 53.12621038072362012, 10.50000000000000178 ) ) ;
#8240 = LINE ( 'NONE', #5027, #963 ) ;
#8241 = DIRECTION ( 'NONE',  ( 0.5000000000000019984, -0.8660254037844373753, 0.000000000000000000 ) ) ;
#8242 = DIRECTION ( 'NONE',  ( 0.000000000000000000, -0.7071067811865483499, 0.7071067811865467956 ) ) ;
#8243 = DIRECTION ( 'NONE',  ( 0.000000000000000000, 0.6427876096865403621, -0.7660444431189771253 ) ) ;
#8244 = VERTEX_POINT ( 'NONE', #8082 ) ;
#8245 = ORIENTED_EDGE ( 'NONE', *, *, #6370, .F. ) ;
#8246 = CARTESIAN_POINT ( 'NONE',  ( -11.23205080756890339, 44.45448267190432290, 8.017393842484615618 ) ) ;
#8247 = ORIENTED_EDGE ( 'NONE', *, *, #6324, .F. ) ;
#8248 = LINE ( 'NONE', #772, #9173 ) ;
#8249 = DIRECTION ( 'NONE',  ( -0.8660254037844379305, -0.5000000000000013323, 0.000000000000000000 ) ) ;
#8250 = FACE_OUTER_BOUND ( 'NONE', #5096, .T. ) ;
#8251 = EDGE_CURVE ( 'NONE', #8873, #2508, #1492, .T. ) ;
#8252 = VERTEX_POINT ( 'NONE', #3451 ) ;
#8253 = DIRECTION ( 'NONE',  ( 0.000000000000000000, 0.8944271909999164105, -0.4472135954999567620 ) ) ;
#8254 = LINE ( 'NONE', #5843, #1617 ) ;
#8255 = VERTEX_POINT ( 'NONE', #5749 ) ;
#8256 = AXIS2_PLACEMENT_3D ( 'NONE', #6101, #8419, #3002 ) ;
#8257 = CARTESIAN_POINT ( 'NONE',  ( -3.000000000000000000, -12.35025253169416892, -1.699747468305833120 ) ) ;
#8258 = DIRECTION ( 'NONE',  ( 0.8660254037844379305, 0.5000000000000013323, 0.000000000000000000 ) ) ;
#8259 = EDGE_LOOP ( 'NONE', ( #8930, #9327, #3941, #4646 ) ) ;
#8260 = CIRCLE ( 'NONE', #250, 10.90000000000000036 ) ;
#8261 = FACE_OUTER_BOUND ( 'NONE', #2597, .T. ) ;
#8262 = DIRECTION ( 'NONE',  ( -0.8660254037844379305, -0.5000000000000013323, 0.000000000000000000 ) ) ;
#8263 = FACE_BOUND ( 'NONE', #6355, .T. ) ;
#8264 = EDGE_CURVE ( 'NONE', #7901, #3059, #1053, .T. ) ;
#8265 = VERTEX_POINT ( 'NONE', #9619 ) ;
#8266 = LINE ( 'NONE', #6865, #5379 ) ;
#8267 = ADVANCED_FACE ( 'NONE', ( #7225 ), #2799, .T. ) ;
#8268 = CARTESIAN_POINT ( 'NONE',  ( -9.983716857409227430, 37.09230484541463113, -15.55563491861045300 ) ) ;
#8269 = ORIENTED_EDGE ( 'NONE', *, *, #2783, .T. ) ;
#8270 = FACE_OUTER_BOUND ( 'NONE', #7777, .T. ) ;
#8271 = DIRECTION ( 'NONE',  ( -1.000000000000000000, -0.000000000000000000, -0.000000000000000000 ) ) ;
#8272 = ORIENTED_EDGE ( 'NONE', *, *, #3818, .T. ) ;
#8273 = ADVANCED_FACE ( 'NONE', ( #8967 ), #6559, .F. ) ;
#8274 = VECTOR ( 'NONE', #5358, 1000.000000000000000 ) ;
#8275 = ORIENTED_EDGE ( 'NONE', *, *, #1128, .T. ) ;
#8276 = ORIENTED_EDGE ( 'NONE', *, *, #9061, .F. ) ;
#8277 = DIRECTION ( 'NONE',  ( 0.000000000000000000, 0.000000000000000000, -1.000000000000000000 ) ) ;
#8278 = DIRECTION ( 'NONE',  ( -1.000000000000000000, -0.000000000000000000, 0.000000000000000000 ) ) ;
#8279 = VECTOR ( 'NONE', #1546, 1000.000000000000000 ) ;
#8280 = DIRECTION ( 'NONE',  ( -1.000000000000000000, 0.000000000000000000, 0.000000000000000000 ) ) ;
#8281 = CARTESIAN_POINT ( 'NONE',  ( -13.87262558706105864, 43.82809235116970825, 9.722182540694776165 ) ) ;
#8282 = VERTEX_POINT ( 'NONE', #7281 ) ;
#8284 = EDGE_CURVE ( 'NONE', #7002, #9791, #5804, .T. ) ;
#8283 = CARTESIAN_POINT ( 'NONE',  ( -21.73205080756901708, 62.64101615137766998, -16.48260615751542346 ) ) ;
#8285 = EDGE_CURVE ( 'NONE', #9812, #7469, #7431, .T. ) ;
#8286 = CARTESIAN_POINT ( 'NONE',  ( -4.500000000000000888, -11.99999999999999645, 12.49999999999999645 ) ) ;
#8287 = AXIS2_PLACEMENT_3D ( 'NONE', #8114, #9703, #4292 ) ;
#8288 = VECTOR ( 'NONE', #3316, 1000.000000000000114 ) ;
#8289 = LINE ( 'NONE', #1627, #4019 ) ;
#8290 = CARTESIAN_POINT ( 'NONE',  ( -26.06217782649129688, 60.14101615137783341, -14.00000000000000355 ) ) ;
#8291 = ORIENTED_EDGE ( 'NONE', *, *, #5867, .T. ) ;
#8292 = VECTOR ( 'NONE', #1065, 1000.000000000000114 ) ;
#8293 = DIRECTION ( 'NONE',  ( -0.7071067811865512365, 0.000000000000000000, 0.7071067811865439090 ) ) ;
#8295 = ADVANCED_FACE ( 'NONE', ( #3405 ), #4949, .F. ) ;
#8294 = DIRECTION ( 'NONE',  ( 0.000000000000000000, 0.000000000000000000, 1.000000000000000000 ) ) ;
#8296 = EDGE_LOOP ( 'NONE', ( #9417, #9522, #3124, #5755 ) ) ;
#8297 = DIRECTION ( 'NONE',  ( -0.5000000000000019984, 0.8660254037844373753, 0.000000000000000000 ) ) ;
#8298 = CARTESIAN_POINT ( 'NONE',  ( -3.000000000000000000, -22.24974746830583072, 4.949747468305830900 ) ) ;
#8299 = DIRECTION ( 'NONE',  ( 0.3535533905932751741, -0.6123724356957954695, -0.7071067811865460184 ) ) ;
#8300 = ORIENTED_EDGE ( 'NONE', *, *, #7820, .T. ) ;
#8301 = CARTESIAN_POINT ( 'NONE',  ( 10.00000000000000000, -17.30000000000000426, -1.016456843292302834E-15 ) ) ;
#8302 = CARTESIAN_POINT ( 'NONE',  ( 1.440475158687418933, -6.000000000000002665, -2.154846874767743614 ) ) ;
#8303 = VECTOR ( 'NONE', #2504, 1000.000000000000000 ) ;
#8304 = CARTESIAN_POINT ( 'NONE',  ( 0.06217782649113080817, 42.89230484541313615, 14.00000000000001066 ) ) ;
#8305 = CARTESIAN_POINT ( 'NONE',  ( -7.000000000000000000, -6.000000000000000000, -20.99999999999997513 ) ) ;
#8306 = VERTEX_POINT ( 'NONE', #3596 ) ;
#8307 = VECTOR ( 'NONE', #2801, 1000.000000000000114 ) ;
#8308 = CARTESIAN_POINT ( 'NONE',  ( 2.000000000000001776, -13.37871270719263350, 3.724076359315469986 ) ) ;
#8309 = ORIENTED_EDGE ( 'NONE', *, *, #4947, .T. ) ;
#8310 = DIRECTION ( 'NONE',  ( 0.5000000000000004441, -0.8660254037844384856, 1.103914939257909675E-14 ) ) ;
#8311 = EDGE_LOOP ( 'NONE', ( #8234, #9238, #6545, #848, #9828, #4806, #5132, #1918, #4503, #3005, #7987, #460, #9088, #7284, #2694, #5418, #7368, #6260, #3210, #2816, #1848, #7686, #4085, #6755, #1086, #6142, #9438, #8694, #6204, #9554, #2570, #8868, #8496 ) ) ;
#8312 = FACE_OUTER_BOUND ( 'NONE', #3931, .T. ) ;
#8313 = CARTESIAN_POINT ( 'NONE',  ( -9.983716857408348133, 37.09230484541311768, 14.00000000000001066 ) ) ;
#8314 = VECTOR ( 'NONE', #3779, 1000.000000000000114 ) ;
#8315 = ORIENTED_EDGE ( 'NONE', *, *, #3581, .T. ) ;
#8316 = CARTESIAN_POINT ( 'NONE',  ( -3.000000000000004441, 15.44999999999999574, 8.552943725152292842 ) ) ;
#8317 = EDGE_CURVE ( 'NONE', #5721, #7041, #1941, .T. ) ;
#8318 = DIRECTION ( 'NONE',  ( -1.000000000000000000, -0.000000000000000000, 0.000000000000000000 ) ) ;
#8319 = ORIENTED_EDGE ( 'NONE', *, *, #953, .T. ) ;
#8320 = ORIENTED_EDGE ( 'NONE', *, *, #377, .F. ) ;
#8321 = EDGE_CURVE ( 'NONE', #2863, #9852, #2092, .T. ) ;
#8322 = AXIS2_PLACEMENT_3D ( 'NONE', #9018, #2146, #5189 ) ;
#8323 = ORIENTED_EDGE ( 'NONE', *, *, #4662, .F. ) ;
#8324 = CARTESIAN_POINT ( 'NONE',  ( -16.02627944162884788, 34.75833024919773351, 23.99999999999999645 ) ) ;
#8325 = CARTESIAN_POINT ( 'NONE',  ( -15.58164895966815777, 20.00393077871733283, -26.49999999999999645 ) ) ;
#8326 = CARTESIAN_POINT ( 'NONE',  ( -7.000000000000000000, 19.12435565298216389, 0.000000000000000000 ) ) ;
#8327 = VECTOR ( 'NONE', #4850, 1000.000000000000114 ) ;
#8328 = EDGE_CURVE ( 'NONE', #2772, #568, #3132, .T. ) ;
#8329 = ADVANCED_FACE ( 'NONE', ( #6464 ), #5700, .T. ) ;
#8330 = DIRECTION ( 'NONE',  ( -0.8660254037844379305, -0.5000000000000014433, 1.730666417745208569E-15 ) ) ;
#8331 = DIRECTION ( 'NONE',  ( -1.000000000000000000, 1.156482317317871478E-16, 0.000000000000000000 ) ) ;
#8332 = ORIENTED_EDGE ( 'NONE', *, *, #2252, .F. ) ;
#8333 = EDGE_LOOP ( 'NONE', ( #7076, #9060, #8838, #8701, #692 ) ) ;
#8334 = DIRECTION ( 'NONE',  ( -0.8660254037844380415, -0.5000000000000013323, 0.000000000000000000 ) ) ;
#8335 = LINE ( 'NONE', #1466, #487 ) ;
#8336 = VECTOR ( 'NONE', #3976, 1000.000000000000000 ) ;
#8337 = CARTESIAN_POINT ( 'NONE',  ( -14.02627944162884788, 31.29422863405997290, 0.000000000000000000 ) ) ;
#8338 = ORIENTED_EDGE ( 'NONE', *, *, #4859, .F. ) ;
#8339 = FACE_OUTER_BOUND ( 'NONE', #1380, .T. ) ;
#8340 = ADVANCED_FACE ( 'NONE', ( #5136 ), #344, .F. ) ;
#8341 = CARTESIAN_POINT ( 'NONE',  ( 3.031088913245566285, 1.750000000000023759, 0.000000000000000000 ) ) ;
#8342 = AXIS2_PLACEMENT_3D ( 'NONE', #4678, #5960, #4761 ) ;
#8343 = ORIENTED_EDGE ( 'NONE', *, *, #5305, .F. ) ;
#8344 = VECTOR ( 'NONE', #5771, 1000.000000000000000 ) ;
#8345 = DIRECTION ( 'NONE',  ( -1.000000000000000000, -0.000000000000000000, -0.000000000000000000 ) ) ;
#8346 = ORIENTED_EDGE ( 'NONE', *, *, #4524, .T. ) ;
#8347 = DIRECTION ( 'NONE',  ( -0.000000000000000000, 0.7660444431189715742, -0.6427876096865471345 ) ) ;
#8348 = CARTESIAN_POINT ( 'NONE',  ( -1.799999999999999600, -9.848528137423858908, 9.401471862576148197 ) ) ;
#8349 = VERTEX_POINT ( 'NONE', #9518 ) ;
#8350 = FACE_OUTER_BOUND ( 'NONE', #7803, .T. ) ;
#8351 = CARTESIAN_POINT ( 'NONE',  ( -9.983716857408378331, 37.09230484541316031, 16.48260615751541636 ) ) ;
#8352 = VERTEX_POINT ( 'NONE', #8770 ) ;
#8353 = ORIENTED_EDGE ( 'NONE', *, *, #5470, .F. ) ;
#8354 = VECTOR ( 'NONE', #2454, 1000.000000000000000 ) ;
#8355 = LINE ( 'NONE', #3740, #2114 ) ;
#8356 = AXIS2_PLACEMENT_3D ( 'NONE', #1836, #4092, #7966 ) ;
#8357 = CARTESIAN_POINT ( 'NONE',  ( 1.409400499640994120, -6.000000000000002665, 2.150259242251567837 ) ) ;
#8358 = EDGE_LOOP ( 'NONE', ( #5703, #4952, #9373, #8515 ) ) ;
#8359 = FACE_OUTER_BOUND ( 'NONE', #2400, .T. ) ;
#8360 = EDGE_CURVE ( 'NONE', #2705, #9852, #7328, .T. ) ;
#8361 = EDGE_CURVE ( 'NONE', #7526, #2357, #1149, .T. ) ;
#8362 = ORIENTED_EDGE ( 'NONE', *, *, #5072, .T. ) ;
#8363 = VECTOR ( 'NONE', #5569, 1000.000000000000000 ) ;
#8364 = FACE_OUTER_BOUND ( 'NONE', #1955, .T. ) ;
#8365 = ORIENTED_EDGE ( 'NONE', *, *, #7384, .F. ) ;
#8366 = DIRECTION ( 'NONE',  ( 0.5000000000000013323, -0.8660254037844379305, 0.000000000000000000 ) ) ;
#8367 = DIRECTION ( 'NONE',  ( 0.5000000000000013323, -0.8660254037844379305, 0.000000000000000000 ) ) ;
#8368 = ORIENTED_EDGE ( 'NONE', *, *, #717, .F. ) ;
#8369 = DIRECTION ( 'NONE',  ( 0.000000000000000000, 0.000000000000000000, -1.000000000000000000 ) ) ;
#8370 = CARTESIAN_POINT ( 'NONE',  ( -6.639528095680689468, 26.49999999999998579, 7.500000000000000000 ) ) ;
#8371 = ORIENTED_EDGE ( 'NONE', *, *, #234, .F. ) ;
#8372 = CARTESIAN_POINT ( 'NONE',  ( -6.350852961085916348, 35.00000000000002842, -14.99999999999999289 ) ) ;
#8373 = DIRECTION ( 'NONE',  ( -0.5773502691896233996, 0.5773502691896241767, 0.5773502691896298389 ) ) ;
#8374 = ORIENTED_EDGE ( 'NONE', *, *, #6370, .T. ) ;
#8375 = ORIENTED_EDGE ( 'NONE', *, *, #4031, .T. ) ;
#8376 = ORIENTED_EDGE ( 'NONE', *, *, #8070, .T. ) ;
#8377 = CARTESIAN_POINT ( 'NONE',  ( 7.999999999999998224, 0.9999999999999835687, -22.00000000000000355 ) ) ;
#8378 = EDGE_CURVE ( 'NONE', #6156, #1757, #6139, .T. ) ;
#8379 = VECTOR ( 'NONE', #5528, 1000.000000000000114 ) ;
#8380 = CYLINDRICAL_SURFACE ( 'NONE', #6587, 1.100000000000107558 ) ;
#8381 = CARTESIAN_POINT ( 'NONE',  ( -27.56217782649109793, 62.73909236273081547, 26.50000000000000000 ) ) ;
#8382 = EDGE_CURVE ( 'NONE', #794, #9832, #9107, .T. ) ;
#8383 = LINE ( 'NONE', #7647, #5066 ) ;
#8384 = DIRECTION ( 'NONE',  ( 0.8660254037844380415, 0.5000000000000012212, -0.000000000000000000 ) ) ;
#8385 = DIRECTION ( 'NONE',  ( 0.5000000000000011102, -0.8660254037844379305, -0.000000000000000000 ) ) ;
#8386 = DIRECTION ( 'NONE',  ( 0.000000000000000000, -1.000000000000000000, -1.087600925377308590E-16 ) ) ;
#8387 = LINE ( 'NONE', #2372, #8336 ) ;
#8388 = ADVANCED_FACE ( 'NONE', ( #4596 ), #4500, .F. ) ;
#8389 = ADVANCED_FACE ( 'NONE', ( #6035 ), #7621, .T. ) ;
#8390 = ORIENTED_EDGE ( 'NONE', *, *, #8742, .T. ) ;
#8391 = DIRECTION ( 'NONE',  ( -0.4330127018922200755, 0.7499999999999988898, 0.5000000000000009992 ) ) ;
#8392 = ADVANCED_FACE ( 'NONE', ( #9013 ), #782, .F. ) ;
#8393 = CARTESIAN_POINT ( 'NONE',  ( 2.000000000000000000, -20.75393108588312430, 4.116234780174017338 ) ) ;
#8394 = ORIENTED_EDGE ( 'NONE', *, *, #1105, .F. ) ;
#8395 = LINE ( 'NONE', #5331, #2067 ) ;
#8396 = CARTESIAN_POINT ( 'NONE',  ( -15.56217782649111214, 41.95448267190435132, 10.50000000000000000 ) ) ;
#8397 = ORIENTED_EDGE ( 'NONE', *, *, #5492, .F. ) ;
#8398 = CARTESIAN_POINT ( 'NONE',  ( -12.20000000000004192, 50.13101985234033009, 22.50000000000000000 ) ) ;
#8399 = EDGE_CURVE ( 'NONE', #2627, #2930, #8260, .T. ) ;
#8400 = ORIENTED_EDGE ( 'NONE', *, *, #1779, .T. ) ;
#8401 = LINE ( 'NONE', #7817, #9772 ) ;
#8402 = CARTESIAN_POINT ( 'NONE',  ( -15.96672955930068483, 46.45518682742054750, -11.67431578064991804 ) ) ;
#8403 = CARTESIAN_POINT ( 'NONE',  ( -22.80705080756901637, 64.50297076951420649, -15.24130307875773127 ) ) ;
#8404 = ORIENTED_EDGE ( 'NONE', *, *, #7660, .F. ) ;
#8405 = LINE ( 'NONE', #66, #5094 ) ;
#8406 = ORIENTED_EDGE ( 'NONE', *, *, #1972, .F. ) ;
#8407 = ORIENTED_EDGE ( 'NONE', *, *, #6763, .T. ) ;
#8408 = FACE_OUTER_BOUND ( 'NONE', #4477, .T. ) ;
#8409 = DIRECTION ( 'NONE',  ( 0.8660254037844380415, 0.5000000000000012212, -0.000000000000000000 ) ) ;
#8410 = LINE ( 'NONE', #22, #9453 ) ;
#8411 = ORIENTED_EDGE ( 'NONE', *, *, #5002, .T. ) ;
#8412 = EDGE_CURVE ( 'NONE', #3135, #1198, #6088, .T. ) ;
#8414 = EDGE_CURVE ( 'NONE', #6089, #2589, #9160, .T. ) ;
#8413 = VERTEX_POINT ( 'NONE', #9757 ) ;
#8415 = ORIENTED_EDGE ( 'NONE', *, *, #5628, .F. ) ;
#8416 = DIRECTION ( 'NONE',  ( -0.5000000000000012212, 0.8660254037844380415, 0.000000000000000000 ) ) ;
#8417 = MANIFOLD_SOLID_BREP ( 'Фаска36', #4021 ) ;
#8418 = CARTESIAN_POINT ( 'NONE',  ( -3.000000000000004441, 14.60147186257614038, 9.401471862576146421 ) ) ;
#8419 = DIRECTION ( 'NONE',  ( -0.2500000000000007772, 0.4330127018922191873, -0.8660254037844384856 ) ) ;
#8420 = VECTOR ( 'NONE', #14, 1000.000000000000000 ) ;
#8421 = CARTESIAN_POINT ( 'NONE',  ( -19.74006350946116584, 58.19079294302303396, -11.74130307875772417 ) ) ;
#8422 = VERTEX_POINT ( 'NONE', #8218 ) ;
#8423 = VERTEX_POINT ( 'NONE', #8305 ) ;
#8424 = EDGE_CURVE ( 'NONE', #4553, #8737, #8911, .T. ) ;
#8425 = CARTESIAN_POINT ( 'NONE',  ( -20.48371685740849202, 55.27883832488650739, -8.017393842484622724 ) ) ;
#8426 = VECTOR ( 'NONE', #8148, 1000.000000000000114 ) ;
#8427 = CARTESIAN_POINT ( 'NONE',  ( -3.000000000000000000, -12.35025253169416892, -4.949747468305832676 ) ) ;
#8428 = CARTESIAN_POINT ( 'NONE',  ( -9.526279441628823008, 23.50000000000000711, 26.49999999999999645 ) ) ;
#8429 = CYLINDRICAL_SURFACE ( 'NONE', #921, 2.099999999999999645 ) ;
#8430 = ADVANCED_FACE ( 'NONE', ( #3641 ), #5941, .T. ) ;
#8431 = VECTOR ( 'NONE', #3471, 1000.000000000000000 ) ;
#8432 = LINE ( 'NONE', #9782, #7190 ) ;
#8433 = EDGE_LOOP ( 'NONE', ( #7338, #7332, #816, #431 ) ) ;
#8434 = DIRECTION ( 'NONE',  ( 0.8660254037844379305, 0.5000000000000013323, 0.000000000000000000 ) ) ;
#8435 = DIRECTION ( 'NONE',  ( 0.000000000000000000, 0.000000000000000000, 1.000000000000000000 ) ) ;
#8436 = VERTEX_POINT ( 'NONE', #3743 ) ;
#8437 = LINE ( 'NONE', #714, #9322 ) ;
#8438 = AXIS2_PLACEMENT_3D ( 'NONE', #1597, #6301, #9359 ) ;
#8439 = DIRECTION ( 'NONE',  ( -0.5000000000000036637, 0.8660254037844364872, 0.000000000000000000 ) ) ;
#8440 = ORIENTED_EDGE ( 'NONE', *, *, #8264, .T. ) ;
#8441 = LINE ( 'NONE', #9944, #5875 ) ;
#8442 = ADVANCED_FACE ( 'NONE', ( #1385 ), #7525, .F. ) ;
#8443 = VECTOR ( 'NONE', #4963, 1000.000000000000114 ) ;
#8444 = DIRECTION ( 'NONE',  ( -0.4330127018922201865, 0.7499999999999996669, 0.4999999999999997780 ) ) ;
#8445 = ADVANCED_FACE ( 'NONE', ( #7773 ), #8652, .F. ) ;
#8446 = DIRECTION ( 'NONE',  ( 0.4330127018922198534, -0.7500000000000004441, 0.4999999999999987788 ) ) ;
#8447 = CARTESIAN_POINT ( 'NONE',  ( -12.74006350946113919, 46.06643729004088783, -11.74130307875769574 ) ) ;
#8448 = EDGE_LOOP ( 'NONE', ( #9217, #1535, #9285, #5387 ) ) ;
#8449 = FACE_OUTER_BOUND ( 'NONE', #1953, .T. ) ;
#8450 = VECTOR ( 'NONE', #9430, 1000.000000000000000 ) ;
#8451 = DIRECTION ( 'NONE',  ( 0.000000000000000000, 0.000000000000000000, -1.000000000000000000 ) ) ;
#8452 = ORIENTED_EDGE ( 'NONE', *, *, #6646, .F. ) ;
#8453 = EDGE_CURVE ( 'NONE', #3744, #7792, #889, .T. ) ;
#8454 = EDGE_CURVE ( 'NONE', #559, #5089, #1787, .T. ) ;
#8455 = LINE ( 'NONE', #3043, #6381 ) ;
#8456 = ORIENTED_EDGE ( 'NONE', *, *, #2014, .F. ) ;
#8457 = PLANE ( 'NONE',  #5641 ) ;
#8458 = CARTESIAN_POINT ( 'NONE',  ( -12.06217782649187953, 35.89230484541464250, -15.55563491861046188 ) ) ;
#8459 = VECTOR ( 'NONE', #7177, 1000.000000000000114 ) ;
#8460 = DIRECTION ( 'NONE',  ( -0.4330127018922201865, 0.7499999999999988898, 0.5000000000000008882 ) ) ;
#8461 = ORIENTED_EDGE ( 'NONE', *, *, #123, .T. ) ;
#8462 = ORIENTED_EDGE ( 'NONE', *, *, #6679, .T. ) ;
#8463 = CARTESIAN_POINT ( 'NONE',  ( -15.06217782649109438, 41.08845726811988897, -7.499999999999996447 ) ) ;
#8464 = CARTESIAN_POINT ( 'NONE',  ( 7.999999999999998224, -4.999999999999985789, -22.00000000000000355 ) ) ;
#8465 = CARTESIAN_POINT ( 'NONE',  ( -19.06217782649111570, 48.01666049839541017, -10.00000000000000000 ) ) ;
#8466 = VECTOR ( 'NONE', #2690, 1000.000000000000000 ) ;
#8467 = EDGE_CURVE ( 'NONE', #111, #1360, #5849, .T. ) ;
#8468 = DIRECTION ( 'NONE',  ( 0.5000000000000019984, -0.8660254037844373753, 0.000000000000000000 ) ) ;
#8469 = EDGE_LOOP ( 'NONE', ( #9883, #3791, #320, #7678 ) ) ;
#8470 = ORIENTED_EDGE ( 'NONE', *, *, #2178, .F. ) ;
#8471 = VERTEX_POINT ( 'NONE', #6336 ) ;
#8472 = CARTESIAN_POINT ( 'NONE',  ( 2.000000000000000000, -22.24974746830583783, -4.949747468305832676 ) ) ;
#8473 = VECTOR ( 'NONE', #7201, 1000.000000000000000 ) ;
#8474 = FACE_BOUND ( 'NONE', #5308, .T. ) ;
#8475 = DIRECTION ( 'NONE',  ( 0.000000000000000000, 0.000000000000000000, -1.000000000000000000 ) ) ;
#8476 = EDGE_CURVE ( 'NONE', #3308, #1308, #5485, .T. ) ;
#8477 = CARTESIAN_POINT ( 'NONE',  ( 2.000000000000005329, -17.30000000000000426, -10.90000000000000213 ) ) ;
#8478 = EDGE_CURVE ( 'NONE', #1496, #2481, #7482, .T. ) ;
#8479 = VECTOR ( 'NONE', #1393, 1000.000000000000114 ) ;
#8480 = DIRECTION ( 'NONE',  ( -0.8660254037844379305, -0.5000000000000013323, 0.000000000000000000 ) ) ;
#8481 = VERTEX_POINT ( 'NONE', #1685 ) ;
#8482 = EDGE_LOOP ( 'NONE', ( #2638, #6959, #864, #1816 ) ) ;
#8483 = DIRECTION ( 'NONE',  ( 1.000000000000000000, 0.000000000000000000, 0.000000000000000000 ) ) ;
#8484 = EDGE_LOOP ( 'NONE', ( #5106, #5471, #4032, #3213 ) ) ;
#8485 = VECTOR ( 'NONE', #3196, 999.9999999999998863 ) ;
#8486 = DIRECTION ( 'NONE',  ( 0.000000000000000000, 0.8944271909999160775, 0.4472135954999576501 ) ) ;
#8487 = VERTEX_POINT ( 'NONE', #4785 ) ;
#8488 = CARTESIAN_POINT ( 'NONE',  ( -12.74006350946114097, 46.06643729004089494, 12.50000000000000000 ) ) ;
#8489 = ORIENTED_EDGE ( 'NONE', *, *, #9147, .T. ) ;
#8490 = VECTOR ( 'NONE', #1570, 1000.000000000000000 ) ;
#8491 = CARTESIAN_POINT ( 'NONE',  ( -2.165063509461105262, 27.75000000000001776, 26.49999999999999645 ) ) ;
#8492 = VECTOR ( 'NONE', #886, 1000.000000000000114 ) ;
#8493 = CARTESIAN_POINT ( 'NONE',  ( -19.30705080756894532, 58.44079294302303396, 9.258696921242297151 ) ) ;
#8494 = FACE_OUTER_BOUND ( 'NONE', #2446, .T. ) ;
#8495 = DIRECTION ( 'NONE',  ( 0.8660254037844379305, 0.5000000000000013323, 0.000000000000000000 ) ) ;
#8496 = ORIENTED_EDGE ( 'NONE', *, *, #9628, .T. ) ;
#8497 = ORIENTED_EDGE ( 'NONE', *, *, #6197, .F. ) ;
#8498 = DIRECTION ( 'NONE',  ( 0.000000000000000000, 0.000000000000000000, -1.000000000000000000 ) ) ;
#8499 = EDGE_CURVE ( 'NONE', #1509, #7996, #4738, .T. ) ;
#8500 = ORIENTED_EDGE ( 'NONE', *, *, #1471, .F. ) ;
#8501 = AXIS2_PLACEMENT_3D ( 'NONE', #2919, #7700, #2257 ) ;
#8502 = CARTESIAN_POINT ( 'NONE',  ( -16.61506350946114807, 52.77813416937027569, -8.325684219350073079 ) ) ;
#8503 = CIRCLE ( 'NONE', #5449, 1.599999999999990763 ) ;
#8504 = DIRECTION ( 'NONE',  ( 0.3535533905933185839, -0.6123724356958704096, -0.7071067811864595321 ) ) ;
#8505 = EDGE_CURVE ( 'NONE', #4745, #9002, #989, .T. ) ;
#8506 = VERTEX_POINT ( 'NONE', #115 ) ;
#8507 = ADVANCED_BREP_SHAPE_REPRESENTATION ( 'RB9.01.062.075 Camera holder', ( #8417, #6916 ), #5624 ) ;
#8508 = CARTESIAN_POINT ( 'NONE',  ( 1.561251128379126779E-15, -9.000000000000003553, -12.34999999999999964 ) ) ;
#8509 = LINE ( 'NONE', #9312, #3567 ) ;
#8510 = CONICAL_SURFACE ( 'NONE', #1151, 2.099999999999999645, 0.7853981633974479459 ) ;
#8511 = DIRECTION ( 'NONE',  ( -0.8660254037844388186, -0.4999999999999996114, 1.540743955509788682E-31 ) ) ;
#8512 = AXIS2_PLACEMENT_3D ( 'NONE', #4278, #8149, #2779 ) ;
#8513 = FACE_OUTER_BOUND ( 'NONE', #1103, .T. ) ;
#8514 = COLOUR_RGB ( '',0.5019607843137254832, 0.5019607843137254832, 0.5019607843137254832 ) ;
#8515 = ORIENTED_EDGE ( 'NONE', *, *, #9853, .F. ) ;
#8516 = VERTEX_POINT ( 'NONE', #1037 ) ;
#8517 = EDGE_CURVE ( 'NONE', #1830, #2357, #4090, .T. ) ;
#8518 = EDGE_CURVE ( 'NONE', #7832, #5089, #6392, .T. ) ;
#8519 = DIRECTION ( 'NONE',  ( 1.000000000000000000, -0.000000000000000000, -0.000000000000000000 ) ) ;
#8520 = PLANE ( 'NONE',  #8905 ) ;
#8521 = VECTOR ( 'NONE', #7916, 1000.000000000000000 ) ;
#8522 = VECTOR ( 'NONE', #3435, 1000.000000000000114 ) ;
#8523 = CARTESIAN_POINT ( 'NONE',  ( -10.59006350946113528, 42.34252805376780771, 12.50000000000000000 ) ) ;
#8524 = ORIENTED_EDGE ( 'NONE', *, *, #4720, .T. ) ;
#8525 = ORIENTED_EDGE ( 'NONE', *, *, #678, .T. ) ;
#8526 = ORIENTED_EDGE ( 'NONE', *, *, #6271, .T. ) ;
#8527 = LINE ( 'NONE', #2359, #168 ) ;
#8528 = ADVANCED_FACE ( 'NONE', ( #7107 ), #169, .T. ) ;
#8529 = AXIS2_PLACEMENT_3D ( 'NONE', #9799, #7562, #2933 ) ;
#8530 = CARTESIAN_POINT ( 'NONE',  ( -29.56217782649112635, -22.24974746830583783, -7.038399131237476070 ) ) ;
#8531 = DIRECTION ( 'NONE',  ( -0.5000000000000019984, 0.8660254037844373753, 0.000000000000000000 ) ) ;
#8532 = CARTESIAN_POINT ( 'NONE',  ( -10.59006350946113528, 42.34252805376780771, 9.258696921242295375 ) ) ;
#8533 = DIRECTION ( 'NONE',  ( 0.3535533905932751186, -0.6123724356957980230, -0.7071067811865439090 ) ) ;
#8534 = ORIENTED_EDGE ( 'NONE', *, *, #4143, .T. ) ;
#8535 = LINE ( 'NONE', #204, #104 ) ;
#8536 = AXIS2_PLACEMENT_3D ( 'NONE', #6506, #2699, #6802 ) ;
#8537 = CARTESIAN_POINT ( 'NONE',  ( 2.000000000000005329, -17.30000000000000426, -1.016456843292302834E-15 ) ) ;
#8538 = ORIENTED_EDGE ( 'NONE', *, *, #1758, .T. ) ;
#8539 = EDGE_CURVE ( 'NONE', #5778, #7200, #221, .T. ) ;
#8540 = ADVANCED_FACE ( 'NONE', ( #2538 ), #63, .F. ) ;
#8541 = ORIENTED_EDGE ( 'NONE', *, *, #2214, .F. ) ;
#8542 = LINE ( 'NONE', #4176, #8856 ) ;
#8543 = ORIENTED_EDGE ( 'NONE', *, *, #7799, .T. ) ;
#8544 = AXIS2_PLACEMENT_3D ( 'NONE', #9075, #3162, #7595 ) ;
#8545 = DIRECTION ( 'NONE',  ( -0.000000000000000000, -0.000000000000000000, -1.000000000000000000 ) ) ;
#8546 = ORIENTED_EDGE ( 'NONE', *, *, #5784, .F. ) ;
#8547 = CARTESIAN_POINT ( 'NONE',  ( -12.40871685740845187, 41.29252805376780344, 9.258696921242295375 ) ) ;
#8548 = DIRECTION ( 'NONE',  ( -1.000000000000000000, -0.000000000000000000, -0.000000000000000000 ) ) ;
#8549 = CARTESIAN_POINT ( 'NONE',  ( -13.31217782649109616, 38.05736835487436309, -11.00000000000000000 ) ) ;
#8550 = FACE_OUTER_BOUND ( 'NONE', #7935, .T. ) ;
#8551 = ORIENTED_EDGE ( 'NONE', *, *, #7039, .F. ) ;
#8552 = EDGE_CURVE ( 'NONE', #5147, #4446, #9064, .T. ) ;
#8553 = CARTESIAN_POINT ( 'NONE',  ( -23.98371685740856307, 61.34101615137767993, 11.51739384248461739 ) ) ;
#8554 = CARTESIAN_POINT ( 'NONE',  ( -16.11109127034745825, 56.90522864562113625, -11.27781745930519186 ) ) ;
#8555 = CARTESIAN_POINT ( 'NONE',  ( 0.3156982813815444322, -7.727910685631133703, -8.174871655611223531 ) ) ;
#8556 = ORIENTED_EDGE ( 'NONE', *, *, #2848, .F. ) ;
#8557 = VERTEX_POINT ( 'NONE', #9351 ) ;
#8558 = ADVANCED_FACE ( 'NONE', ( #9253 ), #2391, .F. ) ;
#8559 = CARTESIAN_POINT ( 'NONE',  ( 2.000000000000001776, -11.32179235619570612, 3.724076359315471318 ) ) ;
#8560 = VERTEX_POINT ( 'NONE', #4698 ) ;
#8561 = DIRECTION ( 'NONE',  ( -0.8660254037844379305, -0.5000000000000011102, 0.000000000000000000 ) ) ;
#8562 = FACE_BOUND ( 'NONE', #1268, .T. ) ;
#8563 = LINE ( 'NONE', #8077, #5915 ) ;
#8564 = VERTEX_POINT ( 'NONE', #529 ) ;
#8565 = VERTEX_POINT ( 'NONE', #8912 ) ;
#8566 = CARTESIAN_POINT ( 'NONE',  ( -26.56217782649121517, 61.00704155516212523, -28.49999999999983302 ) ) ;
#8567 = LINE ( 'NONE', #4753, #6323 ) ;
#8568 = EDGE_CURVE ( 'NONE', #4972, #466, #1236, .T. ) ;
#8569 = AXIS2_PLACEMENT_3D ( 'NONE', #5903, #7391, #8134 ) ;
#8570 = LINE ( 'NONE', #2300, #7847 ) ;
#8571 = DIRECTION ( 'NONE',  ( 0.8944271909999188530, 5.374844106186634982E-15, 0.4472135954999520990 ) ) ;
#8572 = ORIENTED_EDGE ( 'NONE', *, *, #2497, .F. ) ;
#8573 = EDGE_LOOP ( 'NONE', ( #3482, #6472, #1705, #400, #9572 ) ) ;
#8574 = ORIENTED_EDGE ( 'NONE', *, *, #5998, .T. ) ;
#8575 = EDGE_CURVE ( 'NONE', #2759, #3577, #4141, .T. ) ;
#8576 = CARTESIAN_POINT ( 'NONE',  ( -21.55871685740848420, 57.14079294302302969, -9.258696921242300704 ) ) ;
#8577 = EDGE_LOOP ( 'NONE', ( #4607, #7965, #7167, #5627, #2163 ) ) ;
#8578 = DIRECTION ( 'NONE',  ( 0.7071067811865474617, 0.000000000000000000, 0.7071067811865476838 ) ) ;
#8579 = FACE_OUTER_BOUND ( 'NONE', #8448, .T. ) ;
#8580 = CARTESIAN_POINT ( 'NONE',  ( -14.58164895966814889, 18.27187997114844720, -24.49999999999996447 ) ) ;
#8581 = EDGE_CURVE ( 'NONE', #1782, #8, #7367, .T. ) ;
#8582 = EDGE_CURVE ( 'NONE', #9401, #5639, #483, .T. ) ;
#8583 = CARTESIAN_POINT ( 'NONE',  ( -9.415063509461122138, 40.30736835487436309, 11.00000000000000178 ) ) ;
#8584 = VERTEX_POINT ( 'NONE', #3533 ) ;
#8585 = CARTESIAN_POINT ( 'NONE',  ( -84.31020123613555484, 29.97560577119347514, -26.50000000000000000 ) ) ;
#8586 = VECTOR ( 'NONE', #4841, 999.9999999999998863 ) ;
#8587 = LINE ( 'NONE', #1765, #1624 ) ;
#8588 = VERTEX_POINT ( 'NONE', #6596 ) ;
#8589 = DIRECTION ( 'NONE',  ( -1.000000000000000000, -0.000000000000000000, -0.000000000000000000 ) ) ;
#8590 = ORIENTED_EDGE ( 'NONE', *, *, #8476, .F. ) ;
#8591 = CIRCLE ( 'NONE', #4415, 1.099999999999986988 ) ;
#8592 = CARTESIAN_POINT ( 'NONE',  ( 1.656855278604407733, -12.76290845356950499, -10.28932302298160550 ) ) ;
#8593 = ADVANCED_FACE ( 'NONE', ( #1981 ), #5688, .F. ) ;
#8594 = ORIENTED_EDGE ( 'NONE', *, *, #6125, .F. ) ;
#8595 = ORIENTED_EDGE ( 'NONE', *, *, #2526, .T. ) ;
#8596 = CARTESIAN_POINT ( 'NONE',  ( -17.41672955930069122, 48.96666049839542723, 6.651368438700165697 ) ) ;
#8597 = ORIENTED_EDGE ( 'NONE', *, *, #7246, .T. ) ;
#8598 = PLANE ( 'NONE',  #680 ) ;
#8599 = DIRECTION ( 'NONE',  ( 0.4330127018922212967, -0.7499999999999993339, -0.4999999999999995004 ) ) ;
#8600 = ORIENTED_EDGE ( 'NONE', *, *, #2038, .F. ) ;
#8601 = CARTESIAN_POINT ( 'NONE',  ( 0.3499999999999978684, -22.24974746830583783, -4.949747468305832676 ) ) ;
#8602 = ORIENTED_EDGE ( 'NONE', *, *, #9392, .T. ) ;
#8603 = LINE ( 'NONE', #8554, #6465 ) ;
#8604 = CARTESIAN_POINT ( 'NONE',  ( 10.00000000000000178, 15.44999999999999574, -11.94705627484770361 ) ) ;
#8605 = ORIENTED_EDGE ( 'NONE', *, *, #1857, .F. ) ;
#8606 = AXIS2_PLACEMENT_3D ( 'NONE', #2502, #5546, #853 ) ;
#8607 = ORIENTED_EDGE ( 'NONE', *, *, #1353, .T. ) ;
#8608 = VECTOR ( 'NONE', #7423, 999.9999999999998863 ) ;
#8609 = ADVANCED_FACE ( 'NONE', ( #5834 ), #8160, .F. ) ;
#8610 = LINE ( 'NONE', #9692, #6750 ) ;
#8611 = CARTESIAN_POINT ( 'NONE',  ( -8.908716857408371936, 35.23035022727662380, 12.75869692124229715 ) ) ;
#8612 = DIRECTION ( 'NONE',  ( 0.8660254037844380415, 0.5000000000000012212, -0.000000000000000000 ) ) ;
#8613 = LINE ( 'NONE', #7778, #1171 ) ;
#8614 = PLANE ( 'NONE',  #443 ) ;
#8615 = PLANE ( 'NONE',  #5766 ) ;
#8616 = ORIENTED_EDGE ( 'NONE', *, *, #4832, .F. ) ;
#8617 = ORIENTED_EDGE ( 'NONE', *, *, #4902, .T. ) ;
#8618 = AXIS2_PLACEMENT_3D ( 'NONE', #5262, #5414, #4474 ) ;
#8619 = CARTESIAN_POINT ( 'NONE',  ( -3.401923788647369218, 40.89230484541442934, 12.44436508138944220 ) ) ;
#8620 = FACE_OUTER_BOUND ( 'NONE', #4324, .T. ) ;
#8621 = VECTOR ( 'NONE', #1215, 1000.000000000000000 ) ;
#8622 = DIRECTION ( 'NONE',  ( -0.8660254037844379305, -0.5000000000000013323, 0.000000000000000000 ) ) ;
#8623 = ORIENTED_EDGE ( 'NONE', *, *, #4363, .F. ) ;
#8624 = VERTEX_POINT ( 'NONE', #8757 ) ;
#8625 = CARTESIAN_POINT ( 'NONE',  ( 10.69328917126628475, 66.50238190889807299, -23.63137084989847381 ) ) ;
#8626 = VERTEX_POINT ( 'NONE', #3585 ) ;
#8627 = DIRECTION ( 'NONE',  ( -0.8660254037844379305, -0.5000000000000011102, 0.000000000000000000 ) ) ;
#8628 = ORIENTED_EDGE ( 'NONE', *, *, #6434, .F. ) ;
#8629 = CARTESIAN_POINT ( 'NONE',  ( -15.96672955930068483, 46.45518682742054750, 24.17431578064990916 ) ) ;
#8630 = VECTOR ( 'NONE', #8828, 1000.000000000000114 ) ;
#8631 = ADVANCED_FACE ( 'NONE', ( #8014, #5790 ), #8867, .F. ) ;
#8632 = DIRECTION ( 'NONE',  ( -0.8660254037844379305, -0.5000000000000011102, -0.000000000000000000 ) ) ;
#8633 = EDGE_CURVE ( 'NONE', #5649, #3094, #9656, .T. ) ;
#8634 = LINE ( 'NONE', #1762, #8786 ) ;
#8635 = ORIENTED_EDGE ( 'NONE', *, *, #7546, .T. ) ;
#8636 = AXIS2_PLACEMENT_3D ( 'NONE', #5037, #5882, #2174 ) ;
#8637 = CARTESIAN_POINT ( 'NONE',  ( -1.000000000000000000, 0.000000000000000000, 9.499999999999998224 ) ) ;
#8638 = ORIENTED_EDGE ( 'NONE', *, *, #6932, .F. ) ;
#8639 = FACE_OUTER_BOUND ( 'NONE', #4907, .T. ) ;
#8640 = ADVANCED_FACE ( 'NONE', ( #9553 ), #4335, .T. ) ;
#8641 = EDGE_CURVE ( 'NONE', #9168, #5505, #2027, .T. ) ;
#8642 = VERTEX_POINT ( 'NONE', #2787 ) ;
#8643 = VECTOR ( 'NONE', #2222, 1000.000000000000000 ) ;
#8644 = CARTESIAN_POINT ( 'NONE',  ( -20.48371685740848491, 55.27883832488648608, 10.50000000000000178 ) ) ;
#8645 = DIRECTION ( 'NONE',  ( -0.5000000000000025535, 0.8660254037844371533, 0.000000000000000000 ) ) ;
#8646 = DIRECTION ( 'NONE',  ( 0.000000000000000000, 0.000000000000000000, -1.000000000000000000 ) ) ;
#8647 = ORIENTED_EDGE ( 'NONE', *, *, #2151, .T. ) ;
#8648 = CARTESIAN_POINT ( 'NONE',  ( 2.000000000000000000, -22.24974746830583072, 4.949747468305830900 ) ) ;
#8649 = ORIENTED_EDGE ( 'NONE', *, *, #3788, .F. ) ;
#8650 = ADVANCED_FACE ( 'NONE', ( #7417 ), #381, .T. ) ;
#8651 = FACE_OUTER_BOUND ( 'NONE', #1181, .T. ) ;
#8652 = PLANE ( 'NONE',  #2331 ) ;
#8653 = VERTEX_POINT ( 'NONE', #7315 ) ;
#8654 = VECTOR ( 'NONE', #7565, 1000.000000000000227 ) ;
#8655 = ORIENTED_EDGE ( 'NONE', *, *, #7657, .T. ) ;
#8656 = CARTESIAN_POINT ( 'NONE',  ( -6.062177826491065957, 25.49999999999999645, -12.49999999999999289 ) ) ;
#8657 = DIRECTION ( 'NONE',  ( 0.000000000000000000, 0.000000000000000000, -1.000000000000000000 ) ) ;
#8658 = DIRECTION ( 'NONE',  ( -0.000000000000000000, 0.000000000000000000, -1.000000000000000000 ) ) ;
#8659 = FACE_BOUND ( 'NONE', #4712, .T. ) ;
#8660 = DIRECTION ( 'NONE',  ( 0.000000000000000000, 0.000000000000000000, -1.000000000000000000 ) ) ;
#8661 = ORIENTED_EDGE ( 'NONE', *, *, #549, .T. ) ;
#8662 = VECTOR ( 'NONE', #141, 1000.000000000000114 ) ;
#8663 = VECTOR ( 'NONE', #1872, 1000.000000000000000 ) ;
#8664 = FACE_BOUND ( 'NONE', #4485, .T. ) ;
#8665 = EDGE_CURVE ( 'NONE', #9226, #1375, #7952, .T. ) ;
#8666 = VECTOR ( 'NONE', #5043, 1000.000000000000000 ) ;
#8667 = EDGE_CURVE ( 'NONE', #9803, #9812, #9506, .T. ) ;
#8668 = DIRECTION ( 'NONE',  ( 0.000000000000000000, 0.8944271909999165215, -0.4472135954999565954 ) ) ;
#8669 = FACE_OUTER_BOUND ( 'NONE', #6740, .T. ) ;
#8670 = VECTOR ( 'NONE', #5396, 1000.000000000000114 ) ;
#8672 = LINE ( 'NONE', #4107, #279 ) ;
#8671 = VECTOR ( 'NONE', #6676, 1000.000000000000114 ) ;
#8673 = CARTESIAN_POINT ( 'NONE',  ( 4.000000000000000888, -6.000000000000001776, -19.00000000000000355 ) ) ;
#8674 = ORIENTED_EDGE ( 'NONE', *, *, #4797, .T. ) ;
#8675 = ORIENTED_EDGE ( 'NONE', *, *, #9755, .F. ) ;
#8676 = DIRECTION ( 'NONE',  ( 0.000000000000000000, 1.000000000000000000, 2.168404344971008868E-16 ) ) ;
#8677 = VERTEX_POINT ( 'NONE', #4191 ) ;
#8678 = ORIENTED_EDGE ( 'NONE', *, *, #6447, .F. ) ;
#8679 = CARTESIAN_POINT ( 'NONE',  ( -11.23205080756890339, 44.45448267190432290, -8.017393842484622724 ) ) ;
#8680 = VECTOR ( 'NONE', #8627, 1000.000000000000114 ) ;
#8681 = DIRECTION ( 'NONE',  ( 1.000000000000000000, -0.000000000000000000, -0.000000000000000000 ) ) ;
#8682 = LINE ( 'NONE', #8734, #9517 ) ;
#8683 = CARTESIAN_POINT ( 'NONE',  ( -7.000000000000000000, 35.00000000000002842, -14.99999999999999289 ) ) ;
#8684 = ORIENTED_EDGE ( 'NONE', *, *, #5191, .T. ) ;
#8685 = EDGE_CURVE ( 'NONE', #8076, #5260, #3440, .T. ) ;
#8686 = EDGE_LOOP ( 'NONE', ( #8675, #4213, #687, #5041 ) ) ;
#8687 = ORIENTED_EDGE ( 'NONE', *, *, #9432, .T. ) ;
#8688 = CARTESIAN_POINT ( 'NONE',  ( -8.526279441628817679, 21.76794919243112147, 24.49999999999996447 ) ) ;
#8689 = ADVANCED_FACE ( 'NONE', ( #9604 ), #2732, .F. ) ;
#8690 = DIRECTION ( 'NONE',  ( -0.8660254037844379305, -0.5000000000000013323, 0.000000000000000000 ) ) ;
#8691 = ORIENTED_EDGE ( 'NONE', *, *, #549, .F. ) ;
#8692 = AXIS2_PLACEMENT_3D ( 'NONE', #4488, #1426, #2085 ) ;
#8693 = CYLINDRICAL_SURFACE ( 'NONE', #8753, 4.000000000000000000 ) ;
#8694 = ORIENTED_EDGE ( 'NONE', *, *, #424, .T. ) ;
#8695 = ORIENTED_EDGE ( 'NONE', *, *, #7852, .F. ) ;
#8696 = EDGE_LOOP ( 'NONE', ( #9543, #2788, #4261, #227 ) ) ;
#8697 = ADVANCED_FACE ( 'NONE', ( #9001 ), #8954, .F. ) ;
#8698 = PLANE ( 'NONE',  #3190 ) ;
#8699 = CARTESIAN_POINT ( 'NONE',  ( -23.98371685740847425, 61.34101615137751651, 12.44436508138943864 ) ) ;
#8700 = LINE ( 'NONE', #5578, #4973 ) ;
#8701 = ORIENTED_EDGE ( 'NONE', *, *, #9808, .F. ) ;
#8702 = ADVANCED_FACE ( 'NONE', ( #6020 ), #3629, .F. ) ;
#8703 = EDGE_LOOP ( 'NONE', ( #5214, #256, #2471, #2000 ) ) ;
#8704 = DIRECTION ( 'NONE',  ( 0.5000000000000019984, -0.8660254037844373753, 0.000000000000000000 ) ) ;
#8705 = VECTOR ( 'NONE', #5845, 1000.000000000000000 ) ;
#8706 = DIRECTION ( 'NONE',  ( -1.000000000000000000, -0.000000000000000000, -0.000000000000000000 ) ) ;
#8707 = DIRECTION ( 'NONE',  ( -0.8660254037844379305, -0.5000000000000013323, 0.000000000000000000 ) ) ;
#8708 = ORIENTED_EDGE ( 'NONE', *, *, #1346, .T. ) ;
#8709 = ORIENTED_EDGE ( 'NONE', *, *, #5523, .T. ) ;
#8710 = FACE_OUTER_BOUND ( 'NONE', #1435, .T. ) ;
#8711 = ORIENTED_EDGE ( 'NONE', *, *, #7921, .T. ) ;
#8712 = EDGE_CURVE ( 'NONE', #260, #3308, #1474, .T. ) ;
#8713 = LINE ( 'NONE', #335, #2388 ) ;
#8714 = DIRECTION ( 'NONE',  ( -0.000000000000000000, 0.7660444431189771253, -0.6427876096865403621 ) ) ;
#8715 = ORIENTED_EDGE ( 'NONE', *, *, #2921, .F. ) ;
#8716 = DIRECTION ( 'NONE',  ( -1.000000000000000000, -0.000000000000000000, -0.000000000000000000 ) ) ;
#8717 = DIRECTION ( 'NONE',  ( 0.000000000000000000, 0.7660444431189771253, -0.6427876096865403621 ) ) ;
#8718 = ORIENTED_EDGE ( 'NONE', *, *, #1519, .F. ) ;
#8719 = FACE_OUTER_BOUND ( 'NONE', #4957, .T. ) ;
#8720 = LINE ( 'NONE', #1843, #9023 ) ;
#8721 = DIRECTION ( 'NONE',  ( 0.000000000000000000, 0.000000000000000000, -1.000000000000000000 ) ) ;
#8722 = CARTESIAN_POINT ( 'NONE',  ( -6.062177826491061516, 25.49999999999998579, -10.99999999999999645 ) ) ;
#8723 = EDGE_CURVE ( 'NONE', #3954, #8560, #8126, .T. ) ;
#8724 = CARTESIAN_POINT ( 'NONE',  ( -10.15705080756891299, 42.59252805376780771, -9.258696921242300704 ) ) ;
#8725 = ADVANCED_FACE ( 'NONE', ( #2219 ), #4383, .F. ) ;
#8726 = VERTEX_POINT ( 'NONE', #4537 ) ;
#8727 = VERTEX_POINT ( 'NONE', #7658 ) ;
#8728 = PLANE ( 'NONE',  #5597 ) ;
#8729 = EDGE_LOOP ( 'NONE', ( #7015, #8534, #428, #1549 ) ) ;
#8730 = ORIENTED_EDGE ( 'NONE', *, *, #4715, .F. ) ;
#8731 = PLANE ( 'NONE',  #7250 ) ;
#8732 = DIRECTION ( 'NONE',  ( 0.5000000000000023315, -0.8660254037844374864, 0.000000000000000000 ) ) ;
#8733 = DIRECTION ( 'NONE',  ( -0.8660254037844379305, -0.5000000000000012212, 0.000000000000000000 ) ) ;
#8734 = CARTESIAN_POINT ( 'NONE',  ( -12.56217782649110859, 36.75833024919773351, 23.99999999999999645 ) ) ;
#8735 = EDGE_CURVE ( 'NONE', #802, #7696, #4905, .T. ) ;
#8736 = CARTESIAN_POINT ( 'NONE',  ( -25.05871685740856236, 63.20297076951423065, -12.75869692124230781 ) ) ;
#8737 = VERTEX_POINT ( 'NONE', #768 ) ;
#8738 = DIRECTION ( 'NONE',  ( 1.000000000000000000, 0.000000000000000000, 0.000000000000000000 ) ) ;
#8739 = AXIS2_PLACEMENT_3D ( 'NONE', #4304, #498, #2849 ) ;
#8740 = PLANE ( 'NONE',  #4173 ) ;
#8741 = ORIENTED_EDGE ( 'NONE', *, *, #4230, .T. ) ;
#8742 = EDGE_CURVE ( 'NONE', #6819, #6048, #7606, .T. ) ;
#8743 = DIRECTION ( 'NONE',  ( 1.000000000000000000, -0.000000000000000000, -0.000000000000000000 ) ) ;
#8744 = VECTOR ( 'NONE', #3336, 1000.000000000000227 ) ;
#8745 = ORIENTED_EDGE ( 'NONE', *, *, #6734, .F. ) ;
#8746 = CARTESIAN_POINT ( 'NONE',  ( -18.86672955930068341, 51.47813416937027853, 8.325684219350073079 ) ) ;
#8747 = FACE_OUTER_BOUND ( 'NONE', #9894, .T. ) ;
#8748 = LINE ( 'NONE', #9446, #8663 ) ;
#8749 = ORIENTED_EDGE ( 'NONE', *, *, #2394, .T. ) ;
#8750 = LINE ( 'NONE', #5729, #6111 ) ;
#8751 = ORIENTED_EDGE ( 'NONE', *, *, #7169, .T. ) ;
#8752 = LINE ( 'NONE', #1783, #7569 ) ;
#8753 = AXIS2_PLACEMENT_3D ( 'NONE', #5722, #2015, #6532 ) ;
#8754 = ORIENTED_EDGE ( 'NONE', *, *, #7496, .F. ) ;
#8755 = DIRECTION ( 'NONE',  ( -1.000000000000000000, -0.000000000000000000, 0.000000000000000000 ) ) ;
#8756 = EDGE_CURVE ( 'NONE', #5383, #8306, #2831, .T. ) ;
#8757 = CARTESIAN_POINT ( 'NONE',  ( -9.433716857408297685, 36.13967690125014798, -14.00000000000000000 ) ) ;
#8758 = EDGE_LOOP ( 'NONE', ( #8830, #8142 ) ) ;
#8759 = ADVANCED_FACE ( 'NONE', ( #7556 ), #3832, .F. ) ;
#8760 = DIRECTION ( 'NONE',  ( -0.4330127018922218518, 0.7499999999999990008, -0.4999999999999993339 ) ) ;
#8761 = LINE ( 'NONE', #7218, #1812 ) ;
#8762 = ORIENTED_EDGE ( 'NONE', *, *, #747, .F. ) ;
#8763 = CARTESIAN_POINT ( 'NONE',  ( -6.562177826491073951, 26.36602540378444104, -26.49999999999999645 ) ) ;
#8764 = DIRECTION ( 'NONE',  ( 0.4330127018922199089, -0.7499999999999983347, 0.5000000000000019984 ) ) ;
#8765 = ORIENTED_EDGE ( 'NONE', *, *, #9188, .T. ) ;
#8766 = DIRECTION ( 'NONE',  ( 0.000000000000000000, -0.8944271909999164105, -0.4472135954999567620 ) ) ;
#8767 = EDGE_CURVE ( 'NONE', #6758, #1572, #715, .T. ) ;
#8768 = EDGE_CURVE ( 'NONE', #260, #3843, #2929, .T. ) ;
#8769 = VECTOR ( 'NONE', #7614, 1000.000000000000000 ) ;
#8770 = CARTESIAN_POINT ( 'NONE',  ( 1.734723475976807094E-15, 24.00000000000001421, 15.00000000000000178 ) ) ;
#8771 = LINE ( 'NONE', #8724, #4305 ) ;
#8772 = EDGE_LOOP ( 'NONE', ( #3458, #5617, #7433, #8556 ) ) ;
#8773 = ORIENTED_EDGE ( 'NONE', *, *, #8285, .T. ) ;
#8774 = ORIENTED_EDGE ( 'NONE', *, *, #3064, .F. ) ;
#8775 = DIRECTION ( 'NONE',  ( -0.5000000000000013323, 0.8660254037844379305, 0.000000000000000000 ) ) ;
#8776 = AXIS2_PLACEMENT_3D ( 'NONE', #3121, #6829, #7754 ) ;
#8777 = ORIENTED_EDGE ( 'NONE', *, *, #6461, .F. ) ;
#8778 = EDGE_LOOP ( 'NONE', ( #5957, #473, #4122, #949 ) ) ;
#8779 = ORIENTED_EDGE ( 'NONE', *, *, #7070, .F. ) ;
#8780 = LINE ( 'NONE', #1755, #8680 ) ;
#8781 = CARTESIAN_POINT ( 'NONE',  ( -10.37262558706178162, 37.76591452467994259, 13.22218254069461629 ) ) ;
#8782 = ORIENTED_EDGE ( 'NONE', *, *, #5400, .T. ) ;
#8783 = CARTESIAN_POINT ( 'NONE',  ( 0.3499999999999978684, -24.33880719978710871, -7.439391908442491541 ) ) ;
#8784 = EDGE_CURVE ( 'NONE', #2992, #6017, #8591, .T. ) ;
#8785 = CARTESIAN_POINT ( 'NONE',  ( -17.41672955930068412, 48.96666049839542012, -25.84863156129981832 ) ) ;
#8786 = VECTOR ( 'NONE', #8480, 999.9999999999998863 ) ;
#8787 = DIRECTION ( 'NONE',  ( 0.8660254037844378194, 0.5000000000000015543, 1.153777611830138980E-15 ) ) ;
#8788 = LINE ( 'NONE', #6425, #9252 ) ;
#8789 = ORIENTED_EDGE ( 'NONE', *, *, #486, .F. ) ;
#8790 = CARTESIAN_POINT ( 'NONE',  ( 0.3307413165590641357, -9.870525012249379060, -7.976994604593329541 ) ) ;
#8791 = ORIENTED_EDGE ( 'NONE', *, *, #6394, .F. ) ;
#8792 = EDGE_LOOP ( 'NONE', ( #3825, #8178, #6246, #4385 ) ) ;
#8793 = ORIENTED_EDGE ( 'NONE', *, *, #9556, .T. ) ;
#8794 = DIRECTION ( 'NONE',  ( 0.3535533905932755072, -0.6123724356957956916, 0.7071067811865456854 ) ) ;
#8795 = VECTOR ( 'NONE', #6257, 1000.000000000000000 ) ;
#8796 = EDGE_LOOP ( 'NONE', ( #1780, #2240, #8497, #7269 ) ) ;
#8797 = LINE ( 'NONE', #1176, #6094 ) ;
#8798 = EDGE_CURVE ( 'NONE', #802, #9247, #2171, .T. ) ;
#8799 = ORIENTED_EDGE ( 'NONE', *, *, #8424, .T. ) ;
#8800 = CARTESIAN_POINT ( 'NONE',  ( -16.61506350946114807, 52.77813416937027569, 24.17431578064991271 ) ) ;
#8801 = VECTOR ( 'NONE', #3902, 1000.000000000000000 ) ;
#8802 = ORIENTED_EDGE ( 'NONE', *, *, #4683, .T. ) ;
#8803 = ORIENTED_EDGE ( 'NONE', *, *, #5856, .F. ) ;
#8804 = CARTESIAN_POINT ( 'NONE',  ( 8.140638795573737596, 4.700000000000019718, 0.000000000000000000 ) ) ;
#8805 = DIRECTION ( 'NONE',  ( -1.000000000000000000, -0.000000000000000000, -0.000000000000000000 ) ) ;
#8806 = DIRECTION ( 'NONE',  ( 0.4330127018922202975, -0.7500000000000002220, 0.4999999999999990008 ) ) ;
#8807 = VERTEX_POINT ( 'NONE', #2883 ) ;
#8808 = CARTESIAN_POINT ( 'NONE',  ( -10.15705080756891299, 42.59252805376780771, -11.74130307875772417 ) ) ;
#8809 = AXIS2_PLACEMENT_3D ( 'NONE', #4033, #7096, #8645 ) ;
#8810 = LINE ( 'NONE', #4664, #1136 ) ;
#8811 = LINE ( 'NONE', #8066, #2995 ) ;
#8812 = DIRECTION ( 'NONE',  ( -0.8660254037844379305, -0.5000000000000011102, -0.000000000000000000 ) ) ;
#8813 = DIRECTION ( 'NONE',  ( 0.000000000000000000, 0.000000000000000000, -1.000000000000000000 ) ) ;
#8814 = ORIENTED_EDGE ( 'NONE', *, *, #1263, .F. ) ;
#8815 = AXIS2_PLACEMENT_3D ( 'NONE', #7936, #5706, #8775 ) ;
#8816 = CARTESIAN_POINT ( 'NONE',  ( -4.500000000000000888, -11.99999999999999822, 9.499999999999998224 ) ) ;
#8817 = PLANE ( 'NONE',  #5952 ) ;
#8818 = ORIENTED_EDGE ( 'NONE', *, *, #9420, .T. ) ;
#8819 = FACE_OUTER_BOUND ( 'NONE', #4633, .T. ) ;
#8820 = ORIENTED_EDGE ( 'NONE', *, *, #8539, .F. ) ;
#8821 = DIRECTION ( 'NONE',  ( 0.5000000000000013323, -0.8660254037844379305, 0.000000000000000000 ) ) ;
#8822 = EDGE_CURVE ( 'NONE', #7288, #4158, #5167, .T. ) ;
#8823 = ORIENTED_EDGE ( 'NONE', *, *, #2847, .T. ) ;
#8824 = EDGE_CURVE ( 'NONE', #942, #4492, #576, .T. ) ;
#8825 = DIRECTION ( 'NONE',  ( -0.5000000000000025535, 0.8660254037844372643, 0.000000000000000000 ) ) ;
#8826 = CIRCLE ( 'NONE', #2572, 3.249999999999999556 ) ;
#8827 = CARTESIAN_POINT ( 'NONE',  ( -20.48371685740848491, 55.27883832488648608, 10.50000000000000178 ) ) ;
#8828 = DIRECTION ( 'NONE',  ( -0.3535533905932781717, 0.6123724356958001325, -0.7071067811865405783 ) ) ;
#8829 = ORIENTED_EDGE ( 'NONE', *, *, #6104, .T. ) ;
#8830 = ORIENTED_EDGE ( 'NONE', *, *, #5191, .F. ) ;
#8831 = ORIENTED_EDGE ( 'NONE', *, *, #8505, .T. ) ;
#8832 = VECTOR ( 'NONE', #3626, 1000.000000000000114 ) ;
#8833 = CARTESIAN_POINT ( 'NONE',  ( -29.56217782649112635, -22.24974746830583783, -7.038399131237476070 ) ) ;
#8834 = ADVANCED_FACE ( 'NONE', ( #671 ), #3728, .F. ) ;
#8835 = EDGE_CURVE ( 'NONE', #8, #1873, #2377, .T. ) ;
#8836 = CIRCLE ( 'NONE', #2576, 12.89999999999998082 ) ;
#8837 = ORIENTED_EDGE ( 'NONE', *, *, #7921, .F. ) ;
#8838 = ORIENTED_EDGE ( 'NONE', *, *, #3238, .F. ) ;
#8839 = DIRECTION ( 'NONE',  ( 0.8660254037844379305, 0.5000000000000012212, 0.000000000000000000 ) ) ;
#8840 = CARTESIAN_POINT ( 'NONE',  ( -10.00000000000000000, -17.30000000000000426, -1.016456843292302834E-15 ) ) ;
#8841 = CARTESIAN_POINT ( 'NONE',  ( -16.50000000000005684, 57.57883832488649745, 10.50000000000000178 ) ) ;
#8842 = CIRCLE ( 'NONE', #3377, 3.249999999999999556 ) ;
#8843 = AXIS2_PLACEMENT_3D ( 'NONE', #8324, #4674, #7747 ) ;
#8844 = CYLINDRICAL_SURFACE ( 'NONE', #4922, 1.100000000000065370 ) ;
#8845 = DIRECTION ( 'NONE',  ( 0.5000000000000012212, -0.8660254037844380415, 0.000000000000000000 ) ) ;
#8846 = EDGE_LOOP ( 'NONE', ( #7102, #7374, #6935, #8015 ) ) ;
#8847 = DIRECTION ( 'NONE',  ( 1.000000000000000000, -0.000000000000000000, -0.000000000000000000 ) ) ;
#8848 = EDGE_CURVE ( 'NONE', #9800, #300, #3565, .T. ) ;
#8849 = ORIENTED_EDGE ( 'NONE', *, *, #8835, .T. ) ;
#8850 = VECTOR ( 'NONE', #1800, 1000.000000000000000 ) ;
#8851 = CONICAL_SURFACE ( 'NONE', #4513, 1.599999999999990319, 0.7853981633974492782 ) ;
#8852 = DIRECTION ( 'NONE',  ( 1.000000000000000000, 0.000000000000000000, 0.000000000000000000 ) ) ;
#8853 = EDGE_LOOP ( 'NONE', ( #5997, #4438, #3847, #727 ) ) ;
#8854 = DIRECTION ( 'NONE',  ( 0.2500000000000001665, -0.4330127018922180215, 0.8660254037844392627 ) ) ;
#8855 = CARTESIAN_POINT ( 'NONE',  ( -13.00000000000004086, 51.51666049839542438, -10.00000000000000000 ) ) ;
#8856 = VECTOR ( 'NONE', #3272, 1000.000000000000227 ) ;
#8857 = ORIENTED_EDGE ( 'NONE', *, *, #1501, .F. ) ;
#8858 = DIRECTION ( 'NONE',  ( 1.000000000000000000, -0.000000000000000000, -0.000000000000000000 ) ) ;
#8860 = EDGE_CURVE ( 'NONE', #8564, #1262, #6508, .T. ) ;
#8859 = DIRECTION ( 'NONE',  ( 0.000000000000000000, 0.000000000000000000, 1.000000000000000000 ) ) ;
#8861 = EDGE_CURVE ( 'NONE', #6513, #4009, #6223, .T. ) ;
#8862 = DIRECTION ( 'NONE',  ( 0.000000000000000000, 0.000000000000000000, -1.000000000000000000 ) ) ;
#8863 = FACE_OUTER_BOUND ( 'NONE', #6900, .T. ) ;
#8864 = DIRECTION ( 'NONE',  ( 0.000000000000000000, 0.000000000000000000, -1.000000000000000000 ) ) ;
#8865 = AXIS2_PLACEMENT_3D ( 'NONE', #5838, #1838, #4145 ) ;
#8866 = DIRECTION ( 'NONE',  ( 0.000000000000000000, 0.000000000000000000, 1.000000000000000000 ) ) ;
#8867 = PLANE ( 'NONE',  #1226 ) ;
#8868 = ORIENTED_EDGE ( 'NONE', *, *, #5385, .T. ) ;
#8869 = ORIENTED_EDGE ( 'NONE', *, *, #7231, .F. ) ;
#8870 = CARTESIAN_POINT ( 'NONE',  ( -1.800000000000000044, -9.000000000000003553, -10.25000000000000000 ) ) ;
#8871 = LINE ( 'NONE', #5884, #4049 ) ;
#8872 = DIRECTION ( 'NONE',  ( -0.5000000000000013323, 0.8660254037844379305, -6.238590722481416546E-15 ) ) ;
#8873 = VERTEX_POINT ( 'NONE', #5420 ) ;
#8874 = LINE ( 'NONE', #338, #804 ) ;
#8875 = VERTEX_POINT ( 'NONE', #6173 ) ;
#8876 = AXIS2_PLACEMENT_3D ( 'NONE', #3899, #9350, #9207 ) ;
#8877 = ORIENTED_EDGE ( 'NONE', *, *, #2931, .F. ) ;
#8878 = CARTESIAN_POINT ( 'NONE',  ( -21.55871685740848420, 57.14079294302302969, -11.74130307875772417 ) ) ;
#8879 = DIRECTION ( 'NONE',  ( -0.8660254037844379305, -0.5000000000000011102, 0.000000000000000000 ) ) ;
#8880 = CARTESIAN_POINT ( 'NONE',  ( -7.000000000000000000, -4.999999999999984901, -22.00000000000000355 ) ) ;
#8881 = EDGE_CURVE ( 'NONE', #794, #562, #3171, .T. ) ;
#8882 = DIRECTION ( 'NONE',  ( 0.000000000000000000, -2.392722035830078972E-16, 1.000000000000000000 ) ) ;
#8883 = VERTEX_POINT ( 'NONE', #824 ) ;
#8884 = DIRECTION ( 'NONE',  ( 0.3535533905932767285, -0.6123724356957974679, 0.7071067811865434649 ) ) ;
#8885 = EDGE_LOOP ( 'NONE', ( #7451, #1604, #9561, #4149 ) ) ;
#8886 = VERTEX_POINT ( 'NONE', #9940 ) ;
#8887 = DIRECTION ( 'NONE',  ( -1.000000000000000000, -0.000000000000000000, -0.000000000000000000 ) ) ;
#8888 = CARTESIAN_POINT ( 'NONE',  ( -10.02627944162882301, 24.36602540378444104, -25.50000000000000000 ) ) ;
#8889 = EDGE_CURVE ( 'NONE', #6854, #9921, #6940, .T. ) ;
#8890 = CARTESIAN_POINT ( 'NONE',  ( -3.000000000000000000, -12.00000000000000000, -9.500000000000001776 ) ) ;
#8891 = LINE ( 'NONE', #462, #5725 ) ;
#8892 = EDGE_CURVE ( 'NONE', #1088, #1782, #2479, .T. ) ;
#8893 = CARTESIAN_POINT ( 'NONE',  ( -2.680147770384166172E-15, 15.44999999999999574, 10.24999999999999822 ) ) ;
#8894 = ORIENTED_EDGE ( 'NONE', *, *, #9923, .F. ) ;
#8895 = ORIENTED_EDGE ( 'NONE', *, *, #5347, .F. ) ;
#8896 = ORIENTED_EDGE ( 'NONE', *, *, #8910, .F. ) ;
#8897 = DIRECTION ( 'NONE',  ( 0.5000000000000004441, -0.8660254037844384856, 0.000000000000000000 ) ) ;
#8898 = CARTESIAN_POINT ( 'NONE',  ( -21.73205080756902419, 62.64101615137768420, -11.51739384248461739 ) ) ;
#8899 = AXIS2_PLACEMENT_3D ( 'NONE', #2808, #5858, #8933 ) ;
#8900 = EDGE_CURVE ( 'NONE', #6219, #1001, #100, .T. ) ;
#8901 = EDGE_CURVE ( 'NONE', #1191, #4805, #4775, .T. ) ;
#8902 = CARTESIAN_POINT ( 'NONE',  ( 0.3499999999999944267, -12.35025253169417248, 8.199747468305830012 ) ) ;
#8903 = CARTESIAN_POINT ( 'NONE',  ( -3.790832518300061960, 41.56591452467996106, 13.22218254069462695 ) ) ;
#8904 = LINE ( 'NONE', #2925, #2873 ) ;
#8905 = AXIS2_PLACEMENT_3D ( 'NONE', #4007, #903, #3254 ) ;
#8906 = DIRECTION ( 'NONE',  ( 0.000000000000000000, 0.000000000000000000, 1.000000000000000000 ) ) ;
#8907 = DIRECTION ( 'NONE',  ( 0.000000000000000000, 0.000000000000000000, 1.000000000000000000 ) ) ;
#8908 = ORIENTED_EDGE ( 'NONE', *, *, #7384, .T. ) ;
#8909 = CARTESIAN_POINT ( 'NONE',  ( -6.657050807568833051, 36.53035022727662096, 15.24130307875772061 ) ) ;
#8910 = EDGE_CURVE ( 'NONE', #4755, #6664, #4687, .T. ) ;
#8911 = CIRCLE ( 'NONE', #1855, 1.199999999999994404 ) ;
#8912 = CARTESIAN_POINT ( 'NONE',  ( -18.26217782649111498, 46.63101985234031588, 22.50000000000000000 ) ) ;
#8913 = ORIENTED_EDGE ( 'NONE', *, *, #7496, .T. ) ;
#8914 = DIRECTION ( 'NONE',  ( 0.000000000000000000, 0.000000000000000000, 1.000000000000000000 ) ) ;
#8915 = CARTESIAN_POINT ( 'NONE',  ( 3.761581922631320463E-31, 4.927511942537569026E-15, -22.00000000000000355 ) ) ;
#8916 = DIRECTION ( 'NONE',  ( -0.2500000000000017208, 0.4330127018922206861, -0.8660254037844374864 ) ) ;
#8917 = ORIENTED_EDGE ( 'NONE', *, *, #9785, .T. ) ;
#8918 = LINE ( 'NONE', #9747, #6523 ) ;
#8919 = CARTESIAN_POINT ( 'NONE',  ( 0.3499999999999944267, -22.24974746830583072, 8.199747468305830012 ) ) ;
#8920 = VERTEX_POINT ( 'NONE', #6889 ) ;
#8921 = ORIENTED_EDGE ( 'NONE', *, *, #8784, .F. ) ;
#8922 = LINE ( 'NONE', #7430, #8705 ) ;
#8923 = ADVANCED_FACE ( 'NONE', ( #7043 ), #3933, .F. ) ;
#8924 = CARTESIAN_POINT ( 'NONE',  ( 2.000000000000005329, -13.09542751534581662, 10.05641935388977792 ) ) ;
#8925 = VECTOR ( 'NONE', #6099, 1000.000000000000227 ) ;
#8926 = FACE_OUTER_BOUND ( 'NONE', #3939, .T. ) ;
#8927 = ORIENTED_EDGE ( 'NONE', *, *, #2109, .T. ) ;
#8928 = ORIENTED_EDGE ( 'NONE', *, *, #7055, .F. ) ;
#8929 = FACE_OUTER_BOUND ( 'NONE', #5006, .T. ) ;
#8930 = ORIENTED_EDGE ( 'NONE', *, *, #2540, .T. ) ;
#8931 = DIRECTION ( 'NONE',  ( 0.000000000000000000, 0.000000000000000000, 1.000000000000000000 ) ) ;
#8932 = ORIENTED_EDGE ( 'NONE', *, *, #4944, .T. ) ;
#8933 = DIRECTION ( 'NONE',  ( 0.000000000000000000, 0.8944271909999165215, -0.4472135954999567065 ) ) ;
#8934 = VECTOR ( 'NONE', #5169, 999.9999999999998863 ) ;
#8935 = VECTOR ( 'NONE', #9234, 1000.000000000000000 ) ;
#8936 = DIRECTION ( 'NONE',  ( 0.000000000000000000, 0.000000000000000000, 1.000000000000000000 ) ) ;
#8937 = ORIENTED_EDGE ( 'NONE', *, *, #6159, .F. ) ;
#8938 = CARTESIAN_POINT ( 'NONE',  ( -17.41672955930068412, 48.96666049839542012, -25.84863156129981832 ) ) ;
#8939 = CARTESIAN_POINT ( 'NONE',  ( -11.80720958122161512, 44.45068689028982334, -20.90137378057982787 ) ) ;
#8940 = EDGE_CURVE ( 'NONE', #8436, #942, #3081, .T. ) ;
#8941 = CARTESIAN_POINT ( 'NONE',  ( -1.800000000000000044, 15.44999999999999751, -10.24999999999999467 ) ) ;
#8942 = CIRCLE ( 'NONE', #5880, 2.099999999999999645 ) ;
#8943 = EDGE_CURVE ( 'NONE', #6843, #2661, #52, .T. ) ;
#8944 = CARTESIAN_POINT ( 'NONE',  ( -10.00000000000000000, 18.99999999999999289, -7.632783294297951215E-14 ) ) ;
#8945 = DIRECTION ( 'NONE',  ( -0.3535533905932291554, 0.6123724356957153114, -0.7071067811866385000 ) ) ;
#8946 = DIRECTION ( 'NONE',  ( 0.8660254037844379305, 0.5000000000000013323, -0.000000000000000000 ) ) ;
#8947 = CARTESIAN_POINT ( 'NONE',  ( -5.999999999999985789, 4.927511942537569026E-15, -22.00000000000000355 ) ) ;
#8948 = CARTESIAN_POINT ( 'NONE',  ( -17.41672955930068412, 48.96666049839541301, -10.00000000000000000 ) ) ;
#8949 = EDGE_CURVE ( 'NONE', #65, #418, #3622, .T. ) ;
#8950 = EDGE_CURVE ( 'NONE', #6294, #1852, #7810, .T. ) ;
#8951 = LINE ( 'NONE', #574, #3534 ) ;
#8952 = CARTESIAN_POINT ( 'NONE',  ( 10.00000000000000178, -8.151471862576149974, -11.09852813742385358 ) ) ;
#8953 = AXIS2_PLACEMENT_3D ( 'NONE', #7471, #9005, #2932 ) ;
#8954 = PLANE ( 'NONE',  #9866 ) ;
#8955 = ORIENTED_EDGE ( 'NONE', *, *, #5149, .T. ) ;
#8956 = CARTESIAN_POINT ( 'NONE',  ( -22.95108655614372850, 54.75244800415185864, -11.27781745930519719 ) ) ;
#8957 = ORIENTED_EDGE ( 'NONE', *, *, #7182, .T. ) ;
#8958 = LINE ( 'NONE', #6743, #129 ) ;
#8959 = VERTEX_POINT ( 'NONE', #6285 ) ;
#8960 = CARTESIAN_POINT ( 'NONE',  ( 10.00000000000000178, -22.24974746830583072, 4.949747468305830900 ) ) ;
#8961 = VECTOR ( 'NONE', #4475, 1000.000000000000000 ) ;
#8962 = CARTESIAN_POINT ( 'NONE',  ( -19.62786325144034194, 48.99645639550867315, -11.13137084989847558 ) ) ;
#8963 = EDGE_CURVE ( 'NONE', #9764, #9168, #5572, .T. ) ;
#8964 = ORIENTED_EDGE ( 'NONE', *, *, #2202, .T. ) ;
#8965 = CARTESIAN_POINT ( 'NONE',  ( 1.551748610394868333, -6.000000000000001776, 1.079781413195068041 ) ) ;
#8966 = CARTESIAN_POINT ( 'NONE',  ( 10.00000000000000000, -17.30000000000000426, -1.016456843292302834E-15 ) ) ;
#8967 = FACE_OUTER_BOUND ( 'NONE', #7126, .T. ) ;
#8968 = ORIENTED_EDGE ( 'NONE', *, *, #3424, .T. ) ;
#8969 = AXIS2_PLACEMENT_3D ( 'NONE', #1439, #690, #8367 ) ;
#8970 = DIRECTION ( 'NONE',  ( -0.2500000000000011657, 0.4330127018922197979, 0.8660254037844381525 ) ) ;
#8971 = ORIENTED_EDGE ( 'NONE', *, *, #691, .F. ) ;
#8972 = ORIENTED_EDGE ( 'NONE', *, *, #8317, .F. ) ;
#8973 = PLANE ( 'NONE',  #7705 ) ;
#8974 = EDGE_CURVE ( 'NONE', #3059, #7108, #5857, .T. ) ;
#8976 = ADVANCED_FACE ( 'NONE', ( #4638 ), #8003, .F. ) ;
#8975 = ORIENTED_EDGE ( 'NONE', *, *, #4229, .T. ) ;
#8977 = VECTOR ( 'NONE', #5280, 1000.000000000000114 ) ;
#8978 = CARTESIAN_POINT ( 'NONE',  ( 7.370065866562907075, 72.25837351754125848, 9.722182540694802810 ) ) ;
#8979 = LINE ( 'NONE', #8781, #513 ) ;
#8980 = VERTEX_POINT ( 'NONE', #8902 ) ;
#8981 = CYLINDRICAL_SURFACE ( 'NONE', #7943, 1.099999999999986988 ) ;
#8982 = CARTESIAN_POINT ( 'NONE',  ( 1.317392605369854364, -8.039522318699773962, 6.961306942893715544 ) ) ;
#8983 = VECTOR ( 'NONE', #3225, 1000.000000000000114 ) ;
#8984 = CARTESIAN_POINT ( 'NONE',  ( 11.66666666666659147, -5.666666666666587027, -26.66666666666667851 ) ) ;
#8985 = ORIENTED_EDGE ( 'NONE', *, *, #6942, .F. ) ;
#8986 = CARTESIAN_POINT ( 'NONE',  ( 1.795685397724889221, -12.88676103435307141, -9.969176239459358158 ) ) ;
#8987 = ORIENTED_EDGE ( 'NONE', *, *, #1221, .T. ) ;
#8988 = FACE_OUTER_BOUND ( 'NONE', #1480, .T. ) ;
#8989 = VECTOR ( 'NONE', #7501, 1000.000000000000227 ) ;
#8990 = DIRECTION ( 'NONE',  ( -1.000000000000000000, -0.000000000000000000, -0.000000000000000000 ) ) ;
#8991 = FACE_OUTER_BOUND ( 'NONE', #5391, .T. ) ;
#8992 = EDGE_CURVE ( 'NONE', #4009, #5175, #4277, .T. ) ;
#8993 = CARTESIAN_POINT ( 'NONE',  ( -17.59006350946116015, 54.46688370674995383, -9.258696921242332678 ) ) ;
#8994 = AXIS2_PLACEMENT_3D ( 'NONE', #3052, #1398, #7584 ) ;
#8995 = VECTOR ( 'NONE', #9329, 1000.000000000000000 ) ;
#8996 = CARTESIAN_POINT ( 'NONE',  ( -15.96672955930068483, 46.45518682742054750, 20.82568421935008729 ) ) ;
#8997 = ORIENTED_EDGE ( 'NONE', *, *, #3604, .F. ) ;
#8998 = CARTESIAN_POINT ( 'NONE',  ( -17.41672955930068412, 48.96666049839542012, 25.84863156129981832 ) ) ;
#8999 = CARTESIAN_POINT ( 'NONE',  ( -3.000000000000000000, -22.24974746830583072, 4.949747468305830900 ) ) ;
#9000 = VECTOR ( 'NONE', #281, 999.9999999999998863 ) ;
#9001 = FACE_OUTER_BOUND ( 'NONE', #2147, .T. ) ;
#9002 = VERTEX_POINT ( 'NONE', #5024 ) ;
#9003 = EDGE_CURVE ( 'NONE', #3429, #8244, #5777, .T. ) ;
#9004 = EDGE_LOOP ( 'NONE', ( #7881, #9431, #3122, #137 ) ) ;
#9005 = DIRECTION ( 'NONE',  ( -1.000000000000000000, -0.000000000000000000, -0.000000000000000000 ) ) ;
#9006 = DIRECTION ( 'NONE',  ( 1.000000000000000000, 0.000000000000000000, 0.000000000000000000 ) ) ;
#9007 = CARTESIAN_POINT ( 'NONE',  ( -15.56217782649111214, 41.95448267190435132, 10.50000000000000000 ) ) ;
#9008 = EDGE_LOOP ( 'NONE', ( #1403, #9101, #5846, #3984 ) ) ;
#9009 = AXIS2_PLACEMENT_3D ( 'NONE', #2782, #9545, #477 ) ;
#9010 = PLANE ( 'NONE',  #5139 ) ;
#9011 = LINE ( 'NONE', #4437, #8187 ) ;
#9012 = CARTESIAN_POINT ( 'NONE',  ( 10.00000000000000178, -17.30000000000000426, -4.596194077712570270 ) ) ;
#9013 = FACE_OUTER_BOUND ( 'NONE', #7938, .T. ) ;
#9014 = VERTEX_POINT ( 'NONE', #4080 ) ;
#9015 = ADVANCED_FACE ( 'NONE', ( #6380 ), #8693, .T. ) ;
#9016 = DIRECTION ( 'NONE',  ( 0.000000000000000000, -0.8944271909999160775, 0.4472135954999576501 ) ) ;
#9017 = DIRECTION ( 'NONE',  ( -0.000000000000000000, -0.7071067811865435759, -0.7071067811865514585 ) ) ;
#9018 = CARTESIAN_POINT ( 'NONE',  ( -1.000000000000000000, 0.000000000000000000, 0.000000000000000000 ) ) ;
#9019 = ORIENTED_EDGE ( 'NONE', *, *, #1289, .T. ) ;
#9020 = CARTESIAN_POINT ( 'NONE',  ( -17.41672955930069122, 48.96666049839542723, 19.15136843870016747 ) ) ;
#9021 = VERTEX_POINT ( 'NONE', #470 ) ;
#9022 = DIRECTION ( 'NONE',  ( 0.5000000000000025535, -0.8660254037844371533, -1.103914939257851457E-14 ) ) ;
#9023 = VECTOR ( 'NONE', #1099, 1000.000000000000114 ) ;
#9024 = FACE_OUTER_BOUND ( 'NONE', #898, .T. ) ;
#9025 = EDGE_CURVE ( 'NONE', #6513, #1663, #3323, .T. ) ;
#9026 = EDGE_CURVE ( 'NONE', #1092, #3827, #6585, .T. ) ;
#9027 = DIRECTION ( 'NONE',  ( 0.000000000000000000, 0.000000000000000000, 1.000000000000000000 ) ) ;
#9028 = ORIENTED_EDGE ( 'NONE', *, *, #2074, .F. ) ;
#9029 = ORIENTED_EDGE ( 'NONE', *, *, #3665, .F. ) ;
#9030 = DIRECTION ( 'NONE',  ( 0.8660254037844378194, 0.5000000000000013323, -0.000000000000000000 ) ) ;
#9031 = CARTESIAN_POINT ( 'NONE',  ( 2.227290902175939280, -22.24974746830584849, -6.741691930738061167 ) ) ;
#9032 = ADVANCED_FACE ( 'NONE', ( #2626 ), #7145, .T. ) ;
#9033 = DIRECTION ( 'NONE',  ( 0.000000000000000000, 0.7660444431189818992, 0.6427876096865347000 ) ) ;
#9034 = DIRECTION ( 'NONE',  ( 1.000000000000000000, 0.000000000000000000, 0.000000000000000000 ) ) ;
#9035 = ORIENTED_EDGE ( 'NONE', *, *, #4729, .F. ) ;
#9036 = DIRECTION ( 'NONE',  ( 0.8660254037844378194, 0.5000000000000013323, -0.000000000000000000 ) ) ;
#9037 = DIRECTION ( 'NONE',  ( 0.8660254037844378194, 0.5000000000000013323, -0.000000000000000000 ) ) ;
#9038 = CARTESIAN_POINT ( 'NONE',  ( -15.16506350946115056, 50.26666049839541728, -25.84863156129981832 ) ) ;
#9039 = DIRECTION ( 'NONE',  ( 0.000000000000000000, -0.000000000000000000, -1.000000000000000000 ) ) ;
#9040 = CARTESIAN_POINT ( 'NONE',  ( -13.00000000000004086, 51.51666049839542438, 10.00000000000000000 ) ) ;
#9041 = ORIENTED_EDGE ( 'NONE', *, *, #6104, .F. ) ;
#9042 = DIRECTION ( 'NONE',  ( -1.000000000000000000, -0.000000000000000000, -0.000000000000000000 ) ) ;
#9043 = CARTESIAN_POINT ( 'NONE',  ( -17.41672955930068412, 48.96666049839541301, -13.34863156129982542 ) ) ;
#9044 = LINE ( 'NONE', #2175, #6933 ) ;
#9045 = DIRECTION ( 'NONE',  ( 0.4330127018922213522, -0.7499999999999994449, 0.4999999999999988898 ) ) ;
#9046 = DIRECTION ( 'NONE',  ( -0.000000000000000000, 0.7660444431189715742, -0.6427876096865471345 ) ) ;
#9047 = ORIENTED_EDGE ( 'NONE', *, *, #9271, .F. ) ;
#9048 = CARTESIAN_POINT ( 'NONE',  ( -15.96672955930068483, 46.45518682742054750, 20.82568421935008729 ) ) ;
#9049 = DIRECTION ( 'NONE',  ( 1.000000000000000000, 0.000000000000000000, 0.000000000000000000 ) ) ;
#9050 = ADVANCED_FACE ( 'NONE', ( #1917 ), #1867, .F. ) ;
#9051 = AXIS2_PLACEMENT_3D ( 'NONE', #5999, #6151, #3705 ) ;
#9052 = DIRECTION ( 'NONE',  ( 0.5000000000000023315, -0.8660254037844374864, 0.000000000000000000 ) ) ;
#9053 = DIRECTION ( 'NONE',  ( 0.000000000000000000, 0.000000000000000000, -1.000000000000000000 ) ) ;
#9054 = EDGE_CURVE ( 'NONE', #1974, #3030, #4975, .T. ) ;
#9055 = ORIENTED_EDGE ( 'NONE', *, *, #580, .F. ) ;
#9056 = VECTOR ( 'NONE', #2286, 1000.000000000000000 ) ;
#9057 = DIRECTION ( 'NONE',  ( 0.8660254037844379305, 0.5000000000000011102, -0.000000000000000000 ) ) ;
#9058 = DIRECTION ( 'NONE',  ( -0.4330127018922204640, 0.7499999999999998890, -0.4999999999999991118 ) ) ;
#9059 = CARTESIAN_POINT ( 'NONE',  ( -20.48371685740847070, 55.27883832488646476, 8.944365081389634042 ) ) ;
#9060 = ORIENTED_EDGE ( 'NONE', *, *, #8861, .F. ) ;
#9061 = EDGE_CURVE ( 'NONE', #4847, #3723, #8056, .T. ) ;
#9062 = EDGE_CURVE ( 'NONE', #3355, #8588, #9441, .T. ) ;
#9063 = CARTESIAN_POINT ( 'NONE',  ( 2.000000000000000000, -13.84606891411688068, 4.116234780174019114 ) ) ;
#9064 = B_SPLINE_CURVE_WITH_KNOTS ( 'NONE', 3,
 ( #837, #8555, #3900, #6951, #6293, #3142 ),
 .UNSPECIFIED., .F., .F.,
 ( 4, 2, 4 ),
 ( 1.838419802495443356E-17, 0.001597921957852707501, 0.003195843915705396353 ),
 .UNSPECIFIED. ) ;
#9065 = CARTESIAN_POINT ( 'NONE',  ( -19.06217782649110859, 48.01666049839541017, -24.76274169979693696 ) ) ;
#9066 = VECTOR ( 'NONE', #8206, 1000.000000000000000 ) ;
#9067 = DIRECTION ( 'NONE',  ( 1.000000000000000000, 0.000000000000000000, 0.000000000000000000 ) ) ;
#9068 = FACE_BOUND ( 'NONE', #5113, .T. ) ;
#9069 = VERTEX_POINT ( 'NONE', #1178 ) ;
#9070 = VECTOR ( 'NONE', #5630, 1000.000000000000000 ) ;
#9071 = ORIENTED_EDGE ( 'NONE', *, *, #4306, .T. ) ;
#9072 = LINE ( 'NONE', #9275, #1455 ) ;
#9073 = ADVANCED_FACE ( 'NONE', ( #1821 ), #4878, .F. ) ;
#9074 = DIRECTION ( 'NONE',  ( -0.8660254037844380415, -0.5000000000000011102, -0.000000000000000000 ) ) ;
#9075 = CARTESIAN_POINT ( 'NONE',  ( 0.000000000000000000, -17.30000000000000426, -1.016456843292302834E-15 ) ) ;
#9076 = CIRCLE ( 'NONE', #2029, 1.100000000000116218 ) ;
#9077 = DIRECTION ( 'NONE',  ( 0.8660254037844380415, 0.5000000000000011102, 1.730666417745208372E-15 ) ) ;
#9078 = CARTESIAN_POINT ( 'NONE',  ( -19.74006350946116228, 58.19079294302303396, 12.50000000000000000 ) ) ;
#9079 = ORIENTED_EDGE ( 'NONE', *, *, #7845, .F. ) ;
#9080 = ORIENTED_EDGE ( 'NONE', *, *, #7376, .F. ) ;
#9081 = DIRECTION ( 'NONE',  ( 0.8660254037844379305, 0.5000000000000011102, 0.000000000000000000 ) ) ;
#9082 = DIRECTION ( 'NONE',  ( 1.000000000000000000, -0.000000000000000000, -0.000000000000000000 ) ) ;
#9083 = DIRECTION ( 'NONE',  ( -0.000000000000000000, 0.7660444431189818992, 0.6427876096865347000 ) ) ;
#9084 = AXIS2_PLACEMENT_3D ( 'NONE', #6572, #9585, #2766 ) ;
#9085 = AXIS2_PLACEMENT_3D ( 'NONE', #1280, #7409, #4326 ) ;
#9086 = EDGE_CURVE ( 'NONE', #5920, #135, #1387, .T. ) ;
#9087 = EDGE_CURVE ( 'NONE', #6910, #641, #3428, .T. ) ;
#9088 = ORIENTED_EDGE ( 'NONE', *, *, #5713, .T. ) ;
#9089 = CARTESIAN_POINT ( 'NONE',  ( -1.000000000000000000, 11.94999999999999574, -9.500000000000000000 ) ) ;
#9090 = PLANE ( 'NONE',  #3234 ) ;
#9091 = EDGE_LOOP ( 'NONE', ( #7537, #3211, #8406, #2072 ) ) ;
#9092 = CARTESIAN_POINT ( 'NONE',  ( 0.2527178158492396909, -22.24974746830586270, 0.5801809056633610018 ) ) ;
#9093 = EDGE_LOOP ( 'NONE', ( #679, #2032, #8041, #8323 ) ) ;
#9094 = ORIENTED_EDGE ( 'NONE', *, *, #2652, .F. ) ;
#9095 = VECTOR ( 'NONE', #3822, 1000.000000000000114 ) ;
#9096 = DIRECTION ( 'NONE',  ( 0.8660254037844379305, 0.5000000000000011102, 0.000000000000000000 ) ) ;
#9097 = EDGE_LOOP ( 'NONE', ( #6512, #7717, #1404, #5270 ) ) ;
#9098 = CARTESIAN_POINT ( 'NONE',  ( 11.25897459621551278, 65.52258601178481001, 20.23725830020306304 ) ) ;
#9099 = DIRECTION ( 'NONE',  ( 0.000000000000000000, 1.094278377492747784E-33, 1.000000000000000000 ) ) ;
#9100 = CARTESIAN_POINT ( 'NONE',  ( -7.000000000000000000, -29.00000000000000000, 12.50000000000000000 ) ) ;
#9101 = ORIENTED_EDGE ( 'NONE', *, *, #1845, .T. ) ;
#9102 = FACE_OUTER_BOUND ( 'NONE', #5319, .T. ) ;
#9103 = DIRECTION ( 'NONE',  ( 0.8660254037844378194, 0.5000000000000013323, -0.000000000000000000 ) ) ;
#9104 = ORIENTED_EDGE ( 'NONE', *, *, #795, .T. ) ;
#9105 = VECTOR ( 'NONE', #3811, 1000.000000000000000 ) ;
#9106 = LINE ( 'NONE', #8215, #2289 ) ;
#9107 = LINE ( 'NONE', #1434, #9056 ) ;
#9108 = ORIENTED_EDGE ( 'NONE', *, *, #4783, .F. ) ;
#9109 = AXIS2_PLACEMENT_3D ( 'NONE', #1043, #3394, #5692 ) ;
#9110 = EDGE_CURVE ( 'NONE', #2772, #7128, #1123, .T. ) ;
#9111 = DIRECTION ( 'NONE',  ( -0.4330127018922199089, 0.7499999999999983347, 0.5000000000000019984 ) ) ;
#9112 = FACE_OUTER_BOUND ( 'NONE', #1950, .T. ) ;
#9113 = CARTESIAN_POINT ( 'NONE',  ( -26.06217782649110859, 60.14101615137752077, 12.44436508138943864 ) ) ;
#9114 = EDGE_LOOP ( 'NONE', ( #3615, #4822, #9943, #2760 ) ) ;
#9115 = EDGE_CURVE ( 'NONE', #2409, #9125, #4924, .T. ) ;
#9116 = DIRECTION ( 'NONE',  ( -0.2588190451025179084, -0.9659258262890690894, -5.451709925985339513E-17 ) ) ;
#9117 = FACE_OUTER_BOUND ( 'NONE', #1810, .T. ) ;
#9118 = VECTOR ( 'NONE', #1580, 1000.000000000000000 ) ;
#9119 = ORIENTED_EDGE ( 'NONE', *, *, #7357, .F. ) ;
#9120 = DIRECTION ( 'NONE',  ( -0.8660254037844379305, -0.5000000000000012212, 0.000000000000000000 ) ) ;
#9121 = ADVANCED_FACE ( 'NONE', ( #369 ), #6484, .F. ) ;
#9122 = EDGE_CURVE ( 'NONE', #5660, #9636, #6834, .T. ) ;
#9123 = CARTESIAN_POINT ( 'NONE',  ( -15.96672955930068483, 46.45518682742054750, -11.67431578064991804 ) ) ;
#9124 = VERTEX_POINT ( 'NONE', #8238 ) ;
#9125 = VERTEX_POINT ( 'NONE', #6062 ) ;
#9126 = CIRCLE ( 'NONE', #8969, 1.099999999999986988 ) ;
#9127 = ORIENTED_EDGE ( 'NONE', *, *, #5363, .F. ) ;
#9128 = ORIENTED_EDGE ( 'NONE', *, *, #7111, .F. ) ;
#9129 = CARTESIAN_POINT ( 'NONE',  ( -10.53371685740840924, 38.04493278957609448, -14.00000000000000000 ) ) ;
#9130 = LINE ( 'NONE', #1456, #1784 ) ;
#9131 = DIRECTION ( 'NONE',  ( 0.000000000000000000, 0.000000000000000000, -1.000000000000000000 ) ) ;
#9132 = VECTOR ( 'NONE', #5744, 1000.000000000000000 ) ;
#9133 = FACE_OUTER_BOUND ( 'NONE', #2622, .T. ) ;
#9134 = ADVANCED_FACE ( 'NONE', ( #4471 ), #9826, .F. ) ;
#9135 = FACE_OUTER_BOUND ( 'NONE', #9725, .T. ) ;
#9136 = ORIENTED_EDGE ( 'NONE', *, *, #6159, .T. ) ;
#9137 = DIRECTION ( 'NONE',  ( 0.000000000000000000, 1.000000000000000000, 2.392722035830078972E-16 ) ) ;
#9138 = DIRECTION ( 'NONE',  ( -0.000000000000000000, -0.000000000000000000, -1.000000000000000000 ) ) ;
#9139 = AXIS2_PLACEMENT_3D ( 'NONE', #2828, #4239, #5924 ) ;
#9140 = AXIS2_PLACEMENT_3D ( 'NONE', #6684, #7363, #2073 ) ;
#9141 = CARTESIAN_POINT ( 'NONE',  ( -22.56217782649112991, 54.07883832488649034, -12.05563491861038905 ) ) ;
#9142 = VECTOR ( 'NONE', #9049, 1000.000000000000000 ) ;
#9143 = LINE ( 'NONE', #2269, #5465 ) ;
#9144 = DIRECTION ( 'NONE',  ( 0.000000000000000000, 0.7071067811865483499, -0.7071067811865467956 ) ) ;
#9145 = VECTOR ( 'NONE', #5719, 1000.000000000000000 ) ;
#9146 = VECTOR ( 'NONE', #4920, 1000.000000000000114 ) ;
#9147 = EDGE_CURVE ( 'NONE', #1560, #4651, #4276, .T. ) ;
#9148 = EDGE_CURVE ( 'NONE', #7632, #135, #2118, .T. ) ;
#9149 = VERTEX_POINT ( 'NONE', #5256 ) ;
#9150 = DIRECTION ( 'NONE',  ( 0.000000000000000000, 0.000000000000000000, -1.000000000000000000 ) ) ;
#9151 = SURFACE_STYLE_USAGE ( .BOTH. , #1481 ) ;
#9152 = DIRECTION ( 'NONE',  ( -1.000000000000000000, 0.000000000000000000, 0.000000000000000000 ) ) ;
#9153 = ORIENTED_EDGE ( 'NONE', *, *, #708, .F. ) ;
#9154 = ORIENTED_EDGE ( 'NONE', *, *, #5973, .T. ) ;
#9155 = VECTOR ( 'NONE', #7631, 1000.000000000000000 ) ;
#9156 = AXIS2_PLACEMENT_3D ( 'NONE', #1082, #6389, #1133 ) ;
#9157 = CARTESIAN_POINT ( 'NONE',  ( -27.56217782649111214, 62.73909236273084389, -26.50000000000000000 ) ) ;
#9158 = EDGE_LOOP ( 'NONE', ( #2369, #6224, #2296, #2947 ) ) ;
#9159 = DIRECTION ( 'NONE',  ( -0.000000000000000000, -0.000000000000000000, -1.000000000000000000 ) ) ;
#9160 = LINE ( 'NONE', #4441, #2170 ) ;
#9161 = ORIENTED_EDGE ( 'NONE', *, *, #4826, .T. ) ;
#9162 = VECTOR ( 'NONE', #738, 1000.000000000000000 ) ;
#9163 = DIRECTION ( 'NONE',  ( -0.5000000000000019984, 0.8660254037844373753, 0.000000000000000000 ) ) ;
#9164 = ORIENTED_EDGE ( 'NONE', *, *, #4058, .F. ) ;
#9165 = CARTESIAN_POINT ( 'NONE',  ( -7.026279441628816791, 19.16987298107781257, 15.00000000000000178 ) ) ;
#9166 = DIRECTION ( 'NONE',  ( 0.3535533905932763399, -0.6123724356957974679, -0.7071067811865437980 ) ) ;
#9167 = CARTESIAN_POINT ( 'NONE',  ( -13.31217782649109971, 38.05736835487435599, 11.00000000000000178 ) ) ;
#9168 = VERTEX_POINT ( 'NONE', #3573 ) ;
#9169 = VERTEX_POINT ( 'NONE', #5112 ) ;
#9170 = CARTESIAN_POINT ( 'NONE',  ( -10.02627944162882301, 24.36602540378444104, -26.49999999999999645 ) ) ;
#9171 = CARTESIAN_POINT ( 'NONE',  ( -15.96672955930068483, 46.45518682742054750, -20.82568421935008729 ) ) ;
#9172 = ADVANCED_FACE ( 'NONE', ( #9133, #2261 ), #6681, .F. ) ;
#9173 = VECTOR ( 'NONE', #6896, 1000.000000000000000 ) ;
#9174 = DIRECTION ( 'NONE',  ( -2.795003904627248969E-15, 5.590007809254497938E-15, -1.000000000000000000 ) ) ;
#9175 = FACE_OUTER_BOUND ( 'NONE', #9595, .T. ) ;
#9176 = DIRECTION ( 'NONE',  ( 0.000000000000000000, 0.000000000000000000, 1.000000000000000000 ) ) ;
#9177 = ORIENTED_EDGE ( 'NONE', *, *, #621, .F. ) ;
#9178 = EDGE_LOOP ( 'NONE', ( #9119, #9136, #5190, #3592 ) ) ;
#9179 = ORIENTED_EDGE ( 'NONE', *, *, #7070, .T. ) ;
#9180 = PLANE ( 'NONE',  #4506 ) ;
#9181 = AXIS2_PLACEMENT_3D ( 'NONE', #343, #3403, #8025 ) ;
#9182 = ORIENTED_EDGE ( 'NONE', *, *, #5806, .T. ) ;
#9183 = CARTESIAN_POINT ( 'NONE',  ( 0.000000000000000000, -7.854394587647316683, -11.91684195399859902 ) ) ;
#9184 = ADVANCED_FACE ( 'NONE', ( #9781 ), #1459, .F. ) ;
#9185 = ADVANCED_FACE ( 'NONE', ( #3765 ), #6778, .F. ) ;
#9186 = CARTESIAN_POINT ( 'NONE',  ( -3.000000000000000000, -22.24974746830583783, -4.949747468305832676 ) ) ;
#9187 = DIRECTION ( 'NONE',  ( -0.8660254037844379305, -0.5000000000000013323, 0.000000000000000000 ) ) ;
#9188 = EDGE_CURVE ( 'NONE', #7298, #452, #3013, .T. ) ;
#9189 = CARTESIAN_POINT ( 'NONE',  ( -4.312177826491066845, 22.46891108675447057, 12.50000000000000000 ) ) ;
#9190 = EDGE_LOOP ( 'NONE', ( #6855, #5799, #2335, #4838 ) ) ;
#9191 = CARTESIAN_POINT ( 'NONE',  ( -18.86672955930068341, 51.47813416937027853, -11.67431578064991093 ) ) ;
#9192 = LINE ( 'NONE', #2312, #5621 ) ;
#9193 = EDGE_LOOP ( 'NONE', ( #5300, #805, #4528, #8789 ) ) ;
#9194 = CARTESIAN_POINT ( 'NONE',  ( -3.000000000000000000, -8.151471862576151750, 9.401471862576148197 ) ) ;
#9195 = EDGE_CURVE ( 'NONE', #5153, #5920, #1275, .T. ) ;
#9196 = EDGE_CURVE ( 'NONE', #9798, #7981, #5206, .T. ) ;
#9197 = CARTESIAN_POINT ( 'NONE',  ( -24.37262558706116522, 62.01462583064304113, 13.22218254069461807 ) ) ;
#9198 = ORIENTED_EDGE ( 'NONE', *, *, #2178, .T. ) ;
#9199 = ORIENTED_EDGE ( 'NONE', *, *, #2503, .T. ) ;
#9200 = DIRECTION ( 'NONE',  ( 1.000000000000000000, -0.000000000000000000, -0.000000000000000000 ) ) ;
#9201 = ORIENTED_EDGE ( 'NONE', *, *, #3351, .T. ) ;
#9202 = DIRECTION ( 'NONE',  ( -0.000000000000000000, 0.7660444431189715742, -0.6427876096865471345 ) ) ;
#9203 = VERTEX_POINT ( 'NONE', #2161 ) ;
#9204 = FACE_OUTER_BOUND ( 'NONE', #2407, .T. ) ;
#9205 = ORIENTED_EDGE ( 'NONE', *, *, #8581, .T. ) ;
#9206 = ADVANCED_FACE ( 'NONE', ( #8991 ), #5870, .T. ) ;
#9207 = DIRECTION ( 'NONE',  ( 0.000000000000000000, 0.000000000000000000, -1.000000000000000000 ) ) ;
#9208 = DIRECTION ( 'NONE',  ( -1.000000000000000000, -0.000000000000000000, 0.000000000000000000 ) ) ;
#9209 = ORIENTED_EDGE ( 'NONE', *, *, #8824, .F. ) ;
#9210 = CARTESIAN_POINT ( 'NONE',  ( -14.55871685740845756, 45.01643729004088357, -11.74130307875769574 ) ) ;
#9211 = EDGE_LOOP ( 'NONE', ( #9297, #5345, #9499, #8541, #5375, #4891 ) ) ;
#9212 = PLANE ( 'NONE',  #5945 ) ;
#9213 = PLANE ( 'NONE',  #8438 ) ;
#9214 = DIRECTION ( 'NONE',  ( 0.2499999999999998612, -0.4330127018922176330, 0.8660254037844395958 ) ) ;
#9215 = AXIS2_PLACEMENT_3D ( 'NONE', #8465, #9120, #1606 ) ;
#9216 = ORIENTED_EDGE ( 'NONE', *, *, #4294, .T. ) ;
#9217 = ORIENTED_EDGE ( 'NONE', *, *, #3447, .T. ) ;
#9218 = DIRECTION ( 'NONE',  ( -0.7071067811865485719, 0.4545194776720484775, 0.5416752204196964016 ) ) ;
#9219 = ADVANCED_FACE ( 'NONE', ( #1326 ), #5961, .T. ) ;
#9220 = FACE_OUTER_BOUND ( 'NONE', #7746, .T. ) ;
#9221 = DIRECTION ( 'NONE',  ( -0.5000000000000014433, 0.8660254037844379305, 0.000000000000000000 ) ) ;
#9222 = CARTESIAN_POINT ( 'NONE',  ( 2.000000000000005329, -17.30000000000000426, 10.89999999999999858 ) ) ;
#9223 = ORIENTED_EDGE ( 'NONE', *, *, #660, .F. ) ;
#9224 = ORIENTED_EDGE ( 'NONE', *, *, #8992, .T. ) ;
#9225 = CARTESIAN_POINT ( 'NONE',  ( -22.16506350946124115, 62.39101615137768420, -11.51739384248461739 ) ) ;
#9226 = VERTEX_POINT ( 'NONE', #7504 ) ;
#9227 = ORIENTED_EDGE ( 'NONE', *, *, #2420, .F. ) ;
#9228 = DIRECTION ( 'NONE',  ( -1.000000000000000000, 0.000000000000000000, 0.000000000000000000 ) ) ;
#9229 = PLANE ( 'NONE',  #4226 ) ;
#9230 = CARTESIAN_POINT ( 'NONE',  ( -23.24006350946124755, 64.25297076951422071, -12.75869692124230781 ) ) ;
#9231 = AXIS2_PLACEMENT_3D ( 'NONE', #8978, #1396, #4452 ) ;
#9232 = CARTESIAN_POINT ( 'NONE',  ( 0.3499999999999944267, -24.33880719978710161, 2.460103028169171591 ) ) ;
#9233 = ORIENTED_EDGE ( 'NONE', *, *, #980, .F. ) ;
#9234 = DIRECTION ( 'NONE',  ( 0.4330127018922207971, -0.7499999999999992228, -0.4999999999999998890 ) ) ;
#9235 = ADVANCED_FACE ( 'NONE', ( #611 ), #3664, .F. ) ;
#9236 = CARTESIAN_POINT ( 'NONE',  ( 7.758974596215505670, 71.58476383827589018, -12.05563491861038905 ) ) ;
#9237 = EDGE_CURVE ( 'NONE', #2527, #1733, #7033, .T. ) ;
#9238 = ORIENTED_EDGE ( 'NONE', *, *, #6382, .T. ) ;
#9239 = LINE ( 'NONE', #822, #4814 ) ;
#9240 = CIRCLE ( 'NONE', #7503, 1.599999999999998979 ) ;
#9241 = CARTESIAN_POINT ( 'NONE',  ( 2.000000000000005329, -13.09542751534581484, -10.05641935388978148 ) ) ;
#9242 = CIRCLE ( 'NONE', #449, 1.099999999999987876 ) ;
#9243 = ADVANCED_FACE ( 'NONE', ( #4571 ), #3070, .T. ) ;
#9244 = EDGE_CURVE ( 'NONE', #5324, #4847, #6214, .T. ) ;
#9245 = VECTOR ( 'NONE', #9355, 1000.000000000000114 ) ;
#9246 = DIRECTION ( 'NONE',  ( -0.8660254037844379305, -0.5000000000000011102, 0.000000000000000000 ) ) ;
#9247 = VERTEX_POINT ( 'NONE', #9279 ) ;
#9248 = DIRECTION ( 'NONE',  ( -1.000000000000000000, 0.000000000000000000, 0.000000000000000000 ) ) ;
#9249 = ORIENTED_EDGE ( 'NONE', *, *, #2944, .T. ) ;
#9250 = DIRECTION ( 'NONE',  ( 0.000000000000000000, 0.000000000000000000, 1.000000000000000000 ) ) ;
#9251 = DIRECTION ( 'NONE',  ( 0.000000000000000000, 0.000000000000000000, 1.000000000000000000 ) ) ;
#9252 = VECTOR ( 'NONE', #2811, 1000.000000000000000 ) ;
#9253 = FACE_OUTER_BOUND ( 'NONE', #8259, .T. ) ;
#9254 = ORIENTED_EDGE ( 'NONE', *, *, #3253, .T. ) ;
#9255 = ORIENTED_EDGE ( 'NONE', *, *, #1051, .T. ) ;
#9256 = EDGE_CURVE ( 'NONE', #8252, #6042, #8383, .T. ) ;
#9257 = CARTESIAN_POINT ( 'NONE',  ( 0.3499999999999943712, -10.26119280021293534, 2.460103028169140504 ) ) ;
#9258 = EDGE_LOOP ( 'NONE', ( #3137, #2943, #6890 ) ) ;
#9259 = DIRECTION ( 'NONE',  ( 0.5000000000000019984, -0.8660254037844373753, 0.000000000000000000 ) ) ;
#9260 = LINE ( 'NONE', #2398, #2999 ) ;
#9261 = DIRECTION ( 'NONE',  ( -0.7071067811865512365, 8.659560562354888485E-17, -0.7071067811865439090 ) ) ;
#9262 = ORIENTED_EDGE ( 'NONE', *, *, #1557, .T. ) ;
#9263 = ORIENTED_EDGE ( 'NONE', *, *, #9898, .T. ) ;
#9264 = ORIENTED_EDGE ( 'NONE', *, *, #6115, .T. ) ;
#9265 = DIRECTION ( 'NONE',  ( 0.2500000000000001110, -0.4330127018922180215, -0.8660254037844392627 ) ) ;
#9266 = DIRECTION ( 'NONE',  ( 0.000000000000000000, -0.6427876096865403621, -0.7660444431189771253 ) ) ;
#9267 = VECTOR ( 'NONE', #4144, 1000.000000000000114 ) ;
#9268 = EDGE_CURVE ( 'NONE', #734, #5360, #92, .T. ) ;
#9269 = DIRECTION ( 'NONE',  ( 0.000000000000000000, 0.000000000000000000, -1.000000000000000000 ) ) ;
#9270 = ORIENTED_EDGE ( 'NONE', *, *, #3367, .F. ) ;
#9271 = EDGE_CURVE ( 'NONE', #8980, #3197, #9335, .T. ) ;
#9272 = ORIENTED_EDGE ( 'NONE', *, *, #4869, .F. ) ;
#9273 = ORIENTED_EDGE ( 'NONE', *, *, #5900, .F. ) ;
#9274 = ORIENTED_EDGE ( 'NONE', *, *, #4125, .F. ) ;
#9275 = CARTESIAN_POINT ( 'NONE',  ( 10.00000000000000178, 15.44999999999999574, -11.94705627484770361 ) ) ;
#9276 = AXIS2_PLACEMENT_3D ( 'NONE', #4834, #2480, #6286 ) ;
#9277 = DIRECTION ( 'NONE',  ( 0.5000000000000014433, -0.8660254037844379305, 0.000000000000000000 ) ) ;
#9278 = DIRECTION ( 'NONE',  ( -0.8660254037844379305, -0.5000000000000013323, 0.000000000000000000 ) ) ;
#9279 = CARTESIAN_POINT ( 'NONE',  ( -23.59480812775602843, 60.66740647211243953, -14.77781745930524693 ) ) ;
#9280 = CIRCLE ( 'NONE', #4960, 1.100000000000058265 ) ;
#9281 = CARTESIAN_POINT ( 'NONE',  ( -18.23205080756895313, 56.57883832488650455, -12.98260615751540392 ) ) ;
#9282 = EDGE_CURVE ( 'NONE', #8653, #2824, #2419, .T. ) ;
#9283 = EDGE_LOOP ( 'NONE', ( #7954, #3430, #3906, #8975 ) ) ;
#9284 = CARTESIAN_POINT ( 'NONE',  ( -4.500000000000000888, -27.49999999999998579, -12.50000000000000000 ) ) ;
#9285 = ORIENTED_EDGE ( 'NONE', *, *, #5192, .F. ) ;
#9286 = LINE ( 'NONE', #3883, #8983 ) ;
#9287 = ORIENTED_EDGE ( 'NONE', *, *, #1554, .F. ) ;
#9288 = ORIENTED_EDGE ( 'NONE', *, *, #2935, .T. ) ;
#9289 = LINE ( 'NONE', #2424, #3711 ) ;
#9290 = ADVANCED_FACE ( 'NONE', ( #813 ), #8429, .F. ) ;
#9291 = DIRECTION ( 'NONE',  ( 0.3535533905933216370, -0.6123724356958727411, -0.7071067811864558683 ) ) ;
#9292 = ORIENTED_EDGE ( 'NONE', *, *, #1422, .F. ) ;
#9293 = AXIS2_PLACEMENT_3D ( 'NONE', #5325, #9833, #6018 ) ;
#9294 = AXIS2_PLACEMENT_3D ( 'NONE', #9598, #2729, #8862 ) ;
#9295 = PLANE ( 'NONE',  #4788 ) ;
#9296 = AXIS2_PLACEMENT_3D ( 'NONE', #2182, #2231, #5284 ) ;
#9297 = ORIENTED_EDGE ( 'NONE', *, *, #133, .F. ) ;
#9298 = DIRECTION ( 'NONE',  ( -0.5000000000000012212, 0.8660254037844380415, 7.511572993685790226E-17 ) ) ;
#9299 = ORIENTED_EDGE ( 'NONE', *, *, #7309, .T. ) ;
#9300 = VERTEX_POINT ( 'NONE', #1667 ) ;
#9301 = DIRECTION ( 'NONE',  ( -0.3535533905932741194, 0.6123724356957931381, 0.7071067811865485719 ) ) ;
#9302 = ORIENTED_EDGE ( 'NONE', *, *, #1660, .F. ) ;
#9303 = ORIENTED_EDGE ( 'NONE', *, *, #5892, .T. ) ;
#9304 = CARTESIAN_POINT ( 'NONE',  ( -21.73205080756902419, 62.64101615137768420, 11.51739384248461739 ) ) ;
#9305 = CIRCLE ( 'NONE', #508, 1.599999999999990763 ) ;
#9306 = EDGE_CURVE ( 'NONE', #1107, #1733, #2516, .T. ) ;
#9307 = CARTESIAN_POINT ( 'NONE',  ( -11.05871685740837762, 38.95425946354970392, 12.75869692124231136 ) ) ;
#9308 = ORIENTED_EDGE ( 'NONE', *, *, #2563, .T. ) ;
#9309 = DIRECTION ( 'NONE',  ( -3.119295361240703540E-15, 5.402778049482794549E-15, 1.000000000000000000 ) ) ;
#9310 = VERTEX_POINT ( 'NONE', #6977 ) ;
#9311 = EDGE_LOOP ( 'NONE', ( #1932, #9854, #6820, #1524, #5964 ) ) ;
#9312 = CARTESIAN_POINT ( 'NONE',  ( -7.000000000000000000, 35.00000000000002842, 15.00000000000000178 ) ) ;
#9313 = AXIS2_PLACEMENT_3D ( 'NONE', #8313, #2908, #9022 ) ;
#9314 = FACE_OUTER_BOUND ( 'NONE', #297, .T. ) ;
#9315 = VECTOR ( 'NONE', #4137, 1000.000000000000000 ) ;
#9316 = CARTESIAN_POINT ( 'NONE',  ( 1.561251128379127174E-15, -9.000000000000005329, 8.150000000000000355 ) ) ;
#9317 = VERTEX_POINT ( 'NONE', #8532 ) ;
#9318 = ORIENTED_EDGE ( 'NONE', *, *, #3390, .F. ) ;
#9319 = DIRECTION ( 'NONE',  ( -0.000000000000000000, -0.000000000000000000, 1.000000000000000000 ) ) ;
#9320 = EDGE_CURVE ( 'NONE', #7298, #4958, #757, .T. ) ;
#9321 = CARTESIAN_POINT ( 'NONE',  ( -1.000000000000000000, 0.000000000000000000, -0.000000000000000000 ) ) ;
#9322 = VECTOR ( 'NONE', #4634, 1000.000000000000000 ) ;
#9323 = AXIS2_PLACEMENT_3D ( 'NONE', #216, #7311, #3480 ) ;
#9324 = DIRECTION ( 'NONE',  ( 0.000000000000000000, 0.000000000000000000, 1.000000000000000000 ) ) ;
#9325 = CARTESIAN_POINT ( 'NONE',  ( -21.55871685740848420, 57.14079294302302969, 9.258696921242297151 ) ) ;
#9326 = CARTESIAN_POINT ( 'NONE',  ( -5.999999999999985789, 2.000000000000000444, -22.00000000000000355 ) ) ;
#9327 = ORIENTED_EDGE ( 'NONE', *, *, #4457, .T. ) ;
#9328 = VERTEX_POINT ( 'NONE', #4680 ) ;
#9329 = DIRECTION ( 'NONE',  ( -0.8660254037844379305, -0.5000000000000013323, 0.000000000000000000 ) ) ;
#9330 = VECTOR ( 'NONE', #5976, 1000.000000000000114 ) ;
#9331 = ORIENTED_EDGE ( 'NONE', *, *, #7003, .T. ) ;
#9332 = DIRECTION ( 'NONE',  ( 0.000000000000000000, -0.7071067811865483499, 0.7071067811865467956 ) ) ;
#9333 = EDGE_CURVE ( 'NONE', #7248, #7024, #6931, .T. ) ;
#9334 = CARTESIAN_POINT ( 'NONE',  ( -18.86672955930068341, 51.47813416937027853, -8.325684219350073079 ) ) ;
#9335 = LINE ( 'NONE', #1618, #4592 ) ;
#9336 = DIRECTION ( 'NONE',  ( 0.000000000000000000, 0.000000000000000000, -1.000000000000000000 ) ) ;
#9337 = ORIENTED_EDGE ( 'NONE', *, *, #9115, .F. ) ;
#9338 = VECTOR ( 'NONE', #7477, 1000.000000000000000 ) ;
#9339 = CARTESIAN_POINT ( 'NONE',  ( -21.55871685740848420, 57.14079294302302969, 11.74130307875772061 ) ) ;
#9340 = ORIENTED_EDGE ( 'NONE', *, *, #9342, .F. ) ;
#9341 = CARTESIAN_POINT ( 'NONE',  ( -24.37262558706115456, 62.01462583064302692, 13.22218254069461096 ) ) ;
#9342 = EDGE_CURVE ( 'NONE', #7229, #3827, #42, .T. ) ;
#9343 = CARTESIAN_POINT ( 'NONE',  ( -7.260576211353314768, 36.57568689028985887, -5.151373780579788786 ) ) ;
#9344 = ORIENTED_EDGE ( 'NONE', *, *, #5446, .F. ) ;
#9345 = FACE_OUTER_BOUND ( 'NONE', #474, .T. ) ;
#9346 = VERTEX_POINT ( 'NONE', #3116 ) ;
#9347 = DIRECTION ( 'NONE',  ( 0.2500000000000002776, -0.4330127018922181881, -0.8660254037844392627 ) ) ;
#9348 = FACE_OUTER_BOUND ( 'NONE', #6812, .T. ) ;
#9349 = VERTEX_POINT ( 'NONE', #6163 ) ;
#9350 = DIRECTION ( 'NONE',  ( 1.000000000000000000, 0.000000000000000000, 0.000000000000000000 ) ) ;
#9351 = CARTESIAN_POINT ( 'NONE',  ( -16.61506350946114807, 52.77813416937027569, -20.82568421935008018 ) ) ;
#9352 = ORIENTED_EDGE ( 'NONE', *, *, #4598, .F. ) ;
#9353 = VERTEX_POINT ( 'NONE', #9230 ) ;
#9354 = DIRECTION ( 'NONE',  ( 1.000000000000000000, -0.000000000000000000, -0.000000000000000000 ) ) ;
#9355 = DIRECTION ( 'NONE',  ( -0.3535533905932755072, 0.6123724356957956916, -0.7071067811865456854 ) ) ;
#9356 = CARTESIAN_POINT ( 'NONE',  ( -16.11217782649110575, 42.90711061606722154, -10.50000000000000000 ) ) ;
#9357 = VERTEX_POINT ( 'NONE', #866 ) ;
#9358 = CARTESIAN_POINT ( 'NONE',  ( 0.000000000000000000, 24.00000000000001066, 12.50000000000000000 ) ) ;
#9359 = DIRECTION ( 'NONE',  ( 0.5000000000000013323, -0.8660254037844379305, 0.000000000000000000 ) ) ;
#9360 = LINE ( 'NONE', #6193, #4167 ) ;
#9361 = EDGE_CURVE ( 'NONE', #2059, #6567, #7752, .T. ) ;
#9362 = ORIENTED_EDGE ( 'NONE', *, *, #9849, .T. ) ;
#9363 = ORIENTED_EDGE ( 'NONE', *, *, #7481, .F. ) ;
#9364 = EDGE_CURVE ( 'NONE', #2409, #871, #919, .T. ) ;
#9365 = CARTESIAN_POINT ( 'NONE',  ( -1.799999999999999600, -8.151471862576151750, 9.401471862576148197 ) ) ;
#9366 = DIRECTION ( 'NONE',  ( -0.8660254037844389297, -0.4999999999999996114, 0.000000000000000000 ) ) ;
#9367 = VECTOR ( 'NONE', #1052, 1000.000000000000000 ) ;
#9368 = LINE ( 'NONE', #7742, #8303 ) ;
#9369 = VERTEX_POINT ( 'NONE', #9718 ) ;
#9370 = DIRECTION ( 'NONE',  ( -0.3535533905932737864, 0.6123724356957926940, -0.7071067811865491270 ) ) ;
#9371 = EDGE_CURVE ( 'NONE', #2877, #559, #3751, .T. ) ;
#9372 = EDGE_CURVE ( 'NONE', #1650, #3889, #4559, .T. ) ;
#9373 = ORIENTED_EDGE ( 'NONE', *, *, #1072, .F. ) ;
#9374 = ORIENTED_EDGE ( 'NONE', *, *, #716, .T. ) ;
#9375 = DIRECTION ( 'NONE',  ( 1.000000000000000000, 0.000000000000000000, -0.000000000000000000 ) ) ;
#9376 = ORIENTED_EDGE ( 'NONE', *, *, #7713, .T. ) ;
#9377 = CARTESIAN_POINT ( 'NONE',  ( -3.000000000000000000, -22.24974746830586980, -9.192321158635740730 ) ) ;
#9378 = VECTOR ( 'NONE', #1190, 1000.000000000000114 ) ;
#9379 = DIRECTION ( 'NONE',  ( 0.000000000000000000, 0.8944271909999160775, -0.4472135954999574836 ) ) ;
#9380 = DIRECTION ( 'NONE',  ( 0.000000000000000000, 0.000000000000000000, 1.000000000000000000 ) ) ;
#9381 = ORIENTED_EDGE ( 'NONE', *, *, #4154, .T. ) ;
#9382 = PLANE ( 'NONE',  #2846 ) ;
#9383 = EDGE_CURVE ( 'NONE', #1302, #5260, #7342, .T. ) ;
#9384 = AXIS2_PLACEMENT_3D ( 'NONE', #8644, #2320, #8439 ) ;
#9385 = LINE ( 'NONE', #2624, #3378 ) ;
#9386 = DIRECTION ( 'NONE',  ( 0.8660254037844380415, 0.5000000000000013323, 0.000000000000000000 ) ) ;
#9387 = CARTESIAN_POINT ( 'NONE',  ( -1.000000000000000000, 11.94999999999999574, -8.500000000000000000 ) ) ;
#9388 = ORIENTED_EDGE ( 'NONE', *, *, #6524, .T. ) ;
#9390 = ADVANCED_FACE ( 'NONE', ( #6710 ), #1354, .T. ) ;
#9389 = DIRECTION ( 'NONE',  ( 0.8660254037844380415, 0.5000000000000009992, 0.000000000000000000 ) ) ;
#9391 = DIRECTION ( 'NONE',  ( 0.000000000000000000, 0.7559289460184611675, -0.6546536707079695372 ) ) ;
#9392 = EDGE_CURVE ( 'NONE', #2589, #9069, #4400, .T. ) ;
#9393 = SHAPE_DEFINITION_REPRESENTATION ( #4004, #8507 ) ;
#9394 = CARTESIAN_POINT ( 'NONE',  ( -19.06217782649111570, 48.01666049839541017, 10.00000000000000000 ) ) ;
#9395 = AXIS2_PLACEMENT_3D ( 'NONE', #7457, #1365, #4414 ) ;
#9396 = CARTESIAN_POINT ( 'NONE',  ( -1.799999999999999600, 16.29852813742385109, 9.401471862576146421 ) ) ;
#9397 = ORIENTED_EDGE ( 'NONE', *, *, #5446, .T. ) ;
#9398 = DIRECTION ( 'NONE',  ( -1.000000000000000000, -0.000000000000000000, -0.000000000000000000 ) ) ;
#9399 = CARTESIAN_POINT ( 'NONE',  ( 1.670247563083992581, -12.75865138753192873, 9.915613805645914880 ) ) ;
#9400 = DIRECTION ( 'NONE',  ( 1.000000000000000000, 0.000000000000000000, 0.000000000000000000 ) ) ;
#9401 = VERTEX_POINT ( 'NONE', #2998 ) ;
#9402 = CIRCLE ( 'NONE', #8606, 1.199999999999994404 ) ;
#9403 = AXIS2_PLACEMENT_3D ( 'NONE', #8075, #1196, #1884 ) ;
#9404 = CARTESIAN_POINT ( 'NONE',  ( -3.000000000000006217, 0.000000000000000000, -10.50000000000000533 ) ) ;
#9405 = DIRECTION ( 'NONE',  ( 0.3535533905932757293, -0.6123724356957959136, -0.7071067811865453523 ) ) ;
#9406 = DIRECTION ( 'NONE',  ( -0.000000000000000000, -0.000000000000000000, -1.000000000000000000 ) ) ;
#9407 = LINE ( 'NONE', #2546, #4120 ) ;
#9408 = DIRECTION ( 'NONE',  ( -0.5000000000000027756, 0.8660254037844369313, 3.154042683593883619E-15 ) ) ;
#9409 = VERTEX_POINT ( 'NONE', #2194 ) ;
#9410 = VECTOR ( 'NONE', #8271, 1000.000000000000000 ) ;
#9411 = VECTOR ( 'NONE', #4378, 1000.000000000000000 ) ;
#9412 = CARTESIAN_POINT ( 'NONE',  ( -1.800000000000000044, 15.44999999999999751, -12.34999999999999609 ) ) ;
#9413 = DIRECTION ( 'NONE',  ( -0.8660254037844379305, -0.5000000000000014433, -2.435752736085847402E-15 ) ) ;
#9414 = EDGE_CURVE ( 'NONE', #719, #1066, #2101, .T. ) ;
#9415 = VECTOR ( 'NONE', #8936, 1000.000000000000000 ) ;
#9416 = CARTESIAN_POINT ( 'NONE',  ( -17.05000000000005045, 58.53146626904936767, -10.49999999999999822 ) ) ;
#9417 = ORIENTED_EDGE ( 'NONE', *, *, #6290, .T. ) ;
#9418 = VERTEX_POINT ( 'NONE', #5242 ) ;
#9419 = EDGE_LOOP ( 'NONE', ( #4516, #1444, #97, #6451 ) ) ;
#9420 = EDGE_CURVE ( 'NONE', #9124, #5341, #8224, .T. ) ;
#9421 = DIRECTION ( 'NONE',  ( 0.000000000000000000, 0.000000000000000000, -1.000000000000000000 ) ) ;
#9422 = ORIENTED_EDGE ( 'NONE', *, *, #3720, .T. ) ;
#9423 = ORIENTED_EDGE ( 'NONE', *, *, #7055, .T. ) ;
#9424 = DIRECTION ( 'NONE',  ( 0.3535533905933198051, -0.6123724356958729631, -0.7071067811864565344 ) ) ;
#9425 = CARTESIAN_POINT ( 'NONE',  ( -3.000000000000004441, 15.44999999999999574, 8.552943725152292842 ) ) ;
#9426 = CIRCLE ( 'NONE', #5253, 1.099999999999986988 ) ;
#9427 = DIRECTION ( 'NONE',  ( -1.000000000000000000, -0.000000000000000000, -0.000000000000000000 ) ) ;
#9428 = ADVANCED_FACE ( 'NONE', ( #8312 ), #5899, .F. ) ;
#9429 = EDGE_CURVE ( 'NONE', #4223, #2768, #6662, .T. ) ;
#9430 = DIRECTION ( 'NONE',  ( -0.8660254037844379305, -0.5000000000000013323, 0.000000000000000000 ) ) ;
#9431 = ORIENTED_EDGE ( 'NONE', *, *, #419, .F. ) ;
#9432 = EDGE_CURVE ( 'NONE', #6970, #5665, #9766, .T. ) ;
#9433 = VECTOR ( 'NONE', #3579, 1000.000000000000114 ) ;
#9434 = DIRECTION ( 'NONE',  ( 0.8660254037844389297, 0.4999999999999996114, 1.602373713730180230E-31 ) ) ;
#9435 = CARTESIAN_POINT ( 'NONE',  ( -13.48371685740844050, 43.15448267190431864, -8.017393842484622724 ) ) ;
#9436 = ORIENTED_EDGE ( 'NONE', *, *, #9849, .F. ) ;
#9437 = CARTESIAN_POINT ( 'NONE',  ( -11.16506350946112569, 43.33845726811988897, 7.500000000000000000 ) ) ;
#9438 = ORIENTED_EDGE ( 'NONE', *, *, #7932, .T. ) ;
#9439 = VECTOR ( 'NONE', #4530, 1000.000000000000000 ) ;
#9440 = EDGE_CURVE ( 'NONE', #563, #289, #2242, .T. ) ;
#9441 = LINE ( 'NONE', #2579, #9070 ) ;
#9442 = ORIENTED_EDGE ( 'NONE', *, *, #2169, .F. ) ;
#9443 = DIRECTION ( 'NONE',  ( -0.000000000000000000, 0.7660444431189771253, -0.6427876096865403621 ) ) ;
#9444 = DIRECTION ( 'NONE',  ( -0.5000000000000013323, 0.8660254037844379305, 0.000000000000000000 ) ) ;
#9445 = VECTOR ( 'NONE', #9202, 999.9999999999998863 ) ;
#9446 = CARTESIAN_POINT ( 'NONE',  ( -3.000000000000000000, -22.24974746830583783, -3.349747468305833475 ) ) ;
#9447 = PLANE ( 'NONE',  #3080 ) ;
#9448 = DIRECTION ( 'NONE',  ( -0.8660254037844379305, -0.5000000000000012212, 0.000000000000000000 ) ) ;
#9449 = ORIENTED_EDGE ( 'NONE', *, *, #3793, .T. ) ;
#9450 = FACE_OUTER_BOUND ( 'NONE', #1675, .T. ) ;
#9451 = DIRECTION ( 'NONE',  ( 0.000000000000000000, 0.000000000000000000, 1.000000000000000000 ) ) ;
#9452 = EDGE_LOOP ( 'NONE', ( #1208, #3040, #4515, #2981 ) ) ;
#9453 = VECTOR ( 'NONE', #9261, 1000.000000000000000 ) ;
#9454 = AXIS2_PLACEMENT_3D ( 'NONE', #4594, #834, #6233 ) ;
#9455 = CARTESIAN_POINT ( 'NONE',  ( 0.000000000000000000, -28.99999999999999645, -5.433231082882413965 ) ) ;
#9456 = LINE ( 'NONE', #7317, #7850 ) ;
#9457 = ORIENTED_EDGE ( 'NONE', *, *, #3404, .F. ) ;
#9458 = DIRECTION ( 'NONE',  ( 0.000000000000000000, 0.7660444431189818992, 0.6427876096865347000 ) ) ;
#9459 = LINE ( 'NONE', #4096, #6024 ) ;
#9460 = LINE ( 'NONE', #4897, #3364 ) ;
#9461 = EDGE_LOOP ( 'NONE', ( #8230, #23, #8096, #240, #9303, #4508 ) ) ;
#9462 = VECTOR ( 'NONE', #9332, 999.9999999999998863 ) ;
#9463 = AXIS2_PLACEMENT_3D ( 'NONE', #3671, #2122, #9083 ) ;
#9464 = DIRECTION ( 'NONE',  ( 0.000000000000000000, -0.7071067811865467956, -0.7071067811865483499 ) ) ;
#9465 = CARTESIAN_POINT ( 'NONE',  ( 10.00000000000000178, -15.00190296114371868, -2.298097038856282914 ) ) ;
#9466 = EDGE_CURVE ( 'NONE', #5307, #3955, #1550, .T. ) ;
#9467 = DIRECTION ( 'NONE',  ( -1.000000000000000000, -0.000000000000000000, -0.000000000000000000 ) ) ;
#9468 = DIRECTION ( 'NONE',  ( -1.000000000000000000, 0.000000000000000000, 0.000000000000000000 ) ) ;
#9469 = AXIS2_PLACEMENT_3D ( 'NONE', #4254, #5699, #3450 ) ;
#9470 = CIRCLE ( 'NONE', #6588, 1.599999999999998979 ) ;
#9471 = STYLED_ITEM ( 'NONE', ( #2383 ), #8507 ) ;
#9472 = CARTESIAN_POINT ( 'NONE',  ( -17.41672955930068056, 48.96666049839542012, -12.26274169979693873 ) ) ;
#9473 = ORIENTED_EDGE ( 'NONE', *, *, #3071, .F. ) ;
#9474 = ORIENTED_EDGE ( 'NONE', *, *, #7050, .T. ) ;
#9475 = ORIENTED_EDGE ( 'NONE', *, *, #6509, .T. ) ;
#9476 = CARTESIAN_POINT ( 'NONE',  ( 10.00000000000000178, -17.30000000000000426, -4.596194077712570270 ) ) ;
#9477 = VERTEX_POINT ( 'NONE', #694 ) ;
#9478 = ORIENTED_EDGE ( 'NONE', *, *, #3882, .T. ) ;
#9479 = CARTESIAN_POINT ( 'NONE',  ( -4.500000000000000888, -27.49999999999998579, 9.500000000000000000 ) ) ;
#9480 = EDGE_CURVE ( 'NONE', #5153, #7236, #1552, .T. ) ;
#9481 = VECTOR ( 'NONE', #9752, 1000.000000000000000 ) ;
#9482 = CARTESIAN_POINT ( 'NONE',  ( -4.500000000000001776, -12.00000000000000000, -11.00000000000000533 ) ) ;
#9483 = ORIENTED_EDGE ( 'NONE', *, *, #8641, .F. ) ;
#9484 = CARTESIAN_POINT ( 'NONE',  ( -26.06217782649120807, 60.14101615137766288, 14.00000000000000711 ) ) ;
#9485 = DIRECTION ( 'NONE',  ( 0.8660254037844378194, 0.5000000000000013323, -0.000000000000000000 ) ) ;
#9486 = CARTESIAN_POINT ( 'NONE',  ( -3.000000000000004441, 15.44999999999999574, -11.94705627484770361 ) ) ;
#9487 = ORIENTED_EDGE ( 'NONE', *, *, #3064, .T. ) ;
#9488 = DIRECTION ( 'NONE',  ( -0.000000000000000000, 0.7660444431189771253, 0.6427876096865403621 ) ) ;
#9489 = EDGE_CURVE ( 'NONE', #6267, #3851, #8266, .T. ) ;
#9490 = DIRECTION ( 'NONE',  ( 1.000000000000000000, 0.000000000000000000, -0.000000000000000000 ) ) ;
#9491 = ADVANCED_FACE ( 'NONE', ( #5346 ), #3051, .T. ) ;
#9492 = VECTOR ( 'NONE', #6489, 999.9999999999998863 ) ;
#9493 = DIRECTION ( 'NONE',  ( 0.3535533905932760623, -0.6123724356957965798, 0.7071067811865445751 ) ) ;
#9494 = ORIENTED_EDGE ( 'NONE', *, *, #5565, .T. ) ;
#9495 = LINE ( 'NONE', #7258, #1909 ) ;
#9496 = DIRECTION ( 'NONE',  ( -0.8660254037844379305, -0.5000000000000012212, 0.000000000000000000 ) ) ;
#9497 = LINE ( 'NONE', #3433, #1774 ) ;
#9498 = ADVANCED_FACE ( 'NONE', ( #7442 ), #2856, .F. ) ;
#9499 = ORIENTED_EDGE ( 'NONE', *, *, #554, .F. ) ;
#9500 = ADVANCED_FACE ( 'NONE', ( #7534 ), #646, .T. ) ;
#9501 = PLANE ( 'NONE',  #9323 ) ;
#9502 = VERTEX_POINT ( 'NONE', #896 ) ;
#9503 = CARTESIAN_POINT ( 'NONE',  ( -16.61506350946114807, 52.77813416937027569, 11.67431578064991093 ) ) ;
#9504 = AXIS2_PLACEMENT_3D ( 'NONE', #5788, #4887, #2786 ) ;
#9505 = LINE ( 'NONE', #7918, #5162 ) ;
#9506 = LINE ( 'NONE', #2640, #2011 ) ;
#9507 = EDGE_LOOP ( 'NONE', ( #9715, #3159, #8837, #8415 ) ) ;
#9508 = CARTESIAN_POINT ( 'NONE',  ( -18.86672955930068341, 51.47813416937027853, 8.325684219350073079 ) ) ;
#9509 = LINE ( 'NONE', #2644, #7199 ) ;
#9510 = CYLINDRICAL_SURFACE ( 'NONE', #7906, 1.100000000000115774 ) ;
#9511 = LINE ( 'NONE', #8763, #1874 ) ;
#9512 = CARTESIAN_POINT ( 'NONE',  ( -1.800000000000000044, -9.000000000000003553, -10.25000000000000000 ) ) ;
#9513 = ADVANCED_FACE ( 'NONE', ( #5343 ), #4605, .F. ) ;
#9514 = VERTEX_POINT ( 'NONE', #3195 ) ;
#9515 = CARTESIAN_POINT ( 'NONE',  ( 11.25897459621551988, 65.52258601178481001, 7.737258300203062156 ) ) ;
#9516 = CARTESIAN_POINT ( 'NONE',  ( -3.000000000000000000, -12.35025253169419912, -9.192321158635740730 ) ) ;
#9517 = VECTOR ( 'NONE', #4718, 1000.000000000000114 ) ;
#9518 = CARTESIAN_POINT ( 'NONE',  ( -9.240063509461061031, 40.00425946354970819, 15.24130307875772417 ) ) ;
#9519 = CARTESIAN_POINT ( 'NONE',  ( -16.02627944162884788, 34.75833024919773351, 26.49999999999999645 ) ) ;
#9520 = PLANE ( 'NONE',  #1578 ) ;
#9521 = EDGE_LOOP ( 'NONE', ( #1697, #5171, #9475, #2290 ) ) ;
#9522 = ORIENTED_EDGE ( 'NONE', *, *, #1189, .F. ) ;
#9523 = DIRECTION ( 'NONE',  ( 0.000000000000000000, 0.000000000000000000, -1.000000000000000000 ) ) ;
#9524 = EDGE_CURVE ( 'NONE', #3373, #9685, #2340, .T. ) ;
#9525 = ORIENTED_EDGE ( 'NONE', *, *, #1295, .F. ) ;
#9526 = EDGE_LOOP ( 'NONE', ( #5697, #1163, #1860, #310 ) ) ;
#9527 = ORIENTED_EDGE ( 'NONE', *, *, #1952, .F. ) ;
#9528 = CARTESIAN_POINT ( 'NONE',  ( -19.74006350946116584, 58.19079294302303396, 11.74130307875772061 ) ) ;
#9529 = DIRECTION ( 'NONE',  ( -0.8660254037844378194, -0.5000000000000015543, -1.153777611830139177E-15 ) ) ;
#9530 = DIRECTION ( 'NONE',  ( -0.5000000000000013323, 0.8660254037844379305, 0.000000000000000000 ) ) ;
#9531 = LINE ( 'NONE', #6623, #4764 ) ;
#9532 = AXIS2_PLACEMENT_3D ( 'NONE', #1960, #5014, #6521 ) ;
#9533 = FACE_BOUND ( 'NONE', #892, .T. ) ;
#9534 = VERTEX_POINT ( 'NONE', #790 ) ;
#9535 = CARTESIAN_POINT ( 'NONE',  ( 10.00000000000000000, -17.30000000000000426, -1.016456843292302834E-15 ) ) ;
#9536 = EDGE_LOOP ( 'NONE', ( #3453, #1475, #6298, #3630 ) ) ;
#9537 = LINE ( 'NONE', #8688, #5295 ) ;
#9538 = VECTOR ( 'NONE', #9818, 1000.000000000000000 ) ;
#9539 = DIRECTION ( 'NONE',  ( -0.4330127018922202420, 0.7499999999999988898, 0.5000000000000007772 ) ) ;
#9540 = CARTESIAN_POINT ( 'NONE',  ( -9.500000000000040856, 45.45448267190436553, -10.50000000000000000 ) ) ;
#9541 = EDGE_CURVE ( 'NONE', #6854, #908, #6244, .T. ) ;
#9542 = VECTOR ( 'NONE', #2593, 1000.000000000000114 ) ;
#9543 = ORIENTED_EDGE ( 'NONE', *, *, #3724, .F. ) ;
#9544 = CARTESIAN_POINT ( 'NONE',  ( -23.98371685740855952, 61.34101615137766572, 14.00000000000000711 ) ) ;
#9545 = DIRECTION ( 'NONE',  ( -0.3535533905932727317, 0.6123724356957909176, -0.7071067811865512365 ) ) ;
#9546 = EDGE_CURVE ( 'NONE', #2855, #2705, #4757, .T. ) ;
#9547 = DIRECTION ( 'NONE',  ( -0.8660254037844380415, -0.5000000000000009992, -0.000000000000000000 ) ) ;
#9548 = DIRECTION ( 'NONE',  ( -0.3535533905932737864, 0.6123724356957926940, -0.7071067811865491270 ) ) ;
#9549 = ORIENTED_EDGE ( 'NONE', *, *, #8360, .T. ) ;
#9550 = DIRECTION ( 'NONE',  ( -0.8660254037844373753, -0.5000000000000023315, 1.210272192541946142E-15 ) ) ;
#9551 = VECTOR ( 'NONE', #5067, 1000.000000000000000 ) ;
#9552 = FACE_OUTER_BOUND ( 'NONE', #6128, .T. ) ;
#9553 = FACE_OUTER_BOUND ( 'NONE', #453, .T. ) ;
#9554 = ORIENTED_EDGE ( 'NONE', *, *, #2393, .F. ) ;
#9555 = ADVANCED_FACE ( 'NONE', ( #9314 ), #1647, .F. ) ;
#9556 = EDGE_CURVE ( 'NONE', #6528, #527, #3905, .T. ) ;
#9557 = AXIS2_PLACEMENT_3D ( 'NONE', #4128, #4231, #3375 ) ;
#9558 = DIRECTION ( 'NONE',  ( 0.000000000000000000, 0.7559289460184527298, -0.6546536707079791961 ) ) ;
#9559 = CARTESIAN_POINT ( 'NONE',  ( -12.43431457505080751, 50.53686460128216140, -11.13137084989848447 ) ) ;
#9560 = ORIENTED_EDGE ( 'NONE', *, *, #8108, .T. ) ;
#9561 = ORIENTED_EDGE ( 'NONE', *, *, #1261, .F. ) ;
#9562 = CARTESIAN_POINT ( 'NONE',  ( -27.39711431703002020, 67.45319397786859383, 22.49999999999996803 ) ) ;
#9563 = ORIENTED_EDGE ( 'NONE', *, *, #1758, .F. ) ;
#9564 = DIRECTION ( 'NONE',  ( 0.000000000000000000, 0.8944271909999160775, -0.4472135954999574836 ) ) ;
#9565 = VERTEX_POINT ( 'NONE', #7059 ) ;
#9566 = FACE_OUTER_BOUND ( 'NONE', #1279, .T. ) ;
#9567 = CARTESIAN_POINT ( 'NONE',  ( -9.500000000000040856, 45.45448267190436553, -10.50000000000000000 ) ) ;
#9568 = AXIS2_PLACEMENT_3D ( 'NONE', #7970, #8872, #7320 ) ;
#9569 = DIRECTION ( 'NONE',  ( 0.000000000000000000, -1.000000000000000000, 1.020425574104004492E-16 ) ) ;
#9570 = EDGE_CURVE ( 'NONE', #3545, #8306, #180, .T. ) ;
#9571 = CARTESIAN_POINT ( 'NONE',  ( -3.000000000000000000, -27.49999999999998224, 9.500000000000000000 ) ) ;
#9572 = ORIENTED_EDGE ( 'NONE', *, *, #5637, .T. ) ;
#9573 = EDGE_LOOP ( 'NONE', ( #8376, #7616, #4187, #1205 ) ) ;
#9574 = ORIENTED_EDGE ( 'NONE', *, *, #3621, .F. ) ;
#9575 = CONICAL_SURFACE ( 'NONE', #103, 1.599999999999990319, 0.7853981633974495002 ) ;
#9576 = FACE_OUTER_BOUND ( 'NONE', #7480, .T. ) ;
#9577 = AXIS2_PLACEMENT_3D ( 'NONE', #408, #7398, #5058 ) ;
#9578 = VERTEX_POINT ( 'NONE', #7683 ) ;
#9579 = ORIENTED_EDGE ( 'NONE', *, *, #4390, .T. ) ;
#9580 = CARTESIAN_POINT ( 'NONE',  ( 22.04495957273638851, -27.49999999999998579, 12.50000000000000000 ) ) ;
#9581 = CARTESIAN_POINT ( 'NONE',  ( -11.67326909683915481, 35.21869516614905393, 13.22218254069482768 ) ) ;
#9582 = CARTESIAN_POINT ( 'NONE',  ( -20.09480812775588277, 54.60522864562111778, 9.722182540694809916 ) ) ;
#9583 = VECTOR ( 'NONE', #662, 1000.000000000000000 ) ;
#9584 = ADVANCED_FACE ( 'NONE', ( #2448, #4793, #998, #3951, #6957, #21, #8562, #3247, #1740, #3100, #1692, #5389, #7012 ), #9213, .F. ) ;
#9585 = DIRECTION ( 'NONE',  ( -1.000000000000000000, -0.000000000000000000, -0.000000000000000000 ) ) ;
#9586 = ADVANCED_FACE ( 'NONE', ( #3148 ), #8614, .F. ) ;
#9587 = DIRECTION ( 'NONE',  ( 0.8660254037844380415, 0.5000000000000012212, -0.000000000000000000 ) ) ;
#9588 = ORIENTED_EDGE ( 'NONE', *, *, #1073, .F. ) ;
#9589 = LINE ( 'NONE', #7349, #1260 ) ;
#9590 = DIRECTION ( 'NONE',  ( 0.000000000000000000, 0.000000000000000000, -1.000000000000000000 ) ) ;
#9591 = AXIS2_PLACEMENT_3D ( 'NONE', #7448, #130, #9176 ) ;
#9592 = PLANE ( 'NONE',  #3223 ) ;
#9593 = DIRECTION ( 'NONE',  ( -0.000000000000000000, -0.000000000000000000, -1.000000000000000000 ) ) ;
#9594 = AXIS2_PLACEMENT_3D ( 'NONE', #2444, #2288, #5487 ) ;
#9595 = EDGE_LOOP ( 'NONE', ( #6698, #5625, #8172, #9549 ) ) ;
#9596 = ORIENTED_EDGE ( 'NONE', *, *, #6394, .T. ) ;
#9597 = CARTESIAN_POINT ( 'NONE',  ( -8.165063509461059965, 38.14230484541316457, 16.48260615751541636 ) ) ;
#9598 = CARTESIAN_POINT ( 'NONE',  ( 3.031088913245566285, 1.750000000000023759, 0.000000000000000000 ) ) ;
#9599 = DIRECTION ( 'NONE',  ( -0.8660254037844379305, -0.5000000000000011102, 0.000000000000000000 ) ) ;
#9600 = AXIS2_PLACEMENT_3D ( 'NONE', #8596, #7858, #981 ) ;
#9601 = DIRECTION ( 'NONE',  ( 0.8660254037844379305, 0.5000000000000014433, -1.730666417745208766E-15 ) ) ;
#9602 = EDGE_CURVE ( 'NONE', #6843, #2280, #4052, .T. ) ;
#9603 = FACE_OUTER_BOUND ( 'NONE', #6179, .T. ) ;
#9604 = FACE_OUTER_BOUND ( 'NONE', #1343, .T. ) ;
#9605 = ORIENTED_EDGE ( 'NONE', *, *, #7441, .F. ) ;
#9606 = DIRECTION ( 'NONE',  ( 0.000000000000000000, 2.392722035830078972E-16, -1.000000000000000000 ) ) ;
#9607 = ORIENTED_EDGE ( 'NONE', *, *, #1400, .F. ) ;
#9608 = VECTOR ( 'NONE', #121, 1000.000000000000000 ) ;
#9609 = DIRECTION ( 'NONE',  ( -1.000000000000000000, -0.000000000000000000, -0.000000000000000000 ) ) ;
#9610 = CARTESIAN_POINT ( 'NONE',  ( -5.154700538379271890, 35.00000000000002132, -10.65470053837925057 ) ) ;
#9611 = LINE ( 'NONE', #4941, #7823 ) ;
#9612 = CARTESIAN_POINT ( 'NONE',  ( -11.05871685740838117, 38.95425946354970392, -15.24130307875773127 ) ) ;
#9613 = ORIENTED_EDGE ( 'NONE', *, *, #3176, .T. ) ;
#9614 = VERTEX_POINT ( 'NONE', #119 ) ;
#9615 = EDGE_CURVE ( 'NONE', #5770, #7591, #69, .T. ) ;
#9616 = EDGE_CURVE ( 'NONE', #5089, #2535, #9260, .T. ) ;
#9617 = LINE ( 'NONE', #542, #6126 ) ;
#9618 = VECTOR ( 'NONE', #7732, 1000.000000000000000 ) ;
#9619 = CARTESIAN_POINT ( 'NONE',  ( -15.16506350946115589, 50.26666049839542438, -6.651368438700165697 ) ) ;
#9620 = ADVANCED_FACE ( 'NONE', ( #8819 ), #5796, .F. ) ;
#9621 = CARTESIAN_POINT ( 'NONE',  ( -10.00000000000000000, 28.99999999999999289, 7.500000000000000000 ) ) ;
#9622 = EDGE_LOOP ( 'NONE', ( #8543, #9104, #9626, #9270 ) ) ;
#9623 = AXIS2_PLACEMENT_3D ( 'NONE', #6831, #8483, #1670 ) ;
#9624 = DIRECTION ( 'NONE',  ( 0.5000000000000025535, -0.8660254037844372643, 0.000000000000000000 ) ) ;
#9625 = ORIENTED_EDGE ( 'NONE', *, *, #1118, .F. ) ;
#9626 = ORIENTED_EDGE ( 'NONE', *, *, #6169, .T. ) ;
#9627 = EDGE_CURVE ( 'NONE', #9864, #2535, #9511, .T. ) ;
#9628 = EDGE_CURVE ( 'NONE', #1499, #9203, #6402, .T. ) ;
#9629 = CARTESIAN_POINT ( 'NONE',  ( -17.40192378864691847, 65.14101615137786894, -15.55563491861047432 ) ) ;
#9630 = CARTESIAN_POINT ( 'NONE',  ( -18.86672955930068341, 51.47813416937027853, 11.67431578064991093 ) ) ;
#9631 = AXIS2_PLACEMENT_3D ( 'NONE', #2466, #3361, #1759 ) ;
#9632 = CIRCLE ( 'NONE', #7731, 1.100000000000116218 ) ;
#9633 = PRESENTATION_LAYER_ASSIGNMENT (  '', '', ( #9471 ) ) ;
#9634 = CARTESIAN_POINT ( 'NONE',  ( 0.6489549584161027340, -7.814934978072481719, 7.757647408952239587 ) ) ;
#9635 = FACE_BOUND ( 'NONE', #2555, .T. ) ;
#9636 = VERTEX_POINT ( 'NONE', #2646 ) ;
#9637 = CARTESIAN_POINT ( 'NONE',  ( 0.5234873241364299545, -9.571169223682973737, -7.687179695709711602 ) ) ;
#9638 = ORIENTED_EDGE ( 'NONE', *, *, #6363, .F. ) ;
#9639 = ORIENTED_EDGE ( 'NONE', *, *, #1661, .T. ) ;
#9640 = VECTOR ( 'NONE', #5541, 1000.000000000000000 ) ;
#9641 = AXIS2_PLACEMENT_3D ( 'NONE', #8196, #5645, #1790 ) ;
#9642 = CARTESIAN_POINT ( 'NONE',  ( -11.51217782649094978, 34.93967690125013803, -14.00000000000000000 ) ) ;
#9643 = EDGE_CURVE ( 'NONE', #4958, #3356, #3343, .T. ) ;
#9644 = DIRECTION ( 'NONE',  ( -0.000000000000000000, 1.000000000000000000, -1.087600925377308960E-16 ) ) ;
#9645 = CARTESIAN_POINT ( 'NONE',  ( -21.55871685740848420, 57.14079294302302969, 11.74130307875772061 ) ) ;
#9646 = AXIS2_PLACEMENT_3D ( 'NONE', #3408, #6468, #396 ) ;
#9647 = FACE_OUTER_BOUND ( 'NONE', #9097, .T. ) ;
#9648 = ORIENTED_EDGE ( 'NONE', *, *, #3473, .T. ) ;
#9649 = PLANE ( 'NONE',  #9748 ) ;
#9650 = LINE ( 'NONE', #3328, #6448 ) ;
#9651 = CARTESIAN_POINT ( 'NONE',  ( -8.864981809533004409, 39.35459890228500512, -10.70919780457004578 ) ) ;
#9652 = EDGE_CURVE ( 'NONE', #7108, #8653, #2354, .T. ) ;
#9653 = DIRECTION ( 'NONE',  ( -0.8660254037844379305, -0.5000000000000013323, 0.000000000000000000 ) ) ;
#9654 = VECTOR ( 'NONE', #945, 1000.000000000000000 ) ;
#9655 = CARTESIAN_POINT ( 'NONE',  ( -3.000000000000000000, 11.94999999999999574, -8.500000000000000000 ) ) ;
#9656 = LINE ( 'NONE', #8068, #8111 ) ;
#9657 = ORIENTED_EDGE ( 'NONE', *, *, #5736, .T. ) ;
#9658 = VERTEX_POINT ( 'NONE', #9562 ) ;
#9659 = DIRECTION ( 'NONE',  ( 0.5773502691896280625, 0.5773502691896206240, -0.5773502691896286176 ) ) ;
#9660 = FACE_OUTER_BOUND ( 'NONE', #7640, .T. ) ;
#9661 = EDGE_LOOP ( 'NONE', ( #4258, #9861, #4875, #894 ) ) ;
#9662 = LINE ( 'NONE', #1378, #2195 ) ;
#9663 = DIRECTION ( 'NONE',  ( 0.8660254037844379305, 0.5000000000000013323, 0.000000000000000000 ) ) ;
#9664 = ORIENTED_EDGE ( 'NONE', *, *, #9670, .F. ) ;
#9665 = AXIS2_PLACEMENT_3D ( 'NONE', #8304, #9712, #9052 ) ;
#9666 = ORIENTED_EDGE ( 'NONE', *, *, #8205, .F. ) ;
#9667 = CARTESIAN_POINT ( 'NONE',  ( -16.61672955930069051, 47.58101985234031872, -22.50000000000000000 ) ) ;
#9668 = FACE_OUTER_BOUND ( 'NONE', #901, .T. ) ;
#9669 = DIRECTION ( 'NONE',  ( 0.000000000000000000, 0.8944271909999162995, 0.4472135954999570950 ) ) ;
#9670 = EDGE_CURVE ( 'NONE', #1947, #8306, #9459, .T. ) ;
#9671 = LINE ( 'NONE', #2851, #8307 ) ;
#9672 = ORIENTED_EDGE ( 'NONE', *, *, #5428, .F. ) ;
#9673 = ORIENTED_EDGE ( 'NONE', *, *, #5856, .T. ) ;
#9674 = FACE_OUTER_BOUND ( 'NONE', #5017, .T. ) ;
#9675 = ORIENTED_EDGE ( 'NONE', *, *, #5638, .T. ) ;
#9676 = ADVANCED_FACE ( 'NONE', ( #7166 ), #5694, .T. ) ;
#9677 = CARTESIAN_POINT ( 'NONE',  ( 8.573651497465990090, 4.950000000000048139, 1.211466492421653354E-14 ) ) ;
#9678 = PLANE ( 'NONE',  #8899 ) ;
#9679 = DIRECTION ( 'NONE',  ( -0.000000000000000000, 1.000000000000000000, -2.040851148208007752E-16 ) ) ;
#9680 = EDGE_CURVE ( 'NONE', #8726, #7186, #7219, .T. ) ;
#9681 = ADVANCED_FACE ( 'NONE', ( #1935 ), #1252, .F. ) ;
#9682 = VECTOR ( 'NONE', #7848, 1000.000000000000000 ) ;
#9683 = LINE ( 'NONE', #2716, #1258 ) ;
#9684 = CARTESIAN_POINT ( 'NONE',  ( -29.56217782649112635, -21.22128729280736792, 3.724076359315471318 ) ) ;
#9685 = VERTEX_POINT ( 'NONE', #337 ) ;
#9686 = CARTESIAN_POINT ( 'NONE',  ( 1.019677612558343327, -12.04643066140787155, -9.553710141661715838 ) ) ;
#9687 = ORIENTED_EDGE ( 'NONE', *, *, #5609, .F. ) ;
#9688 = CARTESIAN_POINT ( 'NONE',  ( -15.01217782649111676, 41.00185472774148110, -10.50000000000000000 ) ) ;
#9689 = DIRECTION ( 'NONE',  ( 0.000000000000000000, -1.000000000000000000, 0.000000000000000000 ) ) ;
#9690 = DIRECTION ( 'NONE',  ( 0.8660254037844380415, 0.5000000000000012212, -0.000000000000000000 ) ) ;
#9691 = EDGE_CURVE ( 'NONE', #8352, #6562, #9611, .T. ) ;
#9692 = CARTESIAN_POINT ( 'NONE',  ( -15.96672955930068483, 46.45518682742054750, 11.67431578064991804 ) ) ;
#9693 = LINE ( 'NONE', #3526, #4153 ) ;
#9694 = VECTOR ( 'NONE', #955, 999.9999999999998863 ) ;
#9695 = DIRECTION ( 'NONE',  ( 0.000000000000000000, 0.7660444431189771253, -0.6427876096865403621 ) ) ;
#9696 = CARTESIAN_POINT ( 'NONE',  ( -21.73205080756902419, 62.64101615137768420, -11.51739384248461739 ) ) ;
#9697 = LINE ( 'NONE', #2962, #701 ) ;
#9698 = AXIS2_PLACEMENT_3D ( 'NONE', #1832, #1880, #1085 ) ;
#9699 = DIRECTION ( 'NONE',  ( 0.8660254037844379305, 0.5000000000000014433, -1.730666417745208766E-15 ) ) ;
#9700 = ORIENTED_EDGE ( 'NONE', *, *, #7183, .F. ) ;
#9701 = EDGE_CURVE ( 'NONE', #3574, #4860, #2835, .T. ) ;
#9702 = ADVANCED_FACE ( 'NONE', ( #8020 ), #4248, .T. ) ;
#9703 = DIRECTION ( 'NONE',  ( 1.000000000000000000, 0.000000000000000000, 0.000000000000000000 ) ) ;
#9704 = CARTESIAN_POINT ( 'NONE',  ( -1.800000000000000044, 15.44999999999999574, 8.149999999999996803 ) ) ;
#9705 = DIRECTION ( 'NONE',  ( 1.000000000000000000, -1.156482317317871478E-16, -2.767140724694304984E-32 ) ) ;
#9706 = CARTESIAN_POINT ( 'NONE',  ( -1.800000000000000044, 15.44999999999999574, 12.34999999999999964 ) ) ;
#9707 = DIRECTION ( 'NONE',  ( 0.5000000000000013323, -0.8660254037844379305, -6.987509761568142144E-16 ) ) ;
#9708 = ORIENTED_EDGE ( 'NONE', *, *, #3559, .T. ) ;
#9709 = VECTOR ( 'NONE', #5268, 1000.000000000000114 ) ;
#9710 = VERTEX_POINT ( 'NONE', #3445 ) ;
#9711 = CARTESIAN_POINT ( 'NONE',  ( 0.2332932259230125482, -6.000000000000004441, -5.738897500689285280 ) ) ;
#9712 = DIRECTION ( 'NONE',  ( -0.8660254037844380415, -0.5000000000000011102, -0.000000000000000000 ) ) ;
#9713 = DIRECTION ( 'NONE',  ( -1.000000000000000000, 1.156482317317871478E-16, 0.000000000000000000 ) ) ;
#9714 = AXIS2_PLACEMENT_3D ( 'NONE', #2066, #9690, #2208 ) ;
#9715 = ORIENTED_EDGE ( 'NONE', *, *, #308, .F. ) ;
#9716 = DIRECTION ( 'NONE',  ( -0.8660254037844379305, -0.5000000000000012212, 0.000000000000000000 ) ) ;
#9717 = DIRECTION ( 'NONE',  ( 0.3535533905932743415, -0.6123724356957916948, 0.7071067811865496822 ) ) ;
#9718 = CARTESIAN_POINT ( 'NONE',  ( -19.86217782649111285, 49.40230114445050447, -10.00000000000000000 ) ) ;
#9719 = DIRECTION ( 'NONE',  ( 0.000000000000000000, 0.000000000000000000, 1.000000000000000000 ) ) ;
#9720 = ORIENTED_EDGE ( 'NONE', *, *, #30, .T. ) ;
#9721 = ADVANCED_FACE ( 'NONE', ( #1244 ), #4896, .T. ) ;
#9722 = LINE ( 'NONE', #3462, #6152 ) ;
#9723 = VECTOR ( 'NONE', #8345, 1000.000000000000000 ) ;
#9724 = DIRECTION ( 'NONE',  ( 0.8660254037844378194, 0.5000000000000013323, -0.000000000000000000 ) ) ;
#9725 = EDGE_LOOP ( 'NONE', ( #4566, #1723, #9035, #1929 ) ) ;
#9726 = ORIENTED_EDGE ( 'NONE', *, *, #4230, .F. ) ;
#9727 = VERTEX_POINT ( 'NONE', #7115 ) ;
#9728 = DIRECTION ( 'NONE',  ( 0.000000000000000000, 0.000000000000000000, -1.000000000000000000 ) ) ;
#9729 = LINE ( 'NONE', #7455, #1773 ) ;
#9730 = AXIS2_PLACEMENT_3D ( 'NONE', #7945, #1167, #8845 ) ;
#9731 = EDGE_CURVE ( 'NONE', #6042, #300, #6360, .T. ) ;
#9732 = EDGE_CURVE ( 'NONE', #5594, #6906, #9407, .T. ) ;
#9733 = APPLICATION_CONTEXT ( 'automotive_design' ) ;
#9734 = DIRECTION ( 'NONE',  ( 0.4330127018922205195, -0.7499999999999993339, 0.4999999999999998890 ) ) ;
#9735 = ORIENTED_EDGE ( 'NONE', *, *, #9627, .F. ) ;
#9736 = CARTESIAN_POINT ( 'NONE',  ( -14.58164895966814889, 18.27187997114844720, 24.49999999999996447 ) ) ;
#9737 = VECTOR ( 'NONE', #1349, 1000.000000000000114 ) ;
#9738 = CARTESIAN_POINT ( 'NONE',  ( -15.96672955930068483, 46.45518682742054750, 8.325684219350083737 ) ) ;
#9739 = CARTESIAN_POINT ( 'NONE',  ( -23.43371685740849841, 60.38838820721468181, 14.00000000000000711 ) ) ;
#9740 = LINE ( 'NONE', #2730, #2435 ) ;
#9741 = ADVANCED_FACE ( 'NONE', ( #5592, #8659 ), #1794, .T. ) ;
#9742 = CARTESIAN_POINT ( 'NONE',  ( -20.48371685740848136, 55.27883832488648608, -10.49999999999999822 ) ) ;
#9743 = EDGE_LOOP ( 'NONE', ( #6772, #731, #7014, #8595 ) ) ;
#9744 = DIRECTION ( 'NONE',  ( -0.4330127018922206861, 0.7499999999999996669, -0.4999999999999991118 ) ) ;
#9745 = ORIENTED_EDGE ( 'NONE', *, *, #8943, .F. ) ;
#9746 = DIRECTION ( 'NONE',  ( 0.5000000000000023315, -0.8660254037844374864, 0.000000000000000000 ) ) ;
#9747 = CARTESIAN_POINT ( 'NONE',  ( 0.000000000000000000, -20.22618607028266524, 22.63112766828408340 ) ) ;
#9748 = AXIS2_PLACEMENT_3D ( 'NONE', #2780, #5873, #6683 ) ;
#9749 = FACE_OUTER_BOUND ( 'NONE', #6516, .T. ) ;
#9750 = VERTEX_POINT ( 'NONE', #9706 ) ;
#9751 = EDGE_LOOP ( 'NONE', ( #9127, #7687, #3244 ) ) ;
#9752 = DIRECTION ( 'NONE',  ( -1.000000000000000000, 0.000000000000000000, 0.000000000000000000 ) ) ;
#9753 = LINE ( 'NONE', #540, #159 ) ;
#9754 = EDGE_CURVE ( 'NONE', #4695, #7526, #2888, .T. ) ;
#9755 = EDGE_CURVE ( 'NONE', #4864, #6219, #9076, .T. ) ;
#9756 = DIRECTION ( 'NONE',  ( -1.000000000000000000, -0.000000000000000000, -0.000000000000000000 ) ) ;
#9757 = CARTESIAN_POINT ( 'NONE',  ( -3.000000000000000000, -17.30000000000000426, -4.596194077712570270 ) ) ;
#9758 = ORIENTED_EDGE ( 'NONE', *, *, #4035, .T. ) ;
#9759 = AXIS2_PLACEMENT_3D ( 'NONE', #7601, #3961, #711 ) ;
#9760 = DIRECTION ( 'NONE',  ( 0.3535533905932810583, -0.6123724356958080151, -0.7071067811865321406 ) ) ;
#9761 = ORIENTED_EDGE ( 'NONE', *, *, #5931, .T. ) ;
#9762 = DIRECTION ( 'NONE',  ( -0.2500000000000003886, 0.4330127018922183546, 0.8660254037844391517 ) ) ;
#9763 = FACE_OUTER_BOUND ( 'NONE', #5195, .T. ) ;
#9764 = VERTEX_POINT ( 'NONE', #6797 ) ;
#9765 = AXIS2_PLACEMENT_3D ( 'NONE', #3088, #9347, #7667 ) ;
#9766 = LINE ( 'NONE', #5950, #7816 ) ;
#9767 = EDGE_CURVE ( 'NONE', #5821, #203, #8165, .T. ) ;
#9768 = CARTESIAN_POINT ( 'NONE',  ( -2.020725942163672073, 18.49999999999999289, -1.499999999999928502 ) ) ;
#9769 = CYLINDRICAL_SURFACE ( 'NONE', #2166, 1.000000000000000888 ) ;
#9770 = CIRCLE ( 'NONE', #4823, 1.000000000000000888 ) ;
#9771 = VECTOR ( 'NONE', #3625, 1000.000000000000000 ) ;
#9772 = VECTOR ( 'NONE', #2330, 1000.000000000000000 ) ;
#9773 = CARTESIAN_POINT ( 'NONE',  ( -13.71506350946114416, 47.75518682742054466, -24.17431578064990916 ) ) ;
#9774 = ORIENTED_EDGE ( 'NONE', *, *, #7636, .F. ) ;
#9775 = VERTEX_POINT ( 'NONE', #9842 ) ;
#9776 = EDGE_LOOP ( 'NONE', ( #2187, #9376, #3341, #9664 ) ) ;
#9777 = CARTESIAN_POINT ( 'NONE',  ( -17.41672955930069122, 48.96666049839542723, -19.15136843870016747 ) ) ;
#9778 = VECTOR ( 'NONE', #469, 1000.000000000000000 ) ;
#9779 = VECTOR ( 'NONE', #2063, 1000.000000000000000 ) ;
#9780 = LINE ( 'NONE', #6060, #2746 ) ;
#9781 = FACE_OUTER_BOUND ( 'NONE', #9794, .T. ) ;
#9782 = CARTESIAN_POINT ( 'NONE',  ( -15.95108655614371074, 42.62809235116973383, -11.27781745930520074 ) ) ;
#9783 = VECTOR ( 'NONE', #6100, 1000.000000000000114 ) ;
#9784 = VECTOR ( 'NONE', #7358, 1000.000000000000000 ) ;
#9785 = EDGE_CURVE ( 'NONE', #942, #2093, #6744, .T. ) ;
#9786 = DIRECTION ( 'NONE',  ( -1.000000000000000000, -0.000000000000000000, 0.000000000000000000 ) ) ;
#9787 = CARTESIAN_POINT ( 'NONE',  ( -15.16506350946115056, 50.26666049839541728, 25.84863156129981832 ) ) ;
#9788 = CYLINDRICAL_SURFACE ( 'NONE', #9139, 1.599999999999998979 ) ;
#9789 = VECTOR ( 'NONE', #9039, 1000.000000000000000 ) ;
#9790 = DIRECTION ( 'NONE',  ( 0.5000000000000004441, -0.8660254037844384856, 0.000000000000000000 ) ) ;
#9791 = VERTEX_POINT ( 'NONE', #4388 ) ;
#9792 = CARTESIAN_POINT ( 'NONE',  ( -3.000000000000000000, -22.24974746830583783, -4.949747468305832676 ) ) ;
#9793 = CARTESIAN_POINT ( 'NONE',  ( -1.847917437700566046, 27.20068689028987663, 11.40137378057975859 ) ) ;
#9794 = EDGE_LOOP ( 'NONE', ( #116, #2150, #784, #6140 ) ) ;
#9795 = EDGE_CURVE ( 'NONE', #3092, #9300, #4490, .T. ) ;
#9796 = ADVANCED_FACE ( 'NONE', ( #2978 ), #1294, .F. ) ;
#9797 = DIRECTION ( 'NONE',  ( 0.000000000000000000, 0.7660444431189771253, -0.6427876096865403621 ) ) ;
#9798 = VERTEX_POINT ( 'NONE', #6696 ) ;
#9799 = CARTESIAN_POINT ( 'NONE',  ( -17.15705080756893963, 54.71688370674995383, 9.258696921242329125 ) ) ;
#9800 = VERTEX_POINT ( 'NONE', #3635 ) ;
#9801 = CARTESIAN_POINT ( 'NONE',  ( -15.96672955930068483, 46.45518682742054750, -11.67431578064991804 ) ) ;
#9802 = LINE ( 'NONE', #9100, #4011 ) ;
#9803 = VERTEX_POINT ( 'NONE', #6601 ) ;
#9804 = DIRECTION ( 'NONE',  ( 0.3535533905932340404, -0.6123724356957220838, 0.7071067811866299513 ) ) ;
#9805 = DIRECTION ( 'NONE',  ( 0.000000000000000000, 0.8944271909999157444, -0.4472135954999579277 ) ) ;
#9806 = CARTESIAN_POINT ( 'NONE',  ( -16.85104413435144011, 47.98686460128214293, -11.13137084989847914 ) ) ;
#9807 = VERTEX_POINT ( 'NONE', #9801 ) ;
#9808 = EDGE_CURVE ( 'NONE', #1028, #4786, #8918, .T. ) ;
#9809 = LINE ( 'NONE', #6659, #7030 ) ;
#9810 = AXIS2_PLACEMENT_3D ( 'NONE', #1491, #2844, #3595 ) ;
#9811 = CARTESIAN_POINT ( 'NONE',  ( -22.16506350946123405, 62.39101615137766998, 16.48260615751542346 ) ) ;
#9812 = VERTEX_POINT ( 'NONE', #1427 ) ;
#9813 = CARTESIAN_POINT ( 'NONE',  ( -29.56217782649113346, 66.20319397786859383, 12.50000000000000000 ) ) ;
#9814 = ORIENTED_EDGE ( 'NONE', *, *, #6922, .F. ) ;
#9815 = CARTESIAN_POINT ( 'NONE',  ( -1.800000000000000044, 15.44999999999999751, -10.24999999999999467 ) ) ;
#9816 = CARTESIAN_POINT ( 'NONE',  ( -3.401923788647497560, 40.89230484541464961, -15.55563491861046188 ) ) ;
#9817 = VERTEX_POINT ( 'NONE', #5885 ) ;
#9818 = DIRECTION ( 'NONE',  ( -0.4330127018922206306, 0.7499999999999996669, -0.4999999999999992784 ) ) ;
#9819 = EDGE_CURVE ( 'NONE', #5368, #5234, #5933, .T. ) ;
#9820 = DIRECTION ( 'NONE',  ( 1.000000000000000000, 0.000000000000000000, 0.000000000000000000 ) ) ;
#9821 = ORIENTED_EDGE ( 'NONE', *, *, #928, .F. ) ;
#9822 = ORIENTED_EDGE ( 'NONE', *, *, #4572, .F. ) ;
#9823 = DIRECTION ( 'NONE',  ( -0.8660254037844379305, -0.5000000000000012212, 0.000000000000000000 ) ) ;
#9824 = CARTESIAN_POINT ( 'NONE',  ( -12.40871685740845187, 41.29252805376780344, -9.258696921242300704 ) ) ;
#9825 = ORIENTED_EDGE ( 'NONE', *, *, #6168, .F. ) ;
#9826 = CYLINDRICAL_SURFACE ( 'NONE', #9714, 1.599999999999990763 ) ;
#9827 = DIRECTION ( 'NONE',  ( -0.2500000000000011102, 0.4330127018922196869, 0.8660254037844382635 ) ) ;
#9828 = ORIENTED_EDGE ( 'NONE', *, *, #3191, .F. ) ;
#9829 = FACE_OUTER_BOUND ( 'NONE', #7541, .T. ) ;
#9830 = CARTESIAN_POINT ( 'NONE',  ( -15.58164895966815777, 20.00393077871733283, 26.49999999999999645 ) ) ;
#9831 = LINE ( 'NONE', #9651, #2582 ) ;
#9832 = VERTEX_POINT ( 'NONE', #4343 ) ;
#9833 = DIRECTION ( 'NONE',  ( 1.000000000000000000, -0.000000000000000000, -0.000000000000000000 ) ) ;
#9834 = ADVANCED_FACE ( 'NONE', ( #8350, #5839 ), #5227, .T. ) ;
#9835 = DIRECTION ( 'NONE',  ( -1.000000000000000000, -0.000000000000000000, -0.000000000000000000 ) ) ;
#9836 = ORIENTED_EDGE ( 'NONE', *, *, #4401, .T. ) ;
#9837 = EDGE_CURVE ( 'NONE', #2318, #1899, #5085, .T. ) ;
#9838 = ORIENTED_EDGE ( 'NONE', *, *, #5571, .T. ) ;
#9839 = CARTESIAN_POINT ( 'NONE',  ( 2.000000000000005329, -17.30000000000000426, -1.016456843292302834E-15 ) ) ;
#9840 = ORIENTED_EDGE ( 'NONE', *, *, #6314, .T. ) ;
#9841 = ORIENTED_EDGE ( 'NONE', *, *, #7121, .F. ) ;
#9842 = CARTESIAN_POINT ( 'NONE',  ( -16.61672955930068696, 47.58101985234031872, -10.00000000000000000 ) ) ;
#9843 = CARTESIAN_POINT ( 'NONE',  ( 10.00000000000000178, -9.000000000000003553, -11.94705627484770716 ) ) ;
#9844 = ORIENTED_EDGE ( 'NONE', *, *, #5731, .F. ) ;
#9845 = FACE_OUTER_BOUND ( 'NONE', #2789, .T. ) ;
#9846 = LINE ( 'NONE', #4391, #5119 ) ;
#9847 = CIRCLE ( 'NONE', #9215, 1.599999999999990763 ) ;
#9848 = FACE_OUTER_BOUND ( 'NONE', #9905, .T. ) ;
#9849 = EDGE_CURVE ( 'NONE', #2527, #9727, #9240, .T. ) ;
#9850 = ADVANCED_FACE ( 'NONE', ( #3590 ), #3735, .F. ) ;
#9851 = DIRECTION ( 'NONE',  ( -0.9659258262890690894, 0.2588190451025179084, 0.000000000000000000 ) ) ;
#9852 = VERTEX_POINT ( 'NONE', #5173 ) ;
#9853 = EDGE_CURVE ( 'NONE', #1574, #8516, #2086, .T. ) ;
#9854 = ORIENTED_EDGE ( 'NONE', *, *, #4229, .F. ) ;
#9855 = VECTOR ( 'NONE', #5382, 1000.000000000000000 ) ;
#9856 = DIRECTION ( 'NONE',  ( 1.000000000000000000, -0.000000000000000000, -0.000000000000000000 ) ) ;
#9857 = ORIENTED_EDGE ( 'NONE', *, *, #4783, .T. ) ;
#9858 = EDGE_LOOP ( 'NONE', ( #5658, #5186, #907, #3541, #6221, #6704, #9080, #3801, #3368 ) ) ;
#9859 = DIRECTION ( 'NONE',  ( 0.3535533905932823351, -0.6123724356958072379, -0.7071067811865322517 ) ) ;
#9860 = DIRECTION ( 'NONE',  ( 0.000000000000000000, 0.000000000000000000, -1.000000000000000000 ) ) ;
#9861 = ORIENTED_EDGE ( 'NONE', *, *, #420, .T. ) ;
#9862 = CARTESIAN_POINT ( 'NONE',  ( -9.526279441628826561, 23.50000000000000711, -12.50000000000000000 ) ) ;
#9863 = LINE ( 'NONE', #2102, #2590 ) ;
#9864 = VERTEX_POINT ( 'NONE', #3543 ) ;
#9865 = EDGE_CURVE ( 'NONE', #5436, #9764, #9662, .T. ) ;
#9866 = AXIS2_PLACEMENT_3D ( 'NONE', #3676, #5219, #9144 ) ;
#9867 = CARTESIAN_POINT ( 'NONE',  ( -22.90871685740854957, 59.47906153324112211, 15.24130307875772772 ) ) ;
#9868 = PLANE ( 'NONE',  #2206 ) ;
#9869 = ORIENTED_EDGE ( 'NONE', *, *, #6702, .T. ) ;
#9870 = AXIS2_PLACEMENT_3D ( 'NONE', #6726, #1408, #661 ) ;
#9871 = ORIENTED_EDGE ( 'NONE', *, *, #9615, .F. ) ;
#9872 = DIRECTION ( 'NONE',  ( -0.5000000000000013323, 0.8660254037844378194, -0.000000000000000000 ) ) ;
#9873 = CARTESIAN_POINT ( 'NONE',  ( -19.62786325144034905, 48.99645639550868736, 21.36862915010152619 ) ) ;
#9874 = EDGE_CURVE ( 'NONE', #1308, #4259, #4600, .T. ) ;
#9875 = EDGE_CURVE ( 'NONE', #8423, #776, #6898, .T. ) ;
#9876 = DIRECTION ( 'NONE',  ( -0.3535533905932726761, 0.6123724356957908066, 0.7071067811865513475 ) ) ;
#9877 = CIRCLE ( 'NONE', #8136, 2.100000000000000977 ) ;
#9878 = VECTOR ( 'NONE', #5376, 1000.000000000000000 ) ;
#9879 = DIRECTION ( 'NONE',  ( 0.5000000000000013323, -0.8660254037844378194, 0.000000000000000000 ) ) ;
#9880 = CARTESIAN_POINT ( 'NONE',  ( -13.00000000000004086, 51.51666049839542438, 10.00000000000000000 ) ) ;
#9881 = LINE ( 'NONE', #6066, #5081 ) ;
#9882 = DIRECTION ( 'NONE',  ( 0.5000000000000012212, -0.8660254037844380415, -0.000000000000000000 ) ) ;
#9883 = ORIENTED_EDGE ( 'NONE', *, *, #4460, .F. ) ;
#9884 = DIRECTION ( 'NONE',  ( -0.8660254037844379305, -0.5000000000000013323, 0.000000000000000000 ) ) ;
#9885 = VECTOR ( 'NONE', #4514, 1000.000000000000000 ) ;
#9886 = ORIENTED_EDGE ( 'NONE', *, *, #1303, .T. ) ;
#9887 = AXIS2_PLACEMENT_3D ( 'NONE', #5738, #1933, #4992 ) ;
#9888 = CARTESIAN_POINT ( 'NONE',  ( -21.03371685740847497, 56.23146626904936340, -10.49999999999999822 ) ) ;
#9889 = EDGE_CURVE ( 'NONE', #6880, #7422, #2431, .T. ) ;
#9890 = CARTESIAN_POINT ( 'NONE',  ( -13.48371685740846715, 43.15448267190438969, 8.944365081389596739 ) ) ;
#9891 = ORIENTED_EDGE ( 'NONE', *, *, #403, .F. ) ;
#9892 = AXIS2_PLACEMENT_3D ( 'NONE', #855, #5350, #1750 ) ;
#9893 = FACE_OUTER_BOUND ( 'NONE', #9622, .T. ) ;
#9894 = EDGE_LOOP ( 'NONE', ( #4263, #298, #9199, #3110 ) ) ;
#9895 = ORIENTED_EDGE ( 'NONE', *, *, #188, .F. ) ;
#9896 = CARTESIAN_POINT ( 'NONE',  ( -7.000000000000000000, -25.00000000000000000, -11.00000000000000711 ) ) ;
#9897 = CARTESIAN_POINT ( 'NONE',  ( -9.983716857409099532, 37.09230484541443218, 12.44436508138943509 ) ) ;
#9898 = EDGE_CURVE ( 'NONE', #7041, #1499, #7766, .T. ) ;
#9899 = ORIENTED_EDGE ( 'NONE', *, *, #5637, .F. ) ;
#9900 = VECTOR ( 'NONE', #638, 1000.000000000000000 ) ;
#9901 = ORIENTED_EDGE ( 'NONE', *, *, #9819, .F. ) ;
#9902 = CARTESIAN_POINT ( 'NONE',  ( -23.24006350946124044, 64.25297076951420649, 15.24130307875773127 ) ) ;
#9903 = DIRECTION ( 'NONE',  ( -0.3535533905932737864, 0.6123724356957926940, -0.7071067811865491270 ) ) ;
#9904 = VERTEX_POINT ( 'NONE', #1581 ) ;
#9905 = EDGE_LOOP ( 'NONE', ( #9666, #8500, #5212, #4067 ) ) ;
#9906 = VECTOR ( 'NONE', #6856, 1000.000000000000000 ) ;
#9907 = CARTESIAN_POINT ( 'NONE',  ( -1.800000000000000044, -9.000000000000005329, 8.150000000000000355 ) ) ;
#9908 = ORIENTED_EDGE ( 'NONE', *, *, #1388, .T. ) ;
#9909 = EDGE_LOOP ( 'NONE', ( #932, #6925, #5689, #7613 ) ) ;
#9910 = FACE_OUTER_BOUND ( 'NONE', #2428, .T. ) ;
#9911 = DIRECTION ( 'NONE',  ( 0.8660254037844378194, 0.5000000000000013323, -0.000000000000000000 ) ) ;
#9912 = DIRECTION ( 'NONE',  ( 0.8660254037844378194, 0.5000000000000015543, -2.435752736085848980E-15 ) ) ;
#9913 = ADVANCED_FACE ( 'NONE', ( #8494 ), #3782, .F. ) ;
#9914 = VERTEX_POINT ( 'NONE', #8549 ) ;
#9915 = DIRECTION ( 'NONE',  ( -0.8660254037844380415, -0.5000000000000009992, -0.000000000000000000 ) ) ;
#9916 = EDGE_CURVE ( 'NONE', #5454, #6843, #6, .T. ) ;
#9917 = LINE ( 'NONE', #9816, #9783 ) ;
#9918 = AXIS2_PLACEMENT_3D ( 'NONE', #4541, #6226, #3937 ) ;
#9919 = DIRECTION ( 'NONE',  ( 0.000000000000000000, -0.8944271909999162995, -0.4472135954999570950 ) ) ;
#9920 = CARTESIAN_POINT ( 'NONE',  ( -7.732050807568833228, 38.39230484541315747, -11.51739384248461739 ) ) ;
#9921 = VERTEX_POINT ( 'NONE', #7718 ) ;
#9922 = AXIS2_PLACEMENT_3D ( 'NONE', #3357, #8086, #9624 ) ;
#9923 = EDGE_CURVE ( 'NONE', #6123, #6390, #4427, .T. ) ;
#9924 = EDGE_LOOP ( 'NONE', ( #8749, #5705, #4257, #1833 ) ) ;
#9925 = CARTESIAN_POINT ( 'NONE',  ( -16.61672955930068696, 47.58101985234031872, 10.00000000000000000 ) ) ;
#9926 = LINE ( 'NONE', #9183, #4024 ) ;
#9927 = DIRECTION ( 'NONE',  ( -0.8660254037844379305, -0.5000000000000011102, -5.981805089575213454E-17 ) ) ;
#9928 = VECTOR ( 'NONE', #5086, 1000.000000000000000 ) ;
#9929 = CARTESIAN_POINT ( 'NONE',  ( -51.47215953124189269, 8.949201505532755618, -11.00000000000000000 ) ) ;
#9930 = LINE ( 'NONE', #6118, #7021 ) ;
#9931 = ORIENTED_EDGE ( 'NONE', *, *, #3424, .F. ) ;
#9932 = EDGE_CURVE ( 'NONE', #2877, #788, #161, .T. ) ;
#9933 = CIRCLE ( 'NONE', #1623, 3.250000000000000000 ) ;
#9934 = VECTOR ( 'NONE', #8201, 1000.000000000000000 ) ;
#9935 = CARTESIAN_POINT ( 'NONE',  ( -23.98371685740856307, 61.34101615137767993, 11.51739384248461739 ) ) ;
#9936 = AXIS2_PLACEMENT_3D ( 'NONE', #3990, #2281, #112 ) ;
#9937 = VERTEX_POINT ( 'NONE', #1681 ) ;
#9938 = DIRECTION ( 'NONE',  ( 0.8660254037844380415, 0.5000000000000012212, -0.000000000000000000 ) ) ;
#9939 = EDGE_LOOP ( 'NONE', ( #684, #147, #8617, #6794, #6065, #6036, #2973, #9473 ) ) ;
#9940 = CARTESIAN_POINT ( 'NONE',  ( -23.59480812775586500, 60.66740647211215531, 13.22218254069481169 ) ) ;
#9941 = AXIS2_PLACEMENT_3D ( 'NONE', #9629, #5763, #2763 ) ;
#9942 = AXIS2_PLACEMENT_3D ( 'NONE', #515, #2156, #9728 ) ;
#9943 = ORIENTED_EDGE ( 'NONE', *, *, #1165, .T. ) ;
#9944 = CARTESIAN_POINT ( 'NONE',  ( -20.48371685740849202, 55.27883832488650739, 8.017393842484619171 ) ) ;
ENDSEC;
END-ISO-10303-21;
