ISO-10303-21;
HEADER;
FILE_DESCRIPTION (( 'STEP AP214' ),
    '1' );
FILE_NAME ('RB9.01.062.011 Main frame (D6.1).STEP',
    '2026-09-18T15:13:39',
    ( '' ),
    ( '' ),
    'SwSTEP 2.0',
    'SolidWorks 2021',
    '' );
FILE_SCHEMA (( 'AUTOMOTIVE_DESIGN' ));
ENDSEC;

DATA;
#1 = CARTESIAN_POINT ( 'NONE',  ( -62.49999999999998579, -18.98042485753536823, 12.63164529836050320 ) ) ;
#2 = ADVANCED_FACE ( 'NONE', ( #7048 ), #2758, .T. ) ;
#3 = AXIS2_PLACEMENT_3D ( 'NONE', #7804, #4251, #2908 ) ;
#4 = EDGE_LOOP ( 'NONE', ( #7279, #3366, #808, #6793, #5503 ) ) ;
#5 = EDGE_CURVE ( 'NONE', #6055, #7183, #1490, .T. ) ;
#6 = ADVANCED_FACE ( 'NONE', ( #3891 ), #3931, .F. ) ;
#7 = ORIENTED_EDGE ( 'NONE', *, *, #7582, .T. ) ;
#8 = PLANE ( 'NONE',  #7379 ) ;
#9 = DIRECTION ( 'NONE',  ( -1.000000000000000000, 0.000000000000000000, 0.000000000000000000 ) ) ;
#10 = LINE ( 'NONE', #6731, #6362 ) ;
#11 = AXIS2_PLACEMENT_3D ( 'NONE', #880, #7372, #5561 ) ;
#12 = CARTESIAN_POINT ( 'NONE',  ( 58.60000000000000142, 10.39999999999997016, 15.99999999999999645 ) ) ;
#13 = EDGE_CURVE ( 'NONE', #3718, #2484, #870, .T. ) ;
#14 = VERTEX_POINT ( 'NONE', #7611 ) ;
#15 = ORIENTED_EDGE ( 'NONE', *, *, #5377, .F. ) ;
#16 = CARTESIAN_POINT ( 'NONE',  ( 54.00000000000000711, 0.000000000000000000, -2.000000000000000000 ) ) ;
#17 = EDGE_CURVE ( 'NONE', #6288, #6142, #5229, .T. ) ;
#18 = ORIENTED_EDGE ( 'NONE', *, *, #1251, .T. ) ;
#19 = CARTESIAN_POINT ( 'NONE',  ( -64.00000000000000000, -5.600668665453370387, 7.352952387243105292 ) ) ;
#20 = FACE_OUTER_BOUND ( 'NONE', #347, .T. ) ;
#21 = LINE ( 'NONE', #5369, #99 ) ;
#22 = CARTESIAN_POINT ( 'NONE',  ( 62.49999999999998579, -18.98042485753536823, 12.63164529836050320 ) ) ;
#23 = CARTESIAN_POINT ( 'NONE',  ( 58.00000000000000000, 5.779561752560283594, 8.020590477448820366 ) ) ;
#24 = CIRCLE ( 'NONE', #916, 5.600000000000000533 ) ;
#25 = CARTESIAN_POINT ( 'NONE',  ( -62.49999999999998579, 23.80803242245864126, 7.950000000000023270 ) ) ;
#26 = LINE ( 'NONE', #2426, #925 ) ;
#27 = EDGE_LOOP ( 'NONE', ( #7122, #2216, #1346, #4585 ) ) ;
#28 = AXIS2_PLACEMENT_3D ( 'NONE', #4679, #1673, #5987 ) ;
#29 = CARTESIAN_POINT ( 'NONE',  ( 62.99999999999998579, -15.99999999999995559, 7.950000000000023270 ) ) ;
#30 = VECTOR ( 'NONE', #3618, 1000.000000000000114 ) ;
#31 = ORIENTED_EDGE ( 'NONE', *, *, #4640, .T. ) ;
#32 = LINE ( 'NONE', #4838, #550 ) ;
#33 = DIRECTION ( 'NONE',  ( -0.000000000000000000, 0.03547722218375332776, 0.9993704852086259249 ) ) ;
#34 = LINE ( 'NONE', #4840, #6976 ) ;
#35 = EDGE_LOOP ( 'NONE', ( #5307, #5430, #1285, #5415 ) ) ;
#36 = DIRECTION ( 'NONE',  ( 0.000000000000000000, -1.000000000000000000, -1.837433013737340913E-16 ) ) ;
#37 = VERTEX_POINT ( 'NONE', #4008 ) ;
#38 = LINE ( 'NONE', #6079, #3906 ) ;
#39 = ORIENTED_EDGE ( 'NONE', *, *, #7578, .F. ) ;
#40 = DIRECTION ( 'NONE',  ( -0.000000000000000000, -0.000000000000000000, 1.000000000000000000 ) ) ;
#41 = ORIENTED_EDGE ( 'NONE', *, *, #1541, .T. ) ;
#42 = DIRECTION ( 'NONE',  ( 1.000000000000000000, 0.000000000000000000, -0.000000000000000000 ) ) ;
#43 = SURFACE_SIDE_STYLE ('',( #4257 ) ) ;
#44 = DIRECTION ( 'NONE',  ( -0.000000000000000000, -0.000000000000000000, 1.000000000000000000 ) ) ;
#45 = DIRECTION ( 'NONE',  ( -1.000000000000000000, 0.000000000000000000, -0.000000000000000000 ) ) ;
#46 = CARTESIAN_POINT ( 'NONE',  ( 58.60000000000000853, -12.99201543247748170, 13.40798456752249912 ) ) ;
#47 = CARTESIAN_POINT ( 'NONE',  ( 63.99999999999998579, 23.40000000000001279, 6.000000000000000000 ) ) ;
#48 = ADVANCED_FACE ( 'NONE', ( #2789 ), #3344, .F. ) ;
#49 = ADVANCED_FACE ( 'NONE', ( #7645 ), #2092, .F. ) ;
#50 = VERTEX_POINT ( 'NONE', #6835 ) ;
#51 = ORIENTED_EDGE ( 'NONE', *, *, #3607, .T. ) ;
#52 = DIRECTION ( 'NONE',  ( -1.000000000000000000, 0.000000000000000000, -0.000000000000000000 ) ) ;
#53 = AXIS2_PLACEMENT_3D ( 'NONE', #1439, #3842, #5627 ) ;
#54 = ORIENTED_EDGE ( 'NONE', *, *, #4678, .F. ) ;
#55 = CARTESIAN_POINT ( 'NONE',  ( -8.099999999999997868, 8.511903429903327378, -5.800000000000000711 ) ) ;
#56 = EDGE_CURVE ( 'NONE', #2533, #4569, #2751, .T. ) ;
#57 = CARTESIAN_POINT ( 'NONE',  ( -64.00000000000000000, -23.40000000000001279, -7.000000000000000000 ) ) ;
#58 = ORIENTED_EDGE ( 'NONE', *, *, #3356, .F. ) ;
#59 = DIRECTION ( 'NONE',  ( 0.000000000000000000, -0.000000000000000000, 1.000000000000000000 ) ) ;
#60 = CARTESIAN_POINT ( 'NONE',  ( -64.00000000000001421, 3.185854099730715649, 7.999999999999396039 ) ) ;
#61 = DIRECTION ( 'NONE',  ( -0.7071067811865471286, -2.044391222244497618E-16, -0.7071067811865479058 ) ) ;
#62 = ADVANCED_FACE ( 'NONE', ( #5035 ), #7488, .T. ) ;
#63 = AXIS2_PLACEMENT_3D ( 'NONE', #55, #4106, #528 ) ;
#64 = LINE ( 'NONE', #1239, #6506 ) ;
#65 = CARTESIAN_POINT ( 'NONE',  ( 47.99999999999999289, 12.00000000000000000, -2.000000000000000000 ) ) ;
#66 = CARTESIAN_POINT ( 'NONE',  ( 52.99999999999999289, 11.99999999999999822, -2.599999999999975664 ) ) ;
#67 = VECTOR ( 'NONE', #3637, 1000.000000000000000 ) ;
#68 = ORIENTED_EDGE ( 'NONE', *, *, #6938, .F. ) ;
#69 = AXIS2_PLACEMENT_3D ( 'NONE', #2740, #413, #4635 ) ;
#70 = CARTESIAN_POINT ( 'NONE',  ( 62.99999999999998579, 10.39999999999996838, 16.00000000000000000 ) ) ;
#71 = DIRECTION ( 'NONE',  ( 1.000000000000000000, 0.000000000000000000, 0.000000000000000000 ) ) ;
#72 = CYLINDRICAL_SURFACE ( 'NONE', #4328, 1.099999999999998535 ) ;
#73 = FACE_OUTER_BOUND ( 'NONE', #3416, .T. ) ;
#74 = ORIENTED_EDGE ( 'NONE', *, *, #720, .F. ) ;
#75 = ORIENTED_EDGE ( 'NONE', *, *, #5633, .F. ) ;
#76 = CARTESIAN_POINT ( 'NONE',  ( 14.58578643762690064, 35.50000000000000000, -2.600000000000031175 ) ) ;
#77 = CARTESIAN_POINT ( 'NONE',  ( -11.99999999999999467, -9.999999999999998224, -8.000000000000000000 ) ) ;
#78 = ORIENTED_EDGE ( 'NONE', *, *, #4865, .T. ) ;
#79 = AXIS2_PLACEMENT_3D ( 'NONE', #216, #2025, #1231 ) ;
#80 = CARTESIAN_POINT ( 'NONE',  ( 26.91421356237302831, 24.00000000000000000, -2.600000000000031175 ) ) ;
#81 = VERTEX_POINT ( 'NONE', #5902 ) ;
#82 = CARTESIAN_POINT ( 'NONE',  ( 63.99999999999998579, -5.600668665453391704, 7.352952387243099963 ) ) ;
#83 = ORIENTED_EDGE ( 'NONE', *, *, #5601, .F. ) ;
#84 = FACE_OUTER_BOUND ( 'NONE', #2486, .T. ) ;
#85 = SURFACE_STYLE_USAGE ( .BOTH. , #43 ) ;
#86 = DIRECTION ( 'NONE',  ( 0.7071067811865479058, 0.000000000000000000, -0.7071067811865471286 ) ) ;
#87 = DIRECTION ( 'NONE',  ( 0.7071067811865475727, 0.000000000000000000, -0.7071067811865475727 ) ) ;
#88 = LINE ( 'NONE', #5528, #4185 ) ;
#89 = CARTESIAN_POINT ( 'NONE',  ( 0.000000000000000000, 8.934653975957925098, 14.00000000000000000 ) ) ;
#90 = CARTESIAN_POINT ( 'NONE',  ( 62.49999999999998579, -15.99999999999995559, 7.950000000000023270 ) ) ;
#91 = ORIENTED_EDGE ( 'NONE', *, *, #1165, .T. ) ;
#92 = ORIENTED_EDGE ( 'NONE', *, *, #2515, .F. ) ;
#93 = CARTESIAN_POINT ( 'NONE',  ( 47.99999999999999289, 12.00000000000000000, -8.000000000000000000 ) ) ;
#94 = ORIENTED_EDGE ( 'NONE', *, *, #5301, .F. ) ;
#95 = CARTESIAN_POINT ( 'NONE',  ( 58.00000000000000000, -23.40000000000001279, 6.000000000000000000 ) ) ;
#96 = EDGE_CURVE ( 'NONE', #2451, #5283, #1166, .T. ) ;
#97 = FACE_OUTER_BOUND ( 'NONE', #7547, .T. ) ;
#98 = ORIENTED_EDGE ( 'NONE', *, *, #7276, .T. ) ;
#99 = VECTOR ( 'NONE', #7825, 1000.000000000000114 ) ;
#100 = CARTESIAN_POINT ( 'NONE',  ( -3.499999999999994227, -18.00000000000000000, -0.9999999999999892308 ) ) ;
#101 = CARTESIAN_POINT ( 'NONE',  ( 0.000000000000000000, 0.000000000000000000, -2.000000000000000000 ) ) ;
#102 = EDGE_CURVE ( 'NONE', #7471, #2516, #6584, .T. ) ;
#103 = CARTESIAN_POINT ( 'NONE',  ( -64.00000000000001421, 13.99999999999999822, 15.40000000000001101 ) ) ;
#104 = FACE_OUTER_BOUND ( 'NONE', #944, .T. ) ;
#105 = ORIENTED_EDGE ( 'NONE', *, *, #2974, .T. ) ;
#106 = EDGE_CURVE ( 'NONE', #3688, #4312, #4003, .T. ) ;
#107 = CARTESIAN_POINT ( 'NONE',  ( -63.50000000000002842, -8.310154176118016878, 15.89999999999997726 ) ) ;
#108 = EDGE_CURVE ( 'NONE', #2049, #3972, #2990, .T. ) ;
#109 = VECTOR ( 'NONE', #5979, 1000.000000000000114 ) ;
#110 = ADVANCED_FACE ( 'NONE', ( #7714 ), #1614, .F. ) ;
#111 = AXIS2_PLACEMENT_3D ( 'NONE', #3457, #7058, #7477 ) ;
#112 = DIRECTION ( 'NONE',  ( -0.000000000000000000, -0.000000000000000000, 1.000000000000000000 ) ) ;
#113 = DIRECTION ( 'NONE',  ( 0.000000000000000000, 0.000000000000000000, -1.000000000000000000 ) ) ;
#114 = VERTEX_POINT ( 'NONE', #3438 ) ;
#115 = VECTOR ( 'NONE', #636, 1000.000000000000000 ) ;
#116 = LINE ( 'NONE', #4911, #4952 ) ;
#117 = EDGE_LOOP ( 'NONE', ( #6717, #987, #7703, #5537 ) ) ;
#118 = ORIENTED_EDGE ( 'NONE', *, *, #2792, .F. ) ;
#119 = FACE_OUTER_BOUND ( 'NONE', #7709, .T. ) ;
#120 = ORIENTED_EDGE ( 'NONE', *, *, #2832, .T. ) ;
#121 = CYLINDRICAL_SURFACE ( 'NONE', #11, 10.00000000000000000 ) ;
#122 = VECTOR ( 'NONE', #6102, 1000.000000000000000 ) ;
#123 = ORIENTED_EDGE ( 'NONE', *, *, #3939, .F. ) ;
#124 = CARTESIAN_POINT ( 'NONE',  ( 58.00000000000000000, -23.99999999999998579, 15.39999999999999680 ) ) ;
#125 = ORIENTED_EDGE ( 'NONE', *, *, #2920, .F. ) ;
#126 = FACE_BOUND ( 'NONE', #3184, .T. ) ;
#127 = DIRECTION ( 'NONE',  ( 0.000000000000000000, 0.000000000000000000, 1.000000000000000000 ) ) ;
#128 = LINE ( 'NONE', #2521, #5535 ) ;
#129 = LINE ( 'NONE', #3034, #7395 ) ;
#130 = CARTESIAN_POINT ( 'NONE',  ( -58.50000000000001421, 8.310154176118146552, 15.90000000000002167 ) ) ;
#131 = DIRECTION ( 'NONE',  ( 0.000000000000000000, -0.000000000000000000, -1.000000000000000000 ) ) ;
#132 = VERTEX_POINT ( 'NONE', #4034 ) ;
#133 = LINE ( 'NONE', #3077, #5819 ) ;
#134 = ORIENTED_EDGE ( 'NONE', *, *, #6931, .F. ) ;
#135 = FACE_OUTER_BOUND ( 'NONE', #7617, .T. ) ;
#136 = ORIENTED_EDGE ( 'NONE', *, *, #6573, .F. ) ;
#137 = CARTESIAN_POINT ( 'NONE',  ( -64.00000000000001421, 3.185854099730715649, 7.999999999999396039 ) ) ;
#138 = CARTESIAN_POINT ( 'NONE',  ( 58.50000000000000711, -5.117705752308856049, 7.482361909794359001 ) ) ;
#139 = VERTEX_POINT ( 'NONE', #4672 ) ;
#140 = VECTOR ( 'NONE', #747, 1000.000000000000000 ) ;
#141 = DIRECTION ( 'NONE',  ( 1.000000000000000000, 0.000000000000000000, 0.000000000000000000 ) ) ;
#142 = CARTESIAN_POINT ( 'NONE',  ( -53.60000000000001563, -11.99999999999999822, -8.000000000000000000 ) ) ;
#143 = DIRECTION ( 'NONE',  ( 0.000000000000000000, -8.673617379884035472E-16, -1.000000000000000000 ) ) ;
#144 = ADVANCED_FACE ( 'NONE', ( #2270 ), #7110, .F. ) ;
#145 = CIRCLE ( 'NONE', #2525, 5.600000000000014744 ) ;
#146 = FACE_OUTER_BOUND ( 'NONE', #2569, .T. ) ;
#147 = DIRECTION ( 'NONE',  ( 0.000000000000000000, 0.000000000000000000, 1.000000000000000000 ) ) ;
#148 = VERTEX_POINT ( 'NONE', #22 ) ;
#149 = CARTESIAN_POINT ( 'NONE',  ( 17.99999999999998579, -12.00000000000000355, -2.599999999999975664 ) ) ;
#150 = VECTOR ( 'NONE', #2879, 1000.000000000000000 ) ;
#151 = EDGE_CURVE ( 'NONE', #724, #2980, #5410, .T. ) ;
#152 = EDGE_CURVE ( 'NONE', #4489, #1922, #494, .T. ) ;
#153 = DIRECTION ( 'NONE',  ( -0.000000000000000000, -1.000000000000000000, -0.000000000000000000 ) ) ;
#154 = FACE_BOUND ( 'NONE', #1218, .T. ) ;
#155 = AXIS2_PLACEMENT_3D ( 'NONE', #5829, #1054, #2309 ) ;
#156 = LINE ( 'NONE', #6116, #2813 ) ;
#157 = ORIENTED_EDGE ( 'NONE', *, *, #683, .T. ) ;
#158 = EDGE_LOOP ( 'NONE', ( #4092, #7654, #2872, #5445 ) ) ;
#159 = LINE ( 'NONE', #3771, #7118 ) ;
#160 = EDGE_CURVE ( 'NONE', #7376, #7636, #2304, .T. ) ;
#161 = DIRECTION ( 'NONE',  ( -1.000000000000000000, 0.000000000000000000, 0.000000000000000000 ) ) ;
#162 = AXIS2_PLACEMENT_3D ( 'NONE', #3881, #1440, #868 ) ;
#163 = EDGE_CURVE ( 'NONE', #254, #2314, #4072, .T. ) ;
#164 = VERTEX_POINT ( 'NONE', #2888 ) ;
#165 = FACE_OUTER_BOUND ( 'NONE', #5493, .T. ) ;
#166 = ORIENTED_EDGE ( 'NONE', *, *, #1968, .F. ) ;
#167 = DIRECTION ( 'NONE',  ( 1.000000000000000000, 0.000000000000000000, 0.000000000000000000 ) ) ;
#168 = FACE_OUTER_BOUND ( 'NONE', #3234, .T. ) ;
#169 = DIRECTION ( 'NONE',  ( -0.000000000000000000, -0.000000000000000000, 1.000000000000000000 ) ) ;
#170 = DIRECTION ( 'NONE',  ( 0.000000000000000000, -0.000000000000000000, -1.000000000000000000 ) ) ;
#171 = DIRECTION ( 'NONE',  ( 0.000000000000000000, -1.000000000000000000, 0.000000000000000000 ) ) ;
#172 = CARTESIAN_POINT ( 'NONE',  ( -58.60000000000000853, 0.000000000000000000, 16.00000000000000000 ) ) ;
#173 = LINE ( 'NONE', #3701, #1646 ) ;
#174 = AXIS2_PLACEMENT_3D ( 'NONE', #3569, #5876, #1797 ) ;
#175 = VERTEX_POINT ( 'NONE', #5293 ) ;
#176 = ORIENTED_EDGE ( 'NONE', *, *, #4870, .F. ) ;
#177 = LINE ( 'NONE', #3631, #5621 ) ;
#178 = ORIENTED_EDGE ( 'NONE', *, *, #777, .F. ) ;
#179 =( BOUNDED_CURVE ( )  B_SPLINE_CURVE ( 3, ( #6659, #2534, #4861, #693 ),
 .UNSPECIFIED., .F., .T. ) 
 B_SPLINE_CURVE_WITH_KNOTS ( ( 4, 4 ),
 ( 3.141592653589793116, 3.459153082881294861 ),
 .UNSPECIFIED. ) 
 CURVE ( )  GEOMETRIC_REPRESENTATION_ITEM ( )  RATIONAL_B_SPLINE_CURVE ( ( 1.000000000000000000, 0.9916139219377175795, 0.9916139219377175795, 1.000000000000000000 ) ) 
 REPRESENTATION_ITEM ( '' )  );
#180 = DIRECTION ( 'NONE',  ( 1.000000000000000000, 2.891205793294678326E-16, -0.000000000000000000 ) ) ;
#181 = VERTEX_POINT ( 'NONE', #2966 ) ;
#182 = AXIS2_PLACEMENT_3D ( 'NONE', #7535, #7050, #2171 ) ;
#183 = CARTESIAN_POINT ( 'NONE',  ( 58.00000000000000711, -3.185854099730718758, 7.999999999999395150 ) ) ;
#184 = DIRECTION ( 'NONE',  ( 0.000000000000000000, 0.000000000000000000, -1.000000000000000000 ) ) ;
#185 = CARTESIAN_POINT ( 'NONE',  ( -11.35000000000002629, 1.389974117032249099E-15, -2.000000000000000000 ) ) ;
#186 = CARTESIAN_POINT ( 'NONE',  ( 10.25000000000000000, 8.300000000000901323, -2.000000000000000000 ) ) ;
#187 = LINE ( 'NONE', #3204, #1959 ) ;
#188 = EDGE_LOOP ( 'NONE', ( #1494, #4163, #4292, #4884 ) ) ;
#189 = CARTESIAN_POINT ( 'NONE',  ( -63.40000000000002700, 14.00000000000000000, 6.000000000000000000 ) ) ;
#190 = EDGE_LOOP ( 'NONE', ( #5095, #3543, #3595, #1176 ) ) ;
#191 = ADVANCED_FACE ( 'NONE', ( #1129 ), #7747, .F. ) ;
#192 = CARTESIAN_POINT ( 'NONE',  ( 58.00000000000000000, -8.396137495244527571, 15.39999999999999680 ) ) ;
#193 = CARTESIAN_POINT ( 'NONE',  ( -63.40000000000002700, 24.00000000000000000, -1.751471862576038374 ) ) ;
#194 = VERTEX_POINT ( 'NONE', #1707 ) ;
#195 = ORIENTED_EDGE ( 'NONE', *, *, #4863, .T. ) ;
#196 = EDGE_CURVE ( 'NONE', #3489, #7759, #2383, .T. ) ;
#197 = LINE ( 'NONE', #2596, #6286 ) ;
#198 = VERTEX_POINT ( 'NONE', #3514 ) ;
#199 = CARTESIAN_POINT ( 'NONE',  ( 16.88867598408487325, 15.16316447002070156, -47.75188459786702566 ) ) ;
#200 = VECTOR ( 'NONE', #4136, 1000.000000000000000 ) ;
#201 = EDGE_CURVE ( 'NONE', #1962, #1147, #874, .T. ) ;
#202 = VERTEX_POINT ( 'NONE', #1745 ) ;
#203 = CIRCLE ( 'NONE', #2460, 10.00000000000000000 ) ;
#204 = DIRECTION ( 'NONE',  ( -1.000000000000000000, 1.334402673828313339E-16, 0.000000000000000000 ) ) ;
#205 = VERTEX_POINT ( 'NONE', #4789 ) ;
#206 = DIRECTION ( 'NONE',  ( 1.000000000000000000, 0.000000000000000000, 0.000000000000000000 ) ) ;
#207 =( NAMED_UNIT ( * ) SI_UNIT ( $, .STERADIAN. ) SOLID_ANGLE_UNIT ( ) );
#208 = EDGE_CURVE ( 'NONE', #7241, #1001, #7308, .T. ) ;
#209 = EDGE_CURVE ( 'NONE', #865, #1593, #3753, .T. ) ;
#210 = DIRECTION ( 'NONE',  ( 1.000000000000000000, 0.000000000000000000, 0.000000000000000000 ) ) ;
#211 = DIRECTION ( 'NONE',  ( 0.000000000000000000, 0.2588190451025180749, -0.9659258262890690894 ) ) ;
#212 = AXIS2_PLACEMENT_3D ( 'NONE', #4254, #1376, #6213 ) ;
#213 = ADVANCED_FACE ( 'NONE', ( #1271 ), #1108, .F. ) ;
#214 = VERTEX_POINT ( 'NONE', #1394 ) ;
#215 = ORIENTED_EDGE ( 'NONE', *, *, #5922, .T. ) ;
#216 = CARTESIAN_POINT ( 'NONE',  ( -63.50000000000002842, -8.934653975957926875, 14.00000000000000000 ) ) ;
#217 = ORIENTED_EDGE ( 'NONE', *, *, #298, .T. ) ;
#218 = CARTESIAN_POINT ( 'NONE',  ( 0.000000000000000000, 0.000000000000000000, -7.000000000000000000 ) ) ;
#219 = LINE ( 'NONE', #57, #1748 ) ;
#220 = AXIS2_PLACEMENT_3D ( 'NONE', #2911, #5317, #5961 ) ;
#221 = ORIENTED_EDGE ( 'NONE', *, *, #7647, .T. ) ;
#222 = CARTESIAN_POINT ( 'NONE',  ( 4.531193156845206793E-15, 18.00000000000000000, -0.5000000000000000000 ) ) ;
#223 = CARTESIAN_POINT ( 'NONE',  ( 63.99999999999998579, 23.40000000000001279, -2.000000000000008882 ) ) ;
#224 = DIRECTION ( 'NONE',  ( -1.000000000000000000, 0.000000000000000000, 0.000000000000000000 ) ) ;
#225 = CARTESIAN_POINT ( 'NONE',  ( 11.34999999999999609, 29.00000000000089884, 0.000000000000000000 ) ) ;
#226 = ORIENTED_EDGE ( 'NONE', *, *, #3463, .F. ) ;
#227 = CARTESIAN_POINT ( 'NONE',  ( -58.60000000000003695, 24.00000000000000000, 2.000000000000000000 ) ) ;
#228 = DIRECTION ( 'NONE',  ( 0.000000000000000000, 0.000000000000000000, 1.000000000000000000 ) ) ;
#229 = VERTEX_POINT ( 'NONE', #3793 ) ;
#230 = DIRECTION ( 'NONE',  ( 0.000000000000000000, 0.000000000000000000, 1.000000000000000000 ) ) ;
#231 = AXIS2_PLACEMENT_3D ( 'NONE', #7840, #664, #4916 ) ;
#232 = DIRECTION ( 'NONE',  ( 0.7071067811865515695, 0.000000000000000000, -0.7071067811865434649 ) ) ;
#233 = ADVANCED_FACE ( 'NONE', ( #6190, #5620 ), #6743, .T. ) ;
#234 = ORIENTED_EDGE ( 'NONE', *, *, #1304, .F. ) ;
#235 = CARTESIAN_POINT ( 'NONE',  ( -58.50000000000001421, -3.185854099730718758, 7.999999999999395150 ) ) ;
#236 = ORIENTED_EDGE ( 'NONE', *, *, #2236, .F. ) ;
#237 = VERTEX_POINT ( 'NONE', #2493 ) ;
#238 = DIRECTION ( 'NONE',  ( 0.000000000000000000, -0.000000000000000000, 1.000000000000000000 ) ) ;
#239 = FACE_OUTER_BOUND ( 'NONE', #988, .T. ) ;
#240 = AXIS2_PLACEMENT_3D ( 'NONE', #1559, #1090, #7639 ) ;
#241 = VECTOR ( 'NONE', #4827, 1000.000000000000114 ) ;
#242 = EDGE_CURVE ( 'NONE', #2604, #5183, #7696, .T. ) ;
#243 = AXIS2_PLACEMENT_3D ( 'NONE', #3755, #6315, #3200 ) ;
#244 = ORIENTED_EDGE ( 'NONE', *, *, #1407, .T. ) ;
#245 = VECTOR ( 'NONE', #1616, 1000.000000000000000 ) ;
#246 = DIRECTION ( 'NONE',  ( -0.000000000000000000, 0.000000000000000000, 1.000000000000000000 ) ) ;
#247 = ORIENTED_EDGE ( 'NONE', *, *, #7113, .F. ) ;
#248 = LINE ( 'NONE', #4963, #540 ) ;
#249 = EDGE_LOOP ( 'NONE', ( #7322, #2427, #6965, #6498 ) ) ;
#250 = DIRECTION ( 'NONE',  ( 1.000000000000000000, 0.000000000000000000, 0.000000000000000000 ) ) ;
#251 = CARTESIAN_POINT ( 'NONE',  ( -63.50000000000002842, -8.310154176118016878, 15.89999999999997726 ) ) ;
#252 = EDGE_CURVE ( 'NONE', #7809, #7426, #1354, .T. ) ;
#253 = EDGE_CURVE ( 'NONE', #3527, #7053, #814, .T. ) ;
#254 = VERTEX_POINT ( 'NONE', #100 ) ;
#255 = VECTOR ( 'NONE', #2885, 1000.000000000000000 ) ;
#256 = CYLINDRICAL_SURFACE ( 'NONE', #2465, 5.000000000000000888 ) ;
#257 = VERTEX_POINT ( 'NONE', #3162 ) ;
#258 = DIRECTION ( 'NONE',  ( 0.000000000000000000, 0.000000000000000000, -1.000000000000000000 ) ) ;
#259 = LINE ( 'NONE', #4435, #7719 ) ;
#260 = ORIENTED_EDGE ( 'NONE', *, *, #4736, .T. ) ;
#261 = EDGE_CURVE ( 'NONE', #661, #6452, #3199, .T. ) ;
#262 = FACE_OUTER_BOUND ( 'NONE', #3705, .T. ) ;
#263 = DIRECTION ( 'NONE',  ( -1.000000000000000000, 0.000000000000000000, -0.000000000000000000 ) ) ;
#264 = CARTESIAN_POINT ( 'NONE',  ( -64.40112299328839640, 22.99887700671162349, -2.166150583999664203 ) ) ;
#265 = EDGE_CURVE ( 'NONE', #4526, #2105, #6061, .T. ) ;
#266 = CARTESIAN_POINT ( 'NONE',  ( 62.50000000000000000, -16.00000000000001776, 10.99999999999999822 ) ) ;
#267 = ORIENTED_EDGE ( 'NONE', *, *, #7025, .T. ) ;
#268 = CARTESIAN_POINT ( 'NONE',  ( -58.00000000000000000, 19.80132347571445450, 13.39625891448670281 ) ) ;
#269 = PLANE ( 'NONE',  #2053 ) ;
#270 = ORIENTED_EDGE ( 'NONE', *, *, #4238, .F. ) ;
#271 = VECTOR ( 'NONE', #5080, 1000.000000000000000 ) ;
#272 = B_SPLINE_CURVE_WITH_KNOTS ( 'NONE', 3,
 ( #2199, #4605, #5433, #3499 ),
 .UNSPECIFIED., .F., .F.,
 ( 4, 4 ),
 ( 0.000000000000000000, 0.0007123153312740212757 ),
 .UNSPECIFIED. ) ;
#273 = LINE ( 'NONE', #3335, #3658 ) ;
#274 = DIRECTION ( 'NONE',  ( 1.000000000000000000, 0.000000000000000000, 0.000000000000000000 ) ) ;
#275 = DIRECTION ( 'NONE',  ( -0.000000000000000000, -0.000000000000000000, 1.000000000000000000 ) ) ;
#276 = ORIENTED_EDGE ( 'NONE', *, *, #7233, .T. ) ;
#277 = VECTOR ( 'NONE', #4630, 1000.000000000000114 ) ;
#278 = VERTEX_POINT ( 'NONE', #4899 ) ;
#279 = DIRECTION ( 'NONE',  ( 0.000000000000000000, 0.2588190451025179084, 0.9659258262890690894 ) ) ;
#280 = CARTESIAN_POINT ( 'NONE',  ( 63.99999999999998579, -14.00000000000000000, 6.000000000000000000 ) ) ;
#281 = CARTESIAN_POINT ( 'NONE',  ( 11.35000000000002629, 0.000000000000000000, -2.000000000000000000 ) ) ;
#282 = CIRCLE ( 'NONE', #5945, 2.099999999999999645 ) ;
#283 = VERTEX_POINT ( 'NONE', #1863 ) ;
#284 = CARTESIAN_POINT ( 'NONE',  ( -22.99999999999998224, 12.00000000000000178, 2.000000000000000000 ) ) ;
#285 = ORIENTED_EDGE ( 'NONE', *, *, #4097, .T. ) ;
#286 = LINE ( 'NONE', #848, #5092 ) ;
#287 = VERTEX_POINT ( 'NONE', #2577 ) ;
#288 = VECTOR ( 'NONE', #538, 1000.000000000000000 ) ;
#289 = DIRECTION ( 'NONE',  ( 1.000000000000000000, 0.000000000000000000, 0.000000000000000000 ) ) ;
#290 = EDGE_CURVE ( 'NONE', #5081, #3435, #7583, .T. ) ;
#291 = CARTESIAN_POINT ( 'NONE',  ( 13.00000000000000000, -10.00000000000000178, -7.000000000000000000 ) ) ;
#292 = PLANE ( 'NONE',  #6438 ) ;
#293 = VECTOR ( 'NONE', #6832, 1000.000000000000000 ) ;
#294 = ORIENTED_EDGE ( 'NONE', *, *, #7246, .T. ) ;
#295 = ORIENTED_EDGE ( 'NONE', *, *, #4945, .F. ) ;
#296 = DIRECTION ( 'NONE',  ( -1.000000000000000000, 1.334402673828313339E-16, 0.000000000000000000 ) ) ;
#297 = ORIENTED_EDGE ( 'NONE', *, *, #1979, .T. ) ;
#298 = EDGE_CURVE ( 'NONE', #2159, #50, #6803, .T. ) ;
#299 = CARTESIAN_POINT ( 'NONE',  ( -1.899999999999994360, 18.00000000000000000, -2.000000000000000000 ) ) ;
#300 = EDGE_CURVE ( 'NONE', #6229, #1856, #1821, .T. ) ;
#301 = VECTOR ( 'NONE', #6568, 1000.000000000000227 ) ;
#302 = DIRECTION ( 'NONE',  ( -1.334402673828313586E-16, -1.000000000000000000, 0.000000000000000000 ) ) ;
#303 = ORIENTED_EDGE ( 'NONE', *, *, #5633, .T. ) ;
#304 = EDGE_CURVE ( 'NONE', #5404, #7160, #179, .T. ) ;
#305 = ORIENTED_EDGE ( 'NONE', *, *, #4542, .F. ) ;
#306 = CARTESIAN_POINT ( 'NONE',  ( 62.99999999999998579, -19.09999999999998366, 16.00000000000000000 ) ) ;
#307 = CIRCLE ( 'NONE', #5079, 3.499999999999998668 ) ;
#308 = ORIENTED_EDGE ( 'NONE', *, *, #986, .T. ) ;
#309 = DIRECTION ( 'NONE',  ( -0.000000000000000000, -0.000000000000000000, -1.000000000000000000 ) ) ;
#310 = DIRECTION ( 'NONE',  ( 0.7071067811865474617, 0.000000000000000000, -0.7071067811865474617 ) ) ;
#311 = ORIENTED_EDGE ( 'NONE', *, *, #3550, .T. ) ;
#312 = CARTESIAN_POINT ( 'NONE',  ( -58.60000000000000853, 12.99201543247748170, 13.40798456752249912 ) ) ;
#313 = ADVANCED_FACE ( 'NONE', ( #5495 ), #6169, .F. ) ;
#314 = ADVANCED_FACE ( 'NONE', ( #4313 ), #3712, .T. ) ;
#315 = CARTESIAN_POINT ( 'NONE',  ( 63.39999999999997016, -8.722052573321356306, 16.00000000000000355 ) ) ;
#316 = CARTESIAN_POINT ( 'NONE',  ( -64.00000000000001421, 24.00000000000000000, -7.000000000000000000 ) ) ;
#317 = LINE ( 'NONE', #3851, #1156 ) ;
#318 = ORIENTED_EDGE ( 'NONE', *, *, #5592, .T. ) ;
#319 = CIRCLE ( 'NONE', #1436, 1.000000000000000888 ) ;
#320 = VERTEX_POINT ( 'NONE', #4937 ) ;
#321 = DIRECTION ( 'NONE',  ( -0.000000000000000000, -0.000000000000000000, 1.000000000000000000 ) ) ;
#322 = CARTESIAN_POINT ( 'NONE',  ( -64.00000000000001421, 24.00000000000000000, -2.600000000000031175 ) ) ;
#323 = CARTESIAN_POINT ( 'NONE',  ( -58.60000000000000853, 8.934653975957925098, 16.00000000000000000 ) ) ;
#324 = AXIS2_PLACEMENT_3D ( 'NONE', #218, #6783, #1901 ) ;
#325 = ORIENTED_EDGE ( 'NONE', *, *, #2266, .F. ) ;
#326 = LINE ( 'NONE', #3222, #4233 ) ;
#327 = VERTEX_POINT ( 'NONE', #1949 ) ;
#328 = CARTESIAN_POINT ( 'NONE',  ( 7.099999999999999645, 23.99999999999998934, -7.000000000000000000 ) ) ;
#329 = DIRECTION ( 'NONE',  ( -0.4999999999999967804, 0.4999999999999967804, 0.7071067811865521247 ) ) ;
#330 = DIRECTION ( 'NONE',  ( 0.000000000000000000, 0.000000000000000000, 1.000000000000000000 ) ) ;
#331 = ORIENTED_EDGE ( 'NONE', *, *, #6156, .F. ) ;
#332 = CARTESIAN_POINT ( 'NONE',  ( -58.60000000000000853, -8.934653975957926875, 16.00000000000000000 ) ) ;
#333 = CARTESIAN_POINT ( 'NONE',  ( -64.00000000000001421, 24.00000000000000000, -7.399999999999962164 ) ) ;
#334 = ADVANCED_FACE ( 'NONE', ( #6905 ), #2494, .T. ) ;
#335 = ORIENTED_EDGE ( 'NONE', *, *, #2887, .T. ) ;
#336 = CARTESIAN_POINT ( 'NONE',  ( 22.99999999999998934, 17.60000000000001563, -8.000000000000000000 ) ) ;
#337 = ORIENTED_EDGE ( 'NONE', *, *, #7715, .T. ) ;
#338 = LINE ( 'NONE', #5137, #1957 ) ;
#339 = CONICAL_SURFACE ( 'NONE', #4735, 0.3999999999999837019, 0.7853981633974360665 ) ;
#340 = DIRECTION ( 'NONE',  ( 1.000000000000000000, 0.000000000000000000, 0.000000000000000000 ) ) ;
#341 = DIRECTION ( 'NONE',  ( 0.000000000000000000, 0.000000000000000000, -1.000000000000000000 ) ) ;
#342 = ORIENTED_EDGE ( 'NONE', *, *, #102, .F. ) ;
#343 = ADVANCED_FACE ( 'NONE', ( #6524 ), #1105, .F. ) ;
#344 = EDGE_LOOP ( 'NONE', ( #4581, #4082, #4297, #6313 ) ) ;
#345 = AXIS2_PLACEMENT_3D ( 'NONE', #1146, #3534, #6604 ) ;
#346 = FACE_OUTER_BOUND ( 'NONE', #4903, .T. ) ;
#347 = EDGE_LOOP ( 'NONE', ( #4616, #1878, #5722, #3426 ) ) ;
#348 = CARTESIAN_POINT ( 'NONE',  ( 63.49999999999998579, 8.934653975957925098, 14.00000000000000000 ) ) ;
#349 = DIRECTION ( 'NONE',  ( 1.000000000000000000, 0.000000000000000000, 0.000000000000000000 ) ) ;
#350 = ORIENTED_EDGE ( 'NONE', *, *, #7806, .T. ) ;
#351 = CARTESIAN_POINT ( 'NONE',  ( -58.59999999999998010, -14.00000000000000000, 6.000000000000000000 ) ) ;
#352 = EDGE_CURVE ( 'NONE', #661, #5871, #4437, .T. ) ;
#353 = VECTOR ( 'NONE', #1028, 1000.000000000000114 ) ;
#354 = CARTESIAN_POINT ( 'NONE',  ( 7.991132455393743506, 7.370137760291589402, -2.479755358752048444 ) ) ;
#355 = CARTESIAN_POINT ( 'NONE',  ( -58.00000000000000000, -23.40000000000001279, 2.000000000000000000 ) ) ;
#356 = ADVANCED_FACE ( 'NONE', ( #7655 ), #5788, .T. ) ;
#357 = EDGE_CURVE ( 'NONE', #1419, #7591, #7130, .T. ) ;
#358 = CARTESIAN_POINT ( 'NONE',  ( -58.59999999999998010, -24.00000000000000000, 2.000000000000000000 ) ) ;
#359 = VERTEX_POINT ( 'NONE', #3423 ) ;
#360 = ORIENTED_EDGE ( 'NONE', *, *, #4399, .T. ) ;
#361 = CARTESIAN_POINT ( 'NONE',  ( -10.25000000000000000, 29.00000000000089528, 0.000000000000000000 ) ) ;
#362 = EDGE_CURVE ( 'NONE', #3685, #2484, #860, .T. ) ;
#363 = VECTOR ( 'NONE', #4752, 1000.000000000000000 ) ;
#364 = EDGE_LOOP ( 'NONE', ( #3085, #5637, #4529, #5776 ) ) ;
#365 = AXIS2_PLACEMENT_3D ( 'NONE', #3439, #7079, #5863 ) ;
#366 = ORIENTED_EDGE ( 'NONE', *, *, #6728, .F. ) ;
#367 = AXIS2_PLACEMENT_3D ( 'NONE', #1904, #59, #773 ) ;
#368 = ORIENTED_EDGE ( 'NONE', *, *, #7362, .F. ) ;
#369 = DIRECTION ( 'NONE',  ( -1.000000000000000000, -0.000000000000000000, -0.000000000000000000 ) ) ;
#370 = CIRCLE ( 'NONE', #7830, 4.499999999999990230 ) ;
#371 = CIRCLE ( 'NONE', #5023, 10.00000000000000000 ) ;
#372 = EDGE_LOOP ( 'NONE', ( #685, #7291, #1370, #4797 ) ) ;
#373 = LINE ( 'NONE', #2804, #7676 ) ;
#374 = DIRECTION ( 'NONE',  ( -0.4999999999999935052, -0.4999999999999935052, 0.7071067811865566766 ) ) ;
#375 = DIRECTION ( 'NONE',  ( 0.000000000000000000, 0.03547722218375332776, 0.9993704852086259249 ) ) ;
#376 = DIRECTION ( 'NONE',  ( 1.000000000000000000, 0.000000000000000000, 0.000000000000000000 ) ) ;
#377 = ORIENTED_EDGE ( 'NONE', *, *, #4482, .T. ) ;
#378 = ORIENTED_EDGE ( 'NONE', *, *, #1884, .F. ) ;
#379 = CYLINDRICAL_SURFACE ( 'NONE', #69, 10.00000000000000000 ) ;
#380 = ORIENTED_EDGE ( 'NONE', *, *, #7064, .T. ) ;
#381 = CARTESIAN_POINT ( 'NONE',  ( 63.49999999999998579, -4.720508075688642613, 5.999999999999394262 ) ) ;
#382 = DIRECTION ( 'NONE',  ( -0.000000000000000000, 0.000000000000000000, 1.000000000000000000 ) ) ;
#383 = ORIENTED_EDGE ( 'NONE', *, *, #4131, .F. ) ;
#384 = EDGE_CURVE ( 'NONE', #7014, #3010, #4010, .T. ) ;
#385 = CONICAL_SURFACE ( 'NONE', #3, 9.399999999999982592, 0.7853981633974367327 ) ;
#386 = DIRECTION ( 'NONE',  ( 0.000000000000000000, 0.000000000000000000, -1.000000000000000000 ) ) ;
#387 = CARTESIAN_POINT ( 'NONE',  ( -63.50000000000004263, 8.310154176118015101, 15.89999999999997726 ) ) ;
#388 = ORIENTED_EDGE ( 'NONE', *, *, #7117, .T. ) ;
#389 = VERTEX_POINT ( 'NONE', #1652 ) ;
#390 = CIRCLE ( 'NONE', #4418, 2.799999999999955413 ) ;
#391 = CARTESIAN_POINT ( 'NONE',  ( 1.900000000000003020, -18.00000000000000000, -8.000000000000000000 ) ) ;
#392 = EDGE_CURVE ( 'NONE', #4745, #3775, #371, .T. ) ;
#393 = ADVANCED_FACE ( 'NONE', ( #1688 ), #7512, .F. ) ;
#394 = ORIENTED_EDGE ( 'NONE', *, *, #1975, .F. ) ;
#395 = VECTOR ( 'NONE', #2662, 1000.000000000000114 ) ;
#396 = ORIENTED_EDGE ( 'NONE', *, *, #1601, .T. ) ;
#397 = EDGE_CURVE ( 'NONE', #2980, #1438, #2632, .T. ) ;
#398 = DIRECTION ( 'NONE',  ( -0.000000000000000000, -0.000000000000000000, 1.000000000000000000 ) ) ;
#399 = ORIENTED_EDGE ( 'NONE', *, *, #4423, .T. ) ;
#400 = FACE_BOUND ( 'NONE', #5017, .T. ) ;
#401 = ORIENTED_EDGE ( 'NONE', *, *, #6043, .F. ) ;
#402 = DIRECTION ( 'NONE',  ( 1.000000000000000000, 0.000000000000000000, 0.000000000000000000 ) ) ;
#403 = ADVANCED_FACE ( 'NONE', ( #262 ), #6314, .T. ) ;
#404 = VECTOR ( 'NONE', #2429, 1000.000000000000000 ) ;
#405 = ORIENTED_EDGE ( 'NONE', *, *, #5506, .T. ) ;
#406 = DIRECTION ( 'NONE',  ( 0.000000000000000000, -0.7071067811865474617, 0.7071067811865474617 ) ) ;
#407 = CONICAL_SURFACE ( 'NONE', #6080, 2.799999999999955413, 0.7853981633974775889 ) ;
#408 = LINE ( 'NONE', #6311, #571 ) ;
#409 = FACE_OUTER_BOUND ( 'NONE', #892, .T. ) ;
#410 = LINE ( 'NONE', #2809, #277 ) ;
#411 = ORIENTED_EDGE ( 'NONE', *, *, #6347, .F. ) ;
#412 = ORIENTED_EDGE ( 'NONE', *, *, #4151, .T. ) ;
#413 = DIRECTION ( 'NONE',  ( -1.000000000000000000, 0.000000000000000000, 0.000000000000000000 ) ) ;
#414 = ORIENTED_EDGE ( 'NONE', *, *, #6094, .F. ) ;
#415 = LINE ( 'NONE', #456, #5855 ) ;
#416 = AXIS2_PLACEMENT_3D ( 'NONE', #847, #1461, #6087 ) ;
#417 = CIRCLE ( 'NONE', #4700, 10.75000000000000000 ) ;
#418 = FACE_OUTER_BOUND ( 'NONE', #3665, .T. ) ;
#419 = EDGE_CURVE ( 'NONE', #6452, #6321, #5921, .T. ) ;
#420 = CARTESIAN_POINT ( 'NONE',  ( 62.49999999999998579, -23.80803242245864126, 7.950000000000023270 ) ) ;
#421 = ORIENTED_EDGE ( 'NONE', *, *, #1884, .T. ) ;
#422 = ORIENTED_EDGE ( 'NONE', *, *, #3652, .F. ) ;
#423 =( BOUNDED_CURVE ( )  B_SPLINE_CURVE ( 3, ( #6895, #4425, #6974, #332 ),
 .UNSPECIFIED., .F., .T. ) 
 B_SPLINE_CURVE_WITH_KNOTS ( ( 4, 4 ),
 ( 2.824032224298293148, 3.141592653589793116 ),
 .UNSPECIFIED. ) 
 CURVE ( )  GEOMETRIC_REPRESENTATION_ITEM ( )  RATIONAL_B_SPLINE_CURVE ( ( 1.000000000000000000, 0.9916139219377175795, 0.9916139219377175795, 1.000000000000000000 ) ) 
 REPRESENTATION_ITEM ( '' )  );
#424 = DIRECTION ( 'NONE',  ( 2.102802400022891445E-16, 0.7071067811865403563, 0.7071067811865547892 ) ) ;
#425 = DIRECTION ( 'NONE',  ( 1.000000000000000000, 0.000000000000000000, 0.000000000000000000 ) ) ;
#426 = VECTOR ( 'NONE', #1369, 1000.000000000000227 ) ;
#427 = CARTESIAN_POINT ( 'NONE',  ( -58.00000000000000000, -12.56775136376555224, 12.98372049881056434 ) ) ;
#428 = EDGE_LOOP ( 'NONE', ( #4600, #4419, #6257, #1684 ) ) ;
#429 = AXIS2_PLACEMENT_3D ( 'NONE', #1335, #127, #3148 ) ;
#430 = AXIS2_PLACEMENT_3D ( 'NONE', #348, #7637, #941 ) ;
#431 = ORIENTED_EDGE ( 'NONE', *, *, #5397, .F. ) ;
#432 = EDGE_CURVE ( 'NONE', #7560, #2126, #6491, .T. ) ;
#433 = LINE ( 'NONE', #2826, #6526 ) ;
#434 = ORIENTED_EDGE ( 'NONE', *, *, #4295, .T. ) ;
#435 = CARTESIAN_POINT ( 'NONE',  ( 47.99999999999998579, -12.00000000000001243, 2.000000000000000000 ) ) ;
#436 = ORIENTED_EDGE ( 'NONE', *, *, #1670, .T. ) ;
#437 = CARTESIAN_POINT ( 'NONE',  ( 4.531193156845206793E-15, 18.00000000000000000, -0.5000000000000000000 ) ) ;
#438 = CIRCLE ( 'NONE', #2442, 2.000000000000000000 ) ;
#439 = AXIS2_PLACEMENT_3D ( 'NONE', #5019, #2489, #4936 ) ;
#440 = EDGE_CURVE ( 'NONE', #6333, #2835, #1117, .T. ) ;
#441 = VERTEX_POINT ( 'NONE', #4089 ) ;
#442 = EDGE_CURVE ( 'NONE', #5614, #7014, #5702, .T. ) ;
#443 = LINE ( 'NONE', #1184, #3217 ) ;
#444 = ADVANCED_FACE ( 'NONE', ( #2800 ), #5207, .F. ) ;
#445 = ORIENTED_EDGE ( 'NONE', *, *, #5970, .F. ) ;
#446 = DIRECTION ( 'NONE',  ( -0.000000000000000000, -0.000000000000000000, 1.000000000000000000 ) ) ;
#447 = DIRECTION ( 'NONE',  ( 0.000000000000000000, 1.837433013737340913E-16, -1.000000000000000000 ) ) ;
#448 = DIRECTION ( 'NONE',  ( 0.000000000000000000, -0.7071067811865491270, 0.7071067811865459074 ) ) ;
#449 = EDGE_CURVE ( 'NONE', #4722, #5917, #3571, .T. ) ;
#450 = VECTOR ( 'NONE', #5657, 1000.000000000000114 ) ;
#451 = ORIENTED_EDGE ( 'NONE', *, *, #4399, .F. ) ;
#452 = FACE_OUTER_BOUND ( 'NONE', #4144, .T. ) ;
#453 = ORIENTED_EDGE ( 'NONE', *, *, #1493, .T. ) ;
#454 = DIRECTION ( 'NONE',  ( -0.000000000000000000, -0.000000000000000000, 1.000000000000000000 ) ) ;
#455 = ORIENTED_EDGE ( 'NONE', *, *, #833, .T. ) ;
#456 = CARTESIAN_POINT ( 'NONE',  ( -54.00000000000000711, 0.000000000000000000, -2.000000000000000000 ) ) ;
#457 = CARTESIAN_POINT ( 'NONE',  ( -7.410638297872338853, 7.787486116720065965, -7.000000000000000000 ) ) ;
#458 = VECTOR ( 'NONE', #1777, 1000.000000000000000 ) ;
#459 = DIRECTION ( 'NONE',  ( -0.000000000000000000, -0.000000000000000000, 1.000000000000000000 ) ) ;
#460 = LINE ( 'NONE', #7150, #879 ) ;
#461 = CARTESIAN_POINT ( 'NONE',  ( -58.00000000000000000, 12.85355643145598492, 17.30828539478761030 ) ) ;
#462 = DIRECTION ( 'NONE',  ( 0.7071067811865485719, -7.215498431451183580E-17, 0.7071067811865465735 ) ) ;
#463 = CARTESIAN_POINT ( 'NONE',  ( -57.99999999999997868, 24.00000000000000000, -8.000000000000000000 ) ) ;
#464 = ORIENTED_EDGE ( 'NONE', *, *, #3947, .F. ) ;
#465 = ORIENTED_EDGE ( 'NONE', *, *, #5985, .T. ) ;
#466 = CIRCLE ( 'NONE', #1225, 2.000000000000000000 ) ;
#467 = ORIENTED_EDGE ( 'NONE', *, *, #4785, .F. ) ;
#468 = DIRECTION ( 'NONE',  ( 1.000000000000000000, 0.000000000000000000, 0.000000000000000000 ) ) ;
#469 = LINE ( 'NONE', #2281, #3409 ) ;
#470 = ORIENTED_EDGE ( 'NONE', *, *, #1636, .F. ) ;
#471 = CARTESIAN_POINT ( 'NONE',  ( 62.49999999999998579, 20.24542364858361765, 13.80990931123482746 ) ) ;
#472 = CARTESIAN_POINT ( 'NONE',  ( 13.00000000000000000, -9.000000000000001776, -8.000000000000000000 ) ) ;
#473 = AXIS2_PLACEMENT_3D ( 'NONE', #6377, #1464, #962 ) ;
#474 = EDGE_LOOP ( 'NONE', ( #3953, #4974, #4124, #4975 ) ) ;
#475 = DIRECTION ( 'NONE',  ( -1.020425574104004246E-16, -1.000000000000000000, 0.000000000000000000 ) ) ;
#476 = EDGE_CURVE ( 'NONE', #691, #3972, #2474, .T. ) ;
#477 = ORIENTED_EDGE ( 'NONE', *, *, #1805, .T. ) ;
#478 = CARTESIAN_POINT ( 'NONE',  ( -58.00000000000000000, -13.04999999999998117, 11.77459666924138659 ) ) ;
#479 = ORIENTED_EDGE ( 'NONE', *, *, #7521, .F. ) ;
#480 = DIRECTION ( 'NONE',  ( 0.7071067811865460184, -0.7071067811865489050, 0.000000000000000000 ) ) ;
#481 = VECTOR ( 'NONE', #3838, 1000.000000000000000 ) ;
#482 = CARTESIAN_POINT ( 'NONE',  ( -62.99999999999998579, 14.00000000000000000, 16.00000000000000000 ) ) ;
#483 = CARTESIAN_POINT ( 'NONE',  ( -17.99999999999998224, 12.00000000000000178, -7.399999999999982592 ) ) ;
#484 = EDGE_CURVE ( 'NONE', #4084, #327, #4265, .T. ) ;
#485 = ADVANCED_FACE ( 'NONE', ( #4845 ), #5315, .F. ) ;
#486 = ORIENTED_EDGE ( 'NONE', *, *, #3037, .F. ) ;
#487 = VERTEX_POINT ( 'NONE', #1 ) ;
#488 = DIRECTION ( 'NONE',  ( 0.6785983445458407814, -0.6785983445458407814, 0.2810846377148505937 ) ) ;
#489 = ORIENTED_EDGE ( 'NONE', *, *, #1531, .T. ) ;
#490 = CARTESIAN_POINT ( 'NONE',  ( -53.00000000000000000, -11.99999999999999822, -2.600000000000003197 ) ) ;
#491 = EDGE_CURVE ( 'NONE', #5033, #2898, #4805, .T. ) ;
#492 = CARTESIAN_POINT ( 'NONE',  ( 4.531193156845206793E-15, 18.00000000000000000, -2.000000000000000000 ) ) ;
#493 = DIRECTION ( 'NONE',  ( 0.000000000000000000, -0.000000000000000000, 1.000000000000000000 ) ) ;
#494 = LINE ( 'NONE', #610, #4117 ) ;
#495 = CARTESIAN_POINT ( 'NONE',  ( 0.000000000000000000, 35.50000000000000000, -7.399999999999962164 ) ) ;
#496 = CIRCLE ( 'NONE', #4894, 1.600000000000018074 ) ;
#497 = ADVANCED_FACE ( 'NONE', ( #2985 ), #385, .T. ) ;
#498 = CARTESIAN_POINT ( 'NONE',  ( 47.99999999999999289, 17.00000000000000000, -2.599999999999975664 ) ) ;
#499 = FACE_OUTER_BOUND ( 'NONE', #5020, .T. ) ;
#500 = VECTOR ( 'NONE', #2563, 1000.000000000000114 ) ;
#501 = CARTESIAN_POINT ( 'NONE',  ( -47.99999999999999289, 17.00000000000001421, -7.399999999999982592 ) ) ;
#502 = ORIENTED_EDGE ( 'NONE', *, *, #5090, .T. ) ;
#503 = ORIENTED_EDGE ( 'NONE', *, *, #6440, .F. ) ;
#504 = ORIENTED_EDGE ( 'NONE', *, *, #6021, .T. ) ;
#505 = ORIENTED_EDGE ( 'NONE', *, *, #2807, .F. ) ;
#506 = FACE_OUTER_BOUND ( 'NONE', #782, .T. ) ;
#507 = PLANE ( 'NONE',  #1274 ) ;
#508 = AXIS2_PLACEMENT_3D ( 'NONE', #3404, #2816, #3926 ) ;
#509 = ORIENTED_EDGE ( 'NONE', *, *, #5, .T. ) ;
#510 = DIRECTION ( 'NONE',  ( 0.7071067811865474617, 0.000000000000000000, -0.7071067811865474617 ) ) ;
#511 = CARTESIAN_POINT ( 'NONE',  ( 53.60000000000000853, -1.093896215439492177E-14, -8.000000000000000000 ) ) ;
#512 = ORIENTED_EDGE ( 'NONE', *, *, #885, .F. ) ;
#513 = DIRECTION ( 'NONE',  ( 0.000000000000000000, 0.000000000000000000, -1.000000000000000000 ) ) ;
#514 = AXIS2_PLACEMENT_3D ( 'NONE', #4385, #6814, #4219 ) ;
#515 = ORIENTED_EDGE ( 'NONE', *, *, #4046, .T. ) ;
#516 = DIRECTION ( 'NONE',  ( -1.000000000000000000, 0.000000000000000000, 0.000000000000000000 ) ) ;
#517 = ORIENTED_EDGE ( 'NONE', *, *, #4772, .F. ) ;
#518 = CARTESIAN_POINT ( 'NONE',  ( 52.99999999999999289, 17.00000000000000000, -2.599999999999975664 ) ) ;
#519 = CARTESIAN_POINT ( 'NONE',  ( 57.99999999999998579, 23.39999999999995595, -8.000000000000000000 ) ) ;
#520 = EDGE_CURVE ( 'NONE', #4837, #6762, #3650, .T. ) ;
#521 = VECTOR ( 'NONE', #5530, 1000.000000000000000 ) ;
#522 = CARTESIAN_POINT ( 'NONE',  ( -63.40000000000001279, -24.00000000000000000, -7.000000000000000000 ) ) ;
#523 = ORIENTED_EDGE ( 'NONE', *, *, #4324, .F. ) ;
#524 = VECTOR ( 'NONE', #4947, 1000.000000000000000 ) ;
#525 = EDGE_LOOP ( 'NONE', ( #755, #3384, #2738, #5065 ) ) ;
#526 = FACE_OUTER_BOUND ( 'NONE', #2610, .T. ) ;
#527 = EDGE_LOOP ( 'NONE', ( #5909, #7744, #7691, #523, #5129 ) ) ;
#528 = DIRECTION ( 'NONE',  ( 1.000000000000000000, 0.000000000000000000, 0.000000000000000000 ) ) ;
#529 = EDGE_CURVE ( 'NONE', #1486, #5565, #4416, .T. ) ;
#530 = DIRECTION ( 'NONE',  ( 0.000000000000000000, 0.000000000000000000, 1.000000000000000000 ) ) ;
#531 = EDGE_CURVE ( 'NONE', #6398, #7499, #3023, .T. ) ;
#532 = LINE ( 'NONE', #4927, #6419 ) ;
#533 = DIRECTION ( 'NONE',  ( 0.000000000000000000, 0.03547722218375332776, 0.9993704852086259249 ) ) ;
#534 = EDGE_CURVE ( 'NONE', #5856, #139, #1143, .T. ) ;
#535 = DIRECTION ( 'NONE',  ( 2.040851148208007259E-16, 1.000000000000000000, 0.000000000000000000 ) ) ;
#536 = CIRCLE ( 'NONE', #5194, 1.000000000000000888 ) ;
#537 = EDGE_CURVE ( 'NONE', #1752, #4408, #4792, .T. ) ;
#538 = DIRECTION ( 'NONE',  ( 0.000000000000000000, -0.7071067811865556774, -0.7071067811865393571 ) ) ;
#539 = EDGE_CURVE ( 'NONE', #4329, #278, #635, .T. ) ;
#540 = VECTOR ( 'NONE', #167, 1000.000000000000000 ) ;
#541 = EDGE_CURVE ( 'NONE', #6782, #7759, #2892, .T. ) ;
#542 = ORIENTED_EDGE ( 'NONE', *, *, #2086, .F. ) ;
#543 = EDGE_LOOP ( 'NONE', ( #1451, #1059 ) ) ;
#544 = CARTESIAN_POINT ( 'NONE',  ( -14.58578643762690064, 34.89999999999996305, -8.000000000000000000 ) ) ;
#545 = ORIENTED_EDGE ( 'NONE', *, *, #7647, .F. ) ;
#546 = FACE_OUTER_BOUND ( 'NONE', #6691, .T. ) ;
#547 = DIRECTION ( 'NONE',  ( 2.040851148208007259E-16, 1.000000000000000000, 0.000000000000000000 ) ) ;
#548 = ORIENTED_EDGE ( 'NONE', *, *, #731, .F. ) ;
#549 = CARTESIAN_POINT ( 'NONE',  ( 0.000000000000000000, 0.000000000000000000, 16.00000000000000000 ) ) ;
#550 = VECTOR ( 'NONE', #3140, 1000.000000000000000 ) ;
#551 = ORIENTED_EDGE ( 'NONE', *, *, #6886, .T. ) ;
#552 = DIRECTION ( 'NONE',  ( 1.000000000000000000, 1.982541115402064370E-16, 0.000000000000000000 ) ) ;
#553 = ORIENTED_EDGE ( 'NONE', *, *, #885, .T. ) ;
#554 = CARTESIAN_POINT ( 'NONE',  ( -53.00000000000000000, -17.00000000000000000, -7.399999999999982592 ) ) ;
#555 = DIRECTION ( 'NONE',  ( 1.000000000000000000, 0.000000000000000000, 0.000000000000000000 ) ) ;
#556 = AXIS2_PLACEMENT_3D ( 'NONE', #3807, #4948, #6709 ) ;
#557 = CARTESIAN_POINT ( 'NONE',  ( 62.49999999999998579, 18.94999999999998508, 11.77459666924138659 ) ) ;
#558 = DIRECTION ( 'NONE',  ( -0.000000000000000000, -0.000000000000000000, 1.000000000000000000 ) ) ;
#559 = EDGE_CURVE ( 'NONE', #2126, #3859, #3643, .T. ) ;
#560 = AXIS2_PLACEMENT_3D ( 'NONE', #4276, #2537, #4234 ) ;
#561 = ORIENTED_EDGE ( 'NONE', *, *, #4188, .T. ) ;
#562 = CIRCLE ( 'NONE', #1569, 3.049999999999976286 ) ;
#563 = VERTEX_POINT ( 'NONE', #627 ) ;
#564 = DIRECTION ( 'NONE',  ( -2.891205793294678326E-16, 1.000000000000000000, 0.000000000000000000 ) ) ;
#565 = ORIENTED_EDGE ( 'NONE', *, *, #3337, .F. ) ;
#566 = CARTESIAN_POINT ( 'NONE',  ( 63.99999999999998579, 8.396137495244500926, 15.40000000000001101 ) ) ;
#567 = DIRECTION ( 'NONE',  ( -0.000000000000000000, 0.7071067811865556774, 0.7071067811865393571 ) ) ;
#568 = FACE_OUTER_BOUND ( 'NONE', #4226, .T. ) ;
#569 = CARTESIAN_POINT ( 'NONE',  ( 1.900000000000003464, -18.00000000000000000, -2.000000000000000000 ) ) ;
#570 = AXIS2_PLACEMENT_3D ( 'NONE', #7271, #224, #6065 ) ;
#571 = VECTOR ( 'NONE', #6944, 1000.000000000000000 ) ;
#572 = DIRECTION ( 'NONE',  ( 0.000000000000000000, 0.000000000000000000, 1.000000000000000000 ) ) ;
#573 = PLANE ( 'NONE',  #5412 ) ;
#574 = EDGE_CURVE ( 'NONE', #2184, #1282, #38, .T. ) ;
#575 = DIRECTION ( 'NONE',  ( -0.000000000000000000, 0.000000000000000000, -1.000000000000000000 ) ) ;
#576 = DIRECTION ( 'NONE',  ( -2.891205793294678326E-16, 1.000000000000000000, 0.000000000000000000 ) ) ;
#577 = EDGE_CURVE ( 'NONE', #2611, #1308, #3060, .T. ) ;
#578 = VECTOR ( 'NONE', #6141, 1000.000000000000000 ) ;
#579 = CARTESIAN_POINT ( 'NONE',  ( -58.00000000000000000, -24.00000000000000000, 15.39999999999999680 ) ) ;
#580 = EDGE_CURVE ( 'NONE', #4707, #4760, #2514, .T. ) ;
#581 = EDGE_CURVE ( 'NONE', #3093, #2112, #4906, .T. ) ;
#582 = CIRCLE ( 'NONE', #714, 1.899999999999998801 ) ;
#583 = CARTESIAN_POINT ( 'NONE',  ( 58.59999999999998721, -24.00000000000000000, 6.000000000000000000 ) ) ;
#584 = CARTESIAN_POINT ( 'NONE',  ( -64.00000000000001421, 4.720508075688640837, 5.999999999999395150 ) ) ;
#585 = ORIENTED_EDGE ( 'NONE', *, *, #484, .T. ) ;
#586 = CARTESIAN_POINT ( 'NONE',  ( -9.150000000000002132, 29.00000000000089528, -7.000000000000000000 ) ) ;
#587 = ADVANCED_FACE ( 'NONE', ( #1373 ), #121, .T. ) ;
#588 = LINE ( 'NONE', #2551, #6418 ) ;
#589 = ORIENTED_EDGE ( 'NONE', *, *, #3075, .T. ) ;
#590 = DIRECTION ( 'NONE',  ( 0.000000000000000000, -0.000000000000000000, 1.000000000000000000 ) ) ;
#591 = ADVANCED_FACE ( 'NONE', ( #756 ), #2597, .T. ) ;
#592 = DIRECTION ( 'NONE',  ( 1.000000000000000000, 0.000000000000000000, 0.000000000000000000 ) ) ;
#593 = VERTEX_POINT ( 'NONE', #3773 ) ;
#594 = CARTESIAN_POINT ( 'NONE',  ( 10.25000000000000000, 8.300000000000901323, -2.000000000000000000 ) ) ;
#595 = LINE ( 'NONE', #1112, #2585 ) ;
#596 = FACE_OUTER_BOUND ( 'NONE', #5567, .T. ) ;
#597 = AXIS2_PLACEMENT_3D ( 'NONE', #5312, #6415, #1686 ) ;
#598 = FACE_OUTER_BOUND ( 'NONE', #4, .T. ) ;
#599 = PLANE ( 'NONE',  #2631 ) ;
#600 = FACE_OUTER_BOUND ( 'NONE', #950, .T. ) ;
#601 = CONICAL_SURFACE ( 'NONE', #2743, 2.799999999999955413, 0.7853981633974775889 ) ;
#602 = ORIENTED_EDGE ( 'NONE', *, *, #392, .F. ) ;
#603 = ORIENTED_EDGE ( 'NONE', *, *, #2306, .F. ) ;
#604 = CARTESIAN_POINT ( 'NONE',  ( -58.00000000000000000, -5.600668665453405026, 7.352952387243095522 ) ) ;
#605 = ORIENTED_EDGE ( 'NONE', *, *, #3075, .F. ) ;
#606 = DIRECTION ( 'NONE',  ( -0.000000000000000000, -0.000000000000000000, -1.000000000000000000 ) ) ;
#607 = FACE_OUTER_BOUND ( 'NONE', #6915, .T. ) ;
#608 = CIRCLE ( 'NONE', #3872, 1.000000000000000888 ) ;
#609 = DIRECTION ( 'NONE',  ( 0.000000000000000000, 0.000000000000000000, 1.000000000000000000 ) ) ;
#610 = CARTESIAN_POINT ( 'NONE',  ( 62.49999999999998579, -15.99999999999995559, 7.950000000000023270 ) ) ;
#611 = DIRECTION ( 'NONE',  ( -1.000000000000000000, 0.000000000000000000, 0.000000000000000000 ) ) ;
#612 = CARTESIAN_POINT ( 'NONE',  ( 63.49999999999998579, 4.720508075688640837, 5.999999999999395150 ) ) ;
#613 = DIRECTION ( 'NONE',  ( -1.000000000000000000, 0.000000000000000000, 0.000000000000000000 ) ) ;
#614 = ADVANCED_FACE ( 'NONE', ( #4460 ), #7536, .F. ) ;
#615 = AXIS2_PLACEMENT_3D ( 'NONE', #3829, #7386, #4970 ) ;
#616 = DIRECTION ( 'NONE',  ( 1.000000000000000000, 0.000000000000000000, 0.000000000000000000 ) ) ;
#617 = VERTEX_POINT ( 'NONE', #6211 ) ;
#618 = VECTOR ( 'NONE', #1766, 1000.000000000000000 ) ;
#619 = DIRECTION ( 'NONE',  ( 0.000000000000000000, 0.000000000000000000, 1.000000000000000000 ) ) ;
#620 = DIRECTION ( 'NONE',  ( 1.000000000000000000, 0.000000000000000000, 0.000000000000000000 ) ) ;
#621 = FACE_OUTER_BOUND ( 'NONE', #474, .T. ) ;
#622 = ORIENTED_EDGE ( 'NONE', *, *, #7578, .T. ) ;
#623 = CARTESIAN_POINT ( 'NONE',  ( 26.20710678118648573, 24.29289321881345742, -7.399999999999962164 ) ) ;
#624 = ADVANCED_FACE ( 'NONE', ( #3182 ), #3102, .T. ) ;
#625 = EDGE_LOOP ( 'NONE', ( #2326, #436, #2217, #6858 ) ) ;
#626 = ADVANCED_FACE ( 'NONE', ( #6847 ), #1261, .T. ) ;
#627 = CARTESIAN_POINT ( 'NONE',  ( -13.00000000000000000, -9.000000000000001776, -7.000000000000000000 ) ) ;
#628 = EDGE_CURVE ( 'NONE', #974, #1524, #6291, .T. ) ;
#629 = CARTESIAN_POINT ( 'NONE',  ( -64.00000000000000000, 15.99999999999998224, 10.99999999999999822 ) ) ;
#630 = ORIENTED_EDGE ( 'NONE', *, *, #2306, .T. ) ;
#631 = FACE_OUTER_BOUND ( 'NONE', #2275, .T. ) ;
#632 = PLANE ( 'NONE',  #7529 ) ;
#633 = EDGE_CURVE ( 'NONE', #6478, #6173, #3261, .T. ) ;
#634 = CARTESIAN_POINT ( 'NONE',  ( -64.00000000000000000, -24.00000000000000000, -2.599999999999975664 ) ) ;
#635 = CIRCLE ( 'NONE', #3281, 10.75000000000000000 ) ;
#636 = DIRECTION ( 'NONE',  ( 1.000000000000000000, -0.000000000000000000, 0.000000000000000000 ) ) ;
#637 = DIRECTION ( 'NONE',  ( 0.000000000000000000, 0.000000000000000000, 1.000000000000000000 ) ) ;
#638 = ORIENTED_EDGE ( 'NONE', *, *, #3495, .F. ) ;
#639 = CARTESIAN_POINT ( 'NONE',  ( -70.50293497956538147, 18.98042485753536823, 12.63164529836050498 ) ) ;
#640 = ORIENTED_EDGE ( 'NONE', *, *, #4959, .F. ) ;
#641 = DIRECTION ( 'NONE',  ( -0.000000000000000000, -0.000000000000000000, -1.000000000000000000 ) ) ;
#642 = VECTOR ( 'NONE', #6010, 1000.000000000000114 ) ;
#643 = ORIENTED_EDGE ( 'NONE', *, *, #300, .T. ) ;
#644 = FACE_OUTER_BOUND ( 'NONE', #6705, .T. ) ;
#645 = PLANE ( 'NONE',  #5396 ) ;
#646 = ORIENTED_EDGE ( 'NONE', *, *, #3797, .T. ) ;
#647 = CARTESIAN_POINT ( 'NONE',  ( 10.24999999999999645, 29.00000000000089884, -7.000000000000000000 ) ) ;
#648 = LINE ( 'NONE', #4790, #2623 ) ;
#649 = DIRECTION ( 'NONE',  ( -1.000000000000000000, 0.000000000000000000, 0.000000000000000000 ) ) ;
#650 = VECTOR ( 'NONE', #5563, 1000.000000000000000 ) ;
#651 = CARTESIAN_POINT ( 'NONE',  ( -64.00000000000000000, -16.00000000000001776, 10.99999999999999822 ) ) ;
#652 = DIRECTION ( 'NONE',  ( 0.000000000000000000, 0.000000000000000000, 1.000000000000000000 ) ) ;
#653 = VERTEX_POINT ( 'NONE', #3817 ) ;
#654 = CIRCLE ( 'NONE', #5305, 4.999999999999997335 ) ;
#655 = AXIS2_PLACEMENT_3D ( 'NONE', #2330, #4739, #7251 ) ;
#656 = DIRECTION ( 'NONE',  ( 2.040851148208007259E-16, 1.000000000000000000, 0.000000000000000000 ) ) ;
#657 = EDGE_CURVE ( 'NONE', #1922, #7155, #2155, .T. ) ;
#658 = EDGE_LOOP ( 'NONE', ( #1630, #4132, #7633, #2897 ) ) ;
#659 = CARTESIAN_POINT ( 'NONE',  ( 14.86862915010149599, 34.78284271247459714, -8.000000000000000000 ) ) ;
#660 = DIRECTION ( 'NONE',  ( -1.000000000000000000, -0.000000000000000000, -0.000000000000000000 ) ) ;
#661 = VERTEX_POINT ( 'NONE', #2682 ) ;
#662 = ORIENTED_EDGE ( 'NONE', *, *, #1351, .T. ) ;
#663 = DIRECTION ( 'NONE',  ( 0.000000000000000000, -0.7317478313925263045, 0.6815754626248915482 ) ) ;
#664 = DIRECTION ( 'NONE',  ( -1.000000000000000000, 0.000000000000000000, 0.000000000000000000 ) ) ;
#665 = ORIENTED_EDGE ( 'NONE', *, *, #1488, .F. ) ;
#666 = VECTOR ( 'NONE', #7205, 1000.000000000000000 ) ;
#667 = DIRECTION ( 'NONE',  ( 1.000000000000000000, 1.982541115402064370E-16, 0.000000000000000000 ) ) ;
#668 = EDGE_CURVE ( 'NONE', #6365, #960, #1329, .T. ) ;
#669 = VECTOR ( 'NONE', #4216, 1000.000000000000000 ) ;
#670 = ORIENTED_EDGE ( 'NONE', *, *, #1728, .T. ) ;
#671 = DIRECTION ( 'NONE',  ( 0.000000000000000000, 1.000000000000000000, 0.000000000000000000 ) ) ;
#672 = VERTEX_POINT ( 'NONE', #4502 ) ;
#673 = LINE ( 'NONE', #1378, #4058 ) ;
#674 = CARTESIAN_POINT ( 'NONE',  ( 22.99999999999998934, 17.60000000000001563, -8.000000000000000000 ) ) ;
#675 = CARTESIAN_POINT ( 'NONE',  ( 63.99999999999998579, 24.00000000000000000, -2.000000000000008882 ) ) ;
#676 = CARTESIAN_POINT ( 'NONE',  ( -17.39999999999996660, -11.99999999999999467, -8.000000000000000000 ) ) ;
#677 = EDGE_CURVE ( 'NONE', #699, #4354, #6168, .T. ) ;
#678 = LINE ( 'NONE', #6648, #5593 ) ;
#679 = AXIS2_PLACEMENT_3D ( 'NONE', #3904, #6840, #7368 ) ;
#680 = PLANE ( 'NONE',  #5265 ) ;
#681 = LINE ( 'NONE', #3073, #3158 ) ;
#682 = EDGE_CURVE ( 'NONE', #6352, #1817, #3399, .T. ) ;
#683 = EDGE_CURVE ( 'NONE', #2234, #7809, #4668, .T. ) ;
#684 = VERTEX_POINT ( 'NONE', #5123 ) ;
#685 = ORIENTED_EDGE ( 'NONE', *, *, #2669, .T. ) ;
#686 = DIRECTION ( 'NONE',  ( 0.000000000000000000, 0.03547722218375332776, -0.9993704852086259249 ) ) ;
#687 = VECTOR ( 'NONE', #5994, 1000.000000000000000 ) ;
#688 = VERTEX_POINT ( 'NONE', #2210 ) ;
#689 = PLANE ( 'NONE',  #5220 ) ;
#690 = LINE ( 'NONE', #4394, #1875 ) ;
#691 = VERTEX_POINT ( 'NONE', #5725 ) ;
#692 = EDGE_CURVE ( 'NONE', #5383, #3527, #4577, .T. ) ;
#693 = CARTESIAN_POINT ( 'NONE',  ( 63.49999999999998579, 8.310154176118121683, 15.90000000000001101 ) ) ;
#694 = DIRECTION ( 'NONE',  ( -0.000000000000000000, -0.000000000000000000, 1.000000000000000000 ) ) ;
#695 = CARTESIAN_POINT ( 'NONE',  ( 11.34999999999999964, 8.300000000000901323, 0.000000000000000000 ) ) ;
#696 = CIRCLE ( 'NONE', #7406, 4.499999999999990230 ) ;
#697 = DIRECTION ( 'NONE',  ( -1.000000000000000000, -0.000000000000000000, -0.000000000000000000 ) ) ;
#698 = CARTESIAN_POINT ( 'NONE',  ( 62.99999999999998579, -13.04999999999998117, 11.77459666924138659 ) ) ;
#699 = VERTEX_POINT ( 'NONE', #2276 ) ;
#700 = CARTESIAN_POINT ( 'NONE',  ( 63.99999999999998579, 7.485765236524320798, 14.38822856765377800 ) ) ;
#701 = VECTOR ( 'NONE', #4360, 1000.000000000000000 ) ;
#702 = EDGE_LOOP ( 'NONE', ( #4267, #6566, #1942, #1526, #7733, #3002 ) ) ;
#703 = AXIS2_PLACEMENT_3D ( 'NONE', #4777, #7095, #5242 ) ;
#704 = AXIS2_PLACEMENT_3D ( 'NONE', #2538, #1398, #3840 ) ;
#705 = CARTESIAN_POINT ( 'NONE',  ( -58.33317167285149196, 8.336868088146827560, 15.73317167285150120 ) ) ;
#706 = VERTEX_POINT ( 'NONE', #3346 ) ;
#707 = FACE_OUTER_BOUND ( 'NONE', #3785, .T. ) ;
#708 = ORIENTED_EDGE ( 'NONE', *, *, #5781, .T. ) ;
#709 = EDGE_LOOP ( 'NONE', ( #2531, #6468, #2296, #445 ) ) ;
#710 = CARTESIAN_POINT ( 'NONE',  ( -58.50000000000001421, 8.934653975957925098, 14.00000000000000000 ) ) ;
#711 = EDGE_LOOP ( 'NONE', ( #3942, #5302, #464, #2336 ) ) ;
#712 = VECTOR ( 'NONE', #406, 1000.000000000000114 ) ;
#713 = DIRECTION ( 'NONE',  ( -0.000000000000000000, -1.000000000000000000, -0.000000000000000000 ) ) ;
#714 = AXIS2_PLACEMENT_3D ( 'NONE', #4431, #6980, #1543 ) ;
#715 = ORIENTED_EDGE ( 'NONE', *, *, #1689, .F. ) ;
#716 = ORIENTED_EDGE ( 'NONE', *, *, #3061, .F. ) ;
#717 = DIRECTION ( 'NONE',  ( 1.000000000000000000, 0.000000000000000000, 0.000000000000000000 ) ) ;
#718 = DIRECTION ( 'NONE',  ( 0.000000000000000000, -0.7317478313925263045, 0.6815754626248915482 ) ) ;
#719 = CARTESIAN_POINT ( 'NONE',  ( 4.531193156845206793E-15, 18.00000000000000000, 1.299999999999966960 ) ) ;
#720 = EDGE_CURVE ( 'NONE', #2762, #3213, #7489, .T. ) ;
#721 = VECTOR ( 'NONE', #6556, 1000.000000000000000 ) ;
#722 = CARTESIAN_POINT ( 'NONE',  ( 11.34999999999999964, 8.300000000000901323, -7.000000000000000000 ) ) ;
#723 = FACE_OUTER_BOUND ( 'NONE', #2730, .T. ) ;
#724 = VERTEX_POINT ( 'NONE', #391 ) ;
#725 = ORIENTED_EDGE ( 'NONE', *, *, #2755, .T. ) ;
#726 = CONICAL_SURFACE ( 'NONE', #5131, 3.499999999999998668, 0.7853981633974386201 ) ;
#727 = CARTESIAN_POINT ( 'NONE',  ( -64.00000000000001421, 7.485765236524285271, 14.38822856765378866 ) ) ;
#728 = EDGE_LOOP ( 'NONE', ( #6058, #6881, #5501, #7343 ) ) ;
#729 = LINE ( 'NONE', #4978, #7407 ) ;
#730 = EDGE_LOOP ( 'NONE', ( #1253, #7797, #7803, #4497 ) ) ;
#731 = EDGE_CURVE ( 'NONE', #2376, #6224, #4614, .T. ) ;
#732 = AXIS2_PLACEMENT_3D ( 'NONE', #2141, #369, #2018 ) ;
#733 = DIRECTION ( 'NONE',  ( 0.000000000000000000, 0.000000000000000000, 1.000000000000000000 ) ) ;
#734 = EDGE_CURVE ( 'NONE', #14, #214, #1023, .T. ) ;
#735 = DIRECTION ( 'NONE',  ( 2.040851148208007259E-16, 1.000000000000000000, 0.000000000000000000 ) ) ;
#736 = DIRECTION ( 'NONE',  ( 1.000000000000000000, 0.000000000000000000, 0.000000000000000000 ) ) ;
#737 = VECTOR ( 'NONE', #4539, 1000.000000000000000 ) ;
#738 = EDGE_CURVE ( 'NONE', #5223, #181, #390, .T. ) ;
#739 = AXIS2_PLACEMENT_3D ( 'NONE', #2458, #6698, #5371 ) ;
#740 = FACE_OUTER_BOUND ( 'NONE', #6327, .T. ) ;
#741 = ORIENTED_EDGE ( 'NONE', *, *, #1395, .F. ) ;
#742 = FACE_OUTER_BOUND ( 'NONE', #799, .T. ) ;
#743 = AXIS2_PLACEMENT_3D ( 'NONE', #222, #2619, #3634 ) ;
#744 = ORIENTED_EDGE ( 'NONE', *, *, #1025, .T. ) ;
#745 = CARTESIAN_POINT ( 'NONE',  ( -64.00000000000000000, -14.00000000000000000, 15.40000000000001101 ) ) ;
#746 = EDGE_CURVE ( 'NONE', #4722, #2785, #2503, .T. ) ;
#747 = DIRECTION ( 'NONE',  ( 0.000000000000000000, 0.7071067811865434649, 0.7071067811865516806 ) ) ;
#748 = AXIS2_PLACEMENT_3D ( 'NONE', #5879, #4694, #5239 ) ;
#749 = DIRECTION ( 'NONE',  ( 0.000000000000000000, -0.000000000000000000, -1.000000000000000000 ) ) ;
#750 = VECTOR ( 'NONE', #5256, 1000.000000000000000 ) ;
#751 = DIRECTION ( 'NONE',  ( -0.000000000000000000, -0.000000000000000000, 1.000000000000000000 ) ) ;
#752 = ORIENTED_EDGE ( 'NONE', *, *, #5845, .F. ) ;
#753 = ORIENTED_EDGE ( 'NONE', *, *, #3690, .F. ) ;
#754 = CARTESIAN_POINT ( 'NONE',  ( -22.99999999999998579, -11.99999999999999467, -2.000000000000000000 ) ) ;
#755 = ORIENTED_EDGE ( 'NONE', *, *, #5436, .T. ) ;
#756 = FACE_OUTER_BOUND ( 'NONE', #2594, .T. ) ;
#757 = DIRECTION ( 'NONE',  ( -0.7071067811865462405, -0.6830127018922211857, -0.1830127018922177717 ) ) ;
#758 = ORIENTED_EDGE ( 'NONE', *, *, #581, .F. ) ;
#759 = CARTESIAN_POINT ( 'NONE',  ( 3.000000000000004441, -18.00000000000000000, 1.299999999999966960 ) ) ;
#760 = LINE ( 'NONE', #2562, #5456 ) ;
#761 = DIRECTION ( 'NONE',  ( 1.000000000000000000, 0.000000000000000000, 0.000000000000000000 ) ) ;
#762 = DIRECTION ( 'NONE',  ( -1.000000000000000000, 0.000000000000000000, 0.000000000000000000 ) ) ;
#763 = DIRECTION ( 'NONE',  ( 0.7071067811865475727, 0.000000000000000000, -0.7071067811865475727 ) ) ;
#764 = DIRECTION ( 'NONE',  ( -1.000000000000000000, -0.000000000000000000, -0.000000000000000000 ) ) ;
#765 = CARTESIAN_POINT ( 'NONE',  ( -22.99999999999998579, -17.60000000000001208, -8.000000000000000000 ) ) ;
#766 = EDGE_CURVE ( 'NONE', #5872, #4855, #3252, .T. ) ;
#767 = VERTEX_POINT ( 'NONE', #1321 ) ;
#768 = CARTESIAN_POINT ( 'NONE',  ( 63.39999999999999858, 8.934653975957925098, 16.00000000000000000 ) ) ;
#769 = LINE ( 'NONE', #5662, #6629 ) ;
#770 = CARTESIAN_POINT ( 'NONE',  ( -62.99999999999998579, 15.99999999999998224, 10.99999999999999822 ) ) ;
#771 = EDGE_LOOP ( 'NONE', ( #1326, #6564, #1029, #5636, #6490, #4365, #285, #3483, #3507 ) ) ;
#772 = AXIS2_PLACEMENT_3D ( 'NONE', #2324, #3531, #6719 ) ;
#773 = DIRECTION ( 'NONE',  ( -1.000000000000000000, 0.000000000000000000, 0.000000000000000000 ) ) ;
#774 = CARTESIAN_POINT ( 'NONE',  ( -57.99999999999997868, 23.39999999999997016, -8.000000000000000000 ) ) ;
#775 = CARTESIAN_POINT ( 'NONE',  ( 54.00000000000000711, 23.39999999999998437, -2.000000000000000000 ) ) ;
#776 = DIRECTION ( 'NONE',  ( 0.000000000000000000, 0.000000000000000000, -1.000000000000000000 ) ) ;
#777 = EDGE_CURVE ( 'NONE', #6075, #3213, #6874, .T. ) ;
#778 = EDGE_CURVE ( 'NONE', #2573, #6055, #6837, .T. ) ;
#779 = LINE ( 'NONE', #3168, #2218 ) ;
#780 = EDGE_LOOP ( 'NONE', ( #3042, #7299, #1104, #3141 ) ) ;
#781 = CARTESIAN_POINT ( 'NONE',  ( 4.531193156845206793E-15, -18.00000000000000000, 1.500000000000000000 ) ) ;
#782 = EDGE_LOOP ( 'NONE', ( #41, #1793, #15, #4877, #4912 ) ) ;
#783 = CARTESIAN_POINT ( 'NONE',  ( 63.49999999999998579, 5.117705752308854272, 7.482361909794360777 ) ) ;
#784 = VECTOR ( 'NONE', #5854, 1000.000000000000000 ) ;
#785 = EDGE_CURVE ( 'NONE', #960, #237, #4606, .T. ) ;
#786 = CARTESIAN_POINT ( 'NONE',  ( 14.86862915010150665, 34.78284271247460424, -2.000000000000000000 ) ) ;
#787 = CARTESIAN_POINT ( 'NONE',  ( 24.82573593128807943, 24.82573593128797640, -8.000000000000000000 ) ) ;
#788 = ADVANCED_FACE ( 'NONE', ( #7789 ), #573, .T. ) ;
#789 = EDGE_LOOP ( 'NONE', ( #366, #4632, #394, #7020 ) ) ;
#790 = EDGE_CURVE ( 'NONE', #3984, #1930, #1893, .T. ) ;
#791 = VECTOR ( 'NONE', #576, 1000.000000000000000 ) ;
#792 = CARTESIAN_POINT ( 'NONE',  ( 58.00000000000000000, 23.39999999999998437, 2.000000000000000000 ) ) ;
#793 = ORIENTED_EDGE ( 'NONE', *, *, #2747, .F. ) ;
#794 = CYLINDRICAL_SURFACE ( 'NONE', #4578, 10.75000000000000000 ) ;
#795 = PLANE ( 'NONE',  #3479 ) ;
#796 = DIRECTION ( 'NONE',  ( 0.000000000000000000, 0.000000000000000000, -1.000000000000000000 ) ) ;
#797 = ADVANCED_FACE ( 'NONE', ( #2346 ), #4190, .F. ) ;
#798 = VECTOR ( 'NONE', #6532, 1000.000000000000000 ) ;
#799 = EDGE_LOOP ( 'NONE', ( #2222, #2277, #6596, #638 ) ) ;
#800 = PLANE ( 'NONE',  #5121 ) ;
#801 = ORIENTED_EDGE ( 'NONE', *, *, #1584, .F. ) ;
#802 = LINE ( 'NONE', #5606, #2552 ) ;
#803 = DIRECTION ( 'NONE',  ( 1.000000000000000000, 0.000000000000000000, 0.000000000000000000 ) ) ;
#804 = DIRECTION ( 'NONE',  ( 0.000000000000000000, -0.2588190451025179084, -0.9659258262890690894 ) ) ;
#805 = CARTESIAN_POINT ( 'NONE',  ( -14.58578643762690064, 34.49999999999999289, -8.000000000000000000 ) ) ;
#806 = DIRECTION ( 'NONE',  ( 1.000000000000000000, 0.000000000000000000, 0.000000000000000000 ) ) ;
#807 = AXIS2_PLACEMENT_3D ( 'NONE', #1340, #3152, #211 ) ;
#808 = ORIENTED_EDGE ( 'NONE', *, *, #3334, .F. ) ;
#809 = ORIENTED_EDGE ( 'NONE', *, *, #2239, .T. ) ;
#810 = DIRECTION ( 'NONE',  ( -1.000000000000000000, -9.912705577010325549E-17, 0.000000000000000000 ) ) ;
#811 = LINE ( 'NONE', #6819, #6381 ) ;
#812 = CARTESIAN_POINT ( 'NONE',  ( 63.39999999999999858, 24.00000000000000000, 6.000000000000000000 ) ) ;
#813 = ORIENTED_EDGE ( 'NONE', *, *, #3582, .T. ) ;
#814 = LINE ( 'NONE', #3671, #2124 ) ;
#815 = CARTESIAN_POINT ( 'NONE',  ( -58.00000000000000000, -24.00000000000000000, 15.39999999999999680 ) ) ;
#816 = EDGE_CURVE ( 'NONE', #7376, #1001, #2305, .T. ) ;
#817 =( GEOMETRIC_REPRESENTATION_CONTEXT ( 3 ) GLOBAL_UNCERTAINTY_ASSIGNED_CONTEXT ( ( #7016 ) ) GLOBAL_UNIT_ASSIGNED_CONTEXT ( ( #3736, #6175, #207 ) ) REPRESENTATION_CONTEXT ( 'NONE', 'WORKASPACE' ) );
#818 = CIRCLE ( 'NONE', #3062, 4.999999999999997335 ) ;
#819 = DIRECTION ( 'NONE',  ( 1.000000000000000000, 0.000000000000000000, 0.000000000000000000 ) ) ;
#820 = DIRECTION ( 'NONE',  ( 0.000000000000000000, -0.9993704852086260360, 0.03547722218375333469 ) ) ;
#821 = ORIENTED_EDGE ( 'NONE', *, *, #1677, .T. ) ;
#822 = FACE_OUTER_BOUND ( 'NONE', #711, .T. ) ;
#823 = FACE_OUTER_BOUND ( 'NONE', #2637, .T. ) ;
#824 = ORIENTED_EDGE ( 'NONE', *, *, #290, .F. ) ;
#825 = LINE ( 'NONE', #1958, #4869 ) ;
#826 = VECTOR ( 'NONE', #7044, 1000.000000000000000 ) ;
#827 = AXIS2_PLACEMENT_3D ( 'NONE', #1779, #7263, #4823 ) ;
#828 = EDGE_CURVE ( 'NONE', #5205, #688, #6332, .T. ) ;
#829 = CARTESIAN_POINT ( 'NONE',  ( 7.826818642490382949, 7.995048312087263298, -2.162085226981883768 ) ) ;
#830 = CARTESIAN_POINT ( 'NONE',  ( -63.50000000000004263, 5.117705752308854272, 7.482361909794360777 ) ) ;
#831 = CIRCLE ( 'NONE', #4967, 1.000000000000000888 ) ;
#832 = CONICAL_SURFACE ( 'NONE', #4342, 5.600000000000018296, 0.7853981633974490562 ) ;
#833 = EDGE_CURVE ( 'NONE', #2511, #5808, #1202, .T. ) ;
#834 = CARTESIAN_POINT ( 'NONE',  ( -10.75000000000000000, 1.316495309083404618E-15, -7.000000000000000000 ) ) ;
#835 = ORIENTED_EDGE ( 'NONE', *, *, #7659, .F. ) ;
#836 = EDGE_LOOP ( 'NONE', ( #5560, #7101, #6249, #1506, #3119, #1858 ) ) ;
#837 = LINE ( 'NONE', #5000, #1547 ) ;
#838 = DIRECTION ( 'NONE',  ( 0.000000000000000000, 0.000000000000000000, -1.000000000000000000 ) ) ;
#839 = ADVANCED_FACE ( 'NONE', ( #1237 ), #7217, .F. ) ;
#840 = AXIS2_PLACEMENT_3D ( 'NONE', #65, #5453, #1359 ) ;
#841 = EDGE_CURVE ( 'NONE', #7652, #7411, #5043, .T. ) ;
#842 = EDGE_LOOP ( 'NONE', ( #6516, #6973, #3573, #6676 ) ) ;
#843 = EDGE_CURVE ( 'NONE', #4745, #5120, #4673, .T. ) ;
#844 = CIRCLE ( 'NONE', #7552, 9.400000000000011013 ) ;
#845 = DIRECTION ( 'NONE',  ( -1.000000000000000000, -0.000000000000000000, -0.000000000000000000 ) ) ;
#846 = ORIENTED_EDGE ( 'NONE', *, *, #3133, .F. ) ;
#847 = CARTESIAN_POINT ( 'NONE',  ( 0.000000000000000000, 0.000000000000000000, -7.000000000000000000 ) ) ;
#848 = CARTESIAN_POINT ( 'NONE',  ( 25.78284271247453674, 23.86862915010150843, -8.000000000000000000 ) ) ;
#849 = ORIENTED_EDGE ( 'NONE', *, *, #5162, .F. ) ;
#850 = CARTESIAN_POINT ( 'NONE',  ( 58.60000000000000142, 8.722052573321393609, 16.00000000000000000 ) ) ;
#851 = ADVANCED_FACE ( 'NONE', ( #7231, #5905 ), #4711, .F. ) ;
#852 = CARTESIAN_POINT ( 'NONE',  ( 58.00000000000000000, 8.396137495244502702, 15.39999999999999680 ) ) ;
#853 = CARTESIAN_POINT ( 'NONE',  ( -58.60000000000000853, -12.99201543247748170, 13.40798456752249912 ) ) ;
#854 = EDGE_LOOP ( 'NONE', ( #744, #835, #234, #4357 ) ) ;
#855 = CARTESIAN_POINT ( 'NONE',  ( 58.59999999999998721, -24.00000000000000000, -7.000000000000000000 ) ) ;
#856 = EDGE_LOOP ( 'NONE', ( #5150, #6923, #2023, #3117 ) ) ;
#857 = DIRECTION ( 'NONE',  ( 0.000000000000000000, -0.000000000000000000, -1.000000000000000000 ) ) ;
#858 = AXIS2_PLACEMENT_3D ( 'NONE', #2317, #5202, #2795 ) ;
#859 = ORIENTED_EDGE ( 'NONE', *, *, #1715, .T. ) ;
#860 = LINE ( 'NONE', #3837, #1736 ) ;
#861 = FACE_OUTER_BOUND ( 'NONE', #2904, .T. ) ;
#862 = DIRECTION ( 'NONE',  ( 1.000000000000000000, 0.000000000000000000, 0.000000000000000000 ) ) ;
#863 = VECTOR ( 'NONE', #6522, 1000.000000000000000 ) ;
#864 = CARTESIAN_POINT ( 'NONE',  ( -53.60000000000001563, -11.99999999999999822, -8.000000000000000000 ) ) ;
#865 = VERTEX_POINT ( 'NONE', #7353 ) ;
#866 = DIRECTION ( 'NONE',  ( -0.000000000000000000, -0.000000000000000000, 1.000000000000000000 ) ) ;
#867 = VECTOR ( 'NONE', #5689, 1000.000000000000000 ) ;
#868 = DIRECTION ( 'NONE',  ( -1.000000000000000000, 0.000000000000000000, -0.000000000000000000 ) ) ;
#869 = VERTEX_POINT ( 'NONE', #775 ) ;
#870 = CIRCLE ( 'NONE', #5134, 10.75000000000000000 ) ;
#871 = CONICAL_SURFACE ( 'NONE', #4757, 11.35000000000002629, 0.7853981633974439491 ) ;
#872 = CARTESIAN_POINT ( 'NONE',  ( -64.00000000000001421, 8.396137495244412108, 15.40000000000001101 ) ) ;
#873 = CARTESIAN_POINT ( 'NONE',  ( 58.00000000000000000, -13.02324650589123500, 12.52822535668488335 ) ) ;
#874 = CIRCLE ( 'NONE', #5656, 4.599999999999975664 ) ;
#875 = ADVANCED_FACE ( 'NONE', ( #1906 ), #2621, .T. ) ;
#876 = DIRECTION ( 'NONE',  ( 1.000000000000000000, -0.000000000000000000, -0.000000000000000000 ) ) ;
#877 = ORIENTED_EDGE ( 'NONE', *, *, #5101, .T. ) ;
#878 = EDGE_LOOP ( 'NONE', ( #4543, #5934, #1609, #961 ) ) ;
#879 = VECTOR ( 'NONE', #7112, 1000.000000000000114 ) ;
#880 = CARTESIAN_POINT ( 'NONE',  ( 0.000000000000000000, 14.00000000000000000, 6.000000000000000000 ) ) ;
#881 = VECTOR ( 'NONE', #5060, 1000.000000000000000 ) ;
#882 = AXIS2_PLACEMENT_3D ( 'NONE', #2445, #3502, #4218 ) ;
#883 = ORIENTED_EDGE ( 'NONE', *, *, #3110, .F. ) ;
#884 = EDGE_CURVE ( 'NONE', #3984, #5200, #3674, .T. ) ;
#885 = EDGE_CURVE ( 'NONE', #7411, #3378, #6106, .T. ) ;
#886 = ORIENTED_EDGE ( 'NONE', *, *, #677, .T. ) ;
#887 = CARTESIAN_POINT ( 'NONE',  ( -53.00000000000000000, -17.00000000000000000, -7.399999999999982592 ) ) ;
#888 = LINE ( 'NONE', #5086, #3240 ) ;
#889 = CARTESIAN_POINT ( 'NONE',  ( -63.50000000000002842, -5.117705752308856049, 7.482361909794359001 ) ) ;
#890 = LINE ( 'NONE', #6305, #3256 ) ;
#891 = EDGE_CURVE ( 'NONE', #691, #4771, #145, .T. ) ;
#892 = EDGE_LOOP ( 'NONE', ( #1020, #2728, #6888, #2130 ) ) ;
#893 = AXIS2_PLACEMENT_3D ( 'NONE', #7294, #44, #761 ) ;
#894 = CARTESIAN_POINT ( 'NONE',  ( -53.00000000000000000, -17.00000000000000000, -2.600000000000003197 ) ) ;
#895 = EDGE_CURVE ( 'NONE', #5923, #5694, #1520, .T. ) ;
#896 = ORIENTED_EDGE ( 'NONE', *, *, #6706, .T. ) ;
#897 = LINE ( 'NONE', #3943, #7033 ) ;
#898 = VERTEX_POINT ( 'NONE', #185 ) ;
#899 = DIRECTION ( 'NONE',  ( 1.000000000000000000, 0.000000000000000000, 0.000000000000000000 ) ) ;
#900 = CARTESIAN_POINT ( 'NONE',  ( 0.000000000000000000, -10.39999999999996838, 16.00000000000000000 ) ) ;
#901 = ORIENTED_EDGE ( 'NONE', *, *, #1252, .T. ) ;
#902 = DIRECTION ( 'NONE',  ( 0.000000000000000000, 0.000000000000000000, -1.000000000000000000 ) ) ;
#903 = ORIENTED_EDGE ( 'NONE', *, *, #7113, .T. ) ;
#904 = DIRECTION ( 'NONE',  ( 0.7071067811865682229, 8.659560562355186773E-17, -0.7071067811865268116 ) ) ;
#905 = LINE ( 'NONE', #5713, #3803 ) ;
#906 = ORIENTED_EDGE ( 'NONE', *, *, #4455, .F. ) ;
#907 = CARTESIAN_POINT ( 'NONE',  ( -58.59999999999998010, -20.24542364858361765, 13.80990931123482746 ) ) ;
#908 = AXIS2_PLACEMENT_3D ( 'NONE', #4682, #6370, #2132 ) ;
#909 = DIRECTION ( 'NONE',  ( -1.000000000000000000, 0.000000000000000000, 0.000000000000000000 ) ) ;
#910 = CARTESIAN_POINT ( 'NONE',  ( 4.531193156845206793E-15, -18.00000000000000000, 1.500000000000000000 ) ) ;
#911 = DIRECTION ( 'NONE',  ( -0.000000000000000000, -0.000000000000000000, 1.000000000000000000 ) ) ;
#912 = ORIENTED_EDGE ( 'NONE', *, *, #3166, .F. ) ;
#913 = CIRCLE ( 'NONE', #5296, 4.000000000000000000 ) ;
#914 = ORIENTED_EDGE ( 'NONE', *, *, #4324, .T. ) ;
#915 = DIRECTION ( 'NONE',  ( 1.000000000000000000, 0.000000000000000000, 0.000000000000000000 ) ) ;
#916 = AXIS2_PLACEMENT_3D ( 'NONE', #1214, #3604, #5422 ) ;
#917 = EDGE_LOOP ( 'NONE', ( #5306, #2849, #6909, #2066 ) ) ;
#918 = ORIENTED_EDGE ( 'NONE', *, *, #476, .T. ) ;
#919 = DIRECTION ( 'NONE',  ( 0.7071067811865454633, -1.443099686290229567E-16, 0.7071067811865495711 ) ) ;
#920 = ORIENTED_EDGE ( 'NONE', *, *, #3957, .F. ) ;
#921 = AXIS2_PLACEMENT_3D ( 'NONE', #4943, #3009, #6665 ) ;
#922 = DIRECTION ( 'NONE',  ( 0.000000000000000000, 0.000000000000000000, -1.000000000000000000 ) ) ;
#923 = DIRECTION ( 'NONE',  ( 1.000000000000000000, -0.000000000000000000, 0.000000000000000000 ) ) ;
#924 = EDGE_CURVE ( 'NONE', #3485, #2516, #7515, .T. ) ;
#925 = VECTOR ( 'NONE', #4318, 1000.000000000000000 ) ;
#926 = VERTEX_POINT ( 'NONE', #6908 ) ;
#927 = FACE_OUTER_BOUND ( 'NONE', #6421, .T. ) ;
#928 = ORIENTED_EDGE ( 'NONE', *, *, #843, .T. ) ;
#929 = DIRECTION ( 'NONE',  ( 0.000000000000000000, 0.000000000000000000, -1.000000000000000000 ) ) ;
#930 = EDGE_CURVE ( 'NONE', #2773, #229, #1899, .T. ) ;
#931 = ORIENTED_EDGE ( 'NONE', *, *, #2710, .F. ) ;
#932 = VECTOR ( 'NONE', #36, 1000.000000000000000 ) ;
#933 = LINE ( 'NONE', #5622, #2129 ) ;
#934 = DIRECTION ( 'NONE',  ( 0.7071067811865479058, 0.000000000000000000, 0.7071067811865471286 ) ) ;
#935 = EDGE_CURVE ( 'NONE', #2073, #257, #6707, .T. ) ;
#936 = EDGE_CURVE ( 'NONE', #1486, #7809, #5098, .T. ) ;
#937 = ORIENTED_EDGE ( 'NONE', *, *, #6667, .F. ) ;
#938 = VERTEX_POINT ( 'NONE', #7631 ) ;
#939 = DIRECTION ( 'NONE',  ( 0.000000000000000000, 0.000000000000000000, 1.000000000000000000 ) ) ;
#940 = ORIENTED_EDGE ( 'NONE', *, *, #3556, .F. ) ;
#941 = DIRECTION ( 'NONE',  ( 0.000000000000000000, -8.673617379884035472E-16, -1.000000000000000000 ) ) ;
#942 = EDGE_CURVE ( 'NONE', #6502, #5033, #5817, .T. ) ;
#943 = CARTESIAN_POINT ( 'NONE',  ( -8.150000000000000355, 29.00000000000089528, 0.000000000000000000 ) ) ;
#944 = EDGE_LOOP ( 'NONE', ( #4027, #3917, #350, #5053 ) ) ;
#945 = VECTOR ( 'NONE', #2510, 1000.000000000000000 ) ;
#946 = CARTESIAN_POINT ( 'NONE',  ( 8.046371178260397272, 7.244809654360388151, -2.523545989090532071 ) ) ;
#947 = CARTESIAN_POINT ( 'NONE',  ( -10.25000000000000000, 29.00000000000089528, -2.000000000000000000 ) ) ;
#948 = DIRECTION ( 'NONE',  ( -0.6785983445458467767, 0.2810846377148220609, -0.6785983445458467767 ) ) ;
#949 = VECTOR ( 'NONE', #1973, 999.9999999999998863 ) ;
#950 = EDGE_LOOP ( 'NONE', ( #3342, #4951, #6603, #4128 ) ) ;
#951 = AXIS2_PLACEMENT_3D ( 'NONE', #2850, #5254, #2704 ) ;
#952 = VERTEX_POINT ( 'NONE', #5779 ) ;
#953 = DIRECTION ( 'NONE',  ( -0.000000000000000000, -0.000000000000000000, 1.000000000000000000 ) ) ;
#954 = CARTESIAN_POINT ( 'NONE',  ( 10.24999999999999645, 29.00000000000089884, 0.000000000000000000 ) ) ;
#955 = DIRECTION ( 'NONE',  ( 0.000000000000000000, -0.7071067811865491270, -0.7071067811865459074 ) ) ;
#956 = CIRCLE ( 'NONE', #5339, 2.099999999999999645 ) ;
#957 = ORIENTED_EDGE ( 'NONE', *, *, #6254, .F. ) ;
#958 = ORIENTED_EDGE ( 'NONE', *, *, #3986, .F. ) ;
#959 = CARTESIAN_POINT ( 'NONE',  ( 58.50000000000000711, -3.185854099730718314, 5.999999999999394262 ) ) ;
#960 = VERTEX_POINT ( 'NONE', #2110 ) ;
#961 = ORIENTED_EDGE ( 'NONE', *, *, #7582, .F. ) ;
#962 = DIRECTION ( 'NONE',  ( -1.000000000000000000, 0.000000000000000000, 0.000000000000000000 ) ) ;
#963 = ORIENTED_EDGE ( 'NONE', *, *, #3320, .F. ) ;
#964 = CARTESIAN_POINT ( 'NONE',  ( -22.99999999999998579, -16.99999999999999289, -2.600000000000003197 ) ) ;
#965 = LINE ( 'NONE', #2770, #6507 ) ;
#966 = DIRECTION ( 'NONE',  ( -1.000000000000000000, 0.000000000000000000, 0.000000000000000000 ) ) ;
#967 = VECTOR ( 'NONE', #1701, 1000.000000000000000 ) ;
#968 = DIRECTION ( 'NONE',  ( 0.6785983445458428909, 0.6785983445458428909, 0.2810846377148398800 ) ) ;
#969 = ORIENTED_EDGE ( 'NONE', *, *, #7555, .T. ) ;
#970 = CARTESIAN_POINT ( 'NONE',  ( 17.39999999999999503, -12.00000000000000355, -2.000000000000000000 ) ) ;
#971 = ORIENTED_EDGE ( 'NONE', *, *, #5888, .T. ) ;
#972 = AXIS2_PLACEMENT_3D ( 'NONE', #1654, #4059, #5883 ) ;
#973 = CARTESIAN_POINT ( 'NONE',  ( -11.34999999999999964, 29.00000000000089528, -7.000000000000000000 ) ) ;
#974 = VERTEX_POINT ( 'NONE', #2192 ) ;
#975 = CARTESIAN_POINT ( 'NONE',  ( 10.25000000000000000, 8.300000000000901323, 0.000000000000000000 ) ) ;
#976 = EDGE_CURVE ( 'NONE', #4078, #6374, #6948, .T. ) ;
#977 = CARTESIAN_POINT ( 'NONE',  ( -47.99999999999999289, 17.60000000000001563, -2.000000000000000000 ) ) ;
#978 = EDGE_CURVE ( 'NONE', #6798, #7636, #7666, .T. ) ;
#979 = CARTESIAN_POINT ( 'NONE',  ( -62.49999999999998579, -14.00000000000000000, 6.000000000000000000 ) ) ;
#980 = AXIS2_PLACEMENT_3D ( 'NONE', #1572, #3975, #7461 ) ;
#981 = ADVANCED_FACE ( 'NONE', ( #5215 ), #3288, .T. ) ;
#982 = CARTESIAN_POINT ( 'NONE',  ( 63.49999999999998579, -3.185854099730718314, 5.999999999999394262 ) ) ;
#983 = CARTESIAN_POINT ( 'NONE',  ( 64.40112299328833956, -22.99887700671163770, -2.166150583999769008 ) ) ;
#984 = CARTESIAN_POINT ( 'NONE',  ( 63.99999999999998579, -23.40000000000001279, 6.000000000000000000 ) ) ;
#985 = VECTOR ( 'NONE', #4248, 1000.000000000000000 ) ;
#986 = EDGE_CURVE ( 'NONE', #202, #5169, #6339, .T. ) ;
#987 = ORIENTED_EDGE ( 'NONE', *, *, #5751, .F. ) ;
#988 = EDGE_LOOP ( 'NONE', ( #2430, #3815, #5209, #5044 ) ) ;
#989 = CARTESIAN_POINT ( 'NONE',  ( 0.000000000000000000, 0.000000000000000000, -7.000000000000000000 ) ) ;
#990 = CARTESIAN_POINT ( 'NONE',  ( -70.50293497956538147, -13.04999999999998117, 11.77459666924138659 ) ) ;
#991 = AXIS2_PLACEMENT_3D ( 'NONE', #7228, #1338, #609 ) ;
#992 = B_SPLINE_CURVE_WITH_KNOTS ( 'NONE', 3,
 ( #3043, #7107, #1664, #566 ),
 .UNSPECIFIED., .F., .F.,
 ( 4, 4 ),
 ( 0.000000000000000000, 0.0007123153312739998085 ),
 .UNSPECIFIED. ) ;
#993 = VERTEX_POINT ( 'NONE', #1512 ) ;
#994 = EDGE_LOOP ( 'NONE', ( #3940, #4301, #3822, #2017 ) ) ;
#995 = AXIS2_PLACEMENT_3D ( 'NONE', #1236, #2967, #572 ) ;
#996 = DIRECTION ( 'NONE',  ( 1.000000000000000000, 0.000000000000000000, 0.000000000000000000 ) ) ;
#997 = ORIENTED_EDGE ( 'NONE', *, *, #4005, .T. ) ;
#998 = FACE_BOUND ( 'NONE', #1885, .T. ) ;
#999 = ORIENTED_EDGE ( 'NONE', *, *, #692, .T. ) ;
#1000 = CARTESIAN_POINT ( 'NONE',  ( 52.99999999999998579, -12.00000000000001421, -2.599999999999975664 ) ) ;
#1001 = VERTEX_POINT ( 'NONE', #5667 ) ;
#1002 = DIRECTION ( 'NONE',  ( -0.000000000000000000, -0.000000000000000000, -1.000000000000000000 ) ) ;
#1003 = ORIENTED_EDGE ( 'NONE', *, *, #3839, .F. ) ;
#1004 = CARTESIAN_POINT ( 'NONE',  ( 58.50000000000001421, 8.310154176118146552, 15.90000000000002167 ) ) ;
#1005 = CIRCLE ( 'NONE', #7593, 0.3999999999999837019 ) ;
#1006 = DIRECTION ( 'NONE',  ( 7.482991226153964086E-17, -0.2588190451025179084, -0.9659258262890690894 ) ) ;
#1007 = DIRECTION ( 'NONE',  ( -1.000000000000000000, 0.000000000000000000, 0.000000000000000000 ) ) ;
#1008 = LINE ( 'NONE', #264, #3522 ) ;
#1009 = ADVANCED_FACE ( 'NONE', ( #3989 ), #1625, .F. ) ;
#1010 = ORIENTED_EDGE ( 'NONE', *, *, #5984, .F. ) ;
#1011 = CARTESIAN_POINT ( 'NONE',  ( -64.00000000000000000, -16.00000000000001776, 10.99999999999999822 ) ) ;
#1012 = ORIENTED_EDGE ( 'NONE', *, *, #6480, .T. ) ;
#1013 = DIRECTION ( 'NONE',  ( 0.000000000000000000, -0.2588190451025180749, 0.9659258262890690894 ) ) ;
#1014 = DIRECTION ( 'NONE',  ( -1.084202172485504927E-16, -1.000000000000000000, 0.000000000000000000 ) ) ;
#1015 = EDGE_CURVE ( 'NONE', #4408, #1752, #6207, .T. ) ;
#1016 = FACE_BOUND ( 'NONE', #4562, .T. ) ;
#1017 = LINE ( 'NONE', #463, #791 ) ;
#1018 = EDGE_LOOP ( 'NONE', ( #6164, #6375, #6560, #3745, #3191 ) ) ;
#1019 = ADVANCED_FACE ( 'NONE', ( #6986 ), #3285, .T. ) ;
#1020 = ORIENTED_EDGE ( 'NONE', *, *, #7323, .T. ) ;
#1021 = DIRECTION ( 'NONE',  ( -1.000000000000000000, 0.000000000000000000, 0.000000000000000000 ) ) ;
#1022 = VECTOR ( 'NONE', #4754, 1000.000000000000227 ) ;
#1023 = LINE ( 'NONE', #427, #1754 ) ;
#1024 = ADVANCED_FACE ( 'NONE', ( #5141 ), #4561, .F. ) ;
#1025 = EDGE_CURVE ( 'NONE', #1956, #4526, #1008, .T. ) ;
#1026 = ORIENTED_EDGE ( 'NONE', *, *, #1389, .F. ) ;
#1027 = ORIENTED_EDGE ( 'NONE', *, *, #2043, .F. ) ;
#1028 = DIRECTION ( 'NONE',  ( 0.000000000000000000, -0.7071067811865491270, 0.7071067811865459074 ) ) ;
#1029 = ORIENTED_EDGE ( 'NONE', *, *, #3383, .T. ) ;
#1030 = EDGE_CURVE ( 'NONE', #194, #4634, #5062, .T. ) ;
#1031 = LINE ( 'NONE', #2866, #4631 ) ;
#1032 = ORIENTED_EDGE ( 'NONE', *, *, #2764, .F. ) ;
#1033 = VECTOR ( 'NONE', #6324, 1000.000000000000000 ) ;
#1034 = ORIENTED_EDGE ( 'NONE', *, *, #6176, .T. ) ;
#1035 = DIRECTION ( 'NONE',  ( 0.000000000000000000, 1.000000000000000000, 0.000000000000000000 ) ) ;
#1036 = CONICAL_SURFACE ( 'NONE', #7504, 5.599999999999990763, 0.7853981633974606025 ) ;
#1037 = LINE ( 'NONE', #4518, #5471 ) ;
#1038 = FACE_OUTER_BOUND ( 'NONE', #7643, .T. ) ;
#1039 = DIRECTION ( 'NONE',  ( 0.000000000000000000, 0.000000000000000000, 1.000000000000000000 ) ) ;
#1040 = AXIS2_PLACEMENT_3D ( 'NONE', #6851, #6258, #5568 ) ;
#1041 = EDGE_LOOP ( 'NONE', ( #6801, #963, #1971, #3269 ) ) ;
#1042 = EDGE_LOOP ( 'NONE', ( #1948, #2153, #2380, #5746 ) ) ;
#1043 = DIRECTION ( 'NONE',  ( 0.000000000000000000, -0.7071067811865578978, -0.7071067811865372477 ) ) ;
#1044 = ORIENTED_EDGE ( 'NONE', *, *, #4579, .F. ) ;
#1045 = CARTESIAN_POINT ( 'NONE',  ( -7.099999999999997868, 8.511903429903327378, -7.000000000000000000 ) ) ;
#1046 = DIRECTION ( 'NONE',  ( -0.000000000000000000, 0.000000000000000000, 1.000000000000000000 ) ) ;
#1047 = AXIS2_PLACEMENT_3D ( 'NONE', #5638, #238, #7284 ) ;
#1048 = EDGE_CURVE ( 'NONE', #1856, #6288, #410, .T. ) ;
#1049 = LINE ( 'NONE', #5190, #2983 ) ;
#1050 = DIRECTION ( 'NONE',  ( 1.000000000000000000, 2.891205793294678326E-16, -0.000000000000000000 ) ) ;
#1051 = CARTESIAN_POINT ( 'NONE',  ( 0.000000000000000000, 20.24542364858361765, 13.80990931123482568 ) ) ;
#1052 = AXIS2_PLACEMENT_3D ( 'NONE', #361, #2790, #5122 ) ;
#1053 = DIRECTION ( 'NONE',  ( 0.000000000000000000, 0.000000000000000000, 1.000000000000000000 ) ) ;
#1054 = DIRECTION ( 'NONE',  ( -1.000000000000000000, 0.000000000000000000, 0.000000000000000000 ) ) ;
#1055 = ORIENTED_EDGE ( 'NONE', *, *, #6138, .F. ) ;
#1056 = ORIENTED_EDGE ( 'NONE', *, *, #3863, .F. ) ;
#1057 = CIRCLE ( 'NONE', #679, 4.000000000000000000 ) ;
#1058 = CARTESIAN_POINT ( 'NONE',  ( -48.00000000000000000, -12.00000000000000000, -2.600000000000003197 ) ) ;
#1059 = ORIENTED_EDGE ( 'NONE', *, *, #2407, .T. ) ;
#1060 = CARTESIAN_POINT ( 'NONE',  ( -58.50000000000001421, 5.117705752308853384, 7.482361909794360777 ) ) ;
#1061 = AXIS2_PLACEMENT_3D ( 'NONE', #6035, #1247, #2039 ) ;
#1062 = ORIENTED_EDGE ( 'NONE', *, *, #2880, .T. ) ;
#1063 = CARTESIAN_POINT ( 'NONE',  ( 4.531193156845206793E-15, -18.00000000000000000, 1.500000000000000000 ) ) ;
#1064 = EDGE_LOOP ( 'NONE', ( #2208, #3506, #1460, #91, #105, #7327, #2251, #1256, #6067, #1062, #5236, #5316, #6863, #708 ) ) ;
#1065 = CARTESIAN_POINT ( 'NONE',  ( -64.00000000000001421, 8.934653975957925098, 14.00000000000000000 ) ) ;
#1066 = EDGE_CURVE ( 'NONE', #4207, #1183, #5323, .T. ) ;
#1067 = ORIENTED_EDGE ( 'NONE', *, *, #4097, .F. ) ;
#1068 = ADVANCED_FACE ( 'NONE', ( #2334 ), #4176, .F. ) ;
#1069 = CARTESIAN_POINT ( 'NONE',  ( 58.50000000000000711, -5.117705752308856049, 7.482361909794359001 ) ) ;
#1070 = VECTOR ( 'NONE', #232, 1000.000000000000114 ) ;
#1071 = AXIS2_PLACEMENT_3D ( 'NONE', #3082, #3748, #5617 ) ;
#1072 = EDGE_CURVE ( 'NONE', #1615, #4569, #7219, .T. ) ;
#1073 = ORIENTED_EDGE ( 'NONE', *, *, #6836, .T. ) ;
#1074 = VECTOR ( 'NONE', #4939, 1000.000000000000000 ) ;
#1075 = FACE_OUTER_BOUND ( 'NONE', #2352, .T. ) ;
#1076 = VECTOR ( 'NONE', #446, 1000.000000000000000 ) ;
#1077 = ORIENTED_EDGE ( 'NONE', *, *, #6581, .F. ) ;
#1078 = CARTESIAN_POINT ( 'NONE',  ( 13.00000000000000000, -10.00000000000000178, -7.000000000000000000 ) ) ;
#1079 = EDGE_CURVE ( 'NONE', #2394, #3991, #4744, .T. ) ;
#1080 = LINE ( 'NONE', #12, #4913 ) ;
#1081 = VECTOR ( 'NONE', #2624, 1000.000000000000000 ) ;
#1082 = ORIENTED_EDGE ( 'NONE', *, *, #5341, .T. ) ;
#1083 = ORIENTED_EDGE ( 'NONE', *, *, #6473, .F. ) ;
#1084 = DIRECTION ( 'NONE',  ( 0.000000000000000000, 1.000000000000000000, -0.000000000000000000 ) ) ;
#1085 = EDGE_LOOP ( 'NONE', ( #5144, #1429, #6139, #5830 ) ) ;
#1086 = PLANE ( 'NONE',  #3833 ) ;
#1087 = CARTESIAN_POINT ( 'NONE',  ( 63.49999999999998579, 3.185854099730716094, 5.999999999999394262 ) ) ;
#1088 = AXIS2_PLACEMENT_3D ( 'NONE', #894, #2065, #3358 ) ;
#1089 = CARTESIAN_POINT ( 'NONE',  ( 47.99999999999999289, 12.00000000000000000, -7.399999999999982592 ) ) ;
#1090 = DIRECTION ( 'NONE',  ( -0.7071067811865475727, 0.000000000000000000, -0.7071067811865475727 ) ) ;
#1091 = DIRECTION ( 'NONE',  ( 0.000000000000000000, -0.000000000000000000, 1.000000000000000000 ) ) ;
#1092 = DIRECTION ( 'NONE',  ( 2.891205793294678326E-16, -1.000000000000000000, 0.000000000000000000 ) ) ;
#1093 = DIRECTION ( 'NONE',  ( 1.000000000000000000, -0.000000000000000000, -0.000000000000000000 ) ) ;
#1094 = ORIENTED_EDGE ( 'NONE', *, *, #5440, .F. ) ;
#1095 = ADVANCED_FACE ( 'NONE', ( #5246 ), #7702, .T. ) ;
#1096 = EDGE_LOOP ( 'NONE', ( #4556, #7597, #1796, #3059, #4925, #5006 ) ) ;
#1097 = CONICAL_SURFACE ( 'NONE', #1476, 0.3999999999999698241, 0.7853981633974418397 ) ;
#1098 = VERTEX_POINT ( 'NONE', #2374 ) ;
#1099 = CARTESIAN_POINT ( 'NONE',  ( -58.60000000000003695, 24.00000000000000000, 6.000000000000000000 ) ) ;
#1100 = ORIENTED_EDGE ( 'NONE', *, *, #4628, .F. ) ;
#1101 = LINE ( 'NONE', #4728, #7000 ) ;
#1102 = CARTESIAN_POINT ( 'NONE',  ( -10.25000000000000000, 29.00000000000089528, -7.000000000000000000 ) ) ;
#1103 = AXIS2_PLACEMENT_3D ( 'NONE', #3552, #762, #7466 ) ;
#1104 = ORIENTED_EDGE ( 'NONE', *, *, #7007, .T. ) ;
#1105 = PLANE ( 'NONE',  #7460 ) ;
#1106 = EDGE_CURVE ( 'NONE', #5679, #6173, #7361, .T. ) ;
#1107 = EDGE_CURVE ( 'NONE', #5118, #175, #6611, .T. ) ;
#1108 = CONICAL_SURFACE ( 'NONE', #3115, 2.500000000000014211, 0.7853981633974617127 ) ;
#1109 = FACE_OUTER_BOUND ( 'NONE', #3509, .T. ) ;
#1110 = ORIENTED_EDGE ( 'NONE', *, *, #3908, .F. ) ;
#1111 = PLANE ( 'NONE',  #2918 ) ;
#1112 = CARTESIAN_POINT ( 'NONE',  ( 58.00000000000000000, -8.994952061733687998, 20.02059047744869247 ) ) ;
#1113 = ADVANCED_FACE ( 'NONE', ( #6464 ), #3503, .F. ) ;
#1114 = VECTOR ( 'NONE', #2578, 1000.000000000000000 ) ;
#1115 = DIRECTION ( 'NONE',  ( -1.000000000000000000, -0.000000000000000000, 0.000000000000000000 ) ) ;
#1116 = CARTESIAN_POINT ( 'NONE',  ( 3.500000000000003109, 18.00000000000000000, -0.9999999999999892308 ) ) ;
#1117 = CIRCLE ( 'NONE', #5521, 5.600000000000014744 ) ;
#1118 = EDGE_CURVE ( 'NONE', #2921, #4396, #4662, .T. ) ;
#1119 = EDGE_CURVE ( 'NONE', #1524, #6640, #1080, .T. ) ;
#1120 = ORIENTED_EDGE ( 'NONE', *, *, #4194, .T. ) ;
#1121 = ORIENTED_EDGE ( 'NONE', *, *, #3274, .T. ) ;
#1122 = VECTOR ( 'NONE', #806, 1000.000000000000000 ) ;
#1123 = CARTESIAN_POINT ( 'NONE',  ( -47.99999999999999289, 12.00000000000001243, -8.000000000000000000 ) ) ;
#1124 = EDGE_LOOP ( 'NONE', ( #7055, #4333, #6240, #7493 ) ) ;
#1125 = CYLINDRICAL_SURFACE ( 'NONE', #2325, 3.049999999999976286 ) ;
#1126 = DIRECTION ( 'NONE',  ( -0.7071067811865486830, 0.4999999999999981681, -0.5000000000000004441 ) ) ;
#1128 = EDGE_CURVE ( 'NONE', #1249, #5033, #4159, .T. ) ;
#1127 = CARTESIAN_POINT ( 'NONE',  ( 63.99999999999998579, -14.00000000000000000, 15.40000000000001101 ) ) ;
#1129 = FACE_OUTER_BOUND ( 'NONE', #856, .T. ) ;
#1130 = VECTOR ( 'NONE', #5525, 1000.000000000000114 ) ;
#1131 = FACE_OUTER_BOUND ( 'NONE', #158, .T. ) ;
#1132 = DIRECTION ( 'NONE',  ( -1.000000000000000000, 0.000000000000000000, 0.000000000000000000 ) ) ;
#1133 = DIRECTION ( 'NONE',  ( -0.7071067811865515695, 0.4999999999999960032, 0.4999999999999982792 ) ) ;
#1134 = VERTEX_POINT ( 'NONE', #1190 ) ;
#1135 = VERTEX_POINT ( 'NONE', #7776 ) ;
#1136 = ORIENTED_EDGE ( 'NONE', *, *, #1291, .T. ) ;
#1137 = CARTESIAN_POINT ( 'NONE',  ( 0.000000000000000000, -8.934653975957926875, 16.00000000000000000 ) ) ;
#1138 = AXIS2_PLACEMENT_3D ( 'NONE', #4917, #1927, #6885 ) ;
#1139 = VERTEX_POINT ( 'NONE', #5852 ) ;
#1140 = LINE ( 'NONE', #7802, #666 ) ;
#1141 = CYLINDRICAL_SURFACE ( 'NONE', #6534, 4.999999999999997335 ) ;
#1142 = VERTEX_POINT ( 'NONE', #2410 ) ;
#1143 = LINE ( 'NONE', #4166, #2653 ) ;
#1144 = AXIS2_PLACEMENT_3D ( 'NONE', #3875, #7595, #6425 ) ;
#1145 = VERTEX_POINT ( 'NONE', #7099 ) ;
#1146 = CARTESIAN_POINT ( 'NONE',  ( 4.531193156845206793E-15, 18.00000000000000000, -0.9999999999999892308 ) ) ;
#1147 = VERTEX_POINT ( 'NONE', #3468 ) ;
#1148 = DIRECTION ( 'NONE',  ( -7.482991226153969016E-17, 0.2588190451025181305, -0.9659258262890690894 ) ) ;
#1149 = LINE ( 'NONE', #3538, #4609 ) ;
#1150 = CARTESIAN_POINT ( 'NONE',  ( -17.99999999999998224, 12.00000000000000178, -2.600000000000003197 ) ) ;
#1151 = VECTOR ( 'NONE', #4664, 1000.000000000000000 ) ;
#1152 = DIRECTION ( 'NONE',  ( 0.000000000000000000, 0.9993704852086260360, -0.03547722218375333469 ) ) ;
#1153 = DIRECTION ( 'NONE',  ( -2.891205793294678326E-16, 1.000000000000000000, 1.837433013737340913E-16 ) ) ;
#1154 = ORIENTED_EDGE ( 'NONE', *, *, #7421, .T. ) ;
#1155 = CARTESIAN_POINT ( 'NONE',  ( 3.944933459514875285, -9.999999999999996447, -7.000000000000000000 ) ) ;
#1156 = VECTOR ( 'NONE', #4610, 1000.000000000000000 ) ;
#1157 = ADVANCED_FACE ( 'NONE', ( #7181 ), #5362, .F. ) ;
#1158 = ORIENTED_EDGE ( 'NONE', *, *, #1637, .T. ) ;
#1159 = DIRECTION ( 'NONE',  ( -0.7071067811865480168, 0.6830127018922194093, -0.1830127018922171611 ) ) ;
#1160 = EDGE_LOOP ( 'NONE', ( #7508, #801, #4685, #4566 ) ) ;
#1161 = CARTESIAN_POINT ( 'NONE',  ( 22.99999999999998934, 11.99999999999999645, -8.000000000000000000 ) ) ;
#1162 = CARTESIAN_POINT ( 'NONE',  ( 58.00000000000000000, -18.98042485753536823, 12.63164529836050498 ) ) ;
#1163 = B_SPLINE_CURVE_WITH_KNOTS ( 'NONE', 3,
 ( #5073, #2123, #5791, #5676, #4494, #5760, #2085, #2712 ),
 .UNSPECIFIED., .F., .F.,
 ( 4, 2, 2, 4 ),
 ( 0.001725951398662496335, 0.002156537151340051639, 0.002587122904017607160, 0.003448294409372723406 ),
 .UNSPECIFIED. ) ;
#1164 = PLANE ( 'NONE',  #1103 ) ;
#1165 = EDGE_CURVE ( 'NONE', #6429, #1738, #4036, .T. ) ;
#1166 = LINE ( 'NONE', #1633, #2628 ) ;
#1167 = EDGE_CURVE ( 'NONE', #4312, #5523, #7136, .T. ) ;
#1168 = AXIS2_PLACEMENT_3D ( 'NONE', #2670, #4989, #349 ) ;
#1169 = CARTESIAN_POINT ( 'NONE',  ( 17.99999999999998934, 11.99999999999999645, -2.599999999999975664 ) ) ;
#1170 = CARTESIAN_POINT ( 'NONE',  ( 10.25000000000000000, 8.300000000000901323, -5.000000000000000000 ) ) ;
#1171 = LINE ( 'NONE', #3558, #3965 ) ;
#1172 = ADVANCED_FACE ( 'NONE', ( #600 ), #2998, .T. ) ;
#1173 = AXIS2_PLACEMENT_3D ( 'NONE', #3528, #3490, #6521 ) ;
#1174 = CARTESIAN_POINT ( 'NONE',  ( 52.99999999999999289, 17.00000000000000000, -7.399999999999982592 ) ) ;
#1175 = AXIS2_PLACEMENT_3D ( 'NONE', #3071, #1892, #3623 ) ;
#1176 = ORIENTED_EDGE ( 'NONE', *, *, #2749, .F. ) ;
#1177 = CARTESIAN_POINT ( 'NONE',  ( 4.531193156845206793E-15, -18.00000000000000000, 1.299999999999966960 ) ) ;
#1178 = AXIS2_PLACEMENT_3D ( 'NONE', #2481, #763, #171 ) ;
#1179 = ORIENTED_EDGE ( 'NONE', *, *, #1344, .T. ) ;
#1180 = CARTESIAN_POINT ( 'NONE',  ( -62.99999999999998579, -16.00000000000001776, 10.99999999999999822 ) ) ;
#1181 = CARTESIAN_POINT ( 'NONE',  ( 4.531193156845206793E-15, -18.00000000000000000, -0.5000000000000000000 ) ) ;
#1182 = EDGE_LOOP ( 'NONE', ( #6833, #7164, #2810, #98 ) ) ;
#1183 = VERTEX_POINT ( 'NONE', #1116 ) ;
#1184 = CARTESIAN_POINT ( 'NONE',  ( -2.799999999999950973, 18.00000000000000000, 1.500000000000000000 ) ) ;
#1185 = DIRECTION ( 'NONE',  ( 0.000000000000000000, -1.000000000000000000, 0.000000000000000000 ) ) ;
#1186 = DIRECTION ( 'NONE',  ( 0.000000000000000000, 0.000000000000000000, 1.000000000000000000 ) ) ;
#1187 = VECTOR ( 'NONE', #7600, 1000.000000000000000 ) ;
#1188 = DIRECTION ( 'NONE',  ( -0.000000000000000000, 0.000000000000000000, 1.000000000000000000 ) ) ;
#1189 = DIRECTION ( 'NONE',  ( 0.000000000000000000, 0.000000000000000000, -1.000000000000000000 ) ) ;
#1190 = CARTESIAN_POINT ( 'NONE',  ( 47.99999999999998579, -17.60000000000002984, -8.000000000000000000 ) ) ;
#1191 = AXIS2_PLACEMENT_3D ( 'NONE', #4534, #7641, #274 ) ;
#1192 = VERTEX_POINT ( 'NONE', #3541 ) ;
#1193 = ADVANCED_FACE ( 'NONE', ( #7342, #7387 ), #6135, .T. ) ;
#1194 = ORIENTED_EDGE ( 'NONE', *, *, #2120, .F. ) ;
#1195 = CARTESIAN_POINT ( 'NONE',  ( -54.00000000000000711, -23.40000000000001279, -2.000000000000000000 ) ) ;
#1196 = ORIENTED_EDGE ( 'NONE', *, *, #2823, .T. ) ;
#1197 = LINE ( 'NONE', #2340, #4473 ) ;
#1198 = PLANE ( 'NONE',  #1622 ) ;
#1199 = CARTESIAN_POINT ( 'NONE',  ( 4.531193156845206793E-15, 18.00000000000000000, 1.500000000000000000 ) ) ;
#1200 = DIRECTION ( 'NONE',  ( -1.000000000000000000, 0.000000000000000000, 0.000000000000000000 ) ) ;
#1201 = LINE ( 'NONE', #2384, #109 ) ;
#1202 = LINE ( 'NONE', #4232, #3018 ) ;
#1203 = DIRECTION ( 'NONE',  ( 0.000000000000000000, -1.000000000000000000, -1.837433013737340913E-16 ) ) ;
#1204 = ADVANCED_FACE ( 'NONE', ( #723 ), #4262, .T. ) ;
#1205 = CIRCLE ( 'NONE', #2098, 5.600000000000018296 ) ;
#1206 = EDGE_CURVE ( 'NONE', #6640, #7389, #3114, .T. ) ;
#1207 = CARTESIAN_POINT ( 'NONE',  ( -56.19279627746049499, -13.11731469277830264, 9.878385155411296026 ) ) ;
#1208 = EDGE_CURVE ( 'NONE', #7652, #4415, #5573, .T. ) ;
#1209 = AXIS2_PLACEMENT_3D ( 'NONE', #3064, #6643, #3654 ) ;
#1210 = ORIENTED_EDGE ( 'NONE', *, *, #577, .F. ) ;
#1211 = EDGE_CURVE ( 'NONE', #2376, #2232, #2446, .T. ) ;
#1212 = VECTOR ( 'NONE', #204, 1000.000000000000000 ) ;
#1213 = FACE_OUTER_BOUND ( 'NONE', #1623, .T. ) ;
#1214 = CARTESIAN_POINT ( 'NONE',  ( -47.99999999999999289, 12.00000000000001243, -2.000000000000000000 ) ) ;
#1215 = EDGE_LOOP ( 'NONE', ( #1982, #1483, #2679, #3079 ) ) ;
#1216 = PLANE ( 'NONE',  #6734 ) ;
#1217 = CARTESIAN_POINT ( 'NONE',  ( 11.35000000000002629, 0.000000000000000000, -2.000000000000000000 ) ) ;
#1218 = EDGE_LOOP ( 'NONE', ( #3610, #1741 ) ) ;
#1219 = CARTESIAN_POINT ( 'NONE',  ( -54.00000000000000711, 23.39999999999998437, 2.000000000000000000 ) ) ;
#1220 = ORIENTED_EDGE ( 'NONE', *, *, #5011, .T. ) ;
#1221 = DIRECTION ( 'NONE',  ( -2.040851148208007259E-16, -1.000000000000000000, 0.000000000000000000 ) ) ;
#1222 = EDGE_LOOP ( 'NONE', ( #3812, #7572, #5455, #3496 ) ) ;
#1223 = DIRECTION ( 'NONE',  ( 7.009341333409638151E-17, -0.7071067811865403563, 0.7071067811865546782 ) ) ;
#1224 = CARTESIAN_POINT ( 'NONE',  ( -63.50000000000004263, 5.117705752308854272, 7.482361909794360777 ) ) ;
#1225 = AXIS2_PLACEMENT_3D ( 'NONE', #710, #3728, #4843 ) ;
#1226 = CARTESIAN_POINT ( 'NONE',  ( -17.99999999999998224, 12.00000000000000178, -7.399999999999982592 ) ) ;
#1227 = DIRECTION ( 'NONE',  ( 1.000000000000000000, 0.000000000000000000, 0.000000000000000000 ) ) ;
#1228 = CARTESIAN_POINT ( 'NONE',  ( 4.531193156845206793E-15, -18.00000000000000000, -0.9999999999999892308 ) ) ;
#1229 = AXIS2_PLACEMENT_3D ( 'NONE', #1539, #3938, #6417 ) ;
#1230 = ORIENTED_EDGE ( 'NONE', *, *, #6586, .T. ) ;
#1231 = DIRECTION ( 'NONE',  ( 0.000000000000000000, -8.673617379884035472E-16, 1.000000000000000000 ) ) ;
#1232 = ORIENTED_EDGE ( 'NONE', *, *, #3324, .F. ) ;
#1233 = CARTESIAN_POINT ( 'NONE',  ( -54.00000000000000711, -23.40000000000001279, 2.000000000000000000 ) ) ;
#1234 = DIRECTION ( 'NONE',  ( -0.7071067811865474617, 0.000000000000000000, 0.7071067811865474617 ) ) ;
#1235 = AXIS2_PLACEMENT_3D ( 'NONE', #6471, #6505, #3476 ) ;
#1236 = CARTESIAN_POINT ( 'NONE',  ( -64.00000000000000000, -3.185854099730718758, 7.999999999999395150 ) ) ;
#1237 = FACE_OUTER_BOUND ( 'NONE', #5147, .T. ) ;
#1238 = AXIS2_PLACEMENT_3D ( 'NONE', #1586, #7066, #4629 ) ;
#1239 = CARTESIAN_POINT ( 'NONE',  ( -2.924264068712038700, 24.00000000000000000, -68.07573593128805101 ) ) ;
#1240 = DIRECTION ( 'NONE',  ( 0.000000000000000000, 0.000000000000000000, 1.000000000000000000 ) ) ;
#1241 = ORIENTED_EDGE ( 'NONE', *, *, #7700, .F. ) ;
#1242 = EDGE_CURVE ( 'NONE', #389, #3614, #6733, .T. ) ;
#1243 = ORIENTED_EDGE ( 'NONE', *, *, #6302, .F. ) ;
#1244 = CIRCLE ( 'NONE', #5674, 5.599999999999990763 ) ;
#1245 = EDGE_CURVE ( 'NONE', #254, #6389, #6068, .T. ) ;
#1246 = DIRECTION ( 'NONE',  ( 0.000000000000000000, 1.000000000000000000, 0.000000000000000000 ) ) ;
#1247 = DIRECTION ( 'NONE',  ( -1.000000000000000000, 0.000000000000000000, 0.000000000000000000 ) ) ;
#1248 = ORIENTED_EDGE ( 'NONE', *, *, #2641, .F. ) ;
#1249 = VERTEX_POINT ( 'NONE', #4930 ) ;
#1250 = VERTEX_POINT ( 'NONE', #4971 ) ;
#1251 = EDGE_CURVE ( 'NONE', #6884, #1856, #173, .T. ) ;
#1252 = EDGE_CURVE ( 'NONE', #2898, #1333, #2398, .T. ) ;
#1253 = ORIENTED_EDGE ( 'NONE', *, *, #2591, .T. ) ;
#1254 = ADVANCED_FACE ( 'NONE', ( #2483 ), #3662, .T. ) ;
#1255 = CARTESIAN_POINT ( 'NONE',  ( 4.531193156845206793E-15, -18.00000000000000000, -0.5000000000000000000 ) ) ;
#1256 = ORIENTED_EDGE ( 'NONE', *, *, #5343, .T. ) ;
#1257 = CARTESIAN_POINT ( 'NONE',  ( 0.000000000000000000, -20.24542364858361765, 13.80990931123482746 ) ) ;
#1258 = DIRECTION ( 'NONE',  ( -0.000000000000000000, -0.000000000000000000, 1.000000000000000000 ) ) ;
#1259 = DIRECTION ( 'NONE',  ( 0.000000000000000000, 0.000000000000000000, -1.000000000000000000 ) ) ;
#1260 = DIRECTION ( 'NONE',  ( -0.000000000000000000, -0.000000000000000000, 1.000000000000000000 ) ) ;
#1261 = CONICAL_SURFACE ( 'NONE', #1138, 2.799999999999955413, 0.7853981633974775889 ) ;
#1262 = DIRECTION ( 'NONE',  ( -0.5000000000000039968, 0.5000000000000018874, 0.7071067811865433539 ) ) ;
#1263 = VERTEX_POINT ( 'NONE', #3742 ) ;
#1264 = ORIENTED_EDGE ( 'NONE', *, *, #2874, .F. ) ;
#1265 = DIRECTION ( 'NONE',  ( 0.000000000000000000, -0.9993704852086260360, -0.03547722218375333469 ) ) ;
#1266 = AXIS2_PLACEMENT_3D ( 'NONE', #6150, #3127, #143 ) ;
#1267 = ORIENTED_EDGE ( 'NONE', *, *, #4118, .F. ) ;
#1268 = CARTESIAN_POINT ( 'NONE',  ( 63.99999999999998579, -23.40000000000001279, -2.000000000000008882 ) ) ;
#1269 = DIRECTION ( 'NONE',  ( 0.000000000000000000, 0.000000000000000000, 1.000000000000000000 ) ) ;
#1270 = ORIENTED_EDGE ( 'NONE', *, *, #4223, .T. ) ;
#1271 = FACE_OUTER_BOUND ( 'NONE', #6210, .T. ) ;
#1272 = DIRECTION ( 'NONE',  ( -0.000000000000000000, 0.000000000000000000, 1.000000000000000000 ) ) ;
#1273 = DIRECTION ( 'NONE',  ( -2.891205793294678326E-16, 1.000000000000000000, -0.000000000000000000 ) ) ;
#1274 = AXIS2_PLACEMENT_3D ( 'NONE', #5347, #2903, #1683 ) ;
#1275 = PLANE ( 'NONE',  #4982 ) ;
#1276 = LINE ( 'NONE', #1315, #2335 ) ;
#1277 = EDGE_LOOP ( 'NONE', ( #1364, #3400, #5402, #793 ) ) ;
#1278 = DIRECTION ( 'NONE',  ( -0.000000000000000000, -0.000000000000000000, 1.000000000000000000 ) ) ;
#1279 = AXIS2_PLACEMENT_3D ( 'NONE', #2166, #4574, #7002 ) ;
#1280 = VECTOR ( 'NONE', #1148, 999.9999999999998863 ) ;
#1281 = PLANE ( 'NONE',  #5981 ) ;
#1282 = VERTEX_POINT ( 'NONE', #765 ) ;
#1283 = LINE ( 'NONE', #5512, #3819 ) ;
#1284 = ORIENTED_EDGE ( 'NONE', *, *, #942, .T. ) ;
#1285 = ORIENTED_EDGE ( 'NONE', *, *, #2211, .T. ) ;
#1286 = VERTEX_POINT ( 'NONE', #6093 ) ;
#1287 = VECTOR ( 'NONE', #2358, 1000.000000000000114 ) ;
#1288 = DIRECTION ( 'NONE',  ( 0.000000000000000000, 0.2588190451025179084, 0.9659258262890690894 ) ) ;
#1289 = VECTOR ( 'NONE', #5690, 1000.000000000000114 ) ;
#1290 = VERTEX_POINT ( 'NONE', #47 ) ;
#1291 = EDGE_CURVE ( 'NONE', #3533, #7358, #913, .T. ) ;
#1292 = DIRECTION ( 'NONE',  ( 0.000000000000000000, 1.000000000000000000, 0.000000000000000000 ) ) ;
#1293 = EDGE_CURVE ( 'NONE', #6237, #3498, #3914, .T. ) ;
#1294 = ORIENTED_EDGE ( 'NONE', *, *, #6383, .T. ) ;
#1295 = CARTESIAN_POINT ( 'NONE',  ( 0.000000000000000000, 0.000000000000000000, -2.000000000000000000 ) ) ;
#1296 = CARTESIAN_POINT ( 'NONE',  ( -58.50000000000001421, 8.310154176118146552, 15.90000000000002167 ) ) ;
#1297 = DIRECTION ( 'NONE',  ( 0.000000000000000000, -1.000000000000000000, 0.000000000000000000 ) ) ;
#1298 = CARTESIAN_POINT ( 'NONE',  ( -26.91421356237302831, 23.39999999999998437, -2.000000000000000000 ) ) ;
#1299 = CARTESIAN_POINT ( 'NONE',  ( -7.099999999999997868, 8.511903429903327378, -5.800000000000000711 ) ) ;
#1300 = EDGE_CURVE ( 'NONE', #1145, #237, #6650, .T. ) ;
#1301 = EDGE_LOOP ( 'NONE', ( #716, #824 ) ) ;
#1302 = ORIENTED_EDGE ( 'NONE', *, *, #3639, .F. ) ;
#1303 = LINE ( 'NONE', #5018, #6776 ) ;
#1304 = EDGE_CURVE ( 'NONE', #7023, #5165, #681, .T. ) ;
#1305 = VERTEX_POINT ( 'NONE', #6036 ) ;
#1306 = DIRECTION ( 'NONE',  ( 1.000000000000000000, 0.000000000000000000, 0.000000000000000000 ) ) ;
#1307 = CARTESIAN_POINT ( 'NONE',  ( 52.99999999999998579, -12.00000000000001421, -7.399999999999982592 ) ) ;
#1308 = VERTEX_POINT ( 'NONE', #7203 ) ;
#1309 = DIRECTION ( 'NONE',  ( -0.000000000000000000, -0.000000000000000000, 1.000000000000000000 ) ) ;
#1310 = CARTESIAN_POINT ( 'NONE',  ( 17.39999999999999503, -12.00000000000000355, -2.000000000000000000 ) ) ;
#1311 = CARTESIAN_POINT ( 'NONE',  ( -70.50293497956538147, -18.94999999999998508, 11.77459666924138659 ) ) ;
#1312 = CONICAL_SURFACE ( 'NONE', #7017, 9.400000000000011013, 0.7853981633974598253 ) ;
#1313 = AXIS2_PLACEMENT_3D ( 'NONE', #6268, #1388, #4310 ) ;
#1314 = DIRECTION ( 'NONE',  ( 1.000000000000000000, 0.000000000000000000, 0.000000000000000000 ) ) ;
#1315 = CARTESIAN_POINT ( 'NONE',  ( 63.39999999999999858, 14.00000000000000178, 16.00000000000000000 ) ) ;
#1316 = ORIENTED_EDGE ( 'NONE', *, *, #6302, .T. ) ;
#1317 = CARTESIAN_POINT ( 'NONE',  ( -63.50000000000004263, 3.185854099730715649, 7.999999999999396039 ) ) ;
#1318 = VECTOR ( 'NONE', #1561, 1000.000000000000227 ) ;
#1319 = ORIENTED_EDGE ( 'NONE', *, *, #6099, .T. ) ;
#1320 = VECTOR ( 'NONE', #2291, 1000.000000000000000 ) ;
#1321 = CARTESIAN_POINT ( 'NONE',  ( -17.39999999999998082, -11.99999999999999467, -2.000000000000000000 ) ) ;
#1322 = CARTESIAN_POINT ( 'NONE',  ( 62.50000000000000000, 15.99999999999998224, 10.99999999999999822 ) ) ;
#1323 = DIRECTION ( 'NONE',  ( 0.000000000000000000, -0.9659258262890690894, -0.2588190451025180749 ) ) ;
#1324 = DIRECTION ( 'NONE',  ( 0.000000000000000000, 0.000000000000000000, -1.000000000000000000 ) ) ;
#1325 = ORIENTED_EDGE ( 'NONE', *, *, #2889, .T. ) ;
#1326 = ORIENTED_EDGE ( 'NONE', *, *, #1805, .F. ) ;
#1327 = DIRECTION ( 'NONE',  ( 1.000000000000000000, 0.000000000000000000, 0.000000000000000000 ) ) ;
#1328 = AXIS2_PLACEMENT_3D ( 'NONE', #1662, #1159, #3545 ) ;
#1329 = LINE ( 'NONE', #3218, #271 ) ;
#1330 = EDGE_CURVE ( 'NONE', #175, #7674, #2405, .T. ) ;
#1331 = ORIENTED_EDGE ( 'NONE', *, *, #4628, .T. ) ;
#1332 = CARTESIAN_POINT ( 'NONE',  ( 52.99999999999999289, 17.00000000000000000, -7.399999999999982592 ) ) ;
#1333 = VERTEX_POINT ( 'NONE', #1838 ) ;
#1334 = DIRECTION ( 'NONE',  ( -2.891205793294678326E-16, 1.000000000000000000, 0.000000000000000000 ) ) ;
#1335 = CARTESIAN_POINT ( 'NONE',  ( 47.99999999999999289, 12.00000000000000000, 2.000000000000000000 ) ) ;
#1336 = LINE ( 'NONE', #3737, #2142 ) ;
#1337 = ORIENTED_EDGE ( 'NONE', *, *, #1245, .F. ) ;
#1338 = DIRECTION ( 'NONE',  ( -1.000000000000000000, 0.000000000000000000, 0.000000000000000000 ) ) ;
#1339 = DIRECTION ( 'NONE',  ( 1.000000000000000000, 0.000000000000000000, 0.000000000000000000 ) ) ;
#1340 = CARTESIAN_POINT ( 'NONE',  ( -64.00000000000001421, -4.720508075688642613, 5.999999999999394262 ) ) ;
#1341 = CARTESIAN_POINT ( 'NONE',  ( -63.40000000000001279, -8.934653975957926875, 16.00000000000000000 ) ) ;
#1342 = DIRECTION ( 'NONE',  ( 0.7071067811865460184, 0.7071067811865489050, 0.000000000000000000 ) ) ;
#1343 = EDGE_CURVE ( 'NONE', #3363, #2629, #5055, .T. ) ;
#1344 = EDGE_CURVE ( 'NONE', #4624, #4354, #282, .T. ) ;
#1345 = ORIENTED_EDGE ( 'NONE', *, *, #2705, .T. ) ;
#1346 = ORIENTED_EDGE ( 'NONE', *, *, #3562, .F. ) ;
#1347 = AXIS2_PLACEMENT_3D ( 'NONE', #2269, #2303, #7109 ) ;
#1348 = DIRECTION ( 'NONE',  ( 1.000000000000000000, 0.000000000000000000, 0.000000000000000000 ) ) ;
#1349 = ORIENTED_EDGE ( 'NONE', *, *, #4734, .T. ) ;
#1350 = CARTESIAN_POINT ( 'NONE',  ( 53.59999999999998010, -12.00000000000001421, -2.000000000000000000 ) ) ;
#1351 = EDGE_CURVE ( 'NONE', #1387, #7201, #2356, .T. ) ;
#1352 = DIRECTION ( 'NONE',  ( 1.000000000000000000, 0.000000000000000000, 0.000000000000000000 ) ) ;
#1353 = CIRCLE ( 'NONE', #1229, 1.099999999999998535 ) ;
#1354 = LINE ( 'NONE', #2456, #5780 ) ;
#1355 = LINE ( 'NONE', #815, #6306 ) ;
#1356 = ADVANCED_FACE ( 'NONE', ( #4162 ), #507, .T. ) ;
#1357 = ADVANCED_FACE ( 'NONE', ( #3452 ), #2318, .T. ) ;
#1358 = LINE ( 'NONE', #7356, #1693 ) ;
#1359 = DIRECTION ( 'NONE',  ( 1.000000000000000000, 0.000000000000000000, 0.000000000000000000 ) ) ;
#1360 = ORIENTED_EDGE ( 'NONE', *, *, #3516, .F. ) ;
#1361 = EDGE_CURVE ( 'NONE', #563, #5383, #469, .T. ) ;
#1362 = CARTESIAN_POINT ( 'NONE',  ( 11.34999999999999609, 29.00000000000089884, -7.000000000000000000 ) ) ;
#1363 = VECTOR ( 'NONE', #1234, 1000.000000000000114 ) ;
#1364 = ORIENTED_EDGE ( 'NONE', *, *, #5880, .F. ) ;
#1365 = AXIS2_PLACEMENT_3D ( 'NONE', #5581, #7514, #7478 ) ;
#1366 = AXIS2_PLACEMENT_3D ( 'NONE', #2286, #3493, #513 ) ;
#1367 = LINE ( 'NONE', #2505, #5696 ) ;
#1368 = DIRECTION ( 'NONE',  ( 0.000000000000000000, 0.7071067811865536790, 0.7071067811865414665 ) ) ;
#1369 = DIRECTION ( 'NONE',  ( -0.000000000000000000, 0.03547722218375332776, 0.9993704852086259249 ) ) ;
#1370 = ORIENTED_EDGE ( 'NONE', *, *, #2591, .F. ) ;
#1371 = ORIENTED_EDGE ( 'NONE', *, *, #4530, .T. ) ;
#1372 = CARTESIAN_POINT ( 'NONE',  ( 22.99999999999998579, -17.00000000000000711, -2.599999999999975664 ) ) ;
#1373 = FACE_OUTER_BOUND ( 'NONE', #4372, .T. ) ;
#1374 = VECTOR ( 'NONE', #374, 1000.000000000000114 ) ;
#1375 = VERTEX_POINT ( 'NONE', #7163 ) ;
#1376 = DIRECTION ( 'NONE',  ( -1.000000000000000000, -0.000000000000000000, 0.000000000000000000 ) ) ;
#1377 = ORIENTED_EDGE ( 'NONE', *, *, #1601, .F. ) ;
#1378 = CARTESIAN_POINT ( 'NONE',  ( 3.000000000000004441, -18.00000000000000000, 1.500000000000000000 ) ) ;
#1379 = DIRECTION ( 'NONE',  ( 0.000000000000000000, -0.000000000000000000, 1.000000000000000000 ) ) ;
#1380 = ADVANCED_FACE ( 'NONE', ( #621 ), #4681, .T. ) ;
#1381 = CARTESIAN_POINT ( 'NONE',  ( -61.07573593128805101, -24.00000000000000000, -4.075735931288049230 ) ) ;
#1382 = DIRECTION ( 'NONE',  ( 1.000000000000000000, 0.000000000000000000, 0.000000000000000000 ) ) ;
#1383 = CARTESIAN_POINT ( 'NONE',  ( -63.50000000000004263, 7.002802323379786031, 14.51763809020503793 ) ) ;
#1384 = ORIENTED_EDGE ( 'NONE', *, *, #3699, .T. ) ;
#1385 = ORIENTED_EDGE ( 'NONE', *, *, #196, .T. ) ;
#1386 = DIRECTION ( 'NONE',  ( 0.000000000000000000, -0.000000000000000000, -1.000000000000000000 ) ) ;
#1387 = VERTEX_POINT ( 'NONE', #2979 ) ;
#1388 = DIRECTION ( 'NONE',  ( 1.000000000000000000, -0.000000000000000000, -0.000000000000000000 ) ) ;
#1389 = EDGE_CURVE ( 'NONE', #3869, #3677, #7800, .T. ) ;
#1390 = DIRECTION ( 'NONE',  ( 0.000000000000000000, 0.9659258262890690894, -0.2588190451025179084 ) ) ;
#1391 = EDGE_LOOP ( 'NONE', ( #1371, #1887 ) ) ;
#1392 = VECTOR ( 'NONE', #1492, 1000.000000000000000 ) ;
#1393 = VECTOR ( 'NONE', #7330, 1000.000000000000114 ) ;
#1394 = CARTESIAN_POINT ( 'NONE',  ( -58.00000000000000000, -13.02324650589123500, 12.52822535668488335 ) ) ;
#1395 = EDGE_CURVE ( 'NONE', #684, #2838, #7240, .T. ) ;
#1396 = AXIS2_PLACEMENT_3D ( 'NONE', #2151, #3242, #2772 ) ;
#1397 = DIRECTION ( 'NONE',  ( 0.000000000000000000, 0.000000000000000000, 1.000000000000000000 ) ) ;
#1398 = DIRECTION ( 'NONE',  ( -0.000000000000000000, -0.000000000000000000, -1.000000000000000000 ) ) ;
#1399 = EDGE_LOOP ( 'NONE', ( #311, #2264, #4615, #7482 ) ) ;
#1400 = FACE_OUTER_BOUND ( 'NONE', #1182, .T. ) ;
#1401 = ADVANCED_FACE ( 'NONE', ( #5995 ), #4203, .F. ) ;
#1402 = DIRECTION ( 'NONE',  ( -1.000000000000000000, 0.000000000000000000, 0.000000000000000000 ) ) ;
#1403 = EDGE_CURVE ( 'NONE', #1135, #2167, #24, .T. ) ;
#1404 = ORIENTED_EDGE ( 'NONE', *, *, #4281, .F. ) ;
#1405 = CARTESIAN_POINT ( 'NONE',  ( -64.00000000000000000, -8.934653975957926875, 14.00000000000000000 ) ) ;
#1406 = VECTOR ( 'NONE', #7704, 1000.000000000000000 ) ;
#1407 = EDGE_CURVE ( 'NONE', #1139, #1943, #34, .T. ) ;
#1408 = LINE ( 'NONE', #6919, #6711 ) ;
#1409 = CARTESIAN_POINT ( 'NONE',  ( -64.00000000000001421, -4.720508075688642613, 5.999999999999394262 ) ) ;
#1410 = CARTESIAN_POINT ( 'NONE',  ( -58.50000000000001421, 3.185854099730715649, 7.999999999999396039 ) ) ;
#1411 = EDGE_CURVE ( 'NONE', #3937, #7358, #4246, .T. ) ;
#1412 = ORIENTED_EDGE ( 'NONE', *, *, #392, .T. ) ;
#1413 = CYLINDRICAL_SURFACE ( 'NONE', #4582, 4.000000000000000000 ) ;
#1414 = DIRECTION ( 'NONE',  ( 0.5631999016423343551, -0.02931556245801809207, 0.8258005016878078308 ) ) ;
#1415 = VECTOR ( 'NONE', #7772, 1000.000000000000000 ) ;
#1416 = ORIENTED_EDGE ( 'NONE', *, *, #1411, .F. ) ;
#1417 = CARTESIAN_POINT ( 'NONE',  ( 58.00000000000000000, 14.00000000000000000, 6.000000000000000000 ) ) ;
#1418 = VECTOR ( 'NONE', #2010, 1000.000000000000000 ) ;
#1419 = VERTEX_POINT ( 'NONE', #3138 ) ;
#1420 = CARTESIAN_POINT ( 'NONE',  ( 62.99999999999998579, 12.99201543247748170, 13.40798456752249912 ) ) ;
#1421 = DIRECTION ( 'NONE',  ( -1.000000000000000000, -1.982541115402064370E-16, 0.000000000000000000 ) ) ;
#1422 = ORIENTED_EDGE ( 'NONE', *, *, #3383, .F. ) ;
#1423 = CARTESIAN_POINT ( 'NONE',  ( -62.99999999999998579, -19.09999999999998366, 16.00000000000000000 ) ) ;
#1424 = LINE ( 'NONE', #1383, #1289 ) ;
#1425 = DIRECTION ( 'NONE',  ( -0.7071067811865682229, 0.000000000000000000, -0.7071067811865268116 ) ) ;
#1426 = AXIS2_PLACEMENT_3D ( 'NONE', #4778, #2480, #1259 ) ;
#1427 = VERTEX_POINT ( 'NONE', #1872 ) ;
#1428 = CARTESIAN_POINT ( 'NONE',  ( 22.99999999999998579, -17.00000000000000711, -2.000000000000000000 ) ) ;
#1429 = ORIENTED_EDGE ( 'NONE', *, *, #7664, .F. ) ;
#1430 = CARTESIAN_POINT ( 'NONE',  ( -62.49999999999998579, 15.99999999999998224, 10.99999999999999822 ) ) ;
#1431 = LINE ( 'NONE', #3238, #1374 ) ;
#1432 = ORIENTED_EDGE ( 'NONE', *, *, #3786, .F. ) ;
#1433 = DIRECTION ( 'NONE',  ( 0.000000000000000000, -1.000000000000000000, 0.000000000000000000 ) ) ;
#1434 = DIRECTION ( 'NONE',  ( 1.000000000000000000, 0.000000000000000000, 0.000000000000000000 ) ) ;
#1435 = EDGE_CURVE ( 'NONE', #672, #3614, #3096, .T. ) ;
#1436 = AXIS2_PLACEMENT_3D ( 'NONE', #5066, #3206, #3641 ) ;
#1437 = DIRECTION ( 'NONE',  ( 0.000000000000000000, 0.000000000000000000, -1.000000000000000000 ) ) ;
#1438 = VERTEX_POINT ( 'NONE', #6161 ) ;
#1439 = CARTESIAN_POINT ( 'NONE',  ( 4.531193156845206793E-15, 18.00000000000000000, -5.800000000000000711 ) ) ;
#1440 = DIRECTION ( 'NONE',  ( 0.000000000000000000, 0.000000000000000000, -1.000000000000000000 ) ) ;
#1441 = ORIENTED_EDGE ( 'NONE', *, *, #3905, .T. ) ;
#1442 = CARTESIAN_POINT ( 'NONE',  ( -47.99999999999999289, 17.60000000000002984, -8.000000000000000000 ) ) ;
#1443 = DIRECTION ( 'NONE',  ( -1.000000000000000000, -2.891205793294678326E-16, 0.000000000000000000 ) ) ;
#1444 = VECTOR ( 'NONE', #2300, 1000.000000000000000 ) ;
#1445 = EDGE_CURVE ( 'NONE', #5218, #3533, #2466, .T. ) ;
#1446 = ADVANCED_FACE ( 'NONE', ( #4198 ), #5508, .F. ) ;
#1447 = DIRECTION ( 'NONE',  ( 0.4999999999999989453, -0.4999999999999968914, 0.7071067811865504593 ) ) ;
#1448 = CARTESIAN_POINT ( 'NONE',  ( 62.49999999999998579, -18.98042485753536823, 12.63164529836050498 ) ) ;
#1449 = AXIS2_PLACEMENT_3D ( 'NONE', #7234, #575, #3592 ) ;
#1450 = LINE ( 'NONE', #2203, #3664 ) ;
#1451 = ORIENTED_EDGE ( 'NONE', *, *, #4785, .T. ) ;
#1452 = ORIENTED_EDGE ( 'NONE', *, *, #1914, .F. ) ;
#1453 = EDGE_CURVE ( 'NONE', #1134, #198, #2168, .T. ) ;
#1454 = DIRECTION ( 'NONE',  ( -2.040851148208007259E-16, -1.000000000000000000, 0.000000000000000000 ) ) ;
#1455 = DIRECTION ( 'NONE',  ( 0.000000000000000000, 0.000000000000000000, 1.000000000000000000 ) ) ;
#1456 = VECTOR ( 'NONE', #1592, 1000.000000000000000 ) ;
#1457 = EDGE_CURVE ( 'NONE', #4307, #6995, #3572, .T. ) ;
#1458 = VERTEX_POINT ( 'NONE', #7237 ) ;
#1459 = CONICAL_SURFACE ( 'NONE', #6003, 5.600000000000014744, 0.7853981633974460586 ) ;
#1460 = ORIENTED_EDGE ( 'NONE', *, *, #7316, .T. ) ;
#1461 = DIRECTION ( 'NONE',  ( 0.000000000000000000, -0.000000000000000000, 1.000000000000000000 ) ) ;
#1462 = FACE_OUTER_BOUND ( 'NONE', #3258, .T. ) ;
#1463 = ORIENTED_EDGE ( 'NONE', *, *, #5888, .F. ) ;
#1464 = DIRECTION ( 'NONE',  ( -0.000000000000000000, 0.000000000000000000, -1.000000000000000000 ) ) ;
#1465 = CARTESIAN_POINT ( 'NONE',  ( 22.99999999999998579, -17.60000000000002274, -8.000000000000000000 ) ) ;
#1466 = LINE ( 'NONE', #172, #3129 ) ;
#1467 = ORIENTED_EDGE ( 'NONE', *, *, #3458, .T. ) ;
#1468 = CARTESIAN_POINT ( 'NONE',  ( 4.531193156845206793E-15, -18.00000000000000000, 1.500000000000000000 ) ) ;
#1469 = ORIENTED_EDGE ( 'NONE', *, *, #4763, .F. ) ;
#1470 = CARTESIAN_POINT ( 'NONE',  ( 63.83353458023611893, -8.365225642826670693, 15.56646541976387077 ) ) ;
#1471 = DIRECTION ( 'NONE',  ( 1.000000000000000000, -0.000000000000000000, 0.000000000000000000 ) ) ;
#1472 = EDGE_LOOP ( 'NONE', ( #7834, #6100, #7431, #431 ) ) ;
#1473 = CARTESIAN_POINT ( 'NONE',  ( -62.49999999999998579, 14.00000000000000000, 6.000000000000000000 ) ) ;
#1474 = CARTESIAN_POINT ( 'NONE',  ( 14.58578643762690064, 35.50000000000000000, -7.399999999999962164 ) ) ;
#1475 = CARTESIAN_POINT ( 'NONE',  ( 4.531193156845206793E-15, -18.00000000000000000, -0.5000000000000000000 ) ) ;
#1476 = AXIS2_PLACEMENT_3D ( 'NONE', #6281, #230, #7401 ) ;
#1477 = ORIENTED_EDGE ( 'NONE', *, *, #4863, .F. ) ;
#1478 = CARTESIAN_POINT ( 'NONE',  ( 17.39999999999997016, -1.775540498940964454E-15, -8.000000000000000000 ) ) ;
#1479 = VERTEX_POINT ( 'NONE', #3599 ) ;
#1480 = DIRECTION ( 'NONE',  ( 1.020425574104004246E-16, 1.000000000000000000, 0.000000000000000000 ) ) ;
#1481 = VECTOR ( 'NONE', #2181, 1000.000000000000114 ) ;
#1482 = CARTESIAN_POINT ( 'NONE',  ( -22.99999999999998579, -16.99999999999999289, -8.000000000000000000 ) ) ;
#1483 = ORIENTED_EDGE ( 'NONE', *, *, #4046, .F. ) ;
#1484 = DIRECTION ( 'NONE',  ( 0.000000000000000000, 0.000000000000000000, -1.000000000000000000 ) ) ;
#1485 = LINE ( 'NONE', #355, #3831 ) ;
#1486 = VERTEX_POINT ( 'NONE', #4240 ) ;
#1487 = ORIENTED_EDGE ( 'NONE', *, *, #7119, .T. ) ;
#1488 = EDGE_CURVE ( 'NONE', #2604, #4408, #6030, .T. ) ;
#1489 = VECTOR ( 'NONE', #6273, 1000.000000000000114 ) ;
#1490 = LINE ( 'NONE', #3444, #737 ) ;
#1491 = DIRECTION ( 'NONE',  ( -1.000000000000000000, 0.000000000000000000, 0.000000000000000000 ) ) ;
#1492 = DIRECTION ( 'NONE',  ( -0.000000000000000000, -0.000000000000000000, 1.000000000000000000 ) ) ;
#1493 = EDGE_CURVE ( 'NONE', #2629, #3642, #3052, .T. ) ;
#1494 = ORIENTED_EDGE ( 'NONE', *, *, #3041, .F. ) ;
#1495 = ORIENTED_EDGE ( 'NONE', *, *, #2239, .F. ) ;
#1496 = DIRECTION ( 'NONE',  ( 1.084202172485504804E-16, 1.000000000000000000, 0.000000000000000000 ) ) ;
#1497 = CARTESIAN_POINT ( 'NONE',  ( 58.50000000000000711, -3.185854099730718314, 5.999999999999394262 ) ) ;
#1498 = EDGE_CURVE ( 'NONE', #5048, #3448, #1792, .T. ) ;
#1499 = SURFACE_STYLE_FILL_AREA ( #3353 ) ;
#1500 = VERTEX_POINT ( 'NONE', #70 ) ;
#1501 = ADVANCED_FACE ( 'NONE', ( #4872 ), #4369, .F. ) ;
#1502 = LINE ( 'NONE', #3903, #4514 ) ;
#1503 = AXIS2_PLACEMENT_3D ( 'NONE', #675, #7382, #3780 ) ;
#1504 = CARTESIAN_POINT ( 'NONE',  ( 8.150000000000000355, 8.300000000000901323, 0.000000000000000000 ) ) ;
#1505 = EDGE_CURVE ( 'NONE', #50, #5646, #1367, .T. ) ;
#1506 = ORIENTED_EDGE ( 'NONE', *, *, #3702, .F. ) ;
#1507 = STYLED_ITEM ( 'NONE', ( #4584 ), #6553 ) ;
#1508 = FACE_OUTER_BOUND ( 'NONE', #2901, .T. ) ;
#1509 = LINE ( 'NONE', #6345, #7769 ) ;
#1510 = EDGE_LOOP ( 'NONE', ( #3976, #6904, #5354, #3280 ) ) ;
#1511 = CARTESIAN_POINT ( 'NONE',  ( 47.99999999999998579, -12.00000000000001243, -2.599999999999975664 ) ) ;
#1512 = CARTESIAN_POINT ( 'NONE',  ( -8.150000000000000355, 29.00000000000089528, -5.000000000000000000 ) ) ;
#1513 = EDGE_LOOP ( 'NONE', ( #2939, #5329, #2149, #4882 ) ) ;
#1514 = CARTESIAN_POINT ( 'NONE',  ( -53.60000000000000853, -11.99999999999999822, -2.000000000000000000 ) ) ;
#1515 = VECTOR ( 'NONE', #2553, 1000.000000000000114 ) ;
#1516 = ORIENTED_EDGE ( 'NONE', *, *, #4665, .T. ) ;
#1517 = CARTESIAN_POINT ( 'NONE',  ( 7.410638297872338853, 7.787486116720065965, -5.800000000000000711 ) ) ;
#1518 = CARTESIAN_POINT ( 'NONE',  ( -22.99999999999998579, -11.99999999999999467, -7.399999999999982592 ) ) ;
#1519 = EDGE_LOOP ( 'NONE', ( #2805, #5598, #7778, #1027 ) ) ;
#1520 = CIRCLE ( 'NONE', #1266, 2.000000000000000000 ) ;
#1521 = DIRECTION ( 'NONE',  ( 0.000000000000000000, 0.000000000000000000, -1.000000000000000000 ) ) ;
#1522 = CARTESIAN_POINT ( 'NONE',  ( 15.29289321881344854, 35.20710678118653902, -2.600000000000031175 ) ) ;
#1523 = CARTESIAN_POINT ( 'NONE',  ( 24.82573593128807943, 24.82573593128797640, -8.000000000000000000 ) ) ;
#1524 = VERTEX_POINT ( 'NONE', #1916 ) ;
#1525 = VECTOR ( 'NONE', #7278, 1000.000000000000114 ) ;
#1526 = ORIENTED_EDGE ( 'NONE', *, *, #935, .F. ) ;
#1527 = DIRECTION ( 'NONE',  ( 1.000000000000000000, 0.000000000000000000, 0.000000000000000000 ) ) ;
#1528 = ORIENTED_EDGE ( 'NONE', *, *, #5824, .T. ) ;
#1529 = FACE_OUTER_BOUND ( 'NONE', #6265, .T. ) ;
#1530 = AXIS2_PLACEMENT_3D ( 'NONE', #1795, #5954, #5874 ) ;
#1531 = EDGE_CURVE ( 'NONE', #1333, #2656, #2388, .T. ) ;
#1532 = EDGE_LOOP ( 'NONE', ( #4876, #7470, #4651, #1619 ) ) ;
#1533 = ORIENTED_EDGE ( 'NONE', *, *, #242, .F. ) ;
#1534 = ORIENTED_EDGE ( 'NONE', *, *, #7260, .F. ) ;
#1535 = PLANE ( 'NONE',  #7137 ) ;
#1536 = SHAPE_DEFINITION_REPRESENTATION ( #6510, #6553 ) ;
#1537 = ORIENTED_EDGE ( 'NONE', *, *, #5781, .F. ) ;
#1538 = AXIS2_PLACEMENT_3D ( 'NONE', #6748, #1278, #3094 ) ;
#1539 = CARTESIAN_POINT ( 'NONE',  ( 10.25000000000000000, 8.300000000000901323, -5.000000000000000000 ) ) ;
#1540 = EDGE_CURVE ( 'NONE', #6394, #5679, #1653, .T. ) ;
#1541 = EDGE_CURVE ( 'NONE', #7211, #3155, #4798, .T. ) ;
#1542 = EDGE_LOOP ( 'NONE', ( #630, #2584, #2923, #7369 ) ) ;
#1543 = DIRECTION ( 'NONE',  ( 1.000000000000000000, 0.000000000000000000, 0.000000000000000000 ) ) ;
#1544 = ORIENTED_EDGE ( 'NONE', *, *, #5790, .F. ) ;
#1545 = CARTESIAN_POINT ( 'NONE',  ( 3.944933459514873508, -10.00000000000000000, -8.000000000000000000 ) ) ;
#1546 = EDGE_CURVE ( 'NONE', #3093, #3455, #1408, .T. ) ;
#1547 = VECTOR ( 'NONE', #3645, 1000.000000000000114 ) ;
#1548 = FACE_OUTER_BOUND ( 'NONE', #4199, .T. ) ;
#1549 = CARTESIAN_POINT ( 'NONE',  ( -58.00000000000000000, 20.24542364858361765, 13.80990931123482568 ) ) ;
#1550 = ADVANCED_FACE ( 'NONE', ( #7490 ), #5675, .T. ) ;
#1551 = ORIENTED_EDGE ( 'NONE', *, *, #5441, .F. ) ;
#1552 = ORIENTED_EDGE ( 'NONE', *, *, #6082, .F. ) ;
#1553 = CARTESIAN_POINT ( 'NONE',  ( 62.99999999999998579, 13.04999999999998117, 11.77459666924138659 ) ) ;
#1554 = AXIS2_PLACEMENT_3D ( 'NONE', #5161, #7612, #6447 ) ;
#1555 = ORIENTED_EDGE ( 'NONE', *, *, #6651, .F. ) ;
#1556 = DIRECTION ( 'NONE',  ( 1.000000000000000000, 0.000000000000000000, 0.000000000000000000 ) ) ;
#1557 = DIRECTION ( 'NONE',  ( 0.000000000000000000, 0.000000000000000000, -1.000000000000000000 ) ) ;
#1558 = ORIENTED_EDGE ( 'NONE', *, *, #7117, .F. ) ;
#1559 = CARTESIAN_POINT ( 'NONE',  ( -58.60000000000000853, 0.000000000000000000, 16.00000000000000000 ) ) ;
#1560 = DIRECTION ( 'NONE',  ( -1.000000000000000000, -0.000000000000000000, -0.000000000000000000 ) ) ;
#1561 = DIRECTION ( 'NONE',  ( 0.000000000000000000, -0.03547722218375332776, -0.9993704852086259249 ) ) ;
#1562 = DIRECTION ( 'NONE',  ( 0.000000000000000000, 0.000000000000000000, 1.000000000000000000 ) ) ;
#1563 = ORIENTED_EDGE ( 'NONE', *, *, #2977, .F. ) ;
#1564 = VECTOR ( 'NONE', #6469, 1000.000000000000000 ) ;
#1565 = ORIENTED_EDGE ( 'NONE', *, *, #1923, .T. ) ;
#1566 = VERTEX_POINT ( 'NONE', #3805 ) ;
#1567 = CARTESIAN_POINT ( 'NONE',  ( -17.99999999999998224, 17.00000000000000000, -2.600000000000003197 ) ) ;
#1568 = DIRECTION ( 'NONE',  ( 0.000000000000000000, 0.000000000000000000, 1.000000000000000000 ) ) ;
#1569 = AXIS2_PLACEMENT_3D ( 'NONE', #1430, #7436, #7392 ) ;
#1570 = ORIENTED_EDGE ( 'NONE', *, *, #442, .F. ) ;
#1571 = ORIENTED_EDGE ( 'NONE', *, *, #5063, .F. ) ;
#1572 = CARTESIAN_POINT ( 'NONE',  ( 63.99999999999998579, 14.00000000000000000, 6.000000000000000000 ) ) ;
#1573 = VERTEX_POINT ( 'NONE', #3963 ) ;
#1574 = AXIS2_PLACEMENT_3D ( 'NONE', #6746, #3758, #2461 ) ;
#1575 = VECTOR ( 'NONE', #929, 1000.000000000000000 ) ;
#1576 = DIRECTION ( 'NONE',  ( -1.000000000000000000, 0.000000000000000000, 0.000000000000000000 ) ) ;
#1577 = EDGE_CURVE ( 'NONE', #327, #3455, #4432, .T. ) ;
#1578 = CONICAL_SURFACE ( 'NONE', #840, 5.599999999999987210, 0.7853981633974576049 ) ;
#1579 = ORIENTED_EDGE ( 'NONE', *, *, #2543, .T. ) ;
#1580 = LINE ( 'NONE', #964, #2226 ) ;
#1581 = CARTESIAN_POINT ( 'NONE',  ( -63.40000000000001279, -24.00000000000000000, -1.751471862576093885 ) ) ;
#1582 = PLANE ( 'NONE',  #5792 ) ;
#1583 = CARTESIAN_POINT ( 'NONE',  ( -64.00000000000001421, 3.244952061733696880, -1.438701666072372376 ) ) ;
#1584 = EDGE_CURVE ( 'NONE', #3301, #4078, #273, .T. ) ;
#1585 = VECTOR ( 'NONE', #1043, 999.9999999999998863 ) ;
#1586 = CARTESIAN_POINT ( 'NONE',  ( 4.531193156845206793E-15, 18.00000000000000000, -0.5000000000000000000 ) ) ;
#1587 = CARTESIAN_POINT ( 'NONE',  ( 57.99999999999999289, 15.99999999999998224, 10.99999999999999822 ) ) ;
#1588 = ORIENTED_EDGE ( 'NONE', *, *, #7429, .T. ) ;
#1589 = EDGE_CURVE ( 'NONE', #6394, #4329, #3478, .T. ) ;
#1590 = ORIENTED_EDGE ( 'NONE', *, *, #2313, .T. ) ;
#1591 = AXIS2_PLACEMENT_3D ( 'NONE', #629, #3028, #2517 ) ;
#1592 = DIRECTION ( 'NONE',  ( -1.020425574104004246E-16, -1.000000000000000000, 0.000000000000000000 ) ) ;
#1593 = VERTEX_POINT ( 'NONE', #982 ) ;
#1594 = DIRECTION ( 'NONE',  ( -1.000000000000000000, 0.000000000000000000, 0.000000000000000000 ) ) ;
#1595 = LINE ( 'NONE', #7175, #1280 ) ;
#1596 = EDGE_CURVE ( 'NONE', #2785, #7090, #5111, .T. ) ;
#1597 = EDGE_CURVE ( 'NONE', #5253, #4801, #7668, .T. ) ;
#1598 = CARTESIAN_POINT ( 'NONE',  ( -54.00000000000000711, 24.00000000000000000, -2.600000000000031175 ) ) ;
#1599 = CIRCLE ( 'NONE', #3220, 1.499999999999999556 ) ;
#1600 = LINE ( 'NONE', #6920, #4341 ) ;
#1601 = EDGE_CURVE ( 'NONE', #6912, #7581, #1768, .T. ) ;
#1602 = DIRECTION ( 'NONE',  ( 0.000000000000000000, 0.000000000000000000, 1.000000000000000000 ) ) ;
#1603 = CONICAL_SURFACE ( 'NONE', #3103, 5.600000000000000533, 0.7853981633974476129 ) ;
#1604 = ORIENTED_EDGE ( 'NONE', *, *, #1645, .F. ) ;
#1605 = DIRECTION ( 'NONE',  ( 1.000000000000000000, -0.000000000000000000, 0.000000000000000000 ) ) ;
#1606 = CYLINDRICAL_SURFACE ( 'NONE', #5448, 1.099999999999998535 ) ;
#1607 = VECTOR ( 'NONE', #210, 1000.000000000000000 ) ;
#1608 = ORIENTED_EDGE ( 'NONE', *, *, #1870, .T. ) ;
#1609 = ORIENTED_EDGE ( 'NONE', *, *, #7310, .F. ) ;
#1610 = CIRCLE ( 'NONE', #1994, 1.000000000000000888 ) ;
#1611 = CARTESIAN_POINT ( 'NONE',  ( 47.99999999999998579, -17.00000000000001066, -7.399999999999982592 ) ) ;
#1612 = EDGE_LOOP ( 'NONE', ( #2767, #7399, #5310, #6725 ) ) ;
#1613 = CARTESIAN_POINT ( 'NONE',  ( 0.000000000000000000, 35.50000000000000000, -7.000000000000000000 ) ) ;
#1614 = CONICAL_SURFACE ( 'NONE', #1235, 5.600000000000014744, 0.7853981633974476129 ) ;
#1615 = VERTEX_POINT ( 'NONE', #2163 ) ;
#1616 = DIRECTION ( 'NONE',  ( -0.000000000000000000, -0.000000000000000000, 1.000000000000000000 ) ) ;
#1617 = AXIS2_PLACEMENT_3D ( 'NONE', #4743, #1770, #1733 ) ;
#1618 = EDGE_CURVE ( 'NONE', #7389, #5404, #5036, .T. ) ;
#1619 = ORIENTED_EDGE ( 'NONE', *, *, #3808, .F. ) ;
#1620 = FACE_OUTER_BOUND ( 'NONE', #3710, .T. ) ;
#1621 = CARTESIAN_POINT ( 'NONE',  ( 58.00000000000000711, 3.185854099730716094, 5.999999999999394262 ) ) ;
#1622 = AXIS2_PLACEMENT_3D ( 'NONE', #1665, #567, #4751 ) ;
#1623 = EDGE_LOOP ( 'NONE', ( #1570, #226, #3323, #318 ) ) ;
#1624 = DIRECTION ( 'NONE',  ( 0.7071067811865435759, -0.7071067811865515695, 0.000000000000000000 ) ) ;
#1625 = PLANE ( 'NONE',  #2162 ) ;
#1626 = VECTOR ( 'NONE', #4382, 1000.000000000000000 ) ;
#1627 = ORIENTED_EDGE ( 'NONE', *, *, #5289, .T. ) ;
#1628 = EDGE_LOOP ( 'NONE', ( #4545, #2377, #542, #1044 ) ) ;
#1629 = DIRECTION ( 'NONE',  ( -0.000000000000000000, 1.000000000000000000, -0.000000000000000000 ) ) ;
#1630 = ORIENTED_EDGE ( 'NONE', *, *, #1106, .T. ) ;
#1631 = CARTESIAN_POINT ( 'NONE',  ( 26.91421356237302831, 25.00000000000000000, -8.000000000000000000 ) ) ;
#1632 = CARTESIAN_POINT ( 'NONE',  ( 13.00000000000000711, 35.50000000000000000, -8.000000000000000000 ) ) ;
#1633 = CARTESIAN_POINT ( 'NONE',  ( 58.50000000000000711, -7.002802323379788696, 14.51763809020503793 ) ) ;
#1634 = VECTOR ( 'NONE', #1288, 1000.000000000000000 ) ;
#1635 = DIRECTION ( 'NONE',  ( 1.000000000000000000, 9.912705577010325549E-17, 0.000000000000000000 ) ) ;
#1636 = EDGE_CURVE ( 'NONE', #6884, #3159, #5717, .T. ) ;
#1637 = EDGE_CURVE ( 'NONE', #2417, #441, #4571, .T. ) ;
#1638 = CARTESIAN_POINT ( 'NONE',  ( 17.99999999999998934, 11.99999999999999645, -7.399999999999982592 ) ) ;
#1639 = ORIENTED_EDGE ( 'NONE', *, *, #677, .F. ) ;
#1640 = ORIENTED_EDGE ( 'NONE', *, *, #1118, .T. ) ;
#1641 = CARTESIAN_POINT ( 'NONE',  ( -63.50000000000002842, -8.310154176118016878, 15.89999999999997726 ) ) ;
#1642 = AXIS2_PLACEMENT_3D ( 'NONE', #3689, #7245, #1799 ) ;
#1643 = EDGE_CURVE ( 'NONE', #2753, #3968, #4221, .T. ) ;
#1644 = ORIENTED_EDGE ( 'NONE', *, *, #5255, .T. ) ;
#1645 = EDGE_CURVE ( 'NONE', #5363, #4255, #2711, .T. ) ;
#1646 = VECTOR ( 'NONE', #7428, 1000.000000000000000 ) ;
#1647 = ORIENTED_EDGE ( 'NONE', *, *, #2268, .F. ) ;
#1648 = CARTESIAN_POINT ( 'NONE',  ( 62.99999999999998579, 15.69999999999999218, 10.70000000000000284 ) ) ;
#1649 = ORIENTED_EDGE ( 'NONE', *, *, #484, .F. ) ;
#1650 = CARTESIAN_POINT ( 'NONE',  ( 63.99999999999998579, 3.185854099730716094, 5.499999999999396039 ) ) ;
#1651 = EDGE_LOOP ( 'NONE', ( #5068, #4966, #4717, #1026 ) ) ;
#1652 = CARTESIAN_POINT ( 'NONE',  ( -7.099999999999997868, 8.511903429903327378, -5.800000000000000711 ) ) ;
#1653 = CIRCLE ( 'NONE', #4926, 2.439105352525431147 ) ;
#1654 = CARTESIAN_POINT ( 'NONE',  ( -53.00000000000000000, -17.00000000000000000, 2.000000000000000000 ) ) ;
#1655 = AXIS2_PLACEMENT_3D ( 'NONE', #7359, #1240, #3050 ) ;
#1656 = LINE ( 'NONE', #2255, #7542 ) ;
#1657 = ORIENTED_EDGE ( 'NONE', *, *, #7658, .T. ) ;
#1658 = FACE_OUTER_BOUND ( 'NONE', #3820, .T. ) ;
#1659 = DIRECTION ( 'NONE',  ( 0.000000000000000000, 0.000000000000000000, -1.000000000000000000 ) ) ;
#1660 = ORIENTED_EDGE ( 'NONE', *, *, #1643, .T. ) ;
#1661 = EDGE_LOOP ( 'NONE', ( #1528, #3629, #7435, #5893, #3350, #3026, #7360, #4858, #2400, #6684, #813, #6805 ) ) ;
#1662 = CARTESIAN_POINT ( 'NONE',  ( -58.00000000000000000, 5.779561752560280041, 8.020590477448816813 ) ) ;
#1663 = VERTEX_POINT ( 'NONE', #5027 ) ;
#1664 = CARTESIAN_POINT ( 'NONE',  ( 63.83353458023611893, 8.365225642826667141, 15.56646541976387788 ) ) ;
#1665 = CARTESIAN_POINT ( 'NONE',  ( 0.000000000000000000, 34.89999999999997726, -2.000000000000000000 ) ) ;
#1666 = AXIS2_PLACEMENT_3D ( 'NONE', #3147, #717, #2015 ) ;
#1667 = DIRECTION ( 'NONE',  ( 0.000000000000000000, -1.000000000000000000, 0.000000000000000000 ) ) ;
#1668 = FACE_OUTER_BOUND ( 'NONE', #3871, .T. ) ;
#1669 = DIRECTION ( 'NONE',  ( -0.7071067811865434649, 0.7071067811865515695, 0.000000000000000000 ) ) ;
#1670 = EDGE_CURVE ( 'NONE', #5599, #1438, #5894, .T. ) ;
#1671 = VECTOR ( 'NONE', #3828, 1000.000000000000000 ) ;
#1672 = DIRECTION ( 'NONE',  ( 1.000000000000000000, 0.000000000000000000, 0.000000000000000000 ) ) ;
#1673 = DIRECTION ( 'NONE',  ( -0.000000000000000000, -0.000000000000000000, -1.000000000000000000 ) ) ;
#1674 = EDGE_LOOP ( 'NONE', ( #4822, #6096, #6195, #2671 ) ) ;
#1675 = ORIENTED_EDGE ( 'NONE', *, *, #449, .F. ) ;
#1676 = EDGE_CURVE ( 'NONE', #6301, #7560, #7139, .T. ) ;
#1677 = EDGE_CURVE ( 'NONE', #7358, #3825, #5219, .T. ) ;
#1678 = ORIENTED_EDGE ( 'NONE', *, *, #930, .F. ) ;
#1679 = VECTOR ( 'NONE', #1421, 1000.000000000000000 ) ;
#1680 = VERTEX_POINT ( 'NONE', #970 ) ;
#1681 = EDGE_CURVE ( 'NONE', #3455, #1962, #7071, .T. ) ;
#1682 = DIRECTION ( 'NONE',  ( 1.000000000000000000, 0.000000000000000000, 0.000000000000000000 ) ) ;
#1683 = DIRECTION ( 'NONE',  ( 1.000000000000000000, -3.965082230804129727E-16, 0.000000000000000000 ) ) ;
#1684 = ORIENTED_EDGE ( 'NONE', *, *, #3121, .T. ) ;
#1685 = DIRECTION ( 'NONE',  ( 0.7071067811865485719, -0.6830127018922188542, -0.1830127018922170501 ) ) ;
#1686 = DIRECTION ( 'NONE',  ( 1.000000000000000000, 0.000000000000000000, 0.000000000000000000 ) ) ;
#1687 = ORIENTED_EDGE ( 'NONE', *, *, #6669, .T. ) ;
#1688 = FACE_OUTER_BOUND ( 'NONE', #3317, .T. ) ;
#1689 = EDGE_CURVE ( 'NONE', #4745, #5363, #6989, .T. ) ;
#1690 = CIRCLE ( 'NONE', #6887, 2.500000000000014211 ) ;
#1691 = ADVANCED_FACE ( 'NONE', ( #452 ), #6848, .F. ) ;
#1692 = ORIENTED_EDGE ( 'NONE', *, *, #4504, .T. ) ;
#1693 = VECTOR ( 'NONE', #2496, 1000.000000000000000 ) ;
#1694 = CIRCLE ( 'NONE', #7149, 0.3999999999999837019 ) ;
#1695 = VERTEX_POINT ( 'NONE', #1155 ) ;
#1696 = PLANE ( 'NONE',  #6388 ) ;
#1697 = CARTESIAN_POINT ( 'NONE',  ( -62.99999999999998579, -15.99999999999995559, 7.950000000000023270 ) ) ;
#1698 = CARTESIAN_POINT ( 'NONE',  ( -64.00000000000001421, 24.00000000000000000, -7.399999999999962164 ) ) ;
#1699 = ORIENTED_EDGE ( 'NONE', *, *, #5021, .F. ) ;
#1700 = ORIENTED_EDGE ( 'NONE', *, *, #6440, .T. ) ;
#1701 = DIRECTION ( 'NONE',  ( 1.000000000000000000, 0.000000000000000000, 0.000000000000000000 ) ) ;
#1702 = ORIENTED_EDGE ( 'NONE', *, *, #4773, .T. ) ;
#1703 = DIRECTION ( 'NONE',  ( 0.000000000000000000, 0.000000000000000000, -1.000000000000000000 ) ) ;
#1704 = FACE_OUTER_BOUND ( 'NONE', #709, .T. ) ;
#1705 = AXIS2_PLACEMENT_3D ( 'NONE', #5935, #4784, #3434 ) ;
#1706 = CYLINDRICAL_SURFACE ( 'NONE', #3609, 4.999999999999997335 ) ;
#1707 = CARTESIAN_POINT ( 'NONE',  ( 47.99999999999998579, -17.00000000000001421, -7.399999999999982592 ) ) ;
#1708 = CIRCLE ( 'NONE', #220, 5.600000000000018296 ) ;
#1709 = DIRECTION ( 'NONE',  ( -0.7071067811865460184, -0.7071067811865489050, 0.000000000000000000 ) ) ;
#1710 = LINE ( 'NONE', #4115, #1775 ) ;
#1711 = ORIENTED_EDGE ( 'NONE', *, *, #2663, .T. ) ;
#1712 = CIRCLE ( 'NONE', #2847, 4.600000000000030731 ) ;
#1713 = ORIENTED_EDGE ( 'NONE', *, *, #3908, .T. ) ;
#1714 = VERTEX_POINT ( 'NONE', #7818 ) ;
#1715 = EDGE_CURVE ( 'NONE', #6321, #5871, #5403, .T. ) ;
#1716 = LINE ( 'NONE', #2940, #1976 ) ;
#1717 = CARTESIAN_POINT ( 'NONE',  ( 14.58578643762690064, 34.49999999999999289, -2.000000000000000000 ) ) ;
#1718 = ORIENTED_EDGE ( 'NONE', *, *, #3998, .T. ) ;
#1719 = FACE_OUTER_BOUND ( 'NONE', #730, .T. ) ;
#1720 = DIRECTION ( 'NONE',  ( -7.625158136161789453E-17, -1.000000000000000000, 0.000000000000000000 ) ) ;
#1721 = CIRCLE ( 'NONE', #5775, 2.099999999999999645 ) ;
#1722 = ORIENTED_EDGE ( 'NONE', *, *, #539, .F. ) ;
#1723 = EDGE_CURVE ( 'NONE', #2864, #4496, #133, .T. ) ;
#1724 = CIRCLE ( 'NONE', #2748, 10.75000000000000000 ) ;
#1725 = EDGE_LOOP ( 'NONE', ( #4990, #6127, #6849, #83 ) ) ;
#1726 = EDGE_CURVE ( 'NONE', #2516, #7131, #3628, .T. ) ;
#1727 = CARTESIAN_POINT ( 'NONE',  ( 63.39999999999999858, 14.00000000000000178, 16.00000000000000000 ) ) ;
#1728 = EDGE_CURVE ( 'NONE', #2573, #3972, #5529, .T. ) ;
#1729 = DIRECTION ( 'NONE',  ( -0.000000000000000000, -0.000000000000000000, -1.000000000000000000 ) ) ;
#1730 = DIRECTION ( 'NONE',  ( 1.000000000000000000, 0.000000000000000000, 0.000000000000000000 ) ) ;
#1731 = LINE ( 'NONE', #4138, #301 ) ;
#1732 = CONICAL_SURFACE ( 'NONE', #6170, 5.599999999999987210, 0.7853981633974591592 ) ;
#1733 = DIRECTION ( 'NONE',  ( -0.7071067811865479058, 0.000000000000000000, 0.7071067811865471286 ) ) ;
#1734 = DIRECTION ( 'NONE',  ( 1.000000000000000000, 0.000000000000000000, -0.000000000000000000 ) ) ;
#1735 = EDGE_CURVE ( 'NONE', #3769, #6995, #7613, .T. ) ;
#1736 = VECTOR ( 'NONE', #2252, 1000.000000000000000 ) ;
#1737 = ORIENTED_EDGE ( 'NONE', *, *, #4490, .F. ) ;
#1738 = VERTEX_POINT ( 'NONE', #984 ) ;
#1739 = CONICAL_SURFACE ( 'NONE', #3887, 5.600000000000000533, 0.7853981633974476129 ) ;
#1740 = CARTESIAN_POINT ( 'NONE',  ( -63.40000000000001279, -1.833024472948826373E-14, 16.00000000000000000 ) ) ;
#1741 = ORIENTED_EDGE ( 'NONE', *, *, #537, .F. ) ;
#1742 = DIRECTION ( 'NONE',  ( 1.000000000000000000, 0.000000000000000000, 0.000000000000000000 ) ) ;
#1743 = FACE_OUTER_BOUND ( 'NONE', #1277, .T. ) ;
#1744 = LINE ( 'NONE', #4150, #1607 ) ;
#1745 = CARTESIAN_POINT ( 'NONE',  ( 3.500000000000003109, -18.00000000000000000, -0.5000000000000000000 ) ) ;
#1746 = CARTESIAN_POINT ( 'NONE',  ( 10.25000000000000000, 8.300000000000901323, -5.000000000000000000 ) ) ;
#1747 = CARTESIAN_POINT ( 'NONE',  ( 12.00000000000000000, -9.000000000000001776, -7.000000000000000000 ) ) ;
#1748 = VECTOR ( 'NONE', #1269, 1000.000000000000000 ) ;
#1749 = LINE ( 'NONE', #6588, #6759 ) ;
#1750 = CARTESIAN_POINT ( 'NONE',  ( -10.25000000000000000, 29.00000000000089528, 0.000000000000000000 ) ) ;
#1751 = ORIENTED_EDGE ( 'NONE', *, *, #4867, .F. ) ;
#1752 = VERTEX_POINT ( 'NONE', #7492 ) ;
#1753 = LINE ( 'NONE', #5235, #721 ) ;
#1754 = VECTOR ( 'NONE', #955, 1000.000000000000114 ) ;
#1755 = ORIENTED_EDGE ( 'NONE', *, *, #6878, .T. ) ;
#1756 = CARTESIAN_POINT ( 'NONE',  ( 54.00000000000000711, 24.00000000000000000, 2.000000000000000000 ) ) ;
#1757 = PLANE ( 'NONE',  #5004 ) ;
#1758 = ORIENTED_EDGE ( 'NONE', *, *, #2507, .T. ) ;
#1759 = CARTESIAN_POINT ( 'NONE',  ( 58.00000000000000000, -19.80132347571447227, 13.39625891448672590 ) ) ;
#1760 = EDGE_CURVE ( 'NONE', #4105, #5646, #6070, .T. ) ;
#1761 = ORIENTED_EDGE ( 'NONE', *, *, #3037, .T. ) ;
#1762 = FACE_OUTER_BOUND ( 'NONE', #7306, .T. ) ;
#1763 = ORIENTED_EDGE ( 'NONE', *, *, #4243, .F. ) ;
#1764 = CARTESIAN_POINT ( 'NONE',  ( -63.40000000000001279, -24.00000000000000000, 6.000000000000000000 ) ) ;
#1765 = DIRECTION ( 'NONE',  ( 1.000000000000000000, -1.334402673828313586E-16, 0.000000000000000000 ) ) ;
#1766 = DIRECTION ( 'NONE',  ( -0.7071067811865479058, 0.000000000000000000, 0.7071067811865471286 ) ) ;
#1767 = AXIS2_PLACEMENT_3D ( 'NONE', #4726, #7837, #6675 ) ;
#1768 =( BOUNDED_CURVE ( )  B_SPLINE_CURVE ( 3, ( #5759, #7605, #315, #2633 ),
 .UNSPECIFIED., .F., .F. ) 
 B_SPLINE_CURVE_WITH_KNOTS ( ( 4, 4 ),
 ( 2.824032224298246518, 3.141592653589793116 ),
 .UNSPECIFIED. ) 
 CURVE ( )  GEOMETRIC_REPRESENTATION_ITEM ( )  RATIONAL_B_SPLINE_CURVE ( ( 1.000000000000000000, 0.9916139219377152481, 0.9916139219377152481, 1.000000000000000000 ) ) 
 REPRESENTATION_ITEM ( '' )  );
#1769 = CARTESIAN_POINT ( 'NONE',  ( -3.499999999999994227, 18.00000000000000000, -0.9999999999999892308 ) ) ;
#1770 = DIRECTION ( 'NONE',  ( 0.4999999999999942268, -0.7071067811865553443, 0.4999999999999947820 ) ) ;
#1771 = CARTESIAN_POINT ( 'NONE',  ( -7.099999999999999645, 23.99999999999998934, -5.800000000000000711 ) ) ;
#1772 = EDGE_CURVE ( 'NONE', #6118, #5808, #5038, .T. ) ;
#1773 = EDGE_CURVE ( 'NONE', #6075, #3679, #4167, .T. ) ;
#1774 = ORIENTED_EDGE ( 'NONE', *, *, #3183, .T. ) ;
#1775 = VECTOR ( 'NONE', #3560, 1000.000000000000227 ) ;
#1776 = EDGE_LOOP ( 'NONE', ( #7457, #2796, #3979, #6514, #1687, #465 ) ) ;
#1777 = DIRECTION ( 'NONE',  ( -2.040851148208007259E-16, -1.000000000000000000, -0.000000000000000000 ) ) ;
#1778 = EDGE_LOOP ( 'NONE', ( #6924, #477, #2827, #1067, #3170, #2064, #134, #6889 ) ) ;
#1779 = CARTESIAN_POINT ( 'NONE',  ( 62.99999999999998579, -16.00000000000001776, 10.99999999999999822 ) ) ;
#1780 = ADVANCED_FACE ( 'NONE', ( #6245 ), #2752, .F. ) ;
#1781 = DIRECTION ( 'NONE',  ( 0.000000000000000000, 0.7317478313925263045, -0.6815754626248915482 ) ) ;
#1782 = LINE ( 'NONE', #2926, #5507 ) ;
#1783 = DIRECTION ( 'NONE',  ( 0.000000000000000000, -1.000000000000000000, 0.000000000000000000 ) ) ;
#1784 = VECTOR ( 'NONE', #6605, 1000.000000000000114 ) ;
#1785 = DIRECTION ( 'NONE',  ( -0.000000000000000000, 0.9993704852086260360, 0.03547722218375333469 ) ) ;
#1786 = ADVANCED_FACE ( 'NONE', ( #6407 ), #4684, .F. ) ;
#1787 = DIRECTION ( 'NONE',  ( -0.7071067811865454633, 1.443099686290229567E-16, 0.7071067811865495711 ) ) ;
#1788 = AXIS2_PLACEMENT_3D ( 'NONE', #1756, #7765, #2320 ) ;
#1789 = FACE_OUTER_BOUND ( 'NONE', #6710, .T. ) ;
#1790 = ORIENTED_EDGE ( 'NONE', *, *, #4553, .T. ) ;
#1791 = CIRCLE ( 'NONE', #1554, 2.000000000000000000 ) ;
#1792 = LINE ( 'NONE', #7404, #404 ) ;
#1793 = ORIENTED_EDGE ( 'NONE', *, *, #4295, .F. ) ;
#1794 = LINE ( 'NONE', #7239, #4713 ) ;
#1795 = CARTESIAN_POINT ( 'NONE',  ( 57.99999999999999289, -16.00000000000001776, 10.99999999999999822 ) ) ;
#1796 = ORIENTED_EDGE ( 'NONE', *, *, #304, .F. ) ;
#1797 = DIRECTION ( 'NONE',  ( 0.7071067811865479058, 0.000000000000000000, 0.7071067811865471286 ) ) ;
#1798 = VERTEX_POINT ( 'NONE', #3299 ) ;
#1799 = DIRECTION ( 'NONE',  ( 0.000000000000000000, 0.000000000000000000, -1.000000000000000000 ) ) ;
#1800 = VERTEX_POINT ( 'NONE', #358 ) ;
#1801 = CARTESIAN_POINT ( 'NONE',  ( 57.75147186257611054, 24.00000000000000000, -7.399999999999962164 ) ) ;
#1802 = ORIENTED_EDGE ( 'NONE', *, *, #3469, .T. ) ;
#1803 = CARTESIAN_POINT ( 'NONE',  ( -64.00000000000001421, 14.00000000000000000, 6.000000000000000000 ) ) ;
#1804 = LINE ( 'NONE', #7734, #6121 ) ;
#1805 = EDGE_CURVE ( 'NONE', #7724, #278, #2048, .T. ) ;
#1806 = CIRCLE ( 'NONE', #6114, 2.000000000000000000 ) ;
#1807 = VECTOR ( 'NONE', #4268, 1000.000000000000114 ) ;
#1808 = CARTESIAN_POINT ( 'NONE',  ( -5.233908544661456544E-15, -17.60000000000001563, -8.000000000000000000 ) ) ;
#1809 = FACE_OUTER_BOUND ( 'NONE', #2560, .T. ) ;
#1810 = DIRECTION ( 'NONE',  ( 0.000000000000000000, 0.7071067811865459074, 0.7071067811865492381 ) ) ;
#1811 = CARTESIAN_POINT ( 'NONE',  ( 0.000000000000000000, 0.000000000000000000, -2.000000000000000000 ) ) ;
#1812 = CONICAL_SURFACE ( 'NONE', #570, 9.400000000000011013, 0.7853981633974598253 ) ;
#1813 = ORIENTED_EDGE ( 'NONE', *, *, #3598, .F. ) ;
#1814 = VECTOR ( 'NONE', #4557, 1000.000000000000114 ) ;
#1815 = ORIENTED_EDGE ( 'NONE', *, *, #4824, .F. ) ;
#1816 = PLANE ( 'NONE',  #3848 ) ;
#1817 = VERTEX_POINT ( 'NONE', #5634 ) ;
#1818 = PLANE ( 'NONE',  #7140 ) ;
#1819 = ADVANCED_FACE ( 'NONE', ( #7607 ), #3929, .F. ) ;
#1820 = DIRECTION ( 'NONE',  ( 0.000000000000000000, 0.7071067811865459074, 0.7071067811865492381 ) ) ;
#1821 = LINE ( 'NONE', #6788, #5142 ) ;
#1822 = VECTOR ( 'NONE', #6828, 1000.000000000000114 ) ;
#1823 = FACE_OUTER_BOUND ( 'NONE', #789, .T. ) ;
#1824 = DIRECTION ( 'NONE',  ( 0.000000000000000000, 0.000000000000000000, 1.000000000000000000 ) ) ;
#1825 = ADVANCED_FACE ( 'NONE', ( #3340 ), #3212, .F. ) ;
#1826 = LINE ( 'NONE', #103, #67 ) ;
#1827 = VECTOR ( 'NONE', #3868, 1000.000000000000000 ) ;
#1828 = EDGE_CURVE ( 'NONE', #3968, #5045, #2588, .T. ) ;
#1829 = CARTESIAN_POINT ( 'NONE',  ( -3.499999999999994227, -18.00000000000000000, -0.5000000000000000000 ) ) ;
#1830 = EDGE_CURVE ( 'NONE', #6040, #3489, #1450, .T. ) ;
#1831 = ORIENTED_EDGE ( 'NONE', *, *, #6441, .F. ) ;
#1832 = EDGE_CURVE ( 'NONE', #3411, #7126, #317, .T. ) ;
#1833 = DIRECTION ( 'NONE',  ( -0.7071067811865556774, 0.7071067811865393571, 0.000000000000000000 ) ) ;
#1834 = ORIENTED_EDGE ( 'NONE', *, *, #5247, .F. ) ;
#1835 = LINE ( 'NONE', #5462, #5973 ) ;
#1836 = CIRCLE ( 'NONE', #7296, 10.00000000000000000 ) ;
#1837 = LINE ( 'NONE', #6831, #4075 ) ;
#1838 = CARTESIAN_POINT ( 'NONE',  ( 25.78284271247454384, 23.86862915010151553, -2.000000000000000000 ) ) ;
#1839 = ORIENTED_EDGE ( 'NONE', *, *, #2185, .T. ) ;
#1840 = CARTESIAN_POINT ( 'NONE',  ( 0.000000000000000000, 0.000000000000000000, -7.000000000000000000 ) ) ;
#1841 = DIRECTION ( 'NONE',  ( -1.000000000000000000, 0.000000000000000000, 0.000000000000000000 ) ) ;
#1842 = ORIENTED_EDGE ( 'NONE', *, *, #1618, .T. ) ;
#1843 = CARTESIAN_POINT ( 'NONE',  ( 58.59999999999998010, -20.24542364858361765, 13.80990931123482746 ) ) ;
#1844 = AXIS2_PLACEMENT_3D ( 'NONE', #3854, #5639, #6290 ) ;
#1845 = EDGE_LOOP ( 'NONE', ( #6279, #3919 ) ) ;
#1846 = AXIS2_PLACEMENT_3D ( 'NONE', #2780, #6470, #5292 ) ;
#1847 = CARTESIAN_POINT ( 'NONE',  ( -64.00000000000001421, 24.00000000000000000, -7.000000000000000000 ) ) ;
#1848 = EDGE_LOOP ( 'NONE', ( #2821, #1349, #5897, #5510 ) ) ;
#1849 = CARTESIAN_POINT ( 'NONE',  ( 63.99999999999998579, 24.00000000000000000, -7.000000000000000000 ) ) ;
#1850 = PLANE ( 'NONE',  #3944 ) ;
#1851 = DIRECTION ( 'NONE',  ( -1.000000000000000000, 0.000000000000000000, 0.000000000000000000 ) ) ;
#1852 = DIRECTION ( 'NONE',  ( 0.000000000000000000, 0.000000000000000000, 1.000000000000000000 ) ) ;
#1853 = DIRECTION ( 'NONE',  ( 1.000000000000000000, 0.000000000000000000, 0.000000000000000000 ) ) ;
#1854 = AXIS2_PLACEMENT_3D ( 'NONE', #7041, #5944, #2928 ) ;
#1855 = ORIENTED_EDGE ( 'NONE', *, *, #4908, .F. ) ;
#1856 = VERTEX_POINT ( 'NONE', #2714 ) ;
#1857 = LINE ( 'NONE', #5536, #1966 ) ;
#1858 = ORIENTED_EDGE ( 'NONE', *, *, #4588, .T. ) ;
#1859 = LINE ( 'NONE', #4392, #5340 ) ;
#1860 = FACE_OUTER_BOUND ( 'NONE', #2883, .T. ) ;
#1861 = VECTOR ( 'NONE', #4314, 1000.000000000000000 ) ;
#1862 = ORIENTED_EDGE ( 'NONE', *, *, #828, .F. ) ;
#1863 = CARTESIAN_POINT ( 'NONE',  ( -58.50000000000001421, -8.310154176118127012, 15.90000000000001457 ) ) ;
#1864 = CARTESIAN_POINT ( 'NONE',  ( 52.99999999999999289, 11.99999999999999822, -2.599999999999975664 ) ) ;
#1865 = CIRCLE ( 'NONE', #5519, 2.099999999999999645 ) ;
#1866 = CARTESIAN_POINT ( 'NONE',  ( -26.91421356237302831, 24.00000000000000000, -7.399999999999962164 ) ) ;
#1867 = FACE_OUTER_BOUND ( 'NONE', #364, .T. ) ;
#1868 = CYLINDRICAL_SURFACE ( 'NONE', #1655, 5.000000000000000888 ) ;
#1869 = VERTEX_POINT ( 'NONE', #6285 ) ;
#1870 = EDGE_CURVE ( 'NONE', #593, #5619, #2172, .T. ) ;
#1871 = ADVANCED_FACE ( 'NONE', ( #7569 ), #1036, .F. ) ;
#1872 = CARTESIAN_POINT ( 'NONE',  ( -12.34999999999999964, 29.00000000000089528, -2.000000000000000000 ) ) ;
#1873 = PLANE ( 'NONE',  #5217 ) ;
#1874 = ORIENTED_EDGE ( 'NONE', *, *, #1589, .F. ) ;
#1875 = VECTOR ( 'NONE', #3084, 1000.000000000000114 ) ;
#1876 = LINE ( 'NONE', #4244, #4831 ) ;
#1877 = ORIENTED_EDGE ( 'NONE', *, *, #1936, .T. ) ;
#1878 = ORIENTED_EDGE ( 'NONE', *, *, #6151, .F. ) ;
#1879 = CARTESIAN_POINT ( 'NONE',  ( 0.000000000000000000, -23.80803242245864126, 7.950000000000023270 ) ) ;
#1880 = EDGE_CURVE ( 'NONE', #5856, #2988, #3888, .T. ) ;
#1881 = CARTESIAN_POINT ( 'NONE',  ( -22.99999999999998224, 12.00000000000000178, -2.000000000000000000 ) ) ;
#1882 = ORIENTED_EDGE ( 'NONE', *, *, #2459, .F. ) ;
#1883 = DIRECTION ( 'NONE',  ( 0.000000000000000000, 0.7071067811865454633, -0.7071067811865495711 ) ) ;
#1884 = EDGE_CURVE ( 'NONE', #1145, #4255, #6590, .T. ) ;
#1885 = EDGE_LOOP ( 'NONE', ( #6934, #4030, #5039, #4429, #2942, #3653, #3410, #3421 ) ) ;
#1886 = FACE_OUTER_BOUND ( 'NONE', #5514, .T. ) ;
#1887 = ORIENTED_EDGE ( 'NONE', *, *, #5806, .T. ) ;
#1888 = CARTESIAN_POINT ( 'NONE',  ( 13.00000000000000711, 34.89999999999996305, -8.000000000000000000 ) ) ;
#1889 = DIRECTION ( 'NONE',  ( 1.084202172485504804E-16, 1.000000000000000000, 0.000000000000000000 ) ) ;
#1890 = DIRECTION ( 'NONE',  ( 0.000000000000000000, -0.000000000000000000, -1.000000000000000000 ) ) ;
#1891 = CARTESIAN_POINT ( 'NONE',  ( -58.50000000000001421, 7.002802323379786031, 14.51763809020503793 ) ) ;
#1892 = DIRECTION ( 'NONE',  ( 1.000000000000000000, -1.020425574104004246E-16, 0.000000000000000000 ) ) ;
#1893 = CIRCLE ( 'NONE', #5684, 3.049999999999976286 ) ;
#1894 = FACE_OUTER_BOUND ( 'NONE', #2697, .T. ) ;
#1895 = CARTESIAN_POINT ( 'NONE',  ( 58.60000000000000853, 0.000000000000000000, 16.00000000000000000 ) ) ;
#1896 = EDGE_LOOP ( 'NONE', ( #1325, #4007, #5082, #6103 ) ) ;
#1897 = VERTEX_POINT ( 'NONE', #3967 ) ;
#1898 = CARTESIAN_POINT ( 'NONE',  ( 58.60000000000003695, 24.00000000000000000, 2.000000000000000000 ) ) ;
#1899 = CIRCLE ( 'NONE', #6842, 3.000000000000000000 ) ;
#1900 = ORIENTED_EDGE ( 'NONE', *, *, #6778, .F. ) ;
#1901 = DIRECTION ( 'NONE',  ( -1.000000000000000000, 0.000000000000000000, 0.000000000000000000 ) ) ;
#1902 = CARTESIAN_POINT ( 'NONE',  ( -70.50293497956538147, 12.99201543247748170, 13.40798456752249912 ) ) ;
#1903 = ORIENTED_EDGE ( 'NONE', *, *, #6581, .T. ) ;
#1904 = CARTESIAN_POINT ( 'NONE',  ( -10.25000000000000000, 29.00000000000089528, -7.000000000000000000 ) ) ;
#1905 = DIRECTION ( 'NONE',  ( 1.000000000000000000, 0.000000000000000000, 0.000000000000000000 ) ) ;
#1906 = FACE_OUTER_BOUND ( 'NONE', #4767, .T. ) ;
#1907 = VECTOR ( 'NONE', #5486, 1000.000000000000000 ) ;
#1908 = CARTESIAN_POINT ( 'NONE',  ( 64.00000000000000000, -14.00000000000000000, 16.00000000000000000 ) ) ;
#1909 = DIRECTION ( 'NONE',  ( 0.000000000000000000, 0.2588190451025179084, 0.9659258262890690894 ) ) ;
#1910 = EDGE_LOOP ( 'NONE', ( #3098, #5937, #5969, #6747 ) ) ;
#1911 = CARTESIAN_POINT ( 'NONE',  ( -64.00000000000001421, -8.396137495244440530, 15.40000000000001101 ) ) ;
#1912 = VERTEX_POINT ( 'NONE', #5793 ) ;
#1913 = AXIS2_PLACEMENT_3D ( 'NONE', #6066, #652, #4866 ) ;
#1914 = EDGE_CURVE ( 'NONE', #3790, #6040, #6853, .T. ) ;
#1915 = DIRECTION ( 'NONE',  ( 1.000000000000000000, 0.000000000000000000, 0.000000000000000000 ) ) ;
#1916 = CARTESIAN_POINT ( 'NONE',  ( 58.60000000000000142, 12.99201543247748170, 13.40798456752249912 ) ) ;
#1917 = AXIS2_PLACEMENT_3D ( 'NONE', #6157, #6792, #3760 ) ;
#1918 = CARTESIAN_POINT ( 'NONE',  ( 52.99999999999999289, 17.00000000000000000, 2.000000000000000000 ) ) ;
#1919 = ORIENTED_EDGE ( 'NONE', *, *, #2187, .F. ) ;
#1920 = DIRECTION ( 'NONE',  ( 0.4999999999999993339, 0.4999999999999932276, 0.7071067811865527908 ) ) ;
#1921 = ORIENTED_EDGE ( 'NONE', *, *, #3274, .F. ) ;
#1922 = VERTEX_POINT ( 'NONE', #420 ) ;
#1923 = EDGE_CURVE ( 'NONE', #7183, #5772, #3441, .T. ) ;
#1924 = DIRECTION ( 'NONE',  ( 1.020425574104004246E-16, 1.000000000000000000, 0.000000000000000000 ) ) ;
#1925 = EDGE_CURVE ( 'NONE', #37, #7023, #1017, .T. ) ;
#1926 = CIRCLE ( 'NONE', #1047, 10.75000000000000000 ) ;
#1927 = DIRECTION ( 'NONE',  ( 0.000000000000000000, 0.000000000000000000, -1.000000000000000000 ) ) ;
#1928 = EDGE_CURVE ( 'NONE', #2638, #4522, #5376, .T. ) ;
#1929 = VECTOR ( 'NONE', #6963, 1000.000000000000114 ) ;
#1930 = VERTEX_POINT ( 'NONE', #5908 ) ;
#1931 = CYLINDRICAL_SURFACE ( 'NONE', #1591, 3.049999999999976286 ) ;
#1932 = ORIENTED_EDGE ( 'NONE', *, *, #5554, .T. ) ;
#1933 = CARTESIAN_POINT ( 'NONE',  ( 8.354433227641285598, 6.765053247749287735, -2.600000000000032951 ) ) ;
#1934 = ADVANCED_FACE ( 'NONE', ( #2857 ), #7115, .T. ) ;
#1935 = DIRECTION ( 'NONE',  ( -1.000000000000000000, 0.000000000000000000, 0.000000000000000000 ) ) ;
#1936 = EDGE_CURVE ( 'NONE', #4065, #1996, #654, .T. ) ;
#1937 = FACE_OUTER_BOUND ( 'NONE', #1651, .T. ) ;
#1938 = CARTESIAN_POINT ( 'NONE',  ( -64.00000000000001421, 7.002802323379786031, 14.51763809020503793 ) ) ;
#1939 = PLANE ( 'NONE',  #1175 ) ;
#1940 = CARTESIAN_POINT ( 'NONE',  ( 26.91421356237302831, 25.00000000000000000, -2.000000000000000000 ) ) ;
#1941 = ADVANCED_FACE ( 'NONE', ( #4039 ), #5227, .T. ) ;
#1942 = ORIENTED_EDGE ( 'NONE', *, *, #2504, .F. ) ;
#1943 = VERTEX_POINT ( 'NONE', #7680 ) ;
#1944 = CONICAL_SURFACE ( 'NONE', #2937, 0.3999999999999698241, 0.7853981633974418397 ) ;
#1945 = DIRECTION ( 'NONE',  ( -0.000000000000000000, 0.000000000000000000, 1.000000000000000000 ) ) ;
#1946 = VERTEX_POINT ( 'NONE', #2350 ) ;
#1947 = CARTESIAN_POINT ( 'NONE',  ( -14.58578643762690064, 34.49999999999999289, -7.399999999999962164 ) ) ;
#1948 = ORIENTED_EDGE ( 'NONE', *, *, #1395, .T. ) ;
#1949 = CARTESIAN_POINT ( 'NONE',  ( 58.59999999999998010, -20.24542364858361765, 13.80990931123482746 ) ) ;
#1950 = LINE ( 'NONE', #6789, #3123 ) ;
#1951 = VECTOR ( 'NONE', #7491, 1000.000000000000000 ) ;
#1952 = CARTESIAN_POINT ( 'NONE',  ( -26.91421356237302831, 23.39999999999997016, -8.000000000000000000 ) ) ;
#1953 = ORIENTED_EDGE ( 'NONE', *, *, #5704, .T. ) ;
#1954 = CARTESIAN_POINT ( 'NONE',  ( 63.39999999999999858, -14.00000000000000000, 16.00000000000000000 ) ) ;
#1955 = AXIS2_PLACEMENT_3D ( 'NONE', #7791, #4756, #1053 ) ;
#1956 = VERTEX_POINT ( 'NONE', #3408 ) ;
#1957 = VECTOR ( 'NONE', #2731, 1000.000000000000000 ) ;
#1958 = CARTESIAN_POINT ( 'NONE',  ( 58.00000000000000711, 10.39999999999996838, 16.00000000000000000 ) ) ;
#1959 = VECTOR ( 'NONE', #2581, 1000.000000000000000 ) ;
#1960 = DIRECTION ( 'NONE',  ( 0.000000000000000000, -1.000000000000000000, 0.000000000000000000 ) ) ;
#1961 = ADVANCED_FACE ( 'NONE', ( #2241, #4645 ), #6513, .T. ) ;
#1962 = VERTEX_POINT ( 'NONE', #5948 ) ;
#1963 = CARTESIAN_POINT ( 'NONE',  ( -63.50000000000004263, 3.185854099730716094, 5.999999999999394262 ) ) ;
#1964 = ORIENTED_EDGE ( 'NONE', *, *, #7741, .F. ) ;
#1965 = ORIENTED_EDGE ( 'NONE', *, *, #3702, .T. ) ;
#1966 = VECTOR ( 'NONE', #52, 1000.000000000000000 ) ;
#1967 = CARTESIAN_POINT ( 'NONE',  ( 63.39999999999999858, -14.00000000000000000, 6.000000000000000000 ) ) ;
#1968 = EDGE_CURVE ( 'NONE', #3533, #1147, #7083, .T. ) ;
#1969 = VERTEX_POINT ( 'NONE', #1638 ) ;
#1970 = DIRECTION ( 'NONE',  ( -2.040851148208007259E-16, -1.000000000000000000, 0.000000000000000000 ) ) ;
#1971 = ORIENTED_EDGE ( 'NONE', *, *, #2554, .F. ) ;
#1972 = CARTESIAN_POINT ( 'NONE',  ( -64.00000000000001421, 23.39999999999997016, -1.999999999999967137 ) ) ;
#1973 = DIRECTION ( 'NONE',  ( 0.000000000000000000, -0.2588190451025181305, 0.9659258262890690894 ) ) ;
#1974 = PLANE ( 'NONE',  #6664 ) ;
#1975 = EDGE_CURVE ( 'NONE', #6173, #898, #6218, .T. ) ;
#1976 = VECTOR ( 'NONE', #2862, 1000.000000000000000 ) ;
#1977 = DIRECTION ( 'NONE',  ( -0.000000000000000000, -0.000000000000000000, -1.000000000000000000 ) ) ;
#1978 = DIRECTION ( 'NONE',  ( 0.000000000000000000, 0.000000000000000000, -1.000000000000000000 ) ) ;
#1979 = EDGE_CURVE ( 'NONE', #4837, #2921, #7375, .T. ) ;
#1980 = ADVANCED_FACE ( 'NONE', ( #4077 ), #7196, .F. ) ;
#1981 = ORIENTED_EDGE ( 'NONE', *, *, #1445, .F. ) ;
#1982 = ORIENTED_EDGE ( 'NONE', *, *, #3166, .T. ) ;
#1983 = VECTOR ( 'NONE', #4654, 1000.000000000000114 ) ;
#1984 = CARTESIAN_POINT ( 'NONE',  ( 63.99999999999998579, 14.00000000000000000, 15.40000000000001101 ) ) ;
#1985 = LINE ( 'NONE', #3279, #5988 ) ;
#1986 = PLANE ( 'NONE',  #4657 ) ;
#1987 = ORIENTED_EDGE ( 'NONE', *, *, #3847, .F. ) ;
#1988 = EDGE_CURVE ( 'NONE', #5772, #2049, #4004, .T. ) ;
#1989 = AXIS2_PLACEMENT_3D ( 'NONE', #2799, #5206, #289 ) ;
#1990 = CARTESIAN_POINT ( 'NONE',  ( -63.40000000000002700, 24.00000000000000000, -7.000000000000000000 ) ) ;
#1991 = CYLINDRICAL_SURFACE ( 'NONE', #243, 3.000000000000000000 ) ;
#1992 = EDGE_CURVE ( 'NONE', #7187, #7241, #3165, .T. ) ;
#1993 = CARTESIAN_POINT ( 'NONE',  ( 4.531193156845206793E-15, -18.00000000000000000, -2.000000000000000000 ) ) ;
#1994 = AXIS2_PLACEMENT_3D ( 'NONE', #3088, #1272, #1905 ) ;
#1995 = DIRECTION ( 'NONE',  ( -1.000000000000000000, 0.000000000000000000, 0.000000000000000000 ) ) ;
#1996 = VERTEX_POINT ( 'NONE', #501 ) ;
#1997 = CARTESIAN_POINT ( 'NONE',  ( -12.99999999999999645, 35.50000000000000000, -7.399999999999962164 ) ) ;
#1998 = DIRECTION ( 'NONE',  ( 1.000000000000000000, 9.293161478447174101E-16, 0.000000000000000000 ) ) ;
#1999 = VECTOR ( 'NONE', #7147, 1000.000000000000114 ) ;
#2000 = ORIENTED_EDGE ( 'NONE', *, *, #6021, .F. ) ;
#2001 = CARTESIAN_POINT ( 'NONE',  ( 3.500000000000003109, -18.00000000000000000, -0.9999999999999892308 ) ) ;
#2002 = DIRECTION ( 'NONE',  ( 1.000000000000000000, 0.000000000000000000, 0.000000000000000000 ) ) ;
#2003 = AXIS2_PLACEMENT_3D ( 'NONE', #3579, #1852, #5930 ) ;
#2004 = CARTESIAN_POINT ( 'NONE',  ( 7.814997443257259313, 8.115457789336231187, -2.083776131697241407 ) ) ;
#2005 = DIRECTION ( 'NONE',  ( 0.000000000000000000, 0.2588190451025180749, -0.9659258262890690894 ) ) ;
#2006 = VECTOR ( 'NONE', #1425, 1000.000000000000000 ) ;
#2007 = CARTESIAN_POINT ( 'NONE',  ( -62.99999999999998579, 10.39999999999996838, 16.00000000000000000 ) ) ;
#2008 = VERTEX_POINT ( 'NONE', #7755 ) ;
#2009 = ORIENTED_EDGE ( 'NONE', *, *, #7421, .F. ) ;
#2010 = DIRECTION ( 'NONE',  ( -1.000000000000000000, 0.000000000000000000, 0.000000000000000000 ) ) ;
#2011 = ORIENTED_EDGE ( 'NONE', *, *, #3216, .F. ) ;
#2012 = AXIS2_PLACEMENT_3D ( 'NONE', #1902, #1820, #6060 ) ;
#2013 = FACE_OUTER_BOUND ( 'NONE', #5185, .T. ) ;
#2014 = ORIENTED_EDGE ( 'NONE', *, *, #4455, .T. ) ;
#2015 = DIRECTION ( 'NONE',  ( 0.000000000000000000, 0.000000000000000000, -1.000000000000000000 ) ) ;
#2016 = CARTESIAN_POINT ( 'NONE',  ( -62.49999999999998579, -18.98042485753536823, 12.63164529836050498 ) ) ;
#2017 = ORIENTED_EDGE ( 'NONE', *, *, #5, .F. ) ;
#2018 = DIRECTION ( 'NONE',  ( 0.000000000000000000, 1.156482317317887897E-15, -1.000000000000000000 ) ) ;
#2019 = EDGE_CURVE ( 'NONE', #487, #3984, #1710, .T. ) ;
#2020 = DIRECTION ( 'NONE',  ( -1.000000000000000000, 1.334402673828313339E-16, 0.000000000000000000 ) ) ;
#2021 = CARTESIAN_POINT ( 'NONE',  ( 63.99999999999998579, -14.00000000000000000, 15.40000000000001101 ) ) ;
#2022 = AXIS2_PLACEMENT_3D ( 'NONE', #7768, #6642, #4732 ) ;
#2023 = ORIENTED_EDGE ( 'NONE', *, *, #151, .T. ) ;
#2024 = ORIENTED_EDGE ( 'NONE', *, *, #3228, .F. ) ;
#2025 = DIRECTION ( 'NONE',  ( 1.000000000000000000, 0.000000000000000000, 0.000000000000000000 ) ) ;
#2026 = ORIENTED_EDGE ( 'NONE', *, *, #3858, .F. ) ;
#2027 = DIRECTION ( 'NONE',  ( 0.000000000000000000, -1.000000000000000000, -1.837433013737340913E-16 ) ) ;
#2028 = DIRECTION ( 'NONE',  ( -1.084202172485504927E-16, 1.000000000000000000, -0.000000000000000000 ) ) ;
#2029 = EDGE_LOOP ( 'NONE', ( #6873, #1316 ) ) ;
#2030 = AXIS2_PLACEMENT_3D ( 'NONE', #1747, #5372, #6063 ) ;
#2031 = ADVANCED_FACE ( 'NONE', ( #2387 ), #3298, .F. ) ;
#2032 = CARTESIAN_POINT ( 'NONE',  ( 17.99999999999998934, 16.99999999999999645, 2.000000000000000000 ) ) ;
#2033 = ADVANCED_FACE ( 'NONE', ( #1789 ), #1868, .F. ) ;
#2034 = CARTESIAN_POINT ( 'NONE',  ( 47.99999999999999289, 17.59999999999998721, -2.000000000000000000 ) ) ;
#2035 = VECTOR ( 'NONE', #4023, 1000.000000000000000 ) ;
#2036 = EDGE_CURVE ( 'NONE', #4522, #3379, #7748, .T. ) ;
#2037 = CARTESIAN_POINT ( 'NONE',  ( -64.00000000000001421, 4.720508075688640837, 5.999999999999395150 ) ) ;
#2038 = ORIENTED_EDGE ( 'NONE', *, *, #3173, .F. ) ;
#2039 = DIRECTION ( 'NONE',  ( 0.000000000000000000, 0.000000000000000000, 1.000000000000000000 ) ) ;
#2040 = DIRECTION ( 'NONE',  ( -1.000000000000000000, 0.000000000000000000, 0.000000000000000000 ) ) ;
#2041 = ORIENTED_EDGE ( 'NONE', *, *, #2134, .F. ) ;
#2042 = CARTESIAN_POINT ( 'NONE',  ( 4.531193156845206793E-15, -18.00000000000000000, 1.500000000000000000 ) ) ;
#2043 = EDGE_CURVE ( 'NONE', #5169, #254, #6703, .T. ) ;
#2044 = AXIS2_PLACEMENT_3D ( 'NONE', #584, #5382, #6636 ) ;
#2045 = DIRECTION ( 'NONE',  ( -0.7071067811865515695, -3.343652566234211778E-16, 0.7071067811865435759 ) ) ;
#2046 = CARTESIAN_POINT ( 'NONE',  ( -70.50293497956538147, 18.94999999999998508, 11.77459666924138659 ) ) ;
#2047 = VECTOR ( 'NONE', #5300, 1000.000000000000000 ) ;
#2048 = LINE ( 'NONE', #834, #5191 ) ;
#2049 = VERTEX_POINT ( 'NONE', #4833 ) ;
#2050 = ORIENTED_EDGE ( 'NONE', *, *, #96, .T. ) ;
#2051 = ORIENTED_EDGE ( 'NONE', *, *, #3179, .F. ) ;
#2052 = DIRECTION ( 'NONE',  ( 0.000000000000000000, 0.000000000000000000, -1.000000000000000000 ) ) ;
#2053 = AXIS2_PLACEMENT_3D ( 'NONE', #6396, #6955, #2040 ) ;
#2054 = ORIENTED_EDGE ( 'NONE', *, *, #3703, .F. ) ;
#2055 = VECTOR ( 'NONE', #663, 1000.000000000000114 ) ;
#2056 = EDGE_LOOP ( 'NONE', ( #7286, #2717, #3734, #6444 ) ) ;
#2057 = CARTESIAN_POINT ( 'NONE',  ( -58.00000000000000000, 23.39999999999998437, 6.000000000000000000 ) ) ;
#2058 = CARTESIAN_POINT ( 'NONE',  ( -25.78284271247452963, 23.86862915010150132, -8.000000000000000000 ) ) ;
#2059 = ORIENTED_EDGE ( 'NONE', *, *, #2311, .T. ) ;
#2060 = CARTESIAN_POINT ( 'NONE',  ( 4.531193156845206793E-15, -18.00000000000000000, -0.9999999999999892308 ) ) ;
#2061 = CARTESIAN_POINT ( 'NONE',  ( -64.00000000000001421, 24.00000000000000000, -2.600000000000031175 ) ) ;
#2062 = LINE ( 'NONE', #5653, #1122 ) ;
#2063 = AXIS2_PLACEMENT_3D ( 'NONE', #2444, #7295, #1851 ) ;
#2064 = ORIENTED_EDGE ( 'NONE', *, *, #7128, .T. ) ;
#2065 = DIRECTION ( 'NONE',  ( -1.401868266681941189E-16, 0.7071067811865474617, 0.7071067811865475727 ) ) ;
#2066 = ORIENTED_EDGE ( 'NONE', *, *, #3818, .F. ) ;
#2067 = DIRECTION ( 'NONE',  ( -1.000000000000000000, -0.000000000000000000, -0.000000000000000000 ) ) ;
#2068 = CARTESIAN_POINT ( 'NONE',  ( 57.99999999999998579, -24.00000000000000000, -8.000000000000000000 ) ) ;
#2069 = AXIS2_PLACEMENT_3D ( 'NONE', #333, #2650, #923 ) ;
#2070 = CARTESIAN_POINT ( 'NONE',  ( -47.99999999999999289, 12.00000000000001243, -8.000000000000000000 ) ) ;
#2071 = CARTESIAN_POINT ( 'NONE',  ( 0.000000000000000000, 0.000000000000000000, 16.00000000000000000 ) ) ;
#2072 = VECTOR ( 'NONE', #2724, 1000.000000000000000 ) ;
#2073 = VERTEX_POINT ( 'NONE', #7235 ) ;
#2074 = AXIS2_PLACEMENT_3D ( 'NONE', #3246, #4245, #4799 ) ;
#2075 = ADVANCED_FACE ( 'NONE', ( #742 ), #407, .T. ) ;
#2076 = CYLINDRICAL_SURFACE ( 'NONE', #5990, 3.049999999999976286 ) ;
#2077 = ORIENTED_EDGE ( 'NONE', *, *, #6094, .T. ) ;
#2078 = DIRECTION ( 'NONE',  ( 0.000000000000000000, 0.000000000000000000, 1.000000000000000000 ) ) ;
#2079 = DIRECTION ( 'NONE',  ( -1.000000000000000000, 0.000000000000000000, 0.000000000000000000 ) ) ;
#2080 = VERTEX_POINT ( 'NONE', #6626 ) ;
#2081 = AXIS2_PLACEMENT_3D ( 'NONE', #3721, #749, #6244 ) ;
#2082 = CIRCLE ( 'NONE', #1071, 11.35000000000002629 ) ;
#2083 = EDGE_CURVE ( 'NONE', #214, #7376, #4279, .T. ) ;
#2084 = CARTESIAN_POINT ( 'NONE',  ( -15.29289321881344854, 35.20710678118653902, -2.600000000000031619 ) ) ;
#2085 = CARTESIAN_POINT ( 'NONE',  ( 9.448151040953446156, 5.984319914584331102, -2.167354984918113736 ) ) ;
#2086 = EDGE_CURVE ( 'NONE', #5603, #1800, #3594, .T. ) ;
#2087 = AXIS2_PLACEMENT_3D ( 'NONE', #4193, #2855, #1092 ) ;
#2088 = EDGE_CURVE ( 'NONE', #2105, #81, #4047, .T. ) ;
#2089 = CARTESIAN_POINT ( 'NONE',  ( 58.00000000000000000, -8.994952061733684445, 20.02059047744869247 ) ) ;
#2090 = ORIENTED_EDGE ( 'NONE', *, *, #304, .T. ) ;
#2091 = VERTEX_POINT ( 'NONE', #149 ) ;
#2092 = CYLINDRICAL_SURFACE ( 'NONE', #3615, 2.000000000000000000 ) ;
#2093 = DIRECTION ( 'NONE',  ( 0.000000000000000000, 0.000000000000000000, 1.000000000000000000 ) ) ;
#2094 = DIRECTION ( 'NONE',  ( -0.7071067811865474617, 0.000000000000000000, -0.7071067811865474617 ) ) ;
#2095 = ADVANCED_FACE ( 'NONE', ( #5454 ), #4195, .T. ) ;
#2096 = AXIS2_PLACEMENT_3D ( 'NONE', #3092, #4277, #4403 ) ;
#2097 = ORIENTED_EDGE ( 'NONE', *, *, #5026, .T. ) ;
#2098 = AXIS2_PLACEMENT_3D ( 'NONE', #4934, #1945, #1348 ) ;
#2099 = ORIENTED_EDGE ( 'NONE', *, *, #1728, .F. ) ;
#2100 = FACE_OUTER_BOUND ( 'NONE', #3841, .T. ) ;
#2101 = CARTESIAN_POINT ( 'NONE',  ( 63.49999999999998579, -5.117705752308856049, 7.482361909794359001 ) ) ;
#2102 = LINE ( 'NONE', #1504, #4706 ) ;
#2103 = LINE ( 'NONE', #2021, #4532 ) ;
#2104 = VECTOR ( 'NONE', #1221, 1000.000000000000000 ) ;
#2105 = VERTEX_POINT ( 'NONE', #5414 ) ;
#2106 = DIRECTION ( 'NONE',  ( 0.7071067811865454633, 0.000000000000000000, 0.7071067811865495711 ) ) ;
#2107 = CARTESIAN_POINT ( 'NONE',  ( 63.39999999999999858, 14.00000000000000000, 16.00000000000000000 ) ) ;
#2108 = DIRECTION ( 'NONE',  ( 0.7071067811865460184, 0.7071067811865489050, 0.000000000000000000 ) ) ;
#2109 = DIRECTION ( 'NONE',  ( 0.000000000000000000, 0.000000000000000000, -1.000000000000000000 ) ) ;
#2110 = CARTESIAN_POINT ( 'NONE',  ( -58.00000000000000000, 13.02324650589124033, 12.52822535668487802 ) ) ;
#2111 = EDGE_LOOP ( 'NONE', ( #4196, #7092, #603, #74 ) ) ;
#2112 = VERTEX_POINT ( 'NONE', #1954 ) ;
#2113 = DIRECTION ( 'NONE',  ( -9.912705577010325549E-17, 1.000000000000000000, 0.000000000000000000 ) ) ;
#2114 = ORIENTED_EDGE ( 'NONE', *, *, #1531, .F. ) ;
#2115 = DIRECTION ( 'NONE',  ( 0.000000000000000000, -1.000000000000000000, 0.000000000000000000 ) ) ;
#2116 = AXIS2_PLACEMENT_3D ( 'NONE', #351, #7603, #2746 ) ;
#2117 = PLANE ( 'NONE',  #162 ) ;
#2118 = ORIENTED_EDGE ( 'NONE', *, *, #1773, .T. ) ;
#2119 = CARTESIAN_POINT ( 'NONE',  ( 7.811788240586053256, 8.233982298028218239, -2.000000000000000000 ) ) ;
#2120 = EDGE_CURVE ( 'NONE', #1192, #7519, #2676, .T. ) ;
#2121 = CONICAL_SURFACE ( 'NONE', #739, 4.599999999999975664, 0.7853981633974367327 ) ;
#2122 = CARTESIAN_POINT ( 'NONE',  ( -62.99999999999998579, 15.99999999999995559, 7.950000000000023270 ) ) ;
#2123 = CARTESIAN_POINT ( 'NONE',  ( 8.444507653770291000, 6.653816757650229619, -2.600000000000032951 ) ) ;
#2124 = VECTOR ( 'NONE', #5579, 1000.000000000000000 ) ;
#2125 = DIRECTION ( 'NONE',  ( 0.7071067811865517916, -0.6830127018922157456, -0.1830127018922163284 ) ) ;
#2126 = VERTEX_POINT ( 'NONE', #3678 ) ;
#2127 = ORIENTED_EDGE ( 'NONE', *, *, #6441, .T. ) ;
#2128 = CARTESIAN_POINT ( 'NONE',  ( 58.56638476669611038, -8.512125508622808923, 15.96638476669608941 ) ) ;
#2129 = VECTOR ( 'NONE', #2620, 1000.000000000000000 ) ;
#2130 = ORIENTED_EDGE ( 'NONE', *, *, #2641, .T. ) ;
#2131 = FACE_OUTER_BOUND ( 'NONE', #4619, .T. ) ;
#2132 = DIRECTION ( 'NONE',  ( 0.000000000000000000, 0.000000000000000000, 1.000000000000000000 ) ) ;
#2133 = EDGE_CURVE ( 'NONE', #7116, #164, #26, .T. ) ;
#2134 = EDGE_CURVE ( 'NONE', #2573, #3498, #7273, .T. ) ;
#2135 = ORIENTED_EDGE ( 'NONE', *, *, #5849, .T. ) ;
#2136 = EDGE_CURVE ( 'NONE', #3869, #7499, #6109, .T. ) ;
#2137 = DIRECTION ( 'NONE',  ( 1.000000000000000000, -0.000000000000000000, 0.000000000000000000 ) ) ;
#2138 = ORIENTED_EDGE ( 'NONE', *, *, #682, .F. ) ;
#2139 = CARTESIAN_POINT ( 'NONE',  ( 8.149999999999996803, 29.00000000000089884, -2.000000000000000000 ) ) ;
#2140 = ORIENTED_EDGE ( 'NONE', *, *, #559, .T. ) ;
#2141 = CARTESIAN_POINT ( 'NONE',  ( 58.00000000000000000, -8.934653975957926875, 14.00000000000000000 ) ) ;
#2142 = VECTOR ( 'NONE', #6177, 999.9999999999998863 ) ;
#2143 = EDGE_CURVE ( 'NONE', #2975, #2533, #6579, .T. ) ;
#2144 = CARTESIAN_POINT ( 'NONE',  ( 26.91421356237302831, 25.00000000000000000, -8.000000000000000000 ) ) ;
#2145 = ORIENTED_EDGE ( 'NONE', *, *, #7374, .T. ) ;
#2146 = MECHANICAL_DESIGN_GEOMETRIC_PRESENTATION_REPRESENTATION (  '', ( #1507 ), #6562 ) ;
#2147 = DIRECTION ( 'NONE',  ( 1.000000000000000000, 0.000000000000000000, 0.000000000000000000 ) ) ;
#2148 = CARTESIAN_POINT ( 'NONE',  ( 52.99999999999999289, 11.99999999999999822, -7.399999999999982592 ) ) ;
#2149 = ORIENTED_EDGE ( 'NONE', *, *, #7077, .F. ) ;
#2150 = CARTESIAN_POINT ( 'NONE',  ( 4.531193156845206793E-15, 18.00000000000000000, 1.500000000000000000 ) ) ;
#2151 = CARTESIAN_POINT ( 'NONE',  ( 4.531193156845206793E-15, -18.00000000000000000, -0.5000000000000000000 ) ) ;
#2152 = ORIENTED_EDGE ( 'NONE', *, *, #3639, .T. ) ;
#2153 = ORIENTED_EDGE ( 'NONE', *, *, #7790, .F. ) ;
#2154 = CARTESIAN_POINT ( 'NONE',  ( 58.00000000000000000, -18.98042485753536823, 12.63164529836050320 ) ) ;
#2155 = CIRCLE ( 'NONE', #3144, 10.00000000000000000 ) ;
#2156 = EDGE_LOOP ( 'NONE', ( #6069, #7621, #3994, #1877 ) ) ;
#2157 = CARTESIAN_POINT ( 'NONE',  ( 0.000000000000000000, 35.50000000000000000, -7.000000000000000000 ) ) ;
#2158 = DIRECTION ( 'NONE',  ( 0.000000000000000000, -0.7071067811865392461, 0.7071067811865556774 ) ) ;
#2159 = VERTEX_POINT ( 'NONE', #1362 ) ;
#2160 = LINE ( 'NONE', #2200, #3730 ) ;
#2161 = FACE_OUTER_BOUND ( 'NONE', #4749, .T. ) ;
#2162 = AXIS2_PLACEMENT_3D ( 'NONE', #7067, #302, #3915 ) ;
#2163 = CARTESIAN_POINT ( 'NONE',  ( -63.50000000000002842, -7.002802323379789584, 14.51763809020503793 ) ) ;
#2164 = CARTESIAN_POINT ( 'NONE',  ( 58.50000000000000711, -3.185854099730718758, 7.999999999999395150 ) ) ;
#2165 = ADVANCED_FACE ( 'NONE', ( #5502 ), #3719, .F. ) ;
#2166 = CARTESIAN_POINT ( 'NONE',  ( -62.99999999999998579, 15.99999999999998224, 10.99999999999999822 ) ) ;
#2167 = VERTEX_POINT ( 'NONE', #977 ) ;
#2168 = CIRCLE ( 'NONE', #2909, 5.600000000000014744 ) ;
#2169 = ORIENTED_EDGE ( 'NONE', *, *, #2889, .F. ) ;
#2170 = ORIENTED_EDGE ( 'NONE', *, *, #3090, .T. ) ;
#2171 = DIRECTION ( 'NONE',  ( -1.000000000000000000, 0.000000000000000000, 0.000000000000000000 ) ) ;
#2172 = CIRCLE ( 'NONE', #7628, 2.000000000000000000 ) ;
#2173 = ORIENTED_EDGE ( 'NONE', *, *, #7418, .F. ) ;
#2174 = ORIENTED_EDGE ( 'NONE', *, *, #1928, .T. ) ;
#2175 = ADVANCED_FACE ( 'NONE', ( #823 ), #269, .T. ) ;
#2176 = EDGE_CURVE ( 'NONE', #7471, #237, #6085, .T. ) ;
#2177 = ORIENTED_EDGE ( 'NONE', *, *, #6299, .F. ) ;
#2178 = CARTESIAN_POINT ( 'NONE',  ( -70.50293497956538147, -12.99201543247748170, 13.40798456752249912 ) ) ;
#2179 = VERTEX_POINT ( 'NONE', #5752 ) ;
#2180 = CIRCLE ( 'NONE', #2683, 5.600000000000004086 ) ;
#2181 = DIRECTION ( 'NONE',  ( 0.000000000000000000, 0.7071067811865491270, 0.7071067811865459074 ) ) ;
#2182 = ADVANCED_FACE ( 'NONE', ( #6994 ), #3293, .F. ) ;
#2183 = VECTOR ( 'NONE', #5170, 1000.000000000000000 ) ;
#2184 = VERTEX_POINT ( 'NONE', #4487 ) ;
#2185 = EDGE_CURVE ( 'NONE', #724, #5599, #6475, .T. ) ;
#2186 = LINE ( 'NONE', #1428, #7049 ) ;
#2187 = EDGE_CURVE ( 'NONE', #287, #1566, #6914, .T. ) ;
#2188 = DIRECTION ( 'NONE',  ( 0.000000000000000000, -0.7071067811865454633, 0.7071067811865495711 ) ) ;
#2189 = DIRECTION ( 'NONE',  ( -0.7071067811865479058, 0.000000000000000000, 0.7071067811865471286 ) ) ;
#2190 = CARTESIAN_POINT ( 'NONE',  ( -52.99999999999999289, 17.00000000000001421, -7.399999999999982592 ) ) ;
#2191 = AXIS2_PLACEMENT_3D ( 'NONE', #3892, #6330, #915 ) ;
#2192 = CARTESIAN_POINT ( 'NONE',  ( 58.00000000000000000, 13.02324650589124033, 12.52822535668487447 ) ) ;
#2193 = EDGE_CURVE ( 'NONE', #3485, #3790, #5912, .T. ) ;
#2194 = ORIENTED_EDGE ( 'NONE', *, *, #7805, .T. ) ;
#2195 = ORIENTED_EDGE ( 'NONE', *, *, #5201, .F. ) ;
#2196 = CARTESIAN_POINT ( 'NONE',  ( -58.00000000000000000, -24.00000000000000000, 2.000000000000000000 ) ) ;
#2197 = ORIENTED_EDGE ( 'NONE', *, *, #580, .T. ) ;
#2198 = CARTESIAN_POINT ( 'NONE',  ( 62.99999999999998579, -23.80803242245864126, 7.950000000000023270 ) ) ;
#2199 = CARTESIAN_POINT ( 'NONE',  ( -58.00000000000000000, -8.396137495244506255, 15.39999999999999680 ) ) ;
#2200 = CARTESIAN_POINT ( 'NONE',  ( 26.91421356237302831, 23.39999999999997016, -8.000000000000000000 ) ) ;
#2201 = DIRECTION ( 'NONE',  ( 0.000000000000000000, 0.000000000000000000, 1.000000000000000000 ) ) ;
#2202 = DIRECTION ( 'NONE',  ( 7.625158136161789453E-17, 1.000000000000000000, -0.000000000000000000 ) ) ;
#2203 = CARTESIAN_POINT ( 'NONE',  ( -58.60000000000003695, 24.00000000000000000, 2.000000000000000000 ) ) ;
#2204 = CONICAL_SURFACE ( 'NONE', #2946, 5.599999999999990763, 0.7853981633974606025 ) ;
#2205 = ORIENTED_EDGE ( 'NONE', *, *, #6735, .T. ) ;
#2206 = CIRCLE ( 'NONE', #53, 1.899999999999999023 ) ;
#2207 = ORIENTED_EDGE ( 'NONE', *, *, #208, .F. ) ;
#2208 = ORIENTED_EDGE ( 'NONE', *, *, #7807, .T. ) ;
#2209 = CARTESIAN_POINT ( 'NONE',  ( -58.60000000000000853, 12.99201543247748347, 13.40798456752249734 ) ) ;
#2210 = CARTESIAN_POINT ( 'NONE',  ( 8.150000000000000355, 8.300000000000901323, -5.000000000000000000 ) ) ;
#2211 = EDGE_CURVE ( 'NONE', #7116, #1946, #6239, .T. ) ;
#2212 = VECTOR ( 'NONE', #2418, 1000.000000000000114 ) ;
#2213 = ORIENTED_EDGE ( 'NONE', *, *, #731, .T. ) ;
#2214 = ORIENTED_EDGE ( 'NONE', *, *, #7032, .T. ) ;
#2215 = DIRECTION ( 'NONE',  ( 0.000000000000000000, -1.000000000000000000, 0.000000000000000000 ) ) ;
#2216 = ORIENTED_EDGE ( 'NONE', *, *, #3014, .F. ) ;
#2217 = ORIENTED_EDGE ( 'NONE', *, *, #3996, .T. ) ;
#2218 = VECTOR ( 'NONE', #5585, 1000.000000000000000 ) ;
#2219 = CARTESIAN_POINT ( 'NONE',  ( 63.99999999999998579, -14.00000000000000000, 15.40000000000001101 ) ) ;
#2220 = EDGE_CURVE ( 'NONE', #1286, #3770, #2180, .T. ) ;
#2221 = CIRCLE ( 'NONE', #79, 2.000000000000000000 ) ;
#2222 = ORIENTED_EDGE ( 'NONE', *, *, #3607, .F. ) ;
#2223 = FACE_OUTER_BOUND ( 'NONE', #35, .T. ) ;
#2224 = CARTESIAN_POINT ( 'NONE',  ( 63.99999999999998579, -8.396137495244504478, 15.40000000000001101 ) ) ;
#2225 = EDGE_CURVE ( 'NONE', #5738, #5200, #5574, .T. ) ;
#2226 = VECTOR ( 'NONE', #552, 1000.000000000000000 ) ;
#2227 = DIRECTION ( 'NONE',  ( 0.000000000000000000, 0.000000000000000000, -1.000000000000000000 ) ) ;
#2228 = CARTESIAN_POINT ( 'NONE',  ( -64.00000000000001421, 14.00000000000000000, 6.000000000000000000 ) ) ;
#2229 = EDGE_CURVE ( 'NONE', #6995, #4496, #6591, .T. ) ;
#2230 = ADVANCED_FACE ( 'NONE', ( #7485 ), #2117, .F. ) ;
#2231 = ORIENTED_EDGE ( 'NONE', *, *, #7310, .T. ) ;
#2232 = VERTEX_POINT ( 'NONE', #4528 ) ;
#2233 = DIRECTION ( 'NONE',  ( 1.000000000000000000, 0.000000000000000000, 0.000000000000000000 ) ) ;
#2234 = VERTEX_POINT ( 'NONE', #3843 ) ;
#2235 = FACE_OUTER_BOUND ( 'NONE', #4499, .T. ) ;
#2236 = EDGE_CURVE ( 'NONE', #6452, #1680, #4056, .T. ) ;
#2237 = DIRECTION ( 'NONE',  ( -0.000000000000000000, 0.000000000000000000, -1.000000000000000000 ) ) ;
#2238 = AXIS2_PLACEMENT_3D ( 'NONE', #1102, #6559, #4126 ) ;
#2239 = EDGE_CURVE ( 'NONE', #1305, #1946, #3303, .T. ) ;
#2240 = DIRECTION ( 'NONE',  ( -1.000000000000000000, -0.000000000000000000, -0.000000000000000000 ) ) ;
#2241 = FACE_BOUND ( 'NONE', #1301, .T. ) ;
#2242 = VECTOR ( 'NONE', #7456, 1000.000000000000000 ) ;
#2243 = ORIENTED_EDGE ( 'NONE', *, *, #1293, .F. ) ;
#2244 = ORIENTED_EDGE ( 'NONE', *, *, #924, .T. ) ;
#2245 = LINE ( 'NONE', #7646, #7640 ) ;
#2246 = ORIENTED_EDGE ( 'NONE', *, *, #4446, .T. ) ;
#2247 = ORIENTED_EDGE ( 'NONE', *, *, #6812, .T. ) ;
#2248 = DIRECTION ( 'NONE',  ( 1.000000000000000000, -0.000000000000000000, -0.000000000000000000 ) ) ;
#2249 = DIRECTION ( 'NONE',  ( 1.000000000000000000, -3.965082230804129727E-16, 0.000000000000000000 ) ) ;
#2250 = AXIS2_PLACEMENT_3D ( 'NONE', #3553, #1050, #1783 ) ;
#2251 = ORIENTED_EDGE ( 'NONE', *, *, #4143, .T. ) ;
#2252 = DIRECTION ( 'NONE',  ( 0.000000000000000000, 0.000000000000000000, -1.000000000000000000 ) ) ;
#2253 = CARTESIAN_POINT ( 'NONE',  ( -58.00000000000000000, 23.39999999999998437, 6.000000000000000000 ) ) ;
#2254 = ORIENTED_EDGE ( 'NONE', *, *, #5832, .T. ) ;
#2255 = CARTESIAN_POINT ( 'NONE',  ( 57.99999999999998579, 23.39999999999997016, -8.000000000000000000 ) ) ;
#2256 = EDGE_CURVE ( 'NONE', #7571, #198, #905, .T. ) ;
#2257 = CARTESIAN_POINT ( 'NONE',  ( -64.00000000000001421, -23.40000000000001279, -1.999999999999960032 ) ) ;
#2258 = DIRECTION ( 'NONE',  ( -0.000000000000000000, -0.000000000000000000, -1.000000000000000000 ) ) ;
#2259 = DIRECTION ( 'NONE',  ( 0.000000000000000000, 0.000000000000000000, -1.000000000000000000 ) ) ;
#2260 = AXIS2_PLACEMENT_3D ( 'NONE', #3709, #1390, #3122 ) ;
#2261 = ORIENTED_EDGE ( 'NONE', *, *, #5754, .T. ) ;
#2262 = ORIENTED_EDGE ( 'NONE', *, *, #4090, .T. ) ;
#2263 = CARTESIAN_POINT ( 'NONE',  ( 58.00000000000000000, 18.98042485753536823, 12.63164529836050498 ) ) ;
#2264 = ORIENTED_EDGE ( 'NONE', *, *, #7664, .T. ) ;
#2265 = CARTESIAN_POINT ( 'NONE',  ( 2.799999999999959854, -18.00000000000000000, 1.500000000000000000 ) ) ;
#2266 = EDGE_CURVE ( 'NONE', #5356, #5996, #2706, .T. ) ;
#2267 = DIRECTION ( 'NONE',  ( -0.000000000000000000, -0.000000000000000000, 1.000000000000000000 ) ) ;
#2268 = EDGE_CURVE ( 'NONE', #993, #3389, #5106, .T. ) ;
#2269 = CARTESIAN_POINT ( 'NONE',  ( -70.50293497956538147, 13.04999999999998117, 11.77459666924138659 ) ) ;
#2270 = FACE_OUTER_BOUND ( 'NONE', #5534, .T. ) ;
#2271 = EDGE_CURVE ( 'NONE', #6352, #869, #5149, .T. ) ;
#2272 = PLANE ( 'NONE',  #6387 ) ;
#2273 = DIRECTION ( 'NONE',  ( 1.000000000000000000, 0.000000000000000000, 0.000000000000000000 ) ) ;
#2274 = EDGE_CURVE ( 'NONE', #5076, #5589, #4568, .T. ) ;
#2275 = EDGE_LOOP ( 'NONE', ( #1294, #4018, #4040, #5858 ) ) ;
#2276 = CARTESIAN_POINT ( 'NONE',  ( 8.149999999999996803, 29.00000000000089884, -5.000000000000000000 ) ) ;
#2277 = ORIENTED_EDGE ( 'NONE', *, *, #5533, .F. ) ;
#2278 = VECTOR ( 'NONE', #6054, 1000.000000000000000 ) ;
#2279 = ORIENTED_EDGE ( 'NONE', *, *, #816, .T. ) ;
#2280 = LINE ( 'NONE', #7651, #2606 ) ;
#2281 = CARTESIAN_POINT ( 'NONE',  ( -12.99999999999999645, 35.50000000000000000, -7.000000000000000000 ) ) ;
#2282 = ORIENTED_EDGE ( 'NONE', *, *, #3657, .T. ) ;
#2283 = LINE ( 'NONE', #5271, #4177 ) ;
#2284 = CARTESIAN_POINT ( 'NONE',  ( -26.20710678118648573, 24.29289321881345742, -2.600000000000032063 ) ) ;
#2285 = ORIENTED_EDGE ( 'NONE', *, *, #2236, .T. ) ;
#2286 = CARTESIAN_POINT ( 'NONE',  ( -64.00000000000001421, 8.934653975957925098, 14.00000000000000000 ) ) ;
#2287 = VECTOR ( 'NONE', #1484, 1000.000000000000000 ) ;
#2288 = ORIENTED_EDGE ( 'NONE', *, *, #2509, .T. ) ;
#2289 = AXIS2_PLACEMENT_3D ( 'NONE', #2089, #2125, #4495 ) ;
#2290 = ORIENTED_EDGE ( 'NONE', *, *, #778, .F. ) ;
#2291 = DIRECTION ( 'NONE',  ( -0.7071067811865512365, 0.000000000000000000, -0.7071067811865439090 ) ) ;
#2292 = CYLINDRICAL_SURFACE ( 'NONE', #7707, 3.000000000000000000 ) ;
#2293 = CARTESIAN_POINT ( 'NONE',  ( 63.99999999999998579, -14.00000000000000000, 6.000000000000000000 ) ) ;
#2294 = CIRCLE ( 'NONE', #3542, 9.400000000000011013 ) ;
#2295 = EDGE_CURVE ( 'NONE', #4569, #3688, #1595, .T. ) ;
#2296 = ORIENTED_EDGE ( 'NONE', *, *, #4005, .F. ) ;
#2297 = ORIENTED_EDGE ( 'NONE', *, *, #1300, .F. ) ;
#2298 = CARTESIAN_POINT ( 'NONE',  ( -64.00000000000001421, 14.00000000000000000, 15.40000000000001101 ) ) ;
#2299 = EDGE_LOOP ( 'NONE', ( #7422, #1337, #3195, #6214 ) ) ;
#2300 = DIRECTION ( 'NONE',  ( -1.000000000000000000, -0.000000000000000000, -0.000000000000000000 ) ) ;
#2301 = CARTESIAN_POINT ( 'NONE',  ( -58.00000000000000000, 8.934653975957925098, 14.00000000000000000 ) ) ;
#2302 = VECTOR ( 'NONE', #6771, 1000.000000000000114 ) ;
#2303 = DIRECTION ( 'NONE',  ( -0.000000000000000000, 0.9993704852086260360, 0.03547722218375333469 ) ) ;
#2304 = LINE ( 'NONE', #6547, #1999 ) ;
#2305 = LINE ( 'NONE', #7716, #6457 ) ;
#2306 = EDGE_CURVE ( 'NONE', #3213, #3688, #4256, .T. ) ;
#2307 = AXIS2_PLACEMENT_3D ( 'NONE', #1567, #6925, #6412 ) ;
#2308 = CARTESIAN_POINT ( 'NONE',  ( 3.500000000000003109, -18.00000000000000000, -0.9999999999999892308 ) ) ;
#2309 = DIRECTION ( 'NONE',  ( 0.000000000000000000, 0.000000000000000000, 1.000000000000000000 ) ) ;
#2310 = VERTEX_POINT ( 'NONE', #7039 ) ;
#2311 = EDGE_CURVE ( 'NONE', #7560, #2451, #5189, .T. ) ;
#2312 = EDGE_CURVE ( 'NONE', #1593, #7432, #5357, .T. ) ;
#2313 = EDGE_CURVE ( 'NONE', #2733, #5117, #4170, .T. ) ;
#2314 = VERTEX_POINT ( 'NONE', #3576 ) ;
#2315 = VECTOR ( 'NONE', #2603, 1000.000000000000000 ) ;
#2316 = ORIENTED_EDGE ( 'NONE', *, *, #6573, .T. ) ;
#2317 = CARTESIAN_POINT ( 'NONE',  ( 63.99999999999998579, 3.185854099730715649, 7.999999999999396039 ) ) ;
#2318 = PLANE ( 'NONE',  #1767 ) ;
#2319 = EDGE_LOOP ( 'NONE', ( #1243, #5406, #1100, #1647 ) ) ;
#2320 = DIRECTION ( 'NONE',  ( 0.000000000000000000, 0.000000000000000000, 1.000000000000000000 ) ) ;
#2321 = EDGE_CURVE ( 'NONE', #7155, #327, #6048, .T. ) ;
#2322 = LINE ( 'NONE', #1613, #4376 ) ;
#2323 = ORIENTED_EDGE ( 'NONE', *, *, #4995, .T. ) ;
#2324 = CARTESIAN_POINT ( 'NONE',  ( -10.25000000000000000, 29.00000000000089528, -5.000000000000000000 ) ) ;
#2325 = AXIS2_PLACEMENT_3D ( 'NONE', #3547, #5938, #4708 ) ;
#2326 = ORIENTED_EDGE ( 'NONE', *, *, #6198, .F. ) ;
#2327 = CIRCLE ( 'NONE', #1449, 1.000000000000000000 ) ;
#2328 = PLANE ( 'NONE',  #3586 ) ;
#2329 = AXIS2_PLACEMENT_3D ( 'NONE', #1078, #3465, #1765 ) ;
#2330 = CARTESIAN_POINT ( 'NONE',  ( 63.00000000000000000, 15.99999999999998224, 10.99999999999999822 ) ) ;
#2331 = DIRECTION ( 'NONE',  ( -0.7071067811865540120, 0.6830127018922135251, -0.1830127018922153015 ) ) ;
#2332 = CARTESIAN_POINT ( 'NONE',  ( -26.91421356237302831, 25.00000000000000000, -8.000000000000000000 ) ) ;
#2333 = CARTESIAN_POINT ( 'NONE',  ( -62.99999999999998579, -13.04999999999998117, 11.77459666924138659 ) ) ;
#2334 = FACE_OUTER_BOUND ( 'NONE', #3287, .T. ) ;
#2335 = VECTOR ( 'NONE', #7481, 1000.000000000000000 ) ;
#2336 = ORIENTED_EDGE ( 'NONE', *, *, #895, .F. ) ;
#2337 = DIRECTION ( 'NONE',  ( 0.000000000000000000, 0.000000000000000000, 1.000000000000000000 ) ) ;
#2338 = CARTESIAN_POINT ( 'NONE',  ( 58.00000000000000000, 14.00000000000000000, 16.00000000000000000 ) ) ;
#2339 = EDGE_LOOP ( 'NONE', ( #3132, #1678 ) ) ;
#2340 = CARTESIAN_POINT ( 'NONE',  ( -58.00000000000000000, -19.10616730313997635, 16.17372895486339601 ) ) ;
#2341 = DIRECTION ( 'NONE',  ( 1.000000000000000000, -0.000000000000000000, -0.000000000000000000 ) ) ;
#2342 = VECTOR ( 'NONE', #4857, 1000.000000000000114 ) ;
#2343 = CARTESIAN_POINT ( 'NONE',  ( -7.100000000000000533, 35.50000000000000000, 0.000000000000000000 ) ) ;
#2344 = CARTESIAN_POINT ( 'NONE',  ( 54.00000000000000711, -24.00000000000000000, 2.000000000000000000 ) ) ;
#2345 = CARTESIAN_POINT ( 'NONE',  ( 63.49999999999998579, -8.310154176118038194, 15.89999999999998437 ) ) ;
#2346 = FACE_OUTER_BOUND ( 'NONE', #5794, .T. ) ;
#2347 = AXIS2_PLACEMENT_3D ( 'NONE', #6529, #592, #7062 ) ;
#2348 = DIRECTION ( 'NONE',  ( 0.000000000000000000, 0.000000000000000000, -1.000000000000000000 ) ) ;
#2349 = PLANE ( 'NONE',  #3456 ) ;
#2350 = CARTESIAN_POINT ( 'NONE',  ( -22.99999999999998579, -16.99999999999999289, -7.399999999999982592 ) ) ;
#2351 = AXIS2_PLACEMENT_3D ( 'NONE', #6296, #7538, #3265 ) ;
#2352 = EDGE_LOOP ( 'NONE', ( #3391, #4284, #1790 ) ) ;
#2353 = AXIS2_PLACEMENT_3D ( 'NONE', #4071, #493, #2886 ) ;
#2354 = ORIENTED_EDGE ( 'NONE', *, *, #1681, .F. ) ;
#2355 = DIRECTION ( 'NONE',  ( 1.000000000000000000, 0.000000000000000000, -0.000000000000000000 ) ) ;
#2356 = LINE ( 'NONE', #2941, #7624 ) ;
#2357 = EDGE_LOOP ( 'NONE', ( #360, #5016, #4723, #2038 ) ) ;
#2358 = DIRECTION ( 'NONE',  ( -0.7071067811865474617, 0.000000000000000000, 0.7071067811865474617 ) ) ;
#2359 = EDGE_CURVE ( 'NONE', #1714, #3627, #3656, .T. ) ;
#2360 = AXIS2_PLACEMENT_3D ( 'NONE', #4110, #5192, #6402 ) ;
#2361 = ORIENTED_EDGE ( 'NONE', *, *, #891, .T. ) ;
#2362 = ADVANCED_FACE ( 'NONE', ( #3537 ), #6644, .T. ) ;
#2363 = EDGE_CURVE ( 'NONE', #5264, #3686, #2294, .T. ) ;
#2364 = EDGE_LOOP ( 'NONE', ( #2014, #4340, #6531, #6614 ) ) ;
#2365 = VECTOR ( 'NONE', #4152, 1000.000000000000114 ) ;
#2366 = CARTESIAN_POINT ( 'NONE',  ( -1.899999999999994360, 18.00000000000000000, -5.800000000000000711 ) ) ;
#2367 = ORIENTED_EDGE ( 'NONE', *, *, #2321, .T. ) ;
#2368 = CARTESIAN_POINT ( 'NONE',  ( 58.50000000000000711, -4.720508075688642613, 5.999999999999394262 ) ) ;
#2369 = DIRECTION ( 'NONE',  ( -0.000000000000000000, 0.000000000000000000, 1.000000000000000000 ) ) ;
#2370 = ADVANCED_FACE ( 'NONE', ( #631 ), #1111, .F. ) ;
#2371 = CARTESIAN_POINT ( 'NONE',  ( 22.99999999999998579, -12.00000000000000355, -2.599999999999975664 ) ) ;
#2372 = AXIS2_PLACEMENT_3D ( 'NONE', #7737, #340, #7135 ) ;
#2373 = DIRECTION ( 'NONE',  ( 1.000000000000000000, 0.000000000000000000, 0.000000000000000000 ) ) ;
#2374 = CARTESIAN_POINT ( 'NONE',  ( 58.00000000000000000, 19.80132347571445450, 13.39625891448670281 ) ) ;
#2375 = AXIS2_PLACEMENT_3D ( 'NONE', #437, #7731, #3873 ) ;
#2376 = VERTEX_POINT ( 'NONE', #6007 ) ;
#2377 = ORIENTED_EDGE ( 'NONE', *, *, #4623, .F. ) ;
#2378 = CIRCLE ( 'NONE', #5910, 9.400000000000011013 ) ;
#2379 = DIRECTION ( 'NONE',  ( -0.000000000000000000, 0.000000000000000000, 1.000000000000000000 ) ) ;
#2380 = ORIENTED_EDGE ( 'NONE', *, *, #7610, .F. ) ;
#2381 = FACE_OUTER_BOUND ( 'NONE', #5818, .T. ) ;
#2382 = CARTESIAN_POINT ( 'NONE',  ( -14.58578643762690064, 34.49999999999999289, -2.000000000000000000 ) ) ;
#2383 = LINE ( 'NONE', #4109, #2365 ) ;
#2384 = CARTESIAN_POINT ( 'NONE',  ( 63.99999999999998579, 5.600668665453386375, 7.352952387243102628 ) ) ;
#2385 = CARTESIAN_POINT ( 'NONE',  ( -62.49999999999998579, 15.99999999999995559, 7.950000000000023270 ) ) ;
#2386 = LINE ( 'NONE', #2308, #3446 ) ;
#2387 = FACE_OUTER_BOUND ( 'NONE', #7222, .T. ) ;
#2388 = LINE ( 'NONE', #786, #1525 ) ;
#2389 = EDGE_CURVE ( 'NONE', #6288, #4855, #536, .T. ) ;
#2390 = ORIENTED_EDGE ( 'NONE', *, *, #5544, .T. ) ;
#2391 = CARTESIAN_POINT ( 'NONE',  ( 62.99999999999998579, 13.04999999999998117, 11.77459666924138659 ) ) ;
#2392 = DIRECTION ( 'NONE',  ( 1.000000000000000000, 0.000000000000000000, 0.000000000000000000 ) ) ;
#2393 = VECTOR ( 'NONE', #5591, 1000.000000000000000 ) ;
#2394 = VERTEX_POINT ( 'NONE', #1764 ) ;
#2395 = FACE_OUTER_BOUND ( 'NONE', #4834, .T. ) ;
#2396 = ORIENTED_EDGE ( 'NONE', *, *, #3414, .F. ) ;
#2397 = DIRECTION ( 'NONE',  ( 1.000000000000000000, 0.000000000000000000, 0.000000000000000000 ) ) ;
#2398 = CIRCLE ( 'NONE', #7097, 1.600000000000018074 ) ;
#2399 = EDGE_CURVE ( 'NONE', #4496, #938, #2779, .T. ) ;
#2400 = ORIENTED_EDGE ( 'NONE', *, *, #201, .T. ) ;
#2401 = LINE ( 'NONE', #3185, #2104 ) ;
#2402 = ORIENTED_EDGE ( 'NONE', *, *, #3863, .T. ) ;
#2403 = DIRECTION ( 'NONE',  ( 1.000000000000000000, 9.912705577010325549E-17, 0.000000000000000000 ) ) ;
#2404 = CARTESIAN_POINT ( 'NONE',  ( -63.50000000000004263, 3.185854099730716094, 5.999999999999396039 ) ) ;
#2405 = CIRCLE ( 'NONE', #1530, 3.049999999999976286 ) ;
#2406 = DIRECTION ( 'NONE',  ( 1.000000000000000000, 0.000000000000000000, 0.000000000000000000 ) ) ;
#2407 = EDGE_CURVE ( 'NONE', #706, #5475, #6856, .T. ) ;
#2408 = LINE ( 'NONE', #4929, #3051 ) ;
#2409 = DIRECTION ( 'NONE',  ( 0.000000000000000000, 0.000000000000000000, 1.000000000000000000 ) ) ;
#2410 = CARTESIAN_POINT ( 'NONE',  ( -17.39999999999996660, -11.99999999999999467, -8.000000000000000000 ) ) ;
#2411 = EDGE_CURVE ( 'NONE', #359, #283, #272, .T. ) ;
#2412 = ADVANCED_FACE ( 'NONE', ( #5926 ), #8, .T. ) ;
#2413 = VERTEX_POINT ( 'NONE', #4214 ) ;
#2414 = AXIS2_PLACEMENT_3D ( 'NONE', #5678, #7528, #5720 ) ;
#2415 = ORIENTED_EDGE ( 'NONE', *, *, #628, .F. ) ;
#2416 = LINE ( 'NONE', #7186, #4361 ) ;
#2417 = VERTEX_POINT ( 'NONE', #3031 ) ;
#2418 = DIRECTION ( 'NONE',  ( -0.7071067811865515695, 0.000000000000000000, 0.7071067811865434649 ) ) ;
#2419 = CYLINDRICAL_SURFACE ( 'NONE', #4017, 1.099999999999998535 ) ;
#2420 = EDGE_CURVE ( 'NONE', #7759, #5661, #2440, .T. ) ;
#2421 = CARTESIAN_POINT ( 'NONE',  ( -3.499999999999994227, -18.00000000000000000, -0.9999999999999892308 ) ) ;
#2422 = VECTOR ( 'NONE', #382, 1000.000000000000000 ) ;
#2423 = CARTESIAN_POINT ( 'NONE',  ( -22.99999999999998224, 12.00000000000000178, -2.600000000000003197 ) ) ;
#2424 = FACE_OUTER_BOUND ( 'NONE', #917, .T. ) ;
#2425 = VECTOR ( 'NONE', #4595, 1000.000000000000000 ) ;
#2426 = CARTESIAN_POINT ( 'NONE',  ( -22.99999999999998579, -16.99999999999999289, -2.600000000000003197 ) ) ;
#2427 = ORIENTED_EDGE ( 'NONE', *, *, #2399, .F. ) ;
#2428 = VECTOR ( 'NONE', #7384, 1000.000000000000000 ) ;
#2429 = DIRECTION ( 'NONE',  ( -0.7071067811865463515, 0.6830127018922209636, 0.1830127018922178550 ) ) ;
#2430 = ORIENTED_EDGE ( 'NONE', *, *, #476, .F. ) ;
#2431 = CARTESIAN_POINT ( 'NONE',  ( 11.34999999999999964, 8.300000000000901323, -5.000000000000000000 ) ) ;
#2432 = LINE ( 'NONE', #4839, #7134 ) ;
#2433 = CARTESIAN_POINT ( 'NONE',  ( 63.00000000000000000, -16.00000000000001776, 10.99999999999999822 ) ) ;
#2434 = ORIENTED_EDGE ( 'NONE', *, *, #1577, .F. ) ;
#2435 = ORIENTED_EDGE ( 'NONE', *, *, #6572, .F. ) ;
#2436 = DIRECTION ( 'NONE',  ( 0.000000000000000000, 0.000000000000000000, -1.000000000000000000 ) ) ;
#2437 = ADVANCED_FACE ( 'NONE', ( #4885, #126, #3187, #84, #3066, #2519, #2602, #4422, #4923 ), #4464, .T. ) ;
#2438 = VECTOR ( 'NONE', #904, 1000.000000000000000 ) ;
#2439 = DIRECTION ( 'NONE',  ( 0.000000000000000000, 1.000000000000000000, 0.000000000000000000 ) ) ;
#2440 = LINE ( 'NONE', #2057, #3933 ) ;
#2441 = DIRECTION ( 'NONE',  ( 1.000000000000000000, -1.084202172485504804E-16, 0.000000000000000000 ) ) ;
#2442 = AXIS2_PLACEMENT_3D ( 'NONE', #4453, #7451, #113 ) ;
#2443 = VECTOR ( 'NONE', #309, 1000.000000000000000 ) ;
#2444 = CARTESIAN_POINT ( 'NONE',  ( -8.099999999999997868, 8.511903429903327378, -7.000000000000000000 ) ) ;
#2445 = CARTESIAN_POINT ( 'NONE',  ( -64.00000000000000000, -24.00000000000000000, -7.000000000000000000 ) ) ;
#2446 = LINE ( 'NONE', #4305, #4795 ) ;
#2447 = VERTEX_POINT ( 'NONE', #5046 ) ;
#2448 = VECTOR ( 'NONE', #6902, 1000.000000000000000 ) ;
#2449 = ORIENTED_EDGE ( 'NONE', *, *, #1546, .F. ) ;
#2450 = DIRECTION ( 'NONE',  ( 1.000000000000000000, 0.000000000000000000, -0.000000000000000000 ) ) ;
#2451 = VERTEX_POINT ( 'NONE', #5647 ) ;
#2452 = PLANE ( 'NONE',  #324 ) ;
#2453 = DIRECTION ( 'NONE',  ( 1.000000000000000000, 0.000000000000000000, 0.000000000000000000 ) ) ;
#2454 = ORIENTED_EDGE ( 'NONE', *, *, #253, .F. ) ;
#2455 = EDGE_CURVE ( 'NONE', #1001, #6798, #4338, .T. ) ;
#2456 = CARTESIAN_POINT ( 'NONE',  ( -48.00000000000000000, -17.00000000000000000, -2.600000000000003197 ) ) ;
#2457 = ADVANCED_FACE ( 'NONE', ( #5476 ), #6215, .F. ) ;
#2458 = CARTESIAN_POINT ( 'NONE',  ( 54.00000000000000711, -24.00000000000000000, 2.000000000000000000 ) ) ;
#2459 = EDGE_CURVE ( 'NONE', #2753, #5264, #7380, .T. ) ;
#2460 = AXIS2_PLACEMENT_3D ( 'NONE', #5444, #2613, #3040 ) ;
#2461 = DIRECTION ( 'NONE',  ( 0.000000000000000000, 0.000000000000000000, 1.000000000000000000 ) ) ;
#2462 = DIRECTION ( 'NONE',  ( 0.7071067811865597852, 0.000000000000000000, 0.7071067811865352493 ) ) ;
#2463 = ORIENTED_EDGE ( 'NONE', *, *, #7832, .F. ) ;
#2464 = EDGE_CURVE ( 'NONE', #1524, #1375, #6766, .T. ) ;
#2465 = AXIS2_PLACEMENT_3D ( 'NONE', #6900, #7548, #2147 ) ;
#2466 = LINE ( 'NONE', #3681, #4919 ) ;
#2467 = CARTESIAN_POINT ( 'NONE',  ( -63.40000000000001279, -1.833024472948826373E-14, 16.00000000000000000 ) ) ;
#2468 = CIRCLE ( 'NONE', #2973, 9.399999999999982592 ) ;
#2469 = DIRECTION ( 'NONE',  ( 0.000000000000000000, -1.000000000000000000, 0.000000000000000000 ) ) ;
#2470 = ORIENTED_EDGE ( 'NONE', *, *, #816, .F. ) ;
#2471 = ORIENTED_EDGE ( 'NONE', *, *, #6383, .F. ) ;
#2472 = FACE_OUTER_BOUND ( 'NONE', #6270, .T. ) ;
#2473 = ORIENTED_EDGE ( 'NONE', *, *, #4640, .F. ) ;
#2474 = LINE ( 'NONE', #7288, #1393 ) ;
#2475 = ORIENTED_EDGE ( 'NONE', *, *, #2134, .T. ) ;
#2476 = CARTESIAN_POINT ( 'NONE',  ( -58.00000000000000000, -8.994952061733684445, 20.02059047744869602 ) ) ;
#2477 = EDGE_LOOP ( 'NONE', ( #4892, #6722 ) ) ;
#2478 = CARTESIAN_POINT ( 'NONE',  ( -62.99999999999998579, -15.70000000000000995, 10.69999999999998508 ) ) ;
#2479 = FACE_OUTER_BOUND ( 'NONE', #6694, .T. ) ;
#2480 = DIRECTION ( 'NONE',  ( 1.000000000000000000, 0.000000000000000000, -0.000000000000000000 ) ) ;
#2481 = CARTESIAN_POINT ( 'NONE',  ( 58.60000000000000853, 0.000000000000000000, 16.00000000000000000 ) ) ;
#2482 = LINE ( 'NONE', #46, #7194 ) ;
#2483 = FACE_OUTER_BOUND ( 'NONE', #6593, .T. ) ;
#2484 = VERTEX_POINT ( 'NONE', #6174 ) ;
#2485 = EDGE_CURVE ( 'NONE', #1738, #3093, #7500, .T. ) ;
#2486 = EDGE_LOOP ( 'NONE', ( #2282, #4987, #5846, #5714, #901, #489, #5629, #5100, #1588, #4611, #7087, #5734 ) ) ;
#2487 = DIRECTION ( 'NONE',  ( -0.000000000000000000, -0.000000000000000000, -1.000000000000000000 ) ) ;
#2488 = ORIENTED_EDGE ( 'NONE', *, *, #4024, .F. ) ;
#2489 = DIRECTION ( 'NONE',  ( -0.000000000000000000, -0.000000000000000000, -1.000000000000000000 ) ) ;
#2490 = PLANE ( 'NONE',  #2260 ) ;
#2491 = AXIS2_PLACEMENT_3D ( 'NONE', #5851, #447, #2841 ) ;
#2492 = ORIENTED_EDGE ( 'NONE', *, *, #5496, .T. ) ;
#2493 = CARTESIAN_POINT ( 'NONE',  ( -58.00000000000000000, 13.04999999999998117, 11.77459666924138659 ) ) ;
#2494 = CONICAL_SURFACE ( 'NONE', #748, 1.499999999999985789, 0.7853981633974621568 ) ;
#2495 = LINE ( 'NONE', #1169, #5378 ) ;
#2496 = DIRECTION ( 'NONE',  ( -1.020425574104004246E-16, -1.000000000000000000, 0.000000000000000000 ) ) ;
#2497 = EDGE_CURVE ( 'NONE', #1956, #7023, #7335, .T. ) ;
#2498 = EDGE_CURVE ( 'NONE', #7724, #2232, #2802, .T. ) ;
#2499 = DIRECTION ( 'NONE',  ( 1.000000000000000000, 0.000000000000000000, 0.000000000000000000 ) ) ;
#2500 = VERTEX_POINT ( 'NONE', #1888 ) ;
#2501 = CARTESIAN_POINT ( 'NONE',  ( -63.66682832714853646, -8.336868088146708544, 15.73317167285147278 ) ) ;
#2502 = ORIENTED_EDGE ( 'NONE', *, *, #1025, .F. ) ;
#2503 = LINE ( 'NONE', #4367, #3518 ) ;
#2504 = EDGE_CURVE ( 'NONE', #257, #7211, #248, .T. ) ;
#2505 = CARTESIAN_POINT ( 'NONE',  ( 9.149999999999998579, 29.00000000000089884, 0.000000000000000000 ) ) ;
#2506 = PLANE ( 'NONE',  #556 ) ;
#2507 = EDGE_CURVE ( 'NONE', #132, #1098, #3726, .T. ) ;
#2508 = VERTEX_POINT ( 'NONE', #759 ) ;
#2509 = EDGE_CURVE ( 'NONE', #2508, #2773, #673, .T. ) ;
#2510 = DIRECTION ( 'NONE',  ( -1.000000000000000000, 0.000000000000000000, 0.000000000000000000 ) ) ;
#2511 = VERTEX_POINT ( 'NONE', #6726 ) ;
#2512 = ORIENTED_EDGE ( 'NONE', *, *, #559, .F. ) ;
#2513 = LINE ( 'NONE', #4803, #2737 ) ;
#2514 = LINE ( 'NONE', #7414, #4552 ) ;
#2515 = EDGE_CURVE ( 'NONE', #2451, #5253, #5580, .T. ) ;
#2516 = VERTEX_POINT ( 'NONE', #7423 ) ;
#2517 = DIRECTION ( 'NONE',  ( 0.000000000000000000, 0.000000000000000000, 1.000000000000000000 ) ) ;
#2518 = ORIENTED_EDGE ( 'NONE', *, *, #7019, .T. ) ;
#2519 = FACE_BOUND ( 'NONE', #6634, .T. ) ;
#2520 = CARTESIAN_POINT ( 'NONE',  ( 62.49999999999998579, 15.99999999999995559, 7.950000000000023270 ) ) ;
#2521 = CARTESIAN_POINT ( 'NONE',  ( -70.50293497956538147, 18.98042485753536823, 12.63164529836050498 ) ) ;
#2522 = FACE_OUTER_BOUND ( 'NONE', #1612, .T. ) ;
#2523 = PLANE ( 'NONE',  #7388 ) ;
#2524 = DIRECTION ( 'NONE',  ( 0.000000000000000000, -1.000000000000000000, 0.000000000000000000 ) ) ;
#2525 = AXIS2_PLACEMENT_3D ( 'NONE', #3715, #5582, #5498 ) ;
#2526 = DIRECTION ( 'NONE',  ( -0.000000000000000000, -0.000000000000000000, 1.000000000000000000 ) ) ;
#2527 = ORIENTED_EDGE ( 'NONE', *, *, #1677, .F. ) ;
#2528 = ORIENTED_EDGE ( 'NONE', *, *, #4118, .T. ) ;
#2529 = CARTESIAN_POINT ( 'NONE',  ( -62.99999999999998579, 23.80803242245864126, 7.950000000000023270 ) ) ;
#2530 = AXIS2_PLACEMENT_3D ( 'NONE', #1717, #4123, #4800 ) ;
#2531 = ORIENTED_EDGE ( 'NONE', *, *, #1498, .T. ) ;
#2532 = DIRECTION ( 'NONE',  ( -0.6785983445458467767, -0.2810846377148220609, 0.6785983445458467767 ) ) ;
#2533 = VERTEX_POINT ( 'NONE', #3778 ) ;
#2534 = CARTESIAN_POINT ( 'NONE',  ( 63.39999999999999858, 8.722052573321384727, 16.00000000000000355 ) ) ;
#2535 = CARTESIAN_POINT ( 'NONE',  ( -62.49999999999998579, 18.94999999999998508, 11.77459666924138659 ) ) ;
#2536 = AXIS2_PLACEMENT_3D ( 'NONE', #7833, #1602, #7045 ) ;
#2537 = DIRECTION ( 'NONE',  ( -0.000000000000000000, -0.000000000000000000, 1.000000000000000000 ) ) ;
#2538 = CARTESIAN_POINT ( 'NONE',  ( 47.99999999999998579, -12.00000000000001243, -8.000000000000000000 ) ) ;
#2539 = ORIENTED_EDGE ( 'NONE', *, *, #5385, .T. ) ;
#2540 = DIRECTION ( 'NONE',  ( -0.7071067811865475727, -0.6830127018922197424, 0.1830127018922181881 ) ) ;
#2541 = ORIENTED_EDGE ( 'NONE', *, *, #2274, .F. ) ;
#2542 = AXIS2_PLACEMENT_3D ( 'NONE', #7154, #1093, #3482 ) ;
#2543 = EDGE_CURVE ( 'NONE', #1663, #6365, #802, .T. ) ;
#2544 = CARTESIAN_POINT ( 'NONE',  ( 63.40000000000001279, -24.00000000000000000, -7.000000000000000000 ) ) ;
#2545 = AXIS2_PLACEMENT_3D ( 'NONE', #2583, #3923, #6278 ) ;
#2546 = DIRECTION ( 'NONE',  ( -0.000000000000000000, 0.7317478313925263045, -0.6815754626248915482 ) ) ;
#2547 = DIRECTION ( 'NONE',  ( 0.000000000000000000, -0.7071067811865392461, 0.7071067811865556774 ) ) ;
#2548 = VERTEX_POINT ( 'NONE', #3307 ) ;
#2549 = ORIENTED_EDGE ( 'NONE', *, *, #2120, .T. ) ;
#2550 = DIRECTION ( 'NONE',  ( -0.000000000000000000, -0.000000000000000000, 1.000000000000000000 ) ) ;
#2551 = CARTESIAN_POINT ( 'NONE',  ( -62.49999999999998579, 15.99999999999995559, 7.950000000000023270 ) ) ;
#2552 = VECTOR ( 'NONE', #5840, 1000.000000000000000 ) ;
#2553 = DIRECTION ( 'NONE',  ( -0.7071067811865460184, 0.7071067811865489050, 0.000000000000000000 ) ) ;
#2554 = EDGE_CURVE ( 'NONE', #1714, #2907, #5729, .T. ) ;
#2555 = EDGE_CURVE ( 'NONE', #5589, #2733, #6335, .T. ) ;
#2556 = CIRCLE ( 'NONE', #2191, 3.000000000000000000 ) ;
#2557 = ORIENTED_EDGE ( 'NONE', *, *, #3856, .F. ) ;
#2558 = ADVANCED_FACE ( 'NONE', ( #7618 ), #7012, .T. ) ;
#2559 = CARTESIAN_POINT ( 'NONE',  ( 22.99999999999998579, -12.00000000000000355, -8.000000000000000000 ) ) ;
#2560 = EDGE_LOOP ( 'NONE', ( #5878, #2777, #3030, #3525, #6741 ) ) ;
#2561 = CARTESIAN_POINT ( 'NONE',  ( 58.19992525231644720, 19.94941092100061297, 13.53419272815824748 ) ) ;
#2562 = CARTESIAN_POINT ( 'NONE',  ( -14.58578643762690064, 35.50000000000000000, 0.000000000000000000 ) ) ;
#2563 = DIRECTION ( 'NONE',  ( -0.000000000000000000, -0.7317478313925263045, -0.6815754626248915482 ) ) ;
#2564 = ORIENTED_EDGE ( 'NONE', *, *, #3905, .F. ) ;
#2565 = CARTESIAN_POINT ( 'NONE',  ( -58.50000000000001421, -4.720508075688642613, 5.999999999999394262 ) ) ;
#2566 = VECTOR ( 'NONE', #1324, 1000.000000000000000 ) ;
#2567 = CARTESIAN_POINT ( 'NONE',  ( -47.99999999999999289, 17.60000000000001563, -2.000000000000000000 ) ) ;
#2568 = DIRECTION ( 'NONE',  ( -0.000000000000000000, -1.000000000000000000, -0.000000000000000000 ) ) ;
#2569 = EDGE_LOOP ( 'NONE', ( #849, #1627, #4999, #486, #2794, #2262 ) ) ;
#2570 = ORIENTED_EDGE ( 'NONE', *, *, #1206, .T. ) ;
#2571 = CARTESIAN_POINT ( 'NONE',  ( 58.60000000000000853, -8.934653975957926875, 16.00000000000000000 ) ) ;
#2572 = CIRCLE ( 'NONE', #430, 2.000000000000000000 ) ;
#2573 = VERTEX_POINT ( 'NONE', #5956 ) ;
#2574 = DIRECTION ( 'NONE',  ( 0.000000000000000000, -1.000000000000000000, 6.938893903907317124E-16 ) ) ;
#2575 = CARTESIAN_POINT ( 'NONE',  ( 10.25000000000000000, 8.300000000000901323, 0.000000000000000000 ) ) ;
#2576 = ORIENTED_EDGE ( 'NONE', *, *, #2920, .T. ) ;
#2577 = CARTESIAN_POINT ( 'NONE',  ( -58.59999999999998010, -20.24542364858361765, 13.80990931123482746 ) ) ;
#2578 = DIRECTION ( 'NONE',  ( 1.000000000000000000, 9.912705577010325549E-17, 0.000000000000000000 ) ) ;
#2579 = VECTOR ( 'NONE', #6143, 1000.000000000000000 ) ;
#2580 = CARTESIAN_POINT ( 'NONE',  ( -22.99999999999997868, 17.00000000000000000, -7.399999999999982592 ) ) ;
#2581 = DIRECTION ( 'NONE',  ( -1.000000000000000000, 3.965082230804129727E-16, 0.000000000000000000 ) ) ;
#2582 = VERTEX_POINT ( 'NONE', #471 ) ;
#2583 = CARTESIAN_POINT ( 'NONE',  ( -63.40000000000002700, 24.00000000000000000, -7.000000000000000000 ) ) ;
#2584 = ORIENTED_EDGE ( 'NONE', *, *, #2295, .F. ) ;
#2585 = VECTOR ( 'NONE', #3500, 999.9999999999998863 ) ;
#2586 = FACE_OUTER_BOUND ( 'NONE', #2156, .T. ) ;
#2587 = DIRECTION ( 'NONE',  ( -1.000000000000000000, 0.000000000000000000, 0.000000000000000000 ) ) ;
#2588 =( BOUNDED_CURVE ( )  B_SPLINE_CURVE ( 3, ( #387, #2784, #5196, #7642 ),
 .UNSPECIFIED., .F., .T. ) 
 B_SPLINE_CURVE_WITH_KNOTS ( ( 4, 4 ),
 ( 5.965624877888028088, 6.283185307179586232 ),
 .UNSPECIFIED. ) 
 CURVE ( )  GEOMETRIC_REPRESENTATION_ITEM ( )  RATIONAL_B_SPLINE_CURVE ( ( 1.000000000000000000, 0.9916139219377146929, 0.9916139219377146929, 1.000000000000000000 ) ) 
 REPRESENTATION_ITEM ( '' )  );
#2589 = AXIS2_PLACEMENT_3D ( 'NONE', #6014, #4066, #6501 ) ;
#2590 = CARTESIAN_POINT ( 'NONE',  ( -62.99999999999998579, 13.04999999999998117, 11.77459666924138659 ) ) ;
#2591 = EDGE_CURVE ( 'NONE', #3679, #3707, #1101, .T. ) ;
#2592 = CARTESIAN_POINT ( 'NONE',  ( -57.99999999999997868, 24.00000000000000000, -7.399999999999962164 ) ) ;
#2593 = ORIENTED_EDGE ( 'NONE', *, *, #5301, .T. ) ;
#2594 = EDGE_LOOP ( 'NONE', ( #5056, #4463, #6267, #4669, #4537, #2761 ) ) ;
#2595 = DIRECTION ( 'NONE',  ( 0.000000000000000000, -0.7071067811865392461, 0.7071067811865556774 ) ) ;
#2596 = CARTESIAN_POINT ( 'NONE',  ( -63.50000000000004263, -3.185854099730718314, 5.999999999999394262 ) ) ;
#2597 = CYLINDRICAL_SURFACE ( 'NONE', #6569, 2.000000000000000000 ) ;
#2598 = ORIENTED_EDGE ( 'NONE', *, *, #7429, .F. ) ;
#2599 = ADVANCED_FACE ( 'NONE', ( #2395 ), #6488, .F. ) ;
#2600 = EDGE_CURVE ( 'NONE', #4025, #7432, #5997, .T. ) ;
#2601 = ORIENTED_EDGE ( 'NONE', *, *, #5255, .F. ) ;
#2602 = FACE_BOUND ( 'NONE', #6047, .T. ) ;
#2603 = DIRECTION ( 'NONE',  ( -0.000000000000000000, -1.000000000000000000, -0.000000000000000000 ) ) ;
#2604 = VERTEX_POINT ( 'NONE', #586 ) ;
#2605 = CARTESIAN_POINT ( 'NONE',  ( -64.00000000000000000, -24.00000000000000000, -7.400000000000002132 ) ) ;
#2606 = VECTOR ( 'NONE', #3419, 1000.000000000000000 ) ;
#2607 = DIRECTION ( 'NONE',  ( 0.000000000000000000, -0.7071067811865491270, 0.7071067811865459074 ) ) ;
#2608 = DIRECTION ( 'NONE',  ( 0.000000000000000000, -0.7071067811865474617, -0.7071067811865474617 ) ) ;
#2609 = EDGE_CURVE ( 'NONE', #4065, #6754, #6638, .T. ) ;
#2610 = EDGE_LOOP ( 'NONE', ( #3057, #6011, #5769, #5276 ) ) ;
#2611 = VERTEX_POINT ( 'NONE', #623 ) ;
#2612 = AXIS2_PLACEMENT_3D ( 'NONE', #1881, #4291, #7371 ) ;
#2613 = DIRECTION ( 'NONE',  ( -1.000000000000000000, -0.000000000000000000, -0.000000000000000000 ) ) ;
#2614 = ADVANCED_FACE ( 'NONE', ( #1719 ), #6038, .F. ) ;
#2615 = ORIENTED_EDGE ( 'NONE', *, *, #520, .T. ) ;
#2616 = DIRECTION ( 'NONE',  ( 1.000000000000000000, -0.000000000000000000, -0.000000000000000000 ) ) ;
#2617 = ORIENTED_EDGE ( 'NONE', *, *, #3463, .T. ) ;
#2618 = AXIS2_PLACEMENT_3D ( 'NONE', #2689, #2726, #7543 ) ;
#2619 = DIRECTION ( 'NONE',  ( 0.000000000000000000, 0.000000000000000000, 1.000000000000000000 ) ) ;
#2620 = DIRECTION ( 'NONE',  ( 1.020425574104004246E-16, 1.000000000000000000, 0.000000000000000000 ) ) ;
#2621 = PLANE ( 'NONE',  #2776 ) ;
#2622 = DIRECTION ( 'NONE',  ( -0.000000000000000000, -0.000000000000000000, 1.000000000000000000 ) ) ;
#2623 = VECTOR ( 'NONE', #4189, 1000.000000000000000 ) ;
#2624 = DIRECTION ( 'NONE',  ( -0.000000000000000000, -0.000000000000000000, 1.000000000000000000 ) ) ;
#2625 = ORIENTED_EDGE ( 'NONE', *, *, #5933, .F. ) ;
#2626 = CARTESIAN_POINT ( 'NONE',  ( 53.59999999999998721, 11.99999999999999822, -2.000000000000000000 ) ) ;
#2627 = CARTESIAN_POINT ( 'NONE',  ( -58.00000000000000000, 8.934653975957925098, 14.00000000000000000 ) ) ;
#2628 = VECTOR ( 'NONE', #5258, 1000.000000000000000 ) ;
#2629 = VERTEX_POINT ( 'NONE', #7242 ) ;
#2630 = DIRECTION ( 'NONE',  ( 0.000000000000000000, -1.000000000000000000, 0.000000000000000000 ) ) ;
#2631 = AXIS2_PLACEMENT_3D ( 'NONE', #6570, #1152, #5400 ) ;
#2632 = CIRCLE ( 'NONE', #111, 1.899999999999998801 ) ;
#2633 = CARTESIAN_POINT ( 'NONE',  ( 63.39999999999999858, -8.934653975957926875, 16.00000000000000000 ) ) ;
#2634 = FACE_OUTER_BOUND ( 'NONE', #3799, .T. ) ;
#2635 = AXIS2_PLACEMENT_3D ( 'NONE', #3784, #7507, #6221 ) ;
#2636 = DIRECTION ( 'NONE',  ( 1.000000000000000000, 0.000000000000000000, 0.000000000000000000 ) ) ;
#2637 = EDGE_LOOP ( 'NONE', ( #2173, #585, #6599, #7821, #3063 ) ) ;
#2638 = VERTEX_POINT ( 'NONE', #5424 ) ;
#2639 = CARTESIAN_POINT ( 'NONE',  ( 62.99999999999998579, 15.99999999999995559, 7.950000000000023270 ) ) ;
#2640 = CARTESIAN_POINT ( 'NONE',  ( 52.99999999999999289, 17.00000000000000000, -7.399999999999982592 ) ) ;
#2641 = EDGE_CURVE ( 'NONE', #5694, #5867, #7728, .T. ) ;
#2642 = VECTOR ( 'NONE', #7305, 1000.000000000000000 ) ;
#2643 = VERTEX_POINT ( 'NONE', #3606 ) ;
#2644 = CARTESIAN_POINT ( 'NONE',  ( 58.60000000000000853, -10.39999999999996838, 16.00000000000000000 ) ) ;
#2645 = ORIENTED_EDGE ( 'NONE', *, *, #2839, .F. ) ;
#2646 = DIRECTION ( 'NONE',  ( -0.000000000000000000, -0.000000000000000000, -1.000000000000000000 ) ) ;
#2647 = CARTESIAN_POINT ( 'NONE',  ( -64.00000000000001421, 24.00000000000000000, -2.600000000000031175 ) ) ;
#2648 = ORIENTED_EDGE ( 'NONE', *, *, #5494, .F. ) ;
#2649 = FACE_OUTER_BOUND ( 'NONE', #1848, .T. ) ;
#2650 = DIRECTION ( 'NONE',  ( 0.000000000000000000, 0.7071067811865515695, -0.7071067811865434649 ) ) ;
#2651 = DIRECTION ( 'NONE',  ( 0.000000000000000000, -1.000000000000000000, 0.000000000000000000 ) ) ;
#2652 = EDGE_CURVE ( 'NONE', #5344, #2753, #3551, .T. ) ;
#2653 = VECTOR ( 'NONE', #5389, 1000.000000000000000 ) ;
#2654 = ORIENTED_EDGE ( 'NONE', *, *, #1988, .T. ) ;
#2655 = LINE ( 'NONE', #4472, #6137 ) ;
#2656 = VERTEX_POINT ( 'NONE', #2905 ) ;
#2657 = DIRECTION ( 'NONE',  ( 1.000000000000000000, 0.000000000000000000, 0.000000000000000000 ) ) ;
#2658 = ADVANCED_FACE ( 'NONE', ( #546 ), #5384, .F. ) ;
#2659 = ORIENTED_EDGE ( 'NONE', *, *, #5922, .F. ) ;
#2660 = VECTOR ( 'NONE', #4541, 1000.000000000000000 ) ;
#2661 = FACE_OUTER_BOUND ( 'NONE', #372, .T. ) ;
#2662 = DIRECTION ( 'NONE',  ( -0.000000000000000000, -0.7317478313925263045, -0.6815754626248915482 ) ) ;
#2663 = EDGE_CURVE ( 'NONE', #3155, #2733, #6597, .T. ) ;
#2664 = EDGE_CURVE ( 'NONE', #4373, #4564, #4125, .T. ) ;
#2665 = AXIS2_PLACEMENT_3D ( 'NONE', #90, #6775, #4891 ) ;
#2666 = LINE ( 'NONE', #1478, #1456 ) ;
#2667 = ORIENTED_EDGE ( 'NONE', *, *, #1245, .T. ) ;
#2668 = PLANE ( 'NONE',  #7403 ) ;
#2669 = EDGE_CURVE ( 'NONE', #6075, #5251, #2283, .T. ) ;
#2670 = CARTESIAN_POINT ( 'NONE',  ( 4.531193156845206793E-15, -18.00000000000000000, -8.000000000000000000 ) ) ;
#2671 = ORIENTED_EDGE ( 'NONE', *, *, #4504, .F. ) ;
#2672 = CARTESIAN_POINT ( 'NONE',  ( -47.99999999999999289, 12.00000000000001243, 2.000000000000000000 ) ) ;
#2673 = AXIS2_PLACEMENT_3D ( 'NONE', #5116, #911, #4454 ) ;
#2674 = CARTESIAN_POINT ( 'NONE',  ( 8.354433227641285598, 6.765053247749287735, -2.600000000000032951 ) ) ;
#2675 = DIRECTION ( 'NONE',  ( -1.000000000000000000, 0.000000000000000000, 0.000000000000000000 ) ) ;
#2676 = CIRCLE ( 'NONE', #1913, 2.799999999999955413 ) ;
#2677 = DIRECTION ( 'NONE',  ( 1.000000000000000000, 0.000000000000000000, 0.000000000000000000 ) ) ;
#2678 = ORIENTED_EDGE ( 'NONE', *, *, #6772, .F. ) ;
#2679 = ORIENTED_EDGE ( 'NONE', *, *, #3469, .F. ) ;
#2680 = EDGE_LOOP ( 'NONE', ( #6206, #157, #4807, #7199 ) ) ;
#2681 = CARTESIAN_POINT ( 'NONE',  ( 17.99999999999998579, -12.00000000000000355, -2.599999999999975664 ) ) ;
#2682 = CARTESIAN_POINT ( 'NONE',  ( 47.99999999999998579, -17.60000000000000142, -2.000000000000000000 ) ) ;
#2683 = AXIS2_PLACEMENT_3D ( 'NONE', #3369, #4407, #1998 ) ;
#2684 = EDGE_LOOP ( 'NONE', ( #7075, #2878, #4483, #3352 ) ) ;
#2685 = VECTOR ( 'NONE', #4842, 1000.000000000000000 ) ;
#2686 = ORIENTED_EDGE ( 'NONE', *, *, #5929, .F. ) ;
#2687 = APPLICATION_PROTOCOL_DEFINITION ( 'draft international standard', 'automotive_design', 1998, #6002 ) ;
#2688 = ORIENTED_EDGE ( 'NONE', *, *, #4086, .F. ) ;
#2689 = CARTESIAN_POINT ( 'NONE',  ( -22.99999999999998224, 12.00000000000000178, -8.000000000000000000 ) ) ;
#2690 = DIRECTION ( 'NONE',  ( 0.000000000000000000, 0.000000000000000000, -1.000000000000000000 ) ) ;
#2691 = CIRCLE ( 'NONE', #3181, 3.000000000000000000 ) ;
#2692 = ORIENTED_EDGE ( 'NONE', *, *, #5072, .T. ) ;
#2693 = LINE ( 'NONE', #3909, #6641 ) ;
#2694 = ORIENTED_EDGE ( 'NONE', *, *, #7480, .T. ) ;
#2695 = CARTESIAN_POINT ( 'NONE',  ( 57.75147186257615317, -24.00000000000000000, -7.400000000000001243 ) ) ;
#2696 = ADVANCED_FACE ( 'NONE', ( #4085 ), #6481, .F. ) ;
#2697 = EDGE_LOOP ( 'NONE', ( #6860, #1467, #6950, #6165 ) ) ;
#2698 = DIRECTION ( 'NONE',  ( 1.000000000000000000, -0.000000000000000000, -0.000000000000000000 ) ) ;
#2699 = DIRECTION ( 'NONE',  ( 0.000000000000000000, 0.000000000000000000, 1.000000000000000000 ) ) ;
#2700 = ORIENTED_EDGE ( 'NONE', *, *, #209, .T. ) ;
#2701 = AXIS2_PLACEMENT_3D ( 'NONE', #1177, #3566, #7836 ) ;
#2702 = DIRECTION ( 'NONE',  ( 0.000000000000000000, -1.000000000000000000, 0.000000000000000000 ) ) ;
#2703 = VERTEX_POINT ( 'NONE', #6558 ) ;
#2704 = DIRECTION ( 'NONE',  ( -1.000000000000000000, 0.000000000000000000, 0.000000000000000000 ) ) ;
#2705 = EDGE_CURVE ( 'NONE', #5118, #148, #1140, .T. ) ;
#2706 = LINE ( 'NONE', #6357, #6359 ) ;
#2707 = ADVANCED_FACE ( 'NONE', ( #4164 ), #1216, .F. ) ;
#2708 = ORIENTED_EDGE ( 'NONE', *, *, #1979, .F. ) ;
#2709 = CARTESIAN_POINT ( 'NONE',  ( -58.00000000000000000, -19.80132347571447227, 13.39625891448672590 ) ) ;
#2710 = EDGE_CURVE ( 'NONE', #1250, #767, #4802, .T. ) ;
#2711 = LINE ( 'NONE', #2122, #3033 ) ;
#2712 = CARTESIAN_POINT ( 'NONE',  ( 9.678412199548674266, 5.928814155936074748, -2.000000000000000000 ) ) ;
#2713 = AXIS2_PLACEMENT_3D ( 'NONE', #6983, #258, #7629 ) ;
#2714 = CARTESIAN_POINT ( 'NONE',  ( -15.29289321881344854, 35.20710678118653902, -7.399999999999962164 ) ) ;
#2715 = EDGE_CURVE ( 'NONE', #6799, #6782, #159, .T. ) ;
#2716 = ORIENTED_EDGE ( 'NONE', *, *, #5216, .T. ) ;
#2717 = ORIENTED_EDGE ( 'NONE', *, *, #3808, .T. ) ;
#2718 = DIRECTION ( 'NONE',  ( 0.7071067811865682229, 8.659560562355186773E-17, -0.7071067811865268116 ) ) ;
#2719 = CARTESIAN_POINT ( 'NONE',  ( -58.60000000000000142, 8.722052573321393609, 16.00000000000000000 ) ) ;
#2720 = CONICAL_SURFACE ( 'NONE', #4608, 4.599999999999972111, 0.7853981633974338461 ) ;
#2721 = ORIENTED_EDGE ( 'NONE', *, *, #7573, .F. ) ;
#2722 = ORIENTED_EDGE ( 'NONE', *, *, #978, .T. ) ;
#2723 = CARTESIAN_POINT ( 'NONE',  ( 62.99999999999998579, 15.99999999999995559, 7.950000000000023270 ) ) ;
#2724 = DIRECTION ( 'NONE',  ( 0.000000000000000000, 1.000000000000000000, 0.000000000000000000 ) ) ;
#2725 = EDGE_LOOP ( 'NONE', ( #2197, #3683, #2127, #4548 ) ) ;
#2726 = DIRECTION ( 'NONE',  ( -0.000000000000000000, 0.000000000000000000, 1.000000000000000000 ) ) ;
#2727 = DIRECTION ( 'NONE',  ( -0.000000000000000000, -0.000000000000000000, 1.000000000000000000 ) ) ;
#2728 = ORIENTED_EDGE ( 'NONE', *, *, #2312, .T. ) ;
#2729 = DIRECTION ( 'NONE',  ( -0.000000000000000000, 0.000000000000000000, 1.000000000000000000 ) ) ;
#2730 = EDGE_LOOP ( 'NONE', ( #3955, #7580, #6140, #6074 ) ) ;
#2731 = DIRECTION ( 'NONE',  ( 1.000000000000000000, 0.000000000000000000, 0.000000000000000000 ) ) ;
#2732 = LINE ( 'NONE', #6862, #6323 ) ;
#2733 = VERTEX_POINT ( 'NONE', #2639 ) ;
#2734 = DIRECTION ( 'NONE',  ( 0.000000000000000000, 0.000000000000000000, -1.000000000000000000 ) ) ;
#2735 = CARTESIAN_POINT ( 'NONE',  ( -2.924264068711990294, -24.00000000000000000, -68.07573593128809364 ) ) ;
#2736 = ADVANCED_FACE ( 'NONE', ( #4414 ), #794, .F. ) ;
#2737 = VECTOR ( 'NONE', #1924, 1000.000000000000000 ) ;
#2738 = ORIENTED_EDGE ( 'NONE', *, *, #6176, .F. ) ;
#2739 = ORIENTED_EDGE ( 'NONE', *, *, #3061, .T. ) ;
#2740 = CARTESIAN_POINT ( 'NONE',  ( 0.000000000000000000, -14.00000000000000000, 6.000000000000000000 ) ) ;
#2741 = ORIENTED_EDGE ( 'NONE', *, *, #2764, .T. ) ;
#2742 = CARTESIAN_POINT ( 'NONE',  ( -56.61626687376234202, 9.578310834983549071, 14.01626687376233171 ) ) ;
#2743 = AXIS2_PLACEMENT_3D ( 'NONE', #1199, #4343, #5010 ) ;
#2744 = DIRECTION ( 'NONE',  ( 1.000000000000000000, 0.000000000000000000, 0.000000000000000000 ) ) ;
#2745 = ORIENTED_EDGE ( 'NONE', *, *, #1330, .T. ) ;
#2746 = DIRECTION ( 'NONE',  ( 0.000000000000000000, 0.000000000000000000, 1.000000000000000000 ) ) ;
#2747 = EDGE_CURVE ( 'NONE', #5708, #3010, #3143, .T. ) ;
#2748 = AXIS2_PLACEMENT_3D ( 'NONE', #3714, #3126, #4900 ) ;
#2749 = EDGE_CURVE ( 'NONE', #653, #6229, #837, .T. ) ;
#2750 = CARTESIAN_POINT ( 'NONE',  ( -64.00000000000001421, 24.00000000000000000, -2.600000000000031175 ) ) ;
#2751 = CIRCLE ( 'NONE', #7314, 1.500000000000022204 ) ;
#2752 = PLANE ( 'NONE',  #2289 ) ;
#2753 = VERTEX_POINT ( 'NONE', #6119 ) ;
#2754 = ORIENTED_EDGE ( 'NONE', *, *, #1735, .T. ) ;
#2755 = EDGE_CURVE ( 'NONE', #3642, #1922, #7455, .T. ) ;
#2756 = DIRECTION ( 'NONE',  ( -0.000000000000000000, -0.000000000000000000, 1.000000000000000000 ) ) ;
#2757 = AXIS2_PLACEMENT_3D ( 'NONE', #3241, #5666, #263 ) ;
#2758 = PLANE ( 'NONE',  #7693 ) ;
#2759 = ADVANCED_FACE ( 'NONE', ( #6844 ), #1413, .F. ) ;
#2760 = EDGE_CURVE ( 'NONE', #7447, #7724, #1926, .T. ) ;
#2761 = ORIENTED_EDGE ( 'NONE', *, *, #1351, .F. ) ;
#2762 = VERTEX_POINT ( 'NONE', #4290 ) ;
#2763 = ORIENTED_EDGE ( 'NONE', *, *, #5211, .F. ) ;
#2764 = EDGE_CURVE ( 'NONE', #952, #2310, #3687, .T. ) ;
#2765 = ORIENTED_EDGE ( 'NONE', *, *, #2268, .T. ) ;
#2766 = CARTESIAN_POINT ( 'NONE',  ( 58.56638476669610327, 8.512125508622853332, 15.96638476669610540 ) ) ;
#2767 = ORIENTED_EDGE ( 'NONE', *, *, #3699, .F. ) ;
#2768 = DIRECTION ( 'NONE',  ( 1.000000000000000000, 0.000000000000000000, 0.000000000000000000 ) ) ;
#2769 = EDGE_LOOP ( 'NONE', ( #6791, #883, #931, #4648 ) ) ;
#2770 = CARTESIAN_POINT ( 'NONE',  ( -26.91421356237302831, 24.00000000000000000, -7.000000000000000000 ) ) ;
#2771 = DIRECTION ( 'NONE',  ( -0.000000000000000000, -0.000000000000000000, -1.000000000000000000 ) ) ;
#2772 = DIRECTION ( 'NONE',  ( -1.000000000000000000, 0.000000000000000000, 0.000000000000000000 ) ) ;
#2773 = VERTEX_POINT ( 'NONE', #5466 ) ;
#2774 = ORIENTED_EDGE ( 'NONE', *, *, #1637, .F. ) ;
#2775 = DIRECTION ( 'NONE',  ( 0.000000000000000000, 0.000000000000000000, -1.000000000000000000 ) ) ;
#2776 = AXIS2_PLACEMENT_3D ( 'NONE', #6699, #61, #1273 ) ;
#2777 = ORIENTED_EDGE ( 'NONE', *, *, #5705, .T. ) ;
#2778 = CARTESIAN_POINT ( 'NONE',  ( -58.00000000000000000, 3.185854099730715649, 7.999999999999396039 ) ) ;
#2779 = LINE ( 'NONE', #7292, #1784 ) ;
#2780 = CARTESIAN_POINT ( 'NONE',  ( 4.531193156845206793E-15, -18.00000000000000000, 1.500000000000000000 ) ) ;
#2781 = DIRECTION ( 'NONE',  ( 0.000000000000000000, -0.000000000000000000, -1.000000000000000000 ) ) ;
#2782 = VECTOR ( 'NONE', #2259, 1000.000000000000000 ) ;
#2783 = DIRECTION ( 'NONE',  ( 0.000000000000000000, 0.000000000000000000, -1.000000000000000000 ) ) ;
#2784 = CARTESIAN_POINT ( 'NONE',  ( -63.43361523330393226, 8.512125508622760961, 15.96638476669608586 ) ) ;
#2785 = VERTEX_POINT ( 'NONE', #76 ) ;
#2786 = VECTOR ( 'NONE', #153, 1000.000000000000000 ) ;
#2787 = ORIENTED_EDGE ( 'NONE', *, *, #1066, .T. ) ;
#2788 = ADVANCED_FACE ( 'NONE', ( #2472 ), #3846, .T. ) ;
#2789 = FACE_OUTER_BOUND ( 'NONE', #6182, .T. ) ;
#2790 = DIRECTION ( 'NONE',  ( -0.000000000000000000, -0.000000000000000000, 1.000000000000000000 ) ) ;
#2791 = AXIS2_PLACEMENT_3D ( 'NONE', #1317, #4364, #6026 ) ;
#2792 = EDGE_CURVE ( 'NONE', #1996, #4837, #7774, .T. ) ;
#2793 = ORIENTED_EDGE ( 'NONE', *, *, #3898, .T. ) ;
#2794 = ORIENTED_EDGE ( 'NONE', *, *, #1330, .F. ) ;
#2795 = DIRECTION ( 'NONE',  ( 0.000000000000000000, -8.673617379884033500E-16, -1.000000000000000000 ) ) ;
#2796 = ORIENTED_EDGE ( 'NONE', *, *, #1992, .T. ) ;
#2797 = EDGE_CURVE ( 'NONE', #5872, #653, #3425, .T. ) ;
#2798 = EDGE_CURVE ( 'NONE', #2073, #974, #1731, .T. ) ;
#2799 = CARTESIAN_POINT ( 'NONE',  ( 22.99999999999998934, 11.99999999999999645, -8.000000000000000000 ) ) ;
#2800 = FACE_OUTER_BOUND ( 'NONE', #6287, .T. ) ;
#2801 = ADVANCED_FACE ( 'NONE', ( #5965 ), #7027, .T. ) ;
#2802 = CIRCLE ( 'NONE', #416, 10.75000000000000000 ) ;
#2803 = ORIENTED_EDGE ( 'NONE', *, *, #4683, .F. ) ;
#2804 = CARTESIAN_POINT ( 'NONE',  ( 26.20710678118648573, 24.29289321881345742, -1.224646799147354440E-16 ) ) ;
#2805 = ORIENTED_EDGE ( 'NONE', *, *, #986, .F. ) ;
#2806 = CYLINDRICAL_SURFACE ( 'NONE', #3447, 1.000000000000000888 ) ;
#2807 = EDGE_CURVE ( 'NONE', #3744, #1427, #5815, .T. ) ;
#2808 = VECTOR ( 'NONE', #2020, 1000.000000000000000 ) ;
#2809 = CARTESIAN_POINT ( 'NONE',  ( -13.00000000000000000, 37.50000000000000000, -7.399999999999962164 ) ) ;
#2810 = ORIENTED_EDGE ( 'NONE', *, *, #3998, .F. ) ;
#2811 = CARTESIAN_POINT ( 'NONE',  ( -1.899999999999994360, -18.00000000000000000, -2.000000000000000000 ) ) ;
#2812 = LINE ( 'NONE', #5748, #5107 ) ;
#2813 = VECTOR ( 'NONE', #3722, 1000.000000000000114 ) ;
#2814 = DIRECTION ( 'NONE',  ( 1.000000000000000000, 0.000000000000000000, 0.000000000000000000 ) ) ;
#2815 = CARTESIAN_POINT ( 'NONE',  ( 12.00000000000000000, -9.000000000000001776, -7.000000000000000000 ) ) ;
#2816 = DIRECTION ( 'NONE',  ( -0.000000000000000000, -0.000000000000000000, 1.000000000000000000 ) ) ;
#2817 = DIRECTION ( 'NONE',  ( 0.000000000000000000, 1.000000000000000000, 0.000000000000000000 ) ) ;
#2818 = CARTESIAN_POINT ( 'NONE',  ( -47.99999999999999289, 12.00000000000001243, -7.399999999999982592 ) ) ;
#2819 = ORIENTED_EDGE ( 'NONE', *, *, #2271, .T. ) ;
#2820 = AXIS2_PLACEMENT_3D ( 'NONE', #137, #180, #2574 ) ;
#2821 = ORIENTED_EDGE ( 'NONE', *, *, #7753, .F. ) ;
#2822 = CARTESIAN_POINT ( 'NONE',  ( 14.86862915010149955, 34.78284271247459714, -8.000000000000000000 ) ) ;
#2823 = EDGE_CURVE ( 'NONE', #487, #952, #10, .T. ) ;
#2824 = ORIENTED_EDGE ( 'NONE', *, *, #1453, .F. ) ;
#2825 = VERTEX_POINT ( 'NONE', #2954 ) ;
#2826 = CARTESIAN_POINT ( 'NONE',  ( 53.59999999999998010, -12.00000000000001421, -2.000000000000000000 ) ) ;
#2827 = ORIENTED_EDGE ( 'NONE', *, *, #6728, .T. ) ;
#2828 = FACE_OUTER_BOUND ( 'NONE', #2913, .T. ) ;
#2829 = EDGE_LOOP ( 'NONE', ( #4523, #7648, #411, #2000 ) ) ;
#2830 = AXIS2_PLACEMENT_3D ( 'NONE', #3167, #5583, #6826 ) ;
#2831 = DIRECTION ( 'NONE',  ( 0.000000000000000000, 0.7071067811865556774, -0.7071067811865393571 ) ) ;
#2832 = EDGE_CURVE ( 'NONE', #139, #3156, #5359, .T. ) ;
#2833 = CONICAL_SURFACE ( 'NONE', #3974, 5.600000000000014744, 0.7853981633974476129 ) ;
#2834 = EDGE_CURVE ( 'NONE', #2921, #1305, #6132, .T. ) ;
#2835 = VERTEX_POINT ( 'NONE', #6179 ) ;
#2836 = LINE ( 'NONE', #2991, #4500 ) ;
#2837 = CARTESIAN_POINT ( 'NONE',  ( -58.00000000000000000, 5.117705752308854272, 7.482361909794360777 ) ) ;
#2838 = VERTEX_POINT ( 'NONE', #1298 ) ;
#2839 = EDGE_CURVE ( 'NONE', #6040, #5661, #6688, .T. ) ;
#2840 = CONICAL_SURFACE ( 'NONE', #980, 9.400000000000011013, 0.7853981633974482790 ) ;
#2841 = DIRECTION ( 'NONE',  ( 0.000000000000000000, 1.000000000000000000, 1.837433013737340913E-16 ) ) ;
#2842 = CARTESIAN_POINT ( 'NONE',  ( 3.500000000000003109, 18.00000000000000000, -0.5000000000000000000 ) ) ;
#2843 = ADVANCED_FACE ( 'NONE', ( #598 ), #2523, .F. ) ;
#2844 = ORIENTED_EDGE ( 'NONE', *, *, #2507, .F. ) ;
#2845 = DIRECTION ( 'NONE',  ( 1.000000000000000000, -0.000000000000000000, -0.000000000000000000 ) ) ;
#2846 = EDGE_LOOP ( 'NONE', ( #4388, #752 ) ) ;
#2847 = AXIS2_PLACEMENT_3D ( 'NONE', #7202, #2902, #5873 ) ;
#2848 = CARTESIAN_POINT ( 'NONE',  ( 2.799999999999959854, -18.00000000000000000, 1.500000000000000000 ) ) ;
#2849 = ORIENTED_EDGE ( 'NONE', *, *, #2312, .F. ) ;
#2850 = CARTESIAN_POINT ( 'NONE',  ( -26.91421356237302831, 25.00000000000000000, -7.000000000000000000 ) ) ;
#2851 = CARTESIAN_POINT ( 'NONE',  ( 7.099999999999999645, 23.99999999999998934, -5.800000000000000711 ) ) ;
#2852 = CARTESIAN_POINT ( 'NONE',  ( -58.00000000000000000, 19.04575290503395735, 14.47189429497706925 ) ) ;
#2853 = CARTESIAN_POINT ( 'NONE',  ( -54.00000000000000711, 23.39999999999998437, -2.000000000000000000 ) ) ;
#2854 = VECTOR ( 'NONE', #3883, 1000.000000000000114 ) ;
#2855 = DIRECTION ( 'NONE',  ( -1.000000000000000000, -2.891205793294678326E-16, 0.000000000000000000 ) ) ;
#2856 = CIRCLE ( 'NONE', #3866, 1.099999999999998535 ) ;
#2857 = FACE_OUTER_BOUND ( 'NONE', #6487, .T. ) ;
#2858 = ORIENTED_EDGE ( 'NONE', *, *, #3424, .T. ) ;
#2859 = EDGE_LOOP ( 'NONE', ( #2700, #5166, #6843, #1537 ) ) ;
#2860 = EDGE_LOOP ( 'NONE', ( #918, #7410, #2688, #6930 ) ) ;
#2861 = VECTOR ( 'NONE', #6535, 1000.000000000000227 ) ;
#2862 = DIRECTION ( 'NONE',  ( 1.000000000000000000, 0.000000000000000000, 0.000000000000000000 ) ) ;
#2863 = DIRECTION ( 'NONE',  ( 0.2810846377148307762, 0.6785983445458408925, 0.6785983445458488861 ) ) ;
#2864 = VERTEX_POINT ( 'NONE', #1891 ) ;
#2865 = CARTESIAN_POINT ( 'NONE',  ( 56.19279627746049499, -13.11731469277830442, 9.878385155411301355 ) ) ;
#2866 = CARTESIAN_POINT ( 'NONE',  ( -53.60000000000000142, 12.00000000000001421, -2.000000000000000000 ) ) ;
#2867 = EDGE_LOOP ( 'NONE', ( #1640, #5204, #4914, #3359 ) ) ;
#2868 = DIRECTION ( 'NONE',  ( 0.000000000000000000, 0.000000000000000000, 1.000000000000000000 ) ) ;
#2869 = CONICAL_SURFACE ( 'NONE', #2372, 9.400000000000011013, 0.7853981633974482790 ) ;
#2870 = ORIENTED_EDGE ( 'NONE', *, *, #5152, .T. ) ;
#2871 = FACE_OUTER_BOUND ( 'NONE', #7524, .T. ) ;
#2872 = ORIENTED_EDGE ( 'NONE', *, *, #1072, .T. ) ;
#2873 = CARTESIAN_POINT ( 'NONE',  ( 11.34999999999999609, 29.00000000000089884, -5.000000000000000000 ) ) ;
#2874 = EDGE_CURVE ( 'NONE', #2091, #6321, #4941, .T. ) ;
#2875 = CARTESIAN_POINT ( 'NONE',  ( 58.00000000000000000, -23.40000000000001279, 2.000000000000000000 ) ) ;
#2876 = CARTESIAN_POINT ( 'NONE',  ( -64.00000000000000000, -24.00000000000000000, -2.599999999999975664 ) ) ;
#2877 = VECTOR ( 'NONE', #5138, 1000.000000000000000 ) ;
#2878 = ORIENTED_EDGE ( 'NONE', *, *, #6572, .T. ) ;
#2879 = DIRECTION ( 'NONE',  ( -0.000000000000000000, -0.000000000000000000, 1.000000000000000000 ) ) ;
#2880 = EDGE_CURVE ( 'NONE', #7591, #3869, #4826, .T. ) ;
#2881 = ORIENTED_EDGE ( 'NONE', *, *, #7458, .T. ) ;
#2882 = FACE_OUTER_BOUND ( 'NONE', #7644, .T. ) ;
#2883 = EDGE_LOOP ( 'NONE', ( #6749, #5882, #5187, #1248 ) ) ;
#2884 = CARTESIAN_POINT ( 'NONE',  ( -17.39999999999997726, 12.00000000000000178, -2.000000000000000000 ) ) ;
#2885 = DIRECTION ( 'NONE',  ( -1.525031627232357891E-16, -1.000000000000000000, 0.000000000000000000 ) ) ;
#2886 = DIRECTION ( 'NONE',  ( -1.000000000000000000, 0.000000000000000000, 0.000000000000000000 ) ) ;
#2887 = EDGE_CURVE ( 'NONE', #3443, #7756, #4928, .T. ) ;
#2888 = CARTESIAN_POINT ( 'NONE',  ( -22.99999999999998579, -17.60000000000000142, -2.000000000000000000 ) ) ;
#2889 = EDGE_CURVE ( 'NONE', #4421, #320, #2691, .T. ) ;
#2890 = DIRECTION ( 'NONE',  ( 1.000000000000000000, 0.000000000000000000, 0.000000000000000000 ) ) ;
#2891 = CARTESIAN_POINT ( 'NONE',  ( 11.34999999999999964, 8.300000000000901323, -5.000000000000000000 ) ) ;
#2892 = CIRCLE ( 'NONE', #4155, 4.000000000000000000 ) ;
#2893 = DIRECTION ( 'NONE',  ( 0.000000000000000000, 0.7071067811865536790, 0.7071067811865414665 ) ) ;
#2894 = ADVANCED_FACE ( 'NONE', ( #5398, #3112 ), #6647, .F. ) ;
#2895 = PLANE ( 'NONE',  #7667 ) ;
#2896 = DIRECTION ( 'NONE',  ( 1.000000000000000000, 0.000000000000000000, 0.000000000000000000 ) ) ;
#2897 = ORIENTED_EDGE ( 'NONE', *, *, #1540, .T. ) ;
#2898 = VERTEX_POINT ( 'NONE', #2994 ) ;
#2899 = AXIS2_PLACEMENT_3D ( 'NONE', #7829, #1091, #7151 ) ;
#2900 = VECTOR ( 'NONE', #6497, 1000.000000000000000 ) ;
#2901 = EDGE_LOOP ( 'NONE', ( #6653, #997, #396, #75, #6846 ) ) ;
#2902 = DIRECTION ( 'NONE',  ( -0.000000000000000000, -1.000000000000000000, -0.000000000000000000 ) ) ;
#2903 = DIRECTION ( 'NONE',  ( -2.803736533363882870E-16, -0.7071067811865473507, 0.7071067811865476838 ) ) ;
#2904 = EDGE_LOOP ( 'NONE', ( #78, #3704 ) ) ;
#2905 = CARTESIAN_POINT ( 'NONE',  ( 14.86862915010150843, 34.78284271247460424, -2.000000000000000000 ) ) ;
#2906 = LINE ( 'NONE', #7206, #1983 ) ;
#2907 = VERTEX_POINT ( 'NONE', #5526 ) ;
#2908 = DIRECTION ( 'NONE',  ( 0.000000000000000000, 0.000000000000000000, -1.000000000000000000 ) ) ;
#2909 = AXIS2_PLACEMENT_3D ( 'NONE', #4282, #6632, #6670 ) ;
#2910 = ORIENTED_EDGE ( 'NONE', *, *, #7807, .F. ) ;
#2911 = CARTESIAN_POINT ( 'NONE',  ( 22.99999999999998579, -12.00000000000000355, -8.000000000000000000 ) ) ;
#2912 = VECTOR ( 'NONE', #6476, 1000.000000000000000 ) ;
#2913 = EDGE_LOOP ( 'NONE', ( #3291, #6189, #3570, #5158, #548, #7764, #7204, #3492, #479, #215, #6316, #6951, #6015, #6086, #3396, #1082, #3386, #2097, #4820, #5540 ) ) ;
#2914 = CARTESIAN_POINT ( 'NONE',  ( 7.099999999999997868, 8.511903429903327378, -5.800000000000000711 ) ) ;
#2915 = DIRECTION ( 'NONE',  ( 0.000000000000000000, 0.7071067811865434649, 0.7071067811865516806 ) ) ;
#2916 = DIRECTION ( 'NONE',  ( 1.000000000000000000, 0.000000000000000000, 0.000000000000000000 ) ) ;
#2917 = DIRECTION ( 'NONE',  ( 1.000000000000000000, 0.000000000000000000, 0.000000000000000000 ) ) ;
#2918 = AXIS2_PLACEMENT_3D ( 'NONE', #554, #4171, #7810 ) ;
#2919 = EDGE_LOOP ( 'NONE', ( #4160, #605, #1831, #6574 ) ) ;
#2920 = EDGE_CURVE ( 'NONE', #3264, #1134, #7252, .T. ) ;
#2921 = VERTEX_POINT ( 'NONE', #1226 ) ;
#2922 = CARTESIAN_POINT ( 'NONE',  ( 47.99999999999999289, 17.00000000000000000, -2.000000000000000000 ) ) ;
#2923 = ORIENTED_EDGE ( 'NONE', *, *, #1072, .F. ) ;
#2924 = CARTESIAN_POINT ( 'NONE',  ( 58.00000000000000000, -23.99999999999998579, 16.00000000000000000 ) ) ;
#2925 = DIRECTION ( 'NONE',  ( 1.000000000000000000, 0.000000000000000000, 0.000000000000000000 ) ) ;
#2926 = CARTESIAN_POINT ( 'NONE',  ( 47.99999999999998579, -17.00000000000001421, -8.000000000000000000 ) ) ;
#2927 = CARTESIAN_POINT ( 'NONE',  ( -2.924264068712038700, 24.00000000000000000, -68.07573593128805101 ) ) ;
#2928 = DIRECTION ( 'NONE',  ( 0.000000000000000000, 0.000000000000000000, 1.000000000000000000 ) ) ;
#2929 = LINE ( 'NONE', #498, #4208 ) ;
#2930 = EDGE_CURVE ( 'NONE', #1147, #7695, #6052, .T. ) ;
#2931 = EDGE_CURVE ( 'NONE', #3991, #3301, #129, .T. ) ;
#2932 = DIRECTION ( 'NONE',  ( 0.000000000000000000, 0.000000000000000000, 1.000000000000000000 ) ) ;
#2933 = CARTESIAN_POINT ( 'NONE',  ( 58.00000000000000000, -7.224264068712019871, 32.77573593128804674 ) ) ;
#2934 = PRESENTATION_LAYER_ASSIGNMENT (  '', '', ( #6372 ) ) ;
#2935 = AXIS2_PLACEMENT_3D ( 'NONE', #5420, #6204, #4371 ) ;
#2936 = EDGE_CURVE ( 'NONE', #7499, #6185, #5435, .T. ) ;
#2937 = AXIS2_PLACEMENT_3D ( 'NONE', #7464, #6852, #803 ) ;
#2938 = EDGE_CURVE ( 'NONE', #3614, #7447, #7125, .T. ) ;
#2939 = ORIENTED_EDGE ( 'NONE', *, *, #6401, .T. ) ;
#2940 = CARTESIAN_POINT ( 'NONE',  ( -64.00000000000001421, -7.002802323379789584, 14.51763809020503793 ) ) ;
#2941 = CARTESIAN_POINT ( 'NONE',  ( 0.000000000000000000, -8.934653975957926875, 16.00000000000000000 ) ) ;
#2942 = ORIENTED_EDGE ( 'NONE', *, *, #440, .T. ) ;
#2943 = DIRECTION ( 'NONE',  ( -1.000000000000000000, 2.973811673103097665E-16, -0.000000000000000000 ) ) ;
#2944 = PLANE ( 'NONE',  #5886 ) ;
#2945 = ORIENTED_EDGE ( 'NONE', *, *, #357, .F. ) ;
#2946 = AXIS2_PLACEMENT_3D ( 'NONE', #7320, #4994, #5553 ) ;
#2947 = CIRCLE ( 'NONE', #2820, 2.499999999999968026 ) ;
#2948 = VECTOR ( 'NONE', #6511, 1000.000000000000000 ) ;
#2949 = CARTESIAN_POINT ( 'NONE',  ( -58.00000000000000000, -23.40000000000001279, 2.000000000000000000 ) ) ;
#2950 = VECTOR ( 'NONE', #1730, 1000.000000000000000 ) ;
#2951 = EDGE_LOOP ( 'NONE', ( #5597, #2288, #4687, #7817 ) ) ;
#2952 = DIRECTION ( 'NONE',  ( 1.000000000000000000, 0.000000000000000000, 0.000000000000000000 ) ) ;
#2953 = CARTESIAN_POINT ( 'NONE',  ( 58.00000000000000000, 19.04575290503395735, 14.47189429497707103 ) ) ;
#2954 = CARTESIAN_POINT ( 'NONE',  ( 17.99999999999998934, 11.99999999999999645, -2.599999999999975664 ) ) ;
#2955 = PRODUCT ( 'RB9.01.062.011 Main frame (D6.1)', 'RB9.01.062.011 Main frame (D6.1)', '', ( #4510 ) ) ;
#2956 = FACE_OUTER_BOUND ( 'NONE', #1661, .T. ) ;
#2957 = CARTESIAN_POINT ( 'NONE',  ( 26.91421356237302831, 25.00000000000000000, -2.600000000000031175 ) ) ;
#2958 = AXIS2_PLACEMENT_3D ( 'NONE', #5784, #7074, #2775 ) ;
#2959 = ORIENTED_EDGE ( 'NONE', *, *, #2407, .F. ) ;
#2960 = EDGE_LOOP ( 'NONE', ( #5685, #1477, #3473, #6540 ) ) ;
#2961 = FACE_OUTER_BOUND ( 'NONE', #249, .T. ) ;
#2962 = EDGE_LOOP ( 'NONE', ( #957, #1194, #4517, #7003 ) ) ;
#2963 = PLANE ( 'NONE',  #827 ) ;
#2964 = FACE_OUTER_BOUND ( 'NONE', #842, .T. ) ;
#2965 = DIRECTION ( 'NONE',  ( 1.000000000000000000, -6.938893903907222067E-15, 0.000000000000000000 ) ) ;
#2966 = CARTESIAN_POINT ( 'NONE',  ( -2.799999999999950973, -18.00000000000000000, 1.500000000000000000 ) ) ;
#2967 = DIRECTION ( 'NONE',  ( -1.000000000000000000, -0.000000000000000000, -0.000000000000000000 ) ) ;
#2968 = CARTESIAN_POINT ( 'NONE',  ( -22.99999999999998224, 12.00000000000000178, -8.000000000000000000 ) ) ;
#2969 = EDGE_CURVE ( 'NONE', #1142, #1305, #4259, .T. ) ;
#2970 = VECTOR ( 'NONE', #1035, 1000.000000000000000 ) ;
#2971 = FACE_OUTER_BOUND ( 'NONE', #117, .T. ) ;
#2972 = CARTESIAN_POINT ( 'NONE',  ( 54.00000000000000711, -23.40000000000001279, -2.000000000000000000 ) ) ;
#2973 = AXIS2_PLACEMENT_3D ( 'NONE', #1417, #845, #4544 ) ;
#2974 = EDGE_CURVE ( 'NONE', #1738, #4210, #5479, .T. ) ;
#2975 = VERTEX_POINT ( 'NONE', #1641 ) ;
#2976 = AXIS2_PLACEMENT_3D ( 'NONE', #1063, #3451, #5842 ) ;
#2977 = EDGE_CURVE ( 'NONE', #7126, #81, #2245, .T. ) ;
#2978 = CARTESIAN_POINT ( 'NONE',  ( 63.99999999999998579, 23.40000000000001279, 6.000000000000000000 ) ) ;
#2979 = CARTESIAN_POINT ( 'NONE',  ( -58.60000000000000853, -8.934653975957926875, 16.00000000000000000 ) ) ;
#2980 = VERTEX_POINT ( 'NONE', #3345 ) ;
#2981 = DIRECTION ( 'NONE',  ( -1.000000000000000000, 0.000000000000000000, 0.000000000000000000 ) ) ;
#2982 = FACE_OUTER_BOUND ( 'NONE', #5313, .T. ) ;
#2983 = VECTOR ( 'NONE', #4710, 1000.000000000000114 ) ;
#2984 = EDGE_LOOP ( 'NONE', ( #999, #4761, #7106, #5136, #6780, #646, #31, #940, #6460, #1158, #2316, #414 ) ) ;
#2985 = FACE_OUTER_BOUND ( 'NONE', #3777, .T. ) ;
#2986 = EDGE_CURVE ( 'NONE', #2825, #2091, #3932, .T. ) ;
#2987 = ADVANCED_FACE ( 'NONE', ( #4009 ), #4613, .F. ) ;
#2988 = VERTEX_POINT ( 'NONE', #4649 ) ;
#2989 = EDGE_CURVE ( 'NONE', #283, #2447, #1791, .T. ) ;
#2990 = CIRCLE ( 'NONE', #4521, 4.999999999999997335 ) ;
#2991 = CARTESIAN_POINT ( 'NONE',  ( -58.00000000000000000, -12.91397082956199682, 15.60645073490128709 ) ) ;
#2992 = DIRECTION ( 'NONE',  ( 0.000000000000000000, -0.000000000000000000, -1.000000000000000000 ) ) ;
#2993 = CARTESIAN_POINT ( 'NONE',  ( 58.60000000000002984, 24.00000000000000000, 6.000000000000000000 ) ) ;
#2994 = CARTESIAN_POINT ( 'NONE',  ( 26.91421356237302831, 23.39999999999998437, -2.000000000000000000 ) ) ;
#2995 = CIRCLE ( 'NONE', #6940, 4.999999999999997335 ) ;
#2996 = CARTESIAN_POINT ( 'NONE',  ( -58.56638476669610327, 8.512125508622853332, 15.96638476669610540 ) ) ;
#2997 = CARTESIAN_POINT ( 'NONE',  ( -70.50293497956538147, 12.99201543247748170, 13.40798456752249912 ) ) ;
#2998 = PLANE ( 'NONE',  #7615 ) ;
#2999 = ORIENTED_EDGE ( 'NONE', *, *, #3172, .T. ) ;
#3000 = ORIENTED_EDGE ( 'NONE', *, *, #6152, .F. ) ;
#3001 = LINE ( 'NONE', #2338, #6403 ) ;
#3002 = ORIENTED_EDGE ( 'NONE', *, *, #2313, .F. ) ;
#3003 = DIRECTION ( 'NONE',  ( -1.000000000000000000, 0.000000000000000000, 0.000000000000000000 ) ) ;
#3004 = CARTESIAN_POINT ( 'NONE',  ( -48.00000000000000000, -17.60000000000000497, -2.000000000000000000 ) ) ;
#3005 = DIRECTION ( 'NONE',  ( -0.000000000000000000, -0.000000000000000000, 1.000000000000000000 ) ) ;
#3006 = DIRECTION ( 'NONE',  ( -0.7071067811865479058, 0.000000000000000000, -0.7071067811865471286 ) ) ;
#3007 = PLANE ( 'NONE',  #4879 ) ;
#3008 = ADVANCED_FACE ( 'NONE', ( #5681 ), #5322, .T. ) ;
#3009 = DIRECTION ( 'NONE',  ( -0.000000000000000000, -0.000000000000000000, -1.000000000000000000 ) ) ;
#3010 = VERTEX_POINT ( 'NONE', #5078 ) ;
#3011 = AXIS2_PLACEMENT_3D ( 'NONE', #6041, #6561, #590 ) ;
#3012 = CARTESIAN_POINT ( 'NONE',  ( -58.00000000000000000, 8.396137495244502702, 15.39999999999999680 ) ) ;
#3013 = ORIENTED_EDGE ( 'NONE', *, *, #4188, .F. ) ;
#3014 = EDGE_CURVE ( 'NONE', #5517, #6365, #7576, .T. ) ;
#3015 = CARTESIAN_POINT ( 'NONE',  ( -57.75147186257609633, -24.00000000000000000, -7.400000000000002132 ) ) ;
#3016 = CYLINDRICAL_SURFACE ( 'NONE', #1061, 2.000000000000000000 ) ;
#3017 = DIRECTION ( 'NONE',  ( 0.000000000000000000, -0.2588190451025179639, -0.9659258262890690894 ) ) ;
#3018 = VECTOR ( 'NONE', #5980, 1000.000000000000000 ) ;
#3019 = EDGE_LOOP ( 'NONE', ( #94, #5960, #4868, #4874 ) ) ;
#3020 = CARTESIAN_POINT ( 'NONE',  ( 52.99999999999998579, -17.00000000000001421, -7.399999999999982592 ) ) ;
#3021 = CARTESIAN_POINT ( 'NONE',  ( -14.86862915010149955, 34.78284271247460424, -8.000000000000000000 ) ) ;
#3022 = ORIENTED_EDGE ( 'NONE', *, *, #5880, .T. ) ;
#3023 = LINE ( 'NONE', #5427, #1634 ) ;
#3024 = ADVANCED_FACE ( 'NONE', ( #2131 ), #7247, .F. ) ;
#3025 = AXIS2_PLACEMENT_3D ( 'NONE', #1811, #3580, #3431 ) ;
#3026 = ORIENTED_EDGE ( 'NONE', *, *, #3324, .T. ) ;
#3027 = ADVANCED_FACE ( 'NONE', ( #1529 ), #1606, .F. ) ;
#3028 = DIRECTION ( 'NONE',  ( -1.000000000000000000, -0.000000000000000000, -0.000000000000000000 ) ) ;
#3029 = ADVANCED_FACE ( 'NONE', ( #3412 ), #4501, .T. ) ;
#3030 = ORIENTED_EDGE ( 'NONE', *, *, #6718, .T. ) ;
#3031 = CARTESIAN_POINT ( 'NONE',  ( 7.100000000000000533, 35.50000000000000000, -5.799999999999999822 ) ) ;
#3032 = FACE_OUTER_BOUND ( 'NONE', #5108, .T. ) ;
#3033 = VECTOR ( 'NONE', #3517, 1000.000000000000000 ) ;
#3034 = CARTESIAN_POINT ( 'NONE',  ( -61.07573593128805101, -24.00000000000000000, -4.075735931288050118 ) ) ;
#3035 = FACE_OUTER_BOUND ( 'NONE', #836, .T. ) ;
#3036 = DIRECTION ( 'NONE',  ( 1.000000000000000000, 0.000000000000000000, 0.000000000000000000 ) ) ;
#3037 = EDGE_CURVE ( 'NONE', #7674, #3363, #5833, .T. ) ;
#3038 = VERTEX_POINT ( 'NONE', #2822 ) ;
#3039 = VERTEX_POINT ( 'NONE', #4044 ) ;
#3040 = DIRECTION ( 'NONE',  ( 0.000000000000000000, 0.000000000000000000, -1.000000000000000000 ) ) ;
#3041 = EDGE_CURVE ( 'NONE', #1479, #563, #5966, .T. ) ;
#3042 = ORIENTED_EDGE ( 'NONE', *, *, #5211, .T. ) ;
#3043 = CARTESIAN_POINT ( 'NONE',  ( 63.49999999999998579, 8.310154176118121683, 15.90000000000001101 ) ) ;
#3044 = CARTESIAN_POINT ( 'NONE',  ( 62.49999999999998579, 0.000000000000000000, 0.000000000000000000 ) ) ;
#3045 = ORIENTED_EDGE ( 'NONE', *, *, #384, .F. ) ;
#3046 = CARTESIAN_POINT ( 'NONE',  ( 0.000000000000000000, 0.000000000000000000, -7.000000000000000000 ) ) ;
#3047 = AXIS2_PLACEMENT_3D ( 'NONE', #6320, #3247, #5067 ) ;
#3048 = DIRECTION ( 'NONE',  ( 0.000000000000000000, -0.03547722218375332776, 0.9993704852086259249 ) ) ;
#3049 = DIRECTION ( 'NONE',  ( -0.000000000000000000, -0.000000000000000000, 1.000000000000000000 ) ) ;
#3050 = DIRECTION ( 'NONE',  ( 1.000000000000000000, 0.000000000000000000, 0.000000000000000000 ) ) ;
#3051 = VECTOR ( 'NONE', #5437, 1000.000000000000114 ) ;
#3052 = LINE ( 'NONE', #29, #6465 ) ;
#3053 = PLANE ( 'NONE',  #7656 ) ;
#3054 = EDGE_LOOP ( 'NONE', ( #2475, #2243, #54, #2290 ) ) ;
#3055 = LINE ( 'NONE', #792, #2566 ) ;
#3056 = CARTESIAN_POINT ( 'NONE',  ( 63.99999999999998579, 23.39999999999995595, -2.000000000000008882 ) ) ;
#3057 = ORIENTED_EDGE ( 'NONE', *, *, #2609, .T. ) ;
#3058 = ORIENTED_EDGE ( 'NONE', *, *, #4053, .T. ) ;
#3059 = ORIENTED_EDGE ( 'NONE', *, *, #1618, .F. ) ;
#3060 = LINE ( 'NONE', #5469, #1515 ) ;
#3061 = EDGE_CURVE ( 'NONE', #3435, #5081, #2556, .T. ) ;
#3062 = AXIS2_PLACEMENT_3D ( 'NONE', #4031, #6433, #6913 ) ;
#3063 = ORIENTED_EDGE ( 'NONE', *, *, #2705, .F. ) ;
#3064 = CARTESIAN_POINT ( 'NONE',  ( 4.531193156845206793E-15, 18.00000000000000000, -2.000000000000000000 ) ) ;
#3065 = ORIENTED_EDGE ( 'NONE', *, *, #3121, .F. ) ;
#3066 = FACE_BOUND ( 'NONE', #1391, .T. ) ;
#3067 = LINE ( 'NONE', #7424, #949 ) ;
#3068 = CARTESIAN_POINT ( 'NONE',  ( -10.75000000000000000, 1.316495309083404618E-15, -7.000000000000000000 ) ) ;
#3069 = AXIS2_PLACEMENT_3D ( 'NONE', #5578, #2616, #6739 ) ;
#3070 = DIRECTION ( 'NONE',  ( -0.7071067811865474617, 0.000000000000000000, 0.7071067811865474617 ) ) ;
#3071 = CARTESIAN_POINT ( 'NONE',  ( -17.99999999999998224, 17.00000000000000000, 2.000000000000000000 ) ) ;
#3072 = DIRECTION ( 'NONE',  ( 1.000000000000000000, 0.000000000000000000, 0.000000000000000000 ) ) ;
#3073 = CARTESIAN_POINT ( 'NONE',  ( -57.38003522925382782, 24.89672735772877488, -6.503272642271177517 ) ) ;
#3074 = EDGE_CURVE ( 'NONE', #5587, #4307, #4191, .T. ) ;
#3075 = EDGE_CURVE ( 'NONE', #1969, #5772, #7518, .T. ) ;
#3076 = ORIENTED_EDGE ( 'NONE', *, *, #2399, .T. ) ;
#3077 = CARTESIAN_POINT ( 'NONE',  ( -58.50000000000001421, 7.002802323379786031, 14.51763809020503793 ) ) ;
#3078 = VECTOR ( 'NONE', #480, 1000.000000000000114 ) ;
#3079 = ORIENTED_EDGE ( 'NONE', *, *, #4143, .F. ) ;
#3080 = DIRECTION ( 'NONE',  ( -1.000000000000000000, 0.000000000000000000, 0.000000000000000000 ) ) ;
#3081 = VERTEX_POINT ( 'NONE', #5481 ) ;
#3082 = CARTESIAN_POINT ( 'NONE',  ( 0.000000000000000000, 0.000000000000000000, -2.000000000000000000 ) ) ;
#3083 = EDGE_CURVE ( 'NONE', #4013, #6185, #3680, .T. ) ;
#3084 = DIRECTION ( 'NONE',  ( 0.4999999999999935052, -0.4999999999999935052, 0.7071067811865566766 ) ) ;
#3085 = ORIENTED_EDGE ( 'NONE', *, *, #6242, .T. ) ;
#3086 = DIRECTION ( 'NONE',  ( 0.000000000000000000, 0.000000000000000000, -1.000000000000000000 ) ) ;
#3087 = AXIS2_PLACEMENT_3D ( 'NONE', #3131, #1437, #1995 ) ;
#3088 = CARTESIAN_POINT ( 'NONE',  ( 12.00000000000000000, -9.000000000000001776, -8.000000000000000000 ) ) ;
#3089 = EDGE_CURVE ( 'NONE', #1930, #6956, #88, .T. ) ;
#3090 = EDGE_CURVE ( 'NONE', #5820, #6301, #2408, .T. ) ;
#3091 = VECTOR ( 'NONE', #6576, 1000.000000000000000 ) ;
#3092 = CARTESIAN_POINT ( 'NONE',  ( 58.00000000000000000, 3.185854099730715649, 7.999999999999396039 ) ) ;
#3093 = VERTEX_POINT ( 'NONE', #3660 ) ;
#3094 = DIRECTION ( 'NONE',  ( 1.000000000000000000, 0.000000000000000000, 0.000000000000000000 ) ) ;
#3095 = AXIS2_PLACEMENT_3D ( 'NONE', #1847, #1292, #3776 ) ;
#3096 = LINE ( 'NONE', #4909, #7232 ) ;
#3097 = DIRECTION ( 'NONE',  ( 0.000000000000000000, 0.000000000000000000, -1.000000000000000000 ) ) ;
#3098 = ORIENTED_EDGE ( 'NONE', *, *, #2664, .F. ) ;
#3099 = LINE ( 'NONE', #3602, #6373 ) ;
#3100 = ORIENTED_EDGE ( 'NONE', *, *, #3910, .F. ) ;
#3101 = ORIENTED_EDGE ( 'NONE', *, *, #2798, .T. ) ;
#3102 = PLANE ( 'NONE',  #6064 ) ;
#3103 = AXIS2_PLACEMENT_3D ( 'NONE', #754, #321, #1527 ) ;
#3104 = ORIENTED_EDGE ( 'NONE', *, *, #7610, .T. ) ;
#3105 = AXIS2_PLACEMENT_3D ( 'NONE', #6997, #3005, #1382 ) ;
#3106 = CARTESIAN_POINT ( 'NONE',  ( 22.99999999999998934, 17.59999999999998366, -2.000000000000000000 ) ) ;
#3107 = ORIENTED_EDGE ( 'NONE', *, *, #5929, .T. ) ;
#3108 = DIRECTION ( 'NONE',  ( 1.000000000000000000, 0.000000000000000000, 0.000000000000000000 ) ) ;
#3109 = FACE_OUTER_BOUND ( 'NONE', #3135, .T. ) ;
#3110 = EDGE_CURVE ( 'NONE', #767, #164, #4587, .T. ) ;
#3111 = CARTESIAN_POINT ( 'NONE',  ( -58.00000000000000000, 23.39999999999998437, 2.000000000000000000 ) ) ;
#3112 = FACE_OUTER_BOUND ( 'NONE', #6171, .T. ) ;
#3113 = CARTESIAN_POINT ( 'NONE',  ( -63.39999999999999858, -8.722052573321347424, 16.00000000000000000 ) ) ;
#3114 = LINE ( 'NONE', #1895, #2278 ) ;
#3115 = AXIS2_PLACEMENT_3D ( 'NONE', #183, #6823, #7396 ) ;
#3116 = ORIENTED_EDGE ( 'NONE', *, *, #6563, .F. ) ;
#3117 = ORIENTED_EDGE ( 'NONE', *, *, #397, .T. ) ;
#3118 = DIRECTION ( 'NONE',  ( 0.000000000000000000, 0.000000000000000000, 1.000000000000000000 ) ) ;
#3119 = ORIENTED_EDGE ( 'NONE', *, *, #1828, .F. ) ;
#3120 = DIRECTION ( 'NONE',  ( -0.7071067811865378028, 0.000000000000000000, -0.7071067811865573427 ) ) ;
#3121 = EDGE_CURVE ( 'NONE', #3443, #1183, #307, .T. ) ;
#3122 = DIRECTION ( 'NONE',  ( 0.000000000000000000, 0.2588190451025179084, 0.9659258262890690894 ) ) ;
#3123 = VECTOR ( 'NONE', #184, 1000.000000000000000 ) ;
#3124 = ORIENTED_EDGE ( 'NONE', *, *, #580, .F. ) ;
#3125 = DIRECTION ( 'NONE',  ( 0.000000000000000000, 0.000000000000000000, 1.000000000000000000 ) ) ;
#3126 = DIRECTION ( 'NONE',  ( -0.000000000000000000, 0.000000000000000000, 1.000000000000000000 ) ) ;
#3127 = DIRECTION ( 'NONE',  ( -1.000000000000000000, -0.000000000000000000, -0.000000000000000000 ) ) ;
#3128 = ADVANCED_FACE ( 'NONE', ( #1809 ), #4217, .F. ) ;
#3129 = VECTOR ( 'NONE', #3865, 1000.000000000000000 ) ;
#3130 = LINE ( 'NONE', #6663, #5099 ) ;
#3131 = CARTESIAN_POINT ( 'NONE',  ( 4.531193156845206793E-15, 18.00000000000000000, -0.9999999999999892308 ) ) ;
#3132 = ORIENTED_EDGE ( 'NONE', *, *, #5800, .F. ) ;
#3133 = EDGE_CURVE ( 'NONE', #7241, #5738, #678, .T. ) ;
#3134 = ADVANCED_FACE ( 'NONE', ( #4889 ), #1939, .F. ) ;
#3135 = EDGE_LOOP ( 'NONE', ( #2099, #3830, #6990, #3198 ) ) ;
#3136 = CARTESIAN_POINT ( 'NONE',  ( -64.00000000000001421, -5.117705752308856049, 7.482361909794359001 ) ) ;
#3137 = ADVANCED_FACE ( 'NONE', ( #4345 ), #6773, .F. ) ;
#3138 = CARTESIAN_POINT ( 'NONE',  ( 63.99999999999998579, 14.00000000000000000, 15.40000000000001101 ) ) ;
#3139 = CARTESIAN_POINT ( 'NONE',  ( 4.531193156845206793E-15, 18.00000000000000000, -2.000000000000000000 ) ) ;
#3140 = DIRECTION ( 'NONE',  ( -0.000000000000000000, 0.000000000000000000, 1.000000000000000000 ) ) ;
#3141 = ORIENTED_EDGE ( 'NONE', *, *, #2834, .T. ) ;
#3142 = ORIENTED_EDGE ( 'NONE', *, *, #1689, .T. ) ;
#3143 = LINE ( 'NONE', #4954, #4818 ) ;
#3144 = AXIS2_PLACEMENT_3D ( 'NONE', #6253, #6758, #838 ) ;
#3145 = DIRECTION ( 'NONE',  ( 0.000000000000000000, 0.000000000000000000, 1.000000000000000000 ) ) ;
#3146 = ORIENTED_EDGE ( 'NONE', *, *, #1242, .F. ) ;
#3147 = CARTESIAN_POINT ( 'NONE',  ( 58.50000000000000711, -8.934653975957926875, 14.00000000000000000 ) ) ;
#3148 = DIRECTION ( 'NONE',  ( 1.000000000000000000, 0.000000000000000000, 0.000000000000000000 ) ) ;
#3149 = LINE ( 'NONE', #6646, #3894 ) ;
#3150 = ORIENTED_EDGE ( 'NONE', *, *, #7555, .F. ) ;
#3151 = CARTESIAN_POINT ( 'NONE',  ( 26.91421356237302831, 24.00000000000000000, -7.399999999999962164 ) ) ;
#3152 = DIRECTION ( 'NONE',  ( 0.000000000000000000, -0.9659258262890690894, -0.2588190451025180749 ) ) ;
#3153 = VECTOR ( 'NONE', #3164, 1000.000000000000000 ) ;
#3154 = CARTESIAN_POINT ( 'NONE',  ( 9.150000000000002132, 8.300000000000901323, 0.000000000000000000 ) ) ;
#3155 = VERTEX_POINT ( 'NONE', #7506 ) ;
#3156 = VERTEX_POINT ( 'NONE', #4426 ) ;
#3157 = PLANE ( 'NONE',  #5484 ) ;
#3158 = VECTOR ( 'NONE', #2863, 1000.000000000000114 ) ;
#3159 = VERTEX_POINT ( 'NONE', #3864 ) ;
#3160 = FACE_OUTER_BOUND ( 'NONE', #2984, .T. ) ;
#3161 = CARTESIAN_POINT ( 'NONE',  ( 62.99999999999998579, 19.09999999999998366, 16.00000000000000000 ) ) ;
#3162 = CARTESIAN_POINT ( 'NONE',  ( 58.00000000000000711, 18.94999999999998508, 11.77459666924138659 ) ) ;
#3163 = PLANE ( 'NONE',  #1365 ) ;
#3164 = DIRECTION ( 'NONE',  ( -0.000000000000000000, -0.000000000000000000, 1.000000000000000000 ) ) ;
#3165 = CIRCLE ( 'NONE', #2542, 3.049999999999976286 ) ;
#3166 = EDGE_CURVE ( 'NONE', #7057, #1263, #6975, .T. ) ;
#3167 = CARTESIAN_POINT ( 'NONE',  ( 4.531193156845206793E-15, 18.00000000000000000, 1.500000000000000000 ) ) ;
#3168 = CARTESIAN_POINT ( 'NONE',  ( -58.00000000000000000, -23.99999999999999645, 5.499999999999375611 ) ) ;
#3169 = ORIENTED_EDGE ( 'NONE', *, *, #3764, .T. ) ;
#3170 = ORIENTED_EDGE ( 'NONE', *, *, #3209, .F. ) ;
#3171 = LINE ( 'NONE', #2851, #6159 ) ;
#3172 = EDGE_CURVE ( 'NONE', #2091, #4707, #6220, .T. ) ;
#3173 = EDGE_CURVE ( 'NONE', #7394, #926, #6104, .T. ) ;
#3174 = VECTOR ( 'NONE', #4205, 1000.000000000000000 ) ;
#3175 = DIRECTION ( 'NONE',  ( 0.7071067811865460184, -0.7071067811865489050, 0.000000000000000000 ) ) ;
#3176 = CARTESIAN_POINT ( 'NONE',  ( 10.24999999999999645, 29.00000000000089884, 0.000000000000000000 ) ) ;
#3177 = VERTEX_POINT ( 'NONE', #3312 ) ;
#3178 = ORIENTED_EDGE ( 'NONE', *, *, #3916, .F. ) ;
#3179 = EDGE_CURVE ( 'NONE', #1139, #1695, #3782, .T. ) ;
#3180 = LINE ( 'NONE', #6209, #6922 ) ;
#3181 = AXIS2_PLACEMENT_3D ( 'NONE', #719, #7215, #2406 ) ;
#3182 = FACE_OUTER_BOUND ( 'NONE', #1628, .T. ) ;
#3183 = EDGE_CURVE ( 'NONE', #960, #3769, #7467, .T. ) ;
#3184 = EDGE_LOOP ( 'NONE', ( #2285, #7537, #4977, #380, #4287, #5465, #1692, #6328 ) ) ;
#3185 = CARTESIAN_POINT ( 'NONE',  ( -53.60000000000001563, 1.093896215439492334E-14, -8.000000000000000000 ) ) ;
#3186 = ORIENTED_EDGE ( 'NONE', *, *, #1015, .T. ) ;
#3187 = FACE_BOUND ( 'NONE', #4960, .T. ) ;
#3188 = FACE_OUTER_BOUND ( 'NONE', #7250, .T. ) ;
#3189 = CARTESIAN_POINT ( 'NONE',  ( 17.99999999999998579, -12.00000000000000355, -8.000000000000000000 ) ) ;
#3190 = AXIS2_PLACEMENT_3D ( 'NONE', #381, #7675, #1013 ) ;
#3191 = ORIENTED_EDGE ( 'NONE', *, *, #1726, .F. ) ;
#3192 = ORIENTED_EDGE ( 'NONE', *, *, #541, .F. ) ;
#3193 = CARTESIAN_POINT ( 'NONE',  ( 12.34999999999999964, 8.300000000000901323, -2.000000000000000000 ) ) ;
#3194 = AXIS2_PLACEMENT_3D ( 'NONE', #3436, #3367, #1556 ) ;
#3195 = ORIENTED_EDGE ( 'NONE', *, *, #163, .T. ) ;
#3196 = CARTESIAN_POINT ( 'NONE',  ( 13.00000000000000711, 35.50000000000000000, -7.399999999999962164 ) ) ;
#3197 = DIRECTION ( 'NONE',  ( 1.000000000000000000, 0.000000000000000000, -0.000000000000000000 ) ) ;
#3198 = ORIENTED_EDGE ( 'NONE', *, *, #108, .T. ) ;
#3199 = LINE ( 'NONE', #5541, #7192 ) ;
#3200 = DIRECTION ( 'NONE',  ( -1.000000000000000000, 0.000000000000000000, 0.000000000000000000 ) ) ;
#3201 = VECTOR ( 'NONE', #4355, 1000.000000000000000 ) ;
#3202 = DIRECTION ( 'NONE',  ( -0.7071067811865479058, 0.000000000000000000, -0.7071067811865471286 ) ) ;
#3203 = ORIENTED_EDGE ( 'NONE', *, *, #3539, .F. ) ;
#3204 = CARTESIAN_POINT ( 'NONE',  ( 6.978544726215273289E-15, 17.60000000000001208, -8.000000000000000000 ) ) ;
#3205 = ORIENTED_EDGE ( 'NONE', *, *, #1832, .F. ) ;
#3206 = DIRECTION ( 'NONE',  ( -0.000000000000000000, -0.000000000000000000, -1.000000000000000000 ) ) ;
#3207 = CARTESIAN_POINT ( 'NONE',  ( -58.00000000000000000, -16.00000000000001776, 10.99999999999999822 ) ) ;
#3208 = ORIENTED_EDGE ( 'NONE', *, *, #7119, .F. ) ;
#3209 = EDGE_CURVE ( 'NONE', #1695, #3718, #417, .T. ) ;
#3210 = DIRECTION ( 'NONE',  ( -1.000000000000000000, -0.000000000000000000, 0.000000000000000000 ) ) ;
#3211 = DIRECTION ( 'NONE',  ( 0.000000000000000000, -0.000000000000000000, -1.000000000000000000 ) ) ;
#3212 = PLANE ( 'NONE',  #7111 ) ;
#3213 = VERTEX_POINT ( 'NONE', #889 ) ;
#3214 = ORIENTED_EDGE ( 'NONE', *, *, #978, .F. ) ;
#3215 = DIRECTION ( 'NONE',  ( 0.000000000000000000, 0.000000000000000000, 1.000000000000000000 ) ) ;
#3216 = EDGE_CURVE ( 'NONE', #5033, #6352, #3272, .T. ) ;
#3217 = VECTOR ( 'NONE', #6005, 1000.000000000000000 ) ;
#3218 = CARTESIAN_POINT ( 'NONE',  ( -61.61491011926076311, 12.83508396702664456, 17.82864281296776454 ) ) ;
#3219 = ADVANCED_FACE ( 'NONE', ( #4469 ), #5012, .F. ) ;
#3220 = AXIS2_PLACEMENT_3D ( 'NONE', #3487, #2355, #7054 ) ;
#3221 = ORIENTED_EDGE ( 'NONE', *, *, #2363, .F. ) ;
#3222 = CARTESIAN_POINT ( 'NONE',  ( 0.000000000000000000, 20.24542364858361765, 13.80990931123482746 ) ) ;
#3223 = ORIENTED_EDGE ( 'NONE', *, *, #13, .T. ) ;
#3224 = DIRECTION ( 'NONE',  ( -0.7071067811865474617, -0.7071067811865474617, 0.000000000000000000 ) ) ;
#3225 = DIRECTION ( 'NONE',  ( 0.000000000000000000, -0.7071067811865556774, -0.7071067811865393571 ) ) ;
#3226 = EDGE_CURVE ( 'NONE', #2638, #5344, #1424, .T. ) ;
#3227 = VERTEX_POINT ( 'NONE', #852 ) ;
#3228 = EDGE_CURVE ( 'NONE', #6229, #6006, #4067, .T. ) ;
#3229 = LINE ( 'NONE', #2101, #7816 ) ;
#3230 = CIRCLE ( 'NONE', #1844, 9.400000000000007461 ) ;
#3231 = CARTESIAN_POINT ( 'NONE',  ( 10.24999999999999645, 29.00000000000089884, 0.000000000000000000 ) ) ;
#3232 = LINE ( 'NONE', #2567, #7331 ) ;
#3233 = ADVANCED_FACE ( 'NONE', ( #5733 ), #6896, .F. ) ;
#3234 = EDGE_LOOP ( 'NONE', ( #5721, #5755, #3731, #7767 ) ) ;
#3235 = CARTESIAN_POINT ( 'NONE',  ( -64.00000000000001421, 3.185854099730716094, 5.499999999999422684 ) ) ;
#3236 = ORIENTED_EDGE ( 'NONE', *, *, #5845, .T. ) ;
#3237 = CARTESIAN_POINT ( 'NONE',  ( 58.00000000000000000, -3.185854099730718314, 5.499999999999379163 ) ) ;
#3238 = CARTESIAN_POINT ( 'NONE',  ( 15.29289321881344854, 35.20710678118653902, -2.600000000000031175 ) ) ;
#3239 = ORIENTED_EDGE ( 'NONE', *, *, #6289, .T. ) ;
#3240 = VECTOR ( 'NONE', #3270, 1000.000000000000000 ) ;
#3241 = CARTESIAN_POINT ( 'NONE',  ( 11.34999999999999609, 29.00000000000089884, -5.000000000000000000 ) ) ;
#3242 = DIRECTION ( 'NONE',  ( -0.000000000000000000, -0.000000000000000000, -1.000000000000000000 ) ) ;
#3243 = AXIS2_PLACEMENT_3D ( 'NONE', #7828, #6660, #7788 ) ;
#3244 = CARTESIAN_POINT ( 'NONE',  ( 12.34999999999999964, 8.300000000000901323, -5.000000000000000000 ) ) ;
#3245 = ORIENTED_EDGE ( 'NONE', *, *, #4086, .T. ) ;
#3246 = CARTESIAN_POINT ( 'NONE',  ( -64.00000000000000000, -0.02956175256029619502, -13.43870166607225336 ) ) ;
#3247 = DIRECTION ( 'NONE',  ( 0.000000000000000000, -0.000000000000000000, -1.000000000000000000 ) ) ;
#3248 = VECTOR ( 'NONE', #6230, 1000.000000000000227 ) ;
#3249 = ORIENTED_EDGE ( 'NONE', *, *, #4090, .F. ) ;
#3250 = DIRECTION ( 'NONE',  ( -1.000000000000000000, 0.000000000000000000, 0.000000000000000000 ) ) ;
#3251 = CARTESIAN_POINT ( 'NONE',  ( 54.00000000000000711, 24.00000000000000000, -2.600000000000031175 ) ) ;
#3252 = LINE ( 'NONE', #3765, #140 ) ;
#3253 = AXIS2_PLACEMENT_3D ( 'NONE', #4438, #2698, #6947 ) ;
#3254 = VECTOR ( 'NONE', #6001, 1000.000000000000114 ) ;
#3255 = FACE_OUTER_BOUND ( 'NONE', #3802, .T. ) ;
#3256 = VECTOR ( 'NONE', #3700, 1000.000000000000000 ) ;
#3257 = CARTESIAN_POINT ( 'NONE',  ( 22.99999999999998579, -12.00000000000000355, -2.000000000000000000 ) ) ;
#3258 = EDGE_LOOP ( 'NONE', ( #3889, #7344, #741, #5974 ) ) ;
#3259 = ORIENTED_EDGE ( 'NONE', *, *, #6082, .T. ) ;
#3260 = DIRECTION ( 'NONE',  ( 0.7071067811865454633, -1.443099686290229567E-16, 0.7071067811865495711 ) ) ;
#3261 = LINE ( 'NONE', #281, #5551 ) ;
#3262 = AXIS2_PLACEMENT_3D ( 'NONE', #770, #966, #5700 ) ;
#3263 = ADVANCED_FACE ( 'NONE', ( #5132 ), #5652, .T. ) ;
#3264 = VERTEX_POINT ( 'NONE', #1465 ) ;
#3265 = DIRECTION ( 'NONE',  ( 1.000000000000000000, 0.000000000000000000, 0.000000000000000000 ) ) ;
#3266 = ORIENTED_EDGE ( 'NONE', *, *, #5705, .F. ) ;
#3267 = FACE_OUTER_BOUND ( 'NONE', #6737, .T. ) ;
#3268 =( GEOMETRIC_REPRESENTATION_CONTEXT ( 3 ) GLOBAL_UNCERTAINTY_ASSIGNED_CONTEXT ( ( #3494 ) ) GLOBAL_UNIT_ASSIGNED_CONTEXT ( ( #6892, #4424, #5649 ) ) REPRESENTATION_CONTEXT ( 'NONE', 'WORKASPACE' ) );
#3269 = ORIENTED_EDGE ( 'NONE', *, *, #2359, .T. ) ;
#3270 = DIRECTION ( 'NONE',  ( -1.000000000000000000, 0.000000000000000000, 0.000000000000000000 ) ) ;
#3271 = PRODUCT_DEFINITION_CONTEXT ( 'detailed design', #7236, 'design' ) ;
#3272 = LINE ( 'NONE', #2061, #3429 ) ;
#3273 = CARTESIAN_POINT ( 'NONE',  ( 58.60000000000000853, 8.934653975957925098, 16.00000000000000000 ) ) ;
#3274 = EDGE_CURVE ( 'NONE', #688, #706, #2102, .T. ) ;
#3275 = EDGE_CURVE ( 'NONE', #3937, #869, #1057, .T. ) ;
#3276 = ORIENTED_EDGE ( 'NONE', *, *, #4045, .T. ) ;
#3277 = CARTESIAN_POINT ( 'NONE',  ( 17.99999999999998934, 11.99999999999999645, -2.000000000000000000 ) ) ;
#3278 = EDGE_LOOP ( 'NONE', ( #399, #2721, #68, #1083 ) ) ;
#3279 = CARTESIAN_POINT ( 'NONE',  ( -58.00000000000000000, -3.185854099730718314, 5.999999999999394262 ) ) ;
#3280 = ORIENTED_EDGE ( 'NONE', *, *, #2797, .F. ) ;
#3281 = AXIS2_PLACEMENT_3D ( 'NONE', #7170, #5959, #2397 ) ;
#3282 = ADVANCED_FACE ( 'NONE', ( #707 ), #72, .F. ) ;
#3283 = DIRECTION ( 'NONE',  ( 1.000000000000000000, 0.000000000000000000, 0.000000000000000000 ) ) ;
#3284 = LINE ( 'NONE', #5703, #6549 ) ;
#3285 = CYLINDRICAL_SURFACE ( 'NONE', #1396, 3.499999999999998668 ) ;
#3286 = EDGE_CURVE ( 'NONE', #3038, #1308, #6034, .T. ) ;
#3287 = EDGE_LOOP ( 'NONE', ( #958, #4087, #5853, #6342 ) ) ;
#3288 = CONICAL_SURFACE ( 'NONE', #3651, 9.400000000000011013, 0.7853981633974482790 ) ;
#3289 = ORIENTED_EDGE ( 'NONE', *, *, #6492, .T. ) ;
#3290 = CARTESIAN_POINT ( 'NONE',  ( -3.499999999999994227, -18.00000000000000000, -0.5000000000000000000 ) ) ;
#3291 = ORIENTED_EDGE ( 'NONE', *, *, #3228, .T. ) ;
#3292 = LINE ( 'NONE', #2265, #2438 ) ;
#3293 = PLANE ( 'NONE',  #2545 ) ;
#3294 = ORIENTED_EDGE ( 'NONE', *, *, #1252, .F. ) ;
#3295 = VECTOR ( 'NONE', #1447, 1000.000000000000114 ) ;
#3296 = DIRECTION ( 'NONE',  ( 2.891205793294678326E-16, -1.000000000000000000, -1.837433013737340913E-16 ) ) ;
#3297 = DIRECTION ( 'NONE',  ( 0.000000000000000000, 0.000000000000000000, 1.000000000000000000 ) ) ;
#3298 = CONICAL_SURFACE ( 'NONE', #1538, 1.600000000000018074, 0.7853981633974365106 ) ;
#3299 = CARTESIAN_POINT ( 'NONE',  ( 4.499999999999994671, 18.00000000000000000, -2.000000000000000000 ) ) ;
#3300 = ORIENTED_EDGE ( 'NONE', *, *, #3948, .F. ) ;
#3301 = VERTEX_POINT ( 'NONE', #3015 ) ;
#3302 = ORIENTED_EDGE ( 'NONE', *, *, #2664, .T. ) ;
#3303 = CIRCLE ( 'NONE', #6996, 5.000000000000000888 ) ;
#3304 = ORIENTED_EDGE ( 'NONE', *, *, #785, .T. ) ;
#3305 = DIRECTION ( 'NONE',  ( 1.000000000000000000, 0.000000000000000000, 0.000000000000000000 ) ) ;
#3306 = VECTOR ( 'NONE', #4173, 1000.000000000000000 ) ;
#3307 = CARTESIAN_POINT ( 'NONE',  ( 63.99999999999998579, -8.396137495244504478, 15.40000000000001101 ) ) ;
#3308 = CARTESIAN_POINT ( 'NONE',  ( -9.150000000000002132, 29.00000000000089528, -5.000000000000000000 ) ) ;
#3309 = ORIENTED_EDGE ( 'NONE', *, *, #2931, .F. ) ;
#3310 = CARTESIAN_POINT ( 'NONE',  ( 58.60000000000000853, 8.934653975957925098, 16.00000000000000000 ) ) ;
#3311 = EDGE_CURVE ( 'NONE', #4855, #5165, #6797, .T. ) ;
#3312 = CARTESIAN_POINT ( 'NONE',  ( -58.59999999999998010, -24.00000000000000000, 6.000000000000000000 ) ) ;
#3313 = ORIENTED_EDGE ( 'NONE', *, *, #4336, .F. ) ;
#3314 = CARTESIAN_POINT ( 'NONE',  ( 63.39999999999999858, 0.000000000000000000, 16.00000000000000000 ) ) ;
#3315 = LINE ( 'NONE', #5739, #1814 ) ;
#3316 = CARTESIAN_POINT ( 'NONE',  ( -58.60000000000000853, -10.39999999999996838, 16.00000000000000000 ) ) ;
#3317 = EDGE_LOOP ( 'NONE', ( #3380, #4178, #5732, #6056 ) ) ;
#3318 = AXIS2_PLACEMENT_3D ( 'NONE', #6727, #5008, #6129 ) ;
#3319 = ADVANCED_FACE ( 'NONE', ( #4325 ), #6072, .T. ) ;
#3320 = EDGE_CURVE ( 'NONE', #2907, #2417, #32, .T. ) ;
#3321 = DIRECTION ( 'NONE',  ( -1.000000000000000000, 0.000000000000000000, 0.000000000000000000 ) ) ;
#3322 = CARTESIAN_POINT ( 'NONE',  ( -48.00000000000000000, -17.00000000000000000, -2.000000000000000000 ) ) ;
#3323 = ORIENTED_EDGE ( 'NONE', *, *, #2747, .T. ) ;
#3324 = EDGE_CURVE ( 'NONE', #6374, #3093, #3099, .T. ) ;
#3325 = ORIENTED_EDGE ( 'NONE', *, *, #4053, .F. ) ;
#3326 = CARTESIAN_POINT ( 'NONE',  ( 14.58578643762690064, 34.49999999999999289, -7.399999999999962164 ) ) ;
#3327 = ORIENTED_EDGE ( 'NONE', *, *, #5654, .F. ) ;
#3328 = DIRECTION ( 'NONE',  ( 1.000000000000000000, 0.000000000000000000, 0.000000000000000000 ) ) ;
#3329 = CARTESIAN_POINT ( 'NONE',  ( -58.60000000000003695, 20.24542364858361765, 13.80990931123482746 ) ) ;
#3330 = ORIENTED_EDGE ( 'NONE', *, *, #2715, .F. ) ;
#3331 = DIRECTION ( 'NONE',  ( 1.000000000000000000, 0.000000000000000000, 0.000000000000000000 ) ) ;
#3332 = EDGE_CURVE ( 'NONE', #2080, #5344, #156, .T. ) ;
#3333 = AXIS2_PLACEMENT_3D ( 'NONE', #2164, #2240, #2783 ) ;
#3334 = EDGE_CURVE ( 'NONE', #2988, #4801, #6673, .T. ) ;
#3335 = CARTESIAN_POINT ( 'NONE',  ( 57.99999999999998579, -24.00000000000000000, -7.400000000000002132 ) ) ;
#3336 = LINE ( 'NONE', #983, #5744 ) ;
#3337 = EDGE_CURVE ( 'NONE', #2785, #7462, #1283, .T. ) ;
#3338 = AXIS2_PLACEMENT_3D ( 'NONE', #5907, #1672, #2348 ) ;
#3339 = VECTOR ( 'NONE', #2915, 1000.000000000000000 ) ;
#3340 = FACE_OUTER_BOUND ( 'NONE', #7248, .T. ) ;
#3341 = ORIENTED_EDGE ( 'NONE', *, *, #6400, .T. ) ;
#3342 = ORIENTED_EDGE ( 'NONE', *, *, #1304, .T. ) ;
#3343 = CARTESIAN_POINT ( 'NONE',  ( 63.99999999999998579, 5.117705752308854272, 7.482361909794360777 ) ) ;
#3344 = CYLINDRICAL_SURFACE ( 'NONE', #6029, 2.099999999999999645 ) ;
#3345 = CARTESIAN_POINT ( 'NONE',  ( 1.900000000000003242, -18.00000000000000000, 1.500000000000000000 ) ) ;
#3346 = CARTESIAN_POINT ( 'NONE',  ( 8.150000000000000355, 8.300000000000901323, -2.000000000000000000 ) ) ;
#3347 = AXIS2_PLACEMENT_3D ( 'NONE', #4902, #3676, #147 ) ;
#3348 =( BOUNDED_CURVE ( )  B_SPLINE_CURVE ( 3, ( #7585, #2766, #850, #3310 ),
 .UNSPECIFIED., .F., .T. ) 
 B_SPLINE_CURVE_WITH_KNOTS ( ( 4, 4 ),
 ( 5.965624877888097366, 6.283185307179586232 ),
 .UNSPECIFIED. ) 
 CURVE ( )  GEOMETRIC_REPRESENTATION_ITEM ( )  RATIONAL_B_SPLINE_CURVE ( ( 1.000000000000000000, 0.9916139219377182457, 0.9916139219377182457, 1.000000000000000000 ) ) 
 REPRESENTATION_ITEM ( '' )  );
#3349 = ORIENTED_EDGE ( 'NONE', *, *, #4724, .T. ) ;
#3350 = ORIENTED_EDGE ( 'NONE', *, *, #976, .T. ) ;
#3351 = AXIS2_PLACEMENT_3D ( 'NONE', #3314, #5736, #7509 ) ;
#3352 = ORIENTED_EDGE ( 'NONE', *, *, #6351, .T. ) ;
#3353 = FILL_AREA_STYLE ('',( #5771 ) ) ;
#3354 = ORIENTED_EDGE ( 'NONE', *, *, #4088, .F. ) ;
#3355 = DIRECTION ( 'NONE',  ( 1.000000000000000000, 0.000000000000000000, 0.000000000000000000 ) ) ;
#3356 = EDGE_CURVE ( 'NONE', #7674, #4564, #7280, .T. ) ;
#3357 = ORIENTED_EDGE ( 'NONE', *, *, #5533, .T. ) ;
#3358 = DIRECTION ( 'NONE',  ( -1.000000000000000000, -1.982541115402064370E-16, 0.000000000000000000 ) ) ;
#3359 = ORIENTED_EDGE ( 'NONE', *, *, #2834, .F. ) ;
#3360 = LINE ( 'NONE', #6461, #2448 ) ;
#3361 = DIRECTION ( 'NONE',  ( 0.000000000000000000, 0.9993704852086260360, -0.03547722218375333469 ) ) ;
#3362 = DIRECTION ( 'NONE',  ( 1.000000000000000000, 0.000000000000000000, 0.000000000000000000 ) ) ;
#3363 = VERTEX_POINT ( 'NONE', #4949 ) ;
#3364 = ORIENTED_EDGE ( 'NONE', *, *, #1505, .T. ) ;
#3365 = DIRECTION ( 'NONE',  ( -1.000000000000000000, -0.000000000000000000, 0.000000000000000000 ) ) ;
#3366 = ORIENTED_EDGE ( 'NONE', *, *, #1597, .T. ) ;
#3367 = DIRECTION ( 'NONE',  ( 0.000000000000000000, 0.000000000000000000, -1.000000000000000000 ) ) ;
#3368 = CONICAL_SURFACE ( 'NONE', #991, 1.499999999999999556, 0.7853981633974479459 ) ;
#3369 = CARTESIAN_POINT ( 'NONE',  ( -22.99999999999998224, 12.00000000000000178, -2.000000000000000000 ) ) ;
#3370 = ORIENTED_EDGE ( 'NONE', *, *, #7619, .T. ) ;
#3371 = FACE_OUTER_BOUND ( 'NONE', #4931, .T. ) ;
#3372 = ADVANCED_FACE ( 'NONE', ( #4996 ), #7452, .F. ) ;
#3373 = CARTESIAN_POINT ( 'NONE',  ( 58.50000000000000711, -8.310154176118084379, 15.89999999999999680 ) ) ;
#3374 = FACE_OUTER_BOUND ( 'NONE', #4264, .T. ) ;
#3375 = EDGE_CURVE ( 'NONE', #320, #5081, #116, .T. ) ;
#3376 = EDGE_CURVE ( 'NONE', #6640, #6841, #1876, .T. ) ;
#3377 = DIRECTION ( 'NONE',  ( -0.000000000000000000, -0.000000000000000000, 1.000000000000000000 ) ) ;
#3378 = VERTEX_POINT ( 'NONE', #2431 ) ;
#3379 = VERTEX_POINT ( 'NONE', #1963 ) ;
#3380 = ORIENTED_EDGE ( 'NONE', *, *, #534, .F. ) ;
#3381 = EDGE_CURVE ( 'NONE', #1573, #3937, #3055, .T. ) ;
#3382 = VECTOR ( 'NONE', #1781, 1000.000000000000114 ) ;
#3383 = EDGE_CURVE ( 'NONE', #7447, #114, #1835, .T. ) ;
#3384 = ORIENTED_EDGE ( 'NONE', *, *, #3381, .F. ) ;
#3385 = FACE_OUTER_BOUND ( 'NONE', #728, .T. ) ;
#3386 = ORIENTED_EDGE ( 'NONE', *, *, #1925, .T. ) ;
#3387 = ORIENTED_EDGE ( 'NONE', *, *, #4236, .T. ) ;
#3388 = DIRECTION ( 'NONE',  ( 1.000000000000000000, 0.000000000000000000, 0.000000000000000000 ) ) ;
#3389 = VERTEX_POINT ( 'NONE', #4286 ) ;
#3390 = DIRECTION ( 'NONE',  ( -0.7071067811865515695, -0.7071067811865435759, 0.000000000000000000 ) ) ;
#3391 = ORIENTED_EDGE ( 'NONE', *, *, #1540, .F. ) ;
#3392 = LINE ( 'NONE', #3428, #1575 ) ;
#3393 = CARTESIAN_POINT ( 'NONE',  ( -25.78284271247453674, 23.86862915010150843, -2.000000000000000000 ) ) ;
#3394 = DIRECTION ( 'NONE',  ( -0.000000000000000000, -0.000000000000000000, 1.000000000000000000 ) ) ;
#3395 = DIRECTION ( 'NONE',  ( -1.000000000000000000, 2.973811673103097665E-16, -0.000000000000000000 ) ) ;
#3396 = ORIENTED_EDGE ( 'NONE', *, *, #7700, .T. ) ;
#3397 = ORIENTED_EDGE ( 'NONE', *, *, #5892, .F. ) ;
#3398 = LINE ( 'NONE', #2196, #6631 ) ;
#3399 = CIRCLE ( 'NONE', #5174, 4.600000000000028066 ) ;
#3400 = ORIENTED_EDGE ( 'NONE', *, *, #442, .T. ) ;
#3401 = LINE ( 'NONE', #5823, #2443 ) ;
#3402 = CARTESIAN_POINT ( 'NONE',  ( 10.25000000000000000, 8.300000000000901323, -5.000000000000000000 ) ) ;
#3403 = DIRECTION ( 'NONE',  ( 1.000000000000000000, -0.000000000000000000, 0.000000000000000000 ) ) ;
#3404 = CARTESIAN_POINT ( 'NONE',  ( 47.99999999999999289, 12.00000000000000000, -2.599999999999975664 ) ) ;
#3405 = EDGE_CURVE ( 'NONE', #3770, #4317, #5557, .T. ) ;
#3406 = AXIS2_PLACEMENT_3D ( 'NONE', #1475, #4520, #376 ) ;
#3407 = CARTESIAN_POINT ( 'NONE',  ( -12.99999999999999645, 35.50000000000000000, -8.000000000000000000 ) ) ;
#3408 = CARTESIAN_POINT ( 'NONE',  ( -64.00000000000001421, 23.40000000000000924, -1.999999999999967137 ) ) ;
#3409 = VECTOR ( 'NONE', #4689, 1000.000000000000000 ) ;
#3410 = ORIENTED_EDGE ( 'NONE', *, *, #6772, .T. ) ;
#3411 = VERTEX_POINT ( 'NONE', #2007 ) ;
#3412 = FACE_OUTER_BOUND ( 'NONE', #2960, .T. ) ;
#3413 = EDGE_CURVE ( 'NONE', #7187, #1912, #4411, .T. ) ;
#3414 = EDGE_CURVE ( 'NONE', #4116, #7057, #4486, .T. ) ;
#3415 = VECTOR ( 'NONE', #948, 999.9999999999998863 ) ;
#3416 = EDGE_LOOP ( 'NONE', ( #178, #2118, #920, #4391 ) ) ;
#3417 = ORIENTED_EDGE ( 'NONE', *, *, #5699, .F. ) ;
#3418 = ADVANCED_FACE ( 'NONE', ( #73 ), #3016, .F. ) ;
#3419 = DIRECTION ( 'NONE',  ( -1.078360205139949271E-16, -0.7071067811865434649, -0.7071067811865516806 ) ) ;
#3420 = ORIENTED_EDGE ( 'NONE', *, *, #1403, .T. ) ;
#3421 = ORIENTED_EDGE ( 'NONE', *, *, #574, .T. ) ;
#3422 = AXIS2_PLACEMENT_3D ( 'NONE', #1295, #4302, #3108 ) ;
#3423 = CARTESIAN_POINT ( 'NONE',  ( -58.00000000000000000, -8.396137495244506255, 15.39999999999999680 ) ) ;
#3424 = EDGE_CURVE ( 'NONE', #5117, #1375, #6073, .T. ) ;
#3425 = CIRCLE ( 'NONE', #4452, 1.600000000000032063 ) ;
#3426 = ORIENTED_EDGE ( 'NONE', *, *, #2229, .F. ) ;
#3427 = FACE_OUTER_BOUND ( 'NONE', #878, .T. ) ;
#3428 = CARTESIAN_POINT ( 'NONE',  ( 63.39999999999999858, 24.00000000000000000, -7.000000000000000000 ) ) ;
#3429 = VECTOR ( 'NONE', #250, 1000.000000000000000 ) ;
#3430 = CARTESIAN_POINT ( 'NONE',  ( 22.99999999999998934, 16.99999999999999645, -2.599999999999975664 ) ) ;
#3431 = DIRECTION ( 'NONE',  ( 1.000000000000000000, 3.552713678800500929E-15, 0.000000000000000000 ) ) ;
#3432 = EDGE_LOOP ( 'NONE', ( #2492, #7143, #2999, #4698 ) ) ;
#3433 = ORIENTED_EDGE ( 'NONE', *, *, #6099, .F. ) ;
#3434 = DIRECTION ( 'NONE',  ( 0.000000000000000000, 0.000000000000000000, 1.000000000000000000 ) ) ;
#3435 = VERTEX_POINT ( 'NONE', #4202 ) ;
#3436 = CARTESIAN_POINT ( 'NONE',  ( 4.531193156845206793E-15, -18.00000000000000000, 1.299999999999966960 ) ) ;
#3437 = PLANE ( 'NONE',  #5025 ) ;
#3438 = CARTESIAN_POINT ( 'NONE',  ( -7.410638297872338853, 7.787486116720065965, -5.800000000000000711 ) ) ;
#3439 = CARTESIAN_POINT ( 'NONE',  ( -26.91421356237302831, 25.00000000000000000, -8.000000000000000000 ) ) ;
#3440 = PLANE ( 'NONE',  #2087 ) ;
#3441 = LINE ( 'NONE', #5866, #6350 ) ;
#3442 = VECTOR ( 'NONE', #5458, 1000.000000000000227 ) ;
#3443 = VERTEX_POINT ( 'NONE', #5031 ) ;
#3444 = CARTESIAN_POINT ( 'NONE',  ( 22.99999999999998934, 16.99999999999999645, -2.599999999999975664 ) ) ;
#3445 = DIRECTION ( 'NONE',  ( -0.000000000000000000, -0.000000000000000000, 1.000000000000000000 ) ) ;
#3446 = VECTOR ( 'NONE', #5261, 1000.000000000000114 ) ;
#3447 = AXIS2_PLACEMENT_3D ( 'NONE', #5096, #7549, #5213 ) ;
#3448 = VERTEX_POINT ( 'NONE', #5381 ) ;
#3449 = ORIENTED_EDGE ( 'NONE', *, *, #884, .F. ) ;
#3450 = ADVANCED_FACE ( 'NONE', ( #822 ), #3952, .F. ) ;
#3451 = DIRECTION ( 'NONE',  ( -0.000000000000000000, -0.000000000000000000, -1.000000000000000000 ) ) ;
#3452 = FACE_OUTER_BOUND ( 'NONE', #7047, .T. ) ;
#3453 = ORIENTED_EDGE ( 'NONE', *, *, #352, .T. ) ;
#3454 = DIRECTION ( 'NONE',  ( -1.000000000000000000, -2.891205793294678326E-16, 0.000000000000000000 ) ) ;
#3455 = VERTEX_POINT ( 'NONE', #583 ) ;
#3456 = AXIS2_PLACEMENT_3D ( 'NONE', #3593, #6025, #7443 ) ;
#3457 = CARTESIAN_POINT ( 'NONE',  ( 4.531193156845206793E-15, -18.00000000000000000, 1.500000000000000000 ) ) ;
#3458 = EDGE_CURVE ( 'NONE', #6502, #2611, #319, .T. ) ;
#3459 = CIRCLE ( 'NONE', #4491, 2.799999999999955413 ) ;
#3460 = ORIENTED_EDGE ( 'NONE', *, *, #5841, .T. ) ;
#3461 = ADVANCED_FACE ( 'NONE', ( #5463 ), #2668, .F. ) ;
#3462 = CARTESIAN_POINT ( 'NONE',  ( 58.33317167285149196, 8.336868088146800915, 15.73317167285149054 ) ) ;
#3463 = EDGE_CURVE ( 'NONE', #5708, #5614, #2206, .T. ) ;
#3464 = ORIENTED_EDGE ( 'NONE', *, *, #7408, .F. ) ;
#3465 = DIRECTION ( 'NONE',  ( -1.334402673828313586E-16, -1.000000000000000000, 0.000000000000000000 ) ) ;
#3466 = AXIS2_PLACEMENT_3D ( 'NONE', #5277, #3574, #4697 ) ;
#3467 = LINE ( 'NONE', #4661, #2861 ) ;
#3468 = CARTESIAN_POINT ( 'NONE',  ( 54.00000000000000711, -24.00000000000000000, -2.599999999999975664 ) ) ;
#3469 = EDGE_CURVE ( 'NONE', #1290, #7532, #5670, .T. ) ;
#3470 = EDGE_LOOP ( 'NONE', ( #5199, #2246, #6765, #6500 ) ) ;
#3471 = ORIENTED_EDGE ( 'NONE', *, *, #5115, .T. ) ;
#3472 = FACE_OUTER_BOUND ( 'NONE', #7400, .T. ) ;
#3473 = ORIENTED_EDGE ( 'NONE', *, *, #3405, .T. ) ;
#3474 = DIRECTION ( 'NONE',  ( 1.000000000000000000, 0.000000000000000000, 0.000000000000000000 ) ) ;
#3475 = CARTESIAN_POINT ( 'NONE',  ( 63.99999999999998579, -8.934653975957926875, 14.00000000000000000 ) ) ;
#3476 = DIRECTION ( 'NONE',  ( -1.000000000000000000, 0.000000000000000000, 0.000000000000000000 ) ) ;
#3477 = DIRECTION ( 'NONE',  ( -1.000000000000000000, 0.000000000000000000, 0.000000000000000000 ) ) ;
#3478 = B_SPLINE_CURVE_WITH_KNOTS ( 'NONE', 3,
 ( #3884, #2004, #829, #6404, #4993, #354, #946, #6876, #7526, #2674 ),
 .UNSPECIFIED., .F., .F.,
 ( 4, 2, 2, 2, 4 ),
 ( 3.432794454855694580E-07, 0.0004317453092497382651, 0.0008631473390539910273, 0.001294549368858243519, 0.001725951398662496335 ),
 .UNSPECIFIED. ) ;
#3479 = AXIS2_PLACEMENT_3D ( 'NONE', #2640, #3260, #1454 ) ;
#3480 = CARTESIAN_POINT ( 'NONE',  ( -58.50000000000001421, -7.002802323379788696, 14.51763809020503793 ) ) ;
#3481 = VECTOR ( 'NONE', #402, 1000.000000000000000 ) ;
#3482 = DIRECTION ( 'NONE',  ( 0.000000000000000000, 0.000000000000000000, 1.000000000000000000 ) ) ;
#3483 = ORIENTED_EDGE ( 'NONE', *, *, #6043, .T. ) ;
#3484 = AXIS2_PLACEMENT_3D ( 'NONE', #101, #694, #6620 ) ;
#3485 = VERTEX_POINT ( 'NONE', #268 ) ;
#3486 = EDGE_LOOP ( 'NONE', ( #5102, #1758, #4363, #5423, #1932 ) ) ;
#3487 = CARTESIAN_POINT ( 'NONE',  ( 63.99999999999998579, -8.934653975957926875, 14.00000000000000000 ) ) ;
#3488 = DIRECTION ( 'NONE',  ( -1.000000000000000000, -0.000000000000000000, -0.000000000000000000 ) ) ;
#3489 = VERTEX_POINT ( 'NONE', #227 ) ;
#3490 = DIRECTION ( 'NONE',  ( -0.7071067811865481278, 1.299261343989707504E-16, -0.7071067811865470176 ) ) ;
#3491 = CARTESIAN_POINT ( 'NONE',  ( -12.99999999999999645, 35.50000000000000000, -7.000000000000000000 ) ) ;
#3492 = ORIENTED_EDGE ( 'NONE', *, *, #6959, .T. ) ;
#3493 = DIRECTION ( 'NONE',  ( 1.000000000000000000, 0.000000000000000000, 0.000000000000000000 ) ) ;
#3494 = UNCERTAINTY_MEASURE_WITH_UNIT (LENGTH_MEASURE( 1.000000000000000082E-05 ), #6892, 'distance_accuracy_value', 'NONE');
#3495 = EDGE_CURVE ( 'NONE', #2508, #5795, #7018, .T. ) ;
#3496 = ORIENTED_EDGE ( 'NONE', *, *, #4733, .F. ) ;
#3497 = LINE ( 'NONE', #4133, #6518 ) ;
#3498 = VERTEX_POINT ( 'NONE', #2626 ) ;
#3499 = CARTESIAN_POINT ( 'NONE',  ( -58.50000000000001421, -8.310154176118127012, 15.90000000000001457 ) ) ;
#3500 = DIRECTION ( 'NONE',  ( 0.000000000000000000, 0.2588190451025181305, -0.9659258262890690894 ) ) ;
#3501 = CIRCLE ( 'NONE', #5275, 3.499999999999998668 ) ;
#3502 = DIRECTION ( 'NONE',  ( 0.000000000000000000, -1.000000000000000000, 0.000000000000000000 ) ) ;
#3503 = PLANE ( 'NONE',  #5559 ) ;
#3504 = ADVANCED_FACE ( 'NONE', ( #6635 ), #6277, .T. ) ;
#3505 = EDGE_CURVE ( 'NONE', #7211, #2179, #1794, .T. ) ;
#3506 = ORIENTED_EDGE ( 'NONE', *, *, #5970, .T. ) ;
#3507 = ORIENTED_EDGE ( 'NONE', *, *, #539, .T. ) ;
#3508 = CARTESIAN_POINT ( 'NONE',  ( -52.99999999999999289, 17.00000000000001421, 2.000000000000000000 ) ) ;
#3509 = EDGE_LOOP ( 'NONE', ( #3670, #1590, #2858, #504, #969, #1900 ) ) ;
#3510 = CARTESIAN_POINT ( 'NONE',  ( -64.00000000000001421, 3.185854099730716094, 5.999999999999394262 ) ) ;
#3511 = ADVANCED_FACE ( 'NONE', ( #1213 ), #3603, .F. ) ;
#3512 = DIRECTION ( 'NONE',  ( 1.000000000000000000, 0.000000000000000000, 0.000000000000000000 ) ) ;
#3513 = DIRECTION ( 'NONE',  ( -0.7071067811865372477, 1.443099686290212804E-16, 0.7071067811865578978 ) ) ;
#3514 = CARTESIAN_POINT ( 'NONE',  ( 53.60000000000000142, -12.00000000000001421, -8.000000000000000000 ) ) ;
#3515 = CARTESIAN_POINT ( 'NONE',  ( -62.49999999999998579, -16.00000000000001776, 10.99999999999999822 ) ) ;
#3516 = EDGE_CURVE ( 'NONE', #1183, #1798, #2432, .T. ) ;
#3517 = DIRECTION ( 'NONE',  ( 0.000000000000000000, -1.000000000000000000, -0.000000000000000000 ) ) ;
#3518 = VECTOR ( 'NONE', #1915, 1000.000000000000000 ) ;
#3519 = CARTESIAN_POINT ( 'NONE',  ( -17.99999999999998224, 17.00000000000000000, -7.399999999999982592 ) ) ;
#3520 = DIRECTION ( 'NONE',  ( 0.000000000000000000, 0.000000000000000000, -1.000000000000000000 ) ) ;
#3521 = ORIENTED_EDGE ( 'NONE', *, *, #3703, .T. ) ;
#3522 = VECTOR ( 'NONE', #968, 1000.000000000000114 ) ;
#3523 = ORIENTED_EDGE ( 'NONE', *, *, #4867, .T. ) ;
#3524 = AXIS2_PLACEMENT_3D ( 'NONE', #6838, #2045, #3296 ) ;
#3525 = ORIENTED_EDGE ( 'NONE', *, *, #1206, .F. ) ;
#3526 = CARTESIAN_POINT ( 'NONE',  ( 58.50000000000000711, 5.117705752308854272, 7.482361909794360777 ) ) ;
#3527 = VERTEX_POINT ( 'NONE', #1997 ) ;
#3528 = CARTESIAN_POINT ( 'NONE',  ( -58.00000000000000000, -23.99999999999999645, 5.499999999999375611 ) ) ;
#3529 = LINE ( 'NONE', #511, #3862 ) ;
#3530 = EDGE_LOOP ( 'NONE', ( #1882, #1660, #4224, #2488, #640 ) ) ;
#3531 = DIRECTION ( 'NONE',  ( -0.000000000000000000, -0.000000000000000000, 1.000000000000000000 ) ) ;
#3532 = AXIS2_PLACEMENT_3D ( 'NONE', #7720, #4715, #4759 ) ;
#3533 = VERTEX_POINT ( 'NONE', #4405 ) ;
#3534 = DIRECTION ( 'NONE',  ( 0.000000000000000000, 0.000000000000000000, -1.000000000000000000 ) ) ;
#3535 = VECTOR ( 'NONE', #2462, 1000.000000000000000 ) ;
#3536 = ORIENTED_EDGE ( 'NONE', *, *, #1830, .T. ) ;
#3537 = FACE_OUTER_BOUND ( 'NONE', #1064, .T. ) ;
#3538 = CARTESIAN_POINT ( 'NONE',  ( -62.99999999999998579, 10.39999999999996838, 16.00000000000000000 ) ) ;
#3539 = EDGE_CURVE ( 'NONE', #7462, #5917, #1837, .T. ) ;
#3540 = LINE ( 'NONE', #5967, #4401 ) ;
#3541 = CARTESIAN_POINT ( 'NONE',  ( -2.799999999999950973, 18.00000000000000000, 1.500000000000000000 ) ) ;
#3542 = AXIS2_PLACEMENT_3D ( 'NONE', #1803, #5963, #1185 ) ;
#3543 = ORIENTED_EDGE ( 'NONE', *, *, #1048, .F. ) ;
#3544 = ORIENTED_EDGE ( 'NONE', *, *, #7038, .T. ) ;
#3545 = DIRECTION ( 'NONE',  ( 0.000000000000000000, -0.2588190451025179084, -0.9659258262890690894 ) ) ;
#3546 = ORIENTED_EDGE ( 'NONE', *, *, #5343, .F. ) ;
#3547 = CARTESIAN_POINT ( 'NONE',  ( -64.00000000000000000, 15.99999999999998224, 10.99999999999999822 ) ) ;
#3548 = ADVANCED_FACE ( 'NONE', ( #1400 ), #6238, .F. ) ;
#3549 = CARTESIAN_POINT ( 'NONE',  ( -58.00000000000000000, 18.94999999999998508, 11.77459666924138659 ) ) ;
#3550 = EDGE_CURVE ( 'NONE', #4837, #5387, #7076, .T. ) ;
#3551 = CIRCLE ( 'NONE', #3806, 1.500000000000032641 ) ;
#3552 = CARTESIAN_POINT ( 'NONE',  ( -62.49999999999998579, 0.000000000000000000, 0.000000000000000000 ) ) ;
#3553 = CARTESIAN_POINT ( 'NONE',  ( -64.00000000000000000, -3.185854099730718758, 7.999999999999395150 ) ) ;
#3554 = DIRECTION ( 'NONE',  ( 0.000000000000000000, 0.000000000000000000, 1.000000000000000000 ) ) ;
#3555 = DIRECTION ( 'NONE',  ( 1.000000000000000000, 0.000000000000000000, 0.000000000000000000 ) ) ;
#3556 = EDGE_CURVE ( 'NONE', #2907, #2511, #6356, .T. ) ;
#3557 = AXIS2_PLACEMENT_3D ( 'NONE', #280, #3970, #2093 ) ;
#3558 = CARTESIAN_POINT ( 'NONE',  ( -22.99999999999997868, 17.60000000000000853, -2.000000000000000000 ) ) ;
#3559 = ADVANCED_FACE ( 'NONE', ( #7561 ), #5188, .F. ) ;
#3560 = DIRECTION ( 'NONE',  ( 0.000000000000000000, 0.03547722218375332776, -0.9993704852086259249 ) ) ;
#3561 = ADVANCED_FACE ( 'NONE', ( #4567 ), #6395, .T. ) ;
#3562 = EDGE_CURVE ( 'NONE', #3769, #5517, #5105, .T. ) ;
#3563 = ORIENTED_EDGE ( 'NONE', *, *, #4538, .F. ) ;
#3564 = VECTOR ( 'NONE', #1368, 1000.000000000000000 ) ;
#3565 = AXIS2_PLACEMENT_3D ( 'NONE', #6871, #660, #2078 ) ;
#3566 = DIRECTION ( 'NONE',  ( 0.000000000000000000, 0.000000000000000000, -1.000000000000000000 ) ) ;
#3567 = DIRECTION ( 'NONE',  ( 0.000000000000000000, -0.7071067811865392461, 0.7071067811865556774 ) ) ;
#3568 = ORIENTED_EDGE ( 'NONE', *, *, #2652, .T. ) ;
#3569 = CARTESIAN_POINT ( 'NONE',  ( -2.924264068711997400, -24.00000000000000000, -68.07573593128807943 ) ) ;
#3570 = ORIENTED_EDGE ( 'NONE', *, *, #4589, .F. ) ;
#3571 = LINE ( 'NONE', #4129, #3254 ) ;
#3572 = B_SPLINE_CURVE_WITH_KNOTS ( 'NONE', 3,
 ( #6111, #705, #5417, #3012 ),
 .UNSPECIFIED., .F., .F.,
 ( 4, 4 ),
 ( 0.000000000000000000, 0.0007123153312740240946 ),
 .UNSPECIFIED. ) ;
#3573 = ORIENTED_EDGE ( 'NONE', *, *, #2083, .F. ) ;
#3574 = DIRECTION ( 'NONE',  ( 0.000000000000000000, 0.000000000000000000, 1.000000000000000000 ) ) ;
#3575 = CIRCLE ( 'NONE', #5745, 10.75000000000000000 ) ;
#3576 = CARTESIAN_POINT ( 'NONE',  ( -4.499999999999985789, -18.00000000000000000, -2.000000000000000000 ) ) ;
#3577 = DIRECTION ( 'NONE',  ( 1.000000000000000000, 0.000000000000000000, 0.000000000000000000 ) ) ;
#3578 = DIRECTION ( 'NONE',  ( 1.000000000000000000, 0.000000000000000000, 0.000000000000000000 ) ) ;
#3579 = CARTESIAN_POINT ( 'NONE',  ( -22.99999999999998579, -11.99999999999999467, 2.000000000000000000 ) ) ;
#3580 = DIRECTION ( 'NONE',  ( 0.000000000000000000, -0.000000000000000000, -1.000000000000000000 ) ) ;
#3581 = CIRCLE ( 'NONE', #2589, 3.499999999999998668 ) ;
#3582 = EDGE_CURVE ( 'NONE', #7695, #1800, #5982, .T. ) ;
#3583 = DIRECTION ( 'NONE',  ( 1.000000000000000000, 0.000000000000000000, 0.000000000000000000 ) ) ;
#3584 = CARTESIAN_POINT ( 'NONE',  ( 0.000000000000000000, 35.50000000000000000, -7.399999999999962164 ) ) ;
#3585 = CARTESIAN_POINT ( 'NONE',  ( 2.799999999999959854, 18.00000000000000000, 1.500000000000000000 ) ) ;
#3586 = AXIS2_PLACEMENT_3D ( 'NONE', #4774, #4737, #4019 ) ;
#3587 = CARTESIAN_POINT ( 'NONE',  ( -2.999999999999995559, 18.00000000000000000, 1.500000000000000000 ) ) ;
#3588 = DIRECTION ( 'NONE',  ( -0.000000000000000000, -0.000000000000000000, -1.000000000000000000 ) ) ;
#3589 = FACE_OUTER_BOUND ( 'NONE', #771, .T. ) ;
#3590 = EDGE_CURVE ( 'NONE', #7499, #7160, #2572, .T. ) ;
#3591 = VECTOR ( 'NONE', #2439, 1000.000000000000000 ) ;
#3592 = DIRECTION ( 'NONE',  ( -1.000000000000000000, 0.000000000000000000, 0.000000000000000000 ) ) ;
#3593 = CARTESIAN_POINT ( 'NONE',  ( 0.000000000000000000, -10.39999999999996838, 16.00000000000000000 ) ) ;
#3594 = LINE ( 'NONE', #3638, #4806 ) ;
#3595 = ORIENTED_EDGE ( 'NONE', *, *, #300, .F. ) ;
#3596 = CONICAL_SURFACE ( 'NONE', #4997, 1.499999999999985789, 0.7853981633974482790 ) ;
#3597 = EDGE_CURVE ( 'NONE', #2864, #2638, #5148, .T. ) ;
#3598 = EDGE_CURVE ( 'NONE', #5795, #2508, #4835, .T. ) ;
#3599 = CARTESIAN_POINT ( 'NONE',  ( -11.99999999999999467, -9.999999999999998224, -7.000000000000000000 ) ) ;
#3600 = ORIENTED_EDGE ( 'NONE', *, *, #5350, .F. ) ;
#3601 = VECTOR ( 'NONE', #6845, 1000.000000000000000 ) ;
#3602 = CARTESIAN_POINT ( 'NONE',  ( 63.40000000000001279, -24.00000000000000000, -7.000000000000000000 ) ) ;
#3603 = CYLINDRICAL_SURFACE ( 'NONE', #5850, 1.899999999999999023 ) ;
#3604 = DIRECTION ( 'NONE',  ( 0.000000000000000000, -0.000000000000000000, -1.000000000000000000 ) ) ;
#3605 = ORIENTED_EDGE ( 'NONE', *, *, #3179, .T. ) ;
#3606 = CARTESIAN_POINT ( 'NONE',  ( -64.00000000000000000, -23.40000000000000924, 6.000000000000000000 ) ) ;
#3607 = EDGE_CURVE ( 'NONE', #5223, #2508, #3292, .T. ) ;
#3608 = LINE ( 'NONE', #6639, #985 ) ;
#3609 = AXIS2_PLACEMENT_3D ( 'NONE', #5151, #6360, #3331 ) ;
#3610 = ORIENTED_EDGE ( 'NONE', *, *, #1015, .F. ) ;
#3611 = CARTESIAN_POINT ( 'NONE',  ( 58.19992525231642588, -19.94941092100062718, 13.53419272815826169 ) ) ;
#3612 = ADVANCED_FACE ( 'NONE', ( #2235 ), #5786, .T. ) ;
#3613 = CONICAL_SURFACE ( 'NONE', #3243, 2.500000000000000444, 0.7853981633974482790 ) ;
#3614 = VERTEX_POINT ( 'NONE', #1045 ) ;
#3615 = AXIS2_PLACEMENT_3D ( 'NONE', #5911, #2587, #5504 ) ;
#3616 = CARTESIAN_POINT ( 'NONE',  ( -64.00000000000000000, -24.00000000000000000, 6.000000000000000000 ) ) ;
#3617 = EDGE_LOOP ( 'NONE', ( #903, #2354, #2564, #2527 ) ) ;
#3618 = DIRECTION ( 'NONE',  ( -0.7071067811865431318, -0.6830127018922238502, -0.1830127018922186322 ) ) ;
#3619 = CARTESIAN_POINT ( 'NONE',  ( 10.24999999999999645, 29.00000000000089884, -5.000000000000000000 ) ) ;
#3620 = CARTESIAN_POINT ( 'NONE',  ( -26.91421356237302831, 25.00000000000000000, -2.000000000000000000 ) ) ;
#3621 = CARTESIAN_POINT ( 'NONE',  ( 62.99999999999998579, -15.70000000000000995, 10.69999999999998508 ) ) ;
#3622 = CIRCLE ( 'NONE', #4647, 1.000000000000000888 ) ;
#3623 = DIRECTION ( 'NONE',  ( 1.020425574104004246E-16, 1.000000000000000000, 0.000000000000000000 ) ) ;
#3624 = LINE ( 'NONE', #6053, #115 ) ;
#3625 = CARTESIAN_POINT ( 'NONE',  ( 54.00000000000000711, -23.40000000000001279, 2.000000000000000000 ) ) ;
#3626 = VECTOR ( 'NONE', #6864, 1000.000000000000114 ) ;
#3627 = VERTEX_POINT ( 'NONE', #4637 ) ;
#3628 = LINE ( 'NONE', #639, #1907 ) ;
#3629 = ORIENTED_EDGE ( 'NONE', *, *, #1079, .T. ) ;
#3630 = AXIS2_PLACEMENT_3D ( 'NONE', #7145, #5368, #3512 ) ;
#3631 = CARTESIAN_POINT ( 'NONE',  ( -2.999999999999995559, -18.00000000000000000, 1.500000000000000000 ) ) ;
#3632 = ORIENTED_EDGE ( 'NONE', *, *, #1300, .T. ) ;
#3633 = FACE_BOUND ( 'NONE', #6124, .T. ) ;
#3634 = DIRECTION ( 'NONE',  ( 1.000000000000000000, 0.000000000000000000, 0.000000000000000000 ) ) ;
#3635 = DIRECTION ( 'NONE',  ( -0.000000000000000000, -0.000000000000000000, -1.000000000000000000 ) ) ;
#3636 = CONICAL_SURFACE ( 'NONE', #6183, 1.499999999999985789, 0.7853981633974482790 ) ;
#3637 = DIRECTION ( 'NONE',  ( -2.891205793294678326E-16, 1.000000000000000000, 0.000000000000000000 ) ) ;
#3638 = CARTESIAN_POINT ( 'NONE',  ( -58.00000000000000000, -23.40000000000001279, 2.000000000000000000 ) ) ;
#3639 = EDGE_CURVE ( 'NONE', #938, #2413, #6495, .T. ) ;
#3640 = DIRECTION ( 'NONE',  ( -0.7071067811865435759, -2.044391222244487264E-16, 0.7071067811865515695 ) ) ;
#3641 = DIRECTION ( 'NONE',  ( 1.000000000000000000, 0.000000000000000000, 0.000000000000000000 ) ) ;
#3642 = VERTEX_POINT ( 'NONE', #2198 ) ;
#3643 = CIRCLE ( 'NONE', #1642, 2.500000000000021316 ) ;
#3644 = ORIENTED_EDGE ( 'NONE', *, *, #5208, .F. ) ;
#3645 = DIRECTION ( 'NONE',  ( 0.7071067811865460184, 0.7071067811865489050, 0.000000000000000000 ) ) ;
#3646 = ADVANCED_FACE ( 'NONE', ( #4604 ), #4332, .F. ) ;
#3647 = CARTESIAN_POINT ( 'NONE',  ( 58.50000000000000711, 7.002802323379786031, 14.51763809020503793 ) ) ;
#3648 = ORIENTED_EDGE ( 'NONE', *, *, #7480, .F. ) ;
#3649 = EDGE_CURVE ( 'NONE', #4147, #6754, #818, .T. ) ;
#3650 = LINE ( 'NONE', #4293, #6829 ) ;
#3651 = AXIS2_PLACEMENT_3D ( 'NONE', #2228, #862, #5743 ) ;
#3652 = EDGE_CURVE ( 'NONE', #202, #6389, #3401, .T. ) ;
#3653 = ORIENTED_EDGE ( 'NONE', *, *, #5751, .T. ) ;
#3654 = DIRECTION ( 'NONE',  ( 1.000000000000000000, 0.000000000000000000, 0.000000000000000000 ) ) ;
#3655 = EDGE_LOOP ( 'NONE', ( #2051, #244, #2135, #7626 ) ) ;
#3656 = LINE ( 'NONE', #2914, #2422 ) ;
#3657 = EDGE_CURVE ( 'NONE', #6782, #5218, #415, .T. ) ;
#3658 = VECTOR ( 'NONE', #6243, 1000.000000000000000 ) ;
#3659 = DIRECTION ( 'NONE',  ( 0.000000000000000000, -1.000000000000000000, 0.000000000000000000 ) ) ;
#3660 = CARTESIAN_POINT ( 'NONE',  ( 63.39999999999999858, -24.00000000000000000, 6.000000000000000000 ) ) ;
#3661 = DIRECTION ( 'NONE',  ( -0.000000000000000000, -0.7071067811865491270, -0.7071067811865459074 ) ) ;
#3662 = PLANE ( 'NONE',  #4296 ) ;
#3663 = EDGE_LOOP ( 'NONE', ( #2194, #3309, #3644, #6004 ) ) ;
#3664 = VECTOR ( 'NONE', #5157, 1000.000000000000000 ) ;
#3665 = EDGE_LOOP ( 'NONE', ( #4786, #4554, #1284, #4456, #3853, #3387, #5250, #515 ) ) ;
#3666 = CARTESIAN_POINT ( 'NONE',  ( -12.99999999999999645, 35.50000000000000000, -6.999999999999999112 ) ) ;
#3667 = ORIENTED_EDGE ( 'NONE', *, *, #5201, .T. ) ;
#3668 = LINE ( 'NONE', #95, #6255 ) ;
#3669 = CARTESIAN_POINT ( 'NONE',  ( 15.29289321881344854, 35.20710678118653902, -1.224646799147354440E-16 ) ) ;
#3670 = ORIENTED_EDGE ( 'NONE', *, *, #2555, .T. ) ;
#3671 = CARTESIAN_POINT ( 'NONE',  ( 0.000000000000000000, 35.50000000000000000, -7.399999999999962164 ) ) ;
#3672 = AXIS2_PLACEMENT_3D ( 'NONE', #3207, #2079, #228 ) ;
#3673 = LINE ( 'NONE', #1310, #1861 ) ;
#3674 = LINE ( 'NONE', #1311, #7350 ) ;
#3675 = DIRECTION ( 'NONE',  ( 0.000000000000000000, 0.6815754626248916592, -0.7317478313925263045 ) ) ;
#3676 = DIRECTION ( 'NONE',  ( 0.7071067811865490160, -0.7071067811865461294, 0.000000000000000000 ) ) ;
#3677 = VERTEX_POINT ( 'NONE', #4527 ) ;
#3678 = CARTESIAN_POINT ( 'NONE',  ( 58.00000000000000000, -5.600668665453411244, 7.352952387243092858 ) ) ;
#3679 = VERTEX_POINT ( 'NONE', #6954 ) ;
#3680 = CIRCLE ( 'NONE', #5724, 2.000000000000000000 ) ;
#3681 = CARTESIAN_POINT ( 'NONE',  ( 0.000000000000000000, -23.40000000000001279, -2.000000000000000000 ) ) ;
#3682 = CARTESIAN_POINT ( 'NONE',  ( -9.150000000000002132, 29.00000000000089528, -5.000000000000000000 ) ) ;
#3683 = ORIENTED_EDGE ( 'NONE', *, *, #5101, .F. ) ;
#3684 = DIRECTION ( 'NONE',  ( -0.7071067811865474617, 0.000000000000000000, -0.7071067811865474617 ) ) ;
#3685 = VERTEX_POINT ( 'NONE', #1517 ) ;
#3686 = VERTEX_POINT ( 'NONE', #4227 ) ;
#3687 = LINE ( 'NONE', #6677, #2055 ) ;
#3688 = VERTEX_POINT ( 'NONE', #19 ) ;
#3689 = CARTESIAN_POINT ( 'NONE',  ( 58.00000000000000000, -3.185854099730718758, 7.999999999999395150 ) ) ;
#3690 = EDGE_CURVE ( 'NONE', #5741, #132, #5737, .T. ) ;
#3691 = ORIENTED_EDGE ( 'NONE', *, *, #7100, .T. ) ;
#3692 = CARTESIAN_POINT ( 'NONE',  ( 58.60000000000002984, 24.00000000000000000, 6.000000000000000000 ) ) ;
#3693 = ORIENTED_EDGE ( 'NONE', *, *, #265, .T. ) ;
#3694 = LINE ( 'NONE', #2016, #3827 ) ;
#3695 = LINE ( 'NONE', #6130, #1130 ) ;
#3696 = ORIENTED_EDGE ( 'NONE', *, *, #1208, .F. ) ;
#3697 = CIRCLE ( 'NONE', #4201, 4.000000000000000000 ) ;
#3698 = DIRECTION ( 'NONE',  ( -0.7071067811865406894, 0.000000000000000000, -0.7071067811865544561 ) ) ;
#3699 = EDGE_CURVE ( 'NONE', #7160, #7591, #992, .T. ) ;
#3700 = DIRECTION ( 'NONE',  ( 1.000000000000000000, 0.000000000000000000, 0.000000000000000000 ) ) ;
#3701 = CARTESIAN_POINT ( 'NONE',  ( -15.29289321881344854, 35.20710678118653902, -7.000000000000000000 ) ) ;
#3702 = EDGE_CURVE ( 'NONE', #5045, #5587, #5898, .T. ) ;
#3703 = EDGE_CURVE ( 'NONE', #593, #3379, #7745, .T. ) ;
#3704 = ORIENTED_EDGE ( 'NONE', *, *, #4243, .T. ) ;
#3705 = EDGE_LOOP ( 'NONE', ( #4856, #2787, #2593, #3563 ) ) ;
#3706 = DIRECTION ( 'NONE',  ( -0.2810846377148090158, -0.6785983445458444452, 0.6785983445458541041 ) ) ;
#3707 = VERTEX_POINT ( 'NONE', #6580 ) ;
#3708 = CARTESIAN_POINT ( 'NONE',  ( 58.00000000000000000, 23.39999999999998437, 2.000000000000000000 ) ) ;
#3709 = CARTESIAN_POINT ( 'NONE',  ( -64.00000000000001421, 4.720508075688640837, 5.999999999999395150 ) ) ;
#3710 = EDGE_LOOP ( 'NONE', ( #3266, #368, #5177, #4583 ) ) ;
#3711 = ADVANCED_FACE ( 'NONE', ( #6543 ), #832, .F. ) ;
#3712 = CYLINDRICAL_SURFACE ( 'NONE', #4127, 1.000000000000000888 ) ;
#3713 = AXIS2_PLACEMENT_3D ( 'NONE', #266, #3365, #902 ) ;
#3714 = CARTESIAN_POINT ( 'NONE',  ( 0.000000000000000000, 0.000000000000000000, -8.000000000000000000 ) ) ;
#3715 = CARTESIAN_POINT ( 'NONE',  ( 47.99999999999999289, 12.00000000000000000, -8.000000000000000000 ) ) ;
#3716 = CARTESIAN_POINT ( 'NONE',  ( 17.39999999999999858, 11.99999999999999645, -2.000000000000000000 ) ) ;
#3717 = LINE ( 'NONE', #4315, #6512 ) ;
#3718 = VERTEX_POINT ( 'NONE', #5407 ) ;
#3719 = PLANE ( 'NONE',  #1917 ) ;
#3720 = DIRECTION ( 'NONE',  ( 0.000000000000000000, 0.000000000000000000, 1.000000000000000000 ) ) ;
#3721 = CARTESIAN_POINT ( 'NONE',  ( 47.99999999999998579, -12.00000000000001243, -2.000000000000000000 ) ) ;
#3722 = DIRECTION ( 'NONE',  ( -7.482991226153964086E-17, 0.2588190451025179639, 0.9659258262890690894 ) ) ;
#3723 = VECTOR ( 'NONE', #7799, 1000.000000000000000 ) ;
#3724 = ORIENTED_EDGE ( 'NONE', *, *, #5762, .F. ) ;
#3725 = ORIENTED_EDGE ( 'NONE', *, *, #3381, .T. ) ;
#3726 = B_SPLINE_CURVE_WITH_KNOTS ( 'NONE', 3,
 ( #5007, #7463, #2561, #6808 ),
 .UNSPECIFIED., .F., .F.,
 ( 4, 4 ),
 ( 0.000000000000000000, 0.0008534234671441492818 ),
 .UNSPECIFIED. ) ;
#3727 = DIRECTION ( 'NONE',  ( 0.7071067811865474617, 0.000000000000000000, 0.7071067811865474617 ) ) ;
#3728 = DIRECTION ( 'NONE',  ( -1.000000000000000000, 0.000000000000000000, 0.000000000000000000 ) ) ;
#3729 = ORIENTED_EDGE ( 'NONE', *, *, #6192, .T. ) ;
#3730 = VECTOR ( 'NONE', #5901, 1000.000000000000000 ) ;
#3731 = ORIENTED_EDGE ( 'NONE', *, *, #196, .F. ) ;
#3732 = VECTOR ( 'NONE', #7383, 1000.000000000000000 ) ;
#3733 = LINE ( 'NONE', #7333, #3591 ) ;
#3734 = ORIENTED_EDGE ( 'NONE', *, *, #3657, .F. ) ;
#3735 = DIRECTION ( 'NONE',  ( 0.000000000000000000, -0.000000000000000000, 1.000000000000000000 ) ) ;
#3736 =( LENGTH_UNIT ( ) NAMED_UNIT ( * ) SI_UNIT ( .MILLI., .METRE. ) );
#3737 = CARTESIAN_POINT ( 'NONE',  ( 63.99999999999998579, -7.485765236524325239, 14.38822856765377800 ) ) ;
#3738 = DIRECTION ( 'NONE',  ( 0.7071067811865457964, -0.6830127018922216298, 0.1830127018922177717 ) ) ;
#3739 = CARTESIAN_POINT ( 'NONE',  ( -17.99999999999998224, 17.00000000000000000, -7.399999999999982592 ) ) ;
#3740 = ADVANCED_FACE ( 'NONE', ( #7227 ), #1125, .F. ) ;
#3741 = PLANE ( 'NONE',  #2635 ) ;
#3742 = CARTESIAN_POINT ( 'NONE',  ( 63.39999999999999858, 24.00000000000000000, -1.751471862576083449 ) ) ;
#3743 = AXIS2_PLACEMENT_3D ( 'NONE', #647, #5450, #7265 ) ;
#3744 = VERTEX_POINT ( 'NONE', #4670 ) ;
#3745 = ORIENTED_EDGE ( 'NONE', *, *, #7760, .T. ) ;
#3746 = LINE ( 'NONE', #7472, #5869 ) ;
#3747 = EDGE_LOOP ( 'NONE', ( #1657, #2114, #7244, #1267 ) ) ;
#3748 = DIRECTION ( 'NONE',  ( 0.000000000000000000, -0.000000000000000000, -1.000000000000000000 ) ) ;
#3749 = FACE_OUTER_BOUND ( 'NONE', #4653, .T. ) ;
#3750 = CIRCLE ( 'NONE', #4881, 10.00000000000000000 ) ;
#3751 = ORIENTED_EDGE ( 'NONE', *, *, #6428, .F. ) ;
#3752 = EDGE_CURVE ( 'NONE', #114, #389, #4209, .T. ) ;
#3753 = LINE ( 'NONE', #4358, #1363 ) ;
#3754 = ADVANCED_FACE ( 'NONE', ( #5288 ), #1818, .T. ) ;
#3755 = CARTESIAN_POINT ( 'NONE',  ( 4.531193156845206793E-15, 18.00000000000000000, 1.500000000000000000 ) ) ;
#3756 = DIRECTION ( 'NONE',  ( -0.000000000000000000, -1.000000000000000000, -0.000000000000000000 ) ) ;
#3757 = ADVANCED_FACE ( 'NONE', ( #644 ), #1086, .F. ) ;
#3758 = DIRECTION ( 'NONE',  ( -0.000000000000000000, 1.000000000000000000, -0.000000000000000000 ) ) ;
#3759 = ORIENTED_EDGE ( 'NONE', *, *, #6959, .F. ) ;
#3760 = DIRECTION ( 'NONE',  ( -1.000000000000000000, 0.000000000000000000, -0.000000000000000000 ) ) ;
#3761 = ORIENTED_EDGE ( 'NONE', *, *, #5304, .F. ) ;
#3762 = CARTESIAN_POINT ( 'NONE',  ( -62.99999999999998579, -14.00000000000000000, 16.00000000000000000 ) ) ;
#3763 = AXIS2_PLACEMENT_3D ( 'NONE', #5539, #6784, #1352 ) ;
#3764 = EDGE_CURVE ( 'NONE', #2234, #5171, #5330, .T. ) ;
#3765 = CARTESIAN_POINT ( 'NONE',  ( -26.91421356237302831, 23.39999999999997016, -8.000000000000000000 ) ) ;
#3766 = DIRECTION ( 'NONE',  ( -0.000000000000000000, -0.000000000000000000, 1.000000000000000000 ) ) ;
#3767 = CARTESIAN_POINT ( 'NONE',  ( 4.531193156845206793E-15, -18.00000000000000000, -0.5000000000000000000 ) ) ;
#3768 = DIRECTION ( 'NONE',  ( -2.891205793294678326E-16, 1.000000000000000000, 0.000000000000000000 ) ) ;
#3769 = VERTEX_POINT ( 'NONE', #7782 ) ;
#3770 = VERTEX_POINT ( 'NONE', #2884 ) ;
#3771 = CARTESIAN_POINT ( 'NONE',  ( -54.00000000000000711, 24.00000000000000000, -2.600000000000031175 ) ) ;
#3772 = ORIENTED_EDGE ( 'NONE', *, *, #1107, .T. ) ;
#3773 = CARTESIAN_POINT ( 'NONE',  ( -58.50000000000001421, 3.185854099730716094, 5.999999999999394262 ) ) ;
#3774 = AXIS2_PLACEMENT_3D ( 'NONE', #1058, #3445, #7722 ) ;
#3775 = VERTEX_POINT ( 'NONE', #7144 ) ;
#3776 = DIRECTION ( 'NONE',  ( 0.000000000000000000, -0.000000000000000000, 1.000000000000000000 ) ) ;
#3777 = EDGE_LOOP ( 'NONE', ( #2844, #753, #1034, #1463 ) ) ;
#3778 = CARTESIAN_POINT ( 'NONE',  ( -64.00000000000001421, -8.396137495244440530, 15.40000000000001101 ) ) ;
#3779 = LINE ( 'NONE', #6216, #2072 ) ;
#3780 = DIRECTION ( 'NONE',  ( 0.000000000000000000, -1.000000000000000000, 0.000000000000000000 ) ) ;
#3781 = FACE_OUTER_BOUND ( 'NONE', #7742, .T. ) ;
#3782 = LINE ( 'NONE', #291, #2808 ) ;
#3783 = VECTOR ( 'NONE', #4853, 1000.000000000000000 ) ;
#3784 = CARTESIAN_POINT ( 'NONE',  ( -58.60000000000000853, 0.000000000000000000, 16.00000000000000000 ) ) ;
#3785 = EDGE_LOOP ( 'NONE', ( #6353, #4646, #7465, #3921 ) ) ;
#3786 = EDGE_CURVE ( 'NONE', #5200, #952, #1197, .T. ) ;
#3787 = EDGE_LOOP ( 'NONE', ( #5351, #4762, #6027, #7226, #6692, #5555, #7634, #3568, #6779, #7262, #6408, #276, #7, #3239 ) ) ;
#3788 = LINE ( 'NONE', #1898, #7795 ) ;
#3789 = AXIS2_PLACEMENT_3D ( 'NONE', #2544, #1833, #3720 ) ;
#3790 = VERTEX_POINT ( 'NONE', #7188 ) ;
#3791 = CARTESIAN_POINT ( 'NONE',  ( 58.00000000000000000, -23.40000000000001279, 6.000000000000000000 ) ) ;
#3792 = ORIENTED_EDGE ( 'NONE', *, *, #843, .F. ) ;
#3793 = CARTESIAN_POINT ( 'NONE',  ( -2.999999999999995559, -18.00000000000000000, -0.5000000000000000000 ) ) ;
#3794 = DIRECTION ( 'NONE',  ( -0.000000000000000000, -0.000000000000000000, 1.000000000000000000 ) ) ;
#3795 = VECTOR ( 'NONE', #4237, 1000.000000000000000 ) ;
#3796 = CARTESIAN_POINT ( 'NONE',  ( 0.000000000000000000, 20.24542364858361765, 13.80990931123482568 ) ) ;
#3797 = EDGE_CURVE ( 'NONE', #7090, #3899, #6016, .T. ) ;
#3798 = CARTESIAN_POINT ( 'NONE',  ( -63.40000000000001279, 8.934653975957925098, 16.00000000000000000 ) ) ;
#3799 = EDGE_LOOP ( 'NONE', ( #2390, #3930, #622, #2528 ) ) ;
#3800 = DIRECTION ( 'NONE',  ( 1.020425574104004246E-16, 1.000000000000000000, 0.000000000000000000 ) ) ;
#3801 = CARTESIAN_POINT ( 'NONE',  ( -58.39992981178515663, 20.09744105112338985, 13.67207315648674992 ) ) ;
#3802 = EDGE_LOOP ( 'NONE', ( #3357, #4467 ) ) ;
#3803 = VECTOR ( 'NONE', #310, 1000.000000000000114 ) ;
#3804 = ADVANCED_FACE ( 'NONE', ( #5975 ), #2963, .F. ) ;
#3805 = CARTESIAN_POINT ( 'NONE',  ( -62.49999999999998579, -20.24542364858361765, 13.80990931123482746 ) ) ;
#3806 = AXIS2_PLACEMENT_3D ( 'NONE', #1065, #3454, #5349 ) ;
#3807 = CARTESIAN_POINT ( 'NONE',  ( 13.00000000000000000, 37.50000000000000000, -1.224646799147354440E-16 ) ) ;
#3808 = EDGE_CURVE ( 'NONE', #5603, #5218, #3697, .T. ) ;
#3809 = ADVANCED_FACE ( 'NONE', ( #2381, #3633, #4787 ), #2452, .T. ) ;
#3810 = CARTESIAN_POINT ( 'NONE',  ( -26.91421356237302831, 25.00000000000000000, -2.000000000000000000 ) ) ;
#3811 = EDGE_LOOP ( 'NONE', ( #6432, #2824, #3982, #3178 ) ) ;
#3812 = ORIENTED_EDGE ( 'NONE', *, *, #6391, .F. ) ;
#3813 = CARTESIAN_POINT ( 'NONE',  ( 54.00000000000000711, 0.000000000000000000, 2.000000000000000000 ) ) ;
#3814 = LINE ( 'NONE', #7533, #2242 ) ;
#3815 = ORIENTED_EDGE ( 'NONE', *, *, #6045, .F. ) ;
#3816 = VECTOR ( 'NONE', #2607, 1000.000000000000114 ) ;
#3817 = CARTESIAN_POINT ( 'NONE',  ( -25.78284271247452963, 23.86862915010150132, -8.000000000000000000 ) ) ;
#3818 = EDGE_CURVE ( 'NONE', #4025, #865, #811, .T. ) ;
#3819 = VECTOR ( 'NONE', #2547, 1000.000000000000114 ) ;
#3820 = EDGE_LOOP ( 'NONE', ( #7346, #7391, #4841, #2739 ) ) ;
#3821 = CYLINDRICAL_SURFACE ( 'NONE', #7683, 5.000000000000000888 ) ;
#3822 = ORIENTED_EDGE ( 'NONE', *, *, #4423, .F. ) ;
#3823 = DIRECTION ( 'NONE',  ( -0.000000000000000000, 0.7071067811865491270, 0.7071067811865459074 ) ) ;
#3824 = DIRECTION ( 'NONE',  ( 0.4999999999999947264, 0.4999999999999947264, 0.7071067811865550112 ) ) ;
#3825 = VERTEX_POINT ( 'NONE', #3791 ) ;
#3826 = LINE ( 'NONE', #6303, #3481 ) ;
#3827 = VECTOR ( 'NONE', #718, 1000.000000000000114 ) ;
#3828 = DIRECTION ( 'NONE',  ( -0.6785983445458469987, 0.6785983445458469987, 0.2810846377148205066 ) ) ;
#3829 = CARTESIAN_POINT ( 'NONE',  ( 58.00000000000000000, 8.934653975957925098, 14.00000000000000000 ) ) ;
#3830 = ORIENTED_EDGE ( 'NONE', *, *, #778, .T. ) ;
#3831 = VECTOR ( 'NONE', #386, 1000.000000000000000 ) ;
#3832 = LINE ( 'NONE', #336, #712 ) ;
#3833 = AXIS2_PLACEMENT_3D ( 'NONE', #2924, #6615, #6503 ) ;
#3834 = ORIENTED_EDGE ( 'NONE', *, *, #734, .T. ) ;
#3835 = DIRECTION ( 'NONE',  ( 0.000000000000000000, -1.000000000000000000, 0.000000000000000000 ) ) ;
#3836 = DIRECTION ( 'NONE',  ( -1.000000000000000000, 3.965082230804129727E-16, 0.000000000000000000 ) ) ;
#3837 = CARTESIAN_POINT ( 'NONE',  ( 7.410638297872338853, 7.787486116720065965, -7.000000000000000000 ) ) ;
#3838 = DIRECTION ( 'NONE',  ( -0.2810846377148111808, 0.6785983445458450003, 0.6785983445458528829 ) ) ;
#3839 = EDGE_CURVE ( 'NONE', #14, #7636, #769, .T. ) ;
#3840 = DIRECTION ( 'NONE',  ( -1.000000000000000000, 0.000000000000000000, 0.000000000000000000 ) ) ;
#3841 = EDGE_LOOP ( 'NONE', ( #906, #3433, #4590, #4804 ) ) ;
#3842 = DIRECTION ( 'NONE',  ( -0.000000000000000000, 0.000000000000000000, 1.000000000000000000 ) ) ;
#3843 = CARTESIAN_POINT ( 'NONE',  ( -53.00000000000000000, -11.99999999999999822, -2.600000000000003197 ) ) ;
#3844 = VECTOR ( 'NONE', #2702, 1000.000000000000000 ) ;
#3845 = EDGE_LOOP ( 'NONE', ( #2213, #4289, #3325, #4474 ) ) ;
#3846 = CYLINDRICAL_SURFACE ( 'NONE', #6865, 10.00000000000000000 ) ;
#3847 = EDGE_CURVE ( 'NONE', #5363, #7126, #4718, .T. ) ;
#3848 = AXIS2_PLACEMENT_3D ( 'NONE', #3508, #7224, #4225 ) ;
#3849 = CARTESIAN_POINT ( 'NONE',  ( 0.000000000000000000, 35.50000000000000000, -5.800000000000000711 ) ) ;
#3850 = DIRECTION ( 'NONE',  ( 1.000000000000000000, -2.040851148208007259E-16, 0.000000000000000000 ) ) ;
#3851 = CARTESIAN_POINT ( 'NONE',  ( -62.99999999999998579, 19.09999999999998366, 16.00000000000000000 ) ) ;
#3852 = ORIENTED_EDGE ( 'NONE', *, *, #2554, .T. ) ;
#3853 = ORIENTED_EDGE ( 'NONE', *, *, #682, .T. ) ;
#3854 = CARTESIAN_POINT ( 'NONE',  ( -64.00000000000000000, -14.00000000000000000, 6.000000000000000000 ) ) ;
#3855 = ADVANCED_FACE ( 'NONE', ( #3160 ), #689, .F. ) ;
#3856 = EDGE_CURVE ( 'NONE', #3039, #6736, #4433, .T. ) ;
#3857 = ORIENTED_EDGE ( 'NONE', *, *, #2176, .F. ) ;
#3858 = EDGE_CURVE ( 'NONE', #898, #6394, #2082, .T. ) ;
#3859 = VERTEX_POINT ( 'NONE', #3237 ) ;
#3860 = ORIENTED_EDGE ( 'NONE', *, *, #3209, .T. ) ;
#3861 = CYLINDRICAL_SURFACE ( 'NONE', #6538, 2.000000000000000000 ) ;
#3862 = VECTOR ( 'NONE', #547, 1000.000000000000000 ) ;
#3863 = EDGE_CURVE ( 'NONE', #4210, #2703, #6861, .T. ) ;
#3864 = CARTESIAN_POINT ( 'NONE',  ( -14.86862915010150843, 34.78284271247460424, -2.000000000000000000 ) ) ;
#3865 = DIRECTION ( 'NONE',  ( 0.000000000000000000, 1.000000000000000000, 0.000000000000000000 ) ) ;
#3866 = AXIS2_PLACEMENT_3D ( 'NONE', #3402, #459, #5756 ) ;
#3867 = ORIENTED_EDGE ( 'NONE', *, *, #3041, .T. ) ;
#3868 = DIRECTION ( 'NONE',  ( -0.000000000000000000, -0.000000000000000000, 1.000000000000000000 ) ) ;
#3869 = VERTEX_POINT ( 'NONE', #6186 ) ;
#3870 = CARTESIAN_POINT ( 'NONE',  ( 24.82573593128808653, 24.82573593128798350, -2.000000000000000000 ) ) ;
#3871 = EDGE_LOOP ( 'NONE', ( #3000, #1534, #561, #2454 ) ) ;
#3872 = AXIS2_PLACEMENT_3D ( 'NONE', #2815, #2237, #3477 ) ;
#3873 = DIRECTION ( 'NONE',  ( -1.000000000000000000, 0.000000000000000000, 0.000000000000000000 ) ) ;
#3874 = FACE_OUTER_BOUND ( 'NONE', #4696, .T. ) ;
#3875 = CARTESIAN_POINT ( 'NONE',  ( -10.25000000000000000, 29.00000000000089528, -5.000000000000000000 ) ) ;
#3876 = ORIENTED_EDGE ( 'NONE', *, *, #1435, .T. ) ;
#3877 = AXIS2_PLACEMENT_3D ( 'NONE', #60, #6149, #3554 ) ;
#3878 = CARTESIAN_POINT ( 'NONE',  ( -57.75147186257609633, 24.00000000000000000, -7.399999999999960387 ) ) ;
#3879 = ORIENTED_EDGE ( 'NONE', *, *, #1343, .T. ) ;
#3880 = DIRECTION ( 'NONE',  ( -1.000000000000000000, 0.000000000000000000, 0.000000000000000000 ) ) ;
#3881 = CARTESIAN_POINT ( 'NONE',  ( 0.000000000000000000, 0.000000000000000000, 16.00000000000000000 ) ) ;
#3882 = ORIENTED_EDGE ( 'NONE', *, *, #692, .F. ) ;
#3883 = DIRECTION ( 'NONE',  ( -0.7071067811865474617, 0.000000000000000000, -0.7071067811865474617 ) ) ;
#3884 = CARTESIAN_POINT ( 'NONE',  ( 7.811788240586053256, 8.233982298028218239, -2.000000000000000000 ) ) ;
#3885 = DIRECTION ( 'NONE',  ( 0.000000000000000000, 0.000000000000000000, 1.000000000000000000 ) ) ;
#3886 = ADVANCED_FACE ( 'NONE', ( #4859 ), #6499, .F. ) ;
#3887 = AXIS2_PLACEMENT_3D ( 'NONE', #4107, #5331, #4184 ) ;
#3888 = LINE ( 'NONE', #6364, #3415 ) ;
#3889 = ORIENTED_EDGE ( 'NONE', *, *, #2715, .T. ) ;
#3890 = ORIENTED_EDGE ( 'NONE', *, *, #7077, .T. ) ;
#3891 = FACE_OUTER_BOUND ( 'NONE', #6477, .T. ) ;
#3892 = CARTESIAN_POINT ( 'NONE',  ( 4.531193156845206793E-15, 18.00000000000000000, -0.5000000000000000000 ) ) ;
#3893 = CARTESIAN_POINT ( 'NONE',  ( 54.00000000000000711, 24.00000000000000000, 2.000000000000000000 ) ) ;
#3894 = VECTOR ( 'NONE', #1258, 1000.000000000000000 ) ;
#3895 = ORIENTED_EDGE ( 'NONE', *, *, #2515, .T. ) ;
#3896 = EDGE_CURVE ( 'NONE', #7053, #1856, #4079, .T. ) ;
#3897 = CARTESIAN_POINT ( 'NONE',  ( -26.91421356237302831, 23.39999999999997016, -8.000000000000000000 ) ) ;
#3898 = EDGE_CURVE ( 'NONE', #5266, #1098, #5490, .T. ) ;
#3899 = VERTEX_POINT ( 'NONE', #3196 ) ;
#3900 = PLANE ( 'NONE',  #7777 ) ;
#3901 = SURFACE_STYLE_USAGE ( .BOTH. , #7620 ) ;
#3902 = ORIENTED_EDGE ( 'NONE', *, *, #2977, .T. ) ;
#3903 = CARTESIAN_POINT ( 'NONE',  ( -22.99999999999997868, 17.60000000000000853, -2.000000000000000000 ) ) ;
#3904 = CARTESIAN_POINT ( 'NONE',  ( 54.00000000000000711, 23.39999999999998437, 2.000000000000000000 ) ) ;
#3905 = EDGE_CURVE ( 'NONE', #3825, #3455, #3668, .T. ) ;
#3906 = VECTOR ( 'NONE', #667, 1000.000000000000000 ) ;
#3907 = EDGE_LOOP ( 'NONE', ( #6988, #6131, #3882, #6901, #2539 ) ) ;
#3908 = EDGE_CURVE ( 'NONE', #5205, #5475, #1859, .T. ) ;
#3909 = CARTESIAN_POINT ( 'NONE',  ( -64.00000000000000000, -14.00000000000000000, 15.40000000000000746 ) ) ;
#3910 = EDGE_CURVE ( 'NONE', #5523, #2080, #2947, .T. ) ;
#3911 = DIRECTION ( 'NONE',  ( 0.7071067811865460184, -0.7071067811865489050, 0.000000000000000000 ) ) ;
#3912 = LINE ( 'NONE', #2068, #2877 ) ;
#3913 = EDGE_LOOP ( 'NONE', ( #1802, #1558, #3600, #3546 ) ) ;
#3914 = CIRCLE ( 'NONE', #514, 5.599999999999987210 ) ;
#3915 = DIRECTION ( 'NONE',  ( 1.000000000000000000, -1.334402673828313586E-16, 0.000000000000000000 ) ) ;
#3916 = EDGE_CURVE ( 'NONE', #7571, #194, #7270, .T. ) ;
#3917 = ORIENTED_EDGE ( 'NONE', *, *, #3505, .T. ) ;
#3918 = AXIS2_PLACEMENT_3D ( 'NONE', #5483, #637, #6690 ) ;
#3919 = ORIENTED_EDGE ( 'NONE', *, *, #841, .T. ) ;
#3920 = CYLINDRICAL_SURFACE ( 'NONE', #5753, 2.000000000000000000 ) ;
#3921 = ORIENTED_EDGE ( 'NONE', *, *, #1760, .T. ) ;
#3922 = DIRECTION ( 'NONE',  ( 0.7071067811865403563, -7.215498431451099764E-17, 0.7071067811865546782 ) ) ;
#3923 = DIRECTION ( 'NONE',  ( 0.7071067811865475727, -0.7071067811865475727, 0.000000000000000000 ) ) ;
#3924 = ORIENTED_EDGE ( 'NONE', *, *, #1453, .T. ) ;
#3925 = VECTOR ( 'NONE', #909, 1000.000000000000000 ) ;
#3926 = DIRECTION ( 'NONE',  ( 1.000000000000000000, 0.000000000000000000, 0.000000000000000000 ) ) ;
#3927 = DIRECTION ( 'NONE',  ( 0.000000000000000000, 2.275047181608945038E-14, -1.000000000000000000 ) ) ;
#3928 = CARTESIAN_POINT ( 'NONE',  ( 13.00000000000000711, 35.50000000000000000, 0.000000000000000000 ) ) ;
#3929 = PLANE ( 'NONE',  #2414 ) ;
#3930 = ORIENTED_EDGE ( 'NONE', *, *, #577, .T. ) ;
#3931 = PLANE ( 'NONE',  #4242 ) ;
#3932 = LINE ( 'NONE', #2681, #6869 ) ;
#3933 = VECTOR ( 'NONE', #3735, 1000.000000000000000 ) ;
#3934 = EDGE_LOOP ( 'NONE', ( #1763, #886, #4626, #5263 ) ) ;
#3935 = ORIENTED_EDGE ( 'NONE', *, *, #1106, .F. ) ;
#3936 = EDGE_LOOP ( 'NONE', ( #2716, #5228, #166, #1981 ) ) ;
#3937 = VERTEX_POINT ( 'NONE', #3708 ) ;
#3938 = DIRECTION ( 'NONE',  ( -0.000000000000000000, -0.000000000000000000, 1.000000000000000000 ) ) ;
#3939 = EDGE_CURVE ( 'NONE', #869, #2898, #7474, .T. ) ;
#3940 = ORIENTED_EDGE ( 'NONE', *, *, #4678, .T. ) ;
#3941 = DIRECTION ( 'NONE',  ( 1.000000000000000000, 0.000000000000000000, 0.000000000000000000 ) ) ;
#3942 = ORIENTED_EDGE ( 'NONE', *, *, #4088, .T. ) ;
#3943 = CARTESIAN_POINT ( 'NONE',  ( 13.00000000000000000, -10.00000000000000178, -7.000000000000000000 ) ) ;
#3944 = AXIS2_PLACEMENT_3D ( 'NONE', #5477, #6767, #1379 ) ;
#3945 = CARTESIAN_POINT ( 'NONE',  ( 63.49999999999998579, 8.310154176118121683, 15.90000000000001101 ) ) ;
#3946 = DIRECTION ( 'NONE',  ( 0.000000000000000000, 0.000000000000000000, -1.000000000000000000 ) ) ;
#3947 = EDGE_CURVE ( 'NONE', #5694, #5558, #729, .T. ) ;
#3948 = EDGE_CURVE ( 'NONE', #5120, #7046, #562, .T. ) ;
#3949 = CIRCLE ( 'NONE', #3960, 3.499999999999998668 ) ;
#3950 = ORIENTED_EDGE ( 'NONE', *, *, #5005, .T. ) ;
#3951 = CARTESIAN_POINT ( 'NONE',  ( 0.000000000000000000, 23.80803242245864126, 7.950000000000023270 ) ) ;
#3952 = CONICAL_SURFACE ( 'NONE', #3565, 2.500000000000014211, 0.7853981633974621568 ) ;
#3953 = ORIENTED_EDGE ( 'NONE', *, *, #3337, .T. ) ;
#3954 = CARTESIAN_POINT ( 'NONE',  ( -70.50293497956538147, -18.94999999999998508, 11.77459666924138659 ) ) ;
#3955 = ORIENTED_EDGE ( 'NONE', *, *, #1493, .F. ) ;
#3956 = CARTESIAN_POINT ( 'NONE',  ( -54.00000000000000711, -24.00000000000000000, 2.000000000000000000 ) ) ;
#3957 = EDGE_CURVE ( 'NONE', #2762, #3679, #1985, .T. ) ;
#3958 = DIRECTION ( 'NONE',  ( 1.000000000000000000, -0.000000000000000000, -0.000000000000000000 ) ) ;
#3959 = ORIENTED_EDGE ( 'NONE', *, *, #3556, .T. ) ;
#3960 = AXIS2_PLACEMENT_3D ( 'NONE', #3767, #4283, #4873 ) ;
#3961 = VECTOR ( 'NONE', #3003, 1000.000000000000000 ) ;
#3962 = PLANE ( 'NONE',  #240 ) ;
#3963 = CARTESIAN_POINT ( 'NONE',  ( 58.00000000000000000, 23.39999999999998437, 6.000000000000000000 ) ) ;
#3964 = CARTESIAN_POINT ( 'NONE',  ( 22.99999999999998579, -17.00000000000000711, -7.399999999999982592 ) ) ;
#3965 = VECTOR ( 'NONE', #5983, 1000.000000000000000 ) ;
#3966 = AXIS2_PLACEMENT_3D ( 'NONE', #4021, #7663, #5057 ) ;
#3967 = CARTESIAN_POINT ( 'NONE',  ( -58.00000000000000000, -7.485765236524336785, 14.38822856765377445 ) ) ;
#3968 = VERTEX_POINT ( 'NONE', #4592 ) ;
#3969 = ORIENTED_EDGE ( 'NONE', *, *, #2497, .T. ) ;
#3970 = DIRECTION ( 'NONE',  ( -1.000000000000000000, 0.000000000000000000, 0.000000000000000000 ) ) ;
#3971 = AXIS2_PLACEMENT_3D ( 'NONE', #3993, #2233, #4028 ) ;
#3972 = VERTEX_POINT ( 'NONE', #2148 ) ;
#3973 = ORIENTED_EDGE ( 'NONE', *, *, #628, .T. ) ;
#3974 = AXIS2_PLACEMENT_3D ( 'NONE', #1123, #641, #3080 ) ;
#3975 = DIRECTION ( 'NONE',  ( -1.000000000000000000, 0.000000000000000000, 0.000000000000000000 ) ) ;
#3976 = ORIENTED_EDGE ( 'NONE', *, *, #766, .T. ) ;
#3977 = CARTESIAN_POINT ( 'NONE',  ( 14.58578643762690064, 34.49999999999999289, 0.000000000000000000 ) ) ;
#3978 = CARTESIAN_POINT ( 'NONE',  ( 47.99999999999999289, 17.00000000000000000, -2.599999999999975664 ) ) ;
#3979 = ORIENTED_EDGE ( 'NONE', *, *, #208, .T. ) ;
#3980 = DIRECTION ( 'NONE',  ( 1.000000000000000000, 0.000000000000000000, 0.000000000000000000 ) ) ;
#3981 = VECTOR ( 'NONE', #4883, 1000.000000000000000 ) ;
#3982 = ORIENTED_EDGE ( 'NONE', *, *, #6028, .F. ) ;
#3983 = CARTESIAN_POINT ( 'NONE',  ( 62.99999999999998579, 23.80803242245864126, 7.950000000000023270 ) ) ;
#3984 = VERTEX_POINT ( 'NONE', #7024 ) ;
#3985 = DIRECTION ( 'NONE',  ( 0.5000000000000075495, 0.5000000000000055511, 0.7071067811865384689 ) ) ;
#3986 = EDGE_CURVE ( 'NONE', #7432, #5694, #5698, .T. ) ;
#3987 = AXIS2_PLACEMENT_3D ( 'NONE', #5837, #1682, #6519 ) ;
#3988 = CARTESIAN_POINT ( 'NONE',  ( -22.99999999999998579, -16.99999999999999289, -2.600000000000003197 ) ) ;
#3989 = FACE_OUTER_BOUND ( 'NONE', #3845, .T. ) ;
#3990 = AXIS2_PLACEMENT_3D ( 'NONE', #6039, #6598, #6716 ) ;
#3991 = VERTEX_POINT ( 'NONE', #1581 ) ;
#3992 = ORIENTED_EDGE ( 'NONE', *, *, #397, .F. ) ;
#3993 = CARTESIAN_POINT ( 'NONE',  ( -63.40000000000001279, -14.00000000000000000, 6.000000000000000000 ) ) ;
#3994 = ORIENTED_EDGE ( 'NONE', *, *, #2609, .F. ) ;
#3995 = DIRECTION ( 'NONE',  ( 0.000000000000000000, 0.000000000000000000, 1.000000000000000000 ) ) ;
#3996 = EDGE_CURVE ( 'NONE', #1438, #2980, #5991, .T. ) ;
#3997 = CIRCLE ( 'NONE', #3105, 5.000000000000000888 ) ;
#3998 = EDGE_CURVE ( 'NONE', #684, #4855, #965, .T. ) ;
#3999 = CARTESIAN_POINT ( 'NONE',  ( -47.99999999999999289, 17.00000000000001421, -8.000000000000000000 ) ) ;
#4000 = DIRECTION ( 'NONE',  ( -0.4999999999999941158, -0.4999999999999941158, 0.7071067811865558994 ) ) ;
#4001 = EDGE_CURVE ( 'NONE', #320, #4421, #4481, .T. ) ;
#4002 = DIRECTION ( 'NONE',  ( 0.000000000000000000, 0.000000000000000000, 1.000000000000000000 ) ) ;
#4003 = CIRCLE ( 'NONE', #2250, 2.499999999999978684 ) ;
#4004 = LINE ( 'NONE', #1174, #2047 ) ;
#4005 = EDGE_CURVE ( 'NONE', #2548, #6912, #4273, .T. ) ;
#4006 = EDGE_LOOP ( 'NONE', ( #1179, #7779 ) ) ;
#4007 = ORIENTED_EDGE ( 'NONE', *, *, #3375, .T. ) ;
#4008 = CARTESIAN_POINT ( 'NONE',  ( -57.99999999999996447, -23.40000000000001279, -8.000000000000000000 ) ) ;
#4009 = FACE_OUTER_BOUND ( 'NONE', #4440, .T. ) ;
#4010 = CIRCLE ( 'NONE', #7318, 1.899999999999998801 ) ;
#4011 = ORIENTED_EDGE ( 'NONE', *, *, #5704, .F. ) ;
#4012 = CARTESIAN_POINT ( 'NONE',  ( -14.58578643762690064, 34.89999999999997726, -2.000000000000000000 ) ) ;
#4013 = VERTEX_POINT ( 'NONE', #1004 ) ;
#4014 = DIRECTION ( 'NONE',  ( 2.040851148208007259E-16, 1.000000000000000000, 0.000000000000000000 ) ) ;
#4015 = ORIENTED_EDGE ( 'NONE', *, *, #657, .F. ) ;
#4016 = CARTESIAN_POINT ( 'NONE',  ( 0.000000000000000000, -10.39999999999996838, 16.00000000000000000 ) ) ;
#4017 = AXIS2_PLACEMENT_3D ( 'NONE', #2575, #6740, #2453 ) ;
#4018 = ORIENTED_EDGE ( 'NONE', *, *, #4353, .F. ) ;
#4019 = DIRECTION ( 'NONE',  ( 0.000000000000000000, 0.000000000000000000, 1.000000000000000000 ) ) ;
#4020 = ORIENTED_EDGE ( 'NONE', *, *, #2088, .F. ) ;
#4021 = CARTESIAN_POINT ( 'NONE',  ( 4.531193156845206793E-15, -18.00000000000000000, 1.500000000000000000 ) ) ;
#4022 = PLANE ( 'NONE',  #6804 ) ;
#4023 = DIRECTION ( 'NONE',  ( 0.000000000000000000, -0.000000000000000000, 1.000000000000000000 ) ) ;
#4024 = EDGE_CURVE ( 'NONE', #81, #5045, #3360, .T. ) ;
#4025 = VERTEX_POINT ( 'NONE', #7511 ) ;
#4026 = CARTESIAN_POINT ( 'NONE',  ( 58.59999999999998721, -24.00000000000000000, 2.000000000000000000 ) ) ;
#4027 = ORIENTED_EDGE ( 'NONE', *, *, #2504, .T. ) ;
#4028 = DIRECTION ( 'NONE',  ( 0.000000000000000000, 0.000000000000000000, 1.000000000000000000 ) ) ;
#4029 = AXIS2_PLACEMENT_3D ( 'NONE', #2968, #3635, #649 ) ;
#4030 = ORIENTED_EDGE ( 'NONE', *, *, #7078, .T. ) ;
#4031 = CARTESIAN_POINT ( 'NONE',  ( -47.99999999999999289, 12.00000000000001243, -2.600000000000003197 ) ) ;
#4032 = LINE ( 'NONE', #4825, #7197 ) ;
#4033 = DIRECTION ( 'NONE',  ( 0.000000000000000000, 0.000000000000000000, -1.000000000000000000 ) ) ;
#4034 = CARTESIAN_POINT ( 'NONE',  ( 58.60000000000003695, 20.24542364858361765, 13.80990931123482746 ) ) ;
#4035 = CARTESIAN_POINT ( 'NONE',  ( -22.99999999999997868, 17.60000000000001918, -8.000000000000000000 ) ) ;
#4036 = CIRCLE ( 'NONE', #7225, 9.400000000000011013 ) ;
#4037 = ADVANCED_FACE ( 'NONE', ( #4627 ), #5778, .T. ) ;
#4038 = CARTESIAN_POINT ( 'NONE',  ( -52.99999999999999289, 17.00000000000001421, -7.399999999999982592 ) ) ;
#4039 = FACE_OUTER_BOUND ( 'NONE', #4844, .T. ) ;
#4040 = ORIENTED_EDGE ( 'NONE', *, *, #6836, .F. ) ;
#4041 = AXIS2_PLACEMENT_3D ( 'NONE', #6390, #2845, #7102 ) ;
#4042 = EDGE_CURVE ( 'NONE', #593, #2413, #408, .T. ) ;
#4043 = ORIENTED_EDGE ( 'NONE', *, *, #6627, .T. ) ;
#4044 = CARTESIAN_POINT ( 'NONE',  ( 53.59999999999998010, -12.00000000000001421, -2.000000000000000000 ) ) ;
#4045 = EDGE_CURVE ( 'NONE', #3411, #1663, #1037, .T. ) ;
#4046 = EDGE_CURVE ( 'NONE', #7532, #1263, #3392, .T. ) ;
#4047 = CIRCLE ( 'NONE', #5826, 10.00000000000000000 ) ;
#4048 = VERTEX_POINT ( 'NONE', #1545 ) ;
#4049 = EDGE_LOOP ( 'NONE', ( #3101, #3973, #4935, #5835, #1555 ) ) ;
#4050 = PLANE ( 'NONE',  #3987 ) ;
#4051 = ORIENTED_EDGE ( 'NONE', *, *, #5496, .F. ) ;
#4052 = CARTESIAN_POINT ( 'NONE',  ( 58.50000000000000711, 4.720508075688640837, 5.999999999999395150 ) ) ;
#4053 = EDGE_CURVE ( 'NONE', #2232, #1479, #897, .T. ) ;
#4054 = CARTESIAN_POINT ( 'NONE',  ( 0.000000000000000000, 0.000000000000000000, -8.000000000000000000 ) ) ;
#4055 = ORIENTED_EDGE ( 'NONE', *, *, #1832, .T. ) ;
#4056 = CIRCLE ( 'NONE', #3047, 5.599999999999990763 ) ;
#4057 = CARTESIAN_POINT ( 'NONE',  ( 22.99999999999998579, -17.59999999999999432, -2.000000000000000000 ) ) ;
#4058 = VECTOR ( 'NONE', #2646, 1000.000000000000000 ) ;
#4059 = DIRECTION ( 'NONE',  ( 1.982541115402064370E-16, -1.000000000000000000, 0.000000000000000000 ) ) ;
#4060 = LINE ( 'NONE', #4699, #7787 ) ;
#4061 = AXIS2_PLACEMENT_3D ( 'NONE', #4813, #7254, #5572 ) ;
#4062 = FACE_OUTER_BOUND ( 'NONE', #428, .T. ) ;
#4063 = DIRECTION ( 'NONE',  ( 1.084202172485504804E-16, -1.000000000000000000, 0.000000000000000000 ) ) ;
#4064 = ORIENTED_EDGE ( 'NONE', *, *, #2938, .T. ) ;
#4065 = VERTEX_POINT ( 'NONE', #5812 ) ;
#4066 = DIRECTION ( 'NONE',  ( -0.000000000000000000, -0.000000000000000000, 1.000000000000000000 ) ) ;
#4067 = CIRCLE ( 'NONE', #4192, 0.3999999999999698241 ) ;
#4068 = VERTEX_POINT ( 'NONE', #2107 ) ;
#4069 = DIRECTION ( 'NONE',  ( 0.000000000000000000, -0.9993704852086260360, 0.03547722218375333469 ) ) ;
#4070 = DIRECTION ( 'NONE',  ( 1.000000000000000000, -0.000000000000000000, -0.000000000000000000 ) ) ;
#4071 = CARTESIAN_POINT ( 'NONE',  ( 10.24999999999999645, 29.00000000000089884, -7.000000000000000000 ) ) ;
#4072 = LINE ( 'NONE', #2421, #241 ) ;
#4073 = PLANE ( 'NONE',  #7065 ) ;
#4074 = VECTOR ( 'NONE', #6298, 1000.000000000000000 ) ;
#4075 = VECTOR ( 'NONE', #6674, 1000.000000000000000 ) ;
#4076 = CARTESIAN_POINT ( 'NONE',  ( -11.34999999999999964, 29.00000000000089528, 0.000000000000000000 ) ) ;
#4077 = FACE_OUTER_BOUND ( 'NONE', #2319, .T. ) ;
#4078 = VERTEX_POINT ( 'NONE', #2695 ) ;
#4079 = CIRCLE ( 'NONE', #7662, 1.000000000000000888 ) ;
#4080 = ADVANCED_FACE ( 'NONE', ( #6382 ), #2806, .F. ) ;
#4081 = CIRCLE ( 'NONE', #703, 9.399999999999982592 ) ;
#4082 = ORIENTED_EDGE ( 'NONE', *, *, #2652, .F. ) ;
#4083 = LINE ( 'NONE', #1611, #4747 ) ;
#4084 = VERTEX_POINT ( 'NONE', #7592 ) ;
#4085 = FACE_OUTER_BOUND ( 'NONE', #7584, .T. ) ;
#4086 = EDGE_CURVE ( 'NONE', #4771, #2049, #1509, .T. ) ;
#4087 = ORIENTED_EDGE ( 'NONE', *, *, #5195, .T. ) ;
#4088 = EDGE_CURVE ( 'NONE', #5923, #5356, #3315, .T. ) ;
#4089 = CARTESIAN_POINT ( 'NONE',  ( -7.100000000000000533, 35.50000000000000000, -5.799999999999999822 ) ) ;
#4090 = EDGE_CURVE ( 'NONE', #175, #4241, #338, .T. ) ;
#4091 = VECTOR ( 'NONE', #6738, 1000.000000000000114 ) ;
#4092 = ORIENTED_EDGE ( 'NONE', *, *, #2143, .F. ) ;
#4093 = DIRECTION ( 'NONE',  ( 1.000000000000000000, 0.000000000000000000, 0.000000000000000000 ) ) ;
#4094 = ORIENTED_EDGE ( 'NONE', *, *, #4724, .F. ) ;
#4095 = CARTESIAN_POINT ( 'NONE',  ( 63.49999999999998579, 3.185854099730716538, 5.999999999999395150 ) ) ;
#4096 = DIRECTION ( 'NONE',  ( 0.000000000000000000, -0.7071067811865515695, 0.7071067811865434649 ) ) ;
#4097 = EDGE_CURVE ( 'NONE', #3718, #6478, #5927, .T. ) ;
#4098 = AXIS2_PLACEMENT_3D ( 'NONE', #855, #3390, #2729 ) ;
#4099 = DIRECTION ( 'NONE',  ( -0.000000000000000000, -0.000000000000000000, 1.000000000000000000 ) ) ;
#4100 = DIRECTION ( 'NONE',  ( 0.000000000000000000, 0.03547722218375332776, -0.9993704852086259249 ) ) ;
#4101 = ORIENTED_EDGE ( 'NONE', *, *, #1118, .F. ) ;
#4102 = ORIENTED_EDGE ( 'NONE', *, *, #2266, .T. ) ;
#4103 = AXIS2_PLACEMENT_3D ( 'NONE', #4420, #246, #3305 ) ;
#4104 = CARTESIAN_POINT ( 'NONE',  ( -10.25000000000000000, 29.00000000000089528, -2.000000000000000000 ) ) ;
#4105 = VERTEX_POINT ( 'NONE', #2873 ) ;
#4106 = DIRECTION ( 'NONE',  ( -0.000000000000000000, 0.000000000000000000, 1.000000000000000000 ) ) ;
#4107 = CARTESIAN_POINT ( 'NONE',  ( -47.99999999999999289, 12.00000000000001243, -2.000000000000000000 ) ) ;
#4108 = FACE_OUTER_BOUND ( 'NONE', #527, .T. ) ;
#4109 = CARTESIAN_POINT ( 'NONE',  ( -58.60000000000003695, 24.00000000000000000, 2.000000000000000000 ) ) ;
#4110 = CARTESIAN_POINT ( 'NONE',  ( -48.00000000000000000, -12.00000000000000000, -8.000000000000000000 ) ) ;
#4111 = VECTOR ( 'NONE', #279, 1000.000000000000000 ) ;
#4112 = CARTESIAN_POINT ( 'NONE',  ( -14.58578643762690064, 35.50000000000000000, -2.600000000000031175 ) ) ;
#4113 = AXIS2_PLACEMENT_3D ( 'NONE', #2060, #922, #1576 ) ;
#4114 = CARTESIAN_POINT ( 'NONE',  ( -58.00000000000000000, -24.00000000000000000, 16.00000000000000000 ) ) ;
#4115 = CARTESIAN_POINT ( 'NONE',  ( -62.49999999999998579, -18.94999999999998508, 11.77459666924138659 ) ) ;
#4116 = VERTEX_POINT ( 'NONE', #519 ) ;
#4117 = VECTOR ( 'NONE', #1667, 1000.000000000000000 ) ;
#4118 = EDGE_CURVE ( 'NONE', #4655, #1249, #7698, .T. ) ;
#4119 = ORIENTED_EDGE ( 'NONE', *, *, #5195, .F. ) ;
#4120 = ORIENTED_EDGE ( 'NONE', *, *, #7835, .T. ) ;
#4121 = CONICAL_SURFACE ( 'NONE', #7459, 2.500000000000014211, 0.7853981633974482790 ) ;
#4122 = CARTESIAN_POINT ( 'NONE',  ( 10.24999999999999645, 29.00000000000089884, 0.000000000000000000 ) ) ;
#4123 = DIRECTION ( 'NONE',  ( 0.000000000000000000, 0.000000000000000000, -1.000000000000000000 ) ) ;
#4124 = ORIENTED_EDGE ( 'NONE', *, *, #7658, .F. ) ;
#4125 = LINE ( 'NONE', #2865, #6600 ) ;
#4126 = DIRECTION ( 'NONE',  ( -1.000000000000000000, 0.000000000000000000, 0.000000000000000000 ) ) ;
#4127 = AXIS2_PLACEMENT_3D ( 'NONE', #6148, #733, #141 ) ;
#4128 = ORIENTED_EDGE ( 'NONE', *, *, #5026, .F. ) ;
#4129 = CARTESIAN_POINT ( 'NONE',  ( -14.58578643762690064, 35.50000000000000000, -2.600000000000031175 ) ) ;
#4130 = EDGE_CURVE ( 'NONE', #926, #4116, #1656, .T. ) ;
#4131 = EDGE_CURVE ( 'NONE', #5661, #3485, #4081, .T. ) ;
#4132 = ORIENTED_EDGE ( 'NONE', *, *, #1975, .T. ) ;
#4133 = CARTESIAN_POINT ( 'NONE',  ( -58.50000000000001421, 4.720508075688640837, 5.999999999999395150 ) ) ;
#4134 = ORIENTED_EDGE ( 'NONE', *, *, #6878, .F. ) ;
#4135 = CARTESIAN_POINT ( 'NONE',  ( 0.000000000000000000, 23.80803242245864126, 7.950000000000023270 ) ) ;
#4136 = DIRECTION ( 'NONE',  ( 0.000000000000000000, 0.000000000000000000, 1.000000000000000000 ) ) ;
#4137 = LINE ( 'NONE', #1150, #5034 ) ;
#4138 = CARTESIAN_POINT ( 'NONE',  ( 58.00000000000000000, 12.85355643145598492, 17.30828539478761030 ) ) ;
#4139 = EDGE_CURVE ( 'NONE', #2656, #7462, #1694, .T. ) ;
#4140 = FACE_OUTER_BOUND ( 'NONE', #7781, .T. ) ;
#4141 = CARTESIAN_POINT ( 'NONE',  ( -64.00000000000001421, 3.185854099730716538, 5.499999999999422684 ) ) ;
#4142 = EDGE_CURVE ( 'NONE', #617, #3177, #4060, .T. ) ;
#4143 = EDGE_CURVE ( 'NONE', #7057, #1290, #1804, .T. ) ;
#4144 = EDGE_LOOP ( 'NONE', ( #6882, #1302, #295, #5575 ) ) ;
#4145 = ORIENTED_EDGE ( 'NONE', *, *, #633, .T. ) ;
#4146 = CARTESIAN_POINT ( 'NONE',  ( 58.00000000000000000, -7.485765236524337674, 14.38822856765377445 ) ) ;
#4147 = VERTEX_POINT ( 'NONE', #5320 ) ;
#4148 = CARTESIAN_POINT ( 'NONE',  ( 58.60000000000003695, 14.00000000000000000, 6.000000000000000000 ) ) ;
#4149 = CARTESIAN_POINT ( 'NONE',  ( -48.00000000000000000, -17.60000000000000142, -2.000000000000000000 ) ) ;
#4151 = EDGE_CURVE ( 'NONE', #3379, #5523, #6606, .T. ) ;
#4150 = CARTESIAN_POINT ( 'NONE',  ( -64.00000000000001421, -7.002802323379789584, 14.51763809020503793 ) ) ;
#4152 = DIRECTION ( 'NONE',  ( 0.7071067811865556774, -0.7071067811865392461, 0.000000000000000000 ) ) ;
#4153 = DIRECTION ( 'NONE',  ( -0.000000000000000000, -0.000000000000000000, 1.000000000000000000 ) ) ;
#4154 = DIRECTION ( 'NONE',  ( -1.000000000000000000, 0.000000000000000000, 0.000000000000000000 ) ) ;
#4155 = AXIS2_PLACEMENT_3D ( 'NONE', #1219, #5353, #6601 ) ;
#4156 = FACE_OUTER_BOUND ( 'NONE', #27, .T. ) ;
#4157 = DIRECTION ( 'NONE',  ( -0.000000000000000000, -0.000000000000000000, 1.000000000000000000 ) ) ;
#4158 = EDGE_LOOP ( 'NONE', ( #1718, #5270, #4933, #3693, #4457, #3536, #6212, #5487 ) ) ;
#4159 = CIRCLE ( 'NONE', #5691, 1.000000000000000888 ) ;
#4160 = ORIENTED_EDGE ( 'NONE', *, *, #5494, .T. ) ;
#4161 = DIRECTION ( 'NONE',  ( 0.000000000000000000, 0.000000000000000000, -1.000000000000000000 ) ) ;
#4162 = FACE_OUTER_BOUND ( 'NONE', #1085, .T. ) ;
#4163 = ORIENTED_EDGE ( 'NONE', *, *, #7757, .F. ) ;
#4164 = FACE_OUTER_BOUND ( 'NONE', #1776, .T. ) ;
#4165 = EDGE_LOOP ( 'NONE', ( #5577, #3327, #7616, #6978, #6539, #846 ) ) ;
#4166 = CARTESIAN_POINT ( 'NONE',  ( 0.000000000000000000, -10.39999999999996838, 16.00000000000000000 ) ) ;
#4167 = CIRCLE ( 'NONE', #4932, 2.000000000000000000 ) ;
#4168 = ORIENTED_EDGE ( 'NONE', *, *, #7300, .F. ) ;
#4169 = CYLINDRICAL_SURFACE ( 'NONE', #3466, 2.439105352525431147 ) ;
#4170 = CIRCLE ( 'NONE', #655, 3.049999999999976286 ) ;
#4171 = DIRECTION ( 'NONE',  ( 1.401868266681941189E-16, -0.7071067811865474617, 0.7071067811865475727 ) ) ;
#4172 = LINE ( 'NONE', #2993, #200 ) ;
#4173 = DIRECTION ( 'NONE',  ( -1.020425574104004246E-16, -1.000000000000000000, 0.000000000000000000 ) ) ;
#4174 = EDGE_CURVE ( 'NONE', #114, #3685, #3575, .T. ) ;
#4175 = FACE_OUTER_BOUND ( 'NONE', #5238, .T. ) ;
#4176 = CYLINDRICAL_SURFACE ( 'NONE', #6577, 2.000000000000000000 ) ;
#4177 = VECTOR ( 'NONE', #1685, 1000.000000000000000 ) ;
#4178 = ORIENTED_EDGE ( 'NONE', *, *, #7221, .T. ) ;
#4179 = ADVANCED_FACE ( 'NONE', ( #6567 ), #7214, .F. ) ;
#4180 = ORIENTED_EDGE ( 'NONE', *, *, #3356, .T. ) ;
#4181 = CARTESIAN_POINT ( 'NONE',  ( -53.00000000000000000, -11.99999999999999822, -2.600000000000003197 ) ) ;
#4182 = EDGE_LOOP ( 'NONE', ( #303, #7283, #337, #6755, #502, #3523 ) ) ;
#4183 = CARTESIAN_POINT ( 'NONE',  ( 0.000000000000000000, 8.934653975957925098, 16.00000000000000000 ) ) ;
#4184 = DIRECTION ( 'NONE',  ( 1.000000000000000000, 0.000000000000000000, 0.000000000000000000 ) ) ;
#4185 = VECTOR ( 'NONE', #2524, 1000.000000000000000 ) ;
#4186 = DIRECTION ( 'NONE',  ( -0.000000000000000000, -0.7071067811865526798, -0.7071067811865424657 ) ) ;
#4187 = EDGE_CURVE ( 'NONE', #5266, #257, #5964, .T. ) ;
#4188 = EDGE_CURVE ( 'NONE', #6006, #7053, #5885, .T. ) ;
#4189 = DIRECTION ( 'NONE',  ( 0.000000000000000000, -0.2588190451025179084, -0.9659258262890690894 ) ) ;
#4190 = CYLINDRICAL_SURFACE ( 'NONE', #2030, 1.000000000000000888 ) ;
#4191 =( BOUNDED_CURVE ( )  B_SPLINE_CURVE ( 3, ( #323, #2719, #2996, #130 ),
 .UNSPECIFIED., .F., .T. ) 
 B_SPLINE_CURVE_WITH_KNOTS ( ( 4, 4 ),
 ( 3.141592653589793116, 3.459153082881281982 ),
 .UNSPECIFIED. ) 
 CURVE ( )  GEOMETRIC_REPRESENTATION_ITEM ( )  RATIONAL_B_SPLINE_CURVE ( ( 1.000000000000000000, 0.9916139219377182457, 0.9916139219377182457, 1.000000000000000000 ) ) 
 REPRESENTATION_ITEM ( '' )  );
#4192 = AXIS2_PLACEMENT_3D ( 'NONE', #805, #7544, #6855 ) ;
#4193 = CARTESIAN_POINT ( 'NONE',  ( -64.00000000000001421, 24.00000000000000000, -7.000000000000000000 ) ) ;
#4194 = EDGE_CURVE ( 'NONE', #4522, #2080, #7773, .T. ) ;
#4195 = CYLINDRICAL_SURFACE ( 'NONE', #921, 3.499999999999998668 ) ;
#4196 = ORIENTED_EDGE ( 'NONE', *, *, #6331, .T. ) ;
#4197 = ADVANCED_FACE ( 'NONE', ( #7133 ), #1696, .F. ) ;
#4198 = FACE_OUTER_BOUND ( 'NONE', #6155, .T. ) ;
#4199 = EDGE_LOOP ( 'NONE', ( #2231, #2195, #5785, #4413 ) ) ;
#4200 = CIRCLE ( 'NONE', #2081, 5.599999999999987210 ) ;
#4201 = AXIS2_PLACEMENT_3D ( 'NONE', #1233, #5367, #7822 ) ;
#4202 = CARTESIAN_POINT ( 'NONE',  ( -2.999999999999995559, 18.00000000000000000, -0.5000000000000000000 ) ) ;
#4203 = PLANE ( 'NONE',  #2044 ) ;
#4204 = EDGE_LOOP ( 'NONE', ( #1385, #3192, #3330, #3397 ) ) ;
#4205 = DIRECTION ( 'NONE',  ( 1.000000000000000000, 0.000000000000000000, 0.000000000000000000 ) ) ;
#4206 = DIRECTION ( 'NONE',  ( 2.040851148208007259E-16, 1.000000000000000000, 0.000000000000000000 ) ) ;
#4207 = VERTEX_POINT ( 'NONE', #6645 ) ;
#4208 = VECTOR ( 'NONE', #2893, 1000.000000000000000 ) ;
#4209 = CIRCLE ( 'NONE', #63, 1.000000000000000000 ) ;
#4210 = VERTEX_POINT ( 'NONE', #5848 ) ;
#4211 = VECTOR ( 'NONE', #2499, 1000.000000000000000 ) ;
#4212 = DIRECTION ( 'NONE',  ( -0.000000000000000000, -0.000000000000000000, -1.000000000000000000 ) ) ;
#4213 = ORIENTED_EDGE ( 'NONE', *, *, #4151, .F. ) ;
#4214 = CARTESIAN_POINT ( 'NONE',  ( -58.00000000000000000, 3.185854099730716094, 5.499999999999379163 ) ) ;
#4215 = DIRECTION ( 'NONE',  ( 0.000000000000000000, -0.03547722218375332776, -0.9993704852086259249 ) ) ;
#4216 = DIRECTION ( 'NONE',  ( 1.000000000000000000, -2.973811673103097665E-16, 0.000000000000000000 ) ) ;
#4217 = PLANE ( 'NONE',  #1178 ) ;
#4218 = DIRECTION ( 'NONE',  ( 0.000000000000000000, -0.000000000000000000, -1.000000000000000000 ) ) ;
#4219 = DIRECTION ( 'NONE',  ( 1.000000000000000000, 0.000000000000000000, 0.000000000000000000 ) ) ;
#4220 = VECTOR ( 'NONE', #454, 1000.000000000000000 ) ;
#4221 = B_SPLINE_CURVE_WITH_KNOTS ( 'NONE', 3,
 ( #872, #6283, #4493, #7567 ),
 .UNSPECIFIED., .F., .F.,
 ( 4, 4 ),
 ( 0.000000000000000000, 0.0007123153312739583919 ),
 .UNSPECIFIED. ) ;
#4222 = ORIENTED_EDGE ( 'NONE', *, *, #4274, .F. ) ;
#4223 = EDGE_CURVE ( 'NONE', #5283, #2126, #595, .T. ) ;
#4224 = ORIENTED_EDGE ( 'NONE', *, *, #1828, .T. ) ;
#4225 = DIRECTION ( 'NONE',  ( -2.040851148208007259E-16, -1.000000000000000000, 0.000000000000000000 ) ) ;
#4226 = EDGE_LOOP ( 'NONE', ( #1855, #6147, #2169, #3417 ) ) ;
#4227 = CARTESIAN_POINT ( 'NONE',  ( -64.00000000000001421, 23.40000000000001279, 6.000000000000000000 ) ) ;
#4228 = LINE ( 'NONE', #3161, #2642 ) ;
#4229 = CIRCLE ( 'NONE', #212, 2.500000000000000444 ) ;
#4230 = CARTESIAN_POINT ( 'NONE',  ( -48.00000000000000000, -12.00000000000000000, -2.000000000000000000 ) ) ;
#4231 = CARTESIAN_POINT ( 'NONE',  ( -62.49999999999998579, -23.80803242245864126, 7.950000000000023270 ) ) ;
#4232 = CARTESIAN_POINT ( 'NONE',  ( 13.00000000000000711, 35.50000000000000000, -7.000000000000000000 ) ) ;
#4233 = VECTOR ( 'NONE', #2137, 1000.000000000000000 ) ;
#4234 = DIRECTION ( 'NONE',  ( 1.000000000000000000, 0.000000000000000000, 0.000000000000000000 ) ) ;
#4235 = EDGE_CURVE ( 'NONE', #4522, #5619, #7176, .T. ) ;
#4236 = EDGE_CURVE ( 'NONE', #1817, #5741, #4172, .T. ) ;
#4237 = DIRECTION ( 'NONE',  ( -0.000000000000000000, -0.000000000000000000, -1.000000000000000000 ) ) ;
#4238 = EDGE_CURVE ( 'NONE', #5517, #3411, #1149, .T. ) ;
#4239 = CIRCLE ( 'NONE', #7694, 1.000000000000000888 ) ;
#4240 = CARTESIAN_POINT ( 'NONE',  ( -48.00000000000000000, -17.00000000000000000, -7.399999999999982592 ) ) ;
#4241 = VERTEX_POINT ( 'NONE', #7293 ) ;
#4242 = AXIS2_PLACEMENT_3D ( 'NONE', #322, #6329, #1605 ) ;
#4243 = EDGE_CURVE ( 'NONE', #699, #5126, #7416, .T. ) ;
#4244 = CARTESIAN_POINT ( 'NONE',  ( 56.61626687376227096, 9.578310834983497557, 14.01626687376226421 ) ) ;
#4245 = DIRECTION ( 'NONE',  ( -0.7071067811865486830, 0.6830127018922188542, 0.1830127018922172166 ) ) ;
#4246 = LINE ( 'NONE', #4836, #2786 ) ;
#4247 = ORIENTED_EDGE ( 'NONE', *, *, #5291, .T. ) ;
#4248 = DIRECTION ( 'NONE',  ( -0.7071067811865516806, -0.7071067811865434649, 0.000000000000000000 ) ) ;
#4249 = CIRCLE ( 'NONE', #4638, 10.75000000000000000 ) ;
#4250 = ORIENTED_EDGE ( 'NONE', *, *, #1596, .F. ) ;
#4251 = DIRECTION ( 'NONE',  ( 1.000000000000000000, 0.000000000000000000, 0.000000000000000000 ) ) ;
#4252 = ORIENTED_EDGE ( 'NONE', *, *, #3376, .F. ) ;
#4253 = AXIS2_PLACEMENT_3D ( 'NONE', #3046, #3086, #4271 ) ;
#4254 = CARTESIAN_POINT ( 'NONE',  ( 63.99999999999998579, -3.185854099730718758, 7.999999999999395150 ) ) ;
#4255 = VERTEX_POINT ( 'NONE', #6049 ) ;
#4256 = LINE ( 'NONE', #5319, #30 ) ;
#4257 = SURFACE_STYLE_FILL_AREA ( #5434 ) ;
#4258 = CARTESIAN_POINT ( 'NONE',  ( 4.531193156845206793E-15, -18.00000000000000000, -0.9999999999999892308 ) ) ;
#4259 = LINE ( 'NONE', #676, #5586 ) ;
#4260 = CARTESIAN_POINT ( 'NONE',  ( 58.50000000000001421, 8.934653975957925098, 14.00000000000000000 ) ) ;
#4261 = DIRECTION ( 'NONE',  ( 1.000000000000000000, 0.000000000000000000, 0.000000000000000000 ) ) ;
#4262 = PLANE ( 'NONE',  #2665 ) ;
#4263 = EDGE_LOOP ( 'NONE', ( #503, #4447 ) ) ;
#4264 = EDGE_LOOP ( 'NONE', ( #3245, #6456, #2648, #5747 ) ) ;
#4265 = B_SPLINE_CURVE_WITH_KNOTS ( 'NONE', 3,
 ( #1759, #3611, #7208, #1843 ),
 .UNSPECIFIED., .F., .F.,
 ( 4, 4 ),
 ( 0.000000000000000000, 0.0008534234671440884580 ),
 .UNSPECIFIED. ) ;
#4266 = DIRECTION ( 'NONE',  ( 1.000000000000000000, 0.000000000000000000, -0.000000000000000000 ) ) ;
#4267 = ORIENTED_EDGE ( 'NONE', *, *, #2663, .F. ) ;
#4268 = DIRECTION ( 'NONE',  ( -0.000000000000000000, 0.7317478313925263045, 0.6815754626248915482 ) ) ;
#4269 = CARTESIAN_POINT ( 'NONE',  ( 63.99999999999998579, 8.396137495244500926, 15.40000000000001101 ) ) ;
#4270 = VERTEX_POINT ( 'NONE', #674 ) ;
#4271 = DIRECTION ( 'NONE',  ( -1.000000000000000000, 0.000000000000000000, 0.000000000000000000 ) ) ;
#4272 = CARTESIAN_POINT ( 'NONE',  ( -15.29289321881344854, 35.20710678118653902, -2.600000000000031175 ) ) ;
#4273 = B_SPLINE_CURVE_WITH_KNOTS ( 'NONE', 3,
 ( #2224, #1470, #4475, #7063 ),
 .UNSPECIFIED., .F., .F.,
 ( 4, 4 ),
 ( 0.000000000000000000, 0.0007123153312739894001 ),
 .UNSPECIFIED. ) ;
#4274 = EDGE_CURVE ( 'NONE', #7411, #7652, #6633, .T. ) ;
#4275 = CIRCLE ( 'NONE', #893, 2.099999999999999645 ) ;
#4276 = CARTESIAN_POINT ( 'NONE',  ( 10.24999999999999645, 29.00000000000089884, -5.000000000000000000 ) ) ;
#4277 = DIRECTION ( 'NONE',  ( 1.000000000000000000, 0.000000000000000000, 0.000000000000000000 ) ) ;
#4278 = PRODUCT_DEFINITION_FORMATION_WITH_SPECIFIED_SOURCE ( 'ANY', '', #2955, .NOT_KNOWN. ) ;
#4279 = LINE ( 'NONE', #1207, #6720 ) ;
#4280 = EDGE_LOOP ( 'NONE', ( #3142, #6044, #331, #3792 ) ) ;
#4281 = EDGE_CURVE ( 'NONE', #5251, #1897, #3067, .T. ) ;
#4282 = CARTESIAN_POINT ( 'NONE',  ( 47.99999999999998579, -12.00000000000001243, -8.000000000000000000 ) ) ;
#4283 = DIRECTION ( 'NONE',  ( 0.000000000000000000, 0.000000000000000000, 1.000000000000000000 ) ) ;
#4284 = ORIENTED_EDGE ( 'NONE', *, *, #1589, .T. ) ;
#4285 = ADVANCED_FACE ( 'NONE', ( #5569 ), #632, .F. ) ;
#4286 = CARTESIAN_POINT ( 'NONE',  ( -8.150000000000000355, 29.00000000000089528, -2.000000000000000000 ) ) ;
#4287 = ORIENTED_EDGE ( 'NONE', *, *, #1293, .T. ) ;
#4288 = VECTOR ( 'NONE', #1414, 999.9999999999998863 ) ;
#4289 = ORIENTED_EDGE ( 'NONE', *, *, #7757, .T. ) ;
#4290 = CARTESIAN_POINT ( 'NONE',  ( -63.50000000000004263, -3.185854099730718314, 5.999999999999394262 ) ) ;
#4291 = DIRECTION ( 'NONE',  ( -0.000000000000000000, -0.000000000000000000, 1.000000000000000000 ) ) ;
#4292 = ORIENTED_EDGE ( 'NONE', *, *, #5299, .F. ) ;
#4293 = CARTESIAN_POINT ( 'NONE',  ( -22.99999999999997868, 17.00000000000000355, -7.399999999999982592 ) ) ;
#4294 = ADVANCED_FACE ( 'NONE', ( #3032 ), #1944, .T. ) ;
#4295 = EDGE_CURVE ( 'NONE', #5076, #3155, #4849, .T. ) ;
#4296 = AXIS2_PLACEMENT_3D ( 'NONE', #4347, #1262, #1342 ) ;
#4297 = ORIENTED_EDGE ( 'NONE', *, *, #3226, .F. ) ;
#4298 = ADVANCED_FACE ( 'NONE', ( #168 ), #1850, .T. ) ;
#4299 = MANIFOLD_SOLID_BREP ( 'Бобышка-Вытянуть17', #5511 ) ;
#4300 = DIRECTION ( 'NONE',  ( 1.000000000000000000, 0.000000000000000000, 0.000000000000000000 ) ) ;
#4301 = ORIENTED_EDGE ( 'NONE', *, *, #7064, .F. ) ;
#4302 = DIRECTION ( 'NONE',  ( -0.000000000000000000, 0.000000000000000000, 1.000000000000000000 ) ) ;
#4303 = CARTESIAN_POINT ( 'NONE',  ( -64.00000000000001421, 23.40000000000001279, -7.000000000000000000 ) ) ;
#4304 = DIRECTION ( 'NONE',  ( 2.891205793294678326E-16, -1.000000000000000000, 0.000000000000000000 ) ) ;
#4305 = CARTESIAN_POINT ( 'NONE',  ( -3.944933459514874396, -10.00000000000000000, -7.000000000000000000 ) ) ;
#4306 = ORIENTED_EDGE ( 'NONE', *, *, #4450, .T. ) ;
#4307 = VERTEX_POINT ( 'NONE', #1296 ) ;
#4308 = LINE ( 'NONE', #1984, #2342 ) ;
#4309 = EDGE_LOOP ( 'NONE', ( #1120, #3100, #4213, #7650 ) ) ;
#4310 = DIRECTION ( 'NONE',  ( 0.000000000000000000, 0.000000000000000000, 1.000000000000000000 ) ) ;
#4311 = CARTESIAN_POINT ( 'NONE',  ( 22.99999999999998934, 11.99999999999999645, -2.000000000000000000 ) ) ;
#4312 = VERTEX_POINT ( 'NONE', #6088 ) ;
#4313 = FACE_OUTER_BOUND ( 'NONE', #7104, .T. ) ;
#4314 = DIRECTION ( 'NONE',  ( 0.7071067811865556774, 0.000000000000000000, -0.7071067811865393571 ) ) ;
#4315 = CARTESIAN_POINT ( 'NONE',  ( -47.99999999999999289, 17.00000000000001066, -7.399999999999982592 ) ) ;
#4316 = AXIS2_PLACEMENT_3D ( 'NONE', #3020, #7127, #2943 ) ;
#4317 = VERTEX_POINT ( 'NONE', #7381 ) ;
#4318 = DIRECTION ( 'NONE',  ( 0.000000000000000000, -0.7071067811865495711, 0.7071067811865454633 ) ) ;
#4319 = ORIENTED_EDGE ( 'NONE', *, *, #3110, .T. ) ;
#4320 = VECTOR ( 'NONE', #4540, 1000.000000000000000 ) ;
#4321 = CARTESIAN_POINT ( 'NONE',  ( 10.25000000000000000, 8.300000000000901323, -2.000000000000000000 ) ) ;
#4322 = LINE ( 'NONE', #6112, #1070 ) ;
#4323 = EDGE_LOOP ( 'NONE', ( #3289, #758, #4506, #7589 ) ) ;
#4324 = EDGE_CURVE ( 'NONE', #487, #1566, #3694, .T. ) ;
#4325 = FACE_OUTER_BOUND ( 'NONE', #3530, .T. ) ;
#4326 = AXIS2_PLACEMENT_3D ( 'NONE', #3870, #3985, #3911 ) ;
#4327 = EDGE_LOOP ( 'NONE', ( #2470, #4591, #3214, #6970 ) ) ;
#4328 = AXIS2_PLACEMENT_3D ( 'NONE', #3176, #7325, #5596 ) ;
#4329 = VERTEX_POINT ( 'NONE', #1933 ) ;
#4330 = CARTESIAN_POINT ( 'NONE',  ( 47.99999999999999289, 17.59999999999998721, -2.000000000000000000 ) ) ;
#4331 = CARTESIAN_POINT ( 'NONE',  ( -10.25000000000000000, 29.00000000000089528, 0.000000000000000000 ) ) ;
#4332 = CONICAL_SURFACE ( 'NONE', #5335, 1.600000000000032063, 0.7853981633974430610 ) ;
#4333 = ORIENTED_EDGE ( 'NONE', *, *, #4633, .T. ) ;
#4334 = ADVANCED_FACE ( 'NONE', ( #3109 ), #5524, .F. ) ;
#4335 = CYLINDRICAL_SURFACE ( 'NONE', #5492, 2.099999999999999645 ) ;
#4336 = EDGE_CURVE ( 'NONE', #7053, #4722, #760, .T. ) ;
#4337 = ORIENTED_EDGE ( 'NONE', *, *, #1772, .T. ) ;
#4338 = LINE ( 'NONE', #2478, #4448 ) ;
#4339 = CARTESIAN_POINT ( 'NONE',  ( 7.099999999999999645, 23.99999999999998934, -5.800000000000000711 ) ) ;
#4340 = ORIENTED_EDGE ( 'NONE', *, *, #3649, .F. ) ;
#4341 = VECTOR ( 'NONE', #7001, 1000.000000000000000 ) ;
#4342 = AXIS2_PLACEMENT_3D ( 'NONE', #1161, #606, #5446 ) ;
#4343 = DIRECTION ( 'NONE',  ( 0.000000000000000000, 0.000000000000000000, -1.000000000000000000 ) ) ;
#4344 = DIRECTION ( 'NONE',  ( -0.000000000000000000, -0.000000000000000000, 1.000000000000000000 ) ) ;
#4345 = FACE_OUTER_BOUND ( 'NONE', #2684, .T. ) ;
#4346 = CARTESIAN_POINT ( 'NONE',  ( 58.00000000000000000, -14.00000000000000000, 6.000000000000000000 ) ) ;
#4347 = CARTESIAN_POINT ( 'NONE',  ( -24.82573593128807943, 24.82573593128797640, -2.000000000000000000 ) ) ;
#4348 = EDGE_CURVE ( 'NONE', #7636, #1387, #3779, .T. ) ;
#4349 = ORIENTED_EDGE ( 'NONE', *, *, #5350, .T. ) ;
#4350 = VECTOR ( 'NONE', #2331, 1000.000000000000114 ) ;
#4351 = EDGE_LOOP ( 'NONE', ( #1469, #1533, #5133, #3186 ) ) ;
#4352 = DIRECTION ( 'NONE',  ( -0.000000000000000000, -0.000000000000000000, -1.000000000000000000 ) ) ;
#4353 = EDGE_CURVE ( 'NONE', #1946, #1486, #5047, .T. ) ;
#4354 = VERTEX_POINT ( 'NONE', #2139 ) ;
#4355 = DIRECTION ( 'NONE',  ( -0.7071067811865597852, 0.000000000000000000, -0.7071067811865352493 ) ) ;
#4356 = DIRECTION ( 'NONE',  ( 1.000000000000000000, 0.000000000000000000, 0.000000000000000000 ) ) ;
#4357 = ORIENTED_EDGE ( 'NONE', *, *, #2497, .F. ) ;
#4358 = CARTESIAN_POINT ( 'NONE',  ( 63.99999999999998579, -3.185854099730718314, 5.499999999999393374 ) ) ;
#4359 = CARTESIAN_POINT ( 'NONE',  ( 0.000000000000000000, 0.000000000000000000, -7.000000000000000000 ) ) ;
#4360 = DIRECTION ( 'NONE',  ( 1.020425574104004246E-16, 1.000000000000000000, 0.000000000000000000 ) ) ;
#4361 = VECTOR ( 'NONE', #488, 999.9999999999998863 ) ;
#4362 = LINE ( 'NONE', #1952, #4211 ) ;
#4363 = ORIENTED_EDGE ( 'NONE', *, *, #3898, .F. ) ;
#4364 = DIRECTION ( 'NONE',  ( -1.000000000000000000, -0.000000000000000000, -0.000000000000000000 ) ) ;
#4365 = ORIENTED_EDGE ( 'NONE', *, *, #13, .F. ) ;
#4366 = CARTESIAN_POINT ( 'NONE',  ( 4.531193156845206793E-15, -18.00000000000000000, -0.9999999999999892308 ) ) ;
#4367 = CARTESIAN_POINT ( 'NONE',  ( 14.58578643762690064, 35.50000000000000000, -2.600000000000031175 ) ) ;
#4368 = VECTOR ( 'NONE', #516, 1000.000000000000000 ) ;
#4369 = CYLINDRICAL_SURFACE ( 'NONE', #4563, 2.099999999999999645 ) ;
#4370 = DIRECTION ( 'NONE',  ( -1.000000000000000000, 0.000000000000000000, -0.000000000000000000 ) ) ;
#4371 = DIRECTION ( 'NONE',  ( -1.000000000000000000, 3.965082230804129727E-16, 0.000000000000000000 ) ) ;
#4372 = EDGE_LOOP ( 'NONE', ( #2601, #388, #7486, #7289, #5030, #7156, #6037, #4979 ) ) ;
#4373 = VERTEX_POINT ( 'NONE', #7540 ) ;
#4374 = CARTESIAN_POINT ( 'NONE',  ( -64.00000000000001421, -8.934653975957926875, 14.00000000000000000 ) ) ;
#4375 = EDGE_CURVE ( 'NONE', #653, #6288, #4465, .T. ) ;
#4376 = VECTOR ( 'NONE', #5877, 1000.000000000000000 ) ;
#4377 = ORIENTED_EDGE ( 'NONE', *, *, #2193, .F. ) ;
#4378 = VECTOR ( 'NONE', #6770, 1000.000000000000000 ) ;
#4379 = ORIENTED_EDGE ( 'NONE', *, *, #4482, .F. ) ;
#4380 = CARTESIAN_POINT ( 'NONE',  ( 63.99999999999998579, -23.40000000000001279, 6.000000000000000000 ) ) ;
#4381 = PRESENTATION_STYLE_ASSIGNMENT (( #85 ) ) ;
#4382 = DIRECTION ( 'NONE',  ( 0.000000000000000000, 0.000000000000000000, -1.000000000000000000 ) ) ;
#4383 = DIRECTION ( 'NONE',  ( -2.040851148208007259E-16, -1.000000000000000000, 0.000000000000000000 ) ) ;
#4384 = DIRECTION ( 'NONE',  ( -0.000000000000000000, 0.000000000000000000, 1.000000000000000000 ) ) ;
#4385 = CARTESIAN_POINT ( 'NONE',  ( 47.99999999999999289, 12.00000000000000000, -2.000000000000000000 ) ) ;
#4386 = EDGE_CURVE ( 'NONE', #5867, #3859, #6891, .T. ) ;
#4387 = CONICAL_SURFACE ( 'NONE', #995, 2.499999999999972911, 0.7853981633974482790 ) ;
#4388 = ORIENTED_EDGE ( 'NONE', *, *, #1760, .F. ) ;
#4389 = ORIENTED_EDGE ( 'NONE', *, *, #683, .F. ) ;
#4390 = FACE_OUTER_BOUND ( 'NONE', #7315, .T. ) ;
#4391 = ORIENTED_EDGE ( 'NONE', *, *, #720, .T. ) ;
#4392 = CARTESIAN_POINT ( 'NONE',  ( 12.34999999999999964, 8.300000000000901323, 0.000000000000000000 ) ) ;
#4393 = ADVANCED_FACE ( 'NONE', ( #1462 ), #1535, .F. ) ;
#4394 = CARTESIAN_POINT ( 'NONE',  ( -26.20710678118648218, 24.29289321881345387, -2.600000000000031175 ) ) ;
#4395 = VECTOR ( 'NONE', #4304, 1000.000000000000000 ) ;
#4396 = VERTEX_POINT ( 'NONE', #7501 ) ;
#4397 = DIRECTION ( 'NONE',  ( -1.000000000000000000, 2.973811673103097665E-16, 0.000000000000000000 ) ) ;
#4398 = LINE ( 'NONE', #142, #1489 ) ;
#4399 = EDGE_CURVE ( 'NONE', #7394, #2611, #286, .T. ) ;
#4400 = ADVANCED_FACE ( 'NONE', ( #3267 ), #1312, .T. ) ;
#4401 = VECTOR ( 'NONE', #6897, 1000.000000000000114 ) ;
#4402 = FACE_OUTER_BOUND ( 'NONE', #3486, .T. ) ;
#4403 = DIRECTION ( 'NONE',  ( 0.000000000000000000, 0.000000000000000000, -1.000000000000000000 ) ) ;
#4404 = ORIENTED_EDGE ( 'NONE', *, *, #4549, .T. ) ;
#4405 = CARTESIAN_POINT ( 'NONE',  ( 54.00000000000000711, -23.40000000000001279, -2.000000000000000000 ) ) ;
#4406 = ADVANCED_FACE ( 'NONE', ( #2100 ), #3900, .T. ) ;
#4407 = DIRECTION ( 'NONE',  ( 0.000000000000000000, -0.000000000000000000, -1.000000000000000000 ) ) ;
#4408 = VERTEX_POINT ( 'NONE', #3308 ) ;
#4409 = LINE ( 'NONE', #2046, #6621 ) ;
#4410 =( BOUNDED_CURVE ( )  B_SPLINE_CURVE ( 3, ( #1341, #3113, #5692, #251 ),
 .UNSPECIFIED., .F., .T. ) 
 B_SPLINE_CURVE_WITH_KNOTS ( ( 4, 4 ),
 ( 2.891205793294649730E-16, 0.3175604292915586990 ),
 .UNSPECIFIED. ) 
 CURVE ( )  GEOMETRIC_REPRESENTATION_ITEM ( )  RATIONAL_B_SPLINE_CURVE ( ( 1.000000000000000000, 0.9916139219377146929, 0.9916139219377146929, 1.000000000000000000 ) ) 
 REPRESENTATION_ITEM ( '' )  );
#4411 = LINE ( 'NONE', #7483, #6110 ) ;
#4412 = ORIENTED_EDGE ( 'NONE', *, *, #2974, .F. ) ;
#4413 = ORIENTED_EDGE ( 'NONE', *, *, #6289, .F. ) ;
#4414 = FACE_OUTER_BOUND ( 'NONE', #1778, .T. ) ;
#4415 = VERTEX_POINT ( 'NONE', #5730 ) ;
#4416 = CIRCLE ( 'NONE', #2022, 4.999999999999997335 ) ;
#4417 = DIRECTION ( 'NONE',  ( 0.7071067811865556774, -0.7071067811865393571, 0.000000000000000000 ) ) ;
#4418 = AXIS2_PLACEMENT_3D ( 'NONE', #7006, #1568, #2002 ) ;
#4419 = ORIENTED_EDGE ( 'NONE', *, *, #7166, .F. ) ;
#4420 = CARTESIAN_POINT ( 'NONE',  ( 4.531193156845206793E-15, 18.00000000000000000, -5.800000000000000711 ) ) ;
#4421 = VERTEX_POINT ( 'NONE', #5648 ) ;
#4422 = FACE_BOUND ( 'NONE', #4006, .T. ) ;
#4423 = EDGE_CURVE ( 'NONE', #7183, #5764, #6971, .T. ) ;
#4424 =( NAMED_UNIT ( * ) PLANE_ANGLE_UNIT ( ) SI_UNIT ( $, .RADIAN. ) );
#4425 = CARTESIAN_POINT ( 'NONE',  ( -58.56638476669611038, -8.512125508622840897, 15.96638476669610185 ) ) ;
#4426 = CARTESIAN_POINT ( 'NONE',  ( 62.99999999999998579, -12.99201543247748170, 13.40798456752249912 ) ) ;
#4427 = VECTOR ( 'NONE', #4598, 1000.000000000000000 ) ;
#4428 = CARTESIAN_POINT ( 'NONE',  ( -2.799999999999950973, -18.00000000000000000, 1.500000000000000000 ) ) ;
#4429 = ORIENTED_EDGE ( 'NONE', *, *, #5061, .T. ) ;
#4430 = ORIENTED_EDGE ( 'NONE', *, *, #4174, .F. ) ;
#4431 = CARTESIAN_POINT ( 'NONE',  ( 4.531193156845206793E-15, 18.00000000000000000, 1.500000000000000000 ) ) ;
#4432 = CIRCLE ( 'NONE', #7366, 10.00000000000000000 ) ;
#4433 = LINE ( 'NONE', #1350, #3201 ) ;
#4434 = ADVANCED_FACE ( 'NONE', ( #5509 ), #2204, .F. ) ;
#4435 = CARTESIAN_POINT ( 'NONE',  ( -53.00000000000000000, -11.99999999999999822, -8.000000000000000000 ) ) ;
#4436 = ORIENTED_EDGE ( 'NONE', *, *, #2485, .T. ) ;
#4437 = LINE ( 'NONE', #7692, #881 ) ;
#4438 = CARTESIAN_POINT ( 'NONE',  ( -58.00000000000000000, -8.934653975957926875, 14.00000000000000000 ) ) ;
#4439 = ADVANCED_FACE ( 'NONE', ( #4910 ), #1873, .F. ) ;
#4440 = EDGE_LOOP ( 'NONE', ( #6276, #5802, #6557, #665 ) ) ;
#4441 = PLANE ( 'NONE',  #5611 ) ;
#4442 = ORIENTED_EDGE ( 'NONE', *, *, #1128, .F. ) ;
#4443 = CARTESIAN_POINT ( 'NONE',  ( 17.99999999999998934, 16.99999999999999645, -7.399999999999982592 ) ) ;
#4444 = EDGE_CURVE ( 'NONE', #7046, #7471, #4409, .T. ) ;
#4445 = DIRECTION ( 'NONE',  ( 0.000000000000000000, 0.000000000000000000, 1.000000000000000000 ) ) ;
#4446 = EDGE_CURVE ( 'NONE', #6301, #1593, #438, .T. ) ;
#4447 = ORIENTED_EDGE ( 'NONE', *, *, #6735, .F. ) ;
#4448 = VECTOR ( 'NONE', #3823, 1000.000000000000114 ) ;
#4449 = FACE_OUTER_BOUND ( 'NONE', #1472, .T. ) ;
#4450 = EDGE_CURVE ( 'NONE', #5169, #202, #3949, .T. ) ;
#4451 = CARTESIAN_POINT ( 'NONE',  ( 58.59999999999998010, -14.00000000000000000, 6.000000000000000000 ) ) ;
#4452 = AXIS2_PLACEMENT_3D ( 'NONE', #2332, #7179, #4741 ) ;
#4453 = CARTESIAN_POINT ( 'NONE',  ( 63.49999999999998579, -3.185854099730718758, 7.999999999999395150 ) ) ;
#4454 = DIRECTION ( 'NONE',  ( 1.000000000000000000, 0.000000000000000000, 0.000000000000000000 ) ) ;
#4455 = EDGE_CURVE ( 'NONE', #1135, #6754, #4322, .T. ) ;
#4456 = ORIENTED_EDGE ( 'NONE', *, *, #3216, .T. ) ;
#4457 = ORIENTED_EDGE ( 'NONE', *, *, #7300, .T. ) ;
#4458 = ORIENTED_EDGE ( 'NONE', *, *, #2969, .F. ) ;
#4459 = AXIS2_PLACEMENT_3D ( 'NONE', #6263, #5087, #4513 ) ;
#4460 = FACE_OUTER_BOUND ( 'NONE', #4351, .T. ) ;
#4461 = ORIENTED_EDGE ( 'NONE', *, *, #1242, .T. ) ;
#4462 = DIRECTION ( 'NONE',  ( 1.000000000000000000, 0.000000000000000000, 0.000000000000000000 ) ) ;
#4463 = ORIENTED_EDGE ( 'NONE', *, *, #2989, .T. ) ;
#4464 = PLANE ( 'NONE',  #3422 ) ;
#4465 = LINE ( 'NONE', #2058, #6246 ) ;
#4466 = DIRECTION ( 'NONE',  ( 0.000000000000000000, 0.7071067811865434649, 0.7071067811865516806 ) ) ;
#4467 = ORIENTED_EDGE ( 'NONE', *, *, #738, .T. ) ;
#4468 = LINE ( 'NONE', #1423, #867 ) ;
#4469 = FACE_OUTER_BOUND ( 'NONE', #7609, .T. ) ;
#4470 = LINE ( 'NONE', #4428, #2006 ) ;
#4471 = ORIENTED_EDGE ( 'NONE', *, *, #5806, .F. ) ;
#4472 = CARTESIAN_POINT ( 'NONE',  ( 62.49999999999998579, 20.24542364858361765, 13.80990931123482568 ) ) ;
#4473 = VECTOR ( 'NONE', #4750, 1000.000000000000227 ) ;
#4474 = ORIENTED_EDGE ( 'NONE', *, *, #1211, .F. ) ;
#4475 = CARTESIAN_POINT ( 'NONE',  ( 63.66682832714850804, -8.336868088146802691, 15.73317167285148699 ) ) ;
#4476 = CARTESIAN_POINT ( 'NONE',  ( 9.150000000000002132, 8.300000000000901323, -7.000000000000000000 ) ) ;
#4477 = ORIENTED_EDGE ( 'NONE', *, *, #6563, .T. ) ;
#4478 = DIRECTION ( 'NONE',  ( -0.000000000000000000, 0.000000000000000000, 1.000000000000000000 ) ) ;
#4479 = CARTESIAN_POINT ( 'NONE',  ( 64.53107499061545127, 7.632590180779899924, -23.76740981922025142 ) ) ;
#4480 = CARTESIAN_POINT ( 'NONE',  ( 4.531193156845206793E-15, -18.00000000000000000, -0.5000000000000000000 ) ) ;
#4481 = CIRCLE ( 'NONE', #2713, 3.000000000000000000 ) ;
#4482 = EDGE_CURVE ( 'NONE', #1145, #1663, #6877, .T. ) ;
#4483 = ORIENTED_EDGE ( 'NONE', *, *, #777, .T. ) ;
#4484 = DIRECTION ( 'NONE',  ( -1.000000000000000000, -0.000000000000000000, -0.000000000000000000 ) ) ;
#4485 = ORIENTED_EDGE ( 'NONE', *, *, #17, .T. ) ;
#4486 = LINE ( 'NONE', #3056, #687 ) ;
#4487 = CARTESIAN_POINT ( 'NONE',  ( -48.00000000000000000, -17.60000000000001563, -8.000000000000000000 ) ) ;
#4488 = CONICAL_SURFACE ( 'NONE', #1574, 4.600000000000030731, 0.7853981633974598253 ) ;
#4489 = VERTEX_POINT ( 'NONE', #6839 ) ;
#4490 = EDGE_CURVE ( 'NONE', #7155, #148, #6162, .T. ) ;
#4491 = AXIS2_PLACEMENT_3D ( 'NONE', #1468, #4516, #2768 ) ;
#4492 = ADVANCED_FACE ( 'NONE', ( #2634 ), #2506, .F. ) ;
#4493 = CARTESIAN_POINT ( 'NONE',  ( -63.66682832714855067, 8.336868088146692557, 15.73317167285146922 ) ) ;
#4494 = CARTESIAN_POINT ( 'NONE',  ( 8.872236851905578092, 6.282866319609577310, -2.479114489146048594 ) ) ;
#4495 = DIRECTION ( 'NONE',  ( 0.000000000000000000, 0.2588190451025180749, -0.9659258262890690894 ) ) ;
#4496 = VERTEX_POINT ( 'NONE', #7364 ) ;
#4497 = ORIENTED_EDGE ( 'NONE', *, *, #5645, .F. ) ;
#4498 = ADVANCED_FACE ( 'NONE', ( #6203 ), #1281, .F. ) ;
#4499 = EDGE_LOOP ( 'NONE', ( #2170, #6899, #5267, #2910 ) ) ;
#4500 = VECTOR ( 'NONE', #7093, 1000.000000000000227 ) ;
#4501 = PLANE ( 'NONE',  #2307 ) ;
#4502 = CARTESIAN_POINT ( 'NONE',  ( -7.100000000000000533, 35.50000000000000000, -7.000000000000000000 ) ) ;
#4503 = ADVANCED_FACE ( 'NONE', ( #154, #6751 ), #3053, .F. ) ;
#4504 = EDGE_CURVE ( 'NONE', #3039, #661, #4200, .T. ) ;
#4505 = VECTOR ( 'NONE', #468, 1000.000000000000000 ) ;
#4506 = ORIENTED_EDGE ( 'NONE', *, *, #2485, .F. ) ;
#4507 = CARTESIAN_POINT ( 'NONE',  ( 13.00000000000000000, -10.00000000000000178, -8.000000000000000000 ) ) ;
#4508 = EDGE_LOOP ( 'NONE', ( #2145, #4922, #1815, #405, #1055 ) ) ;
#4509 = DIRECTION ( 'NONE',  ( 1.000000000000000000, 0.000000000000000000, 0.000000000000000000 ) ) ;
#4510 = PRODUCT_CONTEXT ( 'NONE', #6002, 'mechanical' ) ;
#4511 = DIRECTION ( 'NONE',  ( 0.000000000000000000, 0.2588190451025180749, -0.9659258262890690894 ) ) ;
#4512 = AXIS2_PLACEMENT_3D ( 'NONE', #7496, #2756, #5680 ) ;
#4513 = DIRECTION ( 'NONE',  ( 1.525031627232357891E-16, 1.000000000000000000, 0.000000000000000000 ) ) ;
#4514 = VECTOR ( 'NONE', #5773, 1000.000000000000114 ) ;
#4515 = ORIENTED_EDGE ( 'NONE', *, *, #6715, .T. ) ;
#4516 = DIRECTION ( 'NONE',  ( 0.000000000000000000, 0.000000000000000000, 1.000000000000000000 ) ) ;
#4517 = ORIENTED_EDGE ( 'NONE', *, *, #5699, .T. ) ;
#4518 = CARTESIAN_POINT ( 'NONE',  ( -62.99999999999998579, 15.69999999999999218, 10.70000000000000284 ) ) ;
#4519 = AXIS2_PLACEMENT_3D ( 'NONE', #23, #4753, #5497 ) ;
#4520 = DIRECTION ( 'NONE',  ( 0.000000000000000000, 0.000000000000000000, 1.000000000000000000 ) ) ;
#4521 = AXIS2_PLACEMENT_3D ( 'NONE', #1089, #5978, #5942 ) ;
#4522 = VERTEX_POINT ( 'NONE', #830 ) ;
#4523 = ORIENTED_EDGE ( 'NONE', *, *, #2464, .F. ) ;
#4524 = CIRCLE ( 'NONE', #3253, 1.499999999999985789 ) ;
#4525 = DIRECTION ( 'NONE',  ( 0.000000000000000000, 0.03547722218375332776, -0.9993704852086259249 ) ) ;
#4526 = VERTEX_POINT ( 'NONE', #193 ) ;
#4527 = CARTESIAN_POINT ( 'NONE',  ( 63.99999999999998579, 5.600668665453389039, 7.352952387243101740 ) ) ;
#4528 = CARTESIAN_POINT ( 'NONE',  ( -3.944933459514878837, -9.999999999999996447, -7.000000000000000000 ) ) ;
#4529 = ORIENTED_EDGE ( 'NONE', *, *, #2936, .T. ) ;
#4530 = EDGE_CURVE ( 'NONE', #7756, #1798, #696, .T. ) ;
#4531 = CARTESIAN_POINT ( 'NONE',  ( -48.00000000000000000, -17.60000000000001563, -8.000000000000000000 ) ) ;
#4532 = VECTOR ( 'NONE', #2651, 1000.000000000000000 ) ;
#4533 = DIRECTION ( 'NONE',  ( 1.000000000000000000, 0.000000000000000000, 0.000000000000000000 ) ) ;
#4534 = CARTESIAN_POINT ( 'NONE',  ( 8.099999999999997868, 8.511903429903327378, -5.800000000000000711 ) ) ;
#4535 = AXIS2_PLACEMENT_3D ( 'NONE', #7337, #6729, #1297 ) ;
#4536 = DIRECTION ( 'NONE',  ( -0.000000000000000000, -0.000000000000000000, 1.000000000000000000 ) ) ;
#4537 = ORIENTED_EDGE ( 'NONE', *, *, #7374, .F. ) ;
#4538 = EDGE_CURVE ( 'NONE', #2008, #3443, #7405, .T. ) ;
#4539 = DIRECTION ( 'NONE',  ( -1.000000000000000000, -9.912705577010325549E-17, -0.000000000000000000 ) ) ;
#4540 = DIRECTION ( 'NONE',  ( 0.000000000000000000, 0.000000000000000000, -1.000000000000000000 ) ) ;
#4541 = DIRECTION ( 'NONE',  ( -1.000000000000000000, 1.334402673828313339E-16, 0.000000000000000000 ) ) ;
#4542 = EDGE_CURVE ( 'NONE', #3038, #7394, #6796, .T. ) ;
#4543 = ORIENTED_EDGE ( 'NONE', *, *, #5208, .T. ) ;
#4544 = DIRECTION ( 'NONE',  ( 0.000000000000000000, 0.000000000000000000, -1.000000000000000000 ) ) ;
#4545 = ORIENTED_EDGE ( 'NONE', *, *, #4142, .T. ) ;
#4546 = DIRECTION ( 'NONE',  ( 1.000000000000000000, -0.000000000000000000, 0.000000000000000000 ) ) ;
#4547 = EDGE_CURVE ( 'NONE', #6799, #684, #5594, .T. ) ;
#4548 = ORIENTED_EDGE ( 'NONE', *, *, #6196, .F. ) ;
#4549 = EDGE_CURVE ( 'NONE', #3707, #5251, #1690, .T. ) ;
#4550 = CARTESIAN_POINT ( 'NONE',  ( -64.00000000000001421, -8.934653975957926875, 14.00000000000000000 ) ) ;
#4551 = DIRECTION ( 'NONE',  ( 1.000000000000000000, 0.000000000000000000, 0.000000000000000000 ) ) ;
#4552 = VECTOR ( 'NONE', #2094, 1000.000000000000114 ) ;
#4553 = EDGE_CURVE ( 'NONE', #4329, #5679, #1163, .T. ) ;
#4554 = ORIENTED_EDGE ( 'NONE', *, *, #6662, .T. ) ;
#4555 = CARTESIAN_POINT ( 'NONE',  ( -58.60000000000000853, 8.934653975957925098, 16.00000000000000000 ) ) ;
#4556 = ORIENTED_EDGE ( 'NONE', *, *, #2936, .F. ) ;
#4557 = DIRECTION ( 'NONE',  ( -0.7071067811865405783, 0.6830127018922266258, -0.1830127018922187154 ) ) ;
#4558 = CYLINDRICAL_SURFACE ( 'NONE', #6442, 2.000000000000000000 ) ;
#4559 = VECTOR ( 'NONE', #6571, 1000.000000000000114 ) ;
#4560 = CARTESIAN_POINT ( 'NONE',  ( -63.40000000000001279, -8.934653975957926875, 16.00000000000000000 ) ) ;
#4561 = PLANE ( 'NONE',  #6966 ) ;
#4562 = EDGE_LOOP ( 'NONE', ( #3992, #7575 ) ) ;
#4563 = AXIS2_PLACEMENT_3D ( 'NONE', #7319, #112, #6708 ) ;
#4564 = VERTEX_POINT ( 'NONE', #873 ) ;
#4565 = CARTESIAN_POINT ( 'NONE',  ( 12.34999999999999609, 29.00000000000089884, -5.000000000000000000 ) ) ;
#4566 = ORIENTED_EDGE ( 'NONE', *, *, #5341, .F. ) ;
#4567 = FACE_OUTER_BOUND ( 'NONE', #7301, .T. ) ;
#4568 = LINE ( 'NONE', #4135, #7238 ) ;
#4569 = VERTEX_POINT ( 'NONE', #5112 ) ;
#4570 = PLANE ( 'NONE',  #5655 ) ;
#4571 = LINE ( 'NONE', #3849, #3925 ) ;
#4572 = DIRECTION ( 'NONE',  ( 0.000000000000000000, -0.000000000000000000, -1.000000000000000000 ) ) ;
#4573 = VECTOR ( 'NONE', #2540, 999.9999999999998863 ) ;
#4574 = DIRECTION ( 'NONE',  ( 1.000000000000000000, -0.000000000000000000, -0.000000000000000000 ) ) ;
#4575 = EDGE_LOOP ( 'NONE', ( #5999, #859, #4477, #7454 ) ) ;
#4576 = DIRECTION ( 'NONE',  ( -0.000000000000000000, -0.000000000000000000, 1.000000000000000000 ) ) ;
#4577 = LINE ( 'NONE', #7577, #6964 ) ;
#4578 = AXIS2_PLACEMENT_3D ( 'NONE', #1840, #2550, #6076 ) ;
#4579 = EDGE_CURVE ( 'NONE', #617, #5603, #1485, .T. ) ;
#4580 = EDGE_LOOP ( 'NONE', ( #5952, #509, #1565, #2654 ) ) ;
#4581 = ORIENTED_EDGE ( 'NONE', *, *, #1643, .F. ) ;
#4582 = AXIS2_PLACEMENT_3D ( 'NONE', #3813, #6250, #3215 ) ;
#4583 = ORIENTED_EDGE ( 'NONE', *, *, #3083, .F. ) ;
#4584 = PRESENTATION_STYLE_ASSIGNMENT (( #3901 ) ) ;
#4585 = ORIENTED_EDGE ( 'NONE', *, *, #3183, .F. ) ;
#4586 = DIRECTION ( 'NONE',  ( -0.000000000000000000, -0.000000000000000000, 1.000000000000000000 ) ) ;
#4587 = CIRCLE ( 'NONE', #4061, 5.600000000000000533 ) ;
#4588 = EDGE_CURVE ( 'NONE', #3968, #2638, #1806, .T. ) ;
#4589 = EDGE_CURVE ( 'NONE', #7258, #1869, #7606, .T. ) ;
#4590 = ORIENTED_EDGE ( 'NONE', *, *, #3764, .F. ) ;
#4591 = ORIENTED_EDGE ( 'NONE', *, *, #160, .T. ) ;
#4592 = CARTESIAN_POINT ( 'NONE',  ( -63.50000000000004263, 8.310154176118015101, 15.89999999999997726 ) ) ;
#4593 = DIRECTION ( 'NONE',  ( 0.000000000000000000, 0.000000000000000000, -1.000000000000000000 ) ) ;
#4594 = VECTOR ( 'NONE', #3684, 1000.000000000000114 ) ;
#4595 = DIRECTION ( 'NONE',  ( 1.000000000000000000, -3.965082230804129727E-16, 0.000000000000000000 ) ) ;
#4596 = ADVANCED_FACE ( 'NONE', ( #3255, #1016 ), #6284, .T. ) ;
#4597 = CARTESIAN_POINT ( 'NONE',  ( 47.99999999999998579, -12.00000000000001243, -2.000000000000000000 ) ) ;
#4598 = DIRECTION ( 'NONE',  ( 1.000000000000000000, 0.000000000000000000, 0.000000000000000000 ) ) ;
#4599 = EDGE_CURVE ( 'NONE', #5867, #7560, #6752, .T. ) ;
#4600 = ORIENTED_EDGE ( 'NONE', *, *, #1066, .F. ) ;
#4601 = ORIENTED_EDGE ( 'NONE', *, *, #6981, .T. ) ;
#4602 = CARTESIAN_POINT ( 'NONE',  ( -58.00000000000000000, -18.94999999999998508, 11.77459666924138659 ) ) ;
#4603 = ORIENTED_EDGE ( 'NONE', *, *, #3413, .T. ) ;
#4604 = FACE_OUTER_BOUND ( 'NONE', #2357, .T. ) ;
#4605 = CARTESIAN_POINT ( 'NONE',  ( -58.16646541976386686, -8.365225642826670693, 15.56646541976386544 ) ) ;
#4606 = LINE ( 'NONE', #461, #1022 ) ;
#4607 = CARTESIAN_POINT ( 'NONE',  ( -63.50000000000004263, 8.934653975957925098, 14.00000000000000000 ) ) ;
#4608 = AXIS2_PLACEMENT_3D ( 'NONE', #7397, #3756, #776 ) ;
#4609 = VECTOR ( 'NONE', #5358, 1000.000000000000000 ) ;
#4610 = DIRECTION ( 'NONE',  ( 0.000000000000000000, 1.000000000000000000, 0.000000000000000000 ) ) ;
#4611 = ORIENTED_EDGE ( 'NONE', *, *, #4772, .T. ) ;
#4612 = EDGE_LOOP ( 'NONE', ( #7026, #6308, #2205, #512 ) ) ;
#4613 = CYLINDRICAL_SURFACE ( 'NONE', #1052, 1.099999999999998535 ) ;
#4614 = LINE ( 'NONE', #5767, #2660 ) ;
#4615 = ORIENTED_EDGE ( 'NONE', *, *, #6406, .T. ) ;
#4616 = ORIENTED_EDGE ( 'NONE', *, *, #1457, .F. ) ;
#4617 = AXIS2_PLACEMENT_3D ( 'NONE', #6126, #4212, #6172 ) ;
#4618 = CARTESIAN_POINT ( 'NONE',  ( 58.00000000000000000, 7.485765236524337674, 14.38822856765377445 ) ) ;
#4619 = EDGE_LOOP ( 'NONE', ( #2214, #7008, #2471, #2678 ) ) ;
#4620 = DIRECTION ( 'NONE',  ( 2.803736533363882870E-16, 0.7071067811865473507, 0.7071067811865476838 ) ) ;
#4621 = EDGE_LOOP ( 'NONE', ( #4663, #662, #7599, #5843, #5042, #2722 ) ) ;
#4622 = CARTESIAN_POINT ( 'NONE',  ( 4.531193156845206793E-15, 18.00000000000000000, 1.500000000000000000 ) ) ;
#4623 = EDGE_CURVE ( 'NONE', #1800, #3177, #1600, .T. ) ;
#4624 = VERTEX_POINT ( 'NONE', #5827 ) ;
#4625 = LINE ( 'NONE', #1727, #2970 ) ;
#4626 = ORIENTED_EDGE ( 'NONE', *, *, #1344, .F. ) ;
#4627 = FACE_OUTER_BOUND ( 'NONE', #3747, .T. ) ;
#4628 = EDGE_CURVE ( 'NONE', #3389, #1427, #956, .T. ) ;
#4629 = DIRECTION ( 'NONE',  ( 1.000000000000000000, 0.000000000000000000, 0.000000000000000000 ) ) ;
#4630 = DIRECTION ( 'NONE',  ( -0.7071067811865460184, -0.7071067811865489050, 0.000000000000000000 ) ) ;
#4631 = VECTOR ( 'NONE', #4014, 1000.000000000000000 ) ;
#4632 = ORIENTED_EDGE ( 'NONE', *, *, #6251, .T. ) ;
#4633 = EDGE_CURVE ( 'NONE', #7131, #7046, #5193, .T. ) ;
#4634 = VERTEX_POINT ( 'NONE', #3964 ) ;
#4635 = DIRECTION ( 'NONE',  ( 0.000000000000000000, 0.000000000000000000, 1.000000000000000000 ) ) ;
#4636 = ORIENTED_EDGE ( 'NONE', *, *, #6198, .T. ) ;
#4637 = CARTESIAN_POINT ( 'NONE',  ( 7.099999999999997868, 8.511903429903327378, -5.800000000000000711 ) ) ;
#4638 = AXIS2_PLACEMENT_3D ( 'NONE', #5049, #4586, #3980 ) ;
#4639 = EDGE_CURVE ( 'NONE', #3627, #3685, #7021, .T. ) ;
#4640 = EDGE_CURVE ( 'NONE', #3899, #2511, #6405, .T. ) ;
#4641 = FACE_OUTER_BOUND ( 'NONE', #1510, .T. ) ;
#4642 = CARTESIAN_POINT ( 'NONE',  ( 52.99999999999999289, 17.00000000000000000, -7.399999999999982592 ) ) ;
#4643 = ADVANCED_FACE ( 'NONE', ( #418 ), #5719, .T. ) ;
#4644 = AXIS2_PLACEMENT_3D ( 'NONE', #2927, #6619, #3006 ) ;
#4645 = FACE_OUTER_BOUND ( 'NONE', #4690, .T. ) ;
#4646 = ORIENTED_EDGE ( 'NONE', *, *, #298, .F. ) ;
#4647 = AXIS2_PLACEMENT_3D ( 'NONE', #4814, #7256, #1227 ) ;
#4648 = ORIENTED_EDGE ( 'NONE', *, *, #5841, .F. ) ;
#4649 = CARTESIAN_POINT ( 'NONE',  ( 58.00000000000000000, -10.15147186257610734, 15.39999999999999680 ) ) ;
#4650 = ORIENTED_EDGE ( 'NONE', *, *, #6777, .T. ) ;
#4651 = ORIENTED_EDGE ( 'NONE', *, *, #5216, .F. ) ;
#4652 = FACE_OUTER_BOUND ( 'NONE', #3934, .T. ) ;
#4653 = EDGE_LOOP ( 'NONE', ( #421, #1604, #5125, #3205, #3276, #4379 ) ) ;
#4654 = DIRECTION ( 'NONE',  ( 0.7071067811865460184, 0.7071067811865489050, 0.000000000000000000 ) ) ;
#4655 = VERTEX_POINT ( 'NONE', #1522 ) ;
#4656 = DIRECTION ( 'NONE',  ( 1.000000000000000000, -0.000000000000000000, 0.000000000000000000 ) ) ;
#4657 = AXIS2_PLACEMENT_3D ( 'NONE', #6820, #7393, #6228 ) ;
#4658 = PLANE ( 'NONE',  #972 ) ;
#4659 = CARTESIAN_POINT ( 'NONE',  ( 26.20710678118648218, 24.29289321881346098, -2.600000000000029843 ) ) ;
#4660 = LINE ( 'NONE', #2257, #618 ) ;
#4661 = CARTESIAN_POINT ( 'NONE',  ( 62.49999999999998579, -18.94999999999998508, 11.77459666924138659 ) ) ;
#4662 = LINE ( 'NONE', #483, #642 ) ;
#4663 = ORIENTED_EDGE ( 'NONE', *, *, #4348, .T. ) ;
#4664 = DIRECTION ( 'NONE',  ( -1.000000000000000000, -0.000000000000000000, -0.000000000000000000 ) ) ;
#4665 = EDGE_CURVE ( 'NONE', #4210, #6374, #3336, .T. ) ;
#4666 = ORIENTED_EDGE ( 'NONE', *, *, #6824, .F. ) ;
#4667 = LINE ( 'NONE', #5365, #3091 ) ;
#4668 = CIRCLE ( 'NONE', #3774, 4.999999999999997335 ) ;
#4669 = ORIENTED_EDGE ( 'NONE', *, *, #5480, .T. ) ;
#4670 = CARTESIAN_POINT ( 'NONE',  ( -12.34999999999999964, 29.00000000000089528, -5.000000000000000000 ) ) ;
#4671 = LINE ( 'NONE', #3004, #750 ) ;
#4672 = CARTESIAN_POINT ( 'NONE',  ( 62.99999999999998579, -10.39999999999996838, 16.00000000000000000 ) ) ;
#4673 = LINE ( 'NONE', #2385, #7355 ) ;
#4674 = VECTOR ( 'NONE', #5182, 1000.000000000000000 ) ;
#4675 = DIRECTION ( 'NONE',  ( 0.000000000000000000, 0.7071067811865491270, -0.7071067811865459074 ) ) ;
#4676 = ADVANCED_FACE ( 'NONE', ( #3374 ), #7679, .F. ) ;
#4677 = EDGE_LOOP ( 'NONE', ( #7439, #6222, #247, #5159 ) ) ;
#4678 = EDGE_CURVE ( 'NONE', #6055, #6237, #2929, .T. ) ;
#4679 = CARTESIAN_POINT ( 'NONE',  ( -22.99999999999998224, 12.00000000000000178, -7.399999999999982592 ) ) ;
#4680 = ORIENTED_EDGE ( 'NONE', *, *, #1936, .F. ) ;
#4681 = CONICAL_SURFACE ( 'NONE', #2530, 0.3999999999999819811, 0.7853981633974372878 ) ;
#4682 = CARTESIAN_POINT ( 'NONE',  ( -63.50000000000002842, -3.185854099730718758, 7.999999999999395150 ) ) ;
#4683 = EDGE_CURVE ( 'NONE', #2484, #1714, #2327, .T. ) ;
#4684 = CONICAL_SURFACE ( 'NONE', #5950, 1.600000000000018074, 0.7853981633974375098 ) ;
#4685 = ORIENTED_EDGE ( 'NONE', *, *, #7805, .F. ) ;
#4686 = ADVANCED_FACE ( 'NONE', ( #6474 ), #2272, .F. ) ;
#4687 = ORIENTED_EDGE ( 'NONE', *, *, #930, .T. ) ;
#4688 = CYLINDRICAL_SURFACE ( 'NONE', #7171, 2.099999999999999645 ) ;
#4689 = DIRECTION ( 'NONE',  ( 7.625158136161789453E-17, 1.000000000000000000, -0.000000000000000000 ) ) ;
#4690 = EDGE_LOOP ( 'NONE', ( #4942, #3370 ) ) ;
#4691 = DIRECTION ( 'NONE',  ( -1.000000000000000000, 0.000000000000000000, 0.000000000000000000 ) ) ;
#4692 = CARTESIAN_POINT ( 'NONE',  ( -52.99999999999999289, 17.00000000000001421, -7.399999999999982592 ) ) ;
#4693 = EDGE_LOOP ( 'NONE', ( #2077, #3876, #4064, #6167, #5913, #3058, #3867, #5605 ) ) ;
#4694 = DIRECTION ( 'NONE',  ( 1.000000000000000000, 0.000000000000000000, 0.000000000000000000 ) ) ;
#4695 = AXIS2_PLACEMENT_3D ( 'NONE', #1583, #6424, #1006 ) ;
#4696 = EDGE_LOOP ( 'NONE', ( #6941, #5951, #7539, #602, #928 ) ) ;
#4697 = DIRECTION ( 'NONE',  ( 1.000000000000000000, 0.000000000000000000, 0.000000000000000000 ) ) ;
#4698 = ORIENTED_EDGE ( 'NONE', *, *, #6196, .T. ) ;
#4699 = CARTESIAN_POINT ( 'NONE',  ( -58.00000000000000000, -23.40000000000001279, 6.000000000000000000 ) ) ;
#4700 = AXIS2_PLACEMENT_3D ( 'NONE', #5610, #7587, #5051 ) ;
#4701 = CARTESIAN_POINT ( 'NONE',  ( -62.49999999999998579, 18.98042485753536823, 12.63164529836050320 ) ) ;
#4702 = CARTESIAN_POINT ( 'NONE',  ( 58.00000000000000000, -19.10616730313997635, 16.17372895486339601 ) ) ;
#4703 = EDGE_LOOP ( 'NONE', ( #4601, #4119, #7670, #1010 ) ) ;
#4704 = ORIENTED_EDGE ( 'NONE', *, *, #4348, .F. ) ;
#4705 = LINE ( 'NONE', #4181, #458 ) ;
#4706 = VECTOR ( 'NONE', #2727, 1000.000000000000000 ) ;
#4707 = VERTEX_POINT ( 'NONE', #6023 ) ;
#4708 = DIRECTION ( 'NONE',  ( 0.000000000000000000, 0.000000000000000000, 1.000000000000000000 ) ) ;
#4709 = LINE ( 'NONE', #1162, #3382 ) ;
#4710 = DIRECTION ( 'NONE',  ( 0.7071067811865474617, 0.000000000000000000, 0.7071067811865474617 ) ) ;
#4711 = PLANE ( 'NONE',  #6700 ) ;
#4712 = ADVANCED_FACE ( 'NONE', ( #2971 ), #7152, .F. ) ;
#4713 = VECTOR ( 'NONE', #33, 1000.000000000000227 ) ;
#4714 = CARTESIAN_POINT ( 'NONE',  ( 47.99999999999999289, 17.60000000000001563, -8.000000000000000000 ) ) ;
#4715 = DIRECTION ( 'NONE',  ( -0.000000000000000000, -0.000000000000000000, 1.000000000000000000 ) ) ;
#4716 = VECTOR ( 'NONE', #3175, 1000.000000000000114 ) ;
#4717 = ORIENTED_EDGE ( 'NONE', *, *, #6981, .F. ) ;
#4718 = CIRCLE ( 'NONE', #1313, 10.00000000000000000 ) ;
#4719 = ADVANCED_FACE ( 'NONE', ( #4156 ), #5946, .T. ) ;
#4720 = ADVANCED_FACE ( 'NONE', ( #5374 ), #3440, .T. ) ;
#4721 = AXIS2_PLACEMENT_3D ( 'NONE', #316, #2817, #6958 ) ;
#4722 = VERTEX_POINT ( 'NONE', #4112 ) ;
#4723 = ORIENTED_EDGE ( 'NONE', *, *, #6401, .F. ) ;
#4724 = EDGE_CURVE ( 'NONE', #6884, #4722, #831, .T. ) ;
#4725 = CARTESIAN_POINT ( 'NONE',  ( 0.000000000000000000, 34.89999999999996305, -8.000000000000000000 ) ) ;
#4726 = CARTESIAN_POINT ( 'NONE',  ( 0.000000000000000000, -18.98042485753536823, 12.63164529836050498 ) ) ;
#4727 = ORIENTED_EDGE ( 'NONE', *, *, #2271, .F. ) ;
#4728 = CARTESIAN_POINT ( 'NONE',  ( -58.50000000000001421, -3.185854099730718314, 5.999999999999394262 ) ) ;
#4729 = PLANE ( 'NONE',  #6654 ) ;
#4730 = ORIENTED_EDGE ( 'NONE', *, *, #4281, .T. ) ;
#4731 = VECTOR ( 'NONE', #5222, 1000.000000000000000 ) ;
#4732 = DIRECTION ( 'NONE',  ( 1.000000000000000000, 0.000000000000000000, 0.000000000000000000 ) ) ;
#4733 = EDGE_CURVE ( 'NONE', #2310, #617, #5342, .T. ) ;
#4734 = EDGE_CURVE ( 'NONE', #6389, #4953, #2386, .T. ) ;
#4735 = AXIS2_PLACEMENT_3D ( 'NONE', #6309, #5695, #6266 ) ;
#4736 = EDGE_CURVE ( 'NONE', #2447, #1897, #6550, .T. ) ;
#4737 = DIRECTION ( 'NONE',  ( 0.7071067811865475727, 0.7071067811865475727, -0.000000000000000000 ) ) ;
#4738 = ORIENTED_EDGE ( 'NONE', *, *, #3562, .T. ) ;
#4739 = DIRECTION ( 'NONE',  ( -1.000000000000000000, -0.000000000000000000, -0.000000000000000000 ) ) ;
#4740 = CARTESIAN_POINT ( 'NONE',  ( 10.75000000000000000, 0.000000000000000000, -7.000000000000000000 ) ) ;
#4741 = DIRECTION ( 'NONE',  ( 1.000000000000000000, 0.000000000000000000, 0.000000000000000000 ) ) ;
#4742 = AXIS2_PLACEMENT_3D ( 'NONE', #1255, #3145, #5566 ) ;
#4743 = CARTESIAN_POINT ( 'NONE',  ( -61.07573593128803680, 24.00000000000000000, -4.075735931288020808 ) ) ;
#4744 = LINE ( 'NONE', #522, #2782 ) ;
#4745 = VERTEX_POINT ( 'NONE', #25 ) ;
#4746 = ORIENTED_EDGE ( 'NONE', *, *, #7713, .T. ) ;
#4747 = VECTOR ( 'NONE', #7123, 1000.000000000000114 ) ;
#4748 = DIRECTION ( 'NONE',  ( -1.000000000000000000, -0.000000000000000000, 0.000000000000000000 ) ) ;
#4749 = EDGE_LOOP ( 'NONE', ( #6297, #6337, #5198, #4738, #5962 ) ) ;
#4750 = DIRECTION ( 'NONE',  ( 0.000000000000000000, -0.03547722218375332776, 0.9993704852086259249 ) ) ;
#4751 = DIRECTION ( 'NONE',  ( 1.000000000000000000, 0.000000000000000000, 0.000000000000000000 ) ) ;
#4752 = DIRECTION ( 'NONE',  ( 0.000000000000000000, 0.000000000000000000, -1.000000000000000000 ) ) ;
#4753 = DIRECTION ( 'NONE',  ( 0.7071067811865547892, 0.6830127018922129700, -0.1830127018922154403 ) ) ;
#4754 = DIRECTION ( 'NONE',  ( 0.000000000000000000, 0.03547722218375332776, -0.9993704852086259249 ) ) ;
#4755 = VECTOR ( 'NONE', #4033, 1000.000000000000000 ) ;
#4756 = DIRECTION ( 'NONE',  ( 1.000000000000000000, -0.000000000000000000, -0.000000000000000000 ) ) ;
#4757 = AXIS2_PLACEMENT_3D ( 'NONE', #7015, #6854, #3388 ) ;
#4758 = ADVANCED_FACE ( 'NONE', ( #1131 ), #5861, .T. ) ;
#4759 = DIRECTION ( 'NONE',  ( 1.000000000000000000, 0.000000000000000000, 0.000000000000000000 ) ) ;
#4760 = VERTEX_POINT ( 'NONE', #7717 ) ;
#4761 = ORIENTED_EDGE ( 'NONE', *, *, #253, .T. ) ;
#4762 = ORIENTED_EDGE ( 'NONE', *, *, #56, .T. ) ;
#4763 = EDGE_CURVE ( 'NONE', #5183, #1752, #7195, .T. ) ;
#4764 = AXIS2_PLACEMENT_3D ( 'NONE', #7180, #2409, #4261 ) ;
#4765 = LINE ( 'NONE', #4725, #4505 ) ;
#4766 = CARTESIAN_POINT ( 'NONE',  ( 63.99999999999998579, 5.600668665453386375, 7.352952387243101740 ) ) ;
#4767 = EDGE_LOOP ( 'NONE', ( #6199, #3969, #6555, #4746 ) ) ;
#4768 = CARTESIAN_POINT ( 'NONE',  ( 62.49999999999998579, 15.99999999999995559, 7.950000000000023270 ) ) ;
#4769 = DIRECTION ( 'NONE',  ( -0.000000000000000000, 0.000000000000000000, 1.000000000000000000 ) ) ;
#4770 = VECTOR ( 'NONE', #2831, 1000.000000000000000 ) ;
#4771 = VERTEX_POINT ( 'NONE', #4714 ) ;
#4772 = EDGE_CURVE ( 'NONE', #3159, #7660, #1749, .T. ) ;
#4773 = EDGE_CURVE ( 'NONE', #2167, #1286, #1171, .T. ) ;
#4774 = CARTESIAN_POINT ( 'NONE',  ( -64.00000000000000000, -23.40000000000001279, -7.000000000000000000 ) ) ;
#4775 = ADVANCED_FACE ( 'NONE', ( #2424 ), #4793, .T. ) ;
#4776 = CARTESIAN_POINT ( 'NONE',  ( -26.91421356237302831, 25.00000000000000000, -7.399999999999962164 ) ) ;
#4777 = CARTESIAN_POINT ( 'NONE',  ( -58.00000000000000000, 14.00000000000000000, 6.000000000000000000 ) ) ;
#4778 = CARTESIAN_POINT ( 'NONE',  ( 63.99999999999998579, 8.934653975957925098, 14.00000000000000000 ) ) ;
#4779 = CARTESIAN_POINT ( 'NONE',  ( -13.00000000000000000, -9.000000000000001776, -8.000000000000000000 ) ) ;
#4780 = CARTESIAN_POINT ( 'NONE',  ( 0.000000000000000000, 14.00000000000000000, 6.000000000000000000 ) ) ;
#4781 = ADVANCED_FACE ( 'NONE', ( #4832 ), #1812, .T. ) ;
#4782 = ORIENTED_EDGE ( 'NONE', *, *, #2411, .T. ) ;
#4783 = ORIENTED_EDGE ( 'NONE', *, *, #5436, .F. ) ;
#4784 = DIRECTION ( 'NONE',  ( -1.000000000000000000, 0.000000000000000000, 0.000000000000000000 ) ) ;
#4785 = EDGE_CURVE ( 'NONE', #5475, #706, #7274, .T. ) ;
#4786 = ORIENTED_EDGE ( 'NONE', *, *, #4870, .T. ) ;
#4787 = FACE_BOUND ( 'NONE', #1845, .T. ) ;
#4788 = PLANE ( 'NONE',  #6928 ) ;
#4789 = CARTESIAN_POINT ( 'NONE',  ( -64.00000000000000000, -23.40000000000001279, -1.999999999999967137 ) ) ;
#4790 = CARTESIAN_POINT ( 'NONE',  ( 58.50000000000000711, 4.720508075688640837, 5.999999999999395150 ) ) ;
#4791 = DIRECTION ( 'NONE',  ( 0.000000000000000000, -1.000000000000000000, -0.000000000000000000 ) ) ;
#4792 = CIRCLE ( 'NONE', #772, 1.099999999999998535 ) ;
#4793 = PLANE ( 'NONE',  #7786 ) ;
#4794 = DIRECTION ( 'NONE',  ( -0.5631999016423375748, 0.02931556245801801228, 0.8258005016878054994 ) ) ;
#4795 = VECTOR ( 'NONE', #2526, 1000.000000000000000 ) ;
#4796 = DIRECTION ( 'NONE',  ( 1.000000000000000000, 0.000000000000000000, 0.000000000000000000 ) ) ;
#4797 = ORIENTED_EDGE ( 'NONE', *, *, #1773, .F. ) ;
#4798 = CIRCLE ( 'NONE', #5184, 3.049999999999976286 ) ;
#4799 = DIRECTION ( 'NONE',  ( 7.482991226153969016E-17, -0.2588190451025180749, 0.9659258262890690894 ) ) ;
#4800 = DIRECTION ( 'NONE',  ( -1.000000000000000000, 0.000000000000000000, 0.000000000000000000 ) ) ;
#4801 = VERTEX_POINT ( 'NONE', #4901 ) ;
#4802 = LINE ( 'NONE', #6756, #6231 ) ;
#4803 = CARTESIAN_POINT ( 'NONE',  ( 17.99999999999998934, 16.99999999999999645, -7.399999999999982592 ) ) ;
#4804 = ORIENTED_EDGE ( 'NONE', *, *, #5280, .F. ) ;
#4805 = LINE ( 'NONE', #80, #7210 ) ;
#4806 = VECTOR ( 'NONE', #6197, 1000.000000000000000 ) ;
#4807 = ORIENTED_EDGE ( 'NONE', *, *, #936, .F. ) ;
#4808 = DIRECTION ( 'NONE',  ( 0.000000000000000000, -0.2588190451025180749, 0.9659258262890690894 ) ) ;
#4809 = AXIS2_PLACEMENT_3D ( 'NONE', #2627, #3958, #5032 ) ;
#4810 = CARTESIAN_POINT ( 'NONE',  ( 0.000000000000000000, 0.000000000000000000, -5.800000000000000711 ) ) ;
#4811 = LINE ( 'NONE', #4303, #1626 ) ;
#4812 = CARTESIAN_POINT ( 'NONE',  ( -12.34999999999999964, 29.00000000000089528, 0.000000000000000000 ) ) ;
#4813 = CARTESIAN_POINT ( 'NONE',  ( -22.99999999999998579, -11.99999999999999467, -2.000000000000000000 ) ) ;
#4814 = CARTESIAN_POINT ( 'NONE',  ( -26.91421356237302831, 25.00000000000000000, -2.600000000000031175 ) ) ;
#4815 = DIRECTION ( 'NONE',  ( -1.000000000000000000, -1.084202172485504804E-16, 0.000000000000000000 ) ) ;
#4816 = EDGE_CURVE ( 'NONE', #1680, #7723, #6745, .T. ) ;
#4817 = ADVANCED_FACE ( 'NONE', ( #146 ), #6153, .F. ) ;
#4818 = VECTOR ( 'NONE', #7412, 1000.000000000000000 ) ;
#4819 = ORIENTED_EDGE ( 'NONE', *, *, #6530, .T. ) ;
#4820 = ORIENTED_EDGE ( 'NONE', *, *, #2797, .T. ) ;
#4821 = CARTESIAN_POINT ( 'NONE',  ( -54.00000000000000711, -23.40000000000001279, -2.000000000000000000 ) ) ;
#4822 = ORIENTED_EDGE ( 'NONE', *, *, #3856, .T. ) ;
#4823 = DIRECTION ( 'NONE',  ( 0.000000000000000000, 0.000000000000000000, -1.000000000000000000 ) ) ;
#4824 = EDGE_CURVE ( 'NONE', #6371, #2533, #1826, .T. ) ;
#4825 = CARTESIAN_POINT ( 'NONE',  ( 64.00000000000000000, 24.00000000000000000, 6.000000000000000000 ) ) ;
#4826 = CIRCLE ( 'NONE', #1426, 1.499999999999999556 ) ;
#4827 = DIRECTION ( 'NONE',  ( -0.7071067811865406894, 0.000000000000000000, -0.7071067811865544561 ) ) ;
#4828 = FACE_OUTER_BOUND ( 'NONE', #2111, .T. ) ;
#4829 = DIRECTION ( 'NONE',  ( 0.000000000000000000, 0.000000000000000000, 1.000000000000000000 ) ) ;
#4830 = EDGE_CURVE ( 'NONE', #7571, #6736, #3130, .T. ) ;
#4831 = VECTOR ( 'NONE', #6753, 1000.000000000000000 ) ;
#4832 = FACE_OUTER_BOUND ( 'NONE', #1222, .T. ) ;
#4833 = CARTESIAN_POINT ( 'NONE',  ( 47.99999999999999289, 17.00000000000000000, -7.399999999999982592 ) ) ;
#4834 = EDGE_LOOP ( 'NONE', ( #6392, #125, #5221, #6226 ) ) ;
#4835 = CIRCLE ( 'NONE', #3194, 3.000000000000000000 ) ;
#4836 = CARTESIAN_POINT ( 'NONE',  ( 58.00000000000000000, -23.99999999999998579, 2.000000000000000000 ) ) ;
#4837 = VERTEX_POINT ( 'NONE', #2580 ) ;
#4838 = CARTESIAN_POINT ( 'NONE',  ( 7.100000000000000533, 35.50000000000000000, 0.000000000000000000 ) ) ;
#4839 = CARTESIAN_POINT ( 'NONE',  ( 3.500000000000003109, 18.00000000000000000, -0.9999999999999892308 ) ) ;
#4840 = CARTESIAN_POINT ( 'NONE',  ( 12.00000000000000000, -10.00000000000000178, -8.000000000000000000 ) ) ;
#4841 = ORIENTED_EDGE ( 'NONE', *, *, #6525, .T. ) ;
#4842 = DIRECTION ( 'NONE',  ( -0.000000000000000000, -0.000000000000000000, 1.000000000000000000 ) ) ;
#4843 = DIRECTION ( 'NONE',  ( 0.000000000000000000, 0.000000000000000000, 1.000000000000000000 ) ) ;
#4844 = EDGE_LOOP ( 'NONE', ( #7085, #7739, #2803, #6961 ) ) ;
#4845 = FACE_OUTER_BOUND ( 'NONE', #1215, .T. ) ;
#4846 = AXIS2_PLACEMENT_3D ( 'NONE', #4642, #7082, #1635 ) ;
#4847 = ORIENTED_EDGE ( 'NONE', *, *, #3172, .F. ) ;
#4848 = FACE_OUTER_BOUND ( 'NONE', #4158, .T. ) ;
#4849 = LINE ( 'NONE', #2520, #2315 ) ;
#4850 = CARTESIAN_POINT ( 'NONE',  ( -58.60000000000003695, 24.00000000000000000, 6.000000000000000000 ) ) ;
#4851 = CARTESIAN_POINT ( 'NONE',  ( 4.531193156845206793E-15, 18.00000000000000000, -0.9999999999999892308 ) ) ;
#4852 = FACE_OUTER_BOUND ( 'NONE', #2829, .T. ) ;
#4853 = DIRECTION ( 'NONE',  ( -0.000000000000000000, -0.000000000000000000, -1.000000000000000000 ) ) ;
#4854 = CIRCLE ( 'NONE', #4985, 0.3999999999999698241 ) ;
#4855 = VERTEX_POINT ( 'NONE', #1866 ) ;
#4856 = ORIENTED_EDGE ( 'NONE', *, *, #7619, .F. ) ;
#4857 = DIRECTION ( 'NONE',  ( -0.7071067811865474617, 0.000000000000000000, 0.7071067811865474617 ) ) ;
#4858 = ORIENTED_EDGE ( 'NONE', *, *, #1681, .T. ) ;
#4859 = FACE_OUTER_BOUND ( 'NONE', #4703, .T. ) ;
#4860 = ORIENTED_EDGE ( 'NONE', *, *, #4816, .F. ) ;
#4861 = CARTESIAN_POINT ( 'NONE',  ( 63.43361523330390384, 8.512125508622835568, 15.96638476669610185 ) ) ;
#4862 = DIRECTION ( 'NONE',  ( 1.000000000000000000, 0.000000000000000000, 0.000000000000000000 ) ) ;
#4863 = EDGE_CURVE ( 'NONE', #3770, #767, #1358, .T. ) ;
#4864 = CARTESIAN_POINT ( 'NONE',  ( 17.39999999999997016, 11.99999999999999645, -8.000000000000000000 ) ) ;
#4865 = EDGE_CURVE ( 'NONE', #5126, #699, #4973, .T. ) ;
#4866 = DIRECTION ( 'NONE',  ( 1.000000000000000000, 0.000000000000000000, 0.000000000000000000 ) ) ;
#4867 = EDGE_CURVE ( 'NONE', #5468, #2112, #6193, .T. ) ;
#4868 = ORIENTED_EDGE ( 'NONE', *, *, #4530, .F. ) ;
#4869 = VECTOR ( 'NONE', #3210, 1000.000000000000000 ) ;
#4870 = EDGE_CURVE ( 'NONE', #1263, #5749, #64, .T. ) ;
#4871 = AXIS2_PLACEMENT_3D ( 'NONE', #5940, #170, #7427 ) ;
#4872 = FACE_OUTER_BOUND ( 'NONE', #5701, .T. ) ;
#4873 = DIRECTION ( 'NONE',  ( 1.000000000000000000, 0.000000000000000000, 0.000000000000000000 ) ) ;
#4874 = ORIENTED_EDGE ( 'NONE', *, *, #2887, .F. ) ;
#4875 = CARTESIAN_POINT ( 'NONE',  ( 58.00000000000000000, -23.99999999999998579, 15.39999999999999680 ) ) ;
#4876 = ORIENTED_EDGE ( 'NONE', *, *, #2086, .T. ) ;
#4877 = ORIENTED_EDGE ( 'NONE', *, *, #5554, .F. ) ;
#4878 = LINE ( 'NONE', #7285, #5373 ) ;
#4879 = AXIS2_PLACEMENT_3D ( 'NONE', #6585, #1785, #3048 ) ;
#4880 = DIRECTION ( 'NONE',  ( -1.000000000000000000, 0.000000000000000000, 0.000000000000000000 ) ) ;
#4881 = AXIS2_PLACEMENT_3D ( 'NONE', #7098, #7701, #2734 ) ;
#4882 = ORIENTED_EDGE ( 'NONE', *, *, #4130, .F. ) ;
#4883 = DIRECTION ( 'NONE',  ( -1.000000000000000000, -0.000000000000000000, 0.000000000000000000 ) ) ;
#4884 = ORIENTED_EDGE ( 'NONE', *, *, #5385, .F. ) ;
#4885 = FACE_BOUND ( 'NONE', #658, .T. ) ;
#4886 = PLANE ( 'NONE',  #4535 ) ;
#4887 = CARTESIAN_POINT ( 'NONE',  ( 0.000000000000000000, 0.000000000000000000, -5.800000000000000711 ) ) ;
#4888 = CIRCLE ( 'NONE', #615, 1.499999999999987566 ) ;
#4889 = FACE_OUTER_BOUND ( 'NONE', #780, .T. ) ;
#4890 = CARTESIAN_POINT ( 'NONE',  ( 4.531193156845206793E-15, -18.00000000000000000, -2.000000000000000000 ) ) ;
#4891 = DIRECTION ( 'NONE',  ( 1.000000000000000000, 0.000000000000000000, 0.000000000000000000 ) ) ;
#4892 = ORIENTED_EDGE ( 'NONE', *, *, #828, .T. ) ;
#4893 = ORIENTED_EDGE ( 'NONE', *, *, #5881, .T. ) ;
#4894 = AXIS2_PLACEMENT_3D ( 'NONE', #3620, #1890, #7425 ) ;
#4895 = CARTESIAN_POINT ( 'NONE',  ( 58.50000000000001421, 7.002802323379786031, 14.51763809020503793 ) ) ;
#4896 = CARTESIAN_POINT ( 'NONE',  ( 0.000000000000000000, 23.39999999999998437, -2.000000000000000000 ) ) ;
#4897 = FACE_OUTER_BOUND ( 'NONE', #5531, .T. ) ;
#4898 = ORIENTED_EDGE ( 'NONE', *, *, #2420, .T. ) ;
#4899 = CARTESIAN_POINT ( 'NONE',  ( -10.75000000000000000, 1.316495309083404618E-15, -2.600000000000032951 ) ) ;
#4900 = DIRECTION ( 'NONE',  ( 1.000000000000000000, 0.000000000000000000, 0.000000000000000000 ) ) ;
#4901 = CARTESIAN_POINT ( 'NONE',  ( 58.00000000000000000, -8.396137495244527571, 15.39999999999999680 ) ) ;
#4902 = CARTESIAN_POINT ( 'NONE',  ( -13.00000000000000000, 37.50000000000000000, -7.000000000000000000 ) ) ;
#4903 = EDGE_LOOP ( 'NONE', ( #3208, #3249, #5520, #1345 ) ) ;
#4904 = CARTESIAN_POINT ( 'NONE',  ( -63.83353458023614735, -8.365225642826597863, 15.56646541976387077 ) ) ;
#4905 = EDGE_LOOP ( 'NONE', ( #6818, #1965, #5803, #5770, #4055, #3902 ) ) ;
#4906 = CIRCLE ( 'NONE', #5286, 10.00000000000000000 ) ;
#4907 = ADVANCED_FACE ( 'NONE', ( #5623 ), #2720, .F. ) ;
#4908 = EDGE_CURVE ( 'NONE', #7519, #1192, #5865, .T. ) ;
#4909 = CARTESIAN_POINT ( 'NONE',  ( -7.099999999999999645, 23.99999999999998934, -7.000000000000000000 ) ) ;
#4910 = FACE_OUTER_BOUND ( 'NONE', #6807, .T. ) ;
#4911 = CARTESIAN_POINT ( 'NONE',  ( 3.000000000000004441, 18.00000000000000000, 1.500000000000000000 ) ) ;
#4912 = ORIENTED_EDGE ( 'NONE', *, *, #3505, .F. ) ;
#4913 = VECTOR ( 'NONE', #448, 1000.000000000000114 ) ;
#4914 = ORIENTED_EDGE ( 'NONE', *, *, #2969, .T. ) ;
#4915 = ADVANCED_FACE ( 'NONE', ( #6701 ), #4984, .F. ) ;
#4916 = DIRECTION ( 'NONE',  ( 0.000000000000000000, 0.000000000000000000, -1.000000000000000000 ) ) ;
#4917 = CARTESIAN_POINT ( 'NONE',  ( 4.531193156845206793E-15, 18.00000000000000000, 1.500000000000000000 ) ) ;
#4918 = ADVANCED_FACE ( 'NONE', ( #4402 ), #1275, .F. ) ;
#4919 = VECTOR ( 'NONE', #4796, 1000.000000000000000 ) ;
#4920 = ORIENTED_EDGE ( 'NONE', *, *, #3752, .F. ) ;
#4921 = CARTESIAN_POINT ( 'NONE',  ( -22.99999999999998579, -11.99999999999999467, -2.600000000000003197 ) ) ;
#4922 = ORIENTED_EDGE ( 'NONE', *, *, #2143, .T. ) ;
#4923 = FACE_BOUND ( 'NONE', #543, .T. ) ;
#4924 = CARTESIAN_POINT ( 'NONE',  ( -62.49999999999998579, 20.24542364858361765, 13.80990931123482568 ) ) ;
#4925 = ORIENTED_EDGE ( 'NONE', *, *, #6718, .F. ) ;
#4926 = AXIS2_PLACEMENT_3D ( 'NONE', #4321, #6750, #616 ) ;
#4927 = CARTESIAN_POINT ( 'NONE',  ( -63.50000000000004263, -3.185854099730715205, 5.999999999999394262 ) ) ;
#4928 = LINE ( 'NONE', #1769, #5838 ) ;
#4929 = CARTESIAN_POINT ( 'NONE',  ( 63.99999999999998579, -5.600668665453391704, 7.352952387243099963 ) ) ;
#4930 = CARTESIAN_POINT ( 'NONE',  ( 26.20710678118648573, 24.29289321881345742, -2.600000000000029843 ) ) ;
#4931 = EDGE_LOOP ( 'NONE', ( #5326, #51, #1813, #6117 ) ) ;
#4932 = AXIS2_PLACEMENT_3D ( 'NONE', #235, #5761, #6326 ) ;
#4933 = ORIENTED_EDGE ( 'NONE', *, *, #7659, .T. ) ;
#4934 = CARTESIAN_POINT ( 'NONE',  ( -22.99999999999998579, -11.99999999999999467, -8.000000000000000000 ) ) ;
#4935 = ORIENTED_EDGE ( 'NONE', *, *, #2464, .T. ) ;
#4936 = DIRECTION ( 'NONE',  ( 1.000000000000000000, 0.000000000000000000, 0.000000000000000000 ) ) ;
#4937 = CARTESIAN_POINT ( 'NONE',  ( 3.000000000000004441, 18.00000000000000000, 1.299999999999966960 ) ) ;
#4938 = PLANE ( 'NONE',  #2757 ) ;
#4939 = DIRECTION ( 'NONE',  ( 1.000000000000000000, 0.000000000000000000, 0.000000000000000000 ) ) ;
#4940 = FACE_OUTER_BOUND ( 'NONE', #3054, .T. ) ;
#4941 = CIRCLE ( 'NONE', #6486, 5.000000000000000888 ) ;
#4942 = ORIENTED_EDGE ( 'NONE', *, *, #7166, .T. ) ;
#4943 = CARTESIAN_POINT ( 'NONE',  ( 4.531193156845206793E-15, -18.00000000000000000, -0.5000000000000000000 ) ) ;
#4944 = ORIENTED_EDGE ( 'NONE', *, *, #7007, .F. ) ;
#4945 = EDGE_CURVE ( 'NONE', #5619, #938, #5028, .T. ) ;
#4946 = VECTOR ( 'NONE', #425, 1000.000000000000000 ) ;
#4947 = DIRECTION ( 'NONE',  ( -0.000000000000000000, -0.000000000000000000, 1.000000000000000000 ) ) ;
#4948 = DIRECTION ( 'NONE',  ( -0.7071067811865490160, -0.7071067811865461294, -0.000000000000000000 ) ) ;
#4949 = CARTESIAN_POINT ( 'NONE',  ( 62.99999999999998579, -13.04999999999998117, 11.77459666924138659 ) ) ;
#4950 = COLOUR_RGB ( '',0.5019607843137254832, 0.5019607843137254832, 0.5019607843137254832 ) ;
#4951 = ORIENTED_EDGE ( 'NONE', *, *, #3311, .F. ) ;
#4952 = VECTOR ( 'NONE', #6163, 1000.000000000000000 ) ;
#4953 = VERTEX_POINT ( 'NONE', #5986 ) ;
#4954 = CARTESIAN_POINT ( 'NONE',  ( 1.900000000000003464, 18.00000000000000000, -2.000000000000000000 ) ) ;
#4955 = ADVANCED_FACE ( 'NONE', ( #499 ), #2895, .F. ) ;
#4956 = FACE_BOUND ( 'NONE', #2339, .T. ) ;
#4957 = ADVANCED_FACE ( 'NONE', ( #7792 ), #2349, .F. ) ;
#4958 = VECTOR ( 'NONE', #5750, 1000.000000000000000 ) ;
#4959 = EDGE_CURVE ( 'NONE', #5264, #81, #6235, .T. ) ;
#4960 = EDGE_LOOP ( 'NONE', ( #7141, #195, #4319, #2881, #2694, #1319, #3420, #1702 ) ) ;
#4961 = DIRECTION ( 'NONE',  ( -0.000000000000000000, -0.000000000000000000, -1.000000000000000000 ) ) ;
#4962 = VERTEX_POINT ( 'NONE', #4864 ) ;
#4963 = CARTESIAN_POINT ( 'NONE',  ( -70.50293497956538147, 18.94999999999998508, 11.77459666924138659 ) ) ;
#4964 = DIRECTION ( 'NONE',  ( -0.000000000000000000, -0.000000000000000000, 1.000000000000000000 ) ) ;
#4965 = ADVANCED_FACE ( 'NONE', ( #5625 ), #7031, .T. ) ;
#4966 = ORIENTED_EDGE ( 'NONE', *, *, #531, .F. ) ;
#4967 = AXIS2_PLACEMENT_3D ( 'NONE', #7831, #5337, #5864 ) ;
#4968 = ADVANCED_FACE ( 'NONE', ( #7357 ), #6000, .F. ) ;
#4969 = LINE ( 'NONE', #2343, #363 ) ;
#4970 = DIRECTION ( 'NONE',  ( 0.000000000000000000, 2.312964634635761988E-15, -1.000000000000000000 ) ) ;
#4971 = CARTESIAN_POINT ( 'NONE',  ( -17.99999999999998579, -11.99999999999999467, -2.600000000000003197 ) ) ;
#4972 = ADVANCED_FACE ( 'NONE', ( #1867 ), #7312, .F. ) ;
#4973 = CIRCLE ( 'NONE', #560, 2.099999999999999645 ) ;
#4974 = ORIENTED_EDGE ( 'NONE', *, *, #4139, .F. ) ;
#4975 = ORIENTED_EDGE ( 'NONE', *, *, #6537, .F. ) ;
#4976 = CARTESIAN_POINT ( 'NONE',  ( -22.99999999999997868, 17.00000000000000000, -2.600000000000003197 ) ) ;
#4977 = ORIENTED_EDGE ( 'NONE', *, *, #7573, .T. ) ;
#4978 = CARTESIAN_POINT ( 'NONE',  ( 58.50000000000000711, 3.185854099730716094, 5.999999999999396039 ) ) ;
#4979 = ORIENTED_EDGE ( 'NONE', *, *, #6778, .T. ) ;
#4980 = ADVANCED_FACE ( 'NONE', ( #104 ), #4441, .T. ) ;
#4981 = DIRECTION ( 'NONE',  ( -0.4999999999999983347, 0.4999999999999881206, 0.7071067811865571207 ) ) ;
#4982 = AXIS2_PLACEMENT_3D ( 'NONE', #3796, #3675, #819 ) ;
#4983 = CARTESIAN_POINT ( 'NONE',  ( -14.58578643762690064, 35.50000000000000000, -7.399999999999962164 ) ) ;
#4984 = CYLINDRICAL_SURFACE ( 'NONE', #7153, 1.899999999999999023 ) ;
#4985 = AXIS2_PLACEMENT_3D ( 'NONE', #6693, #1386, #5615 ) ;
#4986 = LINE ( 'NONE', #225, #1081 ) ;
#4987 = ORIENTED_EDGE ( 'NONE', *, *, #1445, .T. ) ;
#4988 = DIRECTION ( 'NONE',  ( -0.7071067811865485719, 7.215498431451183580E-17, 0.7071067811865465735 ) ) ;
#4989 = DIRECTION ( 'NONE',  ( -0.000000000000000000, -0.000000000000000000, 1.000000000000000000 ) ) ;
#4990 = ORIENTED_EDGE ( 'NONE', *, *, #252, .T. ) ;
#4991 = CARTESIAN_POINT ( 'NONE',  ( 63.40000000000001279, -24.00000000000000000, -1.751471862576151173 ) ) ;
#4992 = CIRCLE ( 'NONE', #2351, 1.099999999999998535 ) ;
#4993 = CARTESIAN_POINT ( 'NONE',  ( 7.902997874602798234, 7.622720595106788011, -2.370549434862502469 ) ) ;
#4994 = DIRECTION ( 'NONE',  ( -0.000000000000000000, -0.000000000000000000, 1.000000000000000000 ) ) ;
#4995 = EDGE_CURVE ( 'NONE', #5404, #4068, #1276, .T. ) ;
#4996 = FACE_OUTER_BOUND ( 'NONE', #1399, .T. ) ;
#4997 = AXIS2_PLACEMENT_3D ( 'NONE', #7162, #5268, #5916 ) ;
#4998 = ORIENTED_EDGE ( 'NONE', *, *, #581, .T. ) ;
#4999 = ORIENTED_EDGE ( 'NONE', *, *, #1343, .F. ) ;
#5000 = CARTESIAN_POINT ( 'NONE',  ( -24.82573593128807943, 24.82573593128797640, -8.000000000000000000 ) ) ;
#5001 = CARTESIAN_POINT ( 'NONE',  ( 63.49999999999998579, -5.117705752308856049, 7.482361909794359001 ) ) ;
#5002 = EDGE_LOOP ( 'NONE', ( #7730, #7094, #7332, #6355 ) ) ;
#5003 = DIRECTION ( 'NONE',  ( 0.7071067811865444641, 0.000000000000000000, 0.7071067811865505703 ) ) ;
#5004 = AXIS2_PLACEMENT_3D ( 'NONE', #1181, #5998, #6077 ) ;
#5005 = EDGE_CURVE ( 'NONE', #5558, #5356, #5226, .T. ) ;
#5006 = ORIENTED_EDGE ( 'NONE', *, *, #3083, .T. ) ;
#5007 = CARTESIAN_POINT ( 'NONE',  ( 58.60000000000003695, 20.24542364858361765, 13.80990931123482746 ) ) ;
#5008 = DIRECTION ( 'NONE',  ( 0.000000000000000000, -0.000000000000000000, 1.000000000000000000 ) ) ;
#5009 = LINE ( 'NONE', #2178, #5677 ) ;
#5010 = DIRECTION ( 'NONE',  ( -1.000000000000000000, 0.000000000000000000, 0.000000000000000000 ) ) ;
#5011 = EDGE_CURVE ( 'NONE', #3363, #3156, #6790, .T. ) ;
#5012 = PLANE ( 'NONE',  #4459 ) ;
#5013 = ADVANCED_FACE ( 'NONE', ( #740 ), #5546, .F. ) ;
#5014 = VECTOR ( 'NONE', #533, 1000.000000000000227 ) ;
#5015 = ADVANCED_FACE ( 'NONE', ( #4940 ), #1578, .F. ) ;
#5016 = ORIENTED_EDGE ( 'NONE', *, *, #3458, .F. ) ;
#5017 = EDGE_LOOP ( 'NONE', ( #1839, #4636 ) ) ;
#5018 = CARTESIAN_POINT ( 'NONE',  ( 64.53107499061549390, -7.632590180779767586, -23.76740981922047169 ) ) ;
#5019 = CARTESIAN_POINT ( 'NONE',  ( 47.99999999999998579, -12.00000000000001243, -7.399999999999982592 ) ) ;
#5020 = EDGE_LOOP ( 'NONE', ( #2754, #6816, #3076, #2152, #7531, #4404, #4730, #2518, #267, #3834, #1953, #7838, #6769, #2741, #6458, #6208, #2870, #4898, #6552, #2244, #342, #5464, #6454, #1774 ) ) ;
#5021 = EDGE_CURVE ( 'NONE', #1996, #6333, #3717, .T. ) ;
#5022 = DIRECTION ( 'NONE',  ( 0.000000000000000000, 0.7071067811865459074, -0.7071067811865492381 ) ) ;
#5023 = AXIS2_PLACEMENT_3D ( 'NONE', #1473, #6271, #2868 ) ;
#5024 = DIRECTION ( 'NONE',  ( 0.000000000000000000, -1.000000000000000000, 0.000000000000000000 ) ) ;
#5025 = AXIS2_PLACEMENT_3D ( 'NONE', #7711, #1126, #5860 ) ;
#5026 = EDGE_CURVE ( 'NONE', #7023, #5872, #4362, .T. ) ;
#5027 = CARTESIAN_POINT ( 'NONE',  ( -62.99999999999998579, 12.99201543247748170, 13.40798456752249912 ) ) ;
#5028 = LINE ( 'NONE', #1060, #450 ) ;
#5029 = DIRECTION ( 'NONE',  ( 0.000000000000000000, -0.03547722218375332776, -0.9993704852086259249 ) ) ;
#5030 = ORIENTED_EDGE ( 'NONE', *, *, #5595, .T. ) ;
#5031 = CARTESIAN_POINT ( 'NONE',  ( -3.499999999999994227, 18.00000000000000000, -0.9999999999999892308 ) ) ;
#5032 = DIRECTION ( 'NONE',  ( 0.000000000000000000, 0.000000000000000000, 1.000000000000000000 ) ) ;
#5033 = VERTEX_POINT ( 'NONE', #6154 ) ;
#5034 = VECTOR ( 'NONE', #6608, 1000.000000000000000 ) ;
#5035 = FACE_OUTER_BOUND ( 'NONE', #2951, .T. ) ;
#5036 = LINE ( 'NONE', #6361, #1033 ) ;
#5037 = DIRECTION ( 'NONE',  ( 1.000000000000000000, 0.000000000000000000, 0.000000000000000000 ) ) ;
#5038 = LINE ( 'NONE', #5074, #7103 ) ;
#5039 = ORIENTED_EDGE ( 'NONE', *, *, #6667, .T. ) ;
#5040 = VERTEX_POINT ( 'NONE', #864 ) ;
#5041 = CARTESIAN_POINT ( 'NONE',  ( 58.60000000000001563, -8.722052573321372293, 16.00000000000000000 ) ) ;
#5042 = ORIENTED_EDGE ( 'NONE', *, *, #6669, .F. ) ;
#5043 = CIRCLE ( 'NONE', #2899, 1.099999999999998535 ) ;
#5044 = ORIENTED_EDGE ( 'NONE', *, *, #5754, .F. ) ;
#5045 = VERTEX_POINT ( 'NONE', #3798 ) ;
#5046 = CARTESIAN_POINT ( 'NONE',  ( -58.50000000000001421, -7.002802323379789584, 14.51763809020503793 ) ) ;
#5047 = LINE ( 'NONE', #887, #1679 ) ;
#5048 = VERTEX_POINT ( 'NONE', #6868 ) ;
#5049 = CARTESIAN_POINT ( 'NONE',  ( 0.000000000000000000, 0.000000000000000000, -2.600000000000032951 ) ) ;
#5050 = ADVANCED_FACE ( 'NONE', ( #6275 ), #4488, .F. ) ;
#5051 = DIRECTION ( 'NONE',  ( -1.000000000000000000, 8.881784197001252323E-16, 0.000000000000000000 ) ) ;
#5052 = VECTOR ( 'NONE', #1153, 1000.000000000000000 ) ;
#5053 = ORIENTED_EDGE ( 'NONE', *, *, #4187, .T. ) ;
#5054 = CARTESIAN_POINT ( 'NONE',  ( -53.00000000000000000, -11.99999999999999822, -7.399999999999982592 ) ) ;
#5055 = CIRCLE ( 'NONE', #5564, 3.049999999999976286 ) ;
#5056 = ORIENTED_EDGE ( 'NONE', *, *, #6627, .F. ) ;
#5057 = DIRECTION ( 'NONE',  ( 1.000000000000000000, 0.000000000000000000, 0.000000000000000000 ) ) ;
#5058 = CARTESIAN_POINT ( 'NONE',  ( -54.00000000000000711, -24.00000000000000000, -2.599999999999975664 ) ) ;
#5059 = EDGE_CURVE ( 'NONE', #2413, #3707, #779, .T. ) ;
#5060 = DIRECTION ( 'NONE',  ( 0.000000000000000000, 0.7071067811865556774, -0.7071067811865393571 ) ) ;
#5061 = EDGE_CURVE ( 'NONE', #6762, #6333, #187, .T. ) ;
#5062 = LINE ( 'NONE', #7029, #5180 ) ;
#5063 = EDGE_CURVE ( 'NONE', #2159, #4105, #4986, .T. ) ;
#5064 = FACE_OUTER_BOUND ( 'NONE', #6523, .T. ) ;
#5065 = ORIENTED_EDGE ( 'NONE', *, *, #4236, .F. ) ;
#5066 = CARTESIAN_POINT ( 'NONE',  ( 26.91421356237302831, 25.00000000000000000, -7.399999999999962164 ) ) ;
#5067 = DIRECTION ( 'NONE',  ( 1.000000000000000000, 0.000000000000000000, 0.000000000000000000 ) ) ;
#5068 = ORIENTED_EDGE ( 'NONE', *, *, #2136, .T. ) ;
#5069 = VECTOR ( 'NONE', #206, 1000.000000000000000 ) ;
#5070 = DIRECTION ( 'NONE',  ( 0.000000000000000000, 0.000000000000000000, 1.000000000000000000 ) ) ;
#5071 = CARTESIAN_POINT ( 'NONE',  ( -52.99999999999999289, 12.00000000000001421, -7.399999999999982592 ) ) ;
#5072 = EDGE_CURVE ( 'NONE', #1308, #7090, #5473, .T. ) ;
#5073 = CARTESIAN_POINT ( 'NONE',  ( 8.354433227641285598, 6.765053247749287735, -2.600000000000032951 ) ) ;
#5074 = CARTESIAN_POINT ( 'NONE',  ( 13.00000000000000000, -9.000000000000001776, -7.000000000000000000 ) ) ;
#5075 = ORIENTED_EDGE ( 'NONE', *, *, #935, .T. ) ;
#5076 = VERTEX_POINT ( 'NONE', #5821 ) ;
#5077 = CARTESIAN_POINT ( 'NONE',  ( 52.99999999999998579, -17.00000000000001421, -2.599999999999975664 ) ) ;
#5078 = CARTESIAN_POINT ( 'NONE',  ( 1.900000000000003242, 18.00000000000000000, 1.500000000000000000 ) ) ;
#5079 = AXIS2_PLACEMENT_3D ( 'NONE', #4851, #1260, #7340 ) ;
#5080 = DIRECTION ( 'NONE',  ( 0.5631999016423387960, 0.02931556245801798452, -0.8258005016878047222 ) ) ;
#5081 = VERTEX_POINT ( 'NONE', #6991 ) ;
#5082 = ORIENTED_EDGE ( 'NONE', *, *, #290, .T. ) ;
#5083 = DIRECTION ( 'NONE',  ( 0.000000000000000000, 0.000000000000000000, -1.000000000000000000 ) ) ;
#5084 = LINE ( 'NONE', #7503, #5543 ) ;
#5085 = ORIENTED_EDGE ( 'NONE', *, *, #242, .T. ) ;
#5086 = CARTESIAN_POINT ( 'NONE',  ( 26.91421356237302831, 24.00000000000000000, -7.399999999999962164 ) ) ;
#5087 = DIRECTION ( 'NONE',  ( 1.000000000000000000, -1.525031627232357891E-16, 0.000000000000000000 ) ) ;
#5088 = AXIS2_PLACEMENT_3D ( 'NONE', #3956, #7037, #7710 ) ;
#5089 = FACE_OUTER_BOUND ( 'NONE', #1910, .T. ) ;
#5090 = EDGE_CURVE ( 'NONE', #139, #5468, #5146, .T. ) ;
#5091 = ORIENTED_EDGE ( 'NONE', *, *, #2874, .T. ) ;
#5092 = VECTOR ( 'NONE', #3824, 1000.000000000000000 ) ;
#5093 = FACE_OUTER_BOUND ( 'NONE', #5836, .T. ) ;
#5094 = AXIS2_PLACEMENT_3D ( 'NONE', #4148, #3474, #1703 ) ;
#5095 = ORIENTED_EDGE ( 'NONE', *, *, #4375, .T. ) ;
#5096 = CARTESIAN_POINT ( 'NONE',  ( -12.00000000000000000, -9.000000000000001776, -7.000000000000000000 ) ) ;
#5097 = CARTESIAN_POINT ( 'NONE',  ( -58.00000000000000000, -3.185854099730718758, 7.999999999999395150 ) ) ;
#5098 = LINE ( 'NONE', #3322, #4674 ) ;
#5099 = VECTOR ( 'NONE', #2622, 1000.000000000000000 ) ;
#5100 = ORIENTED_EDGE ( 'NONE', *, *, #3539, .T. ) ;
#5101 = EDGE_CURVE ( 'NONE', #4962, #4760, #2666, .T. ) ;
#5102 = ORIENTED_EDGE ( 'NONE', *, *, #5595, .F. ) ;
#5103 = DIRECTION ( 'NONE',  ( 0.000000000000000000, -0.9993704852086260360, -0.03547722218375333469 ) ) ;
#5104 = EDGE_LOOP ( 'NONE', ( #422, #6081, #7207, #2667 ) ) ;
#5105 = LINE ( 'NONE', #2742, #1564 ) ;
#5106 = LINE ( 'NONE', #943, #5828 ) ;
#5107 = VECTOR ( 'NONE', #7517, 1000.000000000000114 ) ;
#5108 = EDGE_LOOP ( 'NONE', ( #643, #6542, #3013, #2024 ) ) ;
#5109 = ADVANCED_FACE ( 'NONE', ( #6952 ), #7559, .F. ) ;
#5110 = CIRCLE ( 'NONE', #7158, 2.099999999999999645 ) ;
#5111 = LINE ( 'NONE', #5631, #2287 ) ;
#5112 = CARTESIAN_POINT ( 'NONE',  ( -64.00000000000000000, -7.485765236524303923, 14.38822856765378333 ) ) ;
#5113 = ADVANCED_FACE ( 'NONE', ( #5064 ), #379, .T. ) ;
#5114 = ORIENTED_EDGE ( 'NONE', *, *, #6938, .T. ) ;
#5115 = EDGE_CURVE ( 'NONE', #4634, #3264, #2812, .T. ) ;
#5116 = CARTESIAN_POINT ( 'NONE',  ( 10.24999999999999645, 29.00000000000089884, -5.000000000000000000 ) ) ;
#5117 = VERTEX_POINT ( 'NONE', #1553 ) ;
#5118 = VERTEX_POINT ( 'NONE', #2154 ) ;
#5119 = CARTESIAN_POINT ( 'NONE',  ( -26.20710678118648573, 24.29289321881345742, -7.399999999999962164 ) ) ;
#5120 = VERTEX_POINT ( 'NONE', #7635 ) ;
#5121 = AXIS2_PLACEMENT_3D ( 'NONE', #2476, #757, #4808 ) ;
#5122 = DIRECTION ( 'NONE',  ( 1.000000000000000000, 0.000000000000000000, 0.000000000000000000 ) ) ;
#5123 = CARTESIAN_POINT ( 'NONE',  ( -26.91421356237302831, 24.00000000000000000, -2.600000000000031175 ) ) ;
#5124 = ADVANCED_FACE ( 'NONE', ( #6467 ), #2076, .F. ) ;
#5125 = ORIENTED_EDGE ( 'NONE', *, *, #3847, .T. ) ;
#5126 = VERTEX_POINT ( 'NONE', #4565 ) ;
#5127 = DIRECTION ( 'NONE',  ( 2.040851148208007259E-16, 1.000000000000000000, 0.000000000000000000 ) ) ;
#5128 = DIRECTION ( 'NONE',  ( 1.000000000000000000, 0.000000000000000000, 0.000000000000000000 ) ) ;
#5129 = ORIENTED_EDGE ( 'NONE', *, *, #2019, .T. ) ;
#5130 = FACE_OUTER_BOUND ( 'NONE', #5324, .T. ) ;
#5131 = AXIS2_PLACEMENT_3D ( 'NONE', #4366, #5590, #5549 ) ;
#5132 = FACE_OUTER_BOUND ( 'NONE', #1513, .T. ) ;
#5133 = ORIENTED_EDGE ( 'NONE', *, *, #1488, .T. ) ;
#5134 = AXIS2_PLACEMENT_3D ( 'NONE', #989, #6368, #5798 ) ;
#5135 = PLANE ( 'NONE',  #3351 ) ;
#5136 = ORIENTED_EDGE ( 'NONE', *, *, #746, .T. ) ;
#5137 = CARTESIAN_POINT ( 'NONE',  ( -70.50293497956538147, -18.94999999999998508, 11.77459666924138659 ) ) ;
#5138 = DIRECTION ( 'NONE',  ( 0.000000000000000000, -1.000000000000000000, 0.000000000000000000 ) ) ;
#5139 = AXIS2_PLACEMENT_3D ( 'NONE', #979, #5334, #2201 ) ;
#5140 = FACE_OUTER_BOUND ( 'NONE', #1674, .T. ) ;
#5141 = FACE_OUTER_BOUND ( 'NONE', #4182, .T. ) ;
#5142 = VECTOR ( 'NONE', #4981, 1000.000000000000114 ) ;
#5143 = ORIENTED_EDGE ( 'NONE', *, *, #4683, .T. ) ;
#5144 = ORIENTED_EDGE ( 'NONE', *, *, #7321, .T. ) ;
#5145 = AXIS2_PLACEMENT_3D ( 'NONE', #7630, #3394, #6496 ) ;
#5146 = LINE ( 'NONE', #306, #3844 ) ;
#5147 = EDGE_LOOP ( 'NONE', ( #2615, #937, #4101, #2708 ) ) ;
#5148 = LINE ( 'NONE', #5224, #1187 ) ;
#5149 = LINE ( 'NONE', #7601, #7754 ) ;
#5150 = ORIENTED_EDGE ( 'NONE', *, *, #1670, .F. ) ;
#5151 = CARTESIAN_POINT ( 'NONE',  ( -48.00000000000000000, -12.00000000000000000, 2.000000000000000000 ) ) ;
#5152 = EDGE_CURVE ( 'NONE', #5603, #7759, #3398, .T. ) ;
#5153 = AXIS2_PLACEMENT_3D ( 'NONE', #492, #2267, #2925 ) ;
#5154 = CARTESIAN_POINT ( 'NONE',  ( 58.33317167285149196, -8.336868088146783151, 15.73317167285147988 ) ) ;
#5155 = DIRECTION ( 'NONE',  ( 1.000000000000000000, 0.000000000000000000, 0.000000000000000000 ) ) ;
#5156 = AXIS2_PLACEMENT_3D ( 'NONE', #3475, #7823, #5939 ) ;
#5157 = DIRECTION ( 'NONE',  ( 0.000000000000000000, 0.000000000000000000, -1.000000000000000000 ) ) ;
#5158 = ORIENTED_EDGE ( 'NONE', *, *, #5299, .T. ) ;
#5159 = ORIENTED_EDGE ( 'NONE', *, *, #1291, .F. ) ;
#5160 = CARTESIAN_POINT ( 'NONE',  ( -10.25000000000000000, 29.00000000000089528, 0.000000000000000000 ) ) ;
#5161 = CARTESIAN_POINT ( 'NONE',  ( -58.50000000000001421, -8.934653975957926875, 14.00000000000000000 ) ) ;
#5162 = EDGE_CURVE ( 'NONE', #4489, #4241, #6125, .T. ) ;
#5163 = EDGE_CURVE ( 'NONE', #2838, #6782, #6431, .T. ) ;
#5164 = AXIS2_PLACEMENT_3D ( 'NONE', #5607, #330, #5128 ) ;
#5165 = VERTEX_POINT ( 'NONE', #3878 ) ;
#5166 = ORIENTED_EDGE ( 'NONE', *, *, #4446, .F. ) ;
#5167 = ADVANCED_FACE ( 'NONE', ( #346 ), #7673, .F. ) ;
#5168 = FACE_OUTER_BOUND ( 'NONE', #3913, .T. ) ;
#5169 = VERTEX_POINT ( 'NONE', #3290 ) ;
#5170 = DIRECTION ( 'NONE',  ( -0.000000000000000000, -1.000000000000000000, -0.000000000000000000 ) ) ;
#5171 = VERTEX_POINT ( 'NONE', #1514 ) ;
#5172 = FACE_OUTER_BOUND ( 'NONE', #6366, .T. ) ;
#5173 = ADVANCED_FACE ( 'NONE', ( #5709 ), #3920, .F. ) ;
#5174 = AXIS2_PLACEMENT_3D ( 'NONE', #3893, #713, #7051 ) ;
#5175 = ORIENTED_EDGE ( 'NONE', *, *, #6156, .T. ) ;
#5176 = LINE ( 'NONE', #5777, #5234 ) ;
#5177 = ORIENTED_EDGE ( 'NONE', *, *, #5391, .F. ) ;
#5178 = DIRECTION ( 'NONE',  ( 0.000000000000000000, 0.000000000000000000, -1.000000000000000000 ) ) ;
#5179 = LINE ( 'NONE', #5663, #6949 ) ;
#5180 = VECTOR ( 'NONE', #3395, 1000.000000000000000 ) ;
#5181 = CYLINDRICAL_SURFACE ( 'NONE', #5145, 1.000000000000000000 ) ;
#5182 = DIRECTION ( 'NONE',  ( -0.000000000000000000, -0.000000000000000000, 1.000000000000000000 ) ) ;
#5183 = VERTEX_POINT ( 'NONE', #973 ) ;
#5184 = AXIS2_PLACEMENT_3D ( 'NONE', #1322, #1560, #3927 ) ;
#5185 = EDGE_LOOP ( 'NONE', ( #4944, #551, #6671, #297 ) ) ;
#5186 = DIRECTION ( 'NONE',  ( 1.000000000000000000, 0.000000000000000000, 0.000000000000000000 ) ) ;
#5187 = ORIENTED_EDGE ( 'NONE', *, *, #4386, .F. ) ;
#5188 = CYLINDRICAL_SURFACE ( 'NONE', #7657, 1.099999999999998535 ) ;
#5189 = LINE ( 'NONE', #2368, #1415 ) ;
#5190 = CARTESIAN_POINT ( 'NONE',  ( 17.39999999999997016, 11.99999999999999645, -8.000000000000000000 ) ) ;
#5191 = VECTOR ( 'NONE', #6960, 1000.000000000000000 ) ;
#5192 = DIRECTION ( 'NONE',  ( -0.000000000000000000, 0.000000000000000000, 1.000000000000000000 ) ) ;
#5193 = LINE ( 'NONE', #6363, #1318 ) ;
#5194 = AXIS2_PLACEMENT_3D ( 'NONE', #4776, #1729, #2952 ) ;
#5195 = EDGE_CURVE ( 'NONE', #7432, #6398, #6397, .T. ) ;
#5196 = CARTESIAN_POINT ( 'NONE',  ( -63.40000000000001279, 8.722052573321345648, 16.00000000000000000 ) ) ;
#5197 = ORIENTED_EDGE ( 'NONE', *, *, #976, .F. ) ;
#5198 = ORIENTED_EDGE ( 'NONE', *, *, #1735, .F. ) ;
#5199 = ORIENTED_EDGE ( 'NONE', *, *, #1676, .F. ) ;
#5200 = VERTEX_POINT ( 'NONE', #4602 ) ;
#5201 = EDGE_CURVE ( 'NONE', #3081, #2394, #7419, .T. ) ;
#5202 = DIRECTION ( 'NONE',  ( -1.000000000000000000, -0.000000000000000000, 0.000000000000000000 ) ) ;
#5203 = VECTOR ( 'NONE', #2690, 1000.000000000000000 ) ;
#5204 = ORIENTED_EDGE ( 'NONE', *, *, #7078, .F. ) ;
#5205 = VERTEX_POINT ( 'NONE', #3244 ) ;
#5206 = DIRECTION ( 'NONE',  ( -0.000000000000000000, 0.000000000000000000, 1.000000000000000000 ) ) ;
#5207 = PLANE ( 'NONE',  #6679 ) ;
#5208 = EDGE_CURVE ( 'NONE', #205, #3991, #2416, .T. ) ;
#5209 = ORIENTED_EDGE ( 'NONE', *, *, #2256, .F. ) ;
#5210 = EDGE_CURVE ( 'NONE', #2049, #6055, #5857, .T. ) ;
#5211 = EDGE_CURVE ( 'NONE', #1305, #1250, #5252, .T. ) ;
#5212 = ORIENTED_EDGE ( 'NONE', *, *, #3089, .F. ) ;
#5213 = DIRECTION ( 'NONE',  ( 1.000000000000000000, 0.000000000000000000, 0.000000000000000000 ) ) ;
#5214 = DIRECTION ( 'NONE',  ( 0.7071067811865474617, 0.7071067811865474617, 0.000000000000000000 ) ) ;
#5215 = FACE_OUTER_BOUND ( 'NONE', #6578, .T. ) ;
#5216 = EDGE_CURVE ( 'NONE', #5218, #7695, #5327, .T. ) ;
#5217 = AXIS2_PLACEMENT_3D ( 'NONE', #1409, #1323, #2005 ) ;
#5218 = VERTEX_POINT ( 'NONE', #1195 ) ;
#5219 = LINE ( 'NONE', #7671, #7497 ) ;
#5220 = AXIS2_PLACEMENT_3D ( 'NONE', #7347, #3835, #857 ) ;
#5221 = ORIENTED_EDGE ( 'NONE', *, *, #5115, .F. ) ;
#5222 = DIRECTION ( 'NONE',  ( -1.000000000000000000, 0.000000000000000000, 0.000000000000000000 ) ) ;
#5223 = VERTEX_POINT ( 'NONE', #2848 ) ;
#5224 = CARTESIAN_POINT ( 'NONE',  ( -64.00000000000001421, 7.002802323379786031, 14.51763809020503793 ) ) ;
#5225 = DIRECTION ( 'NONE',  ( -0.6785983445458355634, -0.6785983445458513286, 0.2810846377148378816 ) ) ;
#5226 = CIRCLE ( 'NONE', #2096, 2.500000000000021316 ) ;
#5227 = CYLINDRICAL_SURFACE ( 'NONE', #3532, 0.9999999999999991118 ) ;
#5228 = ORIENTED_EDGE ( 'NONE', *, *, #2930, .F. ) ;
#5229 = LINE ( 'NONE', #7086, #6668 ) ;
#5230 = CARTESIAN_POINT ( 'NONE',  ( -12.00000000000000000, -9.000000000000001776, -7.000000000000000000 ) ) ;
#5231 = ADVANCED_FACE ( 'NONE', ( #526 ), #1816, .F. ) ;
#5232 = ORIENTED_EDGE ( 'NONE', *, *, #6340, .T. ) ;
#5233 = ORIENTED_EDGE ( 'NONE', *, *, #3797, .F. ) ;
#5234 = VECTOR ( 'NONE', #3941, 1000.000000000000000 ) ;
#5235 = CARTESIAN_POINT ( 'NONE',  ( 0.000000000000000000, -23.80803242245864126, 7.950000000000023270 ) ) ;
#5236 = ORIENTED_EDGE ( 'NONE', *, *, #1389, .T. ) ;
#5237 = DIRECTION ( 'NONE',  ( 0.000000000000000000, 0.000000000000000000, 1.000000000000000000 ) ) ;
#5238 = EDGE_LOOP ( 'NONE', ( #6992, #3460, #2763, #809 ) ) ;
#5239 = DIRECTION ( 'NONE',  ( 0.000000000000000000, 0.000000000000000000, -1.000000000000000000 ) ) ;
#5240 = ORIENTED_EDGE ( 'NONE', *, *, #4444, .F. ) ;
#5241 = CARTESIAN_POINT ( 'NONE',  ( 58.50000000000001421, 8.310154176118146552, 15.90000000000002167 ) ) ;
#5242 = DIRECTION ( 'NONE',  ( 0.000000000000000000, 9.227252531791543882E-16, 1.000000000000000000 ) ) ;
#5243 = PRODUCT_RELATED_PRODUCT_CATEGORY ( 'part', '', ( #2955 ) ) ;
#5244 = CIRCLE ( 'NONE', #3990, 1.899999999999998579 ) ;
#5245 = LINE ( 'NONE', #2875, #7317 ) ;
#5246 = FACE_OUTER_BOUND ( 'NONE', #6592, .T. ) ;
#5247 = EDGE_CURVE ( 'NONE', #1427, #3389, #5110, .T. ) ;
#5248 = CIRCLE ( 'NONE', #732, 1.499999999999978684 ) ;
#5249 = ADVANCED_FACE ( 'NONE', ( #2882 ), #7043, .T. ) ;
#5250 = ORIENTED_EDGE ( 'NONE', *, *, #7502, .T. ) ;
#5251 = VERTEX_POINT ( 'NONE', #604 ) ;
#5252 = LINE ( 'NONE', #7261, #4220 ) ;
#5253 = VERTEX_POINT ( 'NONE', #7105 ) ;
#5254 = DIRECTION ( 'NONE',  ( 0.000000000000000000, 0.000000000000000000, -1.000000000000000000 ) ) ;
#5255 = EDGE_CURVE ( 'NONE', #4068, #1458, #3001, .T. ) ;
#5256 = DIRECTION ( 'NONE',  ( -1.000000000000000000, -1.982541115402064370E-16, 0.000000000000000000 ) ) ;
#5257 = CIRCLE ( 'NONE', #6545, 5.000000000000000888 ) ;
#5258 = DIRECTION ( 'NONE',  ( -0.7071067811865423547, -0.6830127018922247384, -0.1830127018922191873 ) ) ;
#5259 = DIRECTION ( 'NONE',  ( 0.000000000000000000, 0.6815754626248916592, -0.7317478313925263045 ) ) ;
#5260 = ADVANCED_FACE ( 'NONE', ( #5285 ), #7743, .T. ) ;
#5261 = DIRECTION ( 'NONE',  ( 0.7071067811865406894, 8.659560562354850274E-17, -0.7071067811865544561 ) ) ;
#5262 = DIRECTION ( 'NONE',  ( -0.000000000000000000, -0.000000000000000000, -1.000000000000000000 ) ) ;
#5263 = ORIENTED_EDGE ( 'NONE', *, *, #5291, .F. ) ;
#5264 = VERTEX_POINT ( 'NONE', #2298 ) ;
#5265 = AXIS2_PLACEMENT_3D ( 'NONE', #2997, #1810, #1115 ) ;
#5266 = VERTEX_POINT ( 'NONE', #2263 ) ;
#5267 = ORIENTED_EDGE ( 'NONE', *, *, #1498, .F. ) ;
#5268 = DIRECTION ( 'NONE',  ( -1.000000000000000000, 0.000000000000000000, 0.000000000000000000 ) ) ;
#5269 = CARTESIAN_POINT ( 'NONE',  ( 10.24999999999999645, 29.00000000000089884, -2.000000000000000000 ) ) ;
#5270 = ORIENTED_EDGE ( 'NONE', *, *, #3311, .T. ) ;
#5271 = CARTESIAN_POINT ( 'NONE',  ( -58.50000000000001421, -5.117705752308856049, 7.482361909794359001 ) ) ;
#5272 = LINE ( 'NONE', #7729, #863 ) ;
#5273 = ORIENTED_EDGE ( 'NONE', *, *, #5645, .T. ) ;
#5274 = DIRECTION ( 'NONE',  ( -1.000000000000000000, 1.020425574104004246E-16, 0.000000000000000000 ) ) ;
#5275 = AXIS2_PLACEMENT_3D ( 'NONE', #4258, #169, #6687 ) ;
#5276 = ORIENTED_EDGE ( 'NONE', *, *, #6205, .T. ) ;
#5277 = CARTESIAN_POINT ( 'NONE',  ( 10.25000000000000000, 8.300000000000901323, -3.000000000000000000 ) ) ;
#5278 = EDGE_LOOP ( 'NONE', ( #39, #2692, #4250, #5783 ) ) ;
#5279 = CARTESIAN_POINT ( 'NONE',  ( 14.58578643762690064, 34.49999999999999289, -2.000000000000000000 ) ) ;
#5280 = EDGE_CURVE ( 'NONE', #6754, #2234, #4705, .T. ) ;
#5281 = CARTESIAN_POINT ( 'NONE',  ( 4.531193156845206793E-15, 18.00000000000000000, -0.5000000000000000000 ) ) ;
#5282 = DIRECTION ( 'NONE',  ( 0.000000000000000000, 0.7071067811865393571, -0.7071067811865556774 ) ) ;
#5283 = VERTEX_POINT ( 'NONE', #4146 ) ;
#5284 = ORIENTED_EDGE ( 'NONE', *, *, #3957, .T. ) ;
#5285 = FACE_OUTER_BOUND ( 'NONE', #4508, .T. ) ;
#5286 = AXIS2_PLACEMENT_3D ( 'NONE', #1967, #161, #2052 ) ;
#5287 = EDGE_LOOP ( 'NONE', ( #1579, #6652, #3304, #2297, #377 ) ) ;
#5288 = FACE_OUTER_BOUND ( 'NONE', #1124, .T. ) ;
#5289 = EDGE_CURVE ( 'NONE', #4489, #2629, #7142, .T. ) ;
#5290 = CARTESIAN_POINT ( 'NONE',  ( 58.00000000000000000, -23.99999999999998224, 5.499999999999375611 ) ) ;
#5291 = EDGE_CURVE ( 'NONE', #5126, #4624, #4667, .T. ) ;
#5292 = DIRECTION ( 'NONE',  ( -1.000000000000000000, 0.000000000000000000, 0.000000000000000000 ) ) ;
#5293 = CARTESIAN_POINT ( 'NONE',  ( 58.00000000000000711, -18.94999999999998508, 11.77459666924138659 ) ) ;
#5294 = CARTESIAN_POINT ( 'NONE',  ( 58.00000000000000000, 10.15147186257610734, 15.39999999999999680 ) ) ;
#5295 = DIRECTION ( 'NONE',  ( 0.000000000000000000, 0.000000000000000000, -1.000000000000000000 ) ) ;
#5296 = AXIS2_PLACEMENT_3D ( 'NONE', #3625, #2568, #1978 ) ;
#5297 = ADVANCED_FACE ( 'NONE', ( #2961 ), #6541, .F. ) ;
#5298 = DIRECTION ( 'NONE',  ( -1.020425574104004246E-16, -1.000000000000000000, 0.000000000000000000 ) ) ;
#5299 = EDGE_CURVE ( 'NONE', #7258, #6224, #7040, .T. ) ;
#5300 = DIRECTION ( 'NONE',  ( 1.000000000000000000, 9.912705577010325549E-17, 0.000000000000000000 ) ) ;
#5301 = EDGE_CURVE ( 'NONE', #1183, #3443, #3581, .T. ) ;
#5302 = ORIENTED_EDGE ( 'NONE', *, *, #5005, .F. ) ;
#5303 = VECTOR ( 'NONE', #5532, 1000.000000000000000 ) ;
#5304 = EDGE_CURVE ( 'NONE', #3533, #869, #5405, .T. ) ;
#5305 = AXIS2_PLACEMENT_3D ( 'NONE', #2818, #5262, #2896 ) ;
#5306 = ORIENTED_EDGE ( 'NONE', *, *, #2600, .T. ) ;
#5307 = ORIENTED_EDGE ( 'NONE', *, *, #936, .T. ) ;
#5308 = FACE_OUTER_BOUND ( 'NONE', #6358, .T. ) ;
#5309 = DIRECTION ( 'NONE',  ( 0.000000000000000000, -5.005103799539678958E-14, -1.000000000000000000 ) ) ;
#5310 = ORIENTED_EDGE ( 'NONE', *, *, #2136, .F. ) ;
#5311 = DIRECTION ( 'NONE',  ( -0.5631999016423375748, -0.02931556245801801228, -0.8258005016878054994 ) ) ;
#5312 = CARTESIAN_POINT ( 'NONE',  ( 0.000000000000000000, 0.000000000000000000, -2.600000000000032951 ) ) ;
#5313 = EDGE_LOOP ( 'NONE', ( #4306, #308 ) ) ;
#5314 = VECTOR ( 'NONE', #1557, 1000.000000000000000 ) ;
#5315 = PLANE ( 'NONE',  #3011 ) ;
#5316 = ORIENTED_EDGE ( 'NONE', *, *, #5984, .T. ) ;
#5317 = DIRECTION ( 'NONE',  ( -0.000000000000000000, 0.000000000000000000, 1.000000000000000000 ) ) ;
#5318 = ORIENTED_EDGE ( 'NONE', *, *, #5162, .T. ) ;
#5319 = CARTESIAN_POINT ( 'NONE',  ( -63.50000000000002842, -5.117705752308856049, 7.482361909794359001 ) ) ;
#5320 = CARTESIAN_POINT ( 'NONE',  ( -47.99999999999999289, 17.00000000000001421, -2.600000000000003197 ) ) ;
#5321 = CARTESIAN_POINT ( 'NONE',  ( 58.60000000000000853, 0.000000000000000000, 16.00000000000000000 ) ) ;
#5322 = CONICAL_SURFACE ( 'NONE', #3557, 9.400000000000011013, 0.7853981633974482790 ) ;
#5323 = LINE ( 'NONE', #2842, #2900 ) ;
#5324 = EDGE_LOOP ( 'NONE', ( #1377, #3729, #5650, #3895, #2177, #6680 ) ) ;
#5325 = CARTESIAN_POINT ( 'NONE',  ( 58.00000000000000711, -5.117705752308856049, 7.482361909794359001 ) ) ;
#5326 = ORIENTED_EDGE ( 'NONE', *, *, #738, .F. ) ;
#5327 = LINE ( 'NONE', #4821, #1585 ) ;
#5328 = AXIS2_PLACEMENT_3D ( 'NONE', #2467, #3640, #3768 ) ;
#5329 = ORIENTED_EDGE ( 'NONE', *, *, #6662, .F. ) ;
#5330 = LINE ( 'NONE', #490, #2212 ) ;
#5331 = DIRECTION ( 'NONE',  ( -0.000000000000000000, -0.000000000000000000, 1.000000000000000000 ) ) ;
#5332 = DIRECTION ( 'NONE',  ( -0.7071067811865474617, 0.000000000000000000, 0.7071067811865474617 ) ) ;
#5333 = DIRECTION ( 'NONE',  ( 1.000000000000000000, 0.000000000000000000, 0.000000000000000000 ) ) ;
#5334 = DIRECTION ( 'NONE',  ( 1.000000000000000000, -0.000000000000000000, -0.000000000000000000 ) ) ;
#5335 = AXIS2_PLACEMENT_3D ( 'NONE', #1631, #5859, #1594 ) ;
#5336 = ADVANCED_FACE ( 'NONE', ( #3472 ), #2833, .F. ) ;
#5337 = DIRECTION ( 'NONE',  ( 0.000000000000000000, 0.000000000000000000, -1.000000000000000000 ) ) ;
#5338 = CARTESIAN_POINT ( 'NONE',  ( 0.000000000000000000, 0.000000000000000000, -2.000000000000000000 ) ) ;
#5339 = AXIS2_PLACEMENT_3D ( 'NONE', #947, #4572, #6439 ) ;
#5340 = VECTOR ( 'NONE', #6101, 1000.000000000000000 ) ;
#5341 = EDGE_CURVE ( 'NONE', #2703, #37, #1857, .T. ) ;
#5342 = CIRCLE ( 'NONE', #1955, 9.400000000000011013 ) ;
#5343 = EDGE_CURVE ( 'NONE', #1290, #1419, #844, .T. ) ;
#5344 = VERTEX_POINT ( 'NONE', #727 ) ;
#5345 = ORIENTED_EDGE ( 'NONE', *, *, #5824, .F. ) ;
#5346 = LINE ( 'NONE', #1137, #3723 ) ;
#5347 = CARTESIAN_POINT ( 'NONE',  ( -52.99999999999999289, 17.00000000000001421, -2.600000000000003197 ) ) ;
#5348 = ORIENTED_EDGE ( 'NONE', *, *, #4235, .F. ) ;
#5349 = DIRECTION ( 'NONE',  ( 0.000000000000000000, -1.000000000000000000, 0.000000000000000000 ) ) ;
#5350 = EDGE_CURVE ( 'NONE', #1419, #4068, #4308, .T. ) ;
#5351 = ORIENTED_EDGE ( 'NONE', *, *, #4824, .T. ) ;
#5352 = AXIS2_PLACEMENT_3D ( 'NONE', #3326, #7035, #5186 ) ;
#5353 = DIRECTION ( 'NONE',  ( -0.000000000000000000, 1.000000000000000000, -0.000000000000000000 ) ) ;
#5354 = ORIENTED_EDGE ( 'NONE', *, *, #4375, .F. ) ;
#5355 = CARTESIAN_POINT ( 'NONE',  ( -58.50000000000001421, 5.117705752308854272, 7.482361909794360777 ) ) ;
#5356 = VERTEX_POINT ( 'NONE', #6098 ) ;
#5357 = LINE ( 'NONE', #4095, #7632 ) ;
#5358 = DIRECTION ( 'NONE',  ( -1.000000000000000000, 0.000000000000000000, 0.000000000000000000 ) ) ;
#5359 = LINE ( 'NONE', #3621, #2302 ) ;
#5360 = CIRCLE ( 'NONE', #1209, 4.499999999999990230 ) ;
#5361 = PLANE ( 'NONE',  #882 ) ;
#5362 = PLANE ( 'NONE',  #7494 ) ;
#5363 = VERTEX_POINT ( 'NONE', #2529 ) ;
#5364 = CIRCLE ( 'NONE', #4103, 1.899999999999999023 ) ;
#5365 = CARTESIAN_POINT ( 'NONE',  ( 12.34999999999999609, 29.00000000000089884, 0.000000000000000000 ) ) ;
#5366 = EDGE_LOOP ( 'NONE', ( #2617, #3022 ) ) ;
#5367 = DIRECTION ( 'NONE',  ( -0.000000000000000000, -1.000000000000000000, -0.000000000000000000 ) ) ;
#5368 = DIRECTION ( 'NONE',  ( 0.000000000000000000, -0.000000000000000000, -1.000000000000000000 ) ) ;
#5369 = CARTESIAN_POINT ( 'NONE',  ( 58.00000000000000000, 12.56775136376555224, 12.98372049881056256 ) ) ;
#5370 = CARTESIAN_POINT ( 'NONE',  ( 4.531193156845206793E-15, -18.00000000000000000, -2.000000000000000000 ) ) ;
#5371 = DIRECTION ( 'NONE',  ( 0.000000000000000000, 0.000000000000000000, -1.000000000000000000 ) ) ;
#5372 = DIRECTION ( 'NONE',  ( 0.000000000000000000, 0.000000000000000000, 1.000000000000000000 ) ) ;
#5373 = VECTOR ( 'NONE', #5515, 1000.000000000000000 ) ;
#5374 = FACE_OUTER_BOUND ( 'NONE', #3787, .T. ) ;
#5375 = CIRCLE ( 'NONE', #1989, 5.600000000000018296 ) ;
#5376 = LINE ( 'NONE', #6551, #2912 ) ;
#5377 = EDGE_CURVE ( 'NONE', #2582, #5076, #203, .T. ) ;
#5378 = VECTOR ( 'NONE', #7193, 1000.000000000000000 ) ;
#5379 = ORIENTED_EDGE ( 'NONE', *, *, #4187, .F. ) ;
#5380 = VECTOR ( 'NONE', #3072, 1000.000000000000000 ) ;
#5381 = CARTESIAN_POINT ( 'NONE',  ( 63.49999999999998579, -7.002802323379789584, 14.51763809020503793 ) ) ;
#5382 = DIRECTION ( 'NONE',  ( 0.000000000000000000, 1.837433013737340913E-16, -1.000000000000000000 ) ) ;
#5383 = VERTEX_POINT ( 'NONE', #3666 ) ;
#5384 = PLANE ( 'NONE',  #174 ) ;
#5385 = EDGE_CURVE ( 'NONE', #563, #7258, #6057, .T. ) ;
#5386 = VECTOR ( 'NONE', #1433, 1000.000000000000000 ) ;
#5387 = VERTEX_POINT ( 'NONE', #4976 ) ;
#5388 = ADVANCED_FACE ( 'NONE', ( #4390 ), #7303, .T. ) ;
#5389 = DIRECTION ( 'NONE',  ( 1.000000000000000000, -0.000000000000000000, 0.000000000000000000 ) ) ;
#5390 = AXIS2_PLACEMENT_3D ( 'NONE', #6582, #2341, #530 ) ;
#5391 = EDGE_CURVE ( 'NONE', #6185, #5996, #6817, .T. ) ;
#5392 = CARTESIAN_POINT ( 'NONE',  ( 58.16646541976386686, 8.365225642826668917, 15.56646541976386544 ) ) ;
#5393 = DIRECTION ( 'NONE',  ( 1.000000000000000000, 0.000000000000000000, 0.000000000000000000 ) ) ;
#5394 = CARTESIAN_POINT ( 'NONE',  ( 0.000000000000000000, 35.50000000000000000, -7.399999999999962164 ) ) ;
#5395 = CARTESIAN_POINT ( 'NONE',  ( -4.499999999999985789, 18.00000000000000000, -2.000000000000000000 ) ) ;
#5396 = AXIS2_PLACEMENT_3D ( 'NONE', #3044, #3197, #7348 ) ;
#5397 = EDGE_CURVE ( 'NONE', #6696, #3038, #4854, .T. ) ;
#5398 = FACE_BOUND ( 'NONE', #5366, .T. ) ;
#5399 = DIRECTION ( 'NONE',  ( 1.000000000000000000, 0.000000000000000000, 0.000000000000000000 ) ) ;
#5400 = DIRECTION ( 'NONE',  ( 0.000000000000000000, 0.03547722218375332776, 0.9993704852086259249 ) ) ;
#5401 = DIRECTION ( 'NONE',  ( 0.000000000000000000, 0.7071067811865515695, -0.7071067811865434649 ) ) ;
#5402 = ORIENTED_EDGE ( 'NONE', *, *, #384, .T. ) ;
#5403 = LINE ( 'NONE', #7259, #5303 ) ;
#5404 = VERTEX_POINT ( 'NONE', #768 ) ;
#5405 = LINE ( 'NONE', #16, #7430 ) ;
#5406 = ORIENTED_EDGE ( 'NONE', *, *, #2807, .T. ) ;
#5407 = CARTESIAN_POINT ( 'NONE',  ( 10.75000000000000000, 0.000000000000000000, -7.000000000000000000 ) ) ;
#5408 = LINE ( 'NONE', #1632, #255 ) ;
#5409 = DIRECTION ( 'NONE',  ( 0.000000000000000000, 0.000000000000000000, -1.000000000000000000 ) ) ;
#5410 = LINE ( 'NONE', #569, #5903 ) ;
#5411 = FACE_OUTER_BOUND ( 'NONE', #2859, .T. ) ;
#5412 = AXIS2_PLACEMENT_3D ( 'NONE', #6509, #1669, #4829 ) ;
#5413 = DIRECTION ( 'NONE',  ( 0.7071067811865477948, -0.6830127018922192983, -0.1830127018922180493 ) ) ;
#5414 = CARTESIAN_POINT ( 'NONE',  ( -63.40000000000002700, 24.00000000000000000, 6.000000000000000000 ) ) ;
#5415 = ORIENTED_EDGE ( 'NONE', *, *, #4353, .T. ) ;
#5416 = VECTOR ( 'NONE', #4100, 1000.000000000000227 ) ;
#5417 = CARTESIAN_POINT ( 'NONE',  ( -58.16646541976386686, 8.365225642826668917, 15.56646541976386899 ) ) ;
#5418 = ADVANCED_FACE ( 'NONE', ( #135 ), #3157, .F. ) ;
#5419 = VECTOR ( 'NONE', #3017, 1000.000000000000114 ) ;
#5420 = CARTESIAN_POINT ( 'NONE',  ( -52.99999999999999289, 17.00000000000001421, 2.000000000000000000 ) ) ;
#5421 = DIRECTION ( 'NONE',  ( -0.7071067811865474617, 0.7071067811865474617, 0.000000000000000000 ) ) ;
#5422 = DIRECTION ( 'NONE',  ( 1.000000000000000000, 0.000000000000000000, 0.000000000000000000 ) ) ;
#5423 = ORIENTED_EDGE ( 'NONE', *, *, #7806, .F. ) ;
#5424 = CARTESIAN_POINT ( 'NONE',  ( -63.50000000000004263, 7.002802323379786031, 14.51763809020503793 ) ) ;
#5425 = CARTESIAN_POINT ( 'NONE',  ( 0.000000000000000000, 0.000000000000000000, -2.000000000000000000 ) ) ;
#5426 = ORIENTED_EDGE ( 'NONE', *, *, #7367, .F. ) ;
#5427 = CARTESIAN_POINT ( 'NONE',  ( 63.49999999999998579, 7.002802323379786031, 14.51763809020503793 ) ) ;
#5428 = AXIS2_PLACEMENT_3D ( 'NONE', #1750, #4157, #6589 ) ;
#5429 = ADVANCED_FACE ( 'NONE', ( #5576 ), #1459, .F. ) ;
#5430 = ORIENTED_EDGE ( 'NONE', *, *, #5601, .T. ) ;
#5431 = VECTOR ( 'NONE', #1334, 1000.000000000000000 ) ;
#5432 = ORIENTED_EDGE ( 'NONE', *, *, #4830, .T. ) ;
#5433 = CARTESIAN_POINT ( 'NONE',  ( -58.33317167285149196, -8.336868088146802691, 15.73317167285149054 ) ) ;
#5434 = FILL_AREA_STYLE ('',( #6686 ) ) ;
#5435 = LINE ( 'NONE', #1938, #7763 ) ;
#5436 = EDGE_CURVE ( 'NONE', #1817, #3937, #3788, .T. ) ;
#5437 = DIRECTION ( 'NONE',  ( -0.7071067811865470176, 0.6830127018922205195, 0.1830127018922168003 ) ) ;
#5438 = DIRECTION ( 'NONE',  ( 1.000000000000000000, 0.000000000000000000, 0.000000000000000000 ) ) ;
#5439 = VECTOR ( 'NONE', #1496, 1000.000000000000000 ) ;
#5440 = EDGE_CURVE ( 'NONE', #2703, #4078, #1303, .T. ) ;
#5441 = EDGE_CURVE ( 'NONE', #1282, #1142, #1205, .T. ) ;
#5442 = ORIENTED_EDGE ( 'NONE', *, *, #1048, .T. ) ;
#5443 = EDGE_LOOP ( 'NONE', ( #3453, #6466, #5789, #7417 ) ) ;
#5444 = CARTESIAN_POINT ( 'NONE',  ( 62.49999999999998579, 14.00000000000000000, 6.000000000000000000 ) ) ;
#5445 = ORIENTED_EDGE ( 'NONE', *, *, #56, .F. ) ;
#5446 = DIRECTION ( 'NONE',  ( -1.000000000000000000, 0.000000000000000000, 0.000000000000000000 ) ) ;
#5447 = ORIENTED_EDGE ( 'NONE', *, *, #6979, .T. ) ;
#5448 = AXIS2_PLACEMENT_3D ( 'NONE', #954, #4576, #7005 ) ;
#5449 = EDGE_CURVE ( 'NONE', #5795, #229, #177, .T. ) ;
#5450 = DIRECTION ( 'NONE',  ( 0.000000000000000000, -0.000000000000000000, 1.000000000000000000 ) ) ;
#5451 = FACE_OUTER_BOUND ( 'NONE', #4677, .T. ) ;
#5452 = EDGE_CURVE ( 'NONE', #4771, #4270, #3746, .T. ) ;
#5453 = DIRECTION ( 'NONE',  ( -0.000000000000000000, -0.000000000000000000, 1.000000000000000000 ) ) ;
#5454 = FACE_OUTER_BOUND ( 'NONE', #1519, .T. ) ;
#5455 = ORIENTED_EDGE ( 'NONE', *, *, #4142, .F. ) ;
#5456 = VECTOR ( 'NONE', #6809, 1000.000000000000000 ) ;
#5457 = VECTOR ( 'NONE', #5421, 1000.000000000000114 ) ;
#5458 = DIRECTION ( 'NONE',  ( 0.000000000000000000, -0.03547722218375332776, 0.9993704852086259249 ) ) ;
#5459 = VERTEX_POINT ( 'NONE', #2571 ) ;
#5460 = B_SPLINE_CURVE_WITH_KNOTS ( 'NONE', 3,
 ( #6493, #5392, #3462, #5241 ),
 .UNSPECIFIED., .F., .F.,
 ( 4, 4 ),
 ( 0.000000000000000000, 0.0007123153312740236609 ),
 .UNSPECIFIED. ) ;
#5461 = VECTOR ( 'NONE', #6227, 1000.000000000000000 ) ;
#5462 = CARTESIAN_POINT ( 'NONE',  ( -7.410638297872338853, 7.787486116720065965, -7.000000000000000000 ) ) ;
#5463 = FACE_OUTER_BOUND ( 'NONE', #2725, .T. ) ;
#5464 = ORIENTED_EDGE ( 'NONE', *, *, #2176, .T. ) ;
#5465 = ORIENTED_EDGE ( 'NONE', *, *, #5933, .T. ) ;
#5466 = CARTESIAN_POINT ( 'NONE',  ( 3.000000000000004441, -18.00000000000000000, -0.5000000000000000000 ) ) ;
#5467 = LINE ( 'NONE', #7243, #5641 ) ;
#5468 = VERTEX_POINT ( 'NONE', #6225 ) ;
#5469 = CARTESIAN_POINT ( 'NONE',  ( 13.00000000000000000, 37.50000000000000000, -7.399999999999962164 ) ) ;
#5470 = AXIS2_PLACEMENT_3D ( 'NONE', #7114, #7751, #4675 ) ;
#5471 = VECTOR ( 'NONE', #6423, 1000.000000000000114 ) ;
#5472 = ORIENTED_EDGE ( 'NONE', *, *, #3014, .T. ) ;
#5473 = CIRCLE ( 'NONE', #5352, 1.000000000000000888 ) ;
#5474 = FACE_OUTER_BOUND ( 'NONE', #702, .T. ) ;
#5475 = VERTEX_POINT ( 'NONE', #3193 ) ;
#5476 = FACE_OUTER_BOUND ( 'NONE', #4575, .T. ) ;
#5477 = CARTESIAN_POINT ( 'NONE',  ( -58.60000000000003695, 24.00000000000000000, -7.000000000000000000 ) ) ;
#5478 = DIRECTION ( 'NONE',  ( 0.4999999999999911737, 0.7071067811865595631, 0.4999999999999917288 ) ) ;
#5479 = LINE ( 'NONE', #5799, #4320 ) ;
#5480 = EDGE_CURVE ( 'NONE', #1615, #2975, #2221, .T. ) ;
#5481 = CARTESIAN_POINT ( 'NONE',  ( -63.40000000000001279, -14.00000000000000000, 16.00000000000000000 ) ) ;
#5482 = CYLINDRICAL_SURFACE ( 'NONE', #6033, 2.000000000000000000 ) ;
#5483 = CARTESIAN_POINT ( 'NONE',  ( 4.531193156845206793E-15, 18.00000000000000000, 1.500000000000000000 ) ) ;
#5484 = AXIS2_PLACEMENT_3D ( 'NONE', #6655, #1265, #686 ) ;
#5485 = EDGE_LOOP ( 'NONE', ( #3761, #1136, #1416, #7011 ) ) ;
#5486 = DIRECTION ( 'NONE',  ( -1.000000000000000000, 0.000000000000000000, 0.000000000000000000 ) ) ;
#5487 = ORIENTED_EDGE ( 'NONE', *, *, #4547, .T. ) ;
#5488 = CARTESIAN_POINT ( 'NONE',  ( 63.99999999999998579, 14.00000000000000000, 6.000000000000000000 ) ) ;
#5489 = EDGE_LOOP ( 'NONE', ( #7516, #4782, #4043, #4704, #1003 ) ) ;
#5490 = LINE ( 'NONE', #7304, #1807 ) ;
#5491 = FACE_OUTER_BOUND ( 'NONE', #6247, .T. ) ;
#5492 = AXIS2_PLACEMENT_3D ( 'NONE', #7290, #6764, #4300 ) ;
#5493 = EDGE_LOOP ( 'NONE', ( #3471, #6310, #3124, #3724 ) ) ;
#5494 = EDGE_CURVE ( 'NONE', #4270, #5772, #3832, .T. ) ;
#5495 = FACE_OUTER_BOUND ( 'NONE', #6446, .T. ) ;
#5496 = EDGE_CURVE ( 'NONE', #1969, #2825, #7590, .T. ) ;
#5497 = DIRECTION ( 'NONE',  ( -0.000000000000000000, 0.2588190451025179084, 0.9659258262890690894 ) ) ;
#5498 = DIRECTION ( 'NONE',  ( 1.000000000000000000, 0.000000000000000000, 0.000000000000000000 ) ) ;
#5499 = ADVANCED_FACE ( 'NONE', ( #1508 ), #5135, .T. ) ;
#5500 = DIRECTION ( 'NONE',  ( 0.000000000000000000, 0.7071067811865474617, -0.7071067811865474617 ) ) ;
#5501 = ORIENTED_EDGE ( 'NONE', *, *, #4736, .F. ) ;
#5502 = FACE_OUTER_BOUND ( 'NONE', #4280, .T. ) ;
#5503 = ORIENTED_EDGE ( 'NONE', *, *, #7715, .F. ) ;
#5504 = DIRECTION ( 'NONE',  ( 0.000000000000000000, 0.000000000000000000, 1.000000000000000000 ) ) ;
#5505 = VECTOR ( 'NONE', #6834, 1000.000000000000000 ) ;
#5506 = EDGE_CURVE ( 'NONE', #6371, #3081, #2693, .T. ) ;
#5507 = VECTOR ( 'NONE', #5409, 1000.000000000000000 ) ;
#5508 = PLANE ( 'NONE',  #3789 ) ;
#5509 = FACE_OUTER_BOUND ( 'NONE', #3278, .T. ) ;
#5510 = ORIENTED_EDGE ( 'NONE', *, *, #163, .F. ) ;
#5511 = CLOSED_SHELL ( 'NONE', ( #6879, #6623, #6721, #4965, #6479, #6437, #7030, #62, #403, #2095, #4915, #7469, #1501, #1980, #5989, #2736, #3559, #2987, #3027, #1024, #2230, #5499, #5260, #7311, #2843, #1095, #5113, #3754, #5418, #1357, #6822, #2788, #5834, #587, #4980, #5167, #2175, #4918, #444, #3740, #4955, #1819, #3757, #5124, #4817, #233, #6071, #2437, #1113, #4285, #3282, #614, #7530, #6987, #3855, #3233, #48, #5740, #4643, #2362, #7216, #4720, #5757, #2894, #7081, #4503, #851, #5947, #2759, #4492, #5013, #3548, #314, #2558, #7229, #4179, #3219, #1009, #3809, #6144, #1941, #7178, #797, #4080, #3511, #191, #6202, #1019, #1961, #7120, #4596, #6042, #1193, #7172, #2075, #626, #3372, #5231, #5712, #3134, #4498, #5109, #343, #2457, #875, #7794, #5870, #7253, #6449, #6384, #6122, #4334, #5562, #2033, #5693, #6378, #3804, #5609, #2707, #7622, #6875, #6420, #7565, #7220, #7169, #7272, #4957, #393, #6032, #5388, #1204, #7579, #7042, #2165, #6484, #6625, #4197, #6341, #1825, #3646, #3263, #144, #485, #5844, #7798, #3008, #1446, #2658, #6607, #7796, #5683, #7157, #3319, #981, #2182, #7266, #1172, #6827, #7669, #4294, #6857, #4719, #6787, #7434, #1934, #3128, #7373, #4781, #624, #4907, #1157, #6917, #5556, #4400, #5249, #4298, #5050, #4393, #1786, #1254, #5550, #7479, #1380, #4037, #2031, #6, #2696, #788, #497, #4972, #4439, #7209, #1401, #3137, #7614, #3418, #5173, #1068, #49, #591, #7264, #7705, #6630, #6528, #6616, #3886, #4775, #6867, #3612, #7484, #5643, #6927, #3450, #7566, #213, #1780, #334, #5941, #5796, #7084, #2614, #1691, #5297, #7525, #356, #2801, #6969, #1550, #6929, #3504, #4758, #6187, #6517, #5015, #7198, #2412, #2, #4434, #1871, #3561, #4406, #313, #7475, #5545, #1356, #6241, #6233, #3029, #4712, #5336, #3024, #6084, #2370, #839, #110, #4686, #6293, #4968, #5429, #2599, #4676, #5801, #3711, #3461, #5604 ) ) ;
#5512 = CARTESIAN_POINT ( 'NONE',  ( 14.58578643762690064, 35.50000000000000000, -2.600000000000031175 ) ) ;
#5513 = ORIENTED_EDGE ( 'NONE', *, *, #6968, .F. ) ;
#5514 = EDGE_LOOP ( 'NONE', ( #260, #1404, #5955, #2435 ) ) ;
#5515 = DIRECTION ( 'NONE',  ( 5.391801025699746354E-17, 0.7071067811865434649, 0.7071067811865516806 ) ) ;
#5516 = VECTOR ( 'NONE', #4000, 1000.000000000000000 ) ;
#5517 = VERTEX_POINT ( 'NONE', #7022 ) ;
#5518 = DIRECTION ( 'NONE',  ( 1.000000000000000000, 0.000000000000000000, 0.000000000000000000 ) ) ;
#5519 = AXIS2_PLACEMENT_3D ( 'NONE', #1746, #4153, #4862 ) ;
#5520 = ORIENTED_EDGE ( 'NONE', *, *, #1107, .F. ) ;
#5521 = AXIS2_PLACEMENT_3D ( 'NONE', #2070, #4478, #3283 ) ;
#5522 = CARTESIAN_POINT ( 'NONE',  ( 22.99999999999998934, 16.99999999999999645, -7.399999999999982592 ) ) ;
#5523 = VERTEX_POINT ( 'NONE', #3235 ) ;
#5524 = CYLINDRICAL_SURFACE ( 'NONE', #429, 4.999999999999997335 ) ;
#5525 = DIRECTION ( 'NONE',  ( 0.2810846377148392694, -0.6785983445458381169, 0.6785983445458481089 ) ) ;
#5526 = CARTESIAN_POINT ( 'NONE',  ( 7.100000000000000533, 35.50000000000000000, -7.000000000000000000 ) ) ;
#5527 = CIRCLE ( 'NONE', #5390, 10.00000000000000000 ) ;
#5528 = CARTESIAN_POINT ( 'NONE',  ( -62.49999999999998579, -15.99999999999995559, 7.950000000000023270 ) ) ;
#5529 = LINE ( 'NONE', #7059, #650 ) ;
#5530 = DIRECTION ( 'NONE',  ( -0.000000000000000000, -0.000000000000000000, 1.000000000000000000 ) ) ;
#5531 = EDGE_LOOP ( 'NONE', ( #7453, #5318, #1487, #1737, #4015 ) ) ;
#5532 = DIRECTION ( 'NONE',  ( 1.000000000000000000, -2.973811673103097665E-16, 0.000000000000000000 ) ) ;
#5533 = EDGE_CURVE ( 'NONE', #181, #5223, #3459, .T. ) ;
#5534 = EDGE_LOOP ( 'NONE', ( #3890, #176, #912, #2396 ) ) ;
#5535 = VECTOR ( 'NONE', #1935, 1000.000000000000000 ) ;
#5536 = CARTESIAN_POINT ( 'NONE',  ( -57.99999999999996447, -23.40000000000001279, -8.000000000000000000 ) ) ;
#5537 = ORIENTED_EDGE ( 'NONE', *, *, #6205, .F. ) ;
#5538 = DIRECTION ( 'NONE',  ( 0.7071067811865435759, -0.7071067811865515695, 0.000000000000000000 ) ) ;
#5539 = CARTESIAN_POINT ( 'NONE',  ( 4.531193156845206793E-15, 18.00000000000000000, -0.5000000000000000000 ) ) ;
#5540 = ORIENTED_EDGE ( 'NONE', *, *, #2749, .T. ) ;
#5541 = CARTESIAN_POINT ( 'NONE',  ( 22.99999999999998579, -17.59999999999999432, -2.000000000000000000 ) ) ;
#5542 = FACE_BOUND ( 'NONE', #2846, .T. ) ;
#5543 = VECTOR ( 'NONE', #4466, 1000.000000000000000 ) ;
#5544 = EDGE_CURVE ( 'NONE', #1249, #2611, #373, .T. ) ;
#5545 = ADVANCED_FACE ( 'NONE', ( #6422 ), #6343, .T. ) ;
#5546 = PLANE ( 'NONE',  #3347 ) ;
#5547 = ORIENTED_EDGE ( 'NONE', *, *, #4223, .F. ) ;
#5548 = DIRECTION ( 'NONE',  ( 0.000000000000000000, 0.000000000000000000, 1.000000000000000000 ) ) ;
#5549 = DIRECTION ( 'NONE',  ( -1.000000000000000000, 0.000000000000000000, 0.000000000000000000 ) ) ;
#5550 = ADVANCED_FACE ( 'NONE', ( #927 ), #339, .T. ) ;
#5551 = VECTOR ( 'NONE', #5003, 1000.000000000000000 ) ;
#5552 = CARTESIAN_POINT ( 'NONE',  ( -9.150000000000002132, 29.00000000000089528, 0.000000000000000000 ) ) ;
#5553 = DIRECTION ( 'NONE',  ( 1.000000000000000000, 0.000000000000000000, 0.000000000000000000 ) ) ;
#5554 = EDGE_CURVE ( 'NONE', #2179, #2582, #2655, .T. ) ;
#5555 = ORIENTED_EDGE ( 'NONE', *, *, #3910, .T. ) ;
#5556 = ADVANCED_FACE ( 'NONE', ( #6942 ), #5659, .T. ) ;
#5557 = LINE ( 'NONE', #6712, #4594 ) ;
#5558 = VERTEX_POINT ( 'NONE', #7661 ) ;
#5559 = AXIS2_PLACEMENT_3D ( 'NONE', #1771, #4815, #4063 ) ;
#5560 = ORIENTED_EDGE ( 'NONE', *, *, #3597, .F. ) ;
#5561 = DIRECTION ( 'NONE',  ( 0.000000000000000000, 0.000000000000000000, -1.000000000000000000 ) ) ;
#5562 = ADVANCED_FACE ( 'NONE', ( #5093 ), #256, .F. ) ;
#5563 = DIRECTION ( 'NONE',  ( 0.000000000000000000, 0.000000000000000000, -1.000000000000000000 ) ) ;
#5564 = AXIS2_PLACEMENT_3D ( 'NONE', #2433, #7124, #5309 ) ;
#5565 = VERTEX_POINT ( 'NONE', #5054 ) ;
#5566 = DIRECTION ( 'NONE',  ( 1.000000000000000000, 0.000000000000000000, 0.000000000000000000 ) ) ;
#5567 = EDGE_LOOP ( 'NONE', ( #1544, #2402, #1241, #7275 ) ) ;
#5568 = DIRECTION ( 'NONE',  ( 1.000000000000000000, -2.973811673103097665E-16, 0.000000000000000000 ) ) ;
#5569 = FACE_OUTER_BOUND ( 'NONE', #1041, .T. ) ;
#5570 = CARTESIAN_POINT ( 'NONE',  ( -48.00000000000000000, -17.00000000000000000, -2.600000000000003197 ) ) ;
#5571 = LINE ( 'NONE', #2565, #3732 ) ;
#5572 = DIRECTION ( 'NONE',  ( 1.000000000000000000, 0.000000000000000000, 0.000000000000000000 ) ) ;
#5573 = LINE ( 'NONE', #3154, #521 ) ;
#5574 = CIRCLE ( 'NONE', #3672, 3.049999999999976286 ) ;
#5575 = ORIENTED_EDGE ( 'NONE', *, *, #1870, .F. ) ;
#5576 = FACE_OUTER_BOUND ( 'NONE', #2860, .T. ) ;
#5577 = ORIENTED_EDGE ( 'NONE', *, *, #1992, .F. ) ;
#5578 = CARTESIAN_POINT ( 'NONE',  ( 63.99999999999998579, 3.185854099730715649, 7.999999999999396039 ) ) ;
#5579 = DIRECTION ( 'NONE',  ( -1.000000000000000000, 0.000000000000000000, 0.000000000000000000 ) ) ;
#5580 = CIRCLE ( 'NONE', #1666, 2.000000000000000000 ) ;
#5581 = CARTESIAN_POINT ( 'NONE',  ( -62.49999999999998579, 0.000000000000000000, 0.000000000000000000 ) ) ;
#5582 = DIRECTION ( 'NONE',  ( -0.000000000000000000, 0.000000000000000000, 1.000000000000000000 ) ) ;
#5583 = DIRECTION ( 'NONE',  ( 0.000000000000000000, 0.000000000000000000, 1.000000000000000000 ) ) ;
#5584 = ORIENTED_EDGE ( 'NONE', *, *, #2187, .T. ) ;
#5585 = DIRECTION ( 'NONE',  ( 0.000000000000000000, -1.000000000000000000, -1.837433013737340913E-16 ) ) ;
#5586 = VECTOR ( 'NONE', #3070, 1000.000000000000114 ) ;
#5587 = VERTEX_POINT ( 'NONE', #4555 ) ;
#5588 = DIRECTION ( 'NONE',  ( 0.000000000000000000, 0.000000000000000000, -1.000000000000000000 ) ) ;
#5589 = VERTEX_POINT ( 'NONE', #3983 ) ;
#5590 = DIRECTION ( 'NONE',  ( 0.000000000000000000, 0.000000000000000000, -1.000000000000000000 ) ) ;
#5591 = DIRECTION ( 'NONE',  ( -1.000000000000000000, -0.000000000000000000, -0.000000000000000000 ) ) ;
#5592 = EDGE_CURVE ( 'NONE', #3010, #7014, #582, .T. ) ;
#5593 = VECTOR ( 'NONE', #7385, 1000.000000000000000 ) ;
#5594 = LINE ( 'NONE', #2750, #826 ) ;
#5595 = EDGE_CURVE ( 'NONE', #132, #2582, #5176, .T. ) ;
#5596 = DIRECTION ( 'NONE',  ( 1.000000000000000000, 0.000000000000000000, 0.000000000000000000 ) ) ;
#5597 = ORIENTED_EDGE ( 'NONE', *, *, #3598, .T. ) ;
#5598 = ORIENTED_EDGE ( 'NONE', *, *, #3652, .T. ) ;
#5599 = VERTEX_POINT ( 'NONE', #6859 ) ;
#5600 = EDGE_CURVE ( 'NONE', #4634, #6321, #2186, .T. ) ;
#5601 = EDGE_CURVE ( 'NONE', #7809, #7116, #1580, .T. ) ;
#5602 = VECTOR ( 'NONE', #3328, 1000.000000000000000 ) ;
#5603 = VERTEX_POINT ( 'NONE', #2949 ) ;
#5604 = ADVANCED_FACE ( 'NONE', ( #1075 ), #4169, .T. ) ;
#5605 = ORIENTED_EDGE ( 'NONE', *, *, #1361, .T. ) ;
#5606 = CARTESIAN_POINT ( 'NONE',  ( -58.00000000000000000, 12.99201543247748170, 13.40798456752249912 ) ) ;
#5607 = CARTESIAN_POINT ( 'NONE',  ( 0.000000000000000000, 0.000000000000000000, 0.000000000000000000 ) ) ;
#5608 = CARTESIAN_POINT ( 'NONE',  ( 52.99999999999999289, 17.00000000000000000, -2.599999999999975664 ) ) ;
#5609 = ADVANCED_FACE ( 'NONE', ( #1109 ), #7732, .F. ) ;
#5610 = CARTESIAN_POINT ( 'NONE',  ( 0.000000000000000000, 0.000000000000000000, -7.000000000000000000 ) ) ;
#5611 = AXIS2_PLACEMENT_3D ( 'NONE', #6702, #820, #5029 ) ;
#5612 = EDGE_LOOP ( 'NONE', ( #1073, #1495, #4458, #1551 ) ) ;
#5613 = AXIS2_PLACEMENT_3D ( 'NONE', #3619, #4964, #7336 ) ;
#5614 = VERTEX_POINT ( 'NONE', #2366 ) ;
#5615 = DIRECTION ( 'NONE',  ( 1.000000000000000000, 1.734723475976938045E-14, 0.000000000000000000 ) ) ;
#5616 = ORIENTED_EDGE ( 'NONE', *, *, #1167, .F. ) ;
#5617 = DIRECTION ( 'NONE',  ( 1.000000000000000000, 0.000000000000000000, 0.000000000000000000 ) ) ;
#5618 = CARTESIAN_POINT ( 'NONE',  ( 63.39999999999999858, -8.934653975957926875, 16.00000000000000000 ) ) ;
#5619 = VERTEX_POINT ( 'NONE', #5355 ) ;
#5620 = FACE_BOUND ( 'NONE', #6962, .T. ) ;
#5621 = VECTOR ( 'NONE', #4352, 1000.000000000000000 ) ;
#5622 = CARTESIAN_POINT ( 'NONE',  ( -17.39999999999996660, 1.775540498940964454E-15, -8.000000000000000000 ) ) ;
#5623 = FACE_OUTER_BOUND ( 'NONE', #1532, .T. ) ;
#5624 = CIRCLE ( 'NONE', #7678, 5.000000000000000888 ) ;
#5625 = FACE_OUTER_BOUND ( 'NONE', #3019, .T. ) ;
#5626 = ORIENTED_EDGE ( 'NONE', *, *, #1676, .T. ) ;
#5627 = DIRECTION ( 'NONE',  ( 1.000000000000000000, 0.000000000000000000, 0.000000000000000000 ) ) ;
#5628 = CARTESIAN_POINT ( 'NONE',  ( -58.00000000000000000, 19.80132347571445450, 13.39625891448670281 ) ) ;
#5629 = ORIENTED_EDGE ( 'NONE', *, *, #4139, .T. ) ;
#5630 = CARTESIAN_POINT ( 'NONE',  ( -58.19992525231642588, -19.94941092100063074, 13.53419272815826169 ) ) ;
#5631 = CARTESIAN_POINT ( 'NONE',  ( 14.58578643762690064, 35.50000000000000000, 0.000000000000000000 ) ) ;
#5632 = CARTESIAN_POINT ( 'NONE',  ( -3.499999999999994227, 18.00000000000000000, -0.5000000000000000000 ) ) ;
#5633 = EDGE_CURVE ( 'NONE', #2112, #7581, #4625, .T. ) ;
#5634 = CARTESIAN_POINT ( 'NONE',  ( 58.60000000000003695, 24.00000000000000000, 2.000000000000000000 ) ) ;
#5635 = CIRCLE ( 'NONE', #2238, 1.099999999999998535 ) ;
#5636 = ORIENTED_EDGE ( 'NONE', *, *, #4174, .T. ) ;
#5637 = ORIENTED_EDGE ( 'NONE', *, *, #531, .T. ) ;
#5638 = CARTESIAN_POINT ( 'NONE',  ( 0.000000000000000000, 0.000000000000000000, -7.000000000000000000 ) ) ;
#5639 = DIRECTION ( 'NONE',  ( -1.000000000000000000, -2.891205793294678326E-16, 0.000000000000000000 ) ) ;
#5640 = CARTESIAN_POINT ( 'NONE',  ( -58.00000000000000000, -23.40000000000001279, 16.00000000000000000 ) ) ;
#5641 = VECTOR ( 'NONE', #4206, 1000.000000000000000 ) ;
#5642 = ORIENTED_EDGE ( 'NONE', *, *, #5061, .F. ) ;
#5643 = ADVANCED_FACE ( 'NONE', ( #1620 ), #6411, .T. ) ;
#5644 = CIRCLE ( 'NONE', #2360, 5.600000000000014744 ) ;
#5645 = EDGE_CURVE ( 'NONE', #3679, #593, #3497, .T. ) ;
#5646 = VERTEX_POINT ( 'NONE', #5925 ) ;
#5647 = CARTESIAN_POINT ( 'NONE',  ( 58.50000000000000711, -7.002802323379789584, 14.51763809020503793 ) ) ;
#5648 = CARTESIAN_POINT ( 'NONE',  ( -2.999999999999995559, 18.00000000000000000, 1.299999999999966960 ) ) ;
#5649 =( NAMED_UNIT ( * ) SI_UNIT ( $, .STERADIAN. ) SOLID_ANGLE_UNIT ( ) );
#5650 = ORIENTED_EDGE ( 'NONE', *, *, #6586, .F. ) ;
#5651 = CARTESIAN_POINT ( 'NONE',  ( 58.00000000000000000, -9.975735931288038927, 15.57573593128806522 ) ) ;
#5652 = PLANE ( 'NONE',  #2069 ) ;
#5653 = CARTESIAN_POINT ( 'NONE',  ( 63.99999999999998579, -3.185854099730718314, 5.999999999999394262 ) ) ;
#5654 = EDGE_CURVE ( 'NONE', #1930, #7187, #6565, .T. ) ;
#5655 = AXIS2_PLACEMENT_3D ( 'NONE', #1051, #5259, #3403 ) ;
#5656 = AXIS2_PLACEMENT_3D ( 'NONE', #2344, #7785, #7191 ) ;
#5657 = DIRECTION ( 'NONE',  ( 0.7071067811865473507, 0.6830127018922200755, -0.1830127018922167170 ) ) ;
#5658 = ORIENTED_EDGE ( 'NONE', *, *, #6979, .F. ) ;
#5659 = PLANE ( 'NONE',  #4098 ) ;
#5660 = EDGE_CURVE ( 'NONE', #4760, #3264, #1708, .T. ) ;
#5661 = VERTEX_POINT ( 'NONE', #2253 ) ;
#5662 = CARTESIAN_POINT ( 'NONE',  ( -56.61626687376232070, -9.578310834983534860, 14.01626687376231573 ) ) ;
#5663 = CARTESIAN_POINT ( 'NONE',  ( -61.07573593128803680, 24.00000000000000000, -4.075735931288021696 ) ) ;
#5664 = AXIS2_PLACEMENT_3D ( 'NONE', #4359, #3794, #1434 ) ;
#5665 = DIRECTION ( 'NONE',  ( 0.000000000000000000, 0.000000000000000000, 1.000000000000000000 ) ) ;
#5666 = DIRECTION ( 'NONE',  ( 0.000000000000000000, 0.000000000000000000, -1.000000000000000000 ) ) ;
#5667 = CARTESIAN_POINT ( 'NONE',  ( -62.99999999999998579, -12.99201543247748170, 13.40798456752249912 ) ) ;
#5668 = DIRECTION ( 'NONE',  ( 0.000000000000000000, 0.000000000000000000, 1.000000000000000000 ) ) ;
#5669 = ORIENTED_EDGE ( 'NONE', *, *, #4959, .T. ) ;
#5670 = LINE ( 'NONE', #2978, #5457 ) ;
#5671 = CARTESIAN_POINT ( 'NONE',  ( -58.00000000000000000, 15.99999999999998224, 10.99999999999999822 ) ) ;
#5672 = ORIENTED_EDGE ( 'NONE', *, *, #7100, .F. ) ;
#5673 = LINE ( 'NONE', #4531, #7570 ) ;
#5674 = AXIS2_PLACEMENT_3D ( 'NONE', #4311, #6658, #4356 ) ;
#5675 = PLANE ( 'NONE',  #3524 ) ;
#5676 = CARTESIAN_POINT ( 'NONE',  ( 8.759242578472600016, 6.364365812086336227, -2.523616090439038562 ) ) ;
#5677 = VECTOR ( 'NONE', #6300, 1000.000000000000000 ) ;
#5678 = CARTESIAN_POINT ( 'NONE',  ( 0.000000000000000000, 0.000000000000000000, 16.00000000000000000 ) ) ;
#5679 = VERTEX_POINT ( 'NONE', #7771 ) ;
#5680 = DIRECTION ( 'NONE',  ( 1.000000000000000000, 0.000000000000000000, 0.000000000000000000 ) ) ;
#5681 = FACE_OUTER_BOUND ( 'NONE', #4323, .T. ) ;
#5682 = DIRECTION ( 'NONE',  ( -0.000000000000000000, -0.000000000000000000, 1.000000000000000000 ) ) ;
#5683 = ADVANCED_FACE ( 'NONE', ( #3427 ), #2328, .F. ) ;
#5684 = AXIS2_PLACEMENT_3D ( 'NONE', #3515, #7268, #1824 ) ;
#5685 = ORIENTED_EDGE ( 'NONE', *, *, #2710, .T. ) ;
#5686 = LINE ( 'NONE', #4507, #1212 ) ;
#5687 = ORIENTED_EDGE ( 'NONE', *, *, #2019, .F. ) ;
#5688 = CARTESIAN_POINT ( 'NONE',  ( 58.00000000000000000, -14.00000000000000000, 6.000000000000000000 ) ) ;
#5689 = DIRECTION ( 'NONE',  ( 0.000000000000000000, -1.000000000000000000, 0.000000000000000000 ) ) ;
#5690 = DIRECTION ( 'NONE',  ( -0.7071067811865507924, 0.6830127018922166338, -0.1830127018922168836 ) ) ;
#5691 = AXIS2_PLACEMENT_3D ( 'NONE', #2957, #558, #2917 ) ;
#5692 = CARTESIAN_POINT ( 'NONE',  ( -63.43361523330391805, -8.512125508622762737, 15.96638476669608586 ) ) ;
#5693 = ADVANCED_FACE ( 'NONE', ( #1762 ), #6146, .T. ) ;
#5694 = VERTEX_POINT ( 'NONE', #5847 ) ;
#5695 = DIRECTION ( 'NONE',  ( 0.000000000000000000, 0.000000000000000000, -1.000000000000000000 ) ) ;
#5696 = VECTOR ( 'NONE', #3766, 1000.000000000000000 ) ;
#5697 = EDGE_LOOP ( 'NONE', ( #2054, #1608, #5348, #5949 ) ) ;
#5698 = LINE ( 'NONE', #1621, #5862 ) ;
#5699 = EDGE_CURVE ( 'NONE', #1192, #4421, #443, .T. ) ;
#5700 = DIRECTION ( 'NONE',  ( 0.000000000000000000, 0.000000000000000000, -1.000000000000000000 ) ) ;
#5701 = EDGE_LOOP ( 'NONE', ( #6683, #1121, #467, #1110 ) ) ;
#5702 = LINE ( 'NONE', #299, #245 ) ;
#5703 = CARTESIAN_POINT ( 'NONE',  ( -64.00000000000001421, 23.40000000000001279, 6.000000000000000000 ) ) ;
#5704 = EDGE_CURVE ( 'NONE', #214, #5738, #2836, .T. ) ;
#5705 = EDGE_CURVE ( 'NONE', #3227, #4013, #5460, .T. ) ;
#5706 = AXIS2_PLACEMENT_3D ( 'NONE', #5338, #7793, #2273 ) ;
#5707 = ORIENTED_EDGE ( 'NONE', *, *, #491, .T. ) ;
#5708 = VERTEX_POINT ( 'NONE', #7697 ) ;
#5709 = FACE_OUTER_BOUND ( 'NONE', #5697, .T. ) ;
#5710 = ORIENTED_EDGE ( 'NONE', *, *, #5600, .F. ) ;
#5711 = CARTESIAN_POINT ( 'NONE',  ( 17.99999999999998934, 16.99999999999999645, -2.599999999999975664 ) ) ;
#5712 = ADVANCED_FACE ( 'NONE', ( #2223 ), #4658, .F. ) ;
#5713 = CARTESIAN_POINT ( 'NONE',  ( 52.99999999999998579, -12.00000000000001421, -7.399999999999982592 ) ) ;
#5714 = ORIENTED_EDGE ( 'NONE', *, *, #3939, .T. ) ;
#5715 = AXIS2_PLACEMENT_3D ( 'NONE', #1849, #42, #7638 ) ;
#5716 = CARTESIAN_POINT ( 'NONE',  ( -58.39992981178512110, -20.09744105112339696, 13.67207315648675880 ) ) ;
#5717 = LINE ( 'NONE', #2084, #3295 ) ;
#5718 = VECTOR ( 'NONE', #7339, 1000.000000000000000 ) ;
#5719 = PLANE ( 'NONE',  #4721 ) ;
#5720 = DIRECTION ( 'NONE',  ( -1.000000000000000000, 0.000000000000000000, -0.000000000000000000 ) ) ;
#5721 = ORIENTED_EDGE ( 'NONE', *, *, #2839, .T. ) ;
#5722 = ORIENTED_EDGE ( 'NONE', *, *, #1723, .T. ) ;
#5723 = CARTESIAN_POINT ( 'NONE',  ( 22.99999999999998934, 11.99999999999999645, -7.399999999999982592 ) ) ;
#5724 = AXIS2_PLACEMENT_3D ( 'NONE', #4260, #6133, #6091 ) ;
#5725 = CARTESIAN_POINT ( 'NONE',  ( 53.60000000000000853, 11.99999999999999822, -8.000000000000000000 ) ) ;
#5726 = VECTOR ( 'NONE', #1920, 1000.000000000000114 ) ;
#5727 = ORIENTED_EDGE ( 'NONE', *, *, #3495, .T. ) ;
#5728 = EDGE_LOOP ( 'NONE', ( #412, #5616, #7159, #7721 ) ) ;
#5729 = LINE ( 'NONE', #328, #5439 ) ;
#5730 = CARTESIAN_POINT ( 'NONE',  ( 9.150000000000002132, 8.300000000000901323, -5.000000000000000000 ) ) ;
#5731 =( NAMED_UNIT ( * ) PLANE_ANGLE_UNIT ( ) SI_UNIT ( $, .RADIAN. ) );
#5732 = ORIENTED_EDGE ( 'NONE', *, *, #7835, .F. ) ;
#5733 = FACE_OUTER_BOUND ( 'NONE', #6656, .T. ) ;
#5734 = ORIENTED_EDGE ( 'NONE', *, *, #5163, .T. ) ;
#5735 = AXIS2_PLACEMENT_3D ( 'NONE', #910, #3297, #7568 ) ;
#5736 = DIRECTION ( 'NONE',  ( 0.7071067811865475727, 0.000000000000000000, 0.7071067811865475727 ) ) ;
#5737 = CIRCLE ( 'NONE', #5094, 10.00000000000000000 ) ;
#5738 = VERTEX_POINT ( 'NONE', #478 ) ;
#5739 = CARTESIAN_POINT ( 'NONE',  ( 58.50000000000000711, 5.117705752308854272, 7.482361909794360777 ) ) ;
#5740 = ADVANCED_FACE ( 'NONE', ( #2871 ), #4335, .F. ) ;
#5741 = VERTEX_POINT ( 'NONE', #3692 ) ;
#5742 = FACE_OUTER_BOUND ( 'NONE', #7365, .T. ) ;
#5743 = DIRECTION ( 'NONE',  ( 0.000000000000000000, 0.000000000000000000, -1.000000000000000000 ) ) ;
#5744 = VECTOR ( 'NONE', #5225, 1000.000000000000000 ) ;
#5745 = AXIS2_PLACEMENT_3D ( 'NONE', #4810, #6494, #3577 ) ;
#5746 = ORIENTED_EDGE ( 'NONE', *, *, #7276, .F. ) ;
#5747 = ORIENTED_EDGE ( 'NONE', *, *, #5452, .F. ) ;
#5748 = CARTESIAN_POINT ( 'NONE',  ( 22.99999999999998579, -17.00000000000000355, -7.399999999999982592 ) ) ;
#5749 = VERTEX_POINT ( 'NONE', #1801 ) ;
#5750 = DIRECTION ( 'NONE',  ( -0.000000000000000000, -0.000000000000000000, 1.000000000000000000 ) ) ;
#5751 = EDGE_CURVE ( 'NONE', #2835, #5040, #2401, .T. ) ;
#5752 = CARTESIAN_POINT ( 'NONE',  ( 62.49999999999998579, 18.98042485753536823, 12.63164529836050320 ) ) ;
#5753 = AXIS2_PLACEMENT_3D ( 'NONE', #6354, #6393, #939 ) ;
#5754 = EDGE_CURVE ( 'NONE', #3972, #7571, #7420, .T. ) ;
#5755 = ORIENTED_EDGE ( 'NONE', *, *, #2420, .F. ) ;
#5756 = DIRECTION ( 'NONE',  ( 1.000000000000000000, 0.000000000000000000, 0.000000000000000000 ) ) ;
#5757 = ADVANCED_FACE ( 'NONE', ( #4848 ), #6723, .T. ) ;
#5758 = AXIS2_PLACEMENT_3D ( 'NONE', #7820, #2379, #3583 ) ;
#5759 = CARTESIAN_POINT ( 'NONE',  ( 63.49999999999998579, -8.310154176118038194, 15.89999999999998437 ) ) ;
#5760 = CARTESIAN_POINT ( 'NONE',  ( 9.214829056123859274, 6.075375388507017860, -2.315332627593279735 ) ) ;
#5761 = DIRECTION ( 'NONE',  ( 1.000000000000000000, -0.000000000000000000, -0.000000000000000000 ) ) ;
#5762 = EDGE_CURVE ( 'NONE', #4634, #4707, #7558, .T. ) ;
#5763 = ORIENTED_EDGE ( 'NONE', *, *, #746, .F. ) ;
#5764 = VERTEX_POINT ( 'NONE', #3106 ) ;
#5765 = CONICAL_SURFACE ( 'NONE', #6785, 5.600000000000018296, 0.7853981633974490562 ) ;
#5766 = DIRECTION ( 'NONE',  ( -1.020425574104004246E-16, -1.000000000000000000, -0.000000000000000000 ) ) ;
#5767 = CARTESIAN_POINT ( 'NONE',  ( 13.00000000000000000, -10.00000000000000178, -8.000000000000000000 ) ) ;
#5768 = ORIENTED_EDGE ( 'NONE', *, *, #3405, .F. ) ;
#5769 = ORIENTED_EDGE ( 'NONE', *, *, #7625, .T. ) ;
#5770 = ORIENTED_EDGE ( 'NONE', *, *, #4238, .T. ) ;
#5771 = FILL_AREA_STYLE_COLOUR ( '', #7604 ) ;
#5772 = VERTEX_POINT ( 'NONE', #5522 ) ;
#5773 = DIRECTION ( 'NONE',  ( 0.000000000000000000, -0.7071067811865474617, -0.7071067811865474617 ) ) ;
#5774 = CIRCLE ( 'NONE', #2353, 1.099999999999998535 ) ;
#5775 = AXIS2_PLACEMENT_3D ( 'NONE', #6436, #2781, #2890 ) ;
#5776 = ORIENTED_EDGE ( 'NONE', *, *, #6968, .T. ) ;
#5777 = CARTESIAN_POINT ( 'NONE',  ( 0.000000000000000000, 20.24542364858361765, 13.80990931123482746 ) ) ;
#5778 = PLANE ( 'NONE',  #4326 ) ;
#5779 = CARTESIAN_POINT ( 'NONE',  ( -58.00000000000000000, -18.98042485753536823, 12.63164529836050320 ) ) ;
#5780 = VECTOR ( 'NONE', #7440, 1000.000000000000227 ) ;
#5781 = EDGE_CURVE ( 'NONE', #865, #5820, #4229, .T. ) ;
#5782 = ORIENTED_EDGE ( 'NONE', *, *, #5449, .T. ) ;
#5783 = ORIENTED_EDGE ( 'NONE', *, *, #6537, .T. ) ;
#5784 = CARTESIAN_POINT ( 'NONE',  ( 63.49999999999998579, 3.185854099730715649, 7.999999999999396039 ) ) ;
#5785 = ORIENTED_EDGE ( 'NONE', *, *, #5506, .F. ) ;
#5786 = PLANE ( 'NONE',  #3190 ) ;
#5787 = DIRECTION ( 'NONE',  ( 0.000000000000000000, 0.2588190451025179639, 0.9659258262890690894 ) ) ;
#5788 = CONICAL_SURFACE ( 'NONE', #1366, 1.500000000000027311, 0.7853981633974479459 ) ;
#5789 = ORIENTED_EDGE ( 'NONE', *, *, #419, .F. ) ;
#5790 = EDGE_CURVE ( 'NONE', #4210, #7057, #3733, .T. ) ;
#5791 = CARTESIAN_POINT ( 'NONE',  ( 8.546526597110341683, 6.548653156879808535, -2.583892028088976112 ) ) ;
#5792 = AXIS2_PLACEMENT_3D ( 'NONE', #7550, #5813, #2108 ) ;
#5793 = CARTESIAN_POINT ( 'NONE',  ( -62.99999999999998579, -23.80803242245864126, 7.950000000000023270 ) ) ;
#5794 = EDGE_LOOP ( 'NONE', ( #4666, #7510, #3759, #7602 ) ) ;
#5795 = VERTEX_POINT ( 'NONE', #7378 ) ;
#5796 = ADVANCED_FACE ( 'NONE', ( #1886 ), #800, .F. ) ;
#5797 = DIRECTION ( 'NONE',  ( -0.7071067811865383579, 0.000000000000000000, -0.7071067811865567876 ) ) ;
#5798 = DIRECTION ( 'NONE',  ( -1.000000000000000000, 0.000000000000000000, 0.000000000000000000 ) ) ;
#5799 = CARTESIAN_POINT ( 'NONE',  ( 63.99999999999998579, -23.40000000000001279, -7.000000000000000000 ) ) ;
#5800 = EDGE_CURVE ( 'NONE', #229, #2773, #7161, .T. ) ;
#5801 = ADVANCED_FACE ( 'NONE', ( #165 ), #5765, .F. ) ;
#5802 = ORIENTED_EDGE ( 'NONE', *, *, #4763, .T. ) ;
#5803 = ORIENTED_EDGE ( 'NONE', *, *, #7377, .T. ) ;
#5804 = CARTESIAN_POINT ( 'NONE',  ( -54.00000000000000711, 0.000000000000000000, 2.000000000000000000 ) ) ;
#5805 = ORIENTED_EDGE ( 'NONE', *, *, #7418, .T. ) ;
#5806 = EDGE_CURVE ( 'NONE', #1798, #7756, #5360, .T. ) ;
#5807 = FACE_BOUND ( 'NONE', #7801, .T. ) ;
#5808 = VERTEX_POINT ( 'NONE', #6806 ) ;
#5809 = PLANE ( 'NONE',  #473 ) ;
#5810 = AXIS2_PLACEMENT_3D ( 'NONE', #4331, #5682, #5518 ) ;
#5811 = ORIENTED_EDGE ( 'NONE', *, *, #252, .F. ) ;
#5812 = CARTESIAN_POINT ( 'NONE',  ( -52.99999999999999289, 12.00000000000001421, -7.399999999999982592 ) ) ;
#5813 = DIRECTION ( 'NONE',  ( 0.5000000000000068834, -0.5000000000000047740, 0.7071067811865393571 ) ) ;
#5814 = AXIS2_PLACEMENT_3D ( 'NONE', #1228, #6181, #3036 ) ;
#5815 = LINE ( 'NONE', #4812, #5718 ) ;
#5816 = DIRECTION ( 'NONE',  ( 1.000000000000000000, 0.000000000000000000, 0.000000000000000000 ) ) ;
#5817 = LINE ( 'NONE', #6349, #2035 ) ;
#5818 = EDGE_LOOP ( 'NONE', ( #3852, #3959, #455, #6830, #3605, #3860, #3223, #5143 ) ) ;
#5819 = VECTOR ( 'NONE', #7184, 999.9999999999998863 ) ;
#5820 = VERTEX_POINT ( 'NONE', #82 ) ;
#5821 = CARTESIAN_POINT ( 'NONE',  ( 62.49999999999998579, 23.80803242245864126, 7.950000000000023270 ) ) ;
#5822 = ORIENTED_EDGE ( 'NONE', *, *, #7752, .F. ) ;
#5823 = CARTESIAN_POINT ( 'NONE',  ( 3.500000000000003109, -18.00000000000000000, -0.5000000000000000000 ) ) ;
#5824 = EDGE_CURVE ( 'NONE', #3177, #2394, #6083, .T. ) ;
#5825 = CARTESIAN_POINT ( 'NONE',  ( 63.99999999999998579, -14.00000000000000000, 15.40000000000001101 ) ) ;
#5826 = AXIS2_PLACEMENT_3D ( 'NONE', #189, #7313, #5548 ) ;
#5827 = CARTESIAN_POINT ( 'NONE',  ( 12.34999999999999609, 29.00000000000089884, -2.000000000000000000 ) ) ;
#5828 = VECTOR ( 'NONE', #7562, 1000.000000000000000 ) ;
#5829 = CARTESIAN_POINT ( 'NONE',  ( -58.60000000000003695, 14.00000000000000000, 6.000000000000000000 ) ) ;
#5830 = ORIENTED_EDGE ( 'NONE', *, *, #4773, .F. ) ;
#5831 = ORIENTED_EDGE ( 'NONE', *, *, #2986, .F. ) ;
#5832 = EDGE_CURVE ( 'NONE', #3227, #6841, #6046, .T. ) ;
#5833 = LINE ( 'NONE', #990, #4946 ) ;
#5834 = ADVANCED_FACE ( 'NONE', ( #5474 ), #1931, .F. ) ;
#5835 = ORIENTED_EDGE ( 'NONE', *, *, #3424, .F. ) ;
#5836 = EDGE_LOOP ( 'NONE', ( #4847, #5091, #5710, #6379 ) ) ;
#5837 = CARTESIAN_POINT ( 'NONE',  ( 62.49999999999998579, 0.000000000000000000, 0.000000000000000000 ) ) ;
#5838 = VECTOR ( 'NONE', #3698, 1000.000000000000114 ) ;
#5839 = ORIENTED_EDGE ( 'NONE', *, *, #2083, .T. ) ;
#5840 = DIRECTION ( 'NONE',  ( 1.000000000000000000, 0.000000000000000000, 0.000000000000000000 ) ) ;
#5841 = EDGE_CURVE ( 'NONE', #7116, #1250, #5624, .T. ) ;
#5842 = DIRECTION ( 'NONE',  ( -1.000000000000000000, 0.000000000000000000, 0.000000000000000000 ) ) ;
#5843 = ORIENTED_EDGE ( 'NONE', *, *, #7408, .T. ) ;
#5844 = ADVANCED_FACE ( 'NONE', ( #5168 ), #2840, .T. ) ;
#5845 = EDGE_CURVE ( 'NONE', #5646, #4105, #4992, .T. ) ;
#5846 = ORIENTED_EDGE ( 'NONE', *, *, #5304, .T. ) ;
#5847 = CARTESIAN_POINT ( 'NONE',  ( 58.50000000000000711, 3.185854099730716094, 5.999999999999394262 ) ) ;
#5848 = CARTESIAN_POINT ( 'NONE',  ( 63.99999999999998579, -23.40000000000001279, -2.000000000000008882 ) ) ;
#5849 = EDGE_CURVE ( 'NONE', #1943, #4048, #5686, .T. ) ;
#5850 = AXIS2_PLACEMENT_3D ( 'NONE', #7445, #866, #620 ) ;
#5851 = CARTESIAN_POINT ( 'NONE',  ( -64.00000000000001421, 4.720508075688640837, 5.999999999999395150 ) ) ;
#5852 = CARTESIAN_POINT ( 'NONE',  ( 12.00000000000000000, -10.00000000000000178, -7.000000000000000000 ) ) ;
#5853 = ORIENTED_EDGE ( 'NONE', *, *, #6242, .F. ) ;
#5854 = DIRECTION ( 'NONE',  ( 0.000000000000000000, 0.000000000000000000, -1.000000000000000000 ) ) ;
#5855 = VECTOR ( 'NONE', #2115, 1000.000000000000000 ) ;
#5856 = VERTEX_POINT ( 'NONE', #2644 ) ;
#5857 = LINE ( 'NONE', #2922, #7287 ) ;
#5858 = ORIENTED_EDGE ( 'NONE', *, *, #574, .F. ) ;
#5859 = DIRECTION ( 'NONE',  ( -0.000000000000000000, -0.000000000000000000, -1.000000000000000000 ) ) ;
#5860 = DIRECTION ( 'NONE',  ( 0.000000000000000000, -0.7071067811865491270, -0.7071067811865459074 ) ) ;
#5861 = CONICAL_SURFACE ( 'NONE', #3338, 1.500000000000027311, 0.7853981633974488341 ) ;
#5862 = VECTOR ( 'NONE', #2067, 1000.000000000000000 ) ;
#5863 = DIRECTION ( 'NONE',  ( -1.000000000000000000, 0.000000000000000000, 0.000000000000000000 ) ) ;
#5864 = DIRECTION ( 'NONE',  ( 1.000000000000000000, 0.000000000000000000, 0.000000000000000000 ) ) ;
#5865 = CIRCLE ( 'NONE', #2830, 2.799999999999955413 ) ;
#5866 = CARTESIAN_POINT ( 'NONE',  ( 22.99999999999998934, 16.99999999999999645, -8.000000000000000000 ) ) ;
#5867 = VERTEX_POINT ( 'NONE', #959 ) ;
#5868 = ORIENTED_EDGE ( 'NONE', *, *, #6136, .T. ) ;
#5869 = VECTOR ( 'NONE', #810, 1000.000000000000000 ) ;
#5870 = ADVANCED_FACE ( 'NONE', ( #2013 ), #3821, .F. ) ;
#5871 = VERTEX_POINT ( 'NONE', #6933 ) ;
#5872 = VERTEX_POINT ( 'NONE', #3897 ) ;
#5873 = DIRECTION ( 'NONE',  ( 0.000000000000000000, 0.000000000000000000, 1.000000000000000000 ) ) ;
#5874 = DIRECTION ( 'NONE',  ( 0.000000000000000000, 0.000000000000000000, -1.000000000000000000 ) ) ;
#5875 = ORIENTED_EDGE ( 'NONE', *, *, #432, .T. ) ;
#5876 = DIRECTION ( 'NONE',  ( -0.4999999999999997780, 0.7071067811865474617, 0.5000000000000003331 ) ) ;
#5877 = DIRECTION ( 'NONE',  ( 1.000000000000000000, 0.000000000000000000, 0.000000000000000000 ) ) ;
#5878 = ORIENTED_EDGE ( 'NONE', *, *, #5832, .F. ) ;
#5879 = CARTESIAN_POINT ( 'NONE',  ( 58.00000000000000711, -8.934653975957926875, 14.00000000000000000 ) ) ;
#5880 = EDGE_CURVE ( 'NONE', #5614, #5708, #5364, .T. ) ;
#5881 = EDGE_CURVE ( 'NONE', #3775, #3790, #326, .T. ) ;
#5882 = ORIENTED_EDGE ( 'NONE', *, *, #7523, .F. ) ;
#5883 = DIRECTION ( 'NONE',  ( 1.000000000000000000, 1.982541115402064370E-16, 0.000000000000000000 ) ) ;
#5884 = ORIENTED_EDGE ( 'NONE', *, *, #6730, .F. ) ;
#5885 = LINE ( 'NONE', #6008, #3339 ) ;
#5886 = AXIS2_PLACEMENT_3D ( 'NONE', #4054, #4769, #6489 ) ;
#5887 = ORIENTED_EDGE ( 'NONE', *, *, #3896, .T. ) ;
#5888 = EDGE_CURVE ( 'NONE', #1098, #1573, #2468, .T. ) ;
#5889 = CARTESIAN_POINT ( 'NONE',  ( -64.00000000000001421, 3.185854099730715649, 7.999999999999396039 ) ) ;
#5890 = AXIS2_PLACEMENT_3D ( 'NONE', #5608, #3513, #4383 ) ;
#5891 = EDGE_CURVE ( 'NONE', #1615, #2447, #1716, .T. ) ;
#5892 = EDGE_CURVE ( 'NONE', #3489, #6799, #1712, .T. ) ;
#5893 = ORIENTED_EDGE ( 'NONE', *, *, #1584, .T. ) ;
#5894 = LINE ( 'NONE', #2811, #150 ) ;
#5895 = ORIENTED_EDGE ( 'NONE', *, *, #833, .F. ) ;
#5896 = DIRECTION ( 'NONE',  ( -0.000000000000000000, -0.000000000000000000, 1.000000000000000000 ) ) ;
#5897 = ORIENTED_EDGE ( 'NONE', *, *, #7246, .F. ) ;
#5898 = LINE ( 'NONE', #4183, #6115 ) ;
#5899 = FACE_OUTER_BOUND ( 'NONE', #2364, .T. ) ;
#5900 = CIRCLE ( 'NONE', #1854, 10.00000000000000000 ) ;
#5901 = DIRECTION ( 'NONE',  ( 0.000000000000000000, 0.7071067811865434649, 0.7071067811865516806 ) ) ;
#5902 = CARTESIAN_POINT ( 'NONE',  ( -63.40000000000002700, 14.00000000000000000, 16.00000000000000000 ) ) ;
#5903 = VECTOR ( 'NONE', #6019, 1000.000000000000000 ) ;
#5904 = FACE_OUTER_BOUND ( 'NONE', #1018, .T. ) ;
#5905 = FACE_OUTER_BOUND ( 'NONE', #2477, .T. ) ;
#5906 = CIRCLE ( 'NONE', #1238, 3.499999999999998668 ) ;
#5907 = CARTESIAN_POINT ( 'NONE',  ( -64.00000000000000000, -8.934653975957926875, 14.00000000000000000 ) ) ;
#5908 = CARTESIAN_POINT ( 'NONE',  ( -62.49999999999998579, -15.99999999999995559, 7.950000000000023270 ) ) ;
#5909 = ORIENTED_EDGE ( 'NONE', *, *, #790, .T. ) ;
#5910 = AXIS2_PLACEMENT_3D ( 'NONE', #4346, #764, #6264 ) ;
#5911 = CARTESIAN_POINT ( 'NONE',  ( -64.00000000000001421, -3.185854099730718758, 7.999999999999395150 ) ) ;
#5912 = B_SPLINE_CURVE_WITH_KNOTS ( 'NONE', 3,
 ( #5628, #6872, #3801, #3329 ),
 .UNSPECIFIED., .F., .F.,
 ( 4, 4 ),
 ( 0.000000000000000000, 0.0008534234671441492818 ),
 .UNSPECIFIED. ) ;
#5913 = ORIENTED_EDGE ( 'NONE', *, *, #2498, .T. ) ;
#5914 = AXIS2_PLACEMENT_3D ( 'NONE', #1381, #5478, #86 ) ;
#5915 = ORIENTED_EDGE ( 'NONE', *, *, #657, .T. ) ;
#5916 = DIRECTION ( 'NONE',  ( 0.000000000000000000, 0.000000000000000000, 1.000000000000000000 ) ) ;
#5917 = VERTEX_POINT ( 'NONE', #4012 ) ;
#5918 = DIRECTION ( 'NONE',  ( 0.000000000000000000, 0.000000000000000000, -1.000000000000000000 ) ) ;
#5919 = FACE_OUTER_BOUND ( 'NONE', #7761, .T. ) ;
#5920 = ORIENTED_EDGE ( 'NONE', *, *, #6045, .T. ) ;
#5921 = LINE ( 'NONE', #4057, #4770 ) ;
#5922 = EDGE_CURVE ( 'NONE', #2500, #6696, #4765, .T. ) ;
#5923 = VERTEX_POINT ( 'NONE', #3526 ) ;
#5924 = PRESENTATION_LAYER_ASSIGNMENT (  '', '', ( #1507 ) ) ;
#5925 = CARTESIAN_POINT ( 'NONE',  ( 9.149999999999998579, 29.00000000000089884, -5.000000000000000000 ) ) ;
#5926 = FACE_OUTER_BOUND ( 'NONE', #994, .T. ) ;
#5927 = LINE ( 'NONE', #4740, #1076 ) ;
#5928 = DIRECTION ( 'NONE',  ( 0.000000000000000000, -1.000000000000000000, 0.000000000000000000 ) ) ;
#5929 = EDGE_CURVE ( 'NONE', #3899, #2500, #2280, .T. ) ;
#5930 = DIRECTION ( 'NONE',  ( 1.000000000000000000, 0.000000000000000000, 0.000000000000000000 ) ) ;
#5931 = DIRECTION ( 'NONE',  ( 1.000000000000000000, -0.000000000000000000, 0.000000000000000000 ) ) ;
#5932 = ORIENTED_EDGE ( 'NONE', *, *, #5391, .T. ) ;
#5933 = EDGE_CURVE ( 'NONE', #3498, #3039, #433, .T. ) ;
#5934 = ORIENTED_EDGE ( 'NONE', *, *, #1079, .F. ) ;
#5935 = CARTESIAN_POINT ( 'NONE',  ( -58.00000000000000000, 14.00000000000000000, 6.000000000000000000 ) ) ;
#5936 = AXIS2_PLACEMENT_3D ( 'NONE', #1587, #7554, #341 ) ;
#5937 = ORIENTED_EDGE ( 'NONE', *, *, #7221, .F. ) ;
#5938 = DIRECTION ( 'NONE',  ( -1.000000000000000000, -0.000000000000000000, -0.000000000000000000 ) ) ;
#5939 = DIRECTION ( 'NONE',  ( 0.000000000000000000, 0.000000000000000000, 1.000000000000000000 ) ) ;
#5940 = CARTESIAN_POINT ( 'NONE',  ( 4.531193156845206793E-15, -18.00000000000000000, -2.000000000000000000 ) ) ;
#5941 = ADVANCED_FACE ( 'NONE', ( #3385 ), #3596, .T. ) ;
#5942 = DIRECTION ( 'NONE',  ( 1.000000000000000000, 0.000000000000000000, 0.000000000000000000 ) ) ;
#5943 = EDGE_CURVE ( 'NONE', #1912, #6956, #1753, .T. ) ;
#5944 = DIRECTION ( 'NONE',  ( 1.000000000000000000, -0.000000000000000000, -0.000000000000000000 ) ) ;
#5945 = AXIS2_PLACEMENT_3D ( 'NONE', #5269, #7726, #2392 ) ;
#5946 = PLANE ( 'NONE',  #5470 ) ;
#5947 = ADVANCED_FACE ( 'NONE', ( #5953 ), #7725, .F. ) ;
#5948 = CARTESIAN_POINT ( 'NONE',  ( 58.59999999999998721, -24.00000000000000000, 2.000000000000000000 ) ) ;
#5949 = ORIENTED_EDGE ( 'NONE', *, *, #2036, .T. ) ;
#5950 = AXIS2_PLACEMENT_3D ( 'NONE', #3810, #4536, #2636 ) ;
#5951 = ORIENTED_EDGE ( 'NONE', *, *, #4633, .F. ) ;
#5952 = ORIENTED_EDGE ( 'NONE', *, *, #5210, .T. ) ;
#5953 = FACE_OUTER_BOUND ( 'NONE', #2056, .T. ) ;
#5954 = DIRECTION ( 'NONE',  ( 1.000000000000000000, 0.000000000000000000, 0.000000000000000000 ) ) ;
#5955 = ORIENTED_EDGE ( 'NONE', *, *, #2669, .F. ) ;
#5956 = CARTESIAN_POINT ( 'NONE',  ( 52.99999999999999289, 11.99999999999999822, -2.599999999999975664 ) ) ;
#5957 = EDGE_LOOP ( 'NONE', ( #3691, #6666, #2502, #1964 ) ) ;
#5958 = AXIS2_PLACEMENT_3D ( 'NONE', #5671, #1402, #4445 ) ;
#5959 = DIRECTION ( 'NONE',  ( -0.000000000000000000, -0.000000000000000000, 1.000000000000000000 ) ) ;
#5960 = ORIENTED_EDGE ( 'NONE', *, *, #3516, .T. ) ;
#5961 = DIRECTION ( 'NONE',  ( 1.000000000000000000, 0.000000000000000000, 0.000000000000000000 ) ) ;
#5962 = ORIENTED_EDGE ( 'NONE', *, *, #7377, .F. ) ;
#5963 = DIRECTION ( 'NONE',  ( -1.000000000000000000, -2.891205793294678326E-16, 0.000000000000000000 ) ) ;
#5964 = LINE ( 'NONE', #2953, #6760 ) ;
#5965 = FACE_OUTER_BOUND ( 'NONE', #5002, .T. ) ;
#5966 = CIRCLE ( 'NONE', #6742, 1.000000000000000888 ) ;
#5967 = CARTESIAN_POINT ( 'NONE',  ( -64.00000000000000000, -23.40000000000001279, 6.000000000000000000 ) ) ;
#5968 = CARTESIAN_POINT ( 'NONE',  ( -63.50000000000002842, -7.002802323379788696, 14.51763809020503793 ) ) ;
#5969 = ORIENTED_EDGE ( 'NONE', *, *, #1880, .T. ) ;
#5970 = EDGE_CURVE ( 'NONE', #5048, #2548, #1599, .T. ) ;
#5971 = ORIENTED_EDGE ( 'NONE', *, *, #432, .F. ) ;
#5972 = DIRECTION ( 'NONE',  ( 0.000000000000000000, -0.000000000000000000, -1.000000000000000000 ) ) ;
#5973 = VECTOR ( 'NONE', #751, 1000.000000000000000 ) ;
#5974 = ORIENTED_EDGE ( 'NONE', *, *, #4547, .F. ) ;
#5975 = FACE_OUTER_BOUND ( 'NONE', #7088, .T. ) ;
#5976 = CARTESIAN_POINT ( 'NONE',  ( 14.58578643762690064, 34.89999999999997726, -2.000000000000000000 ) ) ;
#5977 = DIRECTION ( 'NONE',  ( 0.000000000000000000, 0.000000000000000000, -1.000000000000000000 ) ) ;
#5978 = DIRECTION ( 'NONE',  ( -0.000000000000000000, -0.000000000000000000, -1.000000000000000000 ) ) ;
#5979 = DIRECTION ( 'NONE',  ( -0.7071067811865496822, -0.6830127018922178550, 0.1830127018922162729 ) ) ;
#5980 = DIRECTION ( 'NONE',  ( -1.525031627232357891E-16, -1.000000000000000000, 0.000000000000000000 ) ) ;
#5981 = AXIS2_PLACEMENT_3D ( 'NONE', #1918, #3850, #656 ) ;
#5982 = CIRCLE ( 'NONE', #5088, 4.599999999999972111 ) ;
#5983 = DIRECTION ( 'NONE',  ( 1.000000000000000000, -3.965082230804129727E-16, 0.000000000000000000 ) ) ;
#5984 = EDGE_CURVE ( 'NONE', #3677, #4025, #6282, .T. ) ;
#5985 = EDGE_CURVE ( 'NONE', #6334, #1912, #1836, .T. ) ;
#5986 = CARTESIAN_POINT ( 'NONE',  ( 4.499999999999994671, -18.00000000000000000, -2.000000000000000000 ) ) ;
#5987 = DIRECTION ( 'NONE',  ( 1.000000000000000000, 1.040834085586084059E-15, 0.000000000000000000 ) ) ;
#5988 = VECTOR ( 'NONE', #2657, 1000.000000000000000 ) ;
#5989 = ADVANCED_FACE ( 'NONE', ( #4652 ), #4688, .F. ) ;
#5990 = AXIS2_PLACEMENT_3D ( 'NONE', #1011, #4484, #5668 ) ;
#5991 = CIRCLE ( 'NONE', #3966, 1.899999999999998801 ) ;
#5992 = ORIENTED_EDGE ( 'NONE', *, *, #2509, .F. ) ;
#5993 = EDGE_CURVE ( 'NONE', #7581, #5459, #5346, .T. ) ;
#5994 = DIRECTION ( 'NONE',  ( 0.7071067811865479058, 0.000000000000000000, 0.7071067811865471286 ) ) ;
#5995 = FACE_OUTER_BOUND ( 'NONE', #7121, .T. ) ;
#5996 = VERTEX_POINT ( 'NONE', #4618 ) ;
#5997 = LINE ( 'NONE', #1650, #1287 ) ;
#5998 = DIRECTION ( 'NONE',  ( 0.000000000000000000, 0.000000000000000000, 1.000000000000000000 ) ) ;
#5999 = ORIENTED_EDGE ( 'NONE', *, *, #5600, .T. ) ;
#6000 = CONICAL_SURFACE ( 'NONE', #704, 5.600000000000014744, 0.7853981633974476129 ) ;
#6001 = DIRECTION ( 'NONE',  ( 0.000000000000000000, -0.7071067811865392461, 0.7071067811865556774 ) ) ;
#6002 = APPLICATION_CONTEXT ( 'automotive_design' ) ;
#6003 = AXIS2_PLACEMENT_3D ( 'NONE', #93, #2487, #7345 ) ;
#6004 = ORIENTED_EDGE ( 'NONE', *, *, #7713, .F. ) ;
#6005 = DIRECTION ( 'NONE',  ( -0.7071067811865682229, 0.000000000000000000, -0.7071067811865268116 ) ) ;
#6006 = VERTEX_POINT ( 'NONE', #544 ) ;
#6007 = CARTESIAN_POINT ( 'NONE',  ( -3.944933459514866403, -10.00000000000000000, -8.000000000000000000 ) ) ;
#6008 = CARTESIAN_POINT ( 'NONE',  ( -14.58578643762690064, 34.89999999999996305, -8.000000000000000000 ) ) ;
#6009 = DIRECTION ( 'NONE',  ( 1.000000000000000000, 0.000000000000000000, 0.000000000000000000 ) ) ;
#6010 = DIRECTION ( 'NONE',  ( 0.7071067811865474617, 0.000000000000000000, -0.7071067811865474617 ) ) ;
#6011 = ORIENTED_EDGE ( 'NONE', *, *, #5280, .T. ) ;
#6012 = ORIENTED_EDGE ( 'NONE', *, *, #5011, .F. ) ;
#6013 = CIRCLE ( 'NONE', #597, 10.75000000000000000 ) ;
#6014 = CARTESIAN_POINT ( 'NONE',  ( 4.531193156845206793E-15, 18.00000000000000000, -0.9999999999999892308 ) ) ;
#6015 = ORIENTED_EDGE ( 'NONE', *, *, #3173, .T. ) ;
#6016 = LINE ( 'NONE', #3584, #3961 ) ;
#6017 = DIRECTION ( 'NONE',  ( 0.000000000000000000, 0.000000000000000000, 1.000000000000000000 ) ) ;
#6018 = CARTESIAN_POINT ( 'NONE',  ( 10.75000000000000000, 0.000000000000000000, -2.600000000000032951 ) ) ;
#6019 = DIRECTION ( 'NONE',  ( -0.000000000000000000, -0.000000000000000000, 1.000000000000000000 ) ) ;
#6020 = CYLINDRICAL_SURFACE ( 'NONE', #5664, 10.75000000000000000 ) ;
#6021 = EDGE_CURVE ( 'NONE', #1375, #1500, #7089, .T. ) ;
#6022 = CONICAL_SURFACE ( 'NONE', #7449, 11.35000000000002629, 0.7853981633974439491 ) ;
#6023 = CARTESIAN_POINT ( 'NONE',  ( 17.99999999999998579, -12.00000000000000355, -7.399999999999982592 ) ) ;
#6024 = CIRCLE ( 'NONE', #2618, 5.600000000000018296 ) ;
#6025 = DIRECTION ( 'NONE',  ( 0.000000000000000000, 0.7071067811865459074, -0.7071067811865492381 ) ) ;
#6026 = DIRECTION ( 'NONE',  ( 0.000000000000000000, 0.000000000000000000, 1.000000000000000000 ) ) ;
#6027 = ORIENTED_EDGE ( 'NONE', *, *, #2295, .T. ) ;
#6028 = EDGE_CURVE ( 'NONE', #194, #1134, #4083, .T. ) ;
#6029 = AXIS2_PLACEMENT_3D ( 'NONE', #5160, #7682, #7534 ) ;
#6030 = LINE ( 'NONE', #5552, #524 ) ;
#6031 = ORIENTED_EDGE ( 'NONE', *, *, #6678, .T. ) ;
#6032 = ADVANCED_FACE ( 'NONE', ( #506 ), #4050, .T. ) ;
#6033 = AXIS2_PLACEMENT_3D ( 'NONE', #89, #2916, #1189 ) ;
#6034 = LINE ( 'NONE', #659, #5726 ) ;
#6035 = CARTESIAN_POINT ( 'NONE',  ( -64.00000000000001421, -3.185854099730718758, 7.999999999999395150 ) ) ;
#6036 = CARTESIAN_POINT ( 'NONE',  ( -17.99999999999998579, -11.99999999999999467, -7.399999999999982592 ) ) ;
#6037 = ORIENTED_EDGE ( 'NONE', *, *, #2274, .T. ) ;
#6038 = PLANE ( 'NONE',  #1173 ) ;
#6039 = CARTESIAN_POINT ( 'NONE',  ( 4.531193156845206793E-15, -18.00000000000000000, -8.000000000000000000 ) ) ;
#6040 = VERTEX_POINT ( 'NONE', #1099 ) ;
#6041 = CARTESIAN_POINT ( 'NONE',  ( 63.99999999999998579, 23.40000000000001279, -7.000000000000000000 ) ) ;
#6042 = ADVANCED_FACE ( 'NONE', ( #5308 ), #6485, .T. ) ;
#6043 = EDGE_CURVE ( 'NONE', #6478, #4329, #6013, .T. ) ;
#6044 = ORIENTED_EDGE ( 'NONE', *, *, #1645, .T. ) ;
#6045 = EDGE_CURVE ( 'NONE', #198, #691, #3529, .T. ) ;
#6046 = LINE ( 'NONE', #124, #7438 ) ;
#6047 = EDGE_LOOP ( 'NONE', ( #1331, #7672 ) ) ;
#6048 = LINE ( 'NONE', #1257, #798 ) ;
#6049 = CARTESIAN_POINT ( 'NONE',  ( -62.99999999999998579, 15.99999999999995559, 7.950000000000023270 ) ) ;
#6050 = FACE_OUTER_BOUND ( 'NONE', #3663, .T. ) ;
#6051 = VECTOR ( 'NONE', #7746, 1000.000000000000000 ) ;
#6052 = LINE ( 'NONE', #634, #2428 ) ;
#6053 = CARTESIAN_POINT ( 'NONE',  ( -58.00000000000000000, 24.00000000000000000, 6.000000000000000000 ) ) ;
#6054 = DIRECTION ( 'NONE',  ( 0.000000000000000000, -1.000000000000000000, 0.000000000000000000 ) ) ;
#6055 = VERTEX_POINT ( 'NONE', #3978 ) ;
#6056 = ORIENTED_EDGE ( 'NONE', *, *, #2832, .F. ) ;
#6057 = LINE ( 'NONE', #6781, #578 ) ;
#6058 = ORIENTED_EDGE ( 'NONE', *, *, #2411, .F. ) ;
#6059 = CARTESIAN_POINT ( 'NONE',  ( -70.50293497956538147, 18.94999999999998508, 11.77459666924138659 ) ) ;
#6060 = DIRECTION ( 'NONE',  ( -1.000000000000000000, 0.000000000000000000, 0.000000000000000000 ) ) ;
#6061 = LINE ( 'NONE', #1990, #6935 ) ;
#6062 = DIRECTION ( 'NONE',  ( 1.000000000000000000, 0.000000000000000000, 0.000000000000000000 ) ) ;
#6063 = DIRECTION ( 'NONE',  ( 1.000000000000000000, 0.000000000000000000, 0.000000000000000000 ) ) ;
#6064 = AXIS2_PLACEMENT_3D ( 'NONE', #5640, #4417, #1455 ) ;
#6065 = DIRECTION ( 'NONE',  ( 0.000000000000000000, 0.000000000000000000, 1.000000000000000000 ) ) ;
#6066 = CARTESIAN_POINT ( 'NONE',  ( 4.531193156845206793E-15, 18.00000000000000000, 1.500000000000000000 ) ) ;
#6067 = ORIENTED_EDGE ( 'NONE', *, *, #357, .T. ) ;
#6068 = CIRCLE ( 'NONE', #5814, 3.499999999999998668 ) ;
#6069 = ORIENTED_EDGE ( 'NONE', *, *, #6406, .F. ) ;
#6070 = CIRCLE ( 'NONE', #2673, 1.099999999999998535 ) ;
#6071 = ADVANCED_FACE ( 'NONE', ( #998, #5807, #2828, #400 ), #2944, .F. ) ;
#6072 = PLANE ( 'NONE',  #5328 ) ;
#6073 = LINE ( 'NONE', #2391, #6248 ) ;
#6074 = ORIENTED_EDGE ( 'NONE', *, *, #2755, .F. ) ;
#6075 = VERTEX_POINT ( 'NONE', #7056 ) ;
#6076 = DIRECTION ( 'NONE',  ( 1.000000000000000000, 0.000000000000000000, 0.000000000000000000 ) ) ;
#6077 = DIRECTION ( 'NONE',  ( 1.000000000000000000, 0.000000000000000000, -0.000000000000000000 ) ) ;
#6078 = ORIENTED_EDGE ( 'NONE', *, *, #5090, .F. ) ;
#6079 = CARTESIAN_POINT ( 'NONE',  ( 3.489272363107635067E-15, -17.60000000000000853, -8.000000000000000000 ) ) ;
#6080 = AXIS2_PLACEMENT_3D ( 'NONE', #781, #5588, #613 ) ;
#6081 = ORIENTED_EDGE ( 'NONE', *, *, #4450, .F. ) ;
#6082 = EDGE_CURVE ( 'NONE', #6142, #6884, #2906, .T. ) ;
#6083 = LINE ( 'NONE', #3616, #3981 ) ;
#6084 = ADVANCED_FACE ( 'NONE', ( #5919 ), #7653, .F. ) ;
#6085 = CIRCLE ( 'NONE', #5958, 3.049999999999976286 ) ;
#6086 = ORIENTED_EDGE ( 'NONE', *, *, #4130, .T. ) ;
#6087 = DIRECTION ( 'NONE',  ( -1.000000000000000000, 0.000000000000000000, 0.000000000000000000 ) ) ;
#6088 = CARTESIAN_POINT ( 'NONE',  ( -64.00000000000000000, -3.185854099730718314, 5.499999999999421796 ) ) ;
#6089 = PLANE ( 'NONE',  #1503 ) ;
#6090 = DIRECTION ( 'NONE',  ( 0.7071067811865479058, 0.000000000000000000, -0.7071067811865471286 ) ) ;
#6091 = DIRECTION ( 'NONE',  ( 0.000000000000000000, 0.000000000000000000, -1.000000000000000000 ) ) ;
#6092 = LINE ( 'NONE', #6610, #4395 ) ;
#6093 = CARTESIAN_POINT ( 'NONE',  ( -22.99999999999997868, 17.60000000000000853, -2.000000000000000000 ) ) ;
#6094 = EDGE_CURVE ( 'NONE', #5383, #672, #2322, .T. ) ;
#6095 = AXIS2_PLACEMENT_3D ( 'NONE', #3977, #5918, #4691 ) ;
#6096 = ORIENTED_EDGE ( 'NONE', *, *, #7038, .F. ) ;
#6097 = ORIENTED_EDGE ( 'NONE', *, *, #1597, .F. ) ;
#6098 = CARTESIAN_POINT ( 'NONE',  ( 58.00000000000000000, 5.600668665453408579, 7.352952387243096410 ) ) ;
#6099 = EDGE_CURVE ( 'NONE', #5171, #1135, #1031, .T. ) ;
#6100 = ORIENTED_EDGE ( 'NONE', *, *, #5072, .F. ) ;
#6101 = DIRECTION ( 'NONE',  ( -0.000000000000000000, -0.000000000000000000, 1.000000000000000000 ) ) ;
#6102 = DIRECTION ( 'NONE',  ( -0.000000000000000000, -0.000000000000000000, 1.000000000000000000 ) ) ;
#6103 = ORIENTED_EDGE ( 'NONE', *, *, #6525, .F. ) ;
#6104 = CIRCLE ( 'NONE', #6236, 1.600000000000032063 ) ;
#6105 = DIRECTION ( 'NONE',  ( -0.000000000000000000, -0.000000000000000000, 1.000000000000000000 ) ) ;
#6106 = LINE ( 'NONE', #695, #3153 ) ;
#6107 = DIRECTION ( 'NONE',  ( 0.000000000000000000, 0.03547722218375332776, 0.9993704852086259249 ) ) ;
#6108 = ORIENTED_EDGE ( 'NONE', *, *, #4830, .F. ) ;
#6109 = LINE ( 'NONE', #700, #4573 ) ;
#6110 = VECTOR ( 'NONE', #2469, 1000.000000000000000 ) ;
#6111 = CARTESIAN_POINT ( 'NONE',  ( -58.50000000000001421, 8.310154176118146552, 15.90000000000002167 ) ) ;
#6112 = CARTESIAN_POINT ( 'NONE',  ( -53.60000000000000142, 12.00000000000001421, -2.000000000000000000 ) ) ;
#6113 = ORIENTED_EDGE ( 'NONE', *, *, #6761, .F. ) ;
#6114 = AXIS2_PLACEMENT_3D ( 'NONE', #4607, #5155, #3885 ) ;
#6115 = VECTOR ( 'NONE', #1742, 1000.000000000000000 ) ;
#6116 = CARTESIAN_POINT ( 'NONE',  ( -64.00000000000001421, 7.485765236524285271, 14.38822856765378688 ) ) ;
#6117 = ORIENTED_EDGE ( 'NONE', *, *, #7354, .F. ) ;
#6118 = VERTEX_POINT ( 'NONE', #472 ) ;
#6119 = CARTESIAN_POINT ( 'NONE',  ( -64.00000000000001421, 8.396137495244412108, 15.40000000000001101 ) ) ;
#6120 = AXIS2_PLACEMENT_3D ( 'NONE', #4038, #1787, #535 ) ;
#6121 = VECTOR ( 'NONE', #1186, 1000.000000000000000 ) ;
#6122 = ADVANCED_FACE ( 'NONE', ( #6455 ), #1141, .F. ) ;
#6123 = DIRECTION ( 'NONE',  ( 0.000000000000000000, -1.000000000000000000, 0.000000000000000000 ) ) ;
#6124 = EDGE_LOOP ( 'NONE', ( #217, #6893 ) ) ;
#6125 = CIRCLE ( 'NONE', #3713, 3.049999999999976286 ) ;
#6126 = CARTESIAN_POINT ( 'NONE',  ( 22.99999999999998579, -12.00000000000000355, -7.399999999999982592 ) ) ;
#6127 = ORIENTED_EDGE ( 'NONE', *, *, #7458, .F. ) ;
#6128 = CARTESIAN_POINT ( 'NONE',  ( -64.00000000000001421, 13.99999999999999822, 15.40000000000001101 ) ) ;
#6129 = DIRECTION ( 'NONE',  ( -1.000000000000000000, 0.000000000000000000, 0.000000000000000000 ) ) ;
#6130 = CARTESIAN_POINT ( 'NONE',  ( -58.24515915755900153, -22.80813343688108574, -8.591866563118934152 ) ) ;
#6131 = ORIENTED_EDGE ( 'NONE', *, *, #6152, .T. ) ;
#6132 = LINE ( 'NONE', #3739, #3306 ) ;
#6133 = DIRECTION ( 'NONE',  ( 1.000000000000000000, 0.000000000000000000, 0.000000000000000000 ) ) ;
#6134 = CARTESIAN_POINT ( 'NONE',  ( 25.78284271247452963, 23.86862915010150132, -8.000000000000000000 ) ) ;
#6135 = PLANE ( 'NONE',  #3918 ) ;
#6136 = EDGE_CURVE ( 'NONE', #5183, #2604, #5635, .T. ) ;
#6137 = VECTOR ( 'NONE', #7627, 1000.000000000000114 ) ;
#6138 = EDGE_CURVE ( 'NONE', #7201, #3081, #5272, .T. ) ;
#6139 = ORIENTED_EDGE ( 'NONE', *, *, #6715, .F. ) ;
#6140 = ORIENTED_EDGE ( 'NONE', *, *, #152, .T. ) ;
#6141 = DIRECTION ( 'NONE',  ( 0.000000000000000000, 0.000000000000000000, -1.000000000000000000 ) ) ;
#6142 = VERTEX_POINT ( 'NONE', #2284 ) ;
#6143 = DIRECTION ( 'NONE',  ( -1.000000000000000000, 0.000000000000000000, 0.000000000000000000 ) ) ;
#6144 = ADVANCED_FACE ( 'NONE', ( #7766 ), #4729, .F. ) ;
#6145 = LINE ( 'NONE', #3669, #122 ) ;
#6146 = CONICAL_SURFACE ( 'NONE', #345, 3.499999999999998668, 0.7853981633974386201 ) ;
#6147 = ORIENTED_EDGE ( 'NONE', *, *, #6254, .T. ) ;
#6148 = CARTESIAN_POINT ( 'NONE',  ( -14.58578643762690064, 34.49999999999999289, 0.000000000000000000 ) ) ;
#6149 = DIRECTION ( 'NONE',  ( -1.000000000000000000, -0.000000000000000000, -0.000000000000000000 ) ) ;
#6150 = CARTESIAN_POINT ( 'NONE',  ( 58.50000000000000711, 3.185854099730715649, 7.999999999999396039 ) ) ;
#6151 = EDGE_CURVE ( 'NONE', #2864, #4307, #466, .T. ) ;
#6152 = EDGE_CURVE ( 'NONE', #1869, #3527, #4878, .T. ) ;
#6153 = CYLINDRICAL_SURFACE ( 'NONE', #6894, 3.049999999999976286 ) ;
#6154 = CARTESIAN_POINT ( 'NONE',  ( 26.91421356237302831, 24.00000000000000000, -2.600000000000031175 ) ) ;
#6155 = EDGE_LOOP ( 'NONE', ( #4436, #1232, #7685, #4412 ) ) ;
#6156 = EDGE_CURVE ( 'NONE', #5120, #4255, #588, .T. ) ;
#6157 = CARTESIAN_POINT ( 'NONE',  ( -62.49999999999998579, 15.99999999999995559, 7.950000000000023270 ) ) ;
#6158 = ORIENTED_EDGE ( 'NONE', *, *, #3286, .T. ) ;
#6159 = VECTOR ( 'NONE', #1014, 1000.000000000000000 ) ;
#6160 = CIRCLE ( 'NONE', #2116, 10.00000000000000000 ) ;
#6161 = CARTESIAN_POINT ( 'NONE',  ( -1.899999999999994138, -18.00000000000000000, 1.500000000000000000 ) ) ;
#6162 = LINE ( 'NONE', #1448, #7402 ) ;
#6163 = DIRECTION ( 'NONE',  ( -0.000000000000000000, -0.000000000000000000, -1.000000000000000000 ) ) ;
#6164 = ORIENTED_EDGE ( 'NONE', *, *, #924, .F. ) ;
#6165 = ORIENTED_EDGE ( 'NONE', *, *, #1128, .T. ) ;
#6166 = DIRECTION ( 'NONE',  ( -0.000000000000000000, -0.000000000000000000, 1.000000000000000000 ) ) ;
#6167 = ORIENTED_EDGE ( 'NONE', *, *, #2760, .T. ) ;
#6168 = LINE ( 'NONE', #6926, #1392 ) ;
#6169 = CONICAL_SURFACE ( 'NONE', #7827, 5.600000000000000533, 0.7853981633974460586 ) ;
#6170 = AXIS2_PLACEMENT_3D ( 'NONE', #4597, #4099, #5816 ) ;
#6171 = EDGE_LOOP ( 'NONE', ( #221, #2774, #3341, #6346, #4430, #7557 ) ) ;
#6172 = DIRECTION ( 'NONE',  ( 1.000000000000000000, 0.000000000000000000, 0.000000000000000000 ) ) ;
#6173 = VERTEX_POINT ( 'NONE', #1217 ) ;
#6174 = CARTESIAN_POINT ( 'NONE',  ( 7.410638297872338853, 7.787486116720065965, -7.000000000000000000 ) ) ;
#6175 =( NAMED_UNIT ( * ) PLANE_ANGLE_UNIT ( ) SI_UNIT ( $, .RADIAN. ) );
#6176 = EDGE_CURVE ( 'NONE', #5741, #1573, #3608, .T. ) ;
#6177 = DIRECTION ( 'NONE',  ( 0.000000000000000000, -0.2588190451025181305, 0.9659258262890690894 ) ) ;
#6178 = CARTESIAN_POINT ( 'NONE',  ( 63.49999999999998579, 4.720508075688640837, 5.999999999999395150 ) ) ;
#6179 = CARTESIAN_POINT ( 'NONE',  ( -53.60000000000000853, 12.00000000000001421, -8.000000000000000000 ) ) ;
#6180 = CARTESIAN_POINT ( 'NONE',  ( 58.00000000000000000, -23.40000000000001279, 2.000000000000000000 ) ) ;
#6181 = DIRECTION ( 'NONE',  ( -0.000000000000000000, -0.000000000000000000, 1.000000000000000000 ) ) ;
#6182 = EDGE_LOOP ( 'NONE', ( #505, #5822, #2765, #1834 ) ) ;
#6183 = AXIS2_PLACEMENT_3D ( 'NONE', #2301, #7189, #6017 ) ;
#6184 = CARTESIAN_POINT ( 'NONE',  ( 62.49999999999998579, 15.99999999999995559, 7.950000000000023270 ) ) ;
#6185 = VERTEX_POINT ( 'NONE', #3647 ) ;
#6186 = CARTESIAN_POINT ( 'NONE',  ( 63.99999999999998579, 7.485765236524318134, 14.38822856765377800 ) ) ;
#6187 = ADVANCED_FACE ( 'NONE', ( #119 ), #6022, .F. ) ;
#6188 = PLANE ( 'NONE',  #3262 ) ;
#6189 = ORIENTED_EDGE ( 'NONE', *, *, #7260, .T. ) ;
#6190 = FACE_OUTER_BOUND ( 'NONE', #4693, .T. ) ;
#6191 = DIRECTION ( 'NONE',  ( -0.000000000000000000, -0.000000000000000000, 1.000000000000000000 ) ) ;
#6192 = EDGE_CURVE ( 'NONE', #6912, #3448, #7302, .T. ) ;
#6193 = LINE ( 'NONE', #1908, #1074 ) ;
#6194 = CARTESIAN_POINT ( 'NONE',  ( -64.00000000000001421, 14.00000000000000000, 15.40000000000001101 ) ) ;
#6195 = ORIENTED_EDGE ( 'NONE', *, *, #352, .F. ) ;
#6196 = EDGE_CURVE ( 'NONE', #4707, #1969, #2513, .T. ) ;
#6197 = DIRECTION ( 'NONE',  ( -0.7071067811865393571, -0.7071067811865556774, 0.000000000000000000 ) ) ;
#6198 = EDGE_CURVE ( 'NONE', #5599, #724, #5244, .T. ) ;
#6199 = ORIENTED_EDGE ( 'NONE', *, *, #7233, .F. ) ;
#6200 = DIRECTION ( 'NONE',  ( 0.000000000000000000, 0.000000000000000000, 1.000000000000000000 ) ) ;
#6201 = AXIS2_PLACEMENT_3D ( 'NONE', #1170, #6661, #3555 ) ;
#6202 = ADVANCED_FACE ( 'NONE', ( #4956, #2982 ), #1757, .T. ) ;
#6203 = FACE_OUTER_BOUND ( 'NONE', #6515, .T. ) ;
#6204 = DIRECTION ( 'NONE',  ( 3.965082230804129727E-16, 1.000000000000000000, -0.000000000000000000 ) ) ;
#6205 = EDGE_CURVE ( 'NONE', #5565, #4065, #5467, .T. ) ;
#6206 = ORIENTED_EDGE ( 'NONE', *, *, #7625, .F. ) ;
#6207 = CIRCLE ( 'NONE', #1144, 1.099999999999998535 ) ;
#6208 = ORIENTED_EDGE ( 'NONE', *, *, #4579, .T. ) ;
#6209 = CARTESIAN_POINT ( 'NONE',  ( 2.799999999999959854, 18.00000000000000000, 1.500000000000000000 ) ) ;
#6210 = EDGE_LOOP ( 'NONE', ( #6483, #2512, #5971, #7174 ) ) ;
#6211 = CARTESIAN_POINT ( 'NONE',  ( -58.00000000000000000, -23.40000000000001279, 6.000000000000000000 ) ) ;
#6212 = ORIENTED_EDGE ( 'NONE', *, *, #5892, .T. ) ;
#6213 = DIRECTION ( 'NONE',  ( 0.000000000000000000, 0.000000000000000000, -1.000000000000000000 ) ) ;
#6214 = ORIENTED_EDGE ( 'NONE', *, *, #6530, .F. ) ;
#6215 = PLANE ( 'NONE',  #1040 ) ;
#6216 = CARTESIAN_POINT ( 'NONE',  ( -58.60000000000000853, 0.000000000000000000, 16.00000000000000000 ) ) ;
#6217 =( LENGTH_UNIT ( ) NAMED_UNIT ( * ) SI_UNIT ( .MILLI., .METRE. ) );
#6218 = CIRCLE ( 'NONE', #5706, 11.35000000000002629 ) ;
#6219 = FACE_OUTER_BOUND ( 'NONE', #1160, .T. ) ;
#6220 = LINE ( 'NONE', #3189, #5203 ) ;
#6221 = DIRECTION ( 'NONE',  ( 0.000000000000000000, 1.000000000000000000, 0.000000000000000000 ) ) ;
#6222 = ORIENTED_EDGE ( 'NONE', *, *, #201, .F. ) ;
#6223 = AXIS2_PLACEMENT_3D ( 'NONE', #594, #2992, #5393 ) ;
#6224 = VERTEX_POINT ( 'NONE', #77 ) ;
#6225 = CARTESIAN_POINT ( 'NONE',  ( 62.99999999999998579, -14.00000000000000000, 16.00000000000000000 ) ) ;
#6226 = ORIENTED_EDGE ( 'NONE', *, *, #1030, .F. ) ;
#6227 = DIRECTION ( 'NONE',  ( -0.7071067811865479058, 0.000000000000000000, -0.7071067811865471286 ) ) ;
#6228 = DIRECTION ( 'NONE',  ( -0.000000000000000000, 1.000000000000000000, 1.837433013737340913E-16 ) ) ;
#6229 = VERTEX_POINT ( 'NONE', #3021 ) ;
#6230 = DIRECTION ( 'NONE',  ( 0.000000000000000000, 0.03547722218375332776, 0.9993704852086259249 ) ) ;
#6231 = VECTOR ( 'NONE', #3727, 1000.000000000000114 ) ;
#6232 = CARTESIAN_POINT ( 'NONE',  ( -1.899999999999994138, 18.00000000000000000, 1.500000000000000000 ) ) ;
#6233 = ADVANCED_FACE ( 'NONE', ( #7328 ), #7812, .F. ) ;
#6234 = DIRECTION ( 'NONE',  ( 1.000000000000000000, 0.000000000000000000, 0.000000000000000000 ) ) ;
#6235 = LINE ( 'NONE', #6194, #1822 ) ;
#6236 = AXIS2_PLACEMENT_3D ( 'NONE', #2144, #4384, #6813 ) ;
#6237 = VERTEX_POINT ( 'NONE', #4330 ) ;
#6238 = CYLINDRICAL_SURFACE ( 'NONE', #951, 1.000000000000000888 ) ;
#6239 = LINE ( 'NONE', #1482, #5314 ) ;
#6240 = ORIENTED_EDGE ( 'NONE', *, *, #4444, .T. ) ;
#6241 = ADVANCED_FACE ( 'NONE', ( #6757 ), #1603, .F. ) ;
#6242 = EDGE_CURVE ( 'NONE', #5923, #6398, #6883, .T. ) ;
#6243 = DIRECTION ( 'NONE',  ( 1.000000000000000000, 0.000000000000000000, 0.000000000000000000 ) ) ;
#6244 = DIRECTION ( 'NONE',  ( 1.000000000000000000, 0.000000000000000000, 0.000000000000000000 ) ) ;
#6245 = FACE_OUTER_BOUND ( 'NONE', #6413, .T. ) ;
#6246 = VECTOR ( 'NONE', #329, 1000.000000000000000 ) ;
#6247 = EDGE_LOOP ( 'NONE', ( #270, #5472, #6520, #6936 ) ) ;
#6248 = VECTOR ( 'NONE', #7520, 1000.000000000000227 ) ;
#6249 = ORIENTED_EDGE ( 'NONE', *, *, #3074, .F. ) ;
#6250 = DIRECTION ( 'NONE',  ( 0.000000000000000000, 1.000000000000000000, -0.000000000000000000 ) ) ;
#6251 = EDGE_CURVE ( 'NONE', #278, #898, #3814, .T. ) ;
#6252 = ORIENTED_EDGE ( 'NONE', *, *, #2798, .F. ) ;
#6253 = CARTESIAN_POINT ( 'NONE',  ( 62.49999999999998579, -14.00000000000000000, 6.000000000000000000 ) ) ;
#6254 = EDGE_CURVE ( 'NONE', #7519, #320, #3180, .T. ) ;
#6255 = VECTOR ( 'NONE', #5538, 999.9999999999998863 ) ;
#6256 = ORIENTED_EDGE ( 'NONE', *, *, #6347, .T. ) ;
#6257 = ORIENTED_EDGE ( 'NONE', *, *, #4538, .T. ) ;
#6258 = DIRECTION ( 'NONE',  ( -2.973811673103097665E-16, -1.000000000000000000, 0.000000000000000000 ) ) ;
#6259 = CARTESIAN_POINT ( 'NONE',  ( 22.99999999999998934, 16.99999999999999645, -2.599999999999975664 ) ) ;
#6260 = ORIENTED_EDGE ( 'NONE', *, *, #5800, .T. ) ;
#6261 = AXIS2_PLACEMENT_3D ( 'NONE', #186, #7442, #1314 ) ;
#6262 = CARTESIAN_POINT ( 'NONE',  ( 14.58578643762690064, 34.89999999999996305, -8.000000000000000000 ) ) ;
#6263 = CARTESIAN_POINT ( 'NONE',  ( 13.00000000000000711, 35.50000000000000000, -7.000000000000000000 ) ) ;
#6264 = DIRECTION ( 'NONE',  ( 0.000000000000000000, 0.000000000000000000, -1.000000000000000000 ) ) ;
#6265 = EDGE_LOOP ( 'NONE', ( #3751, #3364, #3236, #1571 ) ) ;
#6266 = DIRECTION ( 'NONE',  ( -1.000000000000000000, 0.000000000000000000, 0.000000000000000000 ) ) ;
#6267 = ORIENTED_EDGE ( 'NONE', *, *, #5891, .F. ) ;
#6268 = CARTESIAN_POINT ( 'NONE',  ( -62.99999999999998579, 14.00000000000000000, 6.000000000000000000 ) ) ;
#6269 = FACE_OUTER_BOUND ( 'NONE', #190, .T. ) ;
#6270 = EDGE_LOOP ( 'NONE', ( #2449, #4998, #1751, #1154, #725, #5915, #2367, #7495 ) ) ;
#6271 = DIRECTION ( 'NONE',  ( 1.000000000000000000, -0.000000000000000000, -0.000000000000000000 ) ) ;
#6272 = AXIS2_PLACEMENT_3D ( 'NONE', #1740, #7708, #564 ) ;
#6273 = DIRECTION ( 'NONE',  ( 0.7071067811865474617, 0.000000000000000000, 0.7071067811865474617 ) ) ;
#6274 = VECTOR ( 'NONE', #1970, 1000.000000000000000 ) ;
#6275 = FACE_OUTER_BOUND ( 'NONE', #4204, .T. ) ;
#6276 = ORIENTED_EDGE ( 'NONE', *, *, #6136, .F. ) ;
#6277 = PLANE ( 'NONE',  #2074 ) ;
#6278 = DIRECTION ( 'NONE',  ( 0.000000000000000000, 0.000000000000000000, 1.000000000000000000 ) ) ;
#6279 = ORIENTED_EDGE ( 'NONE', *, *, #4274, .T. ) ;
#6280 = CARTESIAN_POINT ( 'NONE',  ( 0.000000000000000000, -14.00000000000000000, 6.000000000000000000 ) ) ;
#6281 = CARTESIAN_POINT ( 'NONE',  ( 14.58578643762690064, 34.49999999999999289, -8.000000000000000000 ) ) ;
#6282 = CIRCLE ( 'NONE', #858, 2.500000000000000444 ) ;
#6283 = CARTESIAN_POINT ( 'NONE',  ( -63.83353458023616156, 8.365225642826571217, 15.56646541976386366 ) ) ;
#6284 = PLANE ( 'NONE',  #5735 ) ;
#6285 = CARTESIAN_POINT ( 'NONE',  ( -12.99999999999999645, 34.89999999999996305, -8.000000000000000000 ) ) ;
#6286 = VECTOR ( 'NONE', #5797, 1000.000000000000000 ) ;
#6287 = EDGE_LOOP ( 'NONE', ( #2570, #1842, #2323, #1644, #3150, #6256 ) ) ;
#6288 = VERTEX_POINT ( 'NONE', #5119 ) ;
#6289 = EDGE_CURVE ( 'NONE', #2643, #6371, #3230, .T. ) ;
#6290 = DIRECTION ( 'NONE',  ( 0.000000000000000000, -1.000000000000000000, 0.000000000000000000 ) ) ;
#6291 = LINE ( 'NONE', #199, #4288 ) ;
#6292 = CIRCLE ( 'NONE', #4871, 4.499999999999990230 ) ;
#6293 = ADVANCED_FACE ( 'NONE', ( #239 ), #795, .F. ) ;
#6294 = ORIENTED_EDGE ( 'NONE', *, *, #7523, .T. ) ;
#6295 = CIRCLE ( 'NONE', #5139, 10.00000000000000000 ) ;
#6296 = CARTESIAN_POINT ( 'NONE',  ( 10.24999999999999645, 29.00000000000089884, -5.000000000000000000 ) ) ;
#6297 = ORIENTED_EDGE ( 'NONE', *, *, #3074, .T. ) ;
#6298 = DIRECTION ( 'NONE',  ( -0.7071067811865426878, 0.000000000000000000, -0.7071067811865524577 ) ) ;
#6299 = EDGE_CURVE ( 'NONE', #5459, #5253, #7473, .T. ) ;
#6300 = DIRECTION ( 'NONE',  ( -1.000000000000000000, 0.000000000000000000, 0.000000000000000000 ) ) ;
#6301 = VERTEX_POINT ( 'NONE', #5001 ) ;
#6302 = EDGE_CURVE ( 'NONE', #3744, #993, #7686, .T. ) ;
#6303 = CARTESIAN_POINT ( 'NONE',  ( -70.50293497956538147, 13.04999999999998117, 11.77459666924138659 ) ) ;
#6304 = CARTESIAN_POINT ( 'NONE',  ( -58.00000000000000000, 9.975735931288038927, 15.57573593128806699 ) ) ;
#6305 = CARTESIAN_POINT ( 'NONE',  ( -58.00000000000000000, -14.00000000000000000, 16.00000000000000000 ) ) ;
#6306 = VECTOR ( 'NONE', #5024, 1000.000000000000000 ) ;
#6307 = EDGE_CURVE ( 'NONE', #5619, #2864, #7413, .T. ) ;
#6308 = ORIENTED_EDGE ( 'NONE', *, *, #1208, .T. ) ;
#6309 = CARTESIAN_POINT ( 'NONE',  ( -14.58578643762690064, 34.49999999999999289, -2.000000000000000000 ) ) ;
#6310 = ORIENTED_EDGE ( 'NONE', *, *, #5660, .F. ) ;
#6311 = CARTESIAN_POINT ( 'NONE',  ( -58.50000000000001421, 3.185854099730716094, 5.999999999999395150 ) ) ;
#6312 = CARTESIAN_POINT ( 'NONE',  ( 58.00000000000000711, -13.04999999999998117, 11.77459666924138659 ) ) ;
#6313 = ORIENTED_EDGE ( 'NONE', *, *, #4588, .F. ) ;
#6314 = CYLINDRICAL_SURFACE ( 'NONE', #2375, 3.499999999999998668 ) ;
#6315 = DIRECTION ( 'NONE',  ( -0.000000000000000000, -0.000000000000000000, -1.000000000000000000 ) ) ;
#6316 = ORIENTED_EDGE ( 'NONE', *, *, #5397, .T. ) ;
#6317 = DIRECTION ( 'NONE',  ( -1.000000000000000000, -9.912705577010325549E-17, 0.000000000000000000 ) ) ;
#6318 = ORIENTED_EDGE ( 'NONE', *, *, #4995, .F. ) ;
#6319 = CARTESIAN_POINT ( 'NONE',  ( -22.99999999999997868, 17.00000000000000000, -2.000000000000000000 ) ) ;
#6320 = CARTESIAN_POINT ( 'NONE',  ( 22.99999999999998579, -12.00000000000000355, -2.000000000000000000 ) ) ;
#6321 = VERTEX_POINT ( 'NONE', #1372 ) ;
#6322 = DIRECTION ( 'NONE',  ( 1.000000000000000000, 0.000000000000000000, 0.000000000000000000 ) ) ;
#6323 = VECTOR ( 'NONE', #2028, 1000.000000000000000 ) ;
#6324 = DIRECTION ( 'NONE',  ( 1.000000000000000000, 0.000000000000000000, 0.000000000000000000 ) ) ;
#6325 = DIRECTION ( 'NONE',  ( 0.000000000000000000, 0.000000000000000000, 1.000000000000000000 ) ) ;
#6326 = DIRECTION ( 'NONE',  ( 0.000000000000000000, 8.673617379884035472E-16, 1.000000000000000000 ) ) ;
#6327 = EDGE_LOOP ( 'NONE', ( #18, #5442, #4485, #3259 ) ) ;
#6328 = ORIENTED_EDGE ( 'NONE', *, *, #261, .T. ) ;
#6329 = DIRECTION ( 'NONE',  ( 0.000000000000000000, -0.7071067811865556774, -0.7071067811865393571 ) ) ;
#6330 = DIRECTION ( 'NONE',  ( 0.000000000000000000, 0.000000000000000000, 1.000000000000000000 ) ) ;
#6331 = EDGE_CURVE ( 'NONE', #2762, #4312, #197, .T. ) ;
#6332 = CIRCLE ( 'NONE', #6201, 2.099999999999999645 ) ;
#6333 = VERTEX_POINT ( 'NONE', #1442 ) ;
#6334 = VERTEX_POINT ( 'NONE', #3762 ) ;
#6335 = LINE ( 'NONE', #2723, #2183 ) ;
#6336 = CARTESIAN_POINT ( 'NONE',  ( -52.99999999999999289, 17.00000000000001421, -2.600000000000003197 ) ) ;
#6337 = ORIENTED_EDGE ( 'NONE', *, *, #1457, .T. ) ;
#6338 = DIRECTION ( 'NONE',  ( -0.000000000000000000, -0.000000000000000000, 1.000000000000000000 ) ) ;
#6339 = CIRCLE ( 'NONE', #3406, 3.499999999999998668 ) ;
#6340 = EDGE_CURVE ( 'NONE', #4065, #2835, #6916, .T. ) ;
#6341 = ADVANCED_FACE ( 'NONE', ( #4449 ), #1097, .T. ) ;
#6342 = ORIENTED_EDGE ( 'NONE', *, *, #895, .T. ) ;
#6343 = PLANE ( 'NONE',  #1088 ) ;
#6344 = VECTOR ( 'NONE', #6123, 1000.000000000000000 ) ;
#6345 = CARTESIAN_POINT ( 'NONE',  ( 47.99999999999999289, 17.60000000000001563, -8.000000000000000000 ) ) ;
#6346 = ORIENTED_EDGE ( 'NONE', *, *, #4639, .T. ) ;
#6347 = EDGE_CURVE ( 'NONE', #1500, #6640, #825, .T. ) ;
#6348 = LINE ( 'NONE', #4479, #481 ) ;
#6349 = CARTESIAN_POINT ( 'NONE',  ( 26.91421356237302831, 24.00000000000000000, -7.000000000000000000 ) ) ;
#6350 = VECTOR ( 'NONE', #3520, 1000.000000000000000 ) ;
#6351 = EDGE_CURVE ( 'NONE', #3213, #1615, #6957, .T. ) ;
#6352 = VERTEX_POINT ( 'NONE', #3251 ) ;
#6353 = ORIENTED_EDGE ( 'NONE', *, *, #1505, .F. ) ;
#6354 = CARTESIAN_POINT ( 'NONE',  ( -64.00000000000001421, 3.185854099730715649, 7.999999999999396039 ) ) ;
#6355 = ORIENTED_EDGE ( 'NONE', *, *, #1928, .F. ) ;
#6356 = LINE ( 'NONE', #2157, #5602 ) ;
#6357 = CARTESIAN_POINT ( 'NONE',  ( 58.00000000000000000, 5.779561752560287147, 8.020590477448818589 ) ) ;
#6358 = EDGE_LOOP ( 'NONE', ( #5992, #5727, #5782, #6260 ) ) ;
#6359 = VECTOR ( 'NONE', #5787, 1000.000000000000114 ) ;
#6360 = DIRECTION ( 'NONE',  ( 0.000000000000000000, 0.000000000000000000, 1.000000000000000000 ) ) ;
#6361 = CARTESIAN_POINT ( 'NONE',  ( 0.000000000000000000, 8.934653975957925098, 16.00000000000000000 ) ) ;
#6362 = VECTOR ( 'NONE', #1339, 1000.000000000000000 ) ;
#6363 = CARTESIAN_POINT ( 'NONE',  ( -62.49999999999998579, 18.94999999999998508, 11.77459666924138659 ) ) ;
#6364 = CARTESIAN_POINT ( 'NONE',  ( 56.61626687376232070, -9.578310834983534860, 14.01626687376231573 ) ) ;
#6365 = VERTEX_POINT ( 'NONE', #312 ) ;
#6366 = EDGE_LOOP ( 'NONE', ( #7185, #5212, #6554, #4603 ) ) ;
#6367 = CARTESIAN_POINT ( 'NONE',  ( 58.50000000000000711, -8.310154176118084379, 15.89999999999999680 ) ) ;
#6368 = DIRECTION ( 'NONE',  ( 0.000000000000000000, -0.000000000000000000, 1.000000000000000000 ) ) ;
#6369 = AXIS2_PLACEMENT_3D ( 'NONE', #4887, #1188, #3578 ) ;
#6370 = DIRECTION ( 'NONE',  ( -1.000000000000000000, -0.000000000000000000, -0.000000000000000000 ) ) ;
#6371 = VERTEX_POINT ( 'NONE', #745 ) ;
#6372 = STYLED_ITEM ( 'NONE', ( #4381 ), #4299 ) ;
#6373 = VECTOR ( 'NONE', #619, 1000.000000000000000 ) ;
#6374 = VERTEX_POINT ( 'NONE', #4991 ) ;
#6375 = ORIENTED_EDGE ( 'NONE', *, *, #2193, .T. ) ;
#6376 = EDGE_LOOP ( 'NONE', ( #6575, #1264, #4134, #236 ) ) ;
#6377 = CARTESIAN_POINT ( 'NONE',  ( -62.49999999999998579, -15.99999999999995559, 7.950000000000023270 ) ) ;
#6378 = ADVANCED_FACE ( 'NONE', ( #7448 ), #726, .T. ) ;
#6379 = ORIENTED_EDGE ( 'NONE', *, *, #5762, .T. ) ;
#6380 = DIRECTION ( 'NONE',  ( -0.000000000000000000, -0.000000000000000000, 1.000000000000000000 ) ) ;
#6381 = VECTOR ( 'NONE', #2027, 1000.000000000000000 ) ;
#6382 = FACE_OUTER_BOUND ( 'NONE', #188, .T. ) ;
#6383 = EDGE_CURVE ( 'NONE', #2184, #1486, #5673, .T. ) ;
#6384 = ADVANCED_FACE ( 'NONE', ( #2586 ), #7487, .F. ) ;
#6385 = CARTESIAN_POINT ( 'NONE',  ( 62.49999999999998579, -20.24542364858361765, 13.80990931123482746 ) ) ;
#6386 = DIRECTION ( 'NONE',  ( -1.000000000000000000, 0.000000000000000000, 0.000000000000000000 ) ) ;
#6387 = AXIS2_PLACEMENT_3D ( 'NONE', #3519, #462, #5298 ) ;
#6388 = AXIS2_PLACEMENT_3D ( 'NONE', #5394, #4096, #9 ) ;
#6389 = VERTEX_POINT ( 'NONE', #2001 ) ;
#6390 = CARTESIAN_POINT ( 'NONE',  ( -58.00000000000000000, 3.185854099730715649, 7.999999999999396039 ) ) ;
#6391 = EDGE_CURVE ( 'NONE', #287, #2310, #6704, .T. ) ;
#6392 = ORIENTED_EDGE ( 'NONE', *, *, #6028, .T. ) ;
#6393 = DIRECTION ( 'NONE',  ( -1.000000000000000000, 0.000000000000000000, 0.000000000000000000 ) ) ;
#6394 = VERTEX_POINT ( 'NONE', #2119 ) ;
#6395 = PLANE ( 'NONE',  #6622 ) ;
#6396 = CARTESIAN_POINT ( 'NONE',  ( 0.000000000000000000, -18.98042485753536823, 12.63164529836050498 ) ) ;
#6397 = CIRCLE ( 'NONE', #2958, 2.000000000000000000 ) ;
#6398 = VERTEX_POINT ( 'NONE', #783 ) ;
#6399 = CARTESIAN_POINT ( 'NONE',  ( 22.99999999999998579, -17.59999999999999432, -2.000000000000000000 ) ) ;
#6400 = EDGE_CURVE ( 'NONE', #2417, #3627, #3171, .T. ) ;
#6401 = EDGE_CURVE ( 'NONE', #926, #6502, #2160, .T. ) ;
#6402 = DIRECTION ( 'NONE',  ( 1.000000000000000000, 0.000000000000000000, 0.000000000000000000 ) ) ;
#6403 = VECTOR ( 'NONE', #4748, 1000.000000000000000 ) ;
#6404 = CARTESIAN_POINT ( 'NONE',  ( 7.870586462661180782, 7.749368869685580030, -2.305164168809472169 ) ) ;
#6405 = LINE ( 'NONE', #3928, #7415 ) ;
#6406 = EDGE_CURVE ( 'NONE', #4147, #1996, #7677, .T. ) ;
#6407 = FACE_OUTER_BOUND ( 'NONE', #1042, .T. ) ;
#6408 = ORIENTED_EDGE ( 'NONE', *, *, #7741, .T. ) ;
#6409 = EDGE_LOOP ( 'NONE', ( #4515, #6416, #5768, #7070 ) ) ;
#6410 = DIRECTION ( 'NONE',  ( -1.000000000000000000, 2.973811673103097665E-16, -0.000000000000000000 ) ) ;
#6411 = CONICAL_SURFACE ( 'NONE', #2347, 1.499999999999985789, 0.7853981633974482790 ) ;
#6412 = DIRECTION ( 'NONE',  ( -1.020425574104004246E-16, -1.000000000000000000, 0.000000000000000000 ) ) ;
#6413 = EDGE_LOOP ( 'NONE', ( #5875, #5547, #7551, #6637 ) ) ;
#6414 = DIRECTION ( 'NONE',  ( 0.000000000000000000, 0.000000000000000000, 1.000000000000000000 ) ) ;
#6415 = DIRECTION ( 'NONE',  ( -0.000000000000000000, -0.000000000000000000, 1.000000000000000000 ) ) ;
#6416 = ORIENTED_EDGE ( 'NONE', *, *, #6886, .F. ) ;
#6417 = DIRECTION ( 'NONE',  ( 1.000000000000000000, 0.000000000000000000, 0.000000000000000000 ) ) ;
#6418 = VECTOR ( 'NONE', #1841, 1000.000000000000000 ) ;
#6419 = VECTOR ( 'NONE', #7190, 1000.000000000000000 ) ;
#6420 = ADVANCED_FACE ( 'NONE', ( #7712 ), #6435, .T. ) ;
#6421 = EDGE_LOOP ( 'NONE', ( #7841, #2598, #1675, #4094 ) ) ;
#6422 = FACE_OUTER_BOUND ( 'NONE', #1725, .T. ) ;
#6423 = DIRECTION ( 'NONE',  ( 0.000000000000000000, 0.7071067811865491270, -0.7071067811865459074 ) ) ;
#6424 = DIRECTION ( 'NONE',  ( -0.7071067811865446862, -0.6830127018922226290, 0.1830127018922179938 ) ) ;
#6425 = DIRECTION ( 'NONE',  ( 1.000000000000000000, 0.000000000000000000, 0.000000000000000000 ) ) ;
#6426 = AXIS2_PLACEMENT_3D ( 'NONE', #2042, #3588, #1200 ) ;
#6427 = ORIENTED_EDGE ( 'NONE', *, *, #4235, .T. ) ;
#6428 = EDGE_CURVE ( 'NONE', #50, #2159, #5774, .T. ) ;
#6429 = VERTEX_POINT ( 'NONE', #5825 ) ;
#6430 = VECTOR ( 'NONE', #735, 1000.000000000000000 ) ;
#6431 = LINE ( 'NONE', #6911, #4731 ) ;
#6432 = ORIENTED_EDGE ( 'NONE', *, *, #2256, .T. ) ;
#6433 = DIRECTION ( 'NONE',  ( -0.000000000000000000, -0.000000000000000000, 1.000000000000000000 ) ) ;
#6434 = AXIS2_PLACEMENT_3D ( 'NONE', #4016, #5022, #4656 ) ;
#6435 = PLANE ( 'NONE',  #1347 ) ;
#6436 = CARTESIAN_POINT ( 'NONE',  ( 10.24999999999999645, 29.00000000000089884, -2.000000000000000000 ) ) ;
#6437 = ADVANCED_FACE ( 'NONE', ( #3371 ), #7307, .T. ) ;
#6438 = AXIS2_PLACEMENT_3D ( 'NONE', #7545, #6732, #6774 ) ;
#6439 = DIRECTION ( 'NONE',  ( 1.000000000000000000, 0.000000000000000000, 0.000000000000000000 ) ) ;
#6440 = EDGE_CURVE ( 'NONE', #3378, #4415, #2856, .T. ) ;
#6441 = EDGE_CURVE ( 'NONE', #4962, #1969, #1049, .T. ) ;
#6442 = AXIS2_PLACEMENT_3D ( 'NONE', #6984, #1471, #7699 ) ;
#6443 = DIRECTION ( 'NONE',  ( 0.000000000000000000, -0.7071067811865491270, 0.7071067811865459074 ) ) ;
#6444 = ORIENTED_EDGE ( 'NONE', *, *, #541, .T. ) ;
#6445 = EDGE_LOOP ( 'NONE', ( #6946, #3203, #565, #5763 ) ) ;
#6446 = EDGE_LOOP ( 'NONE', ( #3169, #3648, #5811, #4389 ) ) ;
#6447 = DIRECTION ( 'NONE',  ( 0.000000000000000000, 0.000000000000000000, 1.000000000000000000 ) ) ;
#6448 = DIRECTION ( 'NONE',  ( 0.000000000000000000, 0.000000000000000000, -1.000000000000000000 ) ) ;
#6449 = ADVANCED_FACE ( 'NONE', ( #7146 ), #1706, .F. ) ;
#6450 = ORIENTED_EDGE ( 'NONE', *, *, #2938, .F. ) ;
#6451 = EDGE_CURVE ( 'NONE', #3177, #287, #6160, .T. ) ;
#6452 = VERTEX_POINT ( 'NONE', #6399 ) ;
#6453 = DIRECTION ( 'NONE',  ( 1.000000000000000000, 0.000000000000000000, 0.000000000000000000 ) ) ;
#6454 = ORIENTED_EDGE ( 'NONE', *, *, #785, .F. ) ;
#6455 = FACE_OUTER_BOUND ( 'NONE', #7326, .T. ) ;
#6456 = ORIENTED_EDGE ( 'NONE', *, *, #1988, .F. ) ;
#6457 = VECTOR ( 'NONE', #4154, 1000.000000000000000 ) ;
#6458 = ORIENTED_EDGE ( 'NONE', *, *, #4733, .T. ) ;
#6459 = CARTESIAN_POINT ( 'NONE',  ( -62.49999999999998579, -15.99999999999995559, 7.950000000000023270 ) ) ;
#6460 = ORIENTED_EDGE ( 'NONE', *, *, #3320, .T. ) ;
#6461 = CARTESIAN_POINT ( 'NONE',  ( -63.40000000000001279, -14.00000000000000000, 16.00000000000000000 ) ) ;
#6462 = AXIS2_PLACEMENT_3D ( 'NONE', #4780, #5931, #1659 ) ;
#6463 = CARTESIAN_POINT ( 'NONE',  ( -70.50293497956538147, -13.04999999999998117, 11.77459666924138659 ) ) ;
#6464 = FACE_OUTER_BOUND ( 'NONE', #7727, .T. ) ;
#6465 = VECTOR ( 'NONE', #1960, 1000.000000000000000 ) ;
#6466 = ORIENTED_EDGE ( 'NONE', *, *, #1715, .F. ) ;
#6467 = FACE_OUTER_BOUND ( 'NONE', #4165, .T. ) ;
#6468 = ORIENTED_EDGE ( 'NONE', *, *, #6192, .F. ) ;
#6469 = DIRECTION ( 'NONE',  ( -0.6785983445458472207, 0.2810846377148195074, 0.6785983445458472207 ) ) ;
#6470 = DIRECTION ( 'NONE',  ( 0.000000000000000000, 0.000000000000000000, -1.000000000000000000 ) ) ;
#6471 = CARTESIAN_POINT ( 'NONE',  ( -22.99999999999998579, -11.99999999999999467, -8.000000000000000000 ) ) ;
#6472 = CARTESIAN_POINT ( 'NONE',  ( -62.99999999999998579, -10.39999999999996838, 16.00000000000000000 ) ) ;
#6473 = EDGE_CURVE ( 'NONE', #7183, #2825, #3997, .T. ) ;
#6474 = FACE_OUTER_BOUND ( 'NONE', #2867, .T. ) ;
#6475 = CIRCLE ( 'NONE', #1168, 1.899999999999998579 ) ;
#6476 = DIRECTION ( 'NONE',  ( 7.482991226153965319E-17, -0.2588190451025179084, -0.9659258262890690894 ) ) ;
#6477 = EDGE_LOOP ( 'NONE', ( #5707, #123, #4727, #2011 ) ) ;
#6478 = VERTEX_POINT ( 'NONE', #6018 ) ;
#6479 = ADVANCED_FACE ( 'NONE', ( #568 ), #601, .T. ) ;
#6480 = EDGE_CURVE ( 'NONE', #3379, #2762, #532, .T. ) ;
#6481 = CONICAL_SURFACE ( 'NONE', #1788, 4.600000000000028066, 0.7853981633974569387 ) ;
#6482 = ORIENTED_EDGE ( 'NONE', *, *, #3334, .T. ) ;
#6483 = ORIENTED_EDGE ( 'NONE', *, *, #4386, .T. ) ;
#6484 = ADVANCED_FACE ( 'NONE', ( #4108 ), #1164, .T. ) ;
#6485 = CYLINDRICAL_SURFACE ( 'NONE', #2976, 3.000000000000000000 ) ;
#6486 = AXIS2_PLACEMENT_3D ( 'NONE', #2371, #4344, #6009 ) ;
#6487 = EDGE_LOOP ( 'NONE', ( #2415, #1077, #4252, #6815 ) ) ;
#6488 = PLANE ( 'NONE',  #4316 ) ;
#6489 = DIRECTION ( 'NONE',  ( 1.000000000000000000, 0.000000000000000000, 0.000000000000000000 ) ) ;
#6490 = ORIENTED_EDGE ( 'NONE', *, *, #362, .T. ) ;
#6491 = LINE ( 'NONE', #1069, #3626 ) ;
#6492 = EDGE_CURVE ( 'NONE', #6429, #2112, #6546, .T. ) ;
#6493 = CARTESIAN_POINT ( 'NONE',  ( 58.00000000000000000, 8.396137495244502702, 15.39999999999999680 ) ) ;
#6494 = DIRECTION ( 'NONE',  ( 0.000000000000000000, -0.000000000000000000, -1.000000000000000000 ) ) ;
#6495 = CIRCLE ( 'NONE', #7649, 2.500000000000014211 ) ;
#6496 = DIRECTION ( 'NONE',  ( 1.000000000000000000, 0.000000000000000000, 0.000000000000000000 ) ) ;
#6497 = DIRECTION ( 'NONE',  ( -0.000000000000000000, -0.000000000000000000, -1.000000000000000000 ) ) ;
#6498 = ORIENTED_EDGE ( 'NONE', *, *, #6307, .F. ) ;
#6499 = CONICAL_SURFACE ( 'NONE', #3069, 2.500000000000000444, 0.7853981633974482790 ) ;
#6500 = ORIENTED_EDGE ( 'NONE', *, *, #4599, .T. ) ;
#6501 = DIRECTION ( 'NONE',  ( 1.000000000000000000, 0.000000000000000000, 0.000000000000000000 ) ) ;
#6502 = VERTEX_POINT ( 'NONE', #3151 ) ;
#6503 = DIRECTION ( 'NONE',  ( 0.000000000000000000, 0.000000000000000000, -1.000000000000000000 ) ) ;
#6504 = DIRECTION ( 'NONE',  ( 1.000000000000000000, 0.000000000000000000, 0.000000000000000000 ) ) ;
#6505 = DIRECTION ( 'NONE',  ( -0.000000000000000000, -0.000000000000000000, -1.000000000000000000 ) ) ;
#6506 = VECTOR ( 'NONE', #3202, 1000.000000000000000 ) ;
#6507 = VECTOR ( 'NONE', #5178, 1000.000000000000000 ) ;
#6508 = CARTESIAN_POINT ( 'NONE',  ( -52.99999999999999289, 12.00000000000001421, -2.600000000000003197 ) ) ;
#6509 = CARTESIAN_POINT ( 'NONE',  ( 58.00000000000000000, 23.39999999999998437, 16.00000000000000000 ) ) ;
#6510 = PRODUCT_DEFINITION_SHAPE ( 'NONE', 'NONE',  #7069 ) ;
#6511 = DIRECTION ( 'NONE',  ( -0.000000000000000000, -0.000000000000000000, 1.000000000000000000 ) ) ;
#6512 = VECTOR ( 'NONE', #5500, 1000.000000000000114 ) ;
#6513 = PLANE ( 'NONE',  #2536 ) ;
#6514 = ORIENTED_EDGE ( 'NONE', *, *, #2455, .T. ) ;
#6515 = EDGE_LOOP ( 'NONE', ( #5432, #5447, #670, #2261 ) ) ;
#6516 = ORIENTED_EDGE ( 'NONE', *, *, #3839, .T. ) ;
#6517 = ADVANCED_FACE ( 'NONE', ( #3781 ), #7784, .T. ) ;
#6518 = VECTOR ( 'NONE', #7808, 1000.000000000000000 ) ;
#6519 = DIRECTION ( 'NONE',  ( 0.000000000000000000, 0.000000000000000000, -1.000000000000000000 ) ) ;
#6520 = ORIENTED_EDGE ( 'NONE', *, *, #2543, .F. ) ;
#6521 = DIRECTION ( 'NONE',  ( 0.000000000000000000, -1.000000000000000000, -1.837433013737340913E-16 ) ) ;
#6522 = DIRECTION ( 'NONE',  ( 2.891205793294678326E-16, -1.000000000000000000, 0.000000000000000000 ) ) ;
#6523 = EDGE_LOOP ( 'NONE', ( #3464, #3667, #5345, #7132, #5584, #2247, #7687, #6612 ) ) ;
#6524 = FACE_OUTER_BOUND ( 'NONE', #3432, .T. ) ;
#6525 = EDGE_CURVE ( 'NONE', #4421, #3435, #6618, .T. ) ;
#6526 = VECTOR ( 'NONE', #6594, 1000.000000000000000 ) ;
#6527 = ORIENTED_EDGE ( 'NONE', *, *, #3133, .T. ) ;
#6528 = ADVANCED_FACE ( 'NONE', ( #2522 ), #3368, .T. ) ;
#6529 = CARTESIAN_POINT ( 'NONE',  ( 58.00000000000000000, 8.934653975957925098, 14.00000000000000000 ) ) ;
#6530 = EDGE_CURVE ( 'NONE', #4953, #2314, #6292, .T. ) ;
#6531 = ORIENTED_EDGE ( 'NONE', *, *, #7321, .F. ) ;
#6532 = DIRECTION ( 'NONE',  ( -1.000000000000000000, 0.000000000000000000, 0.000000000000000000 ) ) ;
#6533 = DIRECTION ( 'NONE',  ( -0.7071067811865393571, -0.7071067811865556774, 0.000000000000000000 ) ) ;
#6534 = AXIS2_PLACEMENT_3D ( 'NONE', #435, #5237, #7690 ) ;
#6535 = DIRECTION ( 'NONE',  ( 0.000000000000000000, -0.03547722218375332776, 0.9993704852086259249 ) ) ;
#6536 = DIRECTION ( 'NONE',  ( 1.000000000000000000, -0.000000000000000000, 0.000000000000000000 ) ) ;
#6537 = EDGE_CURVE ( 'NONE', #2785, #4655, #4239, .T. ) ;
#6538 = AXIS2_PLACEMENT_3D ( 'NONE', #4550, #3355, #7505 ) ;
#6539 = ORIENTED_EDGE ( 'NONE', *, *, #2225, .F. ) ;
#6540 = ORIENTED_EDGE ( 'NONE', *, *, #7718, .F. ) ;
#6541 = PLANE ( 'NONE',  #1328 ) ;
#6542 = ORIENTED_EDGE ( 'NONE', *, *, #3896, .F. ) ;
#6543 = FACE_OUTER_BOUND ( 'NONE', #2919, .T. ) ;
#6544 = CARTESIAN_POINT ( 'NONE',  ( 63.49999999999998579, 7.002802323379786031, 14.51763809020503793 ) ) ;
#6545 = AXIS2_PLACEMENT_3D ( 'NONE', #2423, #6105, #6062 ) ;
#6546 = LINE ( 'NONE', #1127, #7182 ) ;
#6547 = CARTESIAN_POINT ( 'NONE',  ( -58.60000000000000853, -10.39999999999996838, 16.00000000000000000 ) ) ;
#6548 = LINE ( 'NONE', #6998, #5516 ) ;
#6549 = VECTOR ( 'NONE', #5214, 1000.000000000000114 ) ;
#6550 = LINE ( 'NONE', #3480, #7148 ) ;
#6551 = CARTESIAN_POINT ( 'NONE',  ( -63.50000000000004263, 5.117705752308854272, 7.482361909794361665 ) ) ;
#6552 = ORIENTED_EDGE ( 'NONE', *, *, #4131, .T. ) ;
#6553 = ADVANCED_BREP_SHAPE_REPRESENTATION ( 'RB9.01.062.011 Main frame (D6.1)', ( #4299, #5164 ), #3268 ) ;
#6554 = ORIENTED_EDGE ( 'NONE', *, *, #5654, .T. ) ;
#6555 = ORIENTED_EDGE ( 'NONE', *, *, #1925, .F. ) ;
#6556 = DIRECTION ( 'NONE',  ( 1.000000000000000000, -0.000000000000000000, -0.000000000000000000 ) ) ;
#6557 = ORIENTED_EDGE ( 'NONE', *, *, #537, .T. ) ;
#6558 = CARTESIAN_POINT ( 'NONE',  ( 57.99999999999998579, -23.40000000000001279, -8.000000000000000000 ) ) ;
#6559 = DIRECTION ( 'NONE',  ( 0.000000000000000000, -0.000000000000000000, 1.000000000000000000 ) ) ;
#6560 = ORIENTED_EDGE ( 'NONE', *, *, #5881, .F. ) ;
#6561 = DIRECTION ( 'NONE',  ( -0.7071067811865475727, -0.7071067811865475727, 0.000000000000000000 ) ) ;
#6562 =( GEOMETRIC_REPRESENTATION_CONTEXT ( 3 ) GLOBAL_UNCERTAINTY_ASSIGNED_CONTEXT ( ( #7586 ) ) GLOBAL_UNIT_ASSIGNED_CONTEXT ( ( #6217, #5731, #7013 ) ) REPRESENTATION_CONTEXT ( 'NONE', 'WORKASPACE' ) );
#6563 = EDGE_CURVE ( 'NONE', #5871, #194, #1782, .T. ) ;
#6564 = ORIENTED_EDGE ( 'NONE', *, *, #2760, .F. ) ;
#6565 = LINE ( 'NONE', #6459, #4368 ) ;
#6566 = ORIENTED_EDGE ( 'NONE', *, *, #1541, .F. ) ;
#6567 = FACE_OUTER_BOUND ( 'NONE', #3655, .T. ) ;
#6568 = DIRECTION ( 'NONE',  ( 0.000000000000000000, -0.03547722218375332776, 0.9993704852086259249 ) ) ;
#6569 = AXIS2_PLACEMENT_3D ( 'NONE', #4374, #6802, #796 ) ;
#6570 = CARTESIAN_POINT ( 'NONE',  ( -70.50293497956538147, -13.04999999999998117, 11.77459666924138659 ) ) ;
#6571 = DIRECTION ( 'NONE',  ( -0.7071067811865424657, -0.6830127018922244053, -0.1830127018922196869 ) ) ;
#6572 = EDGE_CURVE ( 'NONE', #2447, #6075, #5571, .T. ) ;
#6573 = EDGE_CURVE ( 'NONE', #441, #672, #4969, .T. ) ;
#6574 = ORIENTED_EDGE ( 'NONE', *, *, #6678, .F. ) ;
#6575 = ORIENTED_EDGE ( 'NONE', *, *, #419, .T. ) ;
#6576 = DIRECTION ( 'NONE',  ( -0.000000000000000000, -0.000000000000000000, 1.000000000000000000 ) ) ;
#6577 = AXIS2_PLACEMENT_3D ( 'NONE', #5889, #7815, #1039 ) ;
#6578 = EDGE_LOOP ( 'NONE', ( #5669, #4020, #5672, #3221 ) ) ;
#6579 = B_SPLINE_CURVE_WITH_KNOTS ( 'NONE', 3,
 ( #107, #2501, #4904, #1911 ),
 .UNSPECIFIED., .F., .F.,
 ( 4, 4 ),
 ( 0.000000000000000000, 0.0007123153312739747634 ),
 .UNSPECIFIED. ) ;
#6580 = CARTESIAN_POINT ( 'NONE',  ( -58.00000000000000000, -3.185854099730718314, 5.499999999999378275 ) ) ;
#6581 = EDGE_CURVE ( 'NONE', #6841, #974, #21, .T. ) ;
#6582 = CARTESIAN_POINT ( 'NONE',  ( 62.99999999999998579, -14.00000000000000000, 6.000000000000000000 ) ) ;
#6583 = CARTESIAN_POINT ( 'NONE',  ( 14.58578643762690064, 34.49999999999999289, -2.600000000000031175 ) ) ;
#6584 = LINE ( 'NONE', #2852, #5014 ) ;
#6585 = CARTESIAN_POINT ( 'NONE',  ( -70.50293497956538147, 13.04999999999998117, 11.77459666924138659 ) ) ;
#6586 = EDGE_CURVE ( 'NONE', #2451, #3448, #1744, .T. ) ;
#6587 = VECTOR ( 'NONE', #1853, 1000.000000000000000 ) ;
#6588 = CARTESIAN_POINT ( 'NONE',  ( -25.78284271247453319, 23.86862915010151198, -2.000000000000000000 ) ) ;
#6589 = DIRECTION ( 'NONE',  ( 1.000000000000000000, 0.000000000000000000, 0.000000000000000000 ) ) ;
#6590 = CIRCLE ( 'NONE', #1279, 3.049999999999976286 ) ;
#6591 = CIRCLE ( 'NONE', #4809, 1.499999999999985789 ) ;
#6592 = EDGE_LOOP ( 'NONE', ( #4168, #7129, #1563, #1987, #715, #1412, #4893, #6628 ) ) ;
#6593 = EDGE_LOOP ( 'NONE', ( #3104, #517, #470, #1552 ) ) ;
#6594 = DIRECTION ( 'NONE',  ( -2.040851148208007259E-16, -1.000000000000000000, 0.000000000000000000 ) ) ;
#6595 = CARTESIAN_POINT ( 'NONE',  ( -26.91421356237302831, 24.00000000000000000, -2.600000000000031175 ) ) ;
#6596 = ORIENTED_EDGE ( 'NONE', *, *, #7354, .T. ) ;
#6597 = LINE ( 'NONE', #4768, #3174 ) ;
#6598 = DIRECTION ( 'NONE',  ( -0.000000000000000000, -0.000000000000000000, 1.000000000000000000 ) ) ;
#6599 = ORIENTED_EDGE ( 'NONE', *, *, #2321, .F. ) ;
#6600 = VECTOR ( 'NONE', #5311, 1000.000000000000227 ) ;
#6601 = DIRECTION ( 'NONE',  ( 0.000000000000000000, 0.000000000000000000, 1.000000000000000000 ) ) ;
#6602 = AXIS2_PLACEMENT_3D ( 'NONE', #5723, #1977, #5399 ) ;
#6603 = ORIENTED_EDGE ( 'NONE', *, *, #766, .F. ) ;
#6604 = DIRECTION ( 'NONE',  ( -1.000000000000000000, 0.000000000000000000, 0.000000000000000000 ) ) ;
#6605 = DIRECTION ( 'NONE',  ( 0.000000000000000000, -0.2588190451025179639, -0.9659258262890690894 ) ) ;
#6606 = LINE ( 'NONE', #2404, #1320 ) ;
#6607 = ADVANCED_FACE ( 'NONE', ( #6219 ), #4788, .T. ) ;
#6608 = DIRECTION ( 'NONE',  ( 1.020425574104004246E-16, 1.000000000000000000, 0.000000000000000000 ) ) ;
#6609 = DIRECTION ( 'NONE',  ( 0.7071067811865556774, -0.7071067811865392461, 0.000000000000000000 ) ) ;
#6610 = CARTESIAN_POINT ( 'NONE',  ( -64.00000000000000000, -24.00000000000000355, -1.999999999999967137 ) ) ;
#6611 = LINE ( 'NONE', #4702, #5416 ) ;
#6612 = ORIENTED_EDGE ( 'NONE', *, *, #5985, .F. ) ;
#6613 = CARTESIAN_POINT ( 'NONE',  ( 62.49999999999998579, -15.99999999999995559, 7.950000000000023270 ) ) ;
#6614 = ORIENTED_EDGE ( 'NONE', *, *, #1403, .F. ) ;
#6615 = DIRECTION ( 'NONE',  ( 1.000000000000000000, 0.000000000000000000, 0.000000000000000000 ) ) ;
#6616 = ADVANCED_FACE ( 'NONE', ( #1937 ), #1974, .T. ) ;
#6617 = FACE_OUTER_BOUND ( 'NONE', #6445, .T. ) ;
#6618 = LINE ( 'NONE', #3587, #4378 ) ;
#6619 = DIRECTION ( 'NONE',  ( -0.4999999999999997224, -0.7071067811865475727, 0.5000000000000003331 ) ) ;
#6620 = DIRECTION ( 'NONE',  ( 1.000000000000000000, 0.000000000000000000, 0.000000000000000000 ) ) ;
#6621 = VECTOR ( 'NONE', #71, 1000.000000000000000 ) ;
#6622 = AXIS2_PLACEMENT_3D ( 'NONE', #5711, #3922, #1480 ) ;
#6623 = ADVANCED_FACE ( 'NONE', ( #3188 ), #871, .F. ) ;
#6624 = DIRECTION ( 'NONE',  ( 0.7071067811865476838, -1.299261343989708243E-16, 0.7071067811865473507 ) ) ;
#6625 = ADVANCED_FACE ( 'NONE', ( #5172 ), #5809, .F. ) ;
#6626 = CARTESIAN_POINT ( 'NONE',  ( -64.00000000000001421, 5.600668665453357065, 7.352952387243110621 ) ) ;
#6627 = EDGE_CURVE ( 'NONE', #283, #1387, #423, .T. ) ;
#6628 = ORIENTED_EDGE ( 'NONE', *, *, #1914, .T. ) ;
#6629 = VECTOR ( 'NONE', #2532, 999.9999999999998863 ) ;
#6630 = ADVANCED_FACE ( 'NONE', ( #5130 ), #3861, .T. ) ;
#6631 = VECTOR ( 'NONE', #1629, 1000.000000000000000 ) ;
#6632 = DIRECTION ( 'NONE',  ( -0.000000000000000000, 0.000000000000000000, 1.000000000000000000 ) ) ;
#6633 = CIRCLE ( 'NONE', #3318, 1.099999999999998535 ) ;
#6634 = EDGE_LOOP ( 'NONE', ( #294, #4819 ) ) ;
#6635 = FACE_OUTER_BOUND ( 'NONE', #1542, .T. ) ;
#6636 = DIRECTION ( 'NONE',  ( 0.000000000000000000, 1.000000000000000000, 1.837433013737340913E-16 ) ) ;
#6637 = ORIENTED_EDGE ( 'NONE', *, *, #2311, .F. ) ;
#6638 = LINE ( 'NONE', #7165, #2685 ) ;
#6639 = CARTESIAN_POINT ( 'NONE',  ( 58.60000000000002984, 24.00000000000000000, 6.000000000000000000 ) ) ;
#6640 = VERTEX_POINT ( 'NONE', #7623 ) ;
#6641 = VECTOR ( 'NONE', #2106, 1000.000000000000000 ) ;
#6642 = DIRECTION ( 'NONE',  ( -0.000000000000000000, -0.000000000000000000, -1.000000000000000000 ) ) ;
#6643 = DIRECTION ( 'NONE',  ( 0.000000000000000000, -0.000000000000000000, -1.000000000000000000 ) ) ;
#6644 = PLANE ( 'NONE',  #5715 ) ;
#6645 = CARTESIAN_POINT ( 'NONE',  ( 3.500000000000003109, 18.00000000000000000, -0.5000000000000000000 ) ) ;
#6646 = CARTESIAN_POINT ( 'NONE',  ( -12.00000000000000000, -9.999999999999998224, -7.000000000000000000 ) ) ;
#6647 = PLANE ( 'NONE',  #6369 ) ;
#6648 = CARTESIAN_POINT ( 'NONE',  ( -70.50293497956538147, -13.04999999999998117, 11.77459666924138659 ) ) ;
#6649 = PLANE ( 'NONE',  #1617 ) ;
#6650 = LINE ( 'NONE', #7298, #6587 ) ;
#6651 = EDGE_CURVE ( 'NONE', #2073, #5117, #3826, .T. ) ;
#6652 = ORIENTED_EDGE ( 'NONE', *, *, #668, .T. ) ;
#6653 = ORIENTED_EDGE ( 'NONE', *, *, #7316, .F. ) ;
#6654 = AXIS2_PLACEMENT_3D ( 'NONE', #3491, #7167, #1720 ) ;
#6655 = CARTESIAN_POINT ( 'NONE',  ( -70.50293497956538147, -18.94999999999998508, 11.77459666924138659 ) ) ;
#6656 = EDGE_LOOP ( 'NONE', ( #1639, #7689, #4247, #6113 ) ) ;
#6657 = DIRECTION ( 'NONE',  ( 0.000000000000000000, -0.03547722218375332776, -0.9993704852086259249 ) ) ;
#6658 = DIRECTION ( 'NONE',  ( 0.000000000000000000, -0.000000000000000000, -1.000000000000000000 ) ) ;
#6659 = CARTESIAN_POINT ( 'NONE',  ( 63.39999999999999858, 8.934653975957925098, 16.00000000000000000 ) ) ;
#6660 = DIRECTION ( 'NONE',  ( 1.000000000000000000, -0.000000000000000000, -0.000000000000000000 ) ) ;
#6661 = DIRECTION ( 'NONE',  ( -0.000000000000000000, -0.000000000000000000, 1.000000000000000000 ) ) ;
#6662 = EDGE_CURVE ( 'NONE', #5749, #6502, #888, .T. ) ;
#6663 = CARTESIAN_POINT ( 'NONE',  ( 52.99999999999998579, -12.00000000000001421, -2.000000000000000000 ) ) ;
#6664 = AXIS2_PLACEMENT_3D ( 'NONE', #6178, #3738, #804 ) ;
#6665 = DIRECTION ( 'NONE',  ( -1.000000000000000000, 0.000000000000000000, 0.000000000000000000 ) ) ;
#6666 = ORIENTED_EDGE ( 'NONE', *, *, #265, .F. ) ;
#6667 = EDGE_CURVE ( 'NONE', #4396, #6762, #6024, .T. ) ;
#6668 = VECTOR ( 'NONE', #953, 1000.000000000000000 ) ;
#6669 = EDGE_CURVE ( 'NONE', #6798, #6334, #4468, .T. ) ;
#6670 = DIRECTION ( 'NONE',  ( 1.000000000000000000, 0.000000000000000000, 0.000000000000000000 ) ) ;
#6671 = ORIENTED_EDGE ( 'NONE', *, *, #3550, .F. ) ;
#6672 = CONICAL_SURFACE ( 'NONE', #3877, 2.499999999999972911, 0.7853981633974488341 ) ;
#6673 = LINE ( 'NONE', #4875, #7255 ) ;
#6674 = DIRECTION ( 'NONE',  ( -1.000000000000000000, 0.000000000000000000, -0.000000000000000000 ) ) ;
#6675 = DIRECTION ( 'NONE',  ( -1.000000000000000000, 0.000000000000000000, 0.000000000000000000 ) ) ;
#6676 = ORIENTED_EDGE ( 'NONE', *, *, #734, .F. ) ;
#6677 = CARTESIAN_POINT ( 'NONE',  ( -58.00000000000000000, -18.98042485753536823, 12.63164529836050498 ) ) ;
#6678 = EDGE_CURVE ( 'NONE', #4270, #4962, #5375, .T. ) ;
#6679 = AXIS2_PLACEMENT_3D ( 'NONE', #549, #2436, #4880 ) ;
#6680 = ORIENTED_EDGE ( 'NONE', *, *, #5993, .F. ) ;
#6681 = DIRECTION ( 'NONE',  ( 0.000000000000000000, -0.7071067811865392461, 0.7071067811865556774 ) ) ;
#6682 = EDGE_CURVE ( 'NONE', #3448, #6301, #3229, .T. ) ;
#6683 = ORIENTED_EDGE ( 'NONE', *, *, #6977, .F. ) ;
#6684 = ORIENTED_EDGE ( 'NONE', *, *, #2930, .T. ) ;
#6685 = DIRECTION ( 'NONE',  ( 0.000000000000000000, 1.000000000000000000, 1.837433013737340913E-16 ) ) ;
#6686 = FILL_AREA_STYLE_COLOUR ( '', #4950 ) ;
#6687 = DIRECTION ( 'NONE',  ( 1.000000000000000000, 0.000000000000000000, 0.000000000000000000 ) ) ;
#6688 = LINE ( 'NONE', #4850, #7758 ) ;
#6689 = CARTESIAN_POINT ( 'NONE',  ( 0.000000000000000000, 34.89999999999996305, -8.000000000000000000 ) ) ;
#6690 = DIRECTION ( 'NONE',  ( 1.000000000000000000, 0.000000000000000000, -0.000000000000000000 ) ) ;
#6691 = EDGE_LOOP ( 'NONE', ( #1516, #5197, #1094, #1056 ) ) ;
#6692 = ORIENTED_EDGE ( 'NONE', *, *, #1167, .T. ) ;
#6693 = CARTESIAN_POINT ( 'NONE',  ( 14.58578643762690064, 34.49999999999999289, -8.000000000000000000 ) ) ;
#6694 = EDGE_LOOP ( 'NONE', ( #2090, #1384, #2945, #4349, #6318 ) ) ;
#6695 = DIRECTION ( 'NONE',  ( 0.000000000000000000, 0.000000000000000000, 1.000000000000000000 ) ) ;
#6696 = VERTEX_POINT ( 'NONE', #6262 ) ;
#6697 = CARTESIAN_POINT ( 'NONE',  ( -62.99999999999998579, -13.04999999999998117, 11.77459666924138659 ) ) ;
#6698 = DIRECTION ( 'NONE',  ( -0.000000000000000000, -1.000000000000000000, -0.000000000000000000 ) ) ;
#6699 = CARTESIAN_POINT ( 'NONE',  ( -64.00000000000001421, 24.00000000000000000, -1.999999999999967137 ) ) ;
#6700 = AXIS2_PLACEMENT_3D ( 'NONE', #2891, #5295, #7750 ) ;
#6701 = FACE_OUTER_BOUND ( 'NONE', #625, .T. ) ;
#6702 = CARTESIAN_POINT ( 'NONE',  ( -70.50293497956538147, 18.94999999999998508, 11.77459666924138659 ) ) ;
#6703 = LINE ( 'NONE', #1829, #3795 ) ;
#6704 = B_SPLINE_CURVE_WITH_KNOTS ( 'NONE', 3,
 ( #907, #5716, #5630, #2709 ),
 .UNSPECIFIED., .F., .F.,
 ( 4, 4 ),
 ( 0.000000000000000000, 0.0008534234671440884580 ),
 .UNSPECIFIED. ) ;
#6705 = EDGE_LOOP ( 'NONE', ( #6482, #7819, #1270, #2140, #6294, #3950, #4102, #7010, #2254, #1903, #6252, #5075, #5379, #2793, #971, #3725, #6953, #821, #7061, #5805, #3772, #2745, #4180, #896 ) ) ;
#6706 = EDGE_CURVE ( 'NONE', #4564, #2988, #6937, .T. ) ;
#6707 = CIRCLE ( 'NONE', #5936, 3.049999999999976286 ) ;
#6708 = DIRECTION ( 'NONE',  ( 1.000000000000000000, 0.000000000000000000, 0.000000000000000000 ) ) ;
#6709 = DIRECTION ( 'NONE',  ( 0.000000000000000000, 0.000000000000000000, -1.000000000000000000 ) ) ;
#6710 = EDGE_LOOP ( 'NONE', ( #7556, #7563, #4051, #589 ) ) ;
#6711 = VECTOR ( 'NONE', #6999, 1000.000000000000000 ) ;
#6712 = CARTESIAN_POINT ( 'NONE',  ( -17.39999999999997726, 12.00000000000000178, -2.000000000000000000 ) ) ;
#6713 = EDGE_LOOP ( 'NONE', ( #2686, #5233, #2463, #2659 ) ) ;
#6714 = ORIENTED_EDGE ( 'NONE', *, *, #4553, .F. ) ;
#6715 = EDGE_CURVE ( 'NONE', #1286, #5387, #1502, .T. ) ;
#6716 = DIRECTION ( 'NONE',  ( 1.000000000000000000, 0.000000000000000000, 0.000000000000000000 ) ) ;
#6717 = ORIENTED_EDGE ( 'NONE', *, *, #7032, .F. ) ;
#6718 = EDGE_CURVE ( 'NONE', #4013, #7389, #3348, .T. ) ;
#6719 = DIRECTION ( 'NONE',  ( 1.000000000000000000, 0.000000000000000000, 0.000000000000000000 ) ) ;
#6720 = VECTOR ( 'NONE', #4794, 1000.000000000000227 ) ;
#6721 = ADVANCED_FACE ( 'NONE', ( #2649 ), #7060, .T. ) ;
#6722 = ORIENTED_EDGE ( 'NONE', *, *, #6977, .T. ) ;
#6723 = PLANE ( 'NONE',  #3095 ) ;
#6724 = VECTOR ( 'NONE', #3224, 1000.000000000000114 ) ;
#6725 = ORIENTED_EDGE ( 'NONE', *, *, #2880, .F. ) ;
#6726 = CARTESIAN_POINT ( 'NONE',  ( 13.00000000000000711, 35.50000000000000000, -6.999999999999999112 ) ) ;
#6727 = CARTESIAN_POINT ( 'NONE',  ( 10.25000000000000000, 8.300000000000901323, -7.000000000000000000 ) ) ;
#6728 = EDGE_CURVE ( 'NONE', #278, #6478, #4249, .T. ) ;
#6729 = DIRECTION ( 'NONE',  ( 0.7071067811865475727, 0.000000000000000000, 0.7071067811865475727 ) ) ;
#6730 = EDGE_CURVE ( 'NONE', #4801, #5283, #5248, .T. ) ;
#6731 = CARTESIAN_POINT ( 'NONE',  ( -58.00000000000000000, -18.98042485753536823, 12.63164529836050498 ) ) ;
#6732 = DIRECTION ( 'NONE',  ( 0.7071067811865486830, 0.4999999999999981681, -0.5000000000000004441 ) ) ;
#6733 = LINE ( 'NONE', #1299, #3783 ) ;
#6734 = AXIS2_PLACEMENT_3D ( 'NONE', #1180, #2981, #7839 ) ;
#6735 = EDGE_CURVE ( 'NONE', #4415, #3378, #1353, .T. ) ;
#6736 = VERTEX_POINT ( 'NONE', #1000 ) ;
#6737 = EDGE_LOOP ( 'NONE', ( #1441, #2434, #1649, #5426 ) ) ;
#6738 = DIRECTION ( 'NONE',  ( -0.7071067811865477948, 0.6830127018922192983, -0.1830127018922180493 ) ) ;
#6739 = DIRECTION ( 'NONE',  ( 0.000000000000000000, 0.000000000000000000, -1.000000000000000000 ) ) ;
#6740 = DIRECTION ( 'NONE',  ( -0.000000000000000000, -0.000000000000000000, 1.000000000000000000 ) ) ;
#6741 = ORIENTED_EDGE ( 'NONE', *, *, #3376, .T. ) ;
#6742 = AXIS2_PLACEMENT_3D ( 'NONE', #5230, #7684, #1491 ) ;
#6743 = PLANE ( 'NONE',  #4253 ) ;
#6744 = FACE_OUTER_BOUND ( 'NONE', #4309, .T. ) ;
#6745 = LINE ( 'NONE', #3716, #701 ) ;
#6746 = CARTESIAN_POINT ( 'NONE',  ( -54.00000000000000711, 24.00000000000000000, 2.000000000000000000 ) ) ;
#6747 = ORIENTED_EDGE ( 'NONE', *, *, #6706, .F. ) ;
#6748 = CARTESIAN_POINT ( 'NONE',  ( 26.91421356237302831, 25.00000000000000000, -2.000000000000000000 ) ) ;
#6749 = ORIENTED_EDGE ( 'NONE', *, *, #3947, .T. ) ;
#6750 = DIRECTION ( 'NONE',  ( 0.000000000000000000, 0.000000000000000000, 1.000000000000000000 ) ) ;
#6751 = FACE_OUTER_BOUND ( 'NONE', #2029, .T. ) ;
#6752 = CIRCLE ( 'NONE', #3333, 2.000000000000000000 ) ;
#6753 = DIRECTION ( 'NONE',  ( -0.6785983445458451113, -0.2810846377148296660, -0.6785983445458451113 ) ) ;
#6754 = VERTEX_POINT ( 'NONE', #6508 ) ;
#6755 = ORIENTED_EDGE ( 'NONE', *, *, #534, .T. ) ;
#6756 = CARTESIAN_POINT ( 'NONE',  ( -17.99999999999998579, -11.99999999999999467, -2.600000000000003197 ) ) ;
#6757 = FACE_OUTER_BOUND ( 'NONE', #2769, .T. ) ;
#6758 = DIRECTION ( 'NONE',  ( -1.000000000000000000, -0.000000000000000000, 0.000000000000000000 ) ) ;
#6759 = VECTOR ( 'NONE', #1709, 1000.000000000000114 ) ;
#6760 = VECTOR ( 'NONE', #4215, 1000.000000000000227 ) ;
#6761 = EDGE_CURVE ( 'NONE', #4354, #4624, #1721, .T. ) ;
#6762 = VERTEX_POINT ( 'NONE', #4035 ) ;
#6763 = AXIS2_PLACEMENT_3D ( 'NONE', #2037, #7398, #1909 ) ;
#6764 = DIRECTION ( 'NONE',  ( -0.000000000000000000, -0.000000000000000000, 1.000000000000000000 ) ) ;
#6765 = ORIENTED_EDGE ( 'NONE', *, *, #7323, .F. ) ;
#6766 = LINE ( 'NONE', #1420, #5069 ) ;
#6767 = DIRECTION ( 'NONE',  ( 0.7071067811865393571, 0.7071067811865556774, 0.000000000000000000 ) ) ;
#6768 = LINE ( 'NONE', #4924, #500 ) ;
#6769 = ORIENTED_EDGE ( 'NONE', *, *, #3786, .T. ) ;
#6770 = DIRECTION ( 'NONE',  ( -0.000000000000000000, -0.000000000000000000, -1.000000000000000000 ) ) ;
#6771 = DIRECTION ( 'NONE',  ( 0.000000000000000000, -0.7071067811865491270, -0.7071067811865459074 ) ) ;
#6772 = EDGE_CURVE ( 'NONE', #5040, #2184, #5644, .T. ) ;
#6773 = PLANE ( 'NONE',  #807 ) ;
#6774 = DIRECTION ( 'NONE',  ( -0.000000000000000000, 0.7071067811865491270, 0.7071067811865459074 ) ) ;
#6775 = DIRECTION ( 'NONE',  ( -0.000000000000000000, 0.000000000000000000, 1.000000000000000000 ) ) ;
#6776 = VECTOR ( 'NONE', #3706, 1000.000000000000227 ) ;
#6777 = EDGE_CURVE ( 'NONE', #1249, #1333, #6548, .T. ) ;
#6778 = EDGE_CURVE ( 'NONE', #5589, #1458, #5900, .T. ) ;
#6779 = ORIENTED_EDGE ( 'NONE', *, *, #2459, .T. ) ;
#6780 = ORIENTED_EDGE ( 'NONE', *, *, #1596, .T. ) ;
#6781 = CARTESIAN_POINT ( 'NONE',  ( -13.00000000000000000, -9.000000000000001776, -8.000000000000000000 ) ) ;
#6782 = VERTEX_POINT ( 'NONE', #2853 ) ;
#6783 = DIRECTION ( 'NONE',  ( 0.000000000000000000, 0.000000000000000000, -1.000000000000000000 ) ) ;
#6784 = DIRECTION ( 'NONE',  ( 0.000000000000000000, 0.000000000000000000, 1.000000000000000000 ) ) ;
#6785 = AXIS2_PLACEMENT_3D ( 'NONE', #2559, #4961, #7249 ) ;
#6786 = EDGE_LOOP ( 'NONE', ( #7498, #3045 ) ) ;
#6787 = ADVANCED_FACE ( 'NONE', ( #2161 ), #3962, .F. ) ;
#6788 = CARTESIAN_POINT ( 'NONE',  ( -14.86862915010149955, 34.78284271247460424, -8.000000000000000000 ) ) ;
#6789 = CARTESIAN_POINT ( 'NONE',  ( -17.99999999999998224, 12.00000000000000178, -8.000000000000000000 ) ) ;
#6790 = LINE ( 'NONE', #698, #7277 ) ;
#6791 = ORIENTED_EDGE ( 'NONE', *, *, #2133, .T. ) ;
#6792 = DIRECTION ( 'NONE',  ( 0.000000000000000000, 0.000000000000000000, -1.000000000000000000 ) ) ;
#6793 = ORIENTED_EDGE ( 'NONE', *, *, #1880, .F. ) ;
#6794 = DIRECTION ( 'NONE',  ( 0.000000000000000000, 0.7071067811865454633, 0.7071067811865495711 ) ) ;
#6795 = AXIS2_PLACEMENT_3D ( 'NONE', #4692, #4620, #2249 ) ;
#6796 = LINE ( 'NONE', #787, #4716 ) ;
#6797 = LINE ( 'NONE', #2592, #945 ) ;
#6798 = VERTEX_POINT ( 'NONE', #6472 ) ;
#6799 = VERTEX_POINT ( 'NONE', #1598 ) ;
#6800 = CARTESIAN_POINT ( 'NONE',  ( -58.50000000000001421, 4.720508075688640837, 5.999999999999395150 ) ) ;
#6801 = ORIENTED_EDGE ( 'NONE', *, *, #6400, .F. ) ;
#6802 = DIRECTION ( 'NONE',  ( 1.000000000000000000, 0.000000000000000000, 0.000000000000000000 ) ) ;
#6803 = CIRCLE ( 'NONE', #3743, 1.099999999999998535 ) ;
#6804 = AXIS2_PLACEMENT_3D ( 'NONE', #6463, #3361, #375 ) ;
#6805 = ORIENTED_EDGE ( 'NONE', *, *, #4623, .T. ) ;
#6806 = CARTESIAN_POINT ( 'NONE',  ( 13.00000000000000000, -9.000000000000001776, -7.000000000000000000 ) ) ;
#6807 = EDGE_LOOP ( 'NONE', ( #1230, #7052, #5626, #2059 ) ) ;
#6808 = CARTESIAN_POINT ( 'NONE',  ( 58.00000000000000000, 19.80132347571445450, 13.39625891448670281 ) ) ;
#6809 = DIRECTION ( 'NONE',  ( 0.000000000000000000, 0.000000000000000000, 1.000000000000000000 ) ) ;
#6810 = PLANE ( 'NONE',  #5914 ) ;
#6811 = DIRECTION ( 'NONE',  ( -1.000000000000000000, 0.000000000000000000, 0.000000000000000000 ) ) ;
#6812 = EDGE_CURVE ( 'NONE', #1566, #6956, #6295, .T. ) ;
#6813 = DIRECTION ( 'NONE',  ( 1.000000000000000000, 0.000000000000000000, 0.000000000000000000 ) ) ;
#6814 = DIRECTION ( 'NONE',  ( 0.000000000000000000, -0.000000000000000000, -1.000000000000000000 ) ) ;
#6815 = ORIENTED_EDGE ( 'NONE', *, *, #1119, .F. ) ;
#6816 = ORIENTED_EDGE ( 'NONE', *, *, #2229, .T. ) ;
#6817 = LINE ( 'NONE', #4895, #4091 ) ;
#6818 = ORIENTED_EDGE ( 'NONE', *, *, #4024, .T. ) ;
#6819 = CARTESIAN_POINT ( 'NONE',  ( 63.99999999999998579, -3.185854099730715205, 5.499999999999393374 ) ) ;
#6820 = CARTESIAN_POINT ( 'NONE',  ( 58.00000000000000000, -23.99999999999998224, 5.499999999999375611 ) ) ;
#6821 = EDGE_LOOP ( 'NONE', ( #3300, #5175, #378, #3632, #3857, #5240 ) ) ;
#6822 = ADVANCED_FACE ( 'NONE', ( #5904 ), #4570, .F. ) ;
#6823 = DIRECTION ( 'NONE',  ( -1.000000000000000000, -0.000000000000000000, -0.000000000000000000 ) ) ;
#6824 = EDGE_CURVE ( 'NONE', #5808, #1139, #608, .T. ) ;
#6825 = DIRECTION ( 'NONE',  ( 1.000000000000000000, 0.000000000000000000, 0.000000000000000000 ) ) ;
#6826 = DIRECTION ( 'NONE',  ( 1.000000000000000000, 0.000000000000000000, 0.000000000000000000 ) ) ;
#6827 = ADVANCED_FACE ( 'NONE', ( #4641 ), #7824, .F. ) ;
#6828 = DIRECTION ( 'NONE',  ( 0.7071067811865474617, 0.000000000000000000, 0.7071067811865474617 ) ) ;
#6829 = VECTOR ( 'NONE', #1883, 1000.000000000000000 ) ;
#6830 = ORIENTED_EDGE ( 'NONE', *, *, #6824, .T. ) ;
#6831 = CARTESIAN_POINT ( 'NONE',  ( -14.58578643762690064, 34.89999999999997726, -2.000000000000000000 ) ) ;
#6832 = DIRECTION ( 'NONE',  ( -1.000000000000000000, 0.000000000000000000, 0.000000000000000000 ) ) ;
#6833 = ORIENTED_EDGE ( 'NONE', *, *, #17, .F. ) ;
#6834 = DIRECTION ( 'NONE',  ( 7.482991226153970249E-17, -0.2588190451025180749, 0.9659258262890690894 ) ) ;
#6835 = CARTESIAN_POINT ( 'NONE',  ( 9.149999999999998579, 29.00000000000089884, -7.000000000000000000 ) ) ;
#6836 = EDGE_CURVE ( 'NONE', #1282, #1946, #460, .T. ) ;
#6837 = CIRCLE ( 'NONE', #508, 4.999999999999997335 ) ;
#6838 = CARTESIAN_POINT ( 'NONE',  ( -64.00000000000001421, 23.99999999999999645, 5.499999999999426237 ) ) ;
#6839 = CARTESIAN_POINT ( 'NONE',  ( 62.49999999999998579, -15.99999999999995559, 7.950000000000023270 ) ) ;
#6840 = DIRECTION ( 'NONE',  ( -0.000000000000000000, 1.000000000000000000, -0.000000000000000000 ) ) ;
#6841 = VERTEX_POINT ( 'NONE', #5294 ) ;
#6842 = AXIS2_PLACEMENT_3D ( 'NONE', #4480, #2699, #3362 ) ;
#6843 = ORIENTED_EDGE ( 'NONE', *, *, #3090, .F. ) ;
#6844 = FACE_OUTER_BOUND ( 'NONE', #5485, .T. ) ;
#6845 = DIRECTION ( 'NONE',  ( 1.000000000000000000, 0.000000000000000000, 0.000000000000000000 ) ) ;
#6846 = ORIENTED_EDGE ( 'NONE', *, *, #6492, .F. ) ;
#6847 = FACE_OUTER_BOUND ( 'NONE', #2962, .T. ) ;
#6848 = CONICAL_SURFACE ( 'NONE', #4041, 2.500000000000014211, 0.7853981633974482790 ) ;
#6849 = ORIENTED_EDGE ( 'NONE', *, *, #2133, .F. ) ;
#6850 = ORIENTED_EDGE ( 'NONE', *, *, #6307, .T. ) ;
#6851 = CARTESIAN_POINT ( 'NONE',  ( 52.99999999999998579, -17.00000000000001421, 2.000000000000000000 ) ) ;
#6852 = DIRECTION ( 'NONE',  ( 0.000000000000000000, 0.000000000000000000, 1.000000000000000000 ) ) ;
#6853 = CIRCLE ( 'NONE', #155, 10.00000000000000000 ) ;
#6854 = DIRECTION ( 'NONE',  ( -0.000000000000000000, -0.000000000000000000, 1.000000000000000000 ) ) ;
#6855 = DIRECTION ( 'NONE',  ( 1.000000000000000000, -1.734723475976938045E-14, 0.000000000000000000 ) ) ;
#6856 = CIRCLE ( 'NONE', #6223, 2.099999999999999645 ) ;
#6857 = ADVANCED_FACE ( 'NONE', ( #1668 ), #4073, .F. ) ;
#6858 = ORIENTED_EDGE ( 'NONE', *, *, #151, .F. ) ;
#6859 = CARTESIAN_POINT ( 'NONE',  ( -1.899999999999993916, -18.00000000000000000, -8.000000000000000000 ) ) ;
#6860 = ORIENTED_EDGE ( 'NONE', *, *, #942, .F. ) ;
#6861 = LINE ( 'NONE', #1268, #5461 ) ;
#6862 = CARTESIAN_POINT ( 'NONE',  ( -7.099999999999999645, 23.99999999999998934, -5.800000000000000711 ) ) ;
#6863 = ORIENTED_EDGE ( 'NONE', *, *, #3818, .T. ) ;
#6864 = DIRECTION ( 'NONE',  ( -0.7071067811865370256, -0.6830127018922295123, -0.1830127018922215187 ) ) ;
#6865 = AXIS2_PLACEMENT_3D ( 'NONE', #6280, #3250, #5070 ) ;
#6866 = LINE ( 'NONE', #2034, #1114 ) ;
#6867 = ADVANCED_FACE ( 'NONE', ( #5411 ), #3613, .F. ) ;
#6868 = CARTESIAN_POINT ( 'NONE',  ( 63.99999999999998579, -7.485765236524325239, 14.38822856765377800 ) ) ;
#6869 = VECTOR ( 'NONE', #5766, 1000.000000000000000 ) ;
#6870 = ORIENTED_EDGE ( 'NONE', *, *, #5021, .T. ) ;
#6871 = CARTESIAN_POINT ( 'NONE',  ( 58.00000000000000711, 3.185854099730715649, 7.999999999999396039 ) ) ;
#6872 = CARTESIAN_POINT ( 'NONE',  ( -58.19992525231644009, 19.94941092100061297, 13.53419272815824570 ) ) ;
#6873 = ORIENTED_EDGE ( 'NONE', *, *, #7752, .T. ) ;
#6874 = LINE ( 'NONE', #3136, #2393 ) ;
#6875 = ADVANCED_FACE ( 'NONE', ( #7230 ), #3007, .T. ) ;
#6876 = CARTESIAN_POINT ( 'NONE',  ( 8.183734692455447046, 6.996177033347751539, -2.584278612999221902 ) ) ;
#6877 = LINE ( 'NONE', #2590, #3442 ) ;
#6878 = EDGE_CURVE ( 'NONE', #1680, #2091, #3673, .T. ) ;
#6879 = ADVANCED_FACE ( 'NONE', ( #1823 ), #6932, .F. ) ;
#6880 = DIRECTION ( 'NONE',  ( -0.5000000000000068834, -0.5000000000000047740, 0.7071067811865393571 ) ) ;
#6881 = ORIENTED_EDGE ( 'NONE', *, *, #7019, .F. ) ;
#6882 = ORIENTED_EDGE ( 'NONE', *, *, #4042, .T. ) ;
#6883 = LINE ( 'NONE', #3343, #3601 ) ;
#6884 = VERTEX_POINT ( 'NONE', #4272 ) ;
#6885 = DIRECTION ( 'NONE',  ( -1.000000000000000000, 0.000000000000000000, 0.000000000000000000 ) ) ;
#6886 = EDGE_CURVE ( 'NONE', #4317, #5387, #5257, .T. ) ;
#6887 = AXIS2_PLACEMENT_3D ( 'NONE', #7527, #2675, #4002 ) ;
#6888 = ORIENTED_EDGE ( 'NONE', *, *, #3986, .T. ) ;
#6889 = ORIENTED_EDGE ( 'NONE', *, *, #1211, .T. ) ;
#6890 = DIRECTION ( 'NONE',  ( 0.7071067811865479058, 0.000000000000000000, -0.7071067811865471286 ) ) ;
#6891 = LINE ( 'NONE', #1497, #4074 ) ;
#6892 =( LENGTH_UNIT ( ) NAMED_UNIT ( * ) SI_UNIT ( .MILLI., .METRE. ) );
#6893 = ORIENTED_EDGE ( 'NONE', *, *, #6428, .T. ) ;
#6894 = AXIS2_PLACEMENT_3D ( 'NONE', #651, #697, #1397 ) ;
#6895 = CARTESIAN_POINT ( 'NONE',  ( -58.50000000000001421, -8.310154176118127012, 15.90000000000001457 ) ) ;
#6896 = CYLINDRICAL_SURFACE ( 'NONE', #7770, 2.099999999999999645 ) ;
#6897 = DIRECTION ( 'NONE',  ( 0.7071067811865474617, -0.7071067811865474617, 0.000000000000000000 ) ) ;
#6898 = AXIS2_PLACEMENT_3D ( 'NONE', #3954, #5103, #4525 ) ;
#6899 = ORIENTED_EDGE ( 'NONE', *, *, #6682, .F. ) ;
#6900 = CARTESIAN_POINT ( 'NONE',  ( 22.99999999999998579, -12.00000000000000355, 2.000000000000000000 ) ) ;
#6901 = ORIENTED_EDGE ( 'NONE', *, *, #1361, .F. ) ;
#6902 = DIRECTION ( 'NONE',  ( 2.891205793294678326E-16, -1.000000000000000000, 0.000000000000000000 ) ) ;
#6903 = FACE_OUTER_BOUND ( 'NONE', #1096, .T. ) ;
#6904 = ORIENTED_EDGE ( 'NONE', *, *, #2389, .F. ) ;
#6905 = FACE_OUTER_BOUND ( 'NONE', #6943, .T. ) ;
#6906 = AXIS2_PLACEMENT_3D ( 'NONE', #6184, #3118, #4266 ) ;
#6907 = DIRECTION ( 'NONE',  ( 1.000000000000000000, -0.000000000000000000, -0.000000000000000000 ) ) ;
#6908 = CARTESIAN_POINT ( 'NONE',  ( 26.91421356237302831, 23.39999999999997016, -8.000000000000000000 ) ) ;
#6909 = ORIENTED_EDGE ( 'NONE', *, *, #209, .F. ) ;
#6910 = AXIS2_PLACEMENT_3D ( 'NONE', #7173, #4093, #7212 ) ;
#6911 = CARTESIAN_POINT ( 'NONE',  ( 0.000000000000000000, 23.39999999999998437, -2.000000000000000000 ) ) ;
#6912 = VERTEX_POINT ( 'NONE', #2345 ) ;
#6913 = DIRECTION ( 'NONE',  ( 1.000000000000000000, 0.000000000000000000, 0.000000000000000000 ) ) ;
#6914 = LINE ( 'NONE', #7446, #293 ) ;
#6915 = EDGE_LOOP ( 'NONE', ( #3696, #4222, #553, #1700 ) ) ;
#6916 = LINE ( 'NONE', #5071, #2854 ) ;
#6917 = ADVANCED_FACE ( 'NONE', ( #5451 ), #2121, .F. ) ;
#6918 = AXIS2_PLACEMENT_3D ( 'NONE', #5804, #2215, #4161 ) ;
#6919 = CARTESIAN_POINT ( 'NONE',  ( 58.00000000000000000, -24.00000000000000000, 6.000000000000000000 ) ) ;
#6920 = CARTESIAN_POINT ( 'NONE',  ( -58.59999999999998010, -24.00000000000000000, 6.000000000000000000 ) ) ;
#6921 = DIRECTION ( 'NONE',  ( 0.7071067811865460184, -0.7071067811865489050, 0.000000000000000000 ) ) ;
#6922 = VECTOR ( 'NONE', #2718, 1000.000000000000000 ) ;
#6923 = ORIENTED_EDGE ( 'NONE', *, *, #2185, .F. ) ;
#6924 = ORIENTED_EDGE ( 'NONE', *, *, #2498, .F. ) ;
#6925 = DIRECTION ( 'NONE',  ( -0.7071067811865485719, 7.215498431451183580E-17, 0.7071067811865465735 ) ) ;
#6926 = CARTESIAN_POINT ( 'NONE',  ( 8.149999999999996803, 29.00000000000089884, 0.000000000000000000 ) ) ;
#6927 = ADVANCED_FACE ( 'NONE', ( #7352 ), #7267, .F. ) ;
#6928 = AXIS2_PLACEMENT_3D ( 'NONE', #2605, #4186, #6811 ) ;
#6929 = ADVANCED_FACE ( 'NONE', ( #4828 ), #4387, .F. ) ;
#6930 = ORIENTED_EDGE ( 'NONE', *, *, #891, .F. ) ;
#6931 = EDGE_CURVE ( 'NONE', #2376, #4048, #1724, .T. ) ;
#6932 = CONICAL_SURFACE ( 'NONE', #3484, 11.35000000000002629, 0.7853981633974439491 ) ;
#6933 = CARTESIAN_POINT ( 'NONE',  ( 47.99999999999998579, -17.00000000000001421, -2.599999999999975664 ) ) ;
#6934 = ORIENTED_EDGE ( 'NONE', *, *, #5441, .T. ) ;
#6935 = VECTOR ( 'NONE', #3125, 1000.000000000000000 ) ;
#6936 = ORIENTED_EDGE ( 'NONE', *, *, #4045, .F. ) ;
#6937 = LINE ( 'NONE', #5651, #1481 ) ;
#6938 = EDGE_CURVE ( 'NONE', #2825, #7723, #2495, .T. ) ;
#6939 = CARTESIAN_POINT ( 'NONE',  ( 64.95371784915272428, 22.44628215084726719, -2.395042867796301156 ) ) ;
#6940 = AXIS2_PLACEMENT_3D ( 'NONE', #1511, #6191, #6825 ) ;
#6941 = ORIENTED_EDGE ( 'NONE', *, *, #3948, .T. ) ;
#6942 = FACE_OUTER_BOUND ( 'NONE', #3617, .T. ) ;
#6943 = EDGE_LOOP ( 'NONE', ( #6097, #92, #2050, #5884 ) ) ;
#6944 = DIRECTION ( 'NONE',  ( 0.7071067811865463515, 0.000000000000000000, -0.7071067811865487940 ) ) ;
#6945 = LINE ( 'NONE', #7476, #7596 ) ;
#6946 = ORIENTED_EDGE ( 'NONE', *, *, #449, .T. ) ;
#6947 = DIRECTION ( 'NONE',  ( 0.000000000000000000, 3.469446951953646927E-15, 1.000000000000000000 ) ) ;
#6948 = LINE ( 'NONE', #2735, #7736 ) ;
#6949 = VECTOR ( 'NONE', #2189, 1000.000000000000000 ) ;
#6950 = ORIENTED_EDGE ( 'NONE', *, *, #5544, .F. ) ;
#6951 = ORIENTED_EDGE ( 'NONE', *, *, #4542, .T. ) ;
#6952 = FACE_OUTER_BOUND ( 'NONE', #4580, .T. ) ;
#6953 = ORIENTED_EDGE ( 'NONE', *, *, #1411, .T. ) ;
#6954 = CARTESIAN_POINT ( 'NONE',  ( -58.50000000000001421, -3.185854099730718314, 5.999999999999394262 ) ) ;
#6955 = DIRECTION ( 'NONE',  ( 0.000000000000000000, 0.6815754626248916592, 0.7317478313925263045 ) ) ;
#6956 = VERTEX_POINT ( 'NONE', #4231 ) ;
#6957 = LINE ( 'NONE', #7564, #5505 ) ;
#6958 = DIRECTION ( 'NONE',  ( 0.000000000000000000, -0.000000000000000000, 1.000000000000000000 ) ) ;
#6959 = EDGE_CURVE ( 'NONE', #1943, #6118, #1610, .T. ) ;
#6960 = DIRECTION ( 'NONE',  ( -0.000000000000000000, -0.000000000000000000, 1.000000000000000000 ) ) ;
#6961 = ORIENTED_EDGE ( 'NONE', *, *, #362, .F. ) ;
#6962 = EDGE_LOOP ( 'NONE', ( #5085, #5868 ) ) ;
#6963 = DIRECTION ( 'NONE',  ( 0.000000000000000000, 0.7071067811865491270, -0.7071067811865459074 ) ) ;
#6964 = VECTOR ( 'NONE', #6448, 1000.000000000000000 ) ;
#6965 = ORIENTED_EDGE ( 'NONE', *, *, #1723, .F. ) ;
#6966 = AXIS2_PLACEMENT_3D ( 'NONE', #2071, #3946, #6386 ) ;
#6967 = ORIENTED_EDGE ( 'NONE', *, *, #6251, .F. ) ;
#6968 = EDGE_CURVE ( 'NONE', #6185, #5923, #648, .T. ) ;
#6969 = ADVANCED_FACE ( 'NONE', ( #6744 ), #6672, .F. ) ;
#6970 = ORIENTED_EDGE ( 'NONE', *, *, #2455, .F. ) ;
#6971 = LINE ( 'NONE', #6259, #3564 ) ;
#6972 = APPLICATION_PROTOCOL_DEFINITION ( 'draft international standard', 'automotive_design', 1998, #7236 ) ;
#6973 = ORIENTED_EDGE ( 'NONE', *, *, #160, .F. ) ;
#6974 = CARTESIAN_POINT ( 'NONE',  ( -58.60000000000000853, -8.722052573321388280, 16.00000000000000355 ) ) ;
#6975 = LINE ( 'NONE', #6939, #1671 ) ;
#6976 = VECTOR ( 'NONE', #7282, 1000.000000000000000 ) ;
#6977 = EDGE_CURVE ( 'NONE', #688, #5205, #1865, .T. ) ;
#6978 = ORIENTED_EDGE ( 'NONE', *, *, #884, .T. ) ;
#6979 = EDGE_CURVE ( 'NONE', #6736, #2573, #7309, .T. ) ;
#6980 = DIRECTION ( 'NONE',  ( 0.000000000000000000, 0.000000000000000000, 1.000000000000000000 ) ) ;
#6981 = EDGE_CURVE ( 'NONE', #3677, #6398, #1201, .T. ) ;
#6982 = AXIS2_PLACEMENT_3D ( 'NONE', #2933, #1133, #6443 ) ;
#6983 = CARTESIAN_POINT ( 'NONE',  ( 4.531193156845206793E-15, 18.00000000000000000, 1.299999999999966960 ) ) ;
#6984 = CARTESIAN_POINT ( 'NONE',  ( 0.000000000000000000, 8.934653975957925098, 14.00000000000000000 ) ) ;
#6985 = PLANE ( 'NONE',  #2491 ) ;
#6986 = FACE_OUTER_BOUND ( 'NONE', #5104, .T. ) ;
#6987 = ADVANCED_FACE ( 'NONE', ( #3589 ), #6020, .F. ) ;
#6988 = ORIENTED_EDGE ( 'NONE', *, *, #4589, .T. ) ;
#6989 = LINE ( 'NONE', #3951, #1406 ) ;
#6990 = ORIENTED_EDGE ( 'NONE', *, *, #5210, .F. ) ;
#6991 = CARTESIAN_POINT ( 'NONE',  ( 3.000000000000004441, 18.00000000000000000, -0.5000000000000000000 ) ) ;
#6992 = ORIENTED_EDGE ( 'NONE', *, *, #2211, .F. ) ;
#6993 = DIRECTION ( 'NONE',  ( -0.000000000000000000, -0.000000000000000000, 1.000000000000000000 ) ) ;
#6994 = FACE_OUTER_BOUND ( 'NONE', #5957, .T. ) ;
#6995 = VERTEX_POINT ( 'NONE', #7441 ) ;
#6996 = AXIS2_PLACEMENT_3D ( 'NONE', #1518, #7522, #2744 ) ;
#6997 = CARTESIAN_POINT ( 'NONE',  ( 22.99999999999998934, 11.99999999999999645, -2.599999999999975664 ) ) ;
#6998 = CARTESIAN_POINT ( 'NONE',  ( 26.20710678118648573, 24.29289321881345742, -2.600000000000029843 ) ) ;
#6999 = DIRECTION ( 'NONE',  ( -1.000000000000000000, -0.000000000000000000, 0.000000000000000000 ) ) ;
#7000 = VECTOR ( 'NONE', #510, 1000.000000000000114 ) ;
#7001 = DIRECTION ( 'NONE',  ( 0.000000000000000000, 0.000000000000000000, 1.000000000000000000 ) ) ;
#7002 = DIRECTION ( 'NONE',  ( 0.000000000000000000, 0.000000000000000000, 1.000000000000000000 ) ) ;
#7003 = ORIENTED_EDGE ( 'NONE', *, *, #4001, .F. ) ;
#7004 = ORIENTED_EDGE ( 'NONE', *, *, #3916, .T. ) ;
#7005 = DIRECTION ( 'NONE',  ( 1.000000000000000000, 0.000000000000000000, 0.000000000000000000 ) ) ;
#7006 = CARTESIAN_POINT ( 'NONE',  ( 4.531193156845206793E-15, -18.00000000000000000, 1.500000000000000000 ) ) ;
#7007 = EDGE_CURVE ( 'NONE', #4317, #2921, #1950, .T. ) ;
#7008 = ORIENTED_EDGE ( 'NONE', *, *, #529, .F. ) ;
#7009 = MECHANICAL_DESIGN_GEOMETRIC_PRESENTATION_REPRESENTATION (  '', ( #6372 ), #817 ) ;
#7010 = ORIENTED_EDGE ( 'NONE', *, *, #7362, .T. ) ;
#7011 = ORIENTED_EDGE ( 'NONE', *, *, #3275, .T. ) ;
#7012 = CYLINDRICAL_SURFACE ( 'NONE', #6095, 1.000000000000000888 ) ;
#7013 =( NAMED_UNIT ( * ) SI_UNIT ( $, .STERADIAN. ) SOLID_ANGLE_UNIT ( ) );
#7014 = VERTEX_POINT ( 'NONE', #6232 ) ;
#7015 = CARTESIAN_POINT ( 'NONE',  ( 0.000000000000000000, 0.000000000000000000, -2.000000000000000000 ) ) ;
#7016 = UNCERTAINTY_MEASURE_WITH_UNIT (LENGTH_MEASURE( 1.000000000000000082E-05 ), #3736, 'distance_accuracy_value', 'NONE');
#7017 = AXIS2_PLACEMENT_3D ( 'NONE', #5688, #4509, #5083 ) ;
#7018 = CIRCLE ( 'NONE', #2701, 3.000000000000000000 ) ;
#7019 = EDGE_CURVE ( 'NONE', #1897, #359, #4524, .T. ) ;
#7020 = ORIENTED_EDGE ( 'NONE', *, *, #633, .F. ) ;
#7021 = CIRCLE ( 'NONE', #1191, 0.9999999999999991118 ) ;
#7022 = CARTESIAN_POINT ( 'NONE',  ( -58.60000000000000853, 10.39999999999996838, 16.00000000000000000 ) ) ;
#7023 = VERTEX_POINT ( 'NONE', #774 ) ;
#7024 = CARTESIAN_POINT ( 'NONE',  ( -62.49999999999998579, -18.94999999999998508, 11.77459666924138659 ) ) ;
#7025 = EDGE_CURVE ( 'NONE', #359, #14, #1355, .T. ) ;
#7026 = ORIENTED_EDGE ( 'NONE', *, *, #841, .F. ) ;
#7027 = PLANE ( 'NONE',  #4695 ) ;
#7028 = CARTESIAN_POINT ( 'NONE',  ( 3.944933459514870844, -10.00000000000000000, -7.000000000000000000 ) ) ;
#7029 = CARTESIAN_POINT ( 'NONE',  ( 52.99999999999998579, -17.00000000000001421, -7.399999999999982592 ) ) ;
#7030 = ADVANCED_FACE ( 'NONE', ( #7553 ), #1991, .T. ) ;
#7031 = CONICAL_SURFACE ( 'NONE', #3087, 3.499999999999998668, 0.7853981633974386201 ) ;
#7032 = EDGE_CURVE ( 'NONE', #5040, #5565, #4398, .T. ) ;
#7033 = VECTOR ( 'NONE', #296, 1000.000000000000000 ) ;
#7034 = ORIENTED_EDGE ( 'NONE', *, *, #3597, .T. ) ;
#7035 = DIRECTION ( 'NONE',  ( 0.000000000000000000, 0.000000000000000000, 1.000000000000000000 ) ) ;
#7036 = ORIENTED_EDGE ( 'NONE', *, *, #2823, .F. ) ;
#7037 = DIRECTION ( 'NONE',  ( -0.000000000000000000, 1.000000000000000000, -0.000000000000000000 ) ) ;
#7038 = EDGE_CURVE ( 'NONE', #5871, #6736, #2995, .T. ) ;
#7039 = CARTESIAN_POINT ( 'NONE',  ( -58.00000000000000000, -19.80132347571447227, 13.39625891448672590 ) ) ;
#7040 = CIRCLE ( 'NONE', #5758, 1.000000000000000888 ) ;
#7041 = CARTESIAN_POINT ( 'NONE',  ( 62.99999999999998579, 14.00000000000000000, 6.000000000000000000 ) ) ;
#7042 = ADVANCED_FACE ( 'NONE', ( #3874 ), #3163, .T. ) ;
#7043 = CONICAL_SURFACE ( 'NONE', #1705, 9.399999999999982592, 0.7853981633974367327 ) ;
#7044 = DIRECTION ( 'NONE',  ( 1.000000000000000000, 0.000000000000000000, 0.000000000000000000 ) ) ;
#7045 = DIRECTION ( 'NONE',  ( 1.000000000000000000, 0.000000000000000000, -0.000000000000000000 ) ) ;
#7046 = VERTEX_POINT ( 'NONE', #2535 ) ;
#7047 = EDGE_LOOP ( 'NONE', ( #1919, #7091, #1032, #7036, #914 ) ) ;
#7048 = FACE_OUTER_BOUND ( 'NONE', #5443, .T. ) ;
#7049 = VECTOR ( 'NONE', #6380, 1000.000000000000000 ) ;
#7050 = DIRECTION ( 'NONE',  ( -0.000000000000000000, -0.000000000000000000, -1.000000000000000000 ) ) ;
#7051 = DIRECTION ( 'NONE',  ( 0.000000000000000000, 0.000000000000000000, 1.000000000000000000 ) ) ;
#7052 = ORIENTED_EDGE ( 'NONE', *, *, #6682, .T. ) ;
#7053 = VERTEX_POINT ( 'NONE', #4983 ) ;
#7054 = DIRECTION ( 'NONE',  ( 0.000000000000000000, 0.000000000000000000, -1.000000000000000000 ) ) ;
#7055 = ORIENTED_EDGE ( 'NONE', *, *, #1726, .T. ) ;
#7056 = CARTESIAN_POINT ( 'NONE',  ( -58.50000000000001421, -5.117705752308856049, 7.482361909794359001 ) ) ;
#7057 = VERTEX_POINT ( 'NONE', #223 ) ;
#7058 = DIRECTION ( 'NONE',  ( 0.000000000000000000, 0.000000000000000000, 1.000000000000000000 ) ) ;
#7059 = CARTESIAN_POINT ( 'NONE',  ( 52.99999999999999289, 11.99999999999999822, -8.000000000000000000 ) ) ;
#7060 = CONICAL_SURFACE ( 'NONE', #4113, 3.499999999999998668, 0.7853981633974386201 ) ;
#7061 = ORIENTED_EDGE ( 'NONE', *, *, #7367, .T. ) ;
#7062 = DIRECTION ( 'NONE',  ( 0.000000000000000000, 0.000000000000000000, -1.000000000000000000 ) ) ;
#7063 = CARTESIAN_POINT ( 'NONE',  ( 63.49999999999998579, -8.310154176118038194, 15.89999999999998437 ) ) ;
#7064 = EDGE_CURVE ( 'NONE', #5764, #6237, #6866, .T. ) ;
#7065 = AXIS2_PLACEMENT_3D ( 'NONE', #495, #7749, #611 ) ;
#7066 = DIRECTION ( 'NONE',  ( 0.000000000000000000, 0.000000000000000000, 1.000000000000000000 ) ) ;
#7067 = CARTESIAN_POINT ( 'NONE',  ( 13.00000000000000000, -10.00000000000000178, -7.000000000000000000 ) ) ;
#7068 = AXIS2_PLACEMENT_3D ( 'NONE', #5370, #7826, #5333 ) ;
#7069 = PRODUCT_DEFINITION ( 'UNKNOWN', '', #4278, #3271 ) ;
#7070 = ORIENTED_EDGE ( 'NONE', *, *, #2220, .F. ) ;
#7071 = LINE ( 'NONE', #4026, #784 ) ;
#7072 = ORIENTED_EDGE ( 'NONE', *, *, #5660, .T. ) ;
#7073 = AXIS2_PLACEMENT_3D ( 'NONE', #5281, #2258, #3321 ) ;
#7074 = DIRECTION ( 'NONE',  ( 1.000000000000000000, -0.000000000000000000, -0.000000000000000000 ) ) ;
#7075 = ORIENTED_EDGE ( 'NONE', *, *, #5891, .T. ) ;
#7076 = LINE ( 'NONE', #6319, #4958 ) ;
#7077 = EDGE_CURVE ( 'NONE', #4116, #5749, #6348, .T. ) ;
#7078 = EDGE_CURVE ( 'NONE', #1142, #4396, #933, .T. ) ;
#7079 = DIRECTION ( 'NONE',  ( -0.000000000000000000, -0.000000000000000000, -1.000000000000000000 ) ) ;
#7080 = CIRCLE ( 'NONE', #3630, 5.600000000000000533 ) ;
#7081 = ADVANCED_FACE ( 'NONE', ( #5542, #861 ), #4938, .F. ) ;
#7082 = DIRECTION ( 'NONE',  ( -7.009341333409719502E-17, 0.7071067811865485719, 0.7071067811865465735 ) ) ;
#7083 = LINE ( 'NONE', #2972, #288 ) ;
#7084 = ADVANCED_FACE ( 'NONE', ( #2661 ), #4121, .F. ) ;
#7085 = ORIENTED_EDGE ( 'NONE', *, *, #4639, .F. ) ;
#7086 = CARTESIAN_POINT ( 'NONE',  ( -26.20710678118648573, 24.29289321881345742, -7.000000000000000000 ) ) ;
#7087 = ORIENTED_EDGE ( 'NONE', *, *, #7790, .T. ) ;
#7088 = EDGE_LOOP ( 'NONE', ( #3879, #453, #2009, #6078, #120, #6012 ) ) ;
#7089 = LINE ( 'NONE', #1648, #353 ) ;
#7090 = VERTEX_POINT ( 'NONE', #1474 ) ;
#7091 = ORIENTED_EDGE ( 'NONE', *, *, #6391, .T. ) ;
#7092 = ORIENTED_EDGE ( 'NONE', *, *, #106, .F. ) ;
#7093 = DIRECTION ( 'NONE',  ( 0.000000000000000000, -0.03547722218375332776, -0.9993704852086259249 ) ) ;
#7094 = ORIENTED_EDGE ( 'NONE', *, *, #3332, .F. ) ;
#7095 = DIRECTION ( 'NONE',  ( 1.000000000000000000, -0.000000000000000000, -0.000000000000000000 ) ) ;
#7096 = LINE ( 'NONE', #5321, #7338 ) ;
#7097 = AXIS2_PLACEMENT_3D ( 'NONE', #1940, #131, #5438 ) ;
#7098 = CARTESIAN_POINT ( 'NONE',  ( 63.39999999999999858, 14.00000000000000000, 6.000000000000000000 ) ) ;
#7099 = CARTESIAN_POINT ( 'NONE',  ( -62.99999999999998579, 13.04999999999998117, 11.77459666924138659 ) ) ;
#7100 = EDGE_CURVE ( 'NONE', #3686, #2105, #3284, .T. ) ;
#7101 = ORIENTED_EDGE ( 'NONE', *, *, #6151, .T. ) ;
#7102 = DIRECTION ( 'NONE',  ( 0.000000000000000000, 0.000000000000000000, -1.000000000000000000 ) ) ;
#7103 = VECTOR ( 'NONE', #3377, 1000.000000000000000 ) ;
#7104 = EDGE_LOOP ( 'NONE', ( #3313, #5887, #7608, #3349 ) ) ;
#7105 = CARTESIAN_POINT ( 'NONE',  ( 58.50000000000000711, -8.310154176118084379, 15.89999999999999680 ) ) ;
#7106 = ORIENTED_EDGE ( 'NONE', *, *, #4336, .T. ) ;
#7107 = CARTESIAN_POINT ( 'NONE',  ( 63.66682832714850093, 8.336868088146802691, 15.73317167285149409 ) ) ;
#7108 = CYLINDRICAL_SURFACE ( 'NONE', #5153, 1.899999999999999023 ) ;
#7109 = DIRECTION ( 'NONE',  ( 0.000000000000000000, -0.03547722218375332776, 0.9993704852086259249 ) ) ;
#7110 = PLANE ( 'NONE',  #4644 ) ;
#7111 = AXIS2_PLACEMENT_3D ( 'NONE', #1523, #6880, #6921 ) ;
#7112 = DIRECTION ( 'NONE',  ( 0.000000000000000000, 0.7071067811865474617, 0.7071067811865474617 ) ) ;
#7113 = EDGE_CURVE ( 'NONE', #7358, #1962, #5245, .T. ) ;
#7114 = CARTESIAN_POINT ( 'NONE',  ( -58.00000000000000000, -7.224264068712026976, 32.77573593128805385 ) ) ;
#7115 = PLANE ( 'NONE',  #6982 ) ;
#7116 = VERTEX_POINT ( 'NONE', #3988 ) ;
#7117 = EDGE_CURVE ( 'NONE', #4068, #7532, #3750, .T. ) ;
#7118 = VECTOR ( 'NONE', #2595, 1000.000000000000114 ) ;
#7119 = EDGE_CURVE ( 'NONE', #4241, #148, #3467, .T. ) ;
#7120 = ADVANCED_FACE ( 'NONE', ( #4062 ), #7594, .T. ) ;
#7121 = EDGE_LOOP ( 'NONE', ( #5284, #5273, #3521, #1012 ) ) ;
#7122 = ORIENTED_EDGE ( 'NONE', *, *, #668, .F. ) ;
#7123 = DIRECTION ( 'NONE',  ( 0.000000000000000000, -0.7071067811865474617, -0.7071067811865474617 ) ) ;
#7124 = DIRECTION ( 'NONE',  ( -1.000000000000000000, -0.000000000000000000, -0.000000000000000000 ) ) ;
#7125 = CIRCLE ( 'NONE', #2063, 0.9999999999999991118 ) ;
#7126 = VERTEX_POINT ( 'NONE', #482 ) ;
#7127 = DIRECTION ( 'NONE',  ( -2.102802400022916097E-16, -0.7071067811865485719, 0.7071067811865464625 ) ) ;
#7128 = EDGE_CURVE ( 'NONE', #1695, #4048, #7665, .T. ) ;
#7129 = ORIENTED_EDGE ( 'NONE', *, *, #2088, .T. ) ;
#7130 = LINE ( 'NONE', #2219, #5386 ) ;
#7131 = VERTEX_POINT ( 'NONE', #4701 ) ;
#7132 = ORIENTED_EDGE ( 'NONE', *, *, #6451, .T. ) ;
#7133 = FACE_OUTER_BOUND ( 'NONE', #6713, .T. ) ;
#7134 = VECTOR ( 'NONE', #7281, 1000.000000000000114 ) ;
#7135 = DIRECTION ( 'NONE',  ( 0.000000000000000000, 0.000000000000000000, -1.000000000000000000 ) ) ;
#7136 = LINE ( 'NONE', #4141, #5052 ) ;
#7137 = AXIS2_PLACEMENT_3D ( 'NONE', #2647, #3225, #4546 ) ;
#7138 = ORIENTED_EDGE ( 'NONE', *, *, #440, .F. ) ;
#7139 = LINE ( 'NONE', #5325, #1151 ) ;
#7140 = AXIS2_PLACEMENT_3D ( 'NONE', #6059, #4069, #6657 ) ;
#7141 = ORIENTED_EDGE ( 'NONE', *, *, #2220, .T. ) ;
#7142 = LINE ( 'NONE', #6613, #967 ) ;
#7143 = ORIENTED_EDGE ( 'NONE', *, *, #2986, .T. ) ;
#7144 = CARTESIAN_POINT ( 'NONE',  ( -62.49999999999998579, 20.24542364858361765, 13.80990931123482746 ) ) ;
#7145 = CARTESIAN_POINT ( 'NONE',  ( -48.00000000000000000, -12.00000000000000000, -2.000000000000000000 ) ) ;
#7146 = FACE_OUTER_BOUND ( 'NONE', #2680, .T. ) ;
#7147 = DIRECTION ( 'NONE',  ( -0.000000000000000000, 0.7071067811865491270, 0.7071067811865459074 ) ) ;
#7148 = VECTOR ( 'NONE', #5413, 1000.000000000000114 ) ;
#7149 = AXIS2_PLACEMENT_3D ( 'NONE', #5279, #2369, #7811 ) ;
#7150 = CARTESIAN_POINT ( 'NONE',  ( -22.99999999999998579, -17.60000000000001208, -8.000000000000000000 ) ) ;
#7151 = DIRECTION ( 'NONE',  ( -1.000000000000000000, 0.000000000000000000, 0.000000000000000000 ) ) ;
#7152 = PLANE ( 'NONE',  #6120 ) ;
#7153 = AXIS2_PLACEMENT_3D ( 'NONE', #1993, #3049, #6234 ) ;
#7154 = CARTESIAN_POINT ( 'NONE',  ( -62.99999999999998579, -16.00000000000001776, 10.99999999999999822 ) ) ;
#7155 = VERTEX_POINT ( 'NONE', #6385 ) ;
#7156 = ORIENTED_EDGE ( 'NONE', *, *, #5377, .T. ) ;
#7157 = ADVANCED_FACE ( 'NONE', ( #1548 ), #2869, .T. ) ;
#7158 = AXIS2_PLACEMENT_3D ( 'NONE', #4104, #5972, #7780 ) ;
#7159 = ORIENTED_EDGE ( 'NONE', *, *, #6331, .F. ) ;
#7160 = VERTEX_POINT ( 'NONE', #3945 ) ;
#7161 = CIRCLE ( 'NONE', #4742, 3.000000000000000000 ) ;
#7162 = CARTESIAN_POINT ( 'NONE',  ( -58.00000000000000000, -8.934653975957926875, 14.00000000000000000 ) ) ;
#7163 = CARTESIAN_POINT ( 'NONE',  ( 62.99999999999998579, 12.99201543247748170, 13.40798456752249912 ) ) ;
#7164 = ORIENTED_EDGE ( 'NONE', *, *, #2389, .T. ) ;
#7165 = CARTESIAN_POINT ( 'NONE',  ( -52.99999999999999289, 12.00000000000001421, -2.000000000000000000 ) ) ;
#7166 = EDGE_CURVE ( 'NONE', #2008, #4207, #5906, .T. ) ;
#7167 = DIRECTION ( 'NONE',  ( -1.000000000000000000, 7.625158136161789453E-17, 0.000000000000000000 ) ) ;
#7168 = ORIENTED_EDGE ( 'NONE', *, *, #491, .F. ) ;
#7169 = ADVANCED_FACE ( 'NONE', ( #5742 ), #4022, .F. ) ;
#7170 = CARTESIAN_POINT ( 'NONE',  ( 0.000000000000000000, 0.000000000000000000, -2.600000000000032951 ) ) ;
#7171 = AXIS2_PLACEMENT_3D ( 'NONE', #4122, #398, #6453 ) ;
#7172 = ADVANCED_FACE ( 'NONE', ( #1658 ), #2292, .T. ) ;
#7173 = CARTESIAN_POINT ( 'NONE',  ( 62.99999999999998579, 15.99999999999998224, 10.99999999999999822 ) ) ;
#7174 = ORIENTED_EDGE ( 'NONE', *, *, #4599, .F. ) ;
#7175 = CARTESIAN_POINT ( 'NONE',  ( -64.00000000000000000, -5.600668665453370387, 7.352952387243105292 ) ) ;
#7176 = LINE ( 'NONE', #2837, #2950 ) ;
#7177 = AXIS2_PLACEMENT_3D ( 'NONE', #2672, #6200, #6322 ) ;
#7178 = ADVANCED_FACE ( 'NONE', ( #1038 ), #5181, .T. ) ;
#7179 = DIRECTION ( 'NONE',  ( -0.000000000000000000, 0.000000000000000000, 1.000000000000000000 ) ) ;
#7180 = CARTESIAN_POINT ( 'NONE',  ( 26.91421356237302831, 25.00000000000000000, -7.000000000000000000 ) ) ;
#7181 = FACE_OUTER_BOUND ( 'NONE', #3936, .T. ) ;
#7182 = VECTOR ( 'NONE', #5332, 1000.000000000000114 ) ;
#7183 = VERTEX_POINT ( 'NONE', #3430 ) ;
#7184 = DIRECTION ( 'NONE',  ( 0.7071067811865472397, 0.6830127018922200755, -0.1830127018922179383 ) ) ;
#7185 = ORIENTED_EDGE ( 'NONE', *, *, #5943, .T. ) ;
#7186 = CARTESIAN_POINT ( 'NONE',  ( -64.95371784915282376, -22.44628215084717837, -2.395042867796420616 ) ) ;
#7187 = VERTEX_POINT ( 'NONE', #1697 ) ;
#7188 = CARTESIAN_POINT ( 'NONE',  ( -58.60000000000003695, 20.24542364858361765, 13.80990931123482746 ) ) ;
#7189 = DIRECTION ( 'NONE',  ( -1.000000000000000000, 0.000000000000000000, 0.000000000000000000 ) ) ;
#7190 = DIRECTION ( 'NONE',  ( 2.891205793294678326E-16, -1.000000000000000000, -1.837433013737340913E-16 ) ) ;
#7191 = DIRECTION ( 'NONE',  ( 0.000000000000000000, 0.000000000000000000, -1.000000000000000000 ) ) ;
#7192 = VECTOR ( 'NONE', #4397, 1000.000000000000000 ) ;
#7193 = DIRECTION ( 'NONE',  ( -0.7071067811865556774, 0.000000000000000000, 0.7071067811865393571 ) ) ;
#7194 = VECTOR ( 'NONE', #3661, 1000.000000000000114 ) ;
#7195 = LINE ( 'NONE', #4076, #2948 ) ;
#7196 = CYLINDRICAL_SURFACE ( 'NONE', #5428, 2.099999999999999645 ) ;
#7197 = VECTOR ( 'NONE', #4070, 1000.000000000000000 ) ;
#7198 = ADVANCED_FACE ( 'NONE', ( #5140 ), #1732, .F. ) ;
#7199 = ORIENTED_EDGE ( 'NONE', *, *, #529, .T. ) ;
#7200 = CIRCLE ( 'NONE', #3763, 3.499999999999998668 ) ;
#7201 = VERTEX_POINT ( 'NONE', #4560 ) ;
#7202 = CARTESIAN_POINT ( 'NONE',  ( -54.00000000000000711, 24.00000000000000000, 2.000000000000000000 ) ) ;
#7203 = CARTESIAN_POINT ( 'NONE',  ( 15.29289321881344854, 35.20710678118653902, -7.399999999999962164 ) ) ;
#7204 = ORIENTED_EDGE ( 'NONE', *, *, #5849, .F. ) ;
#7205 = DIRECTION ( 'NONE',  ( 1.000000000000000000, 0.000000000000000000, 0.000000000000000000 ) ) ;
#7206 = CARTESIAN_POINT ( 'NONE',  ( -15.29289321881344677, 35.20710678118653902, -2.600000000000031619 ) ) ;
#7207 = ORIENTED_EDGE ( 'NONE', *, *, #2043, .T. ) ;
#7208 = CARTESIAN_POINT ( 'NONE',  ( 58.39992981178512110, -20.09744105112339696, 13.67207315648675703 ) ) ;
#7209 = ADVANCED_FACE ( 'NONE', ( #409 ), #6985, .F. ) ;
#7210 = VECTOR ( 'NONE', #6681, 1000.000000000000114 ) ;
#7211 = VERTEX_POINT ( 'NONE', #557 ) ;
#7212 = DIRECTION ( 'NONE',  ( 0.000000000000000000, 0.000000000000000000, -1.000000000000000000 ) ) ;
#7213 = DIRECTION ( 'NONE',  ( 1.000000000000000000, 0.000000000000000000, 0.000000000000000000 ) ) ;
#7214 = PLANE ( 'NONE',  #2329 ) ;
#7215 = DIRECTION ( 'NONE',  ( 0.000000000000000000, 0.000000000000000000, -1.000000000000000000 ) ) ;
#7216 = ADVANCED_FACE ( 'NONE', ( #2956 ), #5361, .T. ) ;
#7217 = CONICAL_SURFACE ( 'NONE', #4029, 5.600000000000018296, 0.7853981633974490562 ) ;
#7218 = LINE ( 'NONE', #6689, #5380 ) ;
#7219 = LINE ( 'NONE', #5968, #4559 ) ;
#7220 = ADVANCED_FACE ( 'NONE', ( #4852 ), #680, .T. ) ;
#7221 = EDGE_CURVE ( 'NONE', #5856, #4373, #2482, .T. ) ;
#7222 = EDGE_LOOP ( 'NONE', ( #4650, #3294, #7168, #4442 ) ) ;
#7223 = ORIENTED_EDGE ( 'NONE', *, *, #2555, .F. ) ;
#7224 = DIRECTION ( 'NONE',  ( -1.000000000000000000, 2.040851148208007259E-16, 0.000000000000000000 ) ) ;
#7225 = AXIS2_PLACEMENT_3D ( 'NONE', #2293, #1734, #7257 ) ;
#7226 = ORIENTED_EDGE ( 'NONE', *, *, #106, .T. ) ;
#7227 = FACE_OUTER_BOUND ( 'NONE', #6821, .T. ) ;
#7229 = ADVANCED_FACE ( 'NONE', ( #1894 ), #7814, .F. ) ;
#7228 = CARTESIAN_POINT ( 'NONE',  ( 63.99999999999998579, 8.934653975957925098, 14.00000000000000000 ) ) ;
#7230 = FACE_OUTER_BOUND ( 'NONE', #5287, .T. ) ;
#7231 = FACE_BOUND ( 'NONE', #4263, .T. ) ;
#7232 = VECTOR ( 'NONE', #7363, 1000.000000000000000 ) ;
#7233 = EDGE_CURVE ( 'NONE', #1956, #205, #6092, .T. ) ;
#7234 = CARTESIAN_POINT ( 'NONE',  ( 8.099999999999997868, 8.511903429903327378, -7.000000000000000000 ) ) ;
#7235 = CARTESIAN_POINT ( 'NONE',  ( 58.00000000000000711, 13.04999999999998117, 11.77459666924138659 ) ) ;
#7236 = APPLICATION_CONTEXT ( 'automotive_design' ) ;
#7237 = CARTESIAN_POINT ( 'NONE',  ( 62.99999999999998579, 14.00000000000000000, 16.00000000000000000 ) ) ;
#7238 = VECTOR ( 'NONE', #7213, 1000.000000000000000 ) ;
#7239 = CARTESIAN_POINT ( 'NONE',  ( 62.49999999999998579, 18.94999999999998508, 11.77459666924138659 ) ) ;
#7240 = LINE ( 'NONE', #6595, #7740 ) ;
#7241 = VERTEX_POINT ( 'NONE', #2333 ) ;
#7242 = CARTESIAN_POINT ( 'NONE',  ( 62.99999999999998579, -15.99999999999995559, 7.950000000000023270 ) ) ;
#7243 = CARTESIAN_POINT ( 'NONE',  ( -52.99999999999999289, 17.00000000000001421, -7.399999999999982592 ) ) ;
#7244 = ORIENTED_EDGE ( 'NONE', *, *, #6777, .F. ) ;
#7245 = DIRECTION ( 'NONE',  ( 1.000000000000000000, 0.000000000000000000, 0.000000000000000000 ) ) ;
#7246 = EDGE_CURVE ( 'NONE', #2314, #4953, #370, .T. ) ;
#7247 = CONICAL_SURFACE ( 'NONE', #182, 5.600000000000014744, 0.7853981633974460586 ) ;
#7248 = EDGE_LOOP ( 'NONE', ( #6158, #1210, #451, #305 ) ) ;
#7249 = DIRECTION ( 'NONE',  ( -1.000000000000000000, 0.000000000000000000, 0.000000000000000000 ) ) ;
#7250 = EDGE_LOOP ( 'NONE', ( #401, #4145, #3935, #6714 ) ) ;
#7251 = DIRECTION ( 'NONE',  ( 0.000000000000000000, -9.100188726435780785E-15, -1.000000000000000000 ) ) ;
#7252 = LINE ( 'NONE', #1808, #669 ) ;
#7253 = ADVANCED_FACE ( 'NONE', ( #4175 ), #7341, .F. ) ;
#7254 = DIRECTION ( 'NONE',  ( 0.000000000000000000, -0.000000000000000000, -1.000000000000000000 ) ) ;
#7255 = VECTOR ( 'NONE', #1246, 1000.000000000000000 ) ;
#7256 = DIRECTION ( 'NONE',  ( -0.000000000000000000, -0.000000000000000000, 1.000000000000000000 ) ) ;
#7257 = DIRECTION ( 'NONE',  ( 0.000000000000000000, 0.000000000000000000, -1.000000000000000000 ) ) ;
#7258 = VERTEX_POINT ( 'NONE', #4779 ) ;
#7259 = CARTESIAN_POINT ( 'NONE',  ( 47.99999999999998579, -17.00000000000001421, -2.599999999999975664 ) ) ;
#7260 = EDGE_CURVE ( 'NONE', #6006, #1869, #7218, .T. ) ;
#7261 = CARTESIAN_POINT ( 'NONE',  ( -17.99999999999998579, -11.99999999999999467, -2.000000000000000000 ) ) ;
#7262 = ORIENTED_EDGE ( 'NONE', *, *, #2363, .T. ) ;
#7263 = DIRECTION ( 'NONE',  ( 1.000000000000000000, 0.000000000000000000, 0.000000000000000000 ) ) ;
#7264 = ADVANCED_FACE ( 'NONE', ( #3035 ), #5482, .T. ) ;
#7265 = DIRECTION ( 'NONE',  ( -1.000000000000000000, 0.000000000000000000, 0.000000000000000000 ) ) ;
#7266 = ADVANCED_FACE ( 'NONE', ( #7775 ), #6649, .F. ) ;
#7267 = PLANE ( 'NONE',  #4519 ) ;
#7268 = DIRECTION ( 'NONE',  ( 1.000000000000000000, -0.000000000000000000, -0.000000000000000000 ) ) ;
#7269 = VECTOR ( 'NONE', #2202, 1000.000000000000000 ) ;
#7270 = CIRCLE ( 'NONE', #439, 4.999999999999997335 ) ;
#7271 = CARTESIAN_POINT ( 'NONE',  ( -58.00000000000000000, -14.00000000000000000, 6.000000000000000000 ) ) ;
#7272 = ADVANCED_FACE ( 'NONE', ( #4140 ), #599, .F. ) ;
#7273 = LINE ( 'NONE', #66, #3535 ) ;
#7274 = CIRCLE ( 'NONE', #6261, 2.099999999999999645 ) ;
#7275 = ORIENTED_EDGE ( 'NONE', *, *, #3414, .T. ) ;
#7276 = EDGE_CURVE ( 'NONE', #684, #6142, #3622, .T. ) ;
#7277 = VECTOR ( 'NONE', #6107, 1000.000000000000227 ) ;
#7278 = DIRECTION ( 'NONE',  ( -0.7071067811865460184, 0.7071067811865489050, 0.000000000000000000 ) ) ;
#7279 = ORIENTED_EDGE ( 'NONE', *, *, #6299, .T. ) ;
#7280 = LINE ( 'NONE', #7409, #426 ) ;
#7281 = DIRECTION ( 'NONE',  ( 0.7071067811865406894, 8.659560562354850274E-17, -0.7071067811865544561 ) ) ;
#7282 = DIRECTION ( 'NONE',  ( 0.000000000000000000, 0.000000000000000000, -1.000000000000000000 ) ) ;
#7283 = ORIENTED_EDGE ( 'NONE', *, *, #5993, .T. ) ;
#7284 = DIRECTION ( 'NONE',  ( -1.000000000000000000, 0.000000000000000000, 0.000000000000000000 ) ) ;
#7285 = CARTESIAN_POINT ( 'NONE',  ( -12.99999999999999645, 35.50000000000000000, -7.399999999999961275 ) ) ;
#7286 = ORIENTED_EDGE ( 'NONE', *, *, #5152, .F. ) ;
#7287 = VECTOR ( 'NONE', #5896, 1000.000000000000000 ) ;
#7288 = CARTESIAN_POINT ( 'NONE',  ( 53.60000000000000853, 11.99999999999999822, -8.000000000000000000 ) ) ;
#7289 = ORIENTED_EDGE ( 'NONE', *, *, #3690, .T. ) ;
#7290 = CARTESIAN_POINT ( 'NONE',  ( 10.25000000000000000, 8.300000000000901323, 0.000000000000000000 ) ) ;
#7291 = ORIENTED_EDGE ( 'NONE', *, *, #4549, .F. ) ;
#7292 = CARTESIAN_POINT ( 'NONE',  ( -58.00000000000000000, 5.779561752560283594, 8.020590477448815037 ) ) ;
#7293 = CARTESIAN_POINT ( 'NONE',  ( 62.49999999999998579, -18.94999999999998508, 11.77459666924138659 ) ) ;
#7294 = CARTESIAN_POINT ( 'NONE',  ( -10.25000000000000000, 29.00000000000089528, -5.000000000000000000 ) ) ;
#7295 = DIRECTION ( 'NONE',  ( -0.000000000000000000, 0.000000000000000000, -1.000000000000000000 ) ) ;
#7296 = AXIS2_PLACEMENT_3D ( 'NONE', #7688, #2248, #7762 ) ;
#7297 = DIRECTION ( 'NONE',  ( 0.000000000000000000, -0.000000000000000000, -1.000000000000000000 ) ) ;
#7298 = CARTESIAN_POINT ( 'NONE',  ( -70.50293497956538147, 13.04999999999998117, 11.77459666924138659 ) ) ;
#7299 = ORIENTED_EDGE ( 'NONE', *, *, #7718, .T. ) ;
#7300 = EDGE_CURVE ( 'NONE', #2105, #6040, #3624, .T. ) ;
#7301 = EDGE_LOOP ( 'NONE', ( #5114, #4860, #1755, #5831 ) ) ;
#7302 = CIRCLE ( 'NONE', #231, 2.000000000000000000 ) ;
#7303 = PLANE ( 'NONE',  #6906 ) ;
#7304 = CARTESIAN_POINT ( 'NONE',  ( 58.00000000000000000, 20.24542364858361765, 13.80990931123482568 ) ) ;
#7305 = DIRECTION ( 'NONE',  ( -0.000000000000000000, 1.000000000000000000, -0.000000000000000000 ) ) ;
#7306 = EDGE_LOOP ( 'NONE', ( #1360, #3065, #335, #4471 ) ) ;
#7307 = CONICAL_SURFACE ( 'NONE', #1846, 2.799999999999955413, 0.7853981633974775889 ) ;
#7308 = LINE ( 'NONE', #6697, #3248 ) ;
#7309 = LINE ( 'NONE', #1864, #6430 ) ;
#7310 = EDGE_CURVE ( 'NONE', #2643, #2394, #3540, .T. ) ;
#7311 = ADVANCED_FACE ( 'NONE', ( #7468 ), #3741, .F. ) ;
#7312 = PLANE ( 'NONE',  #6763 ) ;
#7313 = DIRECTION ( 'NONE',  ( 1.000000000000000000, 0.000000000000000000, 0.000000000000000000 ) ) ;
#7314 = AXIS2_PLACEMENT_3D ( 'NONE', #1405, #1443, #2630 ) ;
#7315 = EDGE_LOOP ( 'NONE', ( #434, #1711, #7223, #2541 ) ) ;
#7316 = EDGE_CURVE ( 'NONE', #2548, #6429, #2103, .T. ) ;
#7317 = VECTOR ( 'NONE', #1624, 999.9999999999998863 ) ;
#7318 = AXIS2_PLACEMENT_3D ( 'NONE', #4622, #5665, #899 ) ;
#7319 = CARTESIAN_POINT ( 'NONE',  ( 10.25000000000000000, 8.300000000000901323, 0.000000000000000000 ) ) ;
#7320 = CARTESIAN_POINT ( 'NONE',  ( 22.99999999999998934, 11.99999999999999645, -2.000000000000000000 ) ) ;
#7321 = EDGE_CURVE ( 'NONE', #2167, #4147, #3232, .T. ) ;
#7322 = ORIENTED_EDGE ( 'NONE', *, *, #4945, .T. ) ;
#7323 = EDGE_CURVE ( 'NONE', #5867, #1593, #2062, .T. ) ;
#7324 = CONICAL_SURFACE ( 'NONE', #5156, 1.499999999999999556, 0.7853981633974487231 ) ;
#7325 = DIRECTION ( 'NONE',  ( -0.000000000000000000, -0.000000000000000000, 1.000000000000000000 ) ) ;
#7326 = EDGE_LOOP ( 'NONE', ( #3116, #3544, #6108, #7004 ) ) ;
#7327 = ORIENTED_EDGE ( 'NONE', *, *, #5790, .T. ) ;
#7328 = FACE_OUTER_BOUND ( 'NONE', #6409, .T. ) ;
#7329 = ORIENTED_EDGE ( 'NONE', *, *, #7521, .T. ) ;
#7330 = DIRECTION ( 'NONE',  ( -0.7071067811865474617, 0.000000000000000000, 0.7071067811865474617 ) ) ;
#7331 = VECTOR ( 'NONE', #2608, 1000.000000000000114 ) ;
#7332 = ORIENTED_EDGE ( 'NONE', *, *, #4194, .F. ) ;
#7333 = CARTESIAN_POINT ( 'NONE',  ( 63.99999999999998579, 24.00000000000000000, -2.000000000000008882 ) ) ;
#7334 = ORIENTED_EDGE ( 'NONE', *, *, #4908, .T. ) ;
#7335 = LINE ( 'NONE', #1972, #7513 ) ;
#7336 = DIRECTION ( 'NONE',  ( 1.000000000000000000, 0.000000000000000000, 0.000000000000000000 ) ) ;
#7337 = CARTESIAN_POINT ( 'NONE',  ( 63.39999999999999858, 0.000000000000000000, 16.00000000000000000 ) ) ;
#7338 = VECTOR ( 'NONE', #5928, 1000.000000000000000 ) ;
#7339 = DIRECTION ( 'NONE',  ( -0.000000000000000000, -0.000000000000000000, 1.000000000000000000 ) ) ;
#7340 = DIRECTION ( 'NONE',  ( 1.000000000000000000, 0.000000000000000000, 0.000000000000000000 ) ) ;
#7341 = CYLINDRICAL_SURFACE ( 'NONE', #2003, 5.000000000000000888 ) ;
#7342 = FACE_OUTER_BOUND ( 'NONE', #7706, .T. ) ;
#7343 = ORIENTED_EDGE ( 'NONE', *, *, #2989, .F. ) ;
#7344 = ORIENTED_EDGE ( 'NONE', *, *, #5163, .F. ) ;
#7345 = DIRECTION ( 'NONE',  ( -1.000000000000000000, 0.000000000000000000, 0.000000000000000000 ) ) ;
#7346 = ORIENTED_EDGE ( 'NONE', *, *, #3375, .F. ) ;
#7347 = CARTESIAN_POINT ( 'NONE',  ( 0.000000000000000000, 35.50000000000000000, 0.000000000000000000 ) ) ;
#7348 = DIRECTION ( 'NONE',  ( -0.000000000000000000, 0.000000000000000000, -1.000000000000000000 ) ) ;
#7349 = EDGE_LOOP ( 'NONE', ( #5932, #325, #3354, #5513 ) ) ;
#7350 = VECTOR ( 'NONE', #736, 1000.000000000000000 ) ;
#7351 = DIRECTION ( 'NONE',  ( 1.000000000000000000, 0.000000000000000000, 0.000000000000000000 ) ) ;
#7352 = FACE_OUTER_BOUND ( 'NONE', #7349, .T. ) ;
#7353 = CARTESIAN_POINT ( 'NONE',  ( 63.99999999999998579, -3.185854099730718314, 5.499999999999393374 ) ) ;
#7354 = EDGE_CURVE ( 'NONE', #181, #5795, #4470, .T. ) ;
#7355 = VECTOR ( 'NONE', #4791, 1000.000000000000000 ) ;
#7356 = CARTESIAN_POINT ( 'NONE',  ( -17.39999999999998082, -11.99999999999999467, -2.000000000000000000 ) ) ;
#7357 = FACE_OUTER_BOUND ( 'NONE', #3811, .T. ) ;
#7358 = VERTEX_POINT ( 'NONE', #6180 ) ;
#7359 = CARTESIAN_POINT ( 'NONE',  ( 22.99999999999998934, 11.99999999999999645, 2.000000000000000000 ) ) ;
#7360 = ORIENTED_EDGE ( 'NONE', *, *, #1546, .T. ) ;
#7361 = CIRCLE ( 'NONE', #3025, 11.35000000000002629 ) ;
#7362 = EDGE_CURVE ( 'NONE', #5996, #3227, #4888, .T. ) ;
#7363 = DIRECTION ( 'NONE',  ( 1.084202172485504804E-16, -1.000000000000000000, 0.000000000000000000 ) ) ;
#7364 = CARTESIAN_POINT ( 'NONE',  ( -58.00000000000000000, 7.485765236524335009, 14.38822856765377445 ) ) ;
#7365 = EDGE_LOOP ( 'NONE', ( #4011, #5839, #2279, #2207, #6527 ) ) ;
#7366 = AXIS2_PLACEMENT_3D ( 'NONE', #4451, #4533, #1521 ) ;
#7367 = EDGE_CURVE ( 'NONE', #3825, #4084, #2378, .T. ) ;
#7368 = DIRECTION ( 'NONE',  ( 0.000000000000000000, 0.000000000000000000, 1.000000000000000000 ) ) ;
#7369 = ORIENTED_EDGE ( 'NONE', *, *, #6351, .F. ) ;
#7370 = ORIENTED_EDGE ( 'NONE', *, *, #520, .F. ) ;
#7371 = DIRECTION ( 'NONE',  ( 1.000000000000000000, 0.000000000000000000, 0.000000000000000000 ) ) ;
#7372 = DIRECTION ( 'NONE',  ( 1.000000000000000000, 0.000000000000000000, 0.000000000000000000 ) ) ;
#7373 = ADVANCED_FACE ( 'NONE', ( #5089 ), #292, .F. ) ;
#7374 = EDGE_CURVE ( 'NONE', #7201, #2975, #4410, .T. ) ;
#7375 = CIRCLE ( 'NONE', #28, 5.000000000000000888 ) ;
#7376 = VERTEX_POINT ( 'NONE', #853 ) ;
#7377 = EDGE_CURVE ( 'NONE', #5587, #5517, #1466, .T. ) ;
#7378 = CARTESIAN_POINT ( 'NONE',  ( -2.999999999999995559, -18.00000000000000000, 1.299999999999966960 ) ) ;
#7379 = AXIS2_PLACEMENT_3D ( 'NONE', #518, #1223, #2403 ) ;
#7380 = LINE ( 'NONE', #6128, #5431 ) ;
#7381 = CARTESIAN_POINT ( 'NONE',  ( -17.99999999999998224, 12.00000000000000178, -2.600000000000003197 ) ) ;
#7382 = DIRECTION ( 'NONE',  ( 0.7071067811865471286, 0.000000000000000000, -0.7071067811865479058 ) ) ;
#7383 = DIRECTION ( 'NONE',  ( 0.000000000000000000, 0.2588190451025180749, -0.9659258262890690894 ) ) ;
#7384 = DIRECTION ( 'NONE',  ( -1.000000000000000000, 0.000000000000000000, 0.000000000000000000 ) ) ;
#7385 = DIRECTION ( 'NONE',  ( 1.000000000000000000, 0.000000000000000000, 0.000000000000000000 ) ) ;
#7386 = DIRECTION ( 'NONE',  ( -1.000000000000000000, -0.000000000000000000, -0.000000000000000000 ) ) ;
#7387 = FACE_BOUND ( 'NONE', #6786, .T. ) ;
#7388 = AXIS2_PLACEMENT_3D ( 'NONE', #7813, #87, #3659 ) ;
#7389 = VERTEX_POINT ( 'NONE', #3273 ) ;
#7390 = DIRECTION ( 'NONE',  ( -0.7071067811865556774, -0.7071067811865392461, 0.000000000000000000 ) ) ;
#7391 = ORIENTED_EDGE ( 'NONE', *, *, #4001, .T. ) ;
#7392 = DIRECTION ( 'NONE',  ( 0.000000000000000000, 0.000000000000000000, 1.000000000000000000 ) ) ;
#7393 = DIRECTION ( 'NONE',  ( 0.7071067811865531239, 1.299261343989698383E-16, -0.7071067811865420216 ) ) ;
#7394 = VERTEX_POINT ( 'NONE', #6134 ) ;
#7395 = VECTOR ( 'NONE', #6090, 1000.000000000000000 ) ;
#7396 = DIRECTION ( 'NONE',  ( 0.000000000000000000, 0.000000000000000000, 1.000000000000000000 ) ) ;
#7397 = CARTESIAN_POINT ( 'NONE',  ( -54.00000000000000711, -24.00000000000000000, 2.000000000000000000 ) ) ;
#7398 = DIRECTION ( 'NONE',  ( 0.000000000000000000, 0.9659258262890690894, -0.2588190451025179084 ) ) ;
#7399 = ORIENTED_EDGE ( 'NONE', *, *, #3590, .F. ) ;
#7400 = EDGE_LOOP ( 'NONE', ( #5232, #7138, #1699, #4680 ) ) ;
#7401 = DIRECTION ( 'NONE',  ( 1.000000000000000000, 0.000000000000000000, 0.000000000000000000 ) ) ;
#7402 = VECTOR ( 'NONE', #2546, 1000.000000000000114 ) ;
#7403 = AXIS2_PLACEMENT_3D ( 'NONE', #4443, #4988, #3800 ) ;
#7404 = CARTESIAN_POINT ( 'NONE',  ( 63.99999999999998579, -7.485765236524325239, 14.38822856765377800 ) ) ;
#7405 = LINE ( 'NONE', #5632, #1951 ) ;
#7406 = AXIS2_PLACEMENT_3D ( 'NONE', #3139, #3211, #5037 ) ;
#7407 = VECTOR ( 'NONE', #3120, 1000.000000000000000 ) ;
#7408 = EDGE_CURVE ( 'NONE', #3081, #6334, #890, .T. ) ;
#7409 = CARTESIAN_POINT ( 'NONE',  ( 58.00000000000000000, -12.91397082956199682, 15.60645073490128709 ) ) ;
#7410 = ORIENTED_EDGE ( 'NONE', *, *, #108, .F. ) ;
#7411 = VERTEX_POINT ( 'NONE', #722 ) ;
#7412 = DIRECTION ( 'NONE',  ( -0.000000000000000000, -0.000000000000000000, 1.000000000000000000 ) ) ;
#7413 = LINE ( 'NONE', #6800, #4111 ) ;
#7414 = CARTESIAN_POINT ( 'NONE',  ( 17.99999999999998579, -12.00000000000000355, -7.399999999999982592 ) ) ;
#7415 = VECTOR ( 'NONE', #6325, 1000.000000000000000 ) ;
#7416 = CIRCLE ( 'NONE', #5613, 2.099999999999999645 ) ;
#7417 = ORIENTED_EDGE ( 'NONE', *, *, #261, .F. ) ;
#7418 = EDGE_CURVE ( 'NONE', #4084, #5118, #4709, .T. ) ;
#7419 = CIRCLE ( 'NONE', #3971, 10.00000000000000000 ) ;
#7420 = LINE ( 'NONE', #1332, #6274 ) ;
#7421 = EDGE_CURVE ( 'NONE', #5468, #3642, #5527, .T. ) ;
#7422 = ORIENTED_EDGE ( 'NONE', *, *, #4734, .F. ) ;
#7423 = CARTESIAN_POINT ( 'NONE',  ( -58.00000000000000000, 18.98042485753536823, 12.63164529836050498 ) ) ;
#7424 = CARTESIAN_POINT ( 'NONE',  ( -58.00000000000000000, -8.994952061733687998, 20.02059047744869602 ) ) ;
#7425 = DIRECTION ( 'NONE',  ( 1.000000000000000000, 0.000000000000000000, 0.000000000000000000 ) ) ;
#7426 = VERTEX_POINT ( 'NONE', #4149 ) ;
#7427 = DIRECTION ( 'NONE',  ( 1.000000000000000000, 0.000000000000000000, 0.000000000000000000 ) ) ;
#7428 = DIRECTION ( 'NONE',  ( -0.000000000000000000, -0.000000000000000000, -1.000000000000000000 ) ) ;
#7429 = EDGE_CURVE ( 'NONE', #5917, #3159, #1005, .T. ) ;
#7430 = VECTOR ( 'NONE', #1084, 1000.000000000000000 ) ;
#7431 = ORIENTED_EDGE ( 'NONE', *, *, #3286, .F. ) ;
#7432 = VERTEX_POINT ( 'NONE', #1087 ) ;
#7433 = DIRECTION ( 'NONE',  ( 0.000000000000000000, 0.000000000000000000, -1.000000000000000000 ) ) ;
#7434 = ADVANCED_FACE ( 'NONE', ( #2964 ), #3437, .F. ) ;
#7435 = ORIENTED_EDGE ( 'NONE', *, *, #2931, .T. ) ;
#7436 = DIRECTION ( 'NONE',  ( 1.000000000000000000, -0.000000000000000000, -0.000000000000000000 ) ) ;
#7437 = PLANE ( 'NONE',  #2012 ) ;
#7438 = VECTOR ( 'NONE', #671, 1000.000000000000000 ) ;
#7439 = ORIENTED_EDGE ( 'NONE', *, *, #1968, .T. ) ;
#7440 = DIRECTION ( 'NONE',  ( 0.000000000000000000, -0.7071067811865454633, 0.7071067811865495711 ) ) ;
#7441 = CARTESIAN_POINT ( 'NONE',  ( -58.00000000000000000, 8.396137495244502702, 15.39999999999999680 ) ) ;
#7442 = DIRECTION ( 'NONE',  ( 0.000000000000000000, -0.000000000000000000, -1.000000000000000000 ) ) ;
#7443 = DIRECTION ( 'NONE',  ( 1.000000000000000000, 0.000000000000000000, 0.000000000000000000 ) ) ;
#7444 = ORIENTED_EDGE ( 'NONE', *, *, #1435, .F. ) ;
#7445 = CARTESIAN_POINT ( 'NONE',  ( 4.531193156845206793E-15, 18.00000000000000000, -2.000000000000000000 ) ) ;
#7446 = CARTESIAN_POINT ( 'NONE',  ( 0.000000000000000000, -20.24542364858361765, 13.80990931123482746 ) ) ;
#7447 = VERTEX_POINT ( 'NONE', #457 ) ;
#7448 = FACE_OUTER_BOUND ( 'NONE', #2299, .T. ) ;
#7449 = AXIS2_PLACEMENT_3D ( 'NONE', #5425, #6166, #1327 ) ;
#7450 = CARTESIAN_POINT ( 'NONE',  ( 58.16646541976386686, -8.365225642826681351, 15.56646541976386011 ) ) ;
#7451 = DIRECTION ( 'NONE',  ( 1.000000000000000000, -0.000000000000000000, -0.000000000000000000 ) ) ;
#7452 = PLANE ( 'NONE',  #2935 ) ;
#7453 = ORIENTED_EDGE ( 'NONE', *, *, #152, .F. ) ;
#7454 = ORIENTED_EDGE ( 'NONE', *, *, #1030, .T. ) ;
#7455 = LINE ( 'NONE', #1879, #1418 ) ;
#7456 = DIRECTION ( 'NONE',  ( -0.7071067811865444641, 8.659560562354895880E-17, 0.7071067811865505703 ) ) ;
#7457 = ORIENTED_EDGE ( 'NONE', *, *, #3413, .F. ) ;
#7458 = EDGE_CURVE ( 'NONE', #164, #7426, #4671, .T. ) ;
#7459 = AXIS2_PLACEMENT_3D ( 'NONE', #5097, #6907, #2109 ) ;
#7460 = AXIS2_PLACEMENT_3D ( 'NONE', #2032, #5274, #475 ) ;
#7461 = DIRECTION ( 'NONE',  ( 0.000000000000000000, 0.000000000000000000, 1.000000000000000000 ) ) ;
#7462 = VERTEX_POINT ( 'NONE', #5976 ) ;
#7463 = CARTESIAN_POINT ( 'NONE',  ( 58.39992981178515663, 20.09744105112338985, 13.67207315648675170 ) ) ;
#7464 = CARTESIAN_POINT ( 'NONE',  ( -14.58578643762690064, 34.49999999999999289, -8.000000000000000000 ) ) ;
#7465 = ORIENTED_EDGE ( 'NONE', *, *, #5063, .T. ) ;
#7466 = DIRECTION ( 'NONE',  ( 0.000000000000000000, 0.000000000000000000, -1.000000000000000000 ) ) ;
#7467 = LINE ( 'NONE', #6304, #3816 ) ;
#7468 = FACE_OUTER_BOUND ( 'NONE', #5489, .T. ) ;
#7469 = ADVANCED_FACE ( 'NONE', ( #1743 ), #7108, .F. ) ;
#7470 = ORIENTED_EDGE ( 'NONE', *, *, #3582, .F. ) ;
#7471 = VERTEX_POINT ( 'NONE', #3549 ) ;
#7472 = CARTESIAN_POINT ( 'NONE',  ( -1.744636181553818322E-15, 17.60000000000001208, -8.000000000000000000 ) ) ;
#7473 =( BOUNDED_CURVE ( )  B_SPLINE_CURVE ( 3, ( #7574, #5041, #2128, #6367 ),
 .UNSPECIFIED., .F., .T. ) 
 B_SPLINE_CURVE_WITH_KNOTS ( ( 4, 4 ),
 ( 0.000000000000000000, 0.3175604292915229498 ),
 .UNSPECIFIED. ) 
 CURVE ( )  GEOMETRIC_REPRESENTATION_ITEM ( )  RATIONAL_B_SPLINE_CURVE ( ( 1.000000000000000000, 0.9916139219377164693, 0.9916139219377164693, 1.000000000000000000 ) ) 
 REPRESENTATION_ITEM ( '' )  );
#7474 = LINE ( 'NONE', #4896, #2579 ) ;
#7475 = ADVANCED_FACE ( 'NONE', ( #5899 ), #1739, .F. ) ;
#7476 = CARTESIAN_POINT ( 'NONE',  ( -47.99999999999999289, 17.00000000000001066, -2.600000000000003197 ) ) ;
#7477 = DIRECTION ( 'NONE',  ( 1.000000000000000000, 0.000000000000000000, 0.000000000000000000 ) ) ;
#7478 = DIRECTION ( 'NONE',  ( 0.000000000000000000, 0.000000000000000000, -1.000000000000000000 ) ) ;
#7479 = ADVANCED_FACE ( 'NONE', ( #6617 ), #1198, .T. ) ;
#7480 = EDGE_CURVE ( 'NONE', #7426, #5171, #7080, .T. ) ;
#7481 = DIRECTION ( 'NONE',  ( 0.000000000000000000, 1.000000000000000000, 0.000000000000000000 ) ) ;
#7482 = ORIENTED_EDGE ( 'NONE', *, *, #2792, .T. ) ;
#7483 = CARTESIAN_POINT ( 'NONE',  ( -62.99999999999998579, -15.99999999999995559, 7.950000000000023270 ) ) ;
#7484 = ADVANCED_FACE ( 'NONE', ( #1704 ), #7324, .T. ) ;
#7485 = FACE_OUTER_BOUND ( 'NONE', #4621, .T. ) ;
#7486 = ORIENTED_EDGE ( 'NONE', *, *, #7502, .F. ) ;
#7487 = CYLINDRICAL_SURFACE ( 'NONE', #7177, 4.999999999999997335 ) ;
#7488 = CYLINDRICAL_SURFACE ( 'NONE', #6426, 3.000000000000000000 ) ;
#7489 = CIRCLE ( 'NONE', #908, 2.000000000000000000 ) ;
#7490 = FACE_OUTER_BOUND ( 'NONE', #5728, .T. ) ;
#7491 = DIRECTION ( 'NONE',  ( -0.000000000000000000, -0.000000000000000000, -1.000000000000000000 ) ) ;
#7492 = CARTESIAN_POINT ( 'NONE',  ( -11.34999999999999964, 29.00000000000089528, -5.000000000000000000 ) ) ;
#7493 = ORIENTED_EDGE ( 'NONE', *, *, #102, .T. ) ;
#7494 = AXIS2_PLACEMENT_3D ( 'NONE', #2876, #5282, #7738 ) ;
#7495 = ORIENTED_EDGE ( 'NONE', *, *, #1577, .T. ) ;
#7496 = CARTESIAN_POINT ( 'NONE',  ( -10.25000000000000000, 29.00000000000089528, -5.000000000000000000 ) ) ;
#7497 = VECTOR ( 'NONE', #2337, 1000.000000000000000 ) ;
#7498 = ORIENTED_EDGE ( 'NONE', *, *, #5592, .F. ) ;
#7499 = VERTEX_POINT ( 'NONE', #6544 ) ;
#7500 = LINE ( 'NONE', #4380, #6724 ) ;
#7501 = CARTESIAN_POINT ( 'NONE',  ( -17.39999999999996305, 12.00000000000000178, -8.000000000000000000 ) ) ;
#7502 = EDGE_CURVE ( 'NONE', #5741, #7532, #4032, .T. ) ;
#7503 = CARTESIAN_POINT ( 'NONE',  ( 14.58578643762690064, 34.89999999999996305, -8.000000000000000000 ) ) ;
#7504 = AXIS2_PLACEMENT_3D ( 'NONE', #3257, #275, #2677 ) ;
#7505 = DIRECTION ( 'NONE',  ( 0.000000000000000000, 0.000000000000000000, -1.000000000000000000 ) ) ;
#7506 = CARTESIAN_POINT ( 'NONE',  ( 62.49999999999998579, 15.99999999999995559, 7.950000000000023270 ) ) ;
#7507 = DIRECTION ( 'NONE',  ( -0.7071067811865475727, 0.000000000000000000, -0.7071067811865475727 ) ) ;
#7508 = ORIENTED_EDGE ( 'NONE', *, *, #5440, .T. ) ;
#7509 = DIRECTION ( 'NONE',  ( 0.000000000000000000, -1.000000000000000000, 0.000000000000000000 ) ) ;
#7510 = ORIENTED_EDGE ( 'NONE', *, *, #1772, .F. ) ;
#7511 = CARTESIAN_POINT ( 'NONE',  ( 63.99999999999998579, 3.185854099730716094, 5.499999999999394262 ) ) ;
#7512 = PLANE ( 'NONE',  #6434 ) ;
#7513 = VECTOR ( 'NONE', #6890, 1000.000000000000000 ) ;
#7514 = DIRECTION ( 'NONE',  ( -1.000000000000000000, 0.000000000000000000, 0.000000000000000000 ) ) ;
#7515 = LINE ( 'NONE', #1549, #395 ) ;
#7516 = ORIENTED_EDGE ( 'NONE', *, *, #7025, .F. ) ;
#7517 = DIRECTION ( 'NONE',  ( 0.000000000000000000, -0.7071067811865474617, -0.7071067811865474617 ) ) ;
#7518 = CIRCLE ( 'NONE', #6602, 5.000000000000000888 ) ;
#7519 = VERTEX_POINT ( 'NONE', #3585 ) ;
#7520 = DIRECTION ( 'NONE',  ( 0.000000000000000000, -0.03547722218375332776, 0.9993704852086259249 ) ) ;
#7521 = EDGE_CURVE ( 'NONE', #2500, #6118, #5408, .T. ) ;
#7522 = DIRECTION ( 'NONE',  ( -0.000000000000000000, -0.000000000000000000, -1.000000000000000000 ) ) ;
#7523 = EDGE_CURVE ( 'NONE', #3859, #5558, #7783, .T. ) ;
#7524 = EDGE_LOOP ( 'NONE', ( #1921, #1862, #1713, #2959 ) ) ;
#7525 = ADVANCED_FACE ( 'NONE', ( #20 ), #3636, .T. ) ;
#7526 = CARTESIAN_POINT ( 'NONE',  ( 8.264188044135165612, 6.876500612922495037, -2.600000000000031175 ) ) ;
#7527 = CARTESIAN_POINT ( 'NONE',  ( -58.00000000000000000, -3.185854099730718758, 7.999999999999395150 ) ) ;
#7528 = DIRECTION ( 'NONE',  ( 0.000000000000000000, 0.000000000000000000, -1.000000000000000000 ) ) ;
#7529 = AXIS2_PLACEMENT_3D ( 'NONE', #4339, #2441, #1889 ) ;
#7530 = ADVANCED_FACE ( 'NONE', ( #607 ), #2419, .F. ) ;
#7531 = ORIENTED_EDGE ( 'NONE', *, *, #5059, .T. ) ;
#7532 = VERTEX_POINT ( 'NONE', #812 ) ;
#7533 = CARTESIAN_POINT ( 'NONE',  ( -11.35000000000002629, 1.389974117032249099E-15, -2.000000000000000000 ) ) ;
#7534 = DIRECTION ( 'NONE',  ( 1.000000000000000000, 0.000000000000000000, 0.000000000000000000 ) ) ;
#7535 = CARTESIAN_POINT ( 'NONE',  ( -48.00000000000000000, -12.00000000000000000, -8.000000000000000000 ) ) ;
#7536 = CYLINDRICAL_SURFACE ( 'NONE', #5810, 1.099999999999998535 ) ;
#7537 = ORIENTED_EDGE ( 'NONE', *, *, #4816, .T. ) ;
#7538 = DIRECTION ( 'NONE',  ( -0.000000000000000000, -0.000000000000000000, 1.000000000000000000 ) ) ;
#7539 = ORIENTED_EDGE ( 'NONE', *, *, #7760, .F. ) ;
#7540 = CARTESIAN_POINT ( 'NONE',  ( 58.60000000000000142, -12.99201543247748170, 13.40798456752249912 ) ) ;
#7541 = ORIENTED_EDGE ( 'NONE', *, *, #3275, .F. ) ;
#7542 = VECTOR ( 'NONE', #555, 1000.000000000000000 ) ;
#7543 = DIRECTION ( 'NONE',  ( 1.000000000000000000, 0.000000000000000000, 0.000000000000000000 ) ) ;
#7544 = DIRECTION ( 'NONE',  ( 0.000000000000000000, -0.000000000000000000, -1.000000000000000000 ) ) ;
#7545 = CARTESIAN_POINT ( 'NONE',  ( 58.00000000000000000, -16.77573593128807872, 8.775735931288059177 ) ) ;
#7546 = AXIS2_PLACEMENT_3D ( 'NONE', #7598, #2113, #6317 ) ;
#7547 = EDGE_LOOP ( 'NONE', ( #6427, #6850, #7034, #2174 ) ) ;
#7548 = DIRECTION ( 'NONE',  ( 0.000000000000000000, 0.000000000000000000, 1.000000000000000000 ) ) ;
#7549 = DIRECTION ( 'NONE',  ( 0.000000000000000000, 0.000000000000000000, 1.000000000000000000 ) ) ;
#7550 = CARTESIAN_POINT ( 'NONE',  ( -24.82573593128807943, 24.82573593128797640, -8.000000000000000000 ) ) ;
#7551 = ORIENTED_EDGE ( 'NONE', *, *, #96, .F. ) ;
#7552 = AXIS2_PLACEMENT_3D ( 'NONE', #5488, #2450, #7433 ) ;
#7553 = FACE_OUTER_BOUND ( 'NONE', #1896, .T. ) ;
#7554 = DIRECTION ( 'NONE',  ( 1.000000000000000000, 0.000000000000000000, 0.000000000000000000 ) ) ;
#7555 = EDGE_CURVE ( 'NONE', #1500, #1458, #4228, .T. ) ;
#7556 = ORIENTED_EDGE ( 'NONE', *, *, #1923, .F. ) ;
#7557 = ORIENTED_EDGE ( 'NONE', *, *, #3752, .T. ) ;
#7558 = CIRCLE ( 'NONE', #4617, 5.000000000000000888 ) ;
#7559 = PLANE ( 'NONE',  #7546 ) ;
#7560 = VERTEX_POINT ( 'NONE', #138 ) ;
#7561 = FACE_OUTER_BOUND ( 'NONE', #4612, .T. ) ;
#7562 = DIRECTION ( 'NONE',  ( -0.000000000000000000, -0.000000000000000000, 1.000000000000000000 ) ) ;
#7563 = ORIENTED_EDGE ( 'NONE', *, *, #6473, .T. ) ;
#7564 = CARTESIAN_POINT ( 'NONE',  ( -63.50000000000002842, -7.002802323379788696, 14.51763809020503793 ) ) ;
#7565 = ADVANCED_FACE ( 'NONE', ( #5491 ), #7437, .T. ) ;
#7566 = ADVANCED_FACE ( 'NONE', ( #1860 ), #1986, .F. ) ;
#7567 = CARTESIAN_POINT ( 'NONE',  ( -63.50000000000004263, 8.310154176118015101, 15.89999999999997726 ) ) ;
#7568 = DIRECTION ( 'NONE',  ( 1.000000000000000000, 0.000000000000000000, -0.000000000000000000 ) ) ;
#7569 = FACE_OUTER_BOUND ( 'NONE', #6376, .T. ) ;
#7570 = VECTOR ( 'NONE', #6794, 1000.000000000000000 ) ;
#7571 = VERTEX_POINT ( 'NONE', #1307 ) ;
#7572 = ORIENTED_EDGE ( 'NONE', *, *, #6451, .F. ) ;
#7573 = EDGE_CURVE ( 'NONE', #7723, #5764, #1244, .T. ) ;
#7574 = CARTESIAN_POINT ( 'NONE',  ( 58.60000000000000853, -8.934653975957926875, 16.00000000000000000 ) ) ;
#7575 = ORIENTED_EDGE ( 'NONE', *, *, #3996, .F. ) ;
#7576 = LINE ( 'NONE', #2209, #1929 ) ;
#7577 = CARTESIAN_POINT ( 'NONE',  ( -12.99999999999999645, 35.50000000000000000, 0.000000000000000000 ) ) ;
#7578 = EDGE_CURVE ( 'NONE', #1308, #4655, #6145, .T. ) ;
#7579 = ADVANCED_FACE ( 'NONE', ( #4897 ), #645, .T. ) ;
#7580 = ORIENTED_EDGE ( 'NONE', *, *, #5289, .F. ) ;
#7581 = VERTEX_POINT ( 'NONE', #5618 ) ;
#7582 = EDGE_CURVE ( 'NONE', #205, #2643, #219, .T. ) ;
#7583 = CIRCLE ( 'NONE', #743, 3.000000000000000000 ) ;
#7584 = EDGE_LOOP ( 'NONE', ( #2819, #7541, #4783, #2138 ) ) ;
#7585 = CARTESIAN_POINT ( 'NONE',  ( 58.50000000000001421, 8.310154176118146552, 15.90000000000002167 ) ) ;
#7586 = UNCERTAINTY_MEASURE_WITH_UNIT (LENGTH_MEASURE( 1.000000000000000082E-05 ), #6217, 'distance_accuracy_value', 'NONE');
#7587 = DIRECTION ( 'NONE',  ( 0.000000000000000000, -0.000000000000000000, 1.000000000000000000 ) ) ;
#7588 = VECTOR ( 'NONE', #2227, 1000.000000000000000 ) ;
#7589 = ORIENTED_EDGE ( 'NONE', *, *, #1165, .F. ) ;
#7590 = LINE ( 'NONE', #3277, #1827 ) ;
#7591 = VERTEX_POINT ( 'NONE', #4269 ) ;
#7592 = CARTESIAN_POINT ( 'NONE',  ( 58.00000000000000000, -19.80132347571447227, 13.39625891448672590 ) ) ;
#7593 = AXIS2_PLACEMENT_3D ( 'NONE', #2382, #1046, #6504 ) ;
#7594 = CYLINDRICAL_SURFACE ( 'NONE', #7073, 3.499999999999998668 ) ;
#7595 = DIRECTION ( 'NONE',  ( -0.000000000000000000, -0.000000000000000000, 1.000000000000000000 ) ) ;
#7596 = VECTOR ( 'NONE', #3836, 1000.000000000000000 ) ;
#7597 = ORIENTED_EDGE ( 'NONE', *, *, #3590, .T. ) ;
#7598 = CARTESIAN_POINT ( 'NONE',  ( 52.99999999999999289, 17.00000000000000000, 2.000000000000000000 ) ) ;
#7599 = ORIENTED_EDGE ( 'NONE', *, *, #6138, .T. ) ;
#7600 = DIRECTION ( 'NONE',  ( -1.000000000000000000, -0.000000000000000000, -0.000000000000000000 ) ) ;
#7601 = CARTESIAN_POINT ( 'NONE',  ( 54.00000000000000711, 24.00000000000000000, -2.600000000000031175 ) ) ;
#7602 = ORIENTED_EDGE ( 'NONE', *, *, #1407, .F. ) ;
#7603 = DIRECTION ( 'NONE',  ( -1.000000000000000000, 0.000000000000000000, 0.000000000000000000 ) ) ;
#7604 = COLOUR_RGB ( '',0.5019607843137254832, 0.5019607843137254832, 0.5019607843137254832 ) ;
#7605 = CARTESIAN_POINT ( 'NONE',  ( 63.43361523330388962, -8.512125508622778725, 15.96638476669609297 ) ) ;
#7606 = LINE ( 'NONE', #3407, #7269 ) ;
#7607 = FACE_OUTER_BOUND ( 'NONE', #4905, .T. ) ;
#7608 = ORIENTED_EDGE ( 'NONE', *, *, #1251, .F. ) ;
#7609 = EDGE_LOOP ( 'NONE', ( #2473, #3107, #7329, #4337, #5895 ) ) ;
#7610 = EDGE_CURVE ( 'NONE', #6142, #7660, #690, .T. ) ;
#7611 = CARTESIAN_POINT ( 'NONE',  ( -58.00000000000000000, -10.15147186257610912, 15.39999999999999680 ) ) ;
#7612 = DIRECTION ( 'NONE',  ( -1.000000000000000000, 0.000000000000000000, 0.000000000000000000 ) ) ;
#7613 = LINE ( 'NONE', #579, #6344 ) ;
#7614 = ADVANCED_FACE ( 'NONE', ( #97 ), #2490, .F. ) ;
#7615 = AXIS2_PLACEMENT_3D ( 'NONE', #1698, #5401, #6536 ) ;
#7616 = ORIENTED_EDGE ( 'NONE', *, *, #790, .F. ) ;
#7617 = EDGE_LOOP ( 'NONE', ( #5687, #1196, #1432, #3449 ) ) ;
#7618 = FACE_OUTER_BOUND ( 'NONE', #5278, .T. ) ;
#7619 = EDGE_CURVE ( 'NONE', #4207, #2008, #7200, .T. ) ;
#7620 = SURFACE_SIDE_STYLE ('',( #1499 ) ) ;
#7621 = ORIENTED_EDGE ( 'NONE', *, *, #3649, .T. ) ;
#7622 = ADVANCED_FACE ( 'NONE', ( #3749 ), #6188, .F. ) ;
#7623 = CARTESIAN_POINT ( 'NONE',  ( 58.60000000000000853, 10.39999999999996838, 16.00000000000000000 ) ) ;
#7624 = VECTOR ( 'NONE', #3488, 1000.000000000000000 ) ;
#7625 = EDGE_CURVE ( 'NONE', #2234, #5565, #259, .T. ) ;
#7626 = ORIENTED_EDGE ( 'NONE', *, *, #7128, .F. ) ;
#7627 = DIRECTION ( 'NONE',  ( -0.000000000000000000, 0.7317478313925263045, 0.6815754626248915482 ) ) ;
#7628 = AXIS2_PLACEMENT_3D ( 'NONE', #1410, #876, #1562 ) ;
#7629 = DIRECTION ( 'NONE',  ( 1.000000000000000000, 0.000000000000000000, 0.000000000000000000 ) ) ;
#7630 = CARTESIAN_POINT ( 'NONE',  ( -8.099999999999997868, 8.511903429903327378, -7.000000000000000000 ) ) ;
#7631 = CARTESIAN_POINT ( 'NONE',  ( -58.00000000000000000, 5.600668665453402362, 7.352952387243098187 ) ) ;
#7632 = VECTOR ( 'NONE', #6685, 1000.000000000000000 ) ;
#7633 = ORIENTED_EDGE ( 'NONE', *, *, #3858, .T. ) ;
#7634 = ORIENTED_EDGE ( 'NONE', *, *, #3332, .T. ) ;
#7635 = CARTESIAN_POINT ( 'NONE',  ( -62.49999999999998579, 15.99999999999995559, 7.950000000000023270 ) ) ;
#7636 = VERTEX_POINT ( 'NONE', #3316 ) ;
#7637 = DIRECTION ( 'NONE',  ( -1.000000000000000000, 0.000000000000000000, 0.000000000000000000 ) ) ;
#7638 = DIRECTION ( 'NONE',  ( -0.000000000000000000, 0.000000000000000000, -1.000000000000000000 ) ) ;
#7639 = DIRECTION ( 'NONE',  ( 0.000000000000000000, 1.000000000000000000, 0.000000000000000000 ) ) ;
#7640 = VECTOR ( 'NONE', #1021, 1000.000000000000000 ) ;
#7641 = DIRECTION ( 'NONE',  ( -0.000000000000000000, 0.000000000000000000, 1.000000000000000000 ) ) ;
#7642 = CARTESIAN_POINT ( 'NONE',  ( -63.40000000000001279, 8.934653975957925098, 16.00000000000000000 ) ) ;
#7643 = EDGE_LOOP ( 'NONE', ( #6450, #3146, #4920, #1422 ) ) ;
#7644 = EDGE_LOOP ( 'NONE', ( #4377, #383, #2645, #1452 ) ) ;
#7645 = FACE_OUTER_BOUND ( 'NONE', #3470, .T. ) ;
#7646 = CARTESIAN_POINT ( 'NONE',  ( -64.00000000000000000, 14.00000000000000000, 16.00000000000000000 ) ) ;
#7647 = EDGE_CURVE ( 'NONE', #389, #441, #2732, .T. ) ;
#7648 = ORIENTED_EDGE ( 'NONE', *, *, #1119, .T. ) ;
#7649 = AXIS2_PLACEMENT_3D ( 'NONE', #2778, #3880, #3995 ) ;
#7650 = ORIENTED_EDGE ( 'NONE', *, *, #2036, .F. ) ;
#7651 = CARTESIAN_POINT ( 'NONE',  ( 13.00000000000000711, 35.50000000000000000, -7.399999999999963052 ) ) ;
#7652 = VERTEX_POINT ( 'NONE', #4476 ) ;
#7653 = PLANE ( 'NONE',  #6795 ) ;
#7654 = ORIENTED_EDGE ( 'NONE', *, *, #5480, .F. ) ;
#7655 = FACE_OUTER_BOUND ( 'NONE', #344, .T. ) ;
#7656 = AXIS2_PLACEMENT_3D ( 'NONE', #3682, #3097, #4370 ) ;
#7657 = AXIS2_PLACEMENT_3D ( 'NONE', #975, #6993, #2814 ) ;
#7658 = EDGE_CURVE ( 'NONE', #4655, #2656, #1431, .T. ) ;
#7659 = EDGE_CURVE ( 'NONE', #5165, #4526, #5179, .T. ) ;
#7660 = VERTEX_POINT ( 'NONE', #3393 ) ;
#7661 = CARTESIAN_POINT ( 'NONE',  ( 58.00000000000000000, 3.185854099730716094, 5.499999999999380051 ) ) ;
#7662 = AXIS2_PLACEMENT_3D ( 'NONE', #1947, #6695, #1306 ) ;
#7663 = DIRECTION ( 'NONE',  ( 0.000000000000000000, 0.000000000000000000, 1.000000000000000000 ) ) ;
#7664 = EDGE_CURVE ( 'NONE', #5387, #4147, #6945, .T. ) ;
#7665 = LINE ( 'NONE', #7028, #7588 ) ;
#7666 = LINE ( 'NONE', #900, #4427 ) ;
#7667 = AXIS2_PLACEMENT_3D ( 'NONE', #4114, #1132, #2932 ) ;
#7668 = B_SPLINE_CURVE_WITH_KNOTS ( 'NONE', 3,
 ( #3373, #5154, #7450, #192 ),
 .UNSPECIFIED., .F., .F.,
 ( 4, 4 ),
 ( 0.000000000000000000, 0.0007123153312740171557 ),
 .UNSPECIFIED. ) ;
#7669 = ADVANCED_FACE ( 'NONE', ( #6269 ), #1582, .F. ) ;
#7670 = ORIENTED_EDGE ( 'NONE', *, *, #2600, .F. ) ;
#7671 = CARTESIAN_POINT ( 'NONE',  ( 58.00000000000000000, -23.40000000000001279, 6.000000000000000000 ) ) ;
#7672 = ORIENTED_EDGE ( 'NONE', *, *, #5247, .T. ) ;
#7673 = PLANE ( 'NONE',  #6898 ) ;
#7674 = VERTEX_POINT ( 'NONE', #6312 ) ;
#7675 = DIRECTION ( 'NONE',  ( 0.7071067811865482389, 0.6830127018922191873, 0.1830127018922172444 ) ) ;
#7676 = VECTOR ( 'NONE', #1002, 1000.000000000000000 ) ;
#7677 = LINE ( 'NONE', #3999, #4755 ) ;
#7678 = AXIS2_PLACEMENT_3D ( 'NONE', #4921, #40, #4462 ) ;
#7679 = PLANE ( 'NONE',  #4846 ) ;
#7680 = CARTESIAN_POINT ( 'NONE',  ( 12.00000000000000000, -10.00000000000000178, -8.000000000000000000 ) ) ;
#7681 = ORIENTED_EDGE ( 'NONE', *, *, #5452, .T. ) ;
#7682 = DIRECTION ( 'NONE',  ( -0.000000000000000000, -0.000000000000000000, 1.000000000000000000 ) ) ;
#7683 = AXIS2_PLACEMENT_3D ( 'NONE', #284, #6414, #996 ) ;
#7684 = DIRECTION ( 'NONE',  ( -0.000000000000000000, 0.000000000000000000, -1.000000000000000000 ) ) ;
#7685 = ORIENTED_EDGE ( 'NONE', *, *, #4665, .F. ) ;
#7686 = CIRCLE ( 'NONE', #4512, 2.099999999999999645 ) ;
#7687 = ORIENTED_EDGE ( 'NONE', *, *, #5943, .F. ) ;
#7688 = CARTESIAN_POINT ( 'NONE',  ( -62.99999999999998579, -14.00000000000000000, 6.000000000000000000 ) ) ;
#7689 = ORIENTED_EDGE ( 'NONE', *, *, #4865, .F. ) ;
#7690 = DIRECTION ( 'NONE',  ( 1.000000000000000000, 0.000000000000000000, 0.000000000000000000 ) ) ;
#7691 = ORIENTED_EDGE ( 'NONE', *, *, #6812, .F. ) ;
#7692 = CARTESIAN_POINT ( 'NONE',  ( 47.99999999999998579, -17.60000000000000142, -2.000000000000000000 ) ) ;
#7693 = AXIS2_PLACEMENT_3D ( 'NONE', #5077, #424, #6410 ) ;
#7694 = AXIS2_PLACEMENT_3D ( 'NONE', #6583, #5977, #2965 ) ;
#7695 = VERTEX_POINT ( 'NONE', #5058 ) ;
#7696 = CIRCLE ( 'NONE', #367, 1.099999999999998535 ) ;
#7697 = CARTESIAN_POINT ( 'NONE',  ( 1.900000000000003464, 18.00000000000000000, -5.800000000000000711 ) ) ;
#7698 = LINE ( 'NONE', #4659, #3078 ) ;
#7699 = DIRECTION ( 'NONE',  ( 0.000000000000000000, 0.000000000000000000, -1.000000000000000000 ) ) ;
#7700 = EDGE_CURVE ( 'NONE', #4116, #2703, #3912, .T. ) ;
#7701 = DIRECTION ( 'NONE',  ( -1.000000000000000000, 0.000000000000000000, 0.000000000000000000 ) ) ;
#7702 = CYLINDRICAL_SURFACE ( 'NONE', #6462, 10.00000000000000000 ) ;
#7703 = ORIENTED_EDGE ( 'NONE', *, *, #6340, .F. ) ;
#7704 = DIRECTION ( 'NONE',  ( -1.000000000000000000, 0.000000000000000000, -0.000000000000000000 ) ) ;
#7705 = ADVANCED_FACE ( 'NONE', ( #6903 ), #4558, .T. ) ;
#7706 = EDGE_LOOP ( 'NONE', ( #2549, #7334 ) ) ;
#7707 = AXIS2_PLACEMENT_3D ( 'NONE', #2150, #2771, #1007 ) ;
#7708 = DIRECTION ( 'NONE',  ( -0.7071067811865435759, -2.044391222244487264E-16, 0.7071067811865515695 ) ) ;
#7709 = EDGE_LOOP ( 'NONE', ( #6967, #1722, #1874, #2026 ) ) ;
#7710 = DIRECTION ( 'NONE',  ( 0.000000000000000000, 0.000000000000000000, -1.000000000000000000 ) ) ;
#7711 = CARTESIAN_POINT ( 'NONE',  ( -58.00000000000000000, -16.77573593128808582, 8.775735931288052072 ) ) ;
#7712 = FACE_OUTER_BOUND ( 'NONE', #4049, .T. ) ;
#7713 = EDGE_CURVE ( 'NONE', #37, #205, #4660, .T. ) ;
#7714 = FACE_OUTER_BOUND ( 'NONE', #5612, .T. ) ;
#7715 = EDGE_CURVE ( 'NONE', #5459, #5856, #7096, .T. ) ;
#7716 = CARTESIAN_POINT ( 'NONE',  ( -70.50293497956538147, -12.99201543247748170, 13.40798456752249912 ) ) ;
#7717 = CARTESIAN_POINT ( 'NONE',  ( 17.39999999999996660, -12.00000000000000355, -8.000000000000000000 ) ) ;
#7718 = EDGE_CURVE ( 'NONE', #1250, #4317, #4137, .T. ) ;
#7719 = VECTOR ( 'NONE', #4593, 1000.000000000000000 ) ;
#7720 = CARTESIAN_POINT ( 'NONE',  ( 8.099999999999997868, 8.511903429903327378, -7.000000000000000000 ) ) ;
#7721 = ORIENTED_EDGE ( 'NONE', *, *, #6480, .F. ) ;
#7722 = DIRECTION ( 'NONE',  ( 1.000000000000000000, 0.000000000000000000, 0.000000000000000000 ) ) ;
#7723 = VERTEX_POINT ( 'NONE', #7735 ) ;
#7724 = VERTEX_POINT ( 'NONE', #3068 ) ;
#7725 = CYLINDRICAL_SURFACE ( 'NONE', #6918, 4.000000000000000000 ) ;
#7726 = DIRECTION ( 'NONE',  ( 0.000000000000000000, -0.000000000000000000, -1.000000000000000000 ) ) ;
#7727 = EDGE_LOOP ( 'NONE', ( #7444, #136, #545, #4461 ) ) ;
#7728 = LINE ( 'NONE', #4052, #932 ) ;
#7729 = CARTESIAN_POINT ( 'NONE',  ( -63.40000000000001279, -14.00000000000000000, 16.00000000000000000 ) ) ;
#7730 = ORIENTED_EDGE ( 'NONE', *, *, #3226, .T. ) ;
#7731 = DIRECTION ( 'NONE',  ( -0.000000000000000000, -0.000000000000000000, -1.000000000000000000 ) ) ;
#7732 = PLANE ( 'NONE',  #6910 ) ;
#7733 = ORIENTED_EDGE ( 'NONE', *, *, #6651, .T. ) ;
#7734 = CARTESIAN_POINT ( 'NONE',  ( 63.99999999999998579, 23.40000000000001279, -7.000000000000000000 ) ) ;
#7735 = CARTESIAN_POINT ( 'NONE',  ( 17.39999999999999858, 11.99999999999999645, -2.000000000000000000 ) ) ;
#7736 = VECTOR ( 'NONE', #934, 1000.000000000000000 ) ;
#7737 = CARTESIAN_POINT ( 'NONE',  ( -64.00000000000000000, -14.00000000000000000, 6.000000000000000000 ) ) ;
#7738 = DIRECTION ( 'NONE',  ( -1.000000000000000000, 0.000000000000000000, 0.000000000000000000 ) ) ;
#7739 = ORIENTED_EDGE ( 'NONE', *, *, #2359, .F. ) ;
#7740 = VECTOR ( 'NONE', #3567, 1000.000000000000114 ) ;
#7741 = EDGE_CURVE ( 'NONE', #3686, #1956, #4811, .T. ) ;
#7742 = EDGE_LOOP ( 'NONE', ( #2557, #2625, #2041, #5658 ) ) ;
#7743 = PLANE ( 'NONE',  #6272 ) ;
#7744 = ORIENTED_EDGE ( 'NONE', *, *, #3089, .T. ) ;
#7745 = LINE ( 'NONE', #3510, #1444 ) ;
#7746 = DIRECTION ( 'NONE',  ( 0.000000000000000000, 1.000000000000000000, 1.837433013737340913E-16 ) ) ;
#7747 = CYLINDRICAL_SURFACE ( 'NONE', #7068, 1.899999999999999023 ) ;
#7748 = CIRCLE ( 'NONE', #2791, 2.000000000000000000 ) ;
#7749 = DIRECTION ( 'NONE',  ( 0.000000000000000000, -0.7071067811865515695, 0.7071067811865434649 ) ) ;
#7750 = DIRECTION ( 'NONE',  ( -1.000000000000000000, 0.000000000000000000, -0.000000000000000000 ) ) ;
#7751 = DIRECTION ( 'NONE',  ( 0.7071067811865475727, 0.4999999999999987788, 0.5000000000000011102 ) ) ;
#7752 = EDGE_CURVE ( 'NONE', #993, #3744, #4275, .T. ) ;
#7753 = EDGE_CURVE ( 'NONE', #6389, #254, #3501, .T. ) ;
#7754 = VECTOR ( 'NONE', #2158, 1000.000000000000114 ) ;
#7755 = CARTESIAN_POINT ( 'NONE',  ( -3.499999999999994227, 18.00000000000000000, -0.5000000000000000000 ) ) ;
#7756 = VERTEX_POINT ( 'NONE', #5395 ) ;
#7757 = EDGE_CURVE ( 'NONE', #6224, #1479, #3149, .T. ) ;
#7758 = VECTOR ( 'NONE', #6609, 1000.000000000000114 ) ;
#7759 = VERTEX_POINT ( 'NONE', #3111 ) ;
#7760 = EDGE_CURVE ( 'NONE', #3775, #7131, #6768, .T. ) ;
#7761 = EDGE_LOOP ( 'NONE', ( #6870, #5642, #7370, #118 ) ) ;
#7762 = DIRECTION ( 'NONE',  ( 0.000000000000000000, 0.000000000000000000, 1.000000000000000000 ) ) ;
#7763 = VECTOR ( 'NONE', #45, 1000.000000000000000 ) ;
#7764 = ORIENTED_EDGE ( 'NONE', *, *, #6931, .T. ) ;
#7765 = DIRECTION ( 'NONE',  ( -0.000000000000000000, 1.000000000000000000, -0.000000000000000000 ) ) ;
#7766 = FACE_OUTER_BOUND ( 'NONE', #3907, .T. ) ;
#7767 = ORIENTED_EDGE ( 'NONE', *, *, #1830, .F. ) ;
#7768 = CARTESIAN_POINT ( 'NONE',  ( -48.00000000000000000, -12.00000000000000000, -7.399999999999982592 ) ) ;
#7769 = VECTOR ( 'NONE', #2188, 1000.000000000000000 ) ;
#7770 = AXIS2_PLACEMENT_3D ( 'NONE', #3231, #6338, #4551 ) ;
#7771 = CARTESIAN_POINT ( 'NONE',  ( 9.678412199548674266, 5.928814155936074748, -2.000000000000000000 ) ) ;
#7772 = DIRECTION ( 'NONE',  ( 0.000000000000000000, -0.2588190451025180749, 0.9659258262890690894 ) ) ;
#7773 = LINE ( 'NONE', #1224, #4350 ) ;
#7774 = LINE ( 'NONE', #2190, #2425 ) ;
#7775 = FACE_OUTER_BOUND ( 'NONE', #854, .T. ) ;
#7776 = CARTESIAN_POINT ( 'NONE',  ( -53.60000000000000142, 12.00000000000001421, -2.000000000000000000 ) ) ;
#7777 = AXIS2_PLACEMENT_3D ( 'NONE', #6336, #919, #5127 ) ;
#7778 = ORIENTED_EDGE ( 'NONE', *, *, #7753, .T. ) ;
#7779 = ORIENTED_EDGE ( 'NONE', *, *, #6761, .T. ) ;
#7780 = DIRECTION ( 'NONE',  ( 1.000000000000000000, 0.000000000000000000, 0.000000000000000000 ) ) ;
#7781 = EDGE_LOOP ( 'NONE', ( #4120, #3302, #58, #1761, #1220 ) ) ;
#7782 = CARTESIAN_POINT ( 'NONE',  ( -58.00000000000000000, 10.15147186257610912, 15.39999999999999680 ) ) ;
#7783 = LINE ( 'NONE', #5290, #6051 ) ;
#7784 = PLANE ( 'NONE',  #5890 ) ;
#7785 = DIRECTION ( 'NONE',  ( -0.000000000000000000, 1.000000000000000000, -0.000000000000000000 ) ) ;
#7786 = AXIS2_PLACEMENT_3D ( 'NONE', #612, #6624, #1203 ) ;
#7787 = VECTOR ( 'NONE', #6533, 1000.000000000000000 ) ;
#7788 = DIRECTION ( 'NONE',  ( 0.000000000000000000, 0.000000000000000000, -1.000000000000000000 ) ) ;
#7789 = FACE_OUTER_BOUND ( 'NONE', #525, .T. ) ;
#7790 = EDGE_CURVE ( 'NONE', #7660, #2838, #496, .T. ) ;
#7791 = CARTESIAN_POINT ( 'NONE',  ( -58.00000000000000000, -14.00000000000000000, 6.000000000000000000 ) ) ;
#7792 = FACE_OUTER_BOUND ( 'NONE', #4327, .T. ) ;
#7793 = DIRECTION ( 'NONE',  ( 0.000000000000000000, -0.000000000000000000, -1.000000000000000000 ) ) ;
#7794 = ADVANCED_FACE ( 'NONE', ( #596 ), #6089, .T. ) ;
#7795 = VECTOR ( 'NONE', #7390, 1000.000000000000114 ) ;
#7796 = ADVANCED_FACE ( 'NONE', ( #6050 ), #6810, .F. ) ;
#7797 = ORIENTED_EDGE ( 'NONE', *, *, #5059, .F. ) ;
#7798 = ADVANCED_FACE ( 'NONE', ( #2479 ), #4886, .T. ) ;
#7799 = DIRECTION ( 'NONE',  ( -1.000000000000000000, -0.000000000000000000, -0.000000000000000000 ) ) ;
#7800 = LINE ( 'NONE', #4766, #5419 ) ;
#7801 = EDGE_LOOP ( 'NONE', ( #6031, #877, #7072, #2576, #3924, #5920, #2361, #7681 ) ) ;
#7802 = CARTESIAN_POINT ( 'NONE',  ( 62.99999999999998579, -18.98042485753536823, 12.63164529836050498 ) ) ;
#7803 = ORIENTED_EDGE ( 'NONE', *, *, #4042, .F. ) ;
#7804 = CARTESIAN_POINT ( 'NONE',  ( 58.00000000000000000, 14.00000000000000000, 6.000000000000000000 ) ) ;
#7805 = EDGE_CURVE ( 'NONE', #37, #3301, #3695, .T. ) ;
#7806 = EDGE_CURVE ( 'NONE', #2179, #5266, #128, .T. ) ;
#7807 = EDGE_CURVE ( 'NONE', #5820, #5048, #1336, .T. ) ;
#7808 = DIRECTION ( 'NONE',  ( 0.000000000000000000, 1.000000000000000000, 1.837433013737340913E-16 ) ) ;
#7809 = VERTEX_POINT ( 'NONE', #5570 ) ;
#7810 = DIRECTION ( 'NONE',  ( -1.000000000000000000, -1.982541115402064370E-16, 0.000000000000000000 ) ) ;
#7811 = DIRECTION ( 'NONE',  ( 1.000000000000000000, 0.000000000000000000, 0.000000000000000000 ) ) ;
#7812 = CONICAL_SURFACE ( 'NONE', #2612, 5.600000000000004086, 0.7853981633974490562 ) ;
#7813 = CARTESIAN_POINT ( 'NONE',  ( 58.60000000000000853, 0.000000000000000000, 16.00000000000000000 ) ) ;
#7814 = CYLINDRICAL_SURFACE ( 'NONE', #4764, 1.000000000000000888 ) ;
#7815 = DIRECTION ( 'NONE',  ( -1.000000000000000000, 0.000000000000000000, 0.000000000000000000 ) ) ;
#7816 = VECTOR ( 'NONE', #4511, 1000.000000000000000 ) ;
#7817 = ORIENTED_EDGE ( 'NONE', *, *, #5449, .F. ) ;
#7818 = CARTESIAN_POINT ( 'NONE',  ( 7.099999999999997868, 8.511903429903327378, -7.000000000000000000 ) ) ;
#7819 = ORIENTED_EDGE ( 'NONE', *, *, #6730, .T. ) ;
#7820 = CARTESIAN_POINT ( 'NONE',  ( -12.00000000000000000, -9.000000000000001776, -8.000000000000000000 ) ) ;
#7821 = ORIENTED_EDGE ( 'NONE', *, *, #4490, .T. ) ;
#7822 = DIRECTION ( 'NONE',  ( 0.000000000000000000, 0.000000000000000000, -1.000000000000000000 ) ) ;
#7823 = DIRECTION ( 'NONE',  ( -1.000000000000000000, 0.000000000000000000, 0.000000000000000000 ) ) ;
#7824 = CONICAL_SURFACE ( 'NONE', #365, 1.600000000000032063, 0.7853981633974432830 ) ;
#7825 = DIRECTION ( 'NONE',  ( 0.000000000000000000, 0.7071067811865491270, -0.7071067811865459074 ) ) ;
#7826 = DIRECTION ( 'NONE',  ( -0.000000000000000000, -0.000000000000000000, 1.000000000000000000 ) ) ;
#7827 = AXIS2_PLACEMENT_3D ( 'NONE', #4230, #1309, #7351 ) ;
#7828 = CARTESIAN_POINT ( 'NONE',  ( 63.99999999999998579, -3.185854099730718758, 7.999999999999395150 ) ) ;
#7829 = CARTESIAN_POINT ( 'NONE',  ( 10.25000000000000000, 8.300000000000901323, -7.000000000000000000 ) ) ;
#7830 = AXIS2_PLACEMENT_3D ( 'NONE', #4890, #7297, #2373 ) ;
#7831 = CARTESIAN_POINT ( 'NONE',  ( -14.58578643762690064, 34.49999999999999289, -2.600000000000031175 ) ) ;
#7832 = EDGE_CURVE ( 'NONE', #6696, #7090, #5084, .T. ) ;
#7833 = CARTESIAN_POINT ( 'NONE',  ( 4.531193156845206793E-15, 18.00000000000000000, -0.5000000000000000000 ) ) ;
#7834 = ORIENTED_EDGE ( 'NONE', *, *, #7832, .T. ) ;
#7835 = EDGE_CURVE ( 'NONE', #3156, #4373, #5009, .T. ) ;
#7836 = DIRECTION ( 'NONE',  ( 1.000000000000000000, 0.000000000000000000, 0.000000000000000000 ) ) ;
#7837 = DIRECTION ( 'NONE',  ( 0.000000000000000000, 0.6815754626248916592, 0.7317478313925263045 ) ) ;
#7838 = ORIENTED_EDGE ( 'NONE', *, *, #2225, .T. ) ;
#7839 = DIRECTION ( 'NONE',  ( 0.000000000000000000, 0.000000000000000000, -1.000000000000000000 ) ) ;
#7840 = CARTESIAN_POINT ( 'NONE',  ( 63.49999999999998579, -8.934653975957926875, 14.00000000000000000 ) ) ;
#7841 = ORIENTED_EDGE ( 'NONE', *, *, #1636, .T. ) ;
ENDSEC;
END-ISO-10303-21;
