ISO-10303-21;
HEADER;
FILE_DESCRIPTION (( 'STEP AP214' ),
    '1' );
FILE_NAME ('SO102.02.110 Board holder leader.STEP',
    '2026-09-18T15:05:29',
    ( '' ),
    ( '' ),
    'SwSTEP 2.0',
    'SolidWorks 2021',
    '' );
FILE_SCHEMA (( 'AUTOMOTIVE_DESIGN' ));
ENDSEC;

DATA;
#1 = EDGE_CURVE ( 'NONE', #4513, #1212, #4155, .T. ) ;
#2 = DIRECTION ( 'NONE',  ( 1.000000000000000000, 1.508455196501571183E-16, -0.000000000000000000 ) ) ;
#3 = VERTEX_POINT ( 'NONE', #3815 ) ;
#4 = DIRECTION ( 'NONE',  ( -5.782411586589358625E-16, 1.000000000000000000, 0.000000000000000000 ) ) ;
#5 = CARTESIAN_POINT ( 'NONE',  ( -18.59999999999999787, 1.999999999999996669, 20.39999999999999858 ) ) ;
#6 = ORIENTED_EDGE ( 'NONE', *, *, #3887, .T. ) ;
#7 = DIRECTION ( 'NONE',  ( 0.7071067811865459074, 7.913772473204492237E-17, 0.7071067811865491270 ) ) ;
#8 = CARTESIAN_POINT ( 'NONE',  ( 17.60000000000000142, -11.00000000000000711, 21.40000000000000924 ) ) ;
#9 = CARTESIAN_POINT ( 'NONE',  ( -12.39999999999998437, -14.90000000000000924, 8.500000000000000000 ) ) ;
#10 = ORIENTED_EDGE ( 'NONE', *, *, #1383, .T. ) ;
#11 = CARTESIAN_POINT ( 'NONE',  ( 12.50000000000000178, -18.00000000000000355, 28.00000000000000000 ) ) ;
#12 = CARTESIAN_POINT ( 'NONE',  ( -16.40000000000000568, 23.90000000000000213, 20.50000000000000000 ) ) ;
#13 = VERTEX_POINT ( 'NONE', #2818 ) ;
#14 = EDGE_CURVE ( 'NONE', #4589, #3633, #408, .T. ) ;
#15 = CARTESIAN_POINT ( 'NONE',  ( -9.500000000000000000, -24.80000000000000426, 0.5000000000000002220 ) ) ;
#16 = EDGE_LOOP ( 'NONE', ( #771, #2675, #1864, #3060, #4143, #2943 ) ) ;
#17 = DIRECTION ( 'NONE',  ( -2.168404344971008868E-16, -1.000000000000000000, 0.000000000000000000 ) ) ;
#18 = CARTESIAN_POINT ( 'NONE',  ( 17.60000000000001208, -11.00000000000000711, 19.40000000000000213 ) ) ;
#19 = EDGE_LOOP ( 'NONE', ( #2771, #1062, #2495, #1737 ) ) ;
#20 = VECTOR ( 'NONE', #4008, 1000.000000000000000 ) ;
#21 = EDGE_CURVE ( 'NONE', #2425, #2861, #318, .T. ) ;
#22 = VECTOR ( 'NONE', #670, 1000.000000000000114 ) ;
#23 = CARTESIAN_POINT ( 'NONE',  ( -15.21243556529822527, -20.10000000000000497, 0.000000000000000000 ) ) ;
#24 = ORIENTED_EDGE ( 'NONE', *, *, #2567, .T. ) ;
#25 = LINE ( 'NONE', #739, #3112 ) ;
#26 = LINE ( 'NONE', #1369, #2979 ) ;
#27 = ORIENTED_EDGE ( 'NONE', *, *, #317, .T. ) ;
#28 = VECTOR ( 'NONE', #158, 1000.000000000000000 ) ;
#29 = ADVANCED_FACE ( 'NONE', ( #2138 ), #4602, .F. ) ;
#30 = CARTESIAN_POINT ( 'NONE',  ( -12.59999999999999787, -23.10000000000001208, 8.500000000000000000 ) ) ;
#31 = AXIS2_PLACEMENT_3D ( 'NONE', #4531, #890, #4205 ) ;
#32 = CARTESIAN_POINT ( 'NONE',  ( -10.39999999999999858, -21.09999999999999432, 8.500000000000000000 ) ) ;
#33 = DIRECTION ( 'NONE',  ( 1.000000000000000000, 0.000000000000000000, 0.000000000000000000 ) ) ;
#34 = ORIENTED_EDGE ( 'NONE', *, *, #1006, .F. ) ;
#35 = EDGE_CURVE ( 'NONE', #509, #781, #1137, .T. ) ;
#36 = VECTOR ( 'NONE', #4151, 1000.000000000000000 ) ;
#37 = LINE ( 'NONE', #1801, #2294 ) ;
#38 = CIRCLE ( 'NONE', #1910, 3.499999999999999556 ) ;
#39 = CARTESIAN_POINT ( 'NONE',  ( -12.75000000000000888, -18.00000000000000711, 3.000000000000000000 ) ) ;
#40 = ORIENTED_EDGE ( 'NONE', *, *, #575, .T. ) ;
#41 = VECTOR ( 'NONE', #242, 1000.000000000000000 ) ;
#42 = DIRECTION ( 'NONE',  ( -0.7071067811865456854, 0.7071067811865493491, -0.000000000000000000 ) ) ;
#43 = ORIENTED_EDGE ( 'NONE', *, *, #756, .T. ) ;
#44 = FACE_OUTER_BOUND ( 'NONE', #2478, .T. ) ;
#45 = DIRECTION ( 'NONE',  ( 1.000000000000000000, 0.000000000000000000, 0.000000000000000000 ) ) ;
#46 = VECTOR ( 'NONE', #2879, 1000.000000000000000 ) ;
#47 = ORIENTED_EDGE ( 'NONE', *, *, #1352, .F. ) ;
#48 = VECTOR ( 'NONE', #2387, 1000.000000000000000 ) ;
#49 = CIRCLE ( 'NONE', #4034, 1.250000000000001110 ) ;
#50 = AXIS2_PLACEMENT_3D ( 'NONE', #1585, #507, #1938 ) ;
#51 = FACE_OUTER_BOUND ( 'NONE', #131, .T. ) ;
#52 = VERTEX_POINT ( 'NONE', #3290 ) ;
#53 = CARTESIAN_POINT ( 'NONE',  ( -19.99999999999999645, -23.10000000000000142, 28.00000000000000000 ) ) ;
#54 = EDGE_CURVE ( 'NONE', #359, #2621, #78, .T. ) ;
#55 = FACE_OUTER_BOUND ( 'NONE', #1322, .T. ) ;
#56 = ORIENTED_EDGE ( 'NONE', *, *, #3605, .T. ) ;
#57 = CARTESIAN_POINT ( 'NONE',  ( 15.74999999999995559, -15.75000000000010481, 3.000000000000000000 ) ) ;
#58 = CARTESIAN_POINT ( 'NONE',  ( -18.80000000000000782, -13.70000000000000817, 9.700000000000006395 ) ) ;
#59 = ADVANCED_FACE ( 'NONE', ( #3926 ), #3532, .T. ) ;
#60 = CARTESIAN_POINT ( 'NONE',  ( 10.40000000000000391, -21.10000000000000142, 8.500000000000000000 ) ) ;
#61 = CYLINDRICAL_SURFACE ( 'NONE', #3270, 1.249999999999999334 ) ;
#62 = ORIENTED_EDGE ( 'NONE', *, *, #2410, .F. ) ;
#63 = PLANE ( 'NONE',  #4473 ) ;
#64 = EDGE_CURVE ( 'NONE', #1936, #604, #1515, .T. ) ;
#65 = DIRECTION ( 'NONE',  ( 0.000000000000000000, 0.7071067811865495711, 0.7071067811865454633 ) ) ;
#66 = VERTEX_POINT ( 'NONE', #3152 ) ;
#67 = ORIENTED_EDGE ( 'NONE', *, *, #2638, .T. ) ;
#68 = DIRECTION ( 'NONE',  ( 5.782411586589358625E-16, -1.000000000000000000, -5.782411586589358625E-16 ) ) ;
#69 = LINE ( 'NONE', #1998, #730 ) ;
#70 = EDGE_LOOP ( 'NONE', ( #1900, #2122, #3841, #4020, #1173, #1147, #2971, #2298 ) ) ;
#71 = DIRECTION ( 'NONE',  ( 0.000000000000000000, 0.000000000000000000, -1.000000000000000000 ) ) ;
#72 = ORIENTED_EDGE ( 'NONE', *, *, #4053, .T. ) ;
#73 = CARTESIAN_POINT ( 'NONE',  ( 13.99999999999999822, 18.99999999999999645, 4.000000000000000000 ) ) ;
#74 = CARTESIAN_POINT ( 'NONE',  ( 12.50000000000000178, -18.00000000000000355, 3.000000000000000000 ) ) ;
#75 = ORIENTED_EDGE ( 'NONE', *, *, #3567, .F. ) ;
#76 = ADVANCED_FACE ( 'NONE', ( #3552, #3906 ), #3199, .T. ) ;
#77 = LINE ( 'NONE', #500, #1474 ) ;
#78 = LINE ( 'NONE', #2115, #845 ) ;
#79 = FACE_BOUND ( 'NONE', #4290, .T. ) ;
#80 = CARTESIAN_POINT ( 'NONE',  ( 9.499999999999998224, -15.50000000000000178, 0.5000000000000005551 ) ) ;
#81 = VERTEX_POINT ( 'NONE', #2950 ) ;
#82 = EDGE_CURVE ( 'NONE', #1591, #2079, #4631, .T. ) ;
#83 = CARTESIAN_POINT ( 'NONE',  ( -18.59999999999999432, -17.00000000000000355, 20.40000000000000213 ) ) ;
#84 = LINE ( 'NONE', #3316, #2585 ) ;
#85 = VERTEX_POINT ( 'NONE', #3853 ) ;
#86 = EDGE_CURVE ( 'NONE', #1552, #390, #1495, .T. ) ;
#87 = VERTEX_POINT ( 'NONE', #296 ) ;
#88 = CARTESIAN_POINT ( 'NONE',  ( -18.20338840203565312, 25.41608189969631582, 21.62548496021958044 ) ) ;
#89 = DIRECTION ( 'NONE',  ( 1.734723475976807094E-15, 0.000000000000000000, 1.000000000000000000 ) ) ;
#90 = EDGE_LOOP ( 'NONE', ( #4443, #483, #2798, #10 ) ) ;
#91 = CARTESIAN_POINT ( 'NONE',  ( 15.21243556529821106, 16.89999999999999858, 4.000000000000000000 ) ) ;
#92 = ORIENTED_EDGE ( 'NONE', *, *, #4634, .F. ) ;
#93 = DIRECTION ( 'NONE',  ( -5.782411586589358625E-16, 1.000000000000000000, 0.000000000000000000 ) ) ;
#94 = DIRECTION ( 'NONE',  ( -0.000000000000000000, -0.000000000000000000, -1.000000000000000000 ) ) ;
#95 = EDGE_LOOP ( 'NONE', ( #3554, #504, #3232, #4063 ) ) ;
#96 = FACE_OUTER_BOUND ( 'NONE', #3714, .T. ) ;
#97 = DIRECTION ( 'NONE',  ( 0.000000000000000000, 0.000000000000000000, -1.000000000000000000 ) ) ;
#98 = DIRECTION ( 'NONE',  ( 0.7071067811865449082, 7.913772473204481144E-17, -0.7071067811865502373 ) ) ;
#99 = PRESENTATION_STYLE_ASSIGNMENT (( #4363 ) ) ;
#100 = VECTOR ( 'NONE', #1928, 1000.000000000000000 ) ;
#101 = EDGE_LOOP ( 'NONE', ( #3859, #741, #2154, #2634, #3161, #3812, #3467, #3240 ) ) ;
#102 = VECTOR ( 'NONE', #4367, 1000.000000000000114 ) ;
#103 = DIRECTION ( 'NONE',  ( 4.336808689942014778E-16, 1.000000000000000000, 0.000000000000000000 ) ) ;
#104 = DIRECTION ( 'NONE',  ( -0.000000000000000000, -0.000000000000000000, 1.000000000000000000 ) ) ;
#105 = EDGE_CURVE ( 'NONE', #3900, #2652, #169, .T. ) ;
#106 = ORIENTED_EDGE ( 'NONE', *, *, #3561, .T. ) ;
#107 = VECTOR ( 'NONE', #1609, 1000.000000000000000 ) ;
#108 = CIRCLE ( 'NONE', #486, 2.000000000000001776 ) ;
#109 = CARTESIAN_POINT ( 'NONE',  ( 18.26417722549064138, 23.35579115963733443, 21.75921648566106725 ) ) ;
#110 = ADVANCED_FACE ( 'NONE', ( #4276 ), #1733, .T. ) ;
#111 = CARTESIAN_POINT ( 'NONE',  ( 17.60000000000000497, 16.99999999999999289, 19.40000000000000213 ) ) ;
#112 = VERTEX_POINT ( 'NONE', #627 ) ;
#113 = AXIS2_PLACEMENT_3D ( 'NONE', #3019, #786, #3666 ) ;
#114 = AXIS2_PLACEMENT_3D ( 'NONE', #3427, #4575, #2671 ) ;
#115 = MECHANICAL_DESIGN_GEOMETRIC_PRESENTATION_REPRESENTATION (  '', ( #1774 ), #1918 ) ;
#116 = CARTESIAN_POINT ( 'NONE',  ( 16.39999999999999858, 25.50000000000000355, 20.50000000000000000 ) ) ;
#117 = VERTEX_POINT ( 'NONE', #2491 ) ;
#118 = AXIS2_PLACEMENT_3D ( 'NONE', #2930, #3310, #2997 ) ;
#119 = CARTESIAN_POINT ( 'NONE',  ( -18.79999999999998650, -2.557866772420701806E-15, 28.00000000000000000 ) ) ;
#120 = ADVANCED_FACE ( 'NONE', ( #2931 ), #433, .F. ) ;
#121 = ORIENTED_EDGE ( 'NONE', *, *, #2016, .F. ) ;
#122 = CIRCLE ( 'NONE', #1551, 5.500000000000000000 ) ;
#123 = AXIS2_PLACEMENT_3D ( 'NONE', #466, #1812, #3255 ) ;
#124 = CARTESIAN_POINT ( 'NONE',  ( -18.39999999999999503, -23.10000000000001208, 8.500000000000000000 ) ) ;
#125 = LINE ( 'NONE', #473, #3639 ) ;
#126 = CARTESIAN_POINT ( 'NONE',  ( 9.499999999999996447, -24.29999999999999005, 0.000000000000000000 ) ) ;
#127 = ORIENTED_EDGE ( 'NONE', *, *, #1265, .F. ) ;
#128 = CARTESIAN_POINT ( 'NONE',  ( -15.21243556529821284, 21.10000000000000142, 4.000000000000000000 ) ) ;
#129 = DIRECTION ( 'NONE',  ( 0.000000000000000000, -2.602085213965217347E-15, -1.000000000000000000 ) ) ;
#130 = CARTESIAN_POINT ( 'NONE',  ( 11.57512886940358143, -18.00000000000000355, 0.000000000000000000 ) ) ;
#131 = EDGE_LOOP ( 'NONE', ( #3484, #2569, #1166, #3001 ) ) ;
#132 = EDGE_CURVE ( 'NONE', #1823, #931, #275, .T. ) ;
#133 = CARTESIAN_POINT ( 'NONE',  ( 12.74999999999999822, 18.99999999999999645, 8.500000000000000000 ) ) ;
#134 = EDGE_LOOP ( 'NONE', ( #2347, #2869, #618, #43, #964, #24 ) ) ;
#135 = PRODUCT_DEFINITION_SHAPE ( 'NONE', 'NONE',  #532 ) ;
#136 = EDGE_CURVE ( 'NONE', #248, #3, #3108, .T. ) ;
#137 = DIRECTION ( 'NONE',  ( 0.000000000000000000, 0.000000000000000000, -1.000000000000000000 ) ) ;
#138 = ORIENTED_EDGE ( 'NONE', *, *, #2956, .T. ) ;
#139 = PLANE ( 'NONE',  #2655 ) ;
#140 = CARTESIAN_POINT ( 'NONE',  ( -12.49999999999999645, -23.90000000000000213, 26.00000000000000355 ) ) ;
#141 = EDGE_LOOP ( 'NONE', ( #4441, #710, #812, #2544 ) ) ;
#142 = EDGE_CURVE ( 'NONE', #2262, #3275, #1191, .T. ) ;
#143 = CARTESIAN_POINT ( 'NONE',  ( -15.21243556529822527, -20.10000000000000497, 4.000000000000000000 ) ) ;
#144 = FACE_OUTER_BOUND ( 'NONE', #2923, .T. ) ;
#145 = DIRECTION ( 'NONE',  ( -0.8660254037844385966, 0.5000000000000003331, 0.000000000000000000 ) ) ;
#146 = CARTESIAN_POINT ( 'NONE',  ( -12.49999999999999645, -23.90000000000000213, 26.00000000000000355 ) ) ;
#147 = VERTEX_POINT ( 'NONE', #2265 ) ;
#148 = LINE ( 'NONE', #1500, #1995 ) ;
#149 = LINE ( 'NONE', #885, #425 ) ;
#150 = LINE ( 'NONE', #4457, #1760 ) ;
#151 = ORIENTED_EDGE ( 'NONE', *, *, #887, .T. ) ;
#152 = VERTEX_POINT ( 'NONE', #3754 ) ;
#153 = DIRECTION ( 'NONE',  ( 1.000000000000000000, 0.000000000000000000, -2.602085213965212614E-15 ) ) ;
#154 = ORIENTED_EDGE ( 'NONE', *, *, #3601, .T. ) ;
#155 = ADVANCED_FACE ( 'NONE', ( #3395 ), #828, .F. ) ;
#156 = DIRECTION ( 'NONE',  ( 0.5773502691896260641, 0.5773502691896256200, -0.5773502691896256200 ) ) ;
#157 = ORIENTED_EDGE ( 'NONE', *, *, #2850, .F. ) ;
#158 = DIRECTION ( 'NONE',  ( 1.000000000000000000, 1.508455196501571183E-16, -0.000000000000000000 ) ) ;
#159 = CARTESIAN_POINT ( 'NONE',  ( -18.59999999999999787, -11.00000000000000711, 20.40000000000000924 ) ) ;
#160 = EDGE_CURVE ( 'NONE', #2044, #738, #3706, .T. ) ;
#161 = EDGE_LOOP ( 'NONE', ( #2162, #1965, #3357 ) ) ;
#162 = LINE ( 'NONE', #143, #3734 ) ;
#163 = CARTESIAN_POINT ( 'NONE',  ( -18.40000000000000213, -14.90000000000001279, 8.500000000000000000 ) ) ;
#164 = DIRECTION ( 'NONE',  ( -0.000000000000000000, -0.000000000000000000, -1.000000000000000000 ) ) ;
#165 = DIRECTION ( 'NONE',  ( -0.8660254037844385966, 0.5000000000000003331, 0.000000000000000000 ) ) ;
#166 = EDGE_CURVE ( 'NONE', #1731, #4084, #2315, .T. ) ;
#167 = EDGE_LOOP ( 'NONE', ( #761, #415, #856, #2716 ) ) ;
#168 = DIRECTION ( 'NONE',  ( 1.927470528863118802E-16, -1.000000000000000000, -0.000000000000000000 ) ) ;
#169 = CIRCLE ( 'NONE', #4381, 4.699999999999990408 ) ;
#170 = LINE ( 'NONE', #905, #801 ) ;
#171 = DIRECTION ( 'NONE',  ( 1.000000000000000000, -0.000000000000000000, -0.000000000000000000 ) ) ;
#172 = ADVANCED_FACE ( 'NONE', ( #2624 ), #3354, .F. ) ;
#173 = ORIENTED_EDGE ( 'NONE', *, *, #1825, .F. ) ;
#174 = VERTEX_POINT ( 'NONE', #453 ) ;
#175 = CARTESIAN_POINT ( 'NONE',  ( -18.80000000000001492, 11.77848717028428993, 16.59999561272583435 ) ) ;
#176 = ORIENTED_EDGE ( 'NONE', *, *, #1063, .T. ) ;
#177 = ORIENTED_EDGE ( 'NONE', *, *, #3687, .T. ) ;
#178 = VECTOR ( 'NONE', #1450, 1000.000000000000000 ) ;
#179 = CARTESIAN_POINT ( 'NONE',  ( -14.00000000000000178, 18.99999999999999645, 8.500000000000000000 ) ) ;
#180 = DIRECTION ( 'NONE',  ( 0.000000000000000000, 0.000000000000000000, 1.000000000000000000 ) ) ;
#181 = ORIENTED_EDGE ( 'NONE', *, *, #3168, .F. ) ;
#182 = AXIS2_PLACEMENT_3D ( 'NONE', #1908, #3356, #33 ) ;
#183 = CARTESIAN_POINT ( 'NONE',  ( 11.57512886940358143, -18.00000000000000355, 4.000000000000000000 ) ) ;
#184 = ORIENTED_EDGE ( 'NONE', *, *, #1680, .T. ) ;
#185 = DIRECTION ( 'NONE',  ( 1.000000000000000000, -0.000000000000000000, 0.000000000000000000 ) ) ;
#186 = VECTOR ( 'NONE', #1425, 1000.000000000000000 ) ;
#187 = VECTOR ( 'NONE', #3126, 1000.000000000000000 ) ;
#188 = ORIENTED_EDGE ( 'NONE', *, *, #3994, .T. ) ;
#189 = AXIS2_PLACEMENT_3D ( 'NONE', #2179, #2533, #1727 ) ;
#190 = EDGE_CURVE ( 'NONE', #1058, #1878, #125, .T. ) ;
#191 = FACE_OUTER_BOUND ( 'NONE', #2549, .T. ) ;
#192 = CARTESIAN_POINT ( 'NONE',  ( 12.60000000000000675, -18.10000000000000142, 28.00000000000000000 ) ) ;
#193 = LINE ( 'NONE', #2014, #3503 ) ;
#194 = CARTESIAN_POINT ( 'NONE',  ( 19.10000000000000853, -17.00000000000000355, 20.89999999999999503 ) ) ;
#195 = ORIENTED_EDGE ( 'NONE', *, *, #1283, .F. ) ;
#196 = PRESENTATION_LAYER_ASSIGNMENT (  '', '', ( #1923 ) ) ;
#197 = VECTOR ( 'NONE', #1699, 1000.000000000000000 ) ;
#198 = EDGE_CURVE ( 'NONE', #3748, #3817, #1972, .T. ) ;
#199 = AXIS2_PLACEMENT_3D ( 'NONE', #2211, #3650, #420 ) ;
#200 = LINE ( 'NONE', #2767, #4630 ) ;
#201 = AXIS2_PLACEMENT_3D ( 'NONE', #836, #1126, #2517 ) ;
#202 = CARTESIAN_POINT ( 'NONE',  ( 14.00000000000000355, -18.00000000000000000, 8.500000000000000000 ) ) ;
#203 = LINE ( 'NONE', #1636, #4620 ) ;
#204 = ORIENTED_EDGE ( 'NONE', *, *, #2876, .T. ) ;
#205 = EDGE_CURVE ( 'NONE', #3956, #3633, #1163, .T. ) ;
#206 = ORIENTED_EDGE ( 'NONE', *, *, #1785, .T. ) ;
#207 = CARTESIAN_POINT ( 'NONE',  ( 9.000000000000000000, -25.50000000000000355, 2.204364238465235428E-15 ) ) ;
#208 = ORIENTED_EDGE ( 'NONE', *, *, #4080, .T. ) ;
#209 = PLANE ( 'NONE',  #4241 ) ;
#210 = VERTEX_POINT ( 'NONE', #524 ) ;
#211 = LINE ( 'NONE', #4442, #656 ) ;
#212 = ORIENTED_EDGE ( 'NONE', *, *, #3887, .F. ) ;
#213 = LINE ( 'NONE', #4164, #2434 ) ;
#214 = CARTESIAN_POINT ( 'NONE',  ( 15.21243556529821994, -15.89999999999999680, 4.000000000000000000 ) ) ;
#215 = VERTEX_POINT ( 'NONE', #546 ) ;
#216 = PLANE ( 'NONE',  #2230 ) ;
#217 = DIRECTION ( 'NONE',  ( 0.7071067811865485719, 0.000000000000000000, -0.7071067811865465735 ) ) ;
#218 = CARTESIAN_POINT ( 'NONE',  ( -10.39999999999999503, -16.90000000000000924, 3.000000000000000000 ) ) ;
#219 =( BOUNDED_CURVE ( )  B_SPLINE_CURVE ( 3, ( #3462, #249, #229, #982 ),
 .UNSPECIFIED., .F., .T. ) 
 B_SPLINE_CURVE_WITH_KNOTS ( ( 4, 4 ),
 ( 4.712388980384689674, 4.846120569794630129 ),
 .UNSPECIFIED. ) 
 CURVE ( )  GEOMETRIC_REPRESENTATION_ITEM ( )  RATIONAL_B_SPLINE_CURVE ( ( 1.000000000000000000, 0.9985102103653389349, 0.9985102103653389349, 1.000000000000000000 ) ) 
 REPRESENTATION_ITEM ( '' )  );
#220 = ORIENTED_EDGE ( 'NONE', *, *, #3828, .T. ) ;
#221 = EDGE_CURVE ( 'NONE', #4648, #3867, #1579, .T. ) ;
#222 = PRESENTATION_STYLE_ASSIGNMENT (( #3454 ) ) ;
#223 = LINE ( 'NONE', #4130, #1692 ) ;
#224 = CARTESIAN_POINT ( 'NONE',  ( 16.39999999999999858, 23.90000000000000213, 22.50000000000000000 ) ) ;
#225 = ORIENTED_EDGE ( 'NONE', *, *, #891, .F. ) ;
#226 = ADVANCED_FACE ( 'NONE', ( #1561 ), #2998, .F. ) ;
#227 = LINE ( 'NONE', #1287, #1614 ) ;
#228 = ORIENTED_EDGE ( 'NONE', *, *, #4035, .T. ) ;
#229 = CARTESIAN_POINT ( 'NONE',  ( -16.23342698825011965, 18.66840901864474844, 0.02235517996230255988 ) ) ;
#230 = EDGE_LOOP ( 'NONE', ( #2323, #765, #3644, #3461 ) ) ;
#231 = ADVANCED_FACE ( 'NONE', ( #144 ), #2691, .F. ) ;
#232 = FACE_OUTER_BOUND ( 'NONE', #403, .T. ) ;
#233 = ORIENTED_EDGE ( 'NONE', *, *, #2168, .T. ) ;
#234 = CARTESIAN_POINT ( 'NONE',  ( 18.39999999999999503, 25.22841614740048399, 22.50000000000000000 ) ) ;
#235 = ORIENTED_EDGE ( 'NONE', *, *, #522, .F. ) ;
#236 = FILL_AREA_STYLE_COLOUR ( '', #873 ) ;
#237 = FACE_OUTER_BOUND ( 'NONE', #1670, .T. ) ;
#238 = DIRECTION ( 'NONE',  ( -0.000000000000000000, -0.000000000000000000, -1.000000000000000000 ) ) ;
#239 = ORIENTED_EDGE ( 'NONE', *, *, #2324, .T. ) ;
#240 = CARTESIAN_POINT ( 'NONE',  ( -10.59999999999999254, -25.50000000000000355, 1.599999999999992539 ) ) ;
#241 = EDGE_CURVE ( 'NONE', #298, #4434, #4449, .T. ) ;
#242 = DIRECTION ( 'NONE',  ( -0.000000000000000000, -0.000000000000000000, -1.000000000000000000 ) ) ;
#243 = CARTESIAN_POINT ( 'NONE',  ( -18.40000000000000213, 18.00000000000000355, 20.50000000000000000 ) ) ;
#244 = ORIENTED_EDGE ( 'NONE', *, *, #2939, .F. ) ;
#245 = ORIENTED_EDGE ( 'NONE', *, *, #1102, .T. ) ;
#246 = DIRECTION ( 'NONE',  ( 0.5773502691896248429, -0.5773502691896278405, 0.5773502691896245098 ) ) ;
#247 = EDGE_CURVE ( 'NONE', #2079, #4513, #2729, .T. ) ;
#248 = VERTEX_POINT ( 'NONE', #4124 ) ;
#249 = CARTESIAN_POINT ( 'NONE',  ( -16.04068976059627971, 18.33457834783831686, -1.796184521388437699E-15 ) ) ;
#250 = ORIENTED_EDGE ( 'NONE', *, *, #1330, .T. ) ;
#251 = VECTOR ( 'NONE', #1275, 1000.000000000000000 ) ;
#252 = VECTOR ( 'NONE', #2346, 1000.000000000000000 ) ;
#253 = EDGE_CURVE ( 'NONE', #3433, #4104, #3420, .T. ) ;
#254 = PLANE ( 'NONE',  #499 ) ;
#255 = ORIENTED_EDGE ( 'NONE', *, *, #506, .T. ) ;
#256 = CARTESIAN_POINT ( 'NONE',  ( 17.60000000000000497, -25.50000000000000355, 28.00000000000000000 ) ) ;
#257 = CARTESIAN_POINT ( 'NONE',  ( -10.40000000000000213, 18.39999999999996305, 3.000000000000000000 ) ) ;
#258 = ORIENTED_EDGE ( 'NONE', *, *, #1583, .T. ) ;
#259 = VECTOR ( 'NONE', #2933, 1000.000000000000000 ) ;
#260 = ADVANCED_FACE ( 'NONE', ( #1979 ), #4101, .T. ) ;
#261 = DIRECTION ( 'NONE',  ( -0.000000000000000000, -0.000000000000000000, 1.000000000000000000 ) ) ;
#262 = VECTOR ( 'NONE', #3378, 1000.000000000000000 ) ;
#263 = DIRECTION ( 'NONE',  ( -1.000000000000000000, 0.000000000000000000, -0.000000000000000000 ) ) ;
#264 = DIRECTION ( 'NONE',  ( 0.5000000000000002220, -0.8660254037844384856, 0.000000000000000000 ) ) ;
#265 = ORIENTED_EDGE ( 'NONE', *, *, #4595, .F. ) ;
#266 = VECTOR ( 'NONE', #957, 1000.000000000000000 ) ;
#267 = AXIS2_PLACEMENT_3D ( 'NONE', #789, #480, #3380 ) ;
#268 = DIRECTION ( 'NONE',  ( -0.000000000000000000, -0.000000000000000000, -1.000000000000000000 ) ) ;
#269 = DIRECTION ( 'NONE',  ( 0.000000000000000000, -0.000000000000000000, -1.000000000000000000 ) ) ;
#270 = VECTOR ( 'NONE', #4544, 1000.000000000000000 ) ;
#271 = LINE ( 'NONE', #4651, #1837 ) ;
#272 = ORIENTED_EDGE ( 'NONE', *, *, #2627, .F. ) ;
#273 = VECTOR ( 'NONE', #71, 1000.000000000000000 ) ;
#274 = FACE_OUTER_BOUND ( 'NONE', #348, .T. ) ;
#275 = LINE ( 'NONE', #1710, #2431 ) ;
#276 = DIRECTION ( 'NONE',  ( 0.000000000000000000, -1.000000000000000000, 0.000000000000000000 ) ) ;
#277 = ORIENTED_EDGE ( 'NONE', *, *, #857, .T. ) ;
#278 = EDGE_CURVE ( 'NONE', #2232, #1902, #809, .T. ) ;
#279 = DIRECTION ( 'NONE',  ( 1.000000000000000000, 0.000000000000000000, 0.000000000000000000 ) ) ;
#280 = ORIENTED_EDGE ( 'NONE', *, *, #1522, .T. ) ;
#281 = CARTESIAN_POINT ( 'NONE',  ( 18.60000000000000853, -17.00000000000000355, 21.40000000000000213 ) ) ;
#282 = DIRECTION ( 'NONE',  ( 0.000000000000000000, -1.000000000000000000, 0.000000000000000000 ) ) ;
#283 = DIRECTION ( 'NONE',  ( 0.000000000000000000, 1.000000000000000000, 0.000000000000000000 ) ) ;
#284 = ORIENTED_EDGE ( 'NONE', *, *, #2770, .F. ) ;
#285 = ADVANCED_FACE ( 'NONE', ( #237 ), #2763, .F. ) ;
#286 = CARTESIAN_POINT ( 'NONE',  ( 12.50000000000000355, -24.29999999999999005, 0.000000000000000000 ) ) ;
#287 = CARTESIAN_POINT ( 'NONE',  ( -8.400000000000002132, -23.10000000000000142, 28.00000000000000000 ) ) ;
#288 = CARTESIAN_POINT ( 'NONE',  ( -15.21243556529821994, -15.90000000000000036, 0.000000000000000000 ) ) ;
#289 = ORIENTED_EDGE ( 'NONE', *, *, #2726, .T. ) ;
#290 = EDGE_CURVE ( 'NONE', #2409, #1816, #1347, .T. ) ;
#291 = CARTESIAN_POINT ( 'NONE',  ( -12.40000000000001634, 15.90000000000000036, 8.500000000000000000 ) ) ;
#292 = CARTESIAN_POINT ( 'NONE',  ( 17.59999999999999787, 16.99999999999999289, 21.40000000000000568 ) ) ;
#293 = CARTESIAN_POINT ( 'NONE',  ( -15.21243556529821284, 21.10000000000000142, 4.000000000000000000 ) ) ;
#294 = ORIENTED_EDGE ( 'NONE', *, *, #1687, .T. ) ;
#295 = CYLINDRICAL_SURFACE ( 'NONE', #1840, 1.999999999999994893 ) ;
#296 = CARTESIAN_POINT ( 'NONE',  ( -11.57512886940357433, 18.99999999999999645, 0.06696562634074618159 ) ) ;
#297 = DIRECTION ( 'NONE',  ( -0.000000000000000000, 0.000000000000000000, 1.000000000000000000 ) ) ;
#298 = VERTEX_POINT ( 'NONE', #4592 ) ;
#299 = CARTESIAN_POINT ( 'NONE',  ( -10.59999999999999076, -15.50000000000000178, 2.599999999999992539 ) ) ;
#300 = EDGE_LOOP ( 'NONE', ( #157, #1533, #1090, #4460 ) ) ;
#301 = CARTESIAN_POINT ( 'NONE',  ( 10.40000000000000036, 23.90000000000000568, 8.500000000000000000 ) ) ;
#302 = ADVANCED_FACE ( 'NONE', ( #3801 ), #4170, .F. ) ;
#303 = CARTESIAN_POINT ( 'NONE',  ( 14.00000000000000888, -18.00000000000000355, 3.000000000000000000 ) ) ;
#304 = CARTESIAN_POINT ( 'NONE',  ( 12.50000000000000178, -18.00000000000000355, 28.00000000000000000 ) ) ;
#305 = VERTEX_POINT ( 'NONE', #2106 ) ;
#306 =( NAMED_UNIT ( * ) SI_UNIT ( $, .STERADIAN. ) SOLID_ANGLE_UNIT ( ) );
#307 = LINE ( 'NONE', #2013, #3860 ) ;
#308 = EDGE_CURVE ( 'NONE', #938, #2872, #2428, .T. ) ;
#309 = LINE ( 'NONE', #1772, #3662 ) ;
#310 = EDGE_LOOP ( 'NONE', ( #3519, #2260, #2318, #3904 ) ) ;
#311 = CARTESIAN_POINT ( 'NONE',  ( -15.21243556529822527, -20.10000000000000497, 4.000000000000000000 ) ) ;
#312 = EDGE_CURVE ( 'NONE', #2563, #1014, #1744, .T. ) ;
#313 = CARTESIAN_POINT ( 'NONE',  ( 16.42487113059642567, 18.99999999999999645, 0.000000000000000000 ) ) ;
#314 = CARTESIAN_POINT ( 'NONE',  ( -10.59999999999999254, -15.50000000000000178, 1.599999999999992539 ) ) ;
#315 = ORIENTED_EDGE ( 'NONE', *, *, #3803, .T. ) ;
#316 = CARTESIAN_POINT ( 'NONE',  ( 16.66382961274119978, 25.50003268268005030, 20.51314119474325182 ) ) ;
#317 = EDGE_CURVE ( 'NONE', #2702, #4300, #3335, .T. ) ;
#318 = LINE ( 'NONE', #58, #4304 ) ;
#319 = DIRECTION ( 'NONE',  ( 0.000000000000000000, 0.000000000000000000, 1.000000000000000000 ) ) ;
#320 = ORIENTED_EDGE ( 'NONE', *, *, #2612, .F. ) ;
#321 = DIRECTION ( 'NONE',  ( 0.7071067811865477948, 0.000000000000000000, 0.7071067811865473507 ) ) ;
#322 = ORIENTED_EDGE ( 'NONE', *, *, #1102, .F. ) ;
#323 = VECTOR ( 'NONE', #4609, 1000.000000000000114 ) ;
#324 = DIRECTION ( 'NONE',  ( 0.000000000000000000, -1.000000000000000000, 0.000000000000000000 ) ) ;
#325 = DIRECTION ( 'NONE',  ( 1.000000000000000000, 4.336808689942016257E-16, -0.000000000000000000 ) ) ;
#326 = EDGE_LOOP ( 'NONE', ( #1042, #4558, #1307, #3111 ) ) ;
#327 = ORIENTED_EDGE ( 'NONE', *, *, #3938, .F. ) ;
#328 = CIRCLE ( 'NONE', #2141, 6.299999999999988276 ) ;
#329 = ADVANCED_FACE ( 'NONE', ( #1672 ), #3115, .F. ) ;
#330 = CARTESIAN_POINT ( 'NONE',  ( 14.00000000000000888, -18.00000000000000355, 4.000000000000000000 ) ) ;
#331 = DIRECTION ( 'NONE',  ( 1.000000000000000000, 0.000000000000000000, 0.000000000000000000 ) ) ;
#332 = DIRECTION ( 'NONE',  ( 1.000000000000000000, 1.101411730778927537E-15, 0.000000000000000000 ) ) ;
#333 = CONICAL_SURFACE ( 'NONE', #2664, 6.299999999999992717, 0.7853981633974453924 ) ;
#334 = ORIENTED_EDGE ( 'NONE', *, *, #3015, .T. ) ;
#335 = EDGE_CURVE ( 'NONE', #1014, #3966, #3542, .T. ) ;
#336 = AXIS2_PLACEMENT_3D ( 'NONE', #3227, #3905, #3575 ) ;
#337 = DIRECTION ( 'NONE',  ( 0.000000000000000000, 0.000000000000000000, -1.000000000000000000 ) ) ;
#338 = DIRECTION ( 'NONE',  ( -0.000000000000000000, -0.000000000000000000, 1.000000000000000000 ) ) ;
#339 = CARTESIAN_POINT ( 'NONE',  ( -20.00000000000001066, 11.77848717028428993, 16.59999561272583435 ) ) ;
#340 = ORIENTED_EDGE ( 'NONE', *, *, #3909, .T. ) ;
#341 = AXIS2_PLACEMENT_3D ( 'NONE', #553, #2696, #976 ) ;
#342 = VECTOR ( 'NONE', #168, 1000.000000000000000 ) ;
#343 = EDGE_CURVE ( 'NONE', #3350, #2254, #4215, .T. ) ;
#344 = VECTOR ( 'NONE', #3918, 1000.000000000000000 ) ;
#345 = FACE_OUTER_BOUND ( 'NONE', #4113, .T. ) ;
#346 = AXIS2_PLACEMENT_3D ( 'NONE', #330, #261, #1346 ) ;
#347 = CARTESIAN_POINT ( 'NONE',  ( -18.40000000000000213, 18.00000000000000355, 28.00000000000000000 ) ) ;
#348 = EDGE_LOOP ( 'NONE', ( #2144, #3635, #3804, #3374, #4368 ) ) ;
#349 = VECTOR ( 'NONE', #376, 1000.000000000000000 ) ;
#350 = VECTOR ( 'NONE', #1393, 1000.000000000000000 ) ;
#351 = EDGE_CURVE ( 'NONE', #1297, #1741, #307, .T. ) ;
#352 = CARTESIAN_POINT ( 'NONE',  ( 19.99999999999999645, 25.50000000000000355, 3.000000000000000000 ) ) ;
#353 = EDGE_LOOP ( 'NONE', ( #4538, #1486, #3481, #3230 ) ) ;
#354 = VECTOR ( 'NONE', #1220, 1000.000000000000000 ) ;
#355 = CARTESIAN_POINT ( 'NONE',  ( -15.21243556529821817, 16.89999999999999858, 4.000000000000000000 ) ) ;
#356 = DIRECTION ( 'NONE',  ( 1.000000000000000000, -0.000000000000000000, 1.734723475976807094E-15 ) ) ;
#357 = EDGE_LOOP ( 'NONE', ( #4338, #4560, #1206, #3387 ) ) ;
#358 = FACE_OUTER_BOUND ( 'NONE', #1658, .T. ) ;
#359 = VERTEX_POINT ( 'NONE', #574 ) ;
#360 = CARTESIAN_POINT ( 'NONE',  ( 19.99999999999999645, 23.90000000000000213, 18.50000000000000711 ) ) ;
#361 = DIRECTION ( 'NONE',  ( 0.000000000000000000, 0.7071067811865495711, -0.7071067811865454633 ) ) ;
#362 = VERTEX_POINT ( 'NONE', #2357 ) ;
#363 = DIRECTION ( 'NONE',  ( -1.000000000000000000, -1.119176436114069085E-16, 0.000000000000000000 ) ) ;
#364 = PLANE ( 'NONE',  #3278 ) ;
#365 = LINE ( 'NONE', #2843, #4319 ) ;
#366 = EDGE_CURVE ( 'NONE', #3275, #3236, #1652, .T. ) ;
#367 = ORIENTED_EDGE ( 'NONE', *, *, #1638, .F. ) ;
#368 = DIRECTION ( 'NONE',  ( 1.000000000000000000, 1.360567432138672081E-16, -0.000000000000000000 ) ) ;
#369 = DIRECTION ( 'NONE',  ( 1.360567432138672328E-16, -1.000000000000000000, 2.891205793294678819E-16 ) ) ;
#370 = EDGE_CURVE ( 'NONE', #4212, #1338, #2279, .T. ) ;
#371 = ORIENTED_EDGE ( 'NONE', *, *, #2909, .F. ) ;
#372 = PLANE ( 'NONE',  #201 ) ;
#373 = ORIENTED_EDGE ( 'NONE', *, *, #2182, .F. ) ;
#374 = DIRECTION ( 'NONE',  ( -0.8660254037844388186, -0.4999999999999998335, 0.000000000000000000 ) ) ;
#375 = EDGE_CURVE ( 'NONE', #4530, #3350, #2033, .T. ) ;
#376 = DIRECTION ( 'NONE',  ( -0.7071067811865495711, 0.7071067811865454633, 0.000000000000000000 ) ) ;
#377 = ORIENTED_EDGE ( 'NONE', *, *, #4291, .T. ) ;
#378 = DIRECTION ( 'NONE',  ( -0.000000000000000000, -0.000000000000000000, -1.000000000000000000 ) ) ;
#379 = ORIENTED_EDGE ( 'NONE', *, *, #800, .T. ) ;
#380 = LINE ( 'NONE', #360, #707 ) ;
#381 = LINE ( 'NONE', #1464, #344 ) ;
#382 = ORIENTED_EDGE ( 'NONE', *, *, #1459, .F. ) ;
#383 = FACE_OUTER_BOUND ( 'NONE', #3741, .T. ) ;
#384 = CARTESIAN_POINT ( 'NONE',  ( -18.80000000000000426, -13.70000000000000817, 11.70000000000000462 ) ) ;
#385 = CARTESIAN_POINT ( 'NONE',  ( 15.59999999999998010, -14.90000000000000746, 8.500000000000000000 ) ) ;
#386 = VERTEX_POINT ( 'NONE', #950 ) ;
#387 = EDGE_CURVE ( 'NONE', #3600, #4604, #2388, .T. ) ;
#388 = DIRECTION ( 'NONE',  ( 1.000000000000000000, 0.000000000000000000, 0.000000000000000000 ) ) ;
#389 = CARTESIAN_POINT ( 'NONE',  ( -11.57512886940357433, 18.99999999999999645, 0.06696562634074618159 ) ) ;
#390 = VERTEX_POINT ( 'NONE', #1723 ) ;
#391 = ADVANCED_FACE ( 'NONE', ( #3825, #595, #1019 ), #4194, .F. ) ;
#392 = FACE_OUTER_BOUND ( 'NONE', #1466, .T. ) ;
#393 = EDGE_LOOP ( 'NONE', ( #3565, #1055, #1681, #872 ) ) ;
#394 = CARTESIAN_POINT ( 'NONE',  ( -15.21243556529821994, -15.90000000000000036, 4.000000000000000000 ) ) ;
#395 = LINE ( 'NONE', #3321, #655 ) ;
#396 = ORIENTED_EDGE ( 'NONE', *, *, #1093, .F. ) ;
#397 = EDGE_CURVE ( 'NONE', #587, #3911, #849, .T. ) ;
#398 = AXIS2_PLACEMENT_3D ( 'NONE', #4225, #1002, #2441 ) ;
#399 = LINE ( 'NONE', #4334, #273 ) ;
#400 = VERTEX_POINT ( 'NONE', #4288 ) ;
#401 = PLANE ( 'NONE',  #4013 ) ;
#402 = CARTESIAN_POINT ( 'NONE',  ( -16.42487113059643633, -18.00000000000000711, 4.000000000000000000 ) ) ;
#403 = EDGE_LOOP ( 'NONE', ( #1355, #1412, #2706, #4355 ) ) ;
#404 = AXIS2_PLACEMENT_3D ( 'NONE', #4003, #4356, #4646 ) ;
#405 = EDGE_CURVE ( 'NONE', #1179, #1058, #3032, .T. ) ;
#406 = PLANE ( 'NONE',  #572 ) ;
#407 = VECTOR ( 'NONE', #2650, 1000.000000000000000 ) ;
#408 = LINE ( 'NONE', #4361, #1146 ) ;
#409 = FACE_OUTER_BOUND ( 'NONE', #668, .T. ) ;
#410 = CARTESIAN_POINT ( 'NONE',  ( 17.60000000000000497, -18.10000000000000142, 28.00000000000000000 ) ) ;
#411 = VERTEX_POINT ( 'NONE', #1133 ) ;
#412 = CARTESIAN_POINT ( 'NONE',  ( -12.49999999999999645, -18.00000000000000355, 26.00000000000000355 ) ) ;
#413 = CIRCLE ( 'NONE', #4321, 5.900000000000000355 ) ;
#414 = CARTESIAN_POINT ( 'NONE',  ( 18.40000000000000568, 15.90000000000000391, 3.000000000000000000 ) ) ;
#415 = ORIENTED_EDGE ( 'NONE', *, *, #82, .F. ) ;
#416 = AXIS2_PLACEMENT_3D ( 'NONE', #3528, #2842, #1818 ) ;
#417 = VECTOR ( 'NONE', #4014, 999.9999999999998863 ) ;
#418 = EDGE_LOOP ( 'NONE', ( #2928, #1386, #3128, #2459 ) ) ;
#419 = DIRECTION ( 'NONE',  ( 1.360567432138672081E-16, -1.000000000000000000, 0.000000000000000000 ) ) ;
#420 = DIRECTION ( 'NONE',  ( 0.000000000000000000, 0.000000000000000000, -1.000000000000000000 ) ) ;
#421 = AXIS2_PLACEMENT_3D ( 'NONE', #2312, #4468, #3490 ) ;
#422 = ORIENTED_EDGE ( 'NONE', *, *, #1785, .F. ) ;
#423 = VECTOR ( 'NONE', #4049, 1000.000000000000000 ) ;
#424 = EDGE_CURVE ( 'NONE', #1823, #3433, #552, .T. ) ;
#425 = VECTOR ( 'NONE', #42, 1000.000000000000000 ) ;
#426 = DIRECTION ( 'NONE',  ( 0.7071067811865501263, 0.000000000000000000, -0.7071067811865450192 ) ) ;
#427 = ORIENTED_EDGE ( 'NONE', *, *, #896, .T. ) ;
#428 = CARTESIAN_POINT ( 'NONE',  ( 0.000000000000000000, 18.00000000000000355, 0.000000000000000000 ) ) ;
#429 = CARTESIAN_POINT ( 'NONE',  ( 18.79999999999998295, 18.00000000000000355, 7.500000000000000000 ) ) ;
#430 = EDGE_CURVE ( 'NONE', #822, #2563, #2570, .T. ) ;
#431 = ORIENTED_EDGE ( 'NONE', *, *, #1892, .F. ) ;
#432 = DIRECTION ( 'NONE',  ( 4.336808689942013299E-16, -1.000000000000000000, 0.000000000000000000 ) ) ;
#433 = PLANE ( 'NONE',  #1000 ) ;
#434 = DIRECTION ( 'NONE',  ( -0.000000000000000000, 0.000000000000000000, -1.000000000000000000 ) ) ;
#435 = DIRECTION ( 'NONE',  ( -0.000000000000000000, -0.000000000000000000, 1.000000000000000000 ) ) ;
#436 = EDGE_CURVE ( 'NONE', #985, #1936, #3658, .T. ) ;
#437 = ORIENTED_EDGE ( 'NONE', *, *, #2466, .T. ) ;
#438 = DIRECTION ( 'NONE',  ( -1.360567432138672081E-16, 1.000000000000000000, 0.000000000000000000 ) ) ;
#439 = LINE ( 'NONE', #2253, #4613 ) ;
#440 = ORIENTED_EDGE ( 'NONE', *, *, #86, .F. ) ;
#441 = ORIENTED_EDGE ( 'NONE', *, *, #1292, .T. ) ;
#442 = CARTESIAN_POINT ( 'NONE',  ( -16.40000000000000568, 25.50000000000000355, 20.50000000000000000 ) ) ;
#443 = CARTESIAN_POINT ( 'NONE',  ( -19.99999999999999645, -13.70000000000000817, 11.70000000000000462 ) ) ;
#444 = ORIENTED_EDGE ( 'NONE', *, *, #2499, .T. ) ;
#445 = EDGE_CURVE ( 'NONE', #1666, #3366, #2528, .T. ) ;
#446 = DIRECTION ( 'NONE',  ( -0.7071067811865531239, 7.913772473204574821E-17, 0.7071067811865417996 ) ) ;
#447 = EDGE_LOOP ( 'NONE', ( #1664, #195, #4470, #3680 ) ) ;
#448 = CARTESIAN_POINT ( 'NONE',  ( -18.59999999999998721, -28.00000000000001066, 20.40000000000000213 ) ) ;
#449 = DIRECTION ( 'NONE',  ( 1.000000000000000000, 1.508455196501571183E-16, -0.000000000000000000 ) ) ;
#450 = ORIENTED_EDGE ( 'NONE', *, *, #3132, .T. ) ;
#451 = EDGE_CURVE ( 'NONE', #3445, #4303, #3964, .T. ) ;
#452 = FACE_OUTER_BOUND ( 'NONE', #4347, .T. ) ;
#453 = CARTESIAN_POINT ( 'NONE',  ( 18.60000000000000497, 16.99999999999999289, 20.39999999999999503 ) ) ;
#454 = DIRECTION ( 'NONE',  ( -1.000000000000000000, 0.000000000000000000, 0.000000000000000000 ) ) ;
#455 = LINE ( 'NONE', #3619, #2964 ) ;
#456 = ORIENTED_EDGE ( 'NONE', *, *, #1805, .F. ) ;
#457 = EDGE_CURVE ( 'NONE', #798, #2427, #25, .T. ) ;
#458 = CARTESIAN_POINT ( 'NONE',  ( 17.60000000000000142, 10.99999999999999645, 19.40000000000000213 ) ) ;
#459 = CARTESIAN_POINT ( 'NONE',  ( -17.60000000000000142, -7.700000000000009948, 11.70000000000000462 ) ) ;
#460 = EDGE_LOOP ( 'NONE', ( #3719, #2504, #220 ) ) ;
#461 = EDGE_CURVE ( 'NONE', #1936, #3259, #380, .T. ) ;
#462 = ORIENTED_EDGE ( 'NONE', *, *, #1791, .T. ) ;
#463 = CARTESIAN_POINT ( 'NONE',  ( 18.39999999999999503, 23.12347538297980165, 22.50000000000000000 ) ) ;
#464 = CARTESIAN_POINT ( 'NONE',  ( -12.78756443470179782, -15.90000000000000036, 0.000000000000000000 ) ) ;
#465 = ORIENTED_EDGE ( 'NONE', *, *, #4517, .T. ) ;
#466 = CARTESIAN_POINT ( 'NONE',  ( -15.21243556529822527, -20.10000000000000497, 4.000000000000000000 ) ) ;
#467 = ORIENTED_EDGE ( 'NONE', *, *, #4086, .T. ) ;
#468 = DIRECTION ( 'NONE',  ( -1.360567432138672081E-16, 1.000000000000000000, 0.000000000000000000 ) ) ;
#469 = SURFACE_STYLE_USAGE ( .BOTH. , #3723 ) ;
#470 = ORIENTED_EDGE ( 'NONE', *, *, #3294, .T. ) ;
#471 = VECTOR ( 'NONE', #1906, 1000.000000000000227 ) ;
#472 = FACE_OUTER_BOUND ( 'NONE', #3398, .T. ) ;
#473 = CARTESIAN_POINT ( 'NONE',  ( 17.60000000000000497, -25.50000000000000355, 8.500000000000000000 ) ) ;
#474 = CYLINDRICAL_SURFACE ( 'NONE', #3953, 7.500000000000000000 ) ;
#475 = CARTESIAN_POINT ( 'NONE',  ( 19.99999999999999645, 18.00000000000000355, 20.50000000000000000 ) ) ;
#476 = AXIS2_PLACEMENT_3D ( 'NONE', #3446, #3861, #185 ) ;
#477 = ORIENTED_EDGE ( 'NONE', *, *, #4654, .T. ) ;
#478 = ADVANCED_FACE ( 'NONE', ( #2176, #1795 ), #2926, .T. ) ;
#479 = VECTOR ( 'NONE', #3816, 1000.000000000000000 ) ;
#480 = DIRECTION ( 'NONE',  ( 1.000000000000000000, 1.360567432138672328E-16, -0.000000000000000000 ) ) ;
#481 = DIRECTION ( 'NONE',  ( -1.000000000000000000, -0.000000000000000000, -0.000000000000000000 ) ) ;
#482 = CARTESIAN_POINT ( 'NONE',  ( 10.59999999999999076, -25.50000000000000355, 2.599999999999995204 ) ) ;
#483 = ORIENTED_EDGE ( 'NONE', *, *, #3520, .T. ) ;
#484 = AXIS2_PLACEMENT_3D ( 'NONE', #3025, #4180, #4201 ) ;
#485 = EDGE_CURVE ( 'NONE', #3417, #634, #1045, .T. ) ;
#486 = AXIS2_PLACEMENT_3D ( 'NONE', #2136, #3245, #2114 ) ;
#487 = CARTESIAN_POINT ( 'NONE',  ( -10.39999999999999858, -21.09999999999999432, 3.000000000000000000 ) ) ;
#488 = ORIENTED_EDGE ( 'NONE', *, *, #1781, .T. ) ;
#489 = ADVANCED_FACE ( 'NONE', ( #1771 ), #690, .T. ) ;
#490 = AXIS2_PLACEMENT_3D ( 'NONE', #3044, #576, #1280 ) ;
#491 = AXIS2_PLACEMENT_3D ( 'NONE', #2577, #3003, #2647 ) ;
#492 = DIRECTION ( 'NONE',  ( -0.000000000000000000, -0.000000000000000000, -1.000000000000000000 ) ) ;
#493 = ORIENTED_EDGE ( 'NONE', *, *, #517, .T. ) ;
#494 = VECTOR ( 'NONE', #1883, 1000.000000000000000 ) ;
#495 = DIRECTION ( 'NONE',  ( -1.000000000000000000, 0.000000000000000000, -0.000000000000000000 ) ) ;
#496 = PLANE ( 'NONE',  #4628 ) ;
#497 = ORIENTED_EDGE ( 'NONE', *, *, #4018, .T. ) ;
#498 = MECHANICAL_DESIGN_GEOMETRIC_PRESENTATION_REPRESENTATION (  '', ( #1923 ), #2833 ) ;
#499 = AXIS2_PLACEMENT_3D ( 'NONE', #4229, #683, #4207 ) ;
#500 = CARTESIAN_POINT ( 'NONE',  ( 12.78756443470179249, -20.10000000000000142, 0.000000000000000000 ) ) ;
#501 = DIRECTION ( 'NONE',  ( -5.782411586589358625E-16, 1.000000000000000000, -0.000000000000000000 ) ) ;
#502 = DIRECTION ( 'NONE',  ( 0.000000000000000000, 0.000000000000000000, -1.000000000000000000 ) ) ;
#503 = CARTESIAN_POINT ( 'NONE',  ( -16.42487113059643633, -18.00000000000000711, 4.000000000000000000 ) ) ;
#504 = ORIENTED_EDGE ( 'NONE', *, *, #1357, .F. ) ;
#505 = DIRECTION ( 'NONE',  ( -1.000000000000000000, -1.927470528863119542E-16, 0.000000000000000000 ) ) ;
#506 = EDGE_CURVE ( 'NONE', #1418, #4422, #1421, .T. ) ;
#507 = DIRECTION ( 'NONE',  ( -1.000000000000000000, 0.000000000000000000, 0.000000000000000000 ) ) ;
#508 = CARTESIAN_POINT ( 'NONE',  ( 11.95931023940372029, 18.33457834783831686, -1.796184521388437699E-15 ) ) ;
#509 = VERTEX_POINT ( 'NONE', #4308 ) ;
#510 = VERTEX_POINT ( 'NONE', #3238 ) ;
#511 = EDGE_CURVE ( 'NONE', #3991, #521, #1814, .T. ) ;
#512 = ORIENTED_EDGE ( 'NONE', *, *, #4487, .F. ) ;
#513 = EDGE_LOOP ( 'NONE', ( #4234, #1041, #3441, #367, #1406 ) ) ;
#514 = DIRECTION ( 'NONE',  ( 0.000000000000000000, 0.000000000000000000, 1.000000000000000000 ) ) ;
#515 =( NAMED_UNIT ( * ) PLANE_ANGLE_UNIT ( ) SI_UNIT ( $, .RADIAN. ) );
#516 = ORIENTED_EDGE ( 'NONE', *, *, #979, .T. ) ;
#517 = EDGE_CURVE ( 'NONE', #2861, #1996, #1065, .T. ) ;
#518 = FACE_OUTER_BOUND ( 'NONE', #3890, .T. ) ;
#519 = ORIENTED_EDGE ( 'NONE', *, *, #4073, .T. ) ;
#520 = CARTESIAN_POINT ( 'NONE',  ( 12.78756443470179782, -15.89999999999999680, 4.000000000000000000 ) ) ;
#521 = VERTEX_POINT ( 'NONE', #3563 ) ;
#522 = EDGE_CURVE ( 'NONE', #1990, #3678, #1113, .T. ) ;
#523 = DIRECTION ( 'NONE',  ( 0.000000000000000000, -1.000000000000000000, 0.000000000000000000 ) ) ;
#524 = CARTESIAN_POINT ( 'NONE',  ( 8.399999999999984368, -23.10000000000000142, 2.999999999999999112 ) ) ;
#525 = CARTESIAN_POINT ( 'NONE',  ( -18.60000000000000142, 1.999999999999996669, 20.40000000000000213 ) ) ;
#526 = CYLINDRICAL_SURFACE ( 'NONE', #3349, 1.999999999999994893 ) ;
#527 = ORIENTED_EDGE ( 'NONE', *, *, #3938, .T. ) ;
#528 = DIRECTION ( 'NONE',  ( 0.000000000000000000, 1.000000000000000000, 0.000000000000000000 ) ) ;
#529 = CARTESIAN_POINT ( 'NONE',  ( -11.57512886940357433, 18.99999999999999645, 0.000000000000000000 ) ) ;
#530 = CARTESIAN_POINT ( 'NONE',  ( -20.00000000000000355, 21.10000000000000142, 0.6706515684144505052 ) ) ;
#531 = VERTEX_POINT ( 'NONE', #3984 ) ;
#532 = PRODUCT_DEFINITION ( 'UNKNOWN', '', #1480, #4270 ) ;
#533 = ORIENTED_EDGE ( 'NONE', *, *, #1323, .T. ) ;
#534 = ORIENTED_EDGE ( 'NONE', *, *, #522, .T. ) ;
#535 = LINE ( 'NONE', #4114, #4388 ) ;
#536 = DIRECTION ( 'NONE',  ( 1.000000000000000000, 0.000000000000000000, 0.000000000000000000 ) ) ;
#537 = ORIENTED_EDGE ( 'NONE', *, *, #4199, .F. ) ;
#538 = EDGE_CURVE ( 'NONE', #3981, #3786, #2859, .T. ) ;
#539 = CARTESIAN_POINT ( 'NONE',  ( 10.40000000000000213, -16.90000000000000924, 8.500000000000000000 ) ) ;
#540 = ORIENTED_EDGE ( 'NONE', *, *, #1989, .F. ) ;
#541 = LINE ( 'NONE', #2758, #2209 ) ;
#542 = LINE ( 'NONE', #3822, #2233 ) ;
#543 = ORIENTED_EDGE ( 'NONE', *, *, #343, .F. ) ;
#544 = ADVANCED_FACE ( 'NONE', ( #3634 ), #401, .F. ) ;
#545 = DIRECTION ( 'NONE',  ( -0.000000000000000000, -0.000000000000000000, 1.000000000000000000 ) ) ;
#546 = CARTESIAN_POINT ( 'NONE',  ( 18.79999999999998295, 18.00000000000000355, 0.000000000000000000 ) ) ;
#547 = LINE ( 'NONE', #951, #868 ) ;
#548 = CARTESIAN_POINT ( 'NONE',  ( -12.78756443470179605, -20.10000000000000497, 4.000000000000000000 ) ) ;
#549 = ORIENTED_EDGE ( 'NONE', *, *, #682, .T. ) ;
#550 = ADVANCED_FACE ( 'NONE', ( #2658 ), #3722, .F. ) ;
#551 = DIRECTION ( 'NONE',  ( -0.000000000000000000, -1.000000000000000000, -0.000000000000000000 ) ) ;
#552 = CIRCLE ( 'NONE', #4608, 7.500000000000001776 ) ;
#553 = CARTESIAN_POINT ( 'NONE',  ( -18.40000000000000213, 18.00000000000000355, 20.50000000000000000 ) ) ;
#554 = CARTESIAN_POINT ( 'NONE',  ( -17.60000000000000497, 23.90000000000000213, 20.50000000000000000 ) ) ;
#555 = EDGE_LOOP ( 'NONE', ( #1943, #3188, #373, #1110 ) ) ;
#556 = VECTOR ( 'NONE', #3628, 1000.000000000000000 ) ;
#557 = ORIENTED_EDGE ( 'NONE', *, *, #687, .T. ) ;
#558 = CARTESIAN_POINT ( 'NONE',  ( -18.38362820207878556, 23.23212251699365538, 22.20260874737649104 ) ) ;
#559 = ORIENTED_EDGE ( 'NONE', *, *, #1657, .F. ) ;
#560 = VECTOR ( 'NONE', #435, 1000.000000000000000 ) ;
#561 = DIRECTION ( 'NONE',  ( 0.7071067811865507924, -7.913772473204546472E-17, -0.7071067811865442421 ) ) ;
#562 =( NAMED_UNIT ( * ) SI_UNIT ( $, .STERADIAN. ) SOLID_ANGLE_UNIT ( ) );
#563 = ORIENTED_EDGE ( 'NONE', *, *, #405, .T. ) ;
#564 = VECTOR ( 'NONE', #676, 999.9999999999998863 ) ;
#565 = CARTESIAN_POINT ( 'NONE',  ( -13.46666666666666856, -28.76666666666666927, 4.466666666666666785 ) ) ;
#566 = ORIENTED_EDGE ( 'NONE', *, *, #335, .F. ) ;
#567 = CARTESIAN_POINT ( 'NONE',  ( 11.57512886940358143, -18.00000000000000355, 4.000000000000000000 ) ) ;
#568 = ADVANCED_FACE ( 'NONE', ( #2946 ), #2593, .F. ) ;
#569 = VECTOR ( 'NONE', #454, 1000.000000000000000 ) ;
#570 = VECTOR ( 'NONE', #1693, 1000.000000000000000 ) ;
#571 = EDGE_LOOP ( 'NONE', ( #3407, #75 ) ) ;
#572 = AXIS2_PLACEMENT_3D ( 'NONE', #762, #1494, #1932 ) ;
#573 = PRESENTATION_STYLE_ASSIGNMENT (( #3114 ) ) ;
#574 = CARTESIAN_POINT ( 'NONE',  ( 17.59999999999999787, 23.90000000000000213, 20.89999999999973568 ) ) ;
#575 = EDGE_CURVE ( 'NONE', #2302, #4589, #2688, .T. ) ;
#576 = DIRECTION ( 'NONE',  ( -0.000000000000000000, -0.000000000000000000, 1.000000000000000000 ) ) ;
#577 = ORIENTED_EDGE ( 'NONE', *, *, #2041, .F. ) ;
#578 = AXIS2_PLACEMENT_3D ( 'NONE', #4430, #4007, #4360 ) ;
#579 = CARTESIAN_POINT ( 'NONE',  ( -15.21243556529821284, 21.10000000000000142, 4.000000000000000000 ) ) ;
#580 = VECTOR ( 'NONE', #3106, 1000.000000000000000 ) ;
#581 = ADVANCED_FACE ( 'NONE', ( #4378 ), #895, .F. ) ;
#582 = DIRECTION ( 'NONE',  ( 0.000000000000000000, 0.000000000000000000, 1.000000000000000000 ) ) ;
#583 = DIRECTION ( 'NONE',  ( -1.000000000000000000, 0.000000000000000000, -8.673617379884043361E-16 ) ) ;
#584 = EDGE_LOOP ( 'NONE', ( #3703, #422, #1838, #181 ) ) ;
#585 = CARTESIAN_POINT ( 'NONE',  ( -18.40000000000000213, 23.12347538297980165, 22.50000000000000000 ) ) ;
#586 = EDGE_LOOP ( 'NONE', ( #3058, #2723, #2342, #2660 ) ) ;
#587 = VERTEX_POINT ( 'NONE', #1574 ) ;
#588 = CARTESIAN_POINT ( 'NONE',  ( -16.42487113059642923, 18.99999999999999645, 4.000000000000000000 ) ) ;
#589 = VERTEX_POINT ( 'NONE', #3348 ) ;
#590 = DIRECTION ( 'NONE',  ( -1.000000000000000000, 0.000000000000000000, 0.000000000000000000 ) ) ;
#591 = DIRECTION ( 'NONE',  ( -1.000000000000000000, 0.000000000000000000, 0.000000000000000000 ) ) ;
#592 = ORIENTED_EDGE ( 'NONE', *, *, #4138, .F. ) ;
#593 = ADVANCED_FACE ( 'NONE', ( #3013 ), #2637, .T. ) ;
#594 = CARTESIAN_POINT ( 'NONE',  ( -15.21243556529821817, 16.89999999999999858, 0.000000000000000000 ) ) ;
#595 = FACE_BOUND ( 'NONE', #3016, .T. ) ;
#596 = CARTESIAN_POINT ( 'NONE',  ( 18.79999999999998295, 25.50000000000000355, 7.500000000000000000 ) ) ;
#597 = ORIENTED_EDGE ( 'NONE', *, *, #850, .F. ) ;
#598 = ADVANCED_FACE ( 'NONE', ( #4094 ), #139, .F. ) ;
#599 = DIRECTION ( 'NONE',  ( -1.360567432138672081E-16, 1.000000000000000000, 0.000000000000000000 ) ) ;
#600 = CARTESIAN_POINT ( 'NONE',  ( 12.75000000000000178, -18.00000000000000355, 8.500000000000000000 ) ) ;
#601 = DIRECTION ( 'NONE',  ( -0.000000000000000000, -0.000000000000000000, 1.000000000000000000 ) ) ;
#602 = ORIENTED_EDGE ( 'NONE', *, *, #4435, .T. ) ;
#603 = EDGE_CURVE ( 'NONE', #3134, #4380, #1222, .T. ) ;
#604 = VERTEX_POINT ( 'NONE', #2283 ) ;
#605 = CARTESIAN_POINT ( 'NONE',  ( -20.00000000000000000, -7.700000000000007283, 8.500000000000021316 ) ) ;
#606 = VERTEX_POINT ( 'NONE', #4120 ) ;
#607 = CARTESIAN_POINT ( 'NONE',  ( 12.78756443470179249, -20.10000000000000142, 4.000000000000000000 ) ) ;
#608 = ORIENTED_EDGE ( 'NONE', *, *, #2197, .T. ) ;
#609 = EDGE_CURVE ( 'NONE', #1654, #1666, #3770, .T. ) ;
#610 = DIRECTION ( 'NONE',  ( -0.000000000000000000, -0.000000000000000000, 1.000000000000000000 ) ) ;
#611 = VERTEX_POINT ( 'NONE', #4070 ) ;
#612 = DIRECTION ( 'NONE',  ( 0.000000000000000000, 0.000000000000000000, -1.000000000000000000 ) ) ;
#613 = FILL_AREA_STYLE_COLOUR ( '', #1398 ) ;
#614 = EDGE_LOOP ( 'NONE', ( #1289, #470, #1735, #4273 ) ) ;
#615 = CARTESIAN_POINT ( 'NONE',  ( 17.59999999999999787, 13.89999999999998259, 28.00000000000000000 ) ) ;
#616 = DIRECTION ( 'NONE',  ( 1.000000000000000000, 0.000000000000000000, -3.469446951953612611E-15 ) ) ;
#617 = DIRECTION ( 'NONE',  ( -0.000000000000000000, -0.000000000000000000, 1.000000000000000000 ) ) ;
#618 = ORIENTED_EDGE ( 'NONE', *, *, #2787, .T. ) ;
#619 = CARTESIAN_POINT ( 'NONE',  ( -20.00000000000000355, 25.50000000000000355, 1.200000000000006617 ) ) ;
#620 = DIRECTION ( 'NONE',  ( -0.5000000000000008882, -0.8660254037844380415, 0.000000000000000000 ) ) ;
#621 = CARTESIAN_POINT ( 'NONE',  ( 16.42487113059642567, 18.99999999999999645, 0.06696562634074618159 ) ) ;
#622 = VECTOR ( 'NONE', #4383, 1000.000000000000000 ) ;
#623 = EDGE_CURVE ( 'NONE', #2338, #215, #4467, .T. ) ;
#624 = ORIENTED_EDGE ( 'NONE', *, *, #3344, .T. ) ;
#625 = VECTOR ( 'NONE', #3043, 1000.000000000000000 ) ;
#626 = CARTESIAN_POINT ( 'NONE',  ( 0.1333333333333706905, -15.43333333333331048, -8.866666666666624508 ) ) ;
#627 = CARTESIAN_POINT ( 'NONE',  ( 12.50000000000000355, -25.50000000000000355, 1.200000000000006617 ) ) ;
#628 = DIRECTION ( 'NONE',  ( 0.7071067811865495711, 0.7071067811865454633, 0.000000000000000000 ) ) ;
#629 = EDGE_CURVE ( 'NONE', #2631, #3445, #2311, .T. ) ;
#630 = ORIENTED_EDGE ( 'NONE', *, *, #979, .F. ) ;
#631 = VECTOR ( 'NONE', #1395, 1000.000000000000000 ) ;
#632 = AXIS2_PLACEMENT_3D ( 'NONE', #1590, #2303, #3743 ) ;
#633 = LINE ( 'NONE', #2098, #2461 ) ;
#634 = VERTEX_POINT ( 'NONE', #2967 ) ;
#635 = CARTESIAN_POINT ( 'NONE',  ( -15.21243556529821284, 21.10000000000000142, 4.000000000000000000 ) ) ;
#636 = EDGE_CURVE ( 'NONE', #3911, #2702, #3391, .T. ) ;
#637 = DIRECTION ( 'NONE',  ( 0.7071067811865497932, -7.913772473204535378E-17, 0.7071067811865453523 ) ) ;
#638 = DIRECTION ( 'NONE',  ( 0.000000000000000000, -0.7071067811865440200, 0.7071067811865511255 ) ) ;
#639 = ORIENTED_EDGE ( 'NONE', *, *, #718, .T. ) ;
#640 = CARTESIAN_POINT ( 'NONE',  ( -19.99999999999999645, -25.50000000000000355, 3.000000000000000000 ) ) ;
#641 = ORIENTED_EDGE ( 'NONE', *, *, #776, .T. ) ;
#642 = AXIS2_PLACEMENT_3D ( 'NONE', #1994, #2747, #3814 ) ;
#643 = CARTESIAN_POINT ( 'NONE',  ( 11.57512886940357077, 18.99999999999999645, 4.000000000000000000 ) ) ;
#644 = FACE_OUTER_BOUND ( 'NONE', #3080, .T. ) ;
#645 = ORIENTED_EDGE ( 'NONE', *, *, #3388, .T. ) ;
#646 = AXIS2_PLACEMENT_3D ( 'NONE', #2789, #929, #2364 ) ;
#647 = VECTOR ( 'NONE', #2882, 1000.000000000000000 ) ;
#648 = UNCERTAINTY_MEASURE_WITH_UNIT (LENGTH_MEASURE( 1.000000000000000082E-05 ), #2741, 'distance_accuracy_value', 'NONE');
#649 = FACE_OUTER_BOUND ( 'NONE', #4078, .T. ) ;
#650 = LINE ( 'NONE', #1608, #266 ) ;
#651 = VECTOR ( 'NONE', #1158, 1000.000000000000114 ) ;
#652 = CIRCLE ( 'NONE', #346, 1.249999999999999334 ) ;
#653 = CARTESIAN_POINT ( 'NONE',  ( 18.40000000000000213, -18.00000000000000355, 28.00000000000000000 ) ) ;
#654 = VERTEX_POINT ( 'NONE', #2242 ) ;
#655 = VECTOR ( 'NONE', #1858, 1000.000000000000000 ) ;
#656 = VECTOR ( 'NONE', #2686, 1000.000000000000000 ) ;
#657 = EDGE_CURVE ( 'NONE', #4533, #3087, #4534, .T. ) ;
#658 = CARTESIAN_POINT ( 'NONE',  ( -12.39999999999998437, -14.90000000000000924, 8.500000000000000000 ) ) ;
#659 = DIRECTION ( 'NONE',  ( 1.000000000000000000, 1.360567432138672081E-16, -0.000000000000000000 ) ) ;
#660 = CARTESIAN_POINT ( 'NONE',  ( -12.40191156315600196, 20.43202963239786385, 0.3674442917158925459 ) ) ;
#661 = ORIENTED_EDGE ( 'NONE', *, *, #2071, .F. ) ;
#662 = EDGE_CURVE ( 'NONE', #1274, #4002, #1532, .T. ) ;
#663 = CARTESIAN_POINT ( 'NONE',  ( -17.59999999999999787, -12.89999999999998792, 28.00000000000000000 ) ) ;
#664 = ORIENTED_EDGE ( 'NONE', *, *, #3851, .T. ) ;
#665 = LINE ( 'NONE', #1415, #1529 ) ;
#666 = LINE ( 'NONE', #4283, #2378 ) ;
#667 = DIRECTION ( 'NONE',  ( 0.000000000000000000, -0.000000000000000000, -1.000000000000000000 ) ) ;
#668 = EDGE_LOOP ( 'NONE', ( #3459, #2282, #4574, #4227, #1752, #2042, #2402, #549, #1909, #1531 ) ) ;
#669 = EDGE_CURVE ( 'NONE', #606, #4523, #804, .T. ) ;
#670 = DIRECTION ( 'NONE',  ( 0.5000000000000002220, 0.8660254037844384856, 0.000000000000000000 ) ) ;
#671 = CARTESIAN_POINT ( 'NONE',  ( -18.40000000000000213, 25.50000000000000355, 26.00000000000000355 ) ) ;
#672 = ORIENTED_EDGE ( 'NONE', *, *, #3388, .F. ) ;
#673 = EDGE_CURVE ( 'NONE', #749, #3823, #1185, .T. ) ;
#674 = LINE ( 'NONE', #4244, #2605 ) ;
#675 = DIRECTION ( 'NONE',  ( 5.782411586589358625E-16, 1.000000000000000000, 5.782411586589358625E-16 ) ) ;
#676 = DIRECTION ( 'NONE',  ( -0.7071067811865464625, 0.000000000000000000, 0.7071067811865486830 ) ) ;
#677 = ORIENTED_EDGE ( 'NONE', *, *, #3074, .T. ) ;
#678 = DIRECTION ( 'NONE',  ( -0.7071067811865454633, -0.7071067811865495711, -0.000000000000000000 ) ) ;
#679 = DIRECTION ( 'NONE',  ( -0.7071067811865485719, 0.000000000000000000, -0.7071067811865465735 ) ) ;
#680 = DIRECTION ( 'NONE',  ( 0.000000000000000000, 0.000000000000000000, -1.000000000000000000 ) ) ;
#681 = ORIENTED_EDGE ( 'NONE', *, *, #2443, .F. ) ;
#682 = EDGE_CURVE ( 'NONE', #4002, #1591, #4051, .T. ) ;
#683 = DIRECTION ( 'NONE',  ( -0.8660254037844385966, 0.5000000000000003331, 0.000000000000000000 ) ) ;
#684 = ORIENTED_EDGE ( 'NONE', *, *, #692, .T. ) ;
#685 = CARTESIAN_POINT ( 'NONE',  ( -15.74999999999990230, 15.75000000000007994, 3.000000000000000000 ) ) ;
#686 = VERTEX_POINT ( 'NONE', #967 ) ;
#687 = EDGE_CURVE ( 'NONE', #1294, #2621, #4497, .T. ) ;
#688 = ORIENTED_EDGE ( 'NONE', *, *, #2765, .F. ) ;
#689 = DIRECTION ( 'NONE',  ( 1.000000000000000000, -0.000000000000000000, -0.000000000000000000 ) ) ;
#690 = PLANE ( 'NONE',  #1005 ) ;
#691 = LINE ( 'NONE', #4216, #3210 ) ;
#692 = EDGE_CURVE ( 'NONE', #3213, #4458, #2007, .T. ) ;
#693 = ORIENTED_EDGE ( 'NONE', *, *, #2328, .F. ) ;
#694 = PLANE ( 'NONE',  #2228 ) ;
#695 = DIRECTION ( 'NONE',  ( 1.360567432138672081E-16, -1.000000000000000000, 2.891205793294678819E-16 ) ) ;
#696 = DIRECTION ( 'NONE',  ( 1.000000000000000000, 0.000000000000000000, 0.000000000000000000 ) ) ;
#697 = EDGE_CURVE ( 'NONE', #738, #938, #3516, .T. ) ;
#698 = VERTEX_POINT ( 'NONE', #1716 ) ;
#699 = LINE ( 'NONE', #3621, #1091 ) ;
#700 = DIRECTION ( 'NONE',  ( 0.000000000000000000, -0.000000000000000000, 1.000000000000000000 ) ) ;
#701 = CARTESIAN_POINT ( 'NONE',  ( -18.60000000000000497, 7.999999999999994671, 21.40000000000000568 ) ) ;
#702 = VERTEX_POINT ( 'NONE', #635 ) ;
#703 =( BOUNDED_CURVE ( )  B_SPLINE_CURVE ( 3, ( #2105, #3541, #1420, #2481 ),
 .UNSPECIFIED., .F., .T. ) 
 B_SPLINE_CURVE_WITH_KNOTS ( ( 4, 4 ),
 ( 4.578657390974749219, 4.712388980384689674 ),
 .UNSPECIFIED. ) 
 CURVE ( )  GEOMETRIC_REPRESENTATION_ITEM ( )  RATIONAL_B_SPLINE_CURVE ( ( 1.000000000000000000, 0.9985102103653389349, 0.9985102103653389349, 1.000000000000000000 ) ) 
 REPRESENTATION_ITEM ( '' )  );
#704 = VECTOR ( 'NONE', #2665, 1000.000000000000000 ) ;
#705 = DIRECTION ( 'NONE',  ( 0.000000000000000000, 1.000000000000000000, 0.000000000000000000 ) ) ;
#706 = ORIENTED_EDGE ( 'NONE', *, *, #3190, .F. ) ;
#707 = VECTOR ( 'NONE', #331, 1000.000000000000000 ) ;
#708 = CARTESIAN_POINT ( 'NONE',  ( 15.21243556529822172, -20.10000000000000142, 0.000000000000000000 ) ) ;
#709 = PLANE ( 'NONE',  #2911 ) ;
#710 = ORIENTED_EDGE ( 'NONE', *, *, #247, .F. ) ;
#711 = ADVANCED_FACE ( 'NONE', ( #942 ), #2382, .F. ) ;
#712 = CARTESIAN_POINT ( 'NONE',  ( -15.59999999999999787, -14.90000000000001101, 3.000000000000000000 ) ) ;
#713 = DIRECTION ( 'NONE',  ( -0.000000000000000000, 1.000000000000000000, 0.000000000000000000 ) ) ;
#714 = DIRECTION ( 'NONE',  ( 0.000000000000000000, 0.000000000000000000, 1.000000000000000000 ) ) ;
#715 = AXIS2_PLACEMENT_3D ( 'NONE', #224, #3456, #2412 ) ;
#716 = VERTEX_POINT ( 'NONE', #3136 ) ;
#717 = AXIS2_PLACEMENT_3D ( 'NONE', #2913, #1344, #2424 ) ;
#718 = EDGE_CURVE ( 'NONE', #1004, #4353, #2511, .T. ) ;
#719 = DIRECTION ( 'NONE',  ( 0.000000000000000000, -1.000000000000000000, 0.000000000000000000 ) ) ;
#720 = DIRECTION ( 'NONE',  ( -0.7071067811865435759, 0.7071067811865514585, 0.000000000000000000 ) ) ;
#721 = DIRECTION ( 'NONE',  ( 0.000000000000000000, 0.000000000000000000, 1.000000000000000000 ) ) ;
#722 = ORIENTED_EDGE ( 'NONE', *, *, #2770, .T. ) ;
#723 = CIRCLE ( 'NONE', #267, 1.999999999999994893 ) ;
#724 = EDGE_CURVE ( 'NONE', #862, #1794, #213, .T. ) ;
#725 = VECTOR ( 'NONE', #3899, 1000.000000000000114 ) ;
#726 = CARTESIAN_POINT ( 'NONE',  ( 18.39999999999999503, 25.22841614740048399, 22.50000000000000000 ) ) ;
#727 = STYLED_ITEM ( 'NONE', ( #573 ), #2864 ) ;
#728 = CARTESIAN_POINT ( 'NONE',  ( 19.99999999999999645, 24.29999999999999361, 7.500000000000000000 ) ) ;
#729 = ORIENTED_EDGE ( 'NONE', *, *, #2996, .F. ) ;
#730 = VECTOR ( 'NONE', #3463, 1000.000000000000000 ) ;
#731 = VECTOR ( 'NONE', #492, 1000.000000000000000 ) ;
#732 = FACE_OUTER_BOUND ( 'NONE', #1546, .T. ) ;
#733 = ORIENTED_EDGE ( 'NONE', *, *, #2627, .T. ) ;
#734 = LINE ( 'NONE', #4327, #3492 ) ;
#735 = CYLINDRICAL_SURFACE ( 'NONE', #954, 1.249999999999999334 ) ;
#736 = VERTEX_POINT ( 'NONE', #3468 ) ;
#737 = PLANE ( 'NONE',  #3886 ) ;
#738 = VERTEX_POINT ( 'NONE', #2029 ) ;
#739 = CARTESIAN_POINT ( 'NONE',  ( -10.59999999999999076, -25.50000000000000355, 2.599999999999992539 ) ) ;
#740 = CARTESIAN_POINT ( 'NONE',  ( 10.40000000000000391, -21.10000000000000142, 3.000000000000000000 ) ) ;
#741 = ORIENTED_EDGE ( 'NONE', *, *, #4344, .T. ) ;
#742 = DIRECTION ( 'NONE',  ( -1.000000000000000000, 0.000000000000000000, -0.000000000000000000 ) ) ;
#743 = LINE ( 'NONE', #1118, #1846 ) ;
#744 =( NAMED_UNIT ( * ) PLANE_ANGLE_UNIT ( ) SI_UNIT ( $, .RADIAN. ) );
#745 = ORIENTED_EDGE ( 'NONE', *, *, #1983, .T. ) ;
#746 = ADVANCED_FACE ( 'NONE', ( #1648, #4565, #3109 ), #4141, .T. ) ;
#747 = CARTESIAN_POINT ( 'NONE',  ( -20.00000000000000355, 25.50000000000000355, 3.000000000000000000 ) ) ;
#748 = CARTESIAN_POINT ( 'NONE',  ( -15.21243556529822527, -20.10000000000000853, 0.000000000000000000 ) ) ;
#749 = VERTEX_POINT ( 'NONE', #234 ) ;
#750 = ADVANCED_FACE ( 'NONE', ( #2799 ), #917, .T. ) ;
#751 = B_SPLINE_CURVE_WITH_KNOTS ( 'NONE', 3,
 ( #3676, #3997, #2653, #4089, #4371, #88, #1148, #4045, #1524, #1920, #3368, #2586, #2613, #866, #796, #442 ),
 .UNSPECIFIED., .F., .F.,
 ( 4, 2, 2, 2, 2, 2, 2, 4 ),
 ( 0.000000000000000000, 0.0003934807767288613306, 0.0007869615534577226613, 0.001180442330186584100, 0.001573923106915445323, 0.002360884660373167333, 0.002754365437102031158, 0.003147846213830894982 ),
 .UNSPECIFIED. ) ;
#752 = CARTESIAN_POINT ( 'NONE',  ( 8.399999999999984368, -23.10000000000000142, 8.500000000000000000 ) ) ;
#753 = VERTEX_POINT ( 'NONE', #4516 ) ;
#754 = LINE ( 'NONE', #3649, #2439 ) ;
#755 = CARTESIAN_POINT ( 'NONE',  ( 16.42487113059643633, -18.00000000000000355, 0.000000000000000000 ) ) ;
#756 = EDGE_CURVE ( 'NONE', #1274, #4447, #4539, .T. ) ;
#757 = CARTESIAN_POINT ( 'NONE',  ( 18.39999999999999503, 23.90000000000000568, 8.500000000000000000 ) ) ;
#758 = EDGE_LOOP ( 'NONE', ( #2023, #1107, #3464, #1397, #250 ) ) ;
#759 = CARTESIAN_POINT ( 'NONE',  ( -10.39999999999999503, -16.90000000000000924, 8.500000000000000000 ) ) ;
#760 = DIRECTION ( 'NONE',  ( -0.5000000000000008882, -0.8660254037844380415, 0.000000000000000000 ) ) ;
#761 = ORIENTED_EDGE ( 'NONE', *, *, #1121, .T. ) ;
#762 = CARTESIAN_POINT ( 'NONE',  ( -10.40000000000000213, 17.90000000000000924, 8.500000000000000000 ) ) ;
#763 = FACE_OUTER_BOUND ( 'NONE', #3322, .T. ) ;
#764 = DIRECTION ( 'NONE',  ( -1.000000000000000000, 0.000000000000000000, 0.000000000000000000 ) ) ;
#765 = ORIENTED_EDGE ( 'NONE', *, *, #3824, .T. ) ;
#766 = DIRECTION ( 'NONE',  ( -1.360567432138672328E-16, 1.000000000000000000, 0.000000000000000000 ) ) ;
#767 = EDGE_CURVE ( 'NONE', #4493, #2886, #3488, .T. ) ;
#768 = FACE_OUTER_BOUND ( 'NONE', #230, .T. ) ;
#769 = EDGE_LOOP ( 'NONE', ( #2325, #2775, #688, #1893 ) ) ;
#770 = EDGE_CURVE ( 'NONE', #3721, #862, #1295, .T. ) ;
#771 = ORIENTED_EDGE ( 'NONE', *, *, #1867, .T. ) ;
#772 = DIRECTION ( 'NONE',  ( 0.5000000000000002220, 0.8660254037844384856, 0.000000000000000000 ) ) ;
#773 = DIRECTION ( 'NONE',  ( 0.000000000000000000, 0.000000000000000000, -1.000000000000000000 ) ) ;
#774 = ORIENTED_EDGE ( 'NONE', *, *, #387, .F. ) ;
#775 = VECTOR ( 'NONE', #3376, 1000.000000000000000 ) ;
#776 = EDGE_CURVE ( 'NONE', #3817, #13, #2448, .T. ) ;
#777 = LINE ( 'NONE', #23, #423 ) ;
#778 = ORIENTED_EDGE ( 'NONE', *, *, #2480, .F. ) ;
#779 = CARTESIAN_POINT ( 'NONE',  ( -3.500000000000003109, 23.90000000000000213, 27.99999999999997868 ) ) ;
#780 = CARTESIAN_POINT ( 'NONE',  ( -12.49999999999999645, -23.90000000000000213, 28.00000000000000000 ) ) ;
#781 = VERTEX_POINT ( 'NONE', #2050 ) ;
#782 = VECTOR ( 'NONE', #590, 1000.000000000000000 ) ;
#783 = DIRECTION ( 'NONE',  ( 0.4999999999999997780, -0.8660254037844387076, 0.000000000000000000 ) ) ;
#784 = VECTOR ( 'NONE', #772, 1000.000000000000114 ) ;
#785 = CARTESIAN_POINT ( 'NONE',  ( 9.499999999999998224, -15.50000000000000178, 0.5000000000000002220 ) ) ;
#786 = DIRECTION ( 'NONE',  ( 0.000000000000000000, 0.000000000000000000, 1.000000000000000000 ) ) ;
#787 = CARTESIAN_POINT ( 'NONE',  ( 18.60000000000000853, -17.00000000000000355, 20.40000000000000213 ) ) ;
#788 = ORIENTED_EDGE ( 'NONE', *, *, #1953, .T. ) ;
#789 = CARTESIAN_POINT ( 'NONE',  ( -17.60000000000000142, -7.700000000000009948, 11.70000000000000462 ) ) ;
#790 = VECTOR ( 'NONE', #3050, 1000.000000000000000 ) ;
#791 = AXIS2_PLACEMENT_3D ( 'NONE', #503, #165, #3045 ) ;
#792 = ORIENTED_EDGE ( 'NONE', *, *, #2002, .F. ) ;
#793 = AXIS2_PLACEMENT_3D ( 'NONE', #2429, #2529, #3258 ) ;
#794 = VECTOR ( 'NONE', #2949, 1000.000000000000000 ) ;
#795 = EDGE_LOOP ( 'NONE', ( #745, #3317, #3150, #1720 ) ) ;
#796 = CARTESIAN_POINT ( 'NONE',  ( -16.53302706184398474, 25.50000000000000355, 20.49999999999999645 ) ) ;
#797 = VECTOR ( 'NONE', #3235, 1000.000000000000000 ) ;
#798 = VERTEX_POINT ( 'NONE', #2778 ) ;
#799 = AXIS2_PLACEMENT_3D ( 'NONE', #2548, #2568, #2174 ) ;
#800 = EDGE_CURVE ( 'NONE', #117, #4104, #541, .T. ) ;
#801 = VECTOR ( 'NONE', #4177, 1000.000000000000114 ) ;
#802 = LINE ( 'NONE', #2240, #2234 ) ;
#803 = VERTEX_POINT ( 'NONE', #3067 ) ;
#804 = LINE ( 'NONE', #1510, #1828 ) ;
#805 = CARTESIAN_POINT ( 'NONE',  ( -17.60000000000000497, 15.27848717028428815, 16.59999561272583435 ) ) ;
#806 = ORIENTED_EDGE ( 'NONE', *, *, #2670, .T. ) ;
#807 = EDGE_CURVE ( 'NONE', #1259, #3046, #4209, .T. ) ;
#808 = LINE ( 'NONE', #1468, #794 ) ;
#809 = LINE ( 'NONE', #2247, #1527 ) ;
#810 = FACE_OUTER_BOUND ( 'NONE', #973, .T. ) ;
#811 = DIRECTION ( 'NONE',  ( -5.782411586589358625E-16, -1.000000000000000000, -0.000000000000000000 ) ) ;
#812 = ORIENTED_EDGE ( 'NONE', *, *, #1121, .F. ) ;
#813 = EDGE_CURVE ( 'NONE', #510, #4364, #2422, .T. ) ;
#814 = LINE ( 'NONE', #834, #2970 ) ;
#815 = CARTESIAN_POINT ( 'NONE',  ( 12.78756443470178361, 16.89999999999999858, 4.000000000000000000 ) ) ;
#816 = ORIENTED_EDGE ( 'NONE', *, *, #14, .T. ) ;
#817 = ORIENTED_EDGE ( 'NONE', *, *, #3254, .T. ) ;
#818 = CARTESIAN_POINT ( 'NONE',  ( 18.12813500516985599, 23.41358498917248099, 21.48143908033887683 ) ) ;
#819 = CARTESIAN_POINT ( 'NONE',  ( -18.40000000000000213, 18.00000000000000355, 26.00000000000000355 ) ) ;
#820 = ORIENTED_EDGE ( 'NONE', *, *, #4191, .T. ) ;
#821 = CARTESIAN_POINT ( 'NONE',  ( 15.24999999999999822, 18.99999999999999645, 3.000000000000000000 ) ) ;
#822 = VERTEX_POINT ( 'NONE', #1808 ) ;
#823 = CARTESIAN_POINT ( 'NONE',  ( -20.00000000000000355, 18.00000000000000355, 1.200000000000005729 ) ) ;
#824 = EDGE_CURVE ( 'NONE', #1626, #2073, #1039, .T. ) ;
#825 = DIRECTION ( 'NONE',  ( 0.000000000000000000, 1.000000000000000000, 0.000000000000000000 ) ) ;
#826 = ORIENTED_EDGE ( 'NONE', *, *, #4573, .F. ) ;
#827 = PLANE ( 'NONE',  #118 ) ;
#828 = CYLINDRICAL_SURFACE ( 'NONE', #2057, 5.000000000000000888 ) ;
#829 = ADVANCED_FACE ( 'NONE', ( #4282 ), #2895, .F. ) ;
#830 = CARTESIAN_POINT ( 'NONE',  ( -17.60000000000000497, 23.90000000000000213, 20.89999999999973213 ) ) ;
#831 = LINE ( 'NONE', #385, #4542 ) ;
#832 = ORIENTED_EDGE ( 'NONE', *, *, #3611, .F. ) ;
#833 = UNCERTAINTY_MEASURE_WITH_UNIT (LENGTH_MEASURE( 1.000000000000000082E-05 ), #899, 'distance_accuracy_value', 'NONE');
#834 = CARTESIAN_POINT ( 'NONE',  ( -10.39999999999999858, -22.90000000000001279, 8.500000000000000000 ) ) ;
#835 = ADVANCED_FACE ( 'NONE', ( #44 ), #3536, .T. ) ;
#836 = CARTESIAN_POINT ( 'NONE',  ( -18.59999999999998721, -28.00000000000001066, 20.40000000000000213 ) ) ;
#837 = DIRECTION ( 'NONE',  ( 0.000000000000000000, 0.000000000000000000, -1.000000000000000000 ) ) ;
#838 = ORIENTED_EDGE ( 'NONE', *, *, #1013, .F. ) ;
#839 = ORIENTED_EDGE ( 'NONE', *, *, #3920, .F. ) ;
#840 = CARTESIAN_POINT ( 'NONE',  ( -3.499999999999997780, 23.90000000000000213, 20.50000000000000355 ) ) ;
#841 = CARTESIAN_POINT ( 'NONE',  ( -18.79999999999999005, 18.00000000000000355, 7.500000000000000000 ) ) ;
#842 = VERTEX_POINT ( 'NONE', #394 ) ;
#843 = CARTESIAN_POINT ( 'NONE',  ( -18.40000000000000213, 25.22841614740048399, 22.50000000000000000 ) ) ;
#844 = VERTEX_POINT ( 'NONE', #355 ) ;
#845 = VECTOR ( 'NONE', #2468, 1000.000000000000000 ) ;
#846 = CARTESIAN_POINT ( 'NONE',  ( 19.99999999999999645, 18.00000000000000355, 1.200000000000006617 ) ) ;
#847 = DIRECTION ( 'NONE',  ( -5.782411586589358625E-16, -1.000000000000000000, 0.000000000000000000 ) ) ;
#848 = ORIENTED_EDGE ( 'NONE', *, *, #2579, .T. ) ;
#849 = CIRCLE ( 'NONE', #1452, 3.499999999999999556 ) ;
#850 = EDGE_CURVE ( 'NONE', #3006, #52, #4351, .T. ) ;
#851 = DIRECTION ( 'NONE',  ( -0.000000000000000000, -0.000000000000000000, 1.000000000000000000 ) ) ;
#852 = DIRECTION ( 'NONE',  ( -1.360567432138672328E-16, 1.000000000000000000, 0.000000000000000000 ) ) ;
#853 = DIRECTION ( 'NONE',  ( -2.602085213965212614E-15, 0.000000000000000000, -1.000000000000000000 ) ) ;
#854 = LINE ( 'NONE', #4103, #3806 ) ;
#855 = VECTOR ( 'NONE', #2120, 1000.000000000000000 ) ;
#856 = ORIENTED_EDGE ( 'NONE', *, *, #914, .F. ) ;
#857 = EDGE_CURVE ( 'NONE', #3966, #3236, #1829, .T. ) ;
#858 = AXIS2_PLACEMENT_3D ( 'NONE', #179, #4511, #3765 ) ;
#859 = CARTESIAN_POINT ( 'NONE',  ( -20.00000000000000355, 18.00000000000000355, 7.500000000000000000 ) ) ;
#860 = CARTESIAN_POINT ( 'NONE',  ( -12.78756443470179605, -20.10000000000000497, 0.000000000000000000 ) ) ;
#861 = DIRECTION ( 'NONE',  ( 1.000000000000000000, 1.508455196501571183E-16, -0.000000000000000000 ) ) ;
#862 = VERTEX_POINT ( 'NONE', #1738 ) ;
#863 = VECTOR ( 'NONE', #171, 1000.000000000000000 ) ;
#864 = ADVANCED_FACE ( 'NONE', ( #3957 ), #4261, .F. ) ;
#865 = AXIS2_PLACEMENT_3D ( 'NONE', #4477, #1258, #2337 ) ;
#866 = CARTESIAN_POINT ( 'NONE',  ( -16.66443332815342160, 25.50003390150045490, 20.51314159264226333 ) ) ;
#867 = EDGE_LOOP ( 'NONE', ( #3497, #315, #465, #493 ) ) ;
#868 = VECTOR ( 'NONE', #264, 1000.000000000000114 ) ;
#869 = CIRCLE ( 'NONE', #1770, 5.499999999999998224 ) ;
#870 = VECTOR ( 'NONE', #361, 1000.000000000000000 ) ;
#871 = LINE ( 'NONE', #588, #731 ) ;
#872 = ORIENTED_EDGE ( 'NONE', *, *, #3105, .T. ) ;
#873 = COLOUR_RGB ( '',0.4980392156862745168, 0.4980392156862745168, 0.4980392156862745168 ) ;
#874 = DIRECTION ( 'NONE',  ( -0.7071067811865485719, 0.000000000000000000, -0.7071067811865465735 ) ) ;
#875 = CARTESIAN_POINT ( 'NONE',  ( -10.59999999999999076, -15.50000000000000178, 2.599999999999992539 ) ) ;
#876 = ORIENTED_EDGE ( 'NONE', *, *, #636, .F. ) ;
#877 = CIRCLE ( 'NONE', #199, 5.500000000000000000 ) ;
#878 = VECTOR ( 'NONE', #3249, 1000.000000000000000 ) ;
#879 = CARTESIAN_POINT ( 'NONE',  ( -9.500000000000000000, -24.30000000000000071, 0.000000000000000000 ) ) ;
#880 = DIRECTION ( 'NONE',  ( 1.000000000000000000, 0.000000000000000000, 0.000000000000000000 ) ) ;
#881 = DIRECTION ( 'NONE',  ( 0.000000000000000000, 0.000000000000000000, 1.000000000000000000 ) ) ;
#882 = CARTESIAN_POINT ( 'NONE',  ( -12.49999999999999645, -24.29999999999999005, 0.000000000000000000 ) ) ;
#883 = ORIENTED_EDGE ( 'NONE', *, *, #3622, .F. ) ;
#884 = CARTESIAN_POINT ( 'NONE',  ( 12.78756443470178716, 21.10000000000000142, 4.000000000000000000 ) ) ;
#885 = CARTESIAN_POINT ( 'NONE',  ( -13.65000000000002878, -13.64999999999995772, 8.500000000000000000 ) ) ;
#886 = LINE ( 'NONE', #554, #1391 ) ;
#887 = EDGE_CURVE ( 'NONE', #2044, #4579, #665, .T. ) ;
#888 = EDGE_LOOP ( 'NONE', ( #4508, #2031, #3604, #1504, #3871, #1917 ) ) ;
#889 = ORIENTED_EDGE ( 'NONE', *, *, #1888, .F. ) ;
#890 = DIRECTION ( 'NONE',  ( -0.8660254037844385966, 0.5000000000000003331, 0.000000000000000000 ) ) ;
#891 = EDGE_CURVE ( 'NONE', #716, #981, #2953, .T. ) ;
#892 = ORIENTED_EDGE ( 'NONE', *, *, #1298, .T. ) ;
#893 = LINE ( 'NONE', #1247, #4039 ) ;
#894 = ORIENTED_EDGE ( 'NONE', *, *, #3574, .T. ) ;
#895 = PLANE ( 'NONE',  #4011 ) ;
#896 = EDGE_CURVE ( 'NONE', #1622, #81, #3912, .T. ) ;
#897 = CARTESIAN_POINT ( 'NONE',  ( 15.21243556529821994, -15.89999999999999680, 4.000000000000000000 ) ) ;
#898 = ORIENTED_EDGE ( 'NONE', *, *, #673, .T. ) ;
#899 =( LENGTH_UNIT ( ) NAMED_UNIT ( * ) SI_UNIT ( .MILLI., .METRE. ) );
#900 = CARTESIAN_POINT ( 'NONE',  ( -14.14999999999998614, 14.15000000000003411, 8.500000000000000000 ) ) ;
#901 = DIRECTION ( 'NONE',  ( 0.5000000000000009992, 0.8660254037844381525, 0.000000000000000000 ) ) ;
#902 = DIRECTION ( 'NONE',  ( -1.000000000000000000, 0.000000000000000000, 0.000000000000000000 ) ) ;
#903 = VERTEX_POINT ( 'NONE', #3208 ) ;
#904 = CYLINDRICAL_SURFACE ( 'NONE', #114, 5.899999999999998579 ) ;
#905 = CARTESIAN_POINT ( 'NONE',  ( 15.21243556529821994, -15.89999999999999680, 4.000000000000000000 ) ) ;
#906 = PLANE ( 'NONE',  #1991 ) ;
#907 = ORIENTED_EDGE ( 'NONE', *, *, #1432, .T. ) ;
#908 = EDGE_CURVE ( 'NONE', #3928, #4493, #1059, .T. ) ;
#909 = LINE ( 'NONE', #3100, #1315 ) ;
#910 = EDGE_LOOP ( 'NONE', ( #3082, #2333, #3139, #2465 ) ) ;
#911 = LINE ( 'NONE', #4185, #1007 ) ;
#912 =( LENGTH_UNIT ( ) NAMED_UNIT ( * ) SI_UNIT ( .MILLI., .METRE. ) );
#913 = ORIENTED_EDGE ( 'NONE', *, *, #1542, .T. ) ;
#914 = EDGE_CURVE ( 'NONE', #13, #1591, #734, .T. ) ;
#915 = CARTESIAN_POINT ( 'NONE',  ( -20.00000000000000355, 18.00000000000000355, 20.50000000000000000 ) ) ;
#916 = ORIENTED_EDGE ( 'NONE', *, *, #2197, .F. ) ;
#917 = PLANE ( 'NONE',  #2582 ) ;
#918 = FACE_OUTER_BOUND ( 'NONE', #2560, .T. ) ;
#919 = VERTEX_POINT ( 'NONE', #3979 ) ;
#920 = EDGE_CURVE ( 'NONE', #1816, #3721, #1763, .T. ) ;
#921 = DIRECTION ( 'NONE',  ( -0.000000000000000000, 0.000000000000000000, -1.000000000000000000 ) ) ;
#922 = DIRECTION ( 'NONE',  ( -0.5000000000000002220, 0.8660254037844384856, 0.000000000000000000 ) ) ;
#923 = DIRECTION ( 'NONE',  ( 0.8660254037844381525, -0.5000000000000009992, 0.000000000000000000 ) ) ;
#924 = VERTEX_POINT ( 'NONE', #3233 ) ;
#925 = VECTOR ( 'NONE', #1599, 1000.000000000000000 ) ;
#926 = UNCERTAINTY_MEASURE_WITH_UNIT (LENGTH_MEASURE( 1.000000000000000082E-05 ), #1165, 'distance_accuracy_value', 'NONE');
#927 = DIRECTION ( 'NONE',  ( 1.000000000000000000, 0.000000000000000000, 0.000000000000000000 ) ) ;
#928 = VECTOR ( 'NONE', #2878, 1000.000000000000000 ) ;
#929 = DIRECTION ( 'NONE',  ( -1.000000000000000000, -2.168404344971009115E-16, 0.000000000000000000 ) ) ;
#930 = LINE ( 'NONE', #2365, #4393 ) ;
#931 = VERTEX_POINT ( 'NONE', #2496 ) ;
#932 = CIRCLE ( 'NONE', #1083, 1.999999999999994893 ) ;
#933 = ORIENTED_EDGE ( 'NONE', *, *, #687, .F. ) ;
#934 = DIRECTION ( 'NONE',  ( -0.7071067811865487940, -0.7071067811865463515, -0.000000000000000000 ) ) ;
#935 = CARTESIAN_POINT ( 'NONE',  ( -18.79999999999998295, -18.00000000000000355, 28.00000000000000000 ) ) ;
#936 = VECTOR ( 'NONE', #811, 1000.000000000000000 ) ;
#937 = FACE_OUTER_BOUND ( 'NONE', #555, .T. ) ;
#938 = VERTEX_POINT ( 'NONE', #708 ) ;
#939 = VECTOR ( 'NONE', #4060, 1000.000000000000114 ) ;
#940 = LINE ( 'NONE', #3065, #2536 ) ;
#941 = ORIENTED_EDGE ( 'NONE', *, *, #2846, .T. ) ;
#942 = FACE_OUTER_BOUND ( 'NONE', #1820, .T. ) ;
#943 = DIRECTION ( 'NONE',  ( -1.000000000000000000, 0.000000000000000000, -0.000000000000000000 ) ) ;
#944 = VECTOR ( 'NONE', #1305, 1000.000000000000000 ) ;
#945 = VECTOR ( 'NONE', #4410, 1000.000000000000114 ) ;
#946 = EDGE_CURVE ( 'NONE', #2744, #903, #1788, .T. ) ;
#947 = ORIENTED_EDGE ( 'NONE', *, *, #3671, .T. ) ;
#948 = CIRCLE ( 'NONE', #4329, 6.299999999999986500 ) ;
#949 = AXIS2_PLACEMENT_3D ( 'NONE', #1671, #2032, #3375 ) ;
#950 = CARTESIAN_POINT ( 'NONE',  ( 15.25000000000000000, 18.99999999999999645, 8.500000000000000000 ) ) ;
#951 = CARTESIAN_POINT ( 'NONE',  ( -12.78756443470179072, 21.10000000000000142, 4.000000000000000000 ) ) ;
#952 = EDGE_CURVE ( 'NONE', #2119, #298, #1435, .T. ) ;
#953 = EDGE_LOOP ( 'NONE', ( #1963, #3684, #1689, #3145, #3066, #563, #2035, #3550 ) ) ;
#954 = AXIS2_PLACEMENT_3D ( 'NONE', #303, #1081, #1764 ) ;
#955 = LINE ( 'NONE', #2695, #342 ) ;
#956 = AXIS2_PLACEMENT_3D ( 'NONE', #539, #3412, #1665 ) ;
#957 = DIRECTION ( 'NONE',  ( 0.000000000000000000, 0.000000000000000000, -1.000000000000000000 ) ) ;
#958 = DIRECTION ( 'NONE',  ( 0.000000000000000000, 0.000000000000000000, -1.000000000000000000 ) ) ;
#959 = EDGE_CURVE ( 'NONE', #1135, #2020, #1080, .T. ) ;
#960 = EDGE_LOOP ( 'NONE', ( #3694, #1334, #3656, #624 ) ) ;
#961 = CARTESIAN_POINT ( 'NONE',  ( -18.79999999999999005, 25.50000000000000355, 20.50000000000000000 ) ) ;
#962 = EDGE_LOOP ( 'NONE', ( #2360, #4335, #3850, #3674 ) ) ;
#963 = FACE_OUTER_BOUND ( 'NONE', #1194, .T. ) ;
#964 = ORIENTED_EDGE ( 'NONE', *, *, #2590, .T. ) ;
#965 = DIRECTION ( 'NONE',  ( 1.000000000000000000, 0.000000000000000000, 0.000000000000000000 ) ) ;
#966 = ORIENTED_EDGE ( 'NONE', *, *, #241, .F. ) ;
#967 = CARTESIAN_POINT ( 'NONE',  ( -17.59999999999999787, -18.09999999999999787, 26.00000000000000355 ) ) ;
#968 = ORIENTED_EDGE ( 'NONE', *, *, #1428, .T. ) ;
#969 = EDGE_CURVE ( 'NONE', #1427, #698, #754, .T. ) ;
#970 = LINE ( 'NONE', #615, #1101 ) ;
#971 = CARTESIAN_POINT ( 'NONE',  ( 0.000000000000000000, 0.000000000000000000, 0.000000000000000000 ) ) ;
#972 = DIRECTION ( 'NONE',  ( 0.7071067811865463515, -0.7071067811865487940, -0.000000000000000000 ) ) ;
#973 = EDGE_LOOP ( 'NONE', ( #1096, #1231, #2175, #2447, #537, #883, #4307, #848, #3031, #2556 ) ) ;
#974 = ADVANCED_FACE ( 'NONE', ( #4064 ), #3320, .F. ) ;
#975 = SURFACE_SIDE_STYLE ('',( #2037 ) ) ;
#976 = DIRECTION ( 'NONE',  ( 0.000000000000000000, -1.000000000000000000, 0.000000000000000000 ) ) ;
#977 = DIRECTION ( 'NONE',  ( 1.000000000000000000, 1.927470528863118802E-16, 0.000000000000000000 ) ) ;
#978 = ORIENTED_EDGE ( 'NONE', *, *, #3164, .T. ) ;
#979 = EDGE_CURVE ( 'NONE', #147, #2425, #3007, .T. ) ;
#980 = LINE ( 'NONE', #3879, #4545 ) ;
#981 = VERTEX_POINT ( 'NONE', #1569 ) ;
#982 = CARTESIAN_POINT ( 'NONE',  ( -16.42487113059642923, 18.99999999999999645, 0.06696562634074705589 ) ) ;
#983 = ORIENTED_EDGE ( 'NONE', *, *, #2726, .F. ) ;
#984 = CARTESIAN_POINT ( 'NONE',  ( 18.40000000000000213, -23.10000000000000853, 8.500000000000000000 ) ) ;
#985 = VERTEX_POINT ( 'NONE', #840 ) ;
#986 = CARTESIAN_POINT ( 'NONE',  ( 16.39999999999999858, 25.50000000000000355, 20.50000000000000000 ) ) ;
#987 = CARTESIAN_POINT ( 'NONE',  ( 19.99999999999999645, 25.50000000000000355, 20.50000000000000000 ) ) ;
#988 = DIRECTION ( 'NONE',  ( 0.000000000000000000, 1.000000000000000000, 0.000000000000000000 ) ) ;
#989 = ORIENTED_EDGE ( 'NONE', *, *, #1983, .F. ) ;
#990 = DIRECTION ( 'NONE',  ( 0.000000000000000000, 1.000000000000000000, 0.000000000000000000 ) ) ;
#991 = DIRECTION ( 'NONE',  ( 1.000000000000000000, 1.360567432138672328E-16, -0.000000000000000000 ) ) ;
#992 = CARTESIAN_POINT ( 'NONE',  ( -3.499999999999997780, 25.50000000000000355, 20.50000000000000355 ) ) ;
#993 = ORIENTED_EDGE ( 'NONE', *, *, #1571, .F. ) ;
#994 = ADVANCED_FACE ( 'NONE', ( #3385 ), #1605, .T. ) ;
#995 = LINE ( 'NONE', #311, #4099 ) ;
#996 = CARTESIAN_POINT ( 'NONE',  ( -14.00000000000000178, 18.99999999999999645, 8.500000000000000000 ) ) ;
#997 = CARTESIAN_POINT ( 'NONE',  ( 12.40000000000001101, -14.90000000000000746, 8.500000000000000000 ) ) ;
#998 = ORIENTED_EDGE ( 'NONE', *, *, #4048, .F. ) ;
#999 = ADVANCED_FACE ( 'NONE', ( #3300 ), #1505, .F. ) ;
#1000 = AXIS2_PLACEMENT_3D ( 'NONE', #1866, #2066, #3506 ) ;
#1001 = LINE ( 'NONE', #2772, #2148 ) ;
#1002 = DIRECTION ( 'NONE',  ( 0.000000000000000000, 0.000000000000000000, 1.000000000000000000 ) ) ;
#1003 = CARTESIAN_POINT ( 'NONE',  ( -17.60000000000000497, 25.50000000000000000, 13.69999999999998685 ) ) ;
#1004 = VERTEX_POINT ( 'NONE', #2276 ) ;
#1005 = AXIS2_PLACEMENT_3D ( 'NONE', #53, #713, #3614 ) ;
#1006 = EDGE_CURVE ( 'NONE', #3823, #1472, #3284, .T. ) ;
#1007 = VECTOR ( 'NONE', #561, 1000.000000000000114 ) ;
#1008 = FACE_OUTER_BOUND ( 'NONE', #2551, .T. ) ;
#1009 = VERTEX_POINT ( 'NONE', #487 ) ;
#1010 = DIRECTION ( 'NONE',  ( 0.000000000000000000, 0.000000000000000000, 1.000000000000000000 ) ) ;
#1011 = CARTESIAN_POINT ( 'NONE',  ( 0.000000000000000000, 0.000000000000000000, 8.500000000000000000 ) ) ;
#1012 = CARTESIAN_POINT ( 'NONE',  ( 17.60000000000000497, -12.90000000000000746, 8.500000000000000000 ) ) ;
#1013 = EDGE_CURVE ( 'NONE', #3268, #305, #751, .T. ) ;
#1014 = VERTEX_POINT ( 'NONE', #1875 ) ;
#1015 = AXIS2_PLACEMENT_3D ( 'NONE', #2291, #2102, #667 ) ;
#1016 = DIRECTION ( 'NONE',  ( -1.000000000000000000, 0.000000000000000000, -0.000000000000000000 ) ) ;
#1017 = ORIENTED_EDGE ( 'NONE', *, *, #3367, .T. ) ;
#1018 = CIRCLE ( 'NONE', #642, 1.249999999999999334 ) ;
#1019 = FACE_OUTER_BOUND ( 'NONE', #4499, .T. ) ;
#1020 = DIRECTION ( 'NONE',  ( -1.000000000000000000, 0.000000000000000000, 0.000000000000000000 ) ) ;
#1021 = VERTEX_POINT ( 'NONE', #133 ) ;
#1022 = VECTOR ( 'NONE', #695, 1000.000000000000000 ) ;
#1023 = COLOUR_RGB ( '',0.4980392156862745168, 0.4980392156862745168, 0.4980392156862745168 ) ;
#1024 = LINE ( 'NONE', #313, #3580 ) ;
#1025 = VECTOR ( 'NONE', #972, 1000.000000000000000 ) ;
#1026 = MECHANICAL_DESIGN_GEOMETRIC_PRESENTATION_REPRESENTATION (  '', ( #727 ), #2006 ) ;
#1027 = DIRECTION ( 'NONE',  ( -1.000000000000000000, 0.000000000000000000, 0.000000000000000000 ) ) ;
#1028 = VERTEX_POINT ( 'NONE', #3696 ) ;
#1029 = CIRCLE ( 'NONE', #3434, 3.199999999999978861 ) ;
#1030 = CIRCLE ( 'NONE', #3135, 1.999999999999994893 ) ;
#1031 = DIRECTION ( 'NONE',  ( -1.000000000000000000, 0.000000000000000000, 0.000000000000000000 ) ) ;
#1032 = ADVANCED_FACE ( 'NONE', ( #1894 ), #1549, .T. ) ;
#1033 = CARTESIAN_POINT ( 'NONE',  ( -3.499999999999996003, 15.50000000000000178, 18.50000000000000711 ) ) ;
#1034 = DIRECTION ( 'NONE',  ( 1.000000000000000000, 0.000000000000000000, 0.000000000000000000 ) ) ;
#1035 = ORIENTED_EDGE ( 'NONE', *, *, #132, .F. ) ;
#1036 = EDGE_CURVE ( 'NONE', #4662, #3678, #4314, .T. ) ;
#1037 = DIRECTION ( 'NONE',  ( 1.000000000000000000, 1.360567432138672328E-16, -0.000000000000000000 ) ) ;
#1038 = ORIENTED_EDGE ( 'NONE', *, *, #4274, .F. ) ;
#1039 = LINE ( 'NONE', #3608, #1304 ) ;
#1040 = DIRECTION ( 'NONE',  ( -1.000000000000000000, 0.000000000000000000, 0.000000000000000000 ) ) ;
#1041 = ORIENTED_EDGE ( 'NONE', *, *, #2328, .T. ) ;
#1042 = ORIENTED_EDGE ( 'NONE', *, *, #1260, .T. ) ;
#1043 = EDGE_CURVE ( 'NONE', #753, #4184, #2564, .T. ) ;
#1044 = LINE ( 'NONE', #2053, #3960 ) ;
#1045 = LINE ( 'NONE', #2902, #631 ) ;
#1046 = DIRECTION ( 'NONE',  ( -1.000000000000000000, -0.000000000000000000, -0.000000000000000000 ) ) ;
#1047 = ORIENTED_EDGE ( 'NONE', *, *, #1989, .T. ) ;
#1048 = FACE_BOUND ( 'NONE', #2398, .T. ) ;
#1049 = DIRECTION ( 'NONE',  ( 0.7071067811865451302, -0.7071067811865500152, 0.000000000000000000 ) ) ;
#1050 = CARTESIAN_POINT ( 'NONE',  ( 12.78756443470178361, 16.89999999999999858, 4.000000000000000000 ) ) ;
#1051 = VERTEX_POINT ( 'NONE', #2210 ) ;
#1052 = PLANE ( 'NONE',  #336 ) ;
#1053 = CARTESIAN_POINT ( 'NONE',  ( -12.49999999999999645, -18.00000000000000355, 26.00000000000000355 ) ) ;
#1054 = DIRECTION ( 'NONE',  ( 1.000000000000000000, 0.000000000000000000, 0.000000000000000000 ) ) ;
#1055 = ORIENTED_EDGE ( 'NONE', *, *, #3976, .T. ) ;
#1056 = ADVANCED_FACE ( 'NONE', ( #937 ), #3439, .F. ) ;
#1057 = CARTESIAN_POINT ( 'NONE',  ( 17.59999999999999076, -11.00000000000000711, 21.40000000000000568 ) ) ;
#1058 = VERTEX_POINT ( 'NONE', #1711 ) ;
#1059 = LINE ( 'NONE', #2921, #855 ) ;
#1060 = CARTESIAN_POINT ( 'NONE',  ( -17.59999999999999787, -12.89999999999998792, 2.999999999999999112 ) ) ;
#1061 = ORIENTED_EDGE ( 'NONE', *, *, #1953, .F. ) ;
#1062 = ORIENTED_EDGE ( 'NONE', *, *, #4291, .F. ) ;
#1063 = EDGE_CURVE ( 'NONE', #1224, #4513, #535, .T. ) ;
#1064 = LINE ( 'NONE', #2150, #1919 ) ;
#1065 = LINE ( 'NONE', #1463, #3715 ) ;
#1066 = CYLINDRICAL_SURFACE ( 'NONE', #3733, 7.500000000000000000 ) ;
#1067 = EDGE_LOOP ( 'NONE', ( #1641, #2963, #1874, #1241, #4463 ) ) ;
#1068 = ADVANCED_FACE ( 'NONE', ( #963 ), #3153, .F. ) ;
#1069 = DIRECTION ( 'NONE',  ( -1.000000000000000000, -0.000000000000000000, -0.000000000000000000 ) ) ;
#1070 = CARTESIAN_POINT ( 'NONE',  ( -17.60000000000000142, -7.700000000000009059, 13.69999999999999751 ) ) ;
#1071 = CARTESIAN_POINT ( 'NONE',  ( 16.42487113059642567, 18.99999999999999645, 4.000000000000000000 ) ) ;
#1072 = EDGE_LOOP ( 'NONE', ( #1746, #1927, #2418, #4255 ) ) ;
#1073 = DIRECTION ( 'NONE',  ( 0.000000000000000000, 1.000000000000000000, 0.000000000000000000 ) ) ;
#1074 = DIRECTION ( 'NONE',  ( 1.360567432138672081E-16, -1.000000000000000000, 0.000000000000000000 ) ) ;
#1075 = ORIENTED_EDGE ( 'NONE', *, *, #3601, .F. ) ;
#1076 = AXIS2_PLACEMENT_3D ( 'NONE', #4411, #1208, #2289 ) ;
#1077 = DIRECTION ( 'NONE',  ( 0.7071067811865515695, 0.7071067811865435759, 0.000000000000000000 ) ) ;
#1078 = VERTEX_POINT ( 'NONE', #3836 ) ;
#1079 = AXIS2_PLACEMENT_3D ( 'NONE', #3821, #1690, #2403 ) ;
#1080 = LINE ( 'NONE', #2545, #1534 ) ;
#1081 = DIRECTION ( 'NONE',  ( -0.000000000000000000, -0.000000000000000000, 1.000000000000000000 ) ) ;
#1082 = VERTEX_POINT ( 'NONE', #607 ) ;
#1083 = AXIS2_PLACEMENT_3D ( 'NONE', #459, #2955, #1143 ) ;
#1084 = CARTESIAN_POINT ( 'NONE',  ( -18.40000000000000213, 23.90000000000000213, 8.500000000000000000 ) ) ;
#1085 = ORIENTED_EDGE ( 'NONE', *, *, #4429, .F. ) ;
#1086 = CARTESIAN_POINT ( 'NONE',  ( 12.50000000000000178, -18.00000000000000355, 26.79999999999999361 ) ) ;
#1087 = EDGE_CURVE ( 'NONE', #1887, #531, #1312, .T. ) ;
#1088 = DIRECTION ( 'NONE',  ( 0.000000000000000000, -1.000000000000000000, 0.000000000000000000 ) ) ;
#1089 = VECTOR ( 'NONE', #696, 1000.000000000000000 ) ;
#1090 = ORIENTED_EDGE ( 'NONE', *, *, #813, .F. ) ;
#1091 = VECTOR ( 'NONE', #3266, 1000.000000000000000 ) ;
#1092 = LINE ( 'NONE', #291, #647 ) ;
#1093 = EDGE_CURVE ( 'NONE', #3259, #81, #2681, .T. ) ;
#1094 = FACE_OUTER_BOUND ( 'NONE', #1268, .T. ) ;
#1095 = DIRECTION ( 'NONE',  ( -0.000000000000000000, -0.000000000000000000, -1.000000000000000000 ) ) ;
#1096 = ORIENTED_EDGE ( 'NONE', *, *, #4035, .F. ) ;
#1097 = AXIS2_PLACEMENT_3D ( 'NONE', #4476, #3844, #4125 ) ;
#1098 = STYLED_ITEM ( 'NONE', ( #222 ), #2503 ) ;
#1099 = CIRCLE ( 'NONE', #2906, 5.000000000000000000 ) ;
#1100 = FACE_BOUND ( 'NONE', #2708, .T. ) ;
#1101 = VECTOR ( 'NONE', #3419, 1000.000000000000000 ) ;
#1102 = EDGE_CURVE ( 'NONE', #1626, #4152, #4491, .T. ) ;
#1103 = FACE_OUTER_BOUND ( 'NONE', #4204, .T. ) ;
#1104 = ORIENTED_EDGE ( 'NONE', *, *, #3692, .F. ) ;
#1105 = CIRCLE ( 'NONE', #4260, 7.500000000000001776 ) ;
#1106 = DIRECTION ( 'NONE',  ( 0.000000000000000000, 0.000000000000000000, -1.000000000000000000 ) ) ;
#1107 = ORIENTED_EDGE ( 'NONE', *, *, #3399, .T. ) ;
#1108 = CARTESIAN_POINT ( 'NONE',  ( 12.78756443470178716, 21.10000000000000142, 4.000000000000000000 ) ) ;
#1109 = CARTESIAN_POINT ( 'NONE',  ( -18.79999999999999005, 18.00000000000000355, 28.00000000000000000 ) ) ;
#1110 = ORIENTED_EDGE ( 'NONE', *, *, #697, .T. ) ;
#1111 = CARTESIAN_POINT ( 'NONE',  ( -15.21243556529821994, -15.90000000000000036, 4.000000000000000000 ) ) ;
#1112 = ORIENTED_EDGE ( 'NONE', *, *, #3549, .T. ) ;
#1113 = LINE ( 'NONE', #2550, #3339 ) ;
#1114 = DIRECTION ( 'NONE',  ( 1.000000000000000000, -1.387778780781445922E-16, 0.000000000000000000 ) ) ;
#1115 = ORIENTED_EDGE ( 'NONE', *, *, #3465, .F. ) ;
#1116 = EDGE_CURVE ( 'NONE', #3324, #4648, #2373, .T. ) ;
#1117 = CARTESIAN_POINT ( 'NONE',  ( -14.00000000000000888, -18.00000000000000711, 3.000000000000000000 ) ) ;
#1118 = CARTESIAN_POINT ( 'NONE',  ( -15.75000000000003197, -15.74999999999992362, 3.000000000000000000 ) ) ;
#1119 = LINE ( 'NONE', #410, #560 ) ;
#1120 = ORIENTED_EDGE ( 'NONE', *, *, #1522, .F. ) ;
#1121 = EDGE_CURVE ( 'NONE', #3817, #2079, #3408, .T. ) ;
#1122 = DIRECTION ( 'NONE',  ( -0.000000000000000000, -1.000000000000000000, -0.000000000000000000 ) ) ;
#1123 = LINE ( 'NONE', #2231, #2661 ) ;
#1124 = ORIENTED_EDGE ( 'NONE', *, *, #370, .T. ) ;
#1125 = EDGE_CURVE ( 'NONE', #1593, #2020, #2816, .T. ) ;
#1126 = DIRECTION ( 'NONE',  ( -0.7071067811865502373, -4.088782444489014465E-16, -0.7071067811865449082 ) ) ;
#1127 = ORIENTED_EDGE ( 'NONE', *, *, #2299, .F. ) ;
#1128 = DIRECTION ( 'NONE',  ( -0.7071067811865435759, 0.7071067811865515695, -0.000000000000000000 ) ) ;
#1129 = CARTESIAN_POINT ( 'NONE',  ( -18.60000000000000497, 7.999999999999994671, 20.40000000000000924 ) ) ;
#1130 = ORIENTED_EDGE ( 'NONE', *, *, #2002, .T. ) ;
#1131 = DIRECTION ( 'NONE',  ( 1.000000000000000000, -0.000000000000000000, 0.000000000000000000 ) ) ;
#1132 = ORIENTED_EDGE ( 'NONE', *, *, #2485, .F. ) ;
#1133 = CARTESIAN_POINT ( 'NONE',  ( 17.60000000000000853, -18.10000000000000142, 26.00000000000000355 ) ) ;
#1134 = LINE ( 'NONE', #780, #3055 ) ;
#1135 = VERTEX_POINT ( 'NONE', #1616 ) ;
#1136 = CARTESIAN_POINT ( 'NONE',  ( -20.00000000000000355, 18.00000000000000355, 1.200000000000005729 ) ) ;
#1137 = LINE ( 'NONE', #1842, #2052 ) ;
#1138 = DIRECTION ( 'NONE',  ( 0.7071067811865479058, 0.000000000000000000, -0.7071067811865472397 ) ) ;
#1139 = DIRECTION ( 'NONE',  ( -0.000000000000000000, -0.000000000000000000, 1.000000000000000000 ) ) ;
#1140 = EDGE_CURVE ( 'NONE', #2079, #305, #3061, .T. ) ;
#1141 = ORIENTED_EDGE ( 'NONE', *, *, #205, .T. ) ;
#1142 = CARTESIAN_POINT ( 'NONE',  ( -16.42487113059643633, -18.00000000000000711, 4.000000000000000000 ) ) ;
#1143 = DIRECTION ( 'NONE',  ( 0.000000000000000000, 1.000000000000000000, 0.000000000000000000 ) ) ;
#1144 = ADVANCED_FACE ( 'NONE', ( #1269 ), #209, .F. ) ;
#1145 = ORIENTED_EDGE ( 'NONE', *, *, #800, .F. ) ;
#1146 = VECTOR ( 'NONE', #3174, 1000.000000000000114 ) ;
#1147 = ORIENTED_EDGE ( 'NONE', *, *, #1314, .T. ) ;
#1148 = CARTESIAN_POINT ( 'NONE',  ( -18.14290156071426807, 25.43245409598647555, 21.51033214339676292 ) ) ;
#1149 = EDGE_CURVE ( 'NONE', #1984, #3813, #4136, .T. ) ;
#1150 = FACE_OUTER_BOUND ( 'NONE', #4047, .T. ) ;
#1151 = ORIENTED_EDGE ( 'NONE', *, *, #2082, .T. ) ;
#1152 = AXIS2_PLACEMENT_3D ( 'NONE', #1053, #2094, #2223 ) ;
#1153 = VECTOR ( 'NONE', #612, 1000.000000000000000 ) ;
#1154 = FACE_OUTER_BOUND ( 'NONE', #3090, .T. ) ;
#1155 = EDGE_LOOP ( 'NONE', ( #3035, #138, #2866, #2343 ) ) ;
#1156 = CARTESIAN_POINT ( 'NONE',  ( -20.00000000000001066, 8.278487170284289931, 16.59999561272583435 ) ) ;
#1157 = EDGE_CURVE ( 'NONE', #3350, #3746, #911, .T. ) ;
#1158 = DIRECTION ( 'NONE',  ( 0.5000000000000002220, 0.8660254037844384856, 0.000000000000000000 ) ) ;
#1159 = VERTEX_POINT ( 'NONE', #1997 ) ;
#1160 = AXIS2_PLACEMENT_3D ( 'NONE', #3553, #1430, #1410 ) ;
#1161 = CARTESIAN_POINT ( 'NONE',  ( -15.25000000000000888, -18.00000000000000711, 3.000000000000000000 ) ) ;
#1162 = CIRCLE ( 'NONE', #2892, 7.500000000000000000 ) ;
#1163 = LINE ( 'NONE', #3329, #3711 ) ;
#1164 = DIRECTION ( 'NONE',  ( 1.000000000000000000, 1.360567432138672328E-16, -0.000000000000000000 ) ) ;
#1165 =( LENGTH_UNIT ( ) NAMED_UNIT ( * ) SI_UNIT ( .MILLI., .METRE. ) );
#1166 = ORIENTED_EDGE ( 'NONE', *, *, #142, .F. ) ;
#1167 = VECTOR ( 'NONE', #2888, 1000.000000000000000 ) ;
#1168 = EDGE_CURVE ( 'NONE', #4303, #3778, #219, .T. ) ;
#1169 = FACE_OUTER_BOUND ( 'NONE', #1414, .T. ) ;
#1170 = CIRCLE ( 'NONE', #113, 1.250000000000001110 ) ;
#1171 = VECTOR ( 'NONE', #4559, 1000.000000000000000 ) ;
#1172 = DIRECTION ( 'NONE',  ( -1.360567432138672081E-16, 1.000000000000000000, 0.000000000000000000 ) ) ;
#1173 = ORIENTED_EDGE ( 'NONE', *, *, #2685, .F. ) ;
#1174 =( GEOMETRIC_REPRESENTATION_CONTEXT ( 3 ) GLOBAL_UNCERTAINTY_ASSIGNED_CONTEXT ( ( #1959 ) ) GLOBAL_UNIT_ASSIGNED_CONTEXT ( ( #3702, #3283, #2994 ) ) REPRESENTATION_CONTEXT ( 'NONE', 'WORKASPACE' ) );
#1175 = EDGE_CURVE ( 'NONE', #1009, #3991, #1684, .T. ) ;
#1176 = CARTESIAN_POINT ( 'NONE',  ( 17.84160615595227029, 23.46803492629396715, 21.10474010748675511 ) ) ;
#1177 = DIRECTION ( 'NONE',  ( 0.000000000000000000, 1.000000000000000000, 0.000000000000000000 ) ) ;
#1178 = VECTOR ( 'NONE', #4210, 1000.000000000000227 ) ;
#1179 = VERTEX_POINT ( 'NONE', #1662 ) ;
#1180 = VECTOR ( 'NONE', #921, 1000.000000000000000 ) ;
#1181 = EDGE_CURVE ( 'NONE', #1823, #1252, #2026, .T. ) ;
#1182 = CIRCLE ( 'NONE', #4182, 3.499999999999999556 ) ;
#1183 = CARTESIAN_POINT ( 'NONE',  ( 18.10000000000000853, -11.00000000000000711, 20.89999999999999503 ) ) ;
#1184 = ORIENTED_EDGE ( 'NONE', *, *, #3671, .F. ) ;
#1185 = LINE ( 'NONE', #2619, #4459 ) ;
#1186 = FACE_OUTER_BOUND ( 'NONE', #2128, .T. ) ;
#1187 = ORIENTED_EDGE ( 'NONE', *, *, #198, .T. ) ;
#1188 =( BOUNDED_CURVE ( )  B_SPLINE_CURVE ( 3, ( #1926, #1621, #2004, #3720 ),
 .UNSPECIFIED., .F., .T. ) 
 B_SPLINE_CURVE_WITH_KNOTS ( ( 4, 4 ),
 ( 1.704527916204837457, 1.996908032096943453 ),
 .UNSPECIFIED. ) 
 CURVE ( )  GEOMETRIC_REPRESENTATION_ITEM ( )  RATIONAL_B_SPLINE_CURVE ( ( 1.000000000000000000, 0.9928888339073689284, 0.9928888339073689284, 1.000000000000000000 ) ) 
 REPRESENTATION_ITEM ( '' )  );
#1189 = ADVANCED_FACE ( 'NONE', ( #2417, #3854 ), #1757, .T. ) ;
#1190 = LINE ( 'NONE', #3728, #1399 ) ;
#1191 = LINE ( 'NONE', #2642, #625 ) ;
#1192 = FACE_BOUND ( 'NONE', #1766, .T. ) ;
#1193 = SURFACE_SIDE_STYLE ('',( #3331 ) ) ;
#1194 = EDGE_LOOP ( 'NONE', ( #2680, #1765, #1038, #3390 ) ) ;
#1195 = FACE_OUTER_BOUND ( 'NONE', #357, .T. ) ;
#1196 = ORIENTED_EDGE ( 'NONE', *, *, #1225, .F. ) ;
#1197 = DIRECTION ( 'NONE',  ( 1.360567432138672081E-16, -1.000000000000000000, 2.891205793294678819E-16 ) ) ;
#1198 = LINE ( 'NONE', #1809, #3062 ) ;
#1199 = ORIENTED_EDGE ( 'NONE', *, *, #609, .T. ) ;
#1200 = ADVANCED_FACE ( 'NONE', ( #2492 ), #2513, .F. ) ;
#1201 = DIRECTION ( 'NONE',  ( 0.7071067811865487940, 0.7071067811865462405, 0.000000000000000000 ) ) ;
#1202 = EDGE_LOOP ( 'NONE', ( #245, #488, #3207, #3763 ) ) ;
#1203 = DIRECTION ( 'NONE',  ( 0.000000000000000000, 1.000000000000000000, -0.000000000000000000 ) ) ;
#1204 = DIRECTION ( 'NONE',  ( -0.000000000000000000, -0.000000000000000000, 1.000000000000000000 ) ) ;
#1205 = EDGE_CURVE ( 'NONE', #215, #4488, #2541, .T. ) ;
#1206 = ORIENTED_EDGE ( 'NONE', *, *, #629, .F. ) ;
#1207 = LINE ( 'NONE', #2573, #4401 ) ;
#1208 = DIRECTION ( 'NONE',  ( 0.8660254037844385966, 0.5000000000000003331, -0.000000000000000000 ) ) ;
#1209 = CARTESIAN_POINT ( 'NONE',  ( -12.49999999999999645, -18.00000000000000355, 3.000000000000000000 ) ) ;
#1210 = FACE_OUTER_BOUND ( 'NONE', #1800, .T. ) ;
#1211 = ADVANCED_FACE ( 'NONE', ( #1103, #4655 ), #3951, .T. ) ;
#1212 = VERTEX_POINT ( 'NONE', #4582 ) ;
#1213 = LINE ( 'NONE', #2954, #417 ) ;
#1214 = DIRECTION ( 'NONE',  ( -0.5000000000000008882, -0.8660254037844380415, 0.000000000000000000 ) ) ;
#1215 = CARTESIAN_POINT ( 'NONE',  ( -15.25000000000000888, -18.00000000000000711, 4.000000000000000000 ) ) ;
#1216 = ORIENTED_EDGE ( 'NONE', *, *, #2638, .F. ) ;
#1217 = DIRECTION ( 'NONE',  ( -1.000000000000000000, 0.000000000000000000, 0.000000000000000000 ) ) ;
#1218 = PRODUCT_CONTEXT ( 'NONE', #2021, 'mechanical' ) ;
#1219 = ORIENTED_EDGE ( 'NONE', *, *, #278, .F. ) ;
#1220 = DIRECTION ( 'NONE',  ( 0.000000000000000000, 0.000000000000000000, -1.000000000000000000 ) ) ;
#1221 = ORIENTED_EDGE ( 'NONE', *, *, #3851, .F. ) ;
#1222 = LINE ( 'NONE', #520, #100 ) ;
#1223 = PLANE ( 'NONE',  #1849 ) ;
#1224 = VERTEX_POINT ( 'NONE', #347 ) ;
#1225 = EDGE_CURVE ( 'NONE', #3764, #2890, #2889, .T. ) ;
#1226 = CARTESIAN_POINT ( 'NONE',  ( 17.59999999999999787, 13.89999999999998259, 8.500000000000000000 ) ) ;
#1227 = CARTESIAN_POINT ( 'NONE',  ( -18.79999999999999005, 18.00000000000000355, 20.50000000000000000 ) ) ;
#1228 = FACE_OUTER_BOUND ( 'NONE', #2220, .T. ) ;
#1229 = DIRECTION ( 'NONE',  ( 0.000000000000000000, 0.000000000000000000, 1.000000000000000000 ) ) ;
#1230 = VECTOR ( 'NONE', #2125, 1000.000000000000114 ) ;
#1231 = ORIENTED_EDGE ( 'NONE', *, *, #3682, .T. ) ;
#1232 = VECTOR ( 'NONE', #1172, 1000.000000000000000 ) ;
#1233 = ADVANCED_FACE ( 'NONE', ( #3623 ), #3201, .F. ) ;
#1234 = DIRECTION ( 'NONE',  ( -0.000000000000000000, 1.000000000000000000, -0.000000000000000000 ) ) ;
#1235 = PLANE ( 'NONE',  #1407 ) ;
#1236 = DIRECTION ( 'NONE',  ( -1.000000000000000000, 1.119176436114069085E-16, 0.000000000000000000 ) ) ;
#1237 = EDGE_LOOP ( 'NONE', ( #892, #244, #4054, #2477, #894 ) ) ;
#1238 = VECTOR ( 'NONE', #3293, 1000.000000000000000 ) ;
#1239 = ADVANCED_FACE ( 'NONE', ( #1734 ), #4161, .T. ) ;
#1240 = ORIENTED_EDGE ( 'NONE', *, *, #887, .F. ) ;
#1241 = ORIENTED_EDGE ( 'NONE', *, *, #2221, .T. ) ;
#1242 = DIRECTION ( 'NONE',  ( 1.000000000000000000, 0.000000000000000000, -0.000000000000000000 ) ) ;
#1243 = ORIENTED_EDGE ( 'NONE', *, *, #3502, .F. ) ;
#1244 = AXIS2_PLACEMENT_3D ( 'NONE', #292, #1469, #675 ) ;
#1245 = VECTOR ( 'NONE', #551, 1000.000000000000000 ) ;
#1246 = AXIS2_PLACEMENT_3D ( 'NONE', #2284, #4052, #825 ) ;
#1247 = CARTESIAN_POINT ( 'NONE',  ( -9.500000000000000000, 0.000000000000000000, 0.000000000000000000 ) ) ;
#1248 = VERTEX_POINT ( 'NONE', #12 ) ;
#1249 = VECTOR ( 'NONE', #1899, 1000.000000000000000 ) ;
#1250 = CARTESIAN_POINT ( 'NONE',  ( 19.99999999999999645, 24.29999999999999361, 7.500000000000000000 ) ) ;
#1251 = DIRECTION ( 'NONE',  ( -0.7071067811865459074, -7.913772473204492237E-17, -0.7071067811865491270 ) ) ;
#1252 = VERTEX_POINT ( 'NONE', #2848 ) ;
#1253 = AXIS2_PLACEMENT_3D ( 'NONE', #1691, #356, #2101 ) ;
#1254 = CIRCLE ( 'NONE', #3891, 5.000000000000000000 ) ;
#1255 = FILL_AREA_STYLE ('',( #236 ) ) ;
#1256 = DIRECTION ( 'NONE',  ( 4.336808689942015764E-16, -1.000000000000000000, -0.000000000000000000 ) ) ;
#1257 = DIRECTION ( 'NONE',  ( 1.000000000000000000, 1.508455196501571183E-16, -0.000000000000000000 ) ) ;
#1258 = DIRECTION ( 'NONE',  ( -1.000000000000000000, -1.927470528863118802E-16, 0.000000000000000000 ) ) ;
#1259 = VERTEX_POINT ( 'NONE', #4253 ) ;
#1260 = EDGE_CURVE ( 'NONE', #924, #87, #3443, .T. ) ;
#1261 = CARTESIAN_POINT ( 'NONE',  ( -18.80000000000000782, -13.70000000000000817, 9.700000000000006395 ) ) ;
#1262 = DIRECTION ( 'NONE',  ( 1.000000000000000000, 0.000000000000000000, 0.000000000000000000 ) ) ;
#1263 = FACE_OUTER_BOUND ( 'NONE', #4417, .T. ) ;
#1264 = EDGE_LOOP ( 'NONE', ( #2498, #978, #2732, #3452 ) ) ;
#1265 = EDGE_CURVE ( 'NONE', #3748, #4513, #3228, .T. ) ;
#1266 = VERTEX_POINT ( 'NONE', #4297 ) ;
#1267 = CARTESIAN_POINT ( 'NONE',  ( 15.21243556529821106, 16.89999999999999858, 0.000000000000000000 ) ) ;
#1268 = EDGE_LOOP ( 'NONE', ( #4197, #2216, #3524, #2456 ) ) ;
#1269 = FACE_OUTER_BOUND ( 'NONE', #167, .T. ) ;
#1270 = SURFACE_SIDE_STYLE ('',( #4492 ) ) ;
#1271 = ORIENTED_EDGE ( 'NONE', *, *, #1314, .F. ) ;
#1272 = ADVANCED_FACE ( 'NONE', ( #4632 ), #4322, .F. ) ;
#1273 = DIRECTION ( 'NONE',  ( 0.000000000000000000, 0.000000000000000000, -1.000000000000000000 ) ) ;
#1274 = VERTEX_POINT ( 'NONE', #728 ) ;
#1275 = DIRECTION ( 'NONE',  ( -0.000000000000000000, -0.000000000000000000, -1.000000000000000000 ) ) ;
#1276 = CARTESIAN_POINT ( 'NONE',  ( -12.59999999999999787, -18.09999999999999787, 8.500000000000000000 ) ) ;
#1277 = ORIENTED_EDGE ( 'NONE', *, *, #1411, .F. ) ;
#1278 = CARTESIAN_POINT ( 'NONE',  ( 12.60000000000000675, -18.10000000000000142, 26.00000000000000355 ) ) ;
#1279 = DIRECTION ( 'NONE',  ( 0.000000000000000000, 0.000000000000000000, 1.000000000000000000 ) ) ;
#1280 = DIRECTION ( 'NONE',  ( -1.000000000000000000, 0.000000000000000000, 0.000000000000000000 ) ) ;
#1281 = EDGE_LOOP ( 'NONE', ( #876, #4087, #4564, #4408, #3772 ) ) ;
#1282 = LINE ( 'NONE', #2058, #1245 ) ;
#1283 = EDGE_CURVE ( 'NONE', #4488, #2894, #328, .T. ) ;
#1284 = DIRECTION ( 'NONE',  ( -1.000000000000000000, 0.000000000000000000, 0.000000000000000000 ) ) ;
#1285 = CARTESIAN_POINT ( 'NONE',  ( -3.499999999999997780, 15.50000000000000178, 20.50000000000000355 ) ) ;
#1286 = VERTEX_POINT ( 'NONE', #3603 ) ;
#1287 = CARTESIAN_POINT ( 'NONE',  ( -20.00000000000000355, 21.10000000000000142, 0.6706515684144505052 ) ) ;
#1288 = EDGE_CURVE ( 'NONE', #781, #85, #2959, .T. ) ;
#1289 = ORIENTED_EDGE ( 'NONE', *, *, #3716, .F. ) ;
#1290 = CARTESIAN_POINT ( 'NONE',  ( 10.40000000000000391, -22.90000000000000924, 3.000000000000000000 ) ) ;
#1291 = VERTEX_POINT ( 'NONE', #748 ) ;
#1292 = EDGE_CURVE ( 'NONE', #3915, #1376, #2185, .T. ) ;
#1293 = CARTESIAN_POINT ( 'NONE',  ( -18.40000000000000568, 15.90000000000000036, 8.500000000000000000 ) ) ;
#1294 = VERTEX_POINT ( 'NONE', #2095 ) ;
#1295 = LINE ( 'NONE', #3840, #4312 ) ;
#1296 = FILL_AREA_STYLE ('',( #613 ) ) ;
#1297 = VERTEX_POINT ( 'NONE', #2469 ) ;
#1298 = EDGE_CURVE ( 'NONE', #1458, #716, #2479, .T. ) ;
#1299 = FACE_OUTER_BOUND ( 'NONE', #1573, .T. ) ;
#1300 = DIRECTION ( 'NONE',  ( -1.000000000000000000, 0.000000000000000000, 0.000000000000000000 ) ) ;
#1301 = LINE ( 'NONE', #3776, #1473 ) ;
#1302 = VERTEX_POINT ( 'NONE', #2984 ) ;
#1303 = AXIS2_PLACEMENT_3D ( 'NONE', #4546, #3868, #263 ) ;
#1304 = VECTOR ( 'NONE', #3931, 1000.000000000000000 ) ;
#1305 = DIRECTION ( 'NONE',  ( 0.000000000000000000, 0.000000000000000000, -1.000000000000000000 ) ) ;
#1306 = PLANE ( 'NONE',  #484 ) ;
#1307 = ORIENTED_EDGE ( 'NONE', *, *, #4018, .F. ) ;
#1308 = AXIS2_PLACEMENT_3D ( 'NONE', #2987, #514, #4420 ) ;
#1309 = CARTESIAN_POINT ( 'NONE',  ( 12.75000000000000888, -18.00000000000000355, 4.000000000000000000 ) ) ;
#1310 = ORIENTED_EDGE ( 'NONE', *, *, #2104, .T. ) ;
#1311 = CIRCLE ( 'NONE', #2740, 6.299999999999992717 ) ;
#1312 = LINE ( 'NONE', #3083, #3418 ) ;
#1313 = ORIENTED_EDGE ( 'NONE', *, *, #1371, .F. ) ;
#1314 = EDGE_CURVE ( 'NONE', #2668, #1887, #4083, .T. ) ;
#1315 = VECTOR ( 'NONE', #934, 1000.000000000000000 ) ;
#1316 = CARTESIAN_POINT ( 'NONE',  ( 17.60000000000001208, -11.00000000000000711, 21.40000000000000568 ) ) ;
#1317 = ORIENTED_EDGE ( 'NONE', *, *, #445, .T. ) ;
#1318 = CARTESIAN_POINT ( 'NONE',  ( -20.00000000000000355, 24.29999999999999361, 3.000000000000000000 ) ) ;
#1319 = DIRECTION ( 'NONE',  ( -0.5000000000000002220, 0.8660254037844384856, 0.000000000000000000 ) ) ;
#1320 = AXIS2_PLACEMENT_3D ( 'NONE', #2534, #4315, #1750 ) ;
#1321 = AXIS2_PLACEMENT_3D ( 'NONE', #1445, #4292, #363 ) ;
#1322 = EDGE_LOOP ( 'NONE', ( #3947, #284, #3986, #4519 ) ) ;
#1323 = EDGE_CURVE ( 'NONE', #2425, #1078, #3643, .T. ) ;
#1324 = DIRECTION ( 'NONE',  ( 0.000000000000000000, -0.000000000000000000, 1.000000000000000000 ) ) ;
#1325 = CARTESIAN_POINT ( 'NONE',  ( 10.40000000000000036, 23.90000000000000213, 8.499999999999984013 ) ) ;
#1326 = CARTESIAN_POINT ( 'NONE',  ( 10.20000000000000462, -25.50000000000000355, 1.200000000000006617 ) ) ;
#1327 = ORIENTED_EDGE ( 'NONE', *, *, #4173, .T. ) ;
#1328 = AXIS2_PLACEMENT_3D ( 'NONE', #1388, #4263, #1040 ) ;
#1329 = AXIS2_PLACEMENT_3D ( 'NONE', #3838, #2473, #3513 ) ;
#1330 = EDGE_CURVE ( 'NONE', #1286, #87, #439, .T. ) ;
#1331 = LINE ( 'NONE', #4128, #3127 ) ;
#1332 = CARTESIAN_POINT ( 'NONE',  ( -8.400000000000002132, -23.10000000000000142, 2.999999999999999112 ) ) ;
#1333 = DIRECTION ( 'NONE',  ( -8.673617379884043361E-16, 0.000000000000000000, 1.000000000000000000 ) ) ;
#1334 = ORIENTED_EDGE ( 'NONE', *, *, #3709, .T. ) ;
#1335 = DIRECTION ( 'NONE',  ( 0.000000000000000000, 0.000000000000000000, -1.000000000000000000 ) ) ;
#1336 = ORIENTED_EDGE ( 'NONE', *, *, #3631, .F. ) ;
#1337 = CARTESIAN_POINT ( 'NONE',  ( -10.39999999999999858, -22.90000000000001279, 3.000000000000000000 ) ) ;
#1338 = VERTEX_POINT ( 'NONE', #1215 ) ;
#1339 = DIRECTION ( 'NONE',  ( -1.000000000000000000, -1.360567432138672081E-16, 0.000000000000000000 ) ) ;
#1340 = ORIENTED_EDGE ( 'NONE', *, *, #105, .T. ) ;
#1341 = DIRECTION ( 'NONE',  ( 1.119176436114069085E-16, 1.000000000000000000, 0.000000000000000000 ) ) ;
#1342 = EDGE_CURVE ( 'NONE', #4380, #1845, #1123, .T. ) ;
#1343 = FACE_BOUND ( 'NONE', #3118, .T. ) ;
#1344 = DIRECTION ( 'NONE',  ( 0.000000000000000000, 0.000000000000000000, 1.000000000000000000 ) ) ;
#1345 = ORIENTED_EDGE ( 'NONE', *, *, #2437, .T. ) ;
#1346 = DIRECTION ( 'NONE',  ( -1.000000000000000000, 0.000000000000000000, 0.000000000000000000 ) ) ;
#1347 = LINE ( 'NONE', #643, #22 ) ;
#1348 = EDGE_CURVE ( 'NONE', #2584, #117, #84, .T. ) ;
#1349 = CARTESIAN_POINT ( 'NONE',  ( 16.42487113059643633, -18.00000000000000355, 4.000000000000000000 ) ) ;
#1350 = ORIENTED_EDGE ( 'NONE', *, *, #1791, .F. ) ;
#1351 = CARTESIAN_POINT ( 'NONE',  ( -18.59999999999999432, -17.00000000000000355, 21.40000000000000213 ) ) ;
#1352 = EDGE_CURVE ( 'NONE', #2262, #4364, #3739, .T. ) ;
#1353 = LINE ( 'NONE', #3076, #4625 ) ;
#1354 = CARTESIAN_POINT ( 'NONE',  ( -15.21243556529821817, 16.89999999999999858, 4.000000000000000000 ) ) ;
#1355 = ORIENTED_EDGE ( 'NONE', *, *, #1116, .F. ) ;
#1356 = CARTESIAN_POINT ( 'NONE',  ( -18.12763935961671891, 23.41373981999031173, 21.48058836610972122 ) ) ;
#1357 = EDGE_CURVE ( 'NONE', #1266, #3813, #4043, .T. ) ;
#1358 = DIRECTION ( 'NONE',  ( -0.7071067811865505703, 0.000000000000000000, 0.7071067811865444641 ) ) ;
#1359 = CARTESIAN_POINT ( 'NONE',  ( 9.499999999999982236, -20.14999999999997016, -4.149999999999994138 ) ) ;
#1360 = ORIENTED_EDGE ( 'NONE', *, *, #1063, .F. ) ;
#1361 = LINE ( 'NONE', #1736, #3737 ) ;
#1362 = ORIENTED_EDGE ( 'NONE', *, *, #54, .F. ) ;
#1363 = DIRECTION ( 'NONE',  ( -0.000000000000000000, -0.000000000000000000, -1.000000000000000000 ) ) ;
#1364 = DIRECTION ( 'NONE',  ( 0.000000000000000000, 1.000000000000000000, 0.000000000000000000 ) ) ;
#1365 = DIRECTION ( 'NONE',  ( 1.000000000000000000, 1.360567432138672328E-16, -0.000000000000000000 ) ) ;
#1366 = ORIENTED_EDGE ( 'NONE', *, *, #1043, .F. ) ;
#1367 = CARTESIAN_POINT ( 'NONE',  ( 10.39999999999999858, 18.39999999999996305, 2.999999999999998668 ) ) ;
#1368 = CARTESIAN_POINT ( 'NONE',  ( 15.21243556529822172, -20.10000000000000142, 0.000000000000000000 ) ) ;
#1369 = CARTESIAN_POINT ( 'NONE',  ( -0.000000000000000000, -24.30000000000000071, 0.000000000000000000 ) ) ;
#1370 = ORIENTED_EDGE ( 'NONE', *, *, #2130, .F. ) ;
#1371 = EDGE_CURVE ( 'NONE', #3981, #698, #2937, .T. ) ;
#1372 = DIRECTION ( 'NONE',  ( 1.000000000000000000, 1.360567432138672081E-16, -0.000000000000000000 ) ) ;
#1373 = DIRECTION ( 'NONE',  ( 1.000000000000000000, -2.168404344971009115E-16, 0.000000000000000000 ) ) ;
#1374 = LINE ( 'NONE', #2436, #2219 ) ;
#1375 = AXIS2_PLACEMENT_3D ( 'NONE', #4146, #616, #3472 ) ;
#1376 = VERTEX_POINT ( 'NONE', #3267 ) ;
#1377 = EDGE_CURVE ( 'NONE', #4212, #2255, #1520, .T. ) ;
#1378 = CARTESIAN_POINT ( 'NONE',  ( 16.53303304585003985, 25.50000000000000355, 20.49999999999999645 ) ) ;
#1379 = DIRECTION ( 'NONE',  ( -1.119176436114069085E-16, -1.000000000000000000, 0.000000000000000000 ) ) ;
#1380 = CARTESIAN_POINT ( 'NONE',  ( 0.000000000000000000, 0.000000000000000000, 4.000000000000000000 ) ) ;
#1381 = VERTEX_POINT ( 'NONE', #1478 ) ;
#1382 = VECTOR ( 'NONE', #4267, 1000.000000000000000 ) ;
#1383 = EDGE_CURVE ( 'NONE', #1159, #1610, #932, .T. ) ;
#1384 = AXIS2_PLACEMENT_3D ( 'NONE', #2442, #297, #1054 ) ;
#1385 = LINE ( 'NONE', #1714, #3292 ) ;
#1386 = ORIENTED_EDGE ( 'NONE', *, *, #896, .F. ) ;
#1387 = CARTESIAN_POINT ( 'NONE',  ( 29.00660171779821184, 18.00000000000000355, 20.50000000000000000 ) ) ;
#1388 = CARTESIAN_POINT ( 'NONE',  ( -14.00000000000000178, 18.99999999999999645, 4.000000000000000000 ) ) ;
#1389 = ORIENTED_EDGE ( 'NONE', *, *, #2929, .T. ) ;
#1390 = ORIENTED_EDGE ( 'NONE', *, *, #4160, .F. ) ;
#1391 = VECTOR ( 'NONE', #1586, 1000.000000000000000 ) ;
#1392 = VECTOR ( 'NONE', #881, 1000.000000000000000 ) ;
#1393 = DIRECTION ( 'NONE',  ( -0.000000000000000000, -0.000000000000000000, -1.000000000000000000 ) ) ;
#1394 = AXIS2_PLACEMENT_3D ( 'NONE', #658, #2093, #4601 ) ;
#1395 = DIRECTION ( 'NONE',  ( 0.000000000000000000, 1.000000000000000000, 0.000000000000000000 ) ) ;
#1396 = LINE ( 'NONE', #2837, #870 ) ;
#1397 = ORIENTED_EDGE ( 'NONE', *, *, #4228, .F. ) ;
#1398 = COLOUR_RGB ( '',0.4980392156862745168, 0.4980392156862745168, 0.4980392156862745168 ) ;
#1399 = VECTOR ( 'NONE', #851, 1000.000000000000000 ) ;
#1400 = DIRECTION ( 'NONE',  ( -1.360567432138672328E-16, 1.000000000000000000, -0.000000000000000000 ) ) ;
#1401 = CARTESIAN_POINT ( 'NONE',  ( -20.00000000000000355, 18.00000000000000355, 26.79999999999999361 ) ) ;
#1402 = AXIS2_PLACEMENT_3D ( 'NONE', #443, #2988, #2237 ) ;
#1403 = VECTOR ( 'NONE', #2314, 1000.000000000000000 ) ;
#1404 = DIRECTION ( 'NONE',  ( -0.4999999999999998335, 0.8660254037844387076, 0.000000000000000000 ) ) ;
#1405 = EDGE_CURVE ( 'NONE', #1741, #3445, #2580, .T. ) ;
#1406 = ORIENTED_EDGE ( 'NONE', *, *, #3248, .F. ) ;
#1407 = AXIS2_PLACEMENT_3D ( 'NONE', #1433, #1077, #1106 ) ;
#1408 = CARTESIAN_POINT ( 'NONE',  ( 17.40792242229024112, 25.49558768675482057, 20.76754226663630831 ) ) ;
#1409 = DIRECTION ( 'NONE',  ( 1.000000000000000000, -1.119176436114069085E-16, 0.000000000000000000 ) ) ;
#1410 = DIRECTION ( 'NONE',  ( -1.000000000000000000, 0.000000000000000000, -0.000000000000000000 ) ) ;
#1411 = EDGE_CURVE ( 'NONE', #611, #798, #3693, .T. ) ;
#1412 = ORIENTED_EDGE ( 'NONE', *, *, #1680, .F. ) ;
#1413 = DIRECTION ( 'NONE',  ( -0.7071067811865419106, 8.177564888977998361E-16, -0.7071067811865532349 ) ) ;
#1414 = EDGE_LOOP ( 'NONE', ( #838, #3540, #121, #681, #1370, #2173 ) ) ;
#1415 = CARTESIAN_POINT ( 'NONE',  ( 16.42487113059643633, -18.00000000000000355, 4.000000000000000000 ) ) ;
#1416 = ADVANCED_FACE ( 'NONE', ( #768 ), #1890, .F. ) ;
#1417 = DIRECTION ( 'NONE',  ( 1.000000000000000000, 1.360567432138672081E-16, -0.000000000000000000 ) ) ;
#1418 = VERTEX_POINT ( 'NONE', #3336 ) ;
#1419 = ORIENTED_EDGE ( 'NONE', *, *, #3021, .F. ) ;
#1420 = CARTESIAN_POINT ( 'NONE',  ( -11.95931023940372384, 18.33457834783831686, 6.146104541163073978E-17 ) ) ;
#1421 = LINE ( 'NONE', #2152, #1230 ) ;
#1422 = FACE_OUTER_BOUND ( 'NONE', #614, .T. ) ;
#1423 = ORIENTED_EDGE ( 'NONE', *, *, #1548, .T. ) ;
#1424 = CARTESIAN_POINT ( 'NONE',  ( 18.40000000000000924, -14.90000000000000746, 8.500000000000000000 ) ) ;
#1425 = DIRECTION ( 'NONE',  ( 0.000000000000000000, 1.000000000000000000, 0.000000000000000000 ) ) ;
#1426 = CYLINDRICAL_SURFACE ( 'NONE', #2595, 3.499999999999999556 ) ;
#1427 = VERTEX_POINT ( 'NONE', #1545 ) ;
#1428 = EDGE_CURVE ( 'NONE', #803, #3956, #2630, .T. ) ;
#1429 = CARTESIAN_POINT ( 'NONE',  ( 17.72939024146750953, 25.48389642918535714, 21.00003123030798236 ) ) ;
#1430 = DIRECTION ( 'NONE',  ( 0.000000000000000000, 0.000000000000000000, -1.000000000000000000 ) ) ;
#1431 = ORIENTED_EDGE ( 'NONE', *, *, #2393, .T. ) ;
#1432 = EDGE_CURVE ( 'NONE', #4458, #1946, #1915, .T. ) ;
#1433 = CARTESIAN_POINT ( 'NONE',  ( 17.59999999999999787, 13.89999999999998259, 28.00000000000000000 ) ) ;
#1434 = ORIENTED_EDGE ( 'NONE', *, *, #4480, .T. ) ;
#1435 = LINE ( 'NONE', #2873, #3943 ) ;
#1436 = LINE ( 'NONE', #2779, #1178 ) ;
#1437 = EDGE_LOOP ( 'NONE', ( #3895, #3022, #597, #1726 ) ) ;
#1438 = EDGE_CURVE ( 'NONE', #85, #4002, #3005, .T. ) ;
#1439 = LINE ( 'NONE', #1084, #2377 ) ;
#1440 = ORIENTED_EDGE ( 'NONE', *, *, #3767, .T. ) ;
#1441 = DIRECTION ( 'NONE',  ( -2.168404344971008868E-16, 1.000000000000000000, -0.000000000000000000 ) ) ;
#1442 = CARTESIAN_POINT ( 'NONE',  ( 10.40000000000000213, -16.90000000000000924, 8.500000000000000000 ) ) ;
#1443 = ORIENTED_EDGE ( 'NONE', *, *, #1571, .T. ) ;
#1444 = EDGE_CURVE ( 'NONE', #844, #2844, #2917, .T. ) ;
#1445 = CARTESIAN_POINT ( 'NONE',  ( -18.59999999999999787, -11.00000000000000711, 21.40000000000000568 ) ) ;
#1446 = LINE ( 'NONE', #2554, #1618 ) ;
#1447 = DIRECTION ( 'NONE',  ( -0.7071067811865451302, 0.7071067811865500152, 0.000000000000000000 ) ) ;
#1448 = ORIENTED_EDGE ( 'NONE', *, *, #4080, .F. ) ;
#1449 = FACE_OUTER_BOUND ( 'NONE', #2687, .T. ) ;
#1450 = DIRECTION ( 'NONE',  ( 0.7071067811865505703, 0.000000000000000000, 0.7071067811865444641 ) ) ;
#1451 = ORIENTED_EDGE ( 'NONE', *, *, #3146, .T. ) ;
#1452 = AXIS2_PLACEMENT_3D ( 'NONE', #4571, #2457, #3898 ) ;
#1453 = DIRECTION ( 'NONE',  ( -1.000000000000000000, 0.000000000000000000, -1.227398685832647543E-16 ) ) ;
#1454 = VERTEX_POINT ( 'NONE', #3476 ) ;
#1455 = AXIS2_PLACEMENT_3D ( 'NONE', #3325, #2331, #495 ) ;
#1456 = DIRECTION ( 'NONE',  ( 1.000000000000000000, 0.000000000000000000, 0.000000000000000000 ) ) ;
#1457 = CARTESIAN_POINT ( 'NONE',  ( -10.59999999999999076, -15.50000000000000178, 2.599999999999992539 ) ) ;
#1458 = VERTEX_POINT ( 'NONE', #4131 ) ;
#1459 = EDGE_CURVE ( 'NONE', #3268, #1224, #1162, .T. ) ;
#1460 = AXIS2_PLACEMENT_3D ( 'NONE', #2116, #3578, #3907 ) ;
#1461 = LINE ( 'NONE', #4403, #4636 ) ;
#1462 = ORIENTED_EDGE ( 'NONE', *, *, #920, .F. ) ;
#1463 = CARTESIAN_POINT ( 'NONE',  ( -20.00000000000000355, 25.50000000000000355, 8.500000000000021316 ) ) ;
#1464 = CARTESIAN_POINT ( 'NONE',  ( -20.00000000000000355, -13.70000000000000817, 13.70000000000000107 ) ) ;
#1465 = ADVANCED_FACE ( 'NONE', ( #4525 ), #1306, .F. ) ;
#1466 = EDGE_LOOP ( 'NONE', ( #2640, #1489, #3630, #208 ) ) ;
#1467 = AXIS2_PLACEMENT_3D ( 'NONE', #1709, #3151, #4489 ) ;
#1468 = CARTESIAN_POINT ( 'NONE',  ( 0.000000000000000000, 18.00000000000000355, 0.000000000000000000 ) ) ;
#1469 = DIRECTION ( 'NONE',  ( -0.7071067811865442421, 8.177564888977997375E-16, -0.7071067811865507924 ) ) ;
#1470 = FACE_OUTER_BOUND ( 'NONE', #447, .T. ) ;
#1471 = EDGE_CURVE ( 'NONE', #359, #1259, #1611, .T. ) ;
#1472 = VERTEX_POINT ( 'NONE', #1656 ) ;
#1473 = VECTOR ( 'NONE', #1631, 1000.000000000000000 ) ;
#1474 = VECTOR ( 'NONE', #1535, 1000.000000000000000 ) ;
#1475 = STYLED_ITEM ( 'NONE', ( #2571 ), #4262 ) ;
#1476 = FACE_OUTER_BOUND ( 'NONE', #90, .T. ) ;
#1477 = VECTOR ( 'NONE', #3323, 1000.000000000000000 ) ;
#1478 = CARTESIAN_POINT ( 'NONE',  ( -12.15247913859319873, 18.00000000000000355, 0.000000000000000000 ) ) ;
#1479 = VERTEX_POINT ( 'NONE', #3781 ) ;
#1480 = PRODUCT_DEFINITION_FORMATION_WITH_SPECIFIED_SOURCE ( 'ANY', '', #1792, .NOT_KNOWN. ) ;
#1481 = AXIS2_PLACEMENT_3D ( 'NONE', #4584, #3858, #1761 ) ;
#1482 = DIRECTION ( 'NONE',  ( 0.000000000000000000, 0.000000000000000000, -1.000000000000000000 ) ) ;
#1483 = ORIENTED_EDGE ( 'NONE', *, *, #673, .F. ) ;
#1484 = CARTESIAN_POINT ( 'NONE',  ( 3.500000000000004885, 0.000000000000000000, 20.50000000000000000 ) ) ;
#1485 = CARTESIAN_POINT ( 'NONE',  ( -8.400000000000002132, -23.10000000000001208, 8.500000000000000000 ) ) ;
#1486 = ORIENTED_EDGE ( 'NONE', *, *, #1781, .F. ) ;
#1487 = ADVANCED_FACE ( 'NONE', ( #1263 ), #3432, .T. ) ;
#1488 = DIRECTION ( 'NONE',  ( 0.8660254037844381525, -0.5000000000000009992, 0.000000000000000000 ) ) ;
#1489 = ORIENTED_EDGE ( 'NONE', *, *, #2557, .F. ) ;
#1490 = CARTESIAN_POINT ( 'NONE',  ( 18.39999999999999503, 18.00000000000000355, 28.00000000000000000 ) ) ;
#1491 = CARTESIAN_POINT ( 'NONE',  ( -3.499999999999997780, 25.50000000000000355, 20.50000000000000355 ) ) ;
#1492 = ORIENTED_EDGE ( 'NONE', *, *, #2857, .F. ) ;
#1493 = ADVANCED_FACE ( 'NONE', ( #3382 ), #1678, .F. ) ;
#1494 = DIRECTION ( 'NONE',  ( -0.7071067811865462405, 0.7071067811865487940, 0.000000000000000000 ) ) ;
#1495 = LINE ( 'NONE', #785, #3857 ) ;
#1496 = CARTESIAN_POINT ( 'NONE',  ( 3.500000000000004885, 25.50000000000000355, 20.50000000000000355 ) ) ;
#1497 = CARTESIAN_POINT ( 'NONE',  ( 12.78756443470178716, 21.10000000000000142, 4.000000000000000000 ) ) ;
#1498 = EDGE_LOOP ( 'NONE', ( #4419, #1419, #2720, #2421 ) ) ;
#1499 = EDGE_CURVE ( 'NONE', #3102, #1212, #2322, .T. ) ;
#1500 = CARTESIAN_POINT ( 'NONE',  ( -15.21243556529821994, -15.90000000000000036, 4.000000000000000000 ) ) ;
#1501 = DIRECTION ( 'NONE',  ( 1.000000000000000000, -0.000000000000000000, -0.000000000000000000 ) ) ;
#1502 = ORIENTED_EDGE ( 'NONE', *, *, #2354, .F. ) ;
#1503 = ADVANCED_FACE ( 'NONE', ( #4110 ), #2743, .F. ) ;
#1504 = ORIENTED_EDGE ( 'NONE', *, *, #920, .T. ) ;
#1505 = PLANE ( 'NONE',  #2063 ) ;
#1506 = DIRECTION ( 'NONE',  ( -5.782411586589358625E-16, -1.000000000000000000, 0.000000000000000000 ) ) ;
#1507 = ORIENTED_EDGE ( 'NONE', *, *, #343, .T. ) ;
#1508 = LINE ( 'NONE', #1183, #2301 ) ;
#1509 = ORIENTED_EDGE ( 'NONE', *, *, #2163, .T. ) ;
#1510 = CARTESIAN_POINT ( 'NONE',  ( 17.60000000000001208, -11.00000000000000711, 19.40000000000000213 ) ) ;
#1511 = LINE ( 'NONE', #2969, #4256 ) ;
#1512 = ORIENTED_EDGE ( 'NONE', *, *, #2275, .F. ) ;
#1513 = EDGE_CURVE ( 'NONE', #3087, #4533, #2362, .T. ) ;
#1514 = LINE ( 'NONE', #1161, #3131 ) ;
#1515 = LINE ( 'NONE', #1033, #20 ) ;
#1516 = FACE_BOUND ( 'NONE', #2814, .T. ) ;
#1517 = ORIENTED_EDGE ( 'NONE', *, *, #969, .F. ) ;
#1518 = ADVANCED_FACE ( 'NONE', ( #1962 ), #906, .F. ) ;
#1519 = LINE ( 'NONE', #3691, #1694 ) ;
#1520 = LINE ( 'NONE', #39, #3117 ) ;
#1521 = ORIENTED_EDGE ( 'NONE', *, *, #1087, .F. ) ;
#1522 = EDGE_CURVE ( 'NONE', #1248, #985, #886, .T. ) ;
#1523 = ORIENTED_EDGE ( 'NONE', *, *, #2410, .T. ) ;
#1524 = CARTESIAN_POINT ( 'NONE',  ( -17.91485851943818020, 25.46900019964994399, 21.18759841573344360 ) ) ;
#1525 = PLANE ( 'NONE',  #2682 ) ;
#1526 = ORIENTED_EDGE ( 'NONE', *, *, #1342, .T. ) ;
#1527 = VECTOR ( 'NONE', #3686, 1000.000000000000000 ) ;
#1528 = EDGE_CURVE ( 'NONE', #13, #2631, #1311, .T. ) ;
#1529 = VECTOR ( 'NONE', #2475, 1000.000000000000000 ) ;
#1530 = CARTESIAN_POINT ( 'NONE',  ( -11.57512886940358143, -18.00000000000000711, 4.000000000000000000 ) ) ;
#1531 = ORIENTED_EDGE ( 'NONE', *, *, #1140, .T. ) ;
#1532 = LINE ( 'NONE', #1250, #4085 ) ;
#1533 = ORIENTED_EDGE ( 'NONE', *, *, #3976, .F. ) ;
#1534 = VECTOR ( 'NONE', #2519, 1000.000000000000000 ) ;
#1535 = DIRECTION ( 'NONE',  ( -0.4999999999999998335, 0.8660254037844387076, 0.000000000000000000 ) ) ;
#1536 = VECTOR ( 'NONE', #3122, 1000.000000000000000 ) ;
#1537 = CARTESIAN_POINT ( 'NONE',  ( -20.00000000000001066, -7.700000000000008171, 13.69999999999999751 ) ) ;
#1538 = CARTESIAN_POINT ( 'NONE',  ( 15.21243556529820928, 21.10000000000000142, 0.6706515684144505052 ) ) ;
#1539 = ORIENTED_EDGE ( 'NONE', *, *, #4480, .F. ) ;
#1540 = AXIS2_PLACEMENT_3D ( 'NONE', #304, #2452, #2693 ) ;
#1541 = DIRECTION ( 'NONE',  ( 1.000000000000000000, 0.000000000000000000, 0.000000000000000000 ) ) ;
#1542 = EDGE_CURVE ( 'NONE', #589, #2119, #150, .T. ) ;
#1543 = VECTOR ( 'NONE', #98, 1000.000000000000114 ) ;
#1544 = VECTOR ( 'NONE', #7, 1000.000000000000114 ) ;
#1545 = CARTESIAN_POINT ( 'NONE',  ( -17.60000000000000497, 7.999999999999994671, 21.40000000000000568 ) ) ;
#1546 = EDGE_LOOP ( 'NONE', ( #277, #72, #204, #4000, #557, #2380 ) ) ;
#1547 = PRESENTATION_LAYER_ASSIGNMENT (  '', '', ( #1774 ) ) ;
#1548 = EDGE_CURVE ( 'NONE', #2510, #924, #3760, .T. ) ;
#1549 = PLANE ( 'NONE',  #632 ) ;
#1550 = LINE ( 'NONE', #4328, #349 ) ;
#1551 = AXIS2_PLACEMENT_3D ( 'NONE', #2827, #3537, #282 ) ;
#1552 = VERTEX_POINT ( 'NONE', #1988 ) ;
#1553 = VECTOR ( 'NONE', #2349, 1000.000000000000000 ) ;
#1554 = AXIS2_PLACEMENT_3D ( 'NONE', #4076, #1164, #2601 ) ;
#1555 = EDGE_CURVE ( 'NONE', #1679, #2073, #203, .T. ) ;
#1556 = CARTESIAN_POINT ( 'NONE',  ( -18.80000000000000426, -13.70000000000000817, 13.70000000000000107 ) ) ;
#1557 = ORIENTED_EDGE ( 'NONE', *, *, #2168, .F. ) ;
#1558 = CARTESIAN_POINT ( 'NONE',  ( 15.21243556529821106, 16.89999999999999858, 4.000000000000000000 ) ) ;
#1559 = ORIENTED_EDGE ( 'NONE', *, *, #2552, .T. ) ;
#1560 = DIRECTION ( 'NONE',  ( 1.000000000000000000, 0.000000000000000000, 0.000000000000000000 ) ) ;
#1561 = FACE_OUTER_BOUND ( 'NONE', #3474, .T. ) ;
#1562 = DIRECTION ( 'NONE',  ( -1.000000000000000000, 0.000000000000000000, 0.000000000000000000 ) ) ;
#1563 = LINE ( 'NONE', #2225, #3798 ) ;
#1564 = EDGE_LOOP ( 'NONE', ( #677, #1588, #3556, #2273 ) ) ;
#1565 = DIRECTION ( 'NONE',  ( 0.000000000000000000, 0.7071067811865495711, -0.7071067811865454633 ) ) ;
#1566 = PLANE ( 'NONE',  #2684 ) ;
#1567 = DIRECTION ( 'NONE',  ( 0.5000000000000002220, 0.8660254037844384856, 0.000000000000000000 ) ) ;
#1568 = ORIENTED_EDGE ( 'NONE', *, *, #2071, .T. ) ;
#1569 = CARTESIAN_POINT ( 'NONE',  ( 12.78756443470178716, 21.10000000000000142, 0.6706515684144512823 ) ) ;
#1570 = EDGE_LOOP ( 'NONE', ( #233, #4284, #3256, #722 ) ) ;
#1571 = EDGE_CURVE ( 'NONE', #1996, #147, #4506, .T. ) ;
#1572 = CARTESIAN_POINT ( 'NONE',  ( -18.40000000000000213, 25.50000000000000355, 22.50000000000000000 ) ) ;
#1573 = EDGE_LOOP ( 'NONE', ( #693, #540, #2699, #2413, #3404 ) ) ;
#1574 = CARTESIAN_POINT ( 'NONE',  ( -18.80000000000001492, 11.77848717028428993, 13.09999561272583435 ) ) ;
#1575 = LINE ( 'NONE', #159, #3130 ) ;
#1576 = ORIENTED_EDGE ( 'NONE', *, *, #4058, .F. ) ;
#1577 = EDGE_CURVE ( 'NONE', #1418, #606, #930, .T. ) ;
#1578 = FACE_OUTER_BOUND ( 'NONE', #2725, .T. ) ;
#1579 = LINE ( 'NONE', #4056, #1675 ) ;
#1580 = LINE ( 'NONE', #1907, #2369 ) ;
#1581 = CARTESIAN_POINT ( 'NONE',  ( 11.57512886940358143, -18.00000000000000355, 4.000000000000000000 ) ) ;
#1582 = ORIENTED_EDGE ( 'NONE', *, *, #1205, .F. ) ;
#1583 = EDGE_CURVE ( 'NONE', #3433, #2584, #2813, .T. ) ;
#1584 = CARTESIAN_POINT ( 'NONE',  ( 19.99999999999999645, 18.00000000000000355, 1.200000000000006617 ) ) ;
#1585 = CARTESIAN_POINT ( 'NONE',  ( -20.00000000000000355, 18.00000000000000355, 7.500000000000000000 ) ) ;
#1586 = DIRECTION ( 'NONE',  ( 1.000000000000000000, 9.856383386231857595E-17, 0.000000000000000000 ) ) ;
#1587 = ORIENTED_EDGE ( 'NONE', *, *, #4535, .T. ) ;
#1588 = ORIENTED_EDGE ( 'NONE', *, *, #2956, .F. ) ;
#1589 = ORIENTED_EDGE ( 'NONE', *, *, #3625, .T. ) ;
#1590 = CARTESIAN_POINT ( 'NONE',  ( 19.99999999999999645, 23.90000000000000213, 28.00000000000000000 ) ) ;
#1591 = VERTEX_POINT ( 'NONE', #2790 ) ;
#1592 = CARTESIAN_POINT ( 'NONE',  ( 12.60000000000000675, -23.10000000000000142, 8.500000000000000000 ) ) ;
#1593 = VERTEX_POINT ( 'NONE', #2507 ) ;
#1594 = DIRECTION ( 'NONE',  ( -0.000000000000000000, -0.000000000000000000, 1.000000000000000000 ) ) ;
#1595 = EDGE_CURVE ( 'NONE', #702, #1637, #2091, .T. ) ;
#1596 = CARTESIAN_POINT ( 'NONE',  ( -15.84752086140680660, 18.00000000000000355, 0.000000000000000000 ) ) ;
#1597 = ORIENTED_EDGE ( 'NONE', *, *, #2648, .F. ) ;
#1598 = CARTESIAN_POINT ( 'NONE',  ( 10.59999999999999254, -15.50000000000000178, 1.599999999999994982 ) ) ;
#1599 = DIRECTION ( 'NONE',  ( -1.000000000000000000, -4.336808689942012806E-16, -0.000000000000000000 ) ) ;
#1600 = ADVANCED_FACE ( 'NONE', ( #3599 ), #1426, .F. ) ;
#1601 = FACE_OUTER_BOUND ( 'NONE', #3403, .T. ) ;
#1602 = CARTESIAN_POINT ( 'NONE',  ( -3.499999999999996003, 23.90000000000000213, 18.50000000000000711 ) ) ;
#1603 = VECTOR ( 'NONE', #1363, 1000.000000000000000 ) ;
#1604 = ORIENTED_EDGE ( 'NONE', *, *, #3622, .T. ) ;
#1605 = CONICAL_SURFACE ( 'NONE', #3340, 6.299999999999986500, 0.7853981633974511656 ) ;
#1606 = LINE ( 'NONE', #884, #2001 ) ;
#1607 = EDGE_CURVE ( 'NONE', #1845, #4579, #1374, .T. ) ;
#1608 = CARTESIAN_POINT ( 'NONE',  ( -17.60000000000000497, 23.90000000000000213, 28.00000000000000000 ) ) ;
#1609 = DIRECTION ( 'NONE',  ( 0.7071067811865495711, 0.000000000000000000, 0.7071067811865454633 ) ) ;
#1610 = VERTEX_POINT ( 'NONE', #1729 ) ;
#1611 = CIRCLE ( 'NONE', #715, 2.000000000000001776 ) ;
#1612 = ORIENTED_EDGE ( 'NONE', *, *, #1, .T. ) ;
#1613 = CARTESIAN_POINT ( 'NONE',  ( -18.40000000000000213, 23.18149387381799187, 22.35137184521645892 ) ) ;
#1614 = VECTOR ( 'NONE', #2397, 1000.000000000000000 ) ;
#1615 = ORIENTED_EDGE ( 'NONE', *, *, #1916, .T. ) ;
#1616 = CARTESIAN_POINT ( 'NONE',  ( -15.25000000000000178, 18.99999999999999645, 4.000000000000000000 ) ) ;
#1617 = ORIENTED_EDGE ( 'NONE', *, *, #1975, .F. ) ;
#1618 = VECTOR ( 'NONE', #1798, 1000.000000000000000 ) ;
#1619 =( GEOMETRIC_REPRESENTATION_CONTEXT ( 3 ) GLOBAL_UNCERTAINTY_ASSIGNED_CONTEXT ( ( #648 ) ) GLOBAL_UNIT_ASSIGNED_CONTEXT ( ( #2741, #4176, #3120 ) ) REPRESENTATION_CONTEXT ( 'NONE', 'WORKASPACE' ) );
#1620 = AXIS2_PLACEMENT_3D ( 'NONE', #3594, #3165, #3239 ) ;
#1621 = CARTESIAN_POINT ( 'NONE',  ( -16.00512815229963692, 19.72701616453031548, 0.1647744252757643857 ) ) ;
#1622 = VERTEX_POINT ( 'NONE', #3903 ) ;
#1623 = VECTOR ( 'NONE', #2426, 1000.000000000000000 ) ;
#1624 = DIRECTION ( 'NONE',  ( -0.5000000000000008882, -0.8660254037844380415, 0.000000000000000000 ) ) ;
#1625 = LINE ( 'NONE', #2030, #3888 ) ;
#1626 = VERTEX_POINT ( 'NONE', #3170 ) ;
#1627 = AXIS2_PLACEMENT_3D ( 'NONE', #841, #45, #1895 ) ;
#1628 = VECTOR ( 'NONE', #2188, 1000.000000000000114 ) ;
#1629 = CARTESIAN_POINT ( 'NONE',  ( -12.75000000000000178, 18.99999999999999645, 3.000000000000000000 ) ) ;
#1630 = DIRECTION ( 'NONE',  ( 1.000000000000000000, 0.000000000000000000, 0.000000000000000000 ) ) ;
#1631 = DIRECTION ( 'NONE',  ( 1.360567432138672328E-16, -1.000000000000000000, 0.000000000000000000 ) ) ;
#1632 = EDGE_LOOP ( 'NONE', ( #4165, #2938, #3308, #4439 ) ) ;
#1633 = EDGE_CURVE ( 'NONE', #844, #3583, #1707, .T. ) ;
#1634 = CARTESIAN_POINT ( 'NONE',  ( -20.00000000000000000, 11.77848717028428993, 16.59999561272583435 ) ) ;
#1635 = CARTESIAN_POINT ( 'NONE',  ( -17.59999999999999787, -11.00000000000000711, 19.40000000000000213 ) ) ;
#1636 = CARTESIAN_POINT ( 'NONE',  ( 18.40000000000000924, -14.90000000000000746, 3.000000000000000000 ) ) ;
#1637 = VERTEX_POINT ( 'NONE', #3923 ) ;
#1638 = EDGE_CURVE ( 'NONE', #2657, #3900, #3224, .T. ) ;
#1639 = EDGE_LOOP ( 'NONE', ( #1124, #2651 ) ) ;
#1640 = CARTESIAN_POINT ( 'NONE',  ( -18.40000000000000213, -14.90000000000001279, 3.000000000000000000 ) ) ;
#1641 = ORIENTED_EDGE ( 'NONE', *, *, #1941, .F. ) ;
#1642 = CARTESIAN_POINT ( 'NONE',  ( 15.21243556529822172, -20.10000000000000142, 4.000000000000000000 ) ) ;
#1643 = APPLICATION_PROTOCOL_DEFINITION ( 'draft international standard', 'automotive_design', 1998, #2021 ) ;
#1644 = VERTEX_POINT ( 'NONE', #314 ) ;
#1645 = EDGE_CURVE ( 'NONE', #362, #1552, #271, .T. ) ;
#1646 = CARTESIAN_POINT ( 'NONE',  ( 3.499999999999999556, 23.90000000000000213, 18.50000000000000711 ) ) ;
#1647 = ORIENTED_EDGE ( 'NONE', *, *, #3421, .F. ) ;
#1648 = FACE_OUTER_BOUND ( 'NONE', #3491, .T. ) ;
#1649 = DIRECTION ( 'NONE',  ( 1.000000000000000000, 0.000000000000000000, 0.000000000000000000 ) ) ;
#1650 = ORIENTED_EDGE ( 'NONE', *, *, #2207, .T. ) ;
#1651 = LINE ( 'NONE', #4614, #350 ) ;
#1652 = LINE ( 'NONE', #3450, #1824 ) ;
#1653 = LINE ( 'NONE', #2764, #3125 ) ;
#1654 = VERTEX_POINT ( 'NONE', #3500 ) ;
#1655 = DIRECTION ( 'NONE',  ( -1.360567432138672328E-16, 1.000000000000000000, 0.000000000000000000 ) ) ;
#1656 = CARTESIAN_POINT ( 'NONE',  ( 17.59999999999999787, 23.48543526076099042, 20.89999999999999858 ) ) ;
#1657 = EDGE_CURVE ( 'NONE', #1946, #1845, #2112, .T. ) ;
#1658 = EDGE_LOOP ( 'NONE', ( #3530, #1017, #3156, #1992, #1277, #1831, #792, #2134, #2092, #258 ) ) ;
#1659 = ORIENTED_EDGE ( 'NONE', *, *, #767, .T. ) ;
#1660 = CARTESIAN_POINT ( 'NONE',  ( -15.25000000000000355, 18.99999999999999645, 8.500000000000000000 ) ) ;
#1661 = ORIENTED_EDGE ( 'NONE', *, *, #2293, .T. ) ;
#1662 = CARTESIAN_POINT ( 'NONE',  ( 12.60000000000000675, -23.10000000000000853, 8.500000000000000000 ) ) ;
#1663 = EDGE_CURVE ( 'NONE', #1266, #2409, #2865, .T. ) ;
#1664 = ORIENTED_EDGE ( 'NONE', *, *, #2239, .T. ) ;
#1665 = DIRECTION ( 'NONE',  ( 0.000000000000000000, 0.000000000000000000, -1.000000000000000000 ) ) ;
#1666 = VERTEX_POINT ( 'NONE', #653 ) ;
#1667 = DIRECTION ( 'NONE',  ( -1.000000000000000000, 1.119176436114069085E-16, 0.000000000000000000 ) ) ;
#1668 = EDGE_CURVE ( 'NONE', #4604, #2966, #2132, .T. ) ;
#1669 =( NAMED_UNIT ( * ) SI_UNIT ( $, .STERADIAN. ) SOLID_ANGLE_UNIT ( ) );
#1670 = EDGE_LOOP ( 'NONE', ( #3280, #441, #173, #440 ) ) ;
#1671 = CARTESIAN_POINT ( 'NONE',  ( 0.000000000000000000, 0.000000000000000000, 3.000000000000000000 ) ) ;
#1672 = FACE_OUTER_BOUND ( 'NONE', #962, .T. ) ;
#1673 = FACE_OUTER_BOUND ( 'NONE', #101, .T. ) ;
#1674 = ORIENTED_EDGE ( 'NONE', *, *, #2792, .T. ) ;
#1675 = VECTOR ( 'NONE', #1256, 1000.000000000000000 ) ;
#1676 = AXIS2_PLACEMENT_3D ( 'NONE', #73, #1594, #3036 ) ;
#1677 = DIRECTION ( 'NONE',  ( 0.000000000000000000, 0.000000000000000000, 1.000000000000000000 ) ) ;
#1678 = PLANE ( 'NONE',  #4019 ) ;
#1679 = VERTEX_POINT ( 'NONE', #1751 ) ;
#1680 = EDGE_CURVE ( 'NONE', #2073, #3324, #3571, .T. ) ;
#1681 = ORIENTED_EDGE ( 'NONE', *, *, #2876, .F. ) ;
#1682 = CARTESIAN_POINT ( 'NONE',  ( -18.31567127818551555, 23.31963741016990355, 21.90550361216036279 ) ) ;
#1683 = ORIENTED_EDGE ( 'NONE', *, *, #1471, .T. ) ;
#1684 = LINE ( 'NONE', #1337, #2738 ) ;
#1685 = EDGE_LOOP ( 'NONE', ( #2056, #2353, #1949, #4240 ) ) ;
#1686 = CIRCLE ( 'NONE', #4025, 3.499999999999999556 ) ;
#1687 = EDGE_CURVE ( 'NONE', #862, #3613, #3875, .T. ) ;
#1688 = PLANE ( 'NONE',  #3962 ) ;
#1689 = ORIENTED_EDGE ( 'NONE', *, *, #221, .T. ) ;
#1690 = DIRECTION ( 'NONE',  ( -1.000000000000000000, -0.000000000000000000, -0.000000000000000000 ) ) ;
#1691 = CARTESIAN_POINT ( 'NONE',  ( 10.59999999999999254, -15.50000000000000178, 1.599999999999994982 ) ) ;
#1692 = VECTOR ( 'NONE', #3499, 1000.000000000000000 ) ;
#1693 = DIRECTION ( 'NONE',  ( -0.7071067811865522357, 7.913772473204563728E-17, -0.7071067811865427988 ) ) ;
#1694 = VECTOR ( 'NONE', #4081, 1000.000000000000000 ) ;
#1695 = ORIENTED_EDGE ( 'NONE', *, *, #1657, .T. ) ;
#1696 = ADVANCED_FACE ( 'NONE', ( #3149 ), #333, .T. ) ;
#1697 = AXIS2_PLACEMENT_3D ( 'NONE', #2806, #4309, #2177 ) ;
#1698 = CIRCLE ( 'NONE', #2454, 7.500000000000000000 ) ;
#1699 = DIRECTION ( 'NONE',  ( -1.360567432138672081E-16, 1.000000000000000000, -2.891205793294678819E-16 ) ) ;
#1700 = DIRECTION ( 'NONE',  ( 0.000000000000000000, 0.000000000000000000, -1.000000000000000000 ) ) ;
#1701 = LINE ( 'NONE', #1442, #4479 ) ;
#1702 = ORIENTED_EDGE ( 'NONE', *, *, #2293, .F. ) ;
#1703 = VECTOR ( 'NONE', #2565, 1000.000000000000114 ) ;
#1704 = VECTOR ( 'NONE', #1214, 1000.000000000000227 ) ;
#1705 = LINE ( 'NONE', #2392, #2151 ) ;
#1706 = DIRECTION ( 'NONE',  ( 1.000000000000000000, 0.000000000000000000, 0.000000000000000000 ) ) ;
#1707 = LINE ( 'NONE', #1354, #4091 ) ;
#1708 = ORIENTED_EDGE ( 'NONE', *, *, #3010, .F. ) ;
#1709 = CARTESIAN_POINT ( 'NONE',  ( -15.21243556529821817, 16.89999999999999858, 4.000000000000000000 ) ) ;
#1710 = CARTESIAN_POINT ( 'NONE',  ( 20.00000000000000355, -18.00000000000000355, 26.79999999999999361 ) ) ;
#1711 = CARTESIAN_POINT ( 'NONE',  ( 17.60000000000000497, -18.10000000000000142, 8.500000000000000000 ) ) ;
#1712 = ORIENTED_EDGE ( 'NONE', *, *, #4390, .F. ) ;
#1713 = PRODUCT_RELATED_PRODUCT_CATEGORY ( 'part', '', ( #1792 ) ) ;
#1714 = CARTESIAN_POINT ( 'NONE',  ( -9.500000000000000000, -12.14999999999999858, -12.14999999999999858 ) ) ;
#1715 = EDGE_LOOP ( 'NONE', ( #1310, #661, #826, #941 ) ) ;
#1716 = CARTESIAN_POINT ( 'NONE',  ( -17.60000000000000142, 1.999999999999996669, 21.40000000000000213 ) ) ;
#1717 = PLANE ( 'NONE',  #3214 ) ;
#1718 = LINE ( 'NONE', #626, #2367 ) ;
#1719 = EDGE_CURVE ( 'NONE', #3613, #3327, #4396, .T. ) ;
#1720 = ORIENTED_EDGE ( 'NONE', *, *, #2968, .T. ) ;
#1721 = CARTESIAN_POINT ( 'NONE',  ( 14.00000000000000888, -18.00000000000000355, 3.000000000000000000 ) ) ;
#1722 = ORIENTED_EDGE ( 'NONE', *, *, #2419, .T. ) ;
#1723 = CARTESIAN_POINT ( 'NONE',  ( 9.499999999999998224, -15.50000000000000178, 0.5000000000000005551 ) ) ;
#1724 = DIRECTION ( 'NONE',  ( -0.000000000000000000, -0.000000000000000000, -1.000000000000000000 ) ) ;
#1725 = EDGE_CURVE ( 'NONE', #1902, #3457, #365, .T. ) ;
#1726 = ORIENTED_EDGE ( 'NONE', *, *, #3709, .F. ) ;
#1727 = DIRECTION ( 'NONE',  ( 1.000000000000000000, 0.000000000000000000, 0.000000000000000000 ) ) ;
#1728 = CARTESIAN_POINT ( 'NONE',  ( -18.60000000000000497, 7.999999999999994671, 20.40000000000000213 ) ) ;
#1729 = CARTESIAN_POINT ( 'NONE',  ( -17.60000000000000142, -5.700000000000015277, 11.70000000000000462 ) ) ;
#1730 = EDGE_CURVE ( 'NONE', #4012, #112, #4272, .T. ) ;
#1731 = VERTEX_POINT ( 'NONE', #9 ) ;
#1732 = LINE ( 'NONE', #2540, #3800 ) ;
#1733 = PLANE ( 'NONE',  #1152 ) ;
#1734 = FACE_OUTER_BOUND ( 'NONE', #2391, .T. ) ;
#1735 = ORIENTED_EDGE ( 'NONE', *, *, #1181, .F. ) ;
#1736 = CARTESIAN_POINT ( 'NONE',  ( 17.59999999999999787, 23.48543526076099042, 20.89999999999999858 ) ) ;
#1737 = ORIENTED_EDGE ( 'NONE', *, *, #2787, .F. ) ;
#1738 = CARTESIAN_POINT ( 'NONE',  ( 16.42487113059642567, 18.99999999999999645, 4.000000000000000000 ) ) ;
#1739 = CARTESIAN_POINT ( 'NONE',  ( 18.60000000000000142, 10.99999999999999645, 20.39999999999999503 ) ) ;
#1740 = LINE ( 'NONE', #1581, #2445 ) ;
#1741 = VERTEX_POINT ( 'NONE', #2267 ) ;
#1742 = ADVANCED_FACE ( 'NONE', ( #4342 ), #3200, .T. ) ;
#1743 = DIRECTION ( 'NONE',  ( -1.000000000000000000, -0.000000000000000000, -0.000000000000000000 ) ) ;
#1744 = LINE ( 'NONE', #2784, #4605 ) ;
#1745 = LINE ( 'NONE', #992, #4027 ) ;
#1746 = ORIENTED_EDGE ( 'NONE', *, *, #959, .F. ) ;
#1747 = B_SPLINE_CURVE_WITH_KNOTS ( 'NONE', 3,
 ( #3172, #1378, #316, #1755, #3198, #4629, #1408, #4275, #1429, #2867, #4296, #2512, #3948, #726 ),
 .UNSPECIFIED., .F., .F.,
 ( 4, 2, 2, 2, 2, 2, 4 ),
 ( 0.000000000000000000, 0.0003934414452341975085, 0.0007868828904683950170, 0.001180324335702592417, 0.001573765780936790034, 0.002360648671405185701, 0.003147531561873581369 ),
 .UNSPECIFIED. ) ;
#1748 = EDGE_CURVE ( 'NONE', #1302, #1679, #831, .T. ) ;
#1749 = DIRECTION ( 'NONE',  ( -0.000000000000000000, -0.000000000000000000, -1.000000000000000000 ) ) ;
#1750 = DIRECTION ( 'NONE',  ( 0.000000000000000000, -1.000000000000000000, 0.000000000000000000 ) ) ;
#1751 = CARTESIAN_POINT ( 'NONE',  ( 15.59999999999998010, -14.90000000000000746, 3.000000000000000000 ) ) ;
#1752 = ORIENTED_EDGE ( 'NONE', *, *, #4144, .F. ) ;
#1753 = VECTOR ( 'NONE', #1128, 1000.000000000000000 ) ;
#1754 = EDGE_CURVE ( 'NONE', #2427, #3413, #455, .T. ) ;
#1755 = CARTESIAN_POINT ( 'NONE',  ( 16.92113147546642793, 25.49976567577646946, 20.56463544471237981 ) ) ;
#1756 = DIRECTION ( 'NONE',  ( 5.782411586589358625E-16, -1.000000000000000000, -5.782411586589358625E-16 ) ) ;
#1757 = PLANE ( 'NONE',  #1384 ) ;
#1758 = ORIENTED_EDGE ( 'NONE', *, *, #538, .F. ) ;
#1759 = AXIS2_PLACEMENT_3D ( 'NONE', #4462, #153, #2941 ) ;
#1760 = VECTOR ( 'NONE', #2674, 1000.000000000000000 ) ;
#1761 = DIRECTION ( 'NONE',  ( -5.782411586589358625E-16, 1.000000000000000000, 0.000000000000000000 ) ) ;
#1762 = VERTEX_POINT ( 'NONE', #2201 ) ;
#1763 = LINE ( 'NONE', #1108, #2515 ) ;
#1764 = DIRECTION ( 'NONE',  ( 1.000000000000000000, 0.000000000000000000, 0.000000000000000000 ) ) ;
#1765 = ORIENTED_EDGE ( 'NONE', *, *, #2414, .F. ) ;
#1766 = EDGE_LOOP ( 'NONE', ( #2918, #4503, #4072, #1952 ) ) ;
#1767 = VECTOR ( 'NONE', #2295, 1000.000000000000000 ) ;
#1768 = CIRCLE ( 'NONE', #2899, 1.999999999999996669 ) ;
#1769 = LINE ( 'NONE', #3493, #197 ) ;
#1770 = AXIS2_PLACEMENT_3D ( 'NONE', #3527, #3942, #3546 ) ;
#1771 = FACE_OUTER_BOUND ( 'NONE', #70, .T. ) ;
#1772 = CARTESIAN_POINT ( 'NONE',  ( -15.59999999999999787, -14.90000000000001101, 8.500000000000000000 ) ) ;
#1773 = VERTEX_POINT ( 'NONE', #1886 ) ;
#1774 = STYLED_ITEM ( 'NONE', ( #2731 ), #4305 ) ;
#1775 = CIRCLE ( 'NONE', #3505, 6.299999999999992717 ) ;
#1776 = CARTESIAN_POINT ( 'NONE',  ( 17.59999999999999787, 23.90000000000000568, 8.500000000000000000 ) ) ;
#1777 = CARTESIAN_POINT ( 'NONE',  ( 18.60000000000000142, 10.99999999999999645, 20.39999999999999503 ) ) ;
#1778 =( GEOMETRIC_REPRESENTATION_CONTEXT ( 3 ) GLOBAL_UNCERTAINTY_ASSIGNED_CONTEXT ( ( #3002 ) ) GLOBAL_UNIT_ASSIGNED_CONTEXT ( ( #912, #4157, #562 ) ) REPRESENTATION_CONTEXT ( 'NONE', 'WORKASPACE' ) );
#1779 = DIRECTION ( 'NONE',  ( 0.000000000000000000, 1.000000000000000000, 0.000000000000000000 ) ) ;
#1780 = EDGE_LOOP ( 'NONE', ( #1047, #2777, #4633, #27, #2603 ) ) ;
#1781 = EDGE_CURVE ( 'NONE', #4152, #3867, #1563, .T. ) ;
#1782 = VECTOR ( 'NONE', #321, 1000.000000000000000 ) ;
#1783 = LINE ( 'NONE', #3973, #3426 ) ;
#1784 = ORIENTED_EDGE ( 'NONE', *, *, #2986, .T. ) ;
#1785 = EDGE_CURVE ( 'NONE', #1058, #411, #1119, .T. ) ;
#1786 = CARTESIAN_POINT ( 'NONE',  ( 12.75000000000000000, 18.99999999999999645, 3.000000000000000000 ) ) ;
#1787 = ORIENTED_EDGE ( 'NONE', *, *, #335, .T. ) ;
#1788 = LINE ( 'NONE', #2171, #556 ) ;
#1789 = DIRECTION ( 'NONE',  ( -5.782411586589358625E-16, -1.000000000000000000, -0.000000000000000000 ) ) ;
#1790 = ORIENTED_EDGE ( 'NONE', *, *, #2870, .F. ) ;
#1791 = EDGE_CURVE ( 'NONE', #2327, #4422, #2555, .T. ) ;
#1792 = PRODUCT ( 'SO102.02.110 Board holder leader', 'SO102.02.110 Board holder leader', '', ( #1218 ) ) ;
#1793 = PLANE ( 'NONE',  #4553 ) ;
#1794 = VERTEX_POINT ( 'NONE', #4385 ) ;
#1795 = FACE_BOUND ( 'NONE', #4376, .T. ) ;
#1796 = CYLINDRICAL_SURFACE ( 'NONE', #1620, 7.500000000000000000 ) ;
#1797 = ORIENTED_EDGE ( 'NONE', *, *, #946, .F. ) ;
#1798 = DIRECTION ( 'NONE',  ( -0.000000000000000000, -0.000000000000000000, 1.000000000000000000 ) ) ;
#1799 = DIRECTION ( 'NONE',  ( 1.000000000000000000, 0.000000000000000000, 0.000000000000000000 ) ) ;
#1800 = EDGE_LOOP ( 'NONE', ( #4486, #3572, #2313, #1587 ) ) ;
#1801 = CARTESIAN_POINT ( 'NONE',  ( 15.21243556529822172, -20.10000000000000142, 4.000000000000000000 ) ) ;
#1802 = ADVANCED_FACE ( 'NONE', ( #3689 ), #61, .F. ) ;
#1803 = CARTESIAN_POINT ( 'NONE',  ( 18.79999999999998295, 18.00000000000000355, 20.50000000000000000 ) ) ;
#1804 = ORIENTED_EDGE ( 'NONE', *, *, #253, .F. ) ;
#1805 = EDGE_CURVE ( 'NONE', #1004, #3764, #2602, .T. ) ;
#1806 = CARTESIAN_POINT ( 'NONE',  ( 12.50000000000000355, -25.50000000000000355, 26.79999999999999361 ) ) ;
#1807 = ORIENTED_EDGE ( 'NONE', *, *, #3909, .F. ) ;
#1808 = CARTESIAN_POINT ( 'NONE',  ( -10.40000000000000213, 17.90000000000000924, 3.000000000000000000 ) ) ;
#1809 = CARTESIAN_POINT ( 'NONE',  ( -17.60000000000000497, 7.999999999999994671, 21.40000000000000568 ) ) ;
#1810 = ORIENTED_EDGE ( 'NONE', *, *, #2662, .F. ) ;
#1811 = EDGE_CURVE ( 'NONE', #4434, #1014, #3000, .T. ) ;
#1812 = DIRECTION ( 'NONE',  ( -0.8660254037844388186, -0.4999999999999998335, 0.000000000000000000 ) ) ;
#1813 = ORIENTED_EDGE ( 'NONE', *, *, #3173, .T. ) ;
#1814 = LINE ( 'NONE', #759, #3411 ) ;
#1815 = LINE ( 'NONE', #671, #2227 ) ;
#1816 = VERTEX_POINT ( 'NONE', #1497 ) ;
#1817 = CARTESIAN_POINT ( 'NONE',  ( -12.78756443470179782, -15.90000000000000036, 0.000000000000000000 ) ) ;
#1818 = DIRECTION ( 'NONE',  ( 1.360567432138672081E-16, -1.000000000000000000, -0.000000000000000000 ) ) ;
#1819 = CARTESIAN_POINT ( 'NONE',  ( -14.00000000000000888, -18.00000000000000711, 3.000000000000000000 ) ) ;
#1820 = EDGE_LOOP ( 'NONE', ( #467, #592, #3995, #706, #2749 ) ) ;
#1821 = DIRECTION ( 'NONE',  ( 1.000000000000000000, 1.508455196501571183E-16, -0.000000000000000000 ) ) ;
#1822 = DIRECTION ( 'NONE',  ( -1.000000000000000000, 0.000000000000000000, -0.000000000000000000 ) ) ;
#1823 = VERTEX_POINT ( 'NONE', #3970 ) ;
#1824 = VECTOR ( 'NONE', #1279, 1000.000000000000000 ) ;
#1825 = EDGE_CURVE ( 'NONE', #390, #1376, #4433, .T. ) ;
#1826 = LINE ( 'NONE', #3738, #878 ) ;
#1827 = ORIENTED_EDGE ( 'NONE', *, *, #3744, .F. ) ;
#1828 = VECTOR ( 'NONE', #4406, 1000.000000000000000 ) ;
#1829 = LINE ( 'NONE', #301, #2811 ) ;
#1830 = CARTESIAN_POINT ( 'NONE',  ( -18.59999999999999787, -11.00000000000000711, 20.40000000000000213 ) ) ;
#1831 = ORIENTED_EDGE ( 'NONE', *, *, #2104, .F. ) ;
#1832 = ADVANCED_FACE ( 'NONE', ( #1210 ), #2977, .F. ) ;
#1833 = VECTOR ( 'NONE', #837, 1000.000000000000000 ) ;
#1834 = CARTESIAN_POINT ( 'NONE',  ( 3.499999999999999556, 25.50000000000000355, 18.50000000000000711 ) ) ;
#1835 = ORIENTED_EDGE ( 'NONE', *, *, #2361, .F. ) ;
#1836 = DIRECTION ( 'NONE',  ( 0.000000000000000000, 1.000000000000000000, 0.000000000000000000 ) ) ;
#1837 = VECTOR ( 'NONE', #2884, 1000.000000000000000 ) ;
#1838 = ORIENTED_EDGE ( 'NONE', *, *, #405, .F. ) ;
#1839 = ADVANCED_FACE ( 'NONE', ( #1470 ), #3950, .T. ) ;
#1840 = AXIS2_PLACEMENT_3D ( 'NONE', #2817, #1821, #1073 ) ;
#1841 = FACE_OUTER_BOUND ( 'NONE', #1237, .T. ) ;
#1842 = CARTESIAN_POINT ( 'NONE',  ( 19.99999999999999645, 18.00000000000000355, 26.79999999999999361 ) ) ;
#1843 = CARTESIAN_POINT ( 'NONE',  ( -18.60000000000000142, 7.999999999999994671, 20.39999999999999858 ) ) ;
#1844 = DIRECTION ( 'NONE',  ( 1.000000000000000000, 0.000000000000000000, 0.000000000000000000 ) ) ;
#1845 = VERTEX_POINT ( 'NONE', #3894 ) ;
#1846 = VECTOR ( 'NONE', #1049, 1000.000000000000114 ) ;
#1847 = VECTOR ( 'NONE', #3597, 1000.000000000000000 ) ;
#1848 = ADVANCED_FACE ( 'NONE', ( #3777 ), #3863, .F. ) ;
#1849 = AXIS2_PLACEMENT_3D ( 'NONE', #1974, #4192, #943 ) ;
#1850 = LINE ( 'NONE', #1889, #2598 ) ;
#1851 = AXIS2_PLACEMENT_3D ( 'NONE', #2924, #1201, #4354 ) ;
#1852 = DIRECTION ( 'NONE',  ( -0.000000000000000000, -0.000000000000000000, 1.000000000000000000 ) ) ;
#1853 = ORIENTED_EDGE ( 'NONE', *, *, #4086, .F. ) ;
#1854 = AXIS2_PLACEMENT_3D ( 'NONE', #4398, #1177, #2587 ) ;
#1855 = CIRCLE ( 'NONE', #3064, 1.999999999999994893 ) ;
#1856 = ORIENTED_EDGE ( 'NONE', *, *, #2334, .T. ) ;
#1857 = CARTESIAN_POINT ( 'NONE',  ( -12.49999999999999645, -18.00000000000000355, 28.00000000000000000 ) ) ;
#1858 = DIRECTION ( 'NONE',  ( -1.734723475976807094E-15, 0.000000000000000000, 1.000000000000000000 ) ) ;
#1859 = ORIENTED_EDGE ( 'NONE', *, *, #278, .T. ) ;
#1860 = PLANE ( 'NONE',  #2834 ) ;
#1861 = ORIENTED_EDGE ( 'NONE', *, *, #1687, .F. ) ;
#1862 = CARTESIAN_POINT ( 'NONE',  ( 18.40000000000000213, -18.00000000000000355, 26.00000000000000355 ) ) ;
#1863 = ADVANCED_FACE ( 'NONE', ( #1935 ), #3138, .T. ) ;
#1864 = ORIENTED_EDGE ( 'NONE', *, *, #2275, .T. ) ;
#1865 = DIRECTION ( 'NONE',  ( -0.7071067811865449082, -7.913772473204481144E-17, 0.7071067811865502373 ) ) ;
#1866 = CARTESIAN_POINT ( 'NONE',  ( -11.57512886940357433, 18.99999999999999645, 4.000000000000000000 ) ) ;
#1867 = EDGE_CURVE ( 'NONE', #3595, #1773, #4211, .T. ) ;
#1868 = DIRECTION ( 'NONE',  ( 0.000000000000000000, 0.000000000000000000, -1.000000000000000000 ) ) ;
#1869 = ORIENTED_EDGE ( 'NONE', *, *, #3549, .F. ) ;
#1870 = DIRECTION ( 'NONE',  ( 0.000000000000000000, 0.000000000000000000, 1.000000000000000000 ) ) ;
#1871 = ADVANCED_FACE ( 'NONE', ( #3538 ), #2801, .F. ) ;
#1872 = CARTESIAN_POINT ( 'NONE',  ( -12.59999999999999787, -23.10000000000000142, 28.00000000000000000 ) ) ;
#1873 = EDGE_LOOP ( 'NONE', ( #1589, #4392, #2766, #2925, #62, #3195 ) ) ;
#1874 = ORIENTED_EDGE ( 'NONE', *, *, #4455, .F. ) ;
#1875 = CARTESIAN_POINT ( 'NONE',  ( -10.40000000000000213, 23.90000000000000213, 8.500000000000000000 ) ) ;
#1876 = EDGE_LOOP ( 'NONE', ( #1431, #2183, #2786 ) ) ;
#1877 = LINE ( 'NONE', #2991, #1477 ) ;
#1878 = VERTEX_POINT ( 'NONE', #1012 ) ;
#1879 = DIRECTION ( 'NONE',  ( -0.7071067811865495711, 0.7071067811865454633, 0.000000000000000000 ) ) ;
#1880 = DIRECTION ( 'NONE',  ( -1.000000000000000000, 0.000000000000000000, 0.000000000000000000 ) ) ;
#1881 = ORIENTED_EDGE ( 'NONE', *, *, #4160, .T. ) ;
#1882 = EDGE_CURVE ( 'NONE', #1762, #2518, #2077, .T. ) ;
#1883 = DIRECTION ( 'NONE',  ( 1.000000000000000000, 0.000000000000000000, 0.000000000000000000 ) ) ;
#1884 = CARTESIAN_POINT ( 'NONE',  ( -20.00000000000000355, 18.00000000000000355, 20.50000000000000000 ) ) ;
#1885 = CARTESIAN_POINT ( 'NONE',  ( 16.00512815229963337, 19.72701616453030837, 0.1647744252757637196 ) ) ;
#1886 = CARTESIAN_POINT ( 'NONE',  ( -15.21243556529822527, -20.10000000000000497, 4.000000000000000000 ) ) ;
#1887 = VERTEX_POINT ( 'NONE', #4588 ) ;
#1888 = EDGE_CURVE ( 'NONE', #4104, #931, #3652, .T. ) ;
#1889 = CARTESIAN_POINT ( 'NONE',  ( -17.60000000000000497, 25.50000000000000355, 9.700000000000006395 ) ) ;
#1890 = PLANE ( 'NONE',  #3870 ) ;
#1891 = EDGE_LOOP ( 'NONE', ( #2804, #4066, #1507, #4298 ) ) ;
#1892 = EDGE_CURVE ( 'NONE', #3213, #3134, #1740, .T. ) ;
#1893 = ORIENTED_EDGE ( 'NONE', *, *, #2557, .T. ) ;
#1894 = FACE_OUTER_BOUND ( 'NONE', #2920, .T. ) ;
#1895 = DIRECTION ( 'NONE',  ( 0.000000000000000000, 0.000000000000000000, -1.000000000000000000 ) ) ;
#1896 = VERTEX_POINT ( 'NONE', #4233 ) ;
#1897 = VECTOR ( 'NONE', #1700, 1000.000000000000000 ) ;
#1898 = AXIS2_PLACEMENT_3D ( 'NONE', #1558, #3681, #1950 ) ;
#1899 = DIRECTION ( 'NONE',  ( -1.000000000000000000, 0.000000000000000000, 0.000000000000000000 ) ) ;
#1900 = ORIENTED_EDGE ( 'NONE', *, *, #3363, .F. ) ;
#1901 = DIRECTION ( 'NONE',  ( -0.000000000000000000, -0.000000000000000000, 1.000000000000000000 ) ) ;
#1902 = VERTEX_POINT ( 'NONE', #4452 ) ;
#1903 = VECTOR ( 'NONE', #1501, 1000.000000000000000 ) ;
#1904 = CARTESIAN_POINT ( 'NONE',  ( -17.60000000000000497, 8.278487170284289931, 16.59999561272583435 ) ) ;
#1905 = MECHANICAL_DESIGN_GEOMETRIC_PRESENTATION_REPRESENTATION (  '', ( #2142 ), #2067 ) ;
#1906 = DIRECTION ( 'NONE',  ( -0.5000000000000008882, -0.8660254037844380415, 0.000000000000000000 ) ) ;
#1907 = CARTESIAN_POINT ( 'NONE',  ( -10.59999999999999254, -15.50000000000000178, 1.599999999999992539 ) ) ;
#1908 = CARTESIAN_POINT ( 'NONE',  ( 13.99999999999999822, 18.99999999999999645, 3.000000000000000000 ) ) ;
#1909 = ORIENTED_EDGE ( 'NONE', *, *, #82, .T. ) ;
#1910 = AXIS2_PLACEMENT_3D ( 'NONE', #4567, #1365, #988 ) ;
#1911 = LINE ( 'NONE', #4389, #2070 ) ;
#1912 = CARTESIAN_POINT ( 'NONE',  ( -17.60000000000000142, 18.00000000000000355, 26.00000000000000355 ) ) ;
#1913 = VECTOR ( 'NONE', #620, 1000.000000000000227 ) ;
#1914 = AXIS2_PLACEMENT_3D ( 'NONE', #1424, #2505, #2788 ) ;
#1915 = LINE ( 'NONE', #130, #4461 ) ;
#1916 = EDGE_CURVE ( 'NONE', #4184, #2521, #1981, .T. ) ;
#1917 = ORIENTED_EDGE ( 'NONE', *, *, #724, .T. ) ;
#1918 =( GEOMETRIC_REPRESENTATION_CONTEXT ( 3 ) GLOBAL_UNCERTAINTY_ASSIGNED_CONTEXT ( ( #2432 ) ) GLOBAL_UNIT_ASSIGNED_CONTEXT ( ( #4498, #2689, #1669 ) ) REPRESENTATION_CONTEXT ( 'NONE', 'WORKASPACE' ) );
#1919 = VECTOR ( 'NONE', #2858, 1000.000000000000000 ) ;
#1920 = CARTESIAN_POINT ( 'NONE',  ( -17.63837521582566836, 25.49124474254096739, 20.90776765702117501 ) ) ;
#1921 = ADVANCED_FACE ( 'NONE', ( #3397 ), #526, .F. ) ;
#1922 = APPLICATION_PROTOCOL_DEFINITION ( 'draft international standard', 'automotive_design', 1998, #2472 ) ;
#1923 = STYLED_ITEM ( 'NONE', ( #2277 ), #3140 ) ;
#1924 = ORIENTED_EDGE ( 'NONE', *, *, #1036, .T. ) ;
#1925 = AXIS2_PLACEMENT_3D ( 'NONE', #2824, #965, #1482 ) ;
#1926 = CARTESIAN_POINT ( 'NONE',  ( -16.42487113059642923, 18.99999999999999645, 0.06696562634074705589 ) ) ;
#1927 = ORIENTED_EDGE ( 'NONE', *, *, #4494, .F. ) ;
#1928 = DIRECTION ( 'NONE',  ( 1.000000000000000000, 0.000000000000000000, 0.000000000000000000 ) ) ;
#1929 = ADVANCED_FACE ( 'NONE', ( #4077 ), #4394, .F. ) ;
#1930 = CARTESIAN_POINT ( 'NONE',  ( -11.57512886940357433, 18.99999999999999645, 4.000000000000000000 ) ) ;
#1931 = ORIENTED_EDGE ( 'NONE', *, *, #424, .F. ) ;
#1932 = DIRECTION ( 'NONE',  ( 0.000000000000000000, 0.000000000000000000, -1.000000000000000000 ) ) ;
#1933 = DIRECTION ( 'NONE',  ( 0.7071067811865435759, -0.7071067811865514585, 0.000000000000000000 ) ) ;
#1934 = LINE ( 'NONE', #2625, #2451 ) ;
#1935 = FACE_OUTER_BOUND ( 'NONE', #2306, .T. ) ;
#1936 = VERTEX_POINT ( 'NONE', #1602 ) ;
#1937 = DIRECTION ( 'NONE',  ( 1.000000000000000000, 0.000000000000000000, 0.000000000000000000 ) ) ;
#1938 = DIRECTION ( 'NONE',  ( 0.000000000000000000, 0.000000000000000000, 1.000000000000000000 ) ) ;
#1939 = DIRECTION ( 'NONE',  ( 0.000000000000000000, 1.000000000000000000, 0.000000000000000000 ) ) ;
#1940 = ORIENTED_EDGE ( 'NONE', *, *, #1607, .T. ) ;
#1941 = EDGE_CURVE ( 'NONE', #781, #3366, #854, .T. ) ;
#1942 = ORIENTED_EDGE ( 'NONE', *, *, #1555, .T. ) ;
#1943 = ORIENTED_EDGE ( 'NONE', *, *, #308, .T. ) ;
#1944 = VERTEX_POINT ( 'NONE', #882 ) ;
#1945 = CARTESIAN_POINT ( 'NONE',  ( 18.31616899832402368, 23.31914030468936261, 21.90730291061061763 ) ) ;
#1946 = VERTEX_POINT ( 'NONE', #2317 ) ;
#1947 = ADVANCED_FACE ( 'NONE', ( #4126 ), #1957, .F. ) ;
#1948 = CARTESIAN_POINT ( 'NONE',  ( 16.39999999999999858, 18.00000000000000355, 22.50000000000000000 ) ) ;
#1949 = ORIENTED_EDGE ( 'NONE', *, *, #3567, .T. ) ;
#1950 = DIRECTION ( 'NONE',  ( 0.000000000000000000, -0.000000000000000000, -1.000000000000000000 ) ) ;
#1951 = CYLINDRICAL_SURFACE ( 'NONE', #421, 1.249999999999999334 ) ;
#1952 = ORIENTED_EDGE ( 'NONE', *, *, #1428, .F. ) ;
#1953 = EDGE_CURVE ( 'NONE', #4422, #606, #3423, .T. ) ;
#1954 = CARTESIAN_POINT ( 'NONE',  ( -19.99999999999999645, -13.70000000000000817, 8.500000000000021316 ) ) ;
#1955 = DIRECTION ( 'NONE',  ( 0.000000000000000000, 0.000000000000000000, 1.000000000000000000 ) ) ;
#1956 = LINE ( 'NONE', #2358, #1392 ) ;
#1957 = PLANE ( 'NONE',  #865 ) ;
#1958 = ORIENTED_EDGE ( 'NONE', *, *, #3740, .F. ) ;
#1959 = UNCERTAINTY_MEASURE_WITH_UNIT (LENGTH_MEASURE( 1.000000000000000082E-05 ), #3702, 'distance_accuracy_value', 'NONE');
#1960 = DIRECTION ( 'NONE',  ( -0.000000000000000000, -0.000000000000000000, 1.000000000000000000 ) ) ;
#1961 = CARTESIAN_POINT ( 'NONE',  ( 0.000000000000000000, 0.000000000000000000, 28.00000000000000000 ) ) ;
#1962 = FACE_OUTER_BOUND ( 'NONE', #4059, .T. ) ;
#1963 = ORIENTED_EDGE ( 'NONE', *, *, #3740, .T. ) ;
#1964 = DIRECTION ( 'NONE',  ( 0.000000000000000000, 0.000000000000000000, 1.000000000000000000 ) ) ;
#1965 = ORIENTED_EDGE ( 'NONE', *, *, #3750, .T. ) ;
#1966 = EDGE_LOOP ( 'NONE', ( #4656, #534, #56, #1810 ) ) ;
#1967 = DIRECTION ( 'NONE',  ( 0.000000000000000000, -0.000000000000000000, -1.000000000000000000 ) ) ;
#1968 = ORIENTED_EDGE ( 'NONE', *, *, #3415, .T. ) ;
#1969 = EDGE_CURVE ( 'NONE', #4300, #2702, #38, .T. ) ;
#1970 = DIRECTION ( 'NONE',  ( 0.000000000000000000, 1.000000000000000000, 0.000000000000000000 ) ) ;
#1971 = ORIENTED_EDGE ( 'NONE', *, *, #2676, .T. ) ;
#1972 = CIRCLE ( 'NONE', #2206, 6.299999999999992717 ) ;
#1973 = DIRECTION ( 'NONE',  ( -0.000000000000000000, 1.000000000000000000, -0.000000000000000000 ) ) ;
#1974 = CARTESIAN_POINT ( 'NONE',  ( -28.00000000000001776, -3.469446951953614189E-15, 4.000000000000000000 ) ) ;
#1975 = EDGE_CURVE ( 'NONE', #1376, #4012, #1718, .T. ) ;
#1976 = ORIENTED_EDGE ( 'NONE', *, *, #1371, .T. ) ;
#1977 = AXIS2_PLACEMENT_3D ( 'NONE', #119, #4426, #468 ) ;
#1978 = CARTESIAN_POINT ( 'NONE',  ( -12.49999999999999645, -18.00000000000000355, 1.200000000000006617 ) ) ;
#1979 = FACE_OUTER_BOUND ( 'NONE', #1876, .T. ) ;
#1980 = CARTESIAN_POINT ( 'NONE',  ( -18.60000000000000142, 1.999999999999996669, 21.40000000000000213 ) ) ;
#1981 = LINE ( 'NONE', #3518, #2522 ) ;
#1982 = VECTOR ( 'NONE', #1441, 1000.000000000000000 ) ;
#1983 = EDGE_CURVE ( 'NONE', #4428, #3275, #3081, .T. ) ;
#1984 = VERTEX_POINT ( 'NONE', #1267 ) ;
#1985 = AXIS2_PLACEMENT_3D ( 'NONE', #701, #2868, #2795 ) ;
#1986 = CYLINDRICAL_SURFACE ( 'NONE', #189, 1.249999999999999334 ) ;
#1987 = CARTESIAN_POINT ( 'NONE',  ( -11.57512886940358143, -18.00000000000000711, 4.000000000000000000 ) ) ;
#1988 = CARTESIAN_POINT ( 'NONE',  ( 9.499999999999996447, -15.50000000000000178, 2.265596578422603002E-15 ) ) ;
#1989 = EDGE_CURVE ( 'NONE', #2453, #587, #4169, .T. ) ;
#1990 = VERTEX_POINT ( 'NONE', #1309 ) ;
#1991 = AXIS2_PLACEMENT_3D ( 'NONE', #1285, #583, #1333 ) ;
#1992 = ORIENTED_EDGE ( 'NONE', *, *, #457, .F. ) ;
#1993 = CIRCLE ( 'NONE', #341, 5.500000000000000000 ) ;
#1994 = CARTESIAN_POINT ( 'NONE',  ( -14.00000000000000888, -18.00000000000000711, 4.000000000000000000 ) ) ;
#1995 = VECTOR ( 'NONE', #4366, 1000.000000000000000 ) ;
#1996 = VERTEX_POINT ( 'NONE', #605 ) ;
#1997 = CARTESIAN_POINT ( 'NONE',  ( -17.59999999999999787, -7.700000000000008171, 9.700000000000006395 ) ) ;
#1998 = CARTESIAN_POINT ( 'NONE',  ( 0.000000000000000000, 18.00000000000000355, 0.000000000000000000 ) ) ;
#1999 = ORIENTED_EDGE ( 'NONE', *, *, #3074, .F. ) ;
#2000 = VECTOR ( 'NONE', #2458, 1000.000000000000000 ) ;
#2001 = VECTOR ( 'NONE', #2319, 1000.000000000000000 ) ;
#2002 = EDGE_CURVE ( 'NONE', #4012, #2086, #3460, .T. ) ;
#2003 = CIRCLE ( 'NONE', #1402, 3.199999999999984190 ) ;
#2004 = CARTESIAN_POINT ( 'NONE',  ( -15.59808843684399982, 20.43202963239786740, 0.3674442917158939337 ) ) ;
#2005 = ORIENTED_EDGE ( 'NONE', *, *, #807, .T. ) ;
#2006 =( GEOMETRIC_REPRESENTATION_CONTEXT ( 3 ) GLOBAL_UNCERTAINTY_ASSIGNED_CONTEXT ( ( #833 ) ) GLOBAL_UNIT_ASSIGNED_CONTEXT ( ( #899, #3185, #306 ) ) REPRESENTATION_CONTEXT ( 'NONE', 'WORKASPACE' ) );
#2007 = LINE ( 'NONE', #567, #251 ) ;
#2008 = CARTESIAN_POINT ( 'NONE',  ( -18.40000000000000213, 18.00000000000000355, 28.00000000000000000 ) ) ;
#2009 = EDGE_LOOP ( 'NONE', ( #729, #462, #3166, #4093 ) ) ;
#2010 = AXIS2_PLACEMENT_3D ( 'NONE', #1293, #4068, #4162 ) ;
#2011 = EDGE_CURVE ( 'NONE', #1338, #4212, #1018, .T. ) ;
#2012 = DIRECTION ( 'NONE',  ( -0.4999999999999998335, 0.8660254037844387076, 0.000000000000000000 ) ) ;
#2013 = CARTESIAN_POINT ( 'NONE',  ( -19.99999999999999645, -18.00000000000000355, 1.200000000000006617 ) ) ;
#2014 = CARTESIAN_POINT ( 'NONE',  ( 19.99999999999999645, 25.50000000000000355, 1.200000000000006617 ) ) ;
#2015 = EDGE_LOOP ( 'NONE', ( #4111, #3171, #3372, #2992, #497, #2345 ) ) ;
#2016 = EDGE_CURVE ( 'NONE', #152, #919, #3221, .T. ) ;
#2017 = CARTESIAN_POINT ( 'NONE',  ( 15.59999999999999787, 15.90000000000000391, 8.500000000000000000 ) ) ;
#2018 = LINE ( 'NONE', #3455, #3425 ) ;
#2019 = DIRECTION ( 'NONE',  ( -1.000000000000000000, -1.360567432138672081E-16, 0.000000000000000000 ) ) ;
#2020 = VERTEX_POINT ( 'NONE', #1660 ) ;
#2021 = APPLICATION_CONTEXT ( 'automotive_design' ) ;
#2022 = EDGE_CURVE ( 'NONE', #2254, #4541, #3059, .T. ) ;
#2023 = ORIENTED_EDGE ( 'NONE', *, *, #2935, .T. ) ;
#2024 = CARTESIAN_POINT ( 'NONE',  ( 10.40000000000000036, 23.90000000000000568, 3.000000000000000000 ) ) ;
#2025 = ORIENTED_EDGE ( 'NONE', *, *, #4144, .T. ) ;
#2026 = LINE ( 'NONE', #3129, #3496 ) ;
#2027 = ORIENTED_EDGE ( 'NONE', *, *, #3234, .T. ) ;
#2028 = EDGE_LOOP ( 'NONE', ( #2588, #3884, #127, #1502 ) ) ;
#2029 = CARTESIAN_POINT ( 'NONE',  ( 15.21243556529822172, -20.10000000000000142, 4.000000000000000000 ) ) ;
#2030 = CARTESIAN_POINT ( 'NONE',  ( -20.00000000000001066, -7.700000000000008171, 9.700000000000006395 ) ) ;
#2031 = ORIENTED_EDGE ( 'NONE', *, *, #1663, .T. ) ;
#2032 = DIRECTION ( 'NONE',  ( -0.000000000000000000, 0.000000000000000000, 1.000000000000000000 ) ) ;
#2033 = LINE ( 'NONE', #2736, #3783 ) ;
#2034 = LINE ( 'NONE', #3144, #2164 ) ;
#2035 = ORIENTED_EDGE ( 'NONE', *, *, #190, .T. ) ;
#2036 = EDGE_CURVE ( 'NONE', #981, #3839, #227, .T. ) ;
#2037 = SURFACE_STYLE_FILL_AREA ( #2717 ) ;
#2038 = CARTESIAN_POINT ( 'NONE',  ( 12.78756443470179782, -15.89999999999999680, 4.000000000000000000 ) ) ;
#2039 = DIRECTION ( 'NONE',  ( 0.000000000000000000, -1.000000000000000000, 0.000000000000000000 ) ) ;
#2040 = ORIENTED_EDGE ( 'NONE', *, *, #2022, .F. ) ;
#2041 = EDGE_CURVE ( 'NONE', #2940, #2886, #3504, .T. ) ;
#2042 = ORIENTED_EDGE ( 'NONE', *, *, #4455, .T. ) ;
#2043 = CARTESIAN_POINT ( 'NONE',  ( -18.26386804187896828, 23.35597791010244961, 21.75842481253079086 ) ) ;
#2044 = VERTEX_POINT ( 'NONE', #4133 ) ;
#2045 = CARTESIAN_POINT ( 'NONE',  ( -17.60000000000000497, 25.50000000000000355, 20.50000000000000000 ) ) ;
#2046 = ORIENTED_EDGE ( 'NONE', *, *, #4286, .F. ) ;
#2047 = ADVANCED_FACE ( 'NONE', ( #274 ), #3405, .F. ) ;
#2048 = DIRECTION ( 'NONE',  ( 1.360567432138672081E-16, -1.000000000000000000, 0.000000000000000000 ) ) ;
#2049 = ORIENTED_EDGE ( 'NONE', *, *, #1825, .T. ) ;
#2050 = CARTESIAN_POINT ( 'NONE',  ( 18.79999999999998295, 18.00000000000000355, 28.00000000000000000 ) ) ;
#2051 = ORIENTED_EDGE ( 'NONE', *, *, #3846, .F. ) ;
#2052 = VECTOR ( 'NONE', #4581, 1000.000000000000000 ) ;
#2053 = CARTESIAN_POINT ( 'NONE',  ( 11.57512886940357077, 18.99999999999999645, 4.000000000000000000 ) ) ;
#2054 = DIRECTION ( 'NONE',  ( 0.8660254037844385966, 0.5000000000000003331, -0.000000000000000000 ) ) ;
#2055 = DIRECTION ( 'NONE',  ( 1.000000000000000000, 1.119176436114069085E-16, 0.000000000000000000 ) ) ;
#2056 = ORIENTED_EDGE ( 'NONE', *, *, #3994, .F. ) ;
#2057 = AXIS2_PLACEMENT_3D ( 'NONE', #192, #1955, #880 ) ;
#2058 = CARTESIAN_POINT ( 'NONE',  ( -10.59999999999999254, -15.50000000000000178, 1.599999999999992539 ) ) ;
#2059 = VECTOR ( 'NONE', #3217, 1000.000000000000000 ) ;
#2060 = DIRECTION ( 'NONE',  ( 0.000000000000000000, 0.000000000000000000, -1.000000000000000000 ) ) ;
#2061 = CARTESIAN_POINT ( 'NONE',  ( 16.23342698825012675, 18.66840901864475200, 0.02235517996230418011 ) ) ;
#2062 = EDGE_LOOP ( 'NONE', ( #3535, #1861, #4172, #154 ) ) ;
#2063 = AXIS2_PLACEMENT_3D ( 'NONE', #4021, #3029, #1197 ) ;
#2064 = CARTESIAN_POINT ( 'NONE',  ( 17.60000000000000497, 16.99999999999999289, 19.40000000000000213 ) ) ;
#2065 = EDGE_CURVE ( 'NONE', #822, #736, #909, .T. ) ;
#2066 = DIRECTION ( 'NONE',  ( 0.8660254037844381525, -0.5000000000000009992, 0.000000000000000000 ) ) ;
#2067 =( GEOMETRIC_REPRESENTATION_CONTEXT ( 3 ) GLOBAL_UNCERTAINTY_ASSIGNED_CONTEXT ( ( #926 ) ) GLOBAL_UNIT_ASSIGNED_CONTEXT ( ( #1165, #744, #4413 ) ) REPRESENTATION_CONTEXT ( 'NONE', 'WORKASPACE' ) );
#2068 = DIRECTION ( 'NONE',  ( 2.602085213965212614E-15, 0.000000000000000000, 1.000000000000000000 ) ) ;
#2069 = ORIENTED_EDGE ( 'NONE', *, *, #2903, .T. ) ;
#2070 = VECTOR ( 'NONE', #1565, 1000.000000000000000 ) ;
#2071 = EDGE_CURVE ( 'NONE', #3914, #611, #4529, .T. ) ;
#2072 = LINE ( 'NONE', #984, #3442 ) ;
#2073 = VERTEX_POINT ( 'NONE', #2440 ) ;
#2074 = CARTESIAN_POINT ( 'NONE',  ( 15.75000000000008704, 15.74999999999990941, 3.000000000000000000 ) ) ;
#2075 = LINE ( 'NONE', #987, #3512 ) ;
#2076 = VECTOR ( 'NONE', #2737, 1000.000000000000000 ) ;
#2077 = LINE ( 'NONE', #146, #3577 ) ;
#2078 = AXIS2_PLACEMENT_3D ( 'NONE', #2982, #1870, #3315 ) ;
#2079 = VERTEX_POINT ( 'NONE', #961 ) ;
#2080 = AXIS2_PLACEMENT_3D ( 'NONE', #4518, #3089, #4446 ) ;
#2081 = VECTOR ( 'NONE', #689, 1000.000000000000000 ) ;
#2082 = EDGE_CURVE ( 'NONE', #2119, #3392, #4224, .T. ) ;
#2083 = CARTESIAN_POINT ( 'NONE',  ( -17.59999999999999787, -13.70000000000000817, 13.70000000000000107 ) ) ;
#2084 = CARTESIAN_POINT ( 'NONE',  ( -14.00000000000000888, -18.00000000000000711, 4.000000000000000000 ) ) ;
#2085 = DIRECTION ( 'NONE',  ( -8.673617379884042375E-16, -0.000000000000000000, 1.000000000000000000 ) ) ;
#2086 = VERTEX_POINT ( 'NONE', #3834 ) ;
#2087 = AXIS2_PLACEMENT_3D ( 'NONE', #3558, #325, #2497 ) ;
#2088 = VECTOR ( 'NONE', #1453, 1000.000000000000000 ) ;
#2089 = LINE ( 'NONE', #4219, #1544 ) ;
#2090 = PLANE ( 'NONE',  #3726 ) ;
#2091 = LINE ( 'NONE', #293, #1089 ) ;
#2092 = ORIENTED_EDGE ( 'NONE', *, *, #3716, .T. ) ;
#2093 = DIRECTION ( 'NONE',  ( -0.7071067811865493491, -0.7071067811865456854, -0.000000000000000000 ) ) ;
#2094 = DIRECTION ( 'NONE',  ( 0.000000000000000000, 0.000000000000000000, 1.000000000000000000 ) ) ;
#2095 = CARTESIAN_POINT ( 'NONE',  ( 17.59999999999999787, 13.89999999999998259, 8.500000000000000000 ) ) ;
#2096 = ORIENTED_EDGE ( 'NONE', *, *, #2841, .T. ) ;
#2097 = EDGE_CURVE ( 'NONE', #2657, #2453, #1686, .T. ) ;
#2098 = CARTESIAN_POINT ( 'NONE',  ( -19.99999999999999645, -25.50000000000000355, 1.199999999999999734 ) ) ;
#2099 = ORIENTED_EDGE ( 'NONE', *, *, #4418, .T. ) ;
#2100 = DIRECTION ( 'NONE',  ( 0.7071067811865495711, 0.7071067811865454633, 0.000000000000000000 ) ) ;
#2101 = DIRECTION ( 'NONE',  ( 1.734723475976807094E-15, 0.000000000000000000, -1.000000000000000000 ) ) ;
#2102 = DIRECTION ( 'NONE',  ( 0.000000000000000000, -1.000000000000000000, 0.000000000000000000 ) ) ;
#2103 = ORIENTED_EDGE ( 'NONE', *, *, #1725, .F. ) ;
#2104 = EDGE_CURVE ( 'NONE', #2086, #611, #1001, .T. ) ;
#2105 = CARTESIAN_POINT ( 'NONE',  ( -11.57512886940357433, 18.99999999999999645, 0.06696562634074618159 ) ) ;
#2106 = CARTESIAN_POINT ( 'NONE',  ( -16.40000000000000568, 25.50000000000000355, 20.50000000000000000 ) ) ;
#2107 = LINE ( 'NONE', #5, #725 ) ;
#2108 = EDGE_LOOP ( 'NONE', ( #4350, #1145, #2739, #3616 ) ) ;
#2109 = EDGE_CURVE ( 'NONE', #2957, #1878, #980, .T. ) ;
#2110 = DIRECTION ( 'NONE',  ( 0.000000000000000000, 0.000000000000000000, 1.000000000000000000 ) ) ;
#2111 = PLANE ( 'NONE',  #3051 ) ;
#2112 = LINE ( 'NONE', #3548, #2516 ) ;
#2113 = EDGE_LOOP ( 'NONE', ( #4510, #3347, #3313, #2051, #3178 ) ) ;
#2114 = DIRECTION ( 'NONE',  ( 0.000000000000000000, 0.000000000000000000, -1.000000000000000000 ) ) ;
#2115 = CARTESIAN_POINT ( 'NONE',  ( 17.59999999999999787, 23.90000000000000213, 28.00000000000000000 ) ) ;
#2116 = CARTESIAN_POINT ( 'NONE',  ( 10.59999999999999076, -15.50000000000000178, 2.599999999999995204 ) ) ;
#2117 = ORIENTED_EDGE ( 'NONE', *, *, #2532, .T. ) ;
#2118 = DIRECTION ( 'NONE',  ( -0.7071067811865515695, -0.7071067811865435759, -0.000000000000000000 ) ) ;
#2119 = VERTEX_POINT ( 'NONE', #3602 ) ;
#2120 = DIRECTION ( 'NONE',  ( 1.360567432138672328E-16, -1.000000000000000000, 0.000000000000000000 ) ) ;
#2121 = CARTESIAN_POINT ( 'NONE',  ( 19.99999999999999645, 24.29999999999999361, 20.50000000000000000 ) ) ;
#2122 = ORIENTED_EDGE ( 'NONE', *, *, #3229, .T. ) ;
#2123 = ORIENTED_EDGE ( 'NONE', *, *, #4026, .F. ) ;
#2124 = DIRECTION ( 'NONE',  ( -0.000000000000000000, -0.000000000000000000, -1.000000000000000000 ) ) ;
#2125 = DIRECTION ( 'NONE',  ( 0.7071067811865531239, -7.913772473204574821E-17, -0.7071067811865417996 ) ) ;
#2126 = EDGE_CURVE ( 'NONE', #1082, #2872, #1783, .T. ) ;
#2127 = DIRECTION ( 'NONE',  ( -1.000000000000000000, -0.000000000000000000, -0.000000000000000000 ) ) ;
#2128 = EDGE_LOOP ( 'NONE', ( #3959, #4158, #3302, #3876 ) ) ;
#2129 = CARTESIAN_POINT ( 'NONE',  ( -1.040834085586084257E-14, 37.00000000000000000, 4.000000000000000000 ) ) ;
#2130 = EDGE_CURVE ( 'NONE', #1248, #3919, #108, .T. ) ;
#2131 = CYLINDRICAL_SURFACE ( 'NONE', #4400, 5.900000000000000355 ) ;
#2132 = LINE ( 'NONE', #4294, #3872 ) ;
#2133 = VECTOR ( 'NONE', #1300, 1000.000000000000000 ) ;
#2134 = ORIENTED_EDGE ( 'NONE', *, *, #1730, .T. ) ;
#2135 = VECTOR ( 'NONE', #93, 1000.000000000000000 ) ;
#2136 = CARTESIAN_POINT ( 'NONE',  ( -16.40000000000000568, 23.90000000000000213, 22.50000000000000000 ) ) ;
#2137 = ADVANCED_FACE ( 'NONE', ( #1100, #2490, #1449 ), #2165, .F. ) ;
#2138 = FACE_OUTER_BOUND ( 'NONE', #2310, .T. ) ;
#2139 = CARTESIAN_POINT ( 'NONE',  ( -12.49999999999999645, -18.00000000000000355, 0.000000000000000000 ) ) ;
#2140 = ORIENTED_EDGE ( 'NONE', *, *, #3520, .F. ) ;
#2141 = AXIS2_PLACEMENT_3D ( 'NONE', #4277, #2166, #1034 ) ;
#2142 = STYLED_ITEM ( 'NONE', ( #99 ), #1832 ) ;
#2143 = FACE_OUTER_BOUND ( 'NONE', #3436, .T. ) ;
#2144 = ORIENTED_EDGE ( 'NONE', *, *, #1168, .T. ) ;
#2145 = CARTESIAN_POINT ( 'NONE',  ( 12.40191156315599841, 20.43202963239787096, 0.3674442917158948219 ) ) ;
#2146 = CARTESIAN_POINT ( 'NONE',  ( -10.40000000000000213, 17.90000000000000924, 8.500000000000000000 ) ) ;
#2147 = ORIENTED_EDGE ( 'NONE', *, *, #4138, .T. ) ;
#2148 = VECTOR ( 'NONE', #4203, 1000.000000000000000 ) ;
#2149 = CIRCLE ( 'NONE', #3654, 1.250000000000001110 ) ;
#2150 = CARTESIAN_POINT ( 'NONE',  ( 29.00660171779821184, 18.00000000000000355, 26.00000000000000355 ) ) ;
#2151 = VECTOR ( 'NONE', #3847, 1000.000000000000000 ) ;
#2152 = CARTESIAN_POINT ( 'NONE',  ( 18.10000000000000497, -17.00000000000000355, 20.89999999999999147 ) ) ;
#2153 = DIRECTION ( 'NONE',  ( 0.000000000000000000, 0.000000000000000000, -1.000000000000000000 ) ) ;
#2154 = ORIENTED_EDGE ( 'NONE', *, *, #3846, .T. ) ;
#2155 = VECTOR ( 'NONE', #94, 1000.000000000000000 ) ;
#2156 = AXIS2_PLACEMENT_3D ( 'NONE', #3328, #2908, #783 ) ;
#2157 = ADVANCED_FACE ( 'NONE', ( #1476 ), #295, .F. ) ;
#2158 = CARTESIAN_POINT ( 'NONE',  ( -17.59999999999999787, -12.89999999999998792, 8.500000000000000000 ) ) ;
#2159 = FACE_OUTER_BOUND ( 'NONE', #1570, .T. ) ;
#2160 = VECTOR ( 'NONE', #2450, 1000.000000000000000 ) ;
#2161 = AXIS2_PLACEMENT_3D ( 'NONE', #1057, #1413, #3231 ) ;
#2162 = ORIENTED_EDGE ( 'NONE', *, *, #4423, .T. ) ;
#2163 = EDGE_CURVE ( 'NONE', #305, #1248, #699, .T. ) ;
#2164 = VECTOR ( 'NONE', #2316, 1000.000000000000000 ) ;
#2165 = PLANE ( 'NONE',  #3124 ) ;
#2166 = DIRECTION ( 'NONE',  ( 0.000000000000000000, -0.000000000000000000, -1.000000000000000000 ) ) ;
#2167 = VERTEX_POINT ( 'NONE', #3531 ) ;
#2168 = EDGE_CURVE ( 'NONE', #3028, #1666, #413, .T. ) ;
#2169 = LINE ( 'NONE', #3271, #4332 ) ;
#2170 = ORIENTED_EDGE ( 'NONE', *, *, #2567, .F. ) ;
#2171 = CARTESIAN_POINT ( 'NONE',  ( -17.60000000000000497, 7.999999999999994671, 19.40000000000000213 ) ) ;
#2172 = DIRECTION ( 'NONE',  ( 0.000000000000000000, 0.000000000000000000, 1.000000000000000000 ) ) ;
#2173 = ORIENTED_EDGE ( 'NONE', *, *, #2163, .F. ) ;
#2174 = DIRECTION ( 'NONE',  ( -1.000000000000000000, 0.000000000000000000, 0.000000000000000000 ) ) ;
#2175 = ORIENTED_EDGE ( 'NONE', *, *, #908, .F. ) ;
#2176 = FACE_OUTER_BOUND ( 'NONE', #2015, .T. ) ;
#2177 = DIRECTION ( 'NONE',  ( 1.000000000000000000, -0.000000000000000000, 0.000000000000000000 ) ) ;
#2178 = EDGE_LOOP ( 'NONE', ( #2226, #4387, #4599, #3835 ) ) ;
#2179 = CARTESIAN_POINT ( 'NONE',  ( -14.00000000000000178, 18.99999999999999645, 3.000000000000000000 ) ) ;
#2180 = CARTESIAN_POINT ( 'NONE',  ( 12.50000000000000178, -18.00000000000000355, 26.00000000000000355 ) ) ;
#2181 = DIRECTION ( 'NONE',  ( -2.168404344971008868E-16, 1.000000000000000000, -0.000000000000000000 ) ) ;
#2182 = EDGE_CURVE ( 'NONE', #738, #1082, #37, .T. ) ;
#2183 = ORIENTED_EDGE ( 'NONE', *, *, #2996, .T. ) ;
#2184 = DIRECTION ( 'NONE',  ( -0.000000000000000000, -0.000000000000000000, -1.000000000000000000 ) ) ;
#2185 = LINE ( 'NONE', #1359, #3717 ) ;
#2186 = ADVANCED_FACE ( 'NONE', ( #2467 ), #1052, .F. ) ;
#2187 = ORIENTED_EDGE ( 'NONE', *, *, #1645, .F. ) ;
#2188 = DIRECTION ( 'NONE',  ( -0.7071067811865507924, -0.7071067811865441310, 0.000000000000000000 ) ) ;
#2189 = EDGE_LOOP ( 'NONE', ( #2901, #1448, #1336, #1859 ) ) ;
#2190 = DIRECTION ( 'NONE',  ( -1.000000000000000000, 0.000000000000000000, 0.000000000000000000 ) ) ;
#2191 = ADVANCED_FACE ( 'NONE', ( #345 ), #2915, .F. ) ;
#2192 = DIRECTION ( 'NONE',  ( 0.000000000000000000, 0.000000000000000000, 1.000000000000000000 ) ) ;
#2193 = ORIENTED_EDGE ( 'NONE', *, *, #2348, .T. ) ;
#2194 = DIRECTION ( 'NONE',  ( 0.5000000000000009992, 0.8660254037844381525, 0.000000000000000000 ) ) ;
#2195 = ORIENTED_EDGE ( 'NONE', *, *, #657, .T. ) ;
#2196 = CARTESIAN_POINT ( 'NONE',  ( -18.59999999999999432, -9.000000000000008882, 20.40000000000000213 ) ) ;
#2197 = EDGE_CURVE ( 'NONE', #81, #1259, #3551, .T. ) ;
#2198 = ORIENTED_EDGE ( 'NONE', *, *, #2036, .T. ) ;
#2199 = CARTESIAN_POINT ( 'NONE',  ( -18.80000000000001492, 11.77848717028428993, 20.09999561272583435 ) ) ;
#2200 = CARTESIAN_POINT ( 'NONE',  ( 16.42487113059642567, 18.99999999999999645, 0.06696562634074618159 ) ) ;
#2201 = CARTESIAN_POINT ( 'NONE',  ( -12.49999999999999822, -23.90000000000000213, 26.00000000000000355 ) ) ;
#2202 = EDGE_LOOP ( 'NONE', ( #1141, #4642, #4358, #1216 ) ) ;
#2203 = DIRECTION ( 'NONE',  ( -1.927470528863118802E-16, 1.000000000000000000, 0.000000000000000000 ) ) ;
#2204 = CARTESIAN_POINT ( 'NONE',  ( -15.21243556529821817, 16.89999999999999858, 4.000000000000000000 ) ) ;
#2205 = ORIENTED_EDGE ( 'NONE', *, *, #3113, .F. ) ;
#2206 = AXIS2_PLACEMENT_3D ( 'NONE', #1884, #4475, #2975 ) ;
#2207 = EDGE_CURVE ( 'NONE', #3383, #798, #1732, .T. ) ;
#2208 = ORIENTED_EDGE ( 'NONE', *, *, #2622, .T. ) ;
#2209 = VECTOR ( 'NONE', #4190, 1000.000000000000000 ) ;
#2210 = CARTESIAN_POINT ( 'NONE',  ( -12.78756443470179782, -15.90000000000000036, 4.000000000000000000 ) ) ;
#2211 = CARTESIAN_POINT ( 'NONE',  ( 18.39999999999999503, 18.00000000000000355, 20.50000000000000000 ) ) ;
#2212 = ORIENTED_EDGE ( 'NONE', *, *, #682, .F. ) ;
#2213 = AXIS2_PLACEMENT_3D ( 'NONE', #1380, #680, #1822 ) ;
#2214 = ADVANCED_FACE ( 'NONE', ( #4653 ), #2558, .F. ) ;
#2215 = CARTESIAN_POINT ( 'NONE',  ( 10.59999999999999254, -15.50000000000000178, 1.599999999999994982 ) ) ;
#2216 = ORIENTED_EDGE ( 'NONE', *, *, #4487, .T. ) ;
#2217 = CARTESIAN_POINT ( 'NONE',  ( -10.40000000000000213, 23.90000000000000213, 3.000000000000000000 ) ) ;
#2218 = DIRECTION ( 'NONE',  ( 1.000000000000000000, -1.387778780781445922E-16, 0.000000000000000000 ) ) ;
#2219 = VECTOR ( 'NONE', #4598, 1000.000000000000114 ) ;
#2220 = EDGE_LOOP ( 'NONE', ( #2350, #774, #2493, #2566 ) ) ;
#2221 = EDGE_CURVE ( 'NONE', #3046, #749, #1747, .T. ) ;
#2222 = CARTESIAN_POINT ( 'NONE',  ( -17.60000000000000142, 1.999999999999996669, 19.40000000000000213 ) ) ;
#2223 = DIRECTION ( 'NONE',  ( 1.000000000000000000, 0.000000000000000000, -0.000000000000000000 ) ) ;
#2224 = DIRECTION ( 'NONE',  ( 0.000000000000000000, 0.000000000000000000, 1.000000000000000000 ) ) ;
#2225 = CARTESIAN_POINT ( 'NONE',  ( 10.40000000000000391, -21.10000000000000142, 8.500000000000000000 ) ) ;
#2226 = ORIENTED_EDGE ( 'NONE', *, *, #3428, .F. ) ;
#2227 = VECTOR ( 'NONE', #1088, 1000.000000000000000 ) ;
#2228 = AXIS2_PLACEMENT_3D ( 'NONE', #2129, #337, #742 ) ;
#2229 = LINE ( 'NONE', #3672, #4550 ) ;
#2230 = AXIS2_PLACEMENT_3D ( 'NONE', #2406, #3842, #1324 ) ;
#2231 = CARTESIAN_POINT ( 'NONE',  ( 15.21243556529821994, -15.89999999999999680, 4.000000000000000000 ) ) ;
#2232 = VERTEX_POINT ( 'NONE', #3023 ) ;
#2233 = VECTOR ( 'NONE', #591, 1000.000000000000000 ) ;
#2234 = VECTOR ( 'NONE', #3679, 1000.000000000000000 ) ;
#2235 = ORIENTED_EDGE ( 'NONE', *, *, #718, .F. ) ;
#2236 = CARTESIAN_POINT ( 'NONE',  ( 18.39999999999999503, 23.18148968763907547, 22.35138256910877175 ) ) ;
#2237 = DIRECTION ( 'NONE',  ( 0.000000000000000000, 1.000000000000000000, 0.000000000000000000 ) ) ;
#2238 = ORIENTED_EDGE ( 'NONE', *, *, #3428, .T. ) ;
#2239 = EDGE_CURVE ( 'NONE', #112, #2894, #1911, .T. ) ;
#2240 = CARTESIAN_POINT ( 'NONE',  ( 9.499999999999996447, 0.000000000000000000, 0.000000000000000000 ) ) ;
#2241 = ORIENTED_EDGE ( 'NONE', *, *, #3525, .F. ) ;
#2242 = CARTESIAN_POINT ( 'NONE',  ( -20.00000000000000000, -7.700000000000008171, 14.89999999999998259 ) ) ;
#2243 = PLANE ( 'NONE',  #3586 ) ;
#2244 = EDGE_CURVE ( 'NONE', #842, #1051, #148, .T. ) ;
#2245 = ORIENTED_EDGE ( 'NONE', *, *, #669, .T. ) ;
#2246 = LINE ( 'NONE', #3685, #270 ) ;
#2247 = CARTESIAN_POINT ( 'NONE',  ( -11.57512886940358143, -18.00000000000000711, 4.000000000000000000 ) ) ;
#2248 = LINE ( 'NONE', #3707, #3878 ) ;
#2249 = FILL_AREA_STYLE ('',( #3263 ) ) ;
#2250 = EDGE_CURVE ( 'NONE', #1637, #924, #3642, .T. ) ;
#2251 = ORIENTED_EDGE ( 'NONE', *, *, #3744, .T. ) ;
#2252 = LINE ( 'NONE', #3334, #4405 ) ;
#2253 = CARTESIAN_POINT ( 'NONE',  ( -11.57512886940357433, 18.99999999999999645, 4.000000000000000000 ) ) ;
#2254 = VERTEX_POINT ( 'NONE', #458 ) ;
#2255 = VERTEX_POINT ( 'NONE', #4042 ) ;
#2256 = CARTESIAN_POINT ( 'NONE',  ( 18.04285981388892779, 23.43554893261623207, 21.34848356136597403 ) ) ;
#2257 = LINE ( 'NONE', #4421, #4331 ) ;
#2258 = ORIENTED_EDGE ( 'NONE', *, *, #3415, .F. ) ;
#2259 = DIRECTION ( 'NONE',  ( 0.000000000000000000, 0.000000000000000000, -1.000000000000000000 ) ) ;
#2260 = ORIENTED_EDGE ( 'NONE', *, *, #4578, .T. ) ;
#2261 = DIRECTION ( 'NONE',  ( 0.000000000000000000, -1.000000000000000000, 0.000000000000000000 ) ) ;
#2262 = VERTEX_POINT ( 'NONE', #4454 ) ;
#2263 = EDGE_CURVE ( 'NONE', #3259, #3009, #3736, .T. ) ;
#2264 = PLANE ( 'NONE',  #2531 ) ;
#2265 = CARTESIAN_POINT ( 'NONE',  ( -18.80000000000000782, -7.700000000000008171, 9.700000000000006395 ) ) ;
#2266 = CARTESIAN_POINT ( 'NONE',  ( 15.21243556529820928, 21.10000000000000142, 0.6706515684144505052 ) ) ;
#2267 = CARTESIAN_POINT ( 'NONE',  ( -18.79999999999998650, -18.00000000000000355, 0.000000000000000000 ) ) ;
#2268 = ORIENTED_EDGE ( 'NONE', *, *, #3079, .T. ) ;
#2269 = ADVANCED_FACE ( 'NONE', ( #1169 ), #3992, .F. ) ;
#2270 = CARTESIAN_POINT ( 'NONE',  ( -12.78756443470179072, 21.10000000000000142, 4.000000000000000000 ) ) ;
#2271 = CARTESIAN_POINT ( 'NONE',  ( 0.000000000000000000, 0.000000000000000000, 8.500000000000000000 ) ) ;
#2272 = DIRECTION ( 'NONE',  ( -4.336808689942014778E-16, -1.000000000000000000, 0.000000000000000000 ) ) ;
#2273 = ORIENTED_EDGE ( 'NONE', *, *, #3803, .F. ) ;
#2274 = AXIS2_PLACEMENT_3D ( 'NONE', #2416, #3576, #1756 ) ;
#2275 = EDGE_CURVE ( 'NONE', #2626, #842, #4415, .T. ) ;
#2276 = CARTESIAN_POINT ( 'NONE',  ( -18.80000000000000782, -7.700000000000008171, 13.69999999999999751 ) ) ;
#2277 = PRESENTATION_STYLE_ASSIGNMENT (( #3409 ) ) ;
#2278 = EDGE_LOOP ( 'NONE', ( #4217, #817, #4607, #40 ) ) ;
#2279 = CIRCLE ( 'NONE', #3184, 1.249999999999999334 ) ;
#2280 = AXIS2_PLACEMENT_3D ( 'NONE', #3179, #374, #3557 ) ;
#2281 = DIRECTION ( 'NONE',  ( -5.782411586589358625E-16, -1.000000000000000000, -5.782411586589358625E-16 ) ) ;
#2282 = ORIENTED_EDGE ( 'NONE', *, *, #4173, .F. ) ;
#2283 = CARTESIAN_POINT ( 'NONE',  ( -3.499999999999996003, 25.50000000000000355, 18.50000000000000711 ) ) ;
#2284 = CARTESIAN_POINT ( 'NONE',  ( -20.00000000000000355, -13.70000000000000817, 11.70000000000000462 ) ) ;
#2285 = ORIENTED_EDGE ( 'NONE', *, *, #2903, .F. ) ;
#2286 = AXIS2_PLACEMENT_3D ( 'NONE', #1642, #276, #1967 ) ;
#2287 = CARTESIAN_POINT ( 'NONE',  ( -16.42487113059643633, -18.00000000000000711, 4.000000000000000000 ) ) ;
#2288 = VECTOR ( 'NONE', #1799, 1000.000000000000000 ) ;
#2289 = DIRECTION ( 'NONE',  ( -0.5000000000000002220, 0.8660254037844384856, 0.000000000000000000 ) ) ;
#2290 = PLANE ( 'NONE',  #4472 ) ;
#2291 = CARTESIAN_POINT ( 'NONE',  ( -12.78756443470178894, 16.89999999999999858, 4.000000000000000000 ) ) ;
#2292 = EDGE_LOOP ( 'NONE', ( #4135, #2526, #4594, #4029 ) ) ;
#2293 = EDGE_CURVE ( 'NONE', #2948, #1762, #2898, .T. ) ;
#2294 = VECTOR ( 'NONE', #1031, 1000.000000000000000 ) ;
#2295 = DIRECTION ( 'NONE',  ( -0.000000000000000000, -0.000000000000000000, -1.000000000000000000 ) ) ;
#2296 = FACE_OUTER_BOUND ( 'NONE', #2202, .T. ) ;
#2297 = CARTESIAN_POINT ( 'NONE',  ( 12.15247913859319340, 18.00000000000000355, 0.000000000000000000 ) ) ;
#2298 = ORIENTED_EDGE ( 'NONE', *, *, #3168, .T. ) ;
#2299 = EDGE_CURVE ( 'NONE', #1078, #1159, #1850, .T. ) ;
#2300 = VECTOR ( 'NONE', #760, 1000.000000000000227 ) ;
#2301 = VECTOR ( 'NONE', #446, 1000.000000000000114 ) ;
#2302 = VERTEX_POINT ( 'NONE', #83 ) ;
#2303 = DIRECTION ( 'NONE',  ( 0.000000000000000000, -1.000000000000000000, 0.000000000000000000 ) ) ;
#2304 =( NAMED_UNIT ( * ) SI_UNIT ( $, .STERADIAN. ) SOLID_ANGLE_UNIT ( ) );
#2305 = AXIS2_PLACEMENT_3D ( 'NONE', #1457, #2942, #89 ) ;
#2306 = EDGE_LOOP ( 'NONE', ( #2368, #566, #3832, #1085 ) ) ;
#2307 = VECTOR ( 'NONE', #2672, 1000.000000000000114 ) ;
#2308 = EDGE_CURVE ( 'NONE', #2966, #521, #814, .T. ) ;
#2309 = DIRECTION ( 'NONE',  ( 0.000000000000000000, -1.000000000000000000, 0.000000000000000000 ) ) ;
#2310 = EDGE_LOOP ( 'NONE', ( #92, #3286, #1313, #3487 ) ) ;
#2311 = LINE ( 'NONE', #823, #3866 ) ;
#2312 = CARTESIAN_POINT ( 'NONE',  ( -14.00000000000000178, 18.99999999999999645, 3.000000000000000000 ) ) ;
#2313 = ORIENTED_EDGE ( 'NONE', *, *, #3085, .T. ) ;
#2314 = DIRECTION ( 'NONE',  ( 0.7071067811865435759, -0.7071067811865515695, 0.000000000000000000 ) ) ;
#2315 = LINE ( 'NONE', #163, #925 ) ;
#2316 = DIRECTION ( 'NONE',  ( -0.4999999999999998335, 0.8660254037844387076, 0.000000000000000000 ) ) ;
#2317 = CARTESIAN_POINT ( 'NONE',  ( 12.78756443470179782, -15.89999999999999680, 0.000000000000000000 ) ) ;
#2318 = ORIENTED_EDGE ( 'NONE', *, *, #430, .T. ) ;
#2319 = DIRECTION ( 'NONE',  ( -0.000000000000000000, -0.000000000000000000, -1.000000000000000000 ) ) ;
#2320 = ADVANCED_FACE ( 'NONE', ( #3296 ), #63, .F. ) ;
#2321 = DIRECTION ( 'NONE',  ( 0.7071067811865515695, 0.7071067811865435759, 0.000000000000000000 ) ) ;
#2322 = LINE ( 'NONE', #2697, #107 ) ;
#2323 = ORIENTED_EDGE ( 'NONE', *, *, #2308, .F. ) ;
#2324 = EDGE_CURVE ( 'NONE', #3337, #1990, #3431, .T. ) ;
#2325 = ORIENTED_EDGE ( 'NONE', *, *, #3010, .T. ) ;
#2326 = CARTESIAN_POINT ( 'NONE',  ( -20.00000000000000355, 24.29999999999999361, 20.50000000000000000 ) ) ;
#2327 = VERTEX_POINT ( 'NONE', #4436 ) ;
#2328 = EDGE_CURVE ( 'NONE', #587, #2652, #1213, .T. ) ;
#2329 = FACE_OUTER_BOUND ( 'NONE', #141, .T. ) ;
#2330 = ORIENTED_EDGE ( 'NONE', *, *, #4643, .T. ) ;
#2331 = DIRECTION ( 'NONE',  ( 0.000000000000000000, 0.000000000000000000, -1.000000000000000000 ) ) ;
#2332 = CARTESIAN_POINT ( 'NONE',  ( -12.39999999999998437, -14.90000000000000924, 3.000000000000000000 ) ) ;
#2333 = ORIENTED_EDGE ( 'NONE', *, *, #4195, .F. ) ;
#2334 = EDGE_CURVE ( 'NONE', #1610, #3764, #723, .T. ) ;
#2335 = DIRECTION ( 'NONE',  ( 0.000000000000000000, 0.000000000000000000, -1.000000000000000000 ) ) ;
#2336 = LINE ( 'NONE', #2390, #4098 ) ;
#2337 = DIRECTION ( 'NONE',  ( 1.927470528863118802E-16, -1.000000000000000000, 0.000000000000000000 ) ) ;
#2338 = VERTEX_POINT ( 'NONE', #1584 ) ;
#2339 = DIRECTION ( 'NONE',  ( 0.7071067811865522357, -7.913772473204563728E-17, 0.7071067811865427988 ) ) ;
#2340 = DIRECTION ( 'NONE',  ( 0.000000000000000000, -1.000000000000000000, 0.000000000000000000 ) ) ;
#2341 = DIRECTION ( 'NONE',  ( -1.360567432138672081E-16, 1.000000000000000000, 0.000000000000000000 ) ) ;
#2342 = ORIENTED_EDGE ( 'NONE', *, *, #351, .F. ) ;
#2343 = ORIENTED_EDGE ( 'NONE', *, *, #1225, .T. ) ;
#2344 = DIRECTION ( 'NONE',  ( -2.168404344971008868E-16, -1.000000000000000000, 0.000000000000000000 ) ) ;
#2345 = ORIENTED_EDGE ( 'NONE', *, *, #4228, .T. ) ;
#2346 = DIRECTION ( 'NONE',  ( -0.7071067811865487940, -0.7071067811865463515, -0.000000000000000000 ) ) ;
#2347 = ORIENTED_EDGE ( 'NONE', *, *, #1181, .T. ) ;
#2348 = EDGE_CURVE ( 'NONE', #3392, #736, #2252, .T. ) ;
#2349 = DIRECTION ( 'NONE',  ( -0.000000000000000000, -0.000000000000000000, -1.000000000000000000 ) ) ;
#2350 = ORIENTED_EDGE ( 'NONE', *, *, #1668, .F. ) ;
#2351 = CARTESIAN_POINT ( 'NONE',  ( -15.25000000000009237, -15.24999999999992006, 3.000000000000000000 ) ) ;
#2352 = LINE ( 'NONE', #2008, #3360 ) ;
#2353 = ORIENTED_EDGE ( 'NONE', *, *, #959, .T. ) ;
#2354 = EDGE_CURVE ( 'NONE', #3102, #3748, #2229, .T. ) ;
#2355 = VECTOR ( 'NONE', #1010, 1000.000000000000000 ) ;
#2356 = DIRECTION ( 'NONE',  ( -0.000000000000000000, -0.000000000000000000, 1.000000000000000000 ) ) ;
#2357 = CARTESIAN_POINT ( 'NONE',  ( -9.500000000000000000, -15.50000000000000178, -6.123233995736772199E-17 ) ) ;
#2358 = CARTESIAN_POINT ( 'NONE',  ( 15.59999999999999787, 15.90000000000000391, 8.500000000000000000 ) ) ;
#2359 = VECTOR ( 'NONE', #2724, 1000.000000000000000 ) ;
#2360 = ORIENTED_EDGE ( 'NONE', *, *, #461, .T. ) ;
#2361 = EDGE_CURVE ( 'NONE', #1479, #2255, #3052, .T. ) ;
#2362 = CIRCLE ( 'NONE', #3042, 1.249999999999999334 ) ;
#2363 = FILL_AREA_STYLE_COLOUR ( '', #1023 ) ;
#2364 = DIRECTION ( 'NONE',  ( 2.168404344971009115E-16, -1.000000000000000000, 0.000000000000000000 ) ) ;
#2365 = CARTESIAN_POINT ( 'NONE',  ( 17.60000000000000853, -17.00000000000000355, 21.40000000000000213 ) ) ;
#2366 = ORIENTED_EDGE ( 'NONE', *, *, #461, .F. ) ;
#2367 = VECTOR ( 'NONE', #246, 1000.000000000000000 ) ;
#2368 = ORIENTED_EDGE ( 'NONE', *, *, #2968, .F. ) ;
#2369 = VECTOR ( 'NONE', #1138, 1000.000000000000000 ) ;
#2370 = DIRECTION ( 'NONE',  ( -1.000000000000000000, -0.000000000000000000, -0.000000000000000000 ) ) ;
#2371 = CONICAL_SURFACE ( 'NONE', #4030, 6.299999999999992717, 0.7853981633974453924 ) ;
#2372 = DIRECTION ( 'NONE',  ( 1.360567432138672081E-16, -1.000000000000000000, 0.000000000000000000 ) ) ;
#2373 = LINE ( 'NONE', #3507, #252 ) ;
#2374 =( LENGTH_UNIT ( ) NAMED_UNIT ( * ) SI_UNIT ( .MILLI., .METRE. ) );
#2375 = EDGE_LOOP ( 'NONE', ( #639, #3501, #1856, #456 ) ) ;
#2376 = VECTOR ( 'NONE', #1724, 1000.000000000000000 ) ;
#2377 = VECTOR ( 'NONE', #1743, 1000.000000000000000 ) ;
#2378 = VECTOR ( 'NONE', #637, 1000.000000000000114 ) ;
#2379 = CARTESIAN_POINT ( 'NONE',  ( 10.39999999999999858, 17.90000000000001990, 3.000000000000000000 ) ) ;
#2380 = ORIENTED_EDGE ( 'NONE', *, *, #3113, .T. ) ;
#2381 = VECTOR ( 'NONE', #4236, 999.9999999999998863 ) ;
#2382 = PLANE ( 'NONE',  #476 ) ;
#2383 = EDGE_CURVE ( 'NONE', #4523, #3797, #1519, .T. ) ;
#2384 = PLANE ( 'NONE',  #2606 ) ;
#2385 = ORIENTED_EDGE ( 'NONE', *, *, #3646, .F. ) ;
#2386 = VECTOR ( 'NONE', #3655, 1000.000000000000000 ) ;
#2387 = DIRECTION ( 'NONE',  ( -0.000000000000000000, -1.000000000000000000, -0.000000000000000000 ) ) ;
#2388 = LINE ( 'NONE', #287, #4527 ) ;
#2389 = ADVANCED_FACE ( 'NONE', ( #1195 ), #2371, .T. ) ;
#2390 = CARTESIAN_POINT ( 'NONE',  ( 20.00000000000000355, -18.00000000000000355, 1.200000000000006617 ) ) ;
#2391 = EDGE_LOOP ( 'NONE', ( #3640, #3930, #1853, #2756 ) ) ;
#2392 = CARTESIAN_POINT ( 'NONE',  ( -17.59999999999999787, -11.00000000000000711, 21.40000000000000568 ) ) ;
#2393 = EDGE_CURVE ( 'NONE', #4523, #2327, #4108, .T. ) ;
#2394 = DIRECTION ( 'NONE',  ( 0.000000000000000000, 0.000000000000000000, 1.000000000000000000 ) ) ;
#2395 = CARTESIAN_POINT ( 'NONE',  ( 13.99999999999999822, 18.99999999999999645, 4.000000000000000000 ) ) ;
#2396 = EDGE_LOOP ( 'NONE', ( #3579, #664, #1184, #1674, #1521, #3438, #371, #4119, #519, #1661, #2952, #106 ) ) ;
#2397 = DIRECTION ( 'NONE',  ( 1.000000000000000000, -0.000000000000000000, -0.000000000000000000 ) ) ;
#2398 = EDGE_LOOP ( 'NONE', ( #3319, #2195 ) ) ;
#2399 = CARTESIAN_POINT ( 'NONE',  ( -20.00000000000000355, 24.29999999999999361, 3.000000000000000000 ) ) ;
#2400 = ORIENTED_EDGE ( 'NONE', *, *, #1175, .F. ) ;
#2401 = CARTESIAN_POINT ( 'NONE',  ( 15.84752086140680305, 18.00000000000000355, 0.000000000000000000 ) ) ;
#2402 = ORIENTED_EDGE ( 'NONE', *, *, #1438, .T. ) ;
#2403 = DIRECTION ( 'NONE',  ( 0.000000000000000000, 0.000000000000000000, -1.000000000000000000 ) ) ;
#2404 = SURFACE_STYLE_FILL_AREA ( #1296 ) ;
#2405 = ORIENTED_EDGE ( 'NONE', *, *, #1013, .T. ) ;
#2406 = CARTESIAN_POINT ( 'NONE',  ( -15.21243556529821994, -15.90000000000000036, 4.000000000000000000 ) ) ;
#2407 = DIRECTION ( 'NONE',  ( 0.000000000000000000, 0.000000000000000000, 1.000000000000000000 ) ) ;
#2408 = CARTESIAN_POINT ( 'NONE',  ( -12.49999999999999822, -23.90000000000000213, 26.00000000000000355 ) ) ;
#2409 = VERTEX_POINT ( 'NONE', #4149 ) ;
#2410 = EDGE_CURVE ( 'NONE', #2948, #248, #1331, .T. ) ;
#2411 = LINE ( 'NONE', #3848, #186 ) ;
#2412 = DIRECTION ( 'NONE',  ( -1.040834085586083310E-14, 0.000000000000000000, -1.000000000000000000 ) ) ;
#2413 = ORIENTED_EDGE ( 'NONE', *, *, #1638, .T. ) ;
#2414 = EDGE_CURVE ( 'NONE', #702, #2510, #3758, .T. ) ;
#2415 = CARTESIAN_POINT ( 'NONE',  ( 10.59999999999999076, -15.50000000000000178, 2.599999999999995204 ) ) ;
#2416 = CARTESIAN_POINT ( 'NONE',  ( -18.59999999999999432, -9.000000000000021316, 20.39999999999999858 ) ) ;
#2417 = FACE_OUTER_BOUND ( 'NONE', #2877, .T. ) ;
#2418 = ORIENTED_EDGE ( 'NONE', *, *, #2809, .T. ) ;
#2419 = EDGE_CURVE ( 'NONE', #3633, #66, #1705, .T. ) ;
#2420 = CARTESIAN_POINT ( 'NONE',  ( 18.39999999999999503, 18.00000000000000355, 28.00000000000000000 ) ) ;
#2421 = ORIENTED_EDGE ( 'NONE', *, *, #2082, .F. ) ;
#2422 = LINE ( 'NONE', #2074, #1753 ) ;
#2423 = LINE ( 'NONE', #257, #2460 ) ;
#2424 = DIRECTION ( 'NONE',  ( 1.000000000000000000, 0.000000000000000000, 0.000000000000000000 ) ) ;
#2425 = VERTEX_POINT ( 'NONE', #1261 ) ;
#2426 = DIRECTION ( 'NONE',  ( 1.360567432138672328E-16, -1.000000000000000000, 0.000000000000000000 ) ) ;
#2427 = VERTEX_POINT ( 'NONE', #240 ) ;
#2428 = LINE ( 'NONE', #1368, #2133 ) ;
#2429 = CARTESIAN_POINT ( 'NONE',  ( 29.00660171779821184, 18.00000000000000355, 20.50000000000000000 ) ) ;
#2430 = EDGE_LOOP ( 'NONE', ( #1492, #4050, #212, #2096 ) ) ;
#2431 = VECTOR ( 'NONE', #1358, 1000.000000000000000 ) ;
#2432 = UNCERTAINTY_MEASURE_WITH_UNIT (LENGTH_MEASURE( 1.000000000000000082E-05 ), #4498, 'distance_accuracy_value', 'NONE');
#2433 = CARTESIAN_POINT ( 'NONE',  ( -20.00000000000000000, -7.700000000000009948, 11.70000000000000462 ) ) ;
#2434 = VECTOR ( 'NONE', #1624, 1000.000000000000227 ) ;
#2435 = DIRECTION ( 'NONE',  ( 0.5000000000000009992, 0.8660254037844381525, 0.000000000000000000 ) ) ;
#2436 = CARTESIAN_POINT ( 'NONE',  ( 15.21243556529821994, -15.89999999999999680, 0.000000000000000000 ) ) ;
#2437 = EDGE_CURVE ( 'NONE', #2631, #1297, #4504, .T. ) ;
#2438 = ORIENTED_EDGE ( 'NONE', *, *, #142, .T. ) ;
#2439 = VECTOR ( 'NONE', #68, 1000.000000000000000 ) ;
#2440 = CARTESIAN_POINT ( 'NONE',  ( 12.40000000000001101, -14.90000000000000746, 3.000000000000000000 ) ) ;
#2441 = DIRECTION ( 'NONE',  ( 1.000000000000000000, 0.000000000000000000, 0.000000000000000000 ) ) ;
#2442 = CARTESIAN_POINT ( 'NONE',  ( 0.000000000000000000, 0.000000000000000000, 8.500000000000000000 ) ) ;
#2443 = EDGE_CURVE ( 'NONE', #3919, #152, #955, .T. ) ;
#2444 = VERTEX_POINT ( 'NONE', #2017 ) ;
#2445 = VECTOR ( 'NONE', #3020, 1000.000000000000114 ) ;
#2446 = FACE_OUTER_BOUND ( 'NONE', #3250, .T. ) ;
#2447 = ORIENTED_EDGE ( 'NONE', *, *, #3021, .T. ) ;
#2448 = LINE ( 'NONE', #1318, #1153 ) ;
#2449 = ADVANCED_FACE ( 'NONE', ( #3147 ), #904, .F. ) ;
#2450 = DIRECTION ( 'NONE',  ( 0.000000000000000000, 0.000000000000000000, -1.000000000000000000 ) ) ;
#2451 = VECTOR ( 'NONE', #2575, 1000.000000000000000 ) ;
#2452 = DIRECTION ( 'NONE',  ( 0.000000000000000000, -0.000000000000000000, 1.000000000000000000 ) ) ;
#2453 = VERTEX_POINT ( 'NONE', #3779 ) ;
#2454 = AXIS2_PLACEMENT_3D ( 'NONE', #1978, #2762, #4145 ) ;
#2455 = DIRECTION ( 'NONE',  ( 0.000000000000000000, -0.000000000000000000, 1.000000000000000000 ) ) ;
#2456 = ORIENTED_EDGE ( 'NONE', *, *, #375, .F. ) ;
#2457 = DIRECTION ( 'NONE',  ( -1.000000000000000000, -0.000000000000000000, -0.000000000000000000 ) ) ;
#2458 = DIRECTION ( 'NONE',  ( 1.360567432138672328E-16, -1.000000000000000000, 0.000000000000000000 ) ) ;
#2459 = ORIENTED_EDGE ( 'NONE', *, *, #2263, .F. ) ;
#2460 = VECTOR ( 'NONE', #4566, 1000.000000000000000 ) ;
#2461 = VECTOR ( 'NONE', #279, 1000.000000000000000 ) ;
#2462 = DIRECTION ( 'NONE',  ( 1.119176436114069085E-16, -1.000000000000000000, 0.000000000000000000 ) ) ;
#2463 = DIRECTION ( 'NONE',  ( -0.5000000000000008882, -0.8660254037844380415, 0.000000000000000000 ) ) ;
#2464 = DIRECTION ( 'NONE',  ( -0.4999999999999998335, 0.8660254037844387076, 0.000000000000000000 ) ) ;
#2465 = ORIENTED_EDGE ( 'NONE', *, *, #3682, .F. ) ;
#2466 = EDGE_CURVE ( 'NONE', #1816, #981, #1606, .T. ) ;
#2467 = FACE_OUTER_BOUND ( 'NONE', #326, .T. ) ;
#2468 = DIRECTION ( 'NONE',  ( 0.000000000000000000, 0.000000000000000000, -1.000000000000000000 ) ) ;
#2469 = CARTESIAN_POINT ( 'NONE',  ( -19.99999999999999645, -18.00000000000000355, 1.200000000000006617 ) ) ;
#2470 = ORIENTED_EDGE ( 'NONE', *, *, #1668, .T. ) ;
#2471 = EDGE_CURVE ( 'NONE', #1212, #117, #2748, .T. ) ;
#2472 = APPLICATION_CONTEXT ( 'automotive_design' ) ;
#2473 = DIRECTION ( 'NONE',  ( -0.7071067811865472397, 0.000000000000000000, -0.7071067811865479058 ) ) ;
#2474 = ORIENTED_EDGE ( 'NONE', *, *, #1719, .F. ) ;
#2475 = DIRECTION ( 'NONE',  ( -0.000000000000000000, -0.000000000000000000, -1.000000000000000000 ) ) ;
#2476 = FACE_OUTER_BOUND ( 'NONE', #1202, .T. ) ;
#2477 = ORIENTED_EDGE ( 'NONE', *, *, #1357, .T. ) ;
#2478 = EDGE_LOOP ( 'NONE', ( #4404, #3379, #4311, #3670 ) ) ;
#2479 =( BOUNDED_CURVE ( )  B_SPLINE_CURVE ( 3, ( #2297, #508, #3297, #3713 ),
 .UNSPECIFIED., .F., .T. ) 
 B_SPLINE_CURVE_WITH_KNOTS ( ( 4, 4 ),
 ( 4.712388980384689674, 4.846120569794630129 ),
 .UNSPECIFIED. ) 
 CURVE ( )  GEOMETRIC_REPRESENTATION_ITEM ( )  RATIONAL_B_SPLINE_CURVE ( ( 1.000000000000000000, 0.9985102103653389349, 0.9985102103653389349, 1.000000000000000000 ) ) 
 REPRESENTATION_ITEM ( '' )  );
#2480 = EDGE_CURVE ( 'NONE', #1644, #2427, #1282, .T. ) ;
#2481 = CARTESIAN_POINT ( 'NONE',  ( -12.15247913859319873, 18.00000000000000355, 0.000000000000000000 ) ) ;
#2482 = DIRECTION ( 'NONE',  ( -1.734723475976807094E-15, 0.000000000000000000, -1.000000000000000000 ) ) ;
#2483 = CARTESIAN_POINT ( 'NONE',  ( 12.50000000000000355, -24.29999999999999005, 28.00000000000000000 ) ) ;
#2484 = ORIENTED_EDGE ( 'NONE', *, *, #946, .T. ) ;
#2485 = EDGE_CURVE ( 'NONE', #931, #781, #200, .T. ) ;
#2486 = PLANE ( 'NONE',  #3212 ) ;
#2487 = FACE_OUTER_BOUND ( 'NONE', #1632, .T. ) ;
#2488 = CARTESIAN_POINT ( 'NONE',  ( -19.99999999999999645, -25.50000000000000355, 1.200000000000006617 ) ) ;
#2489 = ORIENTED_EDGE ( 'NONE', *, *, #813, .T. ) ;
#2490 = FACE_BOUND ( 'NONE', #867, .T. ) ;
#2491 = CARTESIAN_POINT ( 'NONE',  ( -12.49999999999999645, -24.29999999999999005, 28.00000000000000000 ) ) ;
#2492 = FACE_OUTER_BOUND ( 'NONE', #460, .T. ) ;
#2493 = ORIENTED_EDGE ( 'NONE', *, *, #3767, .F. ) ;
#2494 = DIRECTION ( 'NONE',  ( 0.000000000000000000, 0.7071067811865474617, -0.7071067811865474617 ) ) ;
#2495 = ORIENTED_EDGE ( 'NONE', *, *, #662, .F. ) ;
#2496 = CARTESIAN_POINT ( 'NONE',  ( 18.79999999999998650, -18.00000000000000355, 28.00000000000000000 ) ) ;
#2497 = DIRECTION ( 'NONE',  ( -4.336808689942016257E-16, 1.000000000000000000, 0.000000000000000000 ) ) ;
#2498 = ORIENTED_EDGE ( 'NONE', *, *, #166, .F. ) ;
#2499 = EDGE_CURVE ( 'NONE', #2652, #3900, #2973, .T. ) ;
#2500 = CARTESIAN_POINT ( 'NONE',  ( -12.39999999999998437, -14.90000000000000924, 3.000000000000000000 ) ) ;
#2501 = DIRECTION ( 'NONE',  ( -0.000000000000000000, -0.000000000000000000, 1.000000000000000000 ) ) ;
#2502 = FACE_OUTER_BOUND ( 'NONE', #3384, .T. ) ;
#2503 = ADVANCED_FACE ( 'NONE', ( #3829 ), #1986, .F. ) ;
#2504 = ORIENTED_EDGE ( 'NONE', *, *, #4634, .T. ) ;
#2505 = DIRECTION ( 'NONE',  ( 0.000000000000000000, -1.000000000000000000, 0.000000000000000000 ) ) ;
#2506 = CARTESIAN_POINT ( 'NONE',  ( 10.40000000000000036, 23.90000000000000568, 8.500000000000000000 ) ) ;
#2507 = CARTESIAN_POINT ( 'NONE',  ( -12.75000000000000178, 18.99999999999999645, 8.500000000000000000 ) ) ;
#2508 = AXIS2_PLACEMENT_3D ( 'NONE', #1537, #4431, #4075 ) ;
#2509 = ADVANCED_FACE ( 'NONE', ( #649 ), #3880, .F. ) ;
#2510 = VERTEX_POINT ( 'NONE', #3261 ) ;
#2511 = CIRCLE ( 'NONE', #1079, 1.999999999999994893 ) ;
#2512 = CARTESIAN_POINT ( 'NONE',  ( 18.34974252256244043, 25.35563376157089976, 21.98454822283278887 ) ) ;
#2513 = PLANE ( 'NONE',  #1985 ) ;
#2514 = ORIENTED_EDGE ( 'NONE', *, *, #4317, .T. ) ;
#2515 = VECTOR ( 'NONE', #2853, 1000.000000000000000 ) ;
#2516 = VECTOR ( 'NONE', #3946, 1000.000000000000000 ) ;
#2517 = DIRECTION ( 'NONE',  ( -5.782411586589358625E-16, 1.000000000000000000, 0.000000000000000000 ) ) ;
#2518 = VERTEX_POINT ( 'NONE', #3968 ) ;
#2519 = DIRECTION ( 'NONE',  ( -0.000000000000000000, -0.000000000000000000, 1.000000000000000000 ) ) ;
#2520 = DIRECTION ( 'NONE',  ( 1.000000000000000000, 0.000000000000000000, -0.000000000000000000 ) ) ;
#2521 = VERTEX_POINT ( 'NONE', #1817 ) ;
#2522 = VECTOR ( 'NONE', #3756, 1000.000000000000000 ) ;
#2523 = ADVANCED_FACE ( 'NONE', ( #4649 ), #2862, .F. ) ;
#2524 = CIRCLE ( 'NONE', #490, 1.249999999999999334 ) ;
#2525 = LINE ( 'NONE', #4214, #1623 ) ;
#2526 = ORIENTED_EDGE ( 'NONE', *, *, #2471, .F. ) ;
#2527 = AXIS2_PLACEMENT_3D ( 'NONE', #3095, #3807, #927 ) ;
#2528 = LINE ( 'NONE', #1490, #1382 ) ;
#2529 = DIRECTION ( 'NONE',  ( -1.000000000000000000, 0.000000000000000000, 0.000000000000000000 ) ) ;
#2530 = ORIENTED_EDGE ( 'NONE', *, *, #1036, .F. ) ;
#2531 = AXIS2_PLACEMENT_3D ( 'NONE', #4055, #432, #2599 ) ;
#2532 = EDGE_CURVE ( 'NONE', #2957, #510, #4621, .T. ) ;
#2533 = DIRECTION ( 'NONE',  ( -0.000000000000000000, -0.000000000000000000, 1.000000000000000000 ) ) ;
#2534 = CARTESIAN_POINT ( 'NONE',  ( -9.500000000000000000, 0.000000000000000000, 0.000000000000000000 ) ) ;
#2535 = CIRCLE ( 'NONE', #1627, 7.500000000000000000 ) ;
#2536 = VECTOR ( 'NONE', #3034, 1000.000000000000000 ) ;
#2537 = DIRECTION ( 'NONE',  ( -1.000000000000000000, 0.000000000000000000, 0.000000000000000000 ) ) ;
#2538 = ORIENTED_EDGE ( 'NONE', *, *, #2670, .F. ) ;
#2539 = ADVANCED_FACE ( 'NONE', ( #383 ), #2486, .F. ) ;
#2540 = CARTESIAN_POINT ( 'NONE',  ( -10.59999999999999076, -15.50000000000000178, 2.599999999999992539 ) ) ;
#2541 = LINE ( 'NONE', #4226, #4017 ) ;
#2542 = ORIENTED_EDGE ( 'NONE', *, *, #4365, .F. ) ;
#2543 = CARTESIAN_POINT ( 'NONE',  ( -12.78756443470178894, 16.89999999999999858, 0.000000000000000000 ) ) ;
#2544 = ORIENTED_EDGE ( 'NONE', *, *, #198, .F. ) ;
#2545 = CARTESIAN_POINT ( 'NONE',  ( -15.25000000000000178, 18.99999999999999645, 3.000000000000000000 ) ) ;
#2546 = CARTESIAN_POINT ( 'NONE',  ( 13.99999999999999822, 19.00000000000000000, 8.500000000000000000 ) ) ;
#2547 = EDGE_LOOP ( 'NONE', ( #1784, #898, #2581, #1115, #1199, #1317 ) ) ;
#2548 = CARTESIAN_POINT ( 'NONE',  ( 12.50000000000000178, -18.00000000000000355, 28.00000000000000000 ) ) ;
#2549 = EDGE_LOOP ( 'NONE', ( #1615, #4140, #2897, #2268 ) ) ;
#2550 = CARTESIAN_POINT ( 'NONE',  ( 12.75000000000000888, -18.00000000000000355, 3.000000000000000000 ) ) ;
#2551 = EDGE_LOOP ( 'NONE', ( #2484, #3908, #1758, #1390 ) ) ;
#2552 = EDGE_CURVE ( 'NONE', #2302, #803, #2089, .T. ) ;
#2553 = DIRECTION ( 'NONE',  ( -0.000000000000000000, -0.000000000000000000, 1.000000000000000000 ) ) ;
#2554 = CARTESIAN_POINT ( 'NONE',  ( 12.50000000000000355, -25.50000000000000355, 3.000000000000000000 ) ) ;
#2555 = LINE ( 'NONE', #787, #936 ) ;
#2556 = ORIENTED_EDGE ( 'NONE', *, *, #3611, .T. ) ;
#2557 = EDGE_CURVE ( 'NONE', #1773, #1291, #995, .T. ) ;
#2558 = PLANE ( 'NONE',  #1394 ) ;
#2559 = DIRECTION ( 'NONE',  ( -0.000000000000000000, -0.000000000000000000, -1.000000000000000000 ) ) ;
#2560 = EDGE_LOOP ( 'NONE', ( #1940, #1240, #1869, #1526 ) ) ;
#2561 = ADVANCED_FACE ( 'NONE', ( #3901 ), #2810, .F. ) ;
#2562 = FACE_BOUND ( 'NONE', #3084, .T. ) ;
#2563 = VERTEX_POINT ( 'NONE', #3241 ) ;
#2564 = LINE ( 'NONE', #2632, #784 ) ;
#2565 = DIRECTION ( 'NONE',  ( -0.7071067811865459074, -7.913772473204492237E-17, -0.7071067811865491270 ) ) ;
#2566 = ORIENTED_EDGE ( 'NONE', *, *, #3824, .F. ) ;
#2567 = EDGE_CURVE ( 'NONE', #509, #1823, #3921, .T. ) ;
#2568 = DIRECTION ( 'NONE',  ( 0.000000000000000000, 0.000000000000000000, -1.000000000000000000 ) ) ;
#2569 = ORIENTED_EDGE ( 'NONE', *, *, #366, .F. ) ;
#2570 = LINE ( 'NONE', #2217, #1982 ) ;
#2571 = PRESENTATION_STYLE_ASSIGNMENT (( #469 ) ) ;
#2572 = ORIENTED_EDGE ( 'NONE', *, *, #2109, .F. ) ;
#2573 = CARTESIAN_POINT ( 'NONE',  ( 19.10000000000000497, 10.99999999999999645, 20.89999999999999503 ) ) ;
#2574 = DIRECTION ( 'NONE',  ( 1.000000000000000000, 0.000000000000000000, -0.000000000000000000 ) ) ;
#2575 = DIRECTION ( 'NONE',  ( 0.000000000000000000, -0.000000000000000000, 1.000000000000000000 ) ) ;
#2576 = ORIENTED_EDGE ( 'NONE', *, *, #3225, .F. ) ;
#2577 = CARTESIAN_POINT ( 'NONE',  ( 14.00000000000000888, -18.00000000000000355, 4.000000000000000000 ) ) ;
#2578 = AXIS2_PLACEMENT_3D ( 'NONE', #4501, #991, #3843 ) ;
#2579 = EDGE_CURVE ( 'NONE', #152, #3424, #869, .T. ) ;
#2580 = LINE ( 'NONE', #4391, #1232 ) ;
#2581 = ORIENTED_EDGE ( 'NONE', *, *, #4643, .F. ) ;
#2582 = AXIS2_PLACEMENT_3D ( 'NONE', #281, #1341, #1667 ) ;
#2583 = EDGE_CURVE ( 'NONE', #736, #298, #1092, .T. ) ;
#2584 = VERTEX_POINT ( 'NONE', #3167 ) ;
#2585 = VECTOR ( 'NONE', #65, 1000.000000000000000 ) ;
#2586 = CARTESIAN_POINT ( 'NONE',  ( -17.05136310796811472, 25.49944323637935994, 20.60449531257849998 ) ) ;
#2587 = DIRECTION ( 'NONE',  ( 0.000000000000000000, -0.000000000000000000, 1.000000000000000000 ) ) ;
#2588 = ORIENTED_EDGE ( 'NONE', *, *, #1499, .T. ) ;
#2589 = AXIS2_PLACEMENT_3D ( 'NONE', #1803, #3883, #3974 ) ;
#2590 = EDGE_CURVE ( 'NONE', #4447, #509, #1775, .T. ) ;
#2591 = FACE_OUTER_BOUND ( 'NONE', #2547, .T. ) ;
#2592 = ORIENTED_EDGE ( 'NONE', *, *, #1941, .T. ) ;
#2593 = PLANE ( 'NONE',  #1455 ) ;
#2594 = DIRECTION ( 'NONE',  ( -1.000000000000000000, 0.000000000000000000, 0.000000000000000000 ) ) ;
#2595 = AXIS2_PLACEMENT_3D ( 'NONE', #339, #4221, #1779 ) ;
#2596 = ORIENTED_EDGE ( 'NONE', *, *, #1555, .F. ) ;
#2597 = AXIS2_PLACEMENT_3D ( 'NONE', #1980, #3396, #2055 ) ;
#2598 = VECTOR ( 'NONE', #766, 1000.000000000000000 ) ;
#2599 = DIRECTION ( 'NONE',  ( 1.000000000000000000, 4.336808689942013299E-16, 0.000000000000000000 ) ) ;
#2600 = CARTESIAN_POINT ( 'NONE',  ( 18.60000000000001208, -11.00000000000000711, 21.40000000000000568 ) ) ;
#2601 = DIRECTION ( 'NONE',  ( -1.360567432138672328E-16, 1.000000000000000000, 0.000000000000000000 ) ) ;
#2602 = LINE ( 'NONE', #3638, #1238 ) ;
#2603 = ORIENTED_EDGE ( 'NONE', *, *, #2881, .F. ) ;
#2604 = VECTOR ( 'NONE', #617, 1000.000000000000000 ) ;
#2605 = VECTOR ( 'NONE', #3568, 1000.000000000000000 ) ;
#2606 = AXIS2_PLACEMENT_3D ( 'NONE', #897, #3416, #1319 ) ;
#2607 = DIRECTION ( 'NONE',  ( 0.000000000000000000, 0.000000000000000000, 1.000000000000000000 ) ) ;
#2608 = VECTOR ( 'NONE', #378, 1000.000000000000000 ) ;
#2609 = DIRECTION ( 'NONE',  ( -0.000000000000000000, -0.000000000000000000, -1.000000000000000000 ) ) ;
#2610 = ORIENTED_EDGE ( 'NONE', *, *, #2109, .T. ) ;
#2611 = CIRCLE ( 'NONE', #3220, 5.900000000000000355 ) ;
#2612 = EDGE_CURVE ( 'NONE', #2844, #4303, #674, .T. ) ;
#2613 = CARTESIAN_POINT ( 'NONE',  ( -16.92404927113286206, 25.49976077745740710, 20.56534145716833706 ) ) ;
#2614 = DIRECTION ( 'NONE',  ( 0.5000000000000002220, -0.8660254037844384856, 0.000000000000000000 ) ) ;
#2615 = ORIENTED_EDGE ( 'NONE', *, *, #3525, .T. ) ;
#2616 = ADVANCED_FACE ( 'NONE', ( #2840, #1048 ), #694, .T. ) ;
#2617 = DIRECTION ( 'NONE',  ( 0.000000000000000000, 0.000000000000000000, 1.000000000000000000 ) ) ;
#2618 = EDGE_LOOP ( 'NONE', ( #3648, #2238, #3470, #2208, #228, #2514, #4659, #2470 ) ) ;
#2619 = CARTESIAN_POINT ( 'NONE',  ( 18.39999999999999503, 23.50000000000000000, 22.50000000000000000 ) ) ;
#2620 = FACE_OUTER_BOUND ( 'NONE', #4069, .T. ) ;
#2621 = VERTEX_POINT ( 'NONE', #1776 ) ;
#2622 = EDGE_CURVE ( 'NONE', #4084, #2807, #3222, .T. ) ;
#2623 = LINE ( 'NONE', #124, #494 ) ;
#2624 = FACE_OUTER_BOUND ( 'NONE', #1155, .T. ) ;
#2625 = CARTESIAN_POINT ( 'NONE',  ( -19.99999999999999645, -18.00000000000000355, 3.000000000000000000 ) ) ;
#2626 = VERTEX_POINT ( 'NONE', #2287 ) ;
#2627 = EDGE_CURVE ( 'NONE', #2872, #4458, #77, .T. ) ;
#2628 =( BOUNDED_CURVE ( )  B_SPLINE_CURVE ( 3, ( #2266, #3330, #1885, #2200 ),
 .UNSPECIFIED., .F., .T. ) 
 B_SPLINE_CURVE_WITH_KNOTS ( ( 4, 4 ),
 ( 1.144684621492851218, 1.437064737384956326 ),
 .UNSPECIFIED. ) 
 CURVE ( )  GEOMETRIC_REPRESENTATION_ITEM ( )  RATIONAL_B_SPLINE_CURVE ( ( 1.000000000000000000, 0.9928888339073689284, 0.9928888339073689284, 1.000000000000000000 ) ) 
 REPRESENTATION_ITEM ( '' )  );
#2629 = CARTESIAN_POINT ( 'NONE',  ( -16.40000000000000213, -3.161051667335515062E-15, 22.50000000000000000 ) ) ;
#2630 = LINE ( 'NONE', #4062, #1833 ) ;
#2631 = VERTEX_POINT ( 'NONE', #1136 ) ;
#2632 = CARTESIAN_POINT ( 'NONE',  ( -16.42487113059643633, -18.00000000000000711, 0.000000000000000000 ) ) ;
#2633 = FACE_OUTER_BOUND ( 'NONE', #4248, .T. ) ;
#2634 = ORIENTED_EDGE ( 'NONE', *, *, #3972, .T. ) ;
#2635 = CARTESIAN_POINT ( 'NONE',  ( 18.39999999999999503, 18.00000000000000355, 26.00000000000000355 ) ) ;
#2636 = ORIENTED_EDGE ( 'NONE', *, *, #2250, .F. ) ;
#2637 = PLANE ( 'NONE',  #1977 ) ;
#2638 = EDGE_CURVE ( 'NONE', #3956, #2302, #3353, .T. ) ;
#2639 = CARTESIAN_POINT ( 'NONE',  ( -16.42487113059642923, 18.99999999999999645, 4.000000000000000000 ) ) ;
#2640 = ORIENTED_EDGE ( 'NONE', *, *, #4365, .T. ) ;
#2641 = PLANE ( 'NONE',  #2156 ) ;
#2642 = CARTESIAN_POINT ( 'NONE',  ( 12.40000000000000568, 15.90000000000000391, 3.000000000000000000 ) ) ;
#2643 = ADVANCED_FACE ( 'NONE', ( #452 ), #406, .F. ) ;
#2644 = CARTESIAN_POINT ( 'NONE',  ( 10.59999999999999076, -15.50000000000000178, 2.599999999999995204 ) ) ;
#2645 = DIRECTION ( 'NONE',  ( -1.000000000000000000, -0.000000000000000000, -0.000000000000000000 ) ) ;
#2646 = ORIENTED_EDGE ( 'NONE', *, *, #2036, .F. ) ;
#2647 = DIRECTION ( 'NONE',  ( -1.000000000000000000, 0.000000000000000000, 0.000000000000000000 ) ) ;
#2648 = EDGE_CURVE ( 'NONE', #3746, #2254, #1207, .T. ) ;
#2649 = CARTESIAN_POINT ( 'NONE',  ( -12.78756443470179782, -15.90000000000000036, 4.000000000000000000 ) ) ;
#2650 = DIRECTION ( 'NONE',  ( 0.000000000000000000, 0.000000000000000000, -1.000000000000000000 ) ) ;
#2651 = ORIENTED_EDGE ( 'NONE', *, *, #2011, .T. ) ;
#2652 = VERTEX_POINT ( 'NONE', #3664 ) ;
#2653 = CARTESIAN_POINT ( 'NONE',  ( -18.38778780914863020, 25.29536822945119923, 22.24477001988526936 ) ) ;
#2654 = ORIENTED_EDGE ( 'NONE', *, *, #1528, .T. ) ;
#2655 = AXIS2_PLACEMENT_3D ( 'NONE', #3749, #4444, #3373 ) ;
#2656 = LINE ( 'NONE', #4118, #1553 ) ;
#2657 = VERTEX_POINT ( 'NONE', #2199 ) ;
#2658 = FACE_OUTER_BOUND ( 'NONE', #95, .T. ) ;
#2659 = DIRECTION ( 'NONE',  ( 0.000000000000000000, 0.000000000000000000, 1.000000000000000000 ) ) ;
#2660 = ORIENTED_EDGE ( 'NONE', *, *, #2437, .F. ) ;
#2661 = VECTOR ( 'NONE', #3673, 1000.000000000000000 ) ;
#2662 = EDGE_CURVE ( 'NONE', #3337, #4662, #1190, .T. ) ;
#2663 = PLANE ( 'NONE',  #949 ) ;
#2664 = AXIS2_PLACEMENT_3D ( 'NONE', #3529, #2537, #721 ) ;
#2665 = DIRECTION ( 'NONE',  ( 0.000000000000000000, 0.7071067811865495711, 0.7071067811865454633 ) ) ;
#2666 = PLANE ( 'NONE',  #4174 ) ;
#2667 = DIRECTION ( 'NONE',  ( 1.000000000000000000, -1.387778780781445922E-16, 0.000000000000000000 ) ) ;
#2668 = VERTEX_POINT ( 'NONE', #30 ) ;
#2669 = VECTOR ( 'NONE', #2344, 1000.000000000000000 ) ;
#2670 = EDGE_CURVE ( 'NONE', #1381, #1458, #808, .T. ) ;
#2671 = DIRECTION ( 'NONE',  ( 1.000000000000000000, 0.000000000000000000, 0.000000000000000000 ) ) ;
#2672 = DIRECTION ( 'NONE',  ( 0.5000000000000002220, -0.8660254037844384856, 0.000000000000000000 ) ) ;
#2673 = VECTOR ( 'NONE', #2060, 1000.000000000000000 ) ;
#2674 = DIRECTION ( 'NONE',  ( 0.7071067811865515695, 0.7071067811865435759, 0.000000000000000000 ) ) ;
#2675 = ORIENTED_EDGE ( 'NONE', *, *, #2765, .T. ) ;
#2676 = EDGE_CURVE ( 'NONE', #210, #4152, #2974, .T. ) ;
#2677 = AXIS2_PLACEMENT_3D ( 'NONE', #4268, #1046, #714 ) ;
#2678 = VECTOR ( 'NONE', #2, 1000.000000000000000 ) ;
#2679 = EDGE_LOOP ( 'NONE', ( #608, #2005, #2025, #427 ) ) ;
#2680 = ORIENTED_EDGE ( 'NONE', *, *, #3225, .T. ) ;
#2681 = LINE ( 'NONE', #3787, #4617 ) ;
#2682 = AXIS2_PLACEMENT_3D ( 'NONE', #4022, #4046, #2962 ) ;
#2683 = ORIENTED_EDGE ( 'NONE', *, *, #2130, .T. ) ;
#2684 = AXIS2_PLACEMENT_3D ( 'NONE', #1961, #3400, #2893 ) ;
#2685 = EDGE_CURVE ( 'NONE', #2668, #4604, #2623, .T. ) ;
#2686 = DIRECTION ( 'NONE',  ( 5.782411586589358625E-16, -1.000000000000000000, -5.782411586589358625E-16 ) ) ;
#2687 = EDGE_LOOP ( 'NONE', ( #6, #3769, #1187, #641, #2654, #1345 ) ) ;
#2688 = LINE ( 'NONE', #448, #2135 ) ;
#2689 =( NAMED_UNIT ( * ) PLANE_ANGLE_UNIT ( ) SI_UNIT ( $, .RADIAN. ) );
#2690 = ORIENTED_EDGE ( 'NONE', *, *, #3399, .F. ) ;
#2691 = PLANE ( 'NONE',  #2808 ) ;
#2692 = LINE ( 'NONE', #4522, #4549 ) ;
#2693 = DIRECTION ( 'NONE',  ( 1.000000000000000000, 0.000000000000000000, 0.000000000000000000 ) ) ;
#2694 = ORIENTED_EDGE ( 'NONE', *, *, #824, .T. ) ;
#2695 = CARTESIAN_POINT ( 'NONE',  ( -17.60000000000000497, 23.90000000000000213, 20.89999999999973213 ) ) ;
#2696 = DIRECTION ( 'NONE',  ( -1.000000000000000000, -1.927470528863118802E-16, -0.000000000000000000 ) ) ;
#2697 = CARTESIAN_POINT ( 'NONE',  ( -19.99999999999999645, -18.00000000000000355, 26.79999999999999361 ) ) ;
#2698 = ADVANCED_FACE ( 'NONE', ( #1841 ), #2641, .F. ) ;
#2699 = ORIENTED_EDGE ( 'NONE', *, *, #2097, .F. ) ;
#2700 = VERTEX_POINT ( 'NONE', #3987 ) ;
#2701 = CARTESIAN_POINT ( 'NONE',  ( -17.60000000000000853, 23.48543526076099042, 20.90000000000000213 ) ) ;
#2702 = VERTEX_POINT ( 'NONE', #1904 ) ;
#2703 = DIRECTION ( 'NONE',  ( 0.000000000000000000, 0.000000000000000000, -1.000000000000000000 ) ) ;
#2704 = ADVANCED_FACE ( 'NONE', ( #3289 ), #2264, .F. ) ;
#2705 = SHAPE_DEFINITION_REPRESENTATION ( #135, #3140 ) ;
#2706 = ORIENTED_EDGE ( 'NONE', *, *, #824, .F. ) ;
#2707 = LINE ( 'NONE', #1316, #3362 ) ;
#2708 = EDGE_LOOP ( 'NONE', ( #1340, #444 ) ) ;
#2709 = CARTESIAN_POINT ( 'NONE',  ( 15.21243556529822172, -20.10000000000000142, 4.000000000000000000 ) ) ;
#2710 = ADVANCED_FACE ( 'NONE', ( #96 ), #4340, .F. ) ;
#2711 = LINE ( 'NONE', #2332, #3287 ) ;
#2712 = EDGE_LOOP ( 'NONE', ( #4399, #2251, #1790, #3757, #294 ) ) ;
#2713 = CARTESIAN_POINT ( 'NONE',  ( -20.00000000000000000, 11.77848717028428993, 16.59999561272583435 ) ) ;
#2714 = DIRECTION ( 'NONE',  ( -0.000000000000000000, -0.000000000000000000, 1.000000000000000000 ) ) ;
#2715 = CARTESIAN_POINT ( 'NONE',  ( -0.000000000000000000, -24.29999999999999005, 0.000000000000000000 ) ) ;
#2716 = ORIENTED_EDGE ( 'NONE', *, *, #776, .F. ) ;
#2717 = FILL_AREA_STYLE ('',( #2363 ) ) ;
#2718 = FACE_OUTER_BOUND ( 'NONE', #310, .T. ) ;
#2719 = CARTESIAN_POINT ( 'NONE',  ( -20.00000000000000000, -7.700000000000007283, 8.500000000000021316 ) ) ;
#2720 = ORIENTED_EDGE ( 'NONE', *, *, #4435, .F. ) ;
#2721 = ADVANCED_FACE ( 'NONE', ( #4036 ), #827, .T. ) ;
#2722 = CARTESIAN_POINT ( 'NONE',  ( -15.59999999999998010, 15.90000000000000036, 8.500000000000000000 ) ) ;
#2723 = ORIENTED_EDGE ( 'NONE', *, *, #1405, .F. ) ;
#2724 = DIRECTION ( 'NONE',  ( 1.000000000000000000, -0.000000000000000000, -0.000000000000000000 ) ) ;
#2725 = EDGE_LOOP ( 'NONE', ( #2117, #2489, #47, #2438, #989, #4624, #4555, #3940, #4285, #602, #3063, #1659, #577, #4496, #2400, #1440, #3123, #1971, #322, #2694, #2596, #1968 ) ) ;
#2726 = EDGE_CURVE ( 'NONE', #1338, #1479, #1514, .T. ) ;
#2727 = CARTESIAN_POINT ( 'NONE',  ( -12.39999999999998437, -14.90000000000000924, 8.500000000000000000 ) ) ;
#2728 = EDGE_LOOP ( 'NONE', ( #3978, #2761, #2592, #3272, #1557, #2046, #2995, #2914, #176, #1612, #3700, #379 ) ) ;
#2729 = CIRCLE ( 'NONE', #4306, 7.500000000000000000 ) ;
#2730 = DIRECTION ( 'NONE',  ( 0.5000000000000002220, -0.8660254037844384856, 0.000000000000000000 ) ) ;
#2731 = PRESENTATION_STYLE_ASSIGNMENT (( #2759 ) ) ;
#2732 = ORIENTED_EDGE ( 'NONE', *, *, #2041, .T. ) ;
#2733 = VECTOR ( 'NONE', #1901, 1000.000000000000000 ) ;
#2734 = ADVANCED_FACE ( 'NONE', ( #472 ), #3636, .F. ) ;
#2735 = DIRECTION ( 'NONE',  ( -1.000000000000000000, -0.000000000000000000, -0.000000000000000000 ) ) ;
#2736 = CARTESIAN_POINT ( 'NONE',  ( 17.60000000000000497, 16.99999999999999289, 21.40000000000000568 ) ) ;
#2737 = DIRECTION ( 'NONE',  ( -1.000000000000000000, 0.000000000000000000, 0.000000000000000000 ) ) ;
#2738 = VECTOR ( 'NONE', #3103, 1000.000000000000000 ) ;
#2739 = ORIENTED_EDGE ( 'NONE', *, *, #1348, .F. ) ;
#2740 = AXIS2_PLACEMENT_3D ( 'NONE', #2769, #2019, #1939 ) ;
#2741 =( LENGTH_UNIT ( ) NAMED_UNIT ( * ) SI_UNIT ( .MILLI., .METRE. ) );
#2742 = LINE ( 'NONE', #2038, #41 ) ;
#2743 = PLANE ( 'NONE',  #4243 ) ;
#2744 = VERTEX_POINT ( 'NONE', #2222 ) ;
#2745 = AXIS2_PLACEMENT_3D ( 'NONE', #3160, #638, #3731 ) ;
#2746 = VECTOR ( 'NONE', #3902, 1000.000000000000114 ) ;
#2747 = DIRECTION ( 'NONE',  ( -0.000000000000000000, -0.000000000000000000, 1.000000000000000000 ) ) ;
#2748 = CIRCLE ( 'NONE', #2527, 6.299999999999986500 ) ;
#2749 = ORIENTED_EDGE ( 'NONE', *, *, #3367, .F. ) ;
#2750 = DIRECTION ( 'NONE',  ( 4.336808689942015764E-16, -1.000000000000000000, -0.000000000000000000 ) ) ;
#2751 = ORIENTED_EDGE ( 'NONE', *, *, #1377, .F. ) ;
#2752 = AXIS2_PLACEMENT_3D ( 'NONE', #4005, #1204, #2927 ) ;
#2753 = AXIS2_PLACEMENT_3D ( 'NONE', #2713, #2735, #4448 ) ;
#2754 = AXIS2_PLACEMENT_3D ( 'NONE', #4065, #2192, #3274 ) ;
#2755 = CARTESIAN_POINT ( 'NONE',  ( -15.59999999999998010, 15.90000000000000036, 3.000000000000000000 ) ) ;
#2756 = ORIENTED_EDGE ( 'NONE', *, *, #2841, .F. ) ;
#2757 = CONICAL_SURFACE ( 'NONE', #3590, 6.299999999999992717, 0.7853981633974453924 ) ;
#2758 = CARTESIAN_POINT ( 'NONE',  ( 12.50000000000000355, -24.29999999999999005, 28.00000000000000000 ) ) ;
#2759 = SURFACE_STYLE_USAGE ( .BOTH. , #3751 ) ;
#2760 = EDGE_CURVE ( 'NONE', #3009, #604, #2246, .T. ) ;
#2761 = ORIENTED_EDGE ( 'NONE', *, *, #2485, .T. ) ;
#2762 = DIRECTION ( 'NONE',  ( 0.000000000000000000, 0.000000000000000000, 1.000000000000000000 ) ) ;
#2763 = PLANE ( 'NONE',  #1375 ) ;
#2764 = CARTESIAN_POINT ( 'NONE',  ( -12.78756443470179782, -15.90000000000000036, 4.000000000000000000 ) ) ;
#2765 = EDGE_CURVE ( 'NONE', #1773, #2626, #162, .T. ) ;
#2766 = ORIENTED_EDGE ( 'NONE', *, *, #1459, .T. ) ;
#2767 = CARTESIAN_POINT ( 'NONE',  ( 18.79999999999998295, 18.00000000000000355, 28.00000000000000000 ) ) ;
#2768 = CARTESIAN_POINT ( 'NONE',  ( 16.42487113059642567, 18.99999999999999645, 0.06696562634074618159 ) ) ;
#2769 = CARTESIAN_POINT ( 'NONE',  ( -20.00000000000000355, 18.00000000000000355, 7.500000000000000000 ) ) ;
#2770 = EDGE_CURVE ( 'NONE', #2518, #3028, #3753, .T. ) ;
#2771 = ORIENTED_EDGE ( 'NONE', *, *, #623, .T. ) ;
#2772 = CARTESIAN_POINT ( 'NONE',  ( 10.59999999999999254, -25.50000000000000355, 1.599999999999994982 ) ) ;
#2773 = ORIENTED_EDGE ( 'NONE', *, *, #1405, .T. ) ;
#2774 = DIRECTION ( 'NONE',  ( 0.000000000000000000, 0.000000000000000000, -1.000000000000000000 ) ) ;
#2775 = ORIENTED_EDGE ( 'NONE', *, *, #4254, .F. ) ;
#2776 = DIRECTION ( 'NONE',  ( 0.000000000000000000, 0.000000000000000000, 1.000000000000000000 ) ) ;
#2777 = ORIENTED_EDGE ( 'NONE', *, *, #397, .T. ) ;
#2778 = CARTESIAN_POINT ( 'NONE',  ( -10.59999999999999076, -25.50000000000000355, 2.599999999999992539 ) ) ;
#2779 = CARTESIAN_POINT ( 'NONE',  ( 16.42487113059643633, -18.00000000000000355, 0.000000000000000000 ) ) ;
#2780 = DIRECTION ( 'NONE',  ( 1.000000000000000000, 1.508455196501571183E-16, -0.000000000000000000 ) ) ;
#2781 = EDGE_LOOP ( 'NONE', ( #2049, #3244, #1130, #3202, #3788 ) ) ;
#2782 = EDGE_CURVE ( 'NONE', #1294, #510, #970, .T. ) ;
#2783 = CARTESIAN_POINT ( 'NONE',  ( -10.39999999999999858, -21.09999999999999432, 8.500000000000000000 ) ) ;
#2784 = CARTESIAN_POINT ( 'NONE',  ( -10.40000000000000213, 18.39999999999996305, 2.999999999999998668 ) ) ;
#2785 = CYLINDRICAL_SURFACE ( 'NONE', #4024, 3.499999999999999556 ) ;
#2786 = ORIENTED_EDGE ( 'NONE', *, *, #2383, .F. ) ;
#2787 = EDGE_CURVE ( 'NONE', #2338, #1274, #3215, .T. ) ;
#2788 = DIRECTION ( 'NONE',  ( 0.000000000000000000, -0.000000000000000000, -1.000000000000000000 ) ) ;
#2789 = CARTESIAN_POINT ( 'NONE',  ( -10.40000000000000213, 23.90000000000000213, 8.500000000000000000 ) ) ;
#2790 = CARTESIAN_POINT ( 'NONE',  ( -18.79999999999999005, 25.50000000000000355, 7.500000000000000000 ) ) ;
#2791 = ORIENTED_EDGE ( 'NONE', *, *, #4254, .T. ) ;
#2792 = EDGE_CURVE ( 'NONE', #411, #531, #3588, .T. ) ;
#2793 = DIRECTION ( 'NONE',  ( 5.782411586589358625E-16, 1.000000000000000000, 0.000000000000000000 ) ) ;
#2794 = CARTESIAN_POINT ( 'NONE',  ( -18.79999999999999005, 25.50000000000000355, 3.000000000000000000 ) ) ;
#2795 = DIRECTION ( 'NONE',  ( -1.000000000000000000, -1.119176436114069085E-16, 0.000000000000000000 ) ) ;
#2796 = EDGE_LOOP ( 'NONE', ( #512, #4644, #2040, #1597 ) ) ;
#2797 = FACE_OUTER_BOUND ( 'NONE', #2009, .T. ) ;
#2798 = ORIENTED_EDGE ( 'NONE', *, *, #4369, .T. ) ;
#2799 = FACE_OUTER_BOUND ( 'NONE', #3675, .T. ) ;
#2800 = CARTESIAN_POINT ( 'NONE',  ( 10.39999999999999858, 18.39999999999996305, 3.000000000000000000 ) ) ;
#2801 = PLANE ( 'NONE',  #791 ) ;
#2802 = ORIENTED_EDGE ( 'NONE', *, *, #2182, .T. ) ;
#2803 = FACE_OUTER_BOUND ( 'NONE', #3104, .T. ) ;
#2804 = ORIENTED_EDGE ( 'NONE', *, *, #3856, .T. ) ;
#2805 = DIRECTION ( 'NONE',  ( -1.533293416683382273E-16, 0.7071067811865511255, 0.7071067811865440200 ) ) ;
#2806 = CARTESIAN_POINT ( 'NONE',  ( -19.99999999999999645, -25.50000000000000355, 1.200000000000006617 ) ) ;
#2807 = VERTEX_POINT ( 'NONE', #4123 ) ;
#2808 = AXIS2_PLACEMENT_3D ( 'NONE', #3729, #1933, #2335 ) ;
#2809 = EDGE_CURVE ( 'NONE', #2821, #1593, #3394, .T. ) ;
#2810 = PLANE ( 'NONE',  #1914 ) ;
#2811 = VECTOR ( 'NONE', #17, 1000.000000000000000 ) ;
#2812 = CARTESIAN_POINT ( 'NONE',  ( -20.00000000000000355, 25.50000000000000355, 14.89999999999997193 ) ) ;
#2813 = LINE ( 'NONE', #4246, #3119 ) ;
#2814 = EDGE_LOOP ( 'NONE', ( #4033, #3478 ) ) ;
#2815 = ADVANCED_FACE ( 'NONE', ( #191 ), #216, .F. ) ;
#2816 = CIRCLE ( 'NONE', #858, 1.250000000000001110 ) ;
#2817 = CARTESIAN_POINT ( 'NONE',  ( -20.00000000000001066, -7.700000000000009948, 11.70000000000000462 ) ) ;
#2818 = CARTESIAN_POINT ( 'NONE',  ( -20.00000000000000355, 24.29999999999999361, 7.500000000000000000 ) ) ;
#2819 = VECTOR ( 'NONE', #4316, 1000.000000000000000 ) ;
#2820 = CARTESIAN_POINT ( 'NONE',  ( -11.99487184770036130, 19.72701616453031193, 0.1647744252757639971 ) ) ;
#2821 = VERTEX_POINT ( 'NONE', #4500 ) ;
#2822 = ADVANCED_FACE ( 'NONE', ( #1578 ), #2663, .T. ) ;
#2823 = AXIS2_PLACEMENT_3D ( 'NONE', #4611, #2645, #1229 ) ;
#2824 = CARTESIAN_POINT ( 'NONE',  ( 0.000000000000000000, 18.00000000000000355, 20.50000000000000000 ) ) ;
#2825 = VERTEX_POINT ( 'NONE', #3774 ) ;
#2826 = CARTESIAN_POINT ( 'NONE',  ( -12.59999999999999787, -18.09999999999999787, 28.00000000000000000 ) ) ;
#2827 = CARTESIAN_POINT ( 'NONE',  ( 17.59999999999999787, 18.00000000000000355, 20.50000000000000000 ) ) ;
#2828 = PRESENTATION_LAYER_ASSIGNMENT (  '', '', ( #1475 ) ) ;
#2829 = ORIENTED_EDGE ( 'NONE', *, *, #669, .F. ) ;
#2830 = VECTOR ( 'NONE', #1865, 1000.000000000000114 ) ;
#2831 = ADVANCED_FACE ( 'NONE', ( #1299 ), #4179, .F. ) ;
#2832 = VERTEX_POINT ( 'NONE', #879 ) ;
#2833 =( GEOMETRIC_REPRESENTATION_CONTEXT ( 3 ) GLOBAL_UNCERTAINTY_ASSIGNED_CONTEXT ( ( #3526 ) ) GLOBAL_UNIT_ASSIGNED_CONTEXT ( ( #2374, #515, #2304 ) ) REPRESENTATION_CONTEXT ( 'NONE', 'WORKASPACE' ) );
#2834 = AXIS2_PLACEMENT_3D ( 'NONE', #2635, #1131, #2259 ) ;
#2835 = CARTESIAN_POINT ( 'NONE',  ( -20.00000000000001066, 15.27848717028428815, 16.59999561272583435 ) ) ;
#2836 = DIRECTION ( 'NONE',  ( 1.000000000000000000, 0.000000000000000000, 0.000000000000000000 ) ) ;
#2837 = CARTESIAN_POINT ( 'NONE',  ( -12.49999999999999645, -25.50000000000000355, 1.200000000000006617 ) ) ;
#2838 = ORIENTED_EDGE ( 'NONE', *, *, #4445, .F. ) ;
#2839 = AXIS2_PLACEMENT_3D ( 'NONE', #4200, #2340, #269 ) ;
#2840 = FACE_OUTER_BOUND ( 'NONE', #888, .T. ) ;
#2841 = EDGE_CURVE ( 'NONE', #1297, #1028, #1698, .T. ) ;
#2842 = DIRECTION ( 'NONE',  ( 0.7071067811865454633, 9.620664575268200811E-17, 0.7071067811865495711 ) ) ;
#2843 = CARTESIAN_POINT ( 'NONE',  ( -11.57512886940358143, -18.00000000000000711, 0.000000000000000000 ) ) ;
#2844 = VERTEX_POINT ( 'NONE', #594 ) ;
#2845 = CARTESIAN_POINT ( 'NONE',  ( 18.79999999999998295, 25.50000000000000355, 3.000000000000000000 ) ) ;
#2846 = EDGE_CURVE ( 'NONE', #3054, #2086, #3471, .T. ) ;
#2847 = DIRECTION ( 'NONE',  ( 0.000000000000000000, 1.000000000000000000, 0.000000000000000000 ) ) ;
#2848 = CARTESIAN_POINT ( 'NONE',  ( 20.00000000000000355, -18.00000000000000355, 1.200000000000006617 ) ) ;
#2849 = EDGE_LOOP ( 'NONE', ( #733, #3837, #327, #3298 ) ) ;
#2850 = EDGE_CURVE ( 'NONE', #2444, #1294, #4100, .T. ) ;
#2851 = CARTESIAN_POINT ( 'NONE',  ( -17.59999999999999787, -13.70000000000000817, 11.70000000000000462 ) ) ;
#2852 = ORIENTED_EDGE ( 'NONE', *, *, #4317, .F. ) ;
#2853 = DIRECTION ( 'NONE',  ( 1.000000000000000000, 0.000000000000000000, 0.000000000000000000 ) ) ;
#2854 = CARTESIAN_POINT ( 'NONE',  ( -17.60000000000000142, 1.999999999999996669, 21.40000000000000213 ) ) ;
#2855 = ORIENTED_EDGE ( 'NONE', *, *, #2590, .F. ) ;
#2856 = ORIENTED_EDGE ( 'NONE', *, *, #1730, .F. ) ;
#2857 = EDGE_CURVE ( 'NONE', #2584, #1028, #3041, .T. ) ;
#2858 = DIRECTION ( 'NONE',  ( -1.000000000000000000, 0.000000000000000000, 0.000000000000000000 ) ) ;
#2859 = LINE ( 'NONE', #2196, #3566 ) ;
#2860 = CYLINDRICAL_SURFACE ( 'NONE', #793, 5.500000000000001776 ) ;
#2861 = VERTEX_POINT ( 'NONE', #1954 ) ;
#2862 = PLANE ( 'NONE',  #1321 ) ;
#2863 = CARTESIAN_POINT ( 'NONE',  ( 18.40000000000000924, -14.90000000000000746, 8.500000000000000000 ) ) ;
#2864 = MANIFOLD_SOLID_BREP ( 'Скругление5', #4377 ) ;
#2865 = LINE ( 'NONE', #1050, #3647 ) ;
#2866 = ORIENTED_EDGE ( 'NONE', *, *, #1805, .T. ) ;
#2867 = CARTESIAN_POINT ( 'NONE',  ( 18.00601543277185712, 25.46171703490444216, 21.27956838522583638 ) ) ;
#2868 = DIRECTION ( 'NONE',  ( -1.119176436114069085E-16, 1.000000000000000000, 0.000000000000000000 ) ) ;
#2869 = ORIENTED_EDGE ( 'NONE', *, *, #4026, .T. ) ;
#2870 = EDGE_CURVE ( 'NONE', #1794, #1984, #1651, .T. ) ;
#2871 = LINE ( 'NONE', #2543, #3668 ) ;
#2872 = VERTEX_POINT ( 'NONE', #4645 ) ;
#2873 = CARTESIAN_POINT ( 'NONE',  ( -18.40000000000000568, 15.90000000000000036, 8.500000000000000000 ) ) ;
#2874 = CARTESIAN_POINT ( 'NONE',  ( 18.60000000000000853, -17.00000000000000355, 20.40000000000000213 ) ) ;
#2875 = ORIENTED_EDGE ( 'NONE', *, *, #2583, .F. ) ;
#2876 = EDGE_CURVE ( 'NONE', #1454, #2444, #3162, .T. ) ;
#2877 = EDGE_LOOP ( 'NONE', ( #4478, #4269, #4237, #2069, #3027, #913 ) ) ;
#2878 = DIRECTION ( 'NONE',  ( 1.000000000000000000, -0.000000000000000000, 0.000000000000000000 ) ) ;
#2879 = DIRECTION ( 'NONE',  ( 1.000000000000000000, 0.000000000000000000, 0.000000000000000000 ) ) ;
#2880 = ORIENTED_EDGE ( 'NONE', *, *, #1342, .F. ) ;
#2881 = EDGE_CURVE ( 'NONE', #2453, #4300, #3216, .T. ) ;
#2882 = DIRECTION ( 'NONE',  ( 0.000000000000000000, 0.000000000000000000, 1.000000000000000000 ) ) ;
#2883 = CARTESIAN_POINT ( 'NONE',  ( -16.42487113059642923, 18.99999999999999645, 0.06696562634074705589 ) ) ;
#2884 = DIRECTION ( 'NONE',  ( 1.000000000000000000, 0.000000000000000000, 1.224646799147353207E-16 ) ) ;
#2885 = AXIS2_PLACEMENT_3D ( 'NONE', #971, #3494, #3143 ) ;
#2886 = VERTEX_POINT ( 'NONE', #712 ) ;
#2887 = AXIS2_PLACEMENT_3D ( 'NONE', #2826, #3892, #1456 ) ;
#2888 = DIRECTION ( 'NONE',  ( 1.000000000000000000, 9.856383386231857595E-17, 0.000000000000000000 ) ) ;
#2889 = LINE ( 'NONE', #1003, #2891 ) ;
#2890 = VERTEX_POINT ( 'NONE', #2083 ) ;
#2891 = VECTOR ( 'NONE', #369, 1000.000000000000000 ) ;
#2892 = AXIS2_PLACEMENT_3D ( 'NONE', #243, #977, #2039 ) ;
#2893 = DIRECTION ( 'NONE',  ( 1.000000000000000000, 0.000000000000000000, -0.000000000000000000 ) ) ;
#2894 = VERTEX_POINT ( 'NONE', #286 ) ;
#2895 = PLANE ( 'NONE',  #2280 ) ;
#2896 = CARTESIAN_POINT ( 'NONE',  ( 12.75000000000000000, 18.99999999999999645, 4.000000000000000000 ) ) ;
#2897 = ORIENTED_EDGE ( 'NONE', *, *, #2244, .F. ) ;
#2898 = CIRCLE ( 'NONE', #4626, 5.899999999999998579 ) ;
#2899 = AXIS2_PLACEMENT_3D ( 'NONE', #384, #4622, #3547 ) ;
#2900 = CARTESIAN_POINT ( 'NONE',  ( -19.99999999999999645, -18.00000000000000355, 26.79999999999999361 ) ) ;
#2901 = ORIENTED_EDGE ( 'NONE', *, *, #1725, .T. ) ;
#2902 = CARTESIAN_POINT ( 'NONE',  ( -9.500000000000000000, -15.50000000000000178, 0.5000000000000002220 ) ) ;
#2903 = EDGE_CURVE ( 'NONE', #1014, #4583, #1439, .T. ) ;
#2904 = DIRECTION ( 'NONE',  ( -1.387778780781445922E-16, -1.000000000000000000, 0.000000000000000000 ) ) ;
#2905 = EDGE_LOOP ( 'NONE', ( #2934, #3827, #3406, #3698 ) ) ;
#2906 = AXIS2_PLACEMENT_3D ( 'NONE', #1276, #2659, #1649 ) ;
#2907 = VECTOR ( 'NONE', #545, 1000.000000000000000 ) ;
#2908 = DIRECTION ( 'NONE',  ( -0.8660254037844388186, -0.4999999999999998335, 0.000000000000000000 ) ) ;
#2909 = EDGE_CURVE ( 'NONE', #3424, #686, #2525, .T. ) ;
#2910 = CARTESIAN_POINT ( 'NONE',  ( -15.59999999999998010, 15.90000000000000036, 8.500000000000000000 ) ) ;
#2911 = AXIS2_PLACEMENT_3D ( 'NONE', #4661, #3629, #1506 ) ;
#2912 = AXIS2_PLACEMENT_3D ( 'NONE', #2271, #4437, #4299 ) ;
#2913 = CARTESIAN_POINT ( 'NONE',  ( 12.50000000000000178, -18.00000000000000355, 0.000000000000000000 ) ) ;
#2914 = ORIENTED_EDGE ( 'NONE', *, *, #4374, .F. ) ;
#2915 = PLANE ( 'NONE',  #4096 ) ;
#2916 = ADVANCED_FACE ( 'NONE', ( #2803 ), #3591, .F. ) ;
#2917 = LINE ( 'NONE', #2204, #1536 ) ;
#2918 = ORIENTED_EDGE ( 'NONE', *, *, #3254, .F. ) ;
#2919 = CARTESIAN_POINT ( 'NONE',  ( -18.79999999999999005, 18.00000000000000355, 0.000000000000000000 ) ) ;
#2920 = EDGE_LOOP ( 'NONE', ( #2989, #1120, #2683, #1604, #2285, #1787, #2205, #1362, #1683, #916, #396, #2366 ) ) ;
#2921 = CARTESIAN_POINT ( 'NONE',  ( -17.60000000000000497, 25.50000000000000355, 2.999999999999999112 ) ) ;
#2922 = LINE ( 'NONE', #1129, #1703 ) ;
#2923 = EDGE_LOOP ( 'NONE', ( #3247, #2572, #2258, #4281 ) ) ;
#2924 = CARTESIAN_POINT ( 'NONE',  ( 12.40000000000000568, 15.90000000000000391, 8.500000000000000000 ) ) ;
#2925 = ORIENTED_EDGE ( 'NONE', *, *, #4374, .T. ) ;
#2926 = PLANE ( 'NONE',  #3265 ) ;
#2927 = DIRECTION ( 'NONE',  ( 1.000000000000000000, 0.000000000000000000, 0.000000000000000000 ) ) ;
#2928 = ORIENTED_EDGE ( 'NONE', *, *, #1093, .T. ) ;
#2929 = EDGE_CURVE ( 'NONE', #1990, #3337, #652, .T. ) ;
#2930 = CARTESIAN_POINT ( 'NONE',  ( 0.000000000000000000, -24.29999999999999005, 28.00000000000000000 ) ) ;
#2931 = FACE_OUTER_BOUND ( 'NONE', #758, .T. ) ;
#2932 = DIRECTION ( 'NONE',  ( -0.7071067811865500152, -0.7071067811865451302, -0.000000000000000000 ) ) ;
#2933 = DIRECTION ( 'NONE',  ( 0.000000000000000000, -1.000000000000000000, 0.000000000000000000 ) ) ;
#2934 = ORIENTED_EDGE ( 'NONE', *, *, #891, .T. ) ;
#2935 = EDGE_CURVE ( 'NONE', #87, #1381, #703, .T. ) ;
#2936 = DIRECTION ( 'NONE',  ( 0.000000000000000000, -0.000000000000000000, 1.000000000000000000 ) ) ;
#2937 = LINE ( 'NONE', #4015, #102 ) ;
#2938 = ORIENTED_EDGE ( 'NONE', *, *, #3370, .T. ) ;
#2939 = EDGE_CURVE ( 'NONE', #2409, #716, #1044, .T. ) ;
#2940 = VERTEX_POINT ( 'NONE', #2500 ) ;
#2941 = DIRECTION ( 'NONE',  ( -2.602085213965212614E-15, 0.000000000000000000, -1.000000000000000000 ) ) ;
#2942 = DIRECTION ( 'NONE',  ( -1.000000000000000000, 0.000000000000000000, 1.734723475976807094E-15 ) ) ;
#2943 = ORIENTED_EDGE ( 'NONE', *, *, #3631, .T. ) ;
#2944 = DIRECTION ( 'NONE',  ( -1.000000000000000000, 0.000000000000000000, 0.000000000000000000 ) ) ;
#2945 = ORIENTED_EDGE ( 'NONE', *, *, #247, .T. ) ;
#2946 = FACE_OUTER_BOUND ( 'NONE', #4638, .T. ) ;
#2947 = CARTESIAN_POINT ( 'NONE',  ( 17.59999999999999787, -11.00000000000000711, 19.40000000000000213 ) ) ;
#2948 = VERTEX_POINT ( 'NONE', #3562 ) ;
#2949 = DIRECTION ( 'NONE',  ( 1.000000000000000000, -0.000000000000000000, 0.000000000000000000 ) ) ;
#2950 = CARTESIAN_POINT ( 'NONE',  ( 3.500000000000003109, 23.90000000000000568, 20.50000000000000000 ) ) ;
#2951 = CARTESIAN_POINT ( 'NONE',  ( -10.39999999999999858, -21.09999999999999432, 8.500000000000000000 ) ) ;
#2952 = ORIENTED_EDGE ( 'NONE', *, *, #1882, .T. ) ;
#2953 =( BOUNDED_CURVE ( )  B_SPLINE_CURVE ( 3, ( #3273, #4660, #2145, #3584 ),
 .UNSPECIFIED., .F., .T. ) 
 B_SPLINE_CURVE_WITH_KNOTS ( ( 4, 4 ),
 ( 1.704527916204838345, 1.996908032096943453 ),
 .UNSPECIFIED. ) 
 CURVE ( )  GEOMETRIC_REPRESENTATION_ITEM ( )  RATIONAL_B_SPLINE_CURVE ( ( 1.000000000000000000, 0.9928888339073689284, 0.9928888339073689284, 1.000000000000000000 ) ) 
 REPRESENTATION_ITEM ( '' )  );
#2954 = CARTESIAN_POINT ( 'NONE',  ( -20.00000000000000000, 11.77848717028428993, 11.89999561272584572 ) ) ;
#2955 = DIRECTION ( 'NONE',  ( 1.000000000000000000, 1.360567432138672328E-16, -0.000000000000000000 ) ) ;
#2956 = EDGE_CURVE ( 'NONE', #3006, #1004, #1769, .T. ) ;
#2957 = VERTEX_POINT ( 'NONE', #3142 ) ;
#2958 = VECTOR ( 'NONE', #874, 1000.000000000000000 ) ;
#2959 = CIRCLE ( 'NONE', #2589, 7.500000000000000000 ) ;
#2960 = CARTESIAN_POINT ( 'NONE',  ( 18.38362574800904881, 23.23198076029611769, 22.20297750633276479 ) ) ;
#2961 = EDGE_CURVE ( 'NONE', #3424, #4612, #1064, .T. ) ;
#2962 = DIRECTION ( 'NONE',  ( 5.782411586589358625E-16, -1.000000000000000000, -5.782411586589358625E-16 ) ) ;
#2963 = ORIENTED_EDGE ( 'NONE', *, *, #1288, .T. ) ;
#2964 = VECTOR ( 'NONE', #3989, 1000.000000000000000 ) ;
#2965 = PLANE ( 'NONE',  #1851 ) ;
#2966 = VERTEX_POINT ( 'NONE', #2783 ) ;
#2967 = CARTESIAN_POINT ( 'NONE',  ( -9.500000000000000000, -15.50000000000000178, 0.5000000000000000000 ) ) ;
#2968 = EDGE_CURVE ( 'NONE', #3966, #4428, #4287, .T. ) ;
#2969 = CARTESIAN_POINT ( 'NONE',  ( -20.00000000000001066, -5.700000000000015277, 11.70000000000000462 ) ) ;
#2970 = VECTOR ( 'NONE', #103, 1000.000000000000000 ) ;
#2971 = ORIENTED_EDGE ( 'NONE', *, *, #1087, .T. ) ;
#2972 = VECTOR ( 'NONE', #3988, 1000.000000000000000 ) ;
#2973 = CIRCLE ( 'NONE', #3727, 4.699999999999990408 ) ;
#2974 = LINE ( 'NONE', #57, #945 ) ;
#2975 = DIRECTION ( 'NONE',  ( 0.000000000000000000, 1.000000000000000000, 0.000000000000000000 ) ) ;
#2976 = LINE ( 'NONE', #4102, #569 ) ;
#2977 = CYLINDRICAL_SURFACE ( 'NONE', #182, 1.249999999999999334 ) ;
#2978 = ORIENTED_EDGE ( 'NONE', *, *, #1471, .F. ) ;
#2979 = VECTOR ( 'NONE', #1020, 1000.000000000000000 ) ;
#2980 = AXIS2_PLACEMENT_3D ( 'NONE', #1278, #4520, #3017 ) ;
#2981 = CIRCLE ( 'NONE', #2754, 1.250000000000001110 ) ;
#2982 = CARTESIAN_POINT ( 'NONE',  ( -14.00000000000000888, -18.00000000000000711, 8.500000000000000000 ) ) ;
#2983 = VECTOR ( 'NONE', #137, 1000.000000000000000 ) ;
#2984 = CARTESIAN_POINT ( 'NONE',  ( 15.59999999999998010, -14.90000000000000746, 8.500000000000000000 ) ) ;
#2985 = ORIENTED_EDGE ( 'NONE', *, *, #451, .T. ) ;
#2986 = EDGE_CURVE ( 'NONE', #3366, #749, #4257, .T. ) ;
#2987 = CARTESIAN_POINT ( 'NONE',  ( 14.00000000000000355, -18.00000000000000000, 8.500000000000000000 ) ) ;
#2988 = DIRECTION ( 'NONE',  ( 1.000000000000000000, 1.360567432138672081E-16, -0.000000000000000000 ) ) ;
#2989 = ORIENTED_EDGE ( 'NONE', *, *, #436, .F. ) ;
#2990 = ADVANCED_FACE ( 'NONE', ( #358 ), #1793, .F. ) ;
#2991 = CARTESIAN_POINT ( 'NONE',  ( -17.60000000000000497, 25.50000000000000355, 20.50000000000000000 ) ) ;
#2992 = ORIENTED_EDGE ( 'NONE', *, *, #1595, .T. ) ;
#2993 = DIRECTION ( 'NONE',  ( 0.000000000000000000, 0.000000000000000000, 1.000000000000000000 ) ) ;
#2994 =( NAMED_UNIT ( * ) SI_UNIT ( $, .STERADIAN. ) SOLID_ANGLE_UNIT ( ) );
#2995 = ORIENTED_EDGE ( 'NONE', *, *, #136, .F. ) ;
#2996 = EDGE_CURVE ( 'NONE', #2327, #3797, #1508, .T. ) ;
#2997 = DIRECTION ( 'NONE',  ( -1.000000000000000000, 0.000000000000000000, 0.000000000000000000 ) ) ;
#2998 = PLANE ( 'NONE',  #1076 ) ;
#2999 = PLANE ( 'NONE',  #1554 ) ;
#3000 = LINE ( 'NONE', #4040, #3573 ) ;
#3001 = ORIENTED_EDGE ( 'NONE', *, *, #3105, .F. ) ;
#3002 = UNCERTAINTY_MEASURE_WITH_UNIT (LENGTH_MEASURE( 1.000000000000000082E-05 ), #912, 'distance_accuracy_value', 'NONE');
#3003 = DIRECTION ( 'NONE',  ( -0.000000000000000000, -0.000000000000000000, 1.000000000000000000 ) ) ;
#3004 = CYLINDRICAL_SURFACE ( 'NONE', #50, 7.500000000000000000 ) ;
#3005 = LINE ( 'NONE', #4438, #407 ) ;
#3006 = VERTEX_POINT ( 'NONE', #1556 ) ;
#3007 = LINE ( 'NONE', #3341, #4536 ) ;
#3008 = FILL_AREA_STYLE_COLOUR ( '', #3961 ) ;
#3009 = VERTEX_POINT ( 'NONE', #1834 ) ;
#3010 = EDGE_CURVE ( 'NONE', #1291, #753, #777, .T. ) ;
#3011 = DIRECTION ( 'NONE',  ( 0.000000000000000000, 0.000000000000000000, -1.000000000000000000 ) ) ;
#3012 = EDGE_LOOP ( 'NONE', ( #3607, #1576, #1702, #1523 ) ) ;
#3013 = FACE_OUTER_BOUND ( 'NONE', #2028, .T. ) ;
#3014 = FACE_OUTER_BOUND ( 'NONE', #586, .T. ) ;
#3015 = EDGE_CURVE ( 'NONE', #4259, #305, #1877, .T. ) ;
#3016 = EDGE_LOOP ( 'NONE', ( #272, #3069, #2838, #4132, #559, #4490 ) ) ;
#3017 = DIRECTION ( 'NONE',  ( 1.000000000000000000, 0.000000000000000000, 0.000000000000000000 ) ) ;
#3018 = CARTESIAN_POINT ( 'NONE',  ( 16.42487113059643633, -18.00000000000000355, 4.000000000000000000 ) ) ;
#3019 = CARTESIAN_POINT ( 'NONE',  ( -14.00000000000000888, -18.00000000000000711, 8.500000000000000000 ) ) ;
#3020 = DIRECTION ( 'NONE',  ( 0.5000000000000002220, 0.8660254037844384856, 0.000000000000000000 ) ) ;
#3021 = EDGE_CURVE ( 'NONE', #3928, #589, #4375, .T. ) ;
#3022 = ORIENTED_EDGE ( 'NONE', *, *, #4517, .F. ) ;
#3023 = CARTESIAN_POINT ( 'NONE',  ( -11.57512886940358143, -18.00000000000000711, 4.000000000000000000 ) ) ;
#3024 = DIRECTION ( 'NONE',  ( 1.000000000000000000, 6.938893903907228378E-16, 0.000000000000000000 ) ) ;
#3025 = CARTESIAN_POINT ( 'NONE',  ( 9.000000000000000000, -15.50000000000000178, 2.204364238465235428E-15 ) ) ;
#3026 = EDGE_CURVE ( 'NONE', #1794, #1266, #3346, .T. ) ;
#3027 = ORIENTED_EDGE ( 'NONE', *, *, #4199, .T. ) ;
#3028 = VERTEX_POINT ( 'NONE', #3612 ) ;
#3029 = DIRECTION ( 'NONE',  ( 0.7071067811865455743, 3.006457679771324972E-16, 0.7071067811865495711 ) ) ;
#3030 = DIRECTION ( 'NONE',  ( 1.000000000000000000, 0.000000000000000000, 0.000000000000000000 ) ) ;
#3031 = ORIENTED_EDGE ( 'NONE', *, *, #2909, .T. ) ;
#3032 = CIRCLE ( 'NONE', #404, 5.000000000000000888 ) ;
#3033 = ADVANCED_FACE ( 'NONE', ( #4424 ), #737, .F. ) ;
#3034 = DIRECTION ( 'NONE',  ( 0.000000000000000000, 0.000000000000000000, -1.000000000000000000 ) ) ;
#3035 = ORIENTED_EDGE ( 'NONE', *, *, #4134, .F. ) ;
#3036 = DIRECTION ( 'NONE',  ( -1.000000000000000000, 0.000000000000000000, 0.000000000000000000 ) ) ;
#3037 = FACE_OUTER_BOUND ( 'NONE', #1685, .T. ) ;
#3038 = ORIENTED_EDGE ( 'NONE', *, *, #35, .T. ) ;
#3039 = AXIS2_PLACEMENT_3D ( 'NONE', #2139, #319, #3927 ) ;
#3040 = ADVANCED_FACE ( 'NONE', ( #51 ), #2965, .F. ) ;
#3041 = LINE ( 'NONE', #4474, #1180 ) ;
#3042 = AXIS2_PLACEMENT_3D ( 'NONE', #2395, #601, #3831 ) ;
#3043 = DIRECTION ( 'NONE',  ( -0.7071067811865463515, 0.7071067811865487940, -0.000000000000000000 ) ) ;
#3044 = CARTESIAN_POINT ( 'NONE',  ( -14.00000000000000178, 18.99999999999999645, 4.000000000000000000 ) ) ;
#3045 = DIRECTION ( 'NONE',  ( -0.5000000000000002220, -0.8660254037844384856, 0.000000000000000000 ) ) ;
#3046 = VERTEX_POINT ( 'NONE', #116 ) ;
#3047 = AXIS2_PLACEMENT_3D ( 'NONE', #175, #2370, #4580 ) ;
#3048 = ADVANCED_FACE ( 'NONE', ( #2591 ), #1860, .F. ) ;
#3049 = DIRECTION ( 'NONE',  ( 1.360567432138672081E-16, -1.000000000000000000, 0.000000000000000000 ) ) ;
#3050 = DIRECTION ( 'NONE',  ( -0.000000000000000000, -0.000000000000000000, -1.000000000000000000 ) ) ;
#3051 = AXIS2_PLACEMENT_3D ( 'NONE', #2506, #1373, #3945 ) ;
#3052 = CIRCLE ( 'NONE', #2078, 1.250000000000001110 ) ;
#3053 = DIRECTION ( 'NONE',  ( 0.7071067811865457964, 9.620664575268204509E-17, -0.7071067811865492381 ) ) ;
#3054 = VERTEX_POINT ( 'NONE', #2215 ) ;
#3055 = VECTOR ( 'NONE', #2218, 1000.000000000000000 ) ;
#3056 = PRESENTATION_LAYER_ASSIGNMENT (  '', '', ( #727 ) ) ;
#3057 = ADVANCED_FACE ( 'NONE', ( #1154 ), #3435, .T. ) ;
#3058 = ORIENTED_EDGE ( 'NONE', *, *, #629, .T. ) ;
#3059 = LINE ( 'NONE', #2064, #4469 ) ;
#3060 = ORIENTED_EDGE ( 'NONE', *, *, #2244, .T. ) ;
#3061 = LINE ( 'NONE', #2045, #2359 ) ;
#3062 = VECTOR ( 'NONE', #3342, 1000.000000000000000 ) ;
#3063 = ORIENTED_EDGE ( 'NONE', *, *, #908, .T. ) ;
#3064 = AXIS2_PLACEMENT_3D ( 'NONE', #3712, #481, #129 ) ;
#3065 = CARTESIAN_POINT ( 'NONE',  ( 8.399999999999984368, -23.10000000000000142, 28.00000000000000000 ) ) ;
#3066 = ORIENTED_EDGE ( 'NONE', *, *, #3363, .T. ) ;
#3067 = CARTESIAN_POINT ( 'NONE',  ( -17.59999999999999787, -17.00000000000000711, 21.40000000000000213 ) ) ;
#3068 = DIRECTION ( 'NONE',  ( 1.000000000000000000, 1.508455196501571183E-16, -0.000000000000000000 ) ) ;
#3069 = ORIENTED_EDGE ( 'NONE', *, *, #308, .F. ) ;
#3070 = CARTESIAN_POINT ( 'NONE',  ( 12.50000000000000000, -23.90000000000000568, 26.00000000000000355 ) ) ;
#3071 = DIRECTION ( 'NONE',  ( -1.119176436114069085E-16, -1.000000000000000000, 0.000000000000000000 ) ) ;
#3072 = LINE ( 'NONE', #2715, #2076 ) ;
#3073 = ORIENTED_EDGE ( 'NONE', *, *, #370, .F. ) ;
#3074 = EDGE_CURVE ( 'NONE', #654, #1004, #1461, .T. ) ;
#3075 = DIRECTION ( 'NONE',  ( 1.000000000000000000, 1.360567432138672081E-16, -0.000000000000000000 ) ) ;
#3076 = CARTESIAN_POINT ( 'NONE',  ( -12.78756443470178894, 16.89999999999999858, 4.000000000000000000 ) ) ;
#3077 = DIRECTION ( 'NONE',  ( -1.000000000000000000, 0.000000000000000000, 0.000000000000000000 ) ) ;
#3078 = ORIENTED_EDGE ( 'NONE', *, *, #4600, .F. ) ;
#3079 = EDGE_CURVE ( 'NONE', #842, #4184, #3632, .T. ) ;
#3080 = EDGE_LOOP ( 'NONE', ( #3963, #998, #4515, #2856, #1617 ) ) ;
#3081 = LINE ( 'NONE', #2024, #2669 ) ;
#3082 = ORIENTED_EDGE ( 'NONE', *, *, #2622, .F. ) ;
#3083 = CARTESIAN_POINT ( 'NONE',  ( -19.99999999999999645, -23.10000000000000142, 26.00000000000000355 ) ) ;
#3084 = EDGE_LOOP ( 'NONE', ( #4193, #4323 ) ) ;
#3085 = EDGE_CURVE ( 'NONE', #3087, #386, #3304, .T. ) ;
#3086 = FACE_OUTER_BOUND ( 'NONE', #3479, .T. ) ;
#3087 = VERTEX_POINT ( 'NONE', #4001 ) ;
#3088 = DIRECTION ( 'NONE',  ( -1.000000000000000000, -1.360567432138672328E-16, 0.000000000000000000 ) ) ;
#3089 = DIRECTION ( 'NONE',  ( 0.7071067811865454633, 9.620664575268200811E-17, 0.7071067811865495711 ) ) ;
#3090 = EDGE_LOOP ( 'NONE', ( #3725, #889, #1804, #1931 ) ) ;
#3091 = DIRECTION ( 'NONE',  ( 1.000000000000000000, 1.360567432138672081E-16, -0.000000000000000000 ) ) ;
#3092 = DIRECTION ( 'NONE',  ( -1.000000000000000000, 0.000000000000000000, 0.000000000000000000 ) ) ;
#3093 = DIRECTION ( 'NONE',  ( -1.360567432138672081E-16, 1.000000000000000000, -0.000000000000000000 ) ) ;
#3094 = ORIENTED_EDGE ( 'NONE', *, *, #3574, .F. ) ;
#3095 = CARTESIAN_POINT ( 'NONE',  ( -12.49999999999999645, -18.00000000000000355, 28.00000000000000000 ) ) ;
#3096 = LINE ( 'NONE', #3429, #790 ) ;
#3097 = CARTESIAN_POINT ( 'NONE',  ( -20.00000000000000355, 25.50000000000000355, 8.500000000000021316 ) ) ;
#3098 = ORIENTED_EDGE ( 'NONE', *, *, #1149, .F. ) ;
#3099 = ORIENTED_EDGE ( 'NONE', *, *, #603, .T. ) ;
#3100 = CARTESIAN_POINT ( 'NONE',  ( -10.40000000000000213, 17.90000000000000924, 3.000000000000000000 ) ) ;
#3101 = ADVANCED_FACE ( 'NONE', ( #4028 ), #3699, .F. ) ;
#3102 = VERTEX_POINT ( 'NONE', #2900 ) ;
#3103 = DIRECTION ( 'NONE',  ( 4.336808689942014778E-16, 1.000000000000000000, 0.000000000000000000 ) ) ;
#3104 = EDGE_LOOP ( 'NONE', ( #235, #3996, #4326, #1924 ) ) ;
#3105 = EDGE_CURVE ( 'NONE', #1454, #2262, #399, .T. ) ;
#3106 = DIRECTION ( 'NONE',  ( -1.927470528863118802E-16, 1.000000000000000000, -0.000000000000000000 ) ) ;
#3107 = ORIENTED_EDGE ( 'NONE', *, *, #4310, .T. ) ;
#3108 = CIRCLE ( 'NONE', #398, 5.899999999999998579 ) ;
#3109 = FACE_BOUND ( 'NONE', #4264, .T. ) ;
#3110 = DIRECTION ( 'NONE',  ( 0.7071067811865456854, -0.7071067811865493491, -0.000000000000000000 ) ) ;
#3111 = ORIENTED_EDGE ( 'NONE', *, *, #2250, .T. ) ;
#3112 = VECTOR ( 'NONE', #2482, 1000.000000000000000 ) ;
#3113 = EDGE_CURVE ( 'NONE', #2621, #3966, #3982, .T. ) ;
#3114 = SURFACE_STYLE_USAGE ( .BOTH. , #3799 ) ;
#3115 = PLANE ( 'NONE',  #1303 ) ;
#3116 = CARTESIAN_POINT ( 'NONE',  ( -17.59999999999999432, -17.00000000000000355, 19.40000000000000213 ) ) ;
#3117 = VECTOR ( 'NONE', #104, 1000.000000000000000 ) ;
#3118 = EDGE_LOOP ( 'NONE', ( #1807, #1835 ) ) ;
#3119 = VECTOR ( 'NONE', #1027, 1000.000000000000000 ) ;
#3120 =( NAMED_UNIT ( * ) SI_UNIT ( $, .STERADIAN. ) SOLID_ANGLE_UNIT ( ) );
#3121 = PLANE ( 'NONE',  #2839 ) ;
#3122 = DIRECTION ( 'NONE',  ( -0.000000000000000000, -0.000000000000000000, -1.000000000000000000 ) ) ;
#3123 = ORIENTED_EDGE ( 'NONE', *, *, #4129, .T. ) ;
#3124 = AXIS2_PLACEMENT_3D ( 'NONE', #747, #368, #4320 ) ;
#3125 = VECTOR ( 'NONE', #238, 1000.000000000000000 ) ;
#3126 = DIRECTION ( 'NONE',  ( 0.7071067811865477948, 0.000000000000000000, 0.7071067811865473507 ) ) ;
#3127 = VECTOR ( 'NONE', #1960, 1000.000000000000000 ) ;
#3128 = ORIENTED_EDGE ( 'NONE', *, *, #3864, .T. ) ;
#3129 = CARTESIAN_POINT ( 'NONE',  ( 20.00000000000000355, -18.00000000000000355, 3.000000000000000000 ) ) ;
#3130 = VECTOR ( 'NONE', #1251, 1000.000000000000114 ) ;
#3131 = VECTOR ( 'NONE', #3705, 1000.000000000000000 ) ;
#3132 = EDGE_CURVE ( 'NONE', #3915, #1552, #802, .T. ) ;
#3133 = DIRECTION ( 'NONE',  ( 0.000000000000000000, 0.000000000000000000, -1.000000000000000000 ) ) ;
#3134 = VERTEX_POINT ( 'NONE', #4092 ) ;
#3135 = AXIS2_PLACEMENT_3D ( 'NONE', #2851, #1037, #4637 ) ;
#3136 = CARTESIAN_POINT ( 'NONE',  ( 11.57512886940357077, 18.99999999999999645, 0.06696562634074705589 ) ) ;
#3137 = DIRECTION ( 'NONE',  ( 1.000000000000000000, -0.000000000000000000, -0.000000000000000000 ) ) ;
#3138 = PLANE ( 'NONE',  #2745 ) ;
#3139 = ORIENTED_EDGE ( 'NONE', *, *, #767, .F. ) ;
#3140 = ADVANCED_BREP_SHAPE_REPRESENTATION ( 'SO102.02.110 Board holder leader', ( #2864, #3735 ), #1778 ) ;
#3141 = ADVANCED_FACE ( 'NONE', ( #2329 ), #2757, .T. ) ;
#3142 = CARTESIAN_POINT ( 'NONE',  ( 17.60000000000000497, -12.90000000000000746, 2.999999999999999112 ) ) ;
#3143 = DIRECTION ( 'NONE',  ( 1.000000000000000000, 0.000000000000000000, 0.000000000000000000 ) ) ;
#3144 = CARTESIAN_POINT ( 'NONE',  ( 12.78756443470179249, -20.10000000000000142, 4.000000000000000000 ) ) ;
#3145 = ORIENTED_EDGE ( 'NONE', *, *, #3539, .T. ) ;
#3146 = EDGE_CURVE ( 'NONE', #2167, #2825, #2656, .T. ) ;
#3147 = FACE_OUTER_BOUND ( 'NONE', #3012, .T. ) ;
#3148 = CARTESIAN_POINT ( 'NONE',  ( -17.59999999999999787, -18.09999999999999787, 8.500000000000000000 ) ) ;
#3149 = FACE_OUTER_BOUND ( 'NONE', #19, .T. ) ;
#3150 = ORIENTED_EDGE ( 'NONE', *, *, #857, .F. ) ;
#3151 = DIRECTION ( 'NONE',  ( -0.8660254037844388186, -0.4999999999999998335, 0.000000000000000000 ) ) ;
#3152 = CARTESIAN_POINT ( 'NONE',  ( -17.59999999999999787, -11.00000000000000711, 21.40000000000000568 ) ) ;
#3153 = PLANE ( 'NONE',  #31 ) ;
#3154 = ORIENTED_EDGE ( 'NONE', *, *, #160, .T. ) ;
#3155 = CARTESIAN_POINT ( 'NONE',  ( 12.40000000000001101, -14.90000000000000746, 8.500000000000000000 ) ) ;
#3156 = ORIENTED_EDGE ( 'NONE', *, *, #1754, .F. ) ;
#3157 = CARTESIAN_POINT ( 'NONE',  ( 19.99999999999999645, 24.29999999999999361, 3.000000000000000000 ) ) ;
#3158 = EDGE_CURVE ( 'NONE', #3583, #3778, #871, .T. ) ;
#3159 = LINE ( 'NONE', #1739, #4107 ) ;
#3160 = CARTESIAN_POINT ( 'NONE',  ( 0.000000000000000000, 18.39999999999996305, 3.000000000000000000 ) ) ;
#3161 = ORIENTED_EDGE ( 'NONE', *, *, #1645, .T. ) ;
#3162 = LINE ( 'NONE', #3521, #2081 ) ;
#3163 = CARTESIAN_POINT ( 'NONE',  ( 17.60000000000000142, 10.99999999999999645, 21.40000000000000213 ) ) ;
#3164 = EDGE_CURVE ( 'NONE', #1731, #2940, #3371, .T. ) ;
#3165 = DIRECTION ( 'NONE',  ( 1.000000000000000000, 0.000000000000000000, 0.000000000000000000 ) ) ;
#3166 = ORIENTED_EDGE ( 'NONE', *, *, #506, .F. ) ;
#3167 = CARTESIAN_POINT ( 'NONE',  ( -12.49999999999999645, -25.50000000000000355, 26.79999999999999361 ) ) ;
#3168 = EDGE_CURVE ( 'NONE', #531, #1179, #4465, .T. ) ;
#3169 = PLANE ( 'NONE',  #1244 ) ;
#3170 = CARTESIAN_POINT ( 'NONE',  ( 10.40000000000000213, -16.90000000000000924, 3.000000000000000000 ) ) ;
#3171 = ORIENTED_EDGE ( 'NONE', *, *, #1633, .T. ) ;
#3172 = CARTESIAN_POINT ( 'NONE',  ( 16.39999999999999858, 25.50000000000000355, 20.50000000000000000 ) ) ;
#3173 = EDGE_CURVE ( 'NONE', #362, #2832, #893, .T. ) ;
#3174 = DIRECTION ( 'NONE',  ( 0.7071067811865449082, 7.913772473204481144E-17, -0.7071067811865502373 ) ) ;
#3175 = CARTESIAN_POINT ( 'NONE',  ( -12.78756443470179072, 21.10000000000000142, 0.6706515684144505052 ) ) ;
#3176 = ORIENTED_EDGE ( 'NONE', *, *, #1205, .T. ) ;
#3177 = PLANE ( 'NONE',  #1329 ) ;
#3178 = ORIENTED_EDGE ( 'NONE', *, *, #2480, .T. ) ;
#3179 = CARTESIAN_POINT ( 'NONE',  ( 12.78756443470179249, -20.10000000000000142, 4.000000000000000000 ) ) ;
#3180 = FACE_OUTER_BOUND ( 'NONE', #1966, .T. ) ;
#3181 = CARTESIAN_POINT ( 'NONE',  ( -20.00000000000001066, -7.700000000000009948, 11.70000000000000462 ) ) ;
#3182 = ORIENTED_EDGE ( 'NONE', *, *, #2011, .F. ) ;
#3183 = ADVANCED_FACE ( 'NONE', ( #518 ), #3747, .F. ) ;
#3184 = AXIS2_PLACEMENT_3D ( 'NONE', #2084, #2714, #3092 ) ;
#3185 =( NAMED_UNIT ( * ) PLANE_ANGLE_UNIT ( ) SI_UNIT ( $, .RADIAN. ) );
#3186 = CARTESIAN_POINT ( 'NONE',  ( -28.00000000000001066, 37.00000000000000000, 4.000000000000000000 ) ) ;
#3187 = CARTESIAN_POINT ( 'NONE',  ( -12.75000000000000888, -18.00000000000000711, 4.000000000000000000 ) ) ;
#3188 = ORIENTED_EDGE ( 'NONE', *, *, #2126, .F. ) ;
#3189 = VECTOR ( 'NONE', #3794, 1000.000000000000000 ) ;
#3190 = EDGE_CURVE ( 'NONE', #3413, #3417, #3389, .T. ) ;
#3191 = CARTESIAN_POINT ( 'NONE',  ( 20.00000000000000355, -18.00000000000000355, 26.79999999999999361 ) ) ;
#3192 = VECTOR ( 'NONE', #2750, 1000.000000000000000 ) ;
#3193 = FACE_OUTER_BOUND ( 'NONE', #1498, .T. ) ;
#3194 = CARTESIAN_POINT ( 'NONE',  ( 16.04068976059628326, 18.33457834783831686, 6.146104541163073978E-17 ) ) ;
#3195 = ORIENTED_EDGE ( 'NONE', *, *, #4073, .F. ) ;
#3196 = VECTOR ( 'NONE', #1095, 1000.000000000000000 ) ;
#3197 = ADVANCED_FACE ( 'NONE', ( #232 ), #4495, .F. ) ;
#3198 = CARTESIAN_POINT ( 'NONE',  ( 17.04899214265288521, 25.49945645006527428, 20.60363056094798040 ) ) ;
#3199 = PLANE ( 'NONE',  #4079 ) ;
#3200 = CONICAL_SURFACE ( 'NONE', #4166, 6.299999999999992717, 0.7853981633974453924 ) ;
#3201 = PLANE ( 'NONE',  #1460 ) ;
#3202 = ORIENTED_EDGE ( 'NONE', *, *, #2846, .F. ) ;
#3203 = EDGE_CURVE ( 'NONE', #919, #3268, #3792, .T. ) ;
#3204 = AXIS2_PLACEMENT_3D ( 'NONE', #202, #2394, #1262 ) ;
#3205 = VECTOR ( 'NONE', #3480, 1000.000000000000000 ) ;
#3206 = PLANE ( 'NONE',  #1481 ) ;
#3207 = ORIENTED_EDGE ( 'NONE', *, *, #221, .F. ) ;
#3208 = CARTESIAN_POINT ( 'NONE',  ( -17.60000000000000497, 7.999999999999994671, 19.40000000000000213 ) ) ;
#3209 = CARTESIAN_POINT ( 'NONE',  ( 15.59999999999998010, -14.90000000000000746, 8.500000000000000000 ) ) ;
#3210 = VECTOR ( 'NONE', #2127, 1000.000000000000000 ) ;
#3211 = ORIENTED_EDGE ( 'NONE', *, *, #1260, .F. ) ;
#3212 = AXIS2_PLACEMENT_3D ( 'NONE', #1351, #2462, #4313 ) ;
#3213 = VERTEX_POINT ( 'NONE', #183 ) ;
#3214 = AXIS2_PLACEMENT_3D ( 'NONE', #1011, #2172, #2520 ) ;
#3215 = CIRCLE ( 'NONE', #4105, 6.299999999999992717 ) ;
#3216 = LINE ( 'NONE', #2835, #2678 ) ;
#3217 = DIRECTION ( 'NONE',  ( 8.673617379884043361E-16, 0.000000000000000000, -1.000000000000000000 ) ) ;
#3218 = DIRECTION ( 'NONE',  ( 0.000000000000000000, 0.000000000000000000, 1.000000000000000000 ) ) ;
#3219 = ORIENTED_EDGE ( 'NONE', *, *, #3483, .F. ) ;
#3220 = AXIS2_PLACEMENT_3D ( 'NONE', #4505, #582, #4220 ) ;
#3221 = B_SPLINE_CURVE_WITH_KNOTS ( 'NONE', 3,
 ( #2701, #3852, #3785, #4509, #1356, #2043, #1682, #558, #1613, #585 ),
 .UNSPECIFIED., .F., .F.,
 ( 4, 2, 2, 2, 4 ),
 ( 0.000000000000000000, 0.0004721972341036211377, 0.0009443944682072422754, 0.001416591702310863359, 0.001888788936414484551 ),
 .UNSPECIFIED. ) ;
#3222 = LINE ( 'NONE', #2158, #1847 ) ;
#3223 = DIRECTION ( 'NONE',  ( -0.000000000000000000, 0.000000000000000000, -1.000000000000000000 ) ) ;
#3224 = LINE ( 'NONE', #3243, #564 ) ;
#3225 = EDGE_CURVE ( 'NONE', #3778, #2510, #1188, .T. ) ;
#3226 = ORIENTED_EDGE ( 'NONE', *, *, #623, .F. ) ;
#3227 = CARTESIAN_POINT ( 'NONE',  ( -12.78756443470179072, 21.10000000000000142, 4.000000000000000000 ) ) ;
#3228 = LINE ( 'NONE', #3246, #178 ) ;
#3229 = EDGE_CURVE ( 'NONE', #2700, #210, #940, .T. ) ;
#3230 = ORIENTED_EDGE ( 'NONE', *, *, #3229, .F. ) ;
#3231 = DIRECTION ( 'NONE',  ( 5.782411586589358625E-16, 1.000000000000000000, 5.782411586589358625E-16 ) ) ;
#3232 = ORIENTED_EDGE ( 'NONE', *, *, #3026, .F. ) ;
#3233 = CARTESIAN_POINT ( 'NONE',  ( -12.78756443470179072, 21.10000000000000142, 0.6706515684144505052 ) ) ;
#3234 = EDGE_CURVE ( 'NONE', #3797, #1418, #2707, .T. ) ;
#3235 = DIRECTION ( 'NONE',  ( -0.7071067811865515695, -0.7071067811865435759, 0.000000000000000000 ) ) ;
#3236 = VERTEX_POINT ( 'NONE', #3444 ) ;
#3237 = ORIENTED_EDGE ( 'NONE', *, *, #697, .F. ) ;
#3238 = CARTESIAN_POINT ( 'NONE',  ( 17.59999999999999787, 13.89999999999998259, 2.999999999999999112 ) ) ;
#3239 = DIRECTION ( 'NONE',  ( 0.000000000000000000, 0.000000000000000000, -1.000000000000000000 ) ) ;
#3240 = ORIENTED_EDGE ( 'NONE', *, *, #4573, .T. ) ;
#3241 = CARTESIAN_POINT ( 'NONE',  ( -10.40000000000000213, 18.39999999999996305, 3.000000000000000000 ) ) ;
#3242 = CARTESIAN_POINT ( 'NONE',  ( 15.21243556529820928, 21.10000000000000142, 4.000000000000000000 ) ) ;
#3243 = CARTESIAN_POINT ( 'NONE',  ( -20.00000000000000000, 11.77848717028428993, 21.29999561272582298 ) ) ;
#3244 = ORIENTED_EDGE ( 'NONE', *, *, #1975, .T. ) ;
#3245 = DIRECTION ( 'NONE',  ( -0.000000000000000000, 1.000000000000000000, -0.000000000000000000 ) ) ;
#3246 = CARTESIAN_POINT ( 'NONE',  ( -20.00000000000000355, 18.00000000000000355, 26.79999999999999361 ) ) ;
#3247 = ORIENTED_EDGE ( 'NONE', *, *, #4471, .F. ) ;
#3248 = EDGE_CURVE ( 'NONE', #3911, #2657, #1182, .T. ) ;
#3249 = DIRECTION ( 'NONE',  ( -1.927470528863118802E-16, 1.000000000000000000, 0.000000000000000000 ) ) ;
#3250 = EDGE_LOOP ( 'NONE', ( #907, #3343, #431, #684 ) ) ;
#3251 = DIRECTION ( 'NONE',  ( 0.000000000000000000, 0.000000000000000000, 1.000000000000000000 ) ) ;
#3252 = DIRECTION ( 'NONE',  ( -1.000000000000000000, 0.000000000000000000, 0.000000000000000000 ) ) ;
#3253 = ORIENTED_EDGE ( 'NONE', *, *, #1298, .F. ) ;
#3254 = EDGE_CURVE ( 'NONE', #66, #803, #211, .T. ) ;
#3255 = DIRECTION ( 'NONE',  ( 0.4999999999999997780, -0.8660254037844387076, 0.000000000000000000 ) ) ;
#3256 = ORIENTED_EDGE ( 'NONE', *, *, #3561, .F. ) ;
#3257 = DIRECTION ( 'NONE',  ( 0.000000000000000000, 0.000000000000000000, 1.000000000000000000 ) ) ;
#3258 = DIRECTION ( 'NONE',  ( 0.000000000000000000, 0.000000000000000000, 1.000000000000000000 ) ) ;
#3259 = VERTEX_POINT ( 'NONE', #1646 ) ;
#3260 = ADVANCED_FACE ( 'NONE', ( #3086 ), #4514, .F. ) ;
#3261 = CARTESIAN_POINT ( 'NONE',  ( -15.21243556529821284, 21.10000000000000142, 0.6706515684144505052 ) ) ;
#3262 = LINE ( 'NONE', #32, #4187 ) ;
#3263 = FILL_AREA_STYLE_COLOUR ( '', #3498 ) ;
#3264 = ORIENTED_EDGE ( 'NONE', *, *, #4595, .T. ) ;
#3265 = AXIS2_PLACEMENT_3D ( 'NONE', #3186, #4615, #3917 ) ;
#3266 = DIRECTION ( 'NONE',  ( 1.927470528863118802E-16, -1.000000000000000000, 0.000000000000000000 ) ) ;
#3267 = CARTESIAN_POINT ( 'NONE',  ( 9.499999999999998224, -24.79999999999999005, 0.5000000000000005551 ) ) ;
#3268 = VERTEX_POINT ( 'NONE', #843 ) ;
#3269 = VECTOR ( 'NONE', #861, 1000.000000000000000 ) ;
#3270 = AXIS2_PLACEMENT_3D ( 'NONE', #1819, #1139, #1844 ) ;
#3271 = CARTESIAN_POINT ( 'NONE',  ( 15.24999999999990408, -15.25000000000007816, 3.000000000000000000 ) ) ;
#3272 = ORIENTED_EDGE ( 'NONE', *, *, #445, .F. ) ;
#3273 = CARTESIAN_POINT ( 'NONE',  ( 11.57512886940357077, 18.99999999999999645, 0.06696562634074705589 ) ) ;
#3274 = DIRECTION ( 'NONE',  ( -1.000000000000000000, 0.000000000000000000, 0.000000000000000000 ) ) ;
#3275 = VERTEX_POINT ( 'NONE', #2379 ) ;
#3276 = ADVANCED_FACE ( 'NONE', ( #3819 ), #3177, .F. ) ;
#3277 = VECTOR ( 'NONE', #1234, 1000.000000000000000 ) ;
#3278 = AXIS2_PLACEMENT_3D ( 'NONE', #2910, #720, #3223 ) ;
#3279 = CARTESIAN_POINT ( 'NONE',  ( -17.60000000000000497, 13.90000000000000036, 28.00000000000000000 ) ) ;
#3280 = ORIENTED_EDGE ( 'NONE', *, *, #3132, .F. ) ;
#3281 = VECTOR ( 'NONE', #3049, 1000.000000000000000 ) ;
#3282 = DIRECTION ( 'NONE',  ( 0.000000000000000000, -0.000000000000000000, 1.000000000000000000 ) ) ;
#3283 =( NAMED_UNIT ( * ) PLANE_ANGLE_UNIT ( ) SI_UNIT ( $, .RADIAN. ) );
#3284 = B_SPLINE_CURVE_WITH_KNOTS ( 'NONE', 3,
 ( #463, #2236, #2960, #1945, #109, #818, #2256, #1176, #4397, #3718 ),
 .UNSPECIFIED., .F., .F.,
 ( 4, 2, 2, 2, 4 ),
 ( 0.000000000000000000, 0.0004722293603773314460, 0.0009444587207546628919, 0.001416688081131994284, 0.001888917441509325784 ),
 .UNSPECIFIED. ) ;
#3285 = ADVANCED_FACE ( 'NONE', ( #2446 ), #254, .F. ) ;
#3286 = ORIENTED_EDGE ( 'NONE', *, *, #969, .T. ) ;
#3287 = VECTOR ( 'NONE', #3110, 1000.000000000000000 ) ;
#3288 = VECTOR ( 'NONE', #2617, 1000.000000000000000 ) ;
#3289 = FACE_OUTER_BOUND ( 'NONE', #1264, .T. ) ;
#3290 = CARTESIAN_POINT ( 'NONE',  ( -19.99999999999999645, -13.70000000000000817, 14.89999999999998792 ) ) ;
#3291 = CARTESIAN_POINT ( 'NONE',  ( 11.57512886940357077, 18.99999999999999645, 4.000000000000000000 ) ) ;
#3292 = VECTOR ( 'NONE', #2494, 1000.000000000000114 ) ;
#3293 = DIRECTION ( 'NONE',  ( 1.000000000000000000, 1.508455196501571183E-16, -0.000000000000000000 ) ) ;
#3294 = EDGE_CURVE ( 'NONE', #112, #1252, #1105, .T. ) ;
#3295 = EDGE_LOOP ( 'NONE', ( #3592, #3237, #4295, #151 ) ) ;
#3296 = FACE_OUTER_BOUND ( 'NONE', #4148, .T. ) ;
#3297 = CARTESIAN_POINT ( 'NONE',  ( 11.76657301174987680, 18.66840901864474844, 0.02235517996230255988 ) ) ;
#3298 = ORIENTED_EDGE ( 'NONE', *, *, #2126, .T. ) ;
#3299 = ORIENTED_EDGE ( 'NONE', *, *, #1411, .T. ) ;
#3300 = FACE_OUTER_BOUND ( 'NONE', #1564, .T. ) ;
#3301 = CARTESIAN_POINT ( 'NONE',  ( 10.40000000000000213, -16.90000000000000924, 8.500000000000000000 ) ) ;
#3302 = ORIENTED_EDGE ( 'NONE', *, *, #4627, .T. ) ;
#3303 = ADVANCED_FACE ( 'NONE', ( #4258 ), #3582, .F. ) ;
#3304 = LINE ( 'NONE', #821, #2386 ) ;
#3305 = EDGE_LOOP ( 'NONE', ( #1942, #184, #1958, #4041 ) ) ;
#3306 = DIRECTION ( 'NONE',  ( 0.7071067811865497932, 0.000000000000000000, -0.7071067811865452413 ) ) ;
#3307 = CYLINDRICAL_SURFACE ( 'NONE', #1246, 1.999999999999994893 ) ;
#3308 = ORIENTED_EDGE ( 'NONE', *, *, #3173, .F. ) ;
#3309 = EDGE_CURVE ( 'NONE', #4533, #1021, #3910, .T. ) ;
#3310 = DIRECTION ( 'NONE',  ( 0.000000000000000000, -0.7071067811865454633, 0.7071067811865495711 ) ) ;
#3311 = CARTESIAN_POINT ( 'NONE',  ( 0.000000000000000000, 0.000000000000000000, 8.500000000000000000 ) ) ;
#3312 = CARTESIAN_POINT ( 'NONE',  ( -17.60000000000000497, 13.90000000000000036, 2.999999999999999112 ) ) ;
#3313 = ORIENTED_EDGE ( 'NONE', *, *, #485, .T. ) ;
#3314 = ADVANCED_FACE ( 'NONE', ( #2797 ), #3486, .T. ) ;
#3315 = DIRECTION ( 'NONE',  ( -1.000000000000000000, 0.000000000000000000, 0.000000000000000000 ) ) ;
#3316 = CARTESIAN_POINT ( 'NONE',  ( -12.49999999999999645, -25.50000000000000355, 26.79999999999999361 ) ) ;
#3317 = ORIENTED_EDGE ( 'NONE', *, *, #366, .T. ) ;
#3318 = EDGE_CURVE ( 'NONE', #390, #3054, #3929, .T. ) ;
#3319 = ORIENTED_EDGE ( 'NONE', *, *, #1513, .T. ) ;
#3320 = PLANE ( 'NONE',  #1759 ) ;
#3321 = CARTESIAN_POINT ( 'NONE',  ( 10.59999999999999254, -15.50000000000000178, 1.599999999999994982 ) ) ;
#3322 = EDGE_LOOP ( 'NONE', ( #3038, #1132, #1035, #2170 ) ) ;
#3323 = DIRECTION ( 'NONE',  ( -1.000000000000000000, -0.000000000000000000, -0.000000000000000000 ) ) ;
#3324 = VERTEX_POINT ( 'NONE', #3155 ) ;
#3325 = CARTESIAN_POINT ( 'NONE',  ( 0.000000000000000000, 0.000000000000000000, 20.50000000000000000 ) ) ;
#3326 = DIRECTION ( 'NONE',  ( -0.7071067811865427988, 4.088782444488971571E-16, 0.7071067811865522357 ) ) ;
#3327 = VERTEX_POINT ( 'NONE', #2401 ) ;
#3328 = CARTESIAN_POINT ( 'NONE',  ( 12.78756443470178361, 16.89999999999999858, 4.000000000000000000 ) ) ;
#3329 = CARTESIAN_POINT ( 'NONE',  ( -17.59999999999999787, -11.00000000000000711, 19.40000000000000213 ) ) ;
#3330 = CARTESIAN_POINT ( 'NONE',  ( 15.59808843684399093, 20.43202963239786030, 0.3674442917158906030 ) ) ;
#3331 = SURFACE_STYLE_FILL_AREA ( #2249 ) ;
#3332 = ORIENTED_EDGE ( 'NONE', *, *, #457, .T. ) ;
#3333 = ADVANCED_FACE ( 'NONE', ( #4658 ), #1688, .F. ) ;
#3334 = CARTESIAN_POINT ( 'NONE',  ( -18.40000000000000568, 15.90000000000000036, 3.000000000000000000 ) ) ;
#3335 = CIRCLE ( 'NONE', #2578, 3.499999999999999556 ) ;
#3336 = CARTESIAN_POINT ( 'NONE',  ( 17.60000000000000853, -17.00000000000000355, 21.40000000000000213 ) ) ;
#3337 = VERTEX_POINT ( 'NONE', #4563 ) ;
#3338 = ADVANCED_FACE ( 'NONE', ( #1008 ), #3206, .F. ) ;
#3339 = VECTOR ( 'NONE', #2501, 1000.000000000000000 ) ;
#3340 = AXIS2_PLACEMENT_3D ( 'NONE', #1857, #4440, #1217 ) ;
#3341 = CARTESIAN_POINT ( 'NONE',  ( -18.80000000000000782, -7.700000000000008171, 9.700000000000006395 ) ) ;
#3342 = DIRECTION ( 'NONE',  ( -0.000000000000000000, -0.000000000000000000, 1.000000000000000000 ) ) ;
#3343 = ORIENTED_EDGE ( 'NONE', *, *, #3687, .F. ) ;
#3344 = EDGE_CURVE ( 'NONE', #2890, #1078, #1030, .T. ) ;
#3345 = AXIS2_PLACEMENT_3D ( 'NONE', #3401, #4554, #1236 ) ;
#3346 = LINE ( 'NONE', #91, #1249 ) ;
#3347 = ORIENTED_EDGE ( 'NONE', *, *, #3190, .T. ) ;
#3348 = CARTESIAN_POINT ( 'NONE',  ( -17.60000000000000497, 13.90000000000000036, 8.500000000000000000 ) ) ;
#3349 = AXIS2_PLACEMENT_3D ( 'NONE', #3181, #2780, #283 ) ;
#3350 = VERTEX_POINT ( 'NONE', #3889 ) ;
#3351 = AXIS2_PLACEMENT_3D ( 'NONE', #1349, #923, #901 ) ;
#3352 = AXIS2_PLACEMENT_3D ( 'NONE', #2433, #1069, #2110 ) ;
#3353 = LINE ( 'NONE', #4074, #2830 ) ;
#3354 = PLANE ( 'NONE',  #2508 ) ;
#3355 = LINE ( 'NONE', #1843, #1543 ) ;
#3356 = DIRECTION ( 'NONE',  ( -0.000000000000000000, -0.000000000000000000, 1.000000000000000000 ) ) ;
#3357 = ORIENTED_EDGE ( 'NONE', *, *, #3856, .F. ) ;
#3358 = CONICAL_SURFACE ( 'NONE', #2677, 4.699999999999988631, 0.7853981633974498333 ) ;
#3359 = VECTOR ( 'NONE', #2356, 1000.000000000000000 ) ;
#3360 = VECTOR ( 'NONE', #3447, 1000.000000000000000 ) ;
#3361 = CARTESIAN_POINT ( 'NONE',  ( 3.499999999999999556, 15.50000000000000178, 18.50000000000000711 ) ) ;
#3362 = VECTOR ( 'NONE', #2281, 1000.000000000000000 ) ;
#3363 = EDGE_CURVE ( 'NONE', #2700, #1179, #2072, .T. ) ;
#3364 = FACE_OUTER_BOUND ( 'NONE', #300, .T. ) ;
#3365 = CARTESIAN_POINT ( 'NONE',  ( -10.39999999999999858, -22.90000000000001279, 8.500000000000000000 ) ) ;
#3366 = VERTEX_POINT ( 'NONE', #2420 ) ;
#3367 = EDGE_CURVE ( 'NONE', #1028, #3413, #633, .T. ) ;
#3368 = CARTESIAN_POINT ( 'NONE',  ( -17.41441134760119169, 25.49629801556267594, 20.75649281857144857 ) ) ;
#3369 = ORIENTED_EDGE ( 'NONE', *, *, #35, .F. ) ;
#3370 = EDGE_CURVE ( 'NONE', #3417, #2832, #1385, .T. ) ;
#3371 = LINE ( 'NONE', #2727, #354 ) ;
#3372 = ORIENTED_EDGE ( 'NONE', *, *, #4274, .T. ) ;
#3373 = DIRECTION ( 'NONE',  ( -1.000000000000000000, 0.000000000000000000, -0.000000000000000000 ) ) ;
#3374 = ORIENTED_EDGE ( 'NONE', *, *, #1444, .T. ) ;
#3375 = DIRECTION ( 'NONE',  ( 1.000000000000000000, 0.000000000000000000, 0.000000000000000000 ) ) ;
#3376 = DIRECTION ( 'NONE',  ( 0.7071067811865487940, 0.7071067811865463515, -0.000000000000000000 ) ) ;
#3377 = CARTESIAN_POINT ( 'NONE',  ( -20.00000000000000355, 25.50000000000000355, 3.000000000000000000 ) ) ;
#3378 = DIRECTION ( 'NONE',  ( -1.000000000000000000, 0.000000000000000000, 0.000000000000000000 ) ) ;
#3379 = ORIENTED_EDGE ( 'NONE', *, *, #2016, .T. ) ;
#3380 = DIRECTION ( 'NONE',  ( 0.000000000000000000, 1.000000000000000000, 0.000000000000000000 ) ) ;
#3381 = DIRECTION ( 'NONE',  ( -0.000000000000000000, -0.000000000000000000, -1.000000000000000000 ) ) ;
#3382 = FACE_OUTER_BOUND ( 'NONE', #3952, .T. ) ;
#3383 = VERTEX_POINT ( 'NONE', #299 ) ;
#3384 = EDGE_LOOP ( 'NONE', ( #2330, #3708, #1539, #1221 ) ) ;
#3385 = FACE_OUTER_BOUND ( 'NONE', #2292, .T. ) ;
#3386 = CARTESIAN_POINT ( 'NONE',  ( -12.49999999999999645, -18.00000000000000355, 26.79999999999999361 ) ) ;
#3387 = ORIENTED_EDGE ( 'NONE', *, *, #1528, .F. ) ;
#3388 = EDGE_CURVE ( 'NONE', #1472, #359, #1361, .T. ) ;
#3389 = LINE ( 'NONE', #565, #4483 ) ;
#3390 = ORIENTED_EDGE ( 'NONE', *, *, #3158, .T. ) ;
#3391 = LINE ( 'NONE', #1156, #28 ) ;
#3392 = VERTEX_POINT ( 'NONE', #2755 ) ;
#3393 = ADVANCED_FACE ( 'NONE', ( #2143 ), #4606, .T. ) ;
#3394 = LINE ( 'NONE', #1629, #2907 ) ;
#3395 = FACE_OUTER_BOUND ( 'NONE', #584, .T. ) ;
#3396 = DIRECTION ( 'NONE',  ( 1.119176436114069085E-16, -1.000000000000000000, 0.000000000000000000 ) ) ;
#3397 = FACE_OUTER_BOUND ( 'NONE', #2375, .T. ) ;
#3398 = EDGE_LOOP ( 'NONE', ( #4023, #1582, #3226, #2123 ) ) ;
#3399 = EDGE_CURVE ( 'NONE', #1381, #2825, #3606, .T. ) ;
#3400 = DIRECTION ( 'NONE',  ( 0.000000000000000000, -0.000000000000000000, 1.000000000000000000 ) ) ;
#3401 = CARTESIAN_POINT ( 'NONE',  ( 18.60000000000000142, 10.99999999999999645, 21.40000000000000213 ) ) ;
#3402 = VECTOR ( 'NONE', #2372, 1000.000000000000000 ) ;
#3403 = EDGE_LOOP ( 'NONE', ( #1881, #1976, #2099 ) ) ;
#3404 = ORIENTED_EDGE ( 'NONE', *, *, #2499, .F. ) ;
#3405 = PLANE ( 'NONE',  #1467 ) ;
#3406 = ORIENTED_EDGE ( 'NONE', *, *, #290, .F. ) ;
#3407 = ORIENTED_EDGE ( 'NONE', *, *, #1125, .F. ) ;
#3408 = LINE ( 'NONE', #2326, #3645 ) ;
#3409 = SURFACE_STYLE_USAGE ( .BOTH. , #1270 ) ;
#3410 = AXIS2_PLACEMENT_3D ( 'NONE', #2600, #3071, #4037 ) ;
#3411 = VECTOR ( 'NONE', #3257, 1000.000000000000000 ) ;
#3412 = DIRECTION ( 'NONE',  ( 0.7071067811865463515, -0.7071067811865487940, 0.000000000000000000 ) ) ;
#3413 = VERTEX_POINT ( 'NONE', #4456 ) ;
#3414 = CARTESIAN_POINT ( 'NONE',  ( 17.60000000000000497, -25.50000000000000355, 8.500000000000000000 ) ) ;
#3415 = EDGE_CURVE ( 'NONE', #1679, #2957, #2169, .T. ) ;
#3416 = DIRECTION ( 'NONE',  ( 0.8660254037844385966, 0.5000000000000003331, -0.000000000000000000 ) ) ;
#3417 = VERTEX_POINT ( 'NONE', #15 ) ;
#3418 = VECTOR ( 'NONE', #1242, 1000.000000000000000 ) ;
#3419 = DIRECTION ( 'NONE',  ( 0.000000000000000000, 0.000000000000000000, -1.000000000000000000 ) ) ;
#3420 = LINE ( 'NONE', #3775, #704 ) ;
#3421 = EDGE_CURVE ( 'NONE', #1051, #2232, #4109, .T. ) ;
#3422 = PLANE ( 'NONE',  #3351 ) ;
#3423 = LINE ( 'NONE', #194, #570 ) ;
#3424 = VERTEX_POINT ( 'NONE', #1912 ) ;
#3425 = VECTOR ( 'NONE', #1655, 1000.000000000000000 ) ;
#3426 = VECTOR ( 'NONE', #2184, 1000.000000000000000 ) ;
#3427 = CARTESIAN_POINT ( 'NONE',  ( -12.49999999999999645, -18.00000000000000355, 26.00000000000000355 ) ) ;
#3428 = EDGE_CURVE ( 'NONE', #521, #1731, #149, .T. ) ;
#3429 = CARTESIAN_POINT ( 'NONE',  ( 15.21243556529820928, 21.10000000000000142, 4.000000000000000000 ) ) ;
#3430 = AXIS2_PLACEMENT_3D ( 'NONE', #429, #2594, #4032 ) ;
#3431 = CIRCLE ( 'NONE', #491, 1.249999999999999334 ) ;
#3432 = PLANE ( 'NONE',  #3345 ) ;
#3433 = VERTEX_POINT ( 'NONE', #1806 ) ;
#3434 = AXIS2_PLACEMENT_3D ( 'NONE', #4641, #1417, #1364 ) ;
#3435 = CONICAL_SURFACE ( 'NONE', #799, 6.299999999999986500, 0.7853981633974511656 ) ;
#3436 = EDGE_LOOP ( 'NONE', ( #4127, #2945, #1360, #382, #2405 ) ) ;
#3437 = CARTESIAN_POINT ( 'NONE',  ( -18.80000000000001492, 11.77848717028428993, 16.59999561272583435 ) ) ;
#3438 = ORIENTED_EDGE ( 'NONE', *, *, #3502, .T. ) ;
#3439 = PLANE ( 'NONE',  #2286 ) ;
#3440 = FILL_AREA_STYLE ('',( #3008 ) ) ;
#3441 = ORIENTED_EDGE ( 'NONE', *, *, #105, .F. ) ;
#3442 = VECTOR ( 'NONE', #4280, 1000.000000000000000 ) ;
#3443 =( BOUNDED_CURVE ( )  B_SPLINE_CURVE ( 3, ( #3175, #660, #2820, #389 ),
 .UNSPECIFIED., .F., .T. ) 
 B_SPLINE_CURVE_WITH_KNOTS ( ( 4, 4 ),
 ( 1.144684621492850329, 1.437064737384956326 ),
 .UNSPECIFIED. ) 
 CURVE ( )  GEOMETRIC_REPRESENTATION_ITEM ( )  RATIONAL_B_SPLINE_CURVE ( ( 1.000000000000000000, 0.9928888339073689284, 0.9928888339073689284, 1.000000000000000000 ) ) 
 REPRESENTATION_ITEM ( '' )  );
#3444 = CARTESIAN_POINT ( 'NONE',  ( 10.39999999999999858, 17.90000000000001990, 8.500000000000000000 ) ) ;
#3445 = VERTEX_POINT ( 'NONE', #2919 ) ;
#3446 = CARTESIAN_POINT ( 'NONE',  ( -19.99999999999999645, -25.50000000000000355, 1.199999999999999734 ) ) ;
#3447 = DIRECTION ( 'NONE',  ( 1.927470528863118802E-16, -1.000000000000000000, 0.000000000000000000 ) ) ;
#3448 = ORIENTED_EDGE ( 'NONE', *, *, #2414, .T. ) ;
#3449 = CARTESIAN_POINT ( 'NONE',  ( 19.99999999999999645, 18.00000000000000355, 7.500000000000000000 ) ) ;
#3450 = CARTESIAN_POINT ( 'NONE',  ( 10.39999999999999858, 17.90000000000001990, 8.500000000000000000 ) ) ;
#3451 = DIRECTION ( 'NONE',  ( 0.000000000000000000, 1.000000000000000000, 0.000000000000000000 ) ) ;
#3452 = ORIENTED_EDGE ( 'NONE', *, *, #4195, .T. ) ;
#3453 = ADVANCED_FACE ( 'NONE', ( #732, #2562 ), #4082, .T. ) ;
#3454 = SURFACE_STYLE_USAGE ( .BOTH. , #975 ) ;
#3455 = CARTESIAN_POINT ( 'NONE',  ( 17.60000000000000497, -25.50000000000000355, 26.00000000000000355 ) ) ;
#3456 = DIRECTION ( 'NONE',  ( -0.000000000000000000, 1.000000000000000000, -0.000000000000000000 ) ) ;
#3457 = VERTEX_POINT ( 'NONE', #860 ) ;
#3458 = ADVANCED_FACE ( 'NONE', ( #2296 ), #372, .F. ) ;
#3459 = ORIENTED_EDGE ( 'NONE', *, *, #3015, .F. ) ;
#3460 = LINE ( 'NONE', #207, #187 ) ;
#3461 = ORIENTED_EDGE ( 'NONE', *, *, #511, .T. ) ;
#3462 = CARTESIAN_POINT ( 'NONE',  ( -15.84752086140680660, 18.00000000000000355, 0.000000000000000000 ) ) ;
#3463 = DIRECTION ( 'NONE',  ( 1.000000000000000000, -0.000000000000000000, 0.000000000000000000 ) ) ;
#3464 = ORIENTED_EDGE ( 'NONE', *, *, #3146, .F. ) ;
#3465 = EDGE_CURVE ( 'NONE', #1654, #4006, #1826, .T. ) ;
#3466 = DIRECTION ( 'NONE',  ( 1.000000000000000000, 0.000000000000000000, 0.000000000000000000 ) ) ;
#3467 = ORIENTED_EDGE ( 'NONE', *, *, #3318, .T. ) ;
#3468 = CARTESIAN_POINT ( 'NONE',  ( -12.40000000000001634, 15.90000000000000036, 3.000000000000000000 ) ) ;
#3469 = PLANE ( 'NONE',  #2080 ) ;
#3470 = ORIENTED_EDGE ( 'NONE', *, *, #166, .T. ) ;
#3471 = LINE ( 'NONE', #1598, #48 ) ;
#3472 = DIRECTION ( 'NONE',  ( 0.000000000000000000, -1.000000000000000000, 0.000000000000000000 ) ) ;
#3473 = PLANE ( 'NONE',  #2597 ) ;
#3474 = EDGE_LOOP ( 'NONE', ( #3264, #1219, #1647, #4186 ) ) ;
#3475 = CARTESIAN_POINT ( 'NONE',  ( 16.42487113059642567, 18.99999999999999645, 4.000000000000000000 ) ) ;
#3476 = CARTESIAN_POINT ( 'NONE',  ( 12.40000000000000568, 15.90000000000000391, 8.500000000000000000 ) ) ;
#3477 = ADVANCED_FACE ( 'NONE', ( #4349 ), #3004, .T. ) ;
#3478 = ORIENTED_EDGE ( 'NONE', *, *, #317, .F. ) ;
#3479 = EDGE_LOOP ( 'NONE', ( #3627, #1151, #2193, #3924 ) ) ;
#3480 = DIRECTION ( 'NONE',  ( -1.000000000000000000, -4.336808689942012806E-16, -0.000000000000000000 ) ) ;
#3481 = ORIENTED_EDGE ( 'NONE', *, *, #2676, .F. ) ;
#3482 = DIRECTION ( 'NONE',  ( 0.7071067811865454633, -0.7071067811865495711, 0.000000000000000000 ) ) ;
#3483 = EDGE_CURVE ( 'NONE', #3914, #3383, #4061, .T. ) ;
#3484 = ORIENTED_EDGE ( 'NONE', *, *, #4053, .F. ) ;
#3485 = AXIS2_PLACEMENT_3D ( 'NONE', #4252, #1379, #1409 ) ;
#3486 = PLANE ( 'NONE',  #2161 ) ;
#3487 = ORIENTED_EDGE ( 'NONE', *, *, #538, .T. ) ;
#3488 = LINE ( 'NONE', #2351, #3189 ) ;
#3489 = ADVANCED_FACE ( 'NONE', ( #4325 ), #1566, .T. ) ;
#3490 = DIRECTION ( 'NONE',  ( 1.000000000000000000, 0.000000000000000000, 0.000000000000000000 ) ) ;
#3491 = EDGE_LOOP ( 'NONE', ( #933, #3845, #4265, #2610, #3865, #206, #947, #1434, #645, #3508 ) ) ;
#3492 = VECTOR ( 'NONE', #2100, 1000.000000000000000 ) ;
#3493 = CARTESIAN_POINT ( 'NONE',  ( -18.80000000000000782, -7.700000000000008171, 13.69999999999999751 ) ) ;
#3494 = DIRECTION ( 'NONE',  ( -0.000000000000000000, 0.000000000000000000, 1.000000000000000000 ) ) ;
#3495 = LINE ( 'NONE', #2408, #2604 ) ;
#3496 = VECTOR ( 'NONE', #2774, 1000.000000000000000 ) ;
#3497 = ORIENTED_EDGE ( 'NONE', *, *, #4390, .T. ) ;
#3498 = COLOUR_RGB ( '',0.4980392156862745168, 0.4980392156862745168, 0.4980392156862745168 ) ;
#3499 = DIRECTION ( 'NONE',  ( -0.4999999999999998335, 0.8660254037844387076, 0.000000000000000000 ) ) ;
#3500 = CARTESIAN_POINT ( 'NONE',  ( 18.40000000000000213, -18.00000000000000355, 26.00000000000000355 ) ) ;
#3501 = ORIENTED_EDGE ( 'NONE', *, *, #4247, .T. ) ;
#3502 = EDGE_CURVE ( 'NONE', #1887, #686, #1254, .T. ) ;
#3503 = VECTOR ( 'NONE', #3093, 1000.000000000000000 ) ;
#3504 = LINE ( 'NONE', #1640, #3205 ) ;
#3505 = AXIS2_PLACEMENT_3D ( 'NONE', #4596, #1372, #719 ) ;
#3506 = DIRECTION ( 'NONE',  ( 0.5000000000000009992, 0.8660254037844381525, 0.000000000000000000 ) ) ;
#3507 = CARTESIAN_POINT ( 'NONE',  ( 13.64999999999998970, -13.65000000000003766, 8.500000000000000000 ) ) ;
#3508 = ORIENTED_EDGE ( 'NONE', *, *, #54, .T. ) ;
#3509 = COLOUR_RGB ( '',0.4980392156862745168, 0.4980392156862745168, 0.4980392156862745168 ) ;
#3510 = AXIS2_PLACEMENT_3D ( 'NONE', #1721, #4591, #4266 ) ;
#3511 = ADVANCED_FACE ( 'NONE', ( #3364 ), #1235, .F. ) ;
#3512 = VECTOR ( 'NONE', #3137, 1000.000000000000000 ) ;
#3513 = DIRECTION ( 'NONE',  ( -0.7071067811865479058, 0.000000000000000000, 0.7071067811865472397 ) ) ;
#3514 = EDGE_LOOP ( 'NONE', ( #2530, #3560 ) ) ;
#3515 = AXIS2_PLACEMENT_3D ( 'NONE', #352, #1339, #2048 ) ;
#3516 = LINE ( 'NONE', #2709, #1603 ) ;
#3517 = LINE ( 'NONE', #3209, #797 ) ;
#3518 = CARTESIAN_POINT ( 'NONE',  ( -15.21243556529821994, -15.90000000000000036, 0.000000000000000000 ) ) ;
#3519 = ORIENTED_EDGE ( 'NONE', *, *, #1811, .F. ) ;
#3520 = EDGE_CURVE ( 'NONE', #4353, #147, #1855, .T. ) ;
#3521 = CARTESIAN_POINT ( 'NONE',  ( 18.40000000000000568, 15.90000000000000391, 8.500000000000000000 ) ) ;
#3522 = DIRECTION ( 'NONE',  ( -5.782411586589358625E-16, -1.000000000000000000, -5.782411586589358625E-16 ) ) ;
#3523 = CARTESIAN_POINT ( 'NONE',  ( -19.99999999999999645, -23.10000000000000142, 2.999999999999999112 ) ) ;
#3524 = ORIENTED_EDGE ( 'NONE', *, *, #1157, .F. ) ;
#3525 = EDGE_CURVE ( 'NONE', #2825, #2844, #2871, .T. ) ;
#3526 = UNCERTAINTY_MEASURE_WITH_UNIT (LENGTH_MEASURE( 1.000000000000000082E-05 ), #2374, 'distance_accuracy_value', 'NONE');
#3527 = CARTESIAN_POINT ( 'NONE',  ( -17.60000000000000853, 18.00000000000000355, 20.50000000000000000 ) ) ;
#3528 = CARTESIAN_POINT ( 'NONE',  ( 18.79999999999998650, 2.557866772420701806E-15, 28.00000000000000000 ) ) ;
#3529 = CARTESIAN_POINT ( 'NONE',  ( 19.99999999999999645, 18.00000000000000355, 7.500000000000000000 ) ) ;
#3530 = ORIENTED_EDGE ( 'NONE', *, *, #2857, .T. ) ;
#3531 = CARTESIAN_POINT ( 'NONE',  ( -12.78756443470178894, 16.89999999999999858, 4.000000000000000000 ) ) ;
#3532 = PLANE ( 'NONE',  #3485 ) ;
#3533 = ORIENTED_EDGE ( 'NONE', *, *, #4344, .F. ) ;
#3534 = DIRECTION ( 'NONE',  ( 1.000000000000000000, 0.000000000000000000, 0.000000000000000000 ) ) ;
#3535 = ORIENTED_EDGE ( 'NONE', *, *, #3920, .T. ) ;
#3536 = CYLINDRICAL_SURFACE ( 'NONE', #4386, 5.500000000000001776 ) ;
#3537 = DIRECTION ( 'NONE',  ( -1.000000000000000000, -1.360567432138672328E-16, 0.000000000000000000 ) ) ;
#3538 = FACE_OUTER_BOUND ( 'NONE', #4370, .T. ) ;
#3539 = EDGE_CURVE ( 'NONE', #3867, #2700, #3977, .T. ) ;
#3540 = ORIENTED_EDGE ( 'NONE', *, *, #3203, .F. ) ;
#3541 = CARTESIAN_POINT ( 'NONE',  ( -11.76657301174987857, 18.66840901864475200, 0.02235517996230418011 ) ) ;
#3542 = LINE ( 'NONE', #1325, #3935 ) ;
#3543 = LINE ( 'NONE', #3523, #46 ) ;
#3544 = ADVANCED_FACE ( 'NONE', ( #392 ), #3121, .F. ) ;
#3545 = EDGE_LOOP ( 'NONE', ( #3299, #4044, #3219, #1568 ) ) ;
#3546 = DIRECTION ( 'NONE',  ( 0.000000000000000000, 1.000000000000000000, 0.000000000000000000 ) ) ;
#3547 = DIRECTION ( 'NONE',  ( 0.000000000000000000, 0.000000000000000000, -1.000000000000000000 ) ) ;
#3548 = CARTESIAN_POINT ( 'NONE',  ( 12.78756443470179782, -15.89999999999999680, 0.000000000000000000 ) ) ;
#3549 = EDGE_CURVE ( 'NONE', #4380, #2044, #170, .T. ) ;
#3550 = ORIENTED_EDGE ( 'NONE', *, *, #4471, .T. ) ;
#3551 = LINE ( 'NONE', #4345, #1167 ) ;
#3552 = FACE_OUTER_BOUND ( 'NONE', #953, .T. ) ;
#3553 = CARTESIAN_POINT ( 'NONE',  ( -20.00000000000001066, -7.700000000000008171, 9.700000000000006395 ) ) ;
#3554 = ORIENTED_EDGE ( 'NONE', *, *, #1149, .T. ) ;
#3555 = CARTESIAN_POINT ( 'NONE',  ( 12.50000000000000178, -18.00000000000000355, 1.200000000000006617 ) ) ;
#3556 = ORIENTED_EDGE ( 'NONE', *, *, #850, .T. ) ;
#3557 = DIRECTION ( 'NONE',  ( 0.4999999999999997780, -0.8660254037844387076, 0.000000000000000000 ) ) ;
#3558 = CARTESIAN_POINT ( 'NONE',  ( 10.40000000000000391, -22.90000000000000924, 8.500000000000000000 ) ) ;
#3559 = ORIENTED_EDGE ( 'NONE', *, *, #1438, .F. ) ;
#3560 = ORIENTED_EDGE ( 'NONE', *, *, #3605, .F. ) ;
#3561 = EDGE_CURVE ( 'NONE', #2518, #1654, #2611, .T. ) ;
#3562 = CARTESIAN_POINT ( 'NONE',  ( -18.39999999999999503, -18.00000000000000355, 26.00000000000000355 ) ) ;
#3563 = CARTESIAN_POINT ( 'NONE',  ( -10.39999999999999503, -16.90000000000000924, 8.500000000000000000 ) ) ;
#3564 = PLANE ( 'NONE',  #1697 ) ;
#3565 = ORIENTED_EDGE ( 'NONE', *, *, #1352, .T. ) ;
#3566 = VECTOR ( 'NONE', #4, 1000.000000000000000 ) ;
#3567 = EDGE_CURVE ( 'NONE', #2020, #1593, #2149, .T. ) ;
#3568 = DIRECTION ( 'NONE',  ( -0.4999999999999998335, 0.8660254037844387076, 0.000000000000000000 ) ) ;
#3569 = VECTOR ( 'NONE', #4416, 1000.000000000000000 ) ;
#3570 = DIRECTION ( 'NONE',  ( 1.000000000000000000, 0.000000000000000000, 0.000000000000000000 ) ) ;
#3571 = LINE ( 'NONE', #997, #2819 ) ;
#3572 = ORIENTED_EDGE ( 'NONE', *, *, #1513, .F. ) ;
#3573 = VECTOR ( 'NONE', #2181, 1000.000000000000000 ) ;
#3574 = EDGE_CURVE ( 'NONE', #3813, #1458, #223, .T. ) ;
#3575 = DIRECTION ( 'NONE',  ( -0.5000000000000002220, 0.8660254037844384856, 0.000000000000000000 ) ) ;
#3576 = DIRECTION ( 'NONE',  ( -0.7071067811865491270, -8.177564888977997375E-16, 0.7071067811865459074 ) ) ;
#3577 = VECTOR ( 'NONE', #2667, 1000.000000000000000 ) ;
#3578 = DIRECTION ( 'NONE',  ( -1.227398685832647543E-16, 0.000000000000000000, 1.000000000000000000 ) ) ;
#3579 = ORIENTED_EDGE ( 'NONE', *, *, #3465, .T. ) ;
#3580 = VECTOR ( 'NONE', #2463, 1000.000000000000227 ) ;
#3581 = PRESENTATION_LAYER_ASSIGNMENT (  '', '', ( #1098 ) ) ;
#3582 = PLANE ( 'NONE',  #3515 ) ;
#3583 = VERTEX_POINT ( 'NONE', #3780 ) ;
#3584 = CARTESIAN_POINT ( 'NONE',  ( 12.78756443470178716, 21.10000000000000142, 0.6706515684144512823 ) ) ;
#3585 = PLANE ( 'NONE',  #1253 ) ;
#3586 = AXIS2_PLACEMENT_3D ( 'NONE', #2947, #3326, #847 ) ;
#3587 = ORIENTED_EDGE ( 'NONE', *, *, #2334, .F. ) ;
#3588 = CIRCLE ( 'NONE', #2980, 5.000000000000000888 ) ;
#3589 = CIRCLE ( 'NONE', #1328, 1.249999999999999334 ) ;
#3590 = AXIS2_PLACEMENT_3D ( 'NONE', #915, #3466, #1273 ) ;
#3591 = CYLINDRICAL_SURFACE ( 'NONE', #3510, 1.249999999999999334 ) ;
#3592 = ORIENTED_EDGE ( 'NONE', *, *, #4445, .T. ) ;
#3593 = DIRECTION ( 'NONE',  ( -1.360567432138672081E-16, 1.000000000000000000, 0.000000000000000000 ) ) ;
#3594 = CARTESIAN_POINT ( 'NONE',  ( 0.000000000000000000, 18.00000000000000355, 20.50000000000000000 ) ) ;
#3595 = VERTEX_POINT ( 'NONE', #3874 ) ;
#3596 = AXIS2_PLACEMENT_3D ( 'NONE', #2951, #2932, #4038 ) ;
#3597 = DIRECTION ( 'NONE',  ( -0.7071067811865435759, 0.7071067811865515695, 0.000000000000000000 ) ) ;
#3598 = CARTESIAN_POINT ( 'NONE',  ( -20.00000000000000355, 24.29999999999999361, 20.50000000000000000 ) ) ;
#3599 = FACE_OUTER_BOUND ( 'NONE', #1281, .T. ) ;
#3600 = VERTEX_POINT ( 'NONE', #1332 ) ;
#3601 = EDGE_CURVE ( 'NONE', #3721, #3839, #3096, .T. ) ;
#3602 = CARTESIAN_POINT ( 'NONE',  ( -15.59999999999998010, 15.90000000000000036, 8.500000000000000000 ) ) ;
#3603 = CARTESIAN_POINT ( 'NONE',  ( -11.57512886940357433, 18.99999999999999645, 4.000000000000000000 ) ) ;
#3604 = ORIENTED_EDGE ( 'NONE', *, *, #290, .T. ) ;
#3605 = EDGE_CURVE ( 'NONE', #3678, #4662, #3805, .T. ) ;
#3606 = LINE ( 'NONE', #529, #1704 ) ;
#3607 = ORIENTED_EDGE ( 'NONE', *, *, #136, .T. ) ;
#3608 = CARTESIAN_POINT ( 'NONE',  ( 10.40000000000000213, -16.90000000000000924, 3.000000000000000000 ) ) ;
#3609 = CARTESIAN_POINT ( 'NONE',  ( 17.59999999999999787, 16.99999999999999289, 21.40000000000000924 ) ) ;
#3610 = ORIENTED_EDGE ( 'NONE', *, *, #1383, .F. ) ;
#3611 = EDGE_CURVE ( 'NONE', #686, #400, #4484, .T. ) ;
#3612 = CARTESIAN_POINT ( 'NONE',  ( 12.50000000000000000, -23.90000000000000568, 28.00000000000000000 ) ) ;
#3613 = VERTEX_POINT ( 'NONE', #2768 ) ;
#3614 = DIRECTION ( 'NONE',  ( 0.000000000000000000, -0.000000000000000000, 1.000000000000000000 ) ) ;
#3615 = LINE ( 'NONE', #3939, #2376 ) ;
#3616 = ORIENTED_EDGE ( 'NONE', *, *, #1583, .F. ) ;
#3617 = CARTESIAN_POINT ( 'NONE',  ( 17.60000000000000497, -25.50000000000000355, 2.999999999999999112 ) ) ;
#3618 = CARTESIAN_POINT ( 'NONE',  ( 18.39999999999999503, 23.12347538297980165, 22.50000000000000000 ) ) ;
#3619 = CARTESIAN_POINT ( 'NONE',  ( -10.59999999999999254, -25.50000000000000355, 1.599999999999992539 ) ) ;
#3620 = ORIENTED_EDGE ( 'NONE', *, *, #3079, .F. ) ;
#3621 = CARTESIAN_POINT ( 'NONE',  ( -16.40000000000000568, 23.50000000000000000, 20.50000000000000000 ) ) ;
#3622 = EDGE_CURVE ( 'NONE', #3919, #4583, #650, .T. ) ;
#3623 = FACE_OUTER_BOUND ( 'NONE', #3545, .T. ) ;
#3624 = ORIENTED_EDGE ( 'NONE', *, *, #1595, .F. ) ;
#3625 = EDGE_CURVE ( 'NONE', #4612, #919, #1993, .T. ) ;
#3626 = CARTESIAN_POINT ( 'NONE',  ( 10.59999999999999076, -15.50000000000000178, 2.599999999999995204 ) ) ;
#3627 = ORIENTED_EDGE ( 'NONE', *, *, #952, .F. ) ;
#3628 = DIRECTION ( 'NONE',  ( -5.782411586589358625E-16, 1.000000000000000000, -0.000000000000000000 ) ) ;
#3629 = DIRECTION ( 'NONE',  ( -0.7071067811865453523, 4.088782444488986362E-16, 0.7071067811865497932 ) ) ;
#3630 = ORIENTED_EDGE ( 'NONE', *, *, #1867, .F. ) ;
#3631 = EDGE_CURVE ( 'NONE', #2232, #3595, #4576, .T. ) ;
#3632 = LINE ( 'NONE', #1111, #2608 ) ;
#3633 = VERTEX_POINT ( 'NONE', #1635 ) ;
#3634 = FACE_OUTER_BOUND ( 'NONE', #4208, .T. ) ;
#3635 = ORIENTED_EDGE ( 'NONE', *, *, #3158, .F. ) ;
#3636 = PLANE ( 'NONE',  #578 ) ;
#3637 = PLANE ( 'NONE',  #3596 ) ;
#3638 = CARTESIAN_POINT ( 'NONE',  ( -20.00000000000001066, -7.700000000000008171, 13.69999999999999751 ) ) ;
#3639 = VECTOR ( 'NONE', #852, 1000.000000000000000 ) ;
#3640 = ORIENTED_EDGE ( 'NONE', *, *, #351, .T. ) ;
#3641 = VECTOR ( 'NONE', #4586, 1000.000000000000000 ) ;
#3642 = LINE ( 'NONE', #2270, #1767 ) ;
#3643 = LINE ( 'NONE', #4346, #3269 ) ;
#3644 = ORIENTED_EDGE ( 'NONE', *, *, #1175, .T. ) ;
#3645 = VECTOR ( 'NONE', #628, 1000.000000000000000 ) ;
#3646 = EDGE_CURVE ( 'NONE', #2167, #844, #1353, .T. ) ;
#3647 = VECTOR ( 'NONE', #1404, 1000.000000000000000 ) ;
#3648 = ORIENTED_EDGE ( 'NONE', *, *, #2308, .T. ) ;
#3649 = CARTESIAN_POINT ( 'NONE',  ( -17.60000000000000497, 7.999999999999994671, 21.40000000000000568 ) ) ;
#3650 = DIRECTION ( 'NONE',  ( -1.000000000000000000, 0.000000000000000000, -0.000000000000000000 ) ) ;
#3651 = ORIENTED_EDGE ( 'NONE', *, *, #1283, .T. ) ;
#3652 = CIRCLE ( 'NONE', #1540, 6.299999999999984723 ) ;
#3653 = ADVANCED_FACE ( 'NONE', ( #2718 ), #4150, .F. ) ;
#3654 = AXIS2_PLACEMENT_3D ( 'NONE', #996, #1677, #1706 ) ;
#3655 = DIRECTION ( 'NONE',  ( -0.000000000000000000, -0.000000000000000000, 1.000000000000000000 ) ) ;
#3656 = ORIENTED_EDGE ( 'NONE', *, *, #4134, .T. ) ;
#3657 = MECHANICAL_DESIGN_GEOMETRIC_PRESENTATION_REPRESENTATION (  '', ( #1098 ), #1619 ) ;
#3658 = LINE ( 'NONE', #779, #2059 ) ;
#3659 = DIRECTION ( 'NONE',  ( 0.000000000000000000, 0.000000000000000000, -1.000000000000000000 ) ) ;
#3660 = ORIENTED_EDGE ( 'NONE', *, *, #2648, .T. ) ;
#3661 = ADVANCED_FACE ( 'NONE', ( #4552 ), #2090, .F. ) ;
#3662 = VECTOR ( 'NONE', #3218, 1000.000000000000000 ) ;
#3663 = AXIS2_PLACEMENT_3D ( 'NONE', #1117, #2553, #1560 ) ;
#3664 = CARTESIAN_POINT ( 'NONE',  ( -20.00000000000000000, 11.77848717028428993, 11.89999561272584572 ) ) ;
#3665 = CARTESIAN_POINT ( 'NONE',  ( -20.00000000000000000, 11.77848717028428993, 16.59999561272583435 ) ) ;
#3666 = DIRECTION ( 'NONE',  ( -1.000000000000000000, 0.000000000000000000, 0.000000000000000000 ) ) ;
#3667 = AXIS2_PLACEMENT_3D ( 'NONE', #3386, #4115, #3030 ) ;
#3668 = VECTOR ( 'NONE', #3955, 1000.000000000000000 ) ;
#3669 = DIRECTION ( 'NONE',  ( 0.000000000000000000, 0.000000000000000000, 1.000000000000000000 ) ) ;
#3670 = ORIENTED_EDGE ( 'NONE', *, *, #2961, .F. ) ;
#3671 = EDGE_CURVE ( 'NONE', #411, #1896, #2018, .T. ) ;
#3672 = CARTESIAN_POINT ( 'NONE',  ( -20.00000000000000355, 18.00000000000000355, 26.79999999999999361 ) ) ;
#3673 = DIRECTION ( 'NONE',  ( -0.000000000000000000, -0.000000000000000000, -1.000000000000000000 ) ) ;
#3674 = ORIENTED_EDGE ( 'NONE', *, *, #64, .F. ) ;
#3675 = EDGE_LOOP ( 'NONE', ( #4562, #255, #788 ) ) ;
#3676 = CARTESIAN_POINT ( 'NONE',  ( -18.40000000000000213, 25.22841614740048399, 22.50000000000000000 ) ) ;
#3677 = PLANE ( 'NONE',  #2305 ) ;
#3678 = VERTEX_POINT ( 'NONE', #600 ) ;
#3679 = DIRECTION ( 'NONE',  ( 0.000000000000000000, 1.000000000000000000, 0.000000000000000000 ) ) ;
#3680 = ORIENTED_EDGE ( 'NONE', *, *, #3294, .F. ) ;
#3681 = DIRECTION ( 'NONE',  ( 0.000000000000000000, -1.000000000000000000, 0.000000000000000000 ) ) ;
#3682 = EDGE_CURVE ( 'NONE', #2807, #4493, #4524, .T. ) ;
#3683 = FACE_OUTER_BOUND ( 'NONE', #960, .T. ) ;
#3684 = ORIENTED_EDGE ( 'NONE', *, *, #1116, .T. ) ;
#3685 = CARTESIAN_POINT ( 'NONE',  ( -3.499999999999996003, 25.50000000000000355, 18.50000000000000711 ) ) ;
#3686 = DIRECTION ( 'NONE',  ( -0.000000000000000000, -0.000000000000000000, -1.000000000000000000 ) ) ;
#3687 = EDGE_CURVE ( 'NONE', #3134, #1946, #2742, .T. ) ;
#3688 = LINE ( 'NONE', #1496, #4324 ) ;
#3689 = FACE_OUTER_BOUND ( 'NONE', #4330, .T. ) ;
#3690 = ORIENTED_EDGE ( 'NONE', *, *, #2393, .F. ) ;
#3691 = CARTESIAN_POINT ( 'NONE',  ( 17.60000000000001208, -11.00000000000000711, 21.40000000000000568 ) ) ;
#3692 = EDGE_CURVE ( 'NONE', #985, #4259, #2411, .T. ) ;
#3693 = LINE ( 'NONE', #482, #3569 ) ;
#3694 = ORIENTED_EDGE ( 'NONE', *, *, #1323, .F. ) ;
#3695 = ORIENTED_EDGE ( 'NONE', *, *, #2221, .F. ) ;
#3696 = CARTESIAN_POINT ( 'NONE',  ( -12.49999999999999645, -25.50000000000000355, 1.200000000000006617 ) ) ;
#3697 = DIRECTION ( 'NONE',  ( 0.000000000000000000, 0.000000000000000000, 1.000000000000000000 ) ) ;
#3698 = ORIENTED_EDGE ( 'NONE', *, *, #2939, .T. ) ;
#3699 = PLANE ( 'NONE',  #123 ) ;
#3700 = ORIENTED_EDGE ( 'NONE', *, *, #2471, .T. ) ;
#3701 = CARTESIAN_POINT ( 'NONE',  ( -20.00000000000000355, 25.50000000000000355, 7.500000000000000000 ) ) ;
#3702 =( LENGTH_UNIT ( ) NAMED_UNIT ( * ) SI_UNIT ( .MILLI., .METRE. ) );
#3703 = ORIENTED_EDGE ( 'NONE', *, *, #2792, .F. ) ;
#3704 = ADVANCED_FACE ( 'NONE', ( #3193 ), #364, .F. ) ;
#3705 = DIRECTION ( 'NONE',  ( -0.000000000000000000, -0.000000000000000000, 1.000000000000000000 ) ) ;
#3706 = LINE ( 'NONE', #3018, #471 ) ;
#3707 = CARTESIAN_POINT ( 'NONE',  ( 17.60000000000000497, 16.99999999999999289, 21.40000000000000568 ) ) ;
#3708 = ORIENTED_EDGE ( 'NONE', *, *, #1006, .T. ) ;
#3709 = EDGE_CURVE ( 'NONE', #2425, #3006, #1768, .T. ) ;
#3710 = DIRECTION ( 'NONE',  ( 0.000000000000000000, 1.000000000000000000, 0.000000000000000000 ) ) ;
#3711 = VECTOR ( 'NONE', #501, 1000.000000000000000 ) ;
#3712 = CARTESIAN_POINT ( 'NONE',  ( -18.80000000000000782, -7.700000000000009948, 11.70000000000000462 ) ) ;
#3713 = CARTESIAN_POINT ( 'NONE',  ( 11.57512886940357077, 18.99999999999999645, 0.06696562634074705589 ) ) ;
#3714 = EDGE_LOOP ( 'NONE', ( #983, #3073, #3897, #340 ) ) ;
#3715 = VECTOR ( 'NONE', #3593, 1000.000000000000000 ) ;
#3716 = EDGE_CURVE ( 'NONE', #112, #3433, #1446, .T. ) ;
#3717 = VECTOR ( 'NONE', #4603, 1000.000000000000000 ) ;
#3718 = CARTESIAN_POINT ( 'NONE',  ( 17.59999999999999787, 23.48543526076099042, 20.89999999999999858 ) ) ;
#3719 = ORIENTED_EDGE ( 'NONE', *, *, #4619, .T. ) ;
#3720 = CARTESIAN_POINT ( 'NONE',  ( -15.21243556529821284, 21.10000000000000142, 0.6706515684144505052 ) ) ;
#3721 = VERTEX_POINT ( 'NONE', #3242 ) ;
#3722 = PLANE ( 'NONE',  #1898 ) ;
#3723 = SURFACE_SIDE_STYLE ('',( #4427 ) ) ;
#3724 = VECTOR ( 'NONE', #4183, 1000.000000000000000 ) ;
#3725 = ORIENTED_EDGE ( 'NONE', *, *, #132, .T. ) ;
#3726 = AXIS2_PLACEMENT_3D ( 'NONE', #3475, #3808, #2435 ) ;
#3727 = AXIS2_PLACEMENT_3D ( 'NONE', #1634, #3075, #528 ) ;
#3728 = CARTESIAN_POINT ( 'NONE',  ( 15.25000000000000888, -18.00000000000000355, 3.000000000000000000 ) ) ;
#3729 = CARTESIAN_POINT ( 'NONE',  ( 15.59999999999998010, -14.90000000000000746, 8.500000000000000000 ) ) ;
#3730 = DIRECTION ( 'NONE',  ( 0.000000000000000000, -1.000000000000000000, 0.000000000000000000 ) ) ;
#3731 = DIRECTION ( 'NONE',  ( 1.000000000000000000, 0.000000000000000000, 0.000000000000000000 ) ) ;
#3732 = EDGE_LOOP ( 'NONE', ( #239, #1389 ) ) ;
#3733 = AXIS2_PLACEMENT_3D ( 'NONE', #74, #3659, #1880 ) ;
#3734 = VECTOR ( 'NONE', #2012, 1000.000000000000000 ) ;
#3735 = AXIS2_PLACEMENT_3D ( 'NONE', #3745, #180, #536 ) ;
#3736 = LINE ( 'NONE', #3361, #3277 ) ;
#3737 = VECTOR ( 'NONE', #705, 1000.000000000000000 ) ;
#3738 = CARTESIAN_POINT ( 'NONE',  ( 18.40000000000000213, -18.00000000000000355, 26.00000000000000355 ) ) ;
#3739 = LINE ( 'NONE', #414, #1903 ) ;
#3740 = EDGE_CURVE ( 'NONE', #1302, #3324, #4271, .T. ) ;
#3741 = EDGE_LOOP ( 'NONE', ( #67, #1559, #968 ) ) ;
#3742 = ORIENTED_EDGE ( 'NONE', *, *, #4654, .F. ) ;
#3743 = DIRECTION ( 'NONE',  ( 0.000000000000000000, -0.000000000000000000, -1.000000000000000000 ) ) ;
#3744 = EDGE_CURVE ( 'NONE', #3327, #1984, #1024, .T. ) ;
#3745 = CARTESIAN_POINT ( 'NONE',  ( 0.000000000000000000, 0.000000000000000000, 0.000000000000000000 ) ) ;
#3746 = VERTEX_POINT ( 'NONE', #1777 ) ;
#3747 = CYLINDRICAL_SURFACE ( 'NONE', #4639, 2.000000000000001776 ) ;
#3748 = VERTEX_POINT ( 'NONE', #1401 ) ;
#3749 = CARTESIAN_POINT ( 'NONE',  ( 0.000000000000000000, 0.000000000000000000, 20.50000000000000000 ) ) ;
#3750 = EDGE_CURVE ( 'NONE', #174, #4530, #4341, .T. ) ;
#3751 = SURFACE_SIDE_STYLE ('',( #2404 ) ) ;
#3752 = EDGE_LOOP ( 'NONE', ( #3766, #516, #533, #4569 ) ) ;
#3753 = LINE ( 'NONE', #3070, #3359 ) ;
#3754 = CARTESIAN_POINT ( 'NONE',  ( -17.60000000000000853, 23.48543526076099042, 20.90000000000000213 ) ) ;
#3755 = FACE_OUTER_BOUND ( 'NONE', #1780, .T. ) ;
#3756 = DIRECTION ( 'NONE',  ( 1.000000000000000000, 0.000000000000000000, 0.000000000000000000 ) ) ;
#3757 = ORIENTED_EDGE ( 'NONE', *, *, #724, .F. ) ;
#3758 = LINE ( 'NONE', #579, #4175 ) ;
#3759 = CARTESIAN_POINT ( 'NONE',  ( -12.59999999999999787, -18.09999999999999787, 26.00000000000000355 ) ) ;
#3760 = LINE ( 'NONE', #530, #863 ) ;
#3761 = ORIENTED_EDGE ( 'NONE', *, *, #756, .F. ) ;
#3762 = ADVANCED_FACE ( 'NONE', ( #763 ), #4293, .T. ) ;
#3763 = ORIENTED_EDGE ( 'NONE', *, *, #4067, .T. ) ;
#3764 = VERTEX_POINT ( 'NONE', #1070 ) ;
#3765 = DIRECTION ( 'NONE',  ( 1.000000000000000000, 0.000000000000000000, 0.000000000000000000 ) ) ;
#3766 = ORIENTED_EDGE ( 'NONE', *, *, #4369, .F. ) ;
#3767 = EDGE_CURVE ( 'NONE', #1009, #3600, #743, .T. ) ;
#3768 = DIRECTION ( 'NONE',  ( 0.000000000000000000, 0.000000000000000000, 1.000000000000000000 ) ) ;
#3769 = ORIENTED_EDGE ( 'NONE', *, *, #2354, .T. ) ;
#3770 = LINE ( 'NONE', #1862, #2733 ) ;
#3771 = CARTESIAN_POINT ( 'NONE',  ( -18.80000000000000782, -5.700000000000015277, 11.70000000000000462 ) ) ;
#3772 = ORIENTED_EDGE ( 'NONE', *, *, #1969, .T. ) ;
#3773 = ADVANCED_FACE ( 'NONE', ( #1094 ), #3169, .T. ) ;
#3774 = CARTESIAN_POINT ( 'NONE',  ( -12.78756443470178894, 16.89999999999999858, 0.000000000000000000 ) ) ;
#3775 = CARTESIAN_POINT ( 'NONE',  ( 12.50000000000000355, -25.50000000000000355, 26.79999999999999361 ) ) ;
#3776 = CARTESIAN_POINT ( 'NONE',  ( -17.60000000000000497, 25.50000000000000355, 8.500000000000000000 ) ) ;
#3777 = FACE_OUTER_BOUND ( 'NONE', #4202, .T. ) ;
#3778 = VERTEX_POINT ( 'NONE', #2883 ) ;
#3779 = CARTESIAN_POINT ( 'NONE',  ( -18.80000000000001492, 15.27848717028428815, 16.59999561272583435 ) ) ;
#3780 = CARTESIAN_POINT ( 'NONE',  ( -16.42487113059642923, 18.99999999999999645, 4.000000000000000000 ) ) ;
#3781 = CARTESIAN_POINT ( 'NONE',  ( -15.25000000000001066, -18.00000000000000711, 8.500000000000000000 ) ) ;
#3782 = ORIENTED_EDGE ( 'NONE', *, *, #1043, .T. ) ;
#3783 = VECTOR ( 'NONE', #3522, 1000.000000000000000 ) ;
#3784 = EDGE_LOOP ( 'NONE', ( #2212, #377, #3742, #2474, #839, #2646, #225, #3253, #2538, #4278, #3211, #4548, #2576, #4618, #4189, #4585 ) ) ;
#3785 = CARTESIAN_POINT ( 'NONE',  ( -17.84116706019653975, 23.46805262908437584, 21.10440203066373854 ) ) ;
#3786 = VERTEX_POINT ( 'NONE', #1728 ) ;
#3787 = CARTESIAN_POINT ( 'NONE',  ( 3.500000000000023981, 23.90000000000000213, 28.00000000000004263 ) ) ;
#3788 = ORIENTED_EDGE ( 'NONE', *, *, #3318, .F. ) ;
#3789 = VECTOR ( 'NONE', #1973, 1000.000000000000000 ) ;
#3790 = ADVANCED_FACE ( 'NONE', ( #2487 ), #4597, .F. ) ;
#3791 = VECTOR ( 'NONE', #2559, 1000.000000000000000 ) ;
#3792 = LINE ( 'NONE', #1572, #580 ) ;
#3793 = EDGE_LOOP ( 'NONE', ( #1517, #4122, #1797, #4242 ) ) ;
#3794 = DIRECTION ( 'NONE',  ( 0.7071067811865435759, -0.7071067811865515695, 0.000000000000000000 ) ) ;
#3795 = LINE ( 'NONE', #875, #3885 ) ;
#3796 = ADVANCED_FACE ( 'NONE', ( #3922 ), #2111, .F. ) ;
#3797 = VERTEX_POINT ( 'NONE', #8 ) ;
#3798 = VECTOR ( 'NONE', #4010, 1000.000000000000000 ) ;
#3799 = SURFACE_SIDE_STYLE ('',( #4168 ) ) ;
#3800 = VECTOR ( 'NONE', #1122, 1000.000000000000000 ) ;
#3801 = FACE_OUTER_BOUND ( 'NONE', #2062, .T. ) ;
#3802 = DIRECTION ( 'NONE',  ( -0.7071067811865495711, 0.000000000000000000, -0.7071067811865454633 ) ) ;
#3803 = EDGE_CURVE ( 'NONE', #654, #52, #3969, .T. ) ;
#3804 = ORIENTED_EDGE ( 'NONE', *, *, #1633, .F. ) ;
#3805 = CIRCLE ( 'NONE', #3204, 1.250000000000001110 ) ;
#3806 = VECTOR ( 'NONE', #902, 1000.000000000000000 ) ;
#3807 = DIRECTION ( 'NONE',  ( 0.000000000000000000, -0.000000000000000000, 1.000000000000000000 ) ) ;
#3808 = DIRECTION ( 'NONE',  ( 0.8660254037844381525, -0.5000000000000009992, 0.000000000000000000 ) ) ;
#3809 = VECTOR ( 'NONE', #3873, 1000.000000000000000 ) ;
#3810 = DIRECTION ( 'NONE',  ( 0.000000000000000000, 0.000000000000000000, -1.000000000000000000 ) ) ;
#3811 = ADVANCED_FACE ( 'NONE', ( #2159 ), #2131, .F. ) ;
#3812 = ORIENTED_EDGE ( 'NONE', *, *, #86, .T. ) ;
#3813 = VERTEX_POINT ( 'NONE', #4245 ) ;
#3814 = DIRECTION ( 'NONE',  ( -1.000000000000000000, 0.000000000000000000, 0.000000000000000000 ) ) ;
#3815 = CARTESIAN_POINT ( 'NONE',  ( -12.49999999999999822, -23.90000000000000213, 28.00000000000000000 ) ) ;
#3816 = DIRECTION ( 'NONE',  ( -1.000000000000000000, 0.000000000000000000, 0.000000000000000000 ) ) ;
#3817 = VERTEX_POINT ( 'NONE', #3598 ) ;
#3818 = VECTOR ( 'NONE', #610, 1000.000000000000000 ) ;
#3819 = FACE_OUTER_BOUND ( 'NONE', #2113, .T. ) ;
#3820 = EDGE_LOOP ( 'NONE', ( #3934, #3971, #3369, #2855 ) ) ;
#3821 = CARTESIAN_POINT ( 'NONE',  ( -18.80000000000000782, -7.700000000000009948, 11.70000000000000462 ) ) ;
#3822 = CARTESIAN_POINT ( 'NONE',  ( -12.78756443470179605, -20.10000000000000497, 0.000000000000000000 ) ) ;
#3823 = VERTEX_POINT ( 'NONE', #3618 ) ;
#3824 = EDGE_CURVE ( 'NONE', #2966, #1009, #3262, .T. ) ;
#3825 = FACE_BOUND ( 'NONE', #4137, .T. ) ;
#3826 = LINE ( 'NONE', #4196, #1025 ) ;
#3827 = ORIENTED_EDGE ( 'NONE', *, *, #2466, .F. ) ;
#3828 = EDGE_CURVE ( 'NONE', #3786, #903, #3355, .T. ) ;
#3829 = FACE_OUTER_BOUND ( 'NONE', #1072, .T. ) ;
#3830 = CARTESIAN_POINT ( 'NONE',  ( -17.59999999999999787, -12.89999999999998792, 28.00000000000000000 ) ) ;
#3831 = DIRECTION ( 'NONE',  ( -1.000000000000000000, 0.000000000000000000, 0.000000000000000000 ) ) ;
#3832 = ORIENTED_EDGE ( 'NONE', *, *, #312, .F. ) ;
#3833 = ADVANCED_FACE ( 'NONE', ( #4362 ), #2290, .F. ) ;
#3834 = CARTESIAN_POINT ( 'NONE',  ( 10.59999999999999254, -25.50000000000000355, 1.599999999999994982 ) ) ;
#3835 = ORIENTED_EDGE ( 'NONE', *, *, #3164, .F. ) ;
#3836 = CARTESIAN_POINT ( 'NONE',  ( -17.59999999999999787, -13.70000000000000817, 9.700000000000006395 ) ) ;
#3837 = ORIENTED_EDGE ( 'NONE', *, *, #692, .F. ) ;
#3838 = CARTESIAN_POINT ( 'NONE',  ( -10.59999999999999254, -15.50000000000000178, 1.599999999999992539 ) ) ;
#3839 = VERTEX_POINT ( 'NONE', #1538 ) ;
#3840 = CARTESIAN_POINT ( 'NONE',  ( 15.21243556529820928, 21.10000000000000142, 4.000000000000000000 ) ) ;
#3841 = ORIENTED_EDGE ( 'NONE', *, *, #4129, .F. ) ;
#3842 = DIRECTION ( 'NONE',  ( 0.000000000000000000, 1.000000000000000000, 0.000000000000000000 ) ) ;
#3843 = DIRECTION ( 'NONE',  ( 0.000000000000000000, 1.000000000000000000, 0.000000000000000000 ) ) ;
#3844 = DIRECTION ( 'NONE',  ( 0.000000000000000000, -1.000000000000000000, 0.000000000000000000 ) ) ;
#3845 = ORIENTED_EDGE ( 'NONE', *, *, #2782, .T. ) ;
#3846 = EDGE_CURVE ( 'NONE', #1644, #634, #1580, .T. ) ;
#3847 = DIRECTION ( 'NONE',  ( -0.000000000000000000, -0.000000000000000000, 1.000000000000000000 ) ) ;
#3848 = CARTESIAN_POINT ( 'NONE',  ( -3.499999999999997780, 0.000000000000000000, 20.50000000000000000 ) ) ;
#3849 = DIRECTION ( 'NONE',  ( 0.7071067811865442421, -0.7071067811865509034, 0.000000000000000000 ) ) ;
#3850 = ORIENTED_EDGE ( 'NONE', *, *, #2760, .T. ) ;
#3851 = EDGE_CURVE ( 'NONE', #4006, #1896, #2976, .T. ) ;
#3852 = CARTESIAN_POINT ( 'NONE',  ( -17.72758476054441346, 23.47845761425824307, 20.99568857040830494 ) ) ;
#3853 = CARTESIAN_POINT ( 'NONE',  ( 18.79999999999998295, 25.50000000000000355, 20.50000000000000000 ) ) ;
#3854 = FACE_BOUND ( 'NONE', #571, .T. ) ;
#3855 = ORIENTED_EDGE ( 'NONE', *, *, #807, .F. ) ;
#3856 = EDGE_CURVE ( 'NONE', #4541, #4530, #2248, .T. ) ;
#3857 = VECTOR ( 'NONE', #3882, 1000.000000000000000 ) ;
#3858 = DIRECTION ( 'NONE',  ( -0.7071067811865502373, -4.088782444489014465E-16, -0.7071067811865449082 ) ) ;
#3859 = ORIENTED_EDGE ( 'NONE', *, *, #3483, .T. ) ;
#3860 = VECTOR ( 'NONE', #217, 1000.000000000000000 ) ;
#3861 = DIRECTION ( 'NONE',  ( 0.000000000000000000, 0.7071067811865475727, 0.7071067811865475727 ) ) ;
#3862 = CARTESIAN_POINT ( 'NONE',  ( 11.57512886940358143, -18.00000000000000355, 0.000000000000000000 ) ) ;
#3863 = PLANE ( 'NONE',  #1015 ) ;
#3864 = EDGE_CURVE ( 'NONE', #1622, #3009, #3688, .T. ) ;
#3865 = ORIENTED_EDGE ( 'NONE', *, *, #190, .F. ) ;
#3866 = VECTOR ( 'NONE', #3306, 1000.000000000000000 ) ;
#3867 = VERTEX_POINT ( 'NONE', #60 ) ;
#3868 = DIRECTION ( 'NONE',  ( 0.000000000000000000, 0.000000000000000000, -1.000000000000000000 ) ) ;
#3869 = FACE_OUTER_BOUND ( 'NONE', #513, .T. ) ;
#3870 = AXIS2_PLACEMENT_3D ( 'NONE', #3365, #3993, #2272 ) ;
#3871 = ORIENTED_EDGE ( 'NONE', *, *, #770, .T. ) ;
#3872 = VECTOR ( 'NONE', #1447, 1000.000000000000114 ) ;
#3873 = DIRECTION ( 'NONE',  ( 1.360567432138672081E-16, -1.000000000000000000, -0.000000000000000000 ) ) ;
#3874 = CARTESIAN_POINT ( 'NONE',  ( -12.78756443470179605, -20.10000000000000497, 4.000000000000000000 ) ) ;
#3875 = LINE ( 'NONE', #1071, #3196 ) ;
#3876 = ORIENTED_EDGE ( 'NONE', *, *, #3085, .F. ) ;
#3877 = AXIS2_PLACEMENT_3D ( 'NONE', #2629, #2203, #505 ) ;
#3878 = VECTOR ( 'NONE', #2224, 1000.000000000000000 ) ;
#3879 = CARTESIAN_POINT ( 'NONE',  ( 17.60000000000000497, -12.90000000000000746, 28.00000000000000000 ) ) ;
#3880 = CONICAL_SURFACE ( 'NONE', #3352, 3.199999999999980638, 0.7853981633974456145 ) ;
#3881 = ADVANCED_FACE ( 'NONE', ( #1228 ), #3637, .F. ) ;
#3882 = DIRECTION ( 'NONE',  ( 3.469446951953612611E-15, -0.000000000000000000, 1.000000000000000000 ) ) ;
#3883 = DIRECTION ( 'NONE',  ( -1.000000000000000000, 0.000000000000000000, 0.000000000000000000 ) ) ;
#3884 = ORIENTED_EDGE ( 'NONE', *, *, #1, .F. ) ;
#3885 = VECTOR ( 'NONE', #4142, 1000.000000000000000 ) ;
#3886 = AXIS2_PLACEMENT_3D ( 'NONE', #1530, #1488, #2194 ) ;
#3887 = EDGE_CURVE ( 'NONE', #1297, #3102, #1934, .T. ) ;
#3888 = VECTOR ( 'NONE', #3068, 1000.000000000000000 ) ;
#3889 = CARTESIAN_POINT ( 'NONE',  ( 17.60000000000000142, 10.99999999999999645, 21.40000000000000213 ) ) ;
#3890 = EDGE_LOOP ( 'NONE', ( #3695, #3855, #2978, #672, #34, #1483 ) ) ;
#3891 = AXIS2_PLACEMENT_3D ( 'NONE', #3759, #3381, #3024 ) ;
#3892 = DIRECTION ( 'NONE',  ( 0.000000000000000000, 0.000000000000000000, 1.000000000000000000 ) ) ;
#3893 = DIRECTION ( 'NONE',  ( -0.7071067811865515695, -0.7071067811865435759, 0.000000000000000000 ) ) ;
#3894 = CARTESIAN_POINT ( 'NONE',  ( 15.21243556529821994, -15.89999999999999680, 0.000000000000000000 ) ) ;
#3895 = ORIENTED_EDGE ( 'NONE', *, *, #21, .T. ) ;
#3896 = ADVANCED_FACE ( 'NONE', ( #409 ), #2666, .F. ) ;
#3897 = ORIENTED_EDGE ( 'NONE', *, *, #1377, .T. ) ;
#3898 = DIRECTION ( 'NONE',  ( 0.000000000000000000, 0.000000000000000000, -1.000000000000000000 ) ) ;
#3899 = DIRECTION ( 'NONE',  ( -0.7071067811865449082, -7.913772473204481144E-17, 0.7071067811865502373 ) ) ;
#3900 = VERTEX_POINT ( 'NONE', #4009 ) ;
#3901 = FACE_OUTER_BOUND ( 'NONE', #3305, .T. ) ;
#3902 = DIRECTION ( 'NONE',  ( -0.7071067811865507924, 7.913772473204546472E-17, 0.7071067811865442421 ) ) ;
#3903 = CARTESIAN_POINT ( 'NONE',  ( 3.500000000000004885, 25.50000000000000355, 20.50000000000000355 ) ) ;
#3904 = ORIENTED_EDGE ( 'NONE', *, *, #312, .T. ) ;
#3905 = DIRECTION ( 'NONE',  ( 0.8660254037844385966, 0.5000000000000003331, -0.000000000000000000 ) ) ;
#3906 = FACE_BOUND ( 'NONE', #3514, .T. ) ;
#3907 = DIRECTION ( 'NONE',  ( 1.000000000000000000, 0.000000000000000000, 1.227398685832647543E-16 ) ) ;
#3908 = ORIENTED_EDGE ( 'NONE', *, *, #3828, .F. ) ;
#3909 = EDGE_CURVE ( 'NONE', #2255, #1479, #1170, .T. ) ;
#3910 = LINE ( 'NONE', #1786, #3818 ) ;
#3911 = VERTEX_POINT ( 'NONE', #4412 ) ;
#3912 = LINE ( 'NONE', #1484, #4159 ) ;
#3913 = PLANE ( 'NONE',  #2087 ) ;
#3914 = VERTEX_POINT ( 'NONE', #2644 ) ;
#3915 = VERTEX_POINT ( 'NONE', #126 ) ;
#3916 = ADVANCED_FACE ( 'NONE', ( #4057 ), #474, .T. ) ;
#3917 = DIRECTION ( 'NONE',  ( -1.000000000000000000, 0.000000000000000000, -0.000000000000000000 ) ) ;
#3918 = DIRECTION ( 'NONE',  ( 1.000000000000000000, 1.508455196501571183E-16, -0.000000000000000000 ) ) ;
#3919 = VERTEX_POINT ( 'NONE', #830 ) ;
#3920 = EDGE_CURVE ( 'NONE', #3839, #3613, #2628, .T. ) ;
#3921 = LINE ( 'NONE', #3191, #3809 ) ;
#3922 = FACE_OUTER_BOUND ( 'NONE', #795, .T. ) ;
#3923 = CARTESIAN_POINT ( 'NONE',  ( -12.78756443470179072, 21.10000000000000142, 4.000000000000000000 ) ) ;
#3924 = ORIENTED_EDGE ( 'NONE', *, *, #2583, .T. ) ;
#3925 = DIRECTION ( 'NONE',  ( 0.000000000000000000, 0.000000000000000000, -1.000000000000000000 ) ) ;
#3926 = FACE_OUTER_BOUND ( 'NONE', #161, .T. ) ;
#3927 = DIRECTION ( 'NONE',  ( 1.000000000000000000, 0.000000000000000000, 0.000000000000000000 ) ) ;
#3928 = VERTEX_POINT ( 'NONE', #3312 ) ;
#3929 = LINE ( 'NONE', #4188, #1782 ) ;
#3930 = ORIENTED_EDGE ( 'NONE', *, *, #4191, .F. ) ;
#3931 = DIRECTION ( 'NONE',  ( 0.7071067811865487940, 0.7071067811865463515, -0.000000000000000000 ) ) ;
#3932 = ADVANCED_FACE ( 'NONE', ( #79, #1516, #1192, #810, #4384 ), #2999, .T. ) ;
#3933 = FACE_OUTER_BOUND ( 'NONE', #2796, .T. ) ;
#3934 = ORIENTED_EDGE ( 'NONE', *, *, #4600, .T. ) ;
#3935 = VECTOR ( 'NONE', #4238, 1000.000000000000000 ) ;
#3936 = CARTESIAN_POINT ( 'NONE',  ( 18.39999999999999503, 18.00000000000000355, 20.50000000000000000 ) ) ;
#3937 = CARTESIAN_POINT ( 'NONE',  ( 12.78756443470179782, -15.89999999999999680, 4.000000000000000000 ) ) ;
#3938 = EDGE_CURVE ( 'NONE', #1082, #3213, #2034, .T. ) ;
#3939 = CARTESIAN_POINT ( 'NONE',  ( -12.78756443470179605, -20.10000000000000497, 4.000000000000000000 ) ) ;
#3940 = ORIENTED_EDGE ( 'NONE', *, *, #2065, .T. ) ;
#3941 = ORIENTED_EDGE ( 'NONE', *, *, #4048, .T. ) ;
#3942 = DIRECTION ( 'NONE',  ( 1.000000000000000000, 1.360567432138672328E-16, -0.000000000000000000 ) ) ;
#3943 = VECTOR ( 'NONE', #4301, 1000.000000000000000 ) ;
#3944 = ADVANCED_FACE ( 'NONE', ( #3755 ), #2785, .F. ) ;
#3945 = DIRECTION ( 'NONE',  ( 2.168404344971009115E-16, 1.000000000000000000, 0.000000000000000000 ) ) ;
#3946 = DIRECTION ( 'NONE',  ( 1.000000000000000000, 0.000000000000000000, 0.000000000000000000 ) ) ;
#3947 = ORIENTED_EDGE ( 'NONE', *, *, #4286, .T. ) ;
#3948 = CARTESIAN_POINT ( 'NONE',  ( 18.39999999999999858, 25.29935834063550359, 22.24360015244398880 ) ) ;
#3949 = ADVANCED_FACE ( 'NONE', ( #4147 ), #3422, .F. ) ;
#3950 = CONICAL_SURFACE ( 'NONE', #717, 6.299999999999988276, 0.7853981633974511656 ) ;
#3951 = PLANE ( 'NONE',  #2213 ) ;
#3952 = EDGE_LOOP ( 'NONE', ( #3975, #630, #993, #4373 ) ) ;
#3953 = AXIS2_PLACEMENT_3D ( 'NONE', #1209, #434, #1562 ) ;
#3954 = VECTOR ( 'NONE', #1400, 1000.000000000000000 ) ;
#3955 = DIRECTION ( 'NONE',  ( -1.000000000000000000, 0.000000000000000000, 0.000000000000000000 ) ) ;
#3956 = VERTEX_POINT ( 'NONE', #3116 ) ;
#3957 = FACE_OUTER_BOUND ( 'NONE', #3983, .T. ) ;
#3958 = FACE_OUTER_BOUND ( 'NONE', #2618, .T. ) ;
#3959 = ORIENTED_EDGE ( 'NONE', *, *, #657, .F. ) ;
#3960 = VECTOR ( 'NONE', #2124, 1000.000000000000000 ) ;
#3961 = COLOUR_RGB ( '',0.4980392156862745168, 0.4980392156862745168, 0.4980392156862745168 ) ;
#3962 = AXIS2_PLACEMENT_3D ( 'NONE', #663, #2118, #3133 ) ;
#3963 = ORIENTED_EDGE ( 'NONE', *, *, #1292, .F. ) ;
#3964 = LINE ( 'NONE', #428, #928 ) ;
#3965 = FACE_OUTER_BOUND ( 'NONE', #1067, .T. ) ;
#3966 = VERTEX_POINT ( 'NONE', #4502 ) ;
#3967 = EDGE_CURVE ( 'NONE', #1252, #4488, #2336, .T. ) ;
#3968 = CARTESIAN_POINT ( 'NONE',  ( 12.50000000000000000, -23.90000000000000568, 26.00000000000000355 ) ) ;
#3969 = LINE ( 'NONE', #2812, #1022 ) ;
#3970 = CARTESIAN_POINT ( 'NONE',  ( 20.00000000000000355, -18.00000000000000355, 26.79999999999999361 ) ) ;
#3971 = ORIENTED_EDGE ( 'NONE', *, *, #1288, .F. ) ;
#3972 = EDGE_CURVE ( 'NONE', #634, #362, #2692, .T. ) ;
#3973 = CARTESIAN_POINT ( 'NONE',  ( 12.78756443470179249, -20.10000000000000142, 4.000000000000000000 ) ) ;
#3974 = DIRECTION ( 'NONE',  ( 0.000000000000000000, 0.000000000000000000, 1.000000000000000000 ) ) ;
#3975 = ORIENTED_EDGE ( 'NONE', *, *, #21, .F. ) ;
#3976 = EDGE_CURVE ( 'NONE', #4364, #2444, #1956, .T. ) ;
#3977 = LINE ( 'NONE', #752, #1628 ) ;
#3978 = ORIENTED_EDGE ( 'NONE', *, *, #1888, .T. ) ;
#3979 = CARTESIAN_POINT ( 'NONE',  ( -18.40000000000000213, 23.12347538297980165, 22.50000000000000000 ) ) ;
#3980 = FACE_OUTER_BOUND ( 'NONE', #2278, .T. ) ;
#3981 = VERTEX_POINT ( 'NONE', #525 ) ;
#3982 = LINE ( 'NONE', #757, #4557 ) ;
#3983 = EDGE_LOOP ( 'NONE', ( #1243, #1271, #2852, #832 ) ) ;
#3984 = CARTESIAN_POINT ( 'NONE',  ( 12.60000000000000675, -23.10000000000000142, 26.00000000000000355 ) ) ;
#3985 = LINE ( 'NONE', #1930, #2300 ) ;
#3986 = ORIENTED_EDGE ( 'NONE', *, *, #1882, .F. ) ;
#3987 = CARTESIAN_POINT ( 'NONE',  ( 8.399999999999984368, -23.10000000000000853, 8.500000000000000000 ) ) ;
#3988 = DIRECTION ( 'NONE',  ( -1.000000000000000000, 0.000000000000000000, 0.000000000000000000 ) ) ;
#3989 = DIRECTION ( 'NONE',  ( 0.7071067811865479058, 0.000000000000000000, -0.7071067811865472397 ) ) ;
#3990 = ADVANCED_FACE ( 'NONE', ( #1601 ), #3473, .F. ) ;
#3991 = VERTEX_POINT ( 'NONE', #218 ) ;
#3992 = CYLINDRICAL_SURFACE ( 'NONE', #3877, 1.999999999999998224 ) ;
#3993 = DIRECTION ( 'NONE',  ( -1.000000000000000000, 4.336808689942014778E-16, 0.000000000000000000 ) ) ;
#3994 = EDGE_CURVE ( 'NONE', #1135, #2821, #2524, .T. ) ;
#3995 = ORIENTED_EDGE ( 'NONE', *, *, #3370, .F. ) ;
#3996 = ORIENTED_EDGE ( 'NONE', *, *, #2324, .F. ) ;
#3997 = CARTESIAN_POINT ( 'NONE',  ( -18.39999999999999503, 25.26387871229225013, 22.37183091165407234 ) ) ;
#3998 = EDGE_CURVE ( 'NONE', #1051, #2521, #1653, .T. ) ;
#3999 = LINE ( 'NONE', #464, #4635 ) ;
#4000 = ORIENTED_EDGE ( 'NONE', *, *, #2850, .T. ) ;
#4001 = CARTESIAN_POINT ( 'NONE',  ( 15.24999999999999822, 18.99999999999999645, 4.000000000000000000 ) ) ;
#4002 = VERTEX_POINT ( 'NONE', #596 ) ;
#4003 = CARTESIAN_POINT ( 'NONE',  ( 12.60000000000000675, -18.10000000000000142, 8.500000000000000000 ) ) ;
#4004 = ADVANCED_FACE ( 'NONE', ( #1673 ), #4171, .T. ) ;
#4005 = CARTESIAN_POINT ( 'NONE',  ( 13.99999999999999822, 18.99999999999999645, 3.000000000000000000 ) ) ;
#4006 = VERTEX_POINT ( 'NONE', #4547 ) ;
#4007 = DIRECTION ( 'NONE',  ( -0.7071067811865454633, -9.620664575268200811E-17, 0.7071067811865495711 ) ) ;
#4008 = DIRECTION ( 'NONE',  ( -0.000000000000000000, 1.000000000000000000, -0.000000000000000000 ) ) ;
#4009 = CARTESIAN_POINT ( 'NONE',  ( -20.00000000000000000, 11.77848717028428993, 21.29999561272582298 ) ) ;
#4010 = DIRECTION ( 'NONE',  ( 0.000000000000000000, 0.000000000000000000, 1.000000000000000000 ) ) ;
#4011 = AXIS2_PLACEMENT_3D ( 'NONE', #4031, #1203, #2993 ) ;
#4012 = VERTEX_POINT ( 'NONE', #1326 ) ;
#4013 = AXIS2_PLACEMENT_3D ( 'NONE', #3937, #1836, #3282 ) ;
#4014 = DIRECTION ( 'NONE',  ( -0.7071067811865464625, 8.659560562354947649E-17, -0.7071067811865486830 ) ) ;
#4015 = CARTESIAN_POINT ( 'NONE',  ( -18.60000000000000142, 1.999999999999996669, 20.40000000000000568 ) ) ;
#4016 = ORIENTED_EDGE ( 'NONE', *, *, #1916, .F. ) ;
#4017 = VECTOR ( 'NONE', #1074, 1000.000000000000000 ) ;
#4018 = EDGE_CURVE ( 'NONE', #1637, #1286, #547, .T. ) ;
#4019 = AXIS2_PLACEMENT_3D ( 'NONE', #3097, #3053, #2341 ) ;
#4020 = ORIENTED_EDGE ( 'NONE', *, *, #387, .T. ) ;
#4021 = CARTESIAN_POINT ( 'NONE',  ( -20.00000000000000355, 25.50000000000000355, 14.89999999999997193 ) ) ;
#4022 = CARTESIAN_POINT ( 'NONE',  ( -18.59999999999998721, -28.00000000000002132, 20.39999999999999858 ) ) ;
#4023 = ORIENTED_EDGE ( 'NONE', *, *, #3967, .T. ) ;
#4024 = AXIS2_PLACEMENT_3D ( 'NONE', #4572, #1257, #3451 ) ;
#4025 = AXIS2_PLACEMENT_3D ( 'NONE', #3437, #4154, #1335 ) ;
#4026 = EDGE_CURVE ( 'NONE', #1252, #2338, #193, .T. ) ;
#4027 = VECTOR ( 'NONE', #2085, 1000.000000000000000 ) ;
#4028 = FACE_OUTER_BOUND ( 'NONE', #769, .T. ) ;
#4029 = ORIENTED_EDGE ( 'NONE', *, *, #4657, .F. ) ;
#4030 = AXIS2_PLACEMENT_3D ( 'NONE', #859, #4551, #4482 ) ;
#4031 = CARTESIAN_POINT ( 'NONE',  ( 18.40000000000000568, 15.90000000000000391, 8.500000000000000000 ) ) ;
#4032 = DIRECTION ( 'NONE',  ( 0.000000000000000000, 0.000000000000000000, 1.000000000000000000 ) ) ;
#4033 = ORIENTED_EDGE ( 'NONE', *, *, #1969, .F. ) ;
#4034 = AXIS2_PLACEMENT_3D ( 'NONE', #2546, #3697, #3252 ) ;
#4035 = EDGE_CURVE ( 'NONE', #2807, #400, #1301, .T. ) ;
#4036 = FACE_OUTER_BOUND ( 'NONE', #2108, .T. ) ;
#4037 = DIRECTION ( 'NONE',  ( 1.000000000000000000, -1.119176436114069085E-16, 0.000000000000000000 ) ) ;
#4038 = DIRECTION ( 'NONE',  ( 0.000000000000000000, 0.000000000000000000, -1.000000000000000000 ) ) ;
#4039 = VECTOR ( 'NONE', #2309, 1000.000000000000000 ) ;
#4040 = CARTESIAN_POINT ( 'NONE',  ( -10.40000000000000213, 23.90000000000000213, 8.500000000000000000 ) ) ;
#4041 = ORIENTED_EDGE ( 'NONE', *, *, #1748, .T. ) ;
#4042 = CARTESIAN_POINT ( 'NONE',  ( -12.75000000000000711, -18.00000000000000711, 8.500000000000000000 ) ) ;
#4043 = LINE ( 'NONE', #815, #3791 ) ;
#4044 = ORIENTED_EDGE ( 'NONE', *, *, #2207, .F. ) ;
#4045 = CARTESIAN_POINT ( 'NONE',  ( -17.99897609546101407, 25.45893028000021729, 21.29152006103612749 ) ) ;
#4046 = DIRECTION ( 'NONE',  ( -0.7071067811865491270, -8.177564888977997375E-16, 0.7071067811865459074 ) ) ;
#4047 = EDGE_LOOP ( 'NONE', ( #2198, #1075, #1462, #437 ) ) ;
#4048 = EDGE_CURVE ( 'NONE', #2894, #3915, #3072, .T. ) ;
#4049 = DIRECTION ( 'NONE',  ( -0.4999999999999998335, 0.8660254037844387076, 0.000000000000000000 ) ) ;
#4050 = ORIENTED_EDGE ( 'NONE', *, *, #4657, .T. ) ;
#4051 = LINE ( 'NONE', #3701, #782 ) ;
#4052 = DIRECTION ( 'NONE',  ( 1.000000000000000000, 1.508455196501571183E-16, -0.000000000000000000 ) ) ;
#4053 = EDGE_CURVE ( 'NONE', #3236, #1454, #3826, .T. ) ;
#4054 = ORIENTED_EDGE ( 'NONE', *, *, #1663, .F. ) ;
#4055 = CARTESIAN_POINT ( 'NONE',  ( -18.40000000000000213, -14.90000000000001279, 8.500000000000000000 ) ) ;
#4056 = CARTESIAN_POINT ( 'NONE',  ( 10.40000000000000391, -22.90000000000000924, 8.500000000000000000 ) ) ;
#4057 = FACE_OUTER_BOUND ( 'NONE', #2430, .T. ) ;
#4058 = EDGE_CURVE ( 'NONE', #1762, #3, #3495, .T. ) ;
#4059 = EDGE_LOOP ( 'NONE', ( #4466, #4414, #1327, #1104 ) ) ;
#4060 = DIRECTION ( 'NONE',  ( 0.5000000000000002220, 0.8660254037844384856, 0.000000000000000000 ) ) ;
#4061 = LINE ( 'NONE', #3626, #2088 ) ;
#4062 = CARTESIAN_POINT ( 'NONE',  ( -17.59999999999999432, -17.00000000000000355, 21.40000000000000213 ) ) ;
#4063 = ORIENTED_EDGE ( 'NONE', *, *, #2870, .T. ) ;
#4064 = FACE_OUTER_BOUND ( 'NONE', #418, .T. ) ;
#4065 = CARTESIAN_POINT ( 'NONE',  ( 13.99999999999999822, 19.00000000000000000, 8.500000000000000000 ) ) ;
#4066 = ORIENTED_EDGE ( 'NONE', *, *, #375, .T. ) ;
#4067 = EDGE_CURVE ( 'NONE', #4648, #1626, #1701, .T. ) ;
#4068 = DIRECTION ( 'NONE',  ( 0.000000000000000000, 1.000000000000000000, 0.000000000000000000 ) ) ;
#4069 = EDGE_LOOP ( 'NONE', ( #1350, #3690, #2829, #1061 ) ) ;
#4070 = CARTESIAN_POINT ( 'NONE',  ( 10.59999999999999076, -25.50000000000000355, 2.599999999999995204 ) ) ;
#4071 = FILL_AREA_STYLE_COLOUR ( '', #3509 ) ;
#4072 = ORIENTED_EDGE ( 'NONE', *, *, #205, .F. ) ;
#4073 = EDGE_CURVE ( 'NONE', #4612, #2948, #1815, .T. ) ;
#4074 = CARTESIAN_POINT ( 'NONE',  ( -18.59999999999999076, -17.00000000000000355, 20.39999999999999858 ) ) ;
#4075 = DIRECTION ( 'NONE',  ( 0.000000000000000000, -1.000000000000000000, 2.891205793294678819E-16 ) ) ;
#4076 = CARTESIAN_POINT ( 'NONE',  ( -17.60000000000000497, 25.50000000000000355, 28.00000000000000000 ) ) ;
#4077 = FACE_OUTER_BOUND ( 'NONE', #1437, .T. ) ;
#4078 = EDGE_LOOP ( 'NONE', ( #1443, #2140, #2235, #1999, #1712 ) ) ;
#4079 = AXIS2_PLACEMENT_3D ( 'NONE', #3311, #700, #2574 ) ;
#4080 = EDGE_CURVE ( 'NONE', #3595, #3457, #3615, .T. ) ;
#4081 = DIRECTION ( 'NONE',  ( 0.000000000000000000, 0.000000000000000000, 1.000000000000000000 ) ) ;
#4082 = PLANE ( 'NONE',  #2912 ) ;
#4083 = LINE ( 'NONE', #1872, #4088 ) ;
#4084 = VERTEX_POINT ( 'NONE', #4289 ) ;
#4085 = VECTOR ( 'NONE', #1879, 1000.000000000000000 ) ;
#4086 = EDGE_CURVE ( 'NONE', #1028, #1944, #1396, .T. ) ;
#4087 = ORIENTED_EDGE ( 'NONE', *, *, #3248, .T. ) ;
#4088 = VECTOR ( 'NONE', #1852, 1000.000000000000000 ) ;
#4089 = CARTESIAN_POINT ( 'NONE',  ( -18.33891845380829722, 25.35102295431416053, 21.99301090107289625 ) ) ;
#4090 = ORIENTED_EDGE ( 'NONE', *, *, #1577, .T. ) ;
#4091 = VECTOR ( 'NONE', #2464, 1000.000000000000000 ) ;
#4092 = CARTESIAN_POINT ( 'NONE',  ( 12.78756443470179782, -15.89999999999999680, 4.000000000000000000 ) ) ;
#4093 = ORIENTED_EDGE ( 'NONE', *, *, #3234, .F. ) ;
#4094 = FACE_OUTER_BOUND ( 'NONE', #2679, .T. ) ;
#4095 = CARTESIAN_POINT ( 'NONE',  ( 15.59999999999999787, 15.90000000000000391, 3.000000000000000000 ) ) ;
#4096 = AXIS2_PLACEMENT_3D ( 'NONE', #2845, #678, #3925 ) ;
#4097 = EDGE_LOOP ( 'NONE', ( #1722, #3107, #816 ) ) ;
#4098 = VECTOR ( 'NONE', #3802, 1000.000000000000000 ) ;
#4099 = VECTOR ( 'NONE', #1749, 1000.000000000000000 ) ;
#4100 = LINE ( 'NONE', #1226, #1403 ) ;
#4101 = PLANE ( 'NONE',  #3410 ) ;
#4102 = CARTESIAN_POINT ( 'NONE',  ( 29.00660171779821184, 18.00000000000000355, 26.00000000000000355 ) ) ;
#4103 = CARTESIAN_POINT ( 'NONE',  ( 17.59999999999999787, 18.00000000000000355, 28.00000000000000000 ) ) ;
#4104 = VERTEX_POINT ( 'NONE', #2483 ) ;
#4105 = AXIS2_PLACEMENT_3D ( 'NONE', #3449, #3091, #523 ) ;
#4106 = ADVANCED_FACE ( 'NONE', ( #2502 ), #2860, .T. ) ;
#4107 = VECTOR ( 'NONE', #1789, 1000.000000000000000 ) ;
#4108 = LINE ( 'NONE', #4198, #4251 ) ;
#4109 = LINE ( 'NONE', #2649, #2307 ) ;
#4110 = FACE_OUTER_BOUND ( 'NONE', #353, .T. ) ;
#4111 = ORIENTED_EDGE ( 'NONE', *, *, #3646, .T. ) ;
#4112 = ADVANCED_FACE ( 'NONE', ( #3869 ), #3358, .F. ) ;
#4113 = EDGE_LOOP ( 'NONE', ( #4116, #3559, #3078, #3761 ) ) ;
#4114 = CARTESIAN_POINT ( 'NONE',  ( -20.00000000000000355, 18.00000000000000355, 28.00000000000000000 ) ) ;
#4115 = DIRECTION ( 'NONE',  ( 0.000000000000000000, 0.000000000000000000, -1.000000000000000000 ) ) ;
#4116 = ORIENTED_EDGE ( 'NONE', *, *, #662, .T. ) ;
#4117 = ADVANCED_FACE ( 'NONE', ( #3965 ), #1796, .T. ) ;
#4118 = CARTESIAN_POINT ( 'NONE',  ( -12.78756443470178894, 16.89999999999999858, 4.000000000000000000 ) ) ;
#4119 = ORIENTED_EDGE ( 'NONE', *, *, #2961, .T. ) ;
#4120 = CARTESIAN_POINT ( 'NONE',  ( 17.60000000000000853, -17.00000000000000355, 19.40000000000000213 ) ) ;
#4121 = FACE_OUTER_BOUND ( 'NONE', #16, .T. ) ;
#4122 = ORIENTED_EDGE ( 'NONE', *, *, #4619, .F. ) ;
#4123 = CARTESIAN_POINT ( 'NONE',  ( -17.59999999999999787, -12.89999999999998792, 8.500000000000000000 ) ) ;
#4124 = CARTESIAN_POINT ( 'NONE',  ( -18.39999999999999503, -18.00000000000000355, 28.00000000000000000 ) ) ;
#4125 = DIRECTION ( 'NONE',  ( 0.000000000000000000, -0.000000000000000000, -1.000000000000000000 ) ) ;
#4126 = FACE_OUTER_BOUND ( 'NONE', #1873, .T. ) ;
#4127 = ORIENTED_EDGE ( 'NONE', *, *, #1140, .F. ) ;
#4128 = CARTESIAN_POINT ( 'NONE',  ( -18.39999999999999503, -18.00000000000000355, 26.00000000000000355 ) ) ;
#4129 = EDGE_CURVE ( 'NONE', #3600, #210, #3543, .T. ) ;
#4130 = CARTESIAN_POINT ( 'NONE',  ( 12.78756443470178361, 16.89999999999999858, 0.000000000000000000 ) ) ;
#4131 = CARTESIAN_POINT ( 'NONE',  ( 12.15247913859319340, 18.00000000000000355, 0.000000000000000000 ) ) ;
#4132 = ORIENTED_EDGE ( 'NONE', *, *, #1607, .F. ) ;
#4133 = CARTESIAN_POINT ( 'NONE',  ( 16.42487113059643633, -18.00000000000000355, 4.000000000000000000 ) ) ;
#4134 = EDGE_CURVE ( 'NONE', #3006, #2890, #381, .T. ) ;
#4135 = ORIENTED_EDGE ( 'NONE', *, *, #1348, .T. ) ;
#4136 = LINE ( 'NONE', #4156, #479 ) ;
#4137 = EDGE_LOOP ( 'NONE', ( #1708, #2542, #2103, #265, #4016, #1366 ) ) ;
#4138 = EDGE_CURVE ( 'NONE', #2832, #1944, #26, .T. ) ;
#4139 = DIRECTION ( 'NONE',  ( -1.000000000000000000, -0.000000000000000000, -0.000000000000000000 ) ) ;
#4140 = ORIENTED_EDGE ( 'NONE', *, *, #3998, .F. ) ;
#4141 = PLANE ( 'NONE',  #4235 ) ;
#4142 = DIRECTION ( 'NONE',  ( -1.734723475976807094E-15, 0.000000000000000000, -1.000000000000000000 ) ) ;
#4143 = ORIENTED_EDGE ( 'NONE', *, *, #3421, .T. ) ;
#4144 = EDGE_CURVE ( 'NONE', #3046, #1622, #691, .T. ) ;
#4145 = DIRECTION ( 'NONE',  ( 1.000000000000000000, 0.000000000000000000, 0.000000000000000000 ) ) ;
#4146 = CARTESIAN_POINT ( 'NONE',  ( 9.499999999999998224, -15.50000000000000178, 0.5000000000000002220 ) ) ;
#4147 = FACE_OUTER_BOUND ( 'NONE', #3295, .T. ) ;
#4148 = EDGE_LOOP ( 'NONE', ( #1423, #2636, #3624, #3448 ) ) ;
#4149 = CARTESIAN_POINT ( 'NONE',  ( 11.57512886940357077, 18.99999999999999645, 4.000000000000000000 ) ) ;
#4150 = PLANE ( 'NONE',  #646 ) ;
#4151 = DIRECTION ( 'NONE',  ( 0.7071067811865495711, -5.110978055611292487E-16, 0.7071067811865454633 ) ) ;
#4152 = VERTEX_POINT ( 'NONE', #740 ) ;
#4153 = AXIS2_PLACEMENT_3D ( 'NONE', #4521, #2054, #922 ) ;
#4154 = DIRECTION ( 'NONE',  ( -1.000000000000000000, -0.000000000000000000, -0.000000000000000000 ) ) ;
#4155 = LINE ( 'NONE', #935, #3402 ) ;
#4156 = CARTESIAN_POINT ( 'NONE',  ( 15.21243556529821106, 16.89999999999999858, 0.000000000000000000 ) ) ;
#4157 =( NAMED_UNIT ( * ) PLANE_ANGLE_UNIT ( ) SI_UNIT ( $, .RADIAN. ) );
#4158 = ORIENTED_EDGE ( 'NONE', *, *, #3309, .T. ) ;
#4159 = VECTOR ( 'NONE', #324, 1000.000000000000000 ) ;
#4160 = EDGE_CURVE ( 'NONE', #2744, #3981, #2107, .T. ) ;
#4161 = CONICAL_SURFACE ( 'NONE', #3039, 6.299999999999986500, 0.7853981633974511656 ) ;
#4162 = DIRECTION ( 'NONE',  ( 0.000000000000000000, -0.000000000000000000, 1.000000000000000000 ) ) ;
#4163 = ORIENTED_EDGE ( 'NONE', *, *, #2383, .T. ) ;
#4164 = CARTESIAN_POINT ( 'NONE',  ( 16.42487113059642567, 18.99999999999999645, 4.000000000000000000 ) ) ;
#4165 = ORIENTED_EDGE ( 'NONE', *, *, #485, .F. ) ;
#4166 = AXIS2_PLACEMENT_3D ( 'NONE', #475, #764, #3669 ) ;
#4167 = ADVANCED_FACE ( 'NONE', ( #644 ), #3564, .F. ) ;
#4168 = SURFACE_STYLE_FILL_AREA ( #1255 ) ;
#4169 = CIRCLE ( 'NONE', #3047, 3.499999999999999556 ) ;
#4170 = PLANE ( 'NONE',  #4153 ) ;
#4171 = PLANE ( 'NONE',  #1097 ) ;
#4172 = ORIENTED_EDGE ( 'NONE', *, *, #770, .F. ) ;
#4173 = EDGE_CURVE ( 'NONE', #604, #4259, #1745, .T. ) ;
#4174 = AXIS2_PLACEMENT_3D ( 'NONE', #3377, #3730, #4432 ) ;
#4175 = VECTOR ( 'NONE', #268, 1000.000000000000000 ) ;
#4176 =( NAMED_UNIT ( * ) PLANE_ANGLE_UNIT ( ) SI_UNIT ( $, .RADIAN. ) );
#4177 = DIRECTION ( 'NONE',  ( 0.5000000000000002220, -0.8660254037844384856, 0.000000000000000000 ) ) ;
#4178 = MECHANICAL_DESIGN_GEOMETRIC_PRESENTATION_REPRESENTATION (  '', ( #1475 ), #1174 ) ;
#4179 = CONICAL_SURFACE ( 'NONE', #2753, 4.699999999999988631, 0.7853981633974498333 ) ;
#4180 = DIRECTION ( 'NONE',  ( 0.7071067811865473507, 0.000000000000000000, -0.7071067811865477948 ) ) ;
#4181 = ORIENTED_EDGE ( 'NONE', *, *, #1444, .F. ) ;
#4182 = AXIS2_PLACEMENT_3D ( 'NONE', #4537, #4139, #3011 ) ;
#4183 = DIRECTION ( 'NONE',  ( -0.000000000000000000, -1.000000000000000000, -0.000000000000000000 ) ) ;
#4184 = VERTEX_POINT ( 'NONE', #288 ) ;
#4185 = CARTESIAN_POINT ( 'NONE',  ( 18.10000000000000142, 10.99999999999999645, 20.89999999999999858 ) ) ;
#4186 = ORIENTED_EDGE ( 'NONE', *, *, #3998, .T. ) ;
#4187 = VECTOR ( 'NONE', #502, 1000.000000000000000 ) ;
#4188 = CARTESIAN_POINT ( 'NONE',  ( 9.000000000000000000, -15.50000000000000178, 2.204364238465235428E-15 ) ) ;
#4189 = ORIENTED_EDGE ( 'NONE', *, *, #451, .F. ) ;
#4190 = DIRECTION ( 'NONE',  ( 1.000000000000000000, 0.000000000000000000, 0.000000000000000000 ) ) ;
#4191 = EDGE_CURVE ( 'NONE', #1944, #1741, #948, .T. ) ;
#4192 = DIRECTION ( 'NONE',  ( 0.000000000000000000, 0.000000000000000000, -1.000000000000000000 ) ) ;
#4193 = ORIENTED_EDGE ( 'NONE', *, *, #4535, .F. ) ;
#4194 = PLANE ( 'NONE',  #2885 ) ;
#4195 = EDGE_CURVE ( 'NONE', #2886, #4084, #309, .T. ) ;
#4196 = CARTESIAN_POINT ( 'NONE',  ( 14.15000000000002345, 14.14999999999997549, 8.500000000000000000 ) ) ;
#4197 = ORIENTED_EDGE ( 'NONE', *, *, #3750, .F. ) ;
#4198 = CARTESIAN_POINT ( 'NONE',  ( 19.10000000000001208, -11.00000000000000711, 20.89999999999999858 ) ) ;
#4199 = EDGE_CURVE ( 'NONE', #4583, #589, #4239, .T. ) ;
#4200 = CARTESIAN_POINT ( 'NONE',  ( -12.78756443470179605, -20.10000000000000497, 4.000000000000000000 ) ) ;
#4201 = DIRECTION ( 'NONE',  ( -0.7071067811865477948, 0.000000000000000000, -0.7071067811865473507 ) ) ;
#4202 = EDGE_LOOP ( 'NONE', ( #2615, #4181, #2385, #1451 ) ) ;
#4203 = DIRECTION ( 'NONE',  ( -1.734723475976807094E-15, 0.000000000000000000, 1.000000000000000000 ) ) ;
#4204 = EDGE_LOOP ( 'NONE', ( #2802, #527, #4526, #3099, #1112, #3154 ) ) ;
#4205 = DIRECTION ( 'NONE',  ( -0.5000000000000002220, -0.8660254037844384856, 0.000000000000000000 ) ) ;
#4206 = ORIENTED_EDGE ( 'NONE', *, *, #1157, .T. ) ;
#4207 = DIRECTION ( 'NONE',  ( -0.5000000000000002220, -0.8660254037844384856, 0.000000000000000000 ) ) ;
#4208 = EDGE_LOOP ( 'NONE', ( #1695, #2880, #4652, #177 ) ) ;
#4209 = LINE ( 'NONE', #986, #3789 ) ;
#4210 = DIRECTION ( 'NONE',  ( -0.5000000000000008882, -0.8660254037844380415, 0.000000000000000000 ) ) ;
#4211 = LINE ( 'NONE', #548, #262 ) ;
#4212 = VERTEX_POINT ( 'NONE', #3187 ) ;
#4213 = ADVANCED_FACE ( 'NONE', ( #1422 ), #1066, .T. ) ;
#4214 = CARTESIAN_POINT ( 'NONE',  ( -17.60000000000000497, 25.50000000000000355, 26.00000000000000355 ) ) ;
#4215 = LINE ( 'NONE', #3163, #1897 ) ;
#4216 = CARTESIAN_POINT ( 'NONE',  ( -17.60000000000000497, 25.50000000000000355, 20.50000000000000000 ) ) ;
#4217 = ORIENTED_EDGE ( 'NONE', *, *, #4310, .F. ) ;
#4218 = ADVANCED_FACE ( 'NONE', ( #2620 ), #2243, .T. ) ;
#4219 = CARTESIAN_POINT ( 'NONE',  ( -18.59999999999999432, -17.00000000000000355, 20.40000000000000568 ) ) ;
#4220 = DIRECTION ( 'NONE',  ( 1.000000000000000000, 0.000000000000000000, 0.000000000000000000 ) ) ;
#4221 = DIRECTION ( 'NONE',  ( 1.000000000000000000, 1.508455196501571183E-16, -0.000000000000000000 ) ) ;
#4222 = ORIENTED_EDGE ( 'NONE', *, *, #3344, .F. ) ;
#4223 = ADVANCED_FACE ( 'NONE', ( #3683 ), #3307, .F. ) ;
#4224 = LINE ( 'NONE', #2722, #1171 ) ;
#4225 = CARTESIAN_POINT ( 'NONE',  ( -12.49999999999999645, -18.00000000000000355, 28.00000000000000000 ) ) ;
#4226 = CARTESIAN_POINT ( 'NONE',  ( 18.79999999999998650, 2.557866772420701806E-15, 0.000000000000000000 ) ) ;
#4227 = ORIENTED_EDGE ( 'NONE', *, *, #3864, .F. ) ;
#4228 = EDGE_CURVE ( 'NONE', #1286, #2167, #3985, .T. ) ;
#4229 = CARTESIAN_POINT ( 'NONE',  ( 11.57512886940358143, -18.00000000000000355, 4.000000000000000000 ) ) ;
#4230 = ORIENTED_EDGE ( 'NONE', *, *, #4578, .F. ) ;
#4231 = DIRECTION ( 'NONE',  ( 1.360567432138672328E-16, -1.000000000000000000, 0.000000000000000000 ) ) ;
#4232 = LINE ( 'NONE', #685, #4556 ) ;
#4233 = CARTESIAN_POINT ( 'NONE',  ( 17.59999999999999787, 18.00000000000000355, 26.00000000000000355 ) ) ;
#4234 = ORIENTED_EDGE ( 'NONE', *, *, #397, .F. ) ;
#4235 = AXIS2_PLACEMENT_3D ( 'NONE', #256, #3088, #4231 ) ;
#4236 = DIRECTION ( 'NONE',  ( -1.533293416683382273E-16, -0.7071067811865511255, -0.7071067811865440200 ) ) ;
#4237 = ORIENTED_EDGE ( 'NONE', *, *, #1811, .T. ) ;
#4238 = DIRECTION ( 'NONE',  ( 1.000000000000000000, 0.000000000000000000, 0.000000000000000000 ) ) ;
#4239 = LINE ( 'NONE', #4647, #2000 ) ;
#4240 = ORIENTED_EDGE ( 'NONE', *, *, #2809, .F. ) ;
#4241 = AXIS2_PLACEMENT_3D ( 'NONE', #2399, #3482, #2703 ) ;
#4242 = ORIENTED_EDGE ( 'NONE', *, *, #4418, .F. ) ;
#4243 = AXIS2_PLACEMENT_3D ( 'NONE', #4485, #3849, #958 ) ;
#4244 = CARTESIAN_POINT ( 'NONE',  ( -15.21243556529821817, 16.89999999999999858, 0.000000000000000000 ) ) ;
#4245 = CARTESIAN_POINT ( 'NONE',  ( 12.78756443470178361, 16.89999999999999858, 0.000000000000000000 ) ) ;
#4246 = CARTESIAN_POINT ( 'NONE',  ( -12.49999999999999645, -25.50000000000000355, 26.79999999999999361 ) ) ;
#4247 = EDGE_CURVE ( 'NONE', #4353, #1610, #1511, .T. ) ;
#4248 = EDGE_LOOP ( 'NONE', ( #3332, #778, #3533, #1650 ) ) ;
#4249 = CIRCLE ( 'NONE', #3430, 7.500000000000000000 ) ;
#4250 = DIRECTION ( 'NONE',  ( 0.000000000000000000, 0.000000000000000000, 1.000000000000000000 ) ) ;
#4251 = VECTOR ( 'NONE', #2339, 1000.000000000000000 ) ;
#4252 = CARTESIAN_POINT ( 'NONE',  ( 18.60000000000000497, 16.99999999999999289, 21.40000000000000568 ) ) ;
#4253 = CARTESIAN_POINT ( 'NONE',  ( 16.39999999999999858, 23.90000000000000568, 20.50000000000000000 ) ) ;
#4254 = EDGE_CURVE ( 'NONE', #2626, #753, #4407, .T. ) ;
#4255 = ORIENTED_EDGE ( 'NONE', *, *, #1125, .T. ) ;
#4256 = VECTOR ( 'NONE', #449, 1000.000000000000000 ) ;
#4257 = CIRCLE ( 'NONE', #4409, 7.500000000000000000 ) ;
#4258 = FACE_OUTER_BOUND ( 'NONE', #134, .T. ) ;
#4259 = VERTEX_POINT ( 'NONE', #1491 ) ;
#4260 = AXIS2_PLACEMENT_3D ( 'NONE', #3555, #2776, #3534 ) ;
#4261 = CYLINDRICAL_SURFACE ( 'NONE', #2887, 5.000000000000000000 ) ;
#4262 = ADVANCED_FACE ( 'NONE', ( #1186 ), #4379, .F. ) ;
#4263 = DIRECTION ( 'NONE',  ( -0.000000000000000000, -0.000000000000000000, 1.000000000000000000 ) ) ;
#4264 = EDGE_LOOP ( 'NONE', ( #4163, #2027, #4090, #2245 ) ) ;
#4265 = ORIENTED_EDGE ( 'NONE', *, *, #2532, .F. ) ;
#4266 = DIRECTION ( 'NONE',  ( 1.000000000000000000, 0.000000000000000000, 0.000000000000000000 ) ) ;
#4267 = DIRECTION ( 'NONE',  ( 0.000000000000000000, 1.000000000000000000, 0.000000000000000000 ) ) ;
#4268 = CARTESIAN_POINT ( 'NONE',  ( -20.00000000000000000, 11.77848717028428993, 16.59999561272583435 ) ) ;
#4269 = ORIENTED_EDGE ( 'NONE', *, *, #241, .T. ) ;
#4270 = PRODUCT_DEFINITION_CONTEXT ( 'detailed design', #2472, 'design' ) ;
#4271 = LINE ( 'NONE', #2863, #2972 ) ;
#4272 = LINE ( 'NONE', #2488, #2288 ) ;
#4273 = ORIENTED_EDGE ( 'NONE', *, *, #424, .T. ) ;
#4274 = EDGE_CURVE ( 'NONE', #3583, #702, #4357, .T. ) ;
#4275 = CARTESIAN_POINT ( 'NONE',  ( 17.62623382373350722, 25.48889619352899061, 20.91454485500882754 ) ) ;
#4276 = FACE_OUTER_BOUND ( 'NONE', #2396, .T. ) ;
#4277 = CARTESIAN_POINT ( 'NONE',  ( 12.50000000000000178, -18.00000000000000355, 0.000000000000000000 ) ) ;
#4278 = ORIENTED_EDGE ( 'NONE', *, *, #2935, .F. ) ;
#4279 = ADVANCED_FACE ( 'NONE', ( #55 ), #496, .F. ) ;
#4280 = DIRECTION ( 'NONE',  ( 1.000000000000000000, 0.000000000000000000, 0.000000000000000000 ) ) ;
#4281 = ORIENTED_EDGE ( 'NONE', *, *, #1748, .F. ) ;
#4282 = FACE_OUTER_BOUND ( 'NONE', #2849, .T. ) ;
#4283 = CARTESIAN_POINT ( 'NONE',  ( 19.10000000000000853, 16.99999999999999289, 20.89999999999999858 ) ) ;
#4284 = ORIENTED_EDGE ( 'NONE', *, *, #609, .F. ) ;
#4285 = ORIENTED_EDGE ( 'NONE', *, *, #2348, .F. ) ;
#4286 = EDGE_CURVE ( 'NONE', #3, #3028, #1134, .T. ) ;
#4287 = LINE ( 'NONE', #1367, #2381 ) ;
#4288 = CARTESIAN_POINT ( 'NONE',  ( -17.59999999999999787, -18.09999999999999787, 8.500000000000000000 ) ) ;
#4289 = CARTESIAN_POINT ( 'NONE',  ( -15.59999999999999787, -14.90000000000001101, 8.500000000000000000 ) ) ;
#4290 = EDGE_LOOP ( 'NONE', ( #3610, #1127, #4222, #1196, #3587 ) ) ;
#4291 = EDGE_CURVE ( 'NONE', #4002, #215, #4249, .T. ) ;
#4292 = DIRECTION ( 'NONE',  ( -1.119176436114069085E-16, 1.000000000000000000, 0.000000000000000000 ) ) ;
#4293 = PLANE ( 'NONE',  #416 ) ;
#4294 = CARTESIAN_POINT ( 'NONE',  ( -10.39999999999999858, -21.09999999999999432, 8.500000000000000000 ) ) ;
#4295 = ORIENTED_EDGE ( 'NONE', *, *, #160, .F. ) ;
#4296 = CARTESIAN_POINT ( 'NONE',  ( 18.15392654936348649, 25.43640492584759372, 21.50454628519911893 ) ) ;
#4297 = CARTESIAN_POINT ( 'NONE',  ( 12.78756443470178361, 16.89999999999999858, 4.000000000000000000 ) ) ;
#4298 = ORIENTED_EDGE ( 'NONE', *, *, #2022, .T. ) ;
#4299 = DIRECTION ( 'NONE',  ( 1.000000000000000000, 0.000000000000000000, -0.000000000000000000 ) ) ;
#4300 = VERTEX_POINT ( 'NONE', #805 ) ;
#4301 = DIRECTION ( 'NONE',  ( 1.000000000000000000, 0.000000000000000000, 0.000000000000000000 ) ) ;
#4302 = FACE_OUTER_BOUND ( 'NONE', #1715, .T. ) ;
#4303 = VERTEX_POINT ( 'NONE', #1596 ) ;
#4304 = VECTOR ( 'NONE', #679, 1000.000000000000000 ) ;
#4305 = ADVANCED_FACE ( 'NONE', ( #3037 ), #1951, .F. ) ;
#4306 = AXIS2_PLACEMENT_3D ( 'NONE', #1227, #1630, #97 ) ;
#4307 = ORIENTED_EDGE ( 'NONE', *, *, #2443, .T. ) ;
#4308 = CARTESIAN_POINT ( 'NONE',  ( 19.99999999999999645, 18.00000000000000355, 26.79999999999999361 ) ) ;
#4309 = DIRECTION ( 'NONE',  ( 0.000000000000000000, 0.7071067811865454633, 0.7071067811865495711 ) ) ;
#4310 = EDGE_CURVE ( 'NONE', #66, #4589, #1575, .T. ) ;
#4311 = ORIENTED_EDGE ( 'NONE', *, *, #3625, .F. ) ;
#4312 = VECTOR ( 'NONE', #2730, 1000.000000000000114 ) ;
#4313 = DIRECTION ( 'NONE',  ( 1.000000000000000000, 1.119176436114069085E-16, 0.000000000000000000 ) ) ;
#4314 = CIRCLE ( 'NONE', #1308, 1.250000000000001110 ) ;
#4315 = DIRECTION ( 'NONE',  ( -1.000000000000000000, -0.000000000000000000, 0.000000000000000000 ) ) ;
#4316 = DIRECTION ( 'NONE',  ( 0.000000000000000000, 0.000000000000000000, 1.000000000000000000 ) ) ;
#4317 = EDGE_CURVE ( 'NONE', #400, #2668, #1099, .T. ) ;
#4318 = ORIENTED_EDGE ( 'NONE', *, *, #2065, .F. ) ;
#4319 = VECTOR ( 'NONE', #4577, 1000.000000000000227 ) ;
#4320 = DIRECTION ( 'NONE',  ( -1.360567432138672081E-16, 1.000000000000000000, 0.000000000000000000 ) ) ;
#4321 = AXIS2_PLACEMENT_3D ( 'NONE', #11, #4250, #388 ) ;
#4322 = PLANE ( 'NONE',  #1160 ) ;
#4323 = ORIENTED_EDGE ( 'NONE', *, *, #4627, .F. ) ;
#4324 = VECTOR ( 'NONE', #853, 1000.000000000000000 ) ;
#4325 = FACE_OUTER_BOUND ( 'NONE', #2728, .T. ) ;
#4326 = ORIENTED_EDGE ( 'NONE', *, *, #2662, .T. ) ;
#4327 = CARTESIAN_POINT ( 'NONE',  ( -20.00000000000000355, 24.29999999999999361, 7.500000000000000000 ) ) ;
#4328 = CARTESIAN_POINT ( 'NONE',  ( 19.99999999999999645, 24.29999999999999361, 20.50000000000000000 ) ) ;
#4329 = AXIS2_PLACEMENT_3D ( 'NONE', #4616, #4593, #332 ) ;
#4330 = EDGE_LOOP ( 'NONE', ( #3182, #289, #4425, #2751 ) ) ;
#4331 = VECTOR ( 'NONE', #773, 1000.000000000000000 ) ;
#4332 = VECTOR ( 'NONE', #2321, 1000.000000000000000 ) ;
#4333 = ADVANCED_FACE ( 'NONE', ( #3014 ), #3469, .F. ) ;
#4334 = CARTESIAN_POINT ( 'NONE',  ( 12.40000000000000568, 15.90000000000000391, 8.500000000000000000 ) ) ;
#4335 = ORIENTED_EDGE ( 'NONE', *, *, #2263, .T. ) ;
#4336 = DIRECTION ( 'NONE',  ( 0.000000000000000000, 0.000000000000000000, -1.000000000000000000 ) ) ;
#4337 = FILL_AREA_STYLE ('',( #4071 ) ) ;
#4338 = ORIENTED_EDGE ( 'NONE', *, *, #914, .T. ) ;
#4339 = EDGE_CURVE ( 'NONE', #2940, #3991, #2711, .T. ) ;
#4340 = CYLINDRICAL_SURFACE ( 'NONE', #3663, 1.249999999999999334 ) ;
#4341 = LINE ( 'NONE', #4650, #2746 ) ;
#4342 = FACE_OUTER_BOUND ( 'NONE', #3820, .T. ) ;
#4343 = ORIENTED_EDGE ( 'NONE', *, *, #3692, .T. ) ;
#4344 = EDGE_CURVE ( 'NONE', #3383, #1644, #3795, .T. ) ;
#4345 = CARTESIAN_POINT ( 'NONE',  ( -17.60000000000000497, 23.90000000000000213, 20.50000000000000000 ) ) ;
#4346 = CARTESIAN_POINT ( 'NONE',  ( -20.00000000000000355, -13.70000000000000817, 9.700000000000006395 ) ) ;
#4347 = EDGE_LOOP ( 'NONE', ( #966, #2875, #4318, #4230 ) ) ;
#4348 = ADVANCED_FACE ( 'NONE', ( #4121, #4540 ), #1223, .T. ) ;
#4349 = FACE_OUTER_BOUND ( 'NONE', #3784, .T. ) ;
#4350 = ORIENTED_EDGE ( 'NONE', *, *, #253, .T. ) ;
#4351 = LINE ( 'NONE', #4640, #323 ) ;
#4352 = CARTESIAN_POINT ( 'NONE',  ( -17.60000000000000497, 23.90000000000000213, 8.500000000000000000 ) ) ;
#4353 = VERTEX_POINT ( 'NONE', #3771 ) ;
#4354 = DIRECTION ( 'NONE',  ( 0.000000000000000000, 0.000000000000000000, -1.000000000000000000 ) ) ;
#4355 = ORIENTED_EDGE ( 'NONE', *, *, #4067, .F. ) ;
#4356 = DIRECTION ( 'NONE',  ( 0.000000000000000000, -0.000000000000000000, 1.000000000000000000 ) ) ;
#4357 = LINE ( 'NONE', #2639, #651 ) ;
#4358 = ORIENTED_EDGE ( 'NONE', *, *, #575, .F. ) ;
#4359 = ADVANCED_FACE ( 'NONE', ( #918 ), #2384, .F. ) ;
#4360 = DIRECTION ( 'NONE',  ( -1.360567432138672081E-16, 1.000000000000000000, -0.000000000000000000 ) ) ;
#4361 = CARTESIAN_POINT ( 'NONE',  ( -18.59999999999999432, -11.00000000000000711, 20.39999999999999858 ) ) ;
#4362 = FACE_OUTER_BOUND ( 'NONE', #2905, .T. ) ;
#4363 = SURFACE_STYLE_USAGE ( .BOTH. , #1193 ) ;
#4364 = VERTEX_POINT ( 'NONE', #4095 ) ;
#4365 = EDGE_CURVE ( 'NONE', #3457, #1291, #542, .T. ) ;
#4366 = DIRECTION ( 'NONE',  ( 1.000000000000000000, 0.000000000000000000, 0.000000000000000000 ) ) ;
#4367 = DIRECTION ( 'NONE',  ( 0.7071067811865459074, 7.913772473204492237E-17, 0.7071067811865491270 ) ) ;
#4368 = ORIENTED_EDGE ( 'NONE', *, *, #2612, .T. ) ;
#4369 = EDGE_CURVE ( 'NONE', #147, #1159, #1625, .T. ) ;
#4370 = EDGE_LOOP ( 'NONE', ( #3782, #3620, #1512, #2791 ) ) ;
#4371 = CARTESIAN_POINT ( 'NONE',  ( -18.30163157378049021, 25.37539846406454558, 21.86692524848957220 ) ) ;
#4372 = PLANE ( 'NONE',  #1854 ) ;
#4373 = ORIENTED_EDGE ( 'NONE', *, *, #517, .F. ) ;
#4374 = EDGE_CURVE ( 'NONE', #1224, #248, #2352, .T. ) ;
#4375 = LINE ( 'NONE', #3279, #3288 ) ;
#4376 = EDGE_LOOP ( 'NONE', ( #4453, #188 ) ) ;
#4377 = CLOSED_SHELL ( 'NONE', ( #4112, #1921, #3944, #4402, #4305, #4262, #1802, #568, #746, #2710, #1832, #2503, #2916, #110, #3932, #489, #155, #864, #2822, #3303, #3896, #2137, #2990, #391, #3489, #1032, #1233, #4450, #1465, #3276, #4543, #4004, #1189, #3260, #3653, #3453, #3796, #581, #76, #2561, #4507, #4395, #1416, #2704, #285, #3790, #1200, #3990, #1863, #598, #3393, #4117, #3477, #4213, #3916, #3811, #4279, #2449, #1947, #3048, #835, #4106, #1211, #1056, #3949, #4359, #544, #3285, #829, #478, #1848, #120, #2186, #2320, #1068, #2047, #2616, #550, #3661, #302, #4590, #3833, #2698, #4348, #3544, #3033, #226, #2815, #1871, #3101, #1487, #59, #750, #260, #2523, #2539, #3338, #29, #3458, #4568, #4218, #3314, #4512, #3773, #1600, #2157, #1272, #4223, #172, #2831, #1493, #2509, #1929, #999, #4167, #1839, #2734, #1696, #2191, #1742, #3762, #3057, #2721, #994, #593, #3141, #1144, #2389, #4333, #1239, #711, #1518, #329, #974, #3511, #3040, #1503, #3197, #231, #3881, #2214, #3333, #3704, #2643, #3183, #2269 ) ) ;
#4378 = FACE_OUTER_BOUND ( 'NONE', #393, .T. ) ;
#4379 = CYLINDRICAL_SURFACE ( 'NONE', #2752, 1.249999999999999334 ) ;
#4380 = VERTEX_POINT ( 'NONE', #214 ) ;
#4381 = AXIS2_PLACEMENT_3D ( 'NONE', #3665, #659, #2847 ) ;
#4382 = DIRECTION ( 'NONE',  ( -0.7071067811865497932, 7.913772473204535378E-17, -0.7071067811865453523 ) ) ;
#4383 = DIRECTION ( 'NONE',  ( 0.000000000000000000, 0.000000000000000000, 1.000000000000000000 ) ) ;
#4384 = FACE_BOUND ( 'NONE', #3793, .T. ) ;
#4385 = CARTESIAN_POINT ( 'NONE',  ( 15.21243556529821106, 16.89999999999999858, 4.000000000000000000 ) ) ;
#4386 = AXIS2_PLACEMENT_3D ( 'NONE', #1387, #2190, #3251 ) ;
#4387 = ORIENTED_EDGE ( 'NONE', *, *, #511, .F. ) ;
#4388 = VECTOR ( 'NONE', #4561, 1000.000000000000000 ) ;
#4389 = CARTESIAN_POINT ( 'NONE',  ( 12.50000000000000355, -25.50000000000000355, 1.200000000000006617 ) ) ;
#4390 = EDGE_CURVE ( 'NONE', #1996, #654, #1029, .T. ) ;
#4391 = CARTESIAN_POINT ( 'NONE',  ( -18.79999999999998650, -2.557866772420701806E-15, 0.000000000000000000 ) ) ;
#4392 = ORIENTED_EDGE ( 'NONE', *, *, #3203, .T. ) ;
#4393 = VECTOR ( 'NONE', #3810, 1000.000000000000000 ) ;
#4394 = CONICAL_SURFACE ( 'NONE', #2823, 3.199999999999982414, 0.7853981633974458365 ) ;
#4395 = ADVANCED_FACE ( 'NONE', ( #3958, #1343 ), #1717, .T. ) ;
#4396 =( BOUNDED_CURVE ( )  B_SPLINE_CURVE ( 3, ( #621, #2061, #3194, #4623 ),
 .UNSPECIFIED., .F., .T. ) 
 B_SPLINE_CURVE_WITH_KNOTS ( ( 4, 4 ),
 ( 4.578657390974749219, 4.712388980384689674 ),
 .UNSPECIFIED. ) 
 CURVE ( )  GEOMETRIC_REPRESENTATION_ITEM ( )  RATIONAL_B_SPLINE_CURVE ( ( 1.000000000000000000, 0.9985102103653389349, 0.9985102103653389349, 1.000000000000000000 ) ) 
 REPRESENTATION_ITEM ( '' )  );
#4397 = CARTESIAN_POINT ( 'NONE',  ( 17.72760639623761136, 23.47845643099608282, 20.99570479717820959 ) ) ;
#4398 = CARTESIAN_POINT ( 'NONE',  ( 12.78756443470178716, 21.10000000000000142, 4.000000000000000000 ) ) ;
#4399 = ORIENTED_EDGE ( 'NONE', *, *, #1719, .T. ) ;
#4400 = AXIS2_PLACEMENT_3D ( 'NONE', #2180, #338, #3570 ) ;
#4401 = VECTOR ( 'NONE', #4382, 1000.000000000000114 ) ;
#4402 = ADVANCED_FACE ( 'NONE', ( #3180 ), #735, .F. ) ;
#4403 = CARTESIAN_POINT ( 'NONE',  ( -20.00000000000000000, -7.700000000000008171, 14.89999999999998259 ) ) ;
#4404 = ORIENTED_EDGE ( 'NONE', *, *, #2579, .F. ) ;
#4405 = VECTOR ( 'NONE', #1541, 1000.000000000000000 ) ;
#4406 = DIRECTION ( 'NONE',  ( 5.782411586589358625E-16, 1.000000000000000000, 0.000000000000000000 ) ) ;
#4407 = LINE ( 'NONE', #402, #2155 ) ;
#4408 = ORIENTED_EDGE ( 'NONE', *, *, #2881, .T. ) ;
#4409 = AXIS2_PLACEMENT_3D ( 'NONE', #3936, #1016, #4570 ) ;
#4410 = DIRECTION ( 'NONE',  ( 0.7071067811865507924, 0.7071067811865441310, 0.000000000000000000 ) ) ;
#4411 = CARTESIAN_POINT ( 'NONE',  ( -12.78756443470179782, -15.90000000000000036, 4.000000000000000000 ) ) ;
#4412 = CARTESIAN_POINT ( 'NONE',  ( -18.80000000000001492, 8.278487170284289931, 16.59999561272583435 ) ) ;
#4413 =( NAMED_UNIT ( * ) SI_UNIT ( $, .STERADIAN. ) SOLID_ANGLE_UNIT ( ) );
#4414 = ORIENTED_EDGE ( 'NONE', *, *, #64, .T. ) ;
#4415 = LINE ( 'NONE', #1142, #939 ) ;
#4416 = DIRECTION ( 'NONE',  ( -1.000000000000000000, 0.000000000000000000, -1.227398685832647543E-16 ) ) ;
#4417 = EDGE_LOOP ( 'NONE', ( #543, #4206, #3660 ) ) ;
#4418 = EDGE_CURVE ( 'NONE', #698, #2744, #4587, .T. ) ;
#4419 = ORIENTED_EDGE ( 'NONE', *, *, #1542, .F. ) ;
#4420 = DIRECTION ( 'NONE',  ( 1.000000000000000000, 0.000000000000000000, 0.000000000000000000 ) ) ;
#4421 = CARTESIAN_POINT ( 'NONE',  ( -10.40000000000000213, 17.90000000000000924, 8.500000000000000000 ) ) ;
#4422 = VERTEX_POINT ( 'NONE', #2874 ) ;
#4423 = EDGE_CURVE ( 'NONE', #4541, #174, #666, .T. ) ;
#4424 = FACE_OUTER_BOUND ( 'NONE', #2189, .T. ) ;
#4425 = ORIENTED_EDGE ( 'NONE', *, *, #2361, .T. ) ;
#4426 = DIRECTION ( 'NONE',  ( -0.7071067811865454633, -9.620664575268200811E-17, 0.7071067811865495711 ) ) ;
#4427 = SURFACE_STYLE_FILL_AREA ( #4337 ) ;
#4428 = VERTEX_POINT ( 'NONE', #2800 ) ;
#4429 = EDGE_CURVE ( 'NONE', #4428, #2563, #2423, .T. ) ;
#4430 = CARTESIAN_POINT ( 'NONE',  ( 19.99999999999999645, 25.50000000000000355, 1.200000000000006617 ) ) ;
#4431 = DIRECTION ( 'NONE',  ( -4.361254403050805882E-32, 2.891205793294678819E-16, 1.000000000000000000 ) ) ;
#4432 = DIRECTION ( 'NONE',  ( 0.000000000000000000, -0.000000000000000000, -1.000000000000000000 ) ) ;
#4433 = LINE ( 'NONE', #80, #259 ) ;
#4434 = VERTEX_POINT ( 'NONE', #2146 ) ;
#4435 = EDGE_CURVE ( 'NONE', #3392, #3928, #4232, .T. ) ;
#4436 = CARTESIAN_POINT ( 'NONE',  ( 18.60000000000001208, -11.00000000000000711, 20.40000000000000213 ) ) ;
#4437 = DIRECTION ( 'NONE',  ( 0.000000000000000000, 0.000000000000000000, 1.000000000000000000 ) ) ;
#4438 = CARTESIAN_POINT ( 'NONE',  ( 18.79999999999998295, 25.50000000000000355, 3.000000000000000000 ) ) ;
#4439 = ORIENTED_EDGE ( 'NONE', *, *, #3972, .F. ) ;
#4440 = DIRECTION ( 'NONE',  ( 0.000000000000000000, 0.000000000000000000, -1.000000000000000000 ) ) ;
#4441 = ORIENTED_EDGE ( 'NONE', *, *, #1265, .T. ) ;
#4442 = CARTESIAN_POINT ( 'NONE',  ( -17.59999999999999787, -11.00000000000000711, 21.40000000000000568 ) ) ;
#4443 = ORIENTED_EDGE ( 'NONE', *, *, #4247, .F. ) ;
#4444 = DIRECTION ( 'NONE',  ( 0.000000000000000000, 0.000000000000000000, -1.000000000000000000 ) ) ;
#4445 = EDGE_CURVE ( 'NONE', #4579, #938, #1436, .T. ) ;
#4446 = DIRECTION ( 'NONE',  ( 1.360567432138672081E-16, -1.000000000000000000, 0.000000000000000000 ) ) ;
#4447 = VERTEX_POINT ( 'NONE', #2121 ) ;
#4448 = DIRECTION ( 'NONE',  ( 0.000000000000000000, 0.000000000000000000, 1.000000000000000000 ) ) ;
#4449 = LINE ( 'NONE', #900, #775 ) ;
#4450 = ADVANCED_FACE ( 'NONE', ( #4302 ), #3585, .F. ) ;
#4451 = DIRECTION ( 'NONE',  ( -0.5000000000000002220, -0.8660254037844384856, 0.000000000000000000 ) ) ;
#4452 = CARTESIAN_POINT ( 'NONE',  ( -11.57512886940358143, -18.00000000000000711, 0.000000000000000000 ) ) ;
#4453 = ORIENTED_EDGE ( 'NONE', *, *, #4494, .T. ) ;
#4454 = CARTESIAN_POINT ( 'NONE',  ( 12.40000000000000568, 15.90000000000000391, 3.000000000000000000 ) ) ;
#4455 = EDGE_CURVE ( 'NONE', #3046, #85, #2075, .T. ) ;
#4456 = CARTESIAN_POINT ( 'NONE',  ( -10.20000000000000107, -25.50000000000000355, 1.200000000000000178 ) ) ;
#4457 = CARTESIAN_POINT ( 'NONE',  ( -15.59999999999998010, 15.90000000000000036, 8.500000000000000000 ) ) ;
#4458 = VERTEX_POINT ( 'NONE', #3862 ) ;
#4459 = VECTOR ( 'NONE', #2261, 1000.000000000000000 ) ;
#4460 = ORIENTED_EDGE ( 'NONE', *, *, #2782, .F. ) ;
#4461 = VECTOR ( 'NONE', #1567, 1000.000000000000114 ) ;
#4462 = CARTESIAN_POINT ( 'NONE',  ( 3.500000000000004885, 15.50000000000000178, 20.50000000000000355 ) ) ;
#4463 = ORIENTED_EDGE ( 'NONE', *, *, #2986, .F. ) ;
#4464 = PRESENTATION_LAYER_ASSIGNMENT (  '', '', ( #2142 ) ) ;
#4465 = LINE ( 'NONE', #1592, #2983 ) ;
#4466 = ORIENTED_EDGE ( 'NONE', *, *, #436, .T. ) ;
#4467 = LINE ( 'NONE', #846, #2958 ) ;
#4468 = DIRECTION ( 'NONE',  ( -0.000000000000000000, -0.000000000000000000, 1.000000000000000000 ) ) ;
#4469 = VECTOR ( 'NONE', #2793, 1000.000000000000000 ) ;
#4470 = ORIENTED_EDGE ( 'NONE', *, *, #3967, .F. ) ;
#4471 = EDGE_CURVE ( 'NONE', #1878, #1302, #3517, .T. ) ;
#4472 = AXIS2_PLACEMENT_3D ( 'NONE', #3291, #145, #4451 ) ;
#4473 = AXIS2_PLACEMENT_3D ( 'NONE', #128, #3710, #2936 ) ;
#4474 = CARTESIAN_POINT ( 'NONE',  ( -12.49999999999999645, -25.50000000000000355, 3.000000000000000000 ) ) ;
#4475 = DIRECTION ( 'NONE',  ( -1.000000000000000000, -1.360567432138672081E-16, 0.000000000000000000 ) ) ;
#4476 = CARTESIAN_POINT ( 'NONE',  ( 0.000000000000000000, -15.50000000000000178, 0.000000000000000000 ) ) ;
#4477 = CARTESIAN_POINT ( 'NONE',  ( -18.40000000000000213, 18.00000000000000355, 26.00000000000000355 ) ) ;
#4478 = ORIENTED_EDGE ( 'NONE', *, *, #952, .T. ) ;
#4479 = VECTOR ( 'NONE', #2153, 1000.000000000000000 ) ;
#4480 = EDGE_CURVE ( 'NONE', #1896, #1472, #122, .T. ) ;
#4481 = CIRCLE ( 'NONE', #3667, 7.500000000000000000 ) ;
#4482 = DIRECTION ( 'NONE',  ( 0.000000000000000000, 0.000000000000000000, -1.000000000000000000 ) ) ;
#4483 = VECTOR ( 'NONE', #156, 999.9999999999998863 ) ;
#4484 = LINE ( 'NONE', #3148, #2673 ) ;
#4485 = CARTESIAN_POINT ( 'NONE',  ( 8.399999999999984368, -23.10000000000000142, 28.00000000000000000 ) ) ;
#4486 = ORIENTED_EDGE ( 'NONE', *, *, #3309, .F. ) ;
#4487 = EDGE_CURVE ( 'NONE', #174, #3746, #3159, .T. ) ;
#4488 = VERTEX_POINT ( 'NONE', #4610 ) ;
#4489 = DIRECTION ( 'NONE',  ( 0.4999999999999997780, -0.8660254037844387076, 0.000000000000000000 ) ) ;
#4490 = ORIENTED_EDGE ( 'NONE', *, *, #1432, .F. ) ;
#4491 = LINE ( 'NONE', #1290, #3192 ) ;
#4492 = SURFACE_STYLE_FILL_AREA ( #3440 ) ;
#4493 = VERTEX_POINT ( 'NONE', #1060 ) ;
#4494 = EDGE_CURVE ( 'NONE', #2821, #1135, #3589, .T. ) ;
#4495 = PLANE ( 'NONE',  #956 ) ;
#4496 = ORIENTED_EDGE ( 'NONE', *, *, #4339, .T. ) ;
#4497 = LINE ( 'NONE', #3414, #3641 ) ;
#4498 =( LENGTH_UNIT ( ) NAMED_UNIT ( * ) SI_UNIT ( .MILLI., .METRE. ) );
#4499 = EDGE_LOOP ( 'NONE', ( #3651, #3941, #450, #2187, #1813, #2147, #820, #2773, #2985, #320, #2241, #2690, #806, #3094, #3098, #1827, #477, #3176 ) ) ;
#4500 = CARTESIAN_POINT ( 'NONE',  ( -12.75000000000000178, 18.99999999999999645, 4.000000000000000000 ) ) ;
#4501 = CARTESIAN_POINT ( 'NONE',  ( -17.60000000000000497, 11.77848717028428993, 16.59999561272583435 ) ) ;
#4502 = CARTESIAN_POINT ( 'NONE',  ( 10.40000000000000036, 23.90000000000000213, 8.499999999999996447 ) ) ;
#4503 = ORIENTED_EDGE ( 'NONE', *, *, #2419, .F. ) ;
#4504 = LINE ( 'NONE', #619, #3281 ) ;
#4505 = CARTESIAN_POINT ( 'NONE',  ( 12.50000000000000178, -18.00000000000000355, 26.00000000000000355 ) ) ;
#4506 = LINE ( 'NONE', #2719, #36 ) ;
#4507 = ADVANCED_FACE ( 'NONE', ( #2476 ), #3913, .F. ) ;
#4508 = ORIENTED_EDGE ( 'NONE', *, *, #3026, .T. ) ;
#4509 = CARTESIAN_POINT ( 'NONE',  ( -18.04130736728037476, 23.43585217406341314, 21.34641154932869256 ) ) ;
#4510 = ORIENTED_EDGE ( 'NONE', *, *, #1754, .T. ) ;
#4511 = DIRECTION ( 'NONE',  ( 0.000000000000000000, 0.000000000000000000, 1.000000000000000000 ) ) ;
#4512 = ADVANCED_FACE ( 'NONE', ( #3933 ), #709, .T. ) ;
#4513 = VERTEX_POINT ( 'NONE', #1109 ) ;
#4514 = PLANE ( 'NONE',  #2010 ) ;
#4515 = ORIENTED_EDGE ( 'NONE', *, *, #2239, .F. ) ;
#4516 = CARTESIAN_POINT ( 'NONE',  ( -16.42487113059643633, -18.00000000000000711, 0.000000000000000000 ) ) ;
#4517 = EDGE_CURVE ( 'NONE', #52, #2861, #2003, .T. ) ;
#4518 = CARTESIAN_POINT ( 'NONE',  ( -20.00000000000000355, 25.50000000000000355, 1.200000000000006617 ) ) ;
#4519 = ORIENTED_EDGE ( 'NONE', *, *, #4058, .T. ) ;
#4520 = DIRECTION ( 'NONE',  ( -0.000000000000000000, -0.000000000000000000, -1.000000000000000000 ) ) ;
#4521 = CARTESIAN_POINT ( 'NONE',  ( 15.21243556529820928, 21.10000000000000142, 4.000000000000000000 ) ) ;
#4522 = CARTESIAN_POINT ( 'NONE',  ( -9.500000000000000000, -15.50000000000000178, 0.000000000000000000 ) ) ;
#4523 = VERTEX_POINT ( 'NONE', #18 ) ;
#4524 = LINE ( 'NONE', #3830, #944 ) ;
#4525 = FACE_OUTER_BOUND ( 'NONE', #2781, .T. ) ;
#4526 = ORIENTED_EDGE ( 'NONE', *, *, #1892, .T. ) ;
#4527 = VECTOR ( 'NONE', #2407, 1000.000000000000000 ) ;
#4528 = EDGE_CURVE ( 'NONE', #3445, #1591, #2535, .T. ) ;
#4529 = LINE ( 'NONE', #2415, #3724 ) ;
#4530 = VERTEX_POINT ( 'NONE', #3609 ) ;
#4531 = CARTESIAN_POINT ( 'NONE',  ( -16.42487113059642923, 18.99999999999999645, 4.000000000000000000 ) ) ;
#4532 = CARTESIAN_POINT ( 'NONE',  ( 15.25000000000000533, -18.00000000000000000, 8.500000000000000000 ) ) ;
#4533 = VERTEX_POINT ( 'NONE', #2896 ) ;
#4534 = CIRCLE ( 'NONE', #1676, 1.249999999999999334 ) ;
#4535 = EDGE_CURVE ( 'NONE', #386, #1021, #49, .T. ) ;
#4536 = VECTOR ( 'NONE', #419, 1000.000000000000000 ) ;
#4537 = CARTESIAN_POINT ( 'NONE',  ( -18.80000000000001492, 11.77848717028428993, 16.59999561272583435 ) ) ;
#4538 = ORIENTED_EDGE ( 'NONE', *, *, #3539, .F. ) ;
#4539 = LINE ( 'NONE', #3157, #2355 ) ;
#4540 = FACE_BOUND ( 'NONE', #1639, .T. ) ;
#4541 = VERTEX_POINT ( 'NONE', #111 ) ;
#4542 = VECTOR ( 'NONE', #1868, 1000.000000000000000 ) ;
#4543 = ADVANCED_FACE ( 'NONE', ( #2633 ), #3677, .F. ) ;
#4544 = DIRECTION ( 'NONE',  ( -1.000000000000000000, -0.000000000000000000, -0.000000000000000000 ) ) ;
#4545 = VECTOR ( 'NONE', #1964, 1000.000000000000000 ) ;
#4546 = CARTESIAN_POINT ( 'NONE',  ( -3.499999999999996003, 15.50000000000000178, 18.50000000000000711 ) ) ;
#4547 = CARTESIAN_POINT ( 'NONE',  ( 18.39999999999999503, 18.00000000000000355, 26.00000000000000355 ) ) ;
#4548 = ORIENTED_EDGE ( 'NONE', *, *, #1548, .F. ) ;
#4549 = VECTOR ( 'NONE', #164, 1000.000000000000000 ) ;
#4550 = VECTOR ( 'NONE', #438, 1000.000000000000000 ) ;
#4551 = DIRECTION ( 'NONE',  ( 1.000000000000000000, 0.000000000000000000, 0.000000000000000000 ) ) ;
#4552 = FACE_OUTER_BOUND ( 'NONE', #2712, .T. ) ;
#4553 = AXIS2_PLACEMENT_3D ( 'NONE', #640, #990, #2455 ) ;
#4554 = DIRECTION ( 'NONE',  ( 1.119176436114069085E-16, 1.000000000000000000, 0.000000000000000000 ) ) ;
#4555 = ORIENTED_EDGE ( 'NONE', *, *, #430, .F. ) ;
#4556 = VECTOR ( 'NONE', #3893, 1000.000000000000000 ) ;
#4557 = VECTOR ( 'NONE', #2944, 1000.000000000000000 ) ;
#4558 = ORIENTED_EDGE ( 'NONE', *, *, #1330, .F. ) ;
#4559 = DIRECTION ( 'NONE',  ( 0.000000000000000000, 0.000000000000000000, -1.000000000000000000 ) ) ;
#4560 = ORIENTED_EDGE ( 'NONE', *, *, #4528, .F. ) ;
#4561 = DIRECTION ( 'NONE',  ( -1.000000000000000000, 0.000000000000000000, 0.000000000000000000 ) ) ;
#4562 = ORIENTED_EDGE ( 'NONE', *, *, #1577, .F. ) ;
#4563 = CARTESIAN_POINT ( 'NONE',  ( 15.25000000000000888, -18.00000000000000355, 4.000000000000000000 ) ) ;
#4564 = ORIENTED_EDGE ( 'NONE', *, *, #2097, .T. ) ;
#4565 = FACE_BOUND ( 'NONE', #1891, .T. ) ;
#4566 = DIRECTION ( 'NONE',  ( -1.000000000000000000, 0.000000000000000000, -0.000000000000000000 ) ) ;
#4567 = CARTESIAN_POINT ( 'NONE',  ( -17.60000000000000497, 11.77848717028428993, 16.59999561272583435 ) ) ;
#4568 = ADVANCED_FACE ( 'NONE', ( #3980 ), #1525, .F. ) ;
#4569 = ORIENTED_EDGE ( 'NONE', *, *, #2299, .T. ) ;
#4570 = DIRECTION ( 'NONE',  ( 0.000000000000000000, 0.000000000000000000, -1.000000000000000000 ) ) ;
#4571 = CARTESIAN_POINT ( 'NONE',  ( -18.80000000000001492, 11.77848717028428993, 16.59999561272583435 ) ) ;
#4572 = CARTESIAN_POINT ( 'NONE',  ( -20.00000000000001066, 11.77848717028428993, 16.59999561272583435 ) ) ;
#4573 = EDGE_CURVE ( 'NONE', #3054, #3914, #395, .T. ) ;
#4574 = ORIENTED_EDGE ( 'NONE', *, *, #2760, .F. ) ;
#4575 = DIRECTION ( 'NONE',  ( -0.000000000000000000, -0.000000000000000000, 1.000000000000000000 ) ) ;
#4576 = LINE ( 'NONE', #1987, #1913 ) ;
#4577 = DIRECTION ( 'NONE',  ( -0.5000000000000008882, -0.8660254037844380415, 0.000000000000000000 ) ) ;
#4578 = EDGE_CURVE ( 'NONE', #4434, #822, #2257, .T. ) ;
#4579 = VERTEX_POINT ( 'NONE', #755 ) ;
#4580 = DIRECTION ( 'NONE',  ( 0.000000000000000000, 0.000000000000000000, -1.000000000000000000 ) ) ;
#4581 = DIRECTION ( 'NONE',  ( -0.7071067811865495711, 0.000000000000000000, 0.7071067811865454633 ) ) ;
#4582 = CARTESIAN_POINT ( 'NONE',  ( -18.79999999999998295, -18.00000000000000355, 28.00000000000000000 ) ) ;
#4583 = VERTEX_POINT ( 'NONE', #4352 ) ;
#4584 = CARTESIAN_POINT ( 'NONE',  ( -18.59999999999999432, -9.000000000000008882, 20.40000000000000213 ) ) ;
#4585 = ORIENTED_EDGE ( 'NONE', *, *, #4528, .T. ) ;
#4586 = DIRECTION ( 'NONE',  ( -1.360567432138672328E-16, 1.000000000000000000, 0.000000000000000000 ) ) ;
#4587 = LINE ( 'NONE', #2854, #2160 ) ;
#4588 = CARTESIAN_POINT ( 'NONE',  ( -12.59999999999999787, -23.10000000000000142, 26.00000000000000355 ) ) ;
#4589 = VERTEX_POINT ( 'NONE', #1830 ) ;
#4590 = ADVANCED_FACE ( 'NONE', ( #1150 ), #4372, .F. ) ;
#4591 = DIRECTION ( 'NONE',  ( -0.000000000000000000, -0.000000000000000000, 1.000000000000000000 ) ) ;
#4592 = CARTESIAN_POINT ( 'NONE',  ( -12.40000000000001634, 15.90000000000000036, 8.500000000000000000 ) ) ;
#4593 = DIRECTION ( 'NONE',  ( 0.000000000000000000, -0.000000000000000000, -1.000000000000000000 ) ) ;
#4594 = ORIENTED_EDGE ( 'NONE', *, *, #1499, .F. ) ;
#4595 = EDGE_CURVE ( 'NONE', #2521, #1902, #3999, .T. ) ;
#4596 = CARTESIAN_POINT ( 'NONE',  ( 19.99999999999999645, 18.00000000000000355, 20.50000000000000000 ) ) ;
#4597 = PLANE ( 'NONE',  #1320 ) ;
#4598 = DIRECTION ( 'NONE',  ( 0.5000000000000002220, -0.8660254037844384856, 0.000000000000000000 ) ) ;
#4599 = ORIENTED_EDGE ( 'NONE', *, *, #4339, .F. ) ;
#4600 = EDGE_CURVE ( 'NONE', #4447, #85, #1550, .T. ) ;
#4601 = DIRECTION ( 'NONE',  ( 0.000000000000000000, 0.000000000000000000, -1.000000000000000000 ) ) ;
#4602 = PLANE ( 'NONE',  #2274 ) ;
#4603 = DIRECTION ( 'NONE',  ( 2.453269466693390338E-15, -0.7071067811865495711, 0.7071067811865454633 ) ) ;
#4604 = VERTEX_POINT ( 'NONE', #1485 ) ;
#4605 = VECTOR ( 'NONE', #2805, 999.9999999999998863 ) ;
#4606 = CYLINDRICAL_SURFACE ( 'NONE', #1925, 7.500000000000000000 ) ;
#4607 = ORIENTED_EDGE ( 'NONE', *, *, #2552, .F. ) ;
#4608 = AXIS2_PLACEMENT_3D ( 'NONE', #1086, #4336, #2836 ) ;
#4609 = DIRECTION ( 'NONE',  ( -0.7071067811865490160, 0.000000000000000000, 0.7071067811865460184 ) ) ;
#4610 = CARTESIAN_POINT ( 'NONE',  ( 18.79999999999999005, -18.00000000000000355, 0.000000000000000000 ) ) ;
#4611 = CARTESIAN_POINT ( 'NONE',  ( -19.99999999999999645, -13.70000000000000817, 11.70000000000000462 ) ) ;
#4612 = VERTEX_POINT ( 'NONE', #819 ) ;
#4613 = VECTOR ( 'NONE', #2609, 1000.000000000000000 ) ;
#4614 = CARTESIAN_POINT ( 'NONE',  ( 15.21243556529821106, 16.89999999999999858, 4.000000000000000000 ) ) ;
#4615 = DIRECTION ( 'NONE',  ( 0.000000000000000000, 0.000000000000000000, -1.000000000000000000 ) ) ;
#4616 = CARTESIAN_POINT ( 'NONE',  ( -12.49999999999999645, -18.00000000000000355, 0.000000000000000000 ) ) ;
#4617 = VECTOR ( 'NONE', #2068, 1000.000000000000000 ) ;
#4618 = ORIENTED_EDGE ( 'NONE', *, *, #1168, .F. ) ;
#4619 = EDGE_CURVE ( 'NONE', #903, #1427, #1198, .T. ) ;
#4620 = VECTOR ( 'NONE', #3077, 1000.000000000000000 ) ;
#4621 = LINE ( 'NONE', #3617, #3954 ) ;
#4622 = DIRECTION ( 'NONE',  ( -1.000000000000000000, -0.000000000000000000, -0.000000000000000000 ) ) ;
#4623 = CARTESIAN_POINT ( 'NONE',  ( 15.84752086140680305, 18.00000000000000355, 0.000000000000000000 ) ) ;
#4624 = ORIENTED_EDGE ( 'NONE', *, *, #4429, .T. ) ;
#4625 = VECTOR ( 'NONE', #1284, 1000.000000000000000 ) ;
#4626 = AXIS2_PLACEMENT_3D ( 'NONE', #412, #2607, #1937 ) ;
#4627 = EDGE_CURVE ( 'NONE', #1021, #386, #2981, .T. ) ;
#4628 = AXIS2_PLACEMENT_3D ( 'NONE', #140, #2904, #1114 ) ;
#4629 = CARTESIAN_POINT ( 'NONE',  ( 17.29248841123596137, 25.49736150773974330, 20.70532111886132398 ) ) ;
#4630 = VECTOR ( 'NONE', #599, 1000.000000000000000 ) ;
#4631 = LINE ( 'NONE', #2794, #622 ) ;
#4632 = FACE_OUTER_BOUND ( 'NONE', #3752, .T. ) ;
#4633 = ORIENTED_EDGE ( 'NONE', *, *, #636, .T. ) ;
#4634 = EDGE_CURVE ( 'NONE', #1427, #3786, #2922, .T. ) ;
#4635 = VECTOR ( 'NONE', #2614, 1000.000000000000114 ) ;
#4636 = VECTOR ( 'NONE', #426, 1000.000000000000114 ) ;
#4637 = DIRECTION ( 'NONE',  ( 0.000000000000000000, 1.000000000000000000, 0.000000000000000000 ) ) ;
#4638 = EDGE_LOOP ( 'NONE', ( #334, #1509, #280, #4343 ) ) ;
#4639 = AXIS2_PLACEMENT_3D ( 'NONE', #1948, #1970, #3768 ) ;
#4640 = CARTESIAN_POINT ( 'NONE',  ( -18.80000000000000426, -13.70000000000000817, 13.70000000000000107 ) ) ;
#4641 = CARTESIAN_POINT ( 'NONE',  ( -20.00000000000000000, -7.700000000000009948, 11.70000000000000462 ) ) ;
#4642 = ORIENTED_EDGE ( 'NONE', *, *, #14, .F. ) ;
#4643 = EDGE_CURVE ( 'NONE', #4006, #3823, #877, .T. ) ;
#4644 = ORIENTED_EDGE ( 'NONE', *, *, #4423, .F. ) ;
#4645 = CARTESIAN_POINT ( 'NONE',  ( 12.78756443470179249, -20.10000000000000142, 0.000000000000000000 ) ) ;
#4646 = DIRECTION ( 'NONE',  ( 1.000000000000000000, 0.000000000000000000, 0.000000000000000000 ) ) ;
#4647 = CARTESIAN_POINT ( 'NONE',  ( -17.60000000000000497, 25.50000000000000355, 8.500000000000000000 ) ) ;
#4648 = VERTEX_POINT ( 'NONE', #3301 ) ;
#4649 = FACE_OUTER_BOUND ( 'NONE', #4097, .T. ) ;
#4650 = CARTESIAN_POINT ( 'NONE',  ( 18.10000000000000497, 16.99999999999999289, 20.90000000000000213 ) ) ;
#4651 = CARTESIAN_POINT ( 'NONE',  ( -9.000000000000000000, -15.50000000000000178, 0.000000000000000000 ) ) ;
#4652 = ORIENTED_EDGE ( 'NONE', *, *, #603, .F. ) ;
#4653 = FACE_OUTER_BOUND ( 'NONE', #2178, .T. ) ;
#4654 = EDGE_CURVE ( 'NONE', #3327, #215, #69, .T. ) ;
#4655 = FACE_BOUND ( 'NONE', #3732, .T. ) ;
#4656 = ORIENTED_EDGE ( 'NONE', *, *, #2929, .F. ) ;
#4657 = EDGE_CURVE ( 'NONE', #2584, #3102, #4481, .T. ) ;
#4658 = FACE_OUTER_BOUND ( 'NONE', #910, .T. ) ;
#4659 = ORIENTED_EDGE ( 'NONE', *, *, #2685, .T. ) ;
#4660 = CARTESIAN_POINT ( 'NONE',  ( 11.99487184770035775, 19.72701616453031903, 0.1647744252757664674 ) ) ;
#4661 = CARTESIAN_POINT ( 'NONE',  ( 17.60000000000000497, 16.99999999999999289, 19.40000000000000213 ) ) ;
#4662 = VERTEX_POINT ( 'NONE', #4532 ) ;
ENDSEC;
END-ISO-10303-21;
