ISO-10303-21;
HEADER;
FILE_DESCRIPTION (( 'STEP AP214' ),
    '1' );
FILE_NAME ('Handle_SO102.STEP',
    '2026-09-16T23:31:22',
    ( '' ),
    ( '' ),
    'SwSTEP 2.0',
    'SolidWorks 2021',
    '' );
FILE_SCHEMA (( 'AUTOMOTIVE_DESIGN' ));
ENDSEC;

DATA;
#1 = CARTESIAN_POINT ( 'NONE',  ( -84.48159244566959103, -12.49999999999880096, 76.46705880876550054 ) ) ;
#2 = CARTESIAN_POINT ( 'NONE',  ( -69.57419617550020519, 12.50000000000000000, 88.06757051275809545 ) ) ;
#3 = CARTESIAN_POINT ( 'NONE',  ( -35.26554593132608773, -12.50000000000000178, 37.46081321688068755 ) ) ;
#4 = DIRECTION ( 'NONE',  ( 0.000000000000000000, 1.000000000000000000, 0.000000000000000000 ) ) ;
#5 = CARTESIAN_POINT ( 'NONE',  ( -6.552732085718815824, 6.297771934381921177, 41.84364406318758967 ) ) ;
#6 = CARTESIAN_POINT ( 'NONE',  ( -39.26767996386550408, -12.49999999977459986, 56.20825899177030038 ) ) ;
#7 = CARTESIAN_POINT ( 'NONE',  ( -27.86045306762339990, -1.544271061563890157, 37.25894308862650206 ) ) ;
#8 = CARTESIAN_POINT ( 'NONE',  ( -77.99072910157120475, -4.500000000000000000, 95.56336846998490842 ) ) ;
#9 = DIRECTION ( 'NONE',  ( 0.000000000000000000, 0.000000000000000000, 1.000000000000000000 ) ) ;
#10 = DIRECTION ( 'NONE',  ( 0.000000000000000000, 0.000000000000000000, -1.000000000000000000 ) ) ;
#11 = CARTESIAN_POINT ( 'NONE',  ( -86.93158295336046137, 12.50000000000000178, 86.63673566874913945 ) ) ;
#12 = CARTESIAN_POINT ( 'NONE',  ( -85.87605592752458961, -12.49999999991779909, 72.65091980481800249 ) ) ;
#13 = CARTESIAN_POINT ( 'NONE',  ( -15.35581672870360137, 12.50000000000000000, 58.97301096414369681 ) ) ;
#14 = CARTESIAN_POINT ( 'NONE',  ( -82.22013449661571372, 12.49999999998519939, 69.64565925338250452 ) ) ;
#15 = CARTESIAN_POINT ( 'NONE',  ( -58.32087341516848511, -12.50000000000000355, 94.00494608502594929 ) ) ;
#16 = CARTESIAN_POINT ( 'NONE',  ( -83.49096726235811161, 12.50000000000000000, 70.35467573252039131 ) ) ;
#17 = CARTESIAN_POINT ( 'NONE',  ( -30.92580317928559808, 12.49999999996949818, 49.77941199425930563 ) ) ;
#18 = CARTESIAN_POINT ( 'NONE',  ( -71.14869372873729958, 12.50000000000000000, 88.26600603679399626 ) ) ;
#19 = CARTESIAN_POINT ( 'NONE',  ( -27.24967167136249913, -12.50000000000000000, 37.10796982545009826 ) ) ;
#20 = VECTOR ( 'NONE', #3374, 1000.000000000000000 ) ;
#21 = CARTESIAN_POINT ( 'NONE',  ( -6.183040288620500036, -7.138290122100634960, 41.42585783018332535 ) ) ;
#22 = CARTESIAN_POINT ( 'NONE',  ( -5.744967107027740383, -5.836149195816383362, 41.66932587516326691 ) ) ;
#23 = AXIS2_PLACEMENT_3D ( 'NONE', #3840, #1016, #2266 ) ;
#24 = CARTESIAN_POINT ( 'NONE',  ( -8.280640370349242829, 10.33424811894157713, 61.43688054192236336 ) ) ;
#25 = CARTESIAN_POINT ( 'NONE',  ( -71.94951299784548837, -12.50000000000000000, 88.35477780759400446 ) ) ;
#26 = CARTESIAN_POINT ( 'NONE',  ( -76.42127459670079759, -4.500000000000000000, 96.94021267767860195 ) ) ;
#27 = CARTESIAN_POINT ( 'NONE',  ( -13.75436083281629962, 12.50000000000000000, 58.10893120994299466 ) ) ;
#28 = DIRECTION ( 'NONE',  ( -0.000000000000000000, 1.000000000000000000, 0.000000000000000000 ) ) ;
#29 = CARTESIAN_POINT ( 'NONE',  ( -76.27444907500549220, 4.500000000000000000, 97.06777676695890023 ) ) ;
#30 = CARTESIAN_POINT ( 'NONE',  ( -85.75750440971800970, -12.49999999999359979, 73.56977237669730130 ) ) ;
#31 = CARTESIAN_POINT ( 'NONE',  ( -93.88036321376129933, -4.500000000000000000, 72.73498194605180345 ) ) ;
#32 = CARTESIAN_POINT ( 'NONE',  ( -81.06663759863718610, 12.49999999998899902, 69.09074804354709443 ) ) ;
#33 = EDGE_CURVE ( 'NONE', #2512, #1520, #344, .T. ) ;
#34 = CARTESIAN_POINT ( 'NONE',  ( -87.66189335268109062, 4.500000000000000000, 63.52707821621179818 ) ) ;
#35 = CARTESIAN_POINT ( 'NONE',  ( -30.87236283258020109, 12.49999999996279954, 49.71305271116919755 ) ) ;
#36 = CARTESIAN_POINT ( 'NONE',  ( -34.18443070566734576, 8.548392030666512653, 37.27709192037228547 ) ) ;
#37 = CARTESIAN_POINT ( 'NONE',  ( -85.39073891511330316, -12.49999999998239986, 74.65473509626799853 ) ) ;
#38 = CARTESIAN_POINT ( 'NONE',  ( -35.14673948762760602, -12.50000000000000178, 38.54729916423326586 ) ) ;
#39 = CARTESIAN_POINT ( 'NONE',  ( -5.990451267063167329, -6.550340357345098674, 39.84252493246842164 ) ) ;
#40 = CARTESIAN_POINT ( 'NONE',  ( -6.360498360324317701, 6.689744097533902867, 42.04684334277080637 ) ) ;
#41 = CARTESIAN_POINT ( 'NONE',  ( -12.28706922187686956, -12.36429017982430345, 58.99321909313069057 ) ) ;
#42 = CARTESIAN_POINT ( 'NONE',  ( -44.40186426248489937, -12.49999999997669953, 58.45118275055560275 ) ) ;
#43 = CARTESIAN_POINT ( 'NONE',  ( -29.40530650085808517, -12.22047821086213304, 36.92690229864267337 ) ) ;
#44 = CARTESIAN_POINT ( 'NONE',  ( -73.11320573643050125, -12.50000000000000000, 88.47037109486430495 ) ) ;
#45 = CARTESIAN_POINT ( 'NONE',  ( -78.56853063917330360, -12.49999999999979927, 68.06342060542229433 ) ) ;
#46 = CARTESIAN_POINT ( 'NONE',  ( -70.93090218463460417, -12.50000000000000000, 91.11269174331370380 ) ) ;
#47 = DIRECTION ( 'NONE',  ( -1.000000000000000000, 0.000000000000000000, 0.000000000000000000 ) ) ;
#48 = CARTESIAN_POINT ( 'NONE',  ( -85.85770468370441222, -12.49999999999420019, 73.05556532433850236 ) ) ;
#49 = CARTESIAN_POINT ( 'NONE',  ( -34.44426116047889508, -12.50000000000080114, 53.18807122376880159 ) ) ;
#50 = CARTESIAN_POINT ( 'NONE',  ( -85.86572391455320030, -12.50000000000000000, 72.99018568568050114 ) ) ;
#51 = CARTESIAN_POINT ( 'NONE',  ( -84.90298425356989753, 12.49999999999729994, 71.35803823584289773 ) ) ;
#52 = CARTESIAN_POINT ( 'NONE',  ( -83.82221276032579738, -12.50000000000000000, 70.56286672327721021 ) ) ;
#53 = CARTESIAN_POINT ( 'NONE',  ( -88.17007415042685636, 12.50000000000000178, 63.84627212359062298 ) ) ;
#54 = B_SPLINE_CURVE_WITH_KNOTS ( 'NONE', 3,
 ( #3929, #745, #1330, #2267, #1063, #3858 ),
 .UNSPECIFIED., .F., .F.,
 ( 4, 2, 4 ),
 ( -0.02558235766391210239, -0.01281013637118189920, -1.000000110513293849E-06 ),
 .UNSPECIFIED. ) ;
#55 = CARTESIAN_POINT ( 'NONE',  ( -30.95268441509109891, 12.49999999997400124, 49.81244593155450673 ) ) ;
#56 = ADVANCED_FACE ( 'NONE', ( #3411 ), #493, .F. ) ;
#57 = CARTESIAN_POINT ( 'NONE',  ( -35.22358272616259711, -4.500000000000000000, 37.80601060822159809 ) ) ;
#58 = CARTESIAN_POINT ( 'NONE',  ( -35.36475180335128954, 12.50000000000000178, 36.64473572291296932 ) ) ;
#59 = CARTESIAN_POINT ( 'NONE',  ( -5.751249870896843142, 12.50000000000000355, 62.99845678675647065 ) ) ;
#60 = CARTESIAN_POINT ( 'NONE',  ( -35.20000000000000284, 4.600780098834809984, 37.99473488757709561 ) ) ;
#61 = CARTESIAN_POINT ( 'NONE',  ( -63.58114588092900021, 12.50000000000000000, 87.05006720572319523 ) ) ;
#62 = CARTESIAN_POINT ( 'NONE',  ( -48.17586011329689910, -12.50000000000120082, 59.76003091506969866 ) ) ;
#63 = CARTESIAN_POINT ( 'NONE',  ( -11.33552581370702050, 12.12962508783213522, 59.56927702806843428 ) ) ;
#64 = CARTESIAN_POINT ( 'NONE',  ( -73.46161372995420891, -12.49999999998479971, 66.38985494887120353 ) ) ;
#65 = CARTESIAN_POINT ( 'NONE',  ( -87.89506422784549500, -4.500000000000000000, 85.48033751657411017 ) ) ;
#66 = CARTESIAN_POINT ( 'NONE',  ( -38.16767357739345101, -3.469446951953607878E-15, 45.85284346993490345 ) ) ;
#67 = CARTESIAN_POINT ( 'NONE',  ( -77.48194450687880419, 4.500000000000000000, 96.01375107171789125 ) ) ;
#68 = ORIENTED_EDGE ( 'NONE', *, *, #277, .T. ) ;
#69 = CARTESIAN_POINT ( 'NONE',  ( -31.66998116106570293, -12.50000000000000000, 50.64915486434539815 ) ) ;
#70 = CARTESIAN_POINT ( 'NONE',  ( -83.15429268588860623, 12.49999999999469935, 70.15603542264859982 ) ) ;
#71 = CARTESIAN_POINT ( 'NONE',  ( -74.35643935046583408, 12.36015303988303415, 90.07648923892956816 ) ) ;
#72 = CARTESIAN_POINT ( 'NONE',  ( -92.17375139165758924, -12.50000000000000355, 67.48980669515326269 ) ) ;
#73 = CARTESIAN_POINT ( 'NONE',  ( -88.17007415042689900, 4.500000000000000000, 63.84627212359060877 ) ) ;
#74 = CARTESIAN_POINT ( 'NONE',  ( -31.02716793531680040, 12.49999999998640021, 49.90397758413410401 ) ) ;
#75 = CARTESIAN_POINT ( 'NONE',  ( -35.19780858722219818, -4.500000000000000000, 38.01811643589770284 ) ) ;
#76 = LINE ( 'NONE', #2814, #942 ) ;
#77 = CARTESIAN_POINT ( 'NONE',  ( -9.510730467256554022, -11.28171594780197218, 60.68205957139984008 ) ) ;
#78 = CARTESIAN_POINT ( 'NONE',  ( -69.36889095733299371, 4.500000000000000000, 96.11800931336070164 ) ) ;
#79 = CARTESIAN_POINT ( 'NONE',  ( -30.89216149096318986, -11.65946651237966414, 36.72555911114849181 ) ) ;
#80 = CARTESIAN_POINT ( 'NONE',  ( -27.85522515546145783, 12.50000000000000000, 37.26061005452961439 ) ) ;
#81 = CARTESIAN_POINT ( 'NONE',  ( -76.30901188263260337, -12.50000000000030020, 67.27066338355101038 ) ) ;
#82 = AXIS2_PLACEMENT_3D ( 'NONE', #3992, #2742, #852 ) ;
#83 = CARTESIAN_POINT ( 'NONE',  ( -81.02055455734878819, -12.50000000000000178, 92.78488008366370821 ) ) ;
#84 = ADVANCED_FACE ( 'NONE', ( #3347 ), #3686, .F. ) ;
#85 = LINE ( 'NONE', #3627, #2514 ) ;
#86 = CARTESIAN_POINT ( 'NONE',  ( -38.12835993226621412, 0.3587098443104356216, 45.81544966306050526 ) ) ;
#87 = ORIENTED_EDGE ( 'NONE', *, *, #3546, .T. ) ;
#88 = CARTESIAN_POINT ( 'NONE',  ( -71.02796520620860576, 12.50000000000000000, 91.02837224213540424 ) ) ;
#89 = VECTOR ( 'NONE', #1143, 1000.000000000000000 ) ;
#90 = ORIENTED_EDGE ( 'NONE', *, *, #3450, .T. ) ;
#91 = CARTESIAN_POINT ( 'NONE',  ( -30.26278363002369787, -12.49999999999830003, 48.90949667473410045 ) ) ;
#92 = CARTESIAN_POINT ( 'NONE',  ( -91.35307952266720122, -4.500000000000000000, 80.57247544905089853 ) ) ;
#93 = CARTESIAN_POINT ( 'NONE',  ( -85.79999826656930395, 12.49999999784740012, 72.36307223811870415 ) ) ;
#94 = ORIENTED_EDGE ( 'NONE', *, *, #2846, .T. ) ;
#95 = CARTESIAN_POINT ( 'NONE',  ( -83.15414590803401040, -12.49999999999469935, 70.15595026102799636 ) ) ;
#96 = CARTESIAN_POINT ( 'NONE',  ( -68.49311084456351750, 12.50000000000000000, 87.91921797316580012 ) ) ;
#97 = CARTESIAN_POINT ( 'NONE',  ( -85.75186884368601170, -12.50000000000000000, 72.27647967737769363 ) ) ;
#98 = CARTESIAN_POINT ( 'NONE',  ( -85.80019447817360856, 12.50000000000000000, 72.36301986516039619 ) ) ;
#99 = CARTESIAN_POINT ( 'NONE',  ( -35.28946761930639298, 12.49999999990239985, 53.81471257368539796 ) ) ;
#100 = CARTESIAN_POINT ( 'NONE',  ( -35.88353258663889989, -12.50000000000000000, 54.24320218230670321 ) ) ;
#101 = CARTESIAN_POINT ( 'NONE',  ( -27.19992616376340067, 12.50000000000000000, 40.85335029208719959 ) ) ;
#102 = CARTESIAN_POINT ( 'NONE',  ( -12.13660383261020037, 12.50000000000000000, 57.25864172027590371 ) ) ;
#103 = CARTESIAN_POINT ( 'NONE',  ( -73.25301720009620965, 4.500000000000000000, 96.51867790502190303 ) ) ;
#104 = CARTESIAN_POINT ( 'NONE',  ( -11.10154925601404763, 12.05150446947148524, 59.71174779568659829 ) ) ;
#105 = CARTESIAN_POINT ( 'NONE',  ( -57.03454121874749205, -12.49999999988179944, 62.22560282108560159 ) ) ;
#106 = CARTESIAN_POINT ( 'NONE',  ( -53.96461481815129702, -12.49999999889129931, 84.03877483794548198 ) ) ;
#107 = CARTESIAN_POINT ( 'NONE',  ( -83.66108436556368133, 12.49999999998060041, 77.77588306752909375 ) ) ;
#108 = CARTESIAN_POINT ( 'NONE',  ( -35.80167883257360728, 2.194382651754805735, 42.55503993084087000 ) ) ;
#109 = ADVANCED_FACE ( 'NONE', ( #2496 ), #2822, .T. ) ;
#110 = ORIENTED_EDGE ( 'NONE', *, *, #1377, .F. ) ;
#111 = CARTESIAN_POINT ( 'NONE',  ( -28.66588058432279951, -12.49999999999889866, 46.18690620265370228 ) ) ;
#112 = CARTESIAN_POINT ( 'NONE',  ( -92.24839589006138851, -12.50000000000000355, 78.90482229626253741 ) ) ;
#113 = CARTESIAN_POINT ( 'NONE',  ( -85.66942831987699947, 12.49999999986449950, 72.15241936724011396 ) ) ;
#114 = ORIENTED_EDGE ( 'NONE', *, *, #3889, .F. ) ;
#115 = CARTESIAN_POINT ( 'NONE',  ( -83.63883742343369931, -12.49999999999719869, 70.44781136669558919 ) ) ;
#116 = CARTESIAN_POINT ( 'NONE',  ( -73.11320573643060072, 12.50000000000000000, 88.47037109486430495 ) ) ;
#117 = CARTESIAN_POINT ( 'NONE',  ( -91.43507913399993470, -12.50000000000000178, 66.56900726815584335 ) ) ;
#118 = CARTESIAN_POINT ( 'NONE',  ( -93.76328503548086246, 12.50000000000000000, 71.25613026896265012 ) ) ;
#119 = CARTESIAN_POINT ( 'NONE',  ( -38.89386157631210494, 12.49999999990519939, 56.01384833941120434 ) ) ;
#120 = CARTESIAN_POINT ( 'NONE',  ( -63.85830327570759835, -12.49999999999559996, 87.10296211847970937 ) ) ;
#121 = CARTESIAN_POINT ( 'NONE',  ( -49.74083938685449624, -12.50000000000000178, 51.86996901405730398 ) ) ;
#122 = CARTESIAN_POINT ( 'NONE',  ( -35.27896391386540387, 4.500000000000000000, 40.86202978021489685 ) ) ;
#123 = CARTESIAN_POINT ( 'NONE',  ( -35.08440470539866141, -5.940214084956833673, 37.86787300778178889 ) ) ;
#124 = CARTESIAN_POINT ( 'NONE',  ( -45.71062514640228613, 12.50000000000000355, 88.98532892137326655 ) ) ;
#125 = CARTESIAN_POINT ( 'NONE',  ( -35.20000000000000284, 4.500000000000000000, 38.00000000000000000 ) ) ;
#126 = CARTESIAN_POINT ( 'NONE',  ( -72.86141828479100013, -12.49999999999289990, 66.21779047761400250 ) ) ;
#127 = CARTESIAN_POINT ( 'NONE',  ( -60.08483521375209335, -12.50000000000030020, 86.18318706833800036 ) ) ;
#128 = CARTESIAN_POINT ( 'NONE',  ( -8.965967427613890095, -12.50000000000000000, 55.66410199566929862 ) ) ;
#129 = CARTESIAN_POINT ( 'NONE',  ( -84.94422719107861042, 12.49999999998060041, 75.62078500512558321 ) ) ;
#130 = CARTESIAN_POINT ( 'NONE',  ( -6.252219600217527429, -7.089679175240473086, 42.39029188861105979 ) ) ;
#131 = CARTESIAN_POINT ( 'NONE',  ( -35.19056668963766299, 0.3580641345450782387, 40.28218097883262061 ) ) ;
#132 = CARTESIAN_POINT ( 'NONE',  ( -41.73637338733239233, 6.000000000000000000, 41.75000000000000000 ) ) ;
#133 = CARTESIAN_POINT ( 'NONE',  ( -27.31849400286860075, -12.50000000000000000, 41.75209860924370275 ) ) ;
#134 = CARTESIAN_POINT ( 'NONE',  ( -84.44896338385079559, -12.50000000000000000, 76.52868334766239400 ) ) ;
#135 = CARTESIAN_POINT ( 'NONE',  ( -85.83368951525081059, 12.49999999700400011, 72.43767092363090399 ) ) ;
#136 = CARTESIAN_POINT ( 'NONE',  ( -82.58572730722268318, -12.50000000000040146, 69.83858057347640624 ) ) ;
#137 = CARTESIAN_POINT ( 'NONE',  ( -45.53102254422459794, 12.49999999996389910, 79.40471730019218910 ) ) ;
#138 = CARTESIAN_POINT ( 'NONE',  ( -91.93362522844279283, -4.500000000000000000, 67.16914774386059150 ) ) ;
#139 = CARTESIAN_POINT ( 'NONE',  ( -93.68026175809862366, 12.50000000000000355, 70.83061108989926424 ) ) ;
#140 = CARTESIAN_POINT ( 'NONE',  ( -51.23763124145600045, 12.50000000000779998, 60.68232226879779745 ) ) ;
#141 = CARTESIAN_POINT ( 'NONE',  ( -39.01749671143650033, -12.50000000000000000, 56.10734706675960126 ) ) ;
#142 = CARTESIAN_POINT ( 'NONE',  ( -27.16411717830720107, 12.50000000000000000, 38.00508213391569257 ) ) ;
#143 = CARTESIAN_POINT ( 'NONE',  ( -10.05663034903970043, 12.50000000000000000, 56.20352199949790162 ) ) ;
#144 = CARTESIAN_POINT ( 'NONE',  ( -34.72380719668086613, -7.342309021197813479, 37.59202307217147876 ) ) ;
#145 = CARTESIAN_POINT ( 'NONE',  ( -75.41017074295584166, -11.10356922780678524, 93.19547561631816279 ) ) ;
#146 = CARTESIAN_POINT ( 'NONE',  ( -5.922020457329192133, -12.50000000000000178, 63.08263849708181681 ) ) ;
#147 = CARTESIAN_POINT ( 'NONE',  ( -81.84962148086449929, 12.49999999999930012, 80.22346659109300049 ) ) ;
#148 = CARTESIAN_POINT ( 'NONE',  ( -6.895054377438449400, -5.896393539521859850, 41.75000000000000000 ) ) ;
#149 = CARTESIAN_POINT ( 'NONE',  ( -35.20000000000000284, -4.600780098470020008, 37.99473495984909732 ) ) ;
#150 = CARTESIAN_POINT ( 'NONE',  ( -27.85056217791009914, 17.71000000000000085, 37.26168435219010178 ) ) ;
#151 = ORIENTED_EDGE ( 'NONE', *, *, #2422, .F. ) ;
#152 = CARTESIAN_POINT ( 'NONE',  ( -65.56433536768520298, -12.50000000000000000, 87.45002697729040619 ) ) ;
#153 = CARTESIAN_POINT ( 'NONE',  ( -75.16010968107585200, 11.54224586319181789, 92.45603225395674940 ) ) ;
#154 = CARTESIAN_POINT ( 'NONE',  ( -27.12805830418909991, -12.50000000000000000, 39.58446599955339451 ) ) ;
#155 = CARTESIAN_POINT ( 'NONE',  ( -91.71334991538469694, -4.500000000000000000, 79.93324723028149492 ) ) ;
#156 = CARTESIAN_POINT ( 'NONE',  ( -85.82759445022800548, 12.49999999677410045, 72.42249579446011865 ) ) ;
#157 = ORIENTED_EDGE ( 'NONE', *, *, #3657, .F. ) ;
#158 = CARTESIAN_POINT ( 'NONE',  ( -81.77403535632950593, -12.49999999996320099, 69.42395477850170948 ) ) ;
#159 = CARTESIAN_POINT ( 'NONE',  ( -41.76813577111470011, 12.49999999977639931, 76.77843306455318384 ) ) ;
#160 = CARTESIAN_POINT ( 'NONE',  ( -93.88036328814784781, 12.50000000000000178, 72.73580603954663104 ) ) ;
#161 = CARTESIAN_POINT ( 'NONE',  ( -36.51052488743899715, 12.50000000000000000, 54.63612799587099289 ) ) ;
#162 = CARTESIAN_POINT ( 'NONE',  ( -35.36440160856870563, -12.50000000000000178, 41.25280876321100010 ) ) ;
#163 = CARTESIAN_POINT ( 'NONE',  ( -27.12058123923299746, 12.50000000000000000, 39.33090290533689881 ) ) ;
#164 = CARTESIAN_POINT ( 'NONE',  ( -34.61028899164900707, -7.645262319403307139, 37.51737119124213393 ) ) ;
#165 = CARTESIAN_POINT ( 'NONE',  ( -34.68727788538956958, 7.446226595065861709, 37.56589964592393471 ) ) ;
#166 = CARTESIAN_POINT ( 'NONE',  ( -74.90604338163451814, -11.88875017731031214, 91.70395328114497602 ) ) ;
#167 = CARTESIAN_POINT ( 'NONE',  ( -74.38434940907109194, -12.50000000000000000, 88.03412593735909297 ) ) ;
#168 = CARTESIAN_POINT ( 'NONE',  ( -80.94184745183470397, 12.49999999999960032, 81.31876345150800489 ) ) ;
#169 = CARTESIAN_POINT ( 'NONE',  ( -6.266544077064146734, -6.715084403149628400, 42.16125803232844049 ) ) ;
#170 = CARTESIAN_POINT ( 'NONE',  ( -5.754360833654099672, 4.500000000000000000, 63.00000000000000000 ) ) ;
#171 = CARTESIAN_POINT ( 'NONE',  ( -34.85598562684590007, -7.038953783496729955, 37.10029354652129996 ) ) ;
#172 = CARTESIAN_POINT ( 'NONE',  ( -76.26543229358378539, -12.50000000000000000, 88.72828734484150459 ) ) ;
#173 = CARTESIAN_POINT ( 'NONE',  ( -74.28502217090347415, 12.39634890664134126, 89.86473675347060919 ) ) ;
#174 = CARTESIAN_POINT ( 'NONE',  ( -27.13697347699029905, -12.49999999999979927, 38.57223956113270447 ) ) ;
#175 = CARTESIAN_POINT ( 'NONE',  ( -85.84671592408798801, 12.49999999857729982, 72.47594956325609417 ) ) ;
#176 = CARTESIAN_POINT ( 'NONE',  ( -84.57028198913690176, -12.49999999993619859, 71.08905965850701136 ) ) ;
#177 = ORIENTED_EDGE ( 'NONE', *, *, #846, .F. ) ;
#178 = CARTESIAN_POINT ( 'NONE',  ( -37.63865265175880381, 12.50000000000000000, 73.71504912525719533 ) ) ;
#179 = CARTESIAN_POINT ( 'NONE',  ( -90.89854396428340522, 4.500000000000000000, 81.32639016079549776 ) ) ;
#180 = CARTESIAN_POINT ( 'NONE',  ( -19.58300636457869714, 12.50000000000000000, 61.36813548683100095 ) ) ;
#181 = CARTESIAN_POINT ( 'NONE',  ( -34.83708775965519777, 12.49999999995629985, 53.48732631015020189 ) ) ;
#182 = DIRECTION ( 'NONE',  ( 0.3090169943749515036, 0.000000000000000000, 0.9510565162951521989 ) ) ;
#183 = CARTESIAN_POINT ( 'NONE',  ( -29.76317939038370142, -12.50000000000000000, 48.18433998659669726 ) ) ;
#184 = EDGE_CURVE ( 'NONE', #2940, #1020, #2834, .T. ) ;
#185 = CARTESIAN_POINT ( 'NONE',  ( -35.12878923664140274, 4.500000000000000000, 38.86109753051189841 ) ) ;
#186 = LINE ( 'NONE', #1457, #89 ) ;
#187 = DIRECTION ( 'NONE',  ( 1.000000000000000000, 0.000000000000000000, 0.000000000000000000 ) ) ;
#188 = CARTESIAN_POINT ( 'NONE',  ( -74.56283863256744837, -12.22559666442544035, 90.68846535452031787 ) ) ;
#189 = CARTESIAN_POINT ( 'NONE',  ( -73.83688609469470521, -12.50000000000000000, 88.53673813576540397 ) ) ;
#190 = CARTESIAN_POINT ( 'NONE',  ( -85.11013093562979748, 12.49999999999110045, 75.28404419124599656 ) ) ;
#191 = CARTESIAN_POINT ( 'NONE',  ( -33.73550634495349954, -12.50000000000000000, 70.80924797938060067 ) ) ;
#192 = CARTESIAN_POINT ( 'NONE',  ( -30.90341989061490224, -12.65000000000000036, 36.71202790814469807 ) ) ;
#193 = CARTESIAN_POINT ( 'NONE',  ( -76.91919282663430124, -12.50000000000000000, 88.77131160987968883 ) ) ;
#194 = CARTESIAN_POINT ( 'NONE',  ( -85.77237728141490436, -12.49999999936399853, 72.31175946580009395 ) ) ;
#195 = CARTESIAN_POINT ( 'NONE',  ( -75.04139950744408338, 11.71928594483954633, 92.10480626271159110 ) ) ;
#196 = CARTESIAN_POINT ( 'NONE',  ( -28.62452934800679927, -12.49999999999919886, 46.09777338862649998 ) ) ;
#197 = CARTESIAN_POINT ( 'NONE',  ( -85.87732418748780105, 12.49999999984779997, 72.67148977403408594 ) ) ;
#198 = B_SPLINE_CURVE_WITH_KNOTS ( 'NONE', 3,
 ( #1349, #3854, #3900, #1654, #2224, #370, #1014, #1618, #43, #2265, #3241, #2925, #3539, #1056, #1956, #3578, #79, #3223, #739, #3264, #1303, #3819, #994, #387, #2901, #2048, #2366, #3373, #3288, #3671, #762 ),
 .UNSPECIFIED., .F., .F.,
 ( 4, 2, 1, 2, 2, 2, 1, 1, 1, 2, 2, 2, 2, 2, 1, 2, 2, 4 ),
 ( 0.000000000000000000, 0.1250000000000087985, 0.1875000000000135170, 0.2187500000000164591, 0.2500000000000193734, 0.3750000000000293099, 0.4375000000000342504, 0.4687500000000365818, 0.4843750000000370259, 0.4921875000000368039, 0.5000000000000365263, 0.6250000000000258682, 0.6875000000000217604, 0.7500000000000174305, 0.8125000000000132117, 0.8437500000000111022, 0.8750000000000089928, 1.000000000000000000 ),
 .UNSPECIFIED. ) ;
#199 = ORIENTED_EDGE ( 'NONE', *, *, #2193, .F. ) ;
#200 = CARTESIAN_POINT ( 'NONE',  ( -52.41057626751650389, 12.49999999002539930, 83.34590336481500117 ) ) ;
#201 = CARTESIAN_POINT ( 'NONE',  ( -89.78992555814801335, 4.500000000000000000, 82.98709207218739436 ) ) ;
#202 = CARTESIAN_POINT ( 'NONE',  ( -60.01176654945660260, 12.50000000000090061, 62.96157772545159048 ) ) ;
#203 = CARTESIAN_POINT ( 'NONE',  ( -53.24475473131059999, -12.50000000000000000, 61.24697183996140382 ) ) ;
#204 = CARTESIAN_POINT ( 'NONE',  ( -73.03066068823690671, 12.50000000000000355, 57.95562779265109299 ) ) ;
#205 = CARTESIAN_POINT ( 'NONE',  ( -34.28166376250007374, -8.359299456528772154, 37.33030460937695238 ) ) ;
#206 = CARTESIAN_POINT ( 'NONE',  ( -77.57320406326881823, 12.50000000000000000, 88.81198431826399542 ) ) ;
#207 = CARTESIAN_POINT ( 'NONE',  ( -76.32298861676645174, -8.132173834713135818, 95.89315504028662929 ) ) ;
#208 = CARTESIAN_POINT ( 'NONE',  ( -81.56614233163260508, -12.50000000000070166, 80.57623066805720669 ) ) ;
#209 = CARTESIAN_POINT ( 'NONE',  ( -34.99595649741959846, 6.430228803627429990, 36.91927260808139266 ) ) ;
#210 = CARTESIAN_POINT ( 'NONE',  ( -37.32792407777849775, -12.50000000000000000, 73.48223442122710480 ) ) ;
#211 = CARTESIAN_POINT ( 'NONE',  ( -33.78394474472929687, -12.65000000000000036, 37.10029354852500205 ) ) ;
#212 = CARTESIAN_POINT ( 'NONE',  ( -71.53124092984960214, -4.500000000000000000, 96.35755121022640424 ) ) ;
#213 = EDGE_CURVE ( 'NONE', #3586, #1520, #1539, .T. ) ;
#214 = CARTESIAN_POINT ( 'NONE',  ( -74.86563476184007015, 11.93575270025001522, 91.58432872760279508 ) ) ;
#215 = CARTESIAN_POINT ( 'NONE',  ( -27.62619095191109864, -12.49999999999899991, 43.27154470016179744 ) ) ;
#216 = CARTESIAN_POINT ( 'NONE',  ( -85.80198644312289957, 12.49999999999490008, 73.37830551588440642 ) ) ;
#217 = EDGE_LOOP ( 'NONE', ( #1704, #3417 ) ) ;
#218 = CARTESIAN_POINT ( 'NONE',  ( -51.05482154661950034, -12.49999999677289964, 82.67731044010619712 ) ) ;
#219 = STYLED_ITEM ( 'NONE', ( #540 ), #1631 ) ;
#220 = CARTESIAN_POINT ( 'NONE',  ( -60.31626842404010347, 12.50000000000070166, 86.24726363360019832 ) ) ;
#221 = CARTESIAN_POINT ( 'NONE',  ( -84.59294226001169648, 4.500000000000000000, 89.22107298086480398 ) ) ;
#222 = CARTESIAN_POINT ( 'NONE',  ( -75.95250271525739549, 12.49999999999960032, 67.15524265256560454 ) ) ;
#223 = AXIS2_PLACEMENT_3D ( 'NONE', #2586, #3857, #1038 ) ;
#224 = DIRECTION ( 'NONE',  ( -0.9510565162951521989, 0.000000000000000000, 0.3090169943749520587 ) ) ;
#225 = CARTESIAN_POINT ( 'NONE',  ( -64.22646901629242677, -12.50000000000000178, 55.75202982353809489 ) ) ;
#226 = CARTESIAN_POINT ( 'NONE',  ( -80.06917367756149417, 4.500000000000000000, 60.09174091094270409 ) ) ;
#227 = CARTESIAN_POINT ( 'NONE',  ( -27.21485287261150177, 12.50000000000000000, 37.42829763286160016 ) ) ;
#228 = CARTESIAN_POINT ( 'NONE',  ( -34.83020826609417497, 7.030400207175284244, 37.66344889507467997 ) ) ;
#229 = ORIENTED_EDGE ( 'NONE', *, *, #627, .T. ) ;
#230 = CARTESIAN_POINT ( 'NONE',  ( -75.53167116745569842, -10.85094638115200638, 93.55491222109706939 ) ) ;
#231 = CARTESIAN_POINT ( 'NONE',  ( -74.01992435473108856, -12.50000000000000000, 88.36973190896598851 ) ) ;
#232 = FACE_OUTER_BOUND ( 'NONE', #2625, .T. ) ;
#233 = CARTESIAN_POINT ( 'NONE',  ( -39.41619753664669901, 4.500000000000000000, 79.57987957991700512 ) ) ;
#234 = CARTESIAN_POINT ( 'NONE',  ( -7.398460575878440082, 6.492055747835710378, 43.11763448918579655 ) ) ;
#235 = CARTESIAN_POINT ( 'NONE',  ( -85.26085528086929344, -12.50000000000000000, 71.68392968025480627 ) ) ;
#236 = CARTESIAN_POINT ( 'NONE',  ( -13.75436083365409878, 4.500000000000000000, 41.75000000000000000 ) ) ;
#237 = ADVANCED_FACE ( 'NONE', ( #950 ), #1862, .T. ) ;
#238 = CARTESIAN_POINT ( 'NONE',  ( -85.77367143671419569, 12.49999999998679989, 73.50549484369840059 ) ) ;
#239 = ORIENTED_EDGE ( 'NONE', *, *, #1999, .T. ) ;
#240 = CARTESIAN_POINT ( 'NONE',  ( -13.75436083365409878, 4.500000000000000000, 42.75000000000000000 ) ) ;
#241 = CARTESIAN_POINT ( 'NONE',  ( -78.90036754719349688, 12.49999999999839950, 68.18946055452219923 ) ) ;
#242 = CARTESIAN_POINT ( 'NONE',  ( -55.33023729706830096, 4.500000000000000000, 53.52311533008920463 ) ) ;
#243 = CARTESIAN_POINT ( 'NONE',  ( -27.12807102501599843, 12.50000000000000000, 39.58503678678150095 ) ) ;
#244 = CARTESIAN_POINT ( 'NONE',  ( -77.47258581936338828, 12.50000000000000000, 88.80573758309519405 ) ) ;
#245 = ORIENTED_EDGE ( 'NONE', *, *, #2400, .T. ) ;
#246 = CARTESIAN_POINT ( 'NONE',  ( -74.36370424324941553, -12.35617705792691012, 90.09801064596314291 ) ) ;
#247 = CARTESIAN_POINT ( 'NONE',  ( -85.00274526289538812, -12.49999999997710098, 75.50496562340920548 ) ) ;
#248 = CARTESIAN_POINT ( 'NONE',  ( -21.83722406390289805, -12.50000000000000000, 38.00000000000000000 ) ) ;
#249 = CARTESIAN_POINT ( 'NONE',  ( -26.64088733224219752, -12.49999999891169900, 65.80985382028680419 ) ) ;
#250 = CARTESIAN_POINT ( 'NONE',  ( -5.754360833654150298, 4.783107670377190423, 63.00000076188965181 ) ) ;
#251 = CARTESIAN_POINT ( 'NONE',  ( -85.48571717543690340, -12.49999999968389908, 71.92233335136420180 ) ) ;
#252 = CARTESIAN_POINT ( 'NONE',  ( -5.933181128528520532, 5.268554282779449593, 38.00000000001879386 ) ) ;
#253 = CARTESIAN_POINT ( 'NONE',  ( -85.87894756777809846, 12.49999999982059862, 72.77789241127580055 ) ) ;
#254 = CARTESIAN_POINT ( 'NONE',  ( -22.90066467390727922, 4.644762887912021299, 37.98321336318405628 ) ) ;
#255 = CARTESIAN_POINT ( 'NONE',  ( -75.73456403778349966, 12.49999999999910116, 67.08495777467710752 ) ) ;
#256 = CARTESIAN_POINT ( 'NONE',  ( -70.40025512351461145, -4.500000000000000000, 57.26630989265049720 ) ) ;
#257 = CARTESIAN_POINT ( 'NONE',  ( -41.31350981582200177, 12.50000000000000178, 48.21185268848669381 ) ) ;
#258 = CARTESIAN_POINT ( 'NONE',  ( -27.81058731997670108, 12.49999999999809930, 43.94129547867859742 ) ) ;
#259 = CARTESIAN_POINT ( 'NONE',  ( -34.50060661449146693, 7.904637797046548009, 37.44965808437066812 ) ) ;
#260 = ORIENTED_EDGE ( 'NONE', *, *, #2539, .F. ) ;
#261 = SURFACE_SIDE_STYLE ('',( #1589 ) ) ;
#262 = CARTESIAN_POINT ( 'NONE',  ( -36.84587144624497768, -1.859494219821888450, 44.37005856354571165 ) ) ;
#263 = CARTESIAN_POINT ( 'NONE',  ( -34.01515240909230187, 8.850393951261770198, 38.00539823872090039 ) ) ;
#264 = CARTESIAN_POINT ( 'NONE',  ( -6.396700255061746887, -7.640832820821662708, 42.77914843715151960 ) ) ;
#265 = CARTESIAN_POINT ( 'NONE',  ( -8.293199681481498331, 10.34600642388708458, 61.42915219171490548 ) ) ;
#266 = CARTESIAN_POINT ( 'NONE',  ( -5.754360833654099672, -4.500000000000000000, 42.75000000000000000 ) ) ;
#267 = CARTESIAN_POINT ( 'NONE',  ( -13.75436083365409878, -12.50000000000000000, 58.10893069650659726 ) ) ;
#268 = CARTESIAN_POINT ( 'NONE',  ( -25.19715842554009910, 4.500000000000000000, 74.49525678312639343 ) ) ;
#269 = CARTESIAN_POINT ( 'NONE',  ( -85.65105024745999174, -12.49999999998309974, 73.94328651868789848 ) ) ;
#270 = CARTESIAN_POINT ( 'NONE',  ( -34.24353387109710667, 12.50000000000000000, 71.18346843501360866 ) ) ;
#271 = CARTESIAN_POINT ( 'NONE',  ( -67.99626256982899974, 12.49999999999930012, 64.91628296218819116 ) ) ;
#272 = B_SPLINE_SURFACE_WITH_KNOTS ( 'NONE', 3, 1, ( 
 ( #3293, #456 ),
 ( #2632, #150 ),
 ( #503, #3652 ),
 ( #767, #1771 ),
 ( #3022, #1791 ),
 ( #192, #3041 ),
 ( #1422, #1397 ),
 ( #2329, #3995 ),
 ( #2704, #1112 ),
 ( #2090, #2054 ),
 ( #3675, #2658 ),
 ( #211, #1089 ) ),
 .UNSPECIFIED., .F., .F., .F.,
 ( 4, 1, 1, 1, 1, 1, 1, 1, 1, 4 ),
 ( 2, 2 ),
 ( 0.000000000000000000, 0.1524907320282259948, 0.1906134150352830070, 0.2287360980423389922, 0.3049814640564529888, 0.3812268300705660140, 0.4193495130776220270, 0.4574721960846789837, 0.5337175620987919533, 0.6099629281129049785 ),
 ( 0.000000000000000000, 3.036000000000000032 ),
 .UNSPECIFIED. ) ;
#273 = CARTESIAN_POINT ( 'NONE',  ( -49.74118561118802972, 12.50000000000000178, 51.87008261191478908 ) ) ;
#274 = AXIS2_PLACEMENT_3D ( 'NONE', #3109, #2215, #1876 ) ;
#275 = CARTESIAN_POINT ( 'NONE',  ( -27.81768916208060105, 12.49999999999769962, 43.96502338572179980 ) ) ;
#276 = CARTESIAN_POINT ( 'NONE',  ( -33.93390831383266004, 8.966282619184143599, 37.16113046204934989 ) ) ;
#277 = EDGE_CURVE ( 'NONE', #681, #2439, #3761, .T. ) ;
#278 = ORIENTED_EDGE ( 'NONE', *, *, #2400, .F. ) ;
#279 = CARTESIAN_POINT ( 'NONE',  ( -84.94428468575490854, -12.49999999998060041, 75.62067233663849208 ) ) ;
#280 = AXIS2_PLACEMENT_3D ( 'NONE', #2833, #3177, #2580 ) ;
#281 = CARTESIAN_POINT ( 'NONE',  ( -37.65025089847987516, -1.177777642487863430, 45.32974346000597876 ) ) ;
#282 = DIRECTION ( 'NONE',  ( 0.000000000000000000, -1.000000000000000000, 0.000000000000000000 ) ) ;
#283 = B_SPLINE_CURVE_WITH_KNOTS ( 'NONE', 3,
 ( #1849, #1831, #2820, #3718, #1866, #252, #2456, #1251, #2149, #2490, #3749, #2437, #879, #2131 ),
 .UNSPECIFIED., .F., .F.,
 ( 4, 2, 2, 2, 2, 2, 4 ),
 ( -0.1788570689924569856, -0.1549851611194759948, -0.1294893374978939860, -0.08955821729131918651, -0.05047330965392060609, -0.02418241101074550259, -8.269669060645412628E-09 ),
 .UNSPECIFIED. ) ;
#284 = CARTESIAN_POINT ( 'NONE',  ( -7.253832930095240883, -9.162980827267094952, 62.07015340678428572 ) ) ;
#285 = CARTESIAN_POINT ( 'NONE',  ( -41.94470799001680206, -12.50000000000000000, 57.46295847713790295 ) ) ;
#286 = CARTESIAN_POINT ( 'NONE',  ( -7.409110495135426966, 9.378567905345938982, 61.97412804573236400 ) ) ;
#287 = CARTESIAN_POINT ( 'NONE',  ( -13.75436083281629962, -12.50000000000000000, 58.10893120994310124 ) ) ;
#288 = FACE_OUTER_BOUND ( 'NONE', #4029, .T. ) ;
#289 = CARTESIAN_POINT ( 'NONE',  ( -27.21590619975849989, -12.50000000000000000, 37.41778886617899502 ) ) ;
#290 = CARTESIAN_POINT ( 'NONE',  ( -93.40007696065075038, 12.50000000000000178, 75.95983323512045615 ) ) ;
#291 = CARTESIAN_POINT ( 'NONE',  ( -85.87591865268490210, -12.49999999994849986, 72.85981924144839184 ) ) ;
#292 = B_SPLINE_CURVE_WITH_KNOTS ( 'NONE', 3,
 ( #189, #231, #3311, #167, #3711, #1503, #1824, #3077, #1186, #1767, #474, #3950, #2429, #872, #3672, #3647, #3926, #1439, #2121, #1146, #1460, #2698, #3353, #1415, #2343, #2367, #2049, #517, #3624, #1127, #807, #2069, #2387, #833, #2087, #208, #3419, #1521, #890, #1590, #300, #1843, #2776, #2812, #2830, #3776, #1278, #4045, #1225, #2792, #3729, #2523, #591, #926, #2158, #2501, #3743, #576, #1912, #3757, #1241, #1553, #1859, #2463, #2141, #1, #3112, #2482, #3435, #1536, #2758, #3797, #3453, #1205, #3094, #610, #279, #247, #1878, #945, #3476, #625, #3155, #323, #2216, #3494, #643, #2450, #37, #3175, #341, #1298, #1612, #2853, #2513, #3104, #1254, #934, #2786, #269, #3467, #3169, #3446, #3526, #1312, #1545, #2868, #2552, #1290, #30, #4053, #1235, #1870, #1603, #619, #2475, #3826, #980, #1269, #677, #999, #3751, #918, #2209, #48, #2248, #1563, #2169, #333, #599, #3128, #291, #3148, #2805, #314, #4070, #2533, #2229, #2824, #2493, #636, #3789, #3769, #2189, #1889, #3809, #12, #1583, #959, #2844, #1905, #3486, #3506, #656, #1624, #1924, #3188, #356, #3609, #2958, #1399, #1333, #2033, #1965, #2886, #2570, #1727, #2661, #3933, #1679, #3230, #3631, #2908, #2592, #2936, #1171, #2746, #2707, #2395, #194, #3359, #1151, #2415, #544, #3677, #4017, #3978, #2436, #2726, #2092, #1509, #3381, #1192, #524, #2764, #791, #2130, #1830, #1773, #1486, #3082, #251, #3318, #3065, #816, #1751, #1810, #1210, #3402, #235, #565, #2684, #3654, #3004, #1445, #3957, #1134, #2374, #3339, #505, #3024, #1364, #2599, #2377, #549, #3659, #2355, #176, #3342, #1492, #2731, #1176, #3068, #3700, #862, #3768, #313, #3406, #3485, #773, #1025, #115, #2039, #2963, #2639, #1645, #95, #1709, #752, #1047, #2272, #704, #2616, #3914, #136, #3300, #1971, #464, #3234, #1003, #2985, #158, #1663, #2915, #2253, #3888, #3567, #726, #3532, #682, #1071, #2314, #3213, #2419, #2441, #3701, #3407, #2302, #974, #995, #352, #45, #1697, #2951, #3855, #1637, #3503, #1306, #1036, #1655, #81, #1938, #3877, #410, #714, #1620, #2862, #2902, #3804, #64, #1351, #2547, #126, #2007, #2225, #3580, #3266, #1982, #3242, #652, #1919, #3821, #2281, #1327, #2242, #432, #1673, #1959, #1392, #3519, #670, #3205, #2584, #741, #371, #2881, #2565, #3558, #3839, #1015, #3540, #693, #3225, #389, #2928, #105, #1369, #2605, #1058, #2699, #853, #3375, #2123, #3136, #946, #3396, #952, #1635, #1916, #3500, #62, #648, #2239, #3202, #631, #3762, #3480, #2544, #1283, #971, #1012, #42, #3459, #1864, #1246, #1936, #3180, #2223, #2203, #285, #348, #2264, #306, #3161, #4065, #369, #1899, #2859, #2505, #992, #6, #3516, #1883, #667, #1574, #328, #1596, #2816, #3782, #3119, #2836, #1557, #2798, #657, #3170, #1681, #3844, #1604, #2534, #1334, #49, #2612, #700, #2553, #334, #2230, #1966, #1021, #2269, #2869, #722, #1357, #2909, #1291, #3810, #3547, #396, #1067, #69, #637, #1313, #3827, #1000, #1946, #1990, #3528, #3249, #91, #1925, #3190, #358, #1043, #981, #2249, #2847, #2593, #3862, #2286, #678, #3210, #377, #1906, #1643, #3563, #418, #2887, #2937, #111, #1376, #2310, #3507, #196, #3959, #2709, #2663, #1488, #1173, #1467, #526, #459, #793, #3589, #1794, #3276, #1775, #3611, #438, #3936, #3044, #1152, #1115, #3980, #1401, #2332, #215, #818, #1705, #2959, #3361, #1426, #2635, #2728, #1135, #1753, #2353, #2093, #3633, #133, #3909, #3296, #2397, #2057, #1447, #1092, #769, #1728, #2035, #2686, #2981, #3026, #154, #3005, #2375, #3320, #3679, #840, #483, #174, #3656, #2076, #3340, #506, #3404, #2472, #3766, #3124, #1888, #898, #289, #3102 ),
 .UNSPECIFIED., .F., .F.,
 ( 4, 3, 3, 3, 3, 3, 3, 3, 3, 3, 3, 3, 3, 3, 3, 3, 3, 3, 3, 3, 3, 3, 3, 3, 3, 3, 3, 3, 3, 3, 3, 3, 3, 3, 3, 3, 3, 3, 3, 3, 3, 3, 3, 3, 3, 3, 3, 3, 3, 3, 3, 3, 3, 3, 3, 3, 3, 3, 3, 3, 3, 3, 3, 3, 3, 3, 3, 3, 3, 3, 3, 3, 3, 3, 3, 3, 3, 3, 3, 3, 3, 3, 3, 3, 3, 3, 3, 3, 3, 3, 3, 3, 3, 3, 3, 3, 3, 3, 3, 3, 3, 3, 3, 3, 3, 3, 3, 3, 3, 3, 3, 3, 3, 3, 3, 3, 3, 3, 3, 3, 3, 3, 3, 3, 3, 3, 3, 3, 3, 3, 3, 3, 3, 3, 3, 3, 3, 3, 3, 3, 3, 3, 3, 3, 3, 3, 3, 3, 3, 3, 3, 3, 3, 3, 3, 3, 3, 3, 3, 3, 3, 3, 3, 3, 3, 3, 3, 3, 3, 3, 3, 3, 3, 4 ),
 ( 5.083721920158999592E-10, 0.0007418021277269249130, 0.002281294128942320046, 0.002912163776810500638, 0.003821859434998800369, 0.005363602203020300524, 0.005824327553620989133, 0.006906647987464929403, 0.008451278594492999535, 0.008736491330431490204, 0.009997776194138649486, 0.01019257321883670041, 0.01154619407165199778, 0.01164865510724200255, 0.01232122170393820139, 0.01309605413232159919, 0.01310473699564719888, 0.01387088144908510054, 0.01456081888405249929, 0.01464583277410660099, 0.01542074385950569990, 0.01601690077245769908, 0.01619558268607119988, 0.01658301677884579939, 0.01674494171666040046, 0.01697056003422010156, 0.01735800665030049969, 0.01747298266086300123, 0.01774523677595699761, 0.01813279957503039982, 0.01820102360506560199, 0.01852031541887880217, 0.01871401860502529962, 0.01890770970384120231, 0.01892906454926819929, 0.01910140694841059791, 0.01929308502136950140, 0.01929515064598200103, 0.01948892929968179880, 0.01965710549347080005, 0.01968256761467419846, 0.01977937432641400234, 0.01987622996264169772, 0.01997313470003439853, 0.02002112596557219931, 0.02007010697299189961, 0.02011860321361079798, 0.02016701528506449972, 0.02020313620162279833, 0.02021528059367280056, 0.02026364142983909725, 0.02031212466705339947, 0.02033637743512280160, 0.02036061897422630079, 0.02038483534858100132, 0.02038514643767350143, 0.02040902813014490100, 0.02045739939406669705, 0.02050580092810800129, 0.02055429231786840005, 0.02056715667372410045, 0.02060285360737329832, 0.02065132255213950052, 0.02074806577048390194, 0.02074916690977480008, 0.02084478873702150237, 0.02094161251677779945, 0.02103851964129090091, 0.02111318738187609872, 0.02123241375205190545, 0.02142610638266010184, 0.02147720785397739737, 0.02161978563982569837, 0.02181352926657630434, 0.02184122832607870296, 0.02200727432443350118, 0.02239472526921899853, 0.02256926927028129679, 0.02278215627947889968, 0.02316964169122309389, 0.02329731021448400163, 0.02355698960306710013, 0.02394446223519090117, 0.02402535115868659893, 0.02433193905897190062, 0.02471936331392070307, 0.02475339210288919969, 0.02549418159041300092, 0.02620947399129449837, 0.02626914845774890039, 0.02704415256574920282, 0.02766555587969970337, 0.02781886329690169690, 0.02859372909402479665, 0.02912163776810500204, 0.03014358273658530180, 0.03057771965651020010, 0.03169335269574400510, 0.03203380154491550225, 0.03324309105676800241, 0.03479289410319039849, 0.03494596532172600245, 0.03634267705870589810, 0.03785812909853639857, 0.03944221581924670095, 0.04077029287534690571, 0.04254176617919720044, 0.04368245665215740592, 0.04564131490854150125, 0.04659462042896789918, 0.04874086334592590136, 0.04950678420577839939, 0.05184041334778850124, 0.05241894798258889265, 0.05493993382521360214, 0.05803951001858539960, 0.05824327553620990000, 0.06113905890892940009, 0.06115543931302040714, 0.06314539681759059886, 0.06406760308983090735, 0.06423861171025370409, 0.06552368497823619908, 0.06673438270730089328, 0.06697976686664140755, 0.06733803821398540168, 0.06918462958189669498, 0.06989193064345189388, 0.07043773326966440429, 0.07198750144992299704, 0.07280409442026240796, 0.07353727114735320036, 0.07426017630866758867, 0.07508700383680909363, 0.07571625819707290816, 0.07663732957957880565, 0.07717234008547810276, 0.07813094386944190173, 0.07818640697345330404, 0.07862842197388339449, 0.07973644756483680429, 0.08008450386228860296, 0.08115854075411170487, 0.08128598679843290764, 0.08154058575069389470, 0.08206118988460270325, 0.08226862669489649893, 0.08283585052813760563, 0.08299666763909910316, 0.08431077551355881106, 0.08438568465020718223, 0.08445274952750438102, 0.08579840007667889623, 0.08590883141590960337, 0.08593545699311688768, 0.08663687236011230475, 0.08671027646011038315, 0.08724355373793012125, 0.08736491330431489510, 0.08748526728600379554, 0.08809295424851749934, 0.08825635810173480811, 0.08882099519272008969, 0.08902292501611028253, 0.08978473817168708404, 0.09027707708112539531, 0.09054204138320248729, 0.09129504947874039766, 0.09173315896953060378, 0.09204386371791560550, 0.09278858243771490044, 0.09297413599542540819, 0.09315944273069078074, 0.09318924085793590939 ),
 .UNSPECIFIED. ) ;
#293 = DIRECTION ( 'NONE',  ( 1.000000000000000000, 0.000000000000000000, 0.000000000000000000 ) ) ;
#294 = CARTESIAN_POINT ( 'NONE',  ( -82.99418680860119935, 12.49999999999949907, 70.06389169803530592 ) ) ;
#295 = CARTESIAN_POINT ( 'NONE',  ( -52.21959520399150279, -12.49999999183359911, 83.25037113469159067 ) ) ;
#296 = CARTESIAN_POINT ( 'NONE',  ( -84.37666131914083678, -12.50000000000000178, 61.80314531035751457 ) ) ;
#297 = CARTESIAN_POINT ( 'NONE',  ( -89.24279263522356587, 12.50000000000000178, 64.58855947696933697 ) ) ;
#298 = CARTESIAN_POINT ( 'NONE',  ( -33.62469359008869674, 12.49999999996260058, 52.52524782513430068 ) ) ;
#299 = SURFACE_STYLE_USAGE ( .BOTH. , #261 ) ;
#300 = CARTESIAN_POINT ( 'NONE',  ( -82.05443103525679760, -12.49999999999779909, 79.96757356997780164 ) ) ;
#301 = EDGE_CURVE ( 'NONE', #2078, #1040, #395, .T. ) ;
#302 = CARTESIAN_POINT ( 'NONE',  ( -27.39273975238269898, -12.50000000000000000, 35.93003025308839682 ) ) ;
#303 = CARTESIAN_POINT ( 'NONE',  ( -6.392082245492839654, -7.629992613045430083, 42.74999857402559655 ) ) ;
#304 = CARTESIAN_POINT ( 'NONE',  ( -6.544848353801850038, 6.307843166466392759, 41.84843289771631447 ) ) ;
#305 = CARTESIAN_POINT ( 'NONE',  ( -5.754360833654100560, -4.781687306971787343, 63.00000076188970155 ) ) ;
#306 = CARTESIAN_POINT ( 'NONE',  ( -41.71615178917080158, -12.50000000000000000, 57.36388547529250559 ) ) ;
#307 = CARTESIAN_POINT ( 'NONE',  ( -5.905014821517667656, 6.046740626357221871, 62.90632316444769145 ) ) ;
#308 = CARTESIAN_POINT ( 'NONE',  ( -32.63135586102109897, 10.48957609417440473, 36.78459543056862202 ) ) ;
#309 = CARTESIAN_POINT ( 'NONE',  ( -84.59299033856535743, -12.50000000000000178, 89.22102239568934579 ) ) ;
#310 = CARTESIAN_POINT ( 'NONE',  ( -35.14767110045419685, 5.632896208979469854, 37.10029354652129996 ) ) ;
#311 = CARTESIAN_POINT ( 'NONE',  ( -21.83722406390289805, 14.07343736306170001, 38.00000000000000000 ) ) ;
#312 = CARTESIAN_POINT ( 'NONE',  ( -85.70809408368259597, 12.50000000000000000, 73.75712259873900223 ) ) ;
#313 = CARTESIAN_POINT ( 'NONE',  ( -83.93109457380319327, -12.50000000000000000, 70.63562555783390451 ) ) ;
#314 = CARTESIAN_POINT ( 'NONE',  ( -85.87812931160819119, -12.49999999988239985, 72.81060830605768786 ) ) ;
#315 = CARTESIAN_POINT ( 'NONE',  ( -6.968976417923790301, 6.025935924276890177, 41.75000000000000000 ) ) ;
#316 = CARTESIAN_POINT ( 'NONE',  ( -85.87606471425459631, -12.50000000000000000, 72.64680033979340124 ) ) ;
#317 = CARTESIAN_POINT ( 'NONE',  ( -81.34030380261809512, 12.49999999997200106, 69.21582165939750553 ) ) ;
#318 = CARTESIAN_POINT ( 'NONE',  ( -58.32087341516860590, -4.500000000000000000, 94.00494608502590665 ) ) ;
#319 = CARTESIAN_POINT ( 'NONE',  ( -82.35664543269449211, -12.50000000000000000, 69.71482216799930143 ) ) ;
#320 = CARTESIAN_POINT ( 'NONE',  ( -78.65858874932810352, 12.50000000000000000, 68.09226017693289634 ) ) ;
#321 = CARTESIAN_POINT ( 'NONE',  ( -30.89902904036180331, 12.49999999996559907, 49.74628117196709809 ) ) ;
#322 = CARTESIAN_POINT ( 'NONE',  ( -74.23638036514707039, -12.42585977926468566, 89.72082829919121139 ) ) ;
#323 = CARTESIAN_POINT ( 'NONE',  ( -85.18824366524469838, -12.49999999999869971, 75.11866964263289503 ) ) ;
#324 = CARTESIAN_POINT ( 'NONE',  ( -77.92650409688789637, 12.49999999999620037, 84.60249422250019791 ) ) ;
#325 = CARTESIAN_POINT ( 'NONE',  ( -35.33427620816519976, -4.500000000000000000, 36.89543100023080058 ) ) ;
#326 = CARTESIAN_POINT ( 'NONE',  ( -27.86044922925090361, -4.632813184691680242, 37.25894474447549953 ) ) ;
#327 = CARTESIAN_POINT ( 'NONE',  ( -12.27640984546454739, -12.36229570625175000, 58.99966364909776928 ) ) ;
#328 = CARTESIAN_POINT ( 'NONE',  ( -38.11130112222390665, -12.50000000001350031, 55.59367213533680285 ) ) ;
#329 = CARTESIAN_POINT ( 'NONE',  ( -39.44846751427859743, 4.499999999217982882, 94.46046894677401440 ) ) ;
#330 = CARTESIAN_POINT ( 'NONE',  ( -67.95383818904019790, -12.49999999999880096, 87.83723864131900427 ) ) ;
#331 = CARTESIAN_POINT ( 'NONE',  ( -32.00283175543539471, 4.499999999779407567, 64.30021536386549030 ) ) ;
#332 = EDGE_CURVE ( 'NONE', #3292, #850, #759, .T. ) ;
#333 = CARTESIAN_POINT ( 'NONE',  ( -85.87156178147020569, -12.49999999998489919, 72.92485374068620274 ) ) ;
#334 = CARTESIAN_POINT ( 'NONE',  ( -33.62443622068410320, -12.49999999996249933, 52.52503253732489696 ) ) ;
#335 = CARTESIAN_POINT ( 'NONE',  ( -85.87162308295069124, -12.50000000000000000, 72.59767627746479945 ) ) ;
#336 = CARTESIAN_POINT ( 'NONE',  ( -83.26695490869029470, 12.49999999999180034, 70.22140339854990998 ) ) ;
#337 = CARTESIAN_POINT ( 'NONE',  ( -64.11957248401952825, -12.50000000000000178, 95.31999765886212117 ) ) ;
#338 = CARTESIAN_POINT ( 'NONE',  ( -79.62854011408219890, 12.50000000000000000, 68.47298498122519561 ) ) ;
#339 = CARTESIAN_POINT ( 'NONE',  ( -31.92746660609200404, 12.50000000000000000, 50.92067265532280373 ) ) ;
#340 = CARTESIAN_POINT ( 'NONE',  ( -76.61933885537760602, -4.500000000000000000, 96.76816716052309175 ) ) ;
#341 = CARTESIAN_POINT ( 'NONE',  ( -85.40809684524849388, -12.49999999997370104, 74.61222495673459321 ) ) ;
#342 = CARTESIAN_POINT ( 'NONE',  ( -76.18460887624100053, 12.50000000000000000, 86.33377872904239325 ) ) ;
#343 = CARTESIAN_POINT ( 'NONE',  ( -35.16445171308050277, -4.500000000000000000, 38.33570656837100188 ) ) ;
#344 = CIRCLE ( 'NONE', #3186, 2.200000000000000178 ) ;
#345 = CARTESIAN_POINT ( 'NONE',  ( -35.38002579795967506, 12.50000000000000178, 36.51909036521880836 ) ) ;
#346 = CARTESIAN_POINT ( 'NONE',  ( -6.492503798416874972, 6.377036219418791063, 41.88160031686116014 ) ) ;
#347 = CARTESIAN_POINT ( 'NONE',  ( -10.85253359310779331, -11.95516389439482552, 59.86324386889105398 ) ) ;
#348 = CARTESIAN_POINT ( 'NONE',  ( -41.86842046743829826, -12.50000000000000000, 57.43011389795599797 ) ) ;
#349 = MECHANICAL_DESIGN_GEOMETRIC_PRESENTATION_REPRESENTATION (  '', ( #3058 ), #487 ) ;
#350 = CARTESIAN_POINT ( 'NONE',  ( -12.07995209154027272, 12.32321959164307934, 59.11854543897904790 ) ) ;
#351 = CARTESIAN_POINT ( 'NONE',  ( -33.31883296693997210, 9.786254242597310693, 36.94052914181369118 ) ) ;
#352 = CARTESIAN_POINT ( 'NONE',  ( -78.73451751360570938, -12.49999999999930012, 68.12593406688549180 ) ) ;
#353 = CARTESIAN_POINT ( 'NONE',  ( -56.77616794258939592, -12.49999999990080113, 85.13771742961098710 ) ) ;
#354 = CARTESIAN_POINT ( 'NONE',  ( -77.71446109105748690, -12.50000000000000000, 84.82499940812999739 ) ) ;
#355 = CARTESIAN_POINT ( 'NONE',  ( -76.81940736360674293, 12.50000000000000355, 96.59422751051717171 ) ) ;
#356 = CARTESIAN_POINT ( 'NONE',  ( -85.85748613790970296, -12.49999999969749886, 72.51592550505149859 ) ) ;
#357 = ADVANCED_FACE ( 'NONE', ( #2001 ), #2246, .T. ) ;
#358 = CARTESIAN_POINT ( 'NONE',  ( -30.16238384264400096, -12.50000000000000000, 48.76804851779350258 ) ) ;
#359 = CARTESIAN_POINT ( 'NONE',  ( -93.87589654204460032, -4.500000000000000000, 72.44056592389000571 ) ) ;
#360 = CARTESIAN_POINT ( 'NONE',  ( -84.32341379160871497, 12.49999999997039879, 70.90689527314629004 ) ) ;
#361 = CARTESIAN_POINT ( 'NONE',  ( -87.16717521107061373, -12.50000000000000178, 63.23293199518698771 ) ) ;
#362 = CARTESIAN_POINT ( 'NONE',  ( -85.28052054831584883, 12.50000000000000355, 62.22787483188508162 ) ) ;
#363 = CARTESIAN_POINT ( 'NONE',  ( -29.27605530591590011, 12.49999999999949907, 47.36763250677859816 ) ) ;
#364 = CARTESIAN_POINT ( 'NONE',  ( -35.12294061828630021, -4.500000000000000000, 39.27141109740109925 ) ) ;
#365 = CARTESIAN_POINT ( 'NONE',  ( -27.43266782031230022, -4.632813184691680242, 37.35796251903820320 ) ) ;
#366 = CARTESIAN_POINT ( 'NONE',  ( -5.431139856815330624, 4.500000000000000000, 62.84079998602058481 ) ) ;
#367 = CARTESIAN_POINT ( 'NONE',  ( -13.37610686159033691, -12.49999999997715783, 58.33615539633803593 ) ) ;
#368 = CARTESIAN_POINT ( 'NONE',  ( -18.14088904965820248, 4.500000000000000000, 69.83615811504080284 ) ) ;
#369 = CARTESIAN_POINT ( 'NONE',  ( -41.38360029730050371, -12.49999999999899991, 57.21727463941299874 ) ) ;
#370 = CARTESIAN_POINT ( 'NONE',  ( -28.79005187941796962, -12.35427080560608459, 37.05181894603199311 ) ) ;
#371 = CARTESIAN_POINT ( 'NONE',  ( -62.35137322080329625, -12.49999999999869971, 63.52911930908899762 ) ) ;
#372 = CARTESIAN_POINT ( 'NONE',  ( -60.81749541538399484, -12.49999999999889866, 86.37992810290640477 ) ) ;
#373 = CARTESIAN_POINT ( 'NONE',  ( -86.93164452932060726, -4.500000000000000000, 86.63666418500740463 ) ) ;
#374 = CARTESIAN_POINT ( 'NONE',  ( -35.18779826572583858, 0.1789167447459139304, 40.25818950220762105 ) ) ;
#375 = CARTESIAN_POINT ( 'NONE',  ( -5.871872862025630191, -5.866142651248370754, 37.99999999994489741 ) ) ;
#376 = ORIENTED_EDGE ( 'NONE', *, *, #3368, .T. ) ;
#377 = CARTESIAN_POINT ( 'NONE',  ( -29.45361951757309882, -12.50000000000000000, 47.67506683639660281 ) ) ;
#378 = CARTESIAN_POINT ( 'NONE',  ( -93.14271384225189365, -4.500000000000000000, 69.17096739491699964 ) ) ;
#379 = CARTESIAN_POINT ( 'NONE',  ( -84.26522445588960863, 12.49999999998770051, 70.86501074044049631 ) ) ;
#380 = CARTESIAN_POINT ( 'NONE',  ( -7.031074783824944774, 5.562801622030533188, 40.53483772833246945 ) ) ;
#381 = CARTESIAN_POINT ( 'NONE',  ( -81.47400277082391540, 4.500000000000000000, 60.60311327055790542 ) ) ;
#382 = CARTESIAN_POINT ( 'NONE',  ( -32.23959100810289868, 12.50000000000000000, 51.24263112197999703 ) ) ;
#383 = CARTESIAN_POINT ( 'NONE',  ( -35.29608786400890352, -4.500000000000000000, 37.20957170620609844 ) ) ;
#384 = CARTESIAN_POINT ( 'NONE',  ( -35.20000000000000284, 4.516808217171399242, 37.99999857870949427 ) ) ;
#385 = CARTESIAN_POINT ( 'NONE',  ( -9.518753126756951843, -11.28672824723732226, 60.67714976912107261 ) ) ;
#386 = CARTESIAN_POINT ( 'NONE',  ( -64.11957248401949983, 4.500000000000000000, 95.31999765886209275 ) ) ;
#387 = CARTESIAN_POINT ( 'NONE',  ( -32.63480010725286462, -10.48855548823823192, 36.78396810807403483 ) ) ;
#388 = CARTESIAN_POINT ( 'NONE',  ( -27.21692930468629967, 12.50000000000000000, 37.40766625019740133 ) ) ;
#389 = CARTESIAN_POINT ( 'NONE',  ( -58.55897244930319800, -12.49999999999389999, 62.60453688140700734 ) ) ;
#390 = CARTESIAN_POINT ( 'NONE',  ( -84.59299033856540007, -4.500000000000000000, 89.22102239568938842 ) ) ;
#391 = CARTESIAN_POINT ( 'NONE',  ( -36.27908901449075785, 2.142702421687721515, 43.51200500817611072 ) ) ;
#392 = ORIENTED_EDGE ( 'NONE', *, *, #2422, .T. ) ;
#393 = CARTESIAN_POINT ( 'NONE',  ( -75.51200569081470348, 12.50000000000000000, 86.98311899756190257 ) ) ;
#394 = ORIENTED_EDGE ( 'NONE', *, *, #763, .F. ) ;
#395 = B_SPLINE_CURVE_WITH_KNOTS ( 'NONE', 3,
 ( #2145, #929, #2201, #1594, #2180, #647, #3457, #3178, #5, #304, #346, #3478, #1616, #2815, #40, #578, #1301, #1846, #2796, #1264, #2779, #4048, #2466, #910, #3440, #629, #594, #1934, #1693, #1978, #2947, #2878, #3835, #448, #2297 ),
 .UNSPECIFIED., .F., .F.,
 ( 4, 2, 2, 1, 2, 2, 2, 2, 1, 1, 2, 2, 2, 2, 1, 1, 1, 1, 2, 2, 4 ),
 ( 0.000000000000000000, 0.1249999999999917288, 0.1874999999999875933, 0.2187499999999855116, 0.2343749999999825417, 0.2499999999999795719, 0.3749999999999617528, 0.4374999999999509837, 0.4687499999999449884, 0.4843749999999403810, 0.4921874999999366618, 0.4999999999999329980, 0.6249999999999391598, 0.6874999999999402700, 0.7187499999999412692, 0.7343749999999437117, 0.7421874999999437117, 0.7460937499999436007, 0.7480468749999436007, 0.7499999999999436007, 1.000000000000000000 ),
 .UNSPECIFIED. ) ;
#396 = CARTESIAN_POINT ( 'NONE',  ( -32.03018302839459608, -12.50000000000000000, 51.02898688724190635 ) ) ;
#397 = CARTESIAN_POINT ( 'NONE',  ( -91.71334991538464010, -12.50000000000000355, 79.93324723028145229 ) ) ;
#398 = CARTESIAN_POINT ( 'NONE',  ( -85.81445233212180312, 12.49999999697950059, 72.39252010317299835 ) ) ;
#399 = ORIENTED_EDGE ( 'NONE', *, *, #1491, .T. ) ;
#400 = CARTESIAN_POINT ( 'NONE',  ( -85.61167883751379293, -12.50000000000000000, 72.07407628054519932 ) ) ;
#401 = CARTESIAN_POINT ( 'NONE',  ( -85.86570843799771069, 12.50000000000000000, 72.99033053384160041 ) ) ;
#402 = CARTESIAN_POINT ( 'NONE',  ( -42.46952866563250240, 12.50000000000000000, 57.68714780817529686 ) ) ;
#403 = CARTESIAN_POINT ( 'NONE',  ( -35.88409664567240043, -4.500000000000000000, 42.76672113027460398 ) ) ;
#404 = ADVANCED_FACE ( 'NONE', ( #3990 ), #4010, .F. ) ;
#405 = CARTESIAN_POINT ( 'NONE',  ( -36.81820243643609558, 4.500000000000000000, 44.33522978781780211 ) ) ;
#406 = CARTESIAN_POINT ( 'NONE',  ( -9.102407808213589746, 12.50000000000000000, 55.73131154972690382 ) ) ;
#407 = CARTESIAN_POINT ( 'NONE',  ( -8.980674216518156783, -10.92092911921582399, 61.00676340016801191 ) ) ;
#408 = CARTESIAN_POINT ( 'NONE',  ( -46.19504119800549802, 12.50000000000000000, 79.87529988345609411 ) ) ;
#409 = CARTESIAN_POINT ( 'NONE',  ( -12.18551600293686299, 12.34476181012479579, 59.05464332830850083 ) ) ;
#410 = CARTESIAN_POINT ( 'NONE',  ( -75.73449486698639532, -12.49999999999910116, 67.08493572167679986 ) ) ;
#411 = VECTOR ( 'NONE', #3096, 1000.000000000000000 ) ;
#412 = CARTESIAN_POINT ( 'NONE',  ( -85.18820671643530318, 12.49999999999869971, 75.11874885994230056 ) ) ;
#413 = CARTESIAN_POINT ( 'NONE',  ( -36.84933093686084504, 1.851119725859871057, 44.36720309480733704 ) ) ;
#414 = ORIENTED_EDGE ( 'NONE', *, *, #1154, .T. ) ;
#415 = CARTESIAN_POINT ( 'NONE',  ( -82.21935084974494146, 12.50000000000000000, 91.62936371476847341 ) ) ;
#416 = CIRCLE ( 'NONE', #2720, 7.000000000000000000 ) ;
#417 = EDGE_LOOP ( 'NONE', ( #435, #795, #2140, #655, #979, #2588, #1685, #455 ) ) ;
#418 = CARTESIAN_POINT ( 'NONE',  ( -29.27605529905660120, -12.49999999999949907, 47.36763251067319658 ) ) ;
#419 = CARTESIAN_POINT ( 'NONE',  ( -93.15621708159379466, -4.500000000000000000, 76.73135562444539914 ) ) ;
#420 = CARTESIAN_POINT ( 'NONE',  ( -85.87461864100188791, 12.49999999996800071, 72.63053772350839665 ) ) ;
#421 = ORIENTED_EDGE ( 'NONE', *, *, #3598, .F. ) ;
#422 = CARTESIAN_POINT ( 'NONE',  ( -75.13701385916759534, 12.50000000000000000, 87.33416173957358808 ) ) ;
#423 = CARTESIAN_POINT ( 'NONE',  ( -84.72468921284060173, -12.50000000000000000, 71.20884973127309081 ) ) ;
#424 = CARTESIAN_POINT ( 'NONE',  ( -93.59655248289190865, 4.500000000000000000, 70.47811447380679795 ) ) ;
#425 = CARTESIAN_POINT ( 'NONE',  ( -38.73177370691409749, 12.49999999993619859, 55.92806146928889888 ) ) ;
#426 = CARTESIAN_POINT ( 'NONE',  ( -35.63361911984100061, -12.50000000000000178, 42.14856517882738274 ) ) ;
#427 = CARTESIAN_POINT ( 'NONE',  ( -35.16480769159979758, 4.500000000000000000, 40.07500280831590089 ) ) ;
#428 = CARTESIAN_POINT ( 'NONE',  ( -6.484523581325490227, 4.500000000000000000, 63.36175080416150962 ) ) ;
#429 = CARTESIAN_POINT ( 'NONE',  ( -33.81888762865080622, -9.132659847255149899, 37.11725145387585911 ) ) ;
#430 = CARTESIAN_POINT ( 'NONE',  ( -76.66770896821441283, 12.50000000000000000, 88.75511555584049006 ) ) ;
#431 = CARTESIAN_POINT ( 'NONE',  ( -12.28266233337600788, 12.36346825334065969, 58.99588128822632171 ) ) ;
#432 = CARTESIAN_POINT ( 'NONE',  ( -67.12913660771801005, -12.49999999999949907, 64.69843116067420397 ) ) ;
#433 = CARTESIAN_POINT ( 'NONE',  ( -83.67681274751160458, 12.49999999997850075, 77.75240164239390595 ) ) ;
#434 = CARTESIAN_POINT ( 'NONE',  ( -37.45182644440417619, 1.382908000358016531, 45.11096427144426002 ) ) ;
#435 = ORIENTED_EDGE ( 'NONE', *, *, #1674, .F. ) ;
#436 = PLANE ( 'NONE',  #2916 ) ;
#437 = ORIENTED_EDGE ( 'NONE', *, *, #2895, .F. ) ;
#438 = CARTESIAN_POINT ( 'NONE',  ( -27.81763467564629977, -12.49999999999769962, 43.96484296981300588 ) ) ;
#439 = CARTESIAN_POINT ( 'NONE',  ( -85.70813242615619743, -12.50000000000000000, 73.75698874279160577 ) ) ;
#440 = CARTESIAN_POINT ( 'NONE',  ( -85.85355220494260209, 12.49999999940509987, 72.50008645137789642 ) ) ;
#441 = ORIENTED_EDGE ( 'NONE', *, *, #3817, .F. ) ;
#442 = CARTESIAN_POINT ( 'NONE',  ( -66.35960665739928288, 12.49999999999399947, 87.58288543092599809 ) ) ;
#443 = CARTESIAN_POINT ( 'NONE',  ( -91.93362522844276441, -12.50000000000000178, 67.16914774386066256 ) ) ;
#444 = CARTESIAN_POINT ( 'NONE',  ( -93.49214391346221475, 4.500000000000000000, 70.11163756926690382 ) ) ;
#445 = CARTESIAN_POINT ( 'NONE',  ( -36.97621310835580744, 12.50000000000000000, 54.92796843308100563 ) ) ;
#446 = CARTESIAN_POINT ( 'NONE',  ( -42.70133155454082896, -12.50000000000000355, 48.99940466056060728 ) ) ;
#447 = CARTESIAN_POINT ( 'NONE',  ( -35.19080396891288132, 12.50000000000000355, 38.07782910573161672 ) ) ;
#448 = CARTESIAN_POINT ( 'NONE',  ( -6.402605479466997096, 7.660790990192359651, 42.62770988758414603 ) ) ;
#449 = CARTESIAN_POINT ( 'NONE',  ( -34.71923548528469894, -7.355213534292361466, 37.58894768895031291 ) ) ;
#450 = CARTESIAN_POINT ( 'NONE',  ( -66.75507977202499887, 4.500000000000000000, 95.76004056879159521 ) ) ;
#451 = LINE ( 'NONE', #2930, #2320 ) ;
#452 = CARTESIAN_POINT ( 'NONE',  ( -83.38671047014449300, 12.49999999999820055, 78.17911466602960502 ) ) ;
#453 = CARTESIAN_POINT ( 'NONE',  ( -6.254883362840413241, -6.808064419954602542, 42.21679169671808296 ) ) ;
#454 = CARTESIAN_POINT ( 'NONE',  ( -27.60010301322046189, 1.347111479062088257E-16, 38.94940631231767725 ) ) ;
#455 = ORIENTED_EDGE ( 'NONE', *, *, #3817, .T. ) ;
#456 = CARTESIAN_POINT ( 'NONE',  ( -27.21692930468629967, 17.71000000000000085, 37.40766625019740133 ) ) ;
#457 = CARTESIAN_POINT ( 'NONE',  ( -6.837932202572919671, 4.637480159892989562, 37.96297153071279951 ) ) ;
#458 = CARTESIAN_POINT ( 'NONE',  ( -74.35214781609948886, 12.36247779999717267, 90.06377421229856850 ) ) ;
#459 = CARTESIAN_POINT ( 'NONE',  ( -28.05467516412209861, -12.49999999999939959, 44.69183312041550238 ) ) ;
#460 = ADVANCED_FACE ( 'NONE', ( #869, #1741 ), #2755, .T. ) ;
#461 = CARTESIAN_POINT ( 'NONE',  ( -90.34718800800290239, -4.500000000000000000, 82.17740357845138988 ) ) ;
#462 = CARTESIAN_POINT ( 'NONE',  ( -85.79257801170399489, 12.49999999830899888, 72.34839764690489972 ) ) ;
#463 = VERTEX_POINT ( 'NONE', #497 ) ;
#464 = CARTESIAN_POINT ( 'NONE',  ( -82.45042547237710551, -12.49999999999559996, 69.76702105435900592 ) ) ;
#465 = CARTESIAN_POINT ( 'NONE',  ( -49.36297038996050190, 12.49999999996540012, 81.76018955924548948 ) ) ;
#466 = CARTESIAN_POINT ( 'NONE',  ( -92.75821396567900479, -4.500000000000000000, 68.40898316467320228 ) ) ;
#467 = CARTESIAN_POINT ( 'NONE',  ( -85.61177178440929936, 12.50000000000000000, 72.07419609853140230 ) ) ;
#468 = CARTESIAN_POINT ( 'NONE',  ( -54.06619489937050105, 12.49999999999080025, 61.45966268368459851 ) ) ;
#469 = CARTESIAN_POINT ( 'NONE',  ( -36.81802729381229966, -4.500000000000000000, 44.33499023258099925 ) ) ;
#470 = CARTESIAN_POINT ( 'NONE',  ( -35.46978737058429942, 12.50000000000000355, 41.64239966089220246 ) ) ;
#471 = CARTESIAN_POINT ( 'NONE',  ( -35.20000000000000284, -4.600780098470020008, 37.99473495984909732 ) ) ;
#472 = CARTESIAN_POINT ( 'NONE',  ( -45.71062514640230035, 4.500000000000000000, 88.98532892137319550 ) ) ;
#473 = CARTESIAN_POINT ( 'NONE',  ( -75.70407727022222844, -10.44171285737974841, 94.06448320463373136 ) ) ;
#474 = CARTESIAN_POINT ( 'NONE',  ( -76.18461942447420654, -12.50000000000000000, 86.33376858471790172 ) ) ;
#475 = CARTESIAN_POINT ( 'NONE',  ( -6.484523581325493780, -12.50000000000000355, 63.36175080416149541 ) ) ;
#476 = CARTESIAN_POINT ( 'NONE',  ( -84.57572658499010743, 12.50000000000020073, 76.30368779651628586 ) ) ;
#477 = CARTESIAN_POINT ( 'NONE',  ( -22.93621575722229977, -4.636448114651590124, 37.97702560812889772 ) ) ;
#478 = CARTESIAN_POINT ( 'NONE',  ( -38.39077984394089782, -12.50000000000000000, 74.27863890337860653 ) ) ;
#479 = ORIENTED_EDGE ( 'NONE', *, *, #1019, .T. ) ;
#480 = CARTESIAN_POINT ( 'NONE',  ( -34.40854006436540402, -8.179729648874857872, 38.00539841999069779 ) ) ;
#481 = CARTESIAN_POINT ( 'NONE',  ( -74.95894814759010671, -12.50000000000000000, 88.63251261861699959 ) ) ;
#482 = CARTESIAN_POINT ( 'NONE',  ( -74.86330774145844202, 11.93840149666408834, 91.57744175671911080 ) ) ;
#483 = CARTESIAN_POINT ( 'NONE',  ( -27.13319788618310113, -12.49999999999979927, 38.67729713584910201 ) ) ;
#484 = VECTOR ( 'NONE', #282, 1000.000000000000000 ) ;
#485 = CARTESIAN_POINT ( 'NONE',  ( -85.30719267429789454, 12.50000000000620126, 71.73021449989380471 ) ) ;
#486 = ORIENTED_EDGE ( 'NONE', *, *, #846, .T. ) ;
#487 =( GEOMETRIC_REPRESENTATION_CONTEXT ( 3 ) GLOBAL_UNCERTAINTY_ASSIGNED_CONTEXT ( ( #1625 ) ) GLOBAL_UNIT_ASSIGNED_CONTEXT ( ( #2428, #906, #925 ) ) REPRESENTATION_CONTEXT ( 'NONE', 'WORKASPACE' ) );
#488 = EDGE_CURVE ( 'NONE', #3055, #748, #1125, .T. ) ;
#489 = CARTESIAN_POINT ( 'NONE',  ( -58.00813889075689644, 12.49999999989899990, 85.55713519041330528 ) ) ;
#490 = CARTESIAN_POINT ( 'NONE',  ( -92.59482653710219324, -12.50000000000000355, 68.12982605164351924 ) ) ;
#491 = CARTESIAN_POINT ( 'NONE',  ( -85.77693032417809604, 12.50000000000000000, 72.31943468554528920 ) ) ;
#492 = CARTESIAN_POINT ( 'NONE',  ( -38.11170440637480539, 12.50000000001350031, 55.59389692352969803 ) ) ;
#493 = CYLINDRICAL_SURFACE ( 'NONE', #1869, 1.099999999999999645 ) ;
#494 = CARTESIAN_POINT ( 'NONE',  ( -28.12070362577090066, -12.50000000000000000, 44.91844261608799371 ) ) ;
#495 = CARTESIAN_POINT ( 'NONE',  ( -35.16442276239908438, 12.50000000000000178, 38.33603208809439877 ) ) ;
#496 = CARTESIAN_POINT ( 'NONE',  ( -35.06455296639582286, -6.056136824498253191, 37.84951572069976322 ) ) ;
#497 = CARTESIAN_POINT ( 'NONE',  ( -5.754360825795039602, -4.500000000000000000, 63.00000036993740338 ) ) ;
#498 = CARTESIAN_POINT ( 'NONE',  ( -74.73531609163654821, -12.07766003392878851, 91.19925717019249589 ) ) ;
#499 = DIRECTION ( 'NONE',  ( 0.9510565162951517548, 0.000000000000000000, -0.3090169943749529469 ) ) ;
#500 = CARTESIAN_POINT ( 'NONE',  ( -85.38190355978329649, 12.49999999998540012, 74.67608217171598994 ) ) ;
#501 = CARTESIAN_POINT ( 'NONE',  ( -5.933657212607069908, -5.250855148096330360, 38.00000000001210054 ) ) ;
#502 = CARTESIAN_POINT ( 'NONE',  ( -21.35041389754429630, -12.49999999817840113, 62.43588849982770483 ) ) ;
#503 = CARTESIAN_POINT ( 'NONE',  ( -28.62865034437539791, -12.65000000000000036, 37.07691507342550352 ) ) ;
#504 = CARTESIAN_POINT ( 'NONE',  ( -5.768217013651376845, 5.994465000020737122, 41.73461585520272621 ) ) ;
#505 = CARTESIAN_POINT ( 'NONE',  ( -84.92423619982199057, -12.49999999999830003, 71.37614734384300164 ) ) ;
#506 = CARTESIAN_POINT ( 'NONE',  ( -27.18523651191850377, -12.50000000000000000, 37.75272409049230049 ) ) ;
#507 = CARTESIAN_POINT ( 'NONE',  ( -85.87915464942419419, 12.49999999978779996, 72.76153920700910760 ) ) ;
#508 = ORIENTED_EDGE ( 'NONE', *, *, #582, .F. ) ;
#509 = CARTESIAN_POINT ( 'NONE',  ( -35.29301578393560135, 12.50000000000000000, 71.96150311443480518 ) ) ;
#510 = CARTESIAN_POINT ( 'NONE',  ( -90.34710861666930271, 4.500000000000000000, 82.17752216006209665 ) ) ;
#511 = CARTESIAN_POINT ( 'NONE',  ( -79.72321038598180110, 12.49999999999719869, 68.51391443982200258 ) ) ;
#512 = CARTESIAN_POINT ( 'NONE',  ( -76.77901451020029810, 12.50000000000000178, 59.02655651571847528 ) ) ;
#513 = CARTESIAN_POINT ( 'NONE',  ( -35.17058668226794538, -5.244403354238637682, 37.95489822082775078 ) ) ;
#514 = CARTESIAN_POINT ( 'NONE',  ( -35.17903359454439283, 5.235586851029825795, 37.95796063394251973 ) ) ;
#515 = ADVANCED_FACE ( 'NONE', ( #4028 ), #2152, .T. ) ;
#516 = CARTESIAN_POINT ( 'NONE',  ( -76.52001478107676746, -6.639939433039244499, 96.47476496910614685 ) ) ;
#517 = CARTESIAN_POINT ( 'NONE',  ( -80.02458864651040926, -12.49999999999119993, 82.36674055717999465 ) ) ;
#518 = CARTESIAN_POINT ( 'NONE',  ( -25.77545918820650073, -12.50000000000000000, 65.20921432103600068 ) ) ;
#519 = CARTESIAN_POINT ( 'NONE',  ( -6.398934262654453420, -6.311739738660807397, 41.93133193793772051 ) ) ;
#520 = CARTESIAN_POINT ( 'NONE',  ( -34.70159361927739639, -12.50000000000000000, 71.52203164829170134 ) ) ;
#521 = CARTESIAN_POINT ( 'NONE',  ( -33.76736980755939754, -9.207352096674959796, 38.00539841999069779 ) ) ;
#522 = APPLICATION_CONTEXT ( 'automotive_design' ) ;
#523 = CARTESIAN_POINT ( 'NONE',  ( -76.82449030453960859, -4.500000000000000000, 96.78089598168109831 ) ) ;
#524 = CARTESIAN_POINT ( 'NONE',  ( -85.65055441853058937, -12.49999999972190068, 72.12600295064659406 ) ) ;
#525 = CARTESIAN_POINT ( 'NONE',  ( -74.84033372696224262, 11.96424216700170362, 91.50947803293658467 ) ) ;
#526 = CARTESIAN_POINT ( 'NONE',  ( -28.06707127486680164, -12.49999999999949907, 44.72702060475419472 ) ) ;
#527 = CARTESIAN_POINT ( 'NONE',  ( -85.58994328105440275, 12.49999999993759836, 74.12849189280700557 ) ) ;
#528 = VERTEX_POINT ( 'NONE', #2385 ) ;
#529 = CARTESIAN_POINT ( 'NONE',  ( -45.66696040711129712, 12.49999999995450040, 79.49462992906499892 ) ) ;
#530 = CARTESIAN_POINT ( 'NONE',  ( -93.51714492396790490, 4.500000000000000000, 75.52690239030191321 ) ) ;
#531 = CARTESIAN_POINT ( 'NONE',  ( -79.77091576802419581, 12.49999999999760014, 68.53336979823319552 ) ) ;
#532 = CARTESIAN_POINT ( 'NONE',  ( -41.73637338733239233, -4.632813184691680242, 36.81611053888170204 ) ) ;
#533 = CARTESIAN_POINT ( 'NONE',  ( -44.60219818231461630, 12.50000000000000355, 49.92467342641393202 ) ) ;
#534 = CARTESIAN_POINT ( 'NONE',  ( -5.754360833654099672, -4.500000000000000000, 63.00000000000000000 ) ) ;
#535 = CARTESIAN_POINT ( 'NONE',  ( -35.03556146096970991, 6.212721812993753367, 37.82218539334832741 ) ) ;
#536 = ORIENTED_EDGE ( 'NONE', *, *, #3401, .T. ) ;
#537 = CARTESIAN_POINT ( 'NONE',  ( -6.906227095135629490, -5.058729145404710970, 39.27667298453908273 ) ) ;
#538 = FACE_OUTER_BOUND ( 'NONE', #2334, .T. ) ;
#539 = EDGE_CURVE ( 'NONE', #2378, #1857, #2122, .T. ) ;
#540 = PRESENTATION_STYLE_ASSIGNMENT (( #3439 ) ) ;
#541 = CARTESIAN_POINT ( 'NONE',  ( -14.29004560895420006, -12.50000000000000000, 58.39390330789299810 ) ) ;
#542 = CARTESIAN_POINT ( 'NONE',  ( -5.814079316033826217, -5.485865569588618484, 62.96282208253072099 ) ) ;
#543 = CARTESIAN_POINT ( 'NONE',  ( -75.18266989832271463, -12.50000000000000711, 96.67192862445232038 ) ) ;
#544 = CARTESIAN_POINT ( 'NONE',  ( -85.75170915600411092, -12.49999999984749977, 72.27662149241149336 ) ) ;
#545 = CARTESIAN_POINT ( 'NONE',  ( -35.19636783909859901, 5.018449947505960296, 37.10029354652129996 ) ) ;
#546 = LINE ( 'NONE', #4019, #1666 ) ;
#547 = CARTESIAN_POINT ( 'NONE',  ( -28.99070906258040026, 4.500000000000000000, 77.23309812428699672 ) ) ;
#548 = CARTESIAN_POINT ( 'NONE',  ( -85.84378654991590452, 12.49999999999469935, 73.15333141334909328 ) ) ;
#549 = CARTESIAN_POINT ( 'NONE',  ( -84.81752341901859893, -12.49999999999000089, 71.28629249701121751 ) ) ;
#550 = ORIENTED_EDGE ( 'NONE', *, *, #2752, .F. ) ;
#551 = CARTESIAN_POINT ( 'NONE',  ( -44.85643576841199831, 12.50000000000710010, 78.95775789674229372 ) ) ;
#552 = CARTESIAN_POINT ( 'NONE',  ( -76.30914963337539803, 12.50000000000030020, 67.27070912379360834 ) ) ;
#553 = VECTOR ( 'NONE', #3996, 1000.000000000000114 ) ;
#554 = DIRECTION ( 'NONE',  ( 0.3090169943749529469, 0.000000000000000000, 0.9510565162951518658 ) ) ;
#555 = CARTESIAN_POINT ( 'NONE',  ( -78.41259824063030237, -4.500000000000000000, 59.53662206973299220 ) ) ;
#556 = CARTESIAN_POINT ( 'NONE',  ( -56.27221274758019121, 12.50000000000000000, 62.03783116616330062 ) ) ;
#557 = CARTESIAN_POINT ( 'NONE',  ( -27.54736806549009742, 12.49999999999639932, 42.95114010086140155 ) ) ;
#558 = CARTESIAN_POINT ( 'NONE',  ( -34.59902370670994287, 7.672651649577268529, 37.50956034311740694 ) ) ;
#559 = VERTEX_POINT ( 'NONE', #3796 ) ;
#560 = CARTESIAN_POINT ( 'NONE',  ( -6.124278646169815765, 6.904553497167363219, 40.47488147311879203 ) ) ;
#561 = CARTESIAN_POINT ( 'NONE',  ( -29.79861358217550205, -12.50000000000000000, 67.94982269997019841 ) ) ;
#562 = CARTESIAN_POINT ( 'NONE',  ( -25.52750939320410239, 12.50000000000000000, 37.79688962485400339 ) ) ;
#563 = CARTESIAN_POINT ( 'NONE',  ( -16.77387345285750087, -12.50000000000350120, 59.75639647531129839 ) ) ;
#564 = CARTESIAN_POINT ( 'NONE',  ( -9.422857827380884288, 11.22607234818463695, 60.73582010052749069 ) ) ;
#565 = CARTESIAN_POINT ( 'NONE',  ( -85.21389170133269886, -12.49999999999960032, 71.63860835065300137 ) ) ;
#566 = CARTESIAN_POINT ( 'NONE',  ( -75.76141075361047683, 10.28324313078898378, 94.23395415944948184 ) ) ;
#567 = CARTESIAN_POINT ( 'NONE',  ( -85.87829347622719922, 12.49999999978640020, 72.69607053726009838 ) ) ;
#568 = VERTEX_POINT ( 'NONE', #2500 ) ;
#569 =( BOUNDED_CURVE ( )  B_SPLINE_CURVE ( 3, ( #1560, #2801, #4068, #1639 ),
 .UNSPECIFIED., .F., .T. ) 
 B_SPLINE_CURVE_WITH_KNOTS ( ( 4, 4 ),
 ( 3.141592653589793116, 6.283185307179586232 ),
 .UNSPECIFIED. ) 
 CURVE ( )  GEOMETRIC_REPRESENTATION_ITEM ( )  RATIONAL_B_SPLINE_CURVE ( ( 1.000000000000000000, 0.3333333333333333703, 0.3333333333333333703, 1.000000000000000000 ) ) 
 REPRESENTATION_ITEM ( '' )  );
#570 = CARTESIAN_POINT ( 'NONE',  ( -16.77387345285750087, 12.50000000000350120, 59.75639647531129839 ) ) ;
#571 = CARTESIAN_POINT ( 'NONE',  ( -67.12913660762770007, 12.49999999999949907, 64.69843116103589864 ) ) ;
#572 = CARTESIAN_POINT ( 'NONE',  ( -75.16280688843248470, -12.50000000000000178, 58.55137088576230298 ) ) ;
#573 = CARTESIAN_POINT ( 'NONE',  ( -64.22676545792620573, 4.500000000000000000, 55.75210129654110602 ) ) ;
#574 = CARTESIAN_POINT ( 'NONE',  ( -27.18970683017840173, 12.49999999999949907, 40.68859511890410374 ) ) ;
#575 = VERTEX_POINT ( 'NONE', #965 ) ;
#576 = CARTESIAN_POINT ( 'NONE',  ( -83.69256620163569949, -12.49999999997660005, 77.72880448927170960 ) ) ;
#577 = CARTESIAN_POINT ( 'NONE',  ( -27.21692930468629967, -4.632813184691689123, 37.40766625019740133 ) ) ;
#578 = CARTESIAN_POINT ( 'NONE',  ( -6.351005824409017286, 6.726035052601271325, 42.06687147357236256 ) ) ;
#579 = CARTESIAN_POINT ( 'NONE',  ( -6.354926567176295116, 7.542574196964626942, 62.62681631991478781 ) ) ;
#580 = CARTESIAN_POINT ( 'NONE',  ( -70.34950578376509611, -12.50000000000000000, 88.16697573659330089 ) ) ;
#581 = CARTESIAN_POINT ( 'NONE',  ( -34.99595649741959846, 6.430228803627429990, 37.10029354652129996 ) ) ;
#582 = EDGE_CURVE ( 'NONE', #1020, #3636, #3120, .T. ) ;
#583 = CARTESIAN_POINT ( 'NONE',  ( -27.07536623924810115, -4.632813184691680242, 37.96583844403239993 ) ) ;
#584 = B_SPLINE_CURVE_WITH_KNOTS ( 'NONE', 3,
 ( #2660, #2091, #912, #7, #1209, #2146 ),
 .UNSPECIFIED., .F., .F.,
 ( 4, 2, 4 ),
 ( 5.231358721768939983E-06, 0.4632865498278899707, 0.9265678682970590607 ),
 .UNSPECIFIED. ) ;
#585 = CARTESIAN_POINT ( 'NONE',  ( -61.72767777783479914, 12.49999999999850075, 63.37809356029160313 ) ) ;
#586 = CARTESIAN_POINT ( 'NONE',  ( -61.90280957217572677, -12.50000000000000355, 94.87321032430034506 ) ) ;
#587 = CARTESIAN_POINT ( 'NONE',  ( -78.65840146858269577, -12.50000000000000000, 68.09218970634090340 ) ) ;
#588 = CARTESIAN_POINT ( 'NONE',  ( -27.35883966472080076, 12.50000000000000000, 42.00790478905840075 ) ) ;
#589 = ORIENTED_EDGE ( 'NONE', *, *, #3086, .T. ) ;
#590 = DIRECTION ( 'NONE',  ( 0.000000000000000000, 0.000000000000000000, 1.000000000000000000 ) ) ;
#591 = CARTESIAN_POINT ( 'NONE',  ( -83.38675062840680141, -12.49999999999809930, 78.17905646041440093 ) ) ;
#592 = CARTESIAN_POINT ( 'NONE',  ( -19.58300636457869714, -12.50000000000000000, 61.36813548683100095 ) ) ;
#593 = CARTESIAN_POINT ( 'NONE',  ( -38.16767357739345101, -3.469446951953607878E-15, 45.85284346993490345 ) ) ;
#594 = CARTESIAN_POINT ( 'NONE',  ( -6.336281480504280417, 7.361002939999190531, 42.43949801804613031 ) ) ;
#595 = CARTESIAN_POINT ( 'NONE',  ( -7.193100834683105127, -9.077330127913887381, 62.10769473151675868 ) ) ;
#596 = CARTESIAN_POINT ( 'NONE',  ( -5.991236026670279102, 6.451558451001848660, 62.85269223176158704 ) ) ;
#597 = CARTESIAN_POINT ( 'NONE',  ( -76.38746423877618952, 7.701813019291869900, 96.08356494407526327 ) ) ;
#598 = CARTESIAN_POINT ( 'NONE',  ( -92.77500130020121105, 12.50000000000000711, 77.74300317553345963 ) ) ;
#599 = CARTESIAN_POINT ( 'NONE',  ( -85.87383009598988792, -12.49999999996819966, 72.89218215713690086 ) ) ;
#600 = CARTESIAN_POINT ( 'NONE',  ( -7.148308108128790472, 6.000003477258699647, 41.75000000000000000 ) ) ;
#601 = CARTESIAN_POINT ( 'NONE',  ( -93.14271384225193628, -12.50000000000000355, 69.17096739491705648 ) ) ;
#602 = CARTESIAN_POINT ( 'NONE',  ( -83.63888461973959920, 12.49999999999719869, 70.44784135702879269 ) ) ;
#603 = EDGE_CURVE ( 'NONE', #1204, #463, #2803, .T. ) ;
#604 = CIRCLE ( 'NONE', #1084, 7.000000000000000000 ) ;
#605 = CARTESIAN_POINT ( 'NONE',  ( -82.81479896981500133, -12.50000000000000000, 69.96234126051399471 ) ) ;
#606 = CARTESIAN_POINT ( 'NONE',  ( -82.35680083597459600, 12.50000000000000000, 69.71490311909960269 ) ) ;
#607 = VECTOR ( 'NONE', #2350, 1000.000000000000000 ) ;
#608 = CARTESIAN_POINT ( 'NONE',  ( -27.20586812601949944, 12.49999999999939959, 40.85369362442170171 ) ) ;
#609 = CARTESIAN_POINT ( 'NONE',  ( -34.50147179094894057, 7.902676559614799423, 37.45017295092922893 ) ) ;
#610 = CARTESIAN_POINT ( 'NONE',  ( -84.88452925338550870, -12.49999999998649969, 75.73552288627719520 ) ) ;
#611 = CARTESIAN_POINT ( 'NONE',  ( -63.18628943681049748, 12.49999999999859845, 86.95465252811408163 ) ) ;
#612 = CARTESIAN_POINT ( 'NONE',  ( -35.24261575178530137, -4.500000000000000000, 37.64943721102959984 ) ) ;
#613 = DIRECTION ( 'NONE',  ( 0.000000000000000000, 0.3090169943749430104, -0.9510565162951549745 ) ) ;
#614 = CARTESIAN_POINT ( 'NONE',  ( -9.517569854331515700, 11.28598402783591581, 60.67784011515870191 ) ) ;
#615 = CARTESIAN_POINT ( 'NONE',  ( -32.72036477483372607, 10.40936243088385460, 36.79938637549072666 ) ) ;
#616 = CARTESIAN_POINT ( 'NONE',  ( -85.76698074594102650, -12.50000000000000178, 87.95542359466355720 ) ) ;
#617 = CARTESIAN_POINT ( 'NONE',  ( -76.38309444152623939, 7.730495763986078295, 96.07066556290237713 ) ) ;
#618 = CARTESIAN_POINT ( 'NONE',  ( -89.22722655255691393, 4.500000000000000000, 83.76338982225189511 ) ) ;
#619 = CARTESIAN_POINT ( 'NONE',  ( -85.80201593042929176, -12.49999999999490008, 73.37816643321529853 ) ) ;
#620 = CARTESIAN_POINT ( 'NONE',  ( -7.102964094292260278, 6.003245335939100258, 41.74999999999769784 ) ) ;
#621 = CARTESIAN_POINT ( 'NONE',  ( -93.76300610641520450, -12.50000000000000000, 71.25439561473864103 ) ) ;
#622 = CARTESIAN_POINT ( 'NONE',  ( -84.81760424722709502, 12.49999999999000089, 71.28635960435229890 ) ) ;
#623 = CARTESIAN_POINT ( 'NONE',  ( -89.72032177685348131, 12.50000000000000178, 64.95815814671276200 ) ) ;
#624 = CARTESIAN_POINT ( 'NONE',  ( -29.23852532655679681, 12.49999999999910116, 47.30118826864329407 ) ) ;
#625 = CARTESIAN_POINT ( 'NONE',  ( -85.11013093627860826, -12.49999999999110045, 75.28404419155619109 ) ) ;
#626 = CARTESIAN_POINT ( 'NONE',  ( -63.49805009158640701, 12.49999999999749889, 87.02293350442450048 ) ) ;
#627 = EDGE_CURVE ( 'NONE', #1375, #463, #2156, .T. ) ;
#628 = CARTESIAN_POINT ( 'NONE',  ( -35.26547376007290069, 4.500000000000000000, 37.46140691432790248 ) ) ;
#629 = CARTESIAN_POINT ( 'NONE',  ( -6.328300624055139600, 7.311292772670897833, 42.40878342510460897 ) ) ;
#630 = CARTESIAN_POINT ( 'NONE',  ( -11.64424365949047058, -12.21768405403208568, 59.38228420849876699 ) ) ;
#631 = CARTESIAN_POINT ( 'NONE',  ( -47.23418766652999778, -12.49999999999830003, 59.44893644566040081 ) ) ;
#632 = CARTESIAN_POINT ( 'NONE',  ( -35.18779826572582436, 1.015246914315428573E-12, 40.25818950220751447 ) ) ;
#633 = CARTESIAN_POINT ( 'NONE',  ( -65.25945094569229354, -12.49999999999880096, 87.37944494715981136 ) ) ;
#634 = CARTESIAN_POINT ( 'NONE',  ( -75.51203065887320065, -12.50000000000000000, 86.98309535529969594 ) ) ;
#635 = CARTESIAN_POINT ( 'NONE',  ( -91.71326448025415345, 12.50000000000000355, 79.93340247662870013 ) ) ;
#636 = CARTESIAN_POINT ( 'NONE',  ( -85.87883250279809033, -12.49999999975640108, 72.71231792405160377 ) ) ;
#637 = CARTESIAN_POINT ( 'NONE',  ( -31.42007673527270128, -12.50000000000500044, 50.37052434608619222 ) ) ;
#638 = CARTESIAN_POINT ( 'NONE',  ( -79.96458165775180760, 12.49999999999969980, 68.61235122832270861 ) ) ;
#639 = CARTESIAN_POINT ( 'NONE',  ( -83.15480612124021320, -12.50000000000000000, 70.15470487077558914 ) ) ;
#640 = CARTESIAN_POINT ( 'NONE',  ( -90.76587805657290176, 12.50000000000000178, 65.87504743848997180 ) ) ;
#641 = CARTESIAN_POINT ( 'NONE',  ( -28.05174817256319741, 12.49999999999939959, 44.68352458948079686 ) ) ;
#642 = FACE_OUTER_BOUND ( 'NONE', #2030, .T. ) ;
#643 = CARTESIAN_POINT ( 'NONE',  ( -85.33205405214440020, -12.50000000000240163, 74.79652333040139922 ) ) ;
#644 = CARTESIAN_POINT ( 'NONE',  ( -63.20563795538709684, 12.49999999999859845, 86.95894067117069426 ) ) ;
#645 = CARTESIAN_POINT ( 'NONE',  ( -35.17279350917988978, -12.50000000000000178, 38.24712338958588020 ) ) ;
#646 = CARTESIAN_POINT ( 'NONE',  ( -35.20000000000000284, 4.584017624248720502, 37.99648518517639673 ) ) ;
#647 = CARTESIAN_POINT ( 'NONE',  ( -6.610308517230988556, 6.232237976225793119, 41.81344692745649638 ) ) ;
#648 = CARTESIAN_POINT ( 'NONE',  ( -47.24990069257849967, -12.49999999999839950, 59.45412911316170579 ) ) ;
#649 = CARTESIAN_POINT ( 'NONE',  ( -25.52750939320410239, -12.50000000000000000, 37.79688962485400339 ) ) ;
#650 = EDGE_CURVE ( 'NONE', #3636, #1020, #1149, .T. ) ;
#651 = CARTESIAN_POINT ( 'NONE',  ( -33.68760712050652728, 9.322325605893368561, 37.06220384281903790 ) ) ;
#652 = CARTESIAN_POINT ( 'NONE',  ( -69.97698621851839107, -12.50000000000000000, 65.42800144508780136 ) ) ;
#653 = CARTESIAN_POINT ( 'NONE',  ( -76.42127459669795542, -12.50000000000009948, 96.94021267767476502 ) ) ;
#654 = CARTESIAN_POINT ( 'NONE',  ( -76.61209963041956428, 12.50000000000000178, 96.77448253426805991 ) ) ;
#655 = ORIENTED_EDGE ( 'NONE', *, *, #1877, .T. ) ;
#656 = CARTESIAN_POINT ( 'NONE',  ( -85.86403634581550648, -12.49999999992309974, 72.54843666978059957 ) ) ;
#657 = CARTESIAN_POINT ( 'NONE',  ( -35.89092665542369787, -12.49999999997760014, 54.23082715456519765 ) ) ;
#658 = CARTESIAN_POINT ( 'NONE',  ( -53.40971694110280055, -12.49999999732429856, 83.79768380621290191 ) ) ;
#659 = CARTESIAN_POINT ( 'NONE',  ( -93.85666739431879080, -12.50000000000000355, 73.45495110017094476 ) ) ;
#660 = CARTESIAN_POINT ( 'NONE',  ( -85.07106102421070659, 12.49999999999880096, 71.50523935213519167 ) ) ;
#661 = CARTESIAN_POINT ( 'NONE',  ( -91.71252010744849770, 4.500000000000000000, 66.89406985751999457 ) ) ;
#662 = CARTESIAN_POINT ( 'NONE',  ( -29.86493925799129912, 12.49999999999629985, 48.33140364520020427 ) ) ;
#663 = CARTESIAN_POINT ( 'NONE',  ( -35.20357824171019701, -4.500000000000000000, 37.97057365723010491 ) ) ;
#664 = CARTESIAN_POINT ( 'NONE',  ( -35.19776322612930386, 4.500000000000000000, 38.01849520414729966 ) ) ;
#665 = CARTESIAN_POINT ( 'NONE',  ( -5.340177779904602851, 12.50000000000000178, 62.79599731245212979 ) ) ;
#666 = CARTESIAN_POINT ( 'NONE',  ( -9.475356131359758294, -11.25948273192937243, 60.70370954885544990 ) ) ;
#667 = CARTESIAN_POINT ( 'NONE',  ( -38.73150341269030150, -12.49999999993619859, 55.92791842142590042 ) ) ;
#668 = VECTOR ( 'NONE', #4054, 1000.000000000000000 ) ;
#669 = CARTESIAN_POINT ( 'NONE',  ( -10.53407244095404671, 11.82350522094146328, 60.05725962345250935 ) ) ;
#670 = CARTESIAN_POINT ( 'NONE',  ( -64.64692255291778622, -12.50000000000000000, 64.08619642147080242 ) ) ;
#671 = CARTESIAN_POINT ( 'NONE',  ( -55.44508289166880388, -12.49999999998929923, 84.65025388786339988 ) ) ;
#672 = CARTESIAN_POINT ( 'NONE',  ( -76.81940859600631200, -4.500000000000000000, 96.59422643820589371 ) ) ;
#673 = PLANE ( 'NONE',  #1348 ) ;
#674 = CARTESIAN_POINT ( 'NONE',  ( -25.52750939320410239, 4.632813184691689123, 37.79688962485400339 ) ) ;
#675 = CARTESIAN_POINT ( 'NONE',  ( -78.80310739423138955, 4.500000000000000000, 94.83594451118921143 ) ) ;
#676 = EDGE_LOOP ( 'NONE', ( #2032, #3906, #3394, #1396, #2551, #721 ) ) ;
#677 = CARTESIAN_POINT ( 'NONE',  ( -85.83706573402430706, -12.49999999999620037, 73.19404244963020290 ) ) ;
#678 = CARTESIAN_POINT ( 'NONE',  ( -29.65529161368480260, -12.49999999999629985, 48.00316079501439503 ) ) ;
#679 = CARTESIAN_POINT ( 'NONE',  ( -84.20660118636749303, 12.49999999999320011, 70.82367369670629387 ) ) ;
#680 = B_SPLINE_CURVE_WITH_KNOTS ( 'NONE', 3,
 ( #3087, #254, #1547, #1529 ),
 .UNSPECIFIED., .F., .F.,
 ( 4, 4 ),
 ( 0.000000000000000000, 1.000000000000000000 ),
 .UNSPECIFIED. ) ;
#681 = VERTEX_POINT ( 'NONE', #3493 ) ;
#682 = CARTESIAN_POINT ( 'NONE',  ( -80.58994349421230652, -12.49999999999960032, 68.87747788319370557 ) ) ;
#683 = CARTESIAN_POINT ( 'NONE',  ( -74.81222769408233830, 11.99506491859944113, 91.42638864120168307 ) ) ;
#684 = CARTESIAN_POINT ( 'NONE',  ( -83.82235159153900383, 12.50000000000000000, 70.56295660884499910 ) ) ;
#685 = CARTESIAN_POINT ( 'NONE',  ( -30.06361978439739602, 12.50000000000000000, 48.62536300702399927 ) ) ;
#686 = CARTESIAN_POINT ( 'NONE',  ( -35.18005533133419505, -4.500000000000000000, 38.17593349485979815 ) ) ;
#687 = CARTESIAN_POINT ( 'NONE',  ( -35.20348469009358894, 12.50000000000000178, 37.97134343662809641 ) ) ;
#688 = CARTESIAN_POINT ( 'NONE',  ( -8.965967427613890095, 12.50000000000000000, 55.66410199566929862 ) ) ;
#689 = CARTESIAN_POINT ( 'NONE',  ( -10.38412239268850890, -11.75660549516066666, 60.14846529585030765 ) ) ;
#690 = CARTESIAN_POINT ( 'NONE',  ( -41.82366869314719793, 4.500000000000000000, 86.57868704730600484 ) ) ;
#691 = CARTESIAN_POINT ( 'NONE',  ( -11.98981454324556140, 12.30319013431288333, 59.17315375506753838 ) ) ;
#692 = CARTESIAN_POINT ( 'NONE',  ( -29.71150434848559030, 12.12795787893259458, 36.87374211699984272 ) ) ;
#693 = CARTESIAN_POINT ( 'NONE',  ( -59.05956678693470252, -12.49999999999830003, 62.72797922111040947 ) ) ;
#694 = CARTESIAN_POINT ( 'NONE',  ( -58.48355072494440066, -12.49999999996120081, 85.70628220418639387 ) ) ;
#695 = CARTESIAN_POINT ( 'NONE',  ( -79.81422995949480992, -4.500000000000000000, 93.91411186205921524 ) ) ;
#696 = CARTESIAN_POINT ( 'NONE',  ( -27.07536623924810115, -4.632813184691680242, 37.96583844403239993 ) ) ;
#697 = ORIENTED_EDGE ( 'NONE', *, *, #3709, .F. ) ;
#698 = CARTESIAN_POINT ( 'NONE',  ( -13.75436083365409878, -12.50000000000000000, 38.00000000000000000 ) ) ;
#699 = ORIENTED_EDGE ( 'NONE', *, *, #2793, .F. ) ;
#700 = CARTESIAN_POINT ( 'NONE',  ( -34.10923303013050401, -12.50000000000000000, 52.92245467426150185 ) ) ;
#701 = CARTESIAN_POINT ( 'NONE',  ( -93.51722772253290827, -4.500000000000000000, 75.52657587822770324 ) ) ;
#702 = CARTESIAN_POINT ( 'NONE',  ( -85.84182944147529781, 12.49999999785180016, 72.46064724029541537 ) ) ;
#703 = ORIENTED_EDGE ( 'NONE', *, *, #2219, .F. ) ;
#704 = CARTESIAN_POINT ( 'NONE',  ( -82.90435828747209257, -12.49999999999960032, 70.01331276221469579 ) ) ;
#705 = ADVANCED_FACE ( 'NONE', ( #642 ), #3092, .T. ) ;
#706 = CARTESIAN_POINT ( 'NONE',  ( -84.46729718858850333, -12.50000000000000000, 71.00923135853390988 ) ) ;
#707 = CARTESIAN_POINT ( 'NONE',  ( -85.75194693777199006, 12.50000000000000000, 72.27660855575030041 ) ) ;
#708 = CARTESIAN_POINT ( 'NONE',  ( -33.25140942828529944, 12.49999999987709920, 52.19978821831890059 ) ) ;
#709 = CARTESIAN_POINT ( 'NONE',  ( -33.37471201085070049, -12.50000000000000000, 52.33177314858379958 ) ) ;
#710 = CARTESIAN_POINT ( 'NONE',  ( -27.42189366095610126, 12.50000000000000000, 42.38365645221639255 ) ) ;
#711 = CARTESIAN_POINT ( 'NONE',  ( -8.675932472321042255, -10.68669734747659916, 61.19377075377379782 ) ) ;
#712 = CARTESIAN_POINT ( 'NONE',  ( -49.92999819192422706, 12.50000000000000355, 91.06763773861916889 ) ) ;
#713 = CARTESIAN_POINT ( 'NONE',  ( -10.22729013002577325, 11.68148769904739304, 60.24443734564013653 ) ) ;
#714 = CARTESIAN_POINT ( 'NONE',  ( -75.62546471429409678, -12.49999999999830003, 67.05017267755420107 ) ) ;
#715 = CARTESIAN_POINT ( 'NONE',  ( -6.139400620092049898, -4.500000000000000000, 63.19020160168699363 ) ) ;
#716 = CARTESIAN_POINT ( 'NONE',  ( -85.14956177443940533, 12.49999999999779909, 75.20161618335988862 ) ) ;
#717 = DIRECTION ( 'NONE',  ( 0.6691306063588619013, 0.000000000000000000, -0.7431448254773909134 ) ) ;
#718 = CARTESIAN_POINT ( 'NONE',  ( -35.23950872519663591, 1.178604224893697427, 40.62634011872466999 ) ) ;
#719 = ORIENTED_EDGE ( 'NONE', *, *, #1203, .F. ) ;
#720 = CARTESIAN_POINT ( 'NONE',  ( -5.754360833654099672, 12.50000000000000000, 63.00000000000000000 ) ) ;
#721 = ORIENTED_EDGE ( 'NONE', *, *, #2590, .F. ) ;
#722 = CARTESIAN_POINT ( 'NONE',  ( -32.50749986560379767, -12.49999999999939959, 51.51166312823499993 ) ) ;
#723 = CARTESIAN_POINT ( 'NONE',  ( -91.35307952266724385, -12.50000000000000178, 80.57247544905096959 ) ) ;
#724 = CARTESIAN_POINT ( 'NONE',  ( -85.86260919519129686, 12.49999999989600141, 72.54040645453730463 ) ) ;
#725 = ORIENTED_EDGE ( 'NONE', *, *, #301, .F. ) ;
#726 = CARTESIAN_POINT ( 'NONE',  ( -81.06646973701420222, -12.49999999998899902, 69.09067167939329579 ) ) ;
#727 = CARTESIAN_POINT ( 'NONE',  ( -76.40232641734759511, 12.50000000000000000, 86.12249485134830707 ) ) ;
#728 = CARTESIAN_POINT ( 'NONE',  ( -90.12189535053560974, -4.500000000000000000, 65.29236871109101514 ) ) ;
#729 = CARTESIAN_POINT ( 'NONE',  ( -85.85362675053511339, 12.50000000000000000, 72.50004819718679983 ) ) ;
#730 = CARTESIAN_POINT ( 'NONE',  ( -56.08514372065339870, 12.49999999988130028, 61.98366294752070615 ) ) ;
#731 = ADVANCED_FACE ( 'NONE', ( #1942 ), #3787, .T. ) ;
#732 = CARTESIAN_POINT ( 'NONE',  ( -44.28798815999540039, -12.50000000000000000, 58.43571520248410422 ) ) ;
#733 = CARTESIAN_POINT ( 'NONE',  ( -27.24960328839700097, 12.50000000000000000, 37.10855136778850039 ) ) ;
#734 = CARTESIAN_POINT ( 'NONE',  ( -6.139400620092041017, 12.50000000000000355, 63.19020160168703626 ) ) ;
#735 = CARTESIAN_POINT ( 'NONE',  ( -34.93880436862691141, -6.634914672391734491, 37.74502609711485235 ) ) ;
#736 = CARTESIAN_POINT ( 'NONE',  ( -58.32087341516860590, 4.500000000000000000, 94.00494608502590665 ) ) ;
#737 = ADVANCED_FACE ( 'NONE', ( #3522 ), #2478, .T. ) ;
#738 = ORIENTED_EDGE ( 'NONE', *, *, #2729, .T. ) ;
#739 = CARTESIAN_POINT ( 'NONE',  ( -31.45849728020193936, -11.35893929364743293, 36.69587897883165084 ) ) ;
#740 = FACE_OUTER_BOUND ( 'NONE', #1796, .T. ) ;
#741 = CARTESIAN_POINT ( 'NONE',  ( -62.99226235904630045, -12.49999999999930012, 63.68430471646439628 ) ) ;
#742 = VECTOR ( 'NONE', #2221, 999.9999999999998863 ) ;
#743 = CARTESIAN_POINT ( 'NONE',  ( -5.566537325233519518, -12.49999999999980282, 62.90749553042198272 ) ) ;
#744 = CARTESIAN_POINT ( 'NONE',  ( -85.33200168992419776, 12.50000000000240163, 74.79664568549770820 ) ) ;
#745 = CARTESIAN_POINT ( 'NONE',  ( -6.936103452357199828, -5.885098945269709780, 41.75000000000000000 ) ) ;
#746 = ORIENTED_EDGE ( 'NONE', *, *, #3401, .F. ) ;
#747 = CARTESIAN_POINT ( 'NONE',  ( -72.67138085625781230, 12.50000000000000000, 89.58798460190061519 ) ) ;
#748 = VERTEX_POINT ( 'NONE', #3465 ) ;
#749 = CARTESIAN_POINT ( 'NONE',  ( -93.77952745696350689, -4.500000000000000000, 74.18300151728669789 ) ) ;
#750 = CARTESIAN_POINT ( 'NONE',  ( -85.65058382899150047, 12.49999999972239983, 72.12604414762418514 ) ) ;
#751 = ORIENTED_EDGE ( 'NONE', *, *, #1703, .F. ) ;
#752 = CARTESIAN_POINT ( 'NONE',  ( -83.10707758978560378, -12.49999999999609912, 70.12871281942190649 ) ) ;
#753 = CARTESIAN_POINT ( 'NONE',  ( -67.95383818904009843, 12.49999999999880096, 87.83723864131891901 ) ) ;
#754 = CARTESIAN_POINT ( 'NONE',  ( -89.24256403125113479, -12.50000000000000355, 64.58838971484013314 ) ) ;
#755 = CARTESIAN_POINT ( 'NONE',  ( -93.62923863073859820, 4.500000000000000000, 75.04839897468248466 ) ) ;
#756 = CARTESIAN_POINT ( 'NONE',  ( -43.07990010261239888, 12.50000000000000000, 57.93603815282619962 ) ) ;
#757 = CARTESIAN_POINT ( 'NONE',  ( -27.58988493193649916, -12.50000000000000000, 43.15224142287849673 ) ) ;
#758 = CARTESIAN_POINT ( 'NONE',  ( -27.19572945582589796, 12.50000000000000000, 37.62735001896290044 ) ) ;
#759 = LINE ( 'NONE', #2970, #3725 ) ;
#760 = CARTESIAN_POINT ( 'NONE',  ( -33.98858422850076266, -8.871400386056905063, 37.19334476720380422 ) ) ;
#761 = CARTESIAN_POINT ( 'NONE',  ( -60.42081114708419420, 12.50000000000000000, 86.28399918835179960 ) ) ;
#762 = CARTESIAN_POINT ( 'NONE',  ( -33.78385544517439598, -9.183510742097839241, 37.10069069116089935 ) ) ;
#763 = EDGE_CURVE ( 'NONE', #2439, #988, #604, .T. ) ;
#764 = CARTESIAN_POINT ( 'NONE',  ( -81.89255289060331222, 12.49999999999899991, 80.16997924519810681 ) ) ;
#765 = CARTESIAN_POINT ( 'NONE',  ( -22.05706348064110145, -4.643912947079499531, 38.00000000000000000 ) ) ;
#766 = DIRECTION ( 'NONE',  ( 0.9510565162951517548, 0.000000000000000000, -0.3090169943749529469 ) ) ;
#767 = CARTESIAN_POINT ( 'NONE',  ( -29.55008042112150335, -12.65000000000000036, 36.90056670021530039 ) ) ;
#768 = ORIENTED_EDGE ( 'NONE', *, *, #763, .T. ) ;
#769 = CARTESIAN_POINT ( 'NONE',  ( -27.17600262814319834, -12.49999999999960032, 40.52313412566899586 ) ) ;
#770 = CARTESIAN_POINT ( 'NONE',  ( -83.69558467926459855, -12.50000000000000000, 77.73074793242419389 ) ) ;
#771 = CARTESIAN_POINT ( 'NONE',  ( -85.77674407050959360, 12.49999999917550042, 72.31950520181439401 ) ) ;
#772 = ORIENTED_EDGE ( 'NONE', *, *, #2986, .T. ) ;
#773 = CARTESIAN_POINT ( 'NONE',  ( -83.74904255501969885, -12.49999999999889866, 70.51784667662559514 ) ) ;
#774 = CARTESIAN_POINT ( 'NONE',  ( -51.69577428673940034, 12.49999999441019938, 82.99989255849500580 ) ) ;
#775 = CARTESIAN_POINT ( 'NONE',  ( -91.71218937788599135, -12.50000000000000355, 66.89367124962105038 ) ) ;
#776 = CARTESIAN_POINT ( 'NONE',  ( -85.71701917369489365, 12.50000000000000000, 72.22084677884259918 ) ) ;
#777 = CARTESIAN_POINT ( 'NONE',  ( -40.94785974753609992, 12.49999999998540012, 57.02125948828010138 ) ) ;
#778 = CARTESIAN_POINT ( 'NONE',  ( -36.49311562546989052, -12.50000000000000355, 43.85399417295089819 ) ) ;
#779 = CARTESIAN_POINT ( 'NONE',  ( -27.14303364356100090, 12.50000000000000000, 40.09117088910149818 ) ) ;
#780 = CARTESIAN_POINT ( 'NONE',  ( -35.16225462432209525, -5.338544885492541248, 37.94575515785659547 ) ) ;
#781 = CARTESIAN_POINT ( 'NONE',  ( -76.46157777004188461, -7.162528207125879121, 96.30255954872642121 ) ) ;
#782 = CARTESIAN_POINT ( 'NONE',  ( -6.215355927659730995, 7.178986267492894591, 41.14225815419371202 ) ) ;
#783 = CARTESIAN_POINT ( 'NONE',  ( -9.826520708186874842, -12.50000000000000355, 65.07717324070627285 ) ) ;
#784 = CARTESIAN_POINT ( 'NONE',  ( -81.87110285189089609, 12.49999999999910116, 80.19673508809479756 ) ) ;
#785 = CARTESIAN_POINT ( 'NONE',  ( -5.993222840593490197, -5.131266956420629910, 38.00000000000000000 ) ) ;
#786 = CARTESIAN_POINT ( 'NONE',  ( -35.21194406196332949, 0.8694948669645848893, 40.44644864558117092 ) ) ;
#787 = VERTEX_POINT ( 'NONE', #977 ) ;
#788 = CARTESIAN_POINT ( 'NONE',  ( -35.20000000000000284, -4.600780098834749587, 36.91275821386449962 ) ) ;
#789 = ADVANCED_FACE ( 'NONE', ( #2509 ), #3841, .T. ) ;
#790 = CARTESIAN_POINT ( 'NONE',  ( -76.41038238348190248, -4.500000000000000000, 96.75512129297850095 ) ) ;
#791 = CARTESIAN_POINT ( 'NONE',  ( -85.61129730288620010, -12.49999999946100004, 72.07435977970760632 ) ) ;
#792 = UNCERTAINTY_MEASURE_WITH_UNIT (LENGTH_MEASURE( 1.000000000000000082E-05 ), #2775, 'distance_accuracy_value', 'NONE');
#793 = CARTESIAN_POINT ( 'NONE',  ( -28.05168639656760021, -12.49999999999939959, 44.68334923271190462 ) ) ;
#794 = CARTESIAN_POINT ( 'NONE',  ( -85.66967492482831403, 12.49999999986639843, 72.15276452168278354 ) ) ;
#795 = ORIENTED_EDGE ( 'NONE', *, *, #1895, .F. ) ;
#796 = B_SPLINE_CURVE_WITH_KNOTS ( 'NONE', 3,
 ( #812, #541, #2411, #3695, #2703, #563, #4015, #3973, #1130, #1442, #1189, #836, #876, #502, #1770, #1523, #1807, #3733, #893, #249, #2392, #3040, #4031, #856, #1481, #2089, #1827, #3356, #3954, #3021, #191, #2127, #520, #3062, #1207, #2453, #1790, #210, #1507, #3314, #2744, #478, #2723, #1747, #3994, #1958, #3224, #3165, #1249, #2997, #1416, #1279, #4005, #1686, #3916, #1095, #3637, #797, #3174, #1380, #3886, #1732, #3635, #2492, #3133, #2520, #4039, #1218, #218, #3487, #295, #3471, #1682, #658, #2929, #106, #3581, #671, #3878, #2008, #353, #2863, #1307, #1059, #694, #3901, #1939, #2303, #3267, #127, #2627, #3520, #3206, #372, #2782, #2470, #913, #2206, #896, #3122, #2148, #1250, #1578, #3482, #1101, #3618, #120, #3305, #2913, #2507, #633, #1248, #1598, #1559, #1285, #1577, #931, #330, #3785, #2838, #2800, #2205, #2489, #580, #1918, #25, #1885, #44, #3182, #2147 ),
 .UNSPECIFIED., .F., .F.,
 ( 4, 3, 3, 3, 3, 3, 3, 3, 3, 3, 3, 3, 3, 3, 3, 3, 3, 3, 3, 3, 3, 3, 3, 3, 3, 3, 3, 3, 3, 3, 3, 3, 3, 3, 3, 3, 3, 3, 3, 3, 3, 3, 3, 4 ),
 ( 2.400107292729159721E-10, 0.001817366217647160224, 0.004245498310784639670, 0.006673890138963210761, 0.008556648873767419561, 0.009102421414079790718, 0.01396068617354010062, 0.01711329774753479749, 0.01882080159366479946, 0.02139162218441850033, 0.02368041499014759965, 0.02547915362246429977, 0.02795863995319589762, 0.02854028793025169611, 0.02994827105818600316, 0.03340054507483459362, 0.03422659549506969906, 0.03582976606878329751, 0.03826014103525349902, 0.03850491993195339496, 0.04147193267602839600, 0.04278324436883710474, 0.04312007015562049905, 0.04553164214384399638, 0.04706156880572080065, 0.04797995291422539610, 0.05040986778020260101, 0.05133989324260450349, 0.05283999380102270133, 0.05347905546104640001, 0.05502984338937470105, 0.05526958781831479983, 0.05561821767948819939, 0.05648493685372320272, 0.05769811516046700200, 0.05775737989793010285, 0.05963761203131949518, 0.05989654211637189529, 0.06012142474550320054, 0.06254036696449020993, 0.06417486655325559120, 0.06495524442179309577, 0.06736686701203349614, 0.06845319099013939812 ),
 .UNSPECIFIED. ) ;
#797 = CARTESIAN_POINT ( 'NONE',  ( -45.73501164841590594, -12.49999999994859934, 79.53940387303020998 ) ) ;
#798 = CARTESIAN_POINT ( 'NONE',  ( -61.04298960598740109, 12.49999999999779909, 86.43923905629010562 ) ) ;
#799 = CARTESIAN_POINT ( 'NONE',  ( -91.43507913399999154, -4.500000000000000000, 66.56900726815570124 ) ) ;
#800 = CARTESIAN_POINT ( 'NONE',  ( -85.87848902146630792, 12.50000000000000000, 72.81060059326651412 ) ) ;
#801 = CARTESIAN_POINT ( 'NONE',  ( -44.29421400963649802, 12.49999999998559908, 58.41051910097429811 ) ) ;
#802 = CARTESIAN_POINT ( 'NONE',  ( -34.60628775907610333, -12.50000000000000000, 53.33224520220450415 ) ) ;
#803 = CARTESIAN_POINT ( 'NONE',  ( -35.12294298668617643, 12.50000000000000178, 39.27171781169609233 ) ) ;
#804 = CARTESIAN_POINT ( 'NONE',  ( -34.51699284844521998, -7.867294810260943905, 37.45989968074123766 ) ) ;
#805 = DIRECTION ( 'NONE',  ( 0.000000000000000000, 1.000000000000000000, 0.000000000000000000 ) ) ;
#806 = CARTESIAN_POINT ( 'NONE',  ( -75.37607030004262754, -11.16918086838721891, 93.09459351996790133 ) ) ;
#807 = CARTESIAN_POINT ( 'NONE',  ( -80.85725240474388897, -12.49999999999949907, 81.41759715906999872 ) ) ;
#808 = CARTESIAN_POINT ( 'NONE',  ( -5.431139856813559597, -12.50000000000070699, 62.84079998600879691 ) ) ;
#809 = CARTESIAN_POINT ( 'NONE',  ( -85.09345239228998992, 12.49999999998829914, 75.31890977218330363 ) ) ;
#810 = CARTESIAN_POINT ( 'NONE',  ( -6.760604591678569975, -4.643912951418399437, 38.00000000000000000 ) ) ;
#811 = PRODUCT_RELATED_PRODUCT_CATEGORY ( 'part', '', ( #1836 ) ) ;
#812 = CARTESIAN_POINT ( 'NONE',  ( -13.75436083281629962, -12.50000000000000000, 58.10893120994310124 ) ) ;
#813 = DIRECTION ( 'NONE',  ( 1.000000000000000000, 0.000000000000000000, 0.000000000000000000 ) ) ;
#814 = AXIS2_PLACEMENT_3D ( 'NONE', #1718, #2105, #1787 ) ;
#815 = CARTESIAN_POINT ( 'NONE',  ( -67.95257282797659570, -12.50000000000000000, 87.84901644828399014 ) ) ;
#816 = CARTESIAN_POINT ( 'NONE',  ( -85.43514286940640545, -12.49999999987739940, 71.86569087196791372 ) ) ;
#817 = CARTESIAN_POINT ( 'NONE',  ( -6.912776858565534255, 5.111572462718851462, 39.28067788259279780 ) ) ;
#818 = CARTESIAN_POINT ( 'NONE',  ( -27.61614003934609940, -12.49999999999869971, 43.23174663972820042 ) ) ;
#819 = AXIS2_PLACEMENT_3D ( 'NONE', #2280, #1035, #3579 ) ;
#820 = CARTESIAN_POINT ( 'NONE',  ( -85.85320593534629552, 12.49999999999439915, 73.08829665480520532 ) ) ;
#821 = EDGE_LOOP ( 'NONE', ( #68, #768, #486, #199, #3681, #414, #870, #589 ) ) ;
#822 = AXIS2_PLACEMENT_3D ( 'NONE', #2831, #3176, #2617 ) ;
#823 = EDGE_CURVE ( 'NONE', #2119, #2356, #1454, .T. ) ;
#824 = CARTESIAN_POINT ( 'NONE',  ( -57.53593433319319672, 12.49999999970149922, 85.40135345839230752 ) ) ;
#825 = CARTESIAN_POINT ( 'NONE',  ( -85.50325635280320569, 12.50000000000000000, 74.37364178902780054 ) ) ;
#826 = CARTESIAN_POINT ( 'NONE',  ( -13.52832789054009943, 4.500000000000000000, 67.10643082012431648 ) ) ;
#827 = CARTESIAN_POINT ( 'NONE',  ( -36.09614116209419876, 12.49999999999910116, 54.36884549151959334 ) ) ;
#828 = CARTESIAN_POINT ( 'NONE',  ( -38.91152867117269665, -12.50000000000000178, 84.58178641198880143 ) ) ;
#829 = CARTESIAN_POINT ( 'NONE',  ( -70.40052169327265119, 12.50000000000000355, 57.26637766099393190 ) ) ;
#830 = CARTESIAN_POINT ( 'NONE',  ( -34.93058116372840516, -6.666815994563143555, 37.73873621705571679 ) ) ;
#831 = CARTESIAN_POINT ( 'NONE',  ( -34.56266653485830886, 7.760528740662893554, 37.48710928587447455 ) ) ;
#832 = CARTESIAN_POINT ( 'NONE',  ( -75.79594476136365699, -10.18667024158928669, 94.33605762427632158 ) ) ;
#833 = CARTESIAN_POINT ( 'NONE',  ( -80.98404449257689919, -12.49999999999969980, 81.26918596774930847 ) ) ;
#834 = CARTESIAN_POINT ( 'NONE',  ( -21.37344577290300052, -4.500000000000000000, 71.89084449230330165 ) ) ;
#835 = CARTESIAN_POINT ( 'NONE',  ( -6.262268112895450045, -6.745536173409698577, 42.17937746163887169 ) ) ;
#836 = CARTESIAN_POINT ( 'NONE',  ( -20.65854198218140070, -12.49999999909539916, 62.01546538636920758 ) ) ;
#837 = CARTESIAN_POINT ( 'NONE',  ( -35.12803582070859676, -5.855440959476079676, 36.91275821386449962 ) ) ;
#838 = CARTESIAN_POINT ( 'NONE',  ( -75.76277771971150798, -12.50000000000000000, 88.69295802713860155 ) ) ;
#839 = CARTESIAN_POINT ( 'NONE',  ( -75.33900510544620488, 11.23846891485167632, 92.98495572894981365 ) ) ;
#840 = CARTESIAN_POINT ( 'NONE',  ( -27.13036378222629708, -12.49999999999979927, 38.78228730556190129 ) ) ;
#841 = CARTESIAN_POINT ( 'NONE',  ( -85.83417516475688558, 12.49999999999699973, 73.21103342981939477 ) ) ;
#842 = ORIENTED_EDGE ( 'NONE', *, *, #966, .T. ) ;
#843 = CARTESIAN_POINT ( 'NONE',  ( -49.65428296086859916, 12.49999999995129940, 81.92281474144340336 ) ) ;
#844 = CARTESIAN_POINT ( 'NONE',  ( -85.76692580400350607, 4.500000000000000000, 87.95548408619049496 ) ) ;
#845 = CARTESIAN_POINT ( 'NONE',  ( -57.79656873888400526, 12.49999999998419931, 62.41616267725769518 ) ) ;
#846 = EDGE_CURVE ( 'NONE', #988, #1117, #54, .T. ) ;
#847 = CARTESIAN_POINT ( 'NONE',  ( -78.41282742255761207, 12.50000000000000178, 59.53669611883207580 ) ) ;
#848 = CARTESIAN_POINT ( 'NONE',  ( -27.13695281474749876, 12.49999999999979927, 38.57281471543189610 ) ) ;
#849 = CARTESIAN_POINT ( 'NONE',  ( -26.64215033065810090, 0.000000000000000000, 41.89768151283269759 ) ) ;
#850 = VERTEX_POINT ( 'NONE', #1658 ) ;
#851 = CARTESIAN_POINT ( 'NONE',  ( -7.008889737998917902, -5.465974558724221666, 40.53004548870269019 ) ) ;
#852 = DIRECTION ( 'NONE',  ( 1.000000000000000000, 0.000000000000000000, 0.000000000000000000 ) ) ;
#853 = CARTESIAN_POINT ( 'NONE',  ( -54.88627229236570315, -12.49999999998770051, 61.67541132290520522 ) ) ;
#854 = CARTESIAN_POINT ( 'NONE',  ( -35.79631198626923805, -2.208641693840451392, 42.55655335917529669 ) ) ;
#855 = CARTESIAN_POINT ( 'NONE',  ( -35.19636783909859901, 5.018449947505960296, 38.00539823872090039 ) ) ;
#856 = CARTESIAN_POINT ( 'NONE',  ( -29.31899499863530068, -12.49999999998160050, 67.64046002069899544 ) ) ;
#857 = CARTESIAN_POINT ( 'NONE',  ( -23.43149637745720071, 4.632813297492550220, 37.94975921711100142 ) ) ;
#858 = CARTESIAN_POINT ( 'NONE',  ( -76.46724153231959065, 7.169603811425350415, 96.31915163267329660 ) ) ;
#859 = CARTESIAN_POINT ( 'NONE',  ( -21.37344577290300052, 4.500000000000000000, 71.89084449230330165 ) ) ;
#860 = CARTESIAN_POINT ( 'NONE',  ( -85.87154976597088307, 12.49999999998489919, 72.92499904989290371 ) ) ;
#861 = VERTEX_POINT ( 'NONE', #696 ) ;
#862 = CARTESIAN_POINT ( 'NONE',  ( -84.14744434954680230, -12.49999999999620037, 70.78274280949270292 ) ) ;
#863 = ORIENTED_EDGE ( 'NONE', *, *, #2290, .F. ) ;
#864 = CARTESIAN_POINT ( 'NONE',  ( -56.77616794258930355, 12.49999999990080113, 85.13771742961098710 ) ) ;
#865 = CARTESIAN_POINT ( 'NONE',  ( -70.96266872915609270, 12.50000000000000000, 65.68996800635659383 ) ) ;
#866 = CARTESIAN_POINT ( 'NONE',  ( -74.46213310590140111, -12.50000000000000000, 66.68409677087859677 ) ) ;
#867 = CARTESIAN_POINT ( 'NONE',  ( -41.31350981582200887, 4.500000000000000000, 48.21185268848670091 ) ) ;
#868 = CARTESIAN_POINT ( 'NONE',  ( -27.39188742872390137, 12.50000000000020073, 42.19609674311580250 ) ) ;
#869 = FACE_BOUND ( 'NONE', #3566, .T. ) ;
#870 = ORIENTED_EDGE ( 'NONE', *, *, #2823, .T. ) ;
#871 = PRESENTATION_STYLE_ASSIGNMENT (( #299 ) ) ;
#872 = CARTESIAN_POINT ( 'NONE',  ( -76.98623637360259409, -12.50000000000000000, 85.55033994165368938 ) ) ;
#873 = CARTESIAN_POINT ( 'NONE',  ( -79.48795832097529512, 12.49999999996120081, 82.96074299875979818 ) ) ;
#874 = CARTESIAN_POINT ( 'NONE',  ( -35.18779826572581015, -0.1783987797961294197, 40.25818950220743631 ) ) ;
#875 = CARTESIAN_POINT ( 'NONE',  ( -34.31676721115210427, 8.330859172087109243, 38.00539823872090039 ) ) ;
#876 = CARTESIAN_POINT ( 'NONE',  ( -21.19492704148139595, -12.49999999838449938, 62.34140530622450171 ) ) ;
#877 = CARTESIAN_POINT ( 'NONE',  ( -6.396393098259641974, -7.640310397985217605, 62.60109995387900028 ) ) ;
#878 = CARTESIAN_POINT ( 'NONE',  ( -5.899449152595145129, 6.571335828905048082, 43.33798792200872896 ) ) ;
#879 = CARTESIAN_POINT ( 'NONE',  ( -6.759414528952979673, 4.650802491957259477, 38.00000000000000000 ) ) ;
#880 = CARTESIAN_POINT ( 'NONE',  ( -85.86516790286160017, 12.49999999999140066, 72.99034716199760453 ) ) ;
#881 = DIRECTION ( 'NONE',  ( 0.000000000000000000, 1.000000000000000000, 0.000000000000000000 ) ) ;
#882 = CARTESIAN_POINT ( 'NONE',  ( -56.27390741759310089, 12.49999999988139976, 62.03176636500259633 ) ) ;
#883 = VECTOR ( 'NONE', #813, 1000.000000000000000 ) ;
#884 = B_SPLINE_CURVE_WITH_KNOTS ( 'NONE', 3,
 ( #1372, #3020, #3313, #2702, #2028, #1700, #1394, #3972, #2305, #2391, #3673, #1062, #130, #1129, #2655, #453, #835, #169, #1746, #2088, #3000, #3584, #2051, #3355, #2369, #519, #2630, #3904, #1441, #2327, #3650, #3604, #1721, #2976, #148 ),
 .UNSPECIFIED., .F., .F.,
 ( 4, 2, 2, 1, 1, 1, 2, 2, 2, 2, 1, 1, 2, 2, 2, 2, 1, 1, 2, 2, 4 ),
 ( 0.000000000000000000, 0.1249999999999371336, 0.1874999999999057976, 0.2187499999998901434, 0.2343749999998822053, 0.2421874999998739342, 0.2460937499998734901, 0.2499999999998730460, 0.3749999999999118483, 0.4374999999999291678, 0.4687499999999400480, 0.4843749999999454880, 0.4921874999999482636, 0.4999999999999510392, 0.6249999999999802380, 0.6874999999999934497, 0.7187500000000015543, 0.7343750000000056621, 0.7421875000000052180, 0.7500000000000046629, 1.000000000000000000 ),
 .UNSPECIFIED. ) ;
#885 = CARTESIAN_POINT ( 'NONE',  ( -62.35136052993800604, -12.50000000000000000, 63.52916544508890695 ) ) ;
#886 = CARTESIAN_POINT ( 'NONE',  ( -47.24483684389699789, 12.50000000000000000, 59.47242616271710602 ) ) ;
#887 = CARTESIAN_POINT ( 'NONE',  ( -27.80353729257949880, 12.49999999999839950, 43.91754189595940261 ) ) ;
#888 = CARTESIAN_POINT ( 'NONE',  ( -35.01635039479237577, 6.305865698465361824, 37.80615791578652107 ) ) ;
#889 = ORIENTED_EDGE ( 'NONE', *, *, #2706, .T. ) ;
#890 = CARTESIAN_POINT ( 'NONE',  ( -81.89257209192919618, -12.49999999999899991, 80.16995523882330588 ) ) ;
#891 = CARTESIAN_POINT ( 'NONE',  ( -79.13776368844618503, 12.49999999996230038, 83.33833675417830023 ) ) ;
#892 = CARTESIAN_POINT ( 'NONE',  ( -35.20000000000000284, 4.600780098834789555, 36.91927260808139266 ) ) ;
#893 = CARTESIAN_POINT ( 'NONE',  ( -25.76243947008839896, -12.49999999814330032, 65.23169289064189513 ) ) ;
#894 = CARTESIAN_POINT ( 'NONE',  ( -8.060557009987977750, 10.12002538127116047, 61.57240918665853258 ) ) ;
#895 = CARTESIAN_POINT ( 'NONE',  ( -31.99865765947305363, 10.99858226964525976, 36.71389442580056794 ) ) ;
#896 = CARTESIAN_POINT ( 'NONE',  ( -61.71822662703259965, -12.49999999999450040, 86.61128039709448956 ) ) ;
#897 = CYLINDRICAL_SURFACE ( 'NONE', #3783, 1.099999999999999645 ) ;
#898 = CARTESIAN_POINT ( 'NONE',  ( -27.21489163558549862, -12.50000000000000000, 37.42791087772079806 ) ) ;
#899 = CARTESIAN_POINT ( 'NONE',  ( -20.12008311010649919, 12.49999999943110041, 61.69297647432080112 ) ) ;
#900 = CARTESIAN_POINT ( 'NONE',  ( -72.91108046820589550, 12.49999999999220002, 66.23199474472710335 ) ) ;
#901 = CARTESIAN_POINT ( 'NONE',  ( -61.20756726309388540, -12.50000000000000178, 55.02086653241148895 ) ) ;
#902 = CARTESIAN_POINT ( 'NONE',  ( -64.22676545792626257, 12.50000000000000178, 55.75210129654110602 ) ) ;
#903 = CARTESIAN_POINT ( 'NONE',  ( -27.23084647180230178, 12.49999999999939959, 41.10886422457539169 ) ) ;
#904 = CARTESIAN_POINT ( 'NONE',  ( -5.754360825795039602, -4.500000000000000000, 63.00000036993740338 ) ) ;
#905 = ORIENTED_EDGE ( 'NONE', *, *, #3139, .T. ) ;
#906 =( NAMED_UNIT ( * ) PLANE_ANGLE_UNIT ( ) SI_UNIT ( $, .RADIAN. ) );
#907 = CARTESIAN_POINT ( 'NONE',  ( -13.52832789054009943, -4.500000000000000000, 67.10643082012431648 ) ) ;
#908 = CARTESIAN_POINT ( 'NONE',  ( -35.18779826572582436, 1.015246914315428573E-12, 40.25818950220751447 ) ) ;
#909 = CARTESIAN_POINT ( 'NONE',  ( -27.21692930468629967, -4.632813184691689123, 37.40766625019740133 ) ) ;
#910 = CARTESIAN_POINT ( 'NONE',  ( -6.314978834827059018, 7.188314212583094331, 42.33393266696931789 ) ) ;
#911 = CARTESIAN_POINT ( 'NONE',  ( -6.682948221773950870, -8.250808908240067296, 62.42338260919338921 ) ) ;
#912 = CARTESIAN_POINT ( 'NONE',  ( -27.86045306762339990, 1.544271061563890157, 37.25894308862650206 ) ) ;
#913 = CARTESIAN_POINT ( 'NONE',  ( -61.15589410365379308, -12.49999999999680078, 86.46838395643329989 ) ) ;
#914 = CARTESIAN_POINT ( 'NONE',  ( -35.20000000000000284, 4.600780098834789555, 37.10029354652129996 ) ) ;
#915 = CARTESIAN_POINT ( 'NONE',  ( -21.83722406390289805, 12.50000000000000000, 38.00000000000000000 ) ) ;
#916 = CARTESIAN_POINT ( 'NONE',  ( -83.41030459706661304, 4.500000000000000000, 90.44323799329400515 ) ) ;
#917 = EDGE_CURVE ( 'NONE', #3586, #3825, #993, .T. ) ;
#918 = CARTESIAN_POINT ( 'NONE',  ( -85.84874903131829171, -12.49999999999459988, 73.12072363519591534 ) ) ;
#919 = CARTESIAN_POINT ( 'NONE',  ( -23.04180059326960262, 12.49999999619219970, 63.47186920086719653 ) ) ;
#920 = CARTESIAN_POINT ( 'NONE',  ( -93.33642296708289621, -12.50000000000000178, 69.64610966217357202 ) ) ;
#921 = CARTESIAN_POINT ( 'NONE',  ( -83.37895241182430084, 12.49999999999209876, 70.28802765983910206 ) ) ;
#922 = CARTESIAN_POINT ( 'NONE',  ( -81.77582760400579787, -12.50000000000000000, 69.42059749347819775 ) ) ;
#923 = CARTESIAN_POINT ( 'NONE',  ( -90.12214129708706878, 12.50000000000000178, 65.29257863969372977 ) ) ;
#924 = CARTESIAN_POINT ( 'NONE',  ( -27.15340525768730018, 12.50000000000000000, 40.18033408081209501 ) ) ;
#925 =( NAMED_UNIT ( * ) SI_UNIT ( $, .STERADIAN. ) SOLID_ANGLE_UNIT ( ) );
#926 = CARTESIAN_POINT ( 'NONE',  ( -83.51721584976799306, -12.49999999999910116, 77.98996698432588914 ) ) ;
#927 = CARTESIAN_POINT ( 'NONE',  ( -64.11230557584138978, 12.49999999999629985, 87.15587213183120241 ) ) ;
#928 = DIRECTION ( 'NONE',  ( 0.000000000000000000, -0.9510565162951549745, -0.3090169943749430104 ) ) ;
#929 = CARTESIAN_POINT ( 'NONE',  ( -6.854765038398404009, 6.059831541775180241, 41.74999999986388133 ) ) ;
#930 = CARTESIAN_POINT ( 'NONE',  ( -8.664325329642757367, 10.67706948982916337, 61.20105969948536284 ) ) ;
#931 = CARTESIAN_POINT ( 'NONE',  ( -67.15575331770889989, -12.49999999999699973, 87.71591510703869687 ) ) ;
#932 = CARTESIAN_POINT ( 'NONE',  ( -76.37648741823102227, 7.773511924079193669, 96.05116538629296485 ) ) ;
#933 = CARTESIAN_POINT ( 'NONE',  ( -82.80202733160029993, 12.50000000000000000, 78.99612909912819703 ) ) ;
#934 = CARTESIAN_POINT ( 'NONE',  ( -85.61110069504540832, -12.49999999994999911, 74.06690397125669278 ) ) ;
#935 = CARTESIAN_POINT ( 'NONE',  ( 36.92155132396954542, 0.000000000000000000, 20.29826687795716467 ) ) ;
#936 = CARTESIAN_POINT ( 'NONE',  ( -93.49146510045200387, -12.50000000000000355, 70.10944864254834386 ) ) ;
#937 = CARTESIAN_POINT ( 'NONE',  ( -80.35013483224359732, 12.49999999999969980, 68.77505476502990689 ) ) ;
#938 = B_SPLINE_SURFACE_WITH_KNOTS ( 'NONE', 3, 1, ( 
 ( #3378, #1168 ),
 ( #1464, #3398 ),
 ( #233, #2681 ),
 ( #170, #2107 ) ),
 .UNSPECIFIED., .F., .F., .F.,
 ( 4, 4 ),
 ( 2, 2 ),
 ( -5.400498474301599226E-17, 1.000000000000000000 ),
 ( 0.000000000000000000, 1.080000000000000071 ),
 .UNSPECIFIED. ) ;
#939 = CIRCLE ( 'NONE', #82, 8.000000000000000000 ) ;
#940 = ADVANCED_FACE ( 'NONE', ( #1088 ), #3561, .F. ) ;
#941 = CARTESIAN_POINT ( 'NONE',  ( -83.48967102350241021, 12.50000000000000178, 61.41310950058893781 ) ) ;
#942 = VECTOR ( 'NONE', #4, 1000.000000000000000 ) ;
#943 = CARTESIAN_POINT ( 'NONE',  ( -27.89377793291039964, 12.49999999999140066, 44.21713213748090254 ) ) ;
#944 = CARTESIAN_POINT ( 'NONE',  ( -39.44846751427859743, -4.499999999999999112, 94.46046894677400019 ) ) ;
#945 = CARTESIAN_POINT ( 'NONE',  ( -85.07667903898739326, -12.49999999998570033, 75.35359996774559477 ) ) ;
#946 = CARTESIAN_POINT ( 'NONE',  ( -51.23727032277189863, -12.50000000000779998, 60.68221907915300051 ) ) ;
#947 = CARTESIAN_POINT ( 'NONE',  ( -74.38433112719961571, 12.50000000000000000, 88.03414282717911021 ) ) ;
#948 = CARTESIAN_POINT ( 'NONE',  ( -27.19578097693310070, -12.50000000000000000, 37.62677074696360080 ) ) ;
#949 = CARTESIAN_POINT ( 'NONE',  ( -35.36475180335029478, 4.500000000000000000, 36.64473572291240089 ) ) ;
#950 = FACE_OUTER_BOUND ( 'NONE', #2440, .T. ) ;
#951 = CARTESIAN_POINT ( 'NONE',  ( -8.484906430740467798, -10.52434089241019777, 61.31120412784988360 ) ) ;
#952 = CARTESIAN_POINT ( 'NONE',  ( -50.17152802079279894, -12.49999999991769961, 60.36698975530839562 ) ) ;
#953 = CARTESIAN_POINT ( 'NONE',  ( -8.218270290022090308, 10.27526531501727547, 61.47526828676334532 ) ) ;
#954 = DIRECTION ( 'NONE',  ( 1.000000000000000000, 0.000000000000000000, 0.000000000000000000 ) ) ;
#955 = CARTESIAN_POINT ( 'NONE',  ( -85.76698074594099808, -4.500000000000000000, 87.95542359466350035 ) ) ;
#956 = CARTESIAN_POINT ( 'NONE',  ( -13.75436083365409878, -12.50000000000000000, 38.00000000000000000 ) ) ;
#957 = CARTESIAN_POINT ( 'NONE',  ( -23.68281634643030031, 4.632813184691689123, 38.00000000000000000 ) ) ;
#958 = CARTESIAN_POINT ( 'NONE',  ( -93.27946193521648865, 4.500000000000000000, 76.35889886157630713 ) ) ;
#959 = CARTESIAN_POINT ( 'NONE',  ( -85.87460623910399704, -12.49999999996809841, 72.63039031483900487 ) ) ;
#960 = CARTESIAN_POINT ( 'NONE',  ( -33.12012541671009558, 12.50000000000000000, 70.35675980207449243 ) ) ;
#961 = CARTESIAN_POINT ( 'NONE',  ( -84.97382561403068735, 12.50000000000000000, 71.41856365420029817 ) ) ;
#962 = CARTESIAN_POINT ( 'NONE',  ( -64.11957248401949983, -4.500000000000000000, 95.31999765886209275 ) ) ;
#963 = CARTESIAN_POINT ( 'NONE',  ( -80.06917367756147996, 12.50000000000000355, 60.09174091094272541 ) ) ;
#964 = CARTESIAN_POINT ( 'NONE',  ( -32.70108156280190315, 12.50000000002079936, 51.69757804297839954 ) ) ;
#965 = CARTESIAN_POINT ( 'NONE',  ( -27.21692930468629967, -4.632813184691689123, 37.40766625019740133 ) ) ;
#966 = EDGE_CURVE ( 'NONE', #2356, #1204, #2170, .T. ) ;
#967 = CARTESIAN_POINT ( 'NONE',  ( -27.28200352002409801, -12.50000000000000000, 36.84096475968910056 ) ) ;
#968 = CARTESIAN_POINT ( 'NONE',  ( -35.24254869795399969, 4.500000000000000000, 37.64998876519079829 ) ) ;
#969 = DIRECTION ( 'NONE',  ( -0.9510565162951520879, 0.000000000000000000, 0.3090169943749520032 ) ) ;
#970 = CARTESIAN_POINT ( 'NONE',  ( -9.496566604427920666, -11.27283236060447713, 60.69072804464183690 ) ) ;
#971 = CARTESIAN_POINT ( 'NONE',  ( -44.74742705794450615, -12.49999999993089972, 58.58091822291789441 ) ) ;
#972 = CARTESIAN_POINT ( 'NONE',  ( -5.866950263664239884, 5.838752450752700440, 62.93007524878517245 ) ) ;
#973 = CARTESIAN_POINT ( 'NONE',  ( -32.06291730221546743, 10.95199522715238238, 36.71818656961416849 ) ) ;
#974 = CARTESIAN_POINT ( 'NONE',  ( -79.14334519724728523, -12.49999999999699973, 68.28252966889769482 ) ) ;
#975 = CARTESIAN_POINT ( 'NONE',  ( -78.78740845301659590, -12.50000000000000000, 83.71605627484329659 ) ) ;
#976 = DIRECTION ( 'NONE',  ( -1.858904598392799890E-15, 0.000000000000000000, -1.000000000000000000 ) ) ;
#977 = CARTESIAN_POINT ( 'NONE',  ( -33.78385544517439598, -9.183510742097839241, 37.10069069116089935 ) ) ;
#978 = CARTESIAN_POINT ( 'NONE',  ( -77.07337210008849127, 4.500000000000000000, 96.37243252404209670 ) ) ;
#979 = ORIENTED_EDGE ( 'NONE', *, *, #1203, .T. ) ;
#980 = CARTESIAN_POINT ( 'NONE',  ( -85.83417517859508905, -12.49999999999699973, 73.21103343219670023 ) ) ;
#981 = CARTESIAN_POINT ( 'NONE',  ( -30.06361976865559882, -12.50000000000000000, 48.62536301783619308 ) ) ;
#982 = CARTESIAN_POINT ( 'NONE',  ( -93.82330276304172401, -12.50000000000000355, 71.68892445042659745 ) ) ;
#983 = CARTESIAN_POINT ( 'NONE',  ( -82.45047690387670514, 12.49999999999559996, 69.76704816005110388 ) ) ;
#984 = B_SPLINE_CURVE_WITH_KNOTS ( 'NONE', 3,
 ( #2155, #1801, #227, #3073, #2716, #1552, #1839, #1240, #3392, #3053, #4009, #2791, #848, #2480, #2176, #3989, #1499, #3740, #1201, #243, #3756, #3415, #924, #3452, #2425, #2101, #574, #608, #903, #1875, #1183, #1162, #4043, #2738, #588, #868, #2405, #2117, #3135, #1221, #3091, #557, #2460, #1475, #1855, #1518, #2754, #3108, #4027, #2446, #3726, #887, #258, #275, #2138, #943, #987, #3775, #1611, #641, #2522, #2875, #2558, #1319, #1648, #2829, #3831, #2892, #1569, #1588, #2195, #2852, #624, #2275, #3552, #363, #2214, #4075, #1893, #1630, #3512, #3473, #3173, #2258, #3814, #662, #3850, #685, #3217, #3154, #1911, #3535, #1006, #35, #321, #17, #55, #74, #1951, #1339, #1276, #2578, #339, #2233, #3492, #382, #3795, #964, #1974, #1931, #1296, #2538, #1028, #708, #3196, #298, #2810, #1259, #2499, #1690, #1432, #181, #2338, #99, #1050, #3920, #2619, #827, #2943, #161, #2317, #445, #3326, #2021, #492, #1737, #425, #119, #1385, #3641, #3870, #3617, #777, #2381, #2643, #3237, #3893, #1075, #2918, #402, #3595, #2043, #2989, #756, #1121, #3283, #801, #1100, #1712, #3943, #3304, #1665, #1996, #2669, #2967, #1363, #1453, #2360, #1409, #3664, #2692, #2598, #2063, #3257, #2294, #140, #3964, #1759, #468, #3012, #3570, #1140, #730, #882, #2098, #845, #1530, #4038, #1816, #3410, #202, #2788, #4055, #585, #1179, #1780, #3031, #1799, #2768, #3703, #4023, #1237, #3049, #1472, #571, #2135, #271, #1835, #3738, #1851, #2114, #3985, #865, #1216, #1515, #2443, #1548, #2458, #900, #1159, #3389, #3430, #3088, #3722, #2421, #2713, #255, #2477, #222, #552, #2403, #3106, #3071, #2751, #4003, #2151, #1496, #3685, #3753, #1199, #241, #2082, #3346, #2735, #3366, #511, #531, #638, #3151, #937, #3449, #1947, #32, #1873, #2808, #1606, #317, #2572, #3470, #1927, #14, #2495, #983, #2849, #1293, #1586, #1002, #1627, #3192, #294, #1566, #2536, #3812, #70, #336, #921, #2827, #1273, #602, #2173, #2517, #2231, #1256, #1335, #3211, #3131, #679, #379, #360, #2871, #4073, #3772, #2192, #3509, #3791, #622, #1644, #51, #3171, #1891, #2888, #961, #2211, #660, #3489, #1908, #1315, #2555, #3829, #2250, #3529, #485, #2354, #2637, #3865, #2595, #3298, #1730, #3591, #1094, #1968, #1116, #1754, #2271, #2912, #2037, #750, #113, #794, #1379, #2059, #2333, #3912, #3321, #3613, #1428, #3634, #3885, #1661, #2614, #2983, #3549, #771, #3232, #462, #93, #1023, #398, #3006, #156, #135, #1069, #702, #2665, #175, #3565, #2312, #1358, #1448, #2016, #440, #3846, #3938, #1045, #2288, #724, #1707, #1992, #3278, #2962, #3252, #420, #1684, #1403, #2939, #1155, #197, #1136, #567, #2417, #2376, #3045, #507, #253, #1527, #2111, #3680, #3658, #1776, #3385, #3699, #860, #2398, #880, #1511, #3067, #820, #2077, #548, #1813, #2766, #2748, #841, #3362, #2094, #216, #3341, #238, #4020, #3027, #4035, #1833, #3960, #3405, #3085, #1195, #2438, #1468, #2710, #3981, #3720, #2133, #2687, #527, #1795, #1490, #2730, #3998, #1175, #1675, #1418, #3335, #500, #744, #3019, #2346, #412, #716, #190, #809, #1109, #2654, #2070, #129, #1371, #2010, #3649, #2931, #1768, #1463, #1984, #2607, #476, #2027, #1393, #3312, #1699, #3880, #3971, #1720, #3290, #3603, #2629, #433, #107, #3626, #3903, #452, #2953, #2304, #3245, #2701, #3928, #1061, #3583, #2975, #1086, #2282, #3270, #1745, #2326, #764, #784, #147, #2050, #2999, #2368, #168, #1440, #2678, #3952, #1128, #3560, #2390, #1522, #1789, #873, #891, #1844, #3744, #3437, #3867, #324, #1994, #3156, #1687, #1913, #1280, #727, #342, #3254, #1591, #2017, #1710, #422, #1072, #947, #2524, #2315, #2178 ),
 .UNSPECIFIED., .F., .F.,
 ( 4, 3, 3, 3, 3, 3, 3, 3, 3, 3, 3, 3, 3, 3, 3, 3, 3, 3, 3, 3, 3, 3, 3, 3, 3, 3, 3, 3, 3, 3, 3, 3, 3, 3, 3, 3, 3, 3, 3, 3, 3, 3, 3, 3, 3, 3, 3, 3, 3, 3, 3, 3, 3, 3, 3, 3, 3, 3, 3, 3, 3, 3, 3, 3, 3, 3, 3, 3, 3, 3, 3, 3, 3, 3, 3, 3, 3, 3, 3, 3, 3, 3, 3, 3, 3, 3, 3, 3, 3, 3, 3, 3, 3, 3, 3, 3, 3, 3, 3, 3, 3, 3, 3, 3, 3, 3, 3, 3, 3, 3, 3, 3, 3, 3, 3, 3, 3, 3, 3, 3, 3, 3, 3, 3, 3, 3, 3, 3, 3, 3, 3, 3, 3, 3, 3, 3, 3, 3, 3, 3, 3, 3, 3, 3, 3, 3, 3, 3, 3, 3, 3, 3, 3, 3, 3, 3, 3, 3, 3, 3, 3, 3, 3, 3, 3, 3, 3, 3, 3, 3, 3, 3, 3, 4 ),
 ( 0.000000000000000000, 3.064798276084930261E-05, 0.0002176664234938060084, 0.0004049339695504849891, 0.001156531806518569950, 0.001469534993955869855, 0.001912263042025689986, 0.002672226892015510270, 0.002939069987911729735, 0.003436525649454089636, 0.004205376096086719563, 0.004408604981867600241, 0.004979024052116000180, 0.005143372478845530289, 0.005757238503207849981, 0.005878139975823469879, 0.006416471768932080315, 0.006539384805972939946, 0.006612907472801399927, 0.007321358811258730365, 0.007347674969779339517, 0.008705394434098680592, 0.008817209963735200481, 0.008885440011773050942, 0.01021077715745869960, 0.01028674495769109874, 0.01044958405290940043, 0.01102151245466900104, 0.01123139659047439967, 0.01175627995164689986, 0.01201375743063300139, 0.01309885376008469889, 0.01322581494560279985, 0.01357760368395589945, 0.01469534993955869985, 0.01514195610816370004, 0.01610914070820679972, 0.01616488493351450270, 0.01670533558183100176, 0.01763441992747040096, 0.01826997580088650028, 0.01910395492142629922, 0.01983401739762600050, 0.02057348991538210034, 0.02139809603953169923, 0.02296217336790639524, 0.02351255990329390380, 0.02537612987777049939, 0.02609048785777809756, 0.02645162989120559971, 0.02767349334900750038, 0.02792116488516149797, 0.02921853163502790077, 0.02939069987911729562, 0.03139886923821959969, 0.03232976986702909561, 0.03234670268801789761, 0.03526883985494080193, 0.03547486981478480128, 0.03860306449795000011, 0.04114697983076429783, 0.04173120294733149993, 0.04408604981867600414, 0.04485937119652680383, 0.04702511980658770352, 0.04798753786577140273, 0.04996418979449950004, 0.05111570483004099913, 0.05290325978241119942, 0.05424387343913310289, 0.05584232977032289880, 0.05737203034919669681, 0.05878139975823470226, 0.05893612249527049873, 0.06050023492177900031, 0.06172046974614640164, 0.06206428206911829976, 0.06319000474010229296, 0.06362836109835089127, 0.06465953973405810795, 0.06519252462392859104, 0.06597454471259139863, 0.06612907472801399233, 0.06675640840914529028, 0.06753856820526349392, 0.06759860972196990447, 0.06832069034749839453, 0.06906814471592570559, 0.06910266250863779380, 0.06949366388191439980, 0.06980291221290370329, 0.06988471831471519680, 0.07027576849151678795, 0.07053767970988158997, 0.07066669274335930784, 0.07105775592569590904, 0.07127244720685950441, 0.07144876402684630090, 0.07183979233385039131, 0.07200721470383750211, 0.07203532625627590003, 0.07223085870736399572, 0.07237459845232650790, 0.07242632616205739449, 0.07262180730344869328, 0.07274198220081540267, 0.07281749192295650097, 0.07291529361596320313, 0.07301301110790929527, 0.07310936594930439458, 0.07311062687914939018, 0.07320826346832860765, 0.07325718021544329328, 0.07329305782354890442, 0.07330619021459990059, 0.07335512906243260578, 0.07340397724937719470, 0.07345279502732679489, 0.07347674969779340037, 0.07347721122349540335, 0.07350165137808729876, 0.07352611685698549893, 0.07355059359070140190, 0.07359952430188769490, 0.07364833112178810481, 0.07366044157203781306, 0.07369704228129989043, 0.07374590169691709607, 0.07379484583466600078, 0.07384413344628229514, 0.07389271332912399071, 0.07399051272648449196, 0.07408826255007609773, 0.07418596297095360337, 0.07421151719477130093, 0.07438138926156599717, 0.07457695716848308787, 0.07457890094326029284, 0.07477248965125200819, 0.07494628469174920149, 0.07496797529974369434, 0.07516345477965309663, 0.07535894648054350387, 0.07568105218872710205, 0.07575004027581649924, 0.07614118141733899892, 0.07641581968570509975, 0.07653198678739479843, 0.07692301080230100341, 0.07715058718268300031, 0.07731413222554869846, 0.07770514348497040147, 0.07788535467966099801, 0.07848713643461330269, 0.07926920230747108720, 0.07935488967361679913, 0.08005130878254600180, 0.08082442466757269739, 0.08083329007832799895, 0.08161527658598699553, 0.08229395966152859565, 0.08239746014621220083, 0.08376349465548439677, 0.08396017438724689974, 0.08523302964944029503, 0.08552095077495090736, 0.08707984293198289816, 0.08817209963735200828, 0.08863713564816190493, 0.09019311333873740455, 0.09111116962526369378, 0.09174790270537479253, 0.09330160886686840460, 0.09405023926447929339 ),
 .UNSPECIFIED. ) ;
#985 = CARTESIAN_POINT ( 'NONE',  ( -83.49082437433699511, -12.50000000000000000, 70.35458842340020169 ) ) ;
#986 = CARTESIAN_POINT ( 'NONE',  ( -86.68406402569110014, 4.500000000000000000, 62.95970579960578561 ) ) ;
#987 = CARTESIAN_POINT ( 'NONE',  ( -27.96746970533330057, 12.49999999999850075, 44.44306985278499411 ) ) ;
#988 = VERTEX_POINT ( 'NONE', #1640 ) ;
#989 = CARTESIAN_POINT ( 'NONE',  ( -27.13155766257629864, -12.50000000000000000, 38.57193634621479816 ) ) ;
#990 = CARTESIAN_POINT ( 'NONE',  ( -27.26188646031510032, 12.50000000000000000, 37.00645740286149987 ) ) ;
#991 = CARTESIAN_POINT ( 'NONE',  ( -12.57773900409538470, -12.41679812600996868, 58.81714554089133173 ) ) ;
#992 = CARTESIAN_POINT ( 'NONE',  ( -39.47984431528239924, -12.49999999974039966, 56.31610503589469374 ) ) ;
#993 = B_SPLINE_CURVE_WITH_KNOTS ( 'NONE', 3,
 ( #66, #1962, #86, #2977, #2955, #2609, #1111, #434, #2567, #2883, #3227, #413, #2052, #1676, #391, #3905, #2328, #108, #2348, #3271, #3881, #2587, #1354, #1039, #2631, #1373, #718, #786, #1701, #131, #374, #1395 ),
 .UNSPECIFIED., .F., .F.,
 ( 4, 2, 2, 2, 2, 2, 2, 2, 2, 2, 2, 2, 2, 2, 2, 4 ),
 ( 0.004083384461089404303, 0.004616536480841285268, 0.005149688500593166234, 0.005682840520345047199, 0.006215992540096929031, 0.006749144559848809996, 0.007282296579600690961, 0.008348600619104465034, 0.008881752638856345999, 0.009414904658608228699, 0.009948056678360111399, 0.01048120869811199410, 0.01101436071786387680, 0.01154751273761575776, 0.01208066475736764220, 0.01261381677711952490 ),
 .UNSPECIFIED. ) ;
#994 = CARTESIAN_POINT ( 'NONE',  ( -32.39106361332376594, -10.69800702822313099, 36.74905768146994944 ) ) ;
#995 = CARTESIAN_POINT ( 'NONE',  ( -78.90018216636720183, -12.49999999999839950, 68.18938954475400749 ) ) ;
#996 = CARTESIAN_POINT ( 'NONE',  ( -71.56172946134920210, -12.50000000000000000, 90.56455441948409657 ) ) ;
#997 = CARTESIAN_POINT ( 'NONE',  ( -73.43724261810338305, 12.50000000000000000, 88.90220515542131352 ) ) ;
#998 = ORIENTED_EDGE ( 'NONE', *, *, #3889, .T. ) ;
#999 = CARTESIAN_POINT ( 'NONE',  ( -85.83846997665280298, -12.49999999999590017, 73.18553476053520512 ) ) ;
#1000 = CARTESIAN_POINT ( 'NONE',  ( -31.02705855922769729, -12.49999999998649969, 49.90384314151549461 ) ) ;
#1001 = CARTESIAN_POINT ( 'NONE',  ( -85.85367899936829872, -12.50000000000000000, 73.08826566711879025 ) ) ;
#1002 = CARTESIAN_POINT ( 'NONE',  ( -82.70041883799258642, 12.50000000000000000, 69.90054587612820569 ) ) ;
#1003 = CARTESIAN_POINT ( 'NONE',  ( -82.22008163444819218, -12.49999999998509992, 69.64563139458878993 ) ) ;
#1004 = CARTESIAN_POINT ( 'NONE',  ( -88.16985620002658663, -12.50000000000000178, 63.84613115443031717 ) ) ;
#1005 = CARTESIAN_POINT ( 'NONE',  ( -91.93397912996029220, 12.50000000000000355, 67.16960260243510561 ) ) ;
#1006 = CARTESIAN_POINT ( 'NONE',  ( -30.64445534994190368, 12.49999999993899991, 49.42905976720019368 ) ) ;
#1007 = CARTESIAN_POINT ( 'NONE',  ( -35.19084280324690184, -4.500000000000000000, 38.07748918765629753 ) ) ;
#1008 = CARTESIAN_POINT ( 'NONE',  ( -27.30102388328069907, 12.50000000000000000, 36.68449105119089637 ) ) ;
#1009 = CARTESIAN_POINT ( 'NONE',  ( -5.922020457329192133, 12.50000000000000178, 63.08263849708181681 ) ) ;
#1010 = CARTESIAN_POINT ( 'NONE',  ( -12.23181033180746269, -12.35381188942085906, 59.02662954298696008 ) ) ;
#1011 = CARTESIAN_POINT ( 'NONE',  ( -56.08481595453680058, 4.500000000000000000, 93.36139929156260564 ) ) ;
#1012 = CARTESIAN_POINT ( 'NONE',  ( -44.45591970695200246, -12.49999999996949818, 58.47147691622920007 ) ) ;
#1013 = VECTOR ( 'NONE', #1811, 1000.000000000000000 ) ;
#1014 = CARTESIAN_POINT ( 'NONE',  ( -28.94526751729219072, -12.32359097520737201, 37.01938818580980239 ) ) ;
#1015 = CARTESIAN_POINT ( 'NONE',  ( -60.01155654734819933, -12.50000000000090061, 62.96152666484579186 ) ) ;
#1016 = DIRECTION ( 'NONE',  ( 0.000000000000000000, -1.000000000000000000, 0.000000000000000000 ) ) ;
#1017 = CARTESIAN_POINT ( 'NONE',  ( 14.35328174760400088, -24.00002500000000083, 38.00000000000000000 ) ) ;
#1018 = DIRECTION ( 'NONE',  ( 1.000000000000000000, 0.000000000000000000, 0.000000000000000000 ) ) ;
#1019 = EDGE_CURVE ( 'NONE', #2940, #3690, #3428, .T. ) ;
#1020 = VERTEX_POINT ( 'NONE', #454 ) ;
#1021 = CARTESIAN_POINT ( 'NONE',  ( -33.11558870059319304, -12.49999999987680077, 52.07844760364980630 ) ) ;
#1022 = CARTESIAN_POINT ( 'NONE',  ( -85.83391773048450091, -12.50000000000000000, 73.21812498486710297 ) ) ;
#1023 = CARTESIAN_POINT ( 'NONE',  ( -85.80740477515891484, 12.49999999738670020, 72.37771964415080106 ) ) ;
#1024 = ORIENTED_EDGE ( 'NONE', *, *, #1321, .F. ) ;
#1025 = CARTESIAN_POINT ( 'NONE',  ( -83.71271932730850551, -12.49999999999839950, 70.49476328228820421 ) ) ;
#1026 = CARTESIAN_POINT ( 'NONE',  ( -85.77685656619340193, -12.50000000000000000, 72.31930296559019666 ) ) ;
#1027 = CARTESIAN_POINT ( 'NONE',  ( -92.93973102245142570, 12.50000000000000355, 68.74749389755216100 ) ) ;
#1028 = CARTESIAN_POINT ( 'NONE',  ( -33.11571196999629763, 12.49999999987669952, 52.07856047933079680 ) ) ;
#1029 = B_SPLINE_CURVE_WITH_KNOTS ( 'NONE', 3,
 ( #3763, #250, #2455, #4066, #2780, #972, #1848, #307, #2467, #596, #3481, #3442, #1900, #1884, #579, #3461, #3162, #2817, #2837, #3099, #1265, #3748, #1247, #1229, #1575, #4050, #3734, #3400, #2799, #286, #3424, #2506, #3784, #894, #3142, #953, #2204, #24, #265, #1284, #2528, #930, #1525, #1541, #2182, #1865, #564, #3121, #3802, #1558, #614, #1829, #3081, #4032, #713, #3517, #669, #1937, #2604, #2860, #3203, #1034, #2583, #104, #63, #3838, #1636, #691, #350, #409, #2279, #2545, #2626, #431, #3501, #2005, #1696 ),
 .UNSPECIFIED., .F., .F.,
 ( 4, 2, 2, 2, 2, 2, 2, 1, 1, 2, 2, 2, 2, 1, 1, 2, 2, 2, 2, 1, 1, 1, 2, 2, 2, 2, 1, 1, 1, 1, 2, 2, 2, 2, 1, 1, 1, 2, 2, 2, 2, 1, 1, 1, 2, 2, 4 ),
 ( 0.000000000000000000, 0.06249999999999757139, 0.09374999999999654443, 0.1093749999999960587, 0.1249999999999955591, 0.1874999999999937550, 0.2187499999999931721, 0.2343749999999926170, 0.2421874999999923672, 0.2460937499999922839, 0.2499999999999922284, 0.3124999999999888978, 0.3437499999999870659, 0.3593749999999865108, 0.3671874999999863443, 0.3710937499999858447, 0.3749999999999854006, 0.4374999999999829026, 0.4687499999999812927, 0.4843749999999804046, 0.4921874999999796274, 0.4960937499999791833, 0.4980468749999785172, 0.4999999999999779066, 0.5624999999999447109, 0.5937499999999281686, 0.6093749999999195088, 0.6171874999999154010, 0.6210937499999130695, 0.6230468749999120703, 0.6240234374999117373, 0.6249999999999112932, 0.6874999999999295008, 0.7187499999999384936, 0.7343749999999433786, 0.7421874999999452660, 0.7460937499999463762, 0.7480468749999465983, 0.7499999999999469313, 0.8124999999999529265, 0.8437499999999557021, 0.8593749999999572564, 0.8671874999999574785, 0.8710937499999574785, 0.8730468749999578115, 0.8749999999999582556, 1.000000000000000000 ),
 .UNSPECIFIED. ) ;
#1030 = CARTESIAN_POINT ( 'NONE',  ( -27.22342656180790144, -12.50000000000000000, 37.34369042621379720 ) ) ;
#1031 = CARTESIAN_POINT ( 'NONE',  ( -35.29601713610919944, 4.500000000000000000, 37.21015351511780267 ) ) ;
#1032 = CARTESIAN_POINT ( 'NONE',  ( -8.063488122319489193, -10.12302720983320548, 61.57054483053554605 ) ) ;
#1033 = CARTESIAN_POINT ( 'NONE',  ( -71.53124092984950266, 4.500000000000000000, 96.35755121022640424 ) ) ;
#1034 = CARTESIAN_POINT ( 'NONE',  ( -10.85080201141972012, 11.95449033385434667, 59.86429781410818407 ) ) ;
#1035 = DIRECTION ( 'NONE',  ( 0.000000000000000000, -1.000000000000000000, 0.000000000000000000 ) ) ;
#1036 = CARTESIAN_POINT ( 'NONE',  ( -77.01947473864620974, -12.49999999999930012, 67.51001589637239420 ) ) ;
#1037 = CARTESIAN_POINT ( 'NONE',  ( -9.284339254726429402, -12.50000000000000000, 55.82090211363919963 ) ) ;
#1038 = DIRECTION ( 'NONE',  ( 1.000000000000000000, 0.000000000000000000, 0.000000000000000000 ) ) ;
#1039 = CARTESIAN_POINT ( 'NONE',  ( -35.33548390894320335, 1.684638988707014118, 41.12208164789527842 ) ) ;
#1040 = VERTEX_POINT ( 'NONE', #2762 ) ;
#1041 = FACE_OUTER_BOUND ( 'NONE', #1113, .T. ) ;
#1042 = ADVANCED_FACE ( 'NONE', ( #3714 ), #938, .F. ) ;
#1043 = CARTESIAN_POINT ( 'NONE',  ( -30.11274218628599897, -12.50000000000000000, 48.69688696966199615 ) ) ;
#1044 = CARTESIAN_POINT ( 'NONE',  ( -92.24839589006140272, -4.500000000000000000, 78.90482229626259425 ) ) ;
#1045 = CARTESIAN_POINT ( 'NONE',  ( -85.85926658532899580, 12.49999999977650056, 72.52415827156980299 ) ) ;
#1046 = VERTEX_POINT ( 'NONE', #3674 ) ;
#1047 = CARTESIAN_POINT ( 'NONE',  ( -83.08350034249399130, -12.49999999999680078, 70.11517492396988871 ) ) ;
#1048 = CARTESIAN_POINT ( 'NONE',  ( -92.93915037672368840, -4.500000000000000000, 68.74635549761200082 ) ) ;
#1049 = CARTESIAN_POINT ( 'NONE',  ( -92.59530064987131937, 12.50000000000000355, 68.13060601865397814 ) ) ;
#1050 = CARTESIAN_POINT ( 'NONE',  ( -35.48848499666819833, 12.49999999991320010, 53.95638577920379930 ) ) ;
#1051 = CARTESIAN_POINT ( 'NONE',  ( -41.31320817257019939, -4.500000000000000000, 48.21167213074059532 ) ) ;
#1052 = CARTESIAN_POINT ( 'NONE',  ( -37.27416179246082351, 12.50000000000000355, 44.92300599304859787 ) ) ;
#1053 = CARTESIAN_POINT ( 'NONE',  ( -13.57419512423419938, 12.50000000000000000, 58.00908089756450181 ) ) ;
#1054 = CARTESIAN_POINT ( 'NONE',  ( -34.02483057500408137, -8.812680977179830677, 37.20961648298066393 ) ) ;
#1055 = CARTESIAN_POINT ( 'NONE',  ( -53.42487663031869261, 4.500000000000000000, 92.45707839253299198 ) ) ;
#1056 = CARTESIAN_POINT ( 'NONE',  ( -30.78142835136774735, -11.71286298996673914, 36.73433333048076577 ) ) ;
#1057 = CARTESIAN_POINT ( 'NONE',  ( -30.61648450559086143, 11.79530395633480389, 36.74570223808527913 ) ) ;
#1058 = CARTESIAN_POINT ( 'NONE',  ( -55.89632762713669933, -12.49999999989050004, 61.93532249546800017 ) ) ;
#1059 = CARTESIAN_POINT ( 'NONE',  ( -58.00813889075689644, -12.49999999989899990, 85.55713519041330528 ) ) ;
#1060 = CARTESIAN_POINT ( 'NONE',  ( -6.484523581325490227, -4.500000000000000000, 63.36175080416150962 ) ) ;
#1061 = CARTESIAN_POINT ( 'NONE',  ( -82.80142982640300886, 12.49999999999969980, 78.99223615478310023 ) ) ;
#1062 = CARTESIAN_POINT ( 'NONE',  ( -6.268968957817802057, -7.199786180753414477, 42.46116609924717977 ) ) ;
#1063 = CARTESIAN_POINT ( 'NONE',  ( -7.104991500900061041, -5.862363810020480237, 41.75000000000000000 ) ) ;
#1064 = VERTEX_POINT ( 'NONE', #3651 ) ;
#1065 = CARTESIAN_POINT ( 'NONE',  ( -76.42127581701430472, 4.500000000000000000, 96.94021161777210693 ) ) ;
#1066 = ORIENTED_EDGE ( 'NONE', *, *, #3951, .F. ) ;
#1067 = CARTESIAN_POINT ( 'NONE',  ( -31.92746660314270457, -12.50000000000000000, 50.92067265811959942 ) ) ;
#1068 = CARTESIAN_POINT ( 'NONE',  ( -83.25682638781870537, -12.50000000000000000, 78.36851137695889236 ) ) ;
#1069 = CARTESIAN_POINT ( 'NONE',  ( -85.83915000365820447, 12.49999999757269897, 72.45308407447910781 ) ) ;
#1070 = ORIENTED_EDGE ( 'NONE', *, *, #2468, .T. ) ;
#1071 = CARTESIAN_POINT ( 'NONE',  ( -80.34996082389420735, -12.49999999999969980, 68.77498044673039601 ) ) ;
#1072 = CARTESIAN_POINT ( 'NONE',  ( -74.76189373771440216, 12.50000000000000000, 87.68532934289520142 ) ) ;
#1073 = CARTESIAN_POINT ( 'NONE',  ( -92.39603566289129333, -4.500000000000000000, 67.81319500997680905 ) ) ;
#1074 = CARTESIAN_POINT ( 'NONE',  ( -93.82186519355202847, 12.50000000000000178, 73.84062495753222777 ) ) ;
#1075 = CARTESIAN_POINT ( 'NONE',  ( -41.71615177886059911, 12.50000000000000000, 57.36388549891339750 ) ) ;
#1076 = EDGE_CURVE ( 'NONE', #3825, #2512, #3001, .T. ) ;
#1077 = CARTESIAN_POINT ( 'NONE',  ( -27.79760386620599988, -12.50000000000000000, 43.92021937422919819 ) ) ;
#1078 = CARTESIAN_POINT ( 'NONE',  ( -27.22336585236880069, 12.50000000000000000, 37.34427093708629286 ) ) ;
#1079 = CARTESIAN_POINT ( 'NONE',  ( -15.35912738690710100, 12.50000000000000000, 58.96745891915349347 ) ) ;
#1080 = CARTESIAN_POINT ( 'NONE',  ( -34.28412814053574920, -8.354582605239899706, 37.33152230910359037 ) ) ;
#1081 = CARTESIAN_POINT ( 'NONE',  ( -61.90280957217572677, 12.50000000000000355, 94.87321032430034506 ) ) ;
#1082 = VERTEX_POINT ( 'NONE', #3337 ) ;
#1083 = CARTESIAN_POINT ( 'NONE',  ( -74.87264483349886746, -11.92772758933297972, 91.60507885841025200 ) ) ;
#1084 = AXIS2_PLACEMENT_3D ( 'NONE', #3807, #10, #1267 ) ;
#1085 = CARTESIAN_POINT ( 'NONE',  ( -12.13660383261020037, -12.50000000000000000, 57.25864172027590371 ) ) ;
#1086 = CARTESIAN_POINT ( 'NONE',  ( -82.48946739307099563, 12.49999999999960032, 79.40835840995700323 ) ) ;
#1087 = CARTESIAN_POINT ( 'NONE',  ( -21.83722406390289805, -4.643912947079499531, 38.00000000000000000 ) ) ;
#1088 = FACE_OUTER_BOUND ( 'NONE', #1642, .T. ) ;
#1089 = CARTESIAN_POINT ( 'NONE',  ( -33.78394474472929687, 17.71000000000000085, 37.10029354852500205 ) ) ;
#1090 = CIRCLE ( 'NONE', #1930, 8.000000000000000000 ) ;
#1091 = CARTESIAN_POINT ( 'NONE',  ( -75.49628339745943606, 10.93164367163124240, 93.45027607184347573 ) ) ;
#1092 = CARTESIAN_POINT ( 'NONE',  ( -27.18967557923469869, -12.49999999999949907, 40.68821779918970094 ) ) ;
#1093 = CARTESIAN_POINT ( 'NONE',  ( -90.89862588843099900, -4.500000000000000000, 81.32625951870629422 ) ) ;
#1094 = CARTESIAN_POINT ( 'NONE',  ( -85.50747671396040062, 12.49999999958729902, 71.94718827922139326 ) ) ;
#1095 = CARTESIAN_POINT ( 'NONE',  ( -45.59896457333109510, -12.49999999995950084, 79.44973349364200033 ) ) ;
#1096 = CARTESIAN_POINT ( 'NONE',  ( -53.13415927902580194, 12.49999999531129902, 83.67308517311259664 ) ) ;
#1097 = CARTESIAN_POINT ( 'NONE',  ( -85.85936263921750822, 12.50000000000000000, 72.52410198478240488 ) ) ;
#1098 = CARTESIAN_POINT ( 'NONE',  ( -11.51894288516430720, 12.50000000000000355, 65.98589240764475505 ) ) ;
#1099 = B_SPLINE_CURVE_WITH_KNOTS ( 'NONE', 3,
 ( #1861, #3377, #1826, #909 ),
 .UNSPECIFIED., .F., .F.,
 ( 4, 4 ),
 ( 1.851023694239490095E-05, 0.4098438360733480113 ),
 .UNSPECIFIED. ) ;
#1100 = CARTESIAN_POINT ( 'NONE',  ( -44.34809450777859752, 12.49999999998179945, 58.43091346043750178 ) ) ;
#1101 = CARTESIAN_POINT ( 'NONE',  ( -63.22498824955820140, -12.49999999999850075, 86.96321976690259703 ) ) ;
#1102 = CARTESIAN_POINT ( 'NONE',  ( -35.13494281938620389, -12.50000000000000178, 39.67569051991608120 ) ) ;
#1103 = EDGE_CURVE ( 'NONE', #1196, #3861, #796, .T. ) ;
#1104 = CARTESIAN_POINT ( 'NONE',  ( -36.49327340723149860, 4.500000000000000000, 43.85423951415630484 ) ) ;
#1105 = CARTESIAN_POINT ( 'NONE',  ( -34.91785900003733190, -6.715247135952171931, 37.72909679842809538 ) ) ;
#1106 = CARTESIAN_POINT ( 'NONE',  ( -49.62178857335320004, 12.50000000000000000, 81.99230874971860317 ) ) ;
#1107 = CARTESIAN_POINT ( 'NONE',  ( -76.42380394977843139, -7.451532312934841862, 96.19092999565958735 ) ) ;
#1108 = CARTESIAN_POINT ( 'NONE',  ( -6.024643409839701036, 6.585357732603209335, 39.69859795145108450 ) ) ;
#1109 = CARTESIAN_POINT ( 'NONE',  ( -85.07664176315709881, 12.49999999998570033, 75.35367705898498514 ) ) ;
#1110 = CARTESIAN_POINT ( 'NONE',  ( -6.519616362874959492, -4.695497269936519835, 38.00000000000000000 ) ) ;
#1111 = CARTESIAN_POINT ( 'NONE',  ( -37.64998270960476390, 1.178131445133696387, 45.32947195571667720 ) ) ;
#1112 = CARTESIAN_POINT ( 'NONE',  ( -32.63795229987120194, 17.71000000000000085, 36.77685602101499995 ) ) ;
#1113 = EDGE_LOOP ( 'NONE', ( #1070, #1803, #1359, #229 ) ) ;
#1114 = CARTESIAN_POINT ( 'NONE',  ( -76.14505243468198614, -4.500000000000000000, 96.73802994768769281 ) ) ;
#1115 = CARTESIAN_POINT ( 'NONE',  ( -27.70294472509449690, -12.50000000000020073, 43.56785584609550455 ) ) ;
#1116 = CARTESIAN_POINT ( 'NONE',  ( -85.54980141240319824, 12.49999999942810014, 71.99757887845329662 ) ) ;
#1117 = VERTEX_POINT ( 'NONE', #3425 ) ;
#1118 = CARTESIAN_POINT ( 'NONE',  ( -53.40971694110280055, 12.49999999732420086, 83.79768380621290191 ) ) ;
#1119 = CARTESIAN_POINT ( 'NONE',  ( -90.43572728957821028, -12.50000000000000178, 65.56769630030895257 ) ) ;
#1120 = CARTESIAN_POINT ( 'NONE',  ( -93.77946084002421401, 4.500000000000000000, 74.18348038687778967 ) ) ;
#1121 = CARTESIAN_POINT ( 'NONE',  ( -43.48337208276259958, 12.50000000000000000, 58.09886621899030246 ) ) ;
#1122 = CARTESIAN_POINT ( 'NONE',  ( -35.27890881872980344, -4.500000000000000000, 40.86174518553649904 ) ) ;
#1123 = CARTESIAN_POINT ( 'NONE',  ( -35.12878923664139563, 12.50000000000000178, 38.86109753051192683 ) ) ;
#1124 = CARTESIAN_POINT ( 'NONE',  ( -35.09186601616497825, -5.894384527307457766, 37.87490330035551267 ) ) ;
#1125 = LINE ( 'NONE', #2365, #3250 ) ;
#1126 = CARTESIAN_POINT ( 'NONE',  ( -74.86984331501390955, -11.93094243913547992, 91.59678607755735413 ) ) ;
#1127 = CARTESIAN_POINT ( 'NONE',  ( -80.58305652089579496, -12.49999999999919886, 81.73735592725320487 ) ) ;
#1128 = CARTESIAN_POINT ( 'NONE',  ( -80.30537925915970732, 12.50000000000650147, 82.05355477763589533 ) ) ;
#1129 = CARTESIAN_POINT ( 'NONE',  ( -6.247263474195294819, -6.989627244712697696, 42.32763087422367931 ) ) ;
#1130 = CARTESIAN_POINT ( 'NONE',  ( -18.88240018727070435, -12.49999999990100008, 60.96241915408209877 ) ) ;
#1131 = ORIENTED_EDGE ( 'NONE', *, *, #3863, .F. ) ;
#1132 = CARTESIAN_POINT ( 'NONE',  ( -27.09295661340599892, 4.632813184691680242, 37.94999999999999574 ) ) ;
#1133 = DIRECTION ( 'NONE',  ( 0.000000000000000000, 0.000000000000000000, 1.000000000000000000 ) ) ;
#1134 = CARTESIAN_POINT ( 'NONE',  ( -85.07094587862600576, -12.49999999999880096, 71.50513516744240405 ) ) ;
#1135 = CARTESIAN_POINT ( 'NONE',  ( -27.43877280690090004, -12.49999999999960032, 42.43798379045809810 ) ) ;
#1136 = CARTESIAN_POINT ( 'NONE',  ( -85.87788730086009537, 12.49999999980900078, 72.68378959050049559 ) ) ;
#1137 = ORIENTED_EDGE ( 'NONE', *, *, #917, .T. ) ;
#1138 = CARTESIAN_POINT ( 'NONE',  ( -36.34045414789760287, 12.50000000000000000, 72.74245710264929698 ) ) ;
#1139 = CARTESIAN_POINT ( 'NONE',  ( -91.35299559668810332, 4.500000000000000000, 80.57261849560480016 ) ) ;
#1140 = CARTESIAN_POINT ( 'NONE',  ( -55.89643846131829719, 12.49999999989050004, 61.93535101573660029 ) ) ;
#1141 = CARTESIAN_POINT ( 'NONE',  ( -35.46970566438129424, -4.500000000000000000, 41.64212482115740244 ) ) ;
#1142 = CARTESIAN_POINT ( 'NONE',  ( -29.76347066616040138, 12.50000000000000000, 48.18479259582859697 ) ) ;
#1143 = DIRECTION ( 'NONE',  ( -1.000000000000000000, 0.000000000000000000, 0.000000000000000000 ) ) ;
#1144 = CARTESIAN_POINT ( 'NONE',  ( -76.82449030454040440, 4.500000000000000000, 96.78089598168109831 ) ) ;
#1145 = CARTESIAN_POINT ( 'NONE',  ( -76.60098736773709049, -5.572011349358668930, 96.71354884118501616 ) ) ;
#1146 = CARTESIAN_POINT ( 'NONE',  ( -78.28551485279220401, -12.49999999999019984, 84.23410916988919439 ) ) ;
#1147 = CARTESIAN_POINT ( 'NONE',  ( -24.52396913087746100, -2.200000000000000178, 40.26312671901926876 ) ) ;
#1148 = LINE ( 'NONE', #3316, #2577 ) ;
#1149 = CIRCLE ( 'NONE', #1214, 1.100000000000002753 ) ;
#1150 = CARTESIAN_POINT ( 'NONE',  ( -76.97687203858806981, -12.49999999999950440, 96.79036455295660346 ) ) ;
#1151 = CARTESIAN_POINT ( 'NONE',  ( -85.76417239500169387, -12.49999999966130027, 72.29745075560339274 ) ) ;
#1152 = CARTESIAN_POINT ( 'NONE',  ( -27.75177415440420248, -12.50000000000100009, 43.74311472828100733 ) ) ;
#1153 = VECTOR ( 'NONE', #1263, 1000.000000000000000 ) ;
#1154 = EDGE_CURVE ( 'NONE', #2591, #1064, #3502, .T. ) ;
#1155 = CARTESIAN_POINT ( 'NONE',  ( -85.87657654022059717, 12.49999999989119992, 72.65916890816259865 ) ) ;
#1156 = ORIENTED_EDGE ( 'NONE', *, *, #823, .T. ) ;
#1157 = CARTESIAN_POINT ( 'NONE',  ( -53.96461481815129702, 12.49999999889129931, 84.03877483794548198 ) ) ;
#1158 = CARTESIAN_POINT ( 'NONE',  ( -88.65940040684380108, 4.500000000000000000, 84.51212382604821016 ) ) ;
#1159 = CARTESIAN_POINT ( 'NONE',  ( -72.96065751840659175, 12.49999999999150013, 66.24621059513259524 ) ) ;
#1160 = CARTESIAN_POINT ( 'NONE',  ( -43.51767559766449978, -12.50000000000000000, 78.04009024234059666 ) ) ;
#1161 = CARTESIAN_POINT ( 'NONE',  ( -59.30942419867569981, 12.50000000000000000, 62.79246059522389345 ) ) ;
#1162 = CARTESIAN_POINT ( 'NONE',  ( -27.30835546649160150, 12.49999999999979927, 41.68510727484620304 ) ) ;
#1163 = CARTESIAN_POINT ( 'NONE',  ( -76.41038238348171774, 12.50000000000000355, 96.75512129297814568 ) ) ;
#1164 = CARTESIAN_POINT ( 'NONE',  ( -74.94447232092605304, -11.84233184852859111, 91.81774020084948518 ) ) ;
#1165 = LINE ( 'NONE', #2409, #20 ) ;
#1166 = CARTESIAN_POINT ( 'NONE',  ( -35.23952660534506975, -1.178653163436828022, 40.62643313624248975 ) ) ;
#1167 =( NAMED_UNIT ( * ) SI_UNIT ( $, .STERADIAN. ) SOLID_ANGLE_UNIT ( ) );
#1168 = CARTESIAN_POINT ( 'NONE',  ( -76.61933922723899570, -6.299999999999999822, 96.76816765603379622 ) ) ;
#1169 = CARTESIAN_POINT ( 'NONE',  ( -35.12803582070859676, -5.855440959476079676, 37.10029354652129996 ) ) ;
#1170 = CARTESIAN_POINT ( 'NONE',  ( -74.32591774599430323, -4.500000000000000000, 96.60750706847569802 ) ) ;
#1171 = CARTESIAN_POINT ( 'NONE',  ( -85.79250818125819933, -12.49999999831370090, 72.34826489457080356 ) ) ;
#1172 = CARTESIAN_POINT ( 'NONE',  ( -34.01517337161259746, 8.850357842926939611, 37.10029354652129996 ) ) ;
#1173 = CARTESIAN_POINT ( 'NONE',  ( -28.09221564306230334, -12.49999999999960032, 44.79724004879609822 ) ) ;
#1174 = CARTESIAN_POINT ( 'NONE',  ( -25.77545918820650073, 12.50000000000000000, 65.20921432103600068 ) ) ;
#1175 = CARTESIAN_POINT ( 'NONE',  ( -85.44853060096841091, 12.49999999995059952, 74.51274085668229930 ) ) ;
#1176 = CARTESIAN_POINT ( 'NONE',  ( -84.32341379218540567, -12.49999999997039879, 70.90689527234469836 ) ) ;
#1177 = EDGE_LOOP ( 'NONE', ( #3883, #3212, #437, #260, #719, #2053 ) ) ;
#1178 = CARTESIAN_POINT ( 'NONE',  ( -53.68652909327249745, 12.49999999829629971, 83.91959837583328863 ) ) ;
#1179 = CARTESIAN_POINT ( 'NONE',  ( -62.03967319994559659, 12.49999999999839950, 63.45364401965041168 ) ) ;
#1180 = CARTESIAN_POINT ( 'NONE',  ( -49.62178857335320004, -12.50000000000000000, 81.99230874971860317 ) ) ;
#1181 = CARTESIAN_POINT ( 'NONE',  ( -61.20756726309389961, -4.500000000000000000, 55.02086653241149605 ) ) ;
#1182 = CARTESIAN_POINT ( 'NONE',  ( -42.70165166030719917, 4.500000000000000000, 48.99957081015200089 ) ) ;
#1183 = CARTESIAN_POINT ( 'NONE',  ( -27.29860671593479537, 12.49999999999979927, 41.61789516042510684 ) ) ;
#1184 = CARTESIAN_POINT ( 'NONE',  ( -25.52750939320410239, -3.059375821630019754, 37.79688962485400339 ) ) ;
#1185 = ORIENTED_EDGE ( 'NONE', *, *, #3475, .F. ) ;
#1186 = CARTESIAN_POINT ( 'NONE',  ( -75.81421971726520326, -12.50000000000000000, 86.68997927898709577 ) ) ;
#1187 = CARTESIAN_POINT ( 'NONE',  ( -5.860422696878310411, -5.544115736139640482, 38.00000000000049738 ) ) ;
#1188 = CARTESIAN_POINT ( 'NONE',  ( -22.87262905705510008, -5.862361807952879644, 41.75000000000000000 ) ) ;
#1189 = CARTESIAN_POINT ( 'NONE',  ( -20.12008311010649919, -12.49999999943110041, 61.69297647432080112 ) ) ;
#1190 = CARTESIAN_POINT ( 'NONE',  ( -35.20000000000000284, -4.500000000000000000, 37.99999957197299949 ) ) ;
#1191 = CARTESIAN_POINT ( 'NONE',  ( -76.66770896821441283, -12.50000000000000000, 88.75511555584039058 ) ) ;
#1192 = CARTESIAN_POINT ( 'NONE',  ( -85.66942834127030437, -12.49999999986439825, 72.15241935192891276 ) ) ;
#1193 = CARTESIAN_POINT ( 'NONE',  ( -26.41181053703699178, 1.347111479062088257E-16, 38.56330668192028810 ) ) ;
#1194 = DIRECTION ( 'NONE',  ( 0.000000000000000000, -1.000000000000000000, 0.000000000000000000 ) ) ;
#1195 = CARTESIAN_POINT ( 'NONE',  ( -85.69131579837869594, 12.49999999999910116, 73.81236916912989443 ) ) ;
#1196 = VERTEX_POINT ( 'NONE', #287 ) ;
#1197 = ORIENTED_EDGE ( 'NONE', *, *, #3368, .F. ) ;
#1198 = CARTESIAN_POINT ( 'NONE',  ( -34.49713301247400210, 12.50000000000000000, 71.37115056909838984 ) ) ;
#1199 = CARTESIAN_POINT ( 'NONE',  ( -78.73464134346940568, 12.49999999999930012, 68.12598070262730232 ) ) ;
#1200 = CARTESIAN_POINT ( 'NONE',  ( -37.90706213692789817, 4.500000000000000000, 45.61368810306110078 ) ) ;
#1201 = CARTESIAN_POINT ( 'NONE',  ( -27.12614978298210033, 12.50000000000000000, 39.33121566426770244 ) ) ;
#1202 = CARTESIAN_POINT ( 'NONE',  ( -35.11509483116595476, 5.757887877238474950, 37.89297039363756170 ) ) ;
#1203 = EDGE_CURVE ( 'NONE', #1857, #3577, #2413, .T. ) ;
#1204 = VERTEX_POINT ( 'NONE', #2546 ) ;
#1205 = CARTESIAN_POINT ( 'NONE',  ( -84.81449631879040396, -12.49999999999370104, 75.86899225654940437 ) ) ;
#1206 = CARTESIAN_POINT ( 'NONE',  ( -35.19636783909859901, 5.018449947505960296, 36.91927260808139266 ) ) ;
#1207 = CARTESIAN_POINT ( 'NONE',  ( -35.84742182447960346, -12.50000000000000000, 72.37400188985911598 ) ) ;
#1208 = CARTESIAN_POINT ( 'NONE',  ( -5.769252519532687806, -5.063960293991213391, 62.99070609204996174 ) ) ;
#1209 = CARTESIAN_POINT ( 'NONE',  ( -27.86045306764120255, -3.088542123127790084, 37.25894308862240223 ) ) ;
#1210 = CARTESIAN_POINT ( 'NONE',  ( -85.35244784108370197, -12.49999999998840039, 71.77731487854400427 ) ) ;
#1211 = CARTESIAN_POINT ( 'NONE',  ( 36.58163263015709532, 0.000000000000000000, 19.25210471003249779 ) ) ;
#1212 = CARTESIAN_POINT ( 'NONE',  ( -29.79861358217550205, 12.50000000000000000, 67.94982269997019841 ) ) ;
#1213 = PRODUCT_DEFINITION_SHAPE ( 'NONE', 'NONE',  #1505 ) ;
#1214 = AXIS2_PLACEMENT_3D ( 'NONE', #1840, #2196, #3474 ) ;
#1215 = CARTESIAN_POINT ( 'NONE',  ( -20.65854198218140070, 12.49999999909539916, 62.01546538636929995 ) ) ;
#1216 = CARTESIAN_POINT ( 'NONE',  ( -71.45449101994600483, 12.50000000000000000, 65.82456501564890061 ) ) ;
#1217 = CIRCLE ( 'NONE', #822, 8.000000000000000000 ) ;
#1218 = CARTESIAN_POINT ( 'NONE',  ( -50.35061051841049817, -12.49999999983769960, 82.30857206844109442 ) ) ;
#1219 = CARTESIAN_POINT ( 'NONE',  ( -77.43529023848071802, -12.50000000000000000, 67.64664428597879464 ) ) ;
#1220 = CARTESIAN_POINT ( 'NONE',  ( -35.88393016372360478, 12.50000000000000000, 54.24346867605650147 ) ) ;
#1221 = CARTESIAN_POINT ( 'NONE',  ( -27.46070401830139929, 12.49999999999889866, 42.54669604163980523 ) ) ;
#1222 = CARTESIAN_POINT ( 'NONE',  ( -33.78398419112489393, 9.183473361795918777, 37.10029354752320074 ) ) ;
#1223 = ORIENTED_EDGE ( 'NONE', *, *, #3427, .T. ) ;
#1224 = CARTESIAN_POINT ( 'NONE',  ( -73.83688609469470521, -12.50000000000000000, 88.53673813576540397 ) ) ;
#1225 = CARTESIAN_POINT ( 'NONE',  ( -82.80491969081680281, -12.49999999999969980, 78.98752669787998570 ) ) ;
#1226 = CARTESIAN_POINT ( 'NONE',  ( -11.51894288516430720, -12.50000000000000355, 65.98589240764475505 ) ) ;
#1227 = EDGE_CURVE ( 'NONE', #681, #748, #3590, .T. ) ;
#1228 = CARTESIAN_POINT ( 'NONE',  ( -35.94417021147474856, -2.213408222130911263, 42.88166748301800624 ) ) ;
#1229 = CARTESIAN_POINT ( 'NONE',  ( -7.065472333908960678, 8.889028479887720380, 62.18659061257452692 ) ) ;
#1230 = CARTESIAN_POINT ( 'NONE',  ( -31.87064564583027959, 11.08809039629610815, 36.70730881287597924 ) ) ;
#1231 = CARTESIAN_POINT ( 'NONE',  ( -76.23189942997328217, 8.584644506272812947, 95.62471146638010566 ) ) ;
#1232 = CARTESIAN_POINT ( 'NONE',  ( -13.75436083365409878, 4.500000000000000000, 58.78695646819419807 ) ) ;
#1233 = CARTESIAN_POINT ( 'NONE',  ( -87.89499691805409043, 12.50000000000000355, 85.48042002248354265 ) ) ;
#1234 = EDGE_LOOP ( 'NONE', ( #2427, #3299, #1582, #842 ) ) ;
#1235 = CARTESIAN_POINT ( 'NONE',  ( -85.75784269165100682, -12.49999999999340083, 73.56842779451709191 ) ) ;
#1236 = CARTESIAN_POINT ( 'NONE',  ( -21.35041389754429630, 12.49999999817840113, 62.43588849982770483 ) ) ;
#1237 = CARTESIAN_POINT ( 'NONE',  ( -65.39311082774200656, 12.50000000000000000, 64.26878138388819650 ) ) ;
#1238 = CARTESIAN_POINT ( 'NONE',  ( -53.42487663031870682, -12.50000000000000178, 92.45707839253306304 ) ) ;
#1239 = CARTESIAN_POINT ( 'NONE',  ( -39.01790131257089911, 12.50000000000000000, 56.10755641989480580 ) ) ;
#1240 = CARTESIAN_POINT ( 'NONE',  ( -27.19045725356460252, 12.50000000000000000, 37.69034738162140030 ) ) ;
#1241 = CARTESIAN_POINT ( 'NONE',  ( -84.11262858463359748, -12.49999999996770050, 77.07900430487690357 ) ) ;
#1242 = CARTESIAN_POINT ( 'NONE',  ( -27.21692930468629967, 4.632813184691689123, 37.40766625019740133 ) ) ;
#1243 = CARTESIAN_POINT ( 'NONE',  ( -34.99595649741959846, 6.430228803627429990, 38.00539823872090039 ) ) ;
#1244 = CARTESIAN_POINT ( 'NONE',  ( -6.928252481295469778, -5.204043097635779880, 39.72390334304260051 ) ) ;
#1245 = CARTESIAN_POINT ( 'NONE',  ( -5.904965105938182468, -6.045395042707101041, 62.90632791741096241 ) ) ;
#1246 = CARTESIAN_POINT ( 'NONE',  ( -43.88793742586710067, -12.50000000001440092, 58.25673589353749549 ) ) ;
#1247 = CARTESIAN_POINT ( 'NONE',  ( -6.953435340108124585, 8.714999425065016680, 62.25593194438687306 ) ) ;
#1248 = CARTESIAN_POINT ( 'NONE',  ( -65.34438318223280362, -12.49999999999839950, 87.39537682231349436 ) ) ;
#1249 = CARTESIAN_POINT ( 'NONE',  ( -42.21508100491109872, -12.49999999986230037, 77.10167481915760845 ) ) ;
#1250 = CARTESIAN_POINT ( 'NONE',  ( -62.79021575101319286, -12.50000000000000000, 86.86687213195880020 ) ) ;
#1251 = CARTESIAN_POINT ( 'NONE',  ( -6.150218649372130031, 4.936653907275159625, 38.00000000000000000 ) ) ;
#1252 = CARTESIAN_POINT ( 'NONE',  ( -92.51273304999070035, 4.500000000000000000, 78.34529650197750072 ) ) ;
#1253 = ADVANCED_FACE ( 'NONE', ( #740 ), #3265, .T. ) ;
#1254 = CARTESIAN_POINT ( 'NONE',  ( -85.58998775143560067, -12.49999999993769961, 74.12836243333339326 ) ) ;
#1255 = DIRECTION ( 'NONE',  ( -0.9510565162951520879, 0.000000000000000000, 0.3090169943749520032 ) ) ;
#1256 = CARTESIAN_POINT ( 'NONE',  ( -83.82155000020399882, 12.49999999999939959, 70.56461323468879243 ) ) ;
#1257 = CARTESIAN_POINT ( 'NONE',  ( -82.61841185419208955, -4.500000000000000000, 61.05219154172179685 ) ) ;
#1258 = CARTESIAN_POINT ( 'NONE',  ( -86.68406402569111435, 12.50000000000000178, 62.95970579960575719 ) ) ;
#1259 = CARTESIAN_POINT ( 'NONE',  ( -34.10923303082900304, 12.50000000000000000, 52.92245467339250098 ) ) ;
#1260 = CARTESIAN_POINT ( 'NONE',  ( -33.83764605812215365, 9.106155136642827941, 37.12152458048616666 ) ) ;
#1261 = CARTESIAN_POINT ( 'NONE',  ( -65.41814743657720044, 12.49999999999809930, 87.40921376973059864 ) ) ;
#1262 = CARTESIAN_POINT ( 'NONE',  ( -35.17279350917989689, -4.500000000000000000, 38.24712338958590152 ) ) ;
#1263 = DIRECTION ( 'NONE',  ( 0.000000000000000000, 1.000000000000000000, 0.000000000000000000 ) ) ;
#1264 = CARTESIAN_POINT ( 'NONE',  ( -6.333966668676575651, 6.810197480020778293, 42.11399652516868031 ) ) ;
#1265 = CARTESIAN_POINT ( 'NONE',  ( -6.680013541740838612, 8.245173922041551862, 62.42528763021308436 ) ) ;
#1266 = CARTESIAN_POINT ( 'NONE',  ( -77.07337489518009477, -4.500000000000000000, 96.37243007968548625 ) ) ;
#1267 = DIRECTION ( 'NONE',  ( 1.000000000000000000, 0.000000000000000000, 0.000000000000000000 ) ) ;
#1268 = CARTESIAN_POINT ( 'NONE',  ( -93.51714492396793332, 12.50000000000000178, 75.52690239030179953 ) ) ;
#1269 = CARTESIAN_POINT ( 'NONE',  ( -85.83563390544489380, -12.49999999999660005, 73.20254191651849851 ) ) ;
#1270 = EDGE_CURVE ( 'NONE', #1040, #559, #1785, .T. ) ;
#1271 = CARTESIAN_POINT ( 'NONE',  ( -13.75436083281629962, 12.50000000000000000, 58.10893120994299466 ) ) ;
#1272 = CARTESIAN_POINT ( 'NONE',  ( -85.87850449965270627, -12.50000000000000000, 72.69593180282230094 ) ) ;
#1273 = CARTESIAN_POINT ( 'NONE',  ( -83.56471070498270137, 12.49999999999540101, 70.40163666906329354 ) ) ;
#1274 = CARTESIAN_POINT ( 'NONE',  ( -85.07167853880049790, 12.50000000000000000, 71.50449837933639685 ) ) ;
#1275 = VECTOR ( 'NONE', #47, 1000.000000000000000 ) ;
#1276 = CARTESIAN_POINT ( 'NONE',  ( -31.42030760544400181, 12.50000000000500044, 50.37078173085659927 ) ) ;
#1277 = CARTESIAN_POINT ( 'NONE',  ( -34.33854171395927324, 8.270497278268607033, 37.35344749713203072 ) ) ;
#1278 = CARTESIAN_POINT ( 'NONE',  ( -82.80147011092280707, -12.49999999999969980, 78.99218180161750524 ) ) ;
#1279 = CARTESIAN_POINT ( 'NONE',  ( -43.52308717989320996, -12.49999999998949995, 78.03288529189110534 ) ) ;
#1280 = CARTESIAN_POINT ( 'NONE',  ( -76.61898936719589415, 12.50000000000000000, 85.91019379993429084 ) ) ;
#1281 = CARTESIAN_POINT ( 'NONE',  ( -35.19084280324688052, -12.50000000000000178, 38.07748918765632595 ) ) ;
#1282 = CARTESIAN_POINT ( 'NONE',  ( -27.43849015743980146, 12.50000000000000000, 35.55368285004569628 ) ) ;
#1283 = CARTESIAN_POINT ( 'NONE',  ( -45.03954199598970121, -12.49999999989990052, 58.68820047045299759 ) ) ;
#1284 = CARTESIAN_POINT ( 'NONE',  ( -8.300441435248179900, 10.35276144600742931, 61.42469635969759167 ) ) ;
#1285 = CARTESIAN_POINT ( 'NONE',  ( -65.56573588101709049, -12.49999999999740119, 87.43653959366939432 ) ) ;
#1286 = CARTESIAN_POINT ( 'NONE',  ( -77.48194981279921478, -4.500000000000000000, 96.01374639944420153 ) ) ;
#1287 = CARTESIAN_POINT ( 'NONE',  ( -33.78394473966169897, -24.00002500000000083, 37.10029354652139943 ) ) ;
#1288 = CARTESIAN_POINT ( 'NONE',  ( -23.68281634643030031, 14.07343736306170001, 38.00000000000000000 ) ) ;
#1289 = CARTESIAN_POINT ( 'NONE',  ( -76.61933885538631728, 4.500000000000000000, 96.76816716052469758 ) ) ;
#1290 = CARTESIAN_POINT ( 'NONE',  ( -85.75733508570060337, -12.49999999999359979, 73.57044461299851434 ) ) ;
#1291 = CARTESIAN_POINT ( 'NONE',  ( -32.25242320160479892, -12.50000000000000000, 51.25558216218590246 ) ) ;
#1292 = CARTESIAN_POINT ( 'NONE',  ( -85.87849400634880226, -12.50000000000000000, 72.81045446356569073 ) ) ;
#1293 = CARTESIAN_POINT ( 'NONE',  ( -82.47079984278148856, 12.49999999999629985, 69.77778832843570456 ) ) ;
#1294 = CARTESIAN_POINT ( 'NONE',  ( -87.66167892294924968, -12.50000000000000178, 63.52694729057182599 ) ) ;
#1295 = CARTESIAN_POINT ( 'NONE',  ( -91.43538732072813957, 12.50000000000000355, 66.56935144908854340 ) ) ;
#1296 = CARTESIAN_POINT ( 'NONE',  ( -32.96786679835660294, 12.49999999993429967, 51.94315374337240598 ) ) ;
#1297 = EDGE_CURVE ( 'NONE', #850, #559, #939, .T. ) ;
#1298 = CARTESIAN_POINT ( 'NONE',  ( -85.44854768534769107, -12.49999999995059952, 74.51269881326659572 ) ) ;
#1299 = CARTESIAN_POINT ( 'NONE',  ( -35.14673948762759892, -4.500000000000000000, 38.54729916423330138 ) ) ;
#1300 = CARTESIAN_POINT ( 'NONE',  ( -35.21005689898763080, 12.50000000000000178, 37.91726471061011239 ) ) ;
#1301 = CARTESIAN_POINT ( 'NONE',  ( -6.341503732596251552, 6.770071367576111498, 42.09145039709588332 ) ) ;
#1302 = CARTESIAN_POINT ( 'NONE',  ( -12.29047593060075450, -12.36492477768907428, 58.99115945836718566 ) ) ;
#1303 = CARTESIAN_POINT ( 'NONE',  ( -32.00113535740364057, -10.99803443498845645, 36.71303387330728185 ) ) ;
#1304 = CARTESIAN_POINT ( 'NONE',  ( -33.78398419112489393, 9.183473361795918777, 37.10029354752320074 ) ) ;
#1305 =( BOUNDED_CURVE ( )  B_SPLINE_CURVE ( 3, ( #2056, #817, #380, #3043 ),
 .UNSPECIFIED., .F., .T. ) 
 B_SPLINE_CURVE_WITH_KNOTS ( ( 4, 4 ),
 ( 4.868993176940365153, 5.068580526055353808 ),
 .UNSPECIFIED. ) 
 CURVE ( )  GEOMETRIC_REPRESENTATION_ITEM ( )  RATIONAL_B_SPLINE_CURVE ( ( 1.000000000000000000, 0.9966831615153257662, 0.9966831615153257662, 1.000000000000000000 ) ) 
 REPRESENTATION_ITEM ( '' )  );
#1306 = CARTESIAN_POINT ( 'NONE',  ( -77.15749959360141474, -12.49999999999889866, 67.55719227427289297 ) ) ;
#1307 = CARTESIAN_POINT ( 'NONE',  ( -57.53593433319319672, -12.49999999970149922, 85.40135345839230752 ) ) ;
#1308 = CARTESIAN_POINT ( 'NONE',  ( -76.17738605343124902, -12.50000000000000178, 97.15209626813700083 ) ) ;
#1309 = CARTESIAN_POINT ( 'NONE',  ( -76.81940736360670030, 4.500000000000000000, 96.59422751051710065 ) ) ;
#1310 = B_SPLINE_SURFACE_WITH_KNOTS ( 'NONE', 3, 1, ( 
 ( #3694, #4014 ),
 ( #263, #3422 ),
 ( #875, #2761 ),
 ( #4030, #2410 ),
 ( #1555, #2743 ),
 ( #1243, #209 ),
 ( #3760, #3456 ),
 ( #855, #1206 ),
 ( #3039, #892 ) ),
 .UNSPECIFIED., .F., .F., .F.,
 ( 4, 1, 1, 1, 1, 1, 4 ),
 ( 2, 2 ),
 ( 0.000000000000000000, 0.2500000000000000000, 0.3750000000000000000, 0.5000000000000000000, 0.6250000000000000000, 0.7500000000000000000, 1.000000000000000000 ),
 ( 0.000000000000000000, 0.1086125630639469958 ),
 .UNSPECIFIED. ) ;
#1311 = EDGE_LOOP ( 'NONE', ( #245, #2885, #1421 ) ) ;
#1312 = CARTESIAN_POINT ( 'NONE',  ( -85.69134246328459881, -12.49999999999910116, 73.81228026146399657 ) ) ;
#1313 = CARTESIAN_POINT ( 'NONE',  ( -31.17821415698379894, -12.49999999999490008, 50.08436472703890274 ) ) ;
#1314 = CARTESIAN_POINT ( 'NONE',  ( -93.82192297113149948, -4.500000000000000000, 73.84009074312709231 ) ) ;
#1315 = CARTESIAN_POINT ( 'NONE',  ( -85.17657011711469295, 12.49999999999910116, 71.60291406884519461 ) ) ;
#1316 = CARTESIAN_POINT ( 'NONE',  ( -61.90280957217570545, -4.500000000000000000, 94.87321032430038770 ) ) ;
#1317 = CARTESIAN_POINT ( 'NONE',  ( -85.28031091993405255, -12.50000000000000178, 62.22777272163188655 ) ) ;
#1318 = CARTESIAN_POINT ( 'NONE',  ( -90.76587805657288754, 4.500000000000000000, 65.87504743849009969 ) ) ;
#1319 = CARTESIAN_POINT ( 'NONE',  ( -28.55955989451110000, 12.49999999999960032, 45.95475551986780260 ) ) ;
#1320 = CARTESIAN_POINT ( 'NONE',  ( -35.21011152972560154, -4.500000000000000000, 37.91681546516340262 ) ) ;
#1321 = EDGE_CURVE ( 'NONE', #2014, #1381, #1165, .T. ) ;
#1322 = CARTESIAN_POINT ( 'NONE',  ( -35.29601713610917102, 12.50000000000000178, 37.21015351511778135 ) ) ;
#1323 = CARTESIAN_POINT ( 'NONE',  ( -11.23405757296720076, 12.50000000000000000, 56.79625205699520052 ) ) ;
#1324 = CARTESIAN_POINT ( 'NONE',  ( -33.78385544517439598, -9.183510742097839241, 37.10069069116089935 ) ) ;
#1325 = CARTESIAN_POINT ( 'NONE',  ( -61.90280957217570545, 4.500000000000000000, 94.87321032430038770 ) ) ;
#1326 = CARTESIAN_POINT ( 'NONE',  ( -27.21692930468629967, -12.50000000000000000, 37.40766625019740133 ) ) ;
#1327 = CARTESIAN_POINT ( 'NONE',  ( -67.99609046227659803, -12.49999999999930012, 64.91623952787149676 ) ) ;
#1328 = CARTESIAN_POINT ( 'NONE',  ( -71.17354680947529744, -12.50000000000000000, 90.90188954242221087 ) ) ;
#1329 = FACE_OUTER_BOUND ( 'NONE', #2569, .T. ) ;
#1330 = CARTESIAN_POINT ( 'NONE',  ( -6.977853588974290311, -5.876591697303260808, 41.75000000000000000 ) ) ;
#1331 = LINE ( 'NONE', #698, #1275 ) ;
#1332 = ORIENTED_EDGE ( 'NONE', *, *, #1405, .T. ) ;
#1333 = CARTESIAN_POINT ( 'NONE',  ( -85.84921188789481050, -12.49999999896789937, 72.48409073774971034 ) ) ;
#1334 = CARTESIAN_POINT ( 'NONE',  ( -34.61390967716990019, -12.49999999998160050, 53.31731236330550416 ) ) ;
#1335 = CARTESIAN_POINT ( 'NONE',  ( -83.93123189976780907, 12.50000000000000000, 70.63571641979029891 ) ) ;
#1336 = ORIENTED_EDGE ( 'NONE', *, *, #1809, .T. ) ;
#1337 = CARTESIAN_POINT ( 'NONE',  ( -92.39603566289135017, -12.50000000000000178, 67.81319500997682326 ) ) ;
#1338 = CARTESIAN_POINT ( 'NONE',  ( -85.87607482820729388, 12.50000000000000000, 72.64694783128490485 ) ) ;
#1339 = CARTESIAN_POINT ( 'NONE',  ( -31.17854936515560027, 12.49999999999490008, 50.08476133466039926 ) ) ;
#1340 = VECTOR ( 'NONE', #9, 1000.000000000000000 ) ;
#1341 = CARTESIAN_POINT ( 'NONE',  ( -40.88366232684629864, -12.50000000000000000, 76.14715598193630797 ) ) ;
#1342 = CARTESIAN_POINT ( 'NONE',  ( -27.42328791243890151, -12.50000000000000000, 35.67873798850940403 ) ) ;
#1343 = VECTOR ( 'NONE', #4062, 1000.000000000000114 ) ;
#1344 = PLANE ( 'NONE',  #280 ) ;
#1345 = CARTESIAN_POINT ( 'NONE',  ( -8.875005350703430551, 12.50000000000000000, 55.61929932210019700 ) ) ;
#1346 = CARTESIAN_POINT ( 'NONE',  ( -10.75939106883739704, -11.91836200741891894, 59.91991936330666846 ) ) ;
#1347 = CARTESIAN_POINT ( 'NONE',  ( -43.51767559766449978, 12.50000000000000000, 78.04009024234059666 ) ) ;
#1348 = AXIS2_PLACEMENT_3D ( 'NONE', #3166, #717, #1600 ) ;
#1349 = CARTESIAN_POINT ( 'NONE',  ( -27.21692930468629967, -12.50000000000000000, 37.40766625019740133 ) ) ;
#1350 = ADVANCED_FACE ( 'NONE', ( #538 ), #3036, .F. ) ;
#1351 = CARTESIAN_POINT ( 'NONE',  ( -72.96042945211689812, -12.49999999999150013, 66.24614519935140322 ) ) ;
#1352 = CARTESIAN_POINT ( 'NONE',  ( -79.81422995949489518, -12.50000000000000355, 93.91411186205934314 ) ) ;
#1353 = CARTESIAN_POINT ( 'NONE',  ( -35.20000000000000284, 16.00000000000000000, 5.000000000000000000 ) ) ;
#1354 = CARTESIAN_POINT ( 'NONE',  ( -35.40888387914376523, 1.873812452945126106, 41.41943309229810666 ) ) ;
#1355 = CARTESIAN_POINT ( 'NONE',  ( -22.87262905705510008, 6.000000000000000000, 41.75000000000000000 ) ) ;
#1356 = ORIENTED_EDGE ( 'NONE', *, *, #1270, .T. ) ;
#1357 = CARTESIAN_POINT ( 'NONE',  ( -32.27886152375519657, -12.50000000000000000, 51.28215683712230089 ) ) ;
#1358 = CARTESIAN_POINT ( 'NONE',  ( -85.84685214141629217, 12.49999999859859834, 72.47639363892790243 ) ) ;
#1359 = ORIENTED_EDGE ( 'NONE', *, *, #2197, .T. ) ;
#1360 = CARTESIAN_POINT ( 'NONE',  ( -62.39488596220950711, 12.49999999999799982, 86.77529966815939133 ) ) ;
#1361 = CARTESIAN_POINT ( 'NONE',  ( -85.80012693290549919, -12.50000000000000000, 72.36288646196541663 ) ) ;
#1362 = CARTESIAN_POINT ( 'NONE',  ( -85.85365907370270122, 12.50000000000000000, 73.08840984391430595 ) ) ;
#1363 = CARTESIAN_POINT ( 'NONE',  ( -47.23418767025719944, 12.49999999999830003, 59.44893643438709319 ) ) ;
#1364 = CARTESIAN_POINT ( 'NONE',  ( -84.91007930697109884, -12.49999999999769962, 71.36406154054159856 ) ) ;
#1365 = CARTESIAN_POINT ( 'NONE',  ( -37.27396711826949627, -4.500000000000000000, 44.92277582449519713 ) ) ;
#1366 = CARTESIAN_POINT ( 'NONE',  ( -28.61177094417120159, 12.50000000000000000, 46.12901677211869611 ) ) ;
#1367 = CARTESIAN_POINT ( 'NONE',  ( -8.461826075181807738, 12.50000000000000178, 64.36478362750884230 ) ) ;
#1368 = CARTESIAN_POINT ( 'NONE',  ( -74.32591774599418954, 4.500000000000000000, 96.60750706847559854 ) ) ;
#1369 = CARTESIAN_POINT ( 'NONE',  ( -56.27357469761309972, -12.49999999988139976, 62.03168157771409597 ) ) ;
#1370 = CARTESIAN_POINT ( 'NONE',  ( -5.566537325233120725, -4.500000000000000000, 62.90749553041939635 ) ) ;
#1371 = CARTESIAN_POINT ( 'NONE',  ( -84.88447127026461203, 12.49999999998649969, 75.73563432826469466 ) ) ;
#1372 = CARTESIAN_POINT ( 'NONE',  ( -6.392082245492839654, -7.629992613045430083, 42.74999857402559655 ) ) ;
#1373 = CARTESIAN_POINT ( 'NONE',  ( -35.25797766984606341, 1.322024272873163264, 40.73692505919807871 ) ) ;
#1374 = CARTESIAN_POINT ( 'NONE',  ( -35.20000000000000284, -4.600780098470020008, 37.99473495984909732 ) ) ;
#1375 = VERTEX_POINT ( 'NONE', #3057 ) ;
#1376 = CARTESIAN_POINT ( 'NONE',  ( -28.65520031618909869, -12.49999999999899991, 46.16405320809920454 ) ) ;
#1377 = EDGE_CURVE ( 'NONE', #3861, #1046, #292, .T. ) ;
#1378 = CARTESIAN_POINT ( 'NONE',  ( -92.77509012840809532, -4.500000000000000000, 77.74278964125178959 ) ) ;
#1379 = CARTESIAN_POINT ( 'NONE',  ( -85.66992143848510466, 12.49999999986819965, 72.15310974117159049 ) ) ;
#1380 = CARTESIAN_POINT ( 'NONE',  ( -47.39321139503489633, -12.49999999985080024, 80.60701143298270210 ) ) ;
#1381 = VERTEX_POINT ( 'NONE', #915 ) ;
#1382 = CARTESIAN_POINT ( 'NONE',  ( -72.75180875669620661, 12.50000000000000000, 88.43447238766100327 ) ) ;
#1383 = CARTESIAN_POINT ( 'NONE',  ( -92.17375139165758924, -4.500000000000000000, 67.48980669515329112 ) ) ;
#1384 = CARTESIAN_POINT ( 'NONE',  ( -93.85951810735990364, 4.500000000000000000, 72.10013574663250324 ) ) ;
#1385 = CARTESIAN_POINT ( 'NONE',  ( -39.05660555882069929, 12.49999999984849985, 56.09848612999289230 ) ) ;
#1386 = CARTESIAN_POINT ( 'NONE',  ( -35.16477891580413484, -12.50000000000000178, 40.07470890097714289 ) ) ;
#1387 = CARTESIAN_POINT ( 'NONE',  ( -35.88421478379601126, 12.50000000000000355, 42.76697677944697773 ) ) ;
#1388 = CARTESIAN_POINT ( 'NONE',  ( -5.922020457329139731, 4.500000000000000000, 63.08263849708149706 ) ) ;
#1389 = CARTESIAN_POINT ( 'NONE',  ( -35.08666603619249003, -5.926515191561519735, 37.86999517054390907 ) ) ;
#1390 = CARTESIAN_POINT ( 'NONE',  ( -36.12389692924858764, 12.50000000000000178, 82.57787135891199171 ) ) ;
#1391 = CARTESIAN_POINT ( 'NONE',  ( -32.00283175543539471, -6.299999999999999822, 64.30021536386550451 ) ) ;
#1392 = CARTESIAN_POINT ( 'NONE',  ( -65.39283345796420122, -12.50000000000000000, 64.26871334972599925 ) ) ;
#1393 = CARTESIAN_POINT ( 'NONE',  ( -84.48155204450310407, 12.49999999999880096, 76.46712820296450275 ) ) ;
#1394 = CARTESIAN_POINT ( 'NONE',  ( -6.276160592192520760, -7.243347757075076387, 42.48927788587224796 ) ) ;
#1395 = CARTESIAN_POINT ( 'NONE',  ( -35.18779826572582436, 1.015246914315428573E-12, 40.25818950220751447 ) ) ;
#1396 = ORIENTED_EDGE ( 'NONE', *, *, #2372, .T. ) ;
#1397 = CARTESIAN_POINT ( 'NONE',  ( -31.60429452517529825, 17.71000000000000085, 36.69177704805580476 ) ) ;
#1398 = ORIENTED_EDGE ( 'NONE', *, *, #3524, .F. ) ;
#1399 = CARTESIAN_POINT ( 'NONE',  ( -85.85144715076751254, -12.49999999921980098, 72.49198777202059318 ) ) ;
#1400 = CARTESIAN_POINT ( 'NONE',  ( -74.86049360510814665, 11.94159950684929861, 91.56911368437221199 ) ) ;
#1401 = CARTESIAN_POINT ( 'NONE',  ( -27.64661574373769781, -12.49999999999960032, 43.35177332862060240 ) ) ;
#1402 = CARTESIAN_POINT ( 'NONE',  ( -92.51282152284284166, -12.50000000000000178, 78.34510210879660974 ) ) ;
#1403 = CARTESIAN_POINT ( 'NONE',  ( -85.87606237178221136, 12.49999999991750066, 72.65101813224300997 ) ) ;
#1404 = EDGE_LOOP ( 'NONE', ( #3387, #1131, #998, #1777 ) ) ;
#1405 = EDGE_CURVE ( 'NONE', #3187, #1196, #2802, .T. ) ;
#1406 = CARTESIAN_POINT ( 'NONE',  ( -41.54531049890790229, 12.49999999977450038, 76.61602086991679528 ) ) ;
#1407 = CARTESIAN_POINT ( 'NONE',  ( -85.87163986762590184, 12.50000000000000000, 72.59782371838929294 ) ) ;
#1408 = CARTESIAN_POINT ( 'NONE',  ( -17.48118658970109962, 12.50000000000000000, 60.15081670736839925 ) ) ;
#1409 = CARTESIAN_POINT ( 'NONE',  ( -47.25028191844630499, 12.49999999999830003, 59.45425504197270072 ) ) ;
#1410 = CARTESIAN_POINT ( 'NONE',  ( -50.23358450843559808, -12.50000000000000000, 60.39988400111480615 ) ) ;
#1411 = CARTESIAN_POINT ( 'NONE',  ( -35.21268041984160391, 12.50000000000000355, 40.46998048732627495 ) ) ;
#1412 = CARTESIAN_POINT ( 'NONE',  ( -7.604270513417853650, 12.50000000000000355, 63.92544253478158822 ) ) ;
#1413 = CARTESIAN_POINT ( 'NONE',  ( -34.41874142322298979, -8.084292012827605234, 37.40284196604885381 ) ) ;
#1414 = CARTESIAN_POINT ( 'NONE',  ( -75.35884071920828831, -11.20164696876240562, 93.04362647111406659 ) ) ;
#1415 = CARTESIAN_POINT ( 'NONE',  ( -79.48800531635609445, -12.49999999996120081, 82.96069195198099067 ) ) ;
#1416 = CARTESIAN_POINT ( 'NONE',  ( -43.08504383926879910, -12.49999999998079936, 77.72542204799520960 ) ) ;
#1417 = VECTOR ( 'NONE', #969, 1000.000000000000114 ) ;
#1418 = CARTESIAN_POINT ( 'NONE',  ( -85.39943681441481260, 12.49999999997860023, 74.63353230533449789 ) ) ;
#1419 = CARTESIAN_POINT ( 'NONE',  ( -6.840531079149219984, -4.643912947079499531, 38.00000000000000000 ) ) ;
#1420 = CARTESIAN_POINT ( 'NONE',  ( -35.20000000000000284, -4.516808232344999396, 37.99999871591920453 ) ) ;
#1421 = ORIENTED_EDGE ( 'NONE', *, *, #2290, .T. ) ;
#1422 = CARTESIAN_POINT ( 'NONE',  ( -31.60429452517529825, -12.65000000000000036, 36.69177704805580476 ) ) ;
#1423 = ORIENTED_EDGE ( 'NONE', *, *, #1483, .F. ) ;
#1424 = CARTESIAN_POINT ( 'NONE',  ( -71.53124092984954530, -12.50000000000000355, 96.35755121022646108 ) ) ;
#1425 = CARTESIAN_POINT ( 'NONE',  ( -75.33295285886873671, 11.24957431435040967, 92.96705642705562411 ) ) ;
#1426 = CARTESIAN_POINT ( 'NONE',  ( -27.50201574334390031, -12.49999999999710099, 42.74881471231029906 ) ) ;
#1427 = CARTESIAN_POINT ( 'NONE',  ( -89.79000230129476279, -12.50000000000000355, 82.98698364310527609 ) ) ;
#1428 = CARTESIAN_POINT ( 'NONE',  ( -85.74325178970539696, 12.49999999994449951, 72.26266375771469086 ) ) ;
#1429 = VERTEX_POINT ( 'NONE', #3383 ) ;
#1430 = CARTESIAN_POINT ( 'NONE',  ( -60.81749541538399484, 12.49999999999889866, 86.37992810290640477 ) ) ;
#1431 = CARTESIAN_POINT ( 'NONE',  ( -93.85662314250659222, 12.50000000000000178, 73.45556247170314634 ) ) ;
#1432 = CARTESIAN_POINT ( 'NONE',  ( -34.61430056625479779, 12.49999999998149924, 53.31761008297280569 ) ) ;
#1433 = CARTESIAN_POINT ( 'NONE',  ( -27.42178565141530200, -12.50000000000000000, 42.38309821177949743 ) ) ;
#1434 = CARTESIAN_POINT ( 'NONE',  ( -27.79776508608379970, 12.50000000000000000, 43.92076165368509777 ) ) ;
#1435 = CARTESIAN_POINT ( 'NONE',  ( -34.66113649366823779, -7.513617783214370682, 37.55032893709200437 ) ) ;
#1436 = CARTESIAN_POINT ( 'NONE',  ( -27.21692930468629967, -3.059375821630019754, 37.40766625019740133 ) ) ;
#1437 = B_SPLINE_CURVE_WITH_KNOTS ( 'NONE', 3,
 ( #1242, #3438, #2143, #3079 ),
 .UNSPECIFIED., .F., .F.,
 ( 4, 4 ),
 ( 0.000000000000000000, 0.3821368016071660656 ),
 .UNSPECIFIED. ) ;
#1438 = CARTESIAN_POINT ( 'NONE',  ( -75.85055867319283607, -10.02667425192154660, 94.49765373131921820 ) ) ;
#1439 = CARTESIAN_POINT ( 'NONE',  ( -77.92651652256280670, -12.49999999999620037, 84.60248147156339371 ) ) ;
#1440 = CARTESIAN_POINT ( 'NONE',  ( -80.89956447285200625, 12.49999999999949907, 81.36825428836380070 ) ) ;
#1441 = CARTESIAN_POINT ( 'NONE',  ( -6.463751859538360733, -6.209127329091543857, 41.87723650922144714 ) ) ;
#1442 = CARTESIAN_POINT ( 'NONE',  ( -19.57956421617230092, -12.49999999963629982, 61.37392865730310376 ) ) ;
#1443 = CARTESIAN_POINT ( 'NONE',  ( -35.19635190581309558, -5.020073313091280021, 38.00539841999069779 ) ) ;
#1444 = CARTESIAN_POINT ( 'NONE',  ( -69.36889095733289423, -4.500000000000000000, 96.11800931336070164 ) ) ;
#1445 = CARTESIAN_POINT ( 'NONE',  ( -85.14172209064929575, -12.49999999999850075, 71.56988032073259376 ) ) ;
#1446 = CARTESIAN_POINT ( 'NONE',  ( -74.85386139908077041, 11.94909891409431069, 91.54949027294456698 ) ) ;
#1447 = CARTESIAN_POINT ( 'NONE',  ( -27.20581279315799605, -12.49999999999939959, 40.85312824065209725 ) ) ;
#1448 = CARTESIAN_POINT ( 'NONE',  ( -85.84925343698260747, 12.49999999897250014, 72.48423342875879882 ) ) ;
#1449 = EDGE_LOOP ( 'NONE', ( #4044, #4011, #2659, #1708 ) ) ;
#1450 = CARTESIAN_POINT ( 'NONE',  ( -49.45992366944839347, 12.49999999997090150, 81.81472474559240027 ) ) ;
#1451 = CARTESIAN_POINT ( 'NONE',  ( -92.98875577672652071, 12.50000000000000000, 77.20032747334246892 ) ) ;
#1452 = CARTESIAN_POINT ( 'NONE',  ( -15.51664864783220743, 12.50000000000000355, 68.25802035811513235 ) ) ;
#1453 = CARTESIAN_POINT ( 'NONE',  ( -47.23955226883789749, 12.49999999999830003, 59.45070984194600072 ) ) ;
#1454 = B_SPLINE_CURVE_WITH_KNOTS ( 'NONE', 3,
 ( #149, #2283, #3543, #2905, #1420, #2656 ),
 .UNSPECIFIED., .F., .F.,
 ( 4, 2, 4 ),
 ( 0.0002365742012121490223, 0.005292958514783619763, 0.01033518201424719896 ),
 .UNSPECIFIED. ) ;
#1455 = CARTESIAN_POINT ( 'NONE',  ( -35.46970566438130135, -12.50000000000000355, 41.64212482115743086 ) ) ;
#1456 = CARTESIAN_POINT ( 'NONE',  ( -35.18574071488380639, 4.500000000000000000, 38.12287178644219665 ) ) ;
#1457 = CARTESIAN_POINT ( 'NONE',  ( -13.75436083365409878, 12.50000000000000000, 38.00000000000000000 ) ) ;
#1458 = CARTESIAN_POINT ( 'NONE',  ( -27.21692930468629967, -12.50000000000000000, 37.40766625019740133 ) ) ;
#1459 = CARTESIAN_POINT ( 'NONE',  ( -74.60828098187386104, -12.18892188011343336, 90.82315625985195595 ) ) ;
#1460 = CARTESIAN_POINT ( 'NONE',  ( -78.53556628683709562, -12.49999999998149924, 83.97403441642128996 ) ) ;
#1461 = CARTESIAN_POINT ( 'NONE',  ( -5.431139856815330624, -4.500000000000000000, 62.84079998602058481 ) ) ;
#1462 = EDGE_CURVE ( 'NONE', #1678, #1204, #546, .T. ) ;
#1463 = CARTESIAN_POINT ( 'NONE',  ( -84.72740530606300524, 12.49999999999859845, 76.03047538020788920 ) ) ;
#1464 = CARTESIAN_POINT ( 'NONE',  ( -39.44846751427859743, 4.500000000000000000, 94.46046894677400019 ) ) ;
#1465 = DIRECTION ( 'NONE',  ( 0.000000000000000000, 0.000000000000000000, -1.000000000000000000 ) ) ;
#1466 = CARTESIAN_POINT ( 'NONE',  ( -5.682525946339122669, 5.347303018338923408, 39.93587445218930299 ) ) ;
#1467 = CARTESIAN_POINT ( 'NONE',  ( -28.07958485204190069, -12.49999999999960032, 44.76215624136640514 ) ) ;
#1468 = CARTESIAN_POINT ( 'NONE',  ( -85.65749245565169190, 12.49999999998759925, 73.92279257263439263 ) ) ;
#1469 = EDGE_LOOP ( 'NONE', ( #2157, #746, #4021, #1066, #3961 ) ) ;
#1470 = CARTESIAN_POINT ( 'NONE',  ( -38.76709288840340406, 12.50000000000000000, 74.56000685309989251 ) ) ;
#1471 = CARTESIAN_POINT ( 'NONE',  ( -83.25676509425449012, 12.50000000000000000, 78.36859801557748995 ) ) ;
#1472 = CARTESIAN_POINT ( 'NONE',  ( -66.55085773239169100, 12.50000000000000000, 64.55380209374810363 ) ) ;
#1473 = CARTESIAN_POINT ( 'NONE',  ( -55.32990382218186198, -12.50000000000000178, 53.52302538182452452 ) ) ;
#1474 = CARTESIAN_POINT ( 'NONE',  ( -52.49191894725018415, 12.50000000000000178, 52.72429412464529008 ) ) ;
#1475 = CARTESIAN_POINT ( 'NONE',  ( -27.60633160536609765, 12.49999999999839950, 43.19227980915179188 ) ) ;
#1476 = CARTESIAN_POINT ( 'NONE',  ( -76.82449030453751959, 12.50000000000009948, 96.78089598167666452 ) ) ;
#1477 = CARTESIAN_POINT ( 'NONE',  ( -76.23639394732863650, -8.589226297409590316, 95.63806350410355606 ) ) ;
#1478 = CARTESIAN_POINT ( 'NONE',  ( -6.120901179887044741, 6.893809813417793642, 40.44875315004161820 ) ) ;
#1479 = CARTESIAN_POINT ( 'NONE',  ( -5.680218276399828348, -4.649455441709015702, 38.01705804447609438 ) ) ;
#1480 = CARTESIAN_POINT ( 'NONE',  ( -26.58034693178312580, 2.694222958124178486E-16, 42.08789281609166721 ) ) ;
#1481 = CARTESIAN_POINT ( 'NONE',  ( -29.78562809492120067, -12.49999999999209876, 67.96771569618719866 ) ) ;
#1482 = CARTESIAN_POINT ( 'NONE',  ( -35.20000000000000284, -4.600780098834749587, 37.10029354652139943 ) ) ;
#1483 = EDGE_CURVE ( 'NONE', #1429, #2591, #2465, .T. ) ;
#1484 = AXIS2_PLACEMENT_3D ( 'NONE', #2126, #928, #613 ) ;
#1485 = CARTESIAN_POINT ( 'NONE',  ( -77.07749028247509671, -12.50000000000000178, 96.79661128810627702 ) ) ;
#1486 = CARTESIAN_POINT ( 'NONE',  ( -85.52873980266920739, -12.49999999948260054, 71.97212074752530953 ) ) ;
#1487 = CARTESIAN_POINT ( 'NONE',  ( -74.95684178610160586, 11.83158917231945573, 91.85429974506054407 ) ) ;
#1488 = CARTESIAN_POINT ( 'NONE',  ( -28.24612694207890229, -12.50000000000040146, 45.22475043727639843 ) ) ;
#1489 = VECTOR ( 'NONE', #2771, 1000.000000000000000 ) ;
#1490 = CARTESIAN_POINT ( 'NONE',  ( -85.54698209283229460, 12.49999999991930011, 74.25118938923371559 ) ) ;
#1491 = EDGE_CURVE ( 'NONE', #2732, #528, #2722, .T. ) ;
#1492 = CARTESIAN_POINT ( 'NONE',  ( -84.41859801450560497, -12.49999999994529887, 70.97599234173260641 ) ) ;
#1493 = ORIENTED_EDGE ( 'NONE', *, *, #650, .T. ) ;
#1494 = CARTESIAN_POINT ( 'NONE',  ( -59.32238023169989560, 12.49999999999850075, 85.96165270106460810 ) ) ;
#1495 = CARTESIAN_POINT ( 'NONE',  ( -91.71326448025408240, 4.500000000000000000, 79.93340247662871434 ) ) ;
#1496 = CARTESIAN_POINT ( 'NONE',  ( -78.08034842704039136, 12.50000000000000000, 67.88245250048468904 ) ) ;
#1497 = CARTESIAN_POINT ( 'NONE',  ( -64.22646901629239835, -4.500000000000000000, 55.75202982353810199 ) ) ;
#1498 = CARTESIAN_POINT ( 'NONE',  ( -38.63057753593453469, 12.50000000000000355, 46.29193239994111764 ) ) ;
#1499 = CARTESIAN_POINT ( 'NONE',  ( -27.12580996664189925, 12.50000000000000000, 39.03534672570980035 ) ) ;
#1500 = CARTESIAN_POINT ( 'NONE',  ( -34.72606182350920534, 7.338281555668403122, 37.59179989385784637 ) ) ;
#1501 = ORIENTED_EDGE ( 'NONE', *, *, #4067, .F. ) ;
#1502 = CARTESIAN_POINT ( 'NONE',  ( -75.35141824034280944, -11.21548672033528504, 93.02167124941904319 ) ) ;
#1503 = CARTESIAN_POINT ( 'NONE',  ( -75.13703661103900799, -12.50000000000000000, 87.33414035777109063 ) ) ;
#1504 = CARTESIAN_POINT ( 'NONE',  ( -15.51664864783220033, -4.500000000000000000, 68.25802035811518920 ) ) ;
#1505 = PRODUCT_DEFINITION ( 'UNKNOWN', '', #2579, #3275 ) ;
#1506 = CARTESIAN_POINT ( 'NONE',  ( -13.75436083365409878, -4.500000000000000000, 63.00000000000000000 ) ) ;
#1507 = CARTESIAN_POINT ( 'NONE',  ( -37.48329120325099240, -12.50000000000000000, 73.59864055903931046 ) ) ;
#1508 = CARTESIAN_POINT ( 'NONE',  ( -73.25301720009611017, -4.500000000000000000, 96.51867790502180355 ) ) ;
#1509 = CARTESIAN_POINT ( 'NONE',  ( -85.66986295809100227, -12.49999999986759924, 72.15302780196989829 ) ) ;
#1510 = CARTESIAN_POINT ( 'NONE',  ( -76.29686956550908405, 8.244903367198237021, 95.81636945403874961 ) ) ;
#1511 = CARTESIAN_POINT ( 'NONE',  ( -85.86170275969250554, 12.49999999999399947, 73.02301654308800494 ) ) ;
#1512 = ORIENTED_EDGE ( 'NONE', *, *, #3732, .F. ) ;
#1513 = ADVANCED_FACE ( 'NONE', ( #2432 ), #2160, .F. ) ;
#1514 = CARTESIAN_POINT ( 'NONE',  ( -31.88321293780849786, 12.50000000000000000, 69.46004456877089694 ) ) ;
#1515 = CARTESIAN_POINT ( 'NONE',  ( -71.90762498674659753, 12.49999999999960032, 65.94857419108120666 ) ) ;
#1516 = CARTESIAN_POINT ( 'NONE',  ( -55.32990382218190462, -4.500000000000000000, 53.52302538182449609 ) ) ;
#1517 = CARTESIAN_POINT ( 'NONE',  ( -70.95314280452309674, 12.50000000000000000, 65.68155298980639145 ) ) ;
#1518 = CARTESIAN_POINT ( 'NONE',  ( -27.62619090740649952, 12.49999999999899991, 43.27154471139829894 ) ) ;
#1519 = CARTESIAN_POINT ( 'NONE',  ( -21.83722406390289805, -3.059375821630019754, 38.00000000000000000 ) ) ;
#1520 = VERTEX_POINT ( 'NONE', #1480 ) ;
#1521 = CARTESIAN_POINT ( 'NONE',  ( -81.87114131253490257, -12.49999999999910116, 80.19668711622199453 ) ) ;
#1522 = CARTESIAN_POINT ( 'NONE',  ( -79.89739774594409027, 12.49999999998390088, 82.50827228828579507 ) ) ;
#1523 = CARTESIAN_POINT ( 'NONE',  ( -21.66085814816199928, -12.49999999779929993, 62.62571432034469154 ) ) ;
#1524 = CARTESIAN_POINT ( 'NONE',  ( -5.884638014733989841, -5.940926632349780689, 62.91896285922435084 ) ) ;
#1525 = CARTESIAN_POINT ( 'NONE',  ( -8.968948462066114402, 10.91211060025894319, 61.01410558010991281 ) ) ;
#1526 = CARTESIAN_POINT ( 'NONE',  ( -76.61933836242685913, 5.030647176988950697, 96.76816670594992331 ) ) ;
#1527 = CARTESIAN_POINT ( 'NONE',  ( -85.87853805034579580, 12.49999999985139887, 72.79424173207969773 ) ) ;
#1528 = ORIENTED_EDGE ( 'NONE', *, *, #213, .T. ) ;
#1529 = CARTESIAN_POINT ( 'NONE',  ( -21.83722406390289805, 4.650802484893110211, 38.00000000000000000 ) ) ;
#1530 = CARTESIAN_POINT ( 'NONE',  ( -58.55897244903970034, 12.49999999999389999, 62.60453688247400095 ) ) ;
#1531 = ADVANCED_FACE ( 'NONE', ( #3061 ), #2106, .T. ) ;
#1532 = CARTESIAN_POINT ( 'NONE',  ( -40.34335786250159828, 4.500000000000000000, 47.59680386397509722 ) ) ;
#1533 = CARTESIAN_POINT ( 'NONE',  ( -27.43266147431689816, 4.632813184691689123, 37.35796398108420391 ) ) ;
#1534 = ORIENTED_EDGE ( 'NONE', *, *, #1576, .F. ) ;
#1535 = CARTESIAN_POINT ( 'NONE',  ( -74.46511570341787944, -12.29491649827822819, 90.39865042799817729 ) ) ;
#1536 = CARTESIAN_POINT ( 'NONE',  ( -84.70143351586061442, -12.49999999999910116, 76.07774860509120174 ) ) ;
#1537 = CARTESIAN_POINT ( 'NONE',  ( -38.00682279968764732, -0.6717428930055834302, 45.69664204551515496 ) ) ;
#1538 = DIRECTION ( 'NONE',  ( 0.000000000000000000, 1.000000000000000000, 0.000000000000000000 ) ) ;
#1539 = LINE ( 'NONE', #3141, #742 ) ;
#1540 = CARTESIAN_POINT ( 'NONE',  ( -6.561307128527806398, -8.011460592927505786, 62.49880910455354410 ) ) ;
#1541 = CARTESIAN_POINT ( 'NONE',  ( -9.074495065351110057, 10.98966794196039309, 60.94934670285145017 ) ) ;
#1542 = CARTESIAN_POINT ( 'NONE',  ( -31.90260678931890936, 11.06601886116129840, 36.70878869666763933 ) ) ;
#1543 = CARTESIAN_POINT ( 'NONE',  ( -6.840531079149219984, -4.643912947079499531, 38.00000000000000000 ) ) ;
#1544 = CARTESIAN_POINT ( 'NONE',  ( -18.14088904965819182, 12.50000000000000178, 69.83615811504076021 ) ) ;
#1545 = CARTESIAN_POINT ( 'NONE',  ( -85.70721531065480292, -12.49999999999939959, 73.75670751455561458 ) ) ;
#1546 = AXIS2_PLACEMENT_3D ( 'NONE', #532, #4004, #1817 ) ;
#1547 = CARTESIAN_POINT ( 'NONE',  ( -22.36924309419921286, 4.650797608423263618, 37.99998644619360277 ) ) ;
#1548 = CARTESIAN_POINT ( 'NONE',  ( -72.81189926557239289, 12.49999999999350031, 66.20366220409219693 ) ) ;
#1549 = AXIS2_PLACEMENT_3D ( 'NONE', #1897, #1572, #2896 ) ;
#1550 = CARTESIAN_POINT ( 'NONE',  ( -79.62836036275281515, -12.50000000000000000, 68.47291252189938859 ) ) ;
#1551 = CARTESIAN_POINT ( 'NONE',  ( -42.70165166030721338, 12.50000000000000178, 48.99957081015190852 ) ) ;
#1552 = CARTESIAN_POINT ( 'NONE',  ( -27.20165006275860264, 12.50000000000000000, 37.56447318358070220 ) ) ;
#1553 = CARTESIAN_POINT ( 'NONE',  ( -84.21776396779790730, -12.49999999997639932, 76.91069615790459579 ) ) ;
#1554 = CARTESIAN_POINT ( 'NONE',  ( -35.38009764167329507, -4.500000000000000000, 36.51849937187829909 ) ) ;
#1555 = CARTESIAN_POINT ( 'NONE',  ( -34.83840514463869908, 7.019577199930319367, 38.00539823872090039 ) ) ;
#1556 = CARTESIAN_POINT ( 'NONE',  ( -7.316402563985300311, -6.297159872201789632, 43.08817084433459854 ) ) ;
#1557 = CARTESIAN_POINT ( 'NONE',  ( -36.30244750399529607, -12.50000000000000000, 54.50372836250319608 ) ) ;
#1558 = CARTESIAN_POINT ( 'NONE',  ( -9.510232483555538963, 11.28139743506444503, 60.68233061069110335 ) ) ;
#1559 = CARTESIAN_POINT ( 'NONE',  ( -65.49193182485490183, -12.49999999999769962, 87.42293421013170018 ) ) ;
#1560 = CARTESIAN_POINT ( 'NONE',  ( -24.52396913087750363, 0.000000000000000000, 40.26312671901922613 ) ) ;
#1561 = CARTESIAN_POINT ( 'NONE',  ( -21.83722406390289805, 4.632813184691689123, 38.00000000000000000 ) ) ;
#1562 = CARTESIAN_POINT ( 'NONE',  ( -85.75886289723649725, 12.50000000000000000, 73.56888996367159450 ) ) ;
#1563 = CARTESIAN_POINT ( 'NONE',  ( -85.86518325916620142, -12.49999999999140066, 72.99020230992900338 ) ) ;
#1564 = LINE ( 'NONE', #3771, #3986 ) ;
#1565 = CARTESIAN_POINT ( 'NONE',  ( -85.85933095755319755, -12.50000000000000000, 72.52395584184139921 ) ) ;
#1566 = CARTESIAN_POINT ( 'NONE',  ( -83.08350034269381013, 12.49999999999680078, 70.11517492362250437 ) ) ;
#1567 = CARTESIAN_POINT ( 'NONE',  ( -86.05162342752886673, -12.50000000000000355, 62.61813612163057030 ) ) ;
#1568 = CARTESIAN_POINT ( 'NONE',  ( -90.12214129708711141, 4.500000000000000000, 65.29257863969380082 ) ) ;
#1569 = CARTESIAN_POINT ( 'NONE',  ( -28.62468130167900071, 12.49999999999919886, 46.09810419484239929 ) ) ;
#1570 = CARTESIAN_POINT ( 'NONE',  ( -73.95778607041239638, -12.49644280852330347, 88.89423373950221219 ) ) ;
#1571 = CARTESIAN_POINT ( 'NONE',  ( -35.33427620816581083, -12.50000000000000178, 36.89543100023103506 ) ) ;
#1572 = DIRECTION ( 'NONE',  ( 0.9510565162951517548, -0.000000000000000000, -0.3090169943749529469 ) ) ;
#1573 = CARTESIAN_POINT ( 'NONE',  ( -5.754360825795039602, -4.500000000000000000, 63.00000036993740338 ) ) ;
#1574 = CARTESIAN_POINT ( 'NONE',  ( -38.56996840854050390, -12.49999999995629985, 55.84086218825740389 ) ) ;
#1575 = CARTESIAN_POINT ( 'NONE',  ( -7.122853022050654737, 8.975684785658227582, 62.15108595209302678 ) ) ;
#1576 = EDGE_CURVE ( 'NONE', #1381, #3577, #2163, .T. ) ;
#1577 = CARTESIAN_POINT ( 'NONE',  ( -66.35960665739928288, -12.49999999999399947, 87.58288543092599809 ) ) ;
#1578 = CARTESIAN_POINT ( 'NONE',  ( -63.18628943681049748, -12.49999999999859845, 86.95465252811408163 ) ) ;
#1579 = CARTESIAN_POINT ( 'NONE',  ( -82.21938488322540195, -4.500000000000000000, 91.62933046952520044 ) ) ;
#1580 = CARTESIAN_POINT ( 'NONE',  ( -76.31740893706714246, 8.131028215241633106, 95.87693598806818329 ) ) ;
#1581 = CARTESIAN_POINT ( 'NONE',  ( -87.89499691805409043, 4.500000000000000000, 85.48042002248350002 ) ) ;
#1582 = ORIENTED_EDGE ( 'NONE', *, *, #3657, .T. ) ;
#1583 = CARTESIAN_POINT ( 'NONE',  ( -85.87576495127268572, -12.49999999992790123, 72.64679919933911378 ) ) ;
#1584 = CARTESIAN_POINT ( 'NONE',  ( -14.29004560895420006, 12.50000000000000000, 58.39390330789299810 ) ) ;
#1585 = CARTESIAN_POINT ( 'NONE',  ( -93.85944419677173300, -12.50000000000000711, 72.09902078306278383 ) ) ;
#1586 = CARTESIAN_POINT ( 'NONE',  ( -82.58588028667730896, 12.50000000000040146, 69.83866265540599727 ) ) ;
#1587 = CARTESIAN_POINT ( 'NONE',  ( -80.35084256997220109, -12.50000000000000000, 68.77229512754099972 ) ) ;
#1588 = CARTESIAN_POINT ( 'NONE',  ( -28.63422617169430140, 12.49999999999910116, 46.11877161829870175 ) ) ;
#1589 = SURFACE_STYLE_FILL_AREA ( #2481 ) ;
#1590 = CARTESIAN_POINT ( 'NONE',  ( -81.91397034182639914, -12.49999999999880096, 80.14319976003710622 ) ) ;
#1591 = CARTESIAN_POINT ( 'NONE',  ( -75.81421145811390261, 12.50000000000000000, 86.68998722204570129 ) ) ;
#1592 = CARTESIAN_POINT ( 'NONE',  ( -27.32400641830680144, -12.50000000000000000, 36.49543784985340267 ) ) ;
#1593 = FACE_OUTER_BOUND ( 'NONE', #1177, .T. ) ;
#1594 = CARTESIAN_POINT ( 'NONE',  ( -6.687443674916179859, 6.161944597087123832, 41.78356207700745273 ) ) ;
#1595 = CARTESIAN_POINT ( 'NONE',  ( -11.95876340175513519, -12.29616148871476966, 59.19179835789001487 ) ) ;
#1596 = CARTESIAN_POINT ( 'NONE',  ( -37.65817685153169947, -12.49999999999949907, 55.33683183436299657 ) ) ;
#1597 = CARTESIAN_POINT ( 'NONE',  ( -76.61933885538631728, 4.500000000000000000, 96.76816716052469758 ) ) ;
#1598 = CARTESIAN_POINT ( 'NONE',  ( -65.41814743657720044, -12.49999999999809930, 87.40921376973059864 ) ) ;
#1599 = CARTESIAN_POINT ( 'NONE',  ( -89.22730055100889501, -4.500000000000000000, 83.76329018932570136 ) ) ;
#1600 = DIRECTION ( 'NONE',  ( 0.000000000000000000, -1.000000000000000000, 0.000000000000000000 ) ) ;
#1601 = CARTESIAN_POINT ( 'NONE',  ( -71.56172829810860492, 12.50000000000000000, 90.56455543162910260 ) ) ;
#1602 = ORIENTED_EDGE ( 'NONE', *, *, #2672, .T. ) ;
#1603 = CARTESIAN_POINT ( 'NONE',  ( -85.78849136806771014, -12.49999999999140066, 73.44196576825599720 ) ) ;
#1604 = CARTESIAN_POINT ( 'NONE',  ( -35.06198928911379653, -12.49999999989000088, 53.65277905485629617 ) ) ;
#1605 = CARTESIAN_POINT ( 'NONE',  ( -85.87929857976470771, -12.50000000000000000, 72.74502516014759124 ) ) ;
#1606 = CARTESIAN_POINT ( 'NONE',  ( -81.12129731677471511, 12.49999999998589928, 69.11567791864180776 ) ) ;
#1607 = COLOUR_RGB ( '',1.000000000000000000, 1.000000000000000000, 1.000000000000000000 ) ;
#1608 = CARTESIAN_POINT ( 'NONE',  ( -85.28031091993409518, -4.500000000000000000, 62.22777272163190077 ) ) ;
#1609 = CARTESIAN_POINT ( 'NONE',  ( -84.46742572224019341, 12.50000000000000000, 71.00932699953379768 ) ) ;
#1610 = AXIS2_PLACEMENT_3D ( 'NONE', #1657, #1622, #2865 ) ;
#1611 = CARTESIAN_POINT ( 'NONE',  ( -28.04882772964610282, 12.49999999999930012, 44.67521314073490402 ) ) ;
#1612 = CARTESIAN_POINT ( 'NONE',  ( -85.48743070131301636, -12.49999999992429878, 74.41267932705980570 ) ) ;
#1613 = CARTESIAN_POINT ( 'NONE',  ( -73.83688604734400940, 12.50000000000000000, 88.53673832600750870 ) ) ;
#1614 = CARTESIAN_POINT ( 'NONE',  ( -27.24236546066149955, -12.50000000000000000, 37.17081142500900626 ) ) ;
#1615 = CARTESIAN_POINT ( 'NONE',  ( -27.28193266403559747, 12.50000000000000000, 36.84154781967689729 ) ) ;
#1616 = CARTESIAN_POINT ( 'NONE',  ( -6.397042088895092959, 6.574714253245434570, 41.98428065648451479 ) ) ;
#1617 = CARTESIAN_POINT ( 'NONE',  ( -11.28853497032858044, -12.11450388390475652, 59.59805846188690026 ) ) ;
#1618 = CARTESIAN_POINT ( 'NONE',  ( -29.02383503101487960, -12.30691047243830738, 37.00329124331085495 ) ) ;
#1619 = CARTESIAN_POINT ( 'NONE',  ( -33.28196191638816970, 9.829111860737468120, 36.92979091113634382 ) ) ;
#1620 = CARTESIAN_POINT ( 'NONE',  ( -75.23818474419779534, -12.49999999999540101, 66.92669279280870853 ) ) ;
#1621 = CARTESIAN_POINT ( 'NONE',  ( -76.27444695012245290, -12.49999999999940670, 97.06777861289170062 ) ) ;
#1622 = DIRECTION ( 'NONE',  ( 0.000000000000000000, 0.000000000000000000, 1.000000000000000000 ) ) ;
#1623 = CARTESIAN_POINT ( 'NONE',  ( -76.61209963041959270, 4.500000000000000000, 96.77448253426818781 ) ) ;
#1624 = CARTESIAN_POINT ( 'NONE',  ( -85.86258117161030157, -12.49999999989540100, 72.54025873145610603 ) ) ;
#1625 = UNCERTAINTY_MEASURE_WITH_UNIT (LENGTH_MEASURE( 1.000000000000000082E-05 ), #2428, 'distance_accuracy_value', 'NONE');
#1626 = CARTESIAN_POINT ( 'NONE',  ( -85.87445497577469666, -12.50000000000000000, 72.89219804180980589 ) ) ;
#1627 = CARTESIAN_POINT ( 'NONE',  ( -82.81434916644600719, 12.49999999999969980, 69.96354341668939014 ) ) ;
#1628 = EDGE_CURVE ( 'NONE', #1964, #575, #1099, .T. ) ;
#1629 = CARTESIAN_POINT ( 'NONE',  ( -87.66167892294919284, -4.500000000000000000, 63.52694729057180467 ) ) ;
#1630 = CARTESIAN_POINT ( 'NONE',  ( -29.45380554705360154, 12.50000000000000000, 47.67537519906080234 ) ) ;
#1631 = MANIFOLD_SOLID_BREP ( 'Переместить грань1', #3327 ) ;
#1632 = CARTESIAN_POINT ( 'NONE',  ( -35.12294061828631442, -12.50000000000000178, 39.27141109740114189 ) ) ;
#1633 = CARTESIAN_POINT ( 'NONE',  ( -27.32393528243460068, 12.50000000000000000, 36.49602303746800658 ) ) ;
#1634 = CARTESIAN_POINT ( 'NONE',  ( -6.915973096928469843, 4.500000000000000000, 63.57770733110279338 ) ) ;
#1635 = CARTESIAN_POINT ( 'NONE',  ( -50.10580421012389962, -12.49999999991159960, 60.34748699602219091 ) ) ;
#1636 = CARTESIAN_POINT ( 'NONE',  ( -11.81003540211636249, 12.26106405637315433, 59.28207967221597841 ) ) ;
#1637 = CARTESIAN_POINT ( 'NONE',  ( -77.43304654993541192, -12.49999999999889866, 67.65298896775290416 ) ) ;
#1638 = CARTESIAN_POINT ( 'NONE',  ( -76.62190718963660174, -12.50000000000000000, 85.91321996617689649 ) ) ;
#1639 = CARTESIAN_POINT ( 'NONE',  ( -26.41181053703699178, 1.347111479062088257E-16, 38.56330668192028810 ) ) ;
#1640 = CARTESIAN_POINT ( 'NONE',  ( -6.895054377438449400, -5.896393539521859850, 41.75000000000000000 ) ) ;
#1641 = CARTESIAN_POINT ( 'NONE',  ( -79.81421041056997012, 12.50000000000000178, 93.91412985293236204 ) ) ;
#1642 = EDGE_LOOP ( 'NONE', ( #87, #1528, #2889, #3530 ) ) ;
#1643 = CARTESIAN_POINT ( 'NONE',  ( -29.32996844737740005, -12.49999999999979927, 47.46205793140099871 ) ) ;
#1644 = CARTESIAN_POINT ( 'NONE',  ( -84.86049198268720772, 12.49999999999490008, 71.32196465608159031 ) ) ;
#1645 = CARTESIAN_POINT ( 'NONE',  ( -83.26680941416370274, -12.49999999999180034, 70.22131755286670796 ) ) ;
#1646 = CARTESIAN_POINT ( 'NONE',  ( -74.30685666988938465, 12.38599218859785545, 89.92951529279886813 ) ) ;
#1647 = CARTESIAN_POINT ( 'NONE',  ( -89.72032177685349552, 4.500000000000000000, 64.95815814671260569 ) ) ;
#1648 = CARTESIAN_POINT ( 'NONE',  ( -28.57483137342880042, 12.49999999999949907, 45.98879279474600423 ) ) ;
#1649 = ADVANCED_FACE ( 'NONE', ( #2452 ), #1310, .F. ) ;
#1650 = CARTESIAN_POINT ( 'NONE',  ( -5.871872862025630191, -5.866142651248370754, 37.99999999994489741 ) ) ;
#1651 = CARTESIAN_POINT ( 'NONE',  ( -9.284339254726429402, 12.50000000000000000, 55.82090211363919963 ) ) ;
#1652 = CARTESIAN_POINT ( 'NONE',  ( -8.280990711119182279, -10.33459566033692845, 61.43666385131547969 ) ) ;
#1653 = CARTESIAN_POINT ( 'NONE',  ( -67.95257282797659570, 12.50000000000000000, 87.84901644828399014 ) ) ;
#1654 = CARTESIAN_POINT ( 'NONE',  ( -28.32250646700090968, -12.42987467337435881, 37.15367115967755751 ) ) ;
#1655 = CARTESIAN_POINT ( 'NONE',  ( -76.66478228712620080, -12.50000000000040146, 67.38878334635970191 ) ) ;
#1656 = CARTESIAN_POINT ( 'NONE',  ( -86.93164452932063568, -12.50000000000000178, 86.63666418500727673 ) ) ;
#1657 = CARTESIAN_POINT ( 'NONE',  ( -13.75436083365409878, 4.500000000000000000, 42.75000000000000000 ) ) ;
#1658 = CARTESIAN_POINT ( 'NONE',  ( -13.75436083365409878, 12.50000000000000000, 38.00000000000000000 ) ) ;
#1659 = CARTESIAN_POINT ( 'NONE',  ( -77.07337210008853390, 12.50000000000000178, 96.37243252404208249 ) ) ;
#1660 = ORIENTED_EDGE ( 'NONE', *, *, #1576, .T. ) ;
#1661 = CARTESIAN_POINT ( 'NONE',  ( -85.76419736048669051, 12.49999999966039965, 72.29749429860940779 ) ) ;
#1662 = ORIENTED_EDGE ( 'NONE', *, *, #650, .F. ) ;
#1663 = CARTESIAN_POINT ( 'NONE',  ( -81.55790183777619973, -12.49999999996000000, 69.31842938726019554 ) ) ;
#1664 = CARTESIAN_POINT ( 'NONE',  ( -92.75873645302350212, 4.500000000000000000, 68.40991147157909325 ) ) ;
#1665 = CARTESIAN_POINT ( 'NONE',  ( -45.71668283492940077, 12.49999999993429967, 58.93369098301970155 ) ) ;
#1666 = VECTOR ( 'NONE', #1194, 1000.000000000000000 ) ;
#1667 = CARTESIAN_POINT ( 'NONE',  ( -28.61154144335339922, -12.50000000000000000, 46.12852108337889945 ) ) ;
#1668 = AXIS2_PLACEMENT_3D ( 'NONE', #240, #1834, #293 ) ;
#1669 = CARTESIAN_POINT ( 'NONE',  ( -30.35689192528980129, 12.50000000000000000, 49.06279045527909943 ) ) ;
#1670 = CARTESIAN_POINT ( 'NONE',  ( -5.566537325233519518, 12.49999999999980282, 62.90749553042164166 ) ) ;
#1671 = CARTESIAN_POINT ( 'NONE',  ( -10.81359674941875149, -11.93991902152368390, 59.88693443586046072 ) ) ;
#1672 = CARTESIAN_POINT ( 'NONE',  ( -76.61933922723889623, 4.500000000000000000, 96.76816765603379622 ) ) ;
#1673 = CARTESIAN_POINT ( 'NONE',  ( -66.55076539277159497, -12.50000000000000000, 64.55377899874820002 ) ) ;
#1674 = EDGE_CURVE ( 'NONE', #575, #2657, #3309, .T. ) ;
#1675 = CARTESIAN_POINT ( 'NONE',  ( -85.40809685060879985, 12.49999999997370104, 74.61222495891280460 ) ) ;
#1676 = CARTESIAN_POINT ( 'NONE',  ( -36.46017014371776810, 2.069308050723626113, 43.80759380308268902 ) ) ;
#1677 = DIRECTION ( 'NONE',  ( -0.7225024577480209098, -0.2340566747655589697, -0.6505441349714549126 ) ) ;
#1678 = VERTEX_POINT ( 'NONE', #2144 ) ;
#1679 = CARTESIAN_POINT ( 'NONE',  ( -85.83363602240549994, -12.49999999700249909, 72.43753243467871528 ) ) ;
#1680 = B_SPLINE_CURVE_WITH_KNOTS ( 'NONE', 3,
 ( #3533, #3360, #1793, #1774, #2708, #3979, #2890, #173, #1646, #3632, #2662, #458, #71, #3025, #3935, #3319, #2980, #2331, #683, #525, #1446, #1400, #482, #2634, #214, #1487, #195, #153, #3215, #3908, #2396, #2685, #3958, #1425, #3678, #839, #2727, #1091, #3610, #2255, #2034, #3295, #2352, #1752, #2765, #566, #3736, #3382, #3444, #1231, #1510, #1580, #3464, #2416, #932, #617, #597, #2166, #858, #3698, #4018, #1526, #2109 ),
 .UNSPECIFIED., .F., .F.,
 ( 4, 2, 2, 2, 1, 1, 2, 2, 2, 2, 1, 1, 1, 1, 2, 2, 2, 2, 1, 1, 1, 2, 2, 2, 2, 1, 1, 2, 2, 2, 2, 2, 1, 1, 2, 2, 2, 4 ),
 ( 0.000000000000000000, 0.06250000000000160982, 0.09375000000000090206, 0.1093750000000009437, 0.1171875000000009298, 0.1210937500000023870, 0.1230468750000027478, 0.1250000000000031086, 0.1874999999999738265, 0.2187499999999586442, 0.2343749999999510947, 0.2421874999999490685, 0.2460937499999479305, 0.2480468749999472922, 0.2490234374999463207, 0.2499999999999453493, 0.3124999999999312772, 0.3437499999999242273, 0.3593749999999213407, 0.3671874999999199529, 0.3710937499999196754, 0.3730468749999193978, 0.3749999999999191203, 0.4374999999999125699, 0.4687499999999088507, 0.4843749999999082401, 0.4921874999999089617, 0.4960937499999107936, 0.4999999999999126254, 0.6249999999999028555, 0.6874999999998970823, 0.7187499999998948619, 0.7343749999998933076, 0.7421874999998930855, 0.7460937499998934186, 0.7499999999998937517, 0.8749999999999469313, 1.000000000000000000 ),
 .UNSPECIFIED. ) ;
#1681 = CARTESIAN_POINT ( 'NONE',  ( -35.48835463429590220, -12.49999999991329958, 53.95629297898990018 ) ) ;
#1682 = CARTESIAN_POINT ( 'NONE',  ( -53.13415927902580194, -12.49999999531129902, 83.67308517311259664 ) ) ;
#1683 = CARTESIAN_POINT ( 'NONE',  ( -85.06122848613068754, -12.50000000000000000, 75.38916253704360315 ) ) ;
#1684 = CARTESIAN_POINT ( 'NONE',  ( -85.87577535580550148, 12.49999999992760102, 72.64694659439400937 ) ) ;
#1685 = ORIENTED_EDGE ( 'NONE', *, *, #2518, .F. ) ;
#1686 = CARTESIAN_POINT ( 'NONE',  ( -44.85643576841199831, -12.50000000000710010, 78.95775789674229372 ) ) ;
#1687 = CARTESIAN_POINT ( 'NONE',  ( -77.35038696465119301, 12.50000000000040146, 85.18763027353800510 ) ) ;
#1688 = CARTESIAN_POINT ( 'NONE',  ( -84.92478031020239371, -12.50000000000000000, 71.37550037857110397 ) ) ;
#1689 = CARTESIAN_POINT ( 'NONE',  ( -93.68026175809870892, 4.500000000000000000, 70.83061108989920740 ) ) ;
#1690 = CARTESIAN_POINT ( 'NONE',  ( -34.44451968589429924, 12.50000000000080114, 53.18827333779530164 ) ) ;
#1691 = CARTESIAN_POINT ( 'NONE',  ( -27.19987092713749988, -12.50000000000000000, 40.85278496704330564 ) ) ;
#1692 = CARTESIAN_POINT ( 'NONE',  ( -35.46978737058429942, 4.500000000000000000, 41.64239966089219536 ) ) ;
#1693 = CARTESIAN_POINT ( 'NONE',  ( -6.343178007050033429, 7.398822738626233075, 42.46300863695013561 ) ) ;
#1694 = CARTESIAN_POINT ( 'NONE',  ( -34.25188673690746555, -8.415781704550543196, 37.31567429104742217 ) ) ;
#1695 = CARTESIAN_POINT ( 'NONE',  ( -76.14505243468188667, 4.500000000000000000, 96.73802994768769281 ) ) ;
#1696 = CARTESIAN_POINT ( 'NONE',  ( -13.75436083281629962, 12.50000000000000000, 58.10893120994299466 ) ) ;
#1697 = CARTESIAN_POINT ( 'NONE',  ( -78.40222464249929146, -12.50000000000000000, 68.00177132643359812 ) ) ;
#1698 = CARTESIAN_POINT ( 'NONE',  ( -11.23405757296720076, -12.50000000000000000, 56.79625205699520052 ) ) ;
#1699 = CARTESIAN_POINT ( 'NONE',  ( -84.42146954733470920, 12.49999999999620037, 76.56982891642549305 ) ) ;
#1700 = CARTESIAN_POINT ( 'NONE',  ( -6.280354490721568261, -7.265587066215124068, 42.50371446761376859 ) ) ;
#1701 = CARTESIAN_POINT ( 'NONE',  ( -35.20273727564936905, 0.7055527123810049206, 40.37715638653210704 ) ) ;
#1702 = LINE ( 'NONE', #1748, #607 ) ;
#1703 = EDGE_CURVE ( 'NONE', #2038, #3628, #3997, .T. ) ;
#1704 = ORIENTED_EDGE ( 'NONE', *, *, #33, .F. ) ;
#1705 = CARTESIAN_POINT ( 'NONE',  ( -27.60623960110950037, -12.49999999999839950, 43.19190949770499799 ) ) ;
#1706 = CARTESIAN_POINT ( 'NONE',  ( -85.65184681976100478, -12.50000000000000000, 73.94353130238960148 ) ) ;
#1707 = CARTESIAN_POINT ( 'NONE',  ( -85.86406269083529708, 12.49999999992349942, 72.54858479892099865 ) ) ;
#1708 = ORIENTED_EDGE ( 'NONE', *, *, #2706, .F. ) ;
#1709 = CARTESIAN_POINT ( 'NONE',  ( -83.13062623471380164, -12.49999999999540101, 70.14230416210310182 ) ) ;
#1710 = CARTESIAN_POINT ( 'NONE',  ( -75.50942580019230377, 12.50000000000000000, 86.98038846250109657 ) ) ;
#1711 = CARTESIAN_POINT ( 'NONE',  ( -93.14337287449177438, 12.50000000000000000, 69.17243549854211437 ) ) ;
#1712 = CARTESIAN_POINT ( 'NONE',  ( -44.40199592865509715, 12.49999999997669953, 58.45123216629740170 ) ) ;
#1713 = CARTESIAN_POINT ( 'NONE',  ( -49.74083938685459572, -4.500000000000000000, 51.86996901405729687 ) ) ;
#1714 = CARTESIAN_POINT ( 'NONE',  ( -35.18002084615949343, 12.50000000000000178, 38.17626313352698730 ) ) ;
#1715 = CARTESIAN_POINT ( 'NONE',  ( -34.30508204470814348, -8.314377528700626740, 37.34189215794268080 ) ) ;
#1716 = CARTESIAN_POINT ( 'NONE',  ( -75.76277771971150798, 12.50000000000000000, 88.69295802713860155 ) ) ;
#1717 = CARTESIAN_POINT ( 'NONE',  ( -76.07947168353202017, -9.247327462719100666, 95.17484869102825940 ) ) ;
#1718 = CARTESIAN_POINT ( 'NONE',  ( 14.35328174760400088, -24.00002500000000083, 38.00000000000000000 ) ) ;
#1719 = CARTESIAN_POINT ( 'NONE',  ( -5.340177779904600186, -4.500000000000000000, 62.79599731245210137 ) ) ;
#1720 = CARTESIAN_POINT ( 'NONE',  ( -84.11256735708180088, 12.49999999996770050, 77.07910232358818803 ) ) ;
#1721 = CARTESIAN_POINT ( 'NONE',  ( -6.599035691143627425, -6.031754750320122760, 41.78696805906233180 ) ) ;
#1722 = CARTESIAN_POINT ( 'NONE',  ( -26.41181053703699178, 1.347111479062088257E-16, 38.56330668192028810 ) ) ;
#1723 = EDGE_LOOP ( 'NONE', ( #3279, #94, #2900, #2251, #2935, #738 ) ) ;
#1724 = CARTESIAN_POINT ( 'NONE',  ( -33.76736980755939754, -9.207352096674959796, 36.91275821386449962 ) ) ;
#1725 = ORIENTED_EDGE ( 'NONE', *, *, #332, .F. ) ;
#1726 = CARTESIAN_POINT ( 'NONE',  ( -75.18266989832270042, -4.500000000000000000, 96.67192862445220669 ) ) ;
#1727 = CARTESIAN_POINT ( 'NONE',  ( -85.84434151606599528, -12.49999999820520102, 72.46822030825498473 ) ) ;
#1728 = CARTESIAN_POINT ( 'NONE',  ( -27.16476818790680170, -12.49999999999979927, 40.35787744701179491 ) ) ;
#1729 = CARTESIAN_POINT ( 'NONE',  ( -93.71645894228109341, -4.500000000000000000, 74.59573624582829154 ) ) ;
#1730 = CARTESIAN_POINT ( 'NONE',  ( -85.46909625457949744, 12.49999999975810105, 71.90334806836730763 ) ) ;
#1731 = B_SPLINE_CURVE_WITH_KNOTS ( 'NONE', 3,
 ( #1613, #3593, #116, #1382, #3137, #18, #3890, #2291, #3798, #2, #2502, #96, #753, #3280, #442, #3778, #4061, #1261, #2483, #3758, #927, #626, #2198, #3454, #3495, #2217, #644, #611, #2854, #1360, #1879, #2596, #3344, #2733, #798, #2040, #1430, #220, #2335, #1494, #3702, #2061, #2640, #3917, #2667, #3683, #489, #824, #4001, #864, #3940, #3615, #2080, #2113, #1157, #1178, #1118, #1096, #200, #774, #2401, #3301, #1756, #843, #2096, #1450, #465, #2357, #3029, #2420, #3364, #3388, #3638, #529, #2987, #137, #551, #2964, #1778, #1797, #3047, #2379, #3962, #159, #1406, #1734, #3323, #1470, #3009, #3983, #178, #2689, #1138, #3661, #509, #2711, #1198, #270, #2134, #3790, #960, #3737, #1514, #3409, #1871, #3752, #2172, #4037, #1890, #2494, #2806, #2442, #3721, #919, #3447, #2210, #1236, #1815, #1215, #899, #2750, #4022, #4071, #3129, #570, #3488, #13, #3070, #1584, #1271 ),
 .UNSPECIFIED., .F., .F.,
 ( 4, 3, 3, 3, 3, 3, 3, 3, 3, 3, 3, 3, 3, 3, 3, 3, 3, 3, 3, 3, 3, 3, 3, 3, 3, 3, 3, 3, 3, 3, 3, 3, 3, 3, 3, 3, 3, 3, 3, 3, 3, 3, 3, 4 ),
 ( 4.388541835720879613E-17, 0.001087478955130400131, 0.003501665576672390121, 0.004282873141071090115, 0.005919110525843679360, 0.008340624558343860337, 0.008565746282142129922, 0.01044797747372529922, 0.01070718285267770013, 0.01076651060026619956, 0.01198097875524969935, 0.01284861942321320095, 0.01319761994681119960, 0.01475005666907180067, 0.01499005599374870004, 0.01562979710258279725, 0.01713149256428420086, 0.01806250682750690228, 0.02049500517308909878, 0.02141436570535529965, 0.02382850167089409915, 0.02536005494728150317, 0.02569723884642630130, 0.02866740611124099850, 0.02998011198749740008, 0.03022515113252779995, 0.03265811006778059772, 0.03426298512856839479, 0.03508991380361119877, 0.03854585826963939643, 0.03995533836182789400, 0.04238785833445420093, 0.04387402344667830356, 0.04482037830708050091, 0.04711160455178150380, 0.04968515843276560123, 0.05139447769285260259, 0.05455044111584309713, 0.05941387117063830214, 0.05996022397499468914, 0.06184498445432929509, 0.06427595814282260900, 0.06670667182012519902, 0.06852597001687089906 ),
 .UNSPECIFIED. ) ;
#1732 = CARTESIAN_POINT ( 'NONE',  ( -48.61035954137739878, -12.49999999991690025, 81.33060298816441502 ) ) ;
#1733 = ORIENTED_EDGE ( 'NONE', *, *, #4000, .F. ) ;
#1734 = CARTESIAN_POINT ( 'NONE',  ( -40.61406722531520330, 12.49999999976660092, 75.93725915538320237 ) ) ;
#1735 = CARTESIAN_POINT ( 'NONE',  ( -85.82122692756601623, -12.50000000000000000, 72.40728445439319216 ) ) ;
#1736 = CARTESIAN_POINT ( 'NONE',  ( -93.82345246094706681, 12.50000000000000355, 71.69028904164785843 ) ) ;
#1737 = CARTESIAN_POINT ( 'NONE',  ( -38.57037213374329809, 12.49999999995629985, 55.84107976686220098 ) ) ;
#1738 = CARTESIAN_POINT ( 'NONE',  ( -39.44880825991428708, -12.50000000000000178, 46.95780541796226970 ) ) ;
#1739 = CARTESIAN_POINT ( 'NONE',  ( -36.81820243643609558, 12.50000000000000178, 44.33522978781778789 ) ) ;
#1740 = CARTESIAN_POINT ( 'NONE',  ( -34.14457649033955278, -8.611667152790467128, 37.26419636580667571 ) ) ;
#1741 = FACE_OUTER_BOUND ( 'NONE', #217, .T. ) ;
#1742 = CARTESIAN_POINT ( 'NONE',  ( -75.08098333718072581, -11.66025277307942432, 92.22192249189708946 ) ) ;
#1743 = CARTESIAN_POINT ( 'NONE',  ( -6.141297907042889470, 6.958079081703297142, 40.60505199411212374 ) ) ;
#1744 = CARTESIAN_POINT ( 'NONE',  ( -9.102407808213589746, -12.50000000000000000, 55.73131154972690382 ) ) ;
#1745 = CARTESIAN_POINT ( 'NONE',  ( -82.05441085222710740, 12.49999999999779909, 79.96759880490910177 ) ) ;
#1746 = CARTESIAN_POINT ( 'NONE',  ( -6.272432119165014974, -6.681008816941563566, 42.14112917602466979 ) ) ;
#1747 = CARTESIAN_POINT ( 'NONE',  ( -39.68978558247690103, -12.50000000000000000, 75.24990095954829883 ) ) ;
#1748 = CARTESIAN_POINT ( 'NONE',  ( -22.87262905705510008, -5.862361807952879644, 41.75000000000000000 ) ) ;
#1749 = CIRCLE ( 'NONE', #1549, 2.200000000000000178 ) ;
#1750 = CARTESIAN_POINT ( 'NONE',  ( -13.75436083365409878, -4.500000000000000000, 42.75000000000000000 ) ) ;
#1751 = CARTESIAN_POINT ( 'NONE',  ( -85.40796590359128970, -12.49999999995769961, 71.83582614799209409 ) ) ;
#1752 = CARTESIAN_POINT ( 'NONE',  ( -75.75024451269649717, 10.31379265495528408, 94.20095196475315902 ) ) ;
#1753 = CARTESIAN_POINT ( 'NONE',  ( -27.42823500907769940, -12.49999999999979927, 42.38361018156610527 ) ) ;
#1754 = CARTESIAN_POINT ( 'NONE',  ( -85.57074647679789337, 12.49999999937369921, 72.02289846994619893 ) ) ;
#1755 = EDGE_LOOP ( 'NONE', ( #3315, #3209, #725, #3127, #3728 ) ) ;
#1756 = CARTESIAN_POINT ( 'NONE',  ( -50.09604049537919934, 12.49999999987920063, 82.16754325153640082 ) ) ;
#1757 = CARTESIAN_POINT ( 'NONE',  ( -92.59482653710220745, -4.500000000000000000, 68.12982605164350502 ) ) ;
#1758 = CARTESIAN_POINT ( 'NONE',  ( -85.84687726659620921, 12.50000000000000000, 72.47637205783350112 ) ) ;
#1759 = CARTESIAN_POINT ( 'NONE',  ( -53.24776644046590235, 12.49999999999359979, 61.23767148589919884 ) ) ;
#1760 = EDGE_CURVE ( 'NONE', #2014, #3272, #3140, .T. ) ;
#1761 = CARTESIAN_POINT ( 'NONE',  ( -41.82366869314719793, -4.500000000000000000, 86.57868704730600484 ) ) ;
#1762 = CARTESIAN_POINT ( 'NONE',  ( -36.19884620967432198, -12.50000000000000355, 43.37255743426872101 ) ) ;
#1763 = CARTESIAN_POINT ( 'NONE',  ( -35.63371693442920218, 4.500000000000000000, 42.14883023262049733 ) ) ;
#1764 = CARTESIAN_POINT ( 'NONE',  ( -35.15942057136759757, -5.368222989092577002, 37.94269259946735673 ) ) ;
#1765 = CARTESIAN_POINT ( 'NONE',  ( -23.68281634643030031, -3.059375821630019754, 38.00000000000000000 ) ) ;
#1766 = CARTESIAN_POINT ( 'NONE',  ( -76.02270427561273891, -9.462068262232770977, 95.00711240861210172 ) ) ;
#1767 = CARTESIAN_POINT ( 'NONE',  ( -75.96590035809150265, -12.50000000000000000, 86.54410911406971252 ) ) ;
#1768 = CARTESIAN_POINT ( 'NONE',  ( -84.75323072555160309, 12.49999999999779909, 75.98296660300358951 ) ) ;
#1769 = CARTESIAN_POINT ( 'NONE',  ( -5.873996534638050271, -5.459856968235750507, 38.00000000001210054 ) ) ;
#1770 = CARTESIAN_POINT ( 'NONE',  ( -21.50572447315520108, -12.49999999797980088, 62.53065813845569210 ) ) ;
#1771 = CARTESIAN_POINT ( 'NONE',  ( -29.55008042112150335, 17.71000000000000085, 36.90056670021530039 ) ) ;
#1772 = CARTESIAN_POINT ( 'NONE',  ( -69.36889095733293686, -12.50000000000000000, 96.11800931336067322 ) ) ;
#1773 = CARTESIAN_POINT ( 'NONE',  ( -85.54970428120590498, -12.49999999942800066, 71.99746140354091040 ) ) ;
#1774 = CARTESIAN_POINT ( 'NONE',  ( -74.08819720488531857, 12.46860200099941984, 89.28061056537904960 ) ) ;
#1775 = CARTESIAN_POINT ( 'NONE',  ( -27.89372388777439937, -12.49999999999140066, 44.21695307089159854 ) ) ;
#1776 = CARTESIAN_POINT ( 'NONE',  ( -85.87591630940249843, 12.49999999994849986, 72.85986776485439975 ) ) ;
#1777 = ORIENTED_EDGE ( 'NONE', *, *, #2645, .F. ) ;
#1778 = CARTESIAN_POINT ( 'NONE',  ( -43.52308717989320996, 12.49999999998949995, 78.03288529189120482 ) ) ;
#1779 = CARTESIAN_POINT ( 'NONE',  ( -90.34710861666935955, 12.50000000000000178, 82.17752216006205401 ) ) ;
#1780 = CARTESIAN_POINT ( 'NONE',  ( -62.35166956308879804, 12.49999999999869971, 63.52919106643920344 ) ) ;
#1781 = CARTESIAN_POINT ( 'NONE',  ( -52.49157727543366292, -12.50000000000000178, 52.72419370276623596 ) ) ;
#1782 = CARTESIAN_POINT ( 'NONE',  ( -74.46235091323529787, 12.50000000000000000, 66.68416272082700402 ) ) ;
#1783 = CARTESIAN_POINT ( 'NONE',  ( -34.67665645597625002, -7.472294262806244092, 37.56054660593112970 ) ) ;
#1784 = CARTESIAN_POINT ( 'NONE',  ( -34.93784623166324366, 6.638613822901114681, 37.74426521247205812 ) ) ;
#1785 = B_SPLINE_CURVE_WITH_KNOTS ( 'NONE', 3,
 ( #3692, #4012, #2652, #2677, #782, #3970, #1743, #3395, #560, #1478, #3334, #1108, #2996, #2719 ),
 .UNSPECIFIED., .F., .F.,
 ( 4, 2, 1, 1, 1, 1, 2, 2, 4 ),
 ( 0.000000000000000000, 0.2499999999999533151, 0.3749999999999317768, 0.4374999999999227285, 0.4687499999999165112, 0.4843749999999134581, 0.4921874999999136802, 0.4999999999999139577, 1.000000000000000000 ),
 .UNSPECIFIED. ) ;
#1786 = CARTESIAN_POINT ( 'NONE',  ( -75.63779684351543153, -10.60893687405802055, 93.86870647034085380 ) ) ;
#1787 = DIRECTION ( 'NONE',  ( 0.000000000000000000, -1.000000000000000000, 0.000000000000000000 ) ) ;
#1788 = CARTESIAN_POINT ( 'NONE',  ( -25.19715842554009910, -4.500000000000000000, 74.49525678312639343 ) ) ;
#1789 = CARTESIAN_POINT ( 'NONE',  ( -79.83356548895321225, 12.49999999998030020, 82.57881319106779472 ) ) ;
#1790 = CARTESIAN_POINT ( 'NONE',  ( -37.17253826718599896, -12.50000000000000000, 73.36585068065780035 ) ) ;
#1791 = CARTESIAN_POINT ( 'NONE',  ( -30.16356752794889928, 17.71000000000000085, 36.79872191474289878 ) ) ;
#1792 = CARTESIAN_POINT ( 'NONE',  ( -76.62713213188696670, -12.50000000000000178, 96.76866509402034922 ) ) ;
#1793 = CARTESIAN_POINT ( 'NONE',  ( -73.95778842391150931, 12.49644251362888348, 88.89424080222995883 ) ) ;
#1794 = CARTESIAN_POINT ( 'NONE',  ( -28.04572935115319865, -12.49999999999930012, 44.66637233865360201 ) ) ;
#1795 = CARTESIAN_POINT ( 'NONE',  ( -85.56882812262509219, 12.49999999992530064, 74.18995349570218423 ) ) ;
#1796 = EDGE_LOOP ( 'NONE', ( #2060, #3008, #3545, #2867, #151 ) ) ;
#1797 = CARTESIAN_POINT ( 'NONE',  ( -43.08504383926879910, 12.49999999998079936, 77.72542204799520960 ) ) ;
#1798 = CARTESIAN_POINT ( 'NONE',  ( -85.38414297558060184, 12.50000000000000000, 74.67673330712810298 ) ) ;
#1799 = CARTESIAN_POINT ( 'NONE',  ( -63.63325424639630512, 12.50000000000000000, 63.83949964104200347 ) ) ;
#1800 = CARTESIAN_POINT ( 'NONE',  ( -38.63057753593449917, 4.500000000000000000, 46.29193239994109632 ) ) ;
#1801 = CARTESIAN_POINT ( 'NONE',  ( -27.21588665355719883, 12.50000000000000000, 37.41798225540799905 ) ) ;
#1802 = CARTESIAN_POINT ( 'NONE',  ( -34.98452855867505917, 6.447408737021539160, 37.78055796819054990 ) ) ;
#1803 = ORIENTED_EDGE ( 'NONE', *, *, #488, .T. ) ;
#1804 = CARTESIAN_POINT ( 'NONE',  ( -76.39648019442377347, -7.641628162687249315, 96.11019006538539600 ) ) ;
#1805 = CARTESIAN_POINT ( 'NONE',  ( -17.74961915645649668, 0.000000000000000000, 36.90539853649280388 ) ) ;
#1806 = CARTESIAN_POINT ( 'NONE',  ( -21.83722406390289805, 12.50000000000000000, 38.00000000000000000 ) ) ;
#1807 = CARTESIAN_POINT ( 'NONE',  ( -23.04180059326960262, -12.49999999619219970, 63.47186920086719653 ) ) ;
#1808 = CARTESIAN_POINT ( 'NONE',  ( -76.14505243468212825, -12.50000000000000178, 96.73802994768779229 ) ) ;
#1809 = EDGE_CURVE ( 'NONE', #2004, #2378, #2359, .T. ) ;
#1810 = CARTESIAN_POINT ( 'NONE',  ( -85.38037092017329144, -12.49999999997749889, 71.80637459533880929 ) ) ;
#1811 = DIRECTION ( 'NONE',  ( -1.000000000000000000, 0.000000000000000000, 0.000000000000000000 ) ) ;
#1812 = TOROIDAL_SURFACE ( 'NONE', #223, 7.000000000000000000, 1.000000000000000000 ) ;
#1813 = CARTESIAN_POINT ( 'NONE',  ( -85.83844649739640431, 12.49999999999590017, 73.18567694521149747 ) ) ;
#1814 = EDGE_LOOP ( 'NONE', ( #2349, #1332, #3386, #3939, #1923 ) ) ;
#1815 = CARTESIAN_POINT ( 'NONE',  ( -21.19492704148139595, 12.49999999838449938, 62.34140530622450171 ) ) ;
#1816 = CARTESIAN_POINT ( 'NONE',  ( -59.05977662543110540, 12.49999999999830003, 62.72803086463249400 ) ) ;
#1817 = DIRECTION ( 'NONE',  ( 0.000000000000000000, 0.000000000000000000, -1.000000000000000000 ) ) ;
#1818 = CARTESIAN_POINT ( 'NONE',  ( -80.06895121416421546, -12.50000000000000178, 60.09166331701601393 ) ) ;
#1819 = CARTESIAN_POINT ( 'NONE',  ( -61.20787751984631342, 12.50000000000000178, 55.02094229423859417 ) ) ;
#1820 = CARTESIAN_POINT ( 'NONE',  ( -27.21692930468629967, 4.632813184691689123, 37.40766625019740133 ) ) ;
#1821 = CARTESIAN_POINT ( 'NONE',  ( -34.50981124354770202, 7.883745453857215146, 37.45513983986003126 ) ) ;
#1822 = EDGE_LOOP ( 'NONE', ( #2756, #1398, #3274, #1534, #1024 ) ) ;
#1823 =( NAMED_UNIT ( * ) SI_UNIT ( $, .STERADIAN. ) SOLID_ANGLE_UNIT ( ) );
#1824 = CARTESIAN_POINT ( 'NONE',  ( -75.50945073015640219, -12.50000000000000000, 86.98036478008380357 ) ) ;
#1825 = CARTESIAN_POINT ( 'NONE',  ( -35.19062020479758957, -0.3593321941960734844, 40.28259057480285321 ) ) ;
#1826 = CARTESIAN_POINT ( 'NONE',  ( -25.93049771928449942, -4.632813184691680242, 37.70404564026610217 ) ) ;
#1827 = CARTESIAN_POINT ( 'NONE',  ( -31.18719730659049816, -12.50000000000000000, 68.95822042723321488 ) ) ;
#1828 = B_SPLINE_CURVE_WITH_KNOTS ( 'NONE', 3,
 ( #1326, #649, #2564, #2950 ),
 .UNSPECIFIED., .F., .F.,
 ( 4, 4 ),
 ( 0.000000000000000000, 0.5404970355411979899 ),
 .UNSPECIFIED. ) ;
#1829 = CARTESIAN_POINT ( 'NONE',  ( -9.522258189989402766, 11.28890824035005203, 60.67497099020499007 ) ) ;
#1830 = CARTESIAN_POINT ( 'NONE',  ( -85.57065072928941163, -12.49999999937330131, 72.02278026538159850 ) ) ;
#1831 = CARTESIAN_POINT ( 'NONE',  ( -5.861684356258209938, 5.808393408699280336, 38.00000000000000000 ) ) ;
#1832 = EDGE_CURVE ( 'NONE', #1520, #2512, #1749, .T. ) ;
#1833 = CARTESIAN_POINT ( 'NONE',  ( -85.75733507900829977, 12.49999999999359979, 73.57044461131370383 ) ) ;
#1834 = DIRECTION ( 'NONE',  ( 0.000000000000000000, 0.000000000000000000, 1.000000000000000000 ) ) ;
#1835 = CARTESIAN_POINT ( 'NONE',  ( -68.42936406633420177, 12.49999999999960032, 65.02685382915510104 ) ) ;
#1836 = PRODUCT ( 'Handle_SO102', 'Handle_SO102', '', ( #3742 ) ) ;
#1837 = CARTESIAN_POINT ( 'NONE',  ( -76.77877807293140222, -4.500000000000000000, 59.02648494877170293 ) ) ;
#1838 = CARTESIAN_POINT ( 'NONE',  ( -61.20787751984629921, 4.500000000000000000, 55.02094229423860128 ) ) ;
#1839 = CARTESIAN_POINT ( 'NONE',  ( -27.19605738283799923, 12.50000000000000000, 37.62736839493499730 ) ) ;
#1840 = CARTESIAN_POINT ( 'NONE',  ( -27.26018431940800113, 0.000000000000000000, 39.99556848024240452 ) ) ;
#1841 = ORIENTED_EDGE ( 'NONE', *, *, #4067, .T. ) ;
#1842 = CARTESIAN_POINT ( 'NONE',  ( -74.13166448185731383, -12.45932255109739195, 89.40939345855599640 ) ) ;
#1843 = CARTESIAN_POINT ( 'NONE',  ( -82.19358029092511231, -12.49999999999820055, 79.79081194181969749 ) ) ;
#1844 = CARTESIAN_POINT ( 'NONE',  ( -78.78365073085910808, 12.49999999997359978, 83.71214876020110296 ) ) ;
#1845 = SURFACE_STYLE_FILL_AREA ( #4047 ) ;
#1846 = CARTESIAN_POINT ( 'NONE',  ( -6.337783975554157401, 6.789303188260594979, 42.10224222023294516 ) ) ;
#1847 = CARTESIAN_POINT ( 'NONE',  ( -6.193498715295240764, -7.117775880443011793, 62.72700653041945884 ) ) ;
#1848 = CARTESIAN_POINT ( 'NONE',  ( -5.879036994893179546, 5.908252778847480791, 62.92252919076153717 ) ) ;
#1849 = CARTESIAN_POINT ( 'NONE',  ( -5.875499980126689614, 5.886921645498920164, 38.00000000000000000 ) ) ;
#1850 = DIRECTION ( 'NONE',  ( 1.000000000000000000, 0.000000000000000000, 0.000000000000000000 ) ) ;
#1851 = CARTESIAN_POINT ( 'NONE',  ( -69.46169302871250295, 12.50000000000000000, 65.29221510829388819 ) ) ;
#1852 = CARTESIAN_POINT ( 'NONE',  ( -63.58114588092900021, -12.50000000000000000, 87.05006720572319523 ) ) ;
#1853 = CARTESIAN_POINT ( 'NONE',  ( -81.47378521523586414, -12.50000000000000178, 60.60303146640553251 ) ) ;
#1854 = CARTESIAN_POINT ( 'NONE',  ( -44.60219818231459499, 4.500000000000000000, 49.92467342641380412 ) ) ;
#1855 = CARTESIAN_POINT ( 'NONE',  ( -27.61618671181759765, 12.49999999999869971, 43.23193160282880143 ) ) ;
#1856 = CARTESIAN_POINT ( 'NONE',  ( -5.754360833654099672, 4.500000000000000000, 63.00000000000000000 ) ) ;
#1857 = VERTEX_POINT ( 'NONE', #1933 ) ;
#1858 = CARTESIAN_POINT ( 'NONE',  ( -73.88864710493723464, -12.49999999999999822, 88.69019839388320747 ) ) ;
#1859 = CARTESIAN_POINT ( 'NONE',  ( -84.32081398350810275, -12.49999999998989964, 76.74103870726899856 ) ) ;
#1860 = CARTESIAN_POINT ( 'NONE',  ( -27.43856200115349964, -12.50000000000000000, 35.55309185670520122 ) ) ;
#1861 = CARTESIAN_POINT ( 'NONE',  ( -23.15570062859519851, -4.632767951221810065, 37.96569922972690136 ) ) ;
#1862 = CYLINDRICAL_SURFACE ( 'NONE', #2383, 1.000000000000000888 ) ;
#1863 = CARTESIAN_POINT ( 'NONE',  ( -7.222958768264188478, -9.119641264494131150, 62.08923768311013447 ) ) ;
#1864 = CARTESIAN_POINT ( 'NONE',  ( -44.29381934691310363, -12.49999999998559908, 58.41036973089019568 ) ) ;
#1865 = CARTESIAN_POINT ( 'NONE',  ( -9.322562227626619347, 11.16085726619800056, 60.79725439182289648 ) ) ;
#1866 = CARTESIAN_POINT ( 'NONE',  ( -5.875308620629650314, 5.479241474304370030, 38.00000000001879386 ) ) ;
#1867 = CARTESIAN_POINT ( 'NONE',  ( -92.24830839618869049, 4.500000000000000000, 78.90500089639469650 ) ) ;
#1868 = B_SPLINE_SURFACE_WITH_KNOTS ( 'NONE', 3, 1, ( 
 ( #3907, #788 ),
 ( #1443, #2371 ),
 ( #2393, #837 ),
 ( #3629, #3974 ),
 ( #480, #3607 ),
 ( #2073, #3357 ),
 ( #521, #1724 ) ),
 .UNSPECIFIED., .F., .F., .F.,
 ( 4, 1, 1, 1, 4 ),
 ( 2, 2 ),
 ( 0.000000000000000000, 0.2515020579322059802, 0.5030041158644119603, 0.7545061737966179960, 1.006008231728819924 ),
 ( 0.000000000000000000, 0.1092640206126249958 ),
 .UNSPECIFIED. ) ;
#1869 = AXIS2_PLACEMENT_3D ( 'NONE', #2361, #224, #182 ) ;
#1870 = CARTESIAN_POINT ( 'NONE',  ( -85.77370427406488318, -12.49999999998670042, 73.50535766725370479 ) ) ;
#1871 = CARTESIAN_POINT ( 'NONE',  ( -30.48819164988929842, 12.50000000000790124, 68.46043237784680002 ) ) ;
#1872 = CARTESIAN_POINT ( 'NONE',  ( -93.49146510045200387, -4.500000000000000000, 70.10944864254850017 ) ) ;
#1873 = CARTESIAN_POINT ( 'NONE',  ( -81.08486683513919502, 12.49999999998810019, 69.09904101408609733 ) ) ;
#1874 = CARTESIAN_POINT ( 'NONE',  ( -84.14891667986189816, 12.50000000000000000, 70.78119219293630238 ) ) ;
#1875 = CARTESIAN_POINT ( 'NONE',  ( -27.26172548622729863, 12.49999999999960032, 41.36361996724450307 ) ) ;
#1876 = DIRECTION ( 'NONE',  ( 0.3090169943749506154, 0.000000000000000000, 0.9510565162951525320 ) ) ;
#1877 = EDGE_CURVE ( 'NONE', #787, #1857, #76, .T. ) ;
#1878 = CARTESIAN_POINT ( 'NONE',  ( -85.05975979576439272, -12.49999999998370015, 75.38823897144790465 ) ) ;
#1879 = CARTESIAN_POINT ( 'NONE',  ( -62.00019899614520114, 12.49999999999599964, 86.67962926932310097 ) ) ;
#1880 = CARTESIAN_POINT ( 'NONE',  ( -35.19780858722228345, -12.50000000000000355, 38.01811643589773126 ) ) ;
#1881 = CARTESIAN_POINT ( 'NONE',  ( -35.22350022213759502, 4.500000000000000000, 37.80668940382630439 ) ) ;
#1882 = CARTESIAN_POINT ( 'NONE',  ( -5.848631457822079938, -6.356990812761976528, 43.27231154511042632 ) ) ;
#1883 = CARTESIAN_POINT ( 'NONE',  ( -38.89372587898800049, -12.49999999990519939, 56.01377778124380313 ) ) ;
#1884 = CARTESIAN_POINT ( 'NONE',  ( -6.315642486270183653, 7.444615890062054042, 62.65118351310072597 ) ) ;
#1885 = CARTESIAN_POINT ( 'NONE',  ( -72.75180875669610714, -12.50000000000000000, 88.43447238766100327 ) ) ;
#1886 = CARTESIAN_POINT ( 'NONE',  ( -82.33328111872580735, -12.50000000000000000, 79.61434473920670030 ) ) ;
#1887 = CARTESIAN_POINT ( 'NONE',  ( -34.63805106891069840, 7.594736884801660537, 37.10029354652129996 ) ) ;
#1888 = CARTESIAN_POINT ( 'NONE',  ( -27.21388561427500363, -12.50000000000000000, 37.43803228436309638 ) ) ;
#1889 = CARTESIAN_POINT ( 'NONE',  ( -85.87657653877730013, -12.49999999989119992, 72.65916890824840380 ) ) ;
#1890 = CARTESIAN_POINT ( 'NONE',  ( -28.38105700800340259, 12.49999999983210053, 66.99287832757771355 ) ) ;
#1891 = CARTESIAN_POINT ( 'NONE',  ( -84.91724269480710063, 12.49999999999799982, 71.37016544894011361 ) ) ;
#1892 = CARTESIAN_POINT ( 'NONE',  ( -86.05183314078709600, 4.500000000000000000, 62.61824526760710796 ) ) ;
#1893 = CARTESIAN_POINT ( 'NONE',  ( -29.35755245757169973, 12.50000000000000000, 47.50957579042169954 ) ) ;
#1894 = FILL_AREA_STYLE_COLOUR ( '', #2388 ) ;
#1895 = EDGE_CURVE ( 'NONE', #1046, #575, #2877, .T. ) ;
#1896 = CARTESIAN_POINT ( 'NONE',  ( -27.25433723880269810, -12.50000000000000000, 37.06869938221839789 ) ) ;
#1897 = CARTESIAN_POINT ( 'NONE',  ( -27.26018431940802600, 0.000000000000000000, 39.99556848024233346 ) ) ;
#1898 = CARTESIAN_POINT ( 'NONE',  ( -12.17277326666050108, -12.34223428263031686, 59.06232868503460764 ) ) ;
#1899 = CARTESIAN_POINT ( 'NONE',  ( -40.81346675931970225, -12.49999999999250022, 56.96336234126020059 ) ) ;
#1900 = CARTESIAN_POINT ( 'NONE',  ( -6.239800149545426500, 7.248053002512947707, 62.69823526488841026 ) ) ;
#1901 = CARTESIAN_POINT ( 'NONE',  ( -78.80312078831886424, -12.50000000000000178, 94.83593243073741519 ) ) ;
#1902 = FACE_BOUND ( 'NONE', #1970, .T. ) ;
#1903 = CARTESIAN_POINT ( 'NONE',  ( -91.98171580743219522, 4.500000000000000000, 79.43234185633029654 ) ) ;
#1904 = EDGE_LOOP ( 'NONE', ( #3525, #3815, #1987, #3433 ) ) ;
#1905 = CARTESIAN_POINT ( 'NONE',  ( -85.87120655644490341, -12.49999999997990052, 72.59764155359229676 ) ) ;
#1906 = CARTESIAN_POINT ( 'NONE',  ( -29.35728175720500133, -12.50000000000000000, 47.50910951137490201 ) ) ;
#1907 = CARTESIAN_POINT ( 'NONE',  ( -85.83648056966370632, -12.50000000000000000, 72.44519118694020676 ) ) ;
#1908 = CARTESIAN_POINT ( 'NONE',  ( -85.14175971376590724, 12.49999999999850075, 71.56991598447210379 ) ) ;
#1909 = CARTESIAN_POINT ( 'NONE',  ( -87.16717521107059952, -4.500000000000000000, 63.23293199518699481 ) ) ;
#1910 = CARTESIAN_POINT ( 'NONE',  ( -85.35338830273430233, 12.50000000000000000, 71.77636372935519660 ) ) ;
#1911 = CARTESIAN_POINT ( 'NONE',  ( -30.21280399999560018, 12.49999999999939959, 48.83921985806239974 ) ) ;
#1912 = CARTESIAN_POINT ( 'NONE',  ( -83.83578594007281026, -12.49999999995899991, 77.51427326654369665 ) ) ;
#1913 = CARTESIAN_POINT ( 'NONE',  ( -76.98620292619649774, 12.50000000000000000, 85.55037305197579656 ) ) ;
#1914 = CARTESIAN_POINT ( 'NONE',  ( -35.20000000079750180, 4.533603472681939195, 37.99955907598700122 ) ) ;
#1915 = CARTESIAN_POINT ( 'NONE',  ( -9.722578223540923048, -11.41367834991140917, 60.55241384090344070 ) ) ;
#1916 = CARTESIAN_POINT ( 'NONE',  ( -50.04009705971499500, -12.49999999990500044, 60.32792494778050241 ) ) ;
#1917 = FACE_BOUND ( 'NONE', #2740, .T. ) ;
#1918 = CARTESIAN_POINT ( 'NONE',  ( -71.14869372873729958, -12.50000000000000000, 88.26600603679399626 ) ) ;
#1919 = CARTESIAN_POINT ( 'NONE',  ( -69.46160722679539390, -12.50000000000000000, 65.29219249389089441 ) ) ;
#1920 = CARTESIAN_POINT ( 'NONE',  ( -72.67138881472159539, -12.50000000000000000, 89.58797752914638579 ) ) ;
#1921 = CARTESIAN_POINT ( 'NONE',  ( -76.27444907500674276, 12.50000000000000178, 97.06777676695706703 ) ) ;
#1922 = ADVANCED_FACE ( 'NONE', ( #2200 ), #1344, .F. ) ;
#1923 = ORIENTED_EDGE ( 'NONE', *, *, #3951, .T. ) ;
#1924 = CARTESIAN_POINT ( 'NONE',  ( -85.86098457424689911, -12.49999999985299937, 72.53210229536260556 ) ) ;
#1925 = CARTESIAN_POINT ( 'NONE',  ( -30.23758084938729951, -12.49999999999899991, 48.87419413726289719 ) ) ;
#1926 = CARTESIAN_POINT ( 'NONE',  ( -85.84683337154450555, -12.50000000000000000, 72.47623023029650824 ) ) ;
#1927 = CARTESIAN_POINT ( 'NONE',  ( -81.99797974257219835, 12.49999999996649969, 69.53329565011650004 ) ) ;
#1928 = AXIS2_PLACEMENT_3D ( 'NONE', #2406, #3332, #187 ) ;
#1929 = CARTESIAN_POINT ( 'NONE',  ( -91.71252010744855454, 12.50000000000000178, 66.89406985752007984 ) ) ;
#1930 = AXIS2_PLACEMENT_3D ( 'NONE', #1750, #1133, #3697 ) ;
#1931 = CARTESIAN_POINT ( 'NONE',  ( -32.95406198767010153, 12.49999999993920063, 51.93047761433449239 ) ) ;
#1932 = CARTESIAN_POINT ( 'NONE',  ( -27.12057697522849864, -12.50000000000000000, 39.33033103497830041 ) ) ;
#1933 = CARTESIAN_POINT ( 'NONE',  ( -33.78398419112489393, 9.183473361795918777, 37.10029354752320074 ) ) ;
#1934 = CARTESIAN_POINT ( 'NONE',  ( -6.340790888845915241, 7.386165851782082292, 42.45512690051012328 ) ) ;
#1935 = CARTESIAN_POINT ( 'NONE',  ( -13.06482621868031302, -12.47399984402696660, 58.52324309957051440 ) ) ;
#1936 = CARTESIAN_POINT ( 'NONE',  ( -43.48324135191990081, -12.50000000000000000, 58.09881345833219513 ) ) ;
#1937 = CARTESIAN_POINT ( 'NONE',  ( -10.63071461007998408, 11.86556124368488696, 59.99832743895908749 ) ) ;
#1938 = CARTESIAN_POINT ( 'NONE',  ( -75.95229553579360982, -12.49999999999960032, 67.15517557684789551 ) ) ;
#1939 = CARTESIAN_POINT ( 'NONE',  ( -58.88919577968940189, -12.49999999999510081, 85.83215492314259620 ) ) ;
#1940 = CARTESIAN_POINT ( 'NONE',  ( -81.69071820117210336, -12.50000000000000000, 80.42844124274161288 ) ) ;
#1941 = FACE_OUTER_BOUND ( 'NONE', #3372, .T. ) ;
#1942 = FACE_OUTER_BOUND ( 'NONE', #3233, .T. ) ;
#1943 = CARTESIAN_POINT ( 'NONE',  ( -71.80380154513689206, 12.50000000000000000, 90.35315128652679562 ) ) ;
#1944 = ORIENTED_EDGE ( 'NONE', *, *, #966, .F. ) ;
#1945 = ADVANCED_FACE ( 'NONE', ( #1593 ), #3976, .T. ) ;
#1946 = CARTESIAN_POINT ( 'NONE',  ( -30.95268442774469975, -12.49999999997409894, 49.81244592125789694 ) ) ;
#1947 = CARTESIAN_POINT ( 'NONE',  ( -80.82916565109350415, 12.50000000000120082, 68.98271566025928792 ) ) ;
#1948 = ORIENTED_EDGE ( 'NONE', *, *, #1975, .F. ) ;
#1949 = CARTESIAN_POINT ( 'NONE',  ( -83.48945856025228807, -12.50000000000000355, 61.41301889024188654 ) ) ;
#1950 = CARTESIAN_POINT ( 'NONE',  ( -83.15495292509379510, 12.50000000000000000, 70.15478998918189291 ) ) ;
#1951 = CARTESIAN_POINT ( 'NONE',  ( -31.10246069484130160, 12.49999999999180034, 49.99474201782820160 ) ) ;
#1952 = CARTESIAN_POINT ( 'NONE',  ( -35.19951927085337928, -12.50000000000000178, 38.00393938954580619 ) ) ;
#1953 = CARTESIAN_POINT ( 'NONE',  ( -27.25806282053400054, 12.50000000000000000, 37.03786845427269725 ) ) ;
#1954 = DIRECTION ( 'NONE',  ( 0.000000000000000000, 0.000000000000000000, -1.000000000000000000 ) ) ;
#1955 = CARTESIAN_POINT ( 'NONE',  ( -10.26890150448631012, -11.70189367460065277, 60.21872436694759756 ) ) ;
#1956 = CARTESIAN_POINT ( 'NONE',  ( -30.83631947463664602, -11.68656943340505094, 36.72988004145705787 ) ) ;
#1957 = CARTESIAN_POINT ( 'NONE',  ( -29.40593184022549522, 12.21451723938715084, 36.92868776000289444 ) ) ;
#1958 = CARTESIAN_POINT ( 'NONE',  ( -41.54531049890790229, -12.49999999977450038, 76.61602086991690896 ) ) ;
#1959 = CARTESIAN_POINT ( 'NONE',  ( -65.97193789827760213, -12.50000000000000000, 64.41075348056480721 ) ) ;
#1960 = CARTESIAN_POINT ( 'NONE',  ( -80.86227889182850959, -12.50000000000000000, 81.42319299717048864 ) ) ;
#1961 = DIRECTION ( 'NONE',  ( -3.965082230804129727E-16, 0.000000000000000000, -1.000000000000000000 ) ) ;
#1962 = CARTESIAN_POINT ( 'NONE',  ( -38.16767357739347943, 0.1819452051744770982, 45.85284346993493898 ) ) ;
#1963 = CARTESIAN_POINT ( 'NONE',  ( -35.20000000000000284, 4.500000000000000000, 37.99999952623650046 ) ) ;
#1964 = VERTEX_POINT ( 'NONE', #3882 ) ;
#1965 = CARTESIAN_POINT ( 'NONE',  ( -85.84677770121369633, -12.49999999858800059, 72.47615095622259673 ) ) ;
#1966 = CARTESIAN_POINT ( 'NONE',  ( -33.25115978868639388, -12.49999999987709920, 52.19956518971109460 ) ) ;
#1967 = CARTESIAN_POINT ( 'NONE',  ( -85.59068760652070296, -12.50000000000000000, 74.12857539511890081 ) ) ;
#1968 = CARTESIAN_POINT ( 'NONE',  ( -85.52883830009720612, 12.49999999948260054, 71.97223746961299184 ) ) ;
#1969 = B_SPLINE_CURVE_WITH_KNOTS ( 'NONE', 3,
 ( #3707, #3370, #1533, #1820 ),
 .UNSPECIFIED., .F., .F.,
 ( 4, 4 ),
 ( 1.931786749523319800E-06, 0.06600724724754748751 ),
 .UNSPECIFIED. ) ;
#1970 = EDGE_LOOP ( 'NONE', ( #905, #479 ) ) ;
#1971 = CARTESIAN_POINT ( 'NONE',  ( -82.46053766347088754, -12.49999999999599964, 69.77236002407840942 ) ) ;
#1972 = CARTESIAN_POINT ( 'NONE',  ( -89.72008522720679480, -4.500000000000000000, 64.95796943462239881 ) ) ;
#1973 = CARTESIAN_POINT ( 'NONE',  ( -85.83653241624500652, 12.50000000000000000, 72.44533015908449158 ) ) ;
#1974 = CARTESIAN_POINT ( 'NONE',  ( -32.94027588891839997, 12.49999999994370015, 51.91778581617809607 ) ) ;
#1975 = EDGE_CURVE ( 'NONE', #2591, #568, #3208, .T. ) ;
#1976 = CARTESIAN_POINT ( 'NONE',  ( -40.34307257738300478, -4.500000000000000000, 47.59661228115259490 ) ) ;
#1977 = CARTESIAN_POINT ( 'NONE',  ( -35.88421478379599705, 4.500000000000000000, 42.76697677944699905 ) ) ;
#1978 = CARTESIAN_POINT ( 'NONE',  ( -6.344229718589850187, 7.404263115211410451, 42.46640087583119083 ) ) ;
#1979 = CARTESIAN_POINT ( 'NONE',  ( -10.56192055272572183, -11.83570260220828807, 60.04014237561593603 ) ) ;
#1980 = CARTESIAN_POINT ( 'NONE',  ( -58.47543881307630187, 12.50000000000000000, 85.72377949809440167 ) ) ;
#1981 = CARTESIAN_POINT ( 'NONE',  ( -133.2849194736390075, 4.500000000000000000, 47.54227933264109396 ) ) ;
#1982 = CARTESIAN_POINT ( 'NONE',  ( -70.96250973488649549, -12.50000000000000000, 65.68992540170479799 ) ) ;
#1983 = FACE_OUTER_BOUND ( 'NONE', #1993, .T. ) ;
#1984 = CARTESIAN_POINT ( 'NONE',  ( -84.70137428856999406, 12.49999999999910116, 76.07785641249719788 ) ) ;
#1985 = CARTESIAN_POINT ( 'NONE',  ( -6.840022608735959686, 4.650802484893110211, 38.00000000000000000 ) ) ;
#1986 = CARTESIAN_POINT ( 'NONE',  ( -17.74961915645649668, 0.000000000000000000, 36.90539853649280388 ) ) ;
#1987 = ORIENTED_EDGE ( 'NONE', *, *, #2125, .F. ) ;
#1988 = DIRECTION ( 'NONE',  ( -1.000000000000000000, 0.000000000000000000, 0.000000000000000000 ) ) ;
#1989 = ORIENTED_EDGE ( 'NONE', *, *, #3037, .T. ) ;
#1990 = CARTESIAN_POINT ( 'NONE',  ( -30.72317971372319789, -12.49999999993580069, 49.53041112664139689 ) ) ;
#1991 = CARTESIAN_POINT ( 'NONE',  ( -93.62931780856325759, -12.50000000000000178, 75.04803066428512182 ) ) ;
#1992 = CARTESIAN_POINT ( 'NONE',  ( -85.86696833079489011, 12.49999999997850075, 72.56493388420609847 ) ) ;
#1993 = EDGE_LOOP ( 'NONE', ( #1841, #2112, #3608, #2774 ) ) ;
#1994 = CARTESIAN_POINT ( 'NONE',  ( -77.81898433953460881, 12.49999999999719869, 84.71218832654460584 ) ) ;
#1995 = CARTESIAN_POINT ( 'NONE',  ( -93.71638510313353265, 12.50000000000000178, 74.59615410656674328 ) ) ;
#1996 = CARTESIAN_POINT ( 'NONE',  ( -46.35083071344699590, 12.49999999997340083, 59.15139920921830452 ) ) ;
#1997 = CARTESIAN_POINT ( 'NONE',  ( -47.10282445482022951, -12.50000000000000355, 50.94392371812033105 ) ) ;
#1998 = VECTOR ( 'NONE', #3429, 999.9999999999998863 ) ;
#1999 = EDGE_CURVE ( 'NONE', #3187, #2732, #1331, .T. ) ;
#2000 = CARTESIAN_POINT ( 'NONE',  ( -35.36447088635969749, 12.50000000000000178, 41.25309221433900575 ) ) ;
#2001 = FACE_OUTER_BOUND ( 'NONE', #1404, .T. ) ;
#2002 = CARTESIAN_POINT ( 'NONE',  ( -34.52123165177467712, -7.857541151503038002, 37.46245121014616331 ) ) ;
#2003 = CARTESIAN_POINT ( 'NONE',  ( -75.71706221516041069, 4.500000000000000000, 96.70948998569380706 ) ) ;
#2004 = VERTEX_POINT ( 'NONE', #1963 ) ;
#2005 = CARTESIAN_POINT ( 'NONE',  ( -13.33526760269383971, 12.49999999997468692, 58.36068829764957400 ) ) ;
#2006 = CARTESIAN_POINT ( 'NONE',  ( -29.86454211934224645, 12.07946563861716704, 36.84840507582880065 ) ) ;
#2007 = CARTESIAN_POINT ( 'NONE',  ( -72.81189926541239288, -12.49999999999350031, 66.20366220465209040 ) ) ;
#2008 = CARTESIAN_POINT ( 'NONE',  ( -56.48662010717210791, -12.49999999993530153, 85.03416346901859413 ) ) ;
#2009 = CARTESIAN_POINT ( 'NONE',  ( -6.915973096928466290, -12.50000000000000178, 63.57770733110280759 ) ) ;
#2010 = CARTESIAN_POINT ( 'NONE',  ( -84.84969326265679967, 12.49999999999000089, 75.80247675290598863 ) ) ;
#2011 = DIRECTION ( 'NONE',  ( 0.000000000000000000, -1.000000000000000000, 0.000000000000000000 ) ) ;
#2012 = ORIENTED_EDGE ( 'NONE', *, *, #4024, .T. ) ;
#2013 = CARTESIAN_POINT ( 'NONE',  ( -33.78385544517439598, -9.183510742097839241, 37.10069069116089935 ) ) ;
#2014 = VERTEX_POINT ( 'NONE', #2568 ) ;
#2015 = CARTESIAN_POINT ( 'NONE',  ( -93.40016199982670742, -12.50000000000000178, 75.95953713767779902 ) ) ;
#2016 = CARTESIAN_POINT ( 'NONE',  ( -85.85148664230290194, 12.49999999922339988, 72.49213120874620131 ) ) ;
#2017 = CARTESIAN_POINT ( 'NONE',  ( -75.66204603698840003, 12.50000000000000000, 86.83540664164320333 ) ) ;
#2018 = B_SPLINE_CURVE_WITH_KNOTS ( 'NONE', 3,
 ( #2763, #2488, #329, #1597 ),
 .UNSPECIFIED., .F., .F.,
 ( 4, 4 ),
 ( 0.000000000000000000, 1.000000000000000000 ),
 .UNSPECIFIED. ) ;
#2019 = CARTESIAN_POINT ( 'NONE',  ( -90.76561026903041807, -12.50000000000000355, 65.87478999009321967 ) ) ;
#2020 = CARTESIAN_POINT ( 'NONE',  ( -93.62923863073862663, 12.50000000000000355, 75.04839897468251309 ) ) ;
#2021 = CARTESIAN_POINT ( 'NONE',  ( -37.65857945746770241, 12.49999999999949907, 55.33706433523570212 ) ) ;
#2022 = CARTESIAN_POINT ( 'NONE',  ( -35.63361911984099351, -4.500000000000000000, 42.14856517882740405 ) ) ;
#2023 = CARTESIAN_POINT ( 'NONE',  ( -35.19488352330552772, 12.50000000000000178, 38.04269812155437336 ) ) ;
#2024 = CARTESIAN_POINT ( 'NONE',  ( -34.27796360534233600, -8.366372624681762460, 37.32847774537284380 ) ) ;
#2025 = CARTESIAN_POINT ( 'NONE',  ( -71.53124092984944582, 12.50000000000000178, 96.35755121022647529 ) ) ;
#2026 = CARTESIAN_POINT ( 'NONE',  ( -75.49517807028672678, -10.93014204202408557, 93.44696814216328562 ) ) ;
#2027 = CARTESIAN_POINT ( 'NONE',  ( -84.51126254752770706, 12.49999999999919886, 76.41556546992639198 ) ) ;
#2028 = CARTESIAN_POINT ( 'NONE',  ( -6.289812561196648666, -7.312146700477609507, 42.53407799083203855 ) ) ;
#2029 = CARTESIAN_POINT ( 'NONE',  ( -76.61933885537760602, -4.500000000000000000, 96.76816716052309175 ) ) ;
#2030 = EDGE_LOOP ( 'NONE', ( #3710, #3343, #392, #1660, #3046 ) ) ;
#2031 = CARTESIAN_POINT ( 'NONE',  ( -34.41211287836699739, -8.170620652549381191, 37.10029354652129996 ) ) ;
#2032 = ORIENTED_EDGE ( 'NONE', *, *, #1703, .T. ) ;
#2033 = CARTESIAN_POINT ( 'NONE',  ( -85.84680857472518767, -12.49999999859280031, 72.47625165882620024 ) ) ;
#2034 = CARTESIAN_POINT ( 'NONE',  ( -75.68635606165773311, 10.48255822380225766, 94.01216151156634737 ) ) ;
#2035 = CARTESIAN_POINT ( 'NONE',  ( -27.15872209737979759, -12.50000000000000000, 40.26894049792120001 ) ) ;
#2036 = CARTESIAN_POINT ( 'NONE',  ( -84.88581774781940226, -12.50000000000000000, 75.73635948528028905 ) ) ;
#2037 = CARTESIAN_POINT ( 'NONE',  ( -85.63120615928208679, 12.49999999954659913, 72.10008754912830398 ) ) ;
#2038 = VERTEX_POINT ( 'NONE', #375 ) ;
#2039 = CARTESIAN_POINT ( 'NONE',  ( -83.56461588794850570, -12.49999999999549871, 70.40157760325610070 ) ) ;
#2040 = CARTESIAN_POINT ( 'NONE',  ( -60.93017535905719484, 12.49999999999839950, 86.40975216503198908 ) ) ;
#2041 = CARTESIAN_POINT ( 'NONE',  ( -91.71218937788600556, -4.500000000000000000, 66.89367124962100775 ) ) ;
#2042 = CARTESIAN_POINT ( 'NONE',  ( -93.33714703672839619, 4.500000000000000000, 69.64802916258560117 ) ) ;
#2043 = CARTESIAN_POINT ( 'NONE',  ( -42.92590097387580528, 12.50000000000000000, 57.87369202598769391 ) ) ;
#2044 = CARTESIAN_POINT ( 'NONE',  ( -35.88409664567237201, -12.50000000000000178, 42.76672113027459687 ) ) ;
#2045 = CARTESIAN_POINT ( 'NONE',  ( -27.24229916535519891, 12.50000000000000000, 37.17139269460809459 ) ) ;
#2046 = CARTESIAN_POINT ( 'NONE',  ( -34.69799072071036505, -7.414240374486515961, 37.57472073952352076 ) ) ;
#2047 = CARTESIAN_POINT ( 'NONE',  ( -53.42487663031870682, 12.50000000000000178, 92.45707839253306304 ) ) ;
#2048 = CARTESIAN_POINT ( 'NONE',  ( -32.97976899149100660, -10.15684063572276230, 36.85221434516201100 ) ) ;
#2049 = CARTESIAN_POINT ( 'NONE',  ( -79.96108968681780027, -12.49999999998770051, 82.43756547157919101 ) ) ;
#2050 = CARTESIAN_POINT ( 'NONE',  ( -81.56610305852819920, 12.50000000000080114, 80.57627803629470975 ) ) ;
#2051 = CARTESIAN_POINT ( 'NONE',  ( -6.298673041914437221, -6.551705388067149194, 42.06521395882990788 ) ) ;
#2052 = CARTESIAN_POINT ( 'NONE',  ( -36.74974469911541064, 1.911855295265123988, 44.22996201851096032 ) ) ;
#2053 = ORIENTED_EDGE ( 'NONE', *, *, #539, .F. ) ;
#2054 = CARTESIAN_POINT ( 'NONE',  ( -33.20755635921630500, 17.71000000000000085, 36.89547549346799826 ) ) ;
#2055 = CARTESIAN_POINT ( 'NONE',  ( -76.97687203857330474, -4.500000000000000000, 96.79036455293750407 ) ) ;
#2056 = CARTESIAN_POINT ( 'NONE',  ( -6.840022608735959686, 4.650802484893110211, 38.00000000000000000 ) ) ;
#2057 = CARTESIAN_POINT ( 'NONE',  ( -27.23078246674150193, -12.49999999999939959, 41.10829991485799439 ) ) ;
#2058 = ADVANCED_FACE ( 'NONE', ( #2245 ), #3587, .F. ) ;
#2059 = CARTESIAN_POINT ( 'NONE',  ( -85.67016786061110167, 12.49999999987000088, 72.15345502577950754 ) ) ;
#2060 = ORIENTED_EDGE ( 'NONE', *, *, #1297, .T. ) ;
#2061 = CARTESIAN_POINT ( 'NONE',  ( -59.16930940126810157, 12.49999999999760014, 85.91626142942379829 ) ) ;
#2062 = CARTESIAN_POINT ( 'NONE',  ( -93.85662314250659222, 4.500000000000000000, 73.45556247170308950 ) ) ;
#2063 = CARTESIAN_POINT ( 'NONE',  ( -50.10592620207169290, 12.49999999991159960, 60.34752330907389961 ) ) ;
#2064 = CARTESIAN_POINT ( 'NONE',  ( -36.81802729381232098, -12.50000000000000178, 44.33499023258100635 ) ) ;
#2065 = CARTESIAN_POINT ( 'NONE',  ( -27.59002144734910189, 12.50000000000000000, 43.15280009386889759 ) ) ;
#2066 = CARTESIAN_POINT ( 'NONE',  ( -35.03500417083151319, -6.214550377713850438, 37.82314356832540625 ) ) ;
#2067 = CARTESIAN_POINT ( 'NONE',  ( -77.07749028247509671, 12.50000000000000178, 96.79661128810627702 ) ) ;
#2068 = CARTESIAN_POINT ( 'NONE',  ( -74.86796644982356952, -11.93308977730430698, 91.59123049060765709 ) ) ;
#2069 = CARTESIAN_POINT ( 'NONE',  ( -80.89960012800219147, -12.49999999999949907, 81.36821255258219310 ) ) ;
#2070 = CARTESIAN_POINT ( 'NONE',  ( -85.00268831397769986, 12.49999999997710098, 75.50507957461680064 ) ) ;
#2071 = CARTESIAN_POINT ( 'NONE',  ( -6.251312227223960072, -4.836734968427510495, 37.99999999999659650 ) ) ;
#2072 = DIRECTION ( 'NONE',  ( 0.9510565162951518658, 0.000000000000000000, -0.3090169943749530024 ) ) ;
#2073 = CARTESIAN_POINT ( 'NONE',  ( -33.99864305697060729, -8.874128132897411092, 38.00539841999069779 ) ) ;
#2074 =( GEOMETRIC_REPRESENTATION_CONTEXT ( 3 ) GLOBAL_UNCERTAINTY_ASSIGNED_CONTEXT ( ( #3934 ) ) GLOBAL_UNIT_ASSIGNED_CONTEXT ( ( #3746, #3116, #1167 ) ) REPRESENTATION_CONTEXT ( 'NONE', 'WORKASPACE' ) );
#2075 = LINE ( 'NONE', #2414, #553 ) ;
#2076 = CARTESIAN_POINT ( 'NONE',  ( -27.16048187335930209, -12.50000000000000000, 38.06823374682880257 ) ) ;
#2077 = CARTESIAN_POINT ( 'NONE',  ( -85.84872789650140135, 12.49999999999459988, 73.12086711917750392 ) ) ;
#2078 = VERTEX_POINT ( 'NONE', #2268 ) ;
#2079 = ADVANCED_FACE ( 'NONE', ( #1041 ), #3562, .F. ) ;
#2080 = CARTESIAN_POINT ( 'NONE',  ( -55.44508289166880388, 12.49999999998929923, 84.65025388786339988 ) ) ;
#2081 = CARTESIAN_POINT ( 'NONE',  ( -91.35299559668807490, 12.50000000000000178, 80.57261849560489964 ) ) ;
#2082 = CARTESIAN_POINT ( 'NONE',  ( -79.14352870052660194, 12.49999999999699973, 68.28260113008180099 ) ) ;
#2083 = CARTESIAN_POINT ( 'NONE',  ( -76.77901451020031232, 4.500000000000000000, 59.02655651571850370 ) ) ;
#2084 = CARTESIAN_POINT ( 'NONE',  ( -35.00137710510541922, -6.377886396836660587, 37.79433399789612480 ) ) ;
#2085 = CARTESIAN_POINT ( 'NONE',  ( -77.12042060483570083, 12.50000000000000000, 88.78388677478049829 ) ) ;
#2086 = CARTESIAN_POINT ( 'NONE',  ( -75.77443085225444008, -10.24717544681574033, 94.27244174256017573 ) ) ;
#2087 = CARTESIAN_POINT ( 'NONE',  ( -81.27714297763930063, -12.50000000000030020, 80.92482332688000213 ) ) ;
#2088 = CARTESIAN_POINT ( 'NONE',  ( -6.275135836602238726, -6.666718666286245210, 42.13271661548719749 ) ) ;
#2089 = CARTESIAN_POINT ( 'NONE',  ( -30.48819164988929842, -12.50000000000790124, 68.46043237784680002 ) ) ;
#2090 = CARTESIAN_POINT ( 'NONE',  ( -33.20755635921630500, -12.65000000000000036, 36.89547549346799826 ) ) ;
#2091 = CARTESIAN_POINT ( 'NONE',  ( -27.86045306764110308, 3.088542123127790084, 37.25894308862240223 ) ) ;
#2092 = CARTESIAN_POINT ( 'NONE',  ( -85.67008015996350423, -12.49999999986919974, 72.15333210280709864 ) ) ;
#2093 = CARTESIAN_POINT ( 'NONE',  ( -27.35881021348150099, -12.50000000000000000, 42.00771805748299670 ) ) ;
#2094 = CARTESIAN_POINT ( 'NONE',  ( -85.81373554051469910, 12.49999999999799982, 73.32288966731718460 ) ) ;
#2095 = ORIENTED_EDGE ( 'NONE', *, *, #2773, .F. ) ;
#2096 = CARTESIAN_POINT ( 'NONE',  ( -49.55702644993990447, 12.49999999996720135, 81.86893577129120558 ) ) ;
#2097 = CARTESIAN_POINT ( 'NONE',  ( -79.83793091664330177, 12.50000000000000000, 82.58336262158690033 ) ) ;
#2098 = CARTESIAN_POINT ( 'NONE',  ( -57.03476331075509620, 12.49999999988190069, 62.22565835411739954 ) ) ;
#2099 = CARTESIAN_POINT ( 'NONE',  ( -41.82366869314730451, -12.50000000000000355, 86.57868704730594800 ) ) ;
#2100 = CARTESIAN_POINT ( 'NONE',  ( -75.95429355951651473, 12.50000000000000000, 67.15014852551560409 ) ) ;
#2101 = CARTESIAN_POINT ( 'NONE',  ( -27.17601547020109720, 12.49999999999960032, 40.52332300286100519 ) ) ;
#2102 = DIRECTION ( 'NONE',  ( 0.000000000000000000, 1.000000000000000000, 0.000000000000000000 ) ) ;
#2103 = EDGE_CURVE ( 'NONE', #1678, #2004, #2307, .T. ) ;
#2104 = CARTESIAN_POINT ( 'NONE',  ( -76.40112558810218957, -7.610063516643999826, 96.12391293719137764 ) ) ;
#2105 = DIRECTION ( 'NONE',  ( 0.000000000000000000, 0.000000000000000000, -1.000000000000000000 ) ) ;
#2106 = CYLINDRICAL_SURFACE ( 'NONE', #2318, 7.999999999999998224 ) ;
#2107 = CARTESIAN_POINT ( 'NONE',  ( -5.754360833654099672, -6.299999999999999822, 63.00000000000000000 ) ) ;
#2108 = CARTESIAN_POINT ( 'NONE',  ( -76.82449030453624061, -12.50000000000009948, 96.78089598167666452 ) ) ;
#2109 = CARTESIAN_POINT ( 'NONE',  ( -76.61933885538631728, 4.500000000000000000, 96.76816716052469758 ) ) ;
#2110 = CARTESIAN_POINT ( 'NONE',  ( -25.19715842554007779, 12.50000000000000178, 74.49525678312645027 ) ) ;
#2111 = CARTESIAN_POINT ( 'NONE',  ( -85.87812565905480255, 12.49999999988249932, 72.81070578704169804 ) ) ;
#2112 = ORIENTED_EDGE ( 'NONE', *, *, #1103, .F. ) ;
#2113 = CARTESIAN_POINT ( 'NONE',  ( -54.70039043822309566, 12.50000000046549964, 84.35409895372589517 ) ) ;
#2114 = CARTESIAN_POINT ( 'NONE',  ( -69.97698621876300251, 12.50000000000000000, 65.42800144416011676 ) ) ;
#2115 = CARTESIAN_POINT ( 'NONE',  ( -78.41259824063034500, -12.50000000000000178, 59.53662206973292825 ) ) ;
#2116 = CARTESIAN_POINT ( 'NONE',  ( -50.23395088747290060, 12.50000000000000000, 60.39999160254730270 ) ) ;
#2117 = CARTESIAN_POINT ( 'NONE',  ( -27.43884697544000417, 12.49999999999960032, 42.43835637906669689 ) ) ;
#2118 = CARTESIAN_POINT ( 'NONE',  ( -34.62197729131379731, 7.615174349102641571, 37.52402340273059878 ) ) ;
#2119 = VERTEX_POINT ( 'NONE', #1374 ) ;
#2120 = CARTESIAN_POINT ( 'NONE',  ( -74.38353016431250353, -12.34506154492649266, 90.15675601292042529 ) ) ;
#2121 = CARTESIAN_POINT ( 'NONE',  ( -78.03370688154460311, -12.49999999999439915, 84.49249221554040901 ) ) ;
#2122 = B_SPLINE_CURVE_WITH_KNOTS ( 'NONE', 3,
 ( #2426, #3371, #514, #1202, #3054, #535, #888, #1802, #3393, #2139, #1784, #3670, #3034, #3708, #228, #1500, #165, #2118, #558, #831, #2739, #3074, #1821, #3948, #609, #259, #1277, #36, #276, #1260, #1222 ),
 .UNSPECIFIED., .F., .F.,
 ( 4, 2, 2, 2, 1, 1, 2, 2, 2, 2, 2, 1, 1, 1, 2, 2, 2, 4 ),
 ( 0.000000000000000000, 0.2499999999999951705, 0.3749999999999933387, 0.4374999999999918399, 0.4687499999999904521, 0.4843749999999898415, 0.4921874999999897304, 0.4999999999999895639, 0.6249999999999894529, 0.6874999999999890088, 0.7187499999999896749, 0.7343749999999911182, 0.7421874999999923395, 0.7460937499999931166, 0.7480468749999932276, 0.7499999999999932276, 0.8749999999999966693, 1.000000000000000000 ),
 .UNSPECIFIED. ) ;
#2123 = CARTESIAN_POINT ( 'NONE',  ( -53.24741654365369925, -12.49999999999359979, 61.23757657779160013 ) ) ;
#2124 = CARTESIAN_POINT ( 'NONE',  ( -25.19715842554007779, -12.50000000000000178, 74.49525678312645027 ) ) ;
#2125 = EDGE_CURVE ( 'NONE', #568, #3741, #2978, .T. ) ;
#2126 = CARTESIAN_POINT ( 'NONE',  ( -41.73637338733239233, -4.632813184691680242, 37.96583844403239993 ) ) ;
#2127 = CARTESIAN_POINT ( 'NONE',  ( -34.21912786213560054, -12.50000000000000000, 71.16485376560540033 ) ) ;
#2128 = CARTESIAN_POINT ( 'NONE',  ( -6.439341347262629078, -7.739072329527178162, 62.57445947337700431 ) ) ;
#2129 = CARTESIAN_POINT ( 'NONE',  ( -7.126993999059850537, 5.903780881820739346, 41.48256569988299702 ) ) ;
#2130 = CARTESIAN_POINT ( 'NONE',  ( -85.59119942532120717, -12.49999999937529971, 72.04839071154110286 ) ) ;
#2131 = CARTESIAN_POINT ( 'NONE',  ( -6.840022608735959686, 4.650802484893110211, 38.00000000000000000 ) ) ;
#2132 = CARTESIAN_POINT ( 'NONE',  ( -32.81875549197897612, 12.50000000000000178, 80.09942081749308329 ) ) ;
#2133 = CARTESIAN_POINT ( 'NONE',  ( -85.63144017337779701, 12.49999999996860112, 74.00535068806550498 ) ) ;
#2134 = CARTESIAN_POINT ( 'NONE',  ( -33.98967973083740191, 12.50000000000000000, 70.99614108382999689 ) ) ;
#2135 = CARTESIAN_POINT ( 'NONE',  ( -67.56282876154288886, 12.49999999999910116, 64.80689870912891593 ) ) ;
#2136 = CARTESIAN_POINT ( 'NONE',  ( -72.96135255305770784, -12.50000000000000000, 66.24275898414050801 ) ) ;
#2137 = CARTESIAN_POINT ( 'NONE',  ( -55.33023729706830096, 12.50000000000000178, 53.52311533008919753 ) ) ;
#2138 = CARTESIAN_POINT ( 'NONE',  ( -27.82484317143299890, 12.49999999999710099, 43.98872712476529756 ) ) ;
#2139 = CARTESIAN_POINT ( 'NONE',  ( -34.94706036387376713, 6.602510912019690537, 37.75129843394270068 ) ) ;
#2140 = ORIENTED_EDGE ( 'NONE', *, *, #4000, .T. ) ;
#2141 = CARTESIAN_POINT ( 'NONE',  ( -84.45163833397049302, -12.49999999999809930, 76.51851341332979928 ) ) ;
#2142 = CARTESIAN_POINT ( 'NONE',  ( -5.850722161157818846, -5.737940116910343669, 37.65471076923667937 ) ) ;
#2143 = CARTESIAN_POINT ( 'NONE',  ( -24.73483791967009893, 4.632813184691689123, 37.86723517412980300 ) ) ;
#2144 = CARTESIAN_POINT ( 'NONE',  ( -76.61933885538631728, 4.500000000000000000, 96.76816716052469758 ) ) ;
#2145 = CARTESIAN_POINT ( 'NONE',  ( -6.925593699219739996, 6.038811033860469912, 41.75000000000000000 ) ) ;
#2146 = CARTESIAN_POINT ( 'NONE',  ( -27.86044922925090361, -4.632813184691680242, 37.25894474447549953 ) ) ;
#2147 = CARTESIAN_POINT ( 'NONE',  ( -73.83688609469470521, -12.50000000000000000, 88.53673813576540397 ) ) ;
#2148 = CARTESIAN_POINT ( 'NONE',  ( -62.39488596220950711, -12.49999999999799982, 86.77529966815939133 ) ) ;
#2149 = CARTESIAN_POINT ( 'NONE',  ( -6.247676765019940071, 4.848480158808360585, 37.99999999999459988 ) ) ;
#2150 = LINE ( 'NONE', #935, #3592 ) ;
#2151 = CARTESIAN_POINT ( 'NONE',  ( -77.75728409280068831, 12.49999999999930012, 67.76637399419539065 ) ) ;
#2152 = B_SPLINE_SURFACE_WITH_KNOTS ( 'NONE', 3, 1, ( 
 ( #3689, #1519 ),
 ( #2696, #1765 ),
 ( #2447, #1184 ),
 ( #1458, #1436 ) ),
 .UNSPECIFIED., .F., .F., .F.,
 ( 4, 4 ),
 ( 2, 2 ),
 ( 1.570796326794899889, 1.985139639446400039 ),
 ( 0.000000000000000000, 0.9440624178369990682 ),
 .UNSPECIFIED. ) ;
#2153 = CARTESIAN_POINT ( 'NONE',  ( -80.06895121416420125, -4.500000000000000000, 60.09166331701609920 ) ) ;
#2154 = CARTESIAN_POINT ( 'NONE',  ( -75.16305073231545464, 12.50000000000000178, 58.55144071133678096 ) ) ;
#2155 = CARTESIAN_POINT ( 'NONE',  ( -27.21692930468629967, 12.50000000000000000, 37.40766625019740133 ) ) ;
#2156 = LINE ( 'NONE', #1856, #3052 ) ;
#2157 = ORIENTED_EDGE ( 'NONE', *, *, #1628, .F. ) ;
#2158 = CARTESIAN_POINT ( 'NONE',  ( -83.64532001233489211, -12.49999999998259881, 77.79934125659660538 ) ) ;
#2159 = CARTESIAN_POINT ( 'NONE',  ( -36.27948460187145940, -2.142770047740149675, 43.51293781980706399 ) ) ;
#2160 = PLANE ( 'NONE',  #1484 ) ;
#2161 = DIRECTION ( 'NONE',  ( 0.000000000000000000, -1.000000000000000000, 0.000000000000000000 ) ) ;
#2162 = CARTESIAN_POINT ( 'NONE',  ( -6.885479705048083154, -8.603271010971349497, 62.29797028154421668 ) ) ;
#2163 = B_SPLINE_CURVE_WITH_KNOTS ( 'NONE', 3,
 ( #1806, #2778, #562, #3993 ),
 .UNSPECIFIED., .F., .F.,
 ( 4, 4 ),
 ( -0.5404970355410639860, 0.000000000000000000 ),
 .UNSPECIFIED. ) ;
#2164 = CARTESIAN_POINT ( 'NONE',  ( -73.83688609469470521, -12.50000000000000000, 88.53673813576540397 ) ) ;
#2165 = CARTESIAN_POINT ( 'NONE',  ( -33.39263326603718696, 9.699124908104886700, 36.96258435150534183 ) ) ;
#2166 = CARTESIAN_POINT ( 'NONE',  ( -76.38942357125819171, 7.688857739360891230, 96.08934966039845449 ) ) ;
#2167 = CARTESIAN_POINT ( 'NONE',  ( -25.52750939320410239, 14.07343736306170001, 37.79688962485400339 ) ) ;
#2168 = CARTESIAN_POINT ( 'NONE',  ( -86.93158295336040453, 4.500000000000000000, 86.63673566874911103 ) ) ;
#2169 = CARTESIAN_POINT ( 'NONE',  ( -85.86864855149640618, -12.49999999998889955, 72.95751613559518489 ) ) ;
#2170 = B_SPLINE_CURVE_WITH_KNOTS ( 'NONE', 3,
 ( #2933, #2306, #3605, #2029 ),
 .UNSPECIFIED., .F., .F.,
 ( 4, 4 ),
 ( 0.000000000000000000, 1.000000000000000000 ),
 .UNSPECIFIED. ) ;
#2171 = ADVANCED_FACE ( 'NONE', ( #3930 ), #1868, .F. ) ;
#2172 = CARTESIAN_POINT ( 'NONE',  ( -29.31899499863530068, 12.49999999998160050, 67.64046002069899544 ) ) ;
#2173 = CARTESIAN_POINT ( 'NONE',  ( -83.71271932934659787, 12.49999999999839950, 70.49476327908119799 ) ) ;
#2174 = CARTESIAN_POINT ( 'NONE',  ( -86.68385328773318577, -4.500000000000000000, 62.95958939289369738 ) ) ;
#2175 = CARTESIAN_POINT ( 'NONE',  ( -89.24279263522339534, 4.500000000000000000, 64.58855947696939381 ) ) ;
#2176 = CARTESIAN_POINT ( 'NONE',  ( -27.13036033543940206, 12.49999999999979927, 38.78247877724379578 ) ) ;
#2177 = CARTESIAN_POINT ( 'NONE',  ( -74.37341485029178045, -12.35076760457105394, 90.12678206754667087 ) ) ;
#2178 = CARTESIAN_POINT ( 'NONE',  ( -73.83688604734400940, 12.50000000000000000, 88.53673832600750870 ) ) ;
#2179 = CARTESIAN_POINT ( 'NONE',  ( -35.44521793907309615, -1.967505926471780908, 41.56665241079071649 ) ) ;
#2180 = CARTESIAN_POINT ( 'NONE',  ( -6.655770899100676097, 6.188115739878205623, 41.79419650002790121 ) ) ;
#2181 = CARTESIAN_POINT ( 'NONE',  ( -7.124526462185732711, -8.978123722664163253, 62.15009002082803136 ) ) ;
#2182 = CARTESIAN_POINT ( 'NONE',  ( -9.238865168930903593, 11.10411017134444123, 60.84855923506383846 ) ) ;
#2183 = CARTESIAN_POINT ( 'NONE',  ( -33.58950968336975507, 9.453581766145575216, 37.02673684499742990 ) ) ;
#2184 = CARTESIAN_POINT ( 'NONE',  ( -89.22730055100889501, -12.50000000000000178, 83.76329018932561610 ) ) ;
#2185 = DIRECTION ( 'NONE',  ( -0.9510565162951521989, 0.000000000000000000, 0.3090169943749520587 ) ) ;
#2186 = CARTESIAN_POINT ( 'NONE',  ( -27.21692930468629967, 14.07343736306170001, 37.40766625019740133 ) ) ;
#2187 = CARTESIAN_POINT ( 'NONE',  ( -91.98171580743218101, 12.50000000000000178, 79.43234185633025390 ) ) ;
#2188 = VECTOR ( 'NONE', #1538, 1000.000000000000000 ) ;
#2189 = CARTESIAN_POINT ( 'NONE',  ( -85.87732120269319580, -12.49999999984799892, 72.67144060519289894 ) ) ;
#2190 = CARTESIAN_POINT ( 'NONE',  ( -21.83722406390289805, -12.50000000000000000, 38.00000000000000000 ) ) ;
#2191 = CARTESIAN_POINT ( 'NONE',  ( -85.85358909181009324, -12.50000000000000000, 72.49990408568950784 ) ) ;
#2192 = CARTESIAN_POINT ( 'NONE',  ( -84.57040848572970049, 12.49999999993619859, 71.08915652830449972 ) ) ;
#2193 = EDGE_CURVE ( 'NONE', #1429, #1117, #1702, .T. ) ;
#2194 = CARTESIAN_POINT ( 'NONE',  ( -80.35101665138030569, 12.50000000000000000, 68.77236940665599718 ) ) ;
#2195 = CARTESIAN_POINT ( 'NONE',  ( -28.81963085989070095, 12.49999999999769962, 46.52022676599250417 ) ) ;
#2196 = DIRECTION ( 'NONE',  ( -0.9510565162951521989, 0.000000000000000000, 0.3090169943749520587 ) ) ;
#2197 = EDGE_CURVE ( 'NONE', #748, #1375, #1148, .T. ) ;
#2198 = CARTESIAN_POINT ( 'NONE',  ( -63.41345988487749707, 12.49999999999769962, 87.00462629144860216 ) ) ;
#2199 = CARTESIAN_POINT ( 'NONE',  ( -27.26195717054079992, -12.50000000000000000, 37.00587535764930180 ) ) ;
#2200 = FACE_OUTER_BOUND ( 'NONE', #821, .T. ) ;
#2201 = CARTESIAN_POINT ( 'NONE',  ( -6.785462195660875828, 6.093008276422167135, 41.75818663433022238 ) ) ;
#2202 = CARTESIAN_POINT ( 'NONE',  ( -10.83694344106706708, -11.94907684103845469, 59.87272926540875773 ) ) ;
#2203 = CARTESIAN_POINT ( 'NONE',  ( -42.32110201068219624, -12.50000000000000000, 57.62500992143050382 ) ) ;
#2204 = CARTESIAN_POINT ( 'NONE',  ( -8.261842674525532004, 10.31659197426684216, 61.44844851626981352 ) ) ;
#2205 = CARTESIAN_POINT ( 'NONE',  ( -69.83245753005509471, -12.50000000000000000, 88.10181115045629952 ) ) ;
#2206 = CARTESIAN_POINT ( 'NONE',  ( -61.43658289105560044, -12.49999999999409894, 86.54084029651909304 ) ) ;
#2207 = CARTESIAN_POINT ( 'NONE',  ( -82.21938488322534511, -12.50000000000000178, 91.62933046952512939 ) ) ;
#2208 = CARTESIAN_POINT ( 'NONE',  ( -92.51273304999070035, 12.50000000000000178, 78.34529650197745809 ) ) ;
#2209 = CARTESIAN_POINT ( 'NONE',  ( -85.85322572628808757, -12.49999999999439915, 73.08815271016671034 ) ) ;
#2210 = CARTESIAN_POINT ( 'NONE',  ( -21.50572447315509805, 12.49999999797980088, 62.53065813845569210 ) ) ;
#2211 = CARTESIAN_POINT ( 'NONE',  ( -85.02274944980349858, 12.49999999999910116, 71.46152533925730665 ) ) ;
#2212 = CARTESIAN_POINT ( 'NONE',  ( -56.08481595453680058, -4.500000000000000000, 93.36139929156260564 ) ) ;
#2213 = CARTESIAN_POINT ( 'NONE',  ( -86.05183314078712442, 12.50000000000000178, 62.61824526760708665 ) ) ;
#2214 = CARTESIAN_POINT ( 'NONE',  ( -29.30298193965279907, 12.49999999999969980, 47.41505592740910657 ) ) ;
#2215 = DIRECTION ( 'NONE',  ( -0.9510565162951521989, 0.000000000000000000, 0.3090169943749520587 ) ) ;
#2216 = CARTESIAN_POINT ( 'NONE',  ( -85.22606747153028550, -12.49999999999899991, 75.03521812159010551 ) ) ;
#2217 = CARTESIAN_POINT ( 'NONE',  ( -63.22498824955820140, 12.49999999999850075, 86.96321976690269651 ) ) ;
#2218 = CARTESIAN_POINT ( 'NONE',  ( -27.35455446546230007, -12.50000000000000000, 36.24414557894849764 ) ) ;
#2219 = EDGE_CURVE ( 'NONE', #2119, #2309, #3002, .T. ) ;
#2220 = CARTESIAN_POINT ( 'NONE',  ( -35.22350022213760923, 12.50000000000000355, 37.80668940382629017 ) ) ;
#2221 = DIRECTION ( 'NONE',  ( 0.9510565162951518658, 0.000000000000000000, -0.3090169943749530024 ) ) ;
#2222 = CARTESIAN_POINT ( 'NONE',  ( -7.833742286405419364, -9.881782382901258543, 61.71209730684926598 ) ) ;
#2223 = CARTESIAN_POINT ( 'NONE',  ( -42.69990283903960204, -12.50000000000000000, 57.78268369393460802 ) ) ;
#2224 = CARTESIAN_POINT ( 'NONE',  ( -28.55686535202637799, -12.39700342651858911, 37.10146967613082580 ) ) ;
#2225 = CARTESIAN_POINT ( 'NONE',  ( -72.36005863703420005, -12.49999999999969980, 66.07474754089031421 ) ) ;
#2226 = CARTESIAN_POINT ( 'NONE',  ( -77.07337489518023688, -12.50000000000000178, 96.37243007968552888 ) ) ;
#2227 = CARTESIAN_POINT ( 'NONE',  ( -77.71442354119780305, 12.50000000000000000, 84.82503739397471065 ) ) ;
#2228 = ORIENTED_EDGE ( 'NONE', *, *, #2197, .F. ) ;
#2229 = CARTESIAN_POINT ( 'NONE',  ( -85.87915578512479442, -12.49999999978770049, 72.76139273544329455 ) ) ;
#2230 = CARTESIAN_POINT ( 'NONE',  ( -33.38831334736580203, -12.49999999990849986, 52.31915217976100507 ) ) ;
#2231 = CARTESIAN_POINT ( 'NONE',  ( -83.78536557983549926, 12.49999999999930012, 70.54115605944400613 ) ) ;
#2232 = CARTESIAN_POINT ( 'NONE',  ( -85.21473485320869656, 12.50000000000000000, 71.63786044252481133 ) ) ;
#2233 = CARTESIAN_POINT ( 'NONE',  ( -32.03029983607340370, 12.50000000000000000, 51.02911005296280678 ) ) ;
#2234 = CARTESIAN_POINT ( 'NONE',  ( -27.26018431940802600, 0.000000000000000000, 39.99556848024233346 ) ) ;
#2235 = CARTESIAN_POINT ( 'NONE',  ( -35.12880047042278164, -12.50000000000000178, 38.86078304395839211 ) ) ;
#2236 = CARTESIAN_POINT ( 'NONE',  ( -35.19948856471220466, 4.500000000000000000, 38.00419160417389719 ) ) ;
#2237 = CARTESIAN_POINT ( 'NONE',  ( -5.751249870896919525, 4.500000000000000000, 62.99845678675688987 ) ) ;
#2238 = CARTESIAN_POINT ( 'NONE',  ( -7.411947836214729080, -9.382481110493536391, 61.97242311760603428 ) ) ;
#2239 = CARTESIAN_POINT ( 'NONE',  ( -47.24466287347019744, -12.49999999999830003, 59.45239873678939801 ) ) ;
#2240 = CARTESIAN_POINT ( 'NONE',  ( -133.2849194736390075, -6.299999999999999822, 47.54227933264109396 ) ) ;
#2241 = ADVANCED_FACE ( 'NONE', ( #3338 ), #272, .T. ) ;
#2242 = CARTESIAN_POINT ( 'NONE',  ( -67.56274265688040259, -12.49999999999910116, 64.80687717391730018 ) ) ;
#2243 = CARTESIAN_POINT ( 'NONE',  ( -81.02055455734880240, -4.500000000000000000, 92.78488008366379347 ) ) ;
#2244 = DIRECTION ( 'NONE',  ( 0.000000000000000000, 0.000000000000000000, 1.000000000000000000 ) ) ;
#2245 = FACE_OUTER_BOUND ( 'NONE', #1814, .T. ) ;
#2246 =( BOUNDED_SURFACE ( )  B_SPLINE_SURFACE ( 3, 2, ( 
 ( #1345, #665, #3574 ),
 ( #688, #3240, #366 ),
 ( #406, #1670, #2897 ),
 ( #1651, #59, #2237 ),
 ( #2922, #1009, #1388 ),
 ( #2561, #734, #3261 ),
 ( #143, #3537, #428 ),
 ( #3199, #2261, #1634 ),
 ( #1323, #1412, #3220 ),
 ( #102, #1367, #3873 ),
 ( #1053, #2622, #3896 ),
 ( #1079, #1098, #3011 ),
 ( #1408, #2642, #826 ),
 ( #180, #1452, #2691 ),
 ( #4034, #1544, #368 ),
 ( #1174, #3084, #859 ),
 ( #1212, #2110, #268 ),
 ( #3103, #3384, #547 ),
 ( #3719, #2132, #2785 ),
 ( #4052, #1390, #2563 ),
 ( #1347, #2650, #2624 ),
 ( #408, #3601, #690 ),
 ( #1106, #124, #472 ),
 ( #3924, #712, #3222 ),
 ( #3622, #2047, #1055 ),
 ( #1980, #3837, #1011 ),
 ( #761, #2924, #736 ),
 ( #2880, #3853, #2263 ),
 ( #61, #1081, #1325 ),
 ( #3538, #3898, #386 ),
 ( #1653, #2949, #450 ),
 ( #2899, #2323, #78 ),
 ( #2582, #2025, #1033 ),
 ( #2278, #3556, #103 ),
 ( #3287, #3263, #1368 ),
 ( #1716, #2603, #3875 ),
 ( #2299, #3576, #2003 ),
 ( #430, #2972, #1695 ),
 ( #3416, #1163, #2717 ),
 ( #2085, #3968, #3645 ),
 ( #3351, #1476, #1144 ),
 ( #244, #2994, #3016 ),
 ( #206, #2067, #3727 ) ),
 .UNSPECIFIED., .F., .F., .F. ) 
 B_SPLINE_SURFACE_WITH_KNOTS ( ( 4, 1, 1, 1, 1, 1, 1, 1, 1, 1, 1, 1, 1, 1, 1, 1, 1, 1, 1, 1, 1, 1, 1, 1, 1, 1, 1, 1, 1, 1, 1, 1, 1, 1, 1, 1, 1, 1, 1, 1, 4 ),
 ( 3, 3 ),
 ( 0.02745489906831110119, 0.02775909041759639859, 0.02791118609223909933, 0.02806328176688180007, 0.02836747311616719808, 0.02867166446545250241, 0.02928004716402320129, 0.02988842986259400078, 0.03110519525973540200, 0.03232196065687689690, 0.03475549145115969935, 0.03718902224544259894, 0.03962255303972549852, 0.04205608383400839811, 0.04692314542257419729, 0.05179020701113999647, 0.05665726859970580259, 0.06152433018827160177, 0.06639139177683739401, 0.06882492257112030054, 0.07125845336540319319, 0.07612551495396889523, 0.08099257654253469441, 0.08342610733681760093, 0.08585963813110049359, 0.08829316892538340011, 0.08950993432252489501, 0.09072669971966629276, 0.09316023051394919929, 0.09559376130823209194, 0.09802729210251499847, 0.1004608228967980021, 0.1016775882939389974, 0.1028943536910810058, 0.1035027363896519892, 0.1041111190882220011, 0.1044153104375079993, 0.1047195017867929984, 0.1048715974614359975, 0.1050236931360779974, 0.1053278844853639956 ),
 ( 0.000000000000000000, 1.000000000000000000 ),
 .UNSPECIFIED. ) 
 GEOMETRIC_REPRESENTATION_ITEM ( )  RATIONAL_B_SPLINE_SURFACE ( (
 ( 1.000000000000000000, 0.7071067811865480168, 1.000000000000000000),
 ( 1.000000000000000000, 0.7071067811865480168, 1.000000000000000000),
 ( 1.000000000000000000, 0.7071067811865480168, 1.000000000000000000),
 ( 1.000000000000000000, 0.7071067811865470176, 1.000000000000000000),
 ( 1.000000000000000000, 0.7071067811865480168, 1.000000000000000000),
 ( 1.000000000000000000, 0.7071067811865470176, 1.000000000000000000),
 ( 1.000000000000000000, 0.7071067811865470176, 1.000000000000000000),
 ( 1.000000000000000000, 0.7071067811865480168, 1.000000000000000000),
 ( 1.000000000000000000, 0.7071067811865470176, 1.000000000000000000),
 ( 1.000000000000000000, 0.7071067811865480168, 1.000000000000000000),
 ( 1.000000000000000000, 0.7071067811865470176, 1.000000000000000000),
 ( 1.000000000000000000, 0.7071067811865470176, 1.000000000000000000),
 ( 1.000000000000000000, 0.7071067811865480168, 1.000000000000000000),
 ( 1.000000000000000000, 0.7071067811865470176, 1.000000000000000000),
 ( 1.000000000000000000, 0.7071067811865480168, 1.000000000000000000),
 ( 1.000000000000000000, 0.7071067811865470176, 1.000000000000000000),
 ( 1.000000000000000000, 0.7071067811865480168, 1.000000000000000000),
 ( 1.000000000000000000, 0.7071067811865470176, 1.000000000000000000),
 ( 1.000000000000000000, 0.7071067811865480168, 1.000000000000000000),
 ( 1.000000000000000000, 0.7071067811865480168, 1.000000000000000000),
 ( 1.000000000000000000, 0.7071067811865480168, 1.000000000000000000),
 ( 1.000000000000000000, 0.7071067811865470176, 1.000000000000000000),
 ( 1.000000000000000000, 0.7071067811865470176, 1.000000000000000000),
 ( 1.000000000000000000, 0.7071067811865470176, 1.000000000000000000),
 ( 1.000000000000000000, 0.7071067811865480168, 1.000000000000000000),
 ( 1.000000000000000000, 0.7071067811865460184, 1.000000000000000000),
 ( 1.000000000000000000, 0.7071067811865470176, 1.000000000000000000),
 ( 1.000000000000000000, 0.7071067811865480168, 1.000000000000000000),
 ( 1.000000000000000000, 0.7071067811865470176, 1.000000000000000000),
 ( 1.000000000000000000, 0.7071067811865480168, 1.000000000000000000),
 ( 1.000000000000000000, 0.7071067811865470176, 1.000000000000000000),
 ( 1.000000000000000000, 0.7071067811865490160, 1.000000000000000000),
 ( 1.000000000000000000, 0.7071067811865480168, 1.000000000000000000),
 ( 1.000000000000000000, 0.7071067811865470176, 1.000000000000000000),
 ( 1.000000000000000000, 0.7071067811865480168, 1.000000000000000000),
 ( 1.000000000000000000, 0.7071067811865480168, 1.000000000000000000),
 ( 1.000000000000000000, 0.7071067811865470176, 1.000000000000000000),
 ( 1.000000000000000000, 0.7071067811865490160, 1.000000000000000000),
 ( 1.000000000000000000, 0.7071067811865470176, 1.000000000000000000),
 ( 1.000000000000000000, 0.7071067811865480168, 1.000000000000000000),
 ( 1.000000000000000000, 0.7071067811865480168, 1.000000000000000000),
 ( 1.000000000000000000, 0.7071067811865480168, 1.000000000000000000),
 ( 1.000000000000000000, 0.7071067811865480168, 1.000000000000000000) ) ) 
 REPRESENTATION_ITEM ( '' )  SURFACE ( )  );
#2247 = ORIENTED_EDGE ( 'NONE', *, *, #823, .F. ) ;
#2248 = CARTESIAN_POINT ( 'NONE',  ( -85.86171972268300578, -12.49999999999399947, 73.02287192233519875 ) ) ;
#2249 = CARTESIAN_POINT ( 'NONE',  ( -29.96317421120579993, -12.50000000000000000, 48.47911078598929890 ) ) ;
#2250 = CARTESIAN_POINT ( 'NONE',  ( -85.21400276144299823, 12.49999999999960032, 71.63871553187111374 ) ) ;
#2251 = ORIENTED_EDGE ( 'NONE', *, *, #1975, .T. ) ;
#2252 = B_SPLINE_SURFACE_WITH_KNOTS ( 'NONE', 3, 1, ( 
 ( #125, #3557 ),
 ( #3181, #1391 ),
 ( #1981, #2240 ),
 ( #1672, #3876 ) ),
 .UNSPECIFIED., .F., .F., .F.,
 ( 4, 4 ),
 ( 2, 2 ),
 ( 0.000000000000000000, 0.9485663405123450076 ),
 ( 0.000000000000000000, 1.080000000000000071 ),
 .UNSPECIFIED. ) ;
#2253 = CARTESIAN_POINT ( 'NONE',  ( -81.12129731685810441, -12.49999999998589928, 69.11567791845899933 ) ) ;
#2254 = VECTOR ( 'NONE', #954, 1000.000000000000000 ) ;
#2255 = CARTESIAN_POINT ( 'NONE',  ( -75.63666725325633422, 10.60749054494414345, 93.86532744977367315 ) ) ;
#2256 = B_SPLINE_CURVE_WITH_KNOTS ( 'NONE', 3,
 ( #1087, #765, #2608, #2932, #3291, #477, #2679 ),
 .UNSPECIFIED., .F., .F.,
 ( 4, 3, 4 ),
 ( 0.000000000000000000, 0.06595182502145800763, 0.1318953291082204105 ),
 .UNSPECIFIED. ) ;
#2257 = CARTESIAN_POINT ( 'NONE',  ( -88.16985620002660085, -4.500000000000000000, 63.84613115443040243 ) ) ;
#2258 = CARTESIAN_POINT ( 'NONE',  ( -29.73075680220580352, 12.49999999999350031, 48.12284561822529838 ) ) ;
#2259 = CARTESIAN_POINT ( 'NONE',  ( -35.18577657803100323, -4.500000000000000000, 38.12254477411610054 ) ) ;
#2260 = CARTESIAN_POINT ( 'NONE',  ( -27.21692930468629967, -12.50000000000000000, 37.40766625019740133 ) ) ;
#2261 = CARTESIAN_POINT ( 'NONE',  ( -6.915973096928466290, 12.50000000000000178, 63.57770733110280759 ) ) ;
#2262 = CARTESIAN_POINT ( 'NONE',  ( -9.933159047255191609, -11.53286668789935376, 60.42363295306260795 ) ) ;
#2263 = CARTESIAN_POINT ( 'NONE',  ( -60.11694480113320083, 4.500000000000000000, 94.45962370331758962 ) ) ;
#2264 = CARTESIAN_POINT ( 'NONE',  ( -41.79223174771080096, -12.50000000000000000, 57.39708964410879588 ) ) ;
#2265 = CARTESIAN_POINT ( 'NONE',  ( -29.71260554642219276, -12.13268676425000336, 36.87112861879624859 ) ) ;
#2266 = DIRECTION ( 'NONE',  ( 0.000000000000000000, 0.000000000000000000, -1.000000000000000000 ) ) ;
#2267 = CARTESIAN_POINT ( 'NONE',  ( -7.062363296652609534, -5.865207421354930339, 41.75000000000000000 ) ) ;
#2268 = CARTESIAN_POINT ( 'NONE',  ( -6.925593699219739996, 6.038811033860469912, 41.75000000000000000 ) ) ;
#2269 = CARTESIAN_POINT ( 'NONE',  ( -32.98169030503239441, -12.49999999992900079, 51.95581429390570349 ) ) ;
#2270 = CARTESIAN_POINT ( 'NONE',  ( -91.98180232589749039, -12.50000000000000178, 79.43217592483486555 ) ) ;
#2271 = CARTESIAN_POINT ( 'NONE',  ( -85.59129374657639744, 12.49999999937599959, 72.04850974897769333 ) ) ;
#2272 = CARTESIAN_POINT ( 'NONE',  ( -82.99413707210719338, -12.49999999999949907, 70.06386314033440499 ) ) ;
#2273 = CARTESIAN_POINT ( 'NONE',  ( -92.75821396567887689, -12.50000000000000178, 68.40898316467317386 ) ) ;
#2274 = CARTESIAN_POINT ( 'NONE',  ( -85.87929875550099723, 12.50000000000000000, 72.74517178997649580 ) ) ;
#2275 = CARTESIAN_POINT ( 'NONE',  ( -29.25098345872110173, 12.49999999999919886, 47.32336042202690152 ) ) ;
#2276 = CARTESIAN_POINT ( 'NONE',  ( -35.19492066864489743, -4.500000000000000000, 38.04238170621999870 ) ) ;
#2277 = CARTESIAN_POINT ( 'NONE',  ( -35.33420442922329840, 4.500000000000000000, 36.89602146280199690 ) ) ;
#2278 = CARTESIAN_POINT ( 'NONE',  ( -73.95496890250180400, 12.50000000000000000, 88.54938038509249054 ) ) ;
#2279 = CARTESIAN_POINT ( 'NONE',  ( -12.23839494601783251, 12.35507484837981451, 59.02265198049467188 ) ) ;
#2280 = CARTESIAN_POINT ( 'NONE',  ( -6.754360833654099672, 4.500000000000000000, 42.75000000000000000 ) ) ;
#2281 = CARTESIAN_POINT ( 'NONE',  ( -68.42910610470889310, -12.49999999999960032, 65.02678796623840185 ) ) ;
#2282 = CARTESIAN_POINT ( 'NONE',  ( -82.33103938267940691, 12.49999999999880096, 79.61313655233909969 ) ) ;
#2283 = CARTESIAN_POINT ( 'NONE',  ( -35.20000000000000284, -4.584017574762359715, 37.99648529782859896 ) ) ;
#2284 = CARTESIAN_POINT ( 'NONE',  ( -72.19019938581598694, 12.50000000000000000, 90.01393148154279800 ) ) ;
#2285 = ORIENTED_EDGE ( 'NONE', *, *, #3863, .T. ) ;
#2286 = CARTESIAN_POINT ( 'NONE',  ( -29.69272993017609963, -12.49999999999420019, 48.06293967297779801 ) ) ;
#2287 = CARTESIAN_POINT ( 'NONE',  ( -92.98884401050391091, -4.500000000000000000, 77.20009443574389252 ) ) ;
#2288 = CARTESIAN_POINT ( 'NONE',  ( -85.86101434547309452, 12.49999999985380050, 72.53224924584938549 ) ) ;
#2289 = ORIENTED_EDGE ( 'NONE', *, *, #2193, .T. ) ;
#2290 = EDGE_CURVE ( 'NONE', #2309, #787, #3793, .T. ) ;
#2291 = CARTESIAN_POINT ( 'NONE',  ( -70.09089625357479747, 12.50000000000000000, 88.13493048419600484 ) ) ;
#2292 = CARTESIAN_POINT ( 'NONE',  ( -89.72008522720683743, -12.50000000000000355, 64.95796943462246986 ) ) ;
#2293 = CARTESIAN_POINT ( 'NONE',  ( -93.87592495930189784, 12.50000000000000355, 72.44150843563335229 ) ) ;
#2294 = CARTESIAN_POINT ( 'NONE',  ( -50.23763413135269928, 12.49999999992330046, 60.38654286484719336 ) ) ;
#2295 = CARTESIAN_POINT ( 'NONE',  ( -41.36647572838390374, -12.50000000000000000, 57.24714162137030371 ) ) ;
#2296 = CARTESIAN_POINT ( 'NONE',  ( -35.13495848031989510, 4.500000000000000000, 39.67599039606589884 ) ) ;
#2297 = CARTESIAN_POINT ( 'NONE',  ( -6.484966286064499208, 7.840045291169710495, 42.74999778016820073 ) ) ;
#2298 = CARTESIAN_POINT ( 'NONE',  ( -34.72681761582706628, -7.333789216071802564, 37.59404931995087651 ) ) ;
#2299 = CARTESIAN_POINT ( 'NONE',  ( -76.26543229358370013, 12.50000000000000000, 88.72828734484150459 ) ) ;
#2300 = FACE_OUTER_BOUND ( 'NONE', #1234, .T. ) ;
#2301 = CARTESIAN_POINT ( 'NONE',  ( -29.17808430834312006, 12.27195089406074402, 36.97240489182488687 ) ) ;
#2302 = CARTESIAN_POINT ( 'NONE',  ( -79.38581413257330155, -12.49999999999480060, 68.37769904901959706 ) ) ;
#2303 = CARTESIAN_POINT ( 'NONE',  ( -59.09289245207389740, -12.49999999999689848, 85.89331658803710923 ) ) ;
#2304 = CARTESIAN_POINT ( 'NONE',  ( -83.10689619413808771, 12.49999999999969980, 78.57535767373479985 ) ) ;
#2305 = CARTESIAN_POINT ( 'NONE',  ( -6.270206048727705372, -7.207701151121426619, 42.46626455348982176 ) ) ;
#2306 = CARTESIAN_POINT ( 'NONE',  ( -32.00283175543539471, -4.499999999999999112, 64.30021536386550451 ) ) ;
#2307 = B_SPLINE_CURVE_WITH_KNOTS ( 'NONE', 3,
 ( #1289, #2610, #331, #2956 ),
 .UNSPECIFIED., .F., .F.,
 ( 4, 4 ),
 ( 0.000000000000000000, 1.000000000000000000 ),
 .UNSPECIFIED. ) ;
#2308 = CARTESIAN_POINT ( 'NONE',  ( -76.42127581701403471, 12.50000000000000355, 96.94021161777233431 ) ) ;
#2309 = VERTEX_POINT ( 'NONE', #3955 ) ;
#2310 = CARTESIAN_POINT ( 'NONE',  ( -28.64457250859759796, -12.49999999999899991, 46.14117642862859725 ) ) ;
#2311 = CARTESIAN_POINT ( 'NONE',  ( -90.89862588843102742, -12.50000000000000355, 81.32625951870629422 ) ) ;
#2312 = CARTESIAN_POINT ( 'NONE',  ( -85.84680679556480243, 12.49999999859159949, 72.47624559303508818 ) ) ;
#2313 = ORIENTED_EDGE ( 'NONE', *, *, #3037, .F. ) ;
#2314 = CARTESIAN_POINT ( 'NONE',  ( -80.15754116432459853, -12.49999999999979927, 68.69279733823820777 ) ) ;
#2315 = CARTESIAN_POINT ( 'NONE',  ( -74.01991814343899989, 12.50000000000000000, 88.36973757658370232 ) ) ;
#2316 = CARTESIAN_POINT ( 'NONE',  ( -93.77946084002412874, 12.50000000000000355, 74.18348038687778967 ) ) ;
#2317 = CARTESIAN_POINT ( 'NONE',  ( -36.74240773623790091, 12.50000000000000000, 54.78367504994249515 ) ) ;
#2318 = AXIS2_PLACEMENT_3D ( 'NONE', #1506, #2795, #4063 ) ;
#2319 = CARTESIAN_POINT ( 'NONE',  ( -37.90684249869462263, -12.50000000000000178, 45.61346641961612391 ) ) ;
#2320 = VECTOR ( 'NONE', #3648, 1000.000000000000000 ) ;
#2321 = CARTESIAN_POINT ( 'NONE',  ( -35.12294298668620485, 4.500000000000000000, 39.27171781169610654 ) ) ;
#2322 = CARTESIAN_POINT ( 'NONE',  ( -35.17848374063783012, -5.144501667929187505, 37.96379493842383113 ) ) ;
#2323 = CARTESIAN_POINT ( 'NONE',  ( -69.36889095733293686, 12.50000000000000000, 96.11800931336067322 ) ) ;
#2324 = CARTESIAN_POINT ( 'NONE',  ( -7.147690291161979737, -5.862361808271409735, 41.74999999989650235 ) ) ;
#2325 = CARTESIAN_POINT ( 'NONE',  ( -9.826520708186860631, -4.500000000000000000, 65.07717324070611653 ) ) ;
#2326 = CARTESIAN_POINT ( 'NONE',  ( -81.91397034084108952, 12.49999999999880096, 80.14319975924929906 ) ) ;
#2327 = CARTESIAN_POINT ( 'NONE',  ( -6.471989461283659928, -6.197863402211972961, 41.87145569885272067 ) ) ;
#2328 = CARTESIAN_POINT ( 'NONE',  ( -35.94975348793669667, 2.203178192750805842, 42.88078282226904037 ) ) ;
#2329 = CARTESIAN_POINT ( 'NONE',  ( -32.13745035459319865, -12.65000000000000036, 36.72045650744799872 ) ) ;
#2330 = ORIENTED_EDGE ( 'NONE', *, *, #3709, .T. ) ;
#2331 = CARTESIAN_POINT ( 'NONE',  ( -74.78634379838763380, 12.02225858801667080, 91.34990459922015305 ) ) ;
#2332 = CARTESIAN_POINT ( 'NONE',  ( -27.63632584212020049, -12.49999999999939959, 43.31167528237769915 ) ) ;
#2333 = CARTESIAN_POINT ( 'NONE',  ( -85.68924887132300228, 12.50000000000910028, 72.18019117731138579 ) ) ;
#2334 = EDGE_LOOP ( 'NONE', ( #3913, #1137, #2615, #3847 ) ) ;
#2335 = CARTESIAN_POINT ( 'NONE',  ( -59.81770076722149554, 12.50000000000090061, 86.10792401736490831 ) ) ;
#2336 = CARTESIAN_POINT ( 'NONE',  ( -91.11683696263622778, -12.50000000000000178, 66.22497132138174436 ) ) ;
#2337 = CARTESIAN_POINT ( 'NONE',  ( -93.33714703672842461, 12.50000000000000355, 69.64802916258564380 ) ) ;
#2338 = CARTESIAN_POINT ( 'NONE',  ( -35.06212223071950262, 12.49999999989000088, 53.65287369113210048 ) ) ;
#2339 = CARTESIAN_POINT ( 'NONE',  ( -35.21263848790704287, -12.50000000000000178, 40.46969142694023702 ) ) ;
#2340 = CARTESIAN_POINT ( 'NONE',  ( -36.49327340723152702, 12.50000000000000355, 43.85423951415631194 ) ) ;
#2341 = CARTESIAN_POINT ( 'NONE',  ( -33.95402163854916466, -8.926665962172755542, 37.17786225482964113 ) ) ;
#2342 = CARTESIAN_POINT ( 'NONE',  ( -75.43878256970333496, -11.04621384710096166, 93.28012671690127888 ) ) ;
#2343 = CARTESIAN_POINT ( 'NONE',  ( -79.83361419980550977, -12.49999999998030020, 82.57875936216339596 ) ) ;
#2344 = CARTESIAN_POINT ( 'NONE',  ( -5.340177779904602851, -12.50000000000000178, 62.79599731245212979 ) ) ;
#2345 = ADVANCED_FACE ( 'NONE', ( #3273 ), #436, .F. ) ;
#2346 = CARTESIAN_POINT ( 'NONE',  ( -85.22601328162821233, 12.49999999999899991, 75.03533767091330731 ) ) ;
#2347 = CARTESIAN_POINT ( 'NONE',  ( -6.439009203290080308, -4.728497830440219651, 37.99999999999659650 ) ) ;
#2348 = CARTESIAN_POINT ( 'NONE',  ( -35.73341735994976176, 2.178105904437860563, 42.39125372808059211 ) ) ;
#2349 = ORIENTED_EDGE ( 'NONE', *, *, #1999, .F. ) ;
#2350 = DIRECTION ( 'NONE',  ( 1.000000000000000000, 0.000000000000000000, 0.000000000000000000 ) ) ;
#2351 = CARTESIAN_POINT ( 'NONE',  ( -74.32591774599436008, -12.50000000000000178, 96.60750706847565539 ) ) ;
#2352 = CARTESIAN_POINT ( 'NONE',  ( -75.73851662736321089, 10.34564250794073281, 94.16629197286415831 ) ) ;
#2353 = CARTESIAN_POINT ( 'NONE',  ( -27.39182196623220023, -12.50000000000020073, 42.19572381446599962 ) ) ;
#2354 = CARTESIAN_POINT ( 'NONE',  ( -85.35255429664179871, 12.49999999998840039, 71.77742567957899666 ) ) ;
#2355 = CARTESIAN_POINT ( 'NONE',  ( -84.67323337925689941, -12.49999999996630073, 71.16891274994560490 ) ) ;
#2356 = VERTEX_POINT ( 'NONE', #1190 ) ;
#2357 = CARTESIAN_POINT ( 'NONE',  ( -48.50893359377379710, 12.49999999991750066, 81.27980296403990224 ) ) ;
#2358 = CARTESIAN_POINT ( 'NONE',  ( -93.87592495930189784, 4.500000000000000000, 72.44150843563339492 ) ) ;
#2359 = B_SPLINE_CURVE_WITH_KNOTS ( 'NONE', 3,
 ( #3536, #384, #1914, #3780, #646, #3834 ),
 .UNSPECIFIED., .F., .F.,
 ( 4, 2, 4 ),
 ( 0.000000000000000000, 0.005042465151420439870, 0.01009908215740430021 ),
 .UNSPECIFIED. ) ;
#2360 = CARTESIAN_POINT ( 'NONE',  ( -47.24491701823659895, 12.49999999999830003, 59.45248271074480328 ) ) ;
#2361 = CARTESIAN_POINT ( 'NONE',  ( 36.58163263015709532, 0.000000000000000000, 19.25210471003249779 ) ) ;
#2362 = CARTESIAN_POINT ( 'NONE',  ( -38.63033154183580820, -12.50000000000000178, 46.29171796943978023 ) ) ;
#2363 = CARTESIAN_POINT ( 'NONE',  ( -35.16442276239910569, 4.500000000000000000, 38.33603208809439877 ) ) ;
#2364 = CARTESIAN_POINT ( 'NONE',  ( -34.91140083700565100, -6.739379375080281065, 37.72424521750897242 ) ) ;
#2365 = CARTESIAN_POINT ( 'NONE',  ( -5.754360833654099672, 4.500000000000000000, 42.75000000000000000 ) ) ;
#2366 = CARTESIAN_POINT ( 'NONE',  ( -33.08988989956179694, -10.04209341285138990, 36.87833669878612142 ) ) ;
#2367 = CARTESIAN_POINT ( 'NONE',  ( -79.89743014050010572, -12.49999999998390088, 82.50823632682379127 ) ) ;
#2368 = CARTESIAN_POINT ( 'NONE',  ( -80.98404449451329867, 12.49999999999969980, 81.26918596939759709 ) ) ;
#2369 = CARTESIAN_POINT ( 'NONE',  ( -6.379930288924484216, -6.348136066306295788, 41.95108879294831183 ) ) ;
#2370 = CARTESIAN_POINT ( 'NONE',  ( -24.52396913087750363, 0.000000000000000000, 40.26312671901922613 ) ) ;
#2371 = CARTESIAN_POINT ( 'NONE',  ( -35.19635190581309558, -5.020073313091280021, 36.91275821386449962 ) ) ;
#2372 = EDGE_CURVE ( 'NONE', #463, #1196, #3716, .T. ) ;
#2373 = CARTESIAN_POINT ( 'NONE',  ( -75.71706221516041069, -4.500000000000000000, 96.70948998569389232 ) ) ;
#2374 = CARTESIAN_POINT ( 'NONE',  ( -85.02263302478829132, -12.49999999999910116, 71.46142208107619354 ) ) ;
#2375 = CARTESIAN_POINT ( 'NONE',  ( -27.12503255084460108, -12.50000000000000000, 39.18296686127680317 ) ) ;
#2376 = CARTESIAN_POINT ( 'NONE',  ( -85.87909828135560986, 12.49999999975470111, 72.72882534800268672 ) ) ;
#2377 = CARTESIAN_POINT ( 'NONE',  ( -84.86045194115909851, -12.49999999999490008, 71.32193066164801110 ) ) ;
#2378 = VERTEX_POINT ( 'NONE', #60 ) ;
#2379 = CARTESIAN_POINT ( 'NONE',  ( -42.21508100491109872, 12.49999999986230037, 77.10167481915760845 ) ) ;
#2380 = CARTESIAN_POINT ( 'NONE',  ( -85.59064306448779291, 12.50000000000000000, 74.12870483563870039 ) ) ;
#2381 = CARTESIAN_POINT ( 'NONE',  ( -41.16546422809410188, 12.49999999999650058, 57.12012891711199813 ) ) ;
#2382 = CARTESIAN_POINT ( 'NONE',  ( -35.19488352330550640, 4.500000000000000000, 38.04269812155440178 ) ) ;
#2383 = AXIS2_PLACEMENT_3D ( 'NONE', #3498, #2161, #3423 ) ;
#2384 = CARTESIAN_POINT ( 'NONE',  ( -34.96053046042853651, -6.548442007852438351, 37.76186830038440689 ) ) ;
#2385 = CARTESIAN_POINT ( 'NONE',  ( -21.83722406390289805, -4.643912947079499531, 38.00000000000000000 ) ) ;
#2386 = CARTESIAN_POINT ( 'NONE',  ( -76.39393147445345278, -7.658777428794508957, 96.10266205273157425 ) ) ;
#2387 = CARTESIAN_POINT ( 'NONE',  ( -80.94186524222409673, -12.49999999999960032, 81.31874254610660557 ) ) ;
#2388 = COLOUR_RGB ( '',1.000000000000000000, 1.000000000000000000, 1.000000000000000000 ) ;
#2389 = CARTESIAN_POINT ( 'NONE',  ( -22.35820574054320176, -12.50000000000000000, 63.03704699468060113 ) ) ;
#2390 = CARTESIAN_POINT ( 'NONE',  ( -79.96107353024689246, 12.49999999998770051, 82.43758349129599594 ) ) ;
#2391 = CARTESIAN_POINT ( 'NONE',  ( -6.269446012291759018, -7.202845108936464236, 42.46313638142994051 ) ) ;
#2392 = CARTESIAN_POINT ( 'NONE',  ( -27.51377143253489876, -12.49999999958460073, 66.39732113653350609 ) ) ;
#2393 = CARTESIAN_POINT ( 'NONE',  ( -35.12803582070859676, -5.855440959476079676, 38.00539841999069779 ) ) ;
#2394 = CARTESIAN_POINT ( 'NONE',  ( -6.180234889378191099, 7.179716037231814063, 41.14401362806432871 ) ) ;
#2395 = CARTESIAN_POINT ( 'NONE',  ( -85.77453344146290704, -12.49999999927569938, 72.31556135518839312 ) ) ;
#2396 = CARTESIAN_POINT ( 'NONE',  ( -75.28068335962365154, 11.34332249241566970, 92.81251042116254268 ) ) ;
#2397 = CARTESIAN_POINT ( 'NONE',  ( -27.26165274314610087, -12.49999999999960032, 41.36305668867159824 ) ) ;
#2398 = CARTESIAN_POINT ( 'NONE',  ( -85.86863480337619592, 12.49999999998889955, 72.95766121264870208 ) ) ;
#2399 = ORIENTED_EDGE ( 'NONE', *, *, #2672, .F. ) ;
#2400 = EDGE_CURVE ( 'NONE', #787, #2119, #3663, .T. ) ;
#2401 = CARTESIAN_POINT ( 'NONE',  ( -50.98921733939410217, 12.49999999741629964, 82.63617048691030220 ) ) ;
#2402 = CARTESIAN_POINT ( 'NONE',  ( -88.65940040684387213, 12.50000000000000178, 84.51212382604818174 ) ) ;
#2403 = CARTESIAN_POINT ( 'NONE',  ( -76.66485095602719468, 12.50000000000040146, 67.38880681508609882 ) ) ;
#2404 = CARTESIAN_POINT ( 'NONE',  ( -78.41282742255758365, 4.500000000000000000, 59.53669611883210422 ) ) ;
#2405 = CARTESIAN_POINT ( 'NONE',  ( -27.42834334312850331, 12.49999999999979927, 42.38416918353560447 ) ) ;
#2406 = CARTESIAN_POINT ( 'NONE',  ( -41.73637338733239233, 4.632813184691680242, 37.94999999999999574 ) ) ;
#2407 = ORIENTED_EDGE ( 'NONE', *, *, #488, .F. ) ;
#2408 = CARTESIAN_POINT ( 'NONE',  ( -76.54398863262764507, -6.374221132500725417, 96.54518486353515527 ) ) ;
#2409 = CARTESIAN_POINT ( 'NONE',  ( -21.83722406390289805, 4.650802484893110211, 38.00000000000000000 ) ) ;
#2410 = CARTESIAN_POINT ( 'NONE',  ( -34.63805106891069840, 7.594736884801660537, 36.91927260808139266 ) ) ;
#2411 = CARTESIAN_POINT ( 'NONE',  ( -14.82387479788900109, -12.50000000000000000, 58.68191028675759924 ) ) ;
#2412 = DIRECTION ( 'NONE',  ( 0.000000000000000000, 0.000000000000000000, 1.000000000000000000 ) ) ;
#2413 = B_SPLINE_CURVE_WITH_KNOTS ( 'NONE', 3,
 ( #1304, #651, #2183, #2781, #2165, #351, #1619, #3143, #3462, #3100, #4051, #3164, #615, #308, #2861, #2529, #3803, #3735, #973, #895, #1542, #1230, #2469, #3443, #2818, #3518, #1057, #3204, #2006, #692, #3820, #1957, #3289, #2301, #2927, #80, #388 ),
 .UNSPECIFIED., .F., .F.,
 ( 4, 2, 2, 1, 2, 2, 1, 1, 2, 2, 2, 2, 2, 2, 2, 2, 2, 2, 2, 4 ),
 ( 0.000000000000000000, 0.06250000000001229572, 0.09375000000001736111, 0.1093750000000198869, 0.1171875000000220796, 0.1250000000000242584, 0.1875000000000251466, 0.2187500000000257572, 0.2343750000000250910, 0.2500000000000244249, 0.3125000000000170419, 0.3437500000000146549, 0.3593750000000133227, 0.3750000000000119349, 0.5000000000000086597, 0.6250000000000053291, 0.6875000000000042188, 0.7187500000000037748, 0.7500000000000032196, 1.000000000000000000 ),
 .UNSPECIFIED. ) ;
#2414 = CARTESIAN_POINT ( 'NONE',  ( -27.86040157319920141, -4.632813184691680242, 37.25898945442619947 ) ) ;
#2415 = CARTESIAN_POINT ( 'NONE',  ( -85.75799642966138947, -12.49999999977569942, 72.28699557165020906 ) ) ;
#2416 = CARTESIAN_POINT ( 'NONE',  ( -76.36070507866736534, 7.873817691432073218, 96.00460443098700125 ) ) ;
#2417 = CARTESIAN_POINT ( 'NONE',  ( -85.87883569225179770, 12.49999999975629983, 72.71246475185320435 ) ) ;
#2418 = ORIENTED_EDGE ( 'NONE', *, *, #1877, .F. ) ;
#2419 = CARTESIAN_POINT ( 'NONE',  ( -79.77091576808579987, -12.49999999999769962, 68.53336979808180729 ) ) ;
#2420 = CARTESIAN_POINT ( 'NONE',  ( -46.83385186652210308, 12.49999999987459987, 80.24808681937051347 ) ) ;
#2421 = CARTESIAN_POINT ( 'NONE',  ( -75.23825697216049946, 12.49999999999540101, 66.92671582118779838 ) ) ;
#2422 = EDGE_CURVE ( 'NONE', #850, #1381, #186, .T. ) ;
#2423 = CARTESIAN_POINT ( 'NONE',  ( -75.16280688843249891, -4.500000000000000000, 58.55137088576240245 ) ) ;
#2424 = CARTESIAN_POINT ( 'NONE',  ( -47.10317093393408783, 12.50000000000000178, 50.94405382484670497 ) ) ;
#2425 = CARTESIAN_POINT ( 'NONE',  ( -27.16476819069599813, 12.49999999999979927, 40.35787744682220080 ) ) ;
#2426 = CARTESIAN_POINT ( 'NONE',  ( -35.20000000000000284, 4.600780098834809984, 37.99473488757709561 ) ) ;
#2427 = ORIENTED_EDGE ( 'NONE', *, *, #1462, .F. ) ;
#2428 =( LENGTH_UNIT ( ) NAMED_UNIT ( * ) SI_UNIT ( .MILLI., .METRE. ) );
#2429 = CARTESIAN_POINT ( 'NONE',  ( -76.61902071581120310, -12.50000000000000000, 85.91016308205149699 ) ) ;
#2430 = CARTESIAN_POINT ( 'NONE',  ( -17.48118658970109962, -12.50000000000000000, 60.15081670736839925 ) ) ;
#2431 = CARTESIAN_POINT ( 'NONE',  ( -35.20263707570644840, -0.7029507247886713772, 40.37638244617467365 ) ) ;
#2432 = FACE_OUTER_BOUND ( 'NONE', #3228, .T. ) ;
#2433 = CARTESIAN_POINT ( 'NONE',  ( -18.42945654408139333, 0.000000000000000000, 34.81307420064346303 ) ) ;
#2434 = CARTESIAN_POINT ( 'NONE',  ( -6.063726130974382400, -6.720739516960767546, 62.80760924216232866 ) ) ;
#2435 = CARTESIAN_POINT ( 'NONE',  ( -76.62713213188639827, -4.500000000000000000, 96.76866509401959604 ) ) ;
#2436 = CARTESIAN_POINT ( 'NONE',  ( -85.70769638262468959, -12.49999999999899991, 72.20719279767030230 ) ) ;
#2437 = CARTESIAN_POINT ( 'NONE',  ( -6.679254438635889635, 4.661131092804220444, 38.00000000000000000 ) ) ;
#2438 = CARTESIAN_POINT ( 'NONE',  ( -85.67472832434989982, 12.49999999999930012, 73.86768068417410404 ) ) ;
#2439 = VERTEX_POINT ( 'NONE', #3688 ) ;
#2440 = EDGE_LOOP ( 'NONE', ( #3075, #2407, #421, #2957 ) ) ;
#2441 = CARTESIAN_POINT ( 'NONE',  ( -79.72315054286680436, -12.49999999999719869, 68.51389003425740043 ) ) ;
#2442 = CARTESIAN_POINT ( 'NONE',  ( -25.76243947008839896, 12.49999999814330032, 65.23169289064189513 ) ) ;
#2443 = CARTESIAN_POINT ( 'NONE',  ( -72.36013777827189131, 12.49999999999969980, 66.07477011978329529 ) ) ;
#2444 = CARTESIAN_POINT ( 'NONE',  ( -68.43091303875709741, -12.50000000000000000, 65.02033186452679558 ) ) ;
#2445 = CARTESIAN_POINT ( 'NONE',  ( -39.44907575430619318, 12.50000000000000178, 46.95800882968752177 ) ) ;
#2446 = CARTESIAN_POINT ( 'NONE',  ( -27.78011004095010250, 12.49999999999930012, 43.83804905741079239 ) ) ;
#2447 = CARTESIAN_POINT ( 'NONE',  ( -25.52750939320410239, -12.50000000000000000, 37.79688962485400339 ) ) ;
#2448 = ORIENTED_EDGE ( 'NONE', *, *, #603, .T. ) ;
#2449 =( NAMED_UNIT ( * ) PLANE_ANGLE_UNIT ( ) SI_UNIT ( $, .RADIAN. ) );
#2450 = CARTESIAN_POINT ( 'NONE',  ( -85.38195472566749800, -12.49999999998540012, 74.67595853697841335 ) ) ;
#2451 = CARTESIAN_POINT ( 'NONE',  ( -36.46263175080968466, -2.068062368206750268, 43.81129584798528498 ) ) ;
#2452 = FACE_OUTER_BOUND ( 'NONE', #3660, .T. ) ;
#2453 = CARTESIAN_POINT ( 'NONE',  ( -36.51014966006979989, -12.50000000000000000, 72.86972260105591204 ) ) ;
#2454 = CARTESIAN_POINT ( 'NONE',  ( -5.918982962214709431, -6.114965244228657504, 62.89761416443617748 ) ) ;
#2455 = CARTESIAN_POINT ( 'NONE',  ( -5.769573432307634420, 5.066851293545865609, 62.99068143917045859 ) ) ;
#2456 = CARTESIAN_POINT ( 'NONE',  ( -5.991789556664180338, 5.147379517189340170, 38.00000000000000000 ) ) ;
#2457 = LINE ( 'NONE', #583, #3125 ) ;
#2458 = CARTESIAN_POINT ( 'NONE',  ( -72.86149433507959827, 12.49999999999289990, 66.21781217495049532 ) ) ;
#2459 = CARTESIAN_POINT ( 'NONE',  ( -58.23963955968559958, 4.500000000000000000, 54.28334022984300589 ) ) ;
#2460 = CARTESIAN_POINT ( 'NONE',  ( -27.59662951752070015, 12.49999999999799982, 43.15260175322480052 ) ) ;
#2461 = ORIENTED_EDGE ( 'NONE', *, *, #1462, .T. ) ;
#2462 = CARTESIAN_POINT ( 'NONE',  ( -74.40688683763255540, -12.33149500481498428, 90.22598407210536209 ) ) ;
#2463 = CARTESIAN_POINT ( 'NONE',  ( -84.42146954984869467, -12.49999999999620037, 76.56982891790349299 ) ) ;
#2464 = CARTESIAN_POINT ( 'NONE',  ( -37.92482328944517178, -0.8128939230692087126, 45.61521618106554854 ) ) ;
#2465 = LINE ( 'NONE', #1188, #2188 ) ;
#2466 = CARTESIAN_POINT ( 'NONE',  ( -6.312294893633306536, 7.136085870275380216, 42.30267657837800499 ) ) ;
#2467 = CARTESIAN_POINT ( 'NONE',  ( -5.919316299289567596, 6.117634371832775031, 62.89740784896828529 ) ) ;
#2468 = EDGE_CURVE ( 'NONE', #463, #3055, #3432, .T. ) ;
#2469 = CARTESIAN_POINT ( 'NONE',  ( -31.80689923467141256, 11.13141880915795312, 36.70478175333270343 ) ) ;
#2470 = CARTESIAN_POINT ( 'NONE',  ( -61.04298960598740109, -12.49999999999779909, 86.43923905629010562 ) ) ;
#2471 = DIRECTION ( 'NONE',  ( 0.3090169943749515036, 0.000000000000000000, 0.9510565162951521989 ) ) ;
#2472 = CARTESIAN_POINT ( 'NONE',  ( -27.19610890169200346, -12.50000000000000000, 37.62678912280050270 ) ) ;
#2473 = DIRECTION ( 'NONE',  ( 1.000000000000000000, 0.000000000000000000, 0.000000000000000000 ) ) ;
#2474 = CARTESIAN_POINT ( 'NONE',  ( -84.59294226001186701, 12.50000000000000178, 89.22107298086478977 ) ) ;
#2475 = CARTESIAN_POINT ( 'NONE',  ( -85.81375359800620117, -12.49999999999799982, 73.32279640597771220 ) ) ;
#2476 = CARTESIAN_POINT ( 'NONE',  ( -7.193739259141709752, 6.000000000931669852, 41.75000000000000000 ) ) ;
#2477 = CARTESIAN_POINT ( 'NONE',  ( -75.84357748121929887, 12.49999999999939959, 67.11997748759959848 ) ) ;
#2478 = B_SPLINE_SURFACE_WITH_KNOTS ( 'NONE', 3, 1, ( 
 ( #1561, #311 ),
 ( #957, #1288 ),
 ( #674, #2167 ),
 ( #3146, #2186 ) ),
 .UNSPECIFIED., .F., .F., .F.,
 ( 4, 4 ),
 ( 2, 2 ),
 ( 1.570796326794899889, 1.985139639446400039 ),
 ( 0.000000000000000000, 0.9440624178369970698 ),
 .UNSPECIFIED. ) ;
#2479 = CARTESIAN_POINT ( 'NONE',  ( -84.72481265112560322, 12.50000000000000000, 71.20894840721919650 ) ) ;
#2480 = CARTESIAN_POINT ( 'NONE',  ( -27.13318754456409820, 12.49999999999979927, 38.67768032634530329 ) ) ;
#2481 = FILL_AREA_STYLE ('',( #1894 ) ) ;
#2482 = CARTESIAN_POINT ( 'NONE',  ( -84.57578647485971146, -12.50000000000020073, 76.30358229872010156 ) ) ;
#2483 = CARTESIAN_POINT ( 'NONE',  ( -65.34438318223270414, 12.49999999999839950, 87.39537682231349436 ) ) ;
#2484 = CARTESIAN_POINT ( 'NONE',  ( -35.54589313868993372, -2.086907921361206508, 41.89826155239515515 ) ) ;
#2485 = FILL_AREA_STYLE_COLOUR ( '', #1607 ) ;
#2486 = CARTESIAN_POINT ( 'NONE',  ( -6.136958987423232870, -7.032367425013896778, 41.14056732044739562 ) ) ;
#2487 = CARTESIAN_POINT ( 'NONE',  ( -7.242968198329059248, -9.147802093574050275, 62.07686906446092223 ) ) ;
#2488 = CARTESIAN_POINT ( 'NONE',  ( -39.41619753664669901, 4.499999999217982882, 79.57987957991701933 ) ) ;
#2489 = CARTESIAN_POINT ( 'NONE',  ( -70.09089625357479747, -12.50000000000000000, 88.13493048419600484 ) ) ;
#2490 = CARTESIAN_POINT ( 'NONE',  ( -6.435405343688720414, 4.737765271900770792, 37.99999999999459988 ) ) ;
#2491 = CARTESIAN_POINT ( 'NONE',  ( -85.80324503518569657, 12.50000000000000000, 73.37868741862909872 ) ) ;
#2492 = CARTESIAN_POINT ( 'NONE',  ( -49.36297038996050190, -12.49999999996540012, 81.76018955924548948 ) ) ;
#2493 = CARTESIAN_POINT ( 'NONE',  ( -85.87909660586309712, -12.49999999975470111, 72.72867863515288889 ) ) ;
#2494 = CARTESIAN_POINT ( 'NONE',  ( -27.51377143253489876, 12.49999999958460073, 66.39732113653350609 ) ) ;
#2495 = CARTESIAN_POINT ( 'NONE',  ( -82.44030913594099275, 12.49999999999510081, 69.76168981441399808 ) ) ;
#2496 = FACE_OUTER_BOUND ( 'NONE', #2688, .T. ) ;
#2497 = CARTESIAN_POINT ( 'NONE',  ( -84.37666131914080836, -4.500000000000000000, 61.80314531035750036 ) ) ;
#2498 = CARTESIAN_POINT ( 'NONE',  ( -84.92489920385699520, 12.50000000000000000, 71.37560197164930287 ) ) ;
#2499 = CARTESIAN_POINT ( 'NONE',  ( -34.27604416000990284, 12.50000000000000000, 53.05651537764040171 ) ) ;
#2500 = CARTESIAN_POINT ( 'NONE',  ( -27.09295661340599892, 4.632813184691680242, 37.94999999999999574 ) ) ;
#2501 = CARTESIAN_POINT ( 'NONE',  ( -83.66110496998470580, -12.49999999998060041, 77.77585240987329485 ) ) ;
#2502 = CARTESIAN_POINT ( 'NONE',  ( -69.03326838291050649, 12.50000000000000000, 87.99585357857370127 ) ) ;
#2503 = CARTESIAN_POINT ( 'NONE',  ( -35.16445171308048145, -12.50000000000000355, 38.33570656837102320 ) ) ;
#2504 = CARTESIAN_POINT ( 'NONE',  ( -7.089130236426870013, -5.764752829290669567, 41.44959045329080283 ) ) ;
#2505 = CARTESIAN_POINT ( 'NONE',  ( -39.69305486216670431, -12.49999999975559994, 56.42213236074069727 ) ) ;
#2506 = CARTESIAN_POINT ( 'NONE',  ( -7.829389902295115888, 9.876897181562137362, 61.71490582549292725 ) ) ;
#2507 = CARTESIAN_POINT ( 'NONE',  ( -65.17454528355901289, -12.49999999999899991, 87.36335891498939077 ) ) ;
#2508 = CARTESIAN_POINT ( 'NONE',  ( -76.81940859600605620, -12.50000000000000355, 96.59422643820555265 ) ) ;
#2509 = FACE_OUTER_BOUND ( 'NONE', #3588, .T. ) ;
#2510 = CARTESIAN_POINT ( 'NONE',  ( -93.40007696065070775, 4.500000000000000000, 75.95983323512039931 ) ) ;
#2511 = VECTOR ( 'NONE', #2072, 999.9999999999998863 ) ;
#2512 = VERTEX_POINT ( 'NONE', #4058 ) ;
#2513 = CARTESIAN_POINT ( 'NONE',  ( -85.54702829384379470, -12.49999999991930011, 74.25106130700200424 ) ) ;
#2514 = VECTOR ( 'NONE', #2954, 1000.000000000000000 ) ;
#2515 = CARTESIAN_POINT ( 'NONE',  ( -27.86044922925090361, -4.632813184691680242, 37.25894474447549953 ) ) ;
#2516 = CARTESIAN_POINT ( 'NONE',  ( -93.87589654204467138, -12.50000000000000178, 72.44056592389000571 ) ) ;
#2517 = CARTESIAN_POINT ( 'NONE',  ( -83.74908905769129319, 12.49999999999889866, 70.51787622375910303 ) ) ;
#2518 = EDGE_CURVE ( 'NONE', #2984, #2907, #1969, .T. ) ;
#2519 = CARTESIAN_POINT ( 'NONE',  ( -60.42081114708419420, -12.50000000000000000, 86.28399918835179960 ) ) ;
#2520 = CARTESIAN_POINT ( 'NONE',  ( -49.55702644993990447, -12.49999999996720135, 81.86893577129120558 ) ) ;
#2521 = CARTESIAN_POINT ( 'NONE',  ( -91.11712182726316200, 12.50000000000000178, 66.22526614572618087 ) ) ;
#2522 = CARTESIAN_POINT ( 'NONE',  ( -28.05467516412089779, 12.49999999999939959, 44.69183312041600686 ) ) ;
#2523 = CARTESIAN_POINT ( 'NONE',  ( -83.25416646948949051, -12.49999999999889866, 78.36680928460650364 ) ) ;
#2524 = CARTESIAN_POINT ( 'NONE',  ( -74.20240815216230601, 12.50000000000000000, 88.20221345977580540 ) ) ;
#2525 = CARTESIAN_POINT ( 'NONE',  ( -27.23353624588869693, -12.50000000000000000, 37.24938042957579398 ) ) ;
#2526 = CARTESIAN_POINT ( 'NONE',  ( -35.26547376007287227, 12.50000000000000178, 37.46140691432790959 ) ) ;
#2527 = CARTESIAN_POINT ( 'NONE',  ( -7.573124004109518026, -9.585423645362038059, 61.87284862167749111 ) ) ;
#2528 = CARTESIAN_POINT ( 'NONE',  ( -8.477282747713557498, 10.51725023433261796, 61.31589357901489734 ) ) ;
#2529 = CARTESIAN_POINT ( 'NONE',  ( -32.54298122604715360, 10.56756213992216864, 36.77080731654287149 ) ) ;
#2530 = CARTESIAN_POINT ( 'NONE',  ( -6.838675084986420849, -4.632128890583480540, 37.96373240332109589 ) ) ;
#2531 = CARTESIAN_POINT ( 'NONE',  ( -88.65947154653630946, -4.500000000000000000, 84.51203201645459728 ) ) ;
#2532 = CARTESIAN_POINT ( 'NONE',  ( -74.38665523594299600, 12.50000000000000000, 88.03660309003250006 ) ) ;
#2533 = CARTESIAN_POINT ( 'NONE',  ( -85.87894999808500529, -12.49999999982039967, 72.77774606572801019 ) ) ;
#2534 = CARTESIAN_POINT ( 'NONE',  ( -34.83682440381510048, -12.49999999995629985, 53.48713261197669766 ) ) ;
#2535 = CARTESIAN_POINT ( 'NONE',  ( -93.87581587652537962, -12.50000000000000178, 73.08264399033386383 ) ) ;
#2536 = CARTESIAN_POINT ( 'NONE',  ( -83.10712663694009450, 12.49999999999609912, 70.12874098155459990 ) ) ;
#2537 = CARTESIAN_POINT ( 'NONE',  ( -81.47400277082391540, 12.50000000000000178, 60.60311327055792674 ) ) ;
#2538 = CARTESIAN_POINT ( 'NONE',  ( -32.98169032305149528, 12.49999999992900079, 51.95581427423469734 ) ) ;
#2539 = EDGE_CURVE ( 'NONE', #3577, #1082, #984, .T. ) ;
#2540 = ORIENTED_EDGE ( 'NONE', *, *, #2590, .T. ) ;
#2541 = CARTESIAN_POINT ( 'NONE',  ( -35.29608786400878984, -12.50000000000000355, 37.20957170620607712 ) ) ;
#2542 = CARTESIAN_POINT ( 'NONE',  ( -27.26856564443869857, 12.50000000000000000, 36.95148738024720103 ) ) ;
#2543 = CARTESIAN_POINT ( 'NONE',  ( -12.40162622783465451, -12.38560039283177971, 58.92396027897965638 ) ) ;
#2544 = CARTESIAN_POINT ( 'NONE',  ( -45.33221739324999788, -12.49999999990610000, 58.79348977353240002 ) ) ;
#2545 = CARTESIAN_POINT ( 'NONE',  ( -12.26107771744966790, 12.35939639107649946, 59.00893360606436033 ) ) ;
#2546 = CARTESIAN_POINT ( 'NONE',  ( -76.61933885537760602, -4.500000000000000000, 96.76816716052309175 ) ) ;
#2547 = CARTESIAN_POINT ( 'NONE',  ( -72.91092839564609562, -12.49999999999220002, 66.23195124965869240 ) ) ;
#2548 = CARTESIAN_POINT ( 'NONE',  ( -76.17738605343130587, -4.500000000000000000, 97.15209626813698662 ) ) ;
#2549 = FACE_OUTER_BOUND ( 'NONE', #3168, .T. ) ;
#2550 = CARTESIAN_POINT ( 'NONE',  ( -77.99072067542938669, 4.500000000000000000, 95.56337595829749887 ) ) ;
#2551 = ORIENTED_EDGE ( 'NONE', *, *, #1405, .F. ) ;
#2552 = CARTESIAN_POINT ( 'NONE',  ( -85.74162279162430877, -12.50000000000030020, 73.63282427192410751 ) ) ;
#2553 = CARTESIAN_POINT ( 'NONE',  ( -33.86525054175820060, -12.50000000000000000, 52.72637378843400313 ) ) ;
#2554 = CARTESIAN_POINT ( 'NONE',  ( -93.82192297113144264, -12.50000000000000000, 73.84009074312709231 ) ) ;
#2555 = CARTESIAN_POINT ( 'NONE',  ( -85.18909735820950857, 12.49999999999939959, 71.61478910960431676 ) ) ;
#2556 = CARTESIAN_POINT ( 'NONE',  ( -86.68385328773321419, -12.50000000000000178, 62.95958939289369738 ) ) ;
#2557 = CARTESIAN_POINT ( 'NONE',  ( -91.93397912996019272, 4.500000000000000000, 67.16960260243509140 ) ) ;
#2558 = CARTESIAN_POINT ( 'NONE',  ( -28.37412604428599749, 12.50000000000040146, 45.54145809360959873 ) ) ;
#2559 = CARTESIAN_POINT ( 'NONE',  ( -35.21011152972562286, -12.50000000000000178, 37.91681546516330314 ) ) ;
#2560 = CARTESIAN_POINT ( 'NONE',  ( -27.35448313813159871, 12.50000000000000000, 36.24473231460540035 ) ) ;
#2561 = CARTESIAN_POINT ( 'NONE',  ( -9.693433373445831336, 12.50000000000000000, 56.02299100429890188 ) ) ;
#2562 = CARTESIAN_POINT ( 'NONE',  ( -9.085284711375104294, -10.99745307260083749, 60.94261806688412975 ) ) ;
#2563 = CARTESIAN_POINT ( 'NONE',  ( -36.12389692924859474, 4.500000000000000000, 82.57787135891199171 ) ) ;
#2564 = CARTESIAN_POINT ( 'NONE',  ( -23.68281634643030031, -12.50000000000000000, 38.00000000000000000 ) ) ;
#2565 = CARTESIAN_POINT ( 'NONE',  ( -61.72757900504499418, -12.49999999999850075, 63.37806961281690121 ) ) ;
#2566 = CARTESIAN_POINT ( 'NONE',  ( -38.16767357739345101, -3.469446951953607878E-15, 45.85284346993490345 ) ) ;
#2567 = CARTESIAN_POINT ( 'NONE',  ( -37.35116800692494365, 1.474228091918075467, 44.99581594169619336 ) ) ;
#2568 = CARTESIAN_POINT ( 'NONE',  ( -21.83722406390289805, 4.650802484893110211, 38.00000000000000000 ) ) ;
#2569 = EDGE_LOOP ( 'NONE', ( #3859, #1512, #1223, #394 ) ) ;
#2570 = CARTESIAN_POINT ( 'NONE',  ( -85.84671587100379497, -12.49999999857829991, 72.47594957970139262 ) ) ;
#2571 = CARTESIAN_POINT ( 'NONE',  ( -82.80208783331539735, -12.50000000000000000, 78.99604761259838881 ) ) ;
#2572 = CARTESIAN_POINT ( 'NONE',  ( -81.55801002947779921, 12.49999999996000000, 69.31848039822830287 ) ) ;
#2573 = ORIENTED_EDGE ( 'NONE', *, *, #3450, .F. ) ;
#2574 = AXIS2_PLACEMENT_3D ( 'NONE', #1232, #2244, #2473 ) ;
#2575 = CARTESIAN_POINT ( 'NONE',  ( -85.07156334080659121, -12.50000000000000000, 71.50439427705130413 ) ) ;
#2576 = CARTESIAN_POINT ( 'NONE',  ( -92.59530064987130515, 4.500000000000000000, 68.13060601865389287 ) ) ;
#2577 = VECTOR ( 'NONE', #2412, 1000.000000000000000 ) ;
#2578 = CARTESIAN_POINT ( 'NONE',  ( -31.67010012563699917, 12.50000000000000000, 50.64928031079240611 ) ) ;
#2579 = PRODUCT_DEFINITION_FORMATION_WITH_SPECIFIED_SOURCE ( 'ANY', '', #1836, .NOT_KNOWN. ) ;
#2580 = DIRECTION ( 'NONE',  ( 1.000000000000000000, 0.000000000000000000, 0.000000000000000000 ) ) ;
#2581 = CARTESIAN_POINT ( 'NONE',  ( -11.76733658270891780, -12.25041618291569101, 59.30769096417308361 ) ) ;
#2582 = CARTESIAN_POINT ( 'NONE',  ( -72.35043125284259702, 12.50000000000000000, 88.39920691103679928 ) ) ;
#2583 = CARTESIAN_POINT ( 'NONE',  ( -10.86086896575855043, 11.95840213603819535, 59.85817259459624751 ) ) ;
#2584 = CARTESIAN_POINT ( 'NONE',  ( -63.63315549743800403, -12.50000000000000000, 63.83947560857920678 ) ) ;
#2585 = CARTESIAN_POINT ( 'NONE',  ( -83.41034571511322326, -12.50000000000000355, 90.44319640338224531 ) ) ;
#2586 = CARTESIAN_POINT ( 'NONE',  ( -13.75436083365409878, -4.500000000000000000, 42.75000000000000000 ) ) ;
#2587 = CARTESIAN_POINT ( 'NONE',  ( -35.45164928282483885, 1.950131864206180232, 41.57482395928838770 ) ) ;
#2588 = ORIENTED_EDGE ( 'NONE', *, *, #2680, .F. ) ;
#2589 = CARTESIAN_POINT ( 'NONE',  ( -83.41030459706657041, 12.50000000000000711, 90.44323799329409042 ) ) ;
#2590 = EDGE_CURVE ( 'NONE', #2038, #3187, #1217, .T. ) ;
#2591 = VERTEX_POINT ( 'NONE', #3568 ) ;
#2592 = CARTESIAN_POINT ( 'NONE',  ( -85.80733952043608781, -12.49999999739149992, 72.37758539758810628 ) ) ;
#2593 = CARTESIAN_POINT ( 'NONE',  ( -29.76879488334450130, -12.49999999999429967, 48.18196767198439545 ) ) ;
#2594 = CARTESIAN_POINT ( 'NONE',  ( -93.27954841049208312, -4.500000000000000000, 76.35862631572639714 ) ) ;
#2595 = CARTESIAN_POINT ( 'NONE',  ( -85.43514285919110307, 12.49999999987739940, 71.86569088125710891 ) ) ;
#2596 = CARTESIAN_POINT ( 'NONE',  ( -61.71822662703250018, 12.49999999999450040, 86.61128039709448956 ) ) ;
#2597 = CARTESIAN_POINT ( 'NONE',  ( -85.35328185099101006, -12.50000000000000000, 71.77625320916060048 ) ) ;
#2598 = CARTESIAN_POINT ( 'NONE',  ( -50.04009706121329515, 12.49999999990500044, 60.32792494274790585 ) ) ;
#2599 = CARTESIAN_POINT ( 'NONE',  ( -84.90298425446350450, -12.49999999999729994, 71.35803823478988761 ) ) ;
#2600 = CARTESIAN_POINT ( 'NONE',  ( -38.63033154183590057, -4.500000000000000000, 46.29171796943980155 ) ) ;
#2601 = CARTESIAN_POINT ( 'NONE',  ( -35.19776322612931807, 12.50000000000000178, 38.01849520414727834 ) ) ;
#2602 = CARTESIAN_POINT ( 'NONE',  ( -34.70817105319851237, -7.386195891443078310, 37.58151971390309853 ) ) ;
#2603 = CARTESIAN_POINT ( 'NONE',  ( -75.18266989832278568, 12.50000000000000178, 96.67192862445232038 ) ) ;
#2604 = CARTESIAN_POINT ( 'NONE',  ( -10.74794570819483042, 11.91375088622790379, 59.92690888908712310 ) ) ;
#2605 = CARTESIAN_POINT ( 'NONE',  ( -56.08492197620390129, -12.49999999988130028, 61.98360617717409582 ) ) ;
#2606 = CARTESIAN_POINT ( 'NONE',  ( -5.922020457329139731, -4.500000000000000000, 63.08263849708149706 ) ) ;
#2607 = CARTESIAN_POINT ( 'NONE',  ( -84.63913809506860275, 12.50000000000020073, 76.19113723583200226 ) ) ;
#2608 = CARTESIAN_POINT ( 'NONE',  ( -22.27699161849660214, -4.642976575519900173, 37.99711814466629534 ) ) ;
#2609 = CARTESIAN_POINT ( 'NONE',  ( -37.74648774487416603, 1.065801436753078590, 45.43166955394329420 ) ) ;
#2610 = CARTESIAN_POINT ( 'NONE',  ( -133.2849194736390075, 4.499999999779407567, 47.54227933264108685 ) ) ;
#2611 = ORIENTED_EDGE ( 'NONE', *, *, #1628, .T. ) ;
#2612 = CARTESIAN_POINT ( 'NONE',  ( -34.27591614237589823, -12.50000000000000000, 53.05641253541629965 ) ) ;
#2613 = CARTESIAN_POINT ( 'NONE',  ( -84.70259783652490171, -12.50000000000000000, 76.07849615177499913 ) ) ;
#2614 = CARTESIAN_POINT ( 'NONE',  ( -85.77020372571810469, 12.49999999944270002, 72.30796895094630372 ) ) ;
#2615 = ORIENTED_EDGE ( 'NONE', *, *, #1076, .T. ) ;
#2616 = CARTESIAN_POINT ( 'NONE',  ( -82.81419863047371166, -12.49999999999969980, 69.96346017760720315 ) ) ;
#2617 = DIRECTION ( 'NONE',  ( 1.000000000000000000, 0.000000000000000000, 0.000000000000000000 ) ) ;
#2618 = CARTESIAN_POINT ( 'NONE',  ( -93.82345246094699576, 4.500000000000000000, 71.69028904164780158 ) ) ;
#2619 = CARTESIAN_POINT ( 'NONE',  ( -35.89132399209619706, 12.49999999997749889, 54.23109439371319240 ) ) ;
#2620 = CARTESIAN_POINT ( 'NONE',  ( -35.27890881872979634, -12.50000000000000178, 40.86174518553651325 ) ) ;
#2621 = CARTESIAN_POINT ( 'NONE',  ( -27.29245223286540067, 12.50000000000000000, 41.61759147301789596 ) ) ;
#2622 = CARTESIAN_POINT ( 'NONE',  ( -9.826520708186874842, 12.50000000000000355, 65.07717324070627285 ) ) ;
#2623 = CARTESIAN_POINT ( 'NONE',  ( -34.01197533727221867, -8.833640107493534899, 37.20383924441325973 ) ) ;
#2624 = CARTESIAN_POINT ( 'NONE',  ( -38.91152867117270375, 4.500000000000000000, 84.58178641198880143 ) ) ;
#2625 = EDGE_LOOP ( 'NONE', ( #1733, #110, #1501, #1944, #2247, #278 ) ) ;
#2626 = CARTESIAN_POINT ( 'NONE',  ( -12.27620404479636917, 12.36225555010348387, 58.99978638366000894 ) ) ;
#2627 = CARTESIAN_POINT ( 'NONE',  ( -60.58522624709939919, -12.49999999999949907, 86.31792086466549563 ) ) ;
#2628 = CARTESIAN_POINT ( 'NONE',  ( -9.693433373445831336, -12.50000000000000000, 56.02299100429890188 ) ) ;
#2629 = CARTESIAN_POINT ( 'NONE',  ( -83.69250467558389062, 12.49999999997660005, 77.72889664784059960 ) ) ;
#2630 = CARTESIAN_POINT ( 'NONE',  ( -6.429245104060568927, -6.260778252472330330, 41.90419940040938229 ) ) ;
#2631 = CARTESIAN_POINT ( 'NONE',  ( -35.30569434501931170, 1.573360988361732771, 40.98337980140192371 ) ) ;
#2632 = CARTESIAN_POINT ( 'NONE',  ( -27.85056217791009914, -12.65000000000000036, 37.26168435219010178 ) ) ;
#2633 = EDGE_LOOP ( 'NONE', ( #3322, #2330, #3614, #2611 ) ) ;
#2634 = CARTESIAN_POINT ( 'NONE',  ( -74.86517755387093587, 11.93627311027571203, 91.58297559691685308 ) ) ;
#2635 = CARTESIAN_POINT ( 'NONE',  ( -27.46070402332799887, -12.49999999999889866, 42.54669604061240307 ) ) ;
#2636 = CARTESIAN_POINT ( 'NONE',  ( -84.11613555183738811, -12.50000000000000000, 77.08125937468429356 ) ) ;
#2637 = CARTESIAN_POINT ( 'NONE',  ( -85.38044101896579718, 12.49999999997749889, 71.80644944439259802 ) ) ;
#2638 = ORIENTED_EDGE ( 'NONE', *, *, #1297, .F. ) ;
#2639 = CARTESIAN_POINT ( 'NONE',  ( -83.37880823349159698, -12.49999999999209876, 70.28794109034051019 ) ) ;
#2640 = CARTESIAN_POINT ( 'NONE',  ( -59.09289245207389740, 12.49999999999689848, 85.89331658803710923 ) ) ;
#2641 = CARTESIAN_POINT ( 'NONE',  ( -93.87579026064510401, 4.500000000000000000, 73.08335120291489773 ) ) ;
#2642 = CARTESIAN_POINT ( 'NONE',  ( -13.52832789054009410, 12.50000000000000178, 67.10643082012435912 ) ) ;
#2643 = CARTESIAN_POINT ( 'NONE',  ( -41.38400364563629807, 12.49999999999899991, 57.21745430428569534 ) ) ;
#2644 = AXIS2_PLACEMENT_3D ( 'NONE', #2840, #28, #3823 ) ;
#2645 = EDGE_CURVE ( 'NONE', #1082, #3292, #1731, .T. ) ;
#2646 = CARTESIAN_POINT ( 'NONE',  ( -27.14300408042939594, -12.50000000000000000, 40.09060225805410482 ) ) ;
#2647 = TOROIDAL_SURFACE ( 'NONE', #1610, 7.000000000000000000, 1.000000000000000000 ) ;
#2648 = CARTESIAN_POINT ( 'NONE',  ( -35.36447088635959801, 4.500000000000000000, 41.25309221433900575 ) ) ;
#2649 = CARTESIAN_POINT ( 'NONE',  ( -34.79381068390966192, -7.143202184731817006, 37.63918674185360658 ) ) ;
#2650 = CARTESIAN_POINT ( 'NONE',  ( -38.91152867117269665, 12.50000000000000178, 84.58178641198880143 ) ) ;
#2651 = CARTESIAN_POINT ( 'NONE',  ( -76.61933885537760602, -4.500000000000000000, 96.76816716052309175 ) ) ;
#2652 = CARTESIAN_POINT ( 'NONE',  ( -6.352603415169396861, 7.540266004702371738, 42.02087568428596143 ) ) ;
#2653 = CARTESIAN_POINT ( 'NONE',  ( -10.51000179104459953, -12.50000000000000000, 56.43045288358370470 ) ) ;
#2654 = CARTESIAN_POINT ( 'NONE',  ( -85.05970345810800382, 12.49999999998370015, 75.38835430559680617 ) ) ;
#2655 = CARTESIAN_POINT ( 'NONE',  ( -6.251514410427156498, -6.851918838309956961, 42.24330430988747764 ) ) ;
#2656 = CARTESIAN_POINT ( 'NONE',  ( -35.20000000000000284, -4.500000000000000000, 37.99999957197299949 ) ) ;
#2657 = VERTEX_POINT ( 'NONE', #2515 ) ;
#2658 = CARTESIAN_POINT ( 'NONE',  ( -33.60388573658990197, 17.71000000000000085, 37.02910231161139620 ) ) ;
#2659 = ORIENTED_EDGE ( 'NONE', *, *, #582, .T. ) ;
#2660 = CARTESIAN_POINT ( 'NONE',  ( -27.86043983705519977, 4.632813184691680242, 37.25894899533159332 ) ) ;
#2661 = CARTESIAN_POINT ( 'NONE',  ( -85.84179821437790281, -12.49999999784899885, 72.46055332045838782 ) ) ;
#2662 = CARTESIAN_POINT ( 'NONE',  ( -74.34450472300808599, 12.36656637965332450, 90.04112542885984283 ) ) ;
#2663 = CARTESIAN_POINT ( 'NONE',  ( -28.41743866475750124, -12.50000000000060041, 45.64456674599549757 ) ) ;
#2664 = CARTESIAN_POINT ( 'NONE',  ( -89.79000230129470594, -4.500000000000000000, 82.98698364310509135 ) ) ;
#2665 = CARTESIAN_POINT ( 'NONE',  ( -85.84435610924801097, 12.49999999820619934, 72.46826764915009278 ) ) ;
#2666 = ORIENTED_EDGE ( 'NONE', *, *, #2986, .F. ) ;
#2667 = CARTESIAN_POINT ( 'NONE',  ( -58.68608213141970253, 12.49999999998770051, 85.76982070343859732 ) ) ;
#2668 = CARTESIAN_POINT ( 'NONE',  ( -92.39646188451769149, 4.500000000000000000, 67.81383740421898665 ) ) ;
#2669 = CARTESIAN_POINT ( 'NONE',  ( -46.64479429584829973, 12.49999999999150013, 59.25231934513540466 ) ) ;
#2670 =( BOUNDED_SURFACE ( )  B_SPLINE_SURFACE ( 3, 2, ( 
 ( #1719, #2344, #3243 ),
 ( #1461, #808, #128 ),
 ( #1370, #743, #1744 ),
 ( #2974, #2700, #1037 ),
 ( #2606, #146, #3559 ),
 ( #715, #3879, #2628 ),
 ( #1060, #475, #3582 ),
 ( #2998, #2009, #2653 ),
 ( #3268, #3625, #1698 ),
 ( #3902, #3927, #1085 ),
 ( #2325, #783, #3059 ),
 ( #3436, #1226, #3693 ),
 ( #907, #3420, #2430 ),
 ( #1504, #3731, #592 ),
 ( #3113, #4013, #2389 ),
 ( #834, #3354, #518 ),
 ( #1788, #2124, #561 ),
 ( #3078, #2759, #3777 ),
 ( #2919, #3944, #3258 ),
 ( #2944, #3596, #1341 ),
 ( #2893, #828, #1160 ),
 ( #1761, #2099, #4025 ),
 ( #4006, #3367, #1180 ),
 ( #3412, #3704, #3132 ),
 ( #3193, #1238, #3152 ),
 ( #2212, #3792, #2872 ),
 ( #318, #15, #2519 ),
 ( #2850, #3490, #3754 ),
 ( #1316, #586, #1852 ),
 ( #962, #337, #152 ),
 ( #3317, #3042, #815 ),
 ( #1444, #1772, #2745 ),
 ( #212, #1424, #3932 ),
 ( #1508, #4016, #3003 ),
 ( #1170, #2351, #481 ),
 ( #1726, #543, #838 ),
 ( #2373, #3630, #172 ),
 ( #1114, #1808, #1191 ),
 ( #790, #2725, #193 ),
 ( #2435, #1792, #3358 ),
 ( #523, #2108, #2979 ),
 ( #2055, #1150, #3956 ),
 ( #2683, #1485, #3653 ) ),
 .UNSPECIFIED., .F., .F., .T. ) 
 B_SPLINE_SURFACE_WITH_KNOTS ( ( 4, 1, 1, 1, 1, 1, 1, 1, 1, 1, 1, 1, 1, 1, 1, 1, 1, 1, 1, 1, 1, 1, 1, 1, 1, 1, 1, 1, 1, 1, 1, 1, 1, 1, 1, 1, 1, 1, 1, 1, 4 ),
 ( 3, 3 ),
 ( 0.02745489906831110119, 0.02775909041759639859, 0.02791118609223909933, 0.02806328176688180007, 0.02836747311616719808, 0.02867166446545250241, 0.02928004716402320129, 0.02988842986259400078, 0.03110519525973540200, 0.03232196065687689690, 0.03475549145115969935, 0.03718902224544259894, 0.03962255303972549852, 0.04205608383400839811, 0.04692314542257419729, 0.05179020701113999647, 0.05665726859970580259, 0.06152433018827160177, 0.06639139177683739401, 0.06882492257112030054, 0.07125845336540319319, 0.07612551495396889523, 0.08099257654253469441, 0.08342610733681760093, 0.08585963813110049359, 0.08829316892538340011, 0.08950993432252489501, 0.09072669971966629276, 0.09316023051394919929, 0.09559376130823209194, 0.09802729210251499847, 0.1004608228967980021, 0.1016775882939389974, 0.1028943536910810058, 0.1035027363896519892, 0.1041111190882220011, 0.1044153104375079993, 0.1047195017867929984, 0.1048715974614359975, 0.1050236931360779974, 0.1053278844853639956 ),
 ( 0.000000000000000000, 1.000000000000000000 ),
 .UNSPECIFIED. ) 
 GEOMETRIC_REPRESENTATION_ITEM ( )  RATIONAL_B_SPLINE_SURFACE ( (
 ( 1.000000000000000000, 0.7071067811865480168, 1.000000000000000000),
 ( 1.000000000000000000, 0.7071067811865480168, 1.000000000000000000),
 ( 1.000000000000000000, 0.7071067811865480168, 1.000000000000000000),
 ( 1.000000000000000000, 0.7071067811865470176, 1.000000000000000000),
 ( 1.000000000000000000, 0.7071067811865480168, 1.000000000000000000),
 ( 1.000000000000000000, 0.7071067811865470176, 1.000000000000000000),
 ( 1.000000000000000000, 0.7071067811865470176, 1.000000000000000000),
 ( 1.000000000000000000, 0.7071067811865480168, 1.000000000000000000),
 ( 1.000000000000000000, 0.7071067811865470176, 1.000000000000000000),
 ( 1.000000000000000000, 0.7071067811865480168, 1.000000000000000000),
 ( 1.000000000000000000, 0.7071067811865470176, 1.000000000000000000),
 ( 1.000000000000000000, 0.7071067811865470176, 1.000000000000000000),
 ( 1.000000000000000000, 0.7071067811865480168, 1.000000000000000000),
 ( 1.000000000000000000, 0.7071067811865470176, 1.000000000000000000),
 ( 1.000000000000000000, 0.7071067811865480168, 1.000000000000000000),
 ( 1.000000000000000000, 0.7071067811865470176, 1.000000000000000000),
 ( 1.000000000000000000, 0.7071067811865480168, 1.000000000000000000),
 ( 1.000000000000000000, 0.7071067811865470176, 1.000000000000000000),
 ( 1.000000000000000000, 0.7071067811865480168, 1.000000000000000000),
 ( 1.000000000000000000, 0.7071067811865480168, 1.000000000000000000),
 ( 1.000000000000000000, 0.7071067811865480168, 1.000000000000000000),
 ( 1.000000000000000000, 0.7071067811865470176, 1.000000000000000000),
 ( 1.000000000000000000, 0.7071067811865470176, 1.000000000000000000),
 ( 1.000000000000000000, 0.7071067811865470176, 1.000000000000000000),
 ( 1.000000000000000000, 0.7071067811865480168, 1.000000000000000000),
 ( 1.000000000000000000, 0.7071067811865460184, 1.000000000000000000),
 ( 1.000000000000000000, 0.7071067811865470176, 1.000000000000000000),
 ( 1.000000000000000000, 0.7071067811865480168, 1.000000000000000000),
 ( 1.000000000000000000, 0.7071067811865470176, 1.000000000000000000),
 ( 1.000000000000000000, 0.7071067811865480168, 1.000000000000000000),
 ( 1.000000000000000000, 0.7071067811865470176, 1.000000000000000000),
 ( 1.000000000000000000, 0.7071067811865490160, 1.000000000000000000),
 ( 1.000000000000000000, 0.7071067811865470176, 1.000000000000000000),
 ( 1.000000000000000000, 0.7071067811865490160, 1.000000000000000000),
 ( 1.000000000000000000, 0.7071067811865480168, 1.000000000000000000),
 ( 1.000000000000000000, 0.7071067811865460184, 1.000000000000000000),
 ( 1.000000000000000000, 0.7071067811865480168, 1.000000000000000000),
 ( 1.000000000000000000, 0.7071067811865480168, 1.000000000000000000),
 ( 1.000000000000000000, 0.7071067811865480168, 1.000000000000000000),
 ( 1.000000000000000000, 0.7071067811865480168, 1.000000000000000000),
 ( 1.000000000000000000, 0.7071067811865480168, 1.000000000000000000),
 ( 1.000000000000000000, 0.7071067811865480168, 1.000000000000000000),
 ( 1.000000000000000000, 0.7071067811865480168, 1.000000000000000000) ) ) 
 REPRESENTATION_ITEM ( '' )  SURFACE ( )  );
#2671 = CARTESIAN_POINT ( 'NONE',  ( -32.22459339612329643, -12.50000000000000000, 51.25574831073029713 ) ) ;
#2672 = EDGE_CURVE ( 'NONE', #748, #1040, #3460, .T. ) ;
#2673 = CARTESIAN_POINT ( 'NONE',  ( -35.19080396891290263, 4.500000000000000000, 38.07782910573160251 ) ) ;
#2674 = CARTESIAN_POINT ( 'NONE',  ( -33.85780816873081278, -9.074969617990998216, 37.13478436242764502 ) ) ;
#2675 = DIRECTION ( 'NONE',  ( -0.9510565162951518658, 0.000000000000000000, 0.3090169943749530024 ) ) ;
#2676 = CARTESIAN_POINT ( 'NONE',  ( -74.88661262159905618, -11.91158041510305310, 91.64642714229339049 ) ) ;
#2677 = CARTESIAN_POINT ( 'NONE',  ( -6.260255791916501167, 7.301017170380017518, 41.43902099211060630 ) ) ;
#2678 = CARTESIAN_POINT ( 'NONE',  ( -80.85719881585259827, 12.49999999999949907, 81.41765965410350248 ) ) ;
#2679 = CARTESIAN_POINT ( 'NONE',  ( -23.15570062859519851, -4.632767951221810065, 37.96569922972690136 ) ) ;
#2680 = EDGE_CURVE ( 'NONE', #2907, #3577, #1564, .T. ) ;
#2681 = CARTESIAN_POINT ( 'NONE',  ( -39.41619753664669901, -6.299999999999999822, 79.57987957991700512 ) ) ;
#2682 = CARTESIAN_POINT ( 'NONE',  ( -34.00844602327030231, -8.857484512700219526, 37.10029354652129996 ) ) ;
#2683 = CARTESIAN_POINT ( 'NONE',  ( -77.07749028247519618, -4.500000000000000000, 96.79661128810619175 ) ) ;
#2684 = CARTESIAN_POINT ( 'NONE',  ( -85.20150141056579685, -12.49999999999949907, 71.62665133082509783 ) ) ;
#2685 = CARTESIAN_POINT ( 'NONE',  ( -75.31139422324798716, 11.28872833678726906, 92.90330598952566277 ) ) ;
#2686 = CARTESIAN_POINT ( 'NONE',  ( -27.15338251644540080, -12.50000000000000000, 40.17995520919159702 ) ) ;
#2687 = CARTESIAN_POINT ( 'NONE',  ( -85.61105711948930264, 12.49999999994989963, 74.06703413212649423 ) ) ;
#2688 = EDGE_LOOP ( 'NONE', ( #3110, #177, #2914, #751, #2573 ) ) ;
#2689 = CARTESIAN_POINT ( 'NONE',  ( -36.98960294358260370, 12.50000000000000000, 73.22873191684639949 ) ) ;
#2690 = CARTESIAN_POINT ( 'NONE',  ( -84.11607419521459406, 12.50000000000000000, 77.08135730970279553 ) ) ;
#2691 = CARTESIAN_POINT ( 'NONE',  ( -15.51664864783220033, 4.500000000000000000, 68.25802035811518920 ) ) ;
#2692 = CARTESIAN_POINT ( 'NONE',  ( -49.10643780449869666, 12.49999999981050003, 60.04995995796939923 ) ) ;
#2693 = CARTESIAN_POINT ( 'NONE',  ( -35.13494281938619679, -4.500000000000000000, 39.67569051991609541 ) ) ;
#2694 = CARTESIAN_POINT ( 'NONE',  ( -35.18574071488377086, 12.50000000000000355, 38.12287178644216823 ) ) ;
#2695 = CARTESIAN_POINT ( 'NONE',  ( -34.39603529685822991, -8.131705858133482678, 37.39029134916022912 ) ) ;
#2696 = CARTESIAN_POINT ( 'NONE',  ( -23.68281634643030031, -12.50000000000000000, 38.00000000000000000 ) ) ;
#2697 = CARTESIAN_POINT ( 'NONE',  ( -74.49011633938060584, -12.27792361553020761, 90.47280486309313119 ) ) ;
#2698 = CARTESIAN_POINT ( 'NONE',  ( -78.78369403947439764, -12.49999999997359978, 83.71210304262469037 ) ) ;
#2699 = CARTESIAN_POINT ( 'NONE',  ( -55.70779782115990031, -12.49999999990870059, 61.88680930886560105 ) ) ;
#2700 = CARTESIAN_POINT ( 'NONE',  ( -5.751249870896843142, -12.50000000000000355, 62.99845678675640670 ) ) ;
#2701 = CARTESIAN_POINT ( 'NONE',  ( -82.80491968959179871, 12.49999999999969980, 78.98752669697249473 ) ) ;
#2702 = CARTESIAN_POINT ( 'NONE',  ( -6.297540300346823550, -7.345964894924653876, 42.55631005765066988 ) ) ;
#2703 = CARTESIAN_POINT ( 'NONE',  ( -16.06652953492449498, -12.49999999999949907, 59.36194247589939721 ) ) ;
#2704 = CARTESIAN_POINT ( 'NONE',  ( -32.63795229987120194, -12.65000000000000036, 36.77685602101499995 ) ) ;
#2705 = CARTESIAN_POINT ( 'NONE',  ( -5.963950756927522079, 6.464120846539602283, 39.40368585338790552 ) ) ;
#2706 = EDGE_CURVE ( 'NONE', #3690, #3636, #2150, .T. ) ;
#2707 = CARTESIAN_POINT ( 'NONE',  ( -85.77667041513339541, -12.49999999917879911, 72.31937377708599968 ) ) ;
#2708 = CARTESIAN_POINT ( 'NONE',  ( -74.13612211160993581, 12.45546503152872653, 89.42278749845381469 ) ) ;
#2709 = CARTESIAN_POINT ( 'NONE',  ( -28.60571995972100012, -12.49999999999930012, 46.05671128240120282 ) ) ;
#2710 = CARTESIAN_POINT ( 'NONE',  ( -85.65534132135981338, 12.49999999998619948, 73.92967084928149291 ) ) ;
#2711 = CARTESIAN_POINT ( 'NONE',  ( -34.89538763362560303, 12.50000000000000000, 71.66588846450690653 ) ) ;
#2712 = CARTESIAN_POINT ( 'NONE',  ( -90.89854396428343364, 12.50000000000000355, 81.32639016079539829 ) ) ;
#2713 = CARTESIAN_POINT ( 'NONE',  ( -75.62546471464000319, 12.49999999999830003, 67.05017267646989865 ) ) ;
#2714 = CARTESIAN_POINT ( 'NONE',  ( -67.29116730703175620, -12.50000000000000178, 56.49394117544733263 ) ) ;
#2715 = CARTESIAN_POINT ( 'NONE',  ( -41.36688078518159273, 12.50000000000000000, 57.24732018135389922 ) ) ;
#2716 = CARTESIAN_POINT ( 'NONE',  ( -27.20757382391909829, 12.50000000000000000, 37.50155447942699993 ) ) ;
#2717 = CARTESIAN_POINT ( 'NONE',  ( -76.41038238348200196, 4.500000000000000000, 96.75512129297850095 ) ) ;
#2718 = CARTESIAN_POINT ( 'NONE',  ( -75.34361935200024618, -11.22995612217785322, 92.99860336276184114 ) ) ;
#2719 = CARTESIAN_POINT ( 'NONE',  ( -5.875499980126689614, 5.886921645498920164, 38.00000000000000000 ) ) ;
#2720 = AXIS2_PLACEMENT_3D ( 'NONE', #236, #2747, #2783 ) ;
#2721 = CARTESIAN_POINT ( 'NONE',  ( -5.858314006071330127, -5.787898248688750691, 38.00000000000000000 ) ) ;
#2722 = LINE ( 'NONE', #248, #411 ) ;
#2723 = CARTESIAN_POINT ( 'NONE',  ( -38.76709288840340406, -12.50000000000000000, 74.56000685309989251 ) ) ;
#2724 = CARTESIAN_POINT ( 'NONE',  ( -35.19635190581309558, -5.020073313091280021, 37.10029354652129996 ) ) ;
#2725 = CARTESIAN_POINT ( 'NONE',  ( -76.41038238348161826, -12.50000000000000178, 96.75512129297801778 ) ) ;
#2726 = CARTESIAN_POINT ( 'NONE',  ( -85.68916294844291315, -12.50000000000910028, 72.18006717853440080 ) ) ;
#2727 = CARTESIAN_POINT ( 'NONE',  ( -75.42106553522907575, 11.08707680237630733, 93.22766624761092658 ) ) ;
#2728 = CARTESIAN_POINT ( 'NONE',  ( -27.44959551738649850, -12.49999999999939959, 42.49234738447859172 ) ) ;
#2729 = EDGE_CURVE ( 'NONE', #3741, #2014, #680, .T. ) ;
#2730 = CARTESIAN_POINT ( 'NONE',  ( -85.52447768507408909, 12.49999999992119903, 74.31221452717331033 ) ) ;
#2731 = CARTESIAN_POINT ( 'NONE',  ( -84.37115880893529152, -12.49999999995620037, 70.94126201167711088 ) ) ;
#2732 = VERTEX_POINT ( 'NONE', #2190 ) ;
#2733 = CARTESIAN_POINT ( 'NONE',  ( -61.15589410365379308, 12.49999999999680078, 86.46838395643329989 ) ) ;
#2734 = CARTESIAN_POINT ( 'NONE',  ( -89.78992555814801335, 12.50000000000000178, 82.98709207218735173 ) ) ;
#2735 = CARTESIAN_POINT ( 'NONE',  ( -79.62771178503099634, 12.49999999999639932, 68.47528475677680149 ) ) ;
#2736 = CARTESIAN_POINT ( 'NONE',  ( -67.29116730703168514, -4.500000000000000000, 56.49394117544730420 ) ) ;
#2737 = CARTESIAN_POINT ( 'NONE',  ( -40.34335786250156985, 12.50000000000000178, 47.59680386397511853 ) ) ;
#2738 = CARTESIAN_POINT ( 'NONE',  ( -27.32911413939699941, 12.50000000000000000, 41.81943413999799475 ) ) ;
#2739 = CARTESIAN_POINT ( 'NONE',  ( -34.54400603642278611, 7.804883050111060427, 37.47569464029726305 ) ) ;
#2740 = EDGE_LOOP ( 'NONE', ( #2749, #3866 ) ) ;
#2741 = CARTESIAN_POINT ( 'NONE',  ( -75.34646140078500309, -11.22469654631632352, 93.00700956066206970 ) ) ;
#2742 = DIRECTION ( 'NONE',  ( 0.000000000000000000, 0.000000000000000000, -1.000000000000000000 ) ) ;
#2743 = CARTESIAN_POINT ( 'NONE',  ( -34.83840514463869908, 7.019577199930319367, 36.91927260808139266 ) ) ;
#2744 = CARTESIAN_POINT ( 'NONE',  ( -38.01473287013730129, -12.50000000000000000, 73.99683691382929851 ) ) ;
#2745 = CARTESIAN_POINT ( 'NONE',  ( -70.34840643794379389, -12.50000000000000000, 88.17731287569340282 ) ) ;
#2746 = CARTESIAN_POINT ( 'NONE',  ( -85.78472560455180940, -12.49999999881389989, 72.33374446445209571 ) ) ;
#2747 = DIRECTION ( 'NONE',  ( 0.000000000000000000, 0.000000000000000000, -1.000000000000000000 ) ) ;
#2748 = CARTESIAN_POINT ( 'NONE',  ( -85.83562576666410848, 12.49999999999660005, 73.20258921668590801 ) ) ;
#2749 = ORIENTED_EDGE ( 'NONE', *, *, #3546, .F. ) ;
#2750 = CARTESIAN_POINT ( 'NONE',  ( -19.57956421617230092, 12.49999999963629982, 61.37392865730310376 ) ) ;
#2751 = CARTESIAN_POINT ( 'NONE',  ( -77.29549233949819609, 12.49999999999869971, 67.60488662279419714 ) ) ;
#2752 = EDGE_CURVE ( 'NONE', #861, #1429, #3468, .T. ) ;
#2753 = CARTESIAN_POINT ( 'NONE',  ( -75.16305073231549727, 4.500000000000000000, 58.55144071133679518 ) ) ;
#2754 = CARTESIAN_POINT ( 'NONE',  ( -27.67073607657150092, 12.50000000000050093, 43.44792797047250588 ) ) ;
#2755 = PLANE ( 'NONE',  #3115 ) ;
#2756 = ORIENTED_EDGE ( 'NONE', *, *, #2729, .F. ) ;
#2757 = APPLICATION_PROTOCOL_DEFINITION ( 'draft international standard', 'automotive_design', 1998, #3408 ) ;
#2758 = CARTESIAN_POINT ( 'NONE',  ( -84.72744447837480664, -12.49999999999859845, 76.03040331420579889 ) ) ;
#2759 = CARTESIAN_POINT ( 'NONE',  ( -28.99070906258049263, -12.50000000000000355, 77.23309812428696830 ) ) ;
#2760 = CARTESIAN_POINT ( 'NONE',  ( -35.21202703919771437, -0.8705763852135681713, 40.44701375307028712 ) ) ;
#2761 = CARTESIAN_POINT ( 'NONE',  ( -34.31676721115210427, 8.330859172087109243, 36.91927260808139266 ) ) ;
#2762 = CARTESIAN_POINT ( 'NONE',  ( -6.484966286064499208, 7.840045291169710495, 42.74999778016820073 ) ) ;
#2763 = CARTESIAN_POINT ( 'NONE',  ( -5.754360825795039602, 4.500000000000000000, 63.00000036993740338 ) ) ;
#2764 = CARTESIAN_POINT ( 'NONE',  ( -85.63114568911289837, -12.49999999954569851, 72.10000647266079454 ) ) ;
#2765 = CARTESIAN_POINT ( 'NONE',  ( -75.75802724290507228, 10.29253251903139166, 94.22395379604014920 ) ) ;
#2766 = CARTESIAN_POINT ( 'NONE',  ( -85.83704976956190080, 12.49999999999620037, 73.19413714377849089 ) ) ;
#2767 = CARTESIAN_POINT ( 'NONE',  ( -27.07536623924810115, -4.632813184691680242, 37.96583844403239993 ) ) ;
#2768 = CARTESIAN_POINT ( 'NONE',  ( -64.27383778383689616, 12.50000000000000000, 63.99539866169960334 ) ) ;
#2769 = CARTESIAN_POINT ( 'NONE',  ( -65.39368157042619600, -12.50000000000000000, 64.26569661184861104 ) ) ;
#2770 = CARTESIAN_POINT ( 'NONE',  ( -67.29144905879230976, 12.50000000000000178, 56.49400999613629892 ) ) ;
#2771 = DIRECTION ( 'NONE',  ( 0.000000000000000000, 0.000000000000000000, -1.000000000000000000 ) ) ;
#2772 = CARTESIAN_POINT ( 'NONE',  ( -39.41619753664669901, -4.499999999999999112, 79.57987957991700512 ) ) ;
#2773 = EDGE_CURVE ( 'NONE', #861, #1964, #2457, .T. ) ;
#2774 = ORIENTED_EDGE ( 'NONE', *, *, #603, .F. ) ;
#2775 =( LENGTH_UNIT ( ) NAMED_UNIT ( * ) SI_UNIT ( .MILLI., .METRE. ) );
#2776 = CARTESIAN_POINT ( 'NONE',  ( -82.33109864964889368, -12.49999999999880096, 79.61305994485721271 ) ) ;
#2777 = CARTESIAN_POINT ( 'NONE',  ( -38.12856248900267531, -0.3578034598049117943, 45.81564137461666064 ) ) ;
#2778 = CARTESIAN_POINT ( 'NONE',  ( -23.68281634643030031, 12.50000000000000000, 38.00000000000000000 ) ) ;
#2779 = CARTESIAN_POINT ( 'NONE',  ( -6.319326419167511588, 6.895628400389556489, 42.16218354552084691 ) ) ;
#2780 = CARTESIAN_POINT ( 'NONE',  ( -5.833410472140820424, 5.629605153381658234, 62.95100393398752914 ) ) ;
#2781 = CARTESIAN_POINT ( 'NONE',  ( -33.44191202527054685, 9.639153220827155977, 36.97806048731325745 ) ) ;
#2782 = CARTESIAN_POINT ( 'NONE',  ( -60.93017535905719484, -12.49999999999839950, 86.40975216503198908 ) ) ;
#2783 = DIRECTION ( 'NONE',  ( 1.000000000000000000, 0.000000000000000000, 0.000000000000000000 ) ) ;
#2784 = AXIS2_PLACEMENT_3D ( 'NONE', #3434, #590, #3076 ) ;
#2785 = CARTESIAN_POINT ( 'NONE',  ( -32.81875549197910402, 4.500000000000000000, 80.09942081749311171 ) ) ;
#2786 = CARTESIAN_POINT ( 'NONE',  ( -85.63148279004589369, -12.49999999996860112, 74.00521981397179161 ) ) ;
#2787 = CARTESIAN_POINT ( 'NONE',  ( -35.20000000000000284, -4.600780098834749587, 37.10029354652139943 ) ) ;
#2788 = CARTESIAN_POINT ( 'NONE',  ( -60.71367317072260050, 12.50000000000040146, 63.13224363129339878 ) ) ;
#2789 = CARTESIAN_POINT ( 'NONE',  ( -81.47378521523600625, -4.500000000000000000, 60.60303146640549699 ) ) ;
#2790 = CARTESIAN_POINT ( 'NONE',  ( -37.90706213692789106, 12.50000000000000178, 45.61368810306113630 ) ) ;
#2791 = CARTESIAN_POINT ( 'NONE',  ( -27.14599415694170403, 12.49999999999979927, 38.32100652465869928 ) ) ;
#2792 = CARTESIAN_POINT ( 'NONE',  ( -82.95709609924549000, -12.49999999999939959, 78.78214315778699017 ) ) ;
#2793 = EDGE_CURVE ( 'NONE', #2309, #3028, #3105, .T. ) ;
#2794 = CARTESIAN_POINT ( 'NONE',  ( -38.16767357739345812, -0.1814184728173294792, 45.85284346993490345 ) ) ;
#2795 = DIRECTION ( 'NONE',  ( 0.000000000000000000, 0.000000000000000000, -1.000000000000000000 ) ) ;
#2796 = CARTESIAN_POINT ( 'NONE',  ( -6.335384225039819128, 6.802203682085717240, 42.10949387156367862 ) ) ;
#2797 = DIRECTION ( 'NONE',  ( -1.000000000000000000, 0.000000000000000000, 0.000000000000000000 ) ) ;
#2798 = CARTESIAN_POINT ( 'NONE',  ( -36.09587419270940245, -12.49999999999910116, 54.36867095865709842 ) ) ;
#2799 = CARTESIAN_POINT ( 'NONE',  ( -7.253985723729735824, 9.163223468927871096, 62.07000280140591286 ) ) ;
#2800 = CARTESIAN_POINT ( 'NONE',  ( -69.57419617550030466, -12.50000000000000000, 88.06757051275809545 ) ) ;
#2801 = CARTESIAN_POINT ( 'NONE',  ( -24.52396913087746100, 2.200000000000000178, 40.26312671901926876 ) ) ;
#2802 = LINE ( 'NONE', #267, #1340 ) ;
#2803 = B_SPLINE_CURVE_WITH_KNOTS ( 'NONE', 3,
 ( #340, #944, #2772, #904 ),
 .UNSPECIFIED., .F., .F.,
 ( 4, 4 ),
 ( 0.000000000000000000, 1.000000000000000000 ),
 .UNSPECIFIED. ) ;
#2804 = CARTESIAN_POINT ( 'NONE',  ( -93.15612965842932169, 12.50000000000000711, 76.73160935177557462 ) ) ;
#2805 = CARTESIAN_POINT ( 'NONE',  ( -85.87751031695340487, -12.49999999991119992, 72.82711714070630649 ) ) ;
#2806 = CARTESIAN_POINT ( 'NONE',  ( -26.64088733224210159, 12.49999999891169900, 65.80985382028680419 ) ) ;
#2807 = CARTESIAN_POINT ( 'NONE',  ( -93.67982451931683840, -12.50000000000000711, 70.82857803245872219 ) ) ;
#2808 = CARTESIAN_POINT ( 'NONE',  ( -81.10308677197718907, 12.49999999998700062, 69.10735089549369548 ) ) ;
#2809 = CARTESIAN_POINT ( 'NONE',  ( -77.43548668472210750, 12.50000000000000000, 67.64671285473718854 ) ) ;
#2810 = CARTESIAN_POINT ( 'NONE',  ( -33.86538097110770451, 12.50000000000000000, 52.72647866736070199 ) ) ;
#2811 = APPLICATION_PROTOCOL_DEFINITION ( 'draft international standard', 'automotive_design', 1998, #522 ) ;
#2812 = CARTESIAN_POINT ( 'NONE',  ( -82.48952710024509827, -12.49999999999960032, 79.40828020686089417 ) ) ;
#2813 = CARTESIAN_POINT ( 'NONE',  ( -35.22358272616260422, -12.50000000000000355, 37.80601060822162651 ) ) ;
#2814 = CARTESIAN_POINT ( 'NONE',  ( -33.78394473966200451, -9.183470522137609393, 37.10029354652159839 ) ) ;
#2815 = CARTESIAN_POINT ( 'NONE',  ( -6.381118055294751734, 6.619141329903329485, 42.00818550657304939 ) ) ;
#2816 = CARTESIAN_POINT ( 'NONE',  ( -37.21137377748030417, -12.50000000000000000, 55.06895320476039757 ) ) ;
#2817 = CARTESIAN_POINT ( 'NONE',  ( -6.438506058350013994, 7.737064455864540058, 62.57497759369777413 ) ) ;
#2818 = CARTESIAN_POINT ( 'NONE',  ( -31.47618163974524919, 11.34948954094478601, 36.69583648320125491 ) ) ;
#2819 = CARTESIAN_POINT ( 'NONE',  ( -74.38667355016100657, -12.50000000000000000, 88.03658623449869935 ) ) ;
#2820 = CARTESIAN_POINT ( 'NONE',  ( -5.856189352455749564, 5.728545646255040147, 38.00000000000069633 ) ) ;
#2821 = CARTESIAN_POINT ( 'NONE',  ( -82.33322180907899224, 12.50000000000000000, 79.61442129975660009 ) ) ;
#2822 =( BOUNDED_SURFACE ( )  B_SPLINE_SURFACE ( 3, 2, ( 
 ( #2530, #1479, #2142 ),
 ( #1244, #3117, #3097 ),
 ( #2504, #22, #2486 ),
 ( #1556, #1882, #264 ) ),
 .UNSPECIFIED., .F., .F., .F. ) 
 B_SPLINE_SURFACE_WITH_KNOTS ( ( 4, 4 ),
 ( 3, 3 ),
 ( 1.726161386719690105, 1.974255745308939991 ),
 ( 0.000000000000000000, 1.000009804531390101 ),
 .UNSPECIFIED. ) 
 GEOMETRIC_REPRESENTATION_ITEM ( )  RATIONAL_B_SPLINE_SURFACE ( (
 ( 1.000000000000000000, 0.6530022563814449343, 1.000006804300540120),
 ( 1.000000000000000000, 0.6232536590973140056, 1.000007387642649848),
 ( 1.000000000000000000, 0.5920416788291319454, 1.000007999680329940),
 ( 1.000000000000000000, 0.5597335618560260739, 1.000008633212229991) ) ) 
 REPRESENTATION_ITEM ( '' )  SURFACE ( )  );
#2823 = EDGE_CURVE ( 'NONE', #1064, #2078, #3458, .T. ) ;
#2824 = CARTESIAN_POINT ( 'NONE',  ( -85.87912616979399161, -12.49999999977119991, 72.74502147847489653 ) ) ;
#2825 = CARTESIAN_POINT ( 'NONE',  ( -6.925593699219739996, 6.038811033860469912, 41.75000000000000000 ) ) ;
#2826 = CARTESIAN_POINT ( 'NONE',  ( -93.85944419677169037, -4.500000000000000000, 72.09902078306269857 ) ) ;
#2827 = CARTESIAN_POINT ( 'NONE',  ( -83.49020066312928634, 12.49999999999409894, 70.35606663346329981 ) ) ;
#2828 = CARTESIAN_POINT ( 'NONE',  ( -81.77598879030469448, 12.50000000000000000, 69.42067608269809398 ) ) ;
#2829 = CARTESIAN_POINT ( 'NONE',  ( -28.59021814017749819, 12.49999999999939959, 46.02277804556860019 ) ) ;
#2830 = CARTESIAN_POINT ( 'NONE',  ( -82.64579100293909164, -12.50000000000000000, 79.20218611308369816 ) ) ;
#2831 = CARTESIAN_POINT ( 'NONE',  ( -13.75436083365409878, -4.500000000000000000, 38.00000000000000000 ) ) ;
#2832 = CARTESIAN_POINT ( 'NONE',  ( -35.19951927085340060, -4.500000000000000000, 38.00393938954579909 ) ) ;
#2833 = CARTESIAN_POINT ( 'NONE',  ( -41.73637338733239233, -5.862361807952879644, 41.75000000000000000 ) ) ;
#2834 = LINE ( 'NONE', #2857, #1417 ) ;
#2835 = CARTESIAN_POINT ( 'NONE',  ( -12.28280416026866817, -12.36349322270246631, 58.99579769730267031 ) ) ;
#2836 = CARTESIAN_POINT ( 'NONE',  ( -36.51052488436729959, -12.50000000000000000, 54.63612800069839892 ) ) ;
#2837 = CARTESIAN_POINT ( 'NONE',  ( -6.446231196418666265, 7.754459847134111072, 62.57018599951879878 ) ) ;
#2838 = CARTESIAN_POINT ( 'NONE',  ( -69.03326838291060596, -12.50000000000000000, 87.99585357857370127 ) ) ;
#2839 = CARTESIAN_POINT ( 'NONE',  ( -76.61209958586000823, -4.500000000000000000, 96.77448257329498915 ) ) ;
#2840 = CARTESIAN_POINT ( 'NONE',  ( -75.96032411430769571, 12.50000000000000000, 58.78695646819419807 ) ) ;
#2841 = CARTESIAN_POINT ( 'NONE',  ( -81.02052771535302611, 12.50000000000000355, 92.78490549848179114 ) ) ;
#2842 = PRESENTATION_LAYER_ASSIGNMENT (  '', '', ( #219 ) ) ;
#2843 = ORIENTED_EDGE ( 'NONE', *, *, #3086, .F. ) ;
#2844 = CARTESIAN_POINT ( 'NONE',  ( -85.87311885701528524, -12.49999999997869971, 72.61402217208579657 ) ) ;
#2845 = AXIS2_PLACEMENT_3D ( 'NONE', #1353, #3806, #1961 ) ;
#2846 = EDGE_CURVE ( 'NONE', #3272, #1064, #1305, .T. ) ;
#2847 = CARTESIAN_POINT ( 'NONE',  ( -29.86474052807140112, -12.49999999999629985, 48.33110476629450147 ) ) ;
#2848 = CARTESIAN_POINT ( 'NONE',  ( -93.88036321376135618, -12.50000000000000355, 72.73498194605181766 ) ) ;
#2849 = CARTESIAN_POINT ( 'NONE',  ( -82.46064048483779629, 12.49999999999599964, 69.77241431303968966 ) ) ;
#2850 = CARTESIAN_POINT ( 'NONE',  ( -60.11694480113320083, -4.500000000000000000, 94.45962370331758962 ) ) ;
#2851 = CARTESIAN_POINT ( 'NONE',  ( -85.28052054831579198, 4.500000000000000000, 62.22787483188509583 ) ) ;
#2852 = CARTESIAN_POINT ( 'NONE',  ( -29.02118027677659740, 12.49999999999699973, 46.91437203348630192 ) ) ;
#2853 = CARTESIAN_POINT ( 'NONE',  ( -85.52452467575629669, -12.49999999992119903, 74.31208709755810560 ) ) ;
#2854 = CARTESIAN_POINT ( 'NONE',  ( -62.79021575101319286, 12.50000000000000000, 86.86687213195880020 ) ) ;
#2855 = CARTESIAN_POINT ( 'NONE',  ( -27.16415641351409960, -12.50000000000000000, 38.00450451180470424 ) ) ;
#2856 = CARTESIAN_POINT ( 'NONE',  ( -35.21005689898760238, 4.500000000000000000, 37.91726471061010528 ) ) ;
#2857 = CARTESIAN_POINT ( 'NONE',  ( 36.24171393634465232, 1.347111479062088257E-16, 18.20594254210783092 ) ) ;
#2858 = CARTESIAN_POINT ( 'NONE',  ( -12.05617264998700833, -12.31819498611459274, 59.13285136979990142 ) ) ;
#2859 = CARTESIAN_POINT ( 'NONE',  ( -40.24969584126920097, -12.49999999979519849, 56.69894396680960114 ) ) ;
#2860 = CARTESIAN_POINT ( 'NONE',  ( -10.80768097011950779, 11.93758306273928760, 59.89054044515204112 ) ) ;
#2861 = CARTESIAN_POINT ( 'NONE',  ( -32.57156852621521637, 10.54259509912398940, 36.77512685074425747 ) ) ;
#2862 = CARTESIAN_POINT ( 'NONE',  ( -74.84986986115708874, -12.49999999998959943, 66.80618922467961340 ) ) ;
#2863 = CARTESIAN_POINT ( 'NONE',  ( -57.06693561582319774, -12.49999999982459897, 85.23861269902199922 ) ) ;
#2864 = CARTESIAN_POINT ( 'NONE',  ( -76.27444695010959208, -4.500000000000000000, 97.06777861287470444 ) ) ;
#2865 = DIRECTION ( 'NONE',  ( 1.000000000000000000, 0.000000000000000000, 0.000000000000000000 ) ) ;
#2866 = CARTESIAN_POINT ( 'NONE',  ( -79.81421041056991328, 4.500000000000000000, 93.91412985293229099 ) ) ;
#2867 = ORIENTED_EDGE ( 'NONE', *, *, #1321, .T. ) ;
#2868 = CARTESIAN_POINT ( 'NONE',  ( -85.72486898619510498, -12.49999999999969980, 73.69489987412920584 ) ) ;
#2869 = CARTESIAN_POINT ( 'NONE',  ( -32.74177817763330012, -12.50000000002249934, 51.73608635685690160 ) ) ;
#2870 = CARTESIAN_POINT ( 'NONE',  ( -93.85666739431870553, -4.500000000000000000, 73.45495110017090212 ) ) ;
#2871 = CARTESIAN_POINT ( 'NONE',  ( -84.37120221867249370, 12.49999999995620037, 70.94129325881810644 ) ) ;
#2872 = CARTESIAN_POINT ( 'NONE',  ( -58.47543881307630187, -12.50000000000000000, 85.72377949809440167 ) ) ;
#2873 = CARTESIAN_POINT ( 'NONE',  ( -83.48945856025230228, -4.500000000000000000, 61.41301889024189364 ) ) ;
#2874 = CARTESIAN_POINT ( 'NONE',  ( -87.66189335268111904, 12.50000000000000178, 63.52707821621179818 ) ) ;
#2875 = CARTESIAN_POINT ( 'NONE',  ( -28.20568631594669995, 12.50000000000050093, 45.12049196748579760 ) ) ;
#2876 = CARTESIAN_POINT ( 'NONE',  ( -27.30109488790800043, -12.50000000000000000, 36.68390702530000169 ) ) ;
#2877 = LINE ( 'NONE', #2260, #1153 ) ;
#2878 = CARTESIAN_POINT ( 'NONE',  ( -6.345496745456219223, 7.410733146998704335, 42.47043791382252920 ) ) ;
#2879 = CARTESIAN_POINT ( 'NONE',  ( -13.75436083281629962, -12.50000000000000000, 58.10893120994310124 ) ) ;
#2880 = CARTESIAN_POINT ( 'NONE',  ( -61.99994168436799669, 12.50000000000000000, 86.68381753253478905 ) ) ;
#2881 = CARTESIAN_POINT ( 'NONE',  ( -62.03947563889449412, -12.49999999999839950, 63.45359617970559896 ) ) ;
#2882 = CARTESIAN_POINT ( 'NONE',  ( -78.80312078831880740, -4.500000000000000000, 94.83593243073740098 ) ) ;
#2883 = CARTESIAN_POINT ( 'NONE',  ( -37.14982786016949490, 1.640640482831267954, 44.75501473315947010 ) ) ;
#2884 = CARTESIAN_POINT ( 'NONE',  ( -71.36768894619720527, 12.50000000000000000, 90.73327570464211078 ) ) ;
#2885 = ORIENTED_EDGE ( 'NONE', *, *, #2219, .T. ) ;
#2886 = CARTESIAN_POINT ( 'NONE',  ( -85.84674679996430768, -12.49999999858319910, 72.47605026318700538 ) ) ;
#2887 = CARTESIAN_POINT ( 'NONE',  ( -29.05675030558859717, -12.49999999999760014, 46.98139064169679813 ) ) ;
#2888 = CARTESIAN_POINT ( 'NONE',  ( -84.92435504155371007, 12.49999999999830003, 71.37624899539629553 ) ) ;
#2889 = ORIENTED_EDGE ( 'NONE', *, *, #1832, .T. ) ;
#2890 = CARTESIAN_POINT ( 'NONE',  ( -74.24222013873237813, 12.41569334613017439, 89.73772433041030183 ) ) ;
#2891 = CARTESIAN_POINT ( 'NONE',  ( -82.81494952486480088, 12.50000000000000000, 69.96242446134979787 ) ) ;
#2892 = CARTESIAN_POINT ( 'NONE',  ( -28.61517921002250020, 12.49999999999930012, 46.07741740294569865 ) ) ;
#2893 = CARTESIAN_POINT ( 'NONE',  ( -38.91152867117270375, -4.500000000000000000, 84.58178641198880143 ) ) ;
#2894 = CARTESIAN_POINT ( 'NONE',  ( -35.24261575178530137, -12.50000000000000355, 37.64943721102959984 ) ) ;
#2895 = EDGE_CURVE ( 'NONE', #1082, #1678, #1680, .T. ) ;
#2896 = DIRECTION ( 'NONE',  ( 0.3090169943749529469, 0.000000000000000000, 0.9510565162951518658 ) ) ;
#2897 = CARTESIAN_POINT ( 'NONE',  ( -5.566537325233120725, 4.500000000000000000, 62.90749553041939635 ) ) ;
#2898 = CARTESIAN_POINT ( 'NONE',  ( -9.246747621907822179, -11.10951701713990047, 60.84368574383541528 ) ) ;
#2899 = CARTESIAN_POINT ( 'NONE',  ( -70.34840643794379389, 12.50000000000000000, 88.17731287569340282 ) ) ;
#2900 = ORIENTED_EDGE ( 'NONE', *, *, #1154, .F. ) ;
#2901 = CARTESIAN_POINT ( 'NONE',  ( -32.81167674797300293, -10.32645610681009707, 36.81496102034181206 ) ) ;
#2902 = CARTESIAN_POINT ( 'NONE',  ( -74.46066614402730011, -12.49999999998659916, 66.68819056475899743 ) ) ;
#2903 = CARTESIAN_POINT ( 'NONE',  ( -83.41034571511319484, -4.500000000000000000, 90.44319640338228794 ) ) ;
#2904 = DIRECTION ( 'NONE',  ( -1.000000000000000000, 0.000000000000000000, 1.858904598392799890E-15 ) ) ;
#2905 = CARTESIAN_POINT ( 'NONE',  ( -35.20000000093090620, -4.533603532677820347, 37.99955920827619593 ) ) ;
#2906 = CARTESIAN_POINT ( 'NONE',  ( -71.17354803747299741, 12.50000000000000000, 90.90188847583061715 ) ) ;
#2907 = VERTEX_POINT ( 'NONE', #3066 ) ;
#2908 = CARTESIAN_POINT ( 'NONE',  ( -85.81438958242659965, -12.49999999698359865, 72.39238493983670253 ) ) ;
#2909 = CARTESIAN_POINT ( 'NONE',  ( -32.26563291737260641, -12.50000000000000000, 51.26887801274429535 ) ) ;
#2910 = AXIS2_PLACEMENT_3D ( 'NONE', #1017, #3585, #2011 ) ;
#2911 = CARTESIAN_POINT ( 'NONE',  ( -92.51282152284278482, -4.500000000000000000, 78.34510210879659553 ) ) ;
#2912 = CARTESIAN_POINT ( 'NONE',  ( -85.61139007251819066, 12.49999999946190066, 72.07447972204930409 ) ) ;
#2913 = CARTESIAN_POINT ( 'NONE',  ( -65.08966535836299272, -12.49999999999910116, 87.34711617049720189 ) ) ;
#2914 = ORIENTED_EDGE ( 'NONE', *, *, #3427, .F. ) ;
#2915 = CARTESIAN_POINT ( 'NONE',  ( -81.34024937293111179, -12.49999999997200106, 69.21579677055891011 ) ) ;
#2916 = AXIS2_PLACEMENT_3D ( 'NONE', #132, #4064, #2797 ) ;
#2917 = CARTESIAN_POINT ( 'NONE',  ( -92.17413753332620274, 4.500000000000000000, 67.49034293786620253 ) ) ;
#2918 = CARTESIAN_POINT ( 'NONE',  ( -42.09151549426500338, 12.50000000000000000, 57.52770840576540223 ) ) ;
#2919 = CARTESIAN_POINT ( 'NONE',  ( -32.81875549197910402, -4.500000000000000000, 80.09942081749311171 ) ) ;
#2920 = CARTESIAN_POINT ( 'NONE',  ( -36.49311562546989762, -4.500000000000000000, 43.85399417295090529 ) ) ;
#2921 = CARTESIAN_POINT ( 'NONE',  ( -37.27416179246080219, 4.500000000000000000, 44.92300599304859787 ) ) ;
#2922 = CARTESIAN_POINT ( 'NONE',  ( -9.466234237762240156, 12.50000000000000000, 55.91056659366540060 ) ) ;
#2923 = CARTESIAN_POINT ( 'NONE',  ( -10.86186985187255694, -11.95878954251922544, 59.85756372169490902 ) ) ;
#2924 = CARTESIAN_POINT ( 'NONE',  ( -58.32087341516848511, 12.50000000000000355, 94.00494608502594929 ) ) ;
#2925 = CARTESIAN_POINT ( 'NONE',  ( -30.39358499066232611, -11.88621121132583269, 36.77295449122922122 ) ) ;
#2926 = ADVANCED_FACE ( 'NONE', ( #4033 ), #897, .F. ) ;
#2927 = CARTESIAN_POINT ( 'NONE',  ( -28.48155982454033719, 12.42983104432638619, 37.11186668142246958 ) ) ;
#2928 = CARTESIAN_POINT ( 'NONE',  ( -57.79645760683589373, -12.49999999998419931, 62.41613521859969893 ) ) ;
#2929 = CARTESIAN_POINT ( 'NONE',  ( -53.68652909327249745, -12.49999999829629971, 83.91959837583328863 ) ) ;
#2930 = CARTESIAN_POINT ( 'NONE',  ( -35.20000000000000284, 4.500000000000000000, 38.00000000000000000 ) ) ;
#2931 = CARTESIAN_POINT ( 'NONE',  ( -84.77884027920009657, 12.49999999999609912, 75.93532433045119490 ) ) ;
#2932 = CARTESIAN_POINT ( 'NONE',  ( -22.49674790844339611, -4.641110582124759354, 37.99137520751359887 ) ) ;
#2933 = CARTESIAN_POINT ( 'NONE',  ( -35.20000000000000284, -4.500000000000000000, 37.99999957197299949 ) ) ;
#2934 = DIRECTION ( 'NONE',  ( 0.000000000000000000, 0.000000000000000000, 1.000000000000000000 ) ) ;
#2935 = ORIENTED_EDGE ( 'NONE', *, *, #2125, .T. ) ;
#2936 = CARTESIAN_POINT ( 'NONE',  ( -85.79993072792649400, -12.49999999785219984, 72.36293874157630057 ) ) ;
#2937 = CARTESIAN_POINT ( 'NONE',  ( -28.85324123328770085, -12.49999999999740119, 46.58780923588439293 ) ) ;
#2938 = CARTESIAN_POINT ( 'NONE',  ( -85.80327472344680473, -12.50000000000000000, 73.37854834396530634 ) ) ;
#2939 = CARTESIAN_POINT ( 'NONE',  ( -85.87632915853819782, 12.49999999990549959, 72.65509217751498738 ) ) ;
#2940 = VERTEX_POINT ( 'NONE', #1193 ) ;
#2941 = CARTESIAN_POINT ( 'NONE',  ( -91.11683696263619936, -4.500000000000000000, 66.22497132138180120 ) ) ;
#2942 = CARTESIAN_POINT ( 'NONE',  ( -93.59655248289190865, 12.50000000000000178, 70.47811447380682637 ) ) ;
#2943 = CARTESIAN_POINT ( 'NONE',  ( -36.30258198111789625, 12.50000000000000000, 54.50381392692770532 ) ) ;
#2944 = CARTESIAN_POINT ( 'NONE',  ( -36.12389692924859474, -4.500000000000000000, 82.57787135891199171 ) ) ;
#2945 = CARTESIAN_POINT ( 'NONE',  ( -47.24445545656170253, -12.50000000000000000, 59.47230117886900302 ) ) ;
#2946 = CARTESIAN_POINT ( 'NONE',  ( -35.63371693442918087, 12.50000000000000178, 42.14883023262056838 ) ) ;
#2947 = CARTESIAN_POINT ( 'NONE',  ( -6.344937260547710345, 7.407893568907372384, 42.46866554984909214 ) ) ;
#2948 = CARTESIAN_POINT ( 'NONE',  ( -35.07372217667618486, -6.004153166746744930, 37.85790020181536875 ) ) ;
#2949 = CARTESIAN_POINT ( 'NONE',  ( -66.75507977202502730, 12.50000000000000355, 95.76004056879160942 ) ) ;
#2950 = CARTESIAN_POINT ( 'NONE',  ( -21.83722406390289805, -12.50000000000000000, 38.00000000000000000 ) ) ;
#2951 = CARTESIAN_POINT ( 'NONE',  ( -78.08028339607969315, -12.50000000000000000, 67.88242839163000042 ) ) ;
#2952 = CARTESIAN_POINT ( 'NONE',  ( -26.92026562559556879, 0.000000000000000000, 41.04173064816701100 ) ) ;
#2953 = CARTESIAN_POINT ( 'NONE',  ( -83.25410525178389776, 12.49999999999889866, 78.36689597336859947 ) ) ;
#2954 = DIRECTION ( 'NONE',  ( 0.000000000000000000, 0.000000000000000000, -1.000000000000000000 ) ) ;
#2955 = CARTESIAN_POINT ( 'NONE',  ( -37.92358419552525817, 0.8148501566374973804, 45.61396294708687549 ) ) ;
#2956 = CARTESIAN_POINT ( 'NONE',  ( -35.20000000000000284, 4.500000000000000000, 37.99999952623650046 ) ) ;
#2957 = ORIENTED_EDGE ( 'NONE', *, *, #277, .F. ) ;
#2958 = CARTESIAN_POINT ( 'NONE',  ( -85.85351472407488416, -12.49999999940219908, 72.49994229766500098 ) ) ;
#2959 = CARTESIAN_POINT ( 'NONE',  ( -27.59649362459360233, -12.49999999999809930, 43.15204588882719605 ) ) ;
#2960 = EDGE_CURVE ( 'NONE', #559, #3272, #283, .T. ) ;
#2961 = CARTESIAN_POINT ( 'NONE',  ( -92.98884401050385407, -12.50000000000000355, 77.20009443574386410 ) ) ;
#2962 = CARTESIAN_POINT ( 'NONE',  ( -85.87122380102128716, 12.49999999997979927, 72.59778937017820510 ) ) ;
#2963 = CARTESIAN_POINT ( 'NONE',  ( -83.49005779872129551, -12.49999999999409894, 70.35597925966689559 ) ) ;
#2964 = CARTESIAN_POINT ( 'NONE',  ( -44.18715224367269911, 12.50000000000270006, 78.49899350478290216 ) ) ;
#2965 = CARTESIAN_POINT ( 'NONE',  ( -88.69628774628056078, -12.50000000000000178, 64.19760460985929740 ) ) ;
#2966 = CARTESIAN_POINT ( 'NONE',  ( -93.49214391346224318, 12.50000000000000178, 70.11163756926694646 ) ) ;
#2967 = CARTESIAN_POINT ( 'NONE',  ( -46.93926290873140061, 12.49999999999719869, 59.35144138540199776 ) ) ;
#2968 = CARTESIAN_POINT ( 'NONE',  ( -44.60185994026459610, -4.500000000000000000, 49.92452384460040093 ) ) ;
#2969 = CARTESIAN_POINT ( 'NONE',  ( -35.21268041984160391, 4.500000000000000000, 40.46998048732630338 ) ) ;
#2970 = CARTESIAN_POINT ( 'NONE',  ( -13.75436083365409878, 12.50000000000000000, 58.10893069650659726 ) ) ;
#2971 = CARTESIAN_POINT ( 'NONE',  ( -33.92112912449021422, -8.977863547949434420, 37.16315735277560606 ) ) ;
#2972 = CARTESIAN_POINT ( 'NONE',  ( -76.14505243468201456, 12.50000000000000000, 96.73802994768793440 ) ) ;
#2973 = CARTESIAN_POINT ( 'NONE',  ( -75.93112995255962971, -9.773968920931164206, 94.73616357312037906 ) ) ;
#2974 = CARTESIAN_POINT ( 'NONE',  ( -5.751249870896919525, -4.500000000000000000, 62.99845678675688987 ) ) ;
#2975 = CARTESIAN_POINT ( 'NONE',  ( -82.64573090437710334, 12.50000000000000000, 79.20226594918200647 ) ) ;
#2976 = CARTESIAN_POINT ( 'NONE',  ( -6.744969477904345645, -5.937689185395774061, 41.74999999974927078 ) ) ;
#2977 = CARTESIAN_POINT ( 'NONE',  ( -38.00603965714240218, 0.6733752954574364624, 45.69587019502436220 ) ) ;
#2978 = LINE ( 'NONE', #1132, #883 ) ;
#2979 = CARTESIAN_POINT ( 'NONE',  ( -77.32165927003980244, -12.50000000000000000, 88.79635982147699735 ) ) ;
#2980 = CARTESIAN_POINT ( 'NONE',  ( -74.73220776291798018, 12.07726062566430159, 91.18990585919540592 ) ) ;
#2981 = CARTESIAN_POINT ( 'NONE',  ( -27.14874510860849810, -12.50000000000000000, 40.09092078324420072 ) ) ;
#2982 = CARTESIAN_POINT ( 'NONE',  ( -93.27954841049213996, -12.50000000000000711, 76.35862631572643977 ) ) ;
#2983 = CARTESIAN_POINT ( 'NONE',  ( -85.77240225402529461, 12.49999999936309969, 72.31180302010179162 ) ) ;
#2984 = VERTEX_POINT ( 'NONE', #3426 ) ;
#2985 = CARTESIAN_POINT ( 'NONE',  ( -81.99787310191220513, -12.49999999996649969, 69.53324169445690472 ) ) ;
#2986 = EDGE_CURVE ( 'NONE', #1857, #3028, #3098, .T. ) ;
#2987 = CARTESIAN_POINT ( 'NONE',  ( -45.59896457333109510, 12.49999999995950084, 79.44973349364200033 ) ) ;
#2988 = CARTESIAN_POINT ( 'NONE',  ( -85.86577453720320818, 12.50000000000000000, 72.55672561129789244 ) ) ;
#2989 = CARTESIAN_POINT ( 'NONE',  ( -43.00287598809030243, 12.50000000000000000, 57.90495374490529912 ) ) ;
#2990 = CARTESIAN_POINT ( 'NONE',  ( -39.44880825991430129, -4.500000000000000000, 46.95780541796229812 ) ) ;
#2991 =( GEOMETRIC_REPRESENTATION_CONTEXT ( 3 ) GLOBAL_UNCERTAINTY_ASSIGNED_CONTEXT ( ( #792 ) ) GLOBAL_UNIT_ASSIGNED_CONTEXT ( ( #2775, #2449, #1823 ) ) REPRESENTATION_CONTEXT ( 'NONE', 'WORKASPACE' ) );
#2992 = CARTESIAN_POINT ( 'NONE',  ( -35.18002084615950054, 4.500000000000000000, 38.17626313352700151 ) ) ;
#2993 = CARTESIAN_POINT ( 'NONE',  ( -34.45601917391089586, -8.003823174187507661, 37.42406020691934287 ) ) ;
#2994 = CARTESIAN_POINT ( 'NONE',  ( -76.97687203858299654, 12.49999999999950440, 96.79036455295660346 ) ) ;
#2995 = CARTESIAN_POINT ( 'NONE',  ( -75.27340961553073839, -11.35948622483302728, 92.79094187447748254 ) ) ;
#2996 = CARTESIAN_POINT ( 'NONE',  ( -5.939996648289103121, 6.253316009316738366, 38.89107153905623449 ) ) ;
#2997 = CARTESIAN_POINT ( 'NONE',  ( -42.64927158166030097, -12.49999999996550137, 77.41476306272149088 ) ) ;
#2998 = CARTESIAN_POINT ( 'NONE',  ( -6.915973096928469843, -4.500000000000000000, 63.57770733110279338 ) ) ;
#2999 = CARTESIAN_POINT ( 'NONE',  ( -81.27712307445500528, 12.50000000000030020, 80.92484671878530378 ) ) ;
#3000 = CARTESIAN_POINT ( 'NONE',  ( -6.276977008019753335, -6.657261884989071454, 42.12715553637744392 ) ) ;
#3001 = LINE ( 'NONE', #2433, #2511 ) ;
#3002 = LINE ( 'NONE', #3696, #3843 ) ;
#3003 = CARTESIAN_POINT ( 'NONE',  ( -73.95496890250169031, -12.50000000000000000, 88.54938038509240528 ) ) ;
#3004 = CARTESIAN_POINT ( 'NONE',  ( -85.17657011660480748, -12.49999999999910116, 71.60291406938269176 ) ) ;
#3005 = CARTESIAN_POINT ( 'NONE',  ( -27.12614546469309929, -12.50000000000000000, 39.33064378674760064 ) ) ;
#3006 = CARTESIAN_POINT ( 'NONE',  ( -85.82102543712099418, 12.49999999687679875, 72.40751261538920858 ) ) ;
#3007 = B_SPLINE_CURVE_WITH_KNOTS ( 'NONE', 3,
 ( #908, #874, #1825, #2431, #2760, #1166, #4046, #3095, #3376, #2179, #2484, #854, #1228, #2159, #2451, #262, #3060, #3759, #3455, #281, #3421, #2464, #1537, #2777, #2794, #593 ),
 .UNSPECIFIED., .F., .F.,
 ( 4, 2, 2, 2, 2, 2, 2, 2, 2, 2, 2, 2, 4 ),
 ( 0.01261381677711952490, 0.01314542531887860979, 0.01367703386063769642, 0.01420864240239678132, 0.01474025094415586622, 0.01580346802767405162, 0.01686668511119224223, 0.01792990219471042937, 0.01899311927822861651, 0.01952472781998771528, 0.02005633636174681753, 0.02058794490350591977, 0.02111955344526501854 ),
 .UNSPECIFIED. ) ;
#3008 = ORIENTED_EDGE ( 'NONE', *, *, #2960, .T. ) ;
#3009 = CARTESIAN_POINT ( 'NONE',  ( -38.39077984394089782, 12.50000000000000000, 74.27863890337860653 ) ) ;
#3010 = CARTESIAN_POINT ( 'NONE',  ( -93.85951810735993206, 12.50000000000000178, 72.10013574663253166 ) ) ;
#3011 = CARTESIAN_POINT ( 'NONE',  ( -11.51894288516430009, 4.500000000000000000, 65.98589240764479769 ) ) ;
#3012 = CARTESIAN_POINT ( 'NONE',  ( -54.88638935016909670, 12.49999999998770051, 61.67544144466890543 ) ) ;
#3013 = CARTESIAN_POINT ( 'NONE',  ( -36.19884620967430777, -4.500000000000000000, 43.37255743426869969 ) ) ;
#3014 = CARTESIAN_POINT ( 'NONE',  ( -27.21054007209419723, 12.50000000000000000, 37.47005344635840629 ) ) ;
#3015 = CARTESIAN_POINT ( 'NONE',  ( -35.19207433373890126, -4.943370731272556107, 37.97975402477982954 ) ) ;
#3016 = CARTESIAN_POINT ( 'NONE',  ( -76.97687203856980886, 4.500000000000000000, 96.79036455293729091 ) ) ;
#3017 = CARTESIAN_POINT ( 'NONE',  ( -74.97666719214171849, -11.80131636889502644, 91.91307761987378910 ) ) ;
#3018 = DIRECTION ( 'NONE',  ( -0.3090169943749529469, 0.000000000000000000, -0.9510565162951518658 ) ) ;
#3019 = CARTESIAN_POINT ( 'NONE',  ( -85.27985757344720241, 12.49999999999949907, 74.91654305468350117 ) ) ;
#3020 = CARTESIAN_POINT ( 'NONE',  ( -6.353188973957536234, -7.538508536413241146, 42.68569861429280365 ) ) ;
#3021 = CARTESIAN_POINT ( 'NONE',  ( -33.12012541671009558, -12.50000000000000000, 70.35675980207449243 ) ) ;
#3022 = CARTESIAN_POINT ( 'NONE',  ( -30.16356752794889928, -12.65000000000000036, 36.79872191474289878 ) ) ;
#3023 = CARTESIAN_POINT ( 'NONE',  ( -6.937747217643379649, 5.277635127831398876, 39.74223742980460372 ) ) ;
#3024 = CARTESIAN_POINT ( 'NONE',  ( -84.91716334160430790, -12.49999999999799982, 71.37009782950370607 ) ) ;
#3025 = CARTESIAN_POINT ( 'NONE',  ( -74.46885696068895300, 12.29862834845914676, 90.40951336965915175 ) ) ;
#3026 = CARTESIAN_POINT ( 'NONE',  ( -27.13556595346899769, -12.50000000000000000, 39.83789181672170088 ) ) ;
#3027 = CARTESIAN_POINT ( 'NONE',  ( -85.75765072711197945, 12.49999999999350031, 73.56919099871019796 ) ) ;
#3028 = VERTEX_POINT ( 'NONE', #3765 ) ;
#3029 = CARTESIAN_POINT ( 'NONE',  ( -47.66665046482740564, 12.49999999984670040, 80.77402104201590305 ) ) ;
#3030 = CARTESIAN_POINT ( 'NONE',  ( -83.69552305806499248, 12.50000000000000000, 77.73084003028709787 ) ) ;
#3031 = CARTESIAN_POINT ( 'NONE',  ( -62.99245992137250738, 12.49999999999930012, 63.68435255194919620 ) ) ;
#3032 = CARTESIAN_POINT ( 'NONE',  ( -31.16264006740319914, 12.50000000000000000, 50.09924862246809596 ) ) ;
#3033 = CARTESIAN_POINT ( 'NONE',  ( -35.16757952015507271, -5.279642922790936055, 37.95157267939804058 ) ) ;
#3034 = CARTESIAN_POINT ( 'NONE',  ( -34.92794682649731897, 6.676888904771895561, 37.73675067764387592 ) ) ;
#3035 = CARTESIAN_POINT ( 'NONE',  ( -76.43667861358753157, -7.355511200238362690, 96.22898673968261107 ) ) ;
#3036 = CYLINDRICAL_SURFACE ( 'NONE', #3391, 2.200000000000000178 ) ;
#3037 = EDGE_CURVE ( 'NONE', #3069, #528, #3101, .T. ) ;
#3038 = CARTESIAN_POINT ( 'NONE',  ( -5.871872862025630191, -5.866142651248370754, 37.99999999994489741 ) ) ;
#3039 = CARTESIAN_POINT ( 'NONE',  ( -35.20000000000000284, 4.600780098834789555, 38.00539823872090039 ) ) ;
#3040 = CARTESIAN_POINT ( 'NONE',  ( -28.38105700800340259, -12.49999999983210053, 66.99287832757771355 ) ) ;
#3041 = CARTESIAN_POINT ( 'NONE',  ( -30.90341989061490224, 17.71000000000000085, 36.71202790814469807 ) ) ;
#3042 = CARTESIAN_POINT ( 'NONE',  ( -66.75507977202502730, -12.50000000000000355, 95.76004056879160942 ) ) ;
#3043 = CARTESIAN_POINT ( 'NONE',  ( -7.193739259141709752, 6.000000000931669852, 41.75000000000000000 ) ) ;
#3044 = CARTESIAN_POINT ( 'NONE',  ( -27.80337629181499892, -12.49999999999839950, 43.91699953597849770 ) ) ;
#3045 = CARTESIAN_POINT ( 'NONE',  ( -85.87912644097559678, 12.49999999977119991, 72.74516810834859371 ) ) ;
#3046 = ORIENTED_EDGE ( 'NONE', *, *, #2539, .T. ) ;
#3047 = CARTESIAN_POINT ( 'NONE',  ( -42.64927158166030097, 12.49999999996550137, 77.41476306272149088 ) ) ;
#3048 = CARTESIAN_POINT ( 'NONE',  ( -81.69066082081729974, 12.50000000000000000, 80.42851160946820244 ) ) ;
#3049 = CARTESIAN_POINT ( 'NONE',  ( -65.97212272200430050, 12.50000000000000000, 64.41079915482841045 ) ) ;
#3050 = CARTESIAN_POINT ( 'NONE',  ( -58.23931677698720932, -12.50000000000000178, 54.28325838891758792 ) ) ;
#3051 = CARTESIAN_POINT ( 'NONE',  ( -72.96158066111360085, 12.50000000000000000, 66.24282431921841408 ) ) ;
#3052 = VECTOR ( 'NONE', #4059, 1000.000000000000000 ) ;
#3053 = CARTESIAN_POINT ( 'NONE',  ( -27.18025353791150067, 12.50000000000000000, 37.81623458527809589 ) ) ;
#3054 = CARTESIAN_POINT ( 'NONE',  ( -35.08768393716884759, 5.936927909824907701, 37.86715036352713071 ) ) ;
#3055 = VERTEX_POINT ( 'NONE', #266 ) ;
#3056 = CARTESIAN_POINT ( 'NONE',  ( -75.76961107737011503, -10.26057764166515796, 94.25819312907664482 ) ) ;
#3057 = CARTESIAN_POINT ( 'NONE',  ( -5.754360825795039602, 4.500000000000000000, 63.00000036993740338 ) ) ;
#3058 = STYLED_ITEM ( 'NONE', ( #871 ), #3244 ) ;
#3059 = CARTESIAN_POINT ( 'NONE',  ( -13.57419512423419938, -12.50000000000000000, 58.00908089756450181 ) ) ;
#3060 = CARTESIAN_POINT ( 'NONE',  ( -37.04940944773519362, -1.723761187926009741, 44.63499109633107764 ) ) ;
#3061 = FACE_OUTER_BOUND ( 'NONE', #676, .T. ) ;
#3062 = CARTESIAN_POINT ( 'NONE',  ( -35.18334609290769777, -12.50000000000000000, 71.88023436094189833 ) ) ;
#3063 = CARTESIAN_POINT ( 'NONE',  ( -5.842111094746465838, -5.696441402731426074, 62.94539457658114401 ) ) ;
#3064 = CARTESIAN_POINT ( 'NONE',  ( -6.490485033341008680, 7.852030482069843664, 42.77908363076463161 ) ) ;
#3065 = CARTESIAN_POINT ( 'NONE',  ( -85.45216295171189813, -12.49999999982709831, 71.88439421300890331 ) ) ;
#3066 = CARTESIAN_POINT ( 'NONE',  ( -27.21692930468629967, 4.632813184691689123, 37.40766625019740133 ) ) ;
#3067 = CARTESIAN_POINT ( 'NONE',  ( -85.85768623853429915, 12.49999999999420019, 73.05570972101220661 ) ) ;
#3068 = CARTESIAN_POINT ( 'NONE',  ( -84.26518037391771543, -12.49999999998770051, 70.86497900877918710 ) ) ;
#3069 = VERTEX_POINT ( 'NONE', #1543 ) ;
#3070 = CARTESIAN_POINT ( 'NONE',  ( -14.82387479788900109, 12.50000000000000000, 58.68191028675759924 ) ) ;
#3071 = CARTESIAN_POINT ( 'NONE',  ( -77.15756522439269816, 12.49999999999889866, 67.55721470581819688 ) ) ;
#3072 = CARTESIAN_POINT ( 'NONE',  ( -32.22495233597099684, 12.50000000000000000, 51.25610959399089950 ) ) ;
#3073 = CARTESIAN_POINT ( 'NONE',  ( -27.21382796415180039, 12.50000000000000000, 37.43861238207570352 ) ) ;
#3074 = CARTESIAN_POINT ( 'NONE',  ( -34.52135852218973611, 7.857340849627112433, 37.46204659911786905 ) ) ;
#3075 = ORIENTED_EDGE ( 'NONE', *, *, #1227, .T. ) ;
#3076 = DIRECTION ( 'NONE',  ( 1.000000000000000000, 0.000000000000000000, 0.000000000000000000 ) ) ;
#3077 = CARTESIAN_POINT ( 'NONE',  ( -75.66206260732319322, -12.50000000000000000, 86.83539080558850287 ) ) ;
#3078 = CARTESIAN_POINT ( 'NONE',  ( -28.99070906258040026, -4.500000000000000000, 77.23309812428699672 ) ) ;
#3079 = CARTESIAN_POINT ( 'NONE',  ( -23.43149637745720071, 4.632813297492550220, 37.94975921711100142 ) ) ;
#3080 = CARTESIAN_POINT ( 'NONE',  ( -26.41181053703694559, -2.200000000000000178, 38.56330668192033073 ) ) ;
#3081 = CARTESIAN_POINT ( 'NONE',  ( -9.695213712237642056, 11.39663039312352488, 60.56913093101585588 ) ) ;
#3082 = CARTESIAN_POINT ( 'NONE',  ( -85.50737689365401195, -12.49999999958749974, 71.94707220609241460 ) ) ;
#3083 = CARTESIAN_POINT ( 'NONE',  ( -6.840531079149219984, -4.643912947079499531, 38.00000000000000000 ) ) ;
#3084 = CARTESIAN_POINT ( 'NONE',  ( -21.37344577290300052, 12.50000000000000355, 71.89084449230330165 ) ) ;
#3085 = CARTESIAN_POINT ( 'NONE',  ( -85.70717706927929669, 12.49999999999939959, 73.75684139745879975 ) ) ;
#3086 = EDGE_CURVE ( 'NONE', #2078, #681, #416, .T. ) ;
#3087 = CARTESIAN_POINT ( 'NONE',  ( -23.43149637745720071, 4.632813297492550220, 37.94975921711100142 ) ) ;
#3088 = CARTESIAN_POINT ( 'NONE',  ( -74.46088390098799437, 12.49999999998659916, 66.68825658548389868 ) ) ;
#3089 = CARTESIAN_POINT ( 'NONE',  ( -75.95408635296411148, -12.50000000000000000, 67.15008154396811335 ) ) ;
#3090 = CARTESIAN_POINT ( 'NONE',  ( -62.35165695373720496, 12.50000000000000000, 63.52923691374238757 ) ) ;
#3091 = CARTESIAN_POINT ( 'NONE',  ( -27.50205376630480103, 12.49999999999710099, 42.74900074485749712 ) ) ;
#3092 = PLANE ( 'NONE',  #2644 ) ;
#3093 = EDGE_LOOP ( 'NONE', ( #3363, #3931, #889, #1493 ) ) ;
#3094 = CARTESIAN_POINT ( 'NONE',  ( -84.84973240768680114, -12.49999999998989964, 75.80240277812499983 ) ) ;
#3095 = CARTESIAN_POINT ( 'NONE',  ( -35.30602882431939804, -1.575123928623260117, 40.98510775322552036 ) ) ;
#3096 = DIRECTION ( 'NONE',  ( 0.000000000000000000, 1.000000000000000000, 0.000000000000000000 ) ) ;
#3097 = CARTESIAN_POINT ( 'NONE',  ( -5.953097492445186489, -6.391556246128776486, 39.41488047081859492 ) ) ;
#3098 = B_SPLINE_CURVE_WITH_KNOTS ( 'NONE', 3,
 ( #3145, #1172, #3123, #1887, #3403, #581, #310, #545, #914 ),
 .UNSPECIFIED., .F., .F.,
 ( 4, 1, 1, 1, 1, 1, 4 ),
 ( 1.303147677626109972E-05, 0.2500000000000000000, 0.3750000000000000000, 0.5000000000000000000, 0.6250000000000000000, 0.7500000000000000000, 1.000000000000000000 ),
 .UNSPECIFIED. ) ;
#3099 = CARTESIAN_POINT ( 'NONE',  ( -6.559481340654484072, 8.007384234110554999, 62.49994000024872065 ) ) ;
#3100 = CARTESIAN_POINT ( 'NONE',  ( -33.20958378103702557, 9.910959958977848316, 36.90969259074014985 ) ) ;
#3101 = LINE ( 'NONE', #3083, #1013 ) ;
#3102 = CARTESIAN_POINT ( 'NONE',  ( -27.21692930468629967, -12.50000000000000000, 37.40766625019740133 ) ) ;
#3103 = CARTESIAN_POINT ( 'NONE',  ( -33.74389379819260171, 12.50000000000000000, 70.79773380963169416 ) ) ;
#3104 = CARTESIAN_POINT ( 'NONE',  ( -85.56887349026840184, -12.49999999992540012, 74.18982473073729977 ) ) ;
#3105 = LINE ( 'NONE', #2787, #668 ) ;
#3106 = CARTESIAN_POINT ( 'NONE',  ( -77.01947473900091268, 12.49999999999930012, 67.51001589533491654 ) ) ;
#3107 = CARTESIAN_POINT ( 'NONE',  ( -44.28838354149840484, 12.50000000000000000, 58.43586337617159643 ) ) ;
#3108 = CARTESIAN_POINT ( 'NONE',  ( -27.71827159338310054, 12.50000000000040146, 43.62368261620129317 ) ) ;
#3109 = CARTESIAN_POINT ( 'NONE',  ( -27.26018431940800113, 0.000000000000000000, 39.99556848024240452 ) ) ;
#3110 = ORIENTED_EDGE ( 'NONE', *, *, #4024, .F. ) ;
#3111 = SHAPE_DEFINITION_REPRESENTATION ( #1213, #3244 ) ;
#3112 = CARTESIAN_POINT ( 'NONE',  ( -84.51132269388149609, -12.49999999999919886, 76.41546108795189696 ) ) ;
#3113 = CARTESIAN_POINT ( 'NONE',  ( -18.14088904965820248, -4.500000000000000000, 69.83615811504080284 ) ) ;
#3114 = CARTESIAN_POINT ( 'NONE',  ( -35.38009764167331639, -12.50000000000000178, 36.51849937187831330 ) ) ;
#3115 = AXIS2_PLACEMENT_3D ( 'NONE', #849, #2675, #805 ) ;
#3116 =( NAMED_UNIT ( * ) PLANE_ANGLE_UNIT ( ) SI_UNIT ( $, .RADIAN. ) );
#3117 = CARTESIAN_POINT ( 'NONE',  ( -5.679204703702588120, -5.259906730017942067, 39.89583392474408186 ) ) ;
#3118 = CARTESIAN_POINT ( 'NONE',  ( -6.424307076980580788, -7.704925976536175725, 62.58378484349026394 ) ) ;
#3119 = CARTESIAN_POINT ( 'NONE',  ( -36.74227600223559875, -12.50000000000000000, 54.78359123818370335 ) ) ;
#3120 = CIRCLE ( 'NONE', #274, 1.100000000000002753 ) ;
#3121 = CARTESIAN_POINT ( 'NONE',  ( -9.473667769704917418, 11.25841207904929497, 60.70471131066477000 ) ) ;
#3122 = CARTESIAN_POINT ( 'NONE',  ( -62.00019899614520114, -12.49999999999599964, 86.67962926932310097 ) ) ;
#3123 = CARTESIAN_POINT ( 'NONE',  ( -34.31677558475829670, 8.330839986566129340, 37.10029354652129996 ) ) ;
#3124 = CARTESIAN_POINT ( 'NONE',  ( -27.20762943169289727, -12.50000000000000000, 37.50097465673930230 ) ) ;
#3125 = VECTOR ( 'NONE', #1850, 1000.000000000000000 ) ;
#3126 = CARTESIAN_POINT ( 'NONE',  ( -85.76692580400347765, 12.50000000000000355, 87.95548408619046654 ) ) ;
#3127 = ORIENTED_EDGE ( 'NONE', *, *, #2823, .F. ) ;
#3128 = CARTESIAN_POINT ( 'NONE',  ( -85.87495345989728435, -12.49999999996000000, 72.87600182701230267 ) ) ;
#3129 = CARTESIAN_POINT ( 'NONE',  ( -17.47780364837570133, 12.49999999997590017, 60.15649394519040527 ) ) ;
#3130 = CARTESIAN_POINT ( 'NONE',  ( -93.59597911349553101, -12.50000000000000000, 70.47591278382506630 ) ) ;
#3131 = CARTESIAN_POINT ( 'NONE',  ( -84.14757847042029937, 12.49999999999620037, 70.78283561107079436 ) ) ;
#3132 = CARTESIAN_POINT ( 'NONE',  ( -53.21107549995290498, -12.50000000000000000, 83.76172554329869513 ) ) ;
#3133 = CARTESIAN_POINT ( 'NONE',  ( -49.45992366944839347, -12.49999999997090150, 81.81472474559249974 ) ) ;
#3134 = CARTESIAN_POINT ( 'NONE',  ( -84.37687223580118712, 4.500000000000000000, 61.80324109937140520 ) ) ;
#3135 = CARTESIAN_POINT ( 'NONE',  ( -27.44963357986650010, 12.49999999999939959, 42.49253363750869994 ) ) ;
#3136 = CARTESIAN_POINT ( 'NONE',  ( -52.24100814517269953, -12.49999999999689848, 60.96459519060960019 ) ) ;
#3137 = CARTESIAN_POINT ( 'NONE',  ( -71.94951299784548837, 12.50000000000000000, 88.35477780759400446 ) ) ;
#3138 = CARTESIAN_POINT ( 'NONE',  ( -27.21059670329859870, -12.50000000000000000, 37.46947348640300390 ) ) ;
#3139 = EDGE_CURVE ( 'NONE', #3690, #2940, #569, .T. ) ;
#3140 = LINE ( 'NONE', #3497, #3527 ) ;
#3141 = CARTESIAN_POINT ( 'NONE',  ( -17.06978176883160003, 2.694222958124178486E-16, 38.99772287234213763 ) ) ;
#3142 = CARTESIAN_POINT ( 'NONE',  ( -8.132281149119362951, 10.19211059118301499, 61.52821680780662206 ) ) ;
#3143 = CARTESIAN_POINT ( 'NONE',  ( -33.24517581703452862, 9.870908905218561458, 36.91949008659091191 ) ) ;
#3144 = CARTESIAN_POINT ( 'NONE',  ( -79.83797972742929971, -12.50000000000000000, 82.58330886571680196 ) ) ;
#3145 = CARTESIAN_POINT ( 'NONE',  ( -33.78398419112489393, 9.183473361795918777, 37.10029354752320074 ) ) ;
#3146 = CARTESIAN_POINT ( 'NONE',  ( -27.21692930468629967, 4.632813184691689123, 37.40766625019740133 ) ) ;
#3147 = ORIENTED_EDGE ( 'NONE', *, *, #627, .F. ) ;
#3148 = CARTESIAN_POINT ( 'NONE',  ( -85.87670636220460096, -12.49999999992999911, 72.84363507712500052 ) ) ;
#3149 = CARTESIAN_POINT ( 'NONE',  ( -7.013215801595680254, 6.016235816520659974, 41.74999999999769784 ) ) ;
#3150 = CARTESIAN_POINT ( 'NONE',  ( -93.82330276304179506, -4.500000000000000000, 71.68892445042659745 ) ) ;
#3151 = CARTESIAN_POINT ( 'NONE',  ( -80.15765755722981112, 12.49999999999979927, 68.69284585859959691 ) ) ;
#3152 = CARTESIAN_POINT ( 'NONE',  ( -56.18970822054850345, -12.50000000000000000, 84.94638951563909757 ) ) ;
#3153 = CARTESIAN_POINT ( 'NONE',  ( -90.43598245994839147, 4.500000000000000000, 65.56792655250649204 ) ) ;
#3154 = CARTESIAN_POINT ( 'NONE',  ( -30.16258724721280160, 12.50000000000000000, 48.76834001356660053 ) ) ;
#3155 = CARTESIAN_POINT ( 'NONE',  ( -85.14958062236189562, -12.49999999999779909, 75.20157678510040000 ) ) ;
#3156 = CARTESIAN_POINT ( 'NONE',  ( -77.71115990779409799, 12.49999999999799982, 84.82158769689519318 ) ) ;
#3157 = CARTESIAN_POINT ( 'NONE',  ( -35.20357824171017569, -12.50000000000000355, 37.97057365723006939 ) ) ;
#3158 = CARTESIAN_POINT ( 'NONE',  ( -27.64711233312619854, -4.632813184691680242, 37.30804623508970508 ) ) ;
#3159 = CARTESIAN_POINT ( 'NONE',  ( -6.754360833654099672, 4.500000000000000000, 41.75000000000000000 ) ) ;
#3160 = CARTESIAN_POINT ( 'NONE',  ( -12.26151272671925341, -12.35948698626001985, 59.00867052204688434 ) ) ;
#3161 = CARTESIAN_POINT ( 'NONE',  ( -41.60507180207939371, -12.50000000000000000, 57.31540597143519733 ) ) ;
#3162 = CARTESIAN_POINT ( 'NONE',  ( -6.424286713680951166, 7.704737975912870240, 62.58379710657285955 ) ) ;
#3163 = ADVANCED_FACE ( 'NONE', ( #288 ), #3542, .F. ) ;
#3164 = CARTESIAN_POINT ( 'NONE',  ( -32.92334234303865514, 10.21740112547607815, 36.83789321861400623 ) ) ;
#3165 = CARTESIAN_POINT ( 'NONE',  ( -41.99135976509630552, -12.49999999980910026, 76.94035282422629507 ) ) ;
#3166 = CARTESIAN_POINT ( 'NONE',  ( -27.80307538257670075, -24.00002500000000083, 37.31060618830689890 ) ) ;
#3167 = CARTESIAN_POINT ( 'NONE',  ( -75.96032411430769571, -12.50000000000000000, 58.78695646819419807 ) ) ;
#3168 = EDGE_LOOP ( 'NONE', ( #1185, #1948, #1423, #550, #697, #441 ) ) ;
#3169 = CARTESIAN_POINT ( 'NONE',  ( -85.65535505094659641, -12.49999999998619948, 73.92962694188381079 ) ) ;
#3170 = CARTESIAN_POINT ( 'NONE',  ( -35.68885036599959903, -12.49999999995629985, 54.09491449701449994 ) ) ;
#3171 = CARTESIAN_POINT ( 'NONE',  ( -84.91011904506311225, 12.49999999999769962, 71.36409527785690443 ) ) ;
#3172 = CARTESIAN_POINT ( 'NONE',  ( -91.43538732072819641, 4.500000000000000000, 66.56935144908860025 ) ) ;
#3173 = CARTESIAN_POINT ( 'NONE',  ( -29.69282485425789986, 12.49999999999420019, 48.06309122260539368 ) ) ;
#3174 = CARTESIAN_POINT ( 'NONE',  ( -46.55987401573170104, -12.49999999987729993, 80.08211757971788813 ) ) ;
#3175 = CARTESIAN_POINT ( 'NONE',  ( -85.39945359412060100, -12.49999999997860023, 74.63349100336499475 ) ) ;
#3176 = DIRECTION ( 'NONE',  ( 0.000000000000000000, 0.000000000000000000, -1.000000000000000000 ) ) ;
#3177 = DIRECTION ( 'NONE',  ( 0.000000000000000000, 0.000000000000000000, 1.000000000000000000 ) ) ;
#3178 = CARTESIAN_POINT ( 'NONE',  ( -6.566750370336724707, 6.280624474265405155, 41.83558052006236494 ) ) ;
#3179 = CARTESIAN_POINT ( 'NONE',  ( -10.65206074382847845, -11.87450810428673442, 59.98524733710164725 ) ) ;
#3180 = CARTESIAN_POINT ( 'NONE',  ( -43.07990010631900191, -12.50000000000000000, 57.93603814364119842 ) ) ;
#3181 = CARTESIAN_POINT ( 'NONE',  ( -32.00283175543539471, 4.500000000000000000, 64.30021536386550451 ) ) ;
#3182 = CARTESIAN_POINT ( 'NONE',  ( -73.47490228948019819, -12.50000000000000000, 88.50442813768290762 ) ) ;
#3183 = CARTESIAN_POINT ( 'NONE',  ( -71.80380419622738941, -12.50000000000000000, 90.35314896810739071 ) ) ;
#3184 = FACE_OUTER_BOUND ( 'NONE', #4036, .T. ) ;
#3185 = CARTESIAN_POINT ( 'NONE',  ( -77.48194450687880419, 12.50000000000000178, 96.01375107171787704 ) ) ;
#3186 = AXIS2_PLACEMENT_3D ( 'NONE', #2234, #3513, #554 ) ;
#3187 = VERTEX_POINT ( 'NONE', #956 ) ;
#3188 = CARTESIAN_POINT ( 'NONE',  ( -85.85923495104290737, -12.49999999977520027, 72.52401202732089303 ) ) ;
#3189 = VECTOR ( 'NONE', #1677, 1000.000000000000114 ) ;
#3190 = CARTESIAN_POINT ( 'NONE',  ( -30.21249594802759830, -12.49999999999939959, 48.83878511621980323 ) ) ;
#3191 = CARTESIAN_POINT ( 'NONE',  ( -93.76300610641520450, -4.500000000000000000, 71.25439561473859840 ) ) ;
#3192 = CARTESIAN_POINT ( 'NONE',  ( -82.90445822061118974, 12.49999999999960032, 70.01336903267559819 ) ) ;
#3193 = CARTESIAN_POINT ( 'NONE',  ( -53.42487663031869261, -4.500000000000000000, 92.45707839253299198 ) ) ;
#3194 = CARTESIAN_POINT ( 'NONE',  ( -81.06802882780090158, -12.50000000000000000, 69.08780246253949997 ) ) ;
#3195 = CARTESIAN_POINT ( 'NONE',  ( -85.55013156047910172, 12.50000000000000000, 71.99736185319660819 ) ) ;
#3196 = CARTESIAN_POINT ( 'NONE',  ( -33.38869208441979453, 12.49999999990849986, 52.31948244555929506 ) ) ;
#3197 = CARTESIAN_POINT ( 'NONE',  ( -35.18577657803100323, -12.50000000000000355, 38.12254477411609344 ) ) ;
#3198 = CARTESIAN_POINT ( 'NONE',  ( -27.42321616283150121, 12.50000000000000000, 35.67932820773939540 ) ) ;
#3199 = CARTESIAN_POINT ( 'NONE',  ( -10.51000179104459953, 12.50000000000000000, 56.43045288358370470 ) ) ;
#3200 = CARTESIAN_POINT ( 'NONE',  ( -9.426112407319276798, -11.22816527042382440, 60.73385128580812165 ) ) ;
#3201 = B_SPLINE_CURVE_WITH_KNOTS ( 'NONE', 3,
 ( #2651, #3623, #1145, #2408, #516, #3691, #781, #3035, #1107, #3602, #2104, #1804, #2386, #207, #1477, #1717, #1766, #2973, #3646, #1438, #3310, #832, #3352, #2086, #3056, #473, #1786, #230, #2026, #2342, #145, #806, #1414, #1502, #2741, #2718, #2995, #3925, #1742, #3991, #3017, #1164, #166, #2676, #3949, #1083, #1126, #2068, #3333, #498, #1459, #188, #2697, #1535, #3418, #2462, #2120, #2177, #4060, #246, #322, #1842, #1570, #1858, #1224 ),
 .UNSPECIFIED., .F., .F.,
 ( 4, 2, 2, 2, 1, 1, 2, 2, 2, 2, 2, 1, 1, 2, 2, 2, 2, 1, 1, 1, 2, 2, 2, 2, 1, 1, 1, 1, 2, 2, 2, 2, 2, 1, 1, 2, 2, 2, 4 ),
 ( 0.000000000000000000, 0.1250000000000633105, 0.1875000000000947298, 0.2187500000001105505, 0.2343750000001189049, 0.2421875000001234568, 0.2460937500001252609, 0.2500000000001270650, 0.3750000000001681988, 0.4375000000001886824, 0.4687500000001992295, 0.4843750000002041145, 0.4921875000002052247, 0.4960937500002047806, 0.5000000000002043921, 0.5625000000001776357, 0.5937500000001638689, 0.6093750000001580958, 0.6171875000001536549, 0.6210937500001519895, 0.6230468750001515454, 0.6250000000001511014, 0.6875000000001091349, 0.7187500000000885958, 0.7343750000000763833, 0.7421875000000717204, 0.7460937500000697220, 0.7480468750000704992, 0.7490234375000708322, 0.7500000000000711653, 0.8125000000000855982, 0.8437500000000912603, 0.8593750000000940359, 0.8671875000000958122, 0.8710937500000963674, 0.8730468750000965894, 0.8750000000000968114, 0.9375000000000484057, 1.000000000000000000 ),
 .UNSPECIFIED. ) ;
#3202 = CARTESIAN_POINT ( 'NONE',  ( -47.23942519811850360, -12.49999999999830003, 59.45066784799129778 ) ) ;
#3203 = CARTESIAN_POINT ( 'NONE',  ( -10.83352162684054498, 11.94773587127891901, 59.87481353284194086 ) ) ;
#3204 = CARTESIAN_POINT ( 'NONE',  ( -30.31920854530040543, 11.92008875743580631, 36.78039910326708650 ) ) ;
#3205 = CARTESIAN_POINT ( 'NONE',  ( -64.27383778382260004, -12.50000000000000000, 63.99539866175760494 ) ) ;
#3206 = CARTESIAN_POINT ( 'NONE',  ( -60.74000810933970484, -12.49999999999919886, 86.35941880769310330 ) ) ;
#3207 = CARTESIAN_POINT ( 'NONE',  ( -71.02796308131249248, -12.50000000000000000, 91.02837408805089581 ) ) ;
#3208 = LINE ( 'NONE', #1355, #3189 ) ;
#3209 = ORIENTED_EDGE ( 'NONE', *, *, #1270, .F. ) ;
#3210 = CARTESIAN_POINT ( 'NONE',  ( -29.55291872547740084, -12.50000000000210143, 47.83969894724869931 ) ) ;
#3211 = CARTESIAN_POINT ( 'NONE',  ( -84.04006776479990037, 12.50000000000160050, 70.70844846482729906 ) ) ;
#3212 = ORIENTED_EDGE ( 'NONE', *, *, #2103, .F. ) ;
#3213 = CARTESIAN_POINT ( 'NONE',  ( -79.96452329069850862, -12.49999999999969980, 68.61232742463640477 ) ) ;
#3214 = ADVANCED_FACE ( 'NONE', ( #3184 ), #2647, .T. ) ;
#3215 = CARTESIAN_POINT ( 'NONE',  ( -75.19832444820886508, 11.48180134699512145, 92.56903564253052252 ) ) ;
#3216 = CARTESIAN_POINT ( 'NONE',  ( -88.69651065482165109, 12.50000000000000178, 64.19775842525815790 ) ) ;
#3217 = CARTESIAN_POINT ( 'NONE',  ( -30.11284281443399991, 12.50000000000000000, 48.69703342781150468 ) ) ;
#3218 = CARTESIAN_POINT ( 'NONE',  ( -35.36482355295960645, -4.500000000000000000, 36.64414550368260848 ) ) ;
#3219 = DIRECTION ( 'NONE',  ( 1.000000000000000000, 0.000000000000000000, 0.000000000000000000 ) ) ;
#3220 = CARTESIAN_POINT ( 'NONE',  ( -7.604270513417850985, 4.500000000000000000, 63.92544253478149585 ) ) ;
#3221 = CARTESIAN_POINT ( 'NONE',  ( -8.134533804317468864, -10.19433893261466473, 61.52679776091117247 ) ) ;
#3222 = CARTESIAN_POINT ( 'NONE',  ( -49.92999819192409916, 4.500000000000000000, 91.06763773861919731 ) ) ;
#3223 = CARTESIAN_POINT ( 'NONE',  ( -31.18406965536448894, -11.51556157975887018, 36.70430012878005499 ) ) ;
#3224 = CARTESIAN_POINT ( 'NONE',  ( -41.76813577111479958, -12.49999999977639931, 76.77843306455318384 ) ) ;
#3225 = CARTESIAN_POINT ( 'NONE',  ( -58.80923758924309652, -12.49999999999710099, 62.66637222661129414 ) ) ;
#3226 = CARTESIAN_POINT ( 'NONE',  ( -77.48194981279907267, -12.50000000000000178, 96.01374639944418732 ) ) ;
#3227 = CARTESIAN_POINT ( 'NONE',  ( -37.04910325963714257, 1.715630018255288158, 44.62933003689027345 ) ) ;
#3228 = EDGE_LOOP ( 'NONE', ( #2289, #2012, #1989, #536, #2095, #3899 ) ) ;
#3229 = CARTESIAN_POINT ( 'NONE',  ( -76.62187579597450338, 12.50000000000000000, 85.91325063575050081 ) ) ;
#3230 = CARTESIAN_POINT ( 'NONE',  ( -85.82753758009849321, -12.49999999677509877, 72.42235851045360562 ) ) ;
#3231 = CARTESIAN_POINT ( 'NONE',  ( -85.75889731279400507, -12.50000000000000000, 73.56875366475800604 ) ) ;
#3232 = CARTESIAN_POINT ( 'NONE',  ( -85.78479750508459745, 12.49999999880969881, 72.33387663907670628 ) ) ;
#3233 = EDGE_LOOP ( 'NONE', ( #1602, #1356, #2638, #1725, #114, #2228 ) ) ;
#3234 = CARTESIAN_POINT ( 'NONE',  ( -82.44030913660019166, -12.49999999999510081, 69.76168981316268969 ) ) ;
#3235 = CARTESIAN_POINT ( 'NONE',  ( -85.21462367334520138, -12.50000000000000000, 71.63775332867348311 ) ) ;
#3236 = CARTESIAN_POINT ( 'NONE',  ( -85.87444470685359477, 12.50000000000000000, 72.89234358521169099 ) ) ;
#3237 = CARTESIAN_POINT ( 'NONE',  ( -41.49448574542950041, 12.50000000000030020, 57.26665692987629797 ) ) ;
#3238 = CARTESIAN_POINT ( 'NONE',  ( -35.16477891580409931, -4.500000000000000000, 40.07470890097710026 ) ) ;
#3239 = CARTESIAN_POINT ( 'NONE',  ( -36.19898544664621198, 12.50000000000000178, 43.37280616631512231 ) ) ;
#3240 = CARTESIAN_POINT ( 'NONE',  ( -5.431139856813559597, 12.50000000000070699, 62.84079998601077222 ) ) ;
#3241 = CARTESIAN_POINT ( 'NONE',  ( -30.16799102661060417, -11.97303113830502141, 36.80301827029788342 ) ) ;
#3242 = CARTESIAN_POINT ( 'NONE',  ( -70.47003507378710196, -12.50000000000000000, 65.55792611993540220 ) ) ;
#3243 = CARTESIAN_POINT ( 'NONE',  ( -8.875005350703430551, -12.50000000000000000, 55.61929932210019700 ) ) ;
#3244 = ADVANCED_BREP_SHAPE_REPRESENTATION ( 'Handle_SO102', ( #1631, #2784 ), #2991 ) ;
#3245 = CARTESIAN_POINT ( 'NONE',  ( -82.95707500694041414, 12.49999999999939959, 78.78217162361580961 ) ) ;
#3246 = PLANE ( 'NONE',  #3329 ) ;
#3247 = DIRECTION ( 'NONE',  ( -0.3090169943749529469, 0.000000000000000000, -0.9510565162951518658 ) ) ;
#3248 = CARTESIAN_POINT ( 'NONE',  ( -70.93090490753050403, 12.50000000000000000, 91.11268937791008682 ) ) ;
#3249 = CARTESIAN_POINT ( 'NONE',  ( -30.28810347045699913, -12.49999999999729994, 48.94469343838440523 ) ) ;
#3250 = VECTOR ( 'NONE', #2102, 1000.000000000000000 ) ;
#3251 = CARTESIAN_POINT ( 'NONE',  ( -93.40016199982660794, -4.500000000000000000, 75.95953713767781323 ) ) ;
#3252 = CARTESIAN_POINT ( 'NONE',  ( -85.87313345353369698, 12.49999999997860023, 72.61416956665890154 ) ) ;
#3253 = ORIENTED_EDGE ( 'NONE', *, *, #2793, .T. ) ;
#3254 = CARTESIAN_POINT ( 'NONE',  ( -75.96590035821189701, 12.50000000000000000, 86.54410911419489594 ) ) ;
#3255 = CARTESIAN_POINT ( 'NONE',  ( -90.76561026903040386, -4.500000000000000000, 65.87478999009319125 ) ) ;
#3256 = CARTESIAN_POINT ( 'NONE',  ( -92.93973102245129780, 4.500000000000000000, 68.74749389755220363 ) ) ;
#3257 = CARTESIAN_POINT ( 'NONE',  ( -50.17177206543100709, 12.49999999991769961, 60.36706216594869545 ) ) ;
#3258 = CARTESIAN_POINT ( 'NONE',  ( -37.63884929477499952, -12.50000000000000000, 73.71472993778640159 ) ) ;
#3259 = CARTESIAN_POINT ( 'NONE',  ( -47.10282445482019398, -4.500000000000000000, 50.94392371812029552 ) ) ;
#3260 = CARTESIAN_POINT ( 'NONE',  ( -35.13495848031993063, 12.50000000000000355, 39.67599039606588462 ) ) ;
#3261 = CARTESIAN_POINT ( 'NONE',  ( -6.139400620092049898, 4.500000000000000000, 63.19020160168699363 ) ) ;
#3262 = CARTESIAN_POINT ( 'NONE',  ( -34.57068927306657002, -7.743279365380994150, 37.49232637489878783 ) ) ;
#3263 = CARTESIAN_POINT ( 'NONE',  ( -74.32591774599421797, 12.50000000000000178, 96.60750706847565539 ) ) ;
#3264 = CARTESIAN_POINT ( 'NONE',  ( -31.86597210479973086, -11.09223234018954685, 36.70589855049567518 ) ) ;
#3265 = PLANE ( 'NONE',  #814 ) ;
#3266 = CARTESIAN_POINT ( 'NONE',  ( -71.45425288084710758, -12.50000000000000000, 65.82449984803039911 ) ) ;
#3267 = CARTESIAN_POINT ( 'NONE',  ( -59.58719583519780372, -12.50000000000139977, 86.04173539881550425 ) ) ;
#3268 = CARTESIAN_POINT ( 'NONE',  ( -7.604270513417850985, -4.500000000000000000, 63.92544253478149585 ) ) ;
#3269 = ADVANCED_FACE ( 'NONE', ( #1902, #2549 ), #673, .T. ) ;
#3270 = CARTESIAN_POINT ( 'NONE',  ( -82.19354032317981762, 12.49999999999820055, 79.79086271271961550 ) ) ;
#3271 = CARTESIAN_POINT ( 'NONE',  ( -35.60836294360944976, 2.117237065020483477, 42.06244430812675006 ) ) ;
#3272 = VERTEX_POINT ( 'NONE', #1985 ) ;
#3273 = FACE_OUTER_BOUND ( 'NONE', #1723, .T. ) ;
#3274 = ORIENTED_EDGE ( 'NONE', *, *, #2680, .T. ) ;
#3275 = PRODUCT_DEFINITION_CONTEXT ( 'detailed design', #522, 'design' ) ;
#3276 = CARTESIAN_POINT ( 'NONE',  ( -27.96735415263029978, -12.49999999999850075, 44.44271555729180534 ) ) ;
#3277 = CARTESIAN_POINT ( 'NONE',  ( -93.71645894228112184, -12.50000000000000355, 74.59573624582831997 ) ) ;
#3278 = CARTESIAN_POINT ( 'NONE',  ( -85.86930930104499282, 12.49999999998109956, 72.58136759418849238 ) ) ;
#3279 = ORIENTED_EDGE ( 'NONE', *, *, #1760, .T. ) ;
#3280 = CARTESIAN_POINT ( 'NONE',  ( -67.15575331770889989, 12.49999999999699973, 87.71591510703869687 ) ) ;
#3281 = CARTESIAN_POINT ( 'NONE',  ( -90.43572728957819606, -4.500000000000000000, 65.56769630030900942 ) ) ;
#3282 = CARTESIAN_POINT ( 'NONE',  ( -93.14337287449190228, 4.500000000000000000, 69.17243549854210016 ) ) ;
#3283 = CARTESIAN_POINT ( 'NONE',  ( -43.88819972328819574, 12.50000000001440092, 58.25683824076440231 ) ) ;
#3284 = CARTESIAN_POINT ( 'NONE',  ( -37.20507836939179924, -12.50000000000000000, 55.08000334347890004 ) ) ;
#3285 = CARTESIAN_POINT ( 'NONE',  ( -35.16480769159976916, 12.50000000000000355, 40.07500280831591510 ) ) ;
#3286 = CARTESIAN_POINT ( 'NONE',  ( -34.47546056547694349, -7.961251278276447962, 37.43526740623898519 ) ) ;
#3287 = CARTESIAN_POINT ( 'NONE',  ( -74.95894814759000724, 12.50000000000000000, 88.63251261861690011 ) ) ;
#3288 = CARTESIAN_POINT ( 'NONE',  ( -33.38881724006765239, -9.712313466056306410, 36.95756956053453735 ) ) ;
#3289 = CARTESIAN_POINT ( 'NONE',  ( -29.25329217137137405, 12.25374270621253281, 36.95770091648680733 ) ) ;
#3290 = CARTESIAN_POINT ( 'NONE',  ( -83.97590752564930483, 12.49999999995639932, 77.29787465621549813 ) ) ;
#3291 = CARTESIAN_POINT ( 'NONE',  ( -22.71647817192280172, -4.639244809725409979, 37.98563295051600619 ) ) ;
#3292 = VERTEX_POINT ( 'NONE', #27 ) ;
#3293 = CARTESIAN_POINT ( 'NONE',  ( -27.21692930468629967, -12.65000000000000036, 37.40766625019740133 ) ) ;
#3294 = ADVANCED_FACE ( 'NONE', ( #1941 ), #3246, .T. ) ;
#3295 = CARTESIAN_POINT ( 'NONE',  ( -75.71077575130571802, 10.41966333397066613, 94.08431701189788043 ) ) ;
#3296 = CARTESIAN_POINT ( 'NONE',  ( -27.29852518383449578, -12.49999999999979927, 41.61733298469409448 ) ) ;
#3297 = CARTESIAN_POINT ( 'NONE',  ( -93.15621708159378045, -12.50000000000000178, 76.73135562444537072 ) ) ;
#3298 = CARTESIAN_POINT ( 'NONE',  ( -85.45219729817759458, 12.49999999982709831, 71.88443197258270345 ) ) ;
#3299 = ORIENTED_EDGE ( 'NONE', *, *, #2103, .T. ) ;
#3300 = CARTESIAN_POINT ( 'NONE',  ( -82.47064567438640381, -12.49999999999629985, 69.77770677654189058 ) ) ;
#3301 = CARTESIAN_POINT ( 'NONE',  ( -50.54097017224679433, 12.49999999932339989, 82.40542137485439866 ) ) ;
#3302 = CARTESIAN_POINT ( 'NONE',  ( -88.69628774628048973, -4.500000000000000000, 64.19760460985929740 ) ) ;
#3303 = CARTESIAN_POINT ( 'NONE',  ( -93.76328503548080562, 4.500000000000000000, 71.25613026896260749 ) ) ;
#3304 = CARTESIAN_POINT ( 'NONE',  ( -45.08488639429300093, 12.49999999988630073, 58.70761138932540035 ) ) ;
#3305 = CARTESIAN_POINT ( 'NONE',  ( -64.47330607048398576, -12.50000000000000000, 87.22916877121170387 ) ) ;
#3306 = CARTESIAN_POINT ( 'NONE',  ( -35.21263848790700735, -4.500000000000000000, 40.46969142694020150 ) ) ;
#3307 = CARTESIAN_POINT ( 'NONE',  ( -35.17276160966689957, 4.500000000000000000, 38.24745022262270311 ) ) ;
#3308 = CARTESIAN_POINT ( 'NONE',  ( -34.26930478436324279, -8.382861937779054529, 37.32421286179702236 ) ) ;
#3309 = B_SPLINE_CURVE_WITH_KNOTS ( 'NONE', 3,
 ( #577, #365, #3158, #326 ),
 .UNSPECIFIED., .F., .F.,
 ( 4, 4 ),
 ( 0.000000000000000000, 0.06609349575927191134 ),
 .UNSPECIFIED. ) ;
#3310 = CARTESIAN_POINT ( 'NONE',  ( -75.82567212086004815, -10.10115544298955825, 94.42399657101886135 ) ) ;
#3311 = CARTESIAN_POINT ( 'NONE',  ( -74.20242041806548627, -12.50000000000000000, 88.20220219967229980 ) ) ;
#3312 = CARTESIAN_POINT ( 'NONE',  ( -84.45161798707749767, 12.49999999999799982, 76.51854801585790256 ) ) ;
#3313 = CARTESIAN_POINT ( 'NONE',  ( -6.326411828176123464, -7.455210119563992599, 42.62905517370575126 ) ) ;
#3314 = CARTESIAN_POINT ( 'NONE',  ( -37.63865265175880381, -12.50000000000000000, 73.71504912525729480 ) ) ;
#3315 = ORIENTED_EDGE ( 'NONE', *, *, #2960, .F. ) ;
#3316 = CARTESIAN_POINT ( 'NONE',  ( -5.754360833654099672, 4.500000000000000000, 63.00000000000000000 ) ) ;
#3317 = CARTESIAN_POINT ( 'NONE',  ( -66.75507977202499887, -4.500000000000000000, 95.76004056879159521 ) ) ;
#3318 = CARTESIAN_POINT ( 'NONE',  ( -85.46902818348598885, -12.49999999975819875, 71.90327185927569076 ) ) ;
#3319 = CARTESIAN_POINT ( 'NONE',  ( -74.69295945553946581, 12.11475792037469645, 91.07385628038647951 ) ) ;
#3320 = CARTESIAN_POINT ( 'NONE',  ( -27.12581340529570184, -12.50000000000000000, 39.03515575127679682 ) ) ;
#3321 = CARTESIAN_POINT ( 'NONE',  ( -85.72558881500069106, 12.49999999997669953, 72.23490530804470211 ) ) ;
#3322 = ORIENTED_EDGE ( 'NONE', *, *, #1674, .T. ) ;
#3323 = CARTESIAN_POINT ( 'NONE',  ( -39.68978558247690103, 12.50000000000000000, 75.24990095954829883 ) ) ;
#3324 = CARTESIAN_POINT ( 'NONE',  ( -85.55003437122229570, -12.50000000000000000, 71.99724448217138217 ) ) ;
#3325 = CARTESIAN_POINT ( 'NONE',  ( -92.75873645302341686, 12.50000000000000178, 68.40991147157910746 ) ) ;
#3326 = CARTESIAN_POINT ( 'NONE',  ( -37.21177528374430210, 12.50000000000000000, 55.06919392108979849 ) ) ;
#3327 = CLOSED_SHELL ( 'NONE', ( #940, #2926, #3348, #109, #237, #3214, #3770, #56, #460, #1350, #2171, #1649, #3269, #404, #2345, #1922, #1513, #84, #737, #3294, #2241, #1253, #2079, #705, #731, #1945, #2058, #1531, #3571, #3682, #357, #1042, #515, #789, #3163, #3975 ) ) ;
#3328 = CARTESIAN_POINT ( 'NONE',  ( -31.16230449722469942, -12.50000000000000000, 50.09885300591199808 ) ) ;
#3329 = AXIS2_PLACEMENT_3D ( 'NONE', #1287, #976, #2904 ) ;
#3330 = CARTESIAN_POINT ( 'NONE',  ( -27.23347247050040210, 12.50000000000000000, 37.24996135322840018 ) ) ;
#3331 = CARTESIAN_POINT ( 'NONE',  ( -34.50992601636360746, -7.883469469458564305, 37.45566554856436881 ) ) ;
#3332 = DIRECTION ( 'NONE',  ( -0.000000000000000000, 1.000000000000000000, 0.000000000000000000 ) ) ;
#3333 = CARTESIAN_POINT ( 'NONE',  ( -74.80761370871530858, -12.00201629354859456, 91.41258677612376005 ) ) ;
#3334 = CARTESIAN_POINT ( 'NONE',  ( -6.118988033273112137, 6.887698879982364630, 40.43389144477413311 ) ) ;
#3335 = CARTESIAN_POINT ( 'NONE',  ( -85.39070507457759618, 12.49999999998239986, 74.65481760681690560 ) ) ;
#3336 = CARTESIAN_POINT ( 'NONE',  ( -6.153166235923979599, -4.923473615701070116, 38.00000000000000000 ) ) ;
#3337 = CARTESIAN_POINT ( 'NONE',  ( -73.83688604734400940, 12.50000000000000000, 88.53673832600750870 ) ) ;
#3338 = FACE_OUTER_BOUND ( 'NONE', #417, .T. ) ;
#3339 = CARTESIAN_POINT ( 'NONE',  ( -84.97370795905230523, -12.50000000000000000, 71.41846122991809409 ) ) ;
#3340 = CARTESIAN_POINT ( 'NONE',  ( -27.18029891314710156, -12.50000000000000000, 37.81565613806659343 ) ) ;
#3341 = CARTESIAN_POINT ( 'NONE',  ( -85.78846010869700933, 12.49999999999140066, 73.44210388908850007 ) ) ;
#3342 = CARTESIAN_POINT ( 'NONE',  ( -84.46570791829530833, -12.49999999994249933, 71.01110871066970276 ) ) ;
#3343 = ORIENTED_EDGE ( 'NONE', *, *, #332, .T. ) ;
#3344 = CARTESIAN_POINT ( 'NONE',  ( -61.43658289105560044, 12.49999999999409894, 86.54084029651909304 ) ) ;
#3345 = CARTESIAN_POINT ( 'NONE',  ( -92.98875577672649229, 4.500000000000000000, 77.20032747334249734 ) ) ;
#3346 = CARTESIAN_POINT ( 'NONE',  ( -79.38599575679799614, 12.49999999999480060, 68.37777100510720629 ) ) ;
#3347 = FACE_OUTER_BOUND ( 'NONE', #2633, .T. ) ;
#3348 = ADVANCED_FACE ( 'NONE', ( #1329 ), #1812, .T. ) ;
#3349 = CARTESIAN_POINT ( 'NONE',  ( -33.37509242997759884, 12.50000000000000000, 52.33210390262880196 ) ) ;
#3350 = CARTESIAN_POINT ( 'NONE',  ( -35.14435648201776274, -5.517720273008382748, 37.92661081942844703 ) ) ;
#3351 = CARTESIAN_POINT ( 'NONE',  ( -77.32165927004059824, 12.50000000000000000, 88.79635982147699735 ) ) ;
#3352 = CARTESIAN_POINT ( 'NONE',  ( -75.78305617380408421, -10.22301461370082798, 94.29794444776544537 ) ) ;
#3353 = CARTESIAN_POINT ( 'NONE',  ( -79.13780887385429708, -12.49999999996230038, 83.33828840857010789 ) ) ;
#3354 = CARTESIAN_POINT ( 'NONE',  ( -21.37344577290300052, -12.50000000000000355, 71.89084449230330165 ) ) ;
#3355 = CARTESIAN_POINT ( 'NONE',  ( -6.327512933445341048, -6.464508511539942326, 42.01546048139846334 ) ) ;
#3356 = CARTESIAN_POINT ( 'NONE',  ( -31.88321293780859733, -12.50000000000000000, 69.46004456877089694 ) ) ;
#3357 = CARTESIAN_POINT ( 'NONE',  ( -33.99864305697060729, -8.874128132897411092, 36.91275821386449962 ) ) ;
#3358 = CARTESIAN_POINT ( 'NONE',  ( -77.12042060483580030, -12.50000000000000000, 88.78388677478049829 ) ) ;
#3359 = CARTESIAN_POINT ( 'NONE',  ( -85.77020372754820698, -12.49999999944270002, 72.30796894990390911 ) ) ;
#3360 = CARTESIAN_POINT ( 'NONE',  ( -73.88864872909579162, 12.49999999173290988, 88.69020320933380219 ) ) ;
#3361 = CARTESIAN_POINT ( 'NONE',  ( -27.54728459317980338, -12.49999999999639932, 42.95076799960509817 ) ) ;
#3362 = CARTESIAN_POINT ( 'NONE',  ( -85.82453226791810152, 12.49999999999979927, 73.26716645689430152 ) ) ;
#3363 = ORIENTED_EDGE ( 'NONE', *, *, #184, .F. ) ;
#3364 = CARTESIAN_POINT ( 'NONE',  ( -46.46578518331399721, 12.49999999988689936, 80.01564302646710303 ) ) ;
#3365 = CARTESIAN_POINT ( 'NONE',  ( -85.06117207886460108, 12.50000000000000000, 75.38927779229268822 ) ) ;
#3366 = CARTESIAN_POINT ( 'NONE',  ( -79.67547575185520259, 12.49999999999669953, 68.49455382897569677 ) ) ;
#3367 = CARTESIAN_POINT ( 'NONE',  ( -45.71062514640228613, -12.50000000000000355, 88.98532892137326655 ) ) ;
#3368 = EDGE_CURVE ( 'NONE', #2378, #3028, #85, .T. ) ;
#3369 = CARTESIAN_POINT ( 'NONE',  ( -67.29144905879230976, 4.500000000000000000, 56.49400999613630603 ) ) ;
#3370 = CARTESIAN_POINT ( 'NONE',  ( -27.64709971726090032, 4.632813184691689123, 37.30804917168629942 ) ) ;
#3371 = CARTESIAN_POINT ( 'NONE',  ( -35.19733470908217754, 4.907267527262551887, 37.98466099411073316 ) ) ;
#3372 = EDGE_LOOP ( 'NONE', ( #863, #3253, #2666, #2418 ) ) ;
#3373 = CARTESIAN_POINT ( 'NONE',  ( -33.13786870168404164, -9.990424040415462059, 36.89049603451287140 ) ) ;
#3374 = DIRECTION ( 'NONE',  ( 0.000000000000000000, 1.000000000000000000, 0.000000000000000000 ) ) ;
#3375 = CARTESIAN_POINT ( 'NONE',  ( -54.06596113368329526, -12.49999999999080025, 61.45960119323989801 ) ) ;
#3376 = CARTESIAN_POINT ( 'NONE',  ( -35.33560627658834363, -1.684929426225620475, 41.12256436212324218 ) ) ;
#3377 = CARTESIAN_POINT ( 'NONE',  ( -24.55403463204509862, -4.632813184691680242, 37.89251175334720045 ) ) ;
#3378 = CARTESIAN_POINT ( 'NONE',  ( -76.61933922723899570, 4.500000000000000000, 96.76816765603379622 ) ) ;
#3379 = CARTESIAN_POINT ( 'NONE',  ( -5.991592361226213193, -6.453208912813989784, 62.85247278309977048 ) ) ;
#3380 = FACE_OUTER_BOUND ( 'NONE', #1755, .T. ) ;
#3381 = CARTESIAN_POINT ( 'NONE',  ( -85.66964568513938616, -12.49999999986600052, 72.15272355169389584 ) ) ;
#3382 = CARTESIAN_POINT ( 'NONE',  ( -76.02715494497014959, 9.466731864509926098, 95.02041361426348942 ) ) ;
#3383 = CARTESIAN_POINT ( 'NONE',  ( -22.87262905705510008, -5.862361807952879644, 41.75000000000000000 ) ) ;
#3384 = CARTESIAN_POINT ( 'NONE',  ( -28.99070906258049263, 12.50000000000000355, 77.23309812428696830 ) ) ;
#3385 = CARTESIAN_POINT ( 'NONE',  ( -85.87494769328080224, 12.49999999996000000, 72.87609886755659261 ) ) ;
#3386 = ORIENTED_EDGE ( 'NONE', *, *, #1103, .T. ) ;
#3387 = ORIENTED_EDGE ( 'NONE', *, *, #2895, .T. ) ;
#3388 = CARTESIAN_POINT ( 'NONE',  ( -46.09957080624329961, 12.49999999991709920, 79.77926358743960122 ) ) ;
#3389 = CARTESIAN_POINT ( 'NONE',  ( -73.46183841640591083, 12.49999999998479971, 66.38992048999799067 ) ) ;
#3390 = CARTESIAN_POINT ( 'NONE',  ( -47.10317093393409493, 4.500000000000000000, 50.94405382484669786 ) ) ;
#3391 = AXIS2_PLACEMENT_3D ( 'NONE', #1805, #499, #3018 ) ;
#3392 = CARTESIAN_POINT ( 'NONE',  ( -27.18518908808979617, 12.50000000000000000, 37.75330281288059808 ) ) ;
#3393 = CARTESIAN_POINT ( 'NONE',  ( -34.96786555957741882, 6.518640842680006209, 37.76736831157921870 ) ) ;
#3394 = ORIENTED_EDGE ( 'NONE', *, *, #2468, .F. ) ;
#3395 = CARTESIAN_POINT ( 'NONE',  ( -6.129357677655195680, 6.920650367694351601, 40.51402836795461582 ) ) ;
#3396 = CARTESIAN_POINT ( 'NONE',  ( -50.23726797469890215, -12.49999999992330046, 60.38643456967010792 ) ) ;
#3397 = LINE ( 'NONE', #3745, #1343 ) ;
#3398 = CARTESIAN_POINT ( 'NONE',  ( -39.44846751427859743, -6.299999999999999822, 94.46046894677400019 ) ) ;
#3399 =( BOUNDED_SURFACE ( )  B_SPLINE_SURFACE ( 3, 2, ( 
 ( #234, #878, #3064 ),
 ( #2129, #504, #2394 ),
 ( #3023, #1466, #2705 ),
 ( #457, #3977, #3676 ) ),
 .UNSPECIFIED., .F., .F., .T. ) 
 B_SPLINE_SURFACE_WITH_KNOTS ( ( 4, 4 ),
 ( 3, 3 ),
 ( 1.138451474248500128, 1.416118606336829844 ),
 ( 0.000000000000000000, 1.000015693567700037 ),
 .UNSPECIFIED. ) 
 GEOMETRIC_REPRESENTATION_ITEM ( )  RATIONAL_B_SPLINE_SURFACE ( (
 ( 1.000000000000000000, 0.5503293447258750248, 1.000014113873739952),
 ( 1.000000000000000000, 0.5862519733154939461, 1.000012986365339973),
 ( 1.000000000000000000, 0.6209408162507349394, 1.000011897581930098),
 ( 1.000000000000000000, 0.6538429541345620599, 1.000010864878070116) ) ) 
 REPRESENTATION_ITEM ( '' )  SURFACE ( )  );
#3400 = CARTESIAN_POINT ( 'NONE',  ( -7.242675641354145100, 9.147423843835639445, 62.07699372039711250 ) ) ;
#3401 = EDGE_CURVE ( 'NONE', #528, #1964, #2256, .T. ) ;
#3402 = CARTESIAN_POINT ( 'NONE',  ( -85.30708459941500621, -12.50000000000620126, 71.73010507938290914 ) ) ;
#3403 = CARTESIAN_POINT ( 'NONE',  ( -34.83840514463869908, 7.019577199930319367, 37.10029354652129996 ) ) ;
#3404 = CARTESIAN_POINT ( 'NONE',  ( -27.19050672511789912, -12.50000000000000000, 37.68976838424990206 ) ) ;
#3405 = CARTESIAN_POINT ( 'NONE',  ( -85.72484479404269564, 12.49999999999969980, 73.69498951984060398 ) ) ;
#3406 = CARTESIAN_POINT ( 'NONE',  ( -83.82141124264350651, -12.49999999999939959, 70.56452328744110503 ) ) ;
#3407 = CARTESIAN_POINT ( 'NONE',  ( -79.62753203726479967, -12.49999999999639932, 68.47521224326149536 ) ) ;
#3408 = APPLICATION_CONTEXT ( 'automotive_design' ) ;
#3409 = CARTESIAN_POINT ( 'NONE',  ( -31.18719730659049816, 12.50000000000000000, 68.95822042723321488 ) ) ;
#3410 = CARTESIAN_POINT ( 'NONE',  ( -59.31026203842750277, 12.49999999999899991, 62.78948118087000552 ) ) ;
#3411 = FACE_OUTER_BOUND ( 'NONE', #3093, .T. ) ;
#3412 = CARTESIAN_POINT ( 'NONE',  ( -49.92999819192409916, -4.500000000000000000, 91.06763773861919731 ) ) ;
#3413 = CARTESIAN_POINT ( 'NONE',  ( -58.23931677698720222, -4.500000000000000000, 54.28325838891760213 ) ) ;
#3414 = CARTESIAN_POINT ( 'NONE',  ( -34.60667958220500395, 12.50000000000000000, 53.33254248561190280 ) ) ;
#3415 = CARTESIAN_POINT ( 'NONE',  ( -27.14877473775819894, 12.50000000000000000, 40.09148940295120411 ) ) ;
#3416 = CARTESIAN_POINT ( 'NONE',  ( -76.91919282663440072, 12.50000000000000000, 88.77131160987980252 ) ) ;
#3417 = ORIENTED_EDGE ( 'NONE', *, *, #1832, .F. ) ;
#3418 = CARTESIAN_POINT ( 'NONE',  ( -74.42648479458794952, -12.31945989724605184, 90.28409350425016555 ) ) ;
#3419 = CARTESIAN_POINT ( 'NONE',  ( -81.84967925625490182, -12.49999999999919886, 80.22339469749350371 ) ) ;
#3420 = CARTESIAN_POINT ( 'NONE',  ( -13.52832789054009410, -12.50000000000000178, 67.10643082012435912 ) ) ;
#3421 = CARTESIAN_POINT ( 'NONE',  ( -37.74734666706739716, -1.064782361785837406, 45.43257564174891883 ) ) ;
#3422 = CARTESIAN_POINT ( 'NONE',  ( -34.01515240909230187, 8.850393951261770198, 36.91927260808139266 ) ) ;
#3423 = DIRECTION ( 'NONE',  ( 0.000000000000000000, 0.000000000000000000, -1.000000000000000000 ) ) ;
#3424 = CARTESIAN_POINT ( 'NONE',  ( -7.568815856439512046, 9.580101410012554553, 61.87560850203495733 ) ) ;
#3425 = CARTESIAN_POINT ( 'NONE',  ( -7.147690291161979737, -5.862361808271409735, 41.74999999989650235 ) ) ;
#3426 = CARTESIAN_POINT ( 'NONE',  ( -27.86043983705519977, 4.632813184691680242, 37.25894899533159332 ) ) ;
#3427 = EDGE_CURVE ( 'NONE', #3628, #988, #884, .T. ) ;
#3428 =( BOUNDED_CURVE ( )  B_SPLINE_CURVE ( 3, ( #1722, #3080, #1147, #2370 ),
 .UNSPECIFIED., .F., .T. ) 
 B_SPLINE_CURVE_WITH_KNOTS ( ( 4, 4 ),
 ( 0.000000000000000000, 3.141592653589793116 ),
 .UNSPECIFIED. ) 
 CURVE ( )  GEOMETRIC_REPRESENTATION_ITEM ( )  RATIONAL_B_SPLINE_CURVE ( ( 1.000000000000000000, 0.3333333333333333703, 0.3333333333333333703, 1.000000000000000000 ) ) 
 REPRESENTATION_ITEM ( '' )  );
#3429 = DIRECTION ( 'NONE',  ( 0.7261801802967918773, -0.2124505535836479775, 0.6538555712281730603 ) ) ;
#3430 = CARTESIAN_POINT ( 'NONE',  ( -73.96209111252080959, 12.49999999998259881, 66.53703141338159810 ) ) ;
#3431 = CARTESIAN_POINT ( 'NONE',  ( -52.49157727543369845, -4.500000000000000000, 52.72419370276619333 ) ) ;
#3432 = LINE ( 'NONE', #534, #1489 ) ;
#3433 = ORIENTED_EDGE ( 'NONE', *, *, #3475, .T. ) ;
#3434 = CARTESIAN_POINT ( 'NONE',  ( 0.000000000000000000, 0.000000000000000000, 0.000000000000000000 ) ) ;
#3435 = CARTESIAN_POINT ( 'NONE',  ( -84.63919768115920306, -12.50000000000020073, 76.19103059901320307 ) ) ;
#3436 = CARTESIAN_POINT ( 'NONE',  ( -11.51894288516430009, -4.500000000000000000, 65.98589240764479769 ) ) ;
#3437 = CARTESIAN_POINT ( 'NONE',  ( -78.28550020119649844, 12.49999999999019984, 84.23412420449868421 ) ) ;
#3438 = CARTESIAN_POINT ( 'NONE',  ( -26.01516864122690009, 4.632813184691689123, 37.68453841074320110 ) ) ;
#3439 = SURFACE_STYLE_USAGE ( .BOTH. , #3713 ) ;
#3440 = CARTESIAN_POINT ( 'NONE',  ( -6.323166019661145221, 7.269780282047774378, 42.38340307421996300 ) ) ;
#3441 = CARTESIAN_POINT ( 'NONE',  ( -6.991758654773798654, -8.777859555735133767, 62.23219597156740690 ) ) ;
#3442 = CARTESIAN_POINT ( 'NONE',  ( -6.192875573048077342, 7.116149605097322528, 62.72735862627999381 ) ) ;
#3443 = CARTESIAN_POINT ( 'NONE',  ( -31.77685455632699885, 11.15152969777857805, 36.70378056500042874 ) ) ;
#3444 = CARTESIAN_POINT ( 'NONE',  ( -76.18407688983120352, 8.808633005799466176, 95.48363255591529253 ) ) ;
#3445 = CARTESIAN_POINT ( 'NONE',  ( -84.44890288667700418, 12.50000000000000000, 76.52878656079739983 ) ) ;
#3446 = CARTESIAN_POINT ( 'NONE',  ( -85.65749245363089415, -12.49999999998759925, 73.92279257200199538 ) ) ;
#3447 = CARTESIAN_POINT ( 'NONE',  ( -21.66085814816199928, 12.49999999779929993, 62.62571432034469154 ) ) ;
#3448 = CARTESIAN_POINT ( 'NONE',  ( -93.33642296708288200, -4.500000000000000000, 69.64610966217351518 ) ) ;
#3449 = CARTESIAN_POINT ( 'NONE',  ( -80.59011554858359716, 12.49999999999960032, 68.87755285085989954 ) ) ;
#3450 = EDGE_CURVE ( 'NONE', #3069, #2038, #3655, .T. ) ;
#3451 = CARTESIAN_POINT ( 'NONE',  ( -81.06819679916760890, 12.50000000000000000, 69.08787880050419972 ) ) ;
#3452 = CARTESIAN_POINT ( 'NONE',  ( -27.15873497182730034, 12.50000000000000000, 40.26912983012239522 ) ) ;
#3453 = CARTESIAN_POINT ( 'NONE',  ( -84.77884027804630307, -12.49999999999609912, 75.93532432983080582 ) ) ;
#3454 = CARTESIAN_POINT ( 'NONE',  ( -63.32889022816340230, 12.49999999999799982, 86.98614596669939658 ) ) ;
#3455 = CARTESIAN_POINT ( 'NONE',  ( -37.45330217907805803, -1.381458940409366010, 45.11261558482569711 ) ) ;
#3456 = CARTESIAN_POINT ( 'NONE',  ( -35.14767110045419685, 5.632896208979469854, 36.91927260808139266 ) ) ;
#3457 = CARTESIAN_POINT ( 'NONE',  ( -6.588089916585558647, 6.255514936892343059, 41.82389608173158280 ) ) ;
#3458 = B_SPLINE_CURVE_WITH_KNOTS ( 'NONE', 3,
 ( #2476, #600, #620, #3149, #315, #2825 ),
 .UNSPECIFIED., .F., .F.,
 ( 4, 2, 4 ),
 ( -0.02720703472093500067, -0.01357875290330739886, -3.357231759867213006E-06 ),
 .UNSPECIFIED. ) ;
#3459 = CARTESIAN_POINT ( 'NONE',  ( -44.34783129245889910, -12.49999999998179945, 58.43081425435079979 ) ) ;
#3460 = CIRCLE ( 'NONE', #1668, 8.000000000000000000 ) ;
#3461 = CARTESIAN_POINT ( 'NONE',  ( -6.403125426332954895, 7.656195652583707378, 62.59692212289998281 ) ) ;
#3462 = CARTESIAN_POINT ( 'NONE',  ( -33.22067500747250079, 9.898537918503945932, 36.91272023368521360 ) ) ;
#3463 = CARTESIAN_POINT ( 'NONE',  ( -88.65947154653623841, -12.50000000000000355, 84.51203201645456886 ) ) ;
#3464 = CARTESIAN_POINT ( 'NONE',  ( -76.34655105155661659, 7.959649106495193749, 95.96286761983029123 ) ) ;
#3465 = CARTESIAN_POINT ( 'NONE',  ( -5.754360833654099672, 4.500000000000000000, 42.75000000000000000 ) ) ;
#3466 = CARTESIAN_POINT ( 'NONE',  ( -92.24830839618869049, 12.50000000000000355, 78.90500089639461123 ) ) ;
#3467 = CARTESIAN_POINT ( 'NONE',  ( -85.65320760022959234, -12.49999999998470024, 73.93645824441169623 ) ) ;
#3468 = LINE ( 'NONE', #2767, #1998 ) ;
#3469 = CARTESIAN_POINT ( 'NONE',  ( -85.86574992902059478, -12.50000000000000000, 72.55657634434159320 ) ) ;
#3470 = CARTESIAN_POINT ( 'NONE',  ( -81.77419651496569486, 12.49999999996320099, 69.42403346916189832 ) ) ;
#3471 = CARTESIAN_POINT ( 'NONE',  ( -52.67511059755139513, -12.49999999195790146, 83.46551758886521100 ) ) ;
#3472 = CARTESIAN_POINT ( 'NONE',  ( -84.37687223580105922, 12.50000000000000178, 61.80324109937128441 ) ) ;
#3473 = CARTESIAN_POINT ( 'NONE',  ( -29.65529162532769902, 12.49999999999629985, 48.00316078772350181 ) ) ;
#3474 = DIRECTION ( 'NONE',  ( 0.3090169943749506154, 0.000000000000000000, 0.9510565162951525320 ) ) ;
#3475 = EDGE_CURVE ( 'NONE', #568, #2984, #3397, .T. ) ;
#3476 = CARTESIAN_POINT ( 'NONE',  ( -85.09347088497970901, -12.49999999998829914, 75.31887111563210624 ) ) ;
#3477 = CARTESIAN_POINT ( 'NONE',  ( -27.39266819141479914, 12.50000000000000000, 35.93061892411580516 ) ) ;
#3478 = CARTESIAN_POINT ( 'NONE',  ( -6.450107977427781414, 6.449575582124904116, 41.91817077948907411 ) ) ;
#3479 = CARTESIAN_POINT ( 'NONE',  ( -11.06951974381819070, -12.03911401073324328, 59.73123399136031964 ) ) ;
#3480 = CARTESIAN_POINT ( 'NONE',  ( -45.96375896991519738, -12.49999999991960031, 59.02068540765550608 ) ) ;
#3481 = CARTESIAN_POINT ( 'NONE',  ( -6.063072920527435627, 6.718744764982804263, 62.80796697671206630 ) ) ;
#3482 = CARTESIAN_POINT ( 'NONE',  ( -63.20563795538709684, -12.49999999999859845, 86.95894067117069426 ) ) ;
#3483 = CARTESIAN_POINT ( 'NONE',  ( -73.43725522572950126, -12.50000000000000000, 88.90219378407169870 ) ) ;
#3484 = CARTESIAN_POINT ( 'NONE',  ( -84.88575969893179263, 12.50000000000000000, 75.73647089353559636 ) ) ;
#3485 = CARTESIAN_POINT ( 'NONE',  ( -83.78527282687070965, -12.49999999999930012, 70.54109654262329343 ) ) ;
#3486 = CARTESIAN_POINT ( 'NONE',  ( -85.86928941585081532, -12.49999999998100009, 72.58121947583059352 ) ) ;
#3487 = CARTESIAN_POINT ( 'NONE',  ( -51.76747827293030468, -12.49999999375079973, 83.02793268846821206 ) ) ;
#3488 = CARTESIAN_POINT ( 'NONE',  ( -16.06652953492449498, 12.49999999999949907, 59.36194247589939721 ) ) ;
#3489 = CARTESIAN_POINT ( 'NONE',  ( -85.10657581137471084, 12.49999999999850075, 71.53737438152479911 ) ) ;
#3490 = CARTESIAN_POINT ( 'NONE',  ( -60.11694480113322214, -12.50000000000000178, 94.45962370331766067 ) ) ;
#3491 = CARTESIAN_POINT ( 'NONE',  ( -90.43598245994847673, 12.50000000000000355, 65.56792655250650625 ) ) ;
#3492 = CARTESIAN_POINT ( 'NONE',  ( -32.13434406482789996, 12.50000000000000000, 51.13641492583870019 ) ) ;
#3493 = CARTESIAN_POINT ( 'NONE',  ( -6.754360833654099672, 4.500000000000000000, 41.75000000000000000 ) ) ;
#3494 = CARTESIAN_POINT ( 'NONE',  ( -85.27991091933500911, -12.49999999999949907, 74.91642210239659505 ) ) ;
#3495 = CARTESIAN_POINT ( 'NONE',  ( -63.24434030385648953, 12.49999999999839950, 86.96748984018979911 ) ) ;
#3496 = CARTESIAN_POINT ( 'NONE',  ( -27.26863647344029928, -12.50000000000000000, 36.95090500070860173 ) ) ;
#3497 = CARTESIAN_POINT ( 'NONE',  ( -21.83722406390289805, 4.650802484893110211, 38.00000000000000000 ) ) ;
#3498 = CARTESIAN_POINT ( 'NONE',  ( -6.754360833654099672, -5.862361807952879644, 42.75000000000000000 ) ) ;
#3499 = CARTESIAN_POINT ( 'NONE',  ( -8.256328064603927430, -10.31136151760763120, 61.45183941467651323 ) ) ;
#3500 = CARTESIAN_POINT ( 'NONE',  ( -49.10630965622770816, -12.49999999981050003, 60.04992180625279730 ) ) ;
#3501 = CARTESIAN_POINT ( 'NONE',  ( -12.84652011949999384, 12.46835503036880155, 58.65498621781430444 ) ) ;
#3502 = LINE ( 'NONE', #3764, #2254 ) ;
#3503 = CARTESIAN_POINT ( 'NONE',  ( -77.29536123385449287, -12.49999999999880096, 67.60484130829729565 ) ) ;
#3504 = CARTESIAN_POINT ( 'NONE',  ( -76.61209958586061930, -12.50000000000000355, 96.77448257329569969 ) ) ;
#3505 = CARTESIAN_POINT ( 'NONE',  ( -77.99072067542945774, 12.50000000000000355, 95.56337595829751308 ) ) ;
#3506 = CARTESIAN_POINT ( 'NONE',  ( -85.86694535628299718, -12.49999999997839950, 72.56478502731961555 ) ) ;
#3507 = CARTESIAN_POINT ( 'NONE',  ( -28.63399722222060007, -12.49999999999910116, 46.11827586982830240 ) ) ;
#3508 = CARTESIAN_POINT ( 'NONE',  ( -93.87581587652529436, -4.500000000000000000, 73.08264399033379277 ) ) ;
#3509 = CARTESIAN_POINT ( 'NONE',  ( -84.67335783146739914, 12.49999999996639843, 71.16901083171960352 ) ) ;
#3510 = CARTESIAN_POINT ( 'NONE',  ( -82.61841185419208955, -12.50000000000000178, 61.05219154172180396 ) ) ;
#3511 = CARTESIAN_POINT ( 'NONE',  ( -85.46471369445380617, 12.50000000000000000, 71.89714006449510464 ) ) ;
#3512 = CARTESIAN_POINT ( 'NONE',  ( -29.55301462591310013, 12.50000000000210143, 47.83985202831100025 ) ) ;
#3513 = DIRECTION ( 'NONE',  ( 0.9510565162951517548, -0.000000000000000000, -0.3090169943749529469 ) ) ;
#3514 = CARTESIAN_POINT ( 'NONE',  ( -35.12880047042280296, -4.500000000000000000, 38.86078304395839922 ) ) ;
#3515 = CARTESIAN_POINT ( 'NONE',  ( -35.19948856471220466, 12.50000000000000178, 38.00419160417391140 ) ) ;
#3516 = CARTESIAN_POINT ( 'NONE',  ( -39.05660555415089874, -12.49999999984829913, 56.09848613897229797 ) ) ;
#3517 = CARTESIAN_POINT ( 'NONE',  ( -10.34590651094323022, 11.73878105910830350, 60.17203860634744927 ) ) ;
#3518 = CARTESIAN_POINT ( 'NONE',  ( -31.19775063790121550, 11.50866726017260078, 36.70323805496013136 ) ) ;
#3519 = CARTESIAN_POINT ( 'NONE',  ( -65.01993542078881205, -12.50000000000000000, 64.17725059740909899 ) ) ;
#3520 = CARTESIAN_POINT ( 'NONE',  ( -60.66258431801630024, -12.49999999999930012, 86.33875006798170659 ) ) ;
#3521 = CARTESIAN_POINT ( 'NONE',  ( -77.99072910157127581, -12.50000000000000178, 95.56336846998493684 ) ) ;
#3522 = FACE_OUTER_BOUND ( 'NONE', #1822, .T. ) ;
#3523 = CARTESIAN_POINT ( 'NONE',  ( -81.02052771535299769, 4.500000000000000000, 92.78490549848180535 ) ) ;
#3524 = EDGE_CURVE ( 'NONE', #2907, #3741, #1437, .T. ) ;
#3525 = ORIENTED_EDGE ( 'NONE', *, *, #2518, .T. ) ;
#3526 = CARTESIAN_POINT ( 'NONE',  ( -85.67474217373779766, -12.49999999999930012, 73.86763639182349550 ) ) ;
#3527 = VECTOR ( 'NONE', #3219, 1000.000000000000000 ) ;
#3528 = CARTESIAN_POINT ( 'NONE',  ( -30.50148351583429829, -12.49999999998859934, 49.24131011907159916 ) ) ;
#3529 = CARTESIAN_POINT ( 'NONE',  ( -85.26096491668209865, 12.50000000000000000, 71.68403795851209281 ) ) ;
#3530 = ORIENTED_EDGE ( 'NONE', *, *, #1076, .F. ) ;
#3531 =( BOUNDED_CURVE ( )  B_SPLINE_CURVE ( 3, ( #2324, #851, #537, #3969 ),
 .UNSPECIFIED., .F., .T. ) 
 B_SPLINE_CURVE_WITH_KNOTS ( ( 4, 4 ),
 ( 4.375568047088748358, 4.555319731525532490 ),
 .UNSPECIFIED. ) 
 CURVE ( )  GEOMETRIC_REPRESENTATION_ITEM ( )  RATIONAL_B_SPLINE_CURVE ( ( 1.000000000000000000, 0.9973092563045768966, 0.9973092563045768966, 1.000000000000000000 ) ) 
 REPRESENTATION_ITEM ( '' )  );
#3532 = CARTESIAN_POINT ( 'NONE',  ( -80.82899561668709509, -12.50000000000120082, 68.98264000064079937 ) ) ;
#3533 = CARTESIAN_POINT ( 'NONE',  ( -73.83688604734400940, 12.50000000000000000, 88.53673832600750870 ) ) ;
#3534 = CARTESIAN_POINT ( 'NONE',  ( -87.16738737420394045, 12.50000000000000178, 63.23305493895347951 ) ) ;
#3535 = CARTESIAN_POINT ( 'NONE',  ( -30.42443421455329755, 12.49999999999599964, 49.13793126147259471 ) ) ;
#3536 = CARTESIAN_POINT ( 'NONE',  ( -35.20000000000000284, 4.500000000000000000, 37.99999952623650046 ) ) ;
#3537 = CARTESIAN_POINT ( 'NONE',  ( -6.484523581325493780, 12.50000000000000355, 63.36175080416149541 ) ) ;
#3538 = CARTESIAN_POINT ( 'NONE',  ( -65.56433536768520298, 12.50000000000000000, 87.45002697729040619 ) ) ;
#3539 = CARTESIAN_POINT ( 'NONE',  ( -30.65282892664347614, -11.77268509700505561, 36.74580569090205984 ) ) ;
#3540 = CARTESIAN_POINT ( 'NONE',  ( -59.30994721597269859, -12.49999999999899991, 62.78940394603370123 ) ) ;
#3541 = CARTESIAN_POINT ( 'NONE',  ( -6.392082245492839654, -7.629992613045430083, 42.74999857402559655 ) ) ;
#3542 = PLANE ( 'NONE',  #2845 ) ;
#3543 = CARTESIAN_POINT ( 'NONE',  ( -35.20000000093090620, -4.567219663268769381, 37.99780313149559419 ) ) ;
#3544 = CARTESIAN_POINT ( 'NONE',  ( -76.17738877632719152, 4.500000000000000000, 97.15209390273339807 ) ) ;
#3545 = ORIENTED_EDGE ( 'NONE', *, *, #1760, .F. ) ;
#3546 = EDGE_CURVE ( 'NONE', #3825, #3586, #3007, .T. ) ;
#3547 = CARTESIAN_POINT ( 'NONE',  ( -32.13410771452669934, -12.50000000000000000, 51.13617117589300420 ) ) ;
#3548 = CARTESIAN_POINT ( 'NONE',  ( -93.62931780856320074, -4.500000000000000000, 75.04803066428510760 ) ) ;
#3549 = CARTESIAN_POINT ( 'NONE',  ( -85.77458298873449394, 12.49999999927359973, 72.31564872904370134 ) ) ;
#3550 = CARTESIAN_POINT ( 'NONE',  ( -89.24256403125109216, -4.500000000000000000, 64.58838971484018998 ) ) ;
#3551 = CARTESIAN_POINT ( 'NONE',  ( -93.88036328814790465, 4.500000000000000000, 72.73580603954660262 ) ) ;
#3552 = CARTESIAN_POINT ( 'NONE',  ( -29.26349347529449929, 12.49999999999939959, 47.34550850185240023 ) ) ;
#3553 = CARTESIAN_POINT ( 'NONE',  ( -37.90684249869460132, -4.500000000000000000, 45.61346641961609549 ) ) ;
#3554 = CARTESIAN_POINT ( 'NONE',  ( -35.24254869795401390, 12.50000000000000355, 37.64998876519083382 ) ) ;
#3555 = CARTESIAN_POINT ( 'NONE',  ( -8.219481030985534176, -10.27642692181965778, 61.47451377869506928 ) ) ;
#3556 = CARTESIAN_POINT ( 'NONE',  ( -73.25301720009622386, 12.50000000000000355, 96.51867790502186040 ) ) ;
#3557 = CARTESIAN_POINT ( 'NONE',  ( -35.20000000000000284, -6.299999999999999822, 38.00000000000000000 ) ) ;
#3558 = CARTESIAN_POINT ( 'NONE',  ( -61.41570707754220138, -12.49999999999910116, 63.30245487646921276 ) ) ;
#3559 = CARTESIAN_POINT ( 'NONE',  ( -9.466234237762240156, -12.50000000000000000, 55.91056659366540060 ) ) ;
#3560 = CARTESIAN_POINT ( 'NONE',  ( -80.02458864603750044, 12.49999999999119993, 82.36674055675618433 ) ) ;
#3561 = CYLINDRICAL_SURFACE ( 'NONE', #4042, 2.200000000000000178 ) ;
#3562 = PLANE ( 'NONE',  #3730 ) ;
#3563 = CARTESIAN_POINT ( 'NONE',  ( -29.30289327495979634, -12.49999999999969980, 47.41489978812310113 ) ) ;
#3564 = CARTESIAN_POINT ( 'NONE',  ( -85.50330422208649850, -12.50000000000000000, 74.37351506805741508 ) ) ;
#3565 = CARTESIAN_POINT ( 'NONE',  ( -85.84676138976051618, 12.49999999858439992, 72.47609756783029411 ) ) ;
#3566 = EDGE_LOOP ( 'NONE', ( #1662, #508 ) ) ;
#3567 = CARTESIAN_POINT ( 'NONE',  ( -81.08475498386771108, -12.49999999998810019, 69.09899000019080972 ) ) ;
#3568 = CARTESIAN_POINT ( 'NONE',  ( -22.87262905705510008, 6.000000000000000000, 41.75000000000000000 ) ) ;
#3569 = CARTESIAN_POINT ( 'NONE',  ( -85.82128704118109397, 12.50000000000000000, 72.40742051664550161 ) ) ;
#3570 = CARTESIAN_POINT ( 'NONE',  ( -55.70779782115790368, 12.49999999990870059, 61.88680930887419862 ) ) ;
#3571 = ADVANCED_FACE ( 'NONE', ( #232 ), #3832, .T. ) ;
#3572 = CARTESIAN_POINT ( 'NONE',  ( -44.60185994026447531, -12.50000000000000178, 49.92452384460040093 ) ) ;
#3573 = CARTESIAN_POINT ( 'NONE',  ( -27.25426771819850202, 12.50000000000000000, 37.06928110438229851 ) ) ;
#3574 = CARTESIAN_POINT ( 'NONE',  ( -5.340177779904600186, 4.500000000000000000, 62.79599731245210137 ) ) ;
#3575 = CARTESIAN_POINT ( 'NONE',  ( -34.21664964619713345, -8.481386794581494470, 37.29856193515635709 ) ) ;
#3576 = CARTESIAN_POINT ( 'NONE',  ( -75.71706221516026858, 12.50000000000000355, 96.70948998569375021 ) ) ;
#3577 = VERTEX_POINT ( 'NONE', #3822 ) ;
#3578 = CARTESIAN_POINT ( 'NONE',  ( -30.87286359569273841, -11.66889472665545746, 36.72701562082942672 ) ) ;
#3579 = DIRECTION ( 'NONE',  ( 0.000000000000000000, 0.000000000000000000, -1.000000000000000000 ) ) ;
#3580 = CARTESIAN_POINT ( 'NONE',  ( -71.90746644715649438, -12.49999999999960032, 65.94852997484429125 ) ) ;
#3581 = CARTESIAN_POINT ( 'NONE',  ( -54.70039043822309566, -12.50000000046549964, 84.35409895372589517 ) ) ;
#3582 = CARTESIAN_POINT ( 'NONE',  ( -10.05663034903970043, -12.50000000000000000, 56.20352199949790162 ) ) ;
#3583 = CARTESIAN_POINT ( 'NONE',  ( -82.79968444921439641, 12.49999999999969980, 78.99459057835450437 ) ) ;
#3584 = CARTESIAN_POINT ( 'NONE',  ( -6.277638196425631811, -6.653923020888599105, 42.12519346096264172 ) ) ;
#3585 = DIRECTION ( 'NONE',  ( 0.000000000000000000, 0.000000000000000000, -1.000000000000000000 ) ) ;
#3586 = VERTEX_POINT ( 'NONE', #2566 ) ;
#3587 = PLANE ( 'NONE',  #3667 ) ;
#3588 = EDGE_LOOP ( 'NONE', ( #2313, #90, #2540, #239, #399 ) ) ;
#3589 = CARTESIAN_POINT ( 'NONE',  ( -28.04870445691449987, -12.49999999999930012, 44.67486230220480081 ) ) ;
#3590 = CIRCLE ( 'NONE', #819, 1.000000000000000888 ) ;
#3591 = CARTESIAN_POINT ( 'NONE',  ( -85.48581816421840074, 12.49999999968370012, 71.92244872678250545 ) ) ;
#3592 = VECTOR ( 'NONE', #1255, 1000.000000000000114 ) ;
#3593 = CARTESIAN_POINT ( 'NONE',  ( -73.47490228948019819, 12.50000000000000000, 88.50442813768290762 ) ) ;
#3594 = CARTESIAN_POINT ( 'NONE',  ( -85.83389298143920598, 12.50000000000000000, 73.21826641025809579 ) ) ;
#3595 = CARTESIAN_POINT ( 'NONE',  ( -42.84898519364219993, 12.50000000000000000, 57.84225235753730487 ) ) ;
#3596 = CARTESIAN_POINT ( 'NONE',  ( -36.12389692924858764, -12.50000000000000178, 82.57787135891199171 ) ) ;
#3597 = CARTESIAN_POINT ( 'NONE',  ( -37.27396711826953890, -12.50000000000000178, 44.92277582449523265 ) ) ;
#3598 = EDGE_CURVE ( 'NONE', #2439, #3055, #3665, .T. ) ;
#3599 = CARTESIAN_POINT ( 'NONE',  ( -35.14671776247960366, 4.500000000000000000, 38.54761981129990289 ) ) ;
#3600 = CARTESIAN_POINT ( 'NONE',  ( -35.19880095755399907, -4.738591880950624002, 37.99021006462734817 ) ) ;
#3601 = CARTESIAN_POINT ( 'NONE',  ( -41.82366869314730451, 12.50000000000000355, 86.57868704730594800 ) ) ;
#3602 = CARTESIAN_POINT ( 'NONE',  ( -76.40804057588971432, -7.562647013669430152, 96.14434316075488596 ) ) ;
#3603 = CARTESIAN_POINT ( 'NONE',  ( -83.83572440536070758, 12.49999999995899991, 77.51436730811740006 ) ) ;
#3604 = CARTESIAN_POINT ( 'NONE',  ( -6.479451931043685775, -6.187839701596335118, 41.86632950086313798 ) ) ;
#3605 = CARTESIAN_POINT ( 'NONE',  ( -133.2849194736390075, -4.499999999999999112, 47.54227933264109396 ) ) ;
#3606 = ORIENTED_EDGE ( 'NONE', *, *, #301, .T. ) ;
#3607 = CARTESIAN_POINT ( 'NONE',  ( -34.40854006436540402, -8.179729648874857872, 36.91275821386449962 ) ) ;
#3608 = ORIENTED_EDGE ( 'NONE', *, *, #2372, .F. ) ;
#3609 = CARTESIAN_POINT ( 'NONE',  ( -85.85558444592709293, -12.49999999958479968, 72.50790508935439505 ) ) ;
#3610 = CARTESIAN_POINT ( 'NONE',  ( -75.60240891148170306, 10.68963600847537343, 93.76407162357806158 ) ) ;
#3611 = CARTESIAN_POINT ( 'NONE',  ( -27.82484314210050158, -12.49999999999710099, 43.98872713361939901 ) ) ;
#3612 = CARTESIAN_POINT ( 'NONE',  ( -90.34718800800287397, -12.50000000000000178, 82.17740357845143251 ) ) ;
#3613 = CARTESIAN_POINT ( 'NONE',  ( -85.73451098817321281, 12.49999999996550137, 72.24872676281090378 ) ) ;
#3614 = ORIENTED_EDGE ( 'NONE', *, *, #2773, .T. ) ;
#3615 = CARTESIAN_POINT ( 'NONE',  ( -56.19832447219440041, 12.49999999995029931, 84.92789798486138864 ) ) ;
#3616 = CARTESIAN_POINT ( 'NONE',  ( -85.67068151134679965, 12.50000000000000000, 72.15307290636330606 ) ) ;
#3617 = CARTESIAN_POINT ( 'NONE',  ( -40.73123319686659727, 12.49999999995280042, 56.92074050532649920 ) ) ;
#3618 = CARTESIAN_POINT ( 'NONE',  ( -63.24434030385648953, -12.49999999999839950, 86.96748984018969963 ) ) ;
#3619 = CARTESIAN_POINT ( 'NONE',  ( -29.21464101491120147, -12.50000000000000000, 47.28738139830430498 ) ) ;
#3620 = CARTESIAN_POINT ( 'NONE',  ( -35.17276160966689957, 12.50000000000000178, 38.24745022262268890 ) ) ;
#3621 = CARTESIAN_POINT ( 'NONE',  ( -35.09950083326221204, -5.846328661879431898, 37.88215014685898296 ) ) ;
#3622 = CARTESIAN_POINT ( 'NONE',  ( -56.18970822054850345, 12.50000000000000000, 84.94638951563909757 ) ) ;
#3623 = CARTESIAN_POINT ( 'NONE',  ( -76.61933836240454809, -5.030631766091732793, 96.76816670594854486 ) ) ;
#3624 = CARTESIAN_POINT ( 'NONE',  ( -80.30539755379089684, -12.50000000000650147, 82.05353437369339531 ) ) ;
#3625 = CARTESIAN_POINT ( 'NONE',  ( -7.604270513417853650, -12.50000000000000355, 63.92544253478146743 ) ) ;
#3626 = CARTESIAN_POINT ( 'NONE',  ( -83.64532001095550129, 12.49999999998259881, 77.79934125566990133 ) ) ;
#3627 = CARTESIAN_POINT ( 'NONE',  ( -35.20000000000000284, 4.600780098834789555, 38.00000000000000000 ) ) ;
#3628 = VERTEX_POINT ( 'NONE', #3541 ) ;
#3629 = CARTESIAN_POINT ( 'NONE',  ( -34.85598562684590007, -7.038953783496729955, 38.00539841999069779 ) ) ;
#3630 = CARTESIAN_POINT ( 'NONE',  ( -75.71706221516031121, -12.50000000000000178, 96.70948998569389232 ) ) ;
#3631 = CARTESIAN_POINT ( 'NONE',  ( -85.82096563758139496, -12.49999999687929986, 72.40737641294791160 ) ) ;
#3632 = CARTESIAN_POINT ( 'NONE',  ( -74.33309507749163458, 12.37259939151359056, 90.00731021381731978 ) ) ;
#3633 = CARTESIAN_POINT ( 'NONE',  ( -27.32911413939699941, -12.50000000000000000, 41.81943413999789527 ) ) ;
#3634 = CARTESIAN_POINT ( 'NONE',  ( -85.75178726459849088, 12.49999999984659915, 72.27675038614769676 ) ) ;
#3635 = CARTESIAN_POINT ( 'NONE',  ( -48.98551719594370013, -12.49999999994430055, 81.54787616065100053 ) ) ;
#3636 = VERTEX_POINT ( 'NONE', #2952 ) ;
#3637 = CARTESIAN_POINT ( 'NONE',  ( -45.66696040711129712, -12.49999999995450040, 79.49462992906509839 ) ) ;
#3638 = CARTESIAN_POINT ( 'NONE',  ( -45.73501164841590594, 12.49999999994859934, 79.53940387303009629 ) ) ;
#3639 = CARTESIAN_POINT ( 'NONE',  ( -84.14878234460149997, -12.50000000000000000, 70.78109936550509929 ) ) ;
#3640 = CARTESIAN_POINT ( 'NONE',  ( -93.87579026064516086, 12.50000000000000178, 73.08335120291491194 ) ) ;
#3641 = CARTESIAN_POINT ( 'NONE',  ( -39.60764520065419703, 12.49999999965640107, 56.38506371700309927 ) ) ;
#3642 = CARTESIAN_POINT ( 'NONE',  ( -42.70133155454080764, -4.500000000000000000, 48.99940466056059307 ) ) ;
#3643 = CARTESIAN_POINT ( 'NONE',  ( -27.13153695823439904, 12.50000000000000000, 38.57251149891980191 ) ) ;
#3644 = CARTESIAN_POINT ( 'NONE',  ( -34.28601101810410512, -8.350972585547454585, 37.33245367993079356 ) ) ;
#3645 = CARTESIAN_POINT ( 'NONE',  ( -76.62713213188629879, 4.500000000000000000, 96.76866509401959604 ) ) ;
#3646 = CARTESIAN_POINT ( 'NONE',  ( -75.89953707513068082, -9.876233745168381262, 94.64263066547113112 ) ) ;
#3647 = CARTESIAN_POINT ( 'NONE',  ( -77.71119740201649506, -12.49999999999799982, 84.82154965450030204 ) ) ;
#3648 = DIRECTION ( 'NONE',  ( 0.000000000000000000, -1.000000000000000000, 0.000000000000000000 ) ) ;
#3649 = CARTESIAN_POINT ( 'NONE',  ( -84.81447651384461039, 12.49999999999370104, 75.86902910223359697 ) ) ;
#3650 = CARTESIAN_POINT ( 'NONE',  ( -6.477510711700030122, -6.190429841156202428, 41.86765233614982407 ) ) ;
#3651 = CARTESIAN_POINT ( 'NONE',  ( -7.193739259141709752, 6.000000000931669852, 41.75000000000000000 ) ) ;
#3652 = CARTESIAN_POINT ( 'NONE',  ( -28.62865034437539791, 17.71000000000000085, 37.07691507342550352 ) ) ;
#3653 = CARTESIAN_POINT ( 'NONE',  ( -77.57320406326881823, -12.50000000000000000, 88.81198431826399542 ) ) ;
#3654 = CARTESIAN_POINT ( 'NONE',  ( -85.18906003842700159, -12.49999999999939959, 71.61475373394971200 ) ) ;
#3655 = B_SPLINE_CURVE_WITH_KNOTS ( 'NONE', 3,
 ( #1419, #810, #3953, #1110, #2347, #2071, #3336, #785, #501, #1769, #1187, #3712, #2721, #3038 ),
 .UNSPECIFIED., .F., .F.,
 ( 4, 2, 2, 2, 2, 2, 4 ),
 ( -0.1781602907531729951, -0.1541422597384270177, -0.1280578112522730017, -0.08903871955182590670, -0.04932106270356281796, -0.02382322295403399570, -8.154626829348643469E-08 ),
 .UNSPECIFIED. ) ;
#3656 = CARTESIAN_POINT ( 'NONE',  ( -27.14602307525689895, -12.49999999999979927, 38.32043026966009336 ) ) ;
#3657 = EDGE_CURVE ( 'NONE', #2004, #2356, #451, .T. ) ;
#3658 = CARTESIAN_POINT ( 'NONE',  ( -85.87670637674558805, 12.49999999992990141, 72.84363507782849467 ) ) ;
#3659 = CARTESIAN_POINT ( 'NONE',  ( -84.77423721120510436, -12.49999999998289901, 71.25107922703799090 ) ) ;
#3660 = EDGE_LOOP ( 'NONE', ( #3887, #772, #1197 ) ) ;
#3661 = CARTESIAN_POINT ( 'NONE',  ( -35.69025779752419680, 12.50000000000000000, 72.25768067052969457 ) ) ;
#3662 = CARTESIAN_POINT ( 'NONE',  ( -84.70253855822538469, 12.50000000000000000, 76.07860392382400505 ) ) ;
#3663 = B_SPLINE_CURVE_WITH_KNOTS ( 'NONE', 3,
 ( #1324, #429, #2674, #2971, #2341, #760, #2623, #1054, #3669, #1740, #3575, #1694, #3308, #2024, #205, #1080, #3644, #1715, #3923, #2695, #1413, #2993, #3286, #3967, #3331, #804, #2002, #3262, #164, #1435, #1783, #2046, #2602, #449, #144, #2298, #3874, #2649, #3947, #2364, #1105, #830, #735, #2384, #2084, #2066, #496, #2948, #123, #1389, #1124, #3621, #3897, #3350, #1764, #780, #3033, #513, #2322, #3015, #3600, #471 ),
 .UNSPECIFIED., .F., .F.,
 ( 4, 2, 1, 2, 2, 1, 1, 1, 1, 1, 2, 2, 2, 2, 1, 1, 2, 2, 2, 2, 1, 1, 2, 2, 2, 2, 2, 1, 2, 2, 2, 1, 1, 2, 2, 2, 1, 4 ),
 ( 0.000000000000000000, 0.06250000000002783884, 0.09375000000004241052, 0.1093750000000478229, 0.1250000000000532352, 0.1875000000000776879, 0.2187500000000904554, 0.2343750000000974498, 0.2421875000001009470, 0.2460937500001021405, 0.2480468750001033340, 0.2500000000001044720, 0.3125000000000920930, 0.3437500000000859868, 0.3593750000000822120, 0.3671875000000802691, 0.3710937500000803246, 0.3750000000000803246, 0.4375000000000670020, 0.4687500000000598410, 0.4843750000000562883, 0.4921875000000526246, 0.4960937500000514588, 0.5000000000000501821, 0.6250000000000358602, 0.6406250000000341949, 0.6562500000000325295, 0.6875000000000293099, 0.7500000000000245359, 0.7812500000000214273, 0.7890625000000203171, 0.7968750000000190958, 0.8125000000000170974, 0.8750000000000099920, 0.8906250000000088818, 0.9062500000000077716, 0.9375000000000052180, 1.000000000000000000 ),
 .UNSPECIFIED. ) ;
#3664 = CARTESIAN_POINT ( 'NONE',  ( -48.17611549985510067, 12.50000000000120082, 59.76011045475359396 ) ) ;
#3665 = CIRCLE ( 'NONE', #23, 1.000000000000000888 ) ;
#3666 = CARTESIAN_POINT ( 'NONE',  ( -73.03040688998589758, -4.500000000000000000, 57.95555948328500051 ) ) ;
#3667 = AXIS2_PLACEMENT_3D ( 'NONE', #3167, #3860, #1018 ) ;
#3668 = CARTESIAN_POINT ( 'NONE',  ( -70.40052169327259435, 4.500000000000000000, 57.26637766099389637 ) ) ;
#3669 = CARTESIAN_POINT ( 'NONE',  ( -34.08007557074123639, -8.721769311218391607, 37.23449869339118834 ) ) ;
#3670 = CARTESIAN_POINT ( 'NONE',  ( -34.93163675807061708, 6.662717120698495421, 37.73954392459051377 ) ) ;
#3671 = CARTESIAN_POINT ( 'NONE',  ( -33.59073847723369965, -9.461888687076051241, 37.02390418425714103 ) ) ;
#3672 = CARTESIAN_POINT ( 'NONE',  ( -77.35042246400089994, -12.50000000000040146, 85.18759472468160254 ) ) ;
#3673 = CARTESIAN_POINT ( 'NONE',  ( -6.268947566802467897, -7.199630373770900427, 42.46106605502478004 ) ) ;
#3674 = CARTESIAN_POINT ( 'NONE',  ( -27.21692930468629967, -12.50000000000000000, 37.40766625019740133 ) ) ;
#3675 = CARTESIAN_POINT ( 'NONE',  ( -33.60388573658990197, -12.65000000000000036, 37.02910231161139620 ) ) ;
#3676 = CARTESIAN_POINT ( 'NONE',  ( -5.849874407698584911, 5.732515451372265147, 37.62442220060268028 ) ) ;
#3677 = CARTESIAN_POINT ( 'NONE',  ( -85.74317235778450197, -12.49999999994490096, 72.26253566984289023 ) ) ;
#3678 = CARTESIAN_POINT ( 'NONE',  ( -75.33723056336893364, 11.24173072071912927, 92.97970746061616865 ) ) ;
#3679 = CARTESIAN_POINT ( 'NONE',  ( -27.12847569884689847, -12.50000000000000000, 38.88720975854160145 ) ) ;
#3680 = CARTESIAN_POINT ( 'NONE',  ( -85.87750795406689974, 12.49999999991110045, 72.82716590732391637 ) ) ;
#3681 = ORIENTED_EDGE ( 'NONE', *, *, #1483, .T. ) ;
#3682 = ADVANCED_FACE ( 'NONE', ( #1983 ), #2670, .T. ) ;
#3683 = CARTESIAN_POINT ( 'NONE',  ( -58.48355072494440066, 12.49999999996120081, 85.70628220418639387 ) ) ;
#3684 = CARTESIAN_POINT ( 'NONE',  ( -80.86222524197469852, 12.50000000000000000, 81.42325530543000411 ) ) ;
#3685 = CARTESIAN_POINT ( 'NONE',  ( -78.40222464211339570, 12.50000000000000000, 68.00177132747511166 ) ) ;
#3686 = PLANE ( 'NONE',  #1546 ) ;
#3687 = CARTESIAN_POINT ( 'NONE',  ( -65.39395901098890818, 12.50000000000000000, 64.26576438887909148 ) ) ;
#3688 = CARTESIAN_POINT ( 'NONE',  ( -6.754360833654099672, -4.500000000000000000, 41.75000000000000000 ) ) ;
#3689 = CARTESIAN_POINT ( 'NONE',  ( -21.83722406390289805, -12.50000000000000000, 38.00000000000000000 ) ) ;
#3690 = VERTEX_POINT ( 'NONE', #3717 ) ;
#3691 = CARTESIAN_POINT ( 'NONE',  ( -76.47704442900010235, -7.032617980736618257, 96.34821871581549146 ) ) ;
#3692 = CARTESIAN_POINT ( 'NONE',  ( -6.484966286064499208, 7.840045291169710495, 42.74999778016820073 ) ) ;
#3693 = CARTESIAN_POINT ( 'NONE',  ( -15.35912738690710100, -12.50000000000000000, 58.96745891915349347 ) ) ;
#3694 = CARTESIAN_POINT ( 'NONE',  ( -33.78398748872220381, 9.183471221054558598, 38.00539823872090039 ) ) ;
#3695 = CARTESIAN_POINT ( 'NONE',  ( -15.35581672870360137, -12.50000000000000000, 58.97301096414369681 ) ) ;
#3696 = CARTESIAN_POINT ( 'NONE',  ( -35.20000000000000284, -4.600780098834749587, 38.00000000000000000 ) ) ;
#3697 = DIRECTION ( 'NONE',  ( 1.000000000000000000, 0.000000000000000000, 0.000000000000000000 ) ) ;
#3698 = CARTESIAN_POINT ( 'NONE',  ( -76.52498947725148071, 6.641648888527373451, 96.48905679801447377 ) ) ;
#3699 = CARTESIAN_POINT ( 'NONE',  ( -85.87382000013741390, 12.49999999996830091, 72.89232770216729307 ) ) ;
#3700 = CARTESIAN_POINT ( 'NONE',  ( -84.20651235924309219, -12.49999999999320011, 70.82361105654219102 ) ) ;
#3701 = CARTESIAN_POINT ( 'NONE',  ( -79.67535599309979943, -12.49999999999669953, 68.49450525633270104 ) ) ;
#3702 = CARTESIAN_POINT ( 'NONE',  ( -59.24580603558669623, 12.49999999999809930, 85.93903985209730934 ) ) ;
#3703 = CARTESIAN_POINT ( 'NONE',  ( -64.64701505605289356, 12.50000000000000000, 64.08621893395100244 ) ) ;
#3704 = CARTESIAN_POINT ( 'NONE',  ( -49.92999819192422706, -12.50000000000000355, 91.06763773861916889 ) ) ;
#3705 = CARTESIAN_POINT ( 'NONE',  ( -59.30910928024270135, -12.50000000000000000, 62.79238370474779174 ) ) ;
#3706 = CARTESIAN_POINT ( 'NONE',  ( -52.49191894725019125, 4.500000000000000000, 52.72429412464529719 ) ) ;
#3707 = CARTESIAN_POINT ( 'NONE',  ( -27.86043983705519977, 4.632813184691680242, 37.25894899533159332 ) ) ;
#3708 = CARTESIAN_POINT ( 'NONE',  ( -34.88340838022867274, 6.846604269460444314, 37.70314590577261527 ) ) ;
#3709 = EDGE_CURVE ( 'NONE', #2657, #861, #2075, .T. ) ;
#3710 = ORIENTED_EDGE ( 'NONE', *, *, #2645, .T. ) ;
#3711 = CARTESIAN_POINT ( 'NONE',  ( -74.76191427160939895, -12.50000000000000000, 87.68531022346199677 ) ) ;
#3712 = CARTESIAN_POINT ( 'NONE',  ( -5.853198932575000235, -5.708354524884740044, 38.00000000000049738 ) ) ;
#3713 = SURFACE_SIDE_STYLE ('',( #1845 ) ) ;
#3714 = FACE_OUTER_BOUND ( 'NONE', #3999, .T. ) ;
#3715 = CARTESIAN_POINT ( 'NONE',  ( -6.263773990168826522, -7.315227464547682246, 62.68337832446377433 ) ) ;
#3716 = B_SPLINE_CURVE_WITH_KNOTS ( 'NONE', 3,
 ( #1573, #305, #1208, #542, #3063, #1524, #1245, #2454, #4049, #3379, #2434, #1847, #3715, #3747, #877, #3118, #2128, #1540, #911, #2162, #3441, #2181, #595, #1863, #2487, #284, #2238, #2527, #2222, #3836, #1032, #3221, #3555, #3499, #1652, #3801, #951, #711, #407, #2562, #2898, #3781, #3200, #666, #970, #77, #385, #1915, #2262, #1955, #689, #1979, #3179, #1346, #1671, #2202, #347, #2923, #3479, #1617, #630, #2581, #1595, #2858, #1898, #1010, #3160, #327, #2835, #41, #1302, #2543, #991, #1935, #367, #2879 ),
 .UNSPECIFIED., .F., .F.,
 ( 4, 2, 1, 1, 2, 2, 2, 1, 1, 2, 2, 2, 1, 1, 1, 2, 2, 2, 2, 1, 1, 2, 2, 2, 2, 1, 1, 1, 2, 2, 2, 2, 1, 1, 1, 2, 2, 2, 2, 1, 1, 1, 1, 1, 2, 2, 2, 4 ),
 ( 0.000000000000000000, 0.06249999999998274991, 0.09374999999997413180, 0.1093749999999698297, 0.1171874999999677619, 0.1249999999999657219, 0.1874999999999526490, 0.2187499999999458211, 0.2343749999999428235, 0.2421874999999413525, 0.2499999999999398814, 0.3124999999999297229, 0.3437499999999244493, 0.3593749999999216738, 0.3671874999999200639, 0.3710937499999194533, 0.3749999999999187872, 0.4374999999999140132, 0.4687499999999114042, 0.4843749999999097389, 0.4921874999999091282, 0.4960937499999089062, 0.4999999999999087397, 0.5624999999998998579, 0.5937499999998948619, 0.6093749999998921973, 0.6171874999998908651, 0.6210937499998897549, 0.6230468749998893108, 0.6249999999998888667, 0.6874999999998784306, 0.7187499999998735456, 0.7343749999998708811, 0.7421874999998697708, 0.7460937499998686606, 0.7480468749998681055, 0.7499999999998675504, 0.8124999999998528954, 0.8437499999998459010, 0.8593749999998431255, 0.8671874999998415712, 0.8710937499998404610, 0.8730468749998403499, 0.8740234374998402389, 0.8745117187498405720, 0.8749999999998409050, 0.9374999999999203970, 1.000000000000000000 ),
 .UNSPECIFIED. ) ;
#3717 = CARTESIAN_POINT ( 'NONE',  ( -24.52396913087750363, 0.000000000000000000, 40.26312671901922613 ) ) ;
#3718 = CARTESIAN_POINT ( 'NONE',  ( -5.862409811534919690, 5.563777211761809838, 38.00000000000069633 ) ) ;
#3719 = CARTESIAN_POINT ( 'NONE',  ( -37.63884929477499952, 12.50000000000000000, 73.71472993778640159 ) ) ;
#3720 = CARTESIAN_POINT ( 'NONE',  ( -85.65100866869519791, 12.49999999998300027, 73.94341812143770198 ) ) ;
#3721 = CARTESIAN_POINT ( 'NONE',  ( -24.40872614652869999, 12.49999999695920039, 64.34073033345259773 ) ) ;
#3722 = CARTESIAN_POINT ( 'NONE',  ( -74.85001470790169265, 12.49999999998959943, 66.80623417980049794 ) ) ;
#3723 = CARTESIAN_POINT ( 'NONE',  ( -70.40025512351461145, -12.50000000000000178, 57.26630989265048299 ) ) ;
#3724 = CARTESIAN_POINT ( 'NONE',  ( -49.74118561118800130, 4.500000000000000000, 51.87008261191480329 ) ) ;
#3725 = VECTOR ( 'NONE', #1954, 1000.000000000000000 ) ;
#3726 = CARTESIAN_POINT ( 'NONE',  ( -27.79175126364459913, 12.49999999999899991, 43.87783135336670171 ) ) ;
#3727 = CARTESIAN_POINT ( 'NONE',  ( -77.07749028247519618, 4.500000000000000000, 96.79661128810619175 ) ) ;
#3728 = ORIENTED_EDGE ( 'NONE', *, *, #2846, .F. ) ;
#3729 = CARTESIAN_POINT ( 'NONE',  ( -83.10693773131688999, -12.49999999999969980, 78.57530034130489582 ) ) ;
#3730 = AXIS2_PLACEMENT_3D ( 'NONE', #720, #1988, #2934 ) ;
#3731 = CARTESIAN_POINT ( 'NONE',  ( -15.51664864783220743, -12.50000000000000355, 68.25802035811513235 ) ) ;
#3732 = EDGE_CURVE ( 'NONE', #3628, #3055, #1090, .T. ) ;
#3733 = CARTESIAN_POINT ( 'NONE',  ( -24.40872614652880301, -12.49999999695920039, 64.34073033345249826 ) ) ;
#3734 = CARTESIAN_POINT ( 'NONE',  ( -7.222411269462849503, 9.118898290628544956, 62.08952088660229407 ) ) ;
#3735 = CARTESIAN_POINT ( 'NONE',  ( -32.25551602403812979, 10.80734615522719544, 36.73385657712611874 ) ) ;
#3736 = CARTESIAN_POINT ( 'NONE',  ( -75.90480879027791161, 9.886897313800998788, 94.65781511110648694 ) ) ;
#3737 = CARTESIAN_POINT ( 'NONE',  ( -32.50287328094429995, 12.50000000000000000, 69.90681689081620220 ) ) ;
#3738 = CARTESIAN_POINT ( 'NONE',  ( -68.94576476512268925, 12.50000000000000000, 65.15869099302560130 ) ) ;
#3739 = CARTESIAN_POINT ( 'NONE',  ( -73.03066068823690671, 4.500000000000000000, 57.95562779265110009 ) ) ;
#3740 = CARTESIAN_POINT ( 'NONE',  ( -27.12503053535530029, 12.50000000000000000, 39.18334845962250057 ) ) ;
#3741 = VERTEX_POINT ( 'NONE', #857 ) ;
#3742 = PRODUCT_CONTEXT ( 'NONE', #3408, 'mechanical' ) ;
#3743 = CARTESIAN_POINT ( 'NONE',  ( -83.67685386079230625, -12.49999999997850075, 77.75234026534430143 ) ) ;
#3744 = CARTESIAN_POINT ( 'NONE',  ( -78.53553719033099867, 12.49999999998139977, 83.97406467804319163 ) ) ;
#3745 = CARTESIAN_POINT ( 'NONE',  ( -27.09295661340599892, 4.632813184691680242, 37.94999999999999574 ) ) ;
#3746 =( LENGTH_UNIT ( ) NAMED_UNIT ( * ) SI_UNIT ( .MILLI., .METRE. ) );
#3747 = CARTESIAN_POINT ( 'NONE',  ( -6.355194392309365448, -7.543186411672770042, 62.62665676320155939 ) ) ;
#3748 = CARTESIAN_POINT ( 'NONE',  ( -6.882380661269874800, 8.598025641890638227, 62.29993531948198182 ) ) ;
#3749 = CARTESIAN_POINT ( 'NONE',  ( -6.516521918154629667, 4.703830389307780635, 38.00000000000000000 ) ) ;
#3750 = CARTESIAN_POINT ( 'NONE',  ( -78.78736508113530590, 12.50000000000000000, 83.71610191657640598 ) ) ;
#3751 = CARTESIAN_POINT ( 'NONE',  ( -85.84380889206640575, -12.49999999999469935, 73.15318861783899251 ) ) ;
#3752 = CARTESIAN_POINT ( 'NONE',  ( -29.78562809492120067, 12.49999999999209876, 67.96771569618729814 ) ) ;
#3753 = CARTESIAN_POINT ( 'NONE',  ( -78.56859267292979609, 12.49999999999979927, 68.06344360195879517 ) ) ;
#3754 = CARTESIAN_POINT ( 'NONE',  ( -61.99994168436799669, -12.50000000000000000, 86.68381753253478905 ) ) ;
#3755 = CARTESIAN_POINT ( 'NONE',  ( -87.16738737420389782, 4.500000000000000000, 63.23305493895349372 ) ) ;
#3756 = CARTESIAN_POINT ( 'NONE',  ( -27.13558710874739788, 12.50000000000000000, 39.83846152073660107 ) ) ;
#3757 = CARTESIAN_POINT ( 'NONE',  ( -83.97596897017379547, -12.49999999995639932, 77.29777866783111051 ) ) ;
#3758 = CARTESIAN_POINT ( 'NONE',  ( -64.72764403325869864, 12.50000000000120082, 87.27968681432480480 ) ) ;
#3759 = CARTESIAN_POINT ( 'NONE',  ( -37.35268825891179034, -1.472909811058267460, 44.99759584927125644 ) ) ;
#3760 = CARTESIAN_POINT ( 'NONE',  ( -35.14767110045419685, 5.632896208979469854, 38.00539823872090039 ) ) ;
#3761 = LINE ( 'NONE', #3159, #484 ) ;
#3762 = CARTESIAN_POINT ( 'NONE',  ( -46.59791122109030681, -12.49999999999599964, 59.23859871268919619 ) ) ;
#3763 = CARTESIAN_POINT ( 'NONE',  ( -5.754360825795039602, 4.500000000000000000, 63.00000036993740338 ) ) ;
#3764 = CARTESIAN_POINT ( 'NONE',  ( -22.87262905705510008, 6.000000000000000000, 41.75000000000000000 ) ) ;
#3765 = CARTESIAN_POINT ( 'NONE',  ( -35.20000000000000284, 4.600780098834789555, 37.10029354652129996 ) ) ;
#3766 = CARTESIAN_POINT ( 'NONE',  ( -27.20170362627800031, -12.50000000000000000, 37.56389363606010079 ) ) ;
#3767 = CARTESIAN_POINT ( 'NONE',  ( -93.27946193521654550, 12.50000000000000178, 76.35889886157633555 ) ) ;
#3768 = CARTESIAN_POINT ( 'NONE',  ( -84.03993195532260074, -12.50000000000160050, 70.70835663818539274 ) ) ;
#3769 = CARTESIAN_POINT ( 'NONE',  ( -85.87788279500860256, -12.49999999980929921, 72.68369144519481040 ) ) ;
#3770 = ADVANCED_FACE ( 'NONE', ( #3380 ), #3399, .T. ) ;
#3771 = CARTESIAN_POINT ( 'NONE',  ( -27.21692930468629967, 4.632813184691689123, 37.40766625019740133 ) ) ;
#3772 = CARTESIAN_POINT ( 'NONE',  ( -84.46583639805498933, 12.49999999994249933, 71.01120449288019643 ) ) ;
#3773 = CARTESIAN_POINT ( 'NONE',  ( -86.05162342752889515, -4.500000000000000000, 62.61813612163059872 ) ) ;
#3774 = CARTESIAN_POINT ( 'NONE',  ( -83.48967102350239600, 4.500000000000000000, 61.41310950058900175 ) ) ;
#3775 = CARTESIAN_POINT ( 'NONE',  ( -28.04591384100299933, 12.49999999999930012, 44.66689878334929631 ) ) ;
#3776 = CARTESIAN_POINT ( 'NONE',  ( -82.79974488560611690, -12.49999999999969980, 78.99450905515489296 ) ) ;
#3777 = CARTESIAN_POINT ( 'NONE',  ( -33.74389379819260171, -12.50000000000000000, 70.79773380963169416 ) ) ;
#3778 = CARTESIAN_POINT ( 'NONE',  ( -65.56573588101709049, 12.49999999999740119, 87.43653959366939432 ) ) ;
#3779 = CARTESIAN_POINT ( 'NONE',  ( -35.19492066864488322, -12.50000000000000178, 38.04238170622001292 ) ) ;
#3780 = CARTESIAN_POINT ( 'NONE',  ( -35.20000000079750180, 4.567219675041970461, 37.99780301000210159 ) ) ;
#3781 = CARTESIAN_POINT ( 'NONE',  ( -9.328615446304302949, -11.16486825652708426, 60.79354100153032192 ) ) ;
#3782 = CARTESIAN_POINT ( 'NONE',  ( -36.97594743820970109, -12.50000000000000000, 54.92780447772869934 ) ) ;
#3783 = AXIS2_PLACEMENT_3D ( 'NONE', #1211, #2185, #2471 ) ;
#3784 = CARTESIAN_POINT ( 'NONE',  ( -7.919746405070683615, 9.974906610842953825, 61.65919100707538547 ) ) ;
#3785 = CARTESIAN_POINT ( 'NONE',  ( -68.49311084456360277, -12.50000000000000000, 87.91921797316580012 ) ) ;
#3786 = CARTESIAN_POINT ( 'NONE',  ( -71.36768891444481255, -12.50000000000000000, 90.73327573252700518 ) ) ;
#3787 = CYLINDRICAL_SURFACE ( 'NONE', #2574, 8.000000000000000000 ) ;
#3788 = CARTESIAN_POINT ( 'NONE',  ( -85.65180514914570153, 12.50000000000000000, 73.94366287445861019 ) ) ;
#3789 = CARTESIAN_POINT ( 'NONE',  ( -85.87828860481880611, -12.49999999978669862, 72.69592352971538674 ) ) ;
#3790 = CARTESIAN_POINT ( 'NONE',  ( -33.73550634495349954, 12.50000000000000000, 70.80924797938060067 ) ) ;
#3791 = CARTESIAN_POINT ( 'NONE',  ( -84.77435946700990144, 12.49999999998289901, 71.25117868249340347 ) ) ;
#3792 = CARTESIAN_POINT ( 'NONE',  ( -56.08481595453678636, -12.50000000000000711, 93.36139929156273354 ) ) ;
#3793 = B_SPLINE_CURVE_WITH_KNOTS ( 'NONE', 3,
 ( #1482, #2724, #1169, #171, #2031, #2682, #2013 ),
 .UNSPECIFIED., .F., .F.,
 ( 4, 1, 1, 1, 4 ),
 ( 0.000000000000000000, 0.2515020579322059802, 0.5030041158644119603, 0.7545061737966179960, 0.9999835653826539827 ),
 .UNSPECIFIED. ) ;
#3794 = CARTESIAN_POINT ( 'NONE',  ( -88.69651065482170793, 4.500000000000000000, 64.19775842525820053 ) ) ;
#3795 = CARTESIAN_POINT ( 'NONE',  ( -32.46751715398480798, 12.49999999999969980, 51.47265631286339982 ) ) ;
#3796 = CARTESIAN_POINT ( 'NONE',  ( -5.875499980126689614, 5.886921645498920164, 38.00000000000000000 ) ) ;
#3797 = CARTESIAN_POINT ( 'NONE',  ( -84.75325014758769271, -12.49999999999779909, 75.98293046818589858 ) ) ;
#3798 = CARTESIAN_POINT ( 'NONE',  ( -69.83245753005499523, 12.50000000000000000, 88.10181115045629952 ) ) ;
#3799 = CARTESIAN_POINT ( 'NONE',  ( -35.18005533133433715, -12.50000000000000355, 38.17593349485979104 ) ) ;
#3800 = CARTESIAN_POINT ( 'NONE',  ( -35.38002579795970348, 4.500000000000000000, 36.51909036521880125 ) ) ;
#3801 = CARTESIAN_POINT ( 'NONE',  ( -8.294606126177157535, -10.34733377330378978, 61.42828650562417891 ) ) ;
#3802 = CARTESIAN_POINT ( 'NONE',  ( -9.499238246778405781, 11.27451244476510972, 60.68905941324133124 ) ) ;
#3803 = CARTESIAN_POINT ( 'NONE',  ( -32.38362186288556188, 10.70439618134833459, 36.74803142379734311 ) ) ;
#3804 = CARTESIAN_POINT ( 'NONE',  ( -73.96186986689528453, -12.49999999998259881, 66.53696566714249627 ) ) ;
#3805 = CARTESIAN_POINT ( 'NONE',  ( -87.89506422784542394, -12.50000000000000355, 85.48033751657403911 ) ) ;
#3806 = DIRECTION ( 'NONE',  ( 1.000000000000000000, 0.000000000000000000, -3.965082230804129727E-16 ) ) ;
#3807 = CARTESIAN_POINT ( 'NONE',  ( -13.75436083365409878, -4.500000000000000000, 41.75000000000000000 ) ) ;
#3808 = CARTESIAN_POINT ( 'NONE',  ( -82.21935084974489882, 4.500000000000000000, 91.62936371476850184 ) ) ;
#3809 = CARTESIAN_POINT ( 'NONE',  ( -85.87632617163819759, -12.49999999990569854, 72.65504298030928965 ) ) ;
#3810 = CARTESIAN_POINT ( 'NONE',  ( -32.23923238153179938, -12.50000000000000000, 51.24226920651260286 ) ) ;
#3811 = CARTESIAN_POINT ( 'NONE',  ( -93.59597911349540311, -4.500000000000000000, 70.47591278382510893 ) ) ;
#3812 = CARTESIAN_POINT ( 'NONE',  ( -83.13072420845129784, 12.49999999999529976, 70.14236070873961637 ) ) ;
#3813 = CARTESIAN_POINT ( 'NONE',  ( -82.61862616446774155, 12.50000000000000178, 61.05227789882752631 ) ) ;
#3814 = CARTESIAN_POINT ( 'NONE',  ( -29.76908561899290007, 12.49999999999429967, 48.18241959426119791 ) ) ;
#3815 = ORIENTED_EDGE ( 'NONE', *, *, #3524, .T. ) ;
#3816 = CARTESIAN_POINT ( 'NONE',  ( -35.26554593132610194, -4.500000000000000000, 37.46081321688069465 ) ) ;
#3817 = EDGE_CURVE ( 'NONE', #2984, #2657, #584, .T. ) ;
#3818 = CARTESIAN_POINT ( 'NONE',  ( -35.20348469009360315, 4.500000000000000000, 37.97134343662810352 ) ) ;
#3819 = CARTESIAN_POINT ( 'NONE',  ( -32.26597030900927621, -10.79904744982270692, 36.73483948511505304 ) ) ;
#3820 = CARTESIAN_POINT ( 'NONE',  ( -29.48227782725632196, 12.19374615928820837, 36.91459600616160941 ) ) ;
#3821 = CARTESIAN_POINT ( 'NONE',  ( -68.94559295002119370, -12.50000000000000000, 65.15864651496340798 ) ) ;
#3822 = CARTESIAN_POINT ( 'NONE',  ( -27.21692930468629967, 12.50000000000000000, 37.40766625019740133 ) ) ;
#3823 = DIRECTION ( 'NONE',  ( 1.000000000000000000, 0.000000000000000000, 0.000000000000000000 ) ) ;
#3824 = CARTESIAN_POINT ( 'NONE',  ( -76.17738877632719152, 12.50000000000000178, 97.15209390273344070 ) ) ;
#3825 = VERTEX_POINT ( 'NONE', #632 ) ;
#3826 = CARTESIAN_POINT ( 'NONE',  ( -85.82454035173169871, -12.49999999999979927, 73.26711952081670631 ) ) ;
#3827 = CARTESIAN_POINT ( 'NONE',  ( -31.10223956381669908, -12.49999999999180034, 49.99447541554729924 ) ) ;
#3828 = CARTESIAN_POINT ( 'NONE',  ( -93.77952745696354953, -12.50000000000000178, 74.18300151728671210 ) ) ;
#3829 = CARTESIAN_POINT ( 'NONE',  ( -85.20157575842240760, 12.49999999999949907, 71.62672242955488855 ) ) ;
#3830 = CARTESIAN_POINT ( 'NONE',  ( -91.11712182726300568, 4.500000000000000000, 66.22526614572601034 ) ) ;
#3831 = CARTESIAN_POINT ( 'NONE',  ( -28.60571996633209935, 12.49999999999930012, 46.05671127938110487 ) ) ;
#3832 =( BOUNDED_SURFACE ( )  B_SPLINE_SURFACE ( 3, 2, ( 
 ( #1860, #3114, #1554 ),
 ( #1342, #3851, #3218 ),
 ( #302, #1571, #325 ),
 ( #2218, #2541, #383 ),
 ( #1592, #3, #3816 ),
 ( #2876, #2894, #612 ),
 ( #967, #2813, #57 ),
 ( #3496, #2559, #1320 ),
 ( #2199, #3157, #663 ),
 ( #3833, #1952, #2832 ),
 ( #1896, #1880, #75 ),
 ( #19, #3779, #2276 ),
 ( #1614, #1281, #1007 ),
 ( #2525, #3197, #2259 ),
 ( #1030, #3799, #686 ),
 ( #3138, #645, #1262 ),
 ( #948, #2503, #343 ),
 ( #2855, #38, #1299 ),
 ( #989, #2235, #3514 ),
 ( #1932, #1632, #364 ),
 ( #2646, #1102, #2693 ),
 ( #1691, #1386, #3238 ),
 ( #3894, #2339, #3306 ),
 ( #1433, #2620, #1122 ),
 ( #757, #162, #3921 ),
 ( #1077, #1455, #1141 ),
 ( #494, #426, #2022 ),
 ( #1667, #2044, #403 ),
 ( #3619, #1762, #3013 ),
 ( #183, #778, #2920 ),
 ( #3965, #2064, #469 ),
 ( #3328, #3597, #1365 ),
 ( #2671, #2319, #3553 ),
 ( #709, #2362, #2600 ),
 ( #802, #1738, #2990 ),
 ( #100, #3945, #1976 ),
 ( #3284, #3871, #1051 ),
 ( #141, #446, #3642 ),
 ( #2295, #3572, #2968 ),
 ( #732, #1997, #3259 ),
 ( #2945, #121, #1713 ),
 ( #1410, #1781, #3431 ),
 ( #203, #1473, #1516 ),
 ( #4056, #3050, #3413 ),
 ( #3705, #901, #1181 ),
 ( #885, #225, #1497 ),
 ( #2769, #2714, #2736 ),
 ( #2444, #3723, #256 ),
 ( #4007, #3987, #3666 ),
 ( #2136, #572, #2423 ),
 ( #866, #4040, #1837 ),
 ( #3089, #2115, #555 ),
 ( #1219, #1818, #2153 ),
 ( #587, #1853, #2789 ),
 ( #1550, #3510, #1257 ),
 ( #1587, #1949, #2873 ),
 ( #3194, #296, #2497 ),
 ( #922, #1317, #1608 ),
 ( #319, #1567, #3773 ),
 ( #605, #2556, #2174 ),
 ( #639, #361, #1909 ),
 ( #985, #1294, #1629 ),
 ( #52, #1004, #2257 ),
 ( #3639, #2965, #3302 ),
 ( #706, #754, #3550 ),
 ( #423, #2292, #1972 ),
 ( #1688, #3891, #728 ),
 ( #2575, #1119, #3281 ),
 ( #3235, #2019, #3255 ),
 ( #2597, #2336, #2941 ),
 ( #3941, #117, #799 ),
 ( #3324, #775, #2041 ),
 ( #400, #443, #138 ),
 ( #3918, #72, #1383 ),
 ( #3848, #1337, #1073 ),
 ( #97, #490, #1757 ),
 ( #1026, #2273, #466 ),
 ( #1361, #3868, #1048 ),
 ( #1735, #601, #378 ),
 ( #1907, #920, #3448 ),
 ( #1926, #936, #1872 ),
 ( #2191, #3130, #3811 ),
 ( #1565, #2807, #4072 ),
 ( #3469, #621, #3191 ),
 ( #335, #982, #3150 ),
 ( #316, #1585, #2826 ),
 ( #1272, #2516, #359 ),
 ( #1605, #2848, #31 ),
 ( #1292, #2535, #3508 ),
 ( #1626, #659, #2870 ),
 ( #50, #2554, #1314 ),
 ( #1001, #3828, #749 ),
 ( #1022, #3277, #1729 ),
 ( #2938, #1991, #3548 ),
 ( #3231, #3845, #701 ),
 ( #439, #2015, #3251 ),
 ( #1706, #2982, #2594 ),
 ( #1967, #3297, #419 ),
 ( #3564, #2961, #2287 ),
 ( #3937, #3884, #1378 ),
 ( #3911, #1402, #2911 ),
 ( #1683, #112, #1044 ),
 ( #2036, #2270, #3864 ),
 ( #2613, #397, #155 ),
 ( #134, #723, #92 ),
 ( #2636, #2311, #1093 ),
 ( #770, #3612, #461 ),
 ( #1068, #1427, #2664 ),
 ( #2571, #2184, #1599 ),
 ( #1886, #3463, #2531 ),
 ( #1940, #3805, #65 ),
 ( #1960, #1656, #373 ),
 ( #3144, #616, #955 ),
 ( #975, #309, #390 ),
 ( #354, #2585, #2903 ),
 ( #1638, #2207, #1579 ),
 ( #634, #83, #2243 ),
 ( #2819, #1352, #695 ),
 ( #3483, #1901, #2882 ),
 ( #1920, #3521, #8 ),
 ( #3856, #3226, #1286 ),
 ( #3183, #2226, #1266 ),
 ( #996, #2508, #672 ),
 ( #3786, #3504, #2839 ),
 ( #1328, #653, #26 ),
 ( #3207, #1621, #2864 ),
 ( #46, #1308, #2548 ) ),
 .UNSPECIFIED., .F., .F., .T. ) 
 B_SPLINE_SURFACE_WITH_KNOTS ( ( 4, 1, 1, 1, 1, 1, 1, 1, 1, 1, 1, 1, 1, 1, 1, 1, 1, 1, 1, 1, 1, 1, 1, 1, 1, 1, 1, 1, 1, 1, 1, 1, 1, 1, 1, 1, 1, 1, 1, 1, 1, 1, 1, 1, 1, 1, 1, 1, 1, 1, 1, 1, 1, 1, 1, 1, 1, 1, 1, 1, 1, 1, 1, 1, 1, 1, 1, 1, 1, 1, 1, 1, 1, 1, 1, 1, 1, 1, 1, 1, 1, 1, 1, 1, 1, 1, 1, 1, 1, 1, 1, 1, 1, 1, 1, 1, 1, 1, 1, 1, 1, 1, 1, 1, 1, 1, 1, 1, 1, 1, 1, 1, 1, 1, 1, 1, 1, 1, 1, 1, 1, 1, 1, 1, 4 ),
 ( 3, 3 ),
 ( 0.1142462525739290080, 0.1146259659316199997, 0.1150056792893110053, 0.1151955359681570007, 0.1153853926470019969, 0.1155752493258480063, 0.1156701776652709901, 0.1157176418349820102, 0.1157413739198380059, 0.1157651060046930025, 0.1158125701744049940, 0.1158600343441160002, 0.1159549626835389979, 0.1160498910229619957, 0.1161448193623839942, 0.1163346760412300035, 0.1165245327200749997, 0.1172839594354569970, 0.1180433861508389942, 0.1188028128662210053, 0.1195622395816030026, 0.1203216662969849998, 0.1210810930123669971, 0.1218405197277489943, 0.1225999464431310054, 0.1233593731585120035, 0.1248782265892759979, 0.1263970800200399924, 0.1271565067354220036, 0.1279159334508039869, 0.1294347868815680092, 0.1309536403123320036, 0.1324724937430949989, 0.1339913471738589934, 0.1355102006046229879, 0.1370290540353870101, 0.1385479074661510046, 0.1415856143276779944, 0.1446233211892060111, 0.1476610280507340001, 0.1506987349122609898, 0.1537364417737890065, 0.1567741486353169955, 0.1598118554968440130, 0.1628495623583720020, 0.1658872692198999910, 0.1689249760814270085, 0.1719626829429549975, 0.1734815363737189919, 0.1750003898044829864, 0.1765192432352460095, 0.1780380966660100039, 0.1795569500967739984, 0.1803163768121560095, 0.1810758035275379929, 0.1818352302429200040, 0.1825946569583020151, 0.1833540836736839985, 0.1837337970313750179, 0.1841135103890660096, 0.1844932237467569736, 0.1848729371044469938, 0.1852526504621379855, 0.1856323638198290049, 0.1860120771775199966, 0.1862019338563659920, 0.1863917905352109883, 0.1865816472140570115, 0.1867715038929019800, 0.1869613605717480032, 0.1870562889111700156, 0.1871512172505929994, 0.1872461455900159832, 0.1873410739294389948, 0.1873885380991499872, 0.1874360022688610072, 0.1874834664385729988, 0.1875309306082840188, 0.1875783947779960104, 0.1876021268628509930, 0.1876258589477070027, 0.1876495910325630123, 0.1876733231174180228, 0.1877207872871299865, 0.1877682514568410066, 0.1878157156265519989, 0.1878631797962639904, 0.1879106439659750105, 0.1880055723053979944, 0.1881005006448210060, 0.1881954289842429906, 0.1882903573236660022, 0.1884802140025119976, 0.1886700706813569939, 0.1888599273602030171, 0.1890497840390479856, 0.1892396407178929818, 0.1894294973967390050, 0.1898092107544299967, 0.1901889241121209884, 0.1905686374698119800, 0.1909483508275029995, 0.1913280641851939912, 0.1917077775428850106, 0.1924672042582669940, 0.1932266309736490051, 0.1939860576890300170, 0.1947454844044120004, 0.1955049111197940115, 0.1962643378351759949, 0.1977831912659400171, 0.1993020446967040116, 0.2008208981274680061, 0.2023397515582310013, 0.2038586049889949958, 0.2053774584197589903, 0.2068963118505230125, 0.2084151652812870070, 0.2091745919966690181, 0.2099340187120510015, 0.2103137320697419932, 0.2106934454274330126, 0.2108833021062780089, 0.2110731587851230051, 0.2114528721428139968 ),
 ( 0.000000000000000000, 1.000000000000000000 ),
 .UNSPECIFIED. ) 
 GEOMETRIC_REPRESENTATION_ITEM ( )  RATIONAL_B_SPLINE_SURFACE ( (
 ( 1.000000000000000000, 0.7071067811865480168, 1.000000000000000000),
 ( 1.000000000000000000, 0.7071067811865480168, 1.000000000000000000),
 ( 1.000000000000000000, 0.7071067811865480168, 1.000000000000000000),
 ( 1.000000000000000000, 0.7071067811865470176, 1.000000000000000000),
 ( 1.000000000000000000, 0.7071067811865480168, 1.000000000000000000),
 ( 1.000000000000000000, 0.7071067811865470176, 1.000000000000000000),
 ( 1.000000000000000000, 0.7071067811865470176, 1.000000000000000000),
 ( 1.000000000000000000, 0.7071067811865480168, 1.000000000000000000),
 ( 1.000000000000000000, 0.7071067811865470176, 1.000000000000000000),
 ( 1.000000000000000000, 0.7071067811865480168, 1.000000000000000000),
 ( 1.000000000000000000, 0.7071067811865470176, 1.000000000000000000),
 ( 1.000000000000000000, 0.7071067811865480168, 1.000000000000000000),
 ( 1.000000000000000000, 0.7071067811865480168, 1.000000000000000000),
 ( 1.000000000000000000, 0.7071067811865470176, 1.000000000000000000),
 ( 1.000000000000000000, 0.7071067811865470176, 1.000000000000000000),
 ( 1.000000000000000000, 0.7071067811865480168, 1.000000000000000000),
 ( 1.000000000000000000, 0.7071067811865470176, 1.000000000000000000),
 ( 1.000000000000000000, 0.7071067811865480168, 1.000000000000000000),
 ( 1.000000000000000000, 0.7071067811865480168, 1.000000000000000000),
 ( 1.000000000000000000, 0.7071067811865480168, 1.000000000000000000),
 ( 1.000000000000000000, 0.7071067811865480168, 1.000000000000000000),
 ( 1.000000000000000000, 0.7071067811865480168, 1.000000000000000000),
 ( 1.000000000000000000, 0.7071067811865480168, 1.000000000000000000),
 ( 1.000000000000000000, 0.7071067811865480168, 1.000000000000000000),
 ( 1.000000000000000000, 0.7071067811865480168, 1.000000000000000000),
 ( 1.000000000000000000, 0.7071067811865470176, 1.000000000000000000),
 ( 1.000000000000000000, 0.7071067811865480168, 1.000000000000000000),
 ( 1.000000000000000000, 0.7071067811865480168, 1.000000000000000000),
 ( 1.000000000000000000, 0.7071067811865470176, 1.000000000000000000),
 ( 1.000000000000000000, 0.7071067811865470176, 1.000000000000000000),
 ( 1.000000000000000000, 0.7071067811865480168, 1.000000000000000000),
 ( 1.000000000000000000, 0.7071067811865480168, 1.000000000000000000),
 ( 1.000000000000000000, 0.7071067811865480168, 1.000000000000000000),
 ( 1.000000000000000000, 0.7071067811865480168, 1.000000000000000000),
 ( 1.000000000000000000, 0.7071067811865480168, 1.000000000000000000),
 ( 1.000000000000000000, 0.7071067811865480168, 1.000000000000000000),
 ( 1.000000000000000000, 0.7071067811865480168, 1.000000000000000000),
 ( 1.000000000000000000, 0.7071067811865470176, 1.000000000000000000),
 ( 1.000000000000000000, 0.7071067811865480168, 1.000000000000000000),
 ( 1.000000000000000000, 0.7071067811865470176, 1.000000000000000000),
 ( 1.000000000000000000, 0.7071067811865480168, 1.000000000000000000),
 ( 1.000000000000000000, 0.7071067811865480168, 1.000000000000000000),
 ( 1.000000000000000000, 0.7071067811865480168, 1.000000000000000000),
 ( 1.000000000000000000, 0.7071067811865480168, 1.000000000000000000),
 ( 1.000000000000000000, 0.7071067811865480168, 1.000000000000000000),
 ( 1.000000000000000000, 0.7071067811865480168, 1.000000000000000000),
 ( 1.000000000000000000, 0.7071067811865480168, 1.000000000000000000),
 ( 1.000000000000000000, 0.7071067811865480168, 1.000000000000000000),
 ( 1.000000000000000000, 0.7071067811865480168, 1.000000000000000000),
 ( 1.000000000000000000, 0.7071067811865480168, 1.000000000000000000),
 ( 1.000000000000000000, 0.7071067811865480168, 1.000000000000000000),
 ( 1.000000000000000000, 0.7071067811865480168, 1.000000000000000000),
 ( 1.000000000000000000, 0.7071067811865480168, 1.000000000000000000),
 ( 1.000000000000000000, 0.7071067811865480168, 1.000000000000000000),
 ( 1.000000000000000000, 0.7071067811865480168, 1.000000000000000000),
 ( 1.000000000000000000, 0.7071067811865470176, 1.000000000000000000),
 ( 1.000000000000000000, 0.7071067811865480168, 1.000000000000000000),
 ( 1.000000000000000000, 0.7071067811865480168, 1.000000000000000000),
 ( 1.000000000000000000, 0.7071067811865470176, 1.000000000000000000),
 ( 1.000000000000000000, 0.7071067811865480168, 1.000000000000000000),
 ( 1.000000000000000000, 0.7071067811865480168, 1.000000000000000000),
 ( 1.000000000000000000, 0.7071067811865480168, 1.000000000000000000),
 ( 1.000000000000000000, 0.7071067811865480168, 1.000000000000000000),
 ( 1.000000000000000000, 0.7071067811865480168, 1.000000000000000000),
 ( 1.000000000000000000, 0.7071067811865470176, 1.000000000000000000),
 ( 1.000000000000000000, 0.7071067811865470176, 1.000000000000000000),
 ( 1.000000000000000000, 0.7071067811865470176, 1.000000000000000000),
 ( 1.000000000000000000, 0.7071067811865480168, 1.000000000000000000),
 ( 1.000000000000000000, 0.7071067811865470176, 1.000000000000000000),
 ( 1.000000000000000000, 0.7071067811865480168, 1.000000000000000000),
 ( 1.000000000000000000, 0.7071067811865480168, 1.000000000000000000),
 ( 1.000000000000000000, 0.7071067811865470176, 1.000000000000000000),
 ( 1.000000000000000000, 0.7071067811865480168, 1.000000000000000000),
 ( 1.000000000000000000, 0.7071067811865470176, 1.000000000000000000),
 ( 1.000000000000000000, 0.7071067811865480168, 1.000000000000000000),
 ( 1.000000000000000000, 0.7071067811865470176, 1.000000000000000000),
 ( 1.000000000000000000, 0.7071067811865480168, 1.000000000000000000),
 ( 1.000000000000000000, 0.7071067811865470176, 1.000000000000000000),
 ( 1.000000000000000000, 0.7071067811865470176, 1.000000000000000000),
 ( 1.000000000000000000, 0.7071067811865480168, 1.000000000000000000),
 ( 1.000000000000000000, 0.7071067811865470176, 1.000000000000000000),
 ( 1.000000000000000000, 0.7071067811865490160, 1.000000000000000000),
 ( 1.000000000000000000, 0.7071067811865460184, 1.000000000000000000),
 ( 1.000000000000000000, 0.7071067811865490160, 1.000000000000000000),
 ( 1.000000000000000000, 0.7071067811865470176, 1.000000000000000000),
 ( 1.000000000000000000, 0.7071067811865460184, 1.000000000000000000),
 ( 1.000000000000000000, 0.7071067811865480168, 1.000000000000000000),
 ( 1.000000000000000000, 0.7071067811865470176, 1.000000000000000000),
 ( 1.000000000000000000, 0.7071067811865480168, 1.000000000000000000),
 ( 1.000000000000000000, 0.7071067811865470176, 1.000000000000000000),
 ( 1.000000000000000000, 0.7071067811865490160, 1.000000000000000000),
 ( 1.000000000000000000, 0.7071067811865480168, 1.000000000000000000),
 ( 1.000000000000000000, 0.7071067811865470176, 1.000000000000000000),
 ( 1.000000000000000000, 0.7071067811865480168, 1.000000000000000000),
 ( 1.000000000000000000, 0.7071067811865480168, 1.000000000000000000),
 ( 1.000000000000000000, 0.7071067811865480168, 1.000000000000000000),
 ( 1.000000000000000000, 0.7071067811865460184, 1.000000000000000000),
 ( 1.000000000000000000, 0.7071067811865480168, 1.000000000000000000),
 ( 1.000000000000000000, 0.7071067811865470176, 1.000000000000000000),
 ( 1.000000000000000000, 0.7071067811865480168, 1.000000000000000000),
 ( 1.000000000000000000, 0.7071067811865480168, 1.000000000000000000),
 ( 1.000000000000000000, 0.7071067811865470176, 1.000000000000000000),
 ( 1.000000000000000000, 0.7071067811865480168, 1.000000000000000000),
 ( 1.000000000000000000, 0.7071067811865470176, 1.000000000000000000),
 ( 1.000000000000000000, 0.7071067811865480168, 1.000000000000000000),
 ( 1.000000000000000000, 0.7071067811865470176, 1.000000000000000000),
 ( 1.000000000000000000, 0.7071067811865480168, 1.000000000000000000),
 ( 1.000000000000000000, 0.7071067811865470176, 1.000000000000000000),
 ( 1.000000000000000000, 0.7071067811865480168, 1.000000000000000000),
 ( 1.000000000000000000, 0.7071067811865470176, 1.000000000000000000),
 ( 1.000000000000000000, 0.7071067811865470176, 1.000000000000000000),
 ( 1.000000000000000000, 0.7071067811865480168, 1.000000000000000000),
 ( 1.000000000000000000, 0.7071067811865480168, 1.000000000000000000),
 ( 1.000000000000000000, 0.7071067811865480168, 1.000000000000000000),
 ( 1.000000000000000000, 0.7071067811865470176, 1.000000000000000000),
 ( 1.000000000000000000, 0.7071067811865480168, 1.000000000000000000),
 ( 1.000000000000000000, 0.7071067811865480168, 1.000000000000000000),
 ( 1.000000000000000000, 0.7071067811865470176, 1.000000000000000000),
 ( 1.000000000000000000, 0.7071067811865480168, 1.000000000000000000),
 ( 1.000000000000000000, 0.7071067811865480168, 1.000000000000000000),
 ( 1.000000000000000000, 0.7071067811865480168, 1.000000000000000000),
 ( 1.000000000000000000, 0.7071067811865480168, 1.000000000000000000),
 ( 1.000000000000000000, 0.7071067811865470176, 1.000000000000000000),
 ( 1.000000000000000000, 0.7071067811865470176, 1.000000000000000000),
 ( 1.000000000000000000, 0.7071067811865480168, 1.000000000000000000),
 ( 1.000000000000000000, 0.7071067811865480168, 1.000000000000000000),
 ( 1.000000000000000000, 0.7071067811865480168, 1.000000000000000000) ) ) 
 REPRESENTATION_ITEM ( '' )  SURFACE ( )  );
#3833 = CARTESIAN_POINT ( 'NONE',  ( -27.25813363236350284, -12.50000000000000000, 37.03728660959859553 ) ) ;
#3834 = CARTESIAN_POINT ( 'NONE',  ( -35.20000000000000284, 4.600780098834809984, 37.99473488757709561 ) ) ;
#3835 = CARTESIAN_POINT ( 'NONE',  ( -6.365836739400838162, 7.513439093267583857, 42.53456100411582952 ) ) ;
#3836 = CARTESIAN_POINT ( 'NONE',  ( -7.923754153235575082, -9.979223906248861908, 61.65661527341732295 ) ) ;
#3837 = CARTESIAN_POINT ( 'NONE',  ( -56.08481595453678636, 12.50000000000000711, 93.36139929156273354 ) ) ;
#3838 = CARTESIAN_POINT ( 'NONE',  ( -11.69084417839018286, 12.23022251340946909, 59.35430897052015808 ) ) ;
#3839 = CARTESIAN_POINT ( 'NONE',  ( -60.71356815034759791, -12.50000000000040146, 63.13221816974050427 ) ) ;
#3840 = CARTESIAN_POINT ( 'NONE',  ( -6.754360833654099672, -4.500000000000000000, 42.75000000000000000 ) ) ;
#3841 = PLANE ( 'NONE',  #2910 ) ;
#3842 = CARTESIAN_POINT ( 'NONE',  ( -78.80310739423147481, 12.50000000000000355, 94.83594451118922564 ) ) ;
#3843 = VECTOR ( 'NONE', #1465, 1000.000000000000000 ) ;
#3844 = CARTESIAN_POINT ( 'NONE',  ( -35.28946761930630061, -12.49999999990250110, 53.81471257368529848 ) ) ;
#3845 = CARTESIAN_POINT ( 'NONE',  ( -93.51722772253282301, -12.50000000000000178, 75.52657587822774587 ) ) ;
#3846 = CARTESIAN_POINT ( 'NONE',  ( -85.85561990786919750, 12.49999999958699881, 72.50804993704248602 ) ) ;
#3847 = ORIENTED_EDGE ( 'NONE', *, *, #33, .T. ) ;
#3848 = CARTESIAN_POINT ( 'NONE',  ( -85.71693618573370088, -12.50000000000000000, 72.22072100392929883 ) ) ;
#3849 = CARTESIAN_POINT ( 'NONE',  ( -93.82186519355200005, 4.500000000000000000, 73.84062495753229882 ) ) ;
#3850 = CARTESIAN_POINT ( 'NONE',  ( -29.96327567059579877, 12.50000000000000000, 48.47925853409019936 ) ) ;
#3851 = CARTESIAN_POINT ( 'NONE',  ( -35.36482355295828484, -12.50000000000000178, 36.64414550368221768 ) ) ;
#3852 = CARTESIAN_POINT ( 'NONE',  ( -35.33420442922278681, 12.50000000000000178, 36.89602146280177664 ) ) ;
#3853 = CARTESIAN_POINT ( 'NONE',  ( -60.11694480113322214, 12.50000000000000178, 94.45962370331766067 ) ) ;
#3854 = CARTESIAN_POINT ( 'NONE',  ( -27.53595408154777857, -12.50000000000000178, 37.33416652440092065 ) ) ;
#3855 = CARTESIAN_POINT ( 'NONE',  ( -77.75715355292169306, -12.49999999999930012, 67.76632707853440252 ) ) ;
#3856 = CARTESIAN_POINT ( 'NONE',  ( -72.19020440595150490, -12.50000000000000000, 90.01392706089498574 ) ) ;
#3857 = DIRECTION ( 'NONE',  ( 0.000000000000000000, 0.000000000000000000, 1.000000000000000000 ) ) ;
#3858 = CARTESIAN_POINT ( 'NONE',  ( -7.147690291161979737, -5.862361808271409735, 41.74999999989650235 ) ) ;
#3859 = ORIENTED_EDGE ( 'NONE', *, *, #3598, .T. ) ;
#3860 = DIRECTION ( 'NONE',  ( -0.000000000000000000, 1.000000000000000000, 0.000000000000000000 ) ) ;
#3861 = VERTEX_POINT ( 'NONE', #2164 ) ;
#3862 = CARTESIAN_POINT ( 'NONE',  ( -29.73056495544449973, -12.49999999999350031, 48.12254339713690143 ) ) ;
#3863 = EDGE_CURVE ( 'NONE', #1375, #1678, #2018, .T. ) ;
#3864 = CARTESIAN_POINT ( 'NONE',  ( -91.98180232589739092, -4.500000000000000000, 79.43217592483479450 ) ) ;
#3865 = CARTESIAN_POINT ( 'NONE',  ( -85.40800045425650922, 12.49999999995760014, 71.83586414288849653 ) ) ;
#3866 = ORIENTED_EDGE ( 'NONE', *, *, #917, .F. ) ;
#3867 = CARTESIAN_POINT ( 'NONE',  ( -78.03370688189390592, 12.49999999999439915, 84.49249221588080161 ) ) ;
#3868 = CARTESIAN_POINT ( 'NONE',  ( -92.93915037672377366, -12.50000000000000355, 68.74635549761200082 ) ) ;
#3869 = CARTESIAN_POINT ( 'NONE',  ( -92.39646188451773412, 12.50000000000000178, 67.81383740421897244 ) ) ;
#3870 = CARTESIAN_POINT ( 'NONE',  ( -40.16611214159709675, 12.49999999986749977, 56.65851321349270364 ) ) ;
#3871 = CARTESIAN_POINT ( 'NONE',  ( -41.31320817257019939, -12.50000000000000178, 48.21167213074062374 ) ) ;
#3872 = CARTESIAN_POINT ( 'NONE',  ( -35.27896391386538966, 12.50000000000000355, 40.86202978021491106 ) ) ;
#3873 = CARTESIAN_POINT ( 'NONE',  ( -8.461826075181809514, 4.500000000000000000, 64.36478362750889914 ) ) ;
#3874 = CARTESIAN_POINT ( 'NONE',  ( -34.72777096215008186, -7.331087804731421187, 37.59469120662582498 ) ) ;
#3875 = CARTESIAN_POINT ( 'NONE',  ( -75.18266989832270042, 4.500000000000000000, 96.67192862445220669 ) ) ;
#3876 = CARTESIAN_POINT ( 'NONE',  ( -76.61933922723889623, -6.299999999999999822, 96.76816765603379622 ) ) ;
#3877 = CARTESIAN_POINT ( 'NONE',  ( -75.84343924928080583, -12.49999999999939959, 67.11993308267400948 ) ) ;
#3878 = CARTESIAN_POINT ( 'NONE',  ( -56.19832447219440041, -12.49999999995029931, 84.92789798486138864 ) ) ;
#3879 = CARTESIAN_POINT ( 'NONE',  ( -6.139400620092041017, -12.50000000000000355, 63.19020160168703626 ) ) ;
#3880 = CARTESIAN_POINT ( 'NONE',  ( -84.32079444216910247, 12.49999999998989964, 76.74107194265430110 ) ) ;
#3881 = CARTESIAN_POINT ( 'NONE',  ( -35.55116090526573203, 2.071928079548420065, 41.89586296045842317 ) ) ;
#3882 = CARTESIAN_POINT ( 'NONE',  ( -23.15570062859519851, -4.632767951221810065, 37.96569922972690136 ) ) ;
#3883 = ORIENTED_EDGE ( 'NONE', *, *, #1809, .F. ) ;
#3884 = CARTESIAN_POINT ( 'NONE',  ( -92.77509012840805269, -12.50000000000000178, 77.74278964125169011 ) ) ;
#3885 = CARTESIAN_POINT ( 'NONE',  ( -85.75804754234130201, 12.49999999977480059, 72.28708211432369524 ) ) ;
#3886 = CARTESIAN_POINT ( 'NONE',  ( -48.23730214011539630, -12.49999999989659827, 81.10882128807929803 ) ) ;
#3887 = ORIENTED_EDGE ( 'NONE', *, *, #539, .T. ) ;
#3888 = CARTESIAN_POINT ( 'NONE',  ( -81.10303087489789675, -12.49999999998700062, 69.10732533555200519 ) ) ;
#3889 = EDGE_CURVE ( 'NONE', #1375, #3292, #1029, .T. ) ;
#3890 = CARTESIAN_POINT ( 'NONE',  ( -70.34950578376509611, 12.50000000000000000, 88.16697573659330089 ) ) ;
#3891 = CARTESIAN_POINT ( 'NONE',  ( -90.12189535053563816, -12.50000000000000355, 65.29236871109102935 ) ) ;
#3892 = CARTESIAN_POINT ( 'NONE',  ( -85.87850917504658810, 12.50000000000000000, 72.69607877693319153 ) ) ;
#3893 = CARTESIAN_POINT ( 'NONE',  ( -41.60520680003300242, 12.50000000000000000, 57.31546491859010217 ) ) ;
#3894 = CARTESIAN_POINT ( 'NONE',  ( -27.29237074168609922, -12.50000000000000000, 41.61702910135289812 ) ) ;
#3895 = CARTESIAN_POINT ( 'NONE',  ( -36.19898544664620488, 4.500000000000000000, 43.37280616631510100 ) ) ;
#3896 = CARTESIAN_POINT ( 'NONE',  ( -9.826520708186860631, 4.500000000000000000, 65.07717324070611653 ) ) ;
#3897 = CARTESIAN_POINT ( 'NONE',  ( -35.12571820828258495, -5.671656346261384485, 37.90745308701897187 ) ) ;
#3898 = CARTESIAN_POINT ( 'NONE',  ( -64.11957248401952825, 12.50000000000000178, 95.31999765886212117 ) ) ;
#3899 = ORIENTED_EDGE ( 'NONE', *, *, #2752, .T. ) ;
#3900 = CARTESIAN_POINT ( 'NONE',  ( -27.85200326201104204, -12.48246866834359459, 37.26023721949791678 ) ) ;
#3901 = CARTESIAN_POINT ( 'NONE',  ( -58.68608213141970253, -12.49999999998770051, 85.76982070343859732 ) ) ;
#3902 = CARTESIAN_POINT ( 'NONE',  ( -8.461826075181809514, -4.500000000000000000, 64.36478362750889914 ) ) ;
#3903 = CARTESIAN_POINT ( 'NONE',  ( -83.51719613128808817, 12.49999999999910116, 77.98999632206910348 ) ) ;
#3904 = CARTESIAN_POINT ( 'NONE',  ( -6.444852438871842892, -6.236205096846595630, 41.89125812645249880 ) ) ;
#3905 = CARTESIAN_POINT ( 'NONE',  ( -36.02974160513964819, 2.195456317870301266, 43.04285925738480501 ) ) ;
#3906 = ORIENTED_EDGE ( 'NONE', *, *, #3732, .T. ) ;
#3907 = CARTESIAN_POINT ( 'NONE',  ( -35.20000000000000284, -4.600780098834749587, 38.00539841999069779 ) ) ;
#3908 = CARTESIAN_POINT ( 'NONE',  ( -75.25357558823716886, 11.38971840635135280, 92.73237831419355359 ) ) ;
#3909 = CARTESIAN_POINT ( 'NONE',  ( -27.30829876857989902, -12.49999999999979927, 41.68473267078800149 ) ) ;
#3910 = MECHANICAL_DESIGN_GEOMETRIC_PRESENTATION_REPRESENTATION (  '', ( #219 ), #2074 ) ;
#3911 = CARTESIAN_POINT ( 'NONE',  ( -85.22774004206850407, -12.50000000000000000, 75.03638167953759819 ) ) ;
#3912 = CARTESIAN_POINT ( 'NONE',  ( -85.70778038316468894, 12.49999999999910116, 72.20731803414639671 ) ) ;
#3913 = ORIENTED_EDGE ( 'NONE', *, *, #213, .F. ) ;
#3914 = CARTESIAN_POINT ( 'NONE',  ( -82.70026706987889042, -12.50000000000000000, 69.90046323470478740 ) ) ;
#3915 = PRESENTATION_LAYER_ASSIGNMENT (  '', '', ( #3058 ) ) ;
#3916 = CARTESIAN_POINT ( 'NONE',  ( -45.53102254422459794, -12.49999999996389910, 79.40471730019218910 ) ) ;
#3917 = CARTESIAN_POINT ( 'NONE',  ( -58.88919577968940189, 12.49999999999510081, 85.83215492314259620 ) ) ;
#3918 = CARTESIAN_POINT ( 'NONE',  ( -85.67059353411700329, -12.50000000000000000, 72.15295019340729255 ) ) ;
#3919 = CARTESIAN_POINT ( 'NONE',  ( -92.17413753332624538, 12.50000000000000355, 67.49034293786607464 ) ) ;
#3920 = CARTESIAN_POINT ( 'NONE',  ( -35.68911319087450806, 12.49999999995629985, 54.09509622589899891 ) ) ;
#3921 = CARTESIAN_POINT ( 'NONE',  ( -35.36440160856869852, -4.500000000000000000, 41.25280876321109957 ) ) ;
#3922 = CARTESIAN_POINT ( 'NONE',  ( -29.21490485747660060, 12.50000000000000000, 47.28785200679219969 ) ) ;
#3923 = CARTESIAN_POINT ( 'NONE',  ( -34.33541347121807519, -8.255791449263384152, 37.35742412956955860 ) ) ;
#3924 = CARTESIAN_POINT ( 'NONE',  ( -53.21107549995290498, 12.50000000000000000, 83.76172554329869513 ) ) ;
#3925 = CARTESIAN_POINT ( 'NONE',  ( -75.19969365277276552, -11.48321064079103415, 92.57314778080916540 ) ) ;
#3926 = CARTESIAN_POINT ( 'NONE',  ( -77.81900926483359626, -12.49999999999719869, 84.71216289635040653 ) ) ;
#3927 = CARTESIAN_POINT ( 'NONE',  ( -8.461826075181807738, -12.50000000000000178, 64.36478362750884230 ) ) ;
#3928 = CARTESIAN_POINT ( 'NONE',  ( -82.80317490667759728, 12.49999999999969980, 78.98988152774400362 ) ) ;
#3929 = CARTESIAN_POINT ( 'NONE',  ( -6.895054377438449400, -5.896393539521859850, 41.75000000000000000 ) ) ;
#3930 = FACE_OUTER_BOUND ( 'NONE', #1311, .T. ) ;
#3931 = ORIENTED_EDGE ( 'NONE', *, *, #3139, .F. ) ;
#3932 = CARTESIAN_POINT ( 'NONE',  ( -72.35043125284259702, -12.50000000000000000, 88.39920691103689876 ) ) ;
#3933 = CARTESIAN_POINT ( 'NONE',  ( -85.83910037378679192, -12.49999999756919955, 72.45294425168039254 ) ) ;
#3934 = UNCERTAINTY_MEASURE_WITH_UNIT (LENGTH_MEASURE( 1.000000000000000082E-05 ), #3746, 'distance_accuracy_value', 'NONE');
#3935 = CARTESIAN_POINT ( 'NONE',  ( -74.56592443853375585, 12.22601807833071419, 90.69775527144682314 ) ) ;
#3936 = CARTESIAN_POINT ( 'NONE',  ( -27.81047917920989931, -12.49999999999809930, 43.94093428501670218 ) ) ;
#3937 = CARTESIAN_POINT ( 'NONE',  ( -85.38419433488168409, -12.50000000000000000, 74.67660957473410122 ) ) ;
#3938 = CARTESIAN_POINT ( 'NONE',  ( -85.85751962883460919, 12.49999999969909936, 72.51607101765740993 ) ) ;
#3939 = ORIENTED_EDGE ( 'NONE', *, *, #1377, .T. ) ;
#3940 = CARTESIAN_POINT ( 'NONE',  ( -56.48662010717210791, 12.49999999993530153, 85.03416346901859413 ) ) ;
#3941 = CARTESIAN_POINT ( 'NONE',  ( -85.46461124057229597, -12.50000000000000000, 71.89702523074551266 ) ) ;
#3942 = CARTESIAN_POINT ( 'NONE',  ( -93.71638510313349002, 4.500000000000000000, 74.59615410656681433 ) ) ;
#3943 = CARTESIAN_POINT ( 'NONE',  ( -44.45591971192709480, 12.49999999996949818, 58.47147690297720146 ) ) ;
#3944 = CARTESIAN_POINT ( 'NONE',  ( -32.81875549197897612, -12.50000000000000178, 80.09942081749308329 ) ) ;
#3945 = CARTESIAN_POINT ( 'NONE',  ( -40.34307257738301900, -12.50000000000000178, 47.59661228115262332 ) ) ;
#3946 = CARTESIAN_POINT ( 'NONE',  ( -35.14671776247956103, 12.50000000000000178, 38.54761981129991710 ) ) ;
#3947 = CARTESIAN_POINT ( 'NONE',  ( -34.85241419034931454, -6.955832569092756934, 37.68029414478903760 ) ) ;
#3948 = CARTESIAN_POINT ( 'NONE',  ( -34.50481405078211594, 7.895099141628747930, 37.45216207046349410 ) ) ;
#3949 = CARTESIAN_POINT ( 'NONE',  ( -74.87684326027971338, -11.92289822624133322, 91.61750685275210060 ) ) ;
#3950 = CARTESIAN_POINT ( 'NONE',  ( -76.40234741826731124, -12.50000000000000000, 86.12247447103598574 ) ) ;
#3951 = EDGE_CURVE ( 'NONE', #1046, #2732, #1828, .T. ) ;
#3952 = CARTESIAN_POINT ( 'NONE',  ( -80.58302033815860455, 12.49999999999919886, 81.73739712373870248 ) ) ;
#3953 = CARTESIAN_POINT ( 'NONE',  ( -6.681087312718959836, -4.653964365321931140, 38.00000000000000000 ) ) ;
#3954 = CARTESIAN_POINT ( 'NONE',  ( -32.50287328094429995, -12.50000000000000000, 69.90681689081620220 ) ) ;
#3955 = CARTESIAN_POINT ( 'NONE',  ( -35.20000000000000284, -4.600780098834749587, 37.10029354652139943 ) ) ;
#3956 = CARTESIAN_POINT ( 'NONE',  ( -77.47258581936688415, -12.50000000000000000, 88.80573758309519405 ) ) ;
#3957 = CARTESIAN_POINT ( 'NONE',  ( -85.10649976932020877, -12.49999999999850075, 71.53730404531069098 ) ) ;
#3958 = CARTESIAN_POINT ( 'NONE',  ( -75.32651982604237162, 11.26133374202592741, 92.94803196611886165 ) ) ;
#3959 = CARTESIAN_POINT ( 'NONE',  ( -28.61510357120309678, -12.49999999999930012, 46.07725184754260539 ) ) ;
#3960 = CARTESIAN_POINT ( 'NONE',  ( -85.74161143689920550, 12.50000000000030020, 73.63286930837820421 ) ) ;
#3961 = ORIENTED_EDGE ( 'NONE', *, *, #1895, .T. ) ;
#3962 = CARTESIAN_POINT ( 'NONE',  ( -41.99135976509630552, 12.49999999980910026, 76.94035282422629507 ) ) ;
#3963 = CARTESIAN_POINT ( 'NONE',  ( -93.15612965842930748, 4.500000000000000000, 76.73160935177550357 ) ) ;
#3964 = CARTESIAN_POINT ( 'NONE',  ( -52.24136362482489915, 12.49999999999689848, 60.96469397141039792 ) ) ;
#3965 = CARTESIAN_POINT ( 'NONE',  ( -30.35657763254360120, -12.50000000000000000, 49.06236127690559812 ) ) ;
#3966 = CARTESIAN_POINT ( 'NONE',  ( -28.12089601262249872, 12.50000000000000000, 44.91896369157569779 ) ) ;
#3967 = CARTESIAN_POINT ( 'NONE',  ( -34.49940795082259370, -7.907431540749516152, 37.44938911015959349 ) ) ;
#3968 = CARTESIAN_POINT ( 'NONE',  ( -76.62713213188681038, 12.50000000000000178, 96.76866509402034922 ) ) ;
#3969 = CARTESIAN_POINT ( 'NONE',  ( -6.840531079149219984, -4.643912947079499531, 38.00000000000000000 ) ) ;
#3970 = CARTESIAN_POINT ( 'NONE',  ( -6.165529657794150076, 7.032413418728444832, 40.78582273258952284 ) ) ;
#3971 = CARTESIAN_POINT ( 'NONE',  ( -84.21772396350739598, 12.49999999997639932, 76.91076203048409354 ) ) ;
#3972 = CARTESIAN_POINT ( 'NONE',  ( -6.272067905043623881, -7.219268923169830821, 42.47372271565073731 ) ) ;
#3973 = CARTESIAN_POINT ( 'NONE',  ( -18.18180914265500192, -12.49999999994830091, 60.55663421312520001 ) ) ;
#3974 = CARTESIAN_POINT ( 'NONE',  ( -34.85598562684590007, -7.038953783496729955, 36.91275821386449962 ) ) ;
#3975 = ADVANCED_FACE ( 'NONE', ( #1917, #2300 ), #2252, .F. ) ;
#3976 =( BOUNDED_SURFACE ( )  B_SPLINE_SURFACE ( 3, 2, ( 
 ( #3800, #345, #1282 ),
 ( #949, #58, #3198 ),
 ( #2277, #3852, #3477 ),
 ( #1031, #1322, #2560 ),
 ( #628, #2526, #1633 ),
 ( #968, #3554, #1008 ),
 ( #1881, #2220, #1615 ),
 ( #2856, #1300, #2542 ),
 ( #3818, #687, #990 ),
 ( #2236, #3515, #1953 ),
 ( #664, #2601, #3573 ),
 ( #2382, #2023, #733 ),
 ( #2673, #447, #2045 ),
 ( #1456, #2694, #3330 ),
 ( #2992, #1714, #1078 ),
 ( #3307, #3620, #3014 ),
 ( #2363, #495, #758 ),
 ( #3599, #3946, #142 ),
 ( #185, #1123, #3643 ),
 ( #2321, #803, #163 ),
 ( #2296, #3260, #779 ),
 ( #427, #3285, #101 ),
 ( #2969, #1411, #2621 ),
 ( #122, #3872, #710 ),
 ( #2648, #2000, #2065 ),
 ( #1692, #470, #1434 ),
 ( #1763, #2946, #3966 ),
 ( #1977, #1387, #1366 ),
 ( #3895, #3239, #3922 ),
 ( #1104, #2340, #1142 ),
 ( #405, #1739, #1669 ),
 ( #2921, #1052, #3032 ),
 ( #1200, #2790, #3072 ),
 ( #1800, #1498, #3349 ),
 ( #4008, #2445, #3414 ),
 ( #1532, #2737, #1220 ),
 ( #867, #257, #4026 ),
 ( #1182, #1551, #1239 ),
 ( #1854, #533, #2715 ),
 ( #3390, #2424, #3107 ),
 ( #3724, #273, #886 ),
 ( #3706, #1474, #2116 ),
 ( #242, #2137, #4057 ),
 ( #2459, #3988, #556 ),
 ( #1838, #1819, #1161 ),
 ( #573, #902, #3090 ),
 ( #3369, #2770, #3687 ),
 ( #3668, #829, #4041 ),
 ( #3739, #204, #1517 ),
 ( #2753, #2154, #3051 ),
 ( #2083, #512, #1782 ),
 ( #2404, #847, #2100 ),
 ( #226, #963, #2809 ),
 ( #381, #2537, #320 ),
 ( #4074, #3813, #338 ),
 ( #3774, #941, #2194 ),
 ( #3134, #3472, #3451 ),
 ( #2851, #362, #2828 ),
 ( #1892, #2213, #606 ),
 ( #986, #1258, #2891 ),
 ( #3755, #3534, #1950 ),
 ( #34, #2874, #16 ),
 ( #73, #53, #684 ),
 ( #3794, #3216, #1874 ),
 ( #2175, #297, #1609 ),
 ( #1647, #623, #2479 ),
 ( #1568, #923, #2498 ),
 ( #3153, #3491, #1274 ),
 ( #1318, #640, #2232 ),
 ( #3830, #2521, #1910 ),
 ( #3172, #1295, #3511 ),
 ( #661, #1929, #3195 ),
 ( #2557, #1005, #467 ),
 ( #2917, #3919, #3616 ),
 ( #2668, #3869, #776 ),
 ( #2576, #1049, #707 ),
 ( #1664, #3325, #491 ),
 ( #3256, #1027, #98 ),
 ( #3282, #1711, #3569 ),
 ( #2042, #2337, #1973 ),
 ( #444, #2966, #1758 ),
 ( #424, #2942, #729 ),
 ( #1689, #139, #1097 ),
 ( #3303, #118, #2988 ),
 ( #2618, #1736, #1407 ),
 ( #1384, #3010, #1338 ),
 ( #2358, #2293, #3892 ),
 ( #3551, #160, #2274 ),
 ( #2641, #3640, #800 ),
 ( #2062, #1431, #3236 ),
 ( #3849, #1074, #401 ),
 ( #1120, #2316, #1362 ),
 ( #3942, #1995, #3594 ),
 ( #755, #2020, #2491 ),
 ( #530, #1268, #1562 ),
 ( #2510, #290, #312 ),
 ( #958, #3767, #3788 ),
 ( #3963, #2804, #2380 ),
 ( #3345, #1451, #825 ),
 ( #4069, #598, #1798 ),
 ( #1252, #2208, #3984 ),
 ( #1867, #3466, #3365 ),
 ( #1903, #2187, #3484 ),
 ( #1495, #635, #3662 ),
 ( #1139, #2081, #3445 ),
 ( #179, #2712, #2690 ),
 ( #510, #1779, #3030 ),
 ( #201, #2734, #1471 ),
 ( #618, #4002, #933 ),
 ( #1158, #2402, #2821 ),
 ( #1581, #1233, #3048 ),
 ( #2168, #11, #3684 ),
 ( #844, #3126, #2097 ),
 ( #221, #2474, #3750 ),
 ( #916, #2589, #2227 ),
 ( #3808, #415, #3229 ),
 ( #3523, #2841, #393 ),
 ( #2866, #1641, #2532 ),
 ( #675, #3842, #997 ),
 ( #2550, #3505, #747 ),
 ( #67, #3185, #2284 ),
 ( #978, #1659, #1943 ),
 ( #1309, #355, #1601 ),
 ( #1623, #654, #2884 ),
 ( #1065, #2308, #2906 ),
 ( #29, #1921, #88 ),
 ( #3544, #3824, #3248 ) ),
 .UNSPECIFIED., .F., .F., .F. ) 
 B_SPLINE_SURFACE_WITH_KNOTS ( ( 4, 1, 1, 1, 1, 1, 1, 1, 1, 1, 1, 1, 1, 1, 1, 1, 1, 1, 1, 1, 1, 1, 1, 1, 1, 1, 1, 1, 1, 1, 1, 1, 1, 1, 1, 1, 1, 1, 1, 1, 1, 1, 1, 1, 1, 1, 1, 1, 1, 1, 1, 1, 1, 1, 1, 1, 1, 1, 1, 1, 1, 1, 1, 1, 1, 1, 1, 1, 1, 1, 1, 1, 1, 1, 1, 1, 1, 1, 1, 1, 1, 1, 1, 1, 1, 1, 1, 1, 1, 1, 1, 1, 1, 1, 1, 1, 1, 1, 1, 1, 1, 1, 1, 1, 1, 1, 1, 1, 1, 1, 1, 1, 1, 1, 1, 1, 1, 1, 1, 1, 1, 1, 1, 1, 4 ),
 ( 3, 3 ),
 ( 0.1142468479180720059, 0.1146265589363289900, 0.1150062699545870010, 0.1151961254637160065, 0.1153859809728449981, 0.1155758364819740036, 0.1156707642365379929, 0.1157182281138200014, 0.1157419600524619979, 0.1157656919911029952, 0.1158131558683850038, 0.1158606197456669984, 0.1159555475002320007, 0.1160504752547960039, 0.1161454030093599932, 0.1163352585184889987, 0.1165251140276180042, 0.1172845360641339985, 0.1180439581006489935, 0.1188033801371649878, 0.1195628021736800106, 0.1203222242101959910, 0.1210816462467110000, 0.1218410682832269942, 0.1226004903197420032, 0.1233599123562579974, 0.1248787564292890007, 0.1263976005023200178, 0.1271570225388349851, 0.1279164445753510071, 0.1294352886483809972, 0.1309541327214120143, 0.1324729767944430037, 0.1339918208674739930, 0.1355106649405049823, 0.1370295090135359994, 0.1385483530865670165, 0.1415860412326290230, 0.1446237293786910016, 0.1476614175247530081, 0.1506991056708149868, 0.1537367938168769932, 0.1567744819629389996, 0.1598121701090010061, 0.1628498582550630125, 0.1658875464011249912, 0.1689252345471869976, 0.1719629226932490040, 0.1734817667662800211, 0.1750006108393110105, 0.1765194549123419998, 0.1780382989853729891, 0.1795571430584040062, 0.1803165650949190013, 0.1810759871314349956, 0.1818354091679500184, 0.1825948312044660127, 0.1833542532409810077, 0.1837339642592389910, 0.1841136752774970020, 0.1844933862957539861, 0.1848730973140120248, 0.1852528083322699803, 0.1856325193505279914, 0.1860122303687850032, 0.1862020858779140087, 0.1863919413870430142, 0.1865817968961719919, 0.1867716524053009974, 0.1869615079144300029, 0.1870564356689939922, 0.1871513634235589807, 0.1872462911781229977, 0.1873412189326869870, 0.1873886828099700086, 0.1874361466872520032, 0.1874836105645339979, 0.1875310744418159925, 0.1875785383190979871, 0.1876022702577400114, 0.1876260021963809810, 0.1876497341350220061, 0.1876734660736630034, 0.1877209299509449980, 0.1877683938282269926, 0.1878158577055100142, 0.1878633215827920089, 0.1879107854600740035, 0.1880057132146380205, 0.1881006409692030090, 0.1881955687237669983, 0.1882904964783320145, 0.1884803519874610200, 0.1886702074965900255, 0.1888600630057180041, 0.1890499185148470096, 0.1892397740239759873, 0.1894296295331049929, 0.1898093405513630039, 0.1901890515696200157, 0.1905687625878779989, 0.1909484736061360100, 0.1913281846243939932, 0.1917078956426510050, 0.1924673176791669993, 0.1932267397156820221, 0.1939861617521979886, 0.1947455837887130115, 0.1955050058252290057, 0.1962644278617440008, 0.1977832719347749901, 0.1993021160078060072, 0.2008209600808369966, 0.2023398041538679859, 0.2038586482268990030, 0.2053774922999300201, 0.2068963363729610094, 0.2084151804459919988, 0.2091746024825079930, 0.2099340245190230159, 0.2103137355372809991, 0.2106934465555389824, 0.2108833020646679879, 0.2110731575737959942, 0.2114528685920540052 ),
 ( 0.000000000000000000, 1.000000000000000000 ),
 .UNSPECIFIED. ) 
 GEOMETRIC_REPRESENTATION_ITEM ( )  RATIONAL_B_SPLINE_SURFACE ( (
 ( 1.000000000000000000, 0.7071067811865480168, 1.000000000000000000),
 ( 1.000000000000000000, 0.7071067811865480168, 1.000000000000000000),
 ( 1.000000000000000000, 0.7071067811865480168, 1.000000000000000000),
 ( 1.000000000000000000, 0.7071067811865480168, 1.000000000000000000),
 ( 1.000000000000000000, 0.7071067811865480168, 1.000000000000000000),
 ( 1.000000000000000000, 0.7071067811865470176, 1.000000000000000000),
 ( 1.000000000000000000, 0.7071067811865470176, 1.000000000000000000),
 ( 1.000000000000000000, 0.7071067811865480168, 1.000000000000000000),
 ( 1.000000000000000000, 0.7071067811865480168, 1.000000000000000000),
 ( 1.000000000000000000, 0.7071067811865480168, 1.000000000000000000),
 ( 1.000000000000000000, 0.7071067811865480168, 1.000000000000000000),
 ( 1.000000000000000000, 0.7071067811865480168, 1.000000000000000000),
 ( 1.000000000000000000, 0.7071067811865470176, 1.000000000000000000),
 ( 1.000000000000000000, 0.7071067811865470176, 1.000000000000000000),
 ( 1.000000000000000000, 0.7071067811865480168, 1.000000000000000000),
 ( 1.000000000000000000, 0.7071067811865480168, 1.000000000000000000),
 ( 1.000000000000000000, 0.7071067811865480168, 1.000000000000000000),
 ( 1.000000000000000000, 0.7071067811865480168, 1.000000000000000000),
 ( 1.000000000000000000, 0.7071067811865480168, 1.000000000000000000),
 ( 1.000000000000000000, 0.7071067811865480168, 1.000000000000000000),
 ( 1.000000000000000000, 0.7071067811865470176, 1.000000000000000000),
 ( 1.000000000000000000, 0.7071067811865470176, 1.000000000000000000),
 ( 1.000000000000000000, 0.7071067811865470176, 1.000000000000000000),
 ( 1.000000000000000000, 0.7071067811865470176, 1.000000000000000000),
 ( 1.000000000000000000, 0.7071067811865480168, 1.000000000000000000),
 ( 1.000000000000000000, 0.7071067811865470176, 1.000000000000000000),
 ( 1.000000000000000000, 0.7071067811865480168, 1.000000000000000000),
 ( 1.000000000000000000, 0.7071067811865470176, 1.000000000000000000),
 ( 1.000000000000000000, 0.7071067811865480168, 1.000000000000000000),
 ( 1.000000000000000000, 0.7071067811865470176, 1.000000000000000000),
 ( 1.000000000000000000, 0.7071067811865480168, 1.000000000000000000),
 ( 1.000000000000000000, 0.7071067811865470176, 1.000000000000000000),
 ( 1.000000000000000000, 0.7071067811865480168, 1.000000000000000000),
 ( 1.000000000000000000, 0.7071067811865470176, 1.000000000000000000),
 ( 1.000000000000000000, 0.7071067811865480168, 1.000000000000000000),
 ( 1.000000000000000000, 0.7071067811865480168, 1.000000000000000000),
 ( 1.000000000000000000, 0.7071067811865480168, 1.000000000000000000),
 ( 1.000000000000000000, 0.7071067811865480168, 1.000000000000000000),
 ( 1.000000000000000000, 0.7071067811865470176, 1.000000000000000000),
 ( 1.000000000000000000, 0.7071067811865480168, 1.000000000000000000),
 ( 1.000000000000000000, 0.7071067811865480168, 1.000000000000000000),
 ( 1.000000000000000000, 0.7071067811865480168, 1.000000000000000000),
 ( 1.000000000000000000, 0.7071067811865480168, 1.000000000000000000),
 ( 1.000000000000000000, 0.7071067811865470176, 1.000000000000000000),
 ( 1.000000000000000000, 0.7071067811865480168, 1.000000000000000000),
 ( 1.000000000000000000, 0.7071067811865480168, 1.000000000000000000),
 ( 1.000000000000000000, 0.7071067811865480168, 1.000000000000000000),
 ( 1.000000000000000000, 0.7071067811865470176, 1.000000000000000000),
 ( 1.000000000000000000, 0.7071067811865470176, 1.000000000000000000),
 ( 1.000000000000000000, 0.7071067811865480168, 1.000000000000000000),
 ( 1.000000000000000000, 0.7071067811865480168, 1.000000000000000000),
 ( 1.000000000000000000, 0.7071067811865480168, 1.000000000000000000),
 ( 1.000000000000000000, 0.7071067811865470176, 1.000000000000000000),
 ( 1.000000000000000000, 0.7071067811865480168, 1.000000000000000000),
 ( 1.000000000000000000, 0.7071067811865480168, 1.000000000000000000),
 ( 1.000000000000000000, 0.7071067811865480168, 1.000000000000000000),
 ( 1.000000000000000000, 0.7071067811865480168, 1.000000000000000000),
 ( 1.000000000000000000, 0.7071067811865470176, 1.000000000000000000),
 ( 1.000000000000000000, 0.7071067811865480168, 1.000000000000000000),
 ( 1.000000000000000000, 0.7071067811865480168, 1.000000000000000000),
 ( 1.000000000000000000, 0.7071067811865480168, 1.000000000000000000),
 ( 1.000000000000000000, 0.7071067811865480168, 1.000000000000000000),
 ( 1.000000000000000000, 0.7071067811865480168, 1.000000000000000000),
 ( 1.000000000000000000, 0.7071067811865480168, 1.000000000000000000),
 ( 1.000000000000000000, 0.7071067811865480168, 1.000000000000000000),
 ( 1.000000000000000000, 0.7071067811865480168, 1.000000000000000000),
 ( 1.000000000000000000, 0.7071067811865480168, 1.000000000000000000),
 ( 1.000000000000000000, 0.7071067811865470176, 1.000000000000000000),
 ( 1.000000000000000000, 0.7071067811865480168, 1.000000000000000000),
 ( 1.000000000000000000, 0.7071067811865480168, 1.000000000000000000),
 ( 1.000000000000000000, 0.7071067811865470176, 1.000000000000000000),
 ( 1.000000000000000000, 0.7071067811865480168, 1.000000000000000000),
 ( 1.000000000000000000, 0.7071067811865470176, 1.000000000000000000),
 ( 1.000000000000000000, 0.7071067811865470176, 1.000000000000000000),
 ( 1.000000000000000000, 0.7071067811865480168, 1.000000000000000000),
 ( 1.000000000000000000, 0.7071067811865470176, 1.000000000000000000),
 ( 1.000000000000000000, 0.7071067811865480168, 1.000000000000000000),
 ( 1.000000000000000000, 0.7071067811865470176, 1.000000000000000000),
 ( 1.000000000000000000, 0.7071067811865490160, 1.000000000000000000),
 ( 1.000000000000000000, 0.7071067811865470176, 1.000000000000000000),
 ( 1.000000000000000000, 0.7071067811865480168, 1.000000000000000000),
 ( 1.000000000000000000, 0.7071067811865480168, 1.000000000000000000),
 ( 1.000000000000000000, 0.7071067811865470176, 1.000000000000000000),
 ( 1.000000000000000000, 0.7071067811865490160, 1.000000000000000000),
 ( 1.000000000000000000, 0.7071067811865470176, 1.000000000000000000),
 ( 1.000000000000000000, 0.7071067811865480168, 1.000000000000000000),
 ( 1.000000000000000000, 0.7071067811865470176, 1.000000000000000000),
 ( 1.000000000000000000, 0.7071067811865480168, 1.000000000000000000),
 ( 1.000000000000000000, 0.7071067811865480168, 1.000000000000000000),
 ( 1.000000000000000000, 0.7071067811865480168, 1.000000000000000000),
 ( 1.000000000000000000, 0.7071067811865480168, 1.000000000000000000),
 ( 1.000000000000000000, 0.7071067811865470176, 1.000000000000000000),
 ( 1.000000000000000000, 0.7071067811865480168, 1.000000000000000000),
 ( 1.000000000000000000, 0.7071067811865470176, 1.000000000000000000),
 ( 1.000000000000000000, 0.7071067811865480168, 1.000000000000000000),
 ( 1.000000000000000000, 0.7071067811865480168, 1.000000000000000000),
 ( 1.000000000000000000, 0.7071067811865480168, 1.000000000000000000),
 ( 1.000000000000000000, 0.7071067811865460184, 1.000000000000000000),
 ( 1.000000000000000000, 0.7071067811865490160, 1.000000000000000000),
 ( 1.000000000000000000, 0.7071067811865460184, 1.000000000000000000),
 ( 1.000000000000000000, 0.7071067811865480168, 1.000000000000000000),
 ( 1.000000000000000000, 0.7071067811865470176, 1.000000000000000000),
 ( 1.000000000000000000, 0.7071067811865480168, 1.000000000000000000),
 ( 1.000000000000000000, 0.7071067811865470176, 1.000000000000000000),
 ( 1.000000000000000000, 0.7071067811865480168, 1.000000000000000000),
 ( 1.000000000000000000, 0.7071067811865470176, 1.000000000000000000),
 ( 1.000000000000000000, 0.7071067811865480168, 1.000000000000000000),
 ( 1.000000000000000000, 0.7071067811865480168, 1.000000000000000000),
 ( 1.000000000000000000, 0.7071067811865470176, 1.000000000000000000),
 ( 1.000000000000000000, 0.7071067811865480168, 1.000000000000000000),
 ( 1.000000000000000000, 0.7071067811865470176, 1.000000000000000000),
 ( 1.000000000000000000, 0.7071067811865480168, 1.000000000000000000),
 ( 1.000000000000000000, 0.7071067811865470176, 1.000000000000000000),
 ( 1.000000000000000000, 0.7071067811865480168, 1.000000000000000000),
 ( 1.000000000000000000, 0.7071067811865460184, 1.000000000000000000),
 ( 1.000000000000000000, 0.7071067811865490160, 1.000000000000000000),
 ( 1.000000000000000000, 0.7071067811865470176, 1.000000000000000000),
 ( 1.000000000000000000, 0.7071067811865480168, 1.000000000000000000),
 ( 1.000000000000000000, 0.7071067811865470176, 1.000000000000000000),
 ( 1.000000000000000000, 0.7071067811865470176, 1.000000000000000000),
 ( 1.000000000000000000, 0.7071067811865480168, 1.000000000000000000),
 ( 1.000000000000000000, 0.7071067811865480168, 1.000000000000000000),
 ( 1.000000000000000000, 0.7071067811865470176, 1.000000000000000000),
 ( 1.000000000000000000, 0.7071067811865480168, 1.000000000000000000),
 ( 1.000000000000000000, 0.7071067811865470176, 1.000000000000000000),
 ( 1.000000000000000000, 0.7071067811865480168, 1.000000000000000000),
 ( 1.000000000000000000, 0.7071067811865480168, 1.000000000000000000) ) ) 
 REPRESENTATION_ITEM ( '' )  SURFACE ( )  );
#3977 = CARTESIAN_POINT ( 'NONE',  ( -5.682325172056827078, 4.658131298519991859, 38.02036992419046157 ) ) ;
#3978 = CARTESIAN_POINT ( 'NONE',  ( -85.72550709119541068, -12.49999999997680078, 72.23477872315289972 ) ) ;
#3979 = CARTESIAN_POINT ( 'NONE',  ( -74.21484121453306670, 12.42676639456492538, 89.65644363998845279 ) ) ;
#3980 = CARTESIAN_POINT ( 'NONE',  ( -27.65705826742530249, -12.49999999999969980, 43.39183169205720247 ) ) ;
#3981 = CARTESIAN_POINT ( 'NONE',  ( -85.65318000944749599, 12.49999999998459899, 73.93654601892630751 ) ) ;
#3982 = ORIENTED_EDGE ( 'NONE', *, *, #1227, .F. ) ;
#3983 = CARTESIAN_POINT ( 'NONE',  ( -38.01473287013720181, 12.50000000000000000, 73.99683691382929851 ) ) ;
#3984 = CARTESIAN_POINT ( 'NONE',  ( -85.22768569851220377, 12.50000000000000000, 75.03650125638709767 ) ) ;
#3985 = CARTESIAN_POINT ( 'NONE',  ( -70.47011466758550569, 12.50000000000000000, 65.55794708766920564 ) ) ;
#3986 = VECTOR ( 'NONE', #881, 1000.000000000000000 ) ;
#3987 = CARTESIAN_POINT ( 'NONE',  ( -73.03040688998586916, -12.50000000000000178, 57.95555948328504314 ) ) ;
#3988 = CARTESIAN_POINT ( 'NONE',  ( -58.23963955968557116, 12.50000000000000355, 54.28334022984302720 ) ) ;
#3989 = CARTESIAN_POINT ( 'NONE',  ( -27.12847569726289976, 12.50000000000000000, 38.88720975851320105 ) ) ;
#3990 = FACE_OUTER_BOUND ( 'NONE', #1904, .T. ) ;
#3991 = CARTESIAN_POINT ( 'NONE',  ( -75.04005684819692590, -11.71783676566578691, 92.10077161342151442 ) ) ;
#3992 = CARTESIAN_POINT ( 'NONE',  ( -13.75436083365409878, 4.500000000000000000, 38.00000000000000000 ) ) ;
#3993 = CARTESIAN_POINT ( 'NONE',  ( -27.21692930468629967, 12.50000000000000000, 37.40766625019740133 ) ) ;
#3994 = CARTESIAN_POINT ( 'NONE',  ( -40.61406722531520330, -12.49999999976660092, 75.93725915538330185 ) ) ;
#3995 = CARTESIAN_POINT ( 'NONE',  ( -32.13745035459319865, 17.71000000000000085, 36.72045650744799872 ) ) ;
#3996 = DIRECTION ( 'NONE',  ( 0.7431448254773881379, 0.000000000000000000, 0.6691306063588650099 ) ) ;
#3997 = B_SPLINE_CURVE_WITH_KNOTS ( 'NONE', 3,
 ( #1650, #39, #21, #303 ),
 .UNSPECIFIED., .F., .F.,
 ( 4, 4 ),
 ( 0.000000000000000000, 1.000000000000000000 ),
 .UNSPECIFIED. ) ;
#3998 = CARTESIAN_POINT ( 'NONE',  ( -85.48739785935680402, 12.49999999992429878, 74.41276378416749537 ) ) ;
#3999 = EDGE_LOOP ( 'NONE', ( #3147, #2285, #2461, #2448 ) ) ;
#4000 = EDGE_CURVE ( 'NONE', #1046, #787, #198, .T. ) ;
#4001 = CARTESIAN_POINT ( 'NONE',  ( -57.06693561582309826, 12.49999999982459897, 85.23861269902189974 ) ) ;
#4002 = CARTESIAN_POINT ( 'NONE',  ( -89.22722655255689972, 12.50000000000000355, 83.76338982225188090 ) ) ;
#4003 = CARTESIAN_POINT ( 'NONE',  ( -77.43324295590379336, 12.49999999999889866, 67.65305765398549909 ) ) ;
#4004 = DIRECTION ( 'NONE',  ( 0.000000000000000000, -1.000000000000000000, 0.000000000000000000 ) ) ;
#4005 = CARTESIAN_POINT ( 'NONE',  ( -44.18715224367269911, -12.50000000000270006, 78.49899350478290216 ) ) ;
#4006 = CARTESIAN_POINT ( 'NONE',  ( -45.71062514640230035, -4.500000000000000000, 88.98532892137319550 ) ) ;
#4007 = CARTESIAN_POINT ( 'NONE',  ( -70.95290130361669867, -12.50000000000000000, 65.68148796410820012 ) ) ;
#4008 = CARTESIAN_POINT ( 'NONE',  ( -39.44907575430620028, 4.500000000000000000, 46.95800882968750045 ) ) ;
#4009 = CARTESIAN_POINT ( 'NONE',  ( -27.16044471937179949, 12.50000000000000000, 38.06881109950320052 ) ) ;
#4010 = PLANE ( 'NONE',  #1928 ) ;
#4011 = ORIENTED_EDGE ( 'NONE', *, *, #184, .T. ) ;
#4012 = CARTESIAN_POINT ( 'NONE',  ( -6.417561172210926479, 7.693342410598232206, 42.39321750085824192 ) ) ;
#4013 = CARTESIAN_POINT ( 'NONE',  ( -18.14088904965819182, -12.50000000000000178, 69.83615811504076021 ) ) ;
#4014 = CARTESIAN_POINT ( 'NONE',  ( -33.78398748872220381, 9.183471221054558598, 36.91927260808139266 ) ) ;
#4015 = CARTESIAN_POINT ( 'NONE',  ( -17.47780364837570133, -12.49999999997590017, 60.15649394519040527 ) ) ;
#4016 = CARTESIAN_POINT ( 'NONE',  ( -73.25301720009615281, -12.50000000000000000, 96.51867790502188882 ) ) ;
#4017 = CARTESIAN_POINT ( 'NONE',  ( -85.73443036524729166, -12.49999999996570033, 72.24859944073320150 ) ) ;
#4018 = CARTESIAN_POINT ( 'NONE',  ( -76.60098756744146442, 5.572035529298567269, 96.71354562035018887 ) ) ;
#4019 = CARTESIAN_POINT ( 'NONE',  ( -76.61933922723899570, 4.500000000000000000, 96.76816765603379622 ) ) ;
#4020 = CARTESIAN_POINT ( 'NONE',  ( -85.75780839196990257, 12.49999999999340083, 73.56856414475170425 ) ) ;
#4021 = ORIENTED_EDGE ( 'NONE', *, *, #1491, .F. ) ;
#4022 = CARTESIAN_POINT ( 'NONE',  ( -18.88240018727070435, 12.49999999990100008, 60.96241915408209877 ) ) ;
#4023 = CARTESIAN_POINT ( 'NONE',  ( -65.02012039121510156, 12.50000000000000000, 64.17729574965089512 ) ) ;
#4024 = EDGE_CURVE ( 'NONE', #1117, #3069, #3531, .T. ) ;
#4025 = CARTESIAN_POINT ( 'NONE',  ( -46.19504119800549802, -12.50000000000000000, 79.87529988345609411 ) ) ;
#4026 = CARTESIAN_POINT ( 'NONE',  ( -37.20548025401640757, 12.50000000000000000, 55.08024352927009915 ) ) ;
#4027 = CARTESIAN_POINT ( 'NONE',  ( -27.76861543101169971, 12.49999999999949907, 43.79820234840479998 ) ) ;
#4028 = FACE_OUTER_BOUND ( 'NONE', #1469, .T. ) ;
#4029 = EDGE_LOOP ( 'NONE', ( #1336, #376, #699, #703, #1156, #157 ) ) ;
#4030 = CARTESIAN_POINT ( 'NONE',  ( -34.63805106891069840, 7.594736884801660537, 38.00539823872090039 ) ) ;
#4031 = CARTESIAN_POINT ( 'NONE',  ( -28.85079247050730089, -12.49999999996610001, 67.31544143769458799 ) ) ;
#4032 = CARTESIAN_POINT ( 'NONE',  ( -9.891768143155267978, 11.51010743704852324, 60.44922075545630946 ) ) ;
#4033 = FACE_OUTER_BOUND ( 'NONE', #1449, .T. ) ;
#4034 = CARTESIAN_POINT ( 'NONE',  ( -22.35820574054320176, 12.50000000000000000, 63.03704699468060113 ) ) ;
#4035 = CARTESIAN_POINT ( 'NONE',  ( -85.75749295608309808, 12.49999999999359979, 73.56981782087281374 ) ) ;
#4036 = EDGE_LOOP ( 'NONE', ( #3606, #2399, #3982, #2843 ) ) ;
#4037 = CARTESIAN_POINT ( 'NONE',  ( -28.85079247050730089, 12.49999999996610001, 67.31544143769458799 ) ) ;
#4038 = CARTESIAN_POINT ( 'NONE',  ( -58.80934248149939947, 12.49999999999710099, 62.66639814475061598 ) ) ;
#4039 = CARTESIAN_POINT ( 'NONE',  ( -49.65428296086859916, -12.49999999995129940, 81.92281474144350284 ) ) ;
#4040 = CARTESIAN_POINT ( 'NONE',  ( -76.77877807293135959, -12.50000000000000178, 59.02648494877172425 ) ) ;
#4041 = CARTESIAN_POINT ( 'NONE',  ( -68.43117107344949090, 12.50000000000000000, 65.02039748425099219 ) ) ;
#4042 = AXIS2_PLACEMENT_3D ( 'NONE', #1986, #766, #3247 ) ;
#4043 = CARTESIAN_POINT ( 'NONE',  ( -27.31852353030649994, 12.50000000000000000, 41.75228582394630195 ) ) ;
#4044 = ORIENTED_EDGE ( 'NONE', *, *, #1019, .F. ) ;
#4045 = CARTESIAN_POINT ( 'NONE',  ( -82.80319504613670745, -12.49999999999969980, 78.98985434927780602 ) ) ;
#4046 = CARTESIAN_POINT ( 'NONE',  ( -35.25764139587718660, -1.320251879559984909, 40.73518783796690457 ) ) ;
#4047 = FILL_AREA_STYLE ('',( #2485 ) ) ;
#4048 = CARTESIAN_POINT ( 'NONE',  ( -6.311075182577068787, 6.986279978485254283, 42.21415726735343554 ) ) ;
#4049 = CARTESIAN_POINT ( 'NONE',  ( -5.926463733342441920, -6.150820471090097996, 62.89296371640179473 ) ) ;
#4050 = CARTESIAN_POINT ( 'NONE',  ( -7.192185401754845664, 9.076051987588508396, 62.10820813023472198 ) ) ;
#4051 = CARTESIAN_POINT ( 'NONE',  ( -33.08923116297495426, 10.04464099330395044, 36.87732780940754651 ) ) ;
#4052 = CARTESIAN_POINT ( 'NONE',  ( -40.88366232684629864, 12.50000000000000000, 76.14715598193630797 ) ) ;
#4053 = CARTESIAN_POINT ( 'NONE',  ( -85.75767361175279291, -12.49999999999350031, 73.56910010390060961 ) ) ;
#4054 = DIRECTION ( 'NONE',  ( 0.000000000000000000, 1.000000000000000000, 0.000000000000000000 ) ) ;
#4055 = CARTESIAN_POINT ( 'NONE',  ( -61.41570707768789816, 12.49999999999910116, 63.30245487586880415 ) ) ;
#4056 = CARTESIAN_POINT ( 'NONE',  ( -56.27187990779790283, -12.50000000000000000, 62.03774679817439619 ) ) ;
#4057 = CARTESIAN_POINT ( 'NONE',  ( -53.24510477117009799, 12.50000000000000000, 61.24706621230469494 ) ) ;
#4058 = CARTESIAN_POINT ( 'NONE',  ( -27.94002170703291910, 0.000000000000000000, 37.90324414439299971 ) ) ;
#4059 = DIRECTION ( 'NONE',  ( 0.000000000000000000, -1.000000000000000000, 0.000000000000000000 ) ) ;
#4060 = CARTESIAN_POINT ( 'NONE',  ( -74.36664792707175309, -12.35454688247139643, 90.10673198847516119 ) ) ;
#4061 = CARTESIAN_POINT ( 'NONE',  ( -65.49193182485490183, 12.49999999999769962, 87.42293421013170018 ) ) ;
#4062 = DIRECTION ( 'NONE',  ( -0.7431448254773899142, 0.000000000000000000, -0.6691306063588629005 ) ) ;
#4063 = DIRECTION ( 'NONE',  ( -1.000000000000000000, 0.000000000000000000, 0.000000000000000000 ) ) ;
#4064 = DIRECTION ( 'NONE',  ( 0.000000000000000000, 0.9409515677377441323, -0.3385412045407200643 ) ) ;
#4065 = CARTESIAN_POINT ( 'NONE',  ( -41.49421627567450344, -12.50000000000030020, 57.26653811088110047 ) ) ;
#4066 = CARTESIAN_POINT ( 'NONE',  ( -5.814676882376335065, 5.489311339857019689, 62.96267373670129075 ) ) ;
#4067 = EDGE_CURVE ( 'NONE', #1204, #3861, #3201, .T. ) ;
#4068 = CARTESIAN_POINT ( 'NONE',  ( -26.41181053703694559, 2.200000000000000178, 38.56330668192033073 ) ) ;
#4069 = CARTESIAN_POINT ( 'NONE',  ( -92.77500130020131053, 4.500000000000000000, 77.74300317553350226 ) ) ;
#4070 = CARTESIAN_POINT ( 'NONE',  ( -85.87854169553590111, -12.49999999985129939, 72.79409547183429652 ) ) ;
#4071 = CARTESIAN_POINT ( 'NONE',  ( -18.18180914265500192, 12.49999999994830091, 60.55663421312520001 ) ) ;
#4072 = CARTESIAN_POINT ( 'NONE',  ( -93.67982451931689525, -4.500000000000000000, 70.82857803245870798 ) ) ;
#4073 = CARTESIAN_POINT ( 'NONE',  ( -84.41868426705079287, 12.49999999994529887, 70.97605549023430171 ) ) ;
#4074 = CARTESIAN_POINT ( 'NONE',  ( -82.61862616446779839, 4.500000000000000000, 61.05227789882749789 ) ) ;
#4075 = CARTESIAN_POINT ( 'NONE',  ( -29.33014733840820298, 12.49999999999979927, 47.46236948696230229 ) ) ;
ENDSEC;
END-ISO-10303-21;
