ISO-10303-21;
HEADER;
FILE_DESCRIPTION (( 'STEP AP214' ),
    '1' );
FILE_NAME ('Wrist_Roll_SO102.STEP',
    '2026-09-16T23:31:49',
    ( '' ),
    ( '' ),
    'SwSTEP 2.0',
    'SolidWorks 2021',
    '' );
FILE_SCHEMA (( 'AUTOMOTIVE_DESIGN' ));
ENDSEC;

DATA;
#1 = CARTESIAN_POINT ( 'NONE',  ( 6.957540342595641469, -26.61666666666667069, 23.73186459032546480 ) ) ;
#2 = CARTESIAN_POINT ( 'NONE',  ( -31.54316722065698997, -40.82071070356786180, 5.000000000000000000 ) ) ;
#3 = CARTESIAN_POINT ( 'NONE',  ( -11.90033665948658737, -66.20000000000000284, 34.46447267963280581 ) ) ;
#4 = ORIENTED_EDGE ( 'NONE', *, *, #1384, .T. ) ;
#5 = ORIENTED_EDGE ( 'NONE', *, *, #526, .F. ) ;
#6 = CARTESIAN_POINT ( 'NONE',  ( -4.949747468305769615, -52.94974746830590107, -1.000000000000000000 ) ) ;
#7 = EDGE_LOOP ( 'NONE', ( #4341, #955, #4857, #1000, #6486 ) ) ;
#8 = LINE ( 'NONE', #2249, #5396 ) ;
#9 = CARTESIAN_POINT ( 'NONE',  ( -4.945057416291035679, -69.99945803620030915, 35.77645713530759508 ) ) ;
#10 = CARTESIAN_POINT ( 'NONE',  ( -30.59865264745479152, -56.30511050782131832, 5.000000000000000000 ) ) ;
#11 = ORIENTED_EDGE ( 'NONE', *, *, #5298, .T. ) ;
#12 = EDGE_CURVE ( 'NONE', #3214, #2468, #2474, .T. ) ;
#13 = CARTESIAN_POINT ( 'NONE',  ( 1.022232180771345700, -26.07971298645027858, 36.03634056603952018 ) ) ;
#14 = ORIENTED_EDGE ( 'NONE', *, *, #5298, .F. ) ;
#15 = CARTESIAN_POINT ( 'NONE',  ( -13.54487382768304293, -70.00366402836057489, 35.73675953496128699 ) ) ;
#16 = EDGE_CURVE ( 'NONE', #1387, #6481, #6107, .T. ) ;
#17 = DIRECTION ( 'NONE',  ( 1.000000000000000000, 0.000000000000000000, 0.000000000000000000 ) ) ;
#18 = AXIS2_PLACEMENT_3D ( 'NONE', #6347, #1692, #5205 ) ;
#19 = CARTESIAN_POINT ( 'NONE',  ( -11.83100181075461954, -71.09705768454908537, 31.68015948130031134 ) ) ;
#20 = DIRECTION ( 'NONE',  ( -4.557819132794839459E-16, 1.000000000000000000, 0.000000000000000000 ) ) ;
#21 = CARTESIAN_POINT ( 'NONE',  ( -11.06074065087059388, -68.74852335714307117, 11.67816010480782118 ) ) ;
#22 = UNCERTAINTY_MEASURE_WITH_UNIT (LENGTH_MEASURE( 1.000000000000000082E-05 ), #4839, 'distance_accuracy_value', 'NONE');
#23 = CARTESIAN_POINT ( 'NONE',  ( -18.64055243838488352, -68.25472075547291695, 35.96839431119059327 ) ) ;
#24 = EDGE_CURVE ( 'NONE', #50, #759, #5225, .T. ) ;
#25 = TOROIDAL_SURFACE ( 'NONE', #5490, 5.000000000000000000, 3.000000000000000000 ) ;
#26 = VERTEX_POINT ( 'NONE', #347 ) ;
#27 = CARTESIAN_POINT ( 'NONE',  ( 2.290209753834130613, -45.66131479956852957, 9.000000000000000000 ) ) ;
#28 = ORIENTED_EDGE ( 'NONE', *, *, #390, .F. ) ;
#29 = VECTOR ( 'NONE', #1677, 1000.000000000000114 ) ;
#30 = DIRECTION ( 'NONE',  ( 1.000000000000000000, 3.202566417187959410E-16, -0.000000000000000000 ) ) ;
#31 = CARTESIAN_POINT ( 'NONE',  ( -4.949747468305823794, -43.05025253169417709, 3.000000000000000888 ) ) ;
#32 = CARTESIAN_POINT ( 'NONE',  ( -34.81576167187939319, -40.93288837187605367, 37.05029354652139517 ) ) ;
#33 = EDGE_CURVE ( 'NONE', #3919, #1259, #866, .T. ) ;
#34 = DIRECTION ( 'NONE',  ( -3.202566417187959410E-16, 1.000000000000000000, 0.000000000000000000 ) ) ;
#35 = CARTESIAN_POINT ( 'NONE',  ( -12.64830264732113996, -71.76561268482213052, 15.45962595812919815 ) ) ;
#36 = VERTEX_POINT ( 'NONE', #4846 ) ;
#37 = VECTOR ( 'NONE', #5672, 1000.000000000000000 ) ;
#38 = EDGE_LOOP ( 'NONE', ( #2034, #2181, #2794, #7143, #1421, #1216 ) ) ;
#39 = AXIS2_PLACEMENT_3D ( 'NONE', #931, #7272, #6542 ) ;
#40 = CARTESIAN_POINT ( 'NONE',  ( -11.51192153315489008, -70.00062562553304701, 35.77209963259548431 ) ) ;
#41 = ORIENTED_EDGE ( 'NONE', *, *, #770, .T. ) ;
#42 = EDGE_LOOP ( 'NONE', ( #2645, #3376, #2768, #2306, #2888, #6574, #4428, #5535, #4033, #5476, #4360, #6786, #1188, #1302, #981, #382, #6901, #1866, #5387, #3497, #6155, #987, #5314 ) ) ;
#43 = DIRECTION ( 'NONE',  ( -0.000000000000000000, -0.000000000000000000, -1.000000000000000000 ) ) ;
#44 = ORIENTED_EDGE ( 'NONE', *, *, #1511, .T. ) ;
#45 = EDGE_CURVE ( 'NONE', #3940, #2021, #4057, .T. ) ;
#46 = CARTESIAN_POINT ( 'NONE',  ( 10.00000000000002842, -48.00000000000000711, -1.000000000000000000 ) ) ;
#47 = LINE ( 'NONE', #1201, #5165 ) ;
#48 = CARTESIAN_POINT ( 'NONE',  ( 4.949747468305815801, -43.05025253169415578, 5.000000000000000000 ) ) ;
#49 = ORIENTED_EDGE ( 'NONE', *, *, #246, .T. ) ;
#50 = VERTEX_POINT ( 'NONE', #7171 ) ;
#51 = LINE ( 'NONE', #5684, #1334 ) ;
#52 = ORIENTED_EDGE ( 'NONE', *, *, #7483, .F. ) ;
#53 = FACE_OUTER_BOUND ( 'NONE', #4465, .T. ) ;
#54 = CARTESIAN_POINT ( 'NONE',  ( -30.47502289115018925, -57.55090294617096447, 5.000000000000000000 ) ) ;
#55 = DIRECTION ( 'NONE',  ( 0.000000000000000000, 0.000000000000000000, -1.000000000000000000 ) ) ;
#56 = DIRECTION ( 'NONE',  ( 0.000000000000000000, 0.000000000000000000, -1.000000000000000000 ) ) ;
#57 = EDGE_CURVE ( 'NONE', #2979, #2699, #3689, .T. ) ;
#58 = EDGE_LOOP ( 'NONE', ( #3470, #1377, #3549, #6853 ) ) ;
#59 = CARTESIAN_POINT ( 'NONE',  ( 4.029470879917133708, -72.00000000000001421, 4.999999999999999112 ) ) ;
#60 = LINE ( 'NONE', #5830, #2848 ) ;
#61 = ORIENTED_EDGE ( 'NONE', *, *, #7208, .F. ) ;
#62 = EDGE_CURVE ( 'NONE', #6260, #2470, #1984, .T. ) ;
#63 = LINE ( 'NONE', #558, #3402 ) ;
#64 = CARTESIAN_POINT ( 'NONE',  ( 8.166530530687865053, -72.00000000000000000, 10.99999725673800199 ) ) ;
#65 = LINE ( 'NONE', #1258, #1288 ) ;
#66 = ORIENTED_EDGE ( 'NONE', *, *, #2963, .T. ) ;
#67 = DIRECTION ( 'NONE',  ( 0.004276014937614538818, 1.369422183859838967E-18, -0.9999908578063367859 ) ) ;
#68 = ORIENTED_EDGE ( 'NONE', *, *, #3787, .F. ) ;
#69 = DIRECTION ( 'NONE',  ( -0.000000000000000000, -0.000000000000000000, 1.000000000000000000 ) ) ;
#70 = VECTOR ( 'NONE', #2748, 1000.000000000000000 ) ;
#71 = CARTESIAN_POINT ( 'NONE',  ( 0.5029481705224162491, -26.61666666666668490, 37.23921161316502548 ) ) ;
#72 = VECTOR ( 'NONE', #5955, 1000.000000000000000 ) ;
#73 = VERTEX_POINT ( 'NONE', #3204 ) ;
#74 = ORIENTED_EDGE ( 'NONE', *, *, #5640, .F. ) ;
#75 = CARTESIAN_POINT ( 'NONE',  ( -33.21894119856559513, -37.97318906108971959, 8.000000000000008882 ) ) ;
#76 = ORIENTED_EDGE ( 'NONE', *, *, #2569, .F. ) ;
#77 = DIRECTION ( 'NONE',  ( -3.202566417187959410E-16, 1.000000000000000000, -3.136184743715090288E-16 ) ) ;
#78 = VECTOR ( 'NONE', #3072, 1000.000000000000227 ) ;
#79 = CARTESIAN_POINT ( 'NONE',  ( -11.90033665948658737, -66.20000000000000284, 34.46447267963280581 ) ) ;
#80 = FACE_OUTER_BOUND ( 'NONE', #5595, .T. ) ;
#81 = EDGE_CURVE ( 'NONE', #2976, #1891, #6141, .T. ) ;
#82 = CIRCLE ( 'NONE', #3219, 1.249999999999997558 ) ;
#83 = PLANE ( 'NONE',  #6497 ) ;
#84 = DIRECTION ( 'NONE',  ( 3.202566417187959410E-16, -1.000000000000000000, -0.000000000000000000 ) ) ;
#85 = VERTEX_POINT ( 'NONE', #1078 ) ;
#86 = AXIS2_PLACEMENT_3D ( 'NONE', #3749, #4866, #888 ) ;
#87 = DIRECTION ( 'NONE',  ( 3.045821659934636816E-16, -0.9510565162951549745, -0.3090169943749430104 ) ) ;
#88 = VERTEX_POINT ( 'NONE', #6826 ) ;
#89 = DIRECTION ( 'NONE',  ( 1.000000000000000000, 0.000000000000000000, 0.000000000000000000 ) ) ;
#90 = CARTESIAN_POINT ( 'NONE',  ( -32.18287298311388867, -55.80767697989805498, 5.000000000000000000 ) ) ;
#91 = B_SPLINE_SURFACE_WITH_KNOTS ( 'NONE', 3, 3, ( 
 ( #4916, #2013, #4335, #3760, #5677, #1097, #6880, #4544, #3978, #3413, #5788, #4621, #5286, #4701, #204, #7035, #4091, #1842, #4200, #4744, #2326, #1807, #5406, #2409 ),
 ( #3593, #2448, #3018, #54, #7152, #4162, #1880, #655, #6426, #90, #4125, #3554, #1207, #6996, #6464, #1244, #6575, #803, #6004, #5895, #1279, #168, #3515, #2490 ),
 ( #6536, #4662, #696, #1773, #5859, #2941, #5248, #2981, #4821, #732, #7075, #1313, #7110, #130, #2368, #3630, #5322, #5968, #4779, #767, #6496, #1918, #3054, #5359 ),
 ( #4241, #5932, #3666, #1354, #1391, #7300, #4937, #843, #241, #5451, #1551, #4352, #397, #882, #4431, #278, #3819, #2565, #5566, #5528, #4315, #317, #921, #362 ),
 ( #6729, #7265, #2527, #6159, #2037, #6694, #6197, #7337, #2676, #7185, #2069, #6771, #1472, #4394, #2646, #1515, #6653, #5603, #3783, #5008, #2100, #3135, #3705, #4973 ) ),
 .UNSPECIFIED., .F., .F., .F.,
 ( 4, 1, 4 ),
 ( 4, 1, 1, 1, 1, 1, 1, 1, 1, 1, 1, 1, 1, 1, 1, 1, 1, 1, 1, 2, 4 ),
 ( 0.000000000000000000, 0.5714285714285709528, 1.000000000000000000 ),
 ( -2.870756024861199996E-05, 0.006029664979774720240, 0.01208803751979799918, 0.02420478259984469929, 0.04843827275993799891, 0.09690525308012459815, 0.1453722334003109962, 0.1853296334865109918, 0.2252870335727109874, 0.2652444336589109830, 0.3050532324986680033, 0.3249576319185460416, 0.3663006179790450068, 0.3869721110092950167, 0.4295164208174709897, 0.4720607306256469626, 0.4933328855297349769, 0.5039689629817789562, 0.5092870017078010569, 0.5146050404338229356, 0.5148962991820530410 ),
 .UNSPECIFIED. ) ;
#92 = CARTESIAN_POINT ( 'NONE',  ( -17.74961915645648958, -48.00000000000001421, 36.90539853649280388 ) ) ;
#93 = B_SPLINE_CURVE_WITH_KNOTS ( 'NONE', 3,
 ( #5058, #2750, #2783, #5097, #5132, #7418, #7452, #7091, #6517, #112, #4071, #35, #5876, #3003, #715, #1225, #674, #5838, #1149, #7018 ),
 .UNSPECIFIED., .F., .F.,
 ( 4, 2, 2, 2, 2, 2, 2, 2, 2, 4 ),
 ( 0.005285167631947008081, 0.005944683260059602410, 0.006604198888172196739, 0.007263714516284790201, 0.007923230144397384531, 0.008582745772509978860, 0.009242261400622573189, 0.009572019214678869486, 0.009901777028735167518, 0.01056129265684776185 ),
 .UNSPECIFIED. ) ;
#94 = FACE_OUTER_BOUND ( 'NONE', #7139, .T. ) ;
#95 = CARTESIAN_POINT ( 'NONE',  ( -16.00000000000000000, -47.02943725152284316, 5.000000000000000000 ) ) ;
#96 = FACE_OUTER_BOUND ( 'NONE', #1484, .T. ) ;
#97 = AXIS2_PLACEMENT_3D ( 'NONE', #261, #6677, #5474 ) ;
#98 = ORIENTED_EDGE ( 'NONE', *, *, #2027, .F. ) ;
#99 = DIRECTION ( 'NONE',  ( 1.000000000000000000, 0.000000000000000000, 0.000000000000000000 ) ) ;
#100 = EDGE_CURVE ( 'NONE', #2169, #4181, #3392, .T. ) ;
#101 = DIRECTION ( 'NONE',  ( -0.000000000000000000, -0.000000000000000000, -1.000000000000000000 ) ) ;
#102 = ORIENTED_EDGE ( 'NONE', *, *, #4076, .T. ) ;
#103 = CIRCLE ( 'NONE', #1901, 1.599999999999999867 ) ;
#104 = VECTOR ( 'NONE', #2503, 1000.000000000000000 ) ;
#105 = DIRECTION ( 'NONE',  ( 0.000000000000000000, 0.000000000000000000, 1.000000000000000000 ) ) ;
#106 = CARTESIAN_POINT ( 'NONE',  ( 13.98768414292698203, -25.65154601172996607, 10.68705646867039505 ) ) ;
#107 = ADVANCED_FACE ( 'NONE', ( #2665 ), #4999, .F. ) ;
#108 = CARTESIAN_POINT ( 'NONE',  ( -11.68872917433666103, -28.40746987889259501, 37.94987867829871675 ) ) ;
#109 = ORIENTED_EDGE ( 'NONE', *, *, #4076, .F. ) ;
#110 = ADVANCED_FACE ( 'NONE', ( #4491, #1607 ), #427, .T. ) ;
#111 = AXIS2_PLACEMENT_3D ( 'NONE', #4988, #6672, #4951 ) ;
#112 = CARTESIAN_POINT ( 'NONE',  ( -13.27565906068170953, -71.58142789106577197, 15.35409399387945584 ) ) ;
#113 = ORIENTED_EDGE ( 'NONE', *, *, #1714, .F. ) ;
#114 = CARTESIAN_POINT ( 'NONE',  ( -15.24701158819040003, -25.41109842617131065, 27.25711290303420142 ) ) ;
#115 = CIRCLE ( 'NONE', #2638, 0.9999999999999991118 ) ;
#116 = VERTEX_POINT ( 'NONE', #2731 ) ;
#117 = VERTEX_POINT ( 'NONE', #5693 ) ;
#118 = CARTESIAN_POINT ( 'NONE',  ( -32.15895766339130546, -37.05693029875281752, 8.000000000000008882 ) ) ;
#119 = ORIENTED_EDGE ( 'NONE', *, *, #131, .T. ) ;
#120 = EDGE_CURVE ( 'NONE', #1651, #6760, #6294, .T. ) ;
#121 = CARTESIAN_POINT ( 'NONE',  ( -2.614697397819304658, -70.55119195019233302, 5.308551263073023385 ) ) ;
#122 = EDGE_LOOP ( 'NONE', ( #5092, #784, #5024, #2444 ) ) ;
#123 = CARTESIAN_POINT ( 'NONE',  ( -31.49664967056447296, -59.30464912860403359, 7.214156721520097015 ) ) ;
#124 = LINE ( 'NONE', #5351, #7467 ) ;
#125 = CARTESIAN_POINT ( 'NONE',  ( -10.87760785402336516, -24.00161201555831880, 12.50197389230819844 ) ) ;
#126 = ORIENTED_EDGE ( 'NONE', *, *, #4902, .T. ) ;
#127 = FACE_OUTER_BOUND ( 'NONE', #2673, .T. ) ;
#128 = VERTEX_POINT ( 'NONE', #2801 ) ;
#129 = DIRECTION ( 'NONE',  ( 7.132909029509898484E-18, 1.000000000000000000, 0.000000000000000000 ) ) ;
#130 = CARTESIAN_POINT ( 'NONE',  ( -34.32511284212478841, -54.80969869848759402, 5.753556018496659874 ) ) ;
#131 = EDGE_CURVE ( 'NONE', #5464, #3610, #6860, .T. ) ;
#132 = FACE_OUTER_BOUND ( 'NONE', #5875, .T. ) ;
#133 = CARTESIAN_POINT ( 'NONE',  ( -19.51065735358305631, -65.15947254229844532, 5.152231909576442170 ) ) ;
#134 = CARTESIAN_POINT ( 'NONE',  ( -34.55840572960219959, -55.78764302020419308, 37.05029354652139517 ) ) ;
#135 = LINE ( 'NONE', #7080, #4015 ) ;
#136 = AXIS2_PLACEMENT_3D ( 'NONE', #4990, #1134, #7321 ) ;
#137 = EDGE_CURVE ( 'NONE', #716, #1496, #3578, .T. ) ;
#138 = DIRECTION ( 'NONE',  ( -2.026482704661311447E-16, 1.000000000000000000, 0.000000000000000000 ) ) ;
#139 = VERTEX_POINT ( 'NONE', #3917 ) ;
#140 = CARTESIAN_POINT ( 'NONE',  ( -8.485281374238546448, -39.51471862576141802, 1.000000000000000000 ) ) ;
#141 = LINE ( 'NONE', #5470, #1758 ) ;
#142 = LINE ( 'NONE', #5983, #4920 ) ;
#143 = DIRECTION ( 'NONE',  ( 0.000000000000000000, 0.000000000000000000, -1.000000000000000000 ) ) ;
#144 = ORIENTED_EDGE ( 'NONE', *, *, #4053, .T. ) ;
#145 = LINE ( 'NONE', #1825, #5559 ) ;
#146 = ORIENTED_EDGE ( 'NONE', *, *, #2679, .F. ) ;
#147 = AXIS2_PLACEMENT_3D ( 'NONE', #3628, #5965, #3052 ) ;
#148 = EDGE_CURVE ( 'NONE', #2054, #2959, #6687, .T. ) ;
#149 = ADVANCED_FACE ( 'NONE', ( #560 ), #3989, .F. ) ;
#150 = ORIENTED_EDGE ( 'NONE', *, *, #2070, .T. ) ;
#151 = EDGE_LOOP ( 'NONE', ( #6945, #6768, #2890, #4225, #4572 ) ) ;
#152 = VECTOR ( 'NONE', #7198, 1000.000000000000227 ) ;
#153 = CARTESIAN_POINT ( 'NONE',  ( -34.68465015972248722, -40.49273694563849801, 8.000000000000000000 ) ) ;
#154 = EDGE_LOOP ( 'NONE', ( #3242, #3702, #645, #1056, #3134 ) ) ;
#155 = DIRECTION ( 'NONE',  ( 0.000000000000000000, 0.000000000000000000, -1.000000000000000000 ) ) ;
#156 = VERTEX_POINT ( 'NONE', #2270 ) ;
#157 = AXIS2_PLACEMENT_3D ( 'NONE', #2327, #1393, #804 ) ;
#158 = CARTESIAN_POINT ( 'NONE',  ( 7.860597175941263615, -72.00000000000001421, 5.001282804481280486 ) ) ;
#159 = CARTESIAN_POINT ( 'NONE',  ( -8.100336659486627511, -29.80000000000001137, 33.03552732036720840 ) ) ;
#160 = EDGE_CURVE ( 'NONE', #3541, #4739, #4596, .T. ) ;
#161 = FACE_OUTER_BOUND ( 'NONE', #2629, .T. ) ;
#162 = CARTESIAN_POINT ( 'NONE',  ( -13.84333798056292686, -71.36450753741752351, 11.42316106333654169 ) ) ;
#163 = VECTOR ( 'NONE', #3709, 1000.000000000000000 ) ;
#164 = ORIENTED_EDGE ( 'NONE', *, *, #3792, .T. ) ;
#165 = ORIENTED_EDGE ( 'NONE', *, *, #4924, .T. ) ;
#166 = CARTESIAN_POINT ( 'NONE',  ( -33.79344692482179369, -38.83025249608583351, 37.05029354652139517 ) ) ;
#167 = ORIENTED_EDGE ( 'NONE', *, *, #2567, .T. ) ;
#168 = CARTESIAN_POINT ( 'NONE',  ( -33.09768682684339325, -52.58140275150862664, 5.000000000000000000 ) ) ;
#169 = CARTESIAN_POINT ( 'NONE',  ( 11.46637202853521664, -76.00000000000001421, 5.000279944067120397 ) ) ;
#170 = PLANE ( 'NONE',  #6858 ) ;
#171 = CARTESIAN_POINT ( 'NONE',  ( -19.51228559377130267, -64.97829232039867975, 5.106438590099608099 ) ) ;
#172 =( BOUNDED_CURVE ( )  B_SPLINE_CURVE ( 3, ( #2609, #2149, #442, #928 ),
 .UNSPECIFIED., .F., .T. ) 
 B_SPLINE_CURVE_WITH_KNOTS ( ( 4, 4 ),
 ( 3.556439482864786505, 3.916518841475270296 ),
 .UNSPECIFIED. ) 
 CURVE ( )  GEOMETRIC_REPRESENTATION_ITEM ( )  RATIONAL_B_SPLINE_CURVE ( ( 1.000000000000000000, 0.9892243921630179404, 0.9892243921630179404, 1.000000000000000000 ) ) 
 REPRESENTATION_ITEM ( '' )  );
#173 = CARTESIAN_POINT ( 'NONE',  ( -14.79999999999998650, -66.20000000000000284, 13.25000000000000178 ) ) ;
#174 = EDGE_LOOP ( 'NONE', ( #1542, #5124, #5172, #3369, #2216 ) ) ;
#175 = CARTESIAN_POINT ( 'NONE',  ( -11.06074065087061520, -57.70673426229028280, 11.67816010480783895 ) ) ;
#176 = CARTESIAN_POINT ( 'NONE',  ( -23.67919883062559094, -45.02721203989305820, 37.94999999999999574 ) ) ;
#177 = ORIENTED_EDGE ( 'NONE', *, *, #6564, .T. ) ;
#178 = LINE ( 'NONE', #5943, #4795 ) ;
#179 = DIRECTION ( 'NONE',  ( 3.202566417187959410E-16, -1.000000000000000000, 0.000000000000000000 ) ) ;
#180 = ADVANCED_FACE ( 'NONE', ( #1185 ), #3494, .T. ) ;
#181 = CARTESIAN_POINT ( 'NONE',  ( -12.07816333040399392, -68.15497853798626693, 11.11165887509509886 ) ) ;
#182 = CARTESIAN_POINT ( 'NONE',  ( -9.800000000000006040, -7.000000000000006217, 33.75000000000000000 ) ) ;
#183 = SURFACE_SIDE_STYLE ('',( #5379 ) ) ;
#184 = DIRECTION ( 'NONE',  ( -1.000000000000000000, 0.000000000000000000, 0.000000000000000000 ) ) ;
#185 = CARTESIAN_POINT ( 'NONE',  ( -12.59999999999998721, -64.15000000000000568, 13.25000000000000000 ) ) ;
#186 = ORIENTED_EDGE ( 'NONE', *, *, #4610, .F. ) ;
#187 = CIRCLE ( 'NONE', #7458, 2.200000000000000622 ) ;
#188 = CARTESIAN_POINT ( 'NONE',  ( -27.20570393024539158, -52.73281318469169321, 37.35894263201630139 ) ) ;
#189 = EDGE_LOOP ( 'NONE', ( #3782, #3513 ) ) ;
#190 = ORIENTED_EDGE ( 'NONE', *, *, #1144, .T. ) ;
#191 = ORIENTED_EDGE ( 'NONE', *, *, #4810, .T. ) ;
#192 = CARTESIAN_POINT ( 'NONE',  ( -17.29446078430857980, -64.15000000000000568, 20.09446078430826077 ) ) ;
#193 = ORIENTED_EDGE ( 'NONE', *, *, #914, .F. ) ;
#194 = ORIENTED_EDGE ( 'NONE', *, *, #4996, .F. ) ;
#195 = EDGE_CURVE ( 'NONE', #3267, #7385, #1052, .T. ) ;
#196 = VECTOR ( 'NONE', #2715, 1000.000000000000000 ) ;
#197 = ORIENTED_EDGE ( 'NONE', *, *, #7512, .F. ) ;
#198 = CARTESIAN_POINT ( 'NONE',  ( -31.04260003400006340, -58.64701087984751382, 5.879190054514012331 ) ) ;
#199 = CARTESIAN_POINT ( 'NONE',  ( -14.63747189210745603, -70.97203446726061316, 12.39165048598271746 ) ) ;
#200 = CARTESIAN_POINT ( 'NONE',  ( -12.59999999999998721, -64.15000000000000568, 13.25000000000000000 ) ) ;
#201 = ORIENTED_EDGE ( 'NONE', *, *, #2973, .T. ) ;
#202 = CARTESIAN_POINT ( 'NONE',  ( -26.94350895841949267, -43.26718681530833521, 37.94999999999999574 ) ) ;
#203 = EDGE_LOOP ( 'NONE', ( #3525, #5657, #6878, #343 ) ) ;
#204 = CARTESIAN_POINT ( 'NONE',  ( -32.06555374420419469, -53.76857409655860920, 5.000000000000000000 ) ) ;
#205 = VECTOR ( 'NONE', #3684, 1000.000000000000000 ) ;
#206 = EDGE_CURVE ( 'NONE', #4936, #1278, #1369, .T. ) ;
#207 = VECTOR ( 'NONE', #2956, 1000.000000000000114 ) ;
#208 = PLANE ( 'NONE',  #1516 ) ;
#209 = CARTESIAN_POINT ( 'NONE',  ( -34.67212716299958686, -55.48436450772489081, 37.05029354652139517 ) ) ;
#210 = VECTOR ( 'NONE', #6612, 1000.000000000000000 ) ;
#211 = CARTESIAN_POINT ( 'NONE',  ( -23.12708923773162084, -35.03129589913737618, 37.91699338154018761 ) ) ;
#212 = CARTESIAN_POINT ( 'NONE',  ( -3.830286123484390348, -54.09290375571838183, 3.000000000000000000 ) ) ;
#213 = ORIENTED_EDGE ( 'NONE', *, *, #4332, .F. ) ;
#214 = CIRCLE ( 'NONE', #6281, 3.000000000000000000 ) ;
#215 = CARTESIAN_POINT ( 'NONE',  ( -11.90033665948658737, -66.20000000000000284, 13.96447267963279870 ) ) ;
#216 = LINE ( 'NONE', #2463, #6171 ) ;
#217 = DIRECTION ( 'NONE',  ( -4.557819132794839459E-16, 1.000000000000000000, 0.000000000000000000 ) ) ;
#218 = SURFACE_STYLE_FILL_AREA ( #4220 ) ;
#219 = DIRECTION ( 'NONE',  ( -1.000000000000000000, 0.000000000000000000, 0.000000000000000000 ) ) ;
#220 = ORIENTED_EDGE ( 'NONE', *, *, #6163, .T. ) ;
#221 = ADVANCED_FACE ( 'NONE', ( #2510 ), #1327, .F. ) ;
#222 = CARTESIAN_POINT ( 'NONE',  ( -31.07091379953136823, -36.34047931430418998, 36.65834505279470790 ) ) ;
#223 = VERTEX_POINT ( 'NONE', #3195 ) ;
#224 = VECTOR ( 'NONE', #4764, 1000.000000000000227 ) ;
#225 = AXIS2_PLACEMENT_3D ( 'NONE', #200, #2643, #237 ) ;
#226 = ORIENTED_EDGE ( 'NONE', *, *, #6832, .F. ) ;
#227 = CARTESIAN_POINT ( 'NONE',  ( 11.96638166968816108, -69.01373052928221341, 5.000000000000000000 ) ) ;
#228 = FACE_OUTER_BOUND ( 'NONE', #3428, .T. ) ;
#229 = ORIENTED_EDGE ( 'NONE', *, *, #6922, .T. ) ;
#230 = CARTESIAN_POINT ( 'NONE',  ( 7.686159401251103766E-15, -48.00000000000000711, 0.9999999999999931166 ) ) ;
#231 = ORIENTED_EDGE ( 'NONE', *, *, #6679, .F. ) ;
#232 = EDGE_CURVE ( 'NONE', #117, #4528, #142, .T. ) ;
#233 = VECTOR ( 'NONE', #4943, 1000.000000000000000 ) ;
#234 = DIRECTION ( 'NONE',  ( -3.202566417187959410E-16, 1.000000000000000000, 0.000000000000000000 ) ) ;
#235 = CARTESIAN_POINT ( 'NONE',  ( -35.19999999999999574, -48.35000000000001563, 23.40000000000000213 ) ) ;
#236 = CARTESIAN_POINT ( 'NONE',  ( -10.99999999999999645, -24.00526558340328975, 13.05892015878768220 ) ) ;
#237 = DIRECTION ( 'NONE',  ( 1.000000000000000000, 0.000000000000000000, 0.000000000000000000 ) ) ;
#238 = ORIENTED_EDGE ( 'NONE', *, *, #7065, .F. ) ;
#239 = ORIENTED_EDGE ( 'NONE', *, *, #6369, .F. ) ;
#240 = ORIENTED_EDGE ( 'NONE', *, *, #4478, .T. ) ;
#241 = CARTESIAN_POINT ( 'NONE',  ( -33.57789434075399271, -57.48039352759928988, 7.326801574230770164 ) ) ;
#242 = CARTESIAN_POINT ( 'NONE',  ( -3.830286123484413885, -41.90709624428166791, -1.000000000000000000 ) ) ;
#243 = CARTESIAN_POINT ( 'NONE',  ( 26.99999932944771075, -62.00000000000000000, 7.999997256737990448 ) ) ;
#244 = CARTESIAN_POINT ( 'NONE',  ( -14.99999999999998579, -64.15000000000000568, 36.00000000000000000 ) ) ;
#245 = EDGE_CURVE ( 'NONE', #6445, #4733, #6514, .T. ) ;
#246 = EDGE_CURVE ( 'NONE', #2297, #3512, #748, .T. ) ;
#247 = CARTESIAN_POINT ( 'NONE',  ( -14.99999999999999822, -31.85000000000001563, 46.06566544677749420 ) ) ;
#248 = CARTESIAN_POINT ( 'NONE',  ( 58.97731959999369877, -31.99999999999998579, 16.40000000000000213 ) ) ;
#249 = ORIENTED_EDGE ( 'NONE', *, *, #6487, .F. ) ;
#250 = CARTESIAN_POINT ( 'NONE',  ( -22.97394853573279860, -34.99420177266025433, 37.92436051801946206 ) ) ;
#251 = CARTESIAN_POINT ( 'NONE',  ( -6.150375884313878494, -43.26718681530830679, 37.94999999999999574 ) ) ;
#252 = CARTESIAN_POINT ( 'NONE',  ( -4.949747468305769615, -52.94974746830590107, 9.000000000000000000 ) ) ;
#253 = CARTESIAN_POINT ( 'NONE',  ( -27.73616232194079245, -43.26718681530833521, 37.94999999999999574 ) ) ;
#254 = DIRECTION ( 'NONE',  ( 1.000000000000000000, 0.000000000000000000, 0.000000000000000000 ) ) ;
#255 = EDGE_CURVE ( 'NONE', #5985, #7407, #3727, .T. ) ;
#256 = CARTESIAN_POINT ( 'NONE',  ( -8.100336659486627511, -29.80000000000001137, 34.46447267963280581 ) ) ;
#257 = CARTESIAN_POINT ( 'NONE',  ( -25.51195015676578137, -43.26718681530833521, 37.74917243070398598 ) ) ;
#258 = DIRECTION ( 'NONE',  ( -1.000000000000000000, 0.000000000000000000, 0.000000000000000000 ) ) ;
#259 = DIRECTION ( 'NONE',  ( -3.202566417187959410E-16, 1.000000000000000000, 0.000000000000000000 ) ) ;
#260 = ORIENTED_EDGE ( 'NONE', *, *, #338, .T. ) ;
#261 = CARTESIAN_POINT ( 'NONE',  ( 7.686159401251103766E-15, -48.00000000000000711, -1.000000000000000000 ) ) ;
#262 = ORIENTED_EDGE ( 'NONE', *, *, #4654, .T. ) ;
#263 = B_SPLINE_CURVE_WITH_KNOTS ( 'NONE', 3,
 ( #4517, #3386, #6753, #1535, #6182, #3838 ),
 .UNSPECIFIED., .F., .F.,
 ( 4, 2, 4 ),
 ( 0.03878560022625474057, 0.04302238617937565596, 0.04725917213249658522 ),
 .UNSPECIFIED. ) ;
#264 = VECTOR ( 'NONE', #4232, 1000.000000000000000 ) ;
#265 = EDGE_CURVE ( 'NONE', #3371, #5953, #782, .T. ) ;
#266 = VERTEX_POINT ( 'NONE', #1932 ) ;
#267 = DIRECTION ( 'NONE',  ( 0.7144726796328046969, 0.6996633405133640959, -0.000000000000000000 ) ) ;
#268 = ORIENTED_EDGE ( 'NONE', *, *, #4139, .T. ) ;
#269 = FACE_OUTER_BOUND ( 'NONE', #151, .T. ) ;
#270 = CARTESIAN_POINT ( 'NONE',  ( -31.04260003400006340, -58.64701087984751382, 5.879190054514012331 ) ) ;
#271 = ADVANCED_FACE ( 'NONE', ( #861 ), #6020, .F. ) ;
#272 = DIRECTION ( 'NONE',  ( 3.202566417187959410E-16, -1.000000000000000000, 0.000000000000000000 ) ) ;
#273 = ORIENTED_EDGE ( 'NONE', *, *, #4470, .F. ) ;
#274 = ORIENTED_EDGE ( 'NONE', *, *, #5773, .F. ) ;
#275 = CYLINDRICAL_SURFACE ( 'NONE', #147, 3.000000000000000444 ) ;
#276 = AXIS2_PLACEMENT_3D ( 'NONE', #4732, #3582, #77 ) ;
#277 = ORIENTED_EDGE ( 'NONE', *, *, #6666, .F. ) ;
#278 = CARTESIAN_POINT ( 'NONE',  ( -35.10061534354778701, -53.89762314655906295, 7.326801574230770164 ) ) ;
#279 = CARTESIAN_POINT ( 'NONE',  ( -32.19999999999999574, -52.58773621891329952, 5.000000000000000000 ) ) ;
#280 = CIRCLE ( 'NONE', #5503, 1.599999999999999867 ) ;
#281 = VECTOR ( 'NONE', #1436, 1000.000000000000000 ) ;
#282 = CARTESIAN_POINT ( 'NONE',  ( -9.601549693210486680, -57.70673426229028280, 13.39289453592656010 ) ) ;
#283 = CARTESIAN_POINT ( 'NONE',  ( -19.48890293541119689, -65.92727892662202294, 5.440031832762838526 ) ) ;
#284 = CARTESIAN_POINT ( 'NONE',  ( -29.07280386645538428, -60.39426920028957824, 36.94221990899125529 ) ) ;
#285 = DIRECTION ( 'NONE',  ( 0.000000000000000000, 0.000000000000000000, 1.000000000000000000 ) ) ;
#286 = CARTESIAN_POINT ( 'NONE',  ( 12.24448578470273929, -71.12132034355965970, 10.12131760029763150 ) ) ;
#287 = DIRECTION ( 'NONE',  ( 1.000000000000000000, 3.202566417187959410E-16, 0.000000000000000000 ) ) ;
#288 = VERTEX_POINT ( 'NONE', #822 ) ;
#289 = CARTESIAN_POINT ( 'NONE',  ( -5.736162321940781794, -51.68135096045342891, 37.94999999999999574 ) ) ;
#290 = AXIS2_PLACEMENT_3D ( 'NONE', #4201, #3555, #3516 ) ;
#291 = CARTESIAN_POINT ( 'NONE',  ( -17.74961915645648958, -48.00000000000001421, 36.90539853649280388 ) ) ;
#292 = EDGE_CURVE ( 'NONE', #2589, #607, #5514, .T. ) ;
#293 = DIRECTION ( 'NONE',  ( 1.000000000000000000, 2.401924812890965490E-16, -8.006416042969898524E-17 ) ) ;
#294 = CARTESIAN_POINT ( 'NONE',  ( 10.89812033064045416, -32.00000000000000711, 16.40000000000000924 ) ) ;
#295 = CARTESIAN_POINT ( 'NONE',  ( -7.260740650870592283, -38.29326573770972431, 11.67816010480783895 ) ) ;
#296 = CARTESIAN_POINT ( 'NONE',  ( 12.24072850301661752, -74.28029056724520274, 10.99999725673800199 ) ) ;
#297 = DIRECTION ( 'NONE',  ( -0.6971683786528047877, -0.7169074220613282922, 0.000000000000000000 ) ) ;
#298 = CARTESIAN_POINT ( 'NONE',  ( -8.799999999999997158, -24.00000000000001421, 13.25000000000000000 ) ) ;
#299 = ORIENTED_EDGE ( 'NONE', *, *, #5009, .F. ) ;
#300 = CARTESIAN_POINT ( 'NONE',  ( -29.44887615645001944, -35.70411363157376172, 36.87006753691466798 ) ) ;
#301 = ORIENTED_EDGE ( 'NONE', *, *, #6409, .T. ) ;
#302 = EDGE_CURVE ( 'NONE', #3255, #5920, #5935, .T. ) ;
#303 = MANIFOLD_SOLID_BREP ( 'Переместить грань10', #2339 ) ;
#304 = CARTESIAN_POINT ( 'NONE',  ( 4.949747468305839782, -52.94974746830583712, -1.000000000000000000 ) ) ;
#305 = ORIENTED_EDGE ( 'NONE', *, *, #4453, .F. ) ;
#306 = CARTESIAN_POINT ( 'NONE',  ( -5.736162321940782682, -48.00000000000000711, 0.000000000000000000 ) ) ;
#307 = DIRECTION ( 'NONE',  ( -3.965082230804129727E-16, -1.269843919376202397E-31, -1.000000000000000000 ) ) ;
#308 = ORIENTED_EDGE ( 'NONE', *, *, #5702, .T. ) ;
#309 = EDGE_CURVE ( 'NONE', #2535, #6892, #4178, .T. ) ;
#310 = CARTESIAN_POINT ( 'NONE',  ( 10.13402862508619684, -31.85000000000000497, 17.81285991862285556 ) ) ;
#311 = CARTESIAN_POINT ( 'NONE',  ( -3.830286123484433425, -44.19340881910664365, 3.000000000000000000 ) ) ;
#312 = CARTESIAN_POINT ( 'NONE',  ( -6.253173824600710695, -22.02986260798640927, 35.75000000000000000 ) ) ;
#313 = ORIENTED_EDGE ( 'NONE', *, *, #2531, .T. ) ;
#314 = VERTEX_POINT ( 'NONE', #6361 ) ;
#315 = DIRECTION ( 'NONE',  ( 0.000000000000000000, 0.000000000000000000, -1.000000000000000000 ) ) ;
#316 = ORIENTED_EDGE ( 'NONE', *, *, #2423, .T. ) ;
#317 = CARTESIAN_POINT ( 'NONE',  ( -35.20000890205219690, -52.59975678002230381, 7.326801574230760394 ) ) ;
#318 = LINE ( 'NONE', #2102, #5734 ) ;
#319 = EDGE_CURVE ( 'NONE', #6906, #6416, #1027, .T. ) ;
#320 = FACE_OUTER_BOUND ( 'NONE', #3066, .T. ) ;
#321 = VECTOR ( 'NONE', #5939, 1000.000000000000000 ) ;
#322 = CARTESIAN_POINT ( 'NONE',  ( -12.19251231984000228, -26.53188315362088545, 37.75944945186171253 ) ) ;
#323 = FACE_BOUND ( 'NONE', #1261, .T. ) ;
#324 = AXIS2_PLACEMENT_3D ( 'NONE', #7166, #902, #259 ) ;
#325 = LINE ( 'NONE', #2611, #4456 ) ;
#326 = EDGE_LOOP ( 'NONE', ( #76, #5967, #5922, #2710 ) ) ;
#327 = CARTESIAN_POINT ( 'NONE',  ( -7.260740650870594060, -24.00000000000001066, 14.82183989519216460 ) ) ;
#328 = EDGE_CURVE ( 'NONE', #5292, #5211, #3210, .T. ) ;
#329 = VECTOR ( 'NONE', #3713, 1000.000000000000000 ) ;
#330 = FILL_AREA_STYLE ('',( #3902 ) ) ;
#331 = DIRECTION ( 'NONE',  ( -3.202566417187959410E-16, 1.000000000000000000, 0.000000000000000000 ) ) ;
#332 = CARTESIAN_POINT ( 'NONE',  ( 9.750000000000003553, -28.50000000000000711, 5.000000000000000000 ) ) ;
#333 = DIRECTION ( 'NONE',  ( -4.557819132794839459E-16, 1.000000000000000000, -0.000000000000000000 ) ) ;
#334 = VECTOR ( 'NONE', #7147, 1000.000000000000000 ) ;
#335 = CARTESIAN_POINT ( 'NONE',  ( -4.945057416291035679, -69.99945803620030915, 35.77645713530759508 ) ) ;
#336 = PLANE ( 'NONE',  #2022 ) ;
#337 = DIRECTION ( 'NONE',  ( 0.7431448254773871387, 2.379970661180887084E-16, 0.6691306063588661202 ) ) ;
#338 = EDGE_CURVE ( 'NONE', #1876, #5621, #4173, .T. ) ;
#339 = DIRECTION ( 'NONE',  ( 0.000000000000000000, 0.000000000000000000, 1.000000000000000000 ) ) ;
#340 = LINE ( 'NONE', #583, #1683 ) ;
#341 = VERTEX_POINT ( 'NONE', #2378 ) ;
#342 = CARTESIAN_POINT ( 'NONE',  ( -27.38342231626059586, -52.73281318469169321, 37.31799831173609761 ) ) ;
#343 = ORIENTED_EDGE ( 'NONE', *, *, #33, .F. ) ;
#344 = AXIS2_PLACEMENT_3D ( 'NONE', #5507, #7240, #297 ) ;
#345 = EDGE_CURVE ( 'NONE', #73, #4011, #5760, .T. ) ;
#346 = EDGE_CURVE ( 'NONE', #3512, #3752, #2298, .T. ) ;
#347 = CARTESIAN_POINT ( 'NONE',  ( -35.19999999999999574, -52.60078009883481087, 26.03265427873660087 ) ) ;
#348 = CARTESIAN_POINT ( 'NONE',  ( -25.87293712486117059, -49.19999999999999574, 38.91394720864734325 ) ) ;
#349 = ORIENTED_EDGE ( 'NONE', *, *, #7401, .F. ) ;
#350 = CIRCLE ( 'NONE', #3596, 3.200000000000000622 ) ;
#351 = DIRECTION ( 'NONE',  ( 0.000000000000000000, 0.000000000000000000, 1.000000000000000000 ) ) ;
#352 = ORIENTED_EDGE ( 'NONE', *, *, #3877, .T. ) ;
#353 = CARTESIAN_POINT ( 'NONE',  ( 9.224268440719660234, -26.61666666666667069, 19.49577604377380524 ) ) ;
#354 = CARTESIAN_POINT ( 'NONE',  ( -21.75983962025179608, -24.00000000000001421, -2.520406626343868695 ) ) ;
#355 = AXIS2_PLACEMENT_3D ( 'NONE', #3358, #2732, #2088 ) ;
#356 = VECTOR ( 'NONE', #2112, 1000.000000000000000 ) ;
#357 = CARTESIAN_POINT ( 'NONE',  ( 6.069208813127229263, -54.09290375571832499, 3.000000000000000000 ) ) ;
#358 = EDGE_CURVE ( 'NONE', #7289, #156, #1781, .T. ) ;
#359 = CARTESIAN_POINT ( 'NONE',  ( -11.17074118065657906, -89.00000000000002842, 33.75000000000000000 ) ) ;
#360 = VERTEX_POINT ( 'NONE', #664 ) ;
#361 = ORIENTED_EDGE ( 'NONE', *, *, #6701, .T. ) ;
#362 = CARTESIAN_POINT ( 'NONE',  ( -35.20002532762759273, -52.59786762147808759, 7.326801574230760394 ) ) ;
#363 = CARTESIAN_POINT ( 'NONE',  ( 7.806039157420586072, -72.79999999999999716, 17.76024659125789995 ) ) ;
#364 = CARTESIAN_POINT ( 'NONE',  ( 29.12131967300823376, -34.00000000000000000, 10.12131760029851435 ) ) ;
#365 = CARTESIAN_POINT ( 'NONE',  ( 7.134939949238045642, -76.00000000000001421, 10.99999725673800199 ) ) ;
#366 = CARTESIAN_POINT ( 'NONE',  ( 13.81844554833911154, -31.85000000000000497, 10.99999725673799844 ) ) ;
#367 = AXIS2_PLACEMENT_3D ( 'NONE', #1318, #3636, #5975 ) ;
#368 = CARTESIAN_POINT ( 'NONE',  ( -35.19999999999999574, -43.39921990116542361, 24.09984027676449969 ) ) ;
#369 = ORIENTED_EDGE ( 'NONE', *, *, #1362, .F. ) ;
#370 = ORIENTED_EDGE ( 'NONE', *, *, #2831, .T. ) ;
#371 = DIRECTION ( 'NONE',  ( 1.000000000000000000, 0.000000000000000000, 0.000000000000000000 ) ) ;
#372 = LINE ( 'NONE', #2987, #7059 ) ;
#373 = LINE ( 'NONE', #1488, #6934 ) ;
#374 = CARTESIAN_POINT ( 'NONE',  ( -6.549747468305771037, -52.94974746830590107, -1.000000000000000000 ) ) ;
#375 = CARTESIAN_POINT ( 'NONE',  ( 26.99999932944770720, -34.00000000000000000, 5.000000000000000000 ) ) ;
#376 = DIRECTION ( 'NONE',  ( 6.038659942685763138E-32, -1.885568995626969710E-16, -1.000000000000000000 ) ) ;
#377 = CARTESIAN_POINT ( 'NONE',  ( -13.59999999999998721, -64.15000000000000568, 33.74999999999999289 ) ) ;
#378 = EDGE_CURVE ( 'NONE', #4273, #718, #4575, .T. ) ;
#379 = DIRECTION ( 'NONE',  ( 1.000000000000000000, 6.171943137751545940E-16, 0.000000000000000000 ) ) ;
#380 = ORIENTED_EDGE ( 'NONE', *, *, #2320, .F. ) ;
#381 = CARTESIAN_POINT ( 'NONE',  ( -33.21894119856559513, -37.97318906108971959, 37.05029354652139517 ) ) ;
#382 = ORIENTED_EDGE ( 'NONE', *, *, #2472, .T. ) ;
#383 = CARTESIAN_POINT ( 'NONE',  ( -35.15428384845159115, -42.41257091897497844, 8.000000000000000000 ) ) ;
#384 = CARTESIAN_POINT ( 'NONE',  ( -10.71366012283418456, -72.00000000000001421, 12.01804646938921373 ) ) ;
#385 = CARTESIAN_POINT ( 'NONE',  ( 3.468565996572069210, -30.65000000000000924, 30.64999999999999858 ) ) ;
#386 = DIRECTION ( 'NONE',  ( -9.367723249499515189E-31, 1.000000000000000000, 0.000000000000000000 ) ) ;
#387 = ORIENTED_EDGE ( 'NONE', *, *, #2707, .F. ) ;
#388 = CARTESIAN_POINT ( 'NONE',  ( 6.069208813127228375, -51.80659118089334925, -1.000000000000000000 ) ) ;
#389 = VERTEX_POINT ( 'NONE', #7158 ) ;
#390 = EDGE_CURVE ( 'NONE', #2758, #3881, #3673, .T. ) ;
#391 = EDGE_CURVE ( 'NONE', #6948, #2099, #787, .T. ) ;
#392 = CARTESIAN_POINT ( 'NONE',  ( 10.88171686371797797, -31.85000000000000497, 16.43033181573186852 ) ) ;
#393 = ORIENTED_EDGE ( 'NONE', *, *, #3565, .T. ) ;
#394 = AXIS2_PLACEMENT_3D ( 'NONE', #4489, #3875, #7405 ) ;
#395 = CARTESIAN_POINT ( 'NONE',  ( 3.761865015267106038, -73.35773208228360431, 10.99999871397320028 ) ) ;
#396 = ORIENTED_EDGE ( 'NONE', *, *, #4168, .T. ) ;
#397 = CARTESIAN_POINT ( 'NONE',  ( -34.71659269702349349, -55.37580353677654443, 7.326801574230770164 ) ) ;
#398 = LINE ( 'NONE', #3095, #6573 ) ;
#399 = EDGE_CURVE ( 'NONE', #2276, #6375, #3147, .T. ) ;
#400 = ORIENTED_EDGE ( 'NONE', *, *, #2209, .F. ) ;
#401 = VECTOR ( 'NONE', #3757, 1000.000000000000000 ) ;
#402 = CARTESIAN_POINT ( 'NONE',  ( -5.736162321940781794, -51.68135096045342891, 37.94999999999999574 ) ) ;
#403 = DIRECTION ( 'NONE',  ( -0.7071067811865450192, 8.659560562354902043E-17, 0.7071067811865500152 ) ) ;
#404 = DIRECTION ( 'NONE',  ( -0.000000000000000000, -0.000000000000000000, -1.000000000000000000 ) ) ;
#405 = CARTESIAN_POINT ( 'NONE',  ( -3.830286123484390792, -51.80659118089341320, 3.000000000000000000 ) ) ;
#406 = PLANE ( 'NONE',  #5367 ) ;
#407 = VECTOR ( 'NONE', #5842, 1000.000000000000000 ) ;
#408 = DIRECTION ( 'NONE',  ( -1.000000000000000000, -3.736327486719284252E-16, 0.000000000000000000 ) ) ;
#409 = EDGE_LOOP ( 'NONE', ( #6446, #5276, #6208, #3686 ) ) ;
#410 = DIRECTION ( 'NONE',  ( -3.202566417187959410E-16, 1.000000000000000000, 0.000000000000000000 ) ) ;
#411 = EDGE_CURVE ( 'NONE', #4767, #389, #739, .T. ) ;
#412 = PRESENTATION_STYLE_ASSIGNMENT (( #6175 ) ) ;
#413 = CARTESIAN_POINT ( 'NONE',  ( 12.00000000000000711, -48.00000000000000000, 0.9999999999999931166 ) ) ;
#414 = VECTOR ( 'NONE', #3939, 1000.000000000000000 ) ;
#415 = DIRECTION ( 'NONE',  ( -0.7144726796328051410, 0.6996633405133636519, 0.000000000000000000 ) ) ;
#416 = UNCERTAINTY_MEASURE_WITH_UNIT (LENGTH_MEASURE( 1.000000000000000082E-05 ), #2617, 'distance_accuracy_value', 'NONE');
#417 = ORIENTED_EDGE ( 'NONE', *, *, #3048, .F. ) ;
#418 = DIRECTION ( 'NONE',  ( -9.896474485255530823E-17, 0.3090169943749430104, -0.9510565162951549745 ) ) ;
#419 = FACE_OUTER_BOUND ( 'NONE', #1276, .T. ) ;
#420 = CARTESIAN_POINT ( 'NONE',  ( -16.97928784416349757, -26.83656783026141568, 36.06204530611019976 ) ) ;
#421 = CARTESIAN_POINT ( 'NONE',  ( -35.17997505784384060, -53.12686852768748480, 24.88155675750773099 ) ) ;
#422 = ORIENTED_EDGE ( 'NONE', *, *, #2567, .F. ) ;
#423 = CARTESIAN_POINT ( 'NONE',  ( 8.434130917513325443, -73.35773208228370379, 5.001279975879920237 ) ) ;
#424 = ORIENTED_EDGE ( 'NONE', *, *, #926, .F. ) ;
#425 = CARTESIAN_POINT ( 'NONE',  ( -29.84033879646579734, -39.10278167685981998, 5.000000000000000000 ) ) ;
#426 = ADVANCED_FACE ( 'NONE', ( #2536 ), #1400, .F. ) ;
#427 = PLANE ( 'NONE',  #561 ) ;
#428 =( BOUNDED_CURVE ( )  B_SPLINE_CURVE ( 3, ( #3426, #64, #6969, #5111 ),
 .UNSPECIFIED., .F., .T. ) 
 B_SPLINE_CURVE_WITH_KNOTS ( ( 4, 4 ),
 ( 1.570796326794894782, 2.741912254883100530 ),
 .UNSPECIFIED. ) 
 CURVE ( )  GEOMETRIC_REPRESENTATION_ITEM ( )  RATIONAL_B_SPLINE_CURVE ( ( 1.000000000000000000, 0.8889358991501821183, 0.8889358991501821183, 1.000000000000000000 ) ) 
 REPRESENTATION_ITEM ( '' )  );
#429 = CARTESIAN_POINT ( 'NONE',  ( -8.799999999999997158, -38.29326573770973141, 13.25000000000000000 ) ) ;
#430 = EDGE_LOOP ( 'NONE', ( #4553, #7299, #2865, #1905 ) ) ;
#431 = CARTESIAN_POINT ( 'NONE',  ( -2.662933357356310538, -52.94974746830590107, -1.000000000000000000 ) ) ;
#432 = ORIENTED_EDGE ( 'NONE', *, *, #5017, .F. ) ;
#433 = B_SPLINE_CURVE_WITH_KNOTS ( 'NONE', 3,
 ( #559, #6292, #6859, #1678 ),
 .UNSPECIFIED., .F., .F.,
 ( 4, 4 ),
 ( 8.673617379884040094E-18, 0.0001978081092463540428 ),
 .UNSPECIFIED. ) ;
#434 = CARTESIAN_POINT ( 'NONE',  ( 8.196222367434783607, -29.23333333333333428, 21.40328564140308742 ) ) ;
#435 = ORIENTED_EDGE ( 'NONE', *, *, #526, .T. ) ;
#436 = VERTEX_POINT ( 'NONE', #4210 ) ;
#437 = CARTESIAN_POINT ( 'NONE',  ( -3.830286123484390348, -54.09290375571838183, 3.000000000000000000 ) ) ;
#438 = ORIENTED_EDGE ( 'NONE', *, *, #781, .T. ) ;
#439 = EDGE_CURVE ( 'NONE', #3214, #1617, #648, .T. ) ;
#440 = LINE ( 'NONE', #7380, #1006 ) ;
#441 = LINE ( 'NONE', #4317, #3805 ) ;
#442 = CARTESIAN_POINT ( 'NONE',  ( -11.25042945474039335, -70.07149892018240678, 35.50759689606412906 ) ) ;
#443 = PRESENTATION_LAYER_ASSIGNMENT (  '', '', ( #1031 ) ) ;
#444 = DIRECTION ( 'NONE',  ( 0.7144726796328046969, 0.6996633405133640959, -0.000000000000000000 ) ) ;
#445 = DIRECTION ( 'NONE',  ( -0.6996633405133637629, -0.7144726796328051410, 0.000000000000000000 ) ) ;
#446 = ADVANCED_FACE ( 'NONE', ( #4655, #578, #5278 ), #4773, .F. ) ;
#447 = ORIENTED_EDGE ( 'NONE', *, *, #3744, .T. ) ;
#448 = DIRECTION ( 'NONE',  ( 0.000000000000000000, -0.7071067811865487940, 0.7071067811865463515 ) ) ;
#449 = VECTOR ( 'NONE', #4435, 1000.000000000000000 ) ;
#450 =( NAMED_UNIT ( * ) SI_UNIT ( $, .STERADIAN. ) SOLID_ANGLE_UNIT ( ) );
#451 = CARTESIAN_POINT ( 'NONE',  ( 5.773350409519196091, -76.06747061245040697, 10.99999725673800199 ) ) ;
#452 = ORIENTED_EDGE ( 'NONE', *, *, #292, .T. ) ;
#453 = FACE_OUTER_BOUND ( 'NONE', #1390, .T. ) ;
#454 = CARTESIAN_POINT ( 'NONE',  ( -2.658452153056561684, -50.71472195767223212, 3.000000000000000000 ) ) ;
#455 = DIRECTION ( 'NONE',  ( 0.7144726796328049190, 3.256437249089596061E-16, -0.6996633405133638739 ) ) ;
#456 = EDGE_CURVE ( 'NONE', #4762, #3651, #4534, .T. ) ;
#457 = ORIENTED_EDGE ( 'NONE', *, *, #894, .F. ) ;
#458 = COLOUR_RGB ( '',1.000000000000000000, 1.000000000000000000, 1.000000000000000000 ) ;
#459 = CARTESIAN_POINT ( 'NONE',  ( -32.15895766339130546, -37.05693029875281752, 37.05029354652139517 ) ) ;
#460 = ORIENTED_EDGE ( 'NONE', *, *, #973, .F. ) ;
#461 = CARTESIAN_POINT ( 'NONE',  ( -30.34941382259699694, -38.36350864901747570, 5.000000000000000000 ) ) ;
#462 = AXIS2_PLACEMENT_3D ( 'NONE', #4102, #6403, #2917 ) ;
#463 = EDGE_CURVE ( 'NONE', #88, #4351, #3137, .T. ) ;
#464 = CARTESIAN_POINT ( 'NONE',  ( -15.12342601191254410, -26.26030547640626267, 36.07535635664421392 ) ) ;
#465 = CARTESIAN_POINT ( 'NONE',  ( -11.10231741850038212, -69.40364060198689344, 38.00007807182699793 ) ) ;
#466 = VERTEX_POINT ( 'NONE', #6988 ) ;
#467 = CARTESIAN_POINT ( 'NONE',  ( 4.674958583180473859, -24.00000000000000711, 28.12644590515958143 ) ) ;
#468 = ORIENTED_EDGE ( 'NONE', *, *, #6016, .T. ) ;
#469 = VECTOR ( 'NONE', #944, 1000.000000000000000 ) ;
#470 = DIRECTION ( 'NONE',  ( 0.000000000000000000, -0.7071067811865487940, 0.7071067811865463515 ) ) ;
#471 = VERTEX_POINT ( 'NONE', #5888 ) ;
#472 = ADVANCED_FACE ( 'NONE', ( #1803 ), #4695, .F. ) ;
#473 = AXIS2_PLACEMENT_3D ( 'NONE', #5524, #1308, #1386 ) ;
#474 = CARTESIAN_POINT ( 'NONE',  ( -24.84320544877426684, -48.00000000000001421, 39.84112177433759427 ) ) ;
#475 = CARTESIAN_POINT ( 'NONE',  ( -19.24630875016076104, -67.34416043065708379, 6.487188144779159060 ) ) ;
#476 = CARTESIAN_POINT ( 'NONE',  ( 30.00000000000001776, -77.46988806634659852, 7.896432708413170687 ) ) ;
#477 = DIRECTION ( 'NONE',  ( 0.000000000000000000, 0.000000000000000000, -1.000000000000000000 ) ) ;
#478 = CARTESIAN_POINT ( 'NONE',  ( -30.00095050739818703, -65.89988494578921063, 36.76772275043739313 ) ) ;
#479 = AXIS2_PLACEMENT_3D ( 'NONE', #5685, #6325, #4588 ) ;
#480 = ORIENTED_EDGE ( 'NONE', *, *, #390, .T. ) ;
#481 = CYLINDRICAL_SURFACE ( 'NONE', #4080, 1.000000000000000888 ) ;
#482 = EDGE_CURVE ( 'NONE', #1116, #4640, #6048, .T. ) ;
#483 = EDGE_CURVE ( 'NONE', #3828, #139, #4307, .T. ) ;
#484 = CARTESIAN_POINT ( 'NONE',  ( 26.99999932944771075, -60.00000000000000000, 8.000000000000000000 ) ) ;
#485 = DIRECTION ( 'NONE',  ( 0.7144726796328081386, 0.6996633405133605432, 0.000000000000000000 ) ) ;
#486 = FACE_OUTER_BOUND ( 'NONE', #3480, .T. ) ;
#487 = CARTESIAN_POINT ( 'NONE',  ( -33.21894119856559513, -37.97318906108971959, -1.410058709304290003 ) ) ;
#488 = ADVANCED_FACE ( 'NONE', ( #161 ), #83, .T. ) ;
#489 = DIRECTION ( 'NONE',  ( -0.000000000000000000, -0.000000000000000000, -1.000000000000000000 ) ) ;
#490 = CARTESIAN_POINT ( 'NONE',  ( 8.468524891132023669, -72.18325312333355726, 5.001282804481278710 ) ) ;
#491 = DIRECTION ( 'NONE',  ( -0.2969741598787783432, 0.9548855158417127731, 0.000000000000000000 ) ) ;
#492 = VERTEX_POINT ( 'NONE', #3546 ) ;
#493 = FACE_OUTER_BOUND ( 'NONE', #1197, .T. ) ;
#494 = VERTEX_POINT ( 'NONE', #9 ) ;
#495 = CIRCLE ( 'NONE', #6549, 0.9999999999999991118 ) ;
#496 = ORIENTED_EDGE ( 'NONE', *, *, #691, .T. ) ;
#497 = ORIENTED_EDGE ( 'NONE', *, *, #2491, .F. ) ;
#498 = CARTESIAN_POINT ( 'NONE',  ( -26.94350895841949267, -52.73281318469169321, 37.94999999999999574 ) ) ;
#499 = VERTEX_POINT ( 'NONE', #4043 ) ;
#500 = EDGE_CURVE ( 'NONE', #718, #4934, #124, .T. ) ;
#501 = AXIS2_PLACEMENT_3D ( 'NONE', #304, #6257, #4959 ) ;
#502 = LINE ( 'NONE', #5242, #6499 ) ;
#503 = ORIENTED_EDGE ( 'NONE', *, *, #6215, .F. ) ;
#504 = CARTESIAN_POINT ( 'NONE',  ( -24.18546123749697330, -60.80106147488347546, 37.84033343165386754 ) ) ;
#505 = CARTESIAN_POINT ( 'NONE',  ( 0.8605758059631815060, -26.24625540789696743, 36.40896217375028243 ) ) ;
#506 = FACE_OUTER_BOUND ( 'NONE', #6726, .T. ) ;
#507 = ORIENTED_EDGE ( 'NONE', *, *, #6599, .T. ) ;
#508 = VECTOR ( 'NONE', #6533, 1000.000000000000000 ) ;
#509 = AXIS2_PLACEMENT_3D ( 'NONE', #92, #1356, #1919 ) ;
#510 = CARTESIAN_POINT ( 'NONE',  ( -14.57407216874057809, -69.60604695849397672, 4.999999999999892530 ) ) ;
#511 = DIRECTION ( 'NONE',  ( -0.000000000000000000, 1.000000000000000000, -0.000000000000000000 ) ) ;
#512 = FACE_BOUND ( 'NONE', #5133, .T. ) ;
#513 = EDGE_LOOP ( 'NONE', ( #531, #2097, #5007, #5090, #5597, #6288, #6601, #7439, #6963 ) ) ;
#514 = AXIS2_PLACEMENT_3D ( 'NONE', #3755, #5944, #4835 ) ;
#515 = CARTESIAN_POINT ( 'NONE',  ( 7.770674206262106587, -76.00000000000001421, 5.000000000000000000 ) ) ;
#516 = PLANE ( 'NONE',  #3675 ) ;
#517 = ORIENTED_EDGE ( 'NONE', *, *, #338, .F. ) ;
#518 = EDGE_CURVE ( 'NONE', #3550, #3001, #47, .T. ) ;
#519 = CARTESIAN_POINT ( 'NONE',  ( -34.32132034355964123, -56.00000000000002132, 5.878679656440361612 ) ) ;
#520 = CONICAL_SURFACE ( 'NONE', #1345, 10.00000000000002132, 0.7853981633974447263 ) ;
#521 = CARTESIAN_POINT ( 'NONE',  ( -31.54316722065698997, -40.82071070356786180, 5.000000000000000000 ) ) ;
#522 = AXIS2_PLACEMENT_3D ( 'NONE', #4561, #3847, #3362 ) ;
#523 = CARTESIAN_POINT ( 'NONE',  ( -34.49765909627399907, -40.08906379950585830, 37.05029354652139517 ) ) ;
#524 = CARTESIAN_POINT ( 'NONE',  ( -10.31393335173800097, -24.00000000000001066, 28.31033288373330237 ) ) ;
#525 = ORIENTED_EDGE ( 'NONE', *, *, #5795, .F. ) ;
#526 = EDGE_CURVE ( 'NONE', #5238, #2468, #887, .T. ) ;
#527 = CARTESIAN_POINT ( 'NONE',  ( -13.90594145304137541, -71.51504829390135853, 27.62344653372721126 ) ) ;
#528 = ORIENTED_EDGE ( 'NONE', *, *, #4345, .T. ) ;
#529 = CARTESIAN_POINT ( 'NONE',  ( 3.593387782143943276, -29.23333333333334139, 30.38833197348438020 ) ) ;
#530 = DIRECTION ( 'NONE',  ( 0.8236126967285887224, 0.5671526476950112805, 4.440892098500625176E-16 ) ) ;
#531 = ORIENTED_EDGE ( 'NONE', *, *, #5674, .T. ) ;
#532 = ORIENTED_EDGE ( 'NONE', *, *, #255, .T. ) ;
#533 = CARTESIAN_POINT ( 'NONE',  ( -34.38068920429726205, -43.39763321140418384, 5.939507968943333438 ) ) ;
#534 = ORIENTED_EDGE ( 'NONE', *, *, #3293, .T. ) ;
#535 = PLANE ( 'NONE',  #4408 ) ;
#536 = DIRECTION ( 'NONE',  ( -0.7144726796328051410, 0.6996633405133636519, 0.000000000000000000 ) ) ;
#537 = FACE_OUTER_BOUND ( 'NONE', #579, .T. ) ;
#538 = ORIENTED_EDGE ( 'NONE', *, *, #5167, .F. ) ;
#539 = DIRECTION ( 'NONE',  ( 1.000000000000000000, 0.000000000000000000, 0.000000000000000000 ) ) ;
#540 = CARTESIAN_POINT ( 'NONE',  ( 1.135527926058354842, -26.00054196379971572, 35.77645713530759508 ) ) ;
#541 = VERTEX_POINT ( 'NONE', #6568 ) ;
#542 = CARTESIAN_POINT ( 'NONE',  ( 8.639648998557330373, -73.12001803822987256, 10.99999725673800377 ) ) ;
#543 = AXIS2_PLACEMENT_3D ( 'NONE', #5202, #2969, #5273 ) ;
#544 = FACE_OUTER_BOUND ( 'NONE', #4617, .T. ) ;
#545 = ORIENTED_EDGE ( 'NONE', *, *, #3311, .F. ) ;
#546 = EDGE_CURVE ( 'NONE', #3541, #714, #6689, .T. ) ;
#547 = EDGE_CURVE ( 'NONE', #3175, #5759, #3129, .T. ) ;
#548 = DIRECTION ( 'NONE',  ( -0.6996633405133637629, -0.7144726796328051410, 0.000000000000000000 ) ) ;
#549 = CARTESIAN_POINT ( 'NONE',  ( -12.34276650898411631, -24.00000000000001421, 27.97325321164166922 ) ) ;
#550 =( GEOMETRIC_REPRESENTATION_CONTEXT ( 3 ) GLOBAL_UNCERTAINTY_ASSIGNED_CONTEXT ( ( #416 ) ) GLOBAL_UNIT_ASSIGNED_CONTEXT ( ( #2617, #7391, #450 ) ) REPRESENTATION_CONTEXT ( 'NONE', 'WORKASPACE' ) );
#551 = FACE_OUTER_BOUND ( 'NONE', #189, .T. ) ;
#552 = UNCERTAINTY_MEASURE_WITH_UNIT (LENGTH_MEASURE( 1.000000000000000082E-05 ), #3892, 'distance_accuracy_value', 'NONE');
#553 = CARTESIAN_POINT ( 'NONE',  ( -32.17279035134698262, -58.93465395450171940, 8.000000000000010658 ) ) ;
#554 = VERTEX_POINT ( 'NONE', #3661 ) ;
#555 = EDGE_CURVE ( 'NONE', #2882, #1062, #1466, .T. ) ;
#556 = COLOUR_RGB ( '',1.000000000000000000, 1.000000000000000000, 1.000000000000000000 ) ;
#557 = CARTESIAN_POINT ( 'NONE',  ( -26.94350895841949267, -52.73281318469169321, 37.94999999999999574 ) ) ;
#558 = CARTESIAN_POINT ( 'NONE',  ( -3.209584031940018178, -31.85000000000000853, 31.00828319973854974 ) ) ;
#559 = CARTESIAN_POINT ( 'NONE',  ( -31.54179673851290033, -36.63194358667171713, 36.65028843124950697 ) ) ;
#560 = FACE_OUTER_BOUND ( 'NONE', #4144, .T. ) ;
#561 = AXIS2_PLACEMENT_3D ( 'NONE', #6794, #1575, #2702 ) ;
#562 = DIRECTION ( 'NONE',  ( 0.6996633405133640959, -0.7144726796328045859, 0.000000000000000000 ) ) ;
#563 = CARTESIAN_POINT ( 'NONE',  ( -10.87754522757593811, -24.00160919662785730, 13.99850373055727459 ) ) ;
#564 = ORIENTED_EDGE ( 'NONE', *, *, #3026, .F. ) ;
#565 = EDGE_CURVE ( 'NONE', #5953, #6633, #6199, .T. ) ;
#566 = CARTESIAN_POINT ( 'NONE',  ( 5.751357555398596944, -31.85000000000000497, 26.01659542630723010 ) ) ;
#567 = ADVANCED_FACE ( 'NONE', ( #2559 ), #4310, .F. ) ;
#568 = CARTESIAN_POINT ( 'NONE',  ( -32.05567501325429447, -42.15013638843195309, 5.000000000000000000 ) ) ;
#569 = VECTOR ( 'NONE', #2443, 999.9999999999998863 ) ;
#570 = ORIENTED_EDGE ( 'NONE', *, *, #6730, .T. ) ;
#571 = ORIENTED_EDGE ( 'NONE', *, *, #6329, .F. ) ;
#572 = DIRECTION ( 'NONE',  ( -1.000000000000000000, 0.000000000000000000, 0.000000000000000000 ) ) ;
#573 = VERTEX_POINT ( 'NONE', #4814 ) ;
#574 = DIRECTION ( 'NONE',  ( -0.8236126967285823941, 0.5671526476950209394, -0.000000000000000000 ) ) ;
#575 = DIRECTION ( 'NONE',  ( 0.004276014937613008791, 1.369422183859349010E-18, -0.9999908578063368969 ) ) ;
#576 = CARTESIAN_POINT ( 'NONE',  ( 5.998413087699604240, -31.85000000000000853, 48.00158691230036112 ) ) ;
#577 = ADVANCED_FACE ( 'NONE', ( #5960 ), #4852, .F. ) ;
#578 = FACE_BOUND ( 'NONE', #430, .T. ) ;
#579 = EDGE_LOOP ( 'NONE', ( #6678, #4430, #6526, #1299 ) ) ;
#580 = CARTESIAN_POINT ( 'NONE',  ( -23.59705652485804706, -60.87825006921351445, 37.88868659077662926 ) ) ;
#581 = ORIENTED_EDGE ( 'NONE', *, *, #5883, .F. ) ;
#582 = CARTESIAN_POINT ( 'NONE',  ( -14.91309986099050455, -69.78648072663675350, 36.04479999507221066 ) ) ;
#583 = CARTESIAN_POINT ( 'NONE',  ( -25.61150899072628562, -64.15000000000000568, 47.89144463965227771 ) ) ;
#584 = VECTOR ( 'NONE', #4568, 1000.000000000000000 ) ;
#585 = CARTESIAN_POINT ( 'NONE',  ( -12.01147337316194807, -71.10563207447562206, 31.62182131835514198 ) ) ;
#586 = DIRECTION ( 'NONE',  ( -0.000000000000000000, -0.000000000000000000, -1.000000000000000000 ) ) ;
#587 = CIRCLE ( 'NONE', #4823, 3.200000000000000178 ) ;
#588 = CARTESIAN_POINT ( 'NONE',  ( -16.39684859168749043, -68.88695900077082968, 36.57872061712733114 ) ) ;
#589 = VERTEX_POINT ( 'NONE', #5398 ) ;
#590 = CARTESIAN_POINT ( 'NONE',  ( 3.753127345679896365, -72.18325312496335755, 4.999999999999999112 ) ) ;
#591 = LINE ( 'NONE', #5761, #3829 ) ;
#592 = EDGE_CURVE ( 'NONE', #4265, #4274, #4432, .T. ) ;
#593 = LINE ( 'NONE', #2232, #4306 ) ;
#594 = DIRECTION ( 'NONE',  ( -3.202566417187959410E-16, 1.000000000000000000, 0.000000000000000000 ) ) ;
#595 = CARTESIAN_POINT ( 'NONE',  ( -34.43281294343088916, -39.94649871576209677, 37.05029354652139517 ) ) ;
#596 = CARTESIAN_POINT ( 'NONE',  ( -9.999999999999987566, -66.05000000000001137, 32.59999999999999432 ) ) ;
#597 = APPLICATION_PROTOCOL_DEFINITION ( 'draft international standard', 'automotive_design', 1998, #4052 ) ;
#598 = CARTESIAN_POINT ( 'NONE',  ( 3.624099999972907327, -72.48870084370908273, 5.000000000000000000 ) ) ;
#599 = CARTESIAN_POINT ( 'NONE',  ( 19.99999932944771430, -72.00000000000001421, 8.000000000000000000 ) ) ;
#600 = EDGE_LOOP ( 'NONE', ( #6479, #240, #150, #1017 ) ) ;
#601 = CARTESIAN_POINT ( 'NONE',  ( 5.751357555398595167, -26.61666666666667069, 26.01659542630723010 ) ) ;
#602 = LINE ( 'NONE', #1121, #407 ) ;
#603 = CARTESIAN_POINT ( 'NONE',  ( -11.71329053542229737, -70.00295889654324810, 35.76339174663758058 ) ) ;
#604 = ORIENTED_EDGE ( 'NONE', *, *, #4139, .F. ) ;
#605 = ORIENTED_EDGE ( 'NONE', *, *, #6277, .F. ) ;
#606 = CARTESIAN_POINT ( 'NONE',  ( -35.19999999999999574, -43.39921990116536676, 8.000000000000000000 ) ) ;
#607 = VERTEX_POINT ( 'NONE', #5999 ) ;
#608 = CYLINDRICAL_SURFACE ( 'NONE', #754, 12.00000000000000000 ) ;
#609 = ADVANCED_FACE ( 'NONE', ( #3089 ), #5445, .F. ) ;
#610 = CARTESIAN_POINT ( 'NONE',  ( -31.76622180216779512, -54.67816530948918086, 5.000000000000000000 ) ) ;
#611 = ORIENTED_EDGE ( 'NONE', *, *, #6491, .T. ) ;
#612 = CARTESIAN_POINT ( 'NONE',  ( -14.41991400381647992, -70.73815941937613161, 6.596868884540119993 ) ) ;
#613 = ORIENTED_EDGE ( 'NONE', *, *, #4682, .T. ) ;
#614 = CARTESIAN_POINT ( 'NONE',  ( -12.59999999999998543, -66.20000000000000284, 33.75000000000000000 ) ) ;
#615 = DIRECTION ( 'NONE',  ( 1.000000000000000000, 1.060405324802234013E-15, 4.179535469586870317E-37 ) ) ;
#616 = EDGE_CURVE ( 'NONE', #830, #5950, #1443, .T. ) ;
#617 = CARTESIAN_POINT ( 'NONE',  ( -14.33496060899344826, -70.57541384848596522, 32.38515927949021034 ) ) ;
#618 = CARTESIAN_POINT ( 'NONE',  ( -11.90033665948658737, -64.15000000000000568, 13.96447267963279870 ) ) ;
#619 = DIRECTION ( 'NONE',  ( -1.000000000000000000, -8.691795529041609895E-16, -5.489229111853649992E-16 ) ) ;
#620 = CIRCLE ( 'NONE', #3289, 3.200000000000000178 ) ;
#621 = ORIENTED_EDGE ( 'NONE', *, *, #926, .T. ) ;
#622 = SURFACE_SIDE_STYLE ('',( #218 ) ) ;
#623 = EDGE_CURVE ( 'NONE', #4348, #4630, #5087, .T. ) ;
#624 = LINE ( 'NONE', #4632, #5796 ) ;
#625 = VERTEX_POINT ( 'NONE', #2202 ) ;
#626 = AXIS2_PLACEMENT_3D ( 'NONE', #253, #7317, #2117 ) ;
#627 = CARTESIAN_POINT ( 'NONE',  ( -34.34051893910395137, -52.59432898560309155, 5.899615060754419105 ) ) ;
#628 = CIRCLE ( 'NONE', #7188, 12.00000000000000000 ) ;
#629 = CARTESIAN_POINT ( 'NONE',  ( 5.070003769358975454, -74.66733016329260408, 2.908748047533610048 ) ) ;
#630 = SHAPE_DEFINITION_REPRESENTATION ( #2492, #3297 ) ;
#631 = DIRECTION ( 'NONE',  ( -0.000000000000000000, -0.000000000000000000, 1.000000000000000000 ) ) ;
#632 = ORIENTED_EDGE ( 'NONE', *, *, #6666, .T. ) ;
#633 = EDGE_CURVE ( 'NONE', #6702, #7223, #6302, .T. ) ;
#634 = VECTOR ( 'NONE', #7229, 1000.000000000000114 ) ;
#635 = LINE ( 'NONE', #1260, #3344 ) ;
#636 = ORIENTED_EDGE ( 'NONE', *, *, #5899, .T. ) ;
#637 = EDGE_CURVE ( 'NONE', #3816, #1242, #1648, .T. ) ;
#638 = AXIS2_PLACEMENT_3D ( 'NONE', #6863, #3991, #1080 ) ;
#639 = CARTESIAN_POINT ( 'NONE',  ( 0.5029481705224169152, -24.00000000000001421, 37.23921161316502548 ) ) ;
#640 = PLANE ( 'NONE',  #5496 ) ;
#641 = CYLINDRICAL_SURFACE ( 'NONE', #6162, 2.999999999999997780 ) ;
#642 = ORIENTED_EDGE ( 'NONE', *, *, #1859, .T. ) ;
#643 = VERTEX_POINT ( 'NONE', #4388 ) ;
#644 = DIRECTION ( 'NONE',  ( 1.000000000000000000, 3.736327486719284252E-16, 0.000000000000000000 ) ) ;
#645 = ORIENTED_EDGE ( 'NONE', *, *, #1355, .T. ) ;
#646 = CARTESIAN_POINT ( 'NONE',  ( 0.1999096512316212160, -30.17644191846760648, 37.94999999999999574 ) ) ;
#647 = LINE ( 'NONE', #79, #7416 ) ;
#648 = LINE ( 'NONE', #2934, #3938 ) ;
#649 = CARTESIAN_POINT ( 'NONE',  ( -30.29081918516129335, -56.56702779455122254, 5.000000000000000000 ) ) ;
#650 = ADVANCED_FACE ( 'NONE', ( #958, #3257 ), #6941, .T. ) ;
#651 = VERTEX_POINT ( 'NONE', #5386 ) ;
#652 = DIRECTION ( 'NONE',  ( 0.6996633405133648731, 2.240718317665646354E-16, 0.7144726796328038088 ) ) ;
#653 = ORIENTED_EDGE ( 'NONE', *, *, #6787, .F. ) ;
#654 = LINE ( 'NONE', #1772, #6732 ) ;
#655 = CARTESIAN_POINT ( 'NONE',  ( -31.58311610989199281, -56.58885226879768027, 5.000000000000000000 ) ) ;
#656 = CARTESIAN_POINT ( 'NONE',  ( 12.14429574446591431, -69.54252073359309350, 5.001282804481280486 ) ) ;
#657 = LINE ( 'NONE', #6320, #884 ) ;
#658 = CARTESIAN_POINT ( 'NONE',  ( -12.44836020552780020, -27.12639186926541157, 8.000000000000000000 ) ) ;
#659 = CARTESIAN_POINT ( 'NONE',  ( 12.26637933012581527, -75.99999998776880261, 5.000279935673838771 ) ) ;
#660 = EDGE_CURVE ( 'NONE', #3425, #4283, #1638, .T. ) ;
#661 = EDGE_CURVE ( 'NONE', #2825, #6831, #1633, .T. ) ;
#662 = CARTESIAN_POINT ( 'NONE',  ( -5.736162321940781794, -51.68135096045342891, 37.94999999999999574 ) ) ;
#663 = CARTESIAN_POINT ( 'NONE',  ( -35.19999999999999574, -52.60078009883480377, 37.05029354652150175 ) ) ;
#664 = CARTESIAN_POINT ( 'NONE',  ( -4.165889348011615922, -69.00000000000000000, 5.000000000000000000 ) ) ;
#665 = LINE ( 'NONE', #557, #5062 ) ;
#666 = VERTEX_POINT ( 'NONE', #6256 ) ;
#667 = EDGE_CURVE ( 'NONE', #1430, #6532, #7448, .T. ) ;
#668 = DIRECTION ( 'NONE',  ( -0.004276014937612308831, -1.369422183859124640E-18, 0.9999908578063367859 ) ) ;
#669 = CARTESIAN_POINT ( 'NONE',  ( -11.90033665948658737, -66.20000000000000284, 33.03552732036720840 ) ) ;
#670 = AXIS2_PLACEMENT_3D ( 'NONE', #4021, #2266, #6359 ) ;
#671 = CARTESIAN_POINT ( 'NONE',  ( 13.81844554833910976, -27.00000000000001776, 10.99999725673799844 ) ) ;
#672 = CARTESIAN_POINT ( 'NONE',  ( -5.736162321940783571, -44.31864903954659241, 37.94999999999999574 ) ) ;
#673 = EDGE_LOOP ( 'NONE', ( #6611, #872 ) ) ;
#674 = CARTESIAN_POINT ( 'NONE',  ( -11.69381718382832247, -71.94033859119053886, 15.25771419512934202 ) ) ;
#675 = ORIENTED_EDGE ( 'NONE', *, *, #2182, .T. ) ;
#676 = CIRCLE ( 'NONE', #1382, 1.000000000000000888 ) ;
#677 = CARTESIAN_POINT ( 'NONE',  ( -33.78394473966169897, -23.99997500000001693, 37.05029354652139517 ) ) ;
#678 = MECHANICAL_DESIGN_GEOMETRIC_PRESENTATION_REPRESENTATION (  '', ( #1998 ), #2719 ) ;
#679 = ORIENTED_EDGE ( 'NONE', *, *, #6007, .F. ) ;
#680 = EDGE_LOOP ( 'NONE', ( #1081, #7004, #435, #6183, #2133, #2696, #1264 ) ) ;
#681 = LINE ( 'NONE', #5777, #4686 ) ;
#682 = EDGE_LOOP ( 'NONE', ( #5404, #1054, #3316, #6850, #5963, #197, #4123, #3120 ) ) ;
#683 = DIRECTION ( 'NONE',  ( 0.6996633405133658723, 1.034881980276245274E-30, 0.7144726796328030316 ) ) ;
#684 = ORIENTED_EDGE ( 'NONE', *, *, #2472, .F. ) ;
#685 = AXIS2_PLACEMENT_3D ( 'NONE', #3249, #2131, #3876 ) ;
#686 = ORIENTED_EDGE ( 'NONE', *, *, #6592, .F. ) ;
#687 = DIRECTION ( 'NONE',  ( -0.7144726796328059182, -2.288146209790315750E-16, -0.6996633405133628747 ) ) ;
#688 = AXIS2_PLACEMENT_3D ( 'NONE', #3067, #7161, #1816 ) ;
#689 = CARTESIAN_POINT ( 'NONE',  ( -35.19985593541959190, -43.38266185801614228, 22.81729392259499889 ) ) ;
#690 = LINE ( 'NONE', #4853, #3942 ) ;
#691 = EDGE_CURVE ( 'NONE', #3036, #314, #593, .T. ) ;
#692 = ORIENTED_EDGE ( 'NONE', *, *, #292, .F. ) ;
#693 = DIRECTION ( 'NONE',  ( 0.000000000000000000, 0.000000000000000000, -1.000000000000000000 ) ) ;
#694 = ORIENTED_EDGE ( 'NONE', *, *, #1035, .F. ) ;
#695 = CARTESIAN_POINT ( 'NONE',  ( -11.17074118065658794, -66.20000000000000284, 13.25000000000000000 ) ) ;
#696 = CARTESIAN_POINT ( 'NONE',  ( -31.29360860051508908, -58.87514223418711623, 5.753556018496659874 ) ) ;
#697 = CARTESIAN_POINT ( 'NONE',  ( 11.93500545729338036, -75.99999999283519969, 5.000282804481281929 ) ) ;
#698 = LINE ( 'NONE', #6006, #5886 ) ;
#699 = CARTESIAN_POINT ( 'NONE',  ( -10.99999999999999822, -29.80000000000001492, 33.75000000000000000 ) ) ;
#700 = CARTESIAN_POINT ( 'NONE',  ( -27.73616232194079601, -42.00000000000001421, 41.85000000000000142 ) ) ;
#701 = CARTESIAN_POINT ( 'NONE',  ( 9.523375690204773036, -52.94974746830584422, 3.000000000000000000 ) ) ;
#702 = VECTOR ( 'NONE', #1045, 1000.000000000000000 ) ;
#703 = EDGE_LOOP ( 'NONE', ( #5750, #1373, #6553, #2435 ) ) ;
#704 = CARTESIAN_POINT ( 'NONE',  ( 7.136297532342097405, -40.71265289267783771, 3.000000000000000000 ) ) ;
#705 = CARTESIAN_POINT ( 'NONE',  ( 9.750000000000003553, -28.50000000000000711, 13.00000000000000178 ) ) ;
#706 = EDGE_LOOP ( 'NONE', ( #632, #1828, #4763, #5732, #1994, #3540 ) ) ;
#707 = EDGE_CURVE ( 'NONE', #2197, #666, #2113, .T. ) ;
#708 = EDGE_CURVE ( 'NONE', #2562, #5198, #1759, .T. ) ;
#709 = VECTOR ( 'NONE', #1350, 1000.000000000000000 ) ;
#710 = DIRECTION ( 'NONE',  ( -0.000000000000000000, -0.000000000000000000, -1.000000000000000000 ) ) ;
#711 = CARTESIAN_POINT ( 'NONE',  ( -9.749999999999989342, -67.50000000000000000, 12.96173218317775166 ) ) ;
#712 = CARTESIAN_POINT ( 'NONE',  ( -19.41070482981538348, -66.65752644630367740, 5.878683768642986252 ) ) ;
#713 = CARTESIAN_POINT ( 'NONE',  ( -11.70882842028995618, -28.41150261643892705, 37.94987226507811329 ) ) ;
#714 = VERTEX_POINT ( 'NONE', #4065 ) ;
#715 = CARTESIAN_POINT ( 'NONE',  ( -12.00405070225563442, -71.89594104891229165, 15.37056715857855949 ) ) ;
#716 = VERTEX_POINT ( 'NONE', #6402 ) ;
#717 = EDGE_CURVE ( 'NONE', #554, #1228, #2533, .T. ) ;
#718 = VERTEX_POINT ( 'NONE', #7308 ) ;
#719 = ORIENTED_EDGE ( 'NONE', *, *, #6911, .T. ) ;
#720 = VERTEX_POINT ( 'NONE', #5607 ) ;
#721 = CARTESIAN_POINT ( 'NONE',  ( -21.83722406390289450, -34.51954653408361651, 37.94999999999999574 ) ) ;
#722 = EDGE_LOOP ( 'NONE', ( #6763, #7211, #5442, #2644 ) ) ;
#723 = LINE ( 'NONE', #5847, #1939 ) ;
#724 = ORIENTED_EDGE ( 'NONE', *, *, #3002, .F. ) ;
#725 = CARTESIAN_POINT ( 'NONE',  ( 8.391115030411986808, -72.00000000000001421, 5.001282804481281374 ) ) ;
#726 = CARTESIAN_POINT ( 'NONE',  ( 19.99999932944771075, -62.00000000000000000, 8.000000000000000000 ) ) ;
#727 = CARTESIAN_POINT ( 'NONE',  ( -35.19943192280939570, -43.35000000001213039, 23.51577377238000111 ) ) ;
#728 = CARTESIAN_POINT ( 'NONE',  ( -10.97499999180352681, -24.00424882070216626, 12.86872255699715595 ) ) ;
#729 = ORIENTED_EDGE ( 'NONE', *, *, #2509, .T. ) ;
#730 = ORIENTED_EDGE ( 'NONE', *, *, #565, .F. ) ;
#731 = CARTESIAN_POINT ( 'NONE',  ( 13.24264068711931053, -48.00000000000000000, 11.00000000000000000 ) ) ;
#732 = CARTESIAN_POINT ( 'NONE',  ( -33.49455669033929439, -56.64304738064048195, 5.753556018496670532 ) ) ;
#733 = CARTESIAN_POINT ( 'NONE',  ( -5.736162321940776465, -67.64711616306480835, 37.94999999999999574 ) ) ;
#734 = EDGE_CURVE ( 'NONE', #5401, #5810, #3882, .T. ) ;
#735 = CARTESIAN_POINT ( 'NONE',  ( 11.44072118919481440, -76.00000000000001421, 10.99999725673800199 ) ) ;
#736 = CARTESIAN_POINT ( 'NONE',  ( 12.26637933012581527, -75.99999998776880261, 5.001282804481282263 ) ) ;
#737 = CARTESIAN_POINT ( 'NONE',  ( -28.68016488518554041, -60.47884052477507311, 37.02364571972231033 ) ) ;
#738 = PLANE ( 'NONE',  #2747 ) ;
#739 = LINE ( 'NONE', #5372, #2958 ) ;
#740 = CARTESIAN_POINT ( 'NONE',  ( -21.83722406390289450, -34.46706069238471315, 37.94999999999999574 ) ) ;
#741 = ORIENTED_EDGE ( 'NONE', *, *, #5228, .F. ) ;
#742 = DIRECTION ( 'NONE',  ( 0.7144726796328046969, 0.6996633405133640959, -0.000000000000000000 ) ) ;
#743 = LINE ( 'NONE', #2577, #5361 ) ;
#744 = EDGE_CURVE ( 'NONE', #2245, #1502, #5574, .T. ) ;
#745 = CARTESIAN_POINT ( 'NONE',  ( -10.31393335173800097, -24.00000000000001066, 28.31033288373330237 ) ) ;
#746 = EDGE_CURVE ( 'NONE', #4524, #6399, #1508, .T. ) ;
#747 = FILL_AREA_STYLE ('',( #1257 ) ) ;
#748 = LINE ( 'NONE', #4292, #5780 ) ;
#749 = LINE ( 'NONE', #862, #5454 ) ;
#750 = EDGE_LOOP ( 'NONE', ( #380, #7058, #5, #3927, #2321, #6218 ) ) ;
#751 = LINE ( 'NONE', #3730, #4551 ) ;
#752 = VERTEX_POINT ( 'NONE', #1520 ) ;
#753 = AXIS2_PLACEMENT_3D ( 'NONE', #1563, #6212, #5651 ) ;
#754 = AXIS2_PLACEMENT_3D ( 'NONE', #5274, #155, #2893 ) ;
#755 = EDGE_CURVE ( 'NONE', #2744, #2882, #2479, .T. ) ;
#756 = ORIENTED_EDGE ( 'NONE', *, *, #148, .T. ) ;
#757 = DIRECTION ( 'NONE',  ( -0.000000000000000000, -0.000000000000000000, -1.000000000000000000 ) ) ;
#758 = LINE ( 'NONE', #2023, #6400 ) ;
#759 = VERTEX_POINT ( 'NONE', #4907 ) ;
#760 = DIRECTION ( 'NONE',  ( 0.000000000000000000, -0.000000000000000000, 1.000000000000000000 ) ) ;
#761 = ORIENTED_EDGE ( 'NONE', *, *, #5725, .F. ) ;
#762 = LINE ( 'NONE', #5443, #3332 ) ;
#763 = CARTESIAN_POINT ( 'NONE',  ( -14.79999999999998472, -70.87763232575606764, 13.25000000000000178 ) ) ;
#764 = CARTESIAN_POINT ( 'NONE',  ( 4.072835491533292718, -64.15000000000000568, 11.00000000000000000 ) ) ;
#765 = FACE_OUTER_BOUND ( 'NONE', #5150, .T. ) ;
#766 = ORIENTED_EDGE ( 'NONE', *, *, #1844, .F. ) ;
#767 = CARTESIAN_POINT ( 'NONE',  ( -34.65055988689759658, -52.66958763333006033, 5.753556018496659874 ) ) ;
#768 = DIRECTION ( 'NONE',  ( -0.000000000000000000, 0.000000000000000000, 1.000000000000000000 ) ) ;
#769 = DIRECTION ( 'NONE',  ( 3.202566417187959410E-16, -1.000000000000000000, -0.000000000000000000 ) ) ;
#770 = EDGE_CURVE ( 'NONE', #6460, #3851, #7227, .T. ) ;
#771 = CARTESIAN_POINT ( 'NONE',  ( -35.19999999999999574, -48.35000000000001563, 28.40000000000000213 ) ) ;
#772 = EDGE_CURVE ( 'NONE', #2939, #1089, #7247, .T. ) ;
#773 = EDGE_LOOP ( 'NONE', ( #3729, #5269, #4788, #2504 ) ) ;
#774 = CARTESIAN_POINT ( 'NONE',  ( -24.73756802334389704, -35.25024156093896721, 37.78254785960795914 ) ) ;
#775 = LINE ( 'NONE', #5418, #1652 ) ;
#776 = ORIENTED_EDGE ( 'NONE', *, *, #4188, .F. ) ;
#777 = CARTESIAN_POINT ( 'NONE',  ( 7.160590776347191877, -62.00000000000000711, 5.001282804481280486 ) ) ;
#778 = CARTESIAN_POINT ( 'NONE',  ( -30.28569267005433119, -38.45604379012775098, 5.078082274318738598 ) ) ;
#779 = PLANE ( 'NONE',  #1888 ) ;
#780 = LINE ( 'NONE', #3681, #207 ) ;
#781 = EDGE_CURVE ( 'NONE', #5903, #1159, #3271, .T. ) ;
#782 = LINE ( 'NONE', #5947, #78 ) ;
#783 = CARTESIAN_POINT ( 'NONE',  ( -14.99999999999999822, -31.85000000000001563, 36.00000000000000000 ) ) ;
#784 = ORIENTED_EDGE ( 'NONE', *, *, #4127, .F. ) ;
#785 = CARTESIAN_POINT ( 'NONE',  ( -29.67531885983021311, -35.77066137341762442, 36.82948149140387528 ) ) ;
#786 = ORIENTED_EDGE ( 'NONE', *, *, #1661, .T. ) ;
#787 =( BOUNDED_CURVE ( )  B_SPLINE_CURVE ( 3, ( #6053, #6544, #4789, #812 ),
 .UNSPECIFIED., .F., .T. ) 
 B_SPLINE_CURVE_WITH_KNOTS ( ( 4, 4 ),
 ( 0.02924489600170937856, 0.7853981633974486121 ),
 .UNSPECIFIED. ) 
 CURVE ( )  GEOMETRIC_REPRESENTATION_ITEM ( )  RATIONAL_B_SPLINE_CURVE ( ( 1.000000000000000000, 0.9529175555644411322, 0.9529175555644411322, 1.000000000000000000 ) ) 
 REPRESENTATION_ITEM ( '' )  );
#788 = VECTOR ( 'NONE', #2830, 1000.000000000000114 ) ;
#789 = ORIENTED_EDGE ( 'NONE', *, *, #2569, .T. ) ;
#790 = ORIENTED_EDGE ( 'NONE', *, *, #4188, .T. ) ;
#791 = CARTESIAN_POINT ( 'NONE',  ( -25.87293712486123809, -48.00000000000001421, 38.91394720864728640 ) ) ;
#792 = ORIENTED_EDGE ( 'NONE', *, *, #3697, .T. ) ;
#793 = PLANE ( 'NONE',  #2557 ) ;
#794 = ORIENTED_EDGE ( 'NONE', *, *, #3270, .T. ) ;
#795 = VECTOR ( 'NONE', #6527, 1000.000000000000000 ) ;
#796 = EDGE_CURVE ( 'NONE', #6460, #6702, #5428, .T. ) ;
#797 = EDGE_CURVE ( 'NONE', #3326, #3163, #3181, .T. ) ;
#798 = DIRECTION ( 'NONE',  ( 1.000000000000000000, 0.000000000000000000, 0.000000000000000000 ) ) ;
#799 = CARTESIAN_POINT ( 'NONE',  ( 7.686159401251103766E-15, -48.00000000000000711, -1.000000000000000888 ) ) ;
#800 = CARTESIAN_POINT ( 'NONE',  ( -9.999999999999987566, -64.00000000000001421, 32.84999999999999432 ) ) ;
#801 = ORIENTED_EDGE ( 'NONE', *, *, #796, .T. ) ;
#802 = ORIENTED_EDGE ( 'NONE', *, *, #1167, .T. ) ;
#803 = CARTESIAN_POINT ( 'NONE',  ( -33.09013040024169783, -52.86802964515651126, 5.000000000000000000 ) ) ;
#804 = DIRECTION ( 'NONE',  ( 1.000000000000000000, 2.202823461557850341E-15, 0.000000000000000000 ) ) ;
#805 = EDGE_CURVE ( 'NONE', #3149, #2006, #6501, .T. ) ;
#806 = COLOUR_RGB ( '',1.000000000000000000, 1.000000000000000000, 1.000000000000000000 ) ;
#807 = DIRECTION ( 'NONE',  ( -3.202566417187959410E-16, 1.000000000000000000, 0.000000000000000000 ) ) ;
#808 = CARTESIAN_POINT ( 'NONE',  ( -19.48697556705469580, -65.96027953416093226, 5.456199821456687360 ) ) ;
#809 = CARTESIAN_POINT ( 'NONE',  ( 12.24692368152635957, -71.69144803755982309, 9.551189906297457455 ) ) ;
#810 = CARTESIAN_POINT ( 'NONE',  ( 58.97731959999369877, -30.64999999999999147, 30.64999999999999858 ) ) ;
#811 = ORIENTED_EDGE ( 'NONE', *, *, #7011, .T. ) ;
#812 = CARTESIAN_POINT ( 'NONE',  ( 12.26262753378088455, -71.12132034355965970, 5.878679656440358059 ) ) ;
#813 = FACE_OUTER_BOUND ( 'NONE', #5084, .T. ) ;
#814 = FACE_OUTER_BOUND ( 'NONE', #2391, .T. ) ;
#815 = CARTESIAN_POINT ( 'NONE',  ( 7.686159401251103766E-15, -48.00000000000000711, 5.000000000000000000 ) ) ;
#816 = FACE_OUTER_BOUND ( 'NONE', #3976, .T. ) ;
#817 = VECTOR ( 'NONE', #4552, 1000.000000000000000 ) ;
#818 = B_SPLINE_CURVE_WITH_KNOTS ( 'NONE', 3,
 ( #959, #1613, #3926, #1546, #3367, #2032, #6767, #3258, #6114, #3850, #4107, #6448, #5878, #2203, #1649 ),
 .UNSPECIFIED., .F., .F.,
 ( 4, 2, 2, 1, 1, 1, 2, 2, 4 ),
 ( 0.000000000000000000, 0.2500000000000150990, 0.3750000000000250910, 0.4375000000000300870, 0.4687500000000376366, 0.4843750000000368039, 0.4921875000000389688, 0.5000000000000410783, 1.000000000000000000 ),
 .UNSPECIFIED. ) ;
#819 = CARTESIAN_POINT ( 'NONE',  ( 15.44084688108270065, -24.00000000000001421, 7.999998628369019649 ) ) ;
#820 = DIRECTION ( 'NONE',  ( 0.7144726796328081386, 0.6996633405133605432, -0.000000000000000000 ) ) ;
#821 = CARTESIAN_POINT ( 'NONE',  ( -34.93558641482579930, -41.35175247889716843, 37.05029354652139517 ) ) ;
#822 = CARTESIAN_POINT ( 'NONE',  ( 7.188670157948608974, -50.66343489348086848, 9.000000000000000000 ) ) ;
#823 = CARTESIAN_POINT ( 'NONE',  ( -13.54487382768304293, -70.00366402836057489, 35.73675953496128699 ) ) ;
#824 = ORIENTED_EDGE ( 'NONE', *, *, #483, .T. ) ;
#825 = CARTESIAN_POINT ( 'NONE',  ( -34.14928511387029886, -39.30122265077017829, 37.05029354652139517 ) ) ;
#826 = ORIENTED_EDGE ( 'NONE', *, *, #7085, .T. ) ;
#827 = VECTOR ( 'NONE', #1830, 1000.000000000000114 ) ;
#828 = AXIS2_PLACEMENT_3D ( 'NONE', #312, #3625, #7148 ) ;
#829 = ADVANCED_FACE ( 'NONE', ( #323, #848 ), #5334, .T. ) ;
#830 = VERTEX_POINT ( 'NONE', #4942 ) ;
#831 = AXIS2_PLACEMENT_3D ( 'NONE', #2624, #2580, #2011 ) ;
#832 = DIRECTION ( 'NONE',  ( 0.9999908578063367859, 3.202537138705553991E-16, 0.004276014937612588988 ) ) ;
#833 = EDGE_LOOP ( 'NONE', ( #7324, #6002, #1223, #5589 ) ) ;
#834 = DIRECTION ( 'NONE',  ( 1.000000000000000000, 3.202566417187959410E-16, 0.000000000000000000 ) ) ;
#835 = ORIENTED_EDGE ( 'NONE', *, *, #4231, .T. ) ;
#836 = DIRECTION ( 'NONE',  ( 0.000000000000000000, 0.000000000000000000, -1.000000000000000000 ) ) ;
#837 = CARTESIAN_POINT ( 'NONE',  ( 7.188670157948592099, -45.33656510651913152, -1.813288857160449963 ) ) ;
#838 = LINE ( 'NONE', #7261, #3235 ) ;
#839 = ORIENTED_EDGE ( 'NONE', *, *, #2384, .T. ) ;
#840 = ORIENTED_EDGE ( 'NONE', *, *, #5307, .F. ) ;
#841 = LINE ( 'NONE', #6119, #6078 ) ;
#842 = EDGE_LOOP ( 'NONE', ( #6493, #3803, #4760, #74 ) ) ;
#843 = CARTESIAN_POINT ( 'NONE',  ( -33.13256374091699286, -58.01263767752691791, 7.326801574230770164 ) ) ;
#844 = ADVANCED_FACE ( 'NONE', ( #2212 ), #7383, .T. ) ;
#845 = CARTESIAN_POINT ( 'NONE',  ( -33.45678571727924577, -57.65714152265896075, 36.91788921458760342 ) ) ;
#846 = CARTESIAN_POINT ( 'NONE',  ( 19.99999932944770009, -24.00000000000000000, 8.000000000000000000 ) ) ;
#847 = CARTESIAN_POINT ( 'NONE',  ( -28.50257966915842189, -60.51067941526211769, 37.06233306034234687 ) ) ;
#848 = FACE_OUTER_BOUND ( 'NONE', #7411, .T. ) ;
#849 = LINE ( 'NONE', #1482, #6537 ) ;
#850 = CARTESIAN_POINT ( 'NONE',  ( -12.66714884176523270, -69.69975850291987740, 36.89495102051468223 ) ) ;
#851 = EDGE_CURVE ( 'NONE', #752, #5545, #6777, .T. ) ;
#852 = VERTEX_POINT ( 'NONE', #5785 ) ;
#853 = CARTESIAN_POINT ( 'NONE',  ( -22.69717991578234262, -34.91887098160086822, 37.93609457361467463 ) ) ;
#854 = LINE ( 'NONE', #6511, #2010 ) ;
#855 = ORIENTED_EDGE ( 'NONE', *, *, #707, .F. ) ;
#856 = CARTESIAN_POINT ( 'NONE',  ( -35.19999999999999574, -48.35000000000001563, 18.39999999999999858 ) ) ;
#857 = CARTESIAN_POINT ( 'NONE',  ( -11.87887094217372130, -67.55699458231362087, 37.94985772340162100 ) ) ;
#858 = FACE_BOUND ( 'NONE', #4405, .T. ) ;
#859 = DIRECTION ( 'NONE',  ( 1.408194120921761033E-18, -0.004397080145985662186, -0.9999903327963675093 ) ) ;
#860 = EDGE_CURVE ( 'NONE', #5284, #5707, #1046, .T. ) ;
#861 = FACE_OUTER_BOUND ( 'NONE', #5309, .T. ) ;
#862 = CARTESIAN_POINT ( 'NONE',  ( -8.485281374238546448, -39.51471862576141802, 1.000000000000000000 ) ) ;
#863 = ORIENTED_EDGE ( 'NONE', *, *, #2769, .F. ) ;
#864 = DIRECTION ( 'NONE',  ( -9.367723249499515189E-31, 1.000000000000000000, 0.000000000000000000 ) ) ;
#865 = VERTEX_POINT ( 'NONE', #1063 ) ;
#866 = LINE ( 'NONE', #5516, #5547 ) ;
#867 = PLANE ( 'NONE',  #2621 ) ;
#868 = EDGE_LOOP ( 'NONE', ( #4228, #4423, #3123, #3215, #7052, #3197 ) ) ;
#869 = EDGE_CURVE ( 'NONE', #5211, #4630, #4179, .T. ) ;
#870 = AXIS2_PLACEMENT_3D ( 'NONE', #2978, #4481, #693 ) ;
#871 = CARTESIAN_POINT ( 'NONE',  ( 7.618018728172496701, -76.00000000000001421, 10.99999725673800199 ) ) ;
#872 = ORIENTED_EDGE ( 'NONE', *, *, #2778, .T. ) ;
#873 = CARTESIAN_POINT ( 'NONE',  ( 12.56147446025172165, -31.85000000000000497, 13.32427514289134152 ) ) ;
#874 = DIRECTION ( 'NONE',  ( -0.000000000000000000, -0.000000000000000000, -1.000000000000000000 ) ) ;
#875 = CIRCLE ( 'NONE', #4377, 0.9999999999999991118 ) ;
#876 = CARTESIAN_POINT ( 'NONE',  ( -30.72642608038836087, -58.18767075308922898, 5.329607115777239557 ) ) ;
#877 = LINE ( 'NONE', #7221, #7379 ) ;
#878 = EDGE_LOOP ( 'NONE', ( #4508, #2627, #6718, #7096 ) ) ;
#879 = VERTEX_POINT ( 'NONE', #1556 ) ;
#880 = VECTOR ( 'NONE', #1957, 1000.000000000000000 ) ;
#881 = ORIENTED_EDGE ( 'NONE', *, *, #1479, .T. ) ;
#882 = CARTESIAN_POINT ( 'NONE',  ( -34.85077282678419408, -54.96708017142459823, 7.326801574230760394 ) ) ;
#883 = CARTESIAN_POINT ( 'NONE',  ( -33.10289596690319769, -58.04914558638265021, 36.82082221600979466 ) ) ;
#884 = VECTOR ( 'NONE', #3981, 1000.000000000000227 ) ;
#885 = CARTESIAN_POINT ( 'NONE',  ( -19.32205967268138735, -67.07761176188316199, 6.222833539192371255 ) ) ;
#886 = EDGE_CURVE ( 'NONE', #920, #3615, #3937, .T. ) ;
#887 = B_SPLINE_CURVE_WITH_KNOTS ( 'NONE', 3,
 ( #7030, #689, #1766, #1274, #3585, #5926, #3011, #727, #2442, #5206, #2318, #6951, #1733 ),
 .UNSPECIFIED., .F., .F.,
 ( 4, 3, 3, 3, 4 ),
 ( -0.1404429230049809851, -0.1049532777736630063, -0.07022146150247929319, -0.03548964523129899407, 0.000000000000000000 ),
 .UNSPECIFIED. ) ;
#888 = DIRECTION ( 'NONE',  ( 1.000000000000000000, 0.000000000000000000, 0.000000000000000000 ) ) ;
#889 = CARTESIAN_POINT ( 'NONE',  ( -3.830286123484390792, -51.80659118089341320, -1.000000000000000000 ) ) ;
#890 = PLANE ( 'NONE',  #5974 ) ;
#891 = ORIENTED_EDGE ( 'NONE', *, *, #546, .F. ) ;
#892 = DIRECTION ( 'NONE',  ( 1.000000000000000000, 0.000000000000000000, 0.000000000000000000 ) ) ;
#893 = EDGE_CURVE ( 'NONE', #471, #3552, #3518, .T. ) ;
#894 = EDGE_CURVE ( 'NONE', #4630, #3651, #3857, .T. ) ;
#895 = DIRECTION ( 'NONE',  ( 0.000000000000000000, 0.000000000000000000, 1.000000000000000000 ) ) ;
#896 = CARTESIAN_POINT ( 'NONE',  ( 12.26637934239291461, -75.20000000000000284, 5.001279935673839994 ) ) ;
#897 = CARTESIAN_POINT ( 'NONE',  ( 0.1999096512316194674, -31.85000000000001563, 37.95000000000000284 ) ) ;
#898 = FACE_OUTER_BOUND ( 'NONE', #5304, .T. ) ;
#899 = FACE_OUTER_BOUND ( 'NONE', #5127, .T. ) ;
#900 = CARTESIAN_POINT ( 'NONE',  ( 26.99999932944771430, -72.28029056724518853, 7.999997256737990448 ) ) ;
#901 = CARTESIAN_POINT ( 'NONE',  ( 19.99999932944770364, -34.00000000000000000, 8.000000000000000000 ) ) ;
#902 = DIRECTION ( 'NONE',  ( 0.6996633405133639849, 2.240718317665643395E-16, -0.7144726796328049190 ) ) ;
#903 = CYLINDRICAL_SURFACE ( 'NONE', #3243, 3.149999999999999911 ) ;
#904 = ORIENTED_EDGE ( 'NONE', *, *, #5819, .T. ) ;
#905 = CARTESIAN_POINT ( 'NONE',  ( -2.710824778663007528, -55.23606004313086260, -1.813288857160449963 ) ) ;
#906 = ORIENTED_EDGE ( 'NONE', *, *, #7287, .T. ) ;
#907 = EDGE_CURVE ( 'NONE', #5201, #2730, #1094, .T. ) ;
#908 = DIRECTION ( 'NONE',  ( -0.8236126967285826161, 0.5671526476950204954, -3.712223272542562402E-16 ) ) ;
#909 = CARTESIAN_POINT ( 'NONE',  ( 2.384826360509196608, -31.85000000000000853, 24.19664244129842245 ) ) ;
#910 = DIRECTION ( 'NONE',  ( 4.557819132794839459E-16, -1.000000000000000000, 0.000000000000000000 ) ) ;
#911 = EDGE_LOOP ( 'NONE', ( #6693, #5771, #396, #4060 ) ) ;
#912 = CARTESIAN_POINT ( 'NONE',  ( -26.94350895841949267, -43.26718681530833521, 37.94999999999999574 ) ) ;
#913 = ORIENTED_EDGE ( 'NONE', *, *, #6841, .T. ) ;
#914 = EDGE_CURVE ( 'NONE', #1795, #3752, #3305, .T. ) ;
#915 = CARTESIAN_POINT ( 'NONE',  ( 10.32179766487339734, -26.61666666666667780, 17.46568404001204300 ) ) ;
#916 = CARTESIAN_POINT ( 'NONE',  ( -11.06074065087061520, -57.70673426229028280, 35.32183989519215572 ) ) ;
#917 = ORIENTED_EDGE ( 'NONE', *, *, #3855, .T. ) ;
#918 = ORIENTED_EDGE ( 'NONE', *, *, #6203, .F. ) ;
#919 = DIRECTION ( 'NONE',  ( 1.000000000000000000, 3.202566417187959410E-16, 0.000000000000000000 ) ) ;
#920 = VERTEX_POINT ( 'NONE', #5675 ) ;
#921 = CARTESIAN_POINT ( 'NONE',  ( -35.20001688508509119, -52.59883844726365965, 7.326801574230760394 ) ) ;
#922 = AXIS2_PLACEMENT_3D ( 'NONE', #1176, #807, #1315 ) ;
#923 = CARTESIAN_POINT ( 'NONE',  ( -31.96817452989835573, -59.06485223722452105, 36.65924741330498904 ) ) ;
#924 = DIRECTION ( 'NONE',  ( -0.3420201433256661039, -1.095342225016591036E-16, 0.9396926207859094271 ) ) ;
#925 = CARTESIAN_POINT ( 'NONE',  ( -11.06074065087061520, -57.70673426229028280, 11.67816010480783895 ) ) ;
#926 = EDGE_CURVE ( 'NONE', #3306, #1267, #93, .T. ) ;
#927 = VECTOR ( 'NONE', #1273, 1000.000000000000000 ) ;
#928 = CARTESIAN_POINT ( 'NONE',  ( -11.06074065087061165, -70.12127235855446372, 35.32183989519215572 ) ) ;
#929 = AXIS2_PLACEMENT_3D ( 'NONE', #4120, #3477, #7102 ) ;
#930 = CARTESIAN_POINT ( 'NONE',  ( -8.799999999999998934, -29.80000000000001137, 33.75000000000000000 ) ) ;
#931 = CARTESIAN_POINT ( 'NONE',  ( -13.54555364510529891, -27.88193651635711134, 8.000000000000000000 ) ) ;
#932 = ORIENTED_EDGE ( 'NONE', *, *, #907, .F. ) ;
#933 = CARTESIAN_POINT ( 'NONE',  ( 1.749747468305839160, -52.94974746830583712, 9.000000000000000000 ) ) ;
#934 = CARTESIAN_POINT ( 'NONE',  ( 7.160590788385317040, -74.66733016329260408, 5.001279989241270485 ) ) ;
#935 = DIRECTION ( 'NONE',  ( 4.557819132794839459E-16, -1.000000000000000000, 0.000000000000000000 ) ) ;
#936 = DIRECTION ( 'NONE',  ( -0.004276014937612213421, -4.168819047316408194E-17, 0.9999908578063367859 ) ) ;
#937 = CARTESIAN_POINT ( 'NONE',  ( -6.549747468305824327, -43.05025253169417709, -1.000000000000000000 ) ) ;
#938 = CARTESIAN_POINT ( 'NONE',  ( -11.10231741850038567, -67.10168055733311121, 35.00000000000000000 ) ) ;
#939 = CARTESIAN_POINT ( 'NONE',  ( 7.160590788385317040, -76.00000000000001421, 5.001279989241280255 ) ) ;
#940 = EDGE_CURVE ( 'NONE', #3653, #1242, #635, .T. ) ;
#941 = CARTESIAN_POINT ( 'NONE',  ( -35.18676685278006744, -53.03241576540492730, 21.58678877004787822 ) ) ;
#942 = ORIENTED_EDGE ( 'NONE', *, *, #3466, .F. ) ;
#943 = EDGE_CURVE ( 'NONE', #5829, #2660, #5053, .T. ) ;
#944 = DIRECTION ( 'NONE',  ( 0.000000000000000000, 0.000000000000000000, -1.000000000000000000 ) ) ;
#945 = VERTEX_POINT ( 'NONE', #2305 ) ;
#946 =( GEOMETRIC_REPRESENTATION_CONTEXT ( 3 ) GLOBAL_UNCERTAINTY_ASSIGNED_CONTEXT ( ( #552 ) ) GLOBAL_UNIT_ASSIGNED_CONTEXT ( ( #3892, #4678, #3330 ) ) REPRESENTATION_CONTEXT ( 'NONE', 'WORKASPACE' ) );
#947 = CARTESIAN_POINT ( 'NONE',  ( -32.71417905707829732, -41.24248459050743776, 5.000000000000000000 ) ) ;
#948 = VECTOR ( 'NONE', #3424, 1000.000000000000000 ) ;
#949 = CARTESIAN_POINT ( 'NONE',  ( -10.71366012283418634, -69.00000000000001421, 5.000000000000000888 ) ) ;
#950 = FACE_OUTER_BOUND ( 'NONE', #4962, .T. ) ;
#951 = CARTESIAN_POINT ( 'NONE',  ( -34.68959461325909643, -55.49384526247639826, -1.410058709304370161 ) ) ;
#952 = EDGE_CURVE ( 'NONE', #6828, #50, #3464, .T. ) ;
#953 = VECTOR ( 'NONE', #2721, 1000.000000000000000 ) ;
#954 = CARTESIAN_POINT ( 'NONE',  ( 14.35328174760400444, -31.85000000000000497, 37.94999999999999574 ) ) ;
#955 = ORIENTED_EDGE ( 'NONE', *, *, #3744, .F. ) ;
#956 = CARTESIAN_POINT ( 'NONE',  ( 11.06835659666616856, -24.00000000000000355, 16.08521440763847465 ) ) ;
#957 = AXIS2_PLACEMENT_3D ( 'NONE', #5429, #3728, #219 ) ;
#958 = FACE_BOUND ( 'NONE', #2901, .T. ) ;
#959 = CARTESIAN_POINT ( 'NONE',  ( -33.79350620724218857, -38.83008477701290673, 37.05029354652139517 ) ) ;
#960 = VERTEX_POINT ( 'NONE', #4723 ) ;
#961 = VERTEX_POINT ( 'NONE', #2846 ) ;
#962 = ORIENTED_EDGE ( 'NONE', *, *, #5948, .T. ) ;
#963 = LINE ( 'NONE', #1432, #1156 ) ;
#964 = ADVANCED_FACE ( 'NONE', ( #1189 ), #5806, .T. ) ;
#965 = CARTESIAN_POINT ( 'NONE',  ( 5.066582957408886756, -76.00000000000001421, 3.708740733778680188 ) ) ;
#966 = DIRECTION ( 'NONE',  ( 1.000000000000000000, 3.202566417187959410E-16, 0.000000000000000000 ) ) ;
#967 = CARTESIAN_POINT ( 'NONE',  ( -19.34474491998028967, -66.98538128257307278, 6.139890893849216269 ) ) ;
#968 = CARTESIAN_POINT ( 'NONE',  ( 2.203939522617100799, -45.74941105915667805, 19.49590874590810330 ) ) ;
#969 = AXIS2_PLACEMENT_3D ( 'NONE', #6068, #7138, #3770 ) ;
#970 = CARTESIAN_POINT ( 'NONE',  ( -1.302129466680794989, -72.00000000000001421, 5.000000000000000000 ) ) ;
#971 = CARTESIAN_POINT ( 'NONE',  ( -31.59663146853189986, -35.21436789586491756, 36.64167610347740123 ) ) ;
#972 = EDGE_LOOP ( 'NONE', ( #826, #313, #1376, #4687 ) ) ;
#973 = EDGE_CURVE ( 'NONE', #960, #1430, #7509, .T. ) ;
#974 = DIRECTION ( 'NONE',  ( 0.8571673007021116675, 1.049727191138617833E-16, -0.5150380749100552658 ) ) ;
#975 = CARTESIAN_POINT ( 'NONE',  ( -27.38344061465779333, -43.26718681530833521, 37.31799409599090467 ) ) ;
#976 = PLANE ( 'NONE',  #626 ) ;
#977 = CARTESIAN_POINT ( 'NONE',  ( 4.949747468305815801, -43.05025253169415578, 5.000000000000000000 ) ) ;
#978 = DIRECTION ( 'NONE',  ( 1.000000000000000000, 0.000000000000000000, 0.000000000000000000 ) ) ;
#979 = LINE ( 'NONE', #1931, #5649 ) ;
#980 = CARTESIAN_POINT ( 'NONE',  ( -17.74961915645648958, -48.00000000000001421, 36.90539853649280388 ) ) ;
#981 = ORIENTED_EDGE ( 'NONE', *, *, #5599, .F. ) ;
#982 = DIRECTION ( 'NONE',  ( -0.9510565162951518658, -3.045821659934626462E-16, 0.3090169943749530024 ) ) ;
#983 = ORIENTED_EDGE ( 'NONE', *, *, #358, .T. ) ;
#984 = ADVANCED_FACE ( 'NONE', ( #4599 ), #6370, .F. ) ;
#985 = ADVANCED_FACE ( 'NONE', ( #7051 ), #1756, .T. ) ;
#986 = CARTESIAN_POINT ( 'NONE',  ( -15.10171886234875771, -26.25543903296550141, 36.07259739228430107 ) ) ;
#987 = ORIENTED_EDGE ( 'NONE', *, *, #2877, .F. ) ;
#988 = CARTESIAN_POINT ( 'NONE',  ( -11.06074065087061520, -57.70673426229028280, 11.67816010480783895 ) ) ;
#989 = ORIENTED_EDGE ( 'NONE', *, *, #2992, .T. ) ;
#990 = CARTESIAN_POINT ( 'NONE',  ( 7.860597175941263615, -72.00000000000001421, 5.000279975879919903 ) ) ;
#991 = ADVANCED_FACE ( 'NONE', ( #3498 ), #1790, .F. ) ;
#992 =( BOUNDED_SURFACE ( )  B_SPLINE_SURFACE ( 3, 2, ( 
 ( #1060, #6166, #3856 ),
 ( #6126, #2749, #3375 ),
 ( #4941, #6735, #7269 ),
 ( #2042, #322, #2074 ),
 ( #3304, #7306, #1030 ) ),
 .UNSPECIFIED., .F., .F., .F. ) 
 B_SPLINE_SURFACE_WITH_KNOTS ( ( 4, 1, 4 ),
 ( 3, 3 ),
 ( 3.640606199151580125, 4.024116079420899439, 4.407625959690229855 ),
 ( 0.000000000000000000, 1.000027819078000091 ),
 .UNSPECIFIED. ) 
 GEOMETRIC_REPRESENTATION_ITEM ( )  RATIONAL_B_SPLINE_SURFACE ( (
 ( 1.000000000000000000, 0.9373762824219029621, 1.000003484268169984),
 ( 1.000000000000000000, 0.9233026409877079788, 1.000004267299630101),
 ( 1.000000000000000000, 0.8845765587685689990, 1.000006421947429835),
 ( 1.000000000000000000, 0.8264934779125270303, 1.000009653582939917),
 ( 1.000000000000000000, 0.7933475915716909910, 1.000011497758940049) ) ) 
 REPRESENTATION_ITEM ( '' )  SURFACE ( )  );
#993 = ORIENTED_EDGE ( 'NONE', *, *, #1886, .F. ) ;
#994 = CARTESIAN_POINT ( 'NONE',  ( -9.455630597444505625, -57.70673426229028280, 33.74999999999998579 ) ) ;
#995 = ORIENTED_EDGE ( 'NONE', *, *, #6719, .T. ) ;
#996 = LINE ( 'NONE', #2746, #4379 ) ;
#997 = CARTESIAN_POINT ( 'NONE',  ( -29.88649349254998810, -56.86778751886040340, 5.000000000000000000 ) ) ;
#998 = CARTESIAN_POINT ( 'NONE',  ( -26.64672724242791801, -60.64926068240546186, 37.48772458332864943 ) ) ;
#999 = CARTESIAN_POINT ( 'NONE',  ( 1.078714240502953947, -26.03541211218270490, 35.90659430074043712 ) ) ;
#1000 = ORIENTED_EDGE ( 'NONE', *, *, #2884, .F. ) ;
#1001 = CARTESIAN_POINT ( 'NONE',  ( -6.003173824600706254, -31.85000000000001563, 36.00000000000000000 ) ) ;
#1002 = AXIS2_PLACEMENT_3D ( 'NONE', #2540, #2618, #1968 ) ;
#1003 = CARTESIAN_POINT ( 'NONE',  ( -17.80265410676058480, -72.00000000000001421, 10.99999725673800199 ) ) ;
#1004 = VERTEX_POINT ( 'NONE', #599 ) ;
#1005 = FACE_OUTER_BOUND ( 'NONE', #7081, .T. ) ;
#1006 = VECTOR ( 'NONE', #7268, 1000.000000000000000 ) ;
#1007 = EDGE_CURVE ( 'NONE', #6399, #5402, #145, .T. ) ;
#1008 = CARTESIAN_POINT ( 'NONE',  ( -11.18380404555093577, -66.25746367597766096, 11.55764752501091230 ) ) ;
#1009 = DIRECTION ( 'NONE',  ( -1.000000000000000000, 0.000000000000000000, -3.154042683594193641E-15 ) ) ;
#1010 = VERTEX_POINT ( 'NONE', #2427 ) ;
#1011 = LINE ( 'NONE', #2124, #817 ) ;
#1012 = CARTESIAN_POINT ( 'NONE',  ( 10.89812033064045416, -30.65000000000000213, 16.40000000000000924 ) ) ;
#1013 = ORIENTED_EDGE ( 'NONE', *, *, #5136, .F. ) ;
#1014 = CARTESIAN_POINT ( 'NONE',  ( -7.260740650870593171, -38.29326573770972431, 14.82183989519216283 ) ) ;
#1015 = ORIENTED_EDGE ( 'NONE', *, *, #5989, .F. ) ;
#1016 = CARTESIAN_POINT ( 'NONE',  ( 7.560631736194164176, -26.61666666666667069, 22.58949917233458038 ) ) ;
#1017 = ORIENTED_EDGE ( 'NONE', *, *, #5064, .T. ) ;
#1018 = CARTESIAN_POINT ( 'NONE',  ( -12.00000000000001066, -48.00000000000000711, 0.9999999999999931166 ) ) ;
#1019 = CARTESIAN_POINT ( 'NONE',  ( -12.00000000000001066, -47.02943725152284316, 1.000000000000000000 ) ) ;
#1020 = CARTESIAN_POINT ( 'NONE',  ( -31.40396775464148504, -59.46564088788542080, 36.65153118436359847 ) ) ;
#1021 = ORIENTED_EDGE ( 'NONE', *, *, #4590, .T. ) ;
#1022 = LINE ( 'NONE', #6195, #6295 ) ;
#1023 = ORIENTED_EDGE ( 'NONE', *, *, #309, .F. ) ;
#1024 = EDGE_CURVE ( 'NONE', #6936, #6948, #1161, .T. ) ;
#1025 = EDGE_CURVE ( 'NONE', #5353, #4301, #2231, .T. ) ;
#1026 = CIRCLE ( 'NONE', #6848, 3.000000000000000000 ) ;
#1027 =( BOUNDED_CURVE ( )  B_SPLINE_CURVE ( 3, ( #3422, #59, #590, #2949 ),
 .UNSPECIFIED., .F., .T. ) 
 B_SPLINE_CURVE_WITH_KNOTS ( ( 4, 4 ),
 ( 1.570796326794896336, 2.741912260068315454 ),
 .UNSPECIFIED. ) 
 CURVE ( )  GEOMETRIC_REPRESENTATION_ITEM ( )  RATIONAL_B_SPLINE_CURVE ( ( 1.000000000000000000, 0.8889358981949544436, 0.8889358981949544436, 1.000000000000000000 ) ) 
 REPRESENTATION_ITEM ( '' )  );
#1028 = FACE_OUTER_BOUND ( 'NONE', #5246, .T. ) ;
#1029 = CARTESIAN_POINT ( 'NONE',  ( -19.33099925149966225, -67.04202357235929810, 6.190376805040630259 ) ) ;
#1030 = CARTESIAN_POINT ( 'NONE',  ( -11.10231741850038567, -28.89842105317282162, 37.99999999827919339 ) ) ;
#1031 = STYLED_ITEM ( 'NONE', ( #412 ), #6236 ) ;
#1032 = CARTESIAN_POINT ( 'NONE',  ( -22.00066671493926052, -61.37996874676679226, 37.94999711946142185 ) ) ;
#1033 = CARTESIAN_POINT ( 'NONE',  ( 7.686159401251103766E-15, -48.00000000000000711, 3.000000000000000000 ) ) ;
#1034 = ORIENTED_EDGE ( 'NONE', *, *, #5925, .F. ) ;
#1035 = EDGE_CURVE ( 'NONE', #156, #2744, #6998, .T. ) ;
#1036 = CYLINDRICAL_SURFACE ( 'NONE', #5683, 1.000000000000000888 ) ;
#1037 = VECTOR ( 'NONE', #234, 1000.000000000000000 ) ;
#1038 = CARTESIAN_POINT ( 'NONE',  ( -4.538921568616613555, -66.04999999999999716, 32.84999999999999432 ) ) ;
#1039 = CARTESIAN_POINT ( 'NONE',  ( -13.24264068711929632, -48.00000000000000711, 11.00000000000000000 ) ) ;
#1040 = DIRECTION ( 'NONE',  ( -1.000000000000000000, -3.202566417187959410E-16, 0.000000000000000000 ) ) ;
#1041 = LINE ( 'NONE', #2757, #1424 ) ;
#1042 = DIRECTION ( 'NONE',  ( -1.000000000000000000, 0.000000000000000000, -0.000000000000000000 ) ) ;
#1043 = EDGE_CURVE ( 'NONE', #5740, #3653, #4957, .T. ) ;
#1044 = AXIS2_PLACEMENT_3D ( 'NONE', #4960, #5627, #7327 ) ;
#1045 = DIRECTION ( 'NONE',  ( 1.000000000000000000, 3.736327486719284252E-16, 0.000000000000000000 ) ) ;
#1046 = CIRCLE ( 'NONE', #2835, 2.200000000000000622 ) ;
#1047 = DIRECTION ( 'NONE',  ( 0.000000000000000000, 0.000000000000000000, 1.000000000000000000 ) ) ;
#1048 = CARTESIAN_POINT ( 'NONE',  ( -15.38141646538601393, -26.32054457221559574, 36.10445130963253035 ) ) ;
#1049 = CARTESIAN_POINT ( 'NONE',  ( -17.50000000000000000, -27.00000000000001421, 8.000000000000000000 ) ) ;
#1050 = ORIENTED_EDGE ( 'NONE', *, *, #3143, .T. ) ;
#1051 = EDGE_CURVE ( 'NONE', #499, #5099, #2548, .T. ) ;
#1052 = B_SPLINE_CURVE_WITH_KNOTS ( 'NONE', 3,
 ( #671, #6441, #1787, #2880, #2957, #106, #2386, #4719, #4143, #3568 ),
 .UNSPECIFIED., .F., .F.,
 ( 4, 2, 2, 2, 4 ),
 ( 0.01707797979657304024, 0.01767631862941367732, 0.01827465746225431092, 0.01887299629509494800, 0.01947133512793558507 ),
 .UNSPECIFIED. ) ;
#1053 = CARTESIAN_POINT ( 'NONE',  ( 4.674958583180473859, -29.23333333333334139, 28.12644590515957788 ) ) ;
#1054 = ORIENTED_EDGE ( 'NONE', *, *, #2679, .T. ) ;
#1055 = CARTESIAN_POINT ( 'NONE',  ( -11.10231741850039988, -26.00054196379971216, 35.77645713530759508 ) ) ;
#1056 = ORIENTED_EDGE ( 'NONE', *, *, #1886, .T. ) ;
#1057 = AXIS2_PLACEMENT_3D ( 'NONE', #1754, #562, #143 ) ;
#1058 = CIRCLE ( 'NONE', #7009, 7.999999999999992895 ) ;
#1059 = CARTESIAN_POINT ( 'NONE',  ( -11.90033665948658737, -66.20000000000000284, 12.53552732036719952 ) ) ;
#1060 = CARTESIAN_POINT ( 'NONE',  ( -15.91353121387110292, -25.70041971320171115, 34.65638564759360207 ) ) ;
#1061 = ADVANCED_FACE ( 'NONE', ( #3198 ), #5548, .F. ) ;
#1062 = VERTEX_POINT ( 'NONE', #5431 ) ;
#1063 = CARTESIAN_POINT ( 'NONE',  ( -5.655630597444491592, -29.80000000000001492, 33.75000000000000711 ) ) ;
#1064 = FACE_OUTER_BOUND ( 'NONE', #1868, .T. ) ;
#1065 = VECTOR ( 'NONE', #3393, 1000.000000000000114 ) ;
#1066 = ORIENTED_EDGE ( 'NONE', *, *, #6431, .T. ) ;
#1067 =( BOUNDED_CURVE ( )  B_SPLINE_CURVE ( 3, ( #5489, #1999, #2528, #5453 ),
 .UNSPECIFIED., .F., .T. ) 
 B_SPLINE_CURVE_WITH_KNOTS ( ( 4, 4 ),
 ( 0.04615426937607357283, 0.09399324696767073772 ),
 .UNSPECIFIED. ) 
 CURVE ( )  GEOMETRIC_REPRESENTATION_ITEM ( )  RATIONAL_B_SPLINE_CURVE ( ( 1.000000000000000000, 0.9998092951113648486, 0.9998092951113648486, 1.000000000000000000 ) ) 
 REPRESENTATION_ITEM ( '' )  );
#1068 = FACE_OUTER_BOUND ( 'NONE', #842, .T. ) ;
#1069 = LINE ( 'NONE', #1180, #7316 ) ;
#1070 = EDGE_CURVE ( 'NONE', #1667, #7014, #214, .T. ) ;
#1071 = CARTESIAN_POINT ( 'NONE',  ( -12.18839666670608501, -67.41422432515510366, 37.94999999999999574 ) ) ;
#1072 = ORIENTED_EDGE ( 'NONE', *, *, #2641, .T. ) ;
#1073 = CARTESIAN_POINT ( 'NONE',  ( 11.79024603339115451, -24.00000000000001421, 14.74999051864322475 ) ) ;
#1074 = B_SPLINE_CURVE_WITH_KNOTS ( 'NONE', 3,
 ( #2328, #19, #585, #5288, #2293, #4664, #4624, #6959, #1742, #1175, #5827, #617, #2944, #2906, #1209, #3520, #5862, #5363 ),
 .UNSPECIFIED., .F., .F.,
 ( 4, 2, 2, 2, 2, 2, 2, 2, 4 ),
 ( 0.01131290233807629927, 0.01187611038140331220, 0.01243931842473032512, 0.01300252646805733804, 0.01356573451138435096, 0.01412894255471136389, 0.01469215059803837681, 0.01525535864136538973, 0.01581856668469240265 ),
 .UNSPECIFIED. ) ;
#1075 = EDGE_CURVE ( 'NONE', #1418, #4072, #7284, .T. ) ;
#1076 = CARTESIAN_POINT ( 'NONE',  ( -34.49830234556971931, -52.59498827802968890, 6.071192963639134632 ) ) ;
#1077 = CARTESIAN_POINT ( 'NONE',  ( -34.32734513668928855, -39.72871012353861886, 37.05029354652139517 ) ) ;
#1078 = CARTESIAN_POINT ( 'NONE',  ( -11.90033665948658737, -64.15000000000000568, 12.53552732036719952 ) ) ;
#1079 = DIRECTION ( 'NONE',  ( -4.198920413646420813E-16, -1.000000000000000000, -0.000000000000000000 ) ) ;
#1080 = DIRECTION ( 'NONE',  ( -0.7144726796328045859, -0.6996633405133640959, 0.000000000000000000 ) ) ;
#1081 = ORIENTED_EDGE ( 'NONE', *, *, #2740, .T. ) ;
#1082 = CARTESIAN_POINT ( 'NONE',  ( 0.8014556631819728105, -24.00000000000001421, 36.54501032315992859 ) ) ;
#1083 = EDGE_CURVE ( 'NONE', #139, #1116, #4772, .T. ) ;
#1084 = CARTESIAN_POINT ( 'NONE',  ( -13.54487382768304293, -70.00366402836057489, 35.73675953496128699 ) ) ;
#1085 = EDGE_LOOP ( 'NONE', ( #5345, #5739, #2776, #5901, #213 ) ) ;
#1086 = ORIENTED_EDGE ( 'NONE', *, *, #4284, .F. ) ;
#1087 = EDGE_CURVE ( 'NONE', #1089, #4273, #4216, .T. ) ;
#1088 = DIRECTION ( 'NONE',  ( 0.7144726796328036977, 0.6996633405133650951, 0.000000000000000000 ) ) ;
#1089 = VERTEX_POINT ( 'NONE', #3158 ) ;
#1090 = CARTESIAN_POINT ( 'NONE',  ( -25.52027900541649430, -52.73281318469169321, 37.74724560661339723 ) ) ;
#1091 = CARTESIAN_POINT ( 'NONE',  ( 26.99999932944771075, -62.00000000000000000, 8.000000000000000000 ) ) ;
#1092 = ADVANCED_FACE ( 'NONE', ( #4921 ), #6884, .T. ) ;
#1093 = ORIENTED_EDGE ( 'NONE', *, *, #4374, .T. ) ;
#1094 = LINE ( 'NONE', #3446, #3820 ) ;
#1095 = ORIENTED_EDGE ( 'NONE', *, *, #5325, .T. ) ;
#1096 = CARTESIAN_POINT ( 'NONE',  ( -30.89271025787108726, -65.89988494578921063, 36.66266897555519932 ) ) ;
#1097 = CARTESIAN_POINT ( 'NONE',  ( -30.29081918516129335, -56.56702779455122254, 5.000000000000000000 ) ) ;
#1098 = DIRECTION ( 'NONE',  ( 0.3518242748856630353, -0.2422717253113709224, -0.9041703880994051978 ) ) ;
#1099 = EDGE_LOOP ( 'NONE', ( #4891, #824, #299, #2066, #2277, #6609 ) ) ;
#1100 = CARTESIAN_POINT ( 'NONE',  ( -7.260740650870593171, -29.80000000000001137, 32.17816010480784428 ) ) ;
#1101 = FACE_OUTER_BOUND ( 'NONE', #6484, .T. ) ;
#1102 = DIRECTION ( 'NONE',  ( 1.000000000000000000, 3.202566417187959410E-16, 0.000000000000000000 ) ) ;
#1103 = AXIS2_PLACEMENT_3D ( 'NONE', #6301, #5736, #6340 ) ;
#1104 = CARTESIAN_POINT ( 'NONE',  ( -35.19999999999999574, -52.60078009883481087, 8.000000000000000000 ) ) ;
#1105 = CARTESIAN_POINT ( 'NONE',  ( 12.24072850301661575, -69.00000000000000000, 10.99999725673800199 ) ) ;
#1106 = AXIS2_PLACEMENT_3D ( 'NONE', #3373, #6805, #5639 ) ;
#1107 = FACE_OUTER_BOUND ( 'NONE', #1470, .T. ) ;
#1108 = VERTEX_POINT ( 'NONE', #1495 ) ;
#1109 = EDGE_CURVE ( 'NONE', #5868, #4226, #2264, .T. ) ;
#1110 = EDGE_CURVE ( 'NONE', #1738, #4769, #751, .T. ) ;
#1111 = AXIS2_PLACEMENT_3D ( 'NONE', #3339, #6242, #6808 ) ;
#1112 = CIRCLE ( 'NONE', #1596, 3.000000000000000000 ) ;
#1113 = CARTESIAN_POINT ( 'NONE',  ( -34.36868758397689305, -39.81235638141716748, 37.05029354652139517 ) ) ;
#1114 = DIRECTION ( 'NONE',  ( 3.202566417187959410E-16, -1.000000000000000000, 0.000000000000000000 ) ) ;
#1115 = DIRECTION ( 'NONE',  ( 1.000000000000000000, -4.336808689942017736E-15, 0.000000000000000000 ) ) ;
#1116 = VERTEX_POINT ( 'NONE', #188 ) ;
#1117 = CARTESIAN_POINT ( 'NONE',  ( -13.94521615295168537, -70.05271037179581128, 35.57771671324349683 ) ) ;
#1118 = ORIENTED_EDGE ( 'NONE', *, *, #3293, .F. ) ;
#1119 = ADVANCED_FACE ( 'NONE', ( #2469 ), #1697, .T. ) ;
#1120 = CARTESIAN_POINT ( 'NONE',  ( 5.751357555398595167, -24.00000000000000355, 26.01659542630723010 ) ) ;
#1121 = CARTESIAN_POINT ( 'NONE',  ( 29.12131967300735624, -72.28029056724518853, 10.12131760029763328 ) ) ;
#1122 = FACE_OUTER_BOUND ( 'NONE', #7293, .T. ) ;
#1123 = ORIENTED_EDGE ( 'NONE', *, *, #120, .F. ) ;
#1124 = ORIENTED_EDGE ( 'NONE', *, *, #1441, .F. ) ;
#1125 = CYLINDRICAL_SURFACE ( 'NONE', #1670, 3.000000000000000444 ) ;
#1126 = DIRECTION ( 'NONE',  ( 0.000000000000000000, 0.000000000000000000, 1.000000000000000000 ) ) ;
#1127 = DIRECTION ( 'NONE',  ( 1.000000000000000000, 0.000000000000000000, 0.000000000000000000 ) ) ;
#1128 = DIRECTION ( 'NONE',  ( -3.202566417187959410E-16, 1.000000000000000000, -1.151706261816265820E-16 ) ) ;
#1129 = EDGE_LOOP ( 'NONE', ( #3309, #3013, #4022, #5753 ) ) ;
#1130 = DIRECTION ( 'NONE',  ( -3.202566417187959410E-16, 1.000000000000000000, 0.000000000000000000 ) ) ;
#1131 = ORIENTED_EDGE ( 'NONE', *, *, #894, .T. ) ;
#1132 = LINE ( 'NONE', #4581, #1500 ) ;
#1133 = AXIS2_PLACEMENT_3D ( 'NONE', #3514, #5405, #1690 ) ;
#1134 = DIRECTION ( 'NONE',  ( -9.367723249499515189E-31, 1.000000000000000000, 0.000000000000000000 ) ) ;
#1135 = CARTESIAN_POINT ( 'NONE',  ( -12.08621294908896004, -70.69882002412232680, 4.999999999999782396 ) ) ;
#1136 = PLANE ( 'NONE',  #1981 ) ;
#1137 = VECTOR ( 'NONE', #2755, 1000.000000000000000 ) ;
#1138 = CARTESIAN_POINT ( 'NONE',  ( -12.11202313877742931, -66.92272839397236339, 11.10451670314174955 ) ) ;
#1139 = CARTESIAN_POINT ( 'NONE',  ( -5.655630597444491592, -25.45755441089780291, 33.75000000000000711 ) ) ;
#1140 = EDGE_LOOP ( 'NONE', ( #4728, #6262 ) ) ;
#1141 = VECTOR ( 'NONE', #1959, 1000.000000000000000 ) ;
#1142 = CARTESIAN_POINT ( 'NONE',  ( 12.26637934239291461, -75.20000000000000284, 5.000279935673839660 ) ) ;
#1143 = ADVANCED_FACE ( 'NONE', ( #2084 ), #6251, .F. ) ;
#1144 = EDGE_CURVE ( 'NONE', #4559, #4733, #3039, .T. ) ;
#1145 = CARTESIAN_POINT ( 'NONE',  ( -34.55746965393039716, -40.22408307878661304, 37.05029354652139517 ) ) ;
#1146 = AXIS2_PLACEMENT_3D ( 'NONE', #7005, #1812, #7044 ) ;
#1147 = CARTESIAN_POINT ( 'NONE',  ( -11.48980171830873687, -28.36982879944776315, 37.94991044872795527 ) ) ;
#1148 = EDGE_LOOP ( 'NONE', ( #5039, #2433, #2248, #3445 ) ) ;
#1149 = CARTESIAN_POINT ( 'NONE',  ( -11.22018169838013613, -71.98554351821140074, 14.97797610458902717 ) ) ;
#1150 = ORIENTED_EDGE ( 'NONE', *, *, #245, .T. ) ;
#1151 = AXIS2_PLACEMENT_3D ( 'NONE', #5946, #105, #3726 ) ;
#1152 = LINE ( 'NONE', #2419, #3574 ) ;
#1153 = CARTESIAN_POINT ( 'NONE',  ( 0.9487723528609368628, -26.61666666666668135, 36.20474829711380238 ) ) ;
#1154 = DIRECTION ( 'NONE',  ( 0.3420201433256661039, 1.095342225016590913E-16, -0.9396926207859093161 ) ) ;
#1155 = EDGE_CURVE ( 'NONE', #7470, #1004, #6893, .T. ) ;
#1156 = VECTOR ( 'NONE', #3094, 999.9999999999998863 ) ;
#1157 = CARTESIAN_POINT ( 'NONE',  ( -8.100336659486627511, -31.85000000000001563, 33.03552732036720840 ) ) ;
#1158 = CARTESIAN_POINT ( 'NONE',  ( -17.80265410676058480, -69.00000000000001421, 10.99999725673800199 ) ) ;
#1159 = VERTEX_POINT ( 'NONE', #2729 ) ;
#1160 = CARTESIAN_POINT ( 'NONE',  ( -11.17074118065657906, -89.00000000000002842, 13.25000000000000000 ) ) ;
#1161 = CIRCLE ( 'NONE', #7371, 3.000000000000003553 ) ;
#1162 = FACE_BOUND ( 'NONE', #2473, .T. ) ;
#1163 = LINE ( 'NONE', #46, #5224 ) ;
#1164 = AXIS2_PLACEMENT_3D ( 'NONE', #6927, #1711, #6363 ) ;
#1165 = CARTESIAN_POINT ( 'NONE',  ( -6.736162321940784459, -42.00000000000000711, 41.85000000000000142 ) ) ;
#1166 = DIRECTION ( 'NONE',  ( -1.000000000000000000, 0.000000000000000000, 0.000000000000000000 ) ) ;
#1167 = EDGE_CURVE ( 'NONE', #2959, #7135, #7463, .T. ) ;
#1168 = VERTEX_POINT ( 'NONE', #6217 ) ;
#1169 = LINE ( 'NONE', #4618, #4986 ) ;
#1170 = ORIENTED_EDGE ( 'NONE', *, *, #5280, .F. ) ;
#1171 = CARTESIAN_POINT ( 'NONE',  ( -10.70979040663030091, -24.00000000000001066, 14.34210832921595191 ) ) ;
#1172 = FACE_OUTER_BOUND ( 'NONE', #2389, .T. ) ;
#1173 = AXIS2_PLACEMENT_3D ( 'NONE', #6027, #7172, #7213 ) ;
#1174 = CIRCLE ( 'NONE', #3716, 5.000000000000000888 ) ;
#1175 = CARTESIAN_POINT ( 'NONE',  ( -13.94847565133660261, -70.74065401947517273, 32.00226629616571472 ) ) ;
#1176 = CARTESIAN_POINT ( 'NONE',  ( -12.59999999999998010, -89.00000000000002842, 33.75000000000000000 ) ) ;
#1177 = CARTESIAN_POINT ( 'NONE',  ( -30.23277770708699919, -39.37302127867847901, 5.000000000000000000 ) ) ;
#1178 = EDGE_CURVE ( 'NONE', #6324, #2976, #2759, .T. ) ;
#1179 = LINE ( 'NONE', #771, #5196 ) ;
#1180 = CARTESIAN_POINT ( 'NONE',  ( 2.227177308754410667, -26.00054196379970861, 35.77645713530759508 ) ) ;
#1181 = EDGE_CURVE ( 'NONE', #5707, #865, #1011, .T. ) ;
#1182 = EDGE_LOOP ( 'NONE', ( #4848, #5184, #4775, #66, #4850, #3481, #3537 ) ) ;
#1183 = CARTESIAN_POINT ( 'NONE',  ( -19.41177123493815415, -66.65127366337928549, 5.874138696676884486 ) ) ;
#1184 = CARTESIAN_POINT ( 'NONE',  ( -34.61361156289219565, -40.36100677515138102, 37.05029354652139517 ) ) ;
#1185 = FACE_OUTER_BOUND ( 'NONE', #122, .T. ) ;
#1186 =( NAMED_UNIT ( * ) SI_UNIT ( $, .STERADIAN. ) SOLID_ANGLE_UNIT ( ) );
#1187 = CYLINDRICAL_SURFACE ( 'NONE', #5915, 3.200000000000000178 ) ;
#1188 = ORIENTED_EDGE ( 'NONE', *, *, #952, .T. ) ;
#1189 = FACE_OUTER_BOUND ( 'NONE', #6608, .T. ) ;
#1190 = ORIENTED_EDGE ( 'NONE', *, *, #893, .T. ) ;
#1191 = ADVANCED_FACE ( 'NONE', ( #7323 ), #3802, .F. ) ;
#1192 = CARTESIAN_POINT ( 'NONE',  ( 6.957540342595643246, -29.23333333333333428, 23.73186459032546480 ) ) ;
#1193 = DIRECTION ( 'NONE',  ( -1.000000000000000000, -3.202566417187959410E-16, 0.000000000000000000 ) ) ;
#1194 = ORIENTED_EDGE ( 'NONE', *, *, #3382, .T. ) ;
#1195 = ORIENTED_EDGE ( 'NONE', *, *, #5095, .T. ) ;
#1196 = CARTESIAN_POINT ( 'NONE',  ( -24.84320544877421000, -49.19999999999999574, 39.84112177433765822 ) ) ;
#1197 = EDGE_LOOP ( 'NONE', ( #4393, #5994, #201, #4151 ) ) ;
#1198 = EDGE_CURVE ( 'NONE', #1265, #4559, #263, .T. ) ;
#1199 = EDGE_CURVE ( 'NONE', #85, #4516, #6855, .T. ) ;
#1200 = CARTESIAN_POINT ( 'NONE',  ( -12.59999999999998899, -57.70673426229028280, 33.75000000000000000 ) ) ;
#1201 = CARTESIAN_POINT ( 'NONE',  ( -3.830286123484433425, -44.19340881910664365, -1.000000000000000888 ) ) ;
#1202 = CARTESIAN_POINT ( 'NONE',  ( -32.17800042278089023, -53.07050463272577900, 5.000000000000000000 ) ) ;
#1203 = ORIENTED_EDGE ( 'NONE', *, *, #860, .F. ) ;
#1204 = PLANE ( 'NONE',  #5617 ) ;
#1205 = ORIENTED_EDGE ( 'NONE', *, *, #7066, .T. ) ;
#1206 = CYLINDRICAL_SURFACE ( 'NONE', #1133, 3.000000000000003553 ) ;
#1207 = CARTESIAN_POINT ( 'NONE',  ( -32.73638522332879575, -54.66788059237025266, 5.000000000000000000 ) ) ;
#1208 = LINE ( 'NONE', #3019, #2436 ) ;
#1209 = CARTESIAN_POINT ( 'NONE',  ( -14.68431893906063124, -70.37578499981947289, 33.02259374400167502 ) ) ;
#1210 = DIRECTION ( 'NONE',  ( -0.7144726796328051410, 0.6996633405133636519, 0.000000000000000000 ) ) ;
#1211 = CARTESIAN_POINT ( 'NONE',  ( -17.53832914618278949, -27.06627669571949824, 35.96922692457680171 ) ) ;
#1212 = VECTOR ( 'NONE', #489, 1000.000000000000000 ) ;
#1213 = ORIENTED_EDGE ( 'NONE', *, *, #5394, .T. ) ;
#1214 = DIRECTION ( 'NONE',  ( -0.000000000000000000, -0.000000000000000000, -1.000000000000000000 ) ) ;
#1215 = CARTESIAN_POINT ( 'NONE',  ( -19.41463646635715889, -66.63422841961200049, 5.861853441613428473 ) ) ;
#1216 = ORIENTED_EDGE ( 'NONE', *, *, #2350, .F. ) ;
#1217 = B_SPLINE_SURFACE_WITH_KNOTS ( 'NONE', 3, 1, ( 
 ( #740, #5373 ),
 ( #1321, #176 ),
 ( #2576, #3719 ),
 ( #2457, #1890 ) ),
 .UNSPECIFIED., .F., .F., .F.,
 ( 4, 4 ),
 ( 2, 2 ),
 ( 0.000000000000000000, 1.000000000000000000 ),
 ( 0.000000000000000000, 1.056015134750829976 ),
 .UNSPECIFIED. ) ;
#1218 = CIRCLE ( 'NONE', #2420, 3.200000000000000178 ) ;
#1219 = CIRCLE ( 'NONE', #4005, 3.000000000001249667 ) ;
#1220 = CARTESIAN_POINT ( 'NONE',  ( -10.70979040663030091, -24.00000000000001066, 28.27497024111909951 ) ) ;
#1221 = CARTESIAN_POINT ( 'NONE',  ( -34.26571720146738897, -39.60985850974758904, 37.05029354652139517 ) ) ;
#1222 = DIRECTION ( 'NONE',  ( 0.000000000000000000, 0.000000000000000000, 1.000000000000000000 ) ) ;
#1223 = ORIENTED_EDGE ( 'NONE', *, *, #4714, .T. ) ;
#1224 = VECTOR ( 'NONE', #3227, 1000.000000000000000 ) ;
#1225 = CARTESIAN_POINT ( 'NONE',  ( -11.79667658526122231, -71.92704662768360890, 15.30100758917572179 ) ) ;
#1226 = ORIENTED_EDGE ( 'NONE', *, *, #6577, .F. ) ;
#1227 = EDGE_CURVE ( 'NONE', #6260, #3285, #1281, .T. ) ;
#1228 = VERTEX_POINT ( 'NONE', #3910 ) ;
#1229 = ORIENTED_EDGE ( 'NONE', *, *, #3186, .F. ) ;
#1230 = CARTESIAN_POINT ( 'NONE',  ( -14.99999999999999822, -31.85000000000001563, 46.06566544677749420 ) ) ;
#1231 = EDGE_LOOP ( 'NONE', ( #7207, #1568, #904, #4240, #3228, #7499, #2712, #6856 ) ) ;
#1232 = FACE_OUTER_BOUND ( 'NONE', #42, .T. ) ;
#1233 = ORIENTED_EDGE ( 'NONE', *, *, #2251, .T. ) ;
#1234 = ORIENTED_EDGE ( 'NONE', *, *, #3172, .T. ) ;
#1235 = CARTESIAN_POINT ( 'NONE',  ( -31.32643466716972824, -59.05756398103986271, 6.487447603175573896 ) ) ;
#1236 = CARTESIAN_POINT ( 'NONE',  ( -5.736162321940784459, -43.05146222423827851, 41.85000000000000142 ) ) ;
#1237 = DIRECTION ( 'NONE',  ( 0.000000000000000000, 0.000000000000000000, -1.000000000000000000 ) ) ;
#1238 = VERTEX_POINT ( 'NONE', #4484 ) ;
#1239 = ORIENTED_EDGE ( 'NONE', *, *, #5998, .T. ) ;
#1240 = CARTESIAN_POINT ( 'NONE',  ( 14.92765332533722322, -24.14742546118992905, 8.948949995858775708 ) ) ;
#1241 = EDGE_CURVE ( 'NONE', #7223, #5333, #6788, .T. ) ;
#1242 = VERTEX_POINT ( 'NONE', #6820 ) ;
#1243 = DIRECTION ( 'NONE',  ( 0.7144726796328046969, 0.6996633405133640959, -0.000000000000000000 ) ) ;
#1244 = CARTESIAN_POINT ( 'NONE',  ( -33.02274844827699951, -53.56544617915761108, 5.000000000000000000 ) ) ;
#1245 = EDGE_CURVE ( 'NONE', #6532, #6368, #1604, .T. ) ;
#1246 = LINE ( 'NONE', #4745, #4140 ) ;
#1247 = CARTESIAN_POINT ( 'NONE',  ( -18.10785364190195068, -68.59721753134161304, 35.95578369148719133 ) ) ;
#1248 = FACE_OUTER_BOUND ( 'NONE', #4189, .T. ) ;
#1249 = LINE ( 'NONE', #4666, #1818 ) ;
#1250 = CARTESIAN_POINT ( 'NONE',  ( -34.27835590544269451, -56.36612199875116858, 37.05029354652139517 ) ) ;
#1251 = CARTESIAN_POINT ( 'NONE',  ( 11.96638086349661734, -71.01373052928221341, 5.000282804481280152 ) ) ;
#1252 = ADVANCED_FACE ( 'NONE', ( #5591 ), #2661, .T. ) ;
#1253 = CARTESIAN_POINT ( 'NONE',  ( -35.19999999999999574, -52.60078009883480377, -1.410058709304360169 ) ) ;
#1254 = ORIENTED_EDGE ( 'NONE', *, *, #2724, .F. ) ;
#1255 = DIRECTION ( 'NONE',  ( -1.000000000000000000, -3.736327486719284252E-16, 0.000000000000000000 ) ) ;
#1256 = DIRECTION ( 'NONE',  ( 1.000000000000000000, 3.736327486719284252E-16, 0.000000000000000000 ) ) ;
#1257 = FILL_AREA_STYLE_COLOUR ( '', #806 ) ;
#1258 = CARTESIAN_POINT ( 'NONE',  ( -11.90033665948658737, -66.20000000000000284, 12.53552732036719952 ) ) ;
#1259 = VERTEX_POINT ( 'NONE', #423 ) ;
#1260 = CARTESIAN_POINT ( 'NONE',  ( 2.290209753834182571, -50.33868520043153438, 9.000000000000000000 ) ) ;
#1261 = EDGE_LOOP ( 'NONE', ( #5877, #5382, #1610, #6926 ) ) ;
#1262 = CIRCLE ( 'NONE', #5542, 3.000000000001249667 ) ;
#1263 = AXIS2_PLACEMENT_3D ( 'NONE', #4086, #4008, #1128 ) ;
#1264 = ORIENTED_EDGE ( 'NONE', *, *, #206, .T. ) ;
#1265 = VERTEX_POINT ( 'NONE', #4024 ) ;
#1266 = CARTESIAN_POINT ( 'NONE',  ( -14.99999999999999289, -48.35000000000000853, 18.39999999999999858 ) ) ;
#1267 = VERTEX_POINT ( 'NONE', #2993 ) ;
#1268 = ADVANCED_FACE ( 'NONE', ( #4753 ), #6328, .F. ) ;
#1269 = VECTOR ( 'NONE', #403, 1000.000000000000000 ) ;
#1270 = FACE_OUTER_BOUND ( 'NONE', #3104, .T. ) ;
#1271 = ORIENTED_EDGE ( 'NONE', *, *, #1425, .T. ) ;
#1272 = CYLINDRICAL_SURFACE ( 'NONE', #2892, 0.9999999999999991118 ) ;
#1273 = DIRECTION ( 'NONE',  ( 0.000000000000000000, 0.000000000000000000, -1.000000000000000000 ) ) ;
#1274 = CARTESIAN_POINT ( 'NONE',  ( -35.19959691544929115, -43.36205586373571919, 23.05299381344830323 ) ) ;
#1275 = CARTESIAN_POINT ( 'NONE',  ( 12.23168734486821485, -75.20000000000000284, 13.11436673960649912 ) ) ;
#1276 = EDGE_LOOP ( 'NONE', ( #4078, #7061, #6821, #1834, #2706, #3717 ) ) ;
#1277 = PLANE ( 'NONE',  #3873 ) ;
#1278 = VERTEX_POINT ( 'NONE', #3528 ) ;
#1279 = CARTESIAN_POINT ( 'NONE',  ( -33.09750113163579499, -52.60282774942407258, 5.000000000000000000 ) ) ;
#1280 = PLANE ( 'NONE',  #290 ) ;
#1281 = CIRCLE ( 'NONE', #3097, 1.599999999999999867 ) ;
#1282 = CARTESIAN_POINT ( 'NONE',  ( 12.24999999999999822, -28.50000000000000711, 5.000000000000000000 ) ) ;
#1283 = ADVANCED_FACE ( 'NONE', ( #5295 ), #2951, .F. ) ;
#1284 = PLANE ( 'NONE',  #2513 ) ;
#1285 = CARTESIAN_POINT ( 'NONE',  ( -22.91748836383224486, -34.97927317176244344, 37.92683320061437513 ) ) ;
#1286 = CARTESIAN_POINT ( 'NONE',  ( -5.736162321940784459, -43.05146222423827851, 41.85000000000000142 ) ) ;
#1287 = EDGE_LOOP ( 'NONE', ( #5954, #3208, #2524, #1344, #6907, #1864 ) ) ;
#1288 = VECTOR ( 'NONE', #2346, 1000.000000000000000 ) ;
#1289 = ADVANCED_FACE ( 'NONE', ( #1107 ), #4592, .T. ) ;
#1290 = DIRECTION ( 'NONE',  ( 0.8191520442889940190, 3.733546860128382742E-16, -0.5735764363510429398 ) ) ;
#1291 = CARTESIAN_POINT ( 'NONE',  ( -9.656429494331542074, -26.00054196379971216, 35.77645713530759508 ) ) ;
#1292 = LINE ( 'NONE', #3685, #4975 ) ;
#1293 = VERTEX_POINT ( 'NONE', #2836 ) ;
#1294 = AXIS2_PLACEMENT_3D ( 'NONE', #3192, #1491, #5469 ) ;
#1295 = DIRECTION ( 'NONE',  ( 0.7144726796328046969, 0.6996633405133640959, -0.000000000000000000 ) ) ;
#1296 = ORIENTED_EDGE ( 'NONE', *, *, #6321, .T. ) ;
#1297 = CIRCLE ( 'NONE', #367, 3.149999999999999911 ) ;
#1298 = EDGE_LOOP ( 'NONE', ( #7244, #6023, #2036, #5123, #5893, #4811 ) ) ;
#1299 = ORIENTED_EDGE ( 'NONE', *, *, #1497, .T. ) ;
#1300 = DIRECTION ( 'NONE',  ( 1.000000000000000000, 0.000000000000000000, 0.000000000000000000 ) ) ;
#1301 = DIRECTION ( 'NONE',  ( -3.202566417187959410E-16, 1.000000000000000000, 0.000000000000000000 ) ) ;
#1302 = ORIENTED_EDGE ( 'NONE', *, *, #24, .T. ) ;
#1303 = ORIENTED_EDGE ( 'NONE', *, *, #4400, .T. ) ;
#1304 = DIRECTION ( 'NONE',  ( 0.000000000000000000, 0.000000000000000000, 1.000000000000000000 ) ) ;
#1305 = ADVANCED_FACE ( 'NONE', ( #5332 ), #6472, .T. ) ;
#1306 = CARTESIAN_POINT ( 'NONE',  ( -29.83827584015569201, -56.90130365467717155, 5.000000000000000000 ) ) ;
#1307 = CARTESIAN_POINT ( 'NONE',  ( -13.07131483160486418, -71.64785571276402720, 11.09054246861178150 ) ) ;
#1308 = DIRECTION ( 'NONE',  ( -0.6996633405133640959, 0.7144726796328045859, 0.000000000000000000 ) ) ;
#1309 = ORIENTED_EDGE ( 'NONE', *, *, #195, .T. ) ;
#1310 = ORIENTED_EDGE ( 'NONE', *, *, #2116, .F. ) ;
#1311 = LINE ( 'NONE', #1389, #6812 ) ;
#1312 = ORIENTED_EDGE ( 'NONE', *, *, #4260, .T. ) ;
#1313 = CARTESIAN_POINT ( 'NONE',  ( -34.01295170725609296, -55.66116358625029648, 5.753556018496670532 ) ) ;
#1314 = CARTESIAN_POINT ( 'NONE',  ( 12.26637933012581350, -75.66862914442062049, 5.000282804481281929 ) ) ;
#1315 = DIRECTION ( 'NONE',  ( -1.000000000000000000, 0.000000000000000000, -6.938893903907222067E-15 ) ) ;
#1316 = EDGE_CURVE ( 'NONE', #1978, #7263, #1404, .T. ) ;
#1317 = LINE ( 'NONE', #3712, #321 ) ;
#1318 = CARTESIAN_POINT ( 'NONE',  ( 7.686159401251103766E-15, -48.00000000000000711, 9.000000000000000000 ) ) ;
#1319 = CARTESIAN_POINT ( 'NONE',  ( 19.99999932944770009, -24.87867965644036516, 5.878679656440349177 ) ) ;
#1320 = CARTESIAN_POINT ( 'NONE',  ( -23.05487601071315140, -35.01459046594289504, 37.92062651925957084 ) ) ;
#1321 = CARTESIAN_POINT ( 'NONE',  ( -23.67919883062559450, -34.46706069238471315, 37.94999999999999574 ) ) ;
#1322 = ORIENTED_EDGE ( 'NONE', *, *, #2459, .F. ) ;
#1323 = ORIENTED_EDGE ( 'NONE', *, *, #1199, .T. ) ;
#1324 = LINE ( 'NONE', #777, #4746 ) ;
#1325 = CARTESIAN_POINT ( 'NONE',  ( -11.10231741850038567, -69.99945803620030915, 35.77645713530759508 ) ) ;
#1326 = DIRECTION ( 'NONE',  ( 0.5773502691896257311, -0.5773502691896237327, -0.5773502691896278405 ) ) ;
#1327 = PLANE ( 'NONE',  #324 ) ;
#1328 = EDGE_CURVE ( 'NONE', #2549, #1168, #7484, .T. ) ;
#1329 = FACE_OUTER_BOUND ( 'NONE', #1622, .T. ) ;
#1330 = VERTEX_POINT ( 'NONE', #1142 ) ;
#1331 = EDGE_CURVE ( 'NONE', #360, #4562, #4062, .T. ) ;
#1332 = CARTESIAN_POINT ( 'NONE',  ( -27.20570393024539158, -52.73281318469169321, 37.35894263201630139 ) ) ;
#1333 = VERTEX_POINT ( 'NONE', #5222 ) ;
#1334 = VECTOR ( 'NONE', #485, 1000.000000000000114 ) ;
#1335 = ORIENTED_EDGE ( 'NONE', *, *, #4284, .T. ) ;
#1336 = ORIENTED_EDGE ( 'NONE', *, *, #4490, .F. ) ;
#1337 = AXIS2_PLACEMENT_3D ( 'NONE', #3399, #530, #4074 ) ;
#1338 = CARTESIAN_POINT ( 'NONE',  ( -18.63748466241739976, -27.74583147317801135, 35.97045525657319587 ) ) ;
#1339 = ORIENTED_EDGE ( 'NONE', *, *, #5394, .F. ) ;
#1340 = EDGE_CURVE ( 'NONE', #223, #1496, #60, .T. ) ;
#1341 = FACE_OUTER_BOUND ( 'NONE', #1287, .T. ) ;
#1342 = ORIENTED_EDGE ( 'NONE', *, *, #3973, .T. ) ;
#1343 = VECTOR ( 'NONE', #6830, 1000.000000000000000 ) ;
#1344 = ORIENTED_EDGE ( 'NONE', *, *, #5420, .T. ) ;
#1345 = AXIS2_PLACEMENT_3D ( 'NONE', #4096, #6433, #2415 ) ;
#1346 = CARTESIAN_POINT ( 'NONE',  ( 8.434130911296847444, -73.35773207623842040, 5.001282804481280486 ) ) ;
#1347 = CARTESIAN_POINT ( 'NONE',  ( -8.799999999999997158, -24.00000000000001421, 13.25000000000000000 ) ) ;
#1348 = DIRECTION ( 'NONE',  ( -4.198920413646420813E-16, -1.000000000000000000, -4.179535469586870317E-37 ) ) ;
#1349 = CARTESIAN_POINT ( 'NONE',  ( -12.43021611083111466, -71.81671767560537489, 11.04578155846894383 ) ) ;
#1350 = DIRECTION ( 'NONE',  ( -3.202566417187959410E-16, 1.000000000000000000, 0.000000000000000000 ) ) ;
#1351 = ORIENTED_EDGE ( 'NONE', *, *, #6046, .T. ) ;
#1352 = CARTESIAN_POINT ( 'NONE',  ( -17.50000000000000000, -27.00000000000001421, 8.000000000000000000 ) ) ;
#1353 = ORIENTED_EDGE ( 'NONE', *, *, #7312, .T. ) ;
#1354 = CARTESIAN_POINT ( 'NONE',  ( -31.69691110417868884, -59.26173462065901987, 7.326801574230760394 ) ) ;
#1355 = EDGE_CURVE ( 'NONE', #2555, #4640, #665, .T. ) ;
#1356 = DIRECTION ( 'NONE',  ( 0.9510565162951517548, 3.045821659934626462E-16, -0.3090169943749529469 ) ) ;
#1357 = DIRECTION ( 'NONE',  ( -0.000000000000000000, -0.000000000000000000, 1.000000000000000000 ) ) ;
#1358 = CARTESIAN_POINT ( 'NONE',  ( -19.50488812700946895, -65.54253061873420450, 5.274002218202347159 ) ) ;
#1359 = CARTESIAN_POINT ( 'NONE',  ( -30.78648866779447957, -59.82802369440437928, 36.66233772135527147 ) ) ;
#1360 = ORIENTED_EDGE ( 'NONE', *, *, #3259, .F. ) ;
#1361 = CARTESIAN_POINT ( 'NONE',  ( -24.21439085212480791, -35.20203412504898210, 37.83760072625486259 ) ) ;
#1362 = EDGE_CURVE ( 'NONE', #3752, #7131, #1783, .T. ) ;
#1363 = DIRECTION ( 'NONE',  ( -1.000000000000000000, -2.401924812890968448E-16, -8.006416042969898524E-17 ) ) ;
#1364 = DIRECTION ( 'NONE',  ( 1.000000000000000000, 0.000000000000000000, 0.000000000000000000 ) ) ;
#1365 = CARTESIAN_POINT ( 'NONE',  ( 29.12131967300735269, -60.00000000000000000, 5.878679656440356283 ) ) ;
#1366 = CARTESIAN_POINT ( 'NONE',  ( -29.84033879646579734, -39.10278167685981998, 5.000000000000000000 ) ) ;
#1367 = CARTESIAN_POINT ( 'NONE',  ( 7.160590776347196318, -74.66733016329260408, 5.001282804481280486 ) ) ;
#1368 = CARTESIAN_POINT ( 'NONE',  ( -19.21297745421278691, -67.43758059050520615, 6.596868877833029998 ) ) ;
#1369 = LINE ( 'NONE', #6099, #205 ) ;
#1370 = DIRECTION ( 'NONE',  ( 0.7071067811865489050, 0.7071067811865462405, -0.000000000000000000 ) ) ;
#1371 = VERTEX_POINT ( 'NONE', #2299 ) ;
#1372 = CARTESIAN_POINT ( 'NONE',  ( -34.97341131267899073, -41.42529348534763756, 37.05029354652139517 ) ) ;
#1373 = ORIENTED_EDGE ( 'NONE', *, *, #5410, .T. ) ;
#1374 = EDGE_CURVE ( 'NONE', #6324, #2825, #4939, .T. ) ;
#1375 = AXIS2_PLACEMENT_3D ( 'NONE', #5791, #2294, #5177 ) ;
#1376 = ORIENTED_EDGE ( 'NONE', *, *, #4026, .T. ) ;
#1377 = ORIENTED_EDGE ( 'NONE', *, *, #456, .F. ) ;
#1378 = DIRECTION ( 'NONE',  ( 0.5735764363510429398, 1.836916632748197278E-16, 0.8191520442889940190 ) ) ;
#1379 = VERTEX_POINT ( 'NONE', #705 ) ;
#1380 = CARTESIAN_POINT ( 'NONE',  ( 8.408480078308926409, -73.35773208228370379, 10.99999725673800199 ) ) ;
#1381 = ORIENTED_EDGE ( 'NONE', *, *, #3281, .T. ) ;
#1382 = AXIS2_PLACEMENT_3D ( 'NONE', #1949, #4269, #6605 ) ;
#1383 = CARTESIAN_POINT ( 'NONE',  ( 19.99999932944771430, -69.00000000000000000, 8.000000000000000000 ) ) ;
#1384 = EDGE_CURVE ( 'NONE', #6894, #1267, #591, .T. ) ;
#1385 = CARTESIAN_POINT ( 'NONE',  ( 29.99999932944771075, -62.00000000000000000, 8.000000000000000000 ) ) ;
#1386 = DIRECTION ( 'NONE',  ( -0.7144726796328045859, -0.6996633405133640959, 0.000000000000000000 ) ) ;
#1387 = VERTEX_POINT ( 'NONE', #1813 ) ;
#1388 = ORIENTED_EDGE ( 'NONE', *, *, #6530, .T. ) ;
#1389 = CARTESIAN_POINT ( 'NONE',  ( 8.070671463604005780, -76.00000000000001421, 5.000282804481280152 ) ) ;
#1390 = EDGE_LOOP ( 'NONE', ( #190, #5576, #2810, #4154, #570, #3121, #794, #5602, #1831, #6039 ) ) ;
#1391 = CARTESIAN_POINT ( 'NONE',  ( -31.85829694296528203, -59.14469747070801731, 7.326801574230760394 ) ) ;
#1392 = AXIS2_PLACEMENT_3D ( 'NONE', #4670, #1214, #99 ) ;
#1393 = DIRECTION ( 'NONE',  ( -0.000000000000000000, -0.000000000000000000, -1.000000000000000000 ) ) ;
#1394 = PRESENTATION_LAYER_ASSIGNMENT (  '', '', ( #4927 ) ) ;
#1395 = CARTESIAN_POINT ( 'NONE',  ( 12.24072850301661752, -75.20000000000000284, 10.99999725673800199 ) ) ;
#1396 = EDGE_CURVE ( 'NONE', #554, #2135, #624, .T. ) ;
#1397 = LINE ( 'NONE', #5534, #233 ) ;
#1398 = LINE ( 'NONE', #7157, #3885 ) ;
#1399 = ORIENTED_EDGE ( 'NONE', *, *, #255, .F. ) ;
#1400 = PLANE ( 'NONE',  #2220 ) ;
#1401 = AXIS2_PLACEMENT_3D ( 'NONE', #5305, #5263, #5909 ) ;
#1402 = CARTESIAN_POINT ( 'NONE',  ( -8.799999999999998934, -29.80000000000001137, 13.25000000000000000 ) ) ;
#1403 = B_SPLINE_CURVE_WITH_KNOTS ( 'NONE', 3,
 ( #4784, #7114, #1883, #3268, #967, #7415, #1029, #3895, #885, #3303, #475, #5605 ),
 .UNSPECIFIED., .F., .F.,
 ( 4, 2, 2, 2, 2, 4 ),
 ( 0.02960586374966195020, 0.2722043978122121177, 0.3935036648435005779, 0.4541532983591448636, 0.5148029318747890937, 1.000000000000000000 ),
 .UNSPECIFIED. ) ;
#1404 = B_SPLINE_CURVE_WITH_KNOTS ( 'NONE', 3,
 ( #7501, #4099, #1215, #2875, #1183, #3986 ),
 .UNSPECIFIED., .F., .F.,
 ( 4, 2, 4 ),
 ( 0.000000000000000000, 0.01480293187483097510, 0.02960586374966195020 ),
 .UNSPECIFIED. ) ;
#1405 = CARTESIAN_POINT ( 'NONE',  ( -13.65209502555714849, -70.62299067276087783, 5.878679656440356283 ) ) ;
#1406 = CARTESIAN_POINT ( 'NONE',  ( -11.43823197844484874, -67.63059182054101370, 37.94990978977348561 ) ) ;
#1407 = ADVANCED_FACE ( 'NONE', ( #3563 ), #6964, .F. ) ;
#1408 = AXIS2_PLACEMENT_3D ( 'NONE', #2335, #1747, #1676 ) ;
#1409 = CARTESIAN_POINT ( 'NONE',  ( 7.236561579255309518, -52.94974746830583712, -1.000000000000000888 ) ) ;
#1410 = DIRECTION ( 'NONE',  ( 1.000000000000000000, 3.202566417187959410E-16, 0.000000000000000000 ) ) ;
#1411 = DIRECTION ( 'NONE',  ( 0.7144726796328046969, 0.6996633405133640959, -0.000000000000000000 ) ) ;
#1412 = CARTESIAN_POINT ( 'NONE',  ( 7.686159401251103766E-15, -48.00000000000000711, 19.49590874590810330 ) ) ;
#1413 = VERTEX_POINT ( 'NONE', #6665 ) ;
#1414 = CARTESIAN_POINT ( 'NONE',  ( -29.51719826062744190, -35.72356009431199197, 36.85756212224588069 ) ) ;
#1415 = VERTEX_POINT ( 'NONE', #3185 ) ;
#1416 = ORIENTED_EDGE ( 'NONE', *, *, #6796, .F. ) ;
#1417 = AXIS2_PLACEMENT_3D ( 'NONE', #429, #386, #1541 ) ;
#1418 = VERTEX_POINT ( 'NONE', #1851 ) ;
#1419 = CIRCLE ( 'NONE', #7137, 1.599999999999999867 ) ;
#1420 = CARTESIAN_POINT ( 'NONE',  ( -8.485281374238546448, -39.51471862576141802, 5.000000000000000000 ) ) ;
#1421 = ORIENTED_EDGE ( 'NONE', *, *, #6016, .F. ) ;
#1422 = CARTESIAN_POINT ( 'NONE',  ( -13.13468426073248274, -68.40365934675801896, 5.000000000000000000 ) ) ;
#1423 = ADVANCED_FACE ( 'NONE', ( #813 ), #1925, .F. ) ;
#1424 = VECTOR ( 'NONE', #3349, 1000.000000000000000 ) ;
#1425 = EDGE_CURVE ( 'NONE', #6831, #2521, #4171, .T. ) ;
#1426 = CARTESIAN_POINT ( 'NONE',  ( 10.69507713076978561, -29.23333333333333428, 16.77544922382526238 ) ) ;
#1427 = CARTESIAN_POINT ( 'NONE',  ( -14.79999999999998650, -70.22736099600729176, 33.74999999999999289 ) ) ;
#1428 = CARTESIAN_POINT ( 'NONE',  ( 29.12131967300734914, -62.00000000000000000, 5.878679656440354506 ) ) ;
#1429 = ORIENTED_EDGE ( 'NONE', *, *, #4810, .F. ) ;
#1430 = VERTEX_POINT ( 'NONE', #5536 ) ;
#1431 = VERTEX_POINT ( 'NONE', #2007 ) ;
#1432 = CARTESIAN_POINT ( 'NONE',  ( 3.653015170074408680, -72.48870084370908273, -1.762115234696289834 ) ) ;
#1433 = PLANE ( 'NONE',  #6090 ) ;
#1434 = EDGE_CURVE ( 'NONE', #2970, #6892, #6012, .T. ) ;
#1435 = EDGE_CURVE ( 'NONE', #2273, #7385, #854, .T. ) ;
#1436 = DIRECTION ( 'NONE',  ( -1.000000000000000000, -4.557819132794839459E-16, 0.000000000000000000 ) ) ;
#1437 = CARTESIAN_POINT ( 'NONE',  ( -33.07284009493236709, -43.40547740485214234, 5.103042183147399768 ) ) ;
#1438 = CARTESIAN_POINT ( 'NONE',  ( -19.50898816086245802, -65.30285508148662643, 5.194009290290154013 ) ) ;
#1439 = CARTESIAN_POINT ( 'NONE',  ( 12.24204788488859563, -70.55119195019231881, 10.69144599366496706 ) ) ;
#1440 = VERTEX_POINT ( 'NONE', #1967 ) ;
#1441 = EDGE_CURVE ( 'NONE', #1168, #2913, #775, .T. ) ;
#1443 = B_SPLINE_CURVE_WITH_KNOTS ( 'NONE', 3,
 ( #1427, #5523, #6766, #5634, #2709, #6154, #1509, #7373, #4463, #1084 ),
 .UNSPECIFIED., .F., .F.,
 ( 4, 2, 2, 2, 4 ),
 ( 0.001766753284683195016, 0.002386419806131048066, 0.003006086327578900465, 0.003625752849026753731, 0.004245419370474606130 ),
 .UNSPECIFIED. ) ;
#1442 = DIRECTION ( 'NONE',  ( 0.000000000000000000, 0.000000000000000000, -1.000000000000000000 ) ) ;
#1444 = DIRECTION ( 'NONE',  ( 0.000000000000000000, 0.7071067811865460184, -0.7071067811865490160 ) ) ;
#1445 = CARTESIAN_POINT ( 'NONE',  ( 19.99999932944771786, -71.12132034356052657, 10.12131760029851435 ) ) ;
#1446 = PLANE ( 'NONE',  #2281 ) ;
#1447 = DIRECTION ( 'NONE',  ( 1.601283208593979705E-16, -1.000000000000000000, 0.000000000000000000 ) ) ;
#1448 = CYLINDRICAL_SURFACE ( 'NONE', #5805, 2.200000000000000622 ) ;
#1449 = FACE_OUTER_BOUND ( 'NONE', #5392, .T. ) ;
#1450 = CARTESIAN_POINT ( 'NONE',  ( 1.251513519099267668, -31.85000000000001563, 35.49963821047485624 ) ) ;
#1451 = CARTESIAN_POINT ( 'NONE',  ( -11.10231741850038567, -67.64711616306480835, 37.94999999999999574 ) ) ;
#1452 = ORIENTED_EDGE ( 'NONE', *, *, #5958, .T. ) ;
#1453 = CARTESIAN_POINT ( 'NONE',  ( -25.87293712486117769, -46.80000000000003268, 38.91394720864734325 ) ) ;
#1454 = ORIENTED_EDGE ( 'NONE', *, *, #1199, .F. ) ;
#1455 = EDGE_CURVE ( 'NONE', #5347, #1330, #4872, .T. ) ;
#1456 = DIRECTION ( 'NONE',  ( -1.000000000000000000, 0.000000000000000000, 0.000000000000000000 ) ) ;
#1457 = ORIENTED_EDGE ( 'NONE', *, *, #3476, .T. ) ;
#1458 = DIRECTION ( 'NONE',  ( 0.9510565162951518658, 3.045821659934626955E-16, -0.3090169943749530024 ) ) ;
#1459 = ORIENTED_EDGE ( 'NONE', *, *, #6757, .F. ) ;
#1460 = CARTESIAN_POINT ( 'NONE',  ( -13.54942336130928737, -68.11806348364294195, 8.000000000000000000 ) ) ;
#1461 = VERTEX_POINT ( 'NONE', #327 ) ;
#1462 = EDGE_CURVE ( 'NONE', #1371, #3658, #2616, .T. ) ;
#1463 = VECTOR ( 'NONE', #6391, 1000.000000000000000 ) ;
#1464 = CARTESIAN_POINT ( 'NONE',  ( 9.579398116943456998, -31.85000000000000497, 18.83856804866242740 ) ) ;
#1465 = CIRCLE ( 'NONE', #4994, 3.200000000000000178 ) ;
#1466 = LINE ( 'NONE', #837, #5551 ) ;
#1467 = DIRECTION ( 'NONE',  ( -1.000000000000000000, -3.202566417187959410E-16, 0.000000000000000000 ) ) ;
#1468 = FACE_BOUND ( 'NONE', #1544, .T. ) ;
#1469 = ORIENTED_EDGE ( 'NONE', *, *, #482, .F. ) ;
#1470 = EDGE_LOOP ( 'NONE', ( #6067, #6846, #4414, #194 ) ) ;
#1471 = ORIENTED_EDGE ( 'NONE', *, *, #5325, .F. ) ;
#1472 = CARTESIAN_POINT ( 'NONE',  ( -34.71659269702349349, -55.37580353677654443, 8.000000000000000000 ) ) ;
#1473 = FACE_OUTER_BOUND ( 'NONE', #4660, .T. ) ;
#1474 = VECTOR ( 'NONE', #5577, 1000.000000000000000 ) ;
#1475 = VECTOR ( 'NONE', #1987, 999.9999999999998863 ) ;
#1476 = PLANE ( 'NONE',  #7314 ) ;
#1477 = CARTESIAN_POINT ( 'NONE',  ( -33.78908156961546894, -43.40068523924319521, 5.425308913859102411 ) ) ;
#1478 = CARTESIAN_POINT ( 'NONE',  ( -8.100336659486627511, -31.85000000000001563, 13.96447267963279870 ) ) ;
#1479 = EDGE_CURVE ( 'NONE', #4351, #7092, #3753, .T. ) ;
#1480 = EDGE_CURVE ( 'NONE', #5321, #5395, #4833, .T. ) ;
#1481 = DIRECTION ( 'NONE',  ( -0.000000000000000000, -0.000000000000000000, 1.000000000000000000 ) ) ;
#1482 = CARTESIAN_POINT ( 'NONE',  ( -17.50000000000000000, -24.00000000000001421, 8.000000000000000000 ) ) ;
#1483 = CARTESIAN_POINT ( 'NONE',  ( 5.035404503039826452, -74.66733016329260408, 11.00014868826020020 ) ) ;
#1484 = EDGE_LOOP ( 'NONE', ( #102, #460, #1902, #7024, #507 ) ) ;
#1485 = VECTOR ( 'NONE', #2659, 1000.000000000000000 ) ;
#1486 = DIRECTION ( 'NONE',  ( -1.000000000000000000, 0.000000000000000000, 1.734723475976805517E-15 ) ) ;
#1487 = CARTESIAN_POINT ( 'NONE',  ( -8.800000000000002487, -31.85000000000001563, 33.75000000000000000 ) ) ;
#1488 = CARTESIAN_POINT ( 'NONE',  ( -31.54179673955608720, -59.37072116072062045, 36.65029770898490113 ) ) ;
#1489 = EDGE_CURVE ( 'NONE', #1879, #945, #3602, .T. ) ;
#1490 = FACE_OUTER_BOUND ( 'NONE', #6862, .T. ) ;
#1491 = DIRECTION ( 'NONE',  ( 0.000000000000000000, -0.000000000000000000, 1.000000000000000000 ) ) ;
#1492 = CARTESIAN_POINT ( 'NONE',  ( -12.18839666670609923, -28.58577567484491411, 37.94999999999999574 ) ) ;
#1493 = CARTESIAN_POINT ( 'NONE',  ( -35.16333259030247405, -53.33412576726183119, 22.93784433571227765 ) ) ;
#1494 = EDGE_LOOP ( 'NONE', ( #7286, #1736, #7398, #3853 ) ) ;
#1495 = CARTESIAN_POINT ( 'NONE',  ( -3.830286123484390792, -51.80659118089341320, 3.000000000000000000 ) ) ;
#1496 = VERTEX_POINT ( 'NONE', #4790 ) ;
#1497 = EDGE_CURVE ( 'NONE', #5344, #961, #4688, .T. ) ;
#1498 = DIRECTION ( 'NONE',  ( 1.000000000000000000, 0.000000000000000000, 0.000000000000000000 ) ) ;
#1499 = CARTESIAN_POINT ( 'NONE',  ( -12.59999999999998010, -89.00000000000002842, 33.75000000000000000 ) ) ;
#1500 = VECTOR ( 'NONE', #1243, 1000.000000000000000 ) ;
#1501 = CARTESIAN_POINT ( 'NONE',  ( -10.70979040663029913, -32.00000000000001421, 8.000000000000000000 ) ) ;
#1502 = VERTEX_POINT ( 'NONE', #6587 ) ;
#1503 = CARTESIAN_POINT ( 'NONE',  ( -32.17279035134698262, -58.93465395450171940, 37.05029354652150175 ) ) ;
#1504 = CARTESIAN_POINT ( 'NONE',  ( 26.99999932944771075, -62.00000000000000000, 10.99999725673800199 ) ) ;
#1505 = EDGE_LOOP ( 'NONE', ( #1388, #5236, #277, #1659 ) ) ;
#1506 = AXIS2_PLACEMENT_3D ( 'NONE', #4130, #586, #3419 ) ;
#1507 = CARTESIAN_POINT ( 'NONE',  ( 10.88171686371797442, -24.00000000000000355, 16.43033181573186852 ) ) ;
#1508 =( BOUNDED_CURVE ( )  B_SPLINE_CURVE ( 3, ( #4320, #4281, #6049, #6737 ),
 .UNSPECIFIED., .F., .T. ) 
 B_SPLINE_CURVE_WITH_KNOTS ( ( 4, 4 ),
 ( 1.570796326794907882, 3.913028172430845331 ),
 .UNSPECIFIED. ) 
 CURVE ( )  GEOMETRIC_REPRESENTATION_ITEM ( )  RATIONAL_B_SPLINE_CURVE ( ( 1.000000000000000000, 0.5927493033300412772, 0.5927493033300412772, 1.000000000000000000 ) ) 
 REPRESENTATION_ITEM ( '' )  );
#1509 = CARTESIAN_POINT ( 'NONE',  ( -14.21606630869847443, -70.06073931703089386, 35.25703135392201659 ) ) ;
#1510 = LINE ( 'NONE', #5122, #6326 ) ;
#1511 = EDGE_CURVE ( 'NONE', #6681, #3288, #3361, .T. ) ;
#1512 = ORIENTED_EDGE ( 'NONE', *, *, #1051, .F. ) ;
#1513 = ORIENTED_EDGE ( 'NONE', *, *, #1245, .T. ) ;
#1514 = ORIENTED_EDGE ( 'NONE', *, *, #4027, .T. ) ;
#1515 = CARTESIAN_POINT ( 'NONE',  ( -35.10061534354778701, -53.89762314655906295, 8.000000000000000000 ) ) ;
#1516 = AXIS2_PLACEMENT_3D ( 'NONE', #2530, #2495, #5491 ) ;
#1517 = DIRECTION ( 'NONE',  ( 2.026482704661309475E-16, -1.000000000000000000, 0.000000000000000000 ) ) ;
#1518 = LINE ( 'NONE', #925, #6373 ) ;
#1519 = CARTESIAN_POINT ( 'NONE',  ( -10.71366012283418456, -69.00000000000000000, 8.000000000000000000 ) ) ;
#1520 = CARTESIAN_POINT ( 'NONE',  ( 7.188670157948612527, -55.23606004313081286, 9.000000000000000000 ) ) ;
#1521 = AXIS2_PLACEMENT_3D ( 'NONE', #4758, #2014, #184 ) ;
#1522 = DIRECTION ( 'NONE',  ( 0.000000000000000000, 0.000000000000000000, -1.000000000000000000 ) ) ;
#1523 = DIRECTION ( 'NONE',  ( -0.7144726796328051410, 0.6996633405133636519, 0.000000000000000000 ) ) ;
#1524 = EDGE_LOOP ( 'NONE', ( #1050, #5991, #1454, #1718 ) ) ;
#1525 = DIRECTION ( 'NONE',  ( 0.7071067811865480168, -0.7071067811865470176, 0.000000000000000000 ) ) ;
#1526 = ADVANCED_FACE ( 'NONE', ( #3027 ), #1217, .T. ) ;
#1527 = VECTOR ( 'NONE', #4141, 1000.000000000000000 ) ;
#1528 = CARTESIAN_POINT ( 'NONE',  ( -11.06074065087059388, -66.20000000000000284, 32.17816010480782296 ) ) ;
#1529 = DIRECTION ( 'NONE',  ( -7.132909029509898484E-18, -1.000000000000000000, -0.000000000000000000 ) ) ;
#1530 = CIRCLE ( 'NONE', #2000, 13.24264068711929987 ) ;
#1531 = CARTESIAN_POINT ( 'NONE',  ( -11.70046673578018392, -71.04787606699011349, 31.86370777682880018 ) ) ;
#1532 = CARTESIAN_POINT ( 'NONE',  ( -16.39484552640550774, -27.11388650255683430, 36.58002375409805040 ) ) ;
#1533 = DIRECTION ( 'NONE',  ( -1.000000000000000000, 0.000000000000000000, 0.000000000000000000 ) ) ;
#1534 = VERTEX_POINT ( 'NONE', #7120 ) ;
#1535 = CARTESIAN_POINT ( 'NONE',  ( 3.401311871483298166, -24.66111625384826311, 30.77765233280462809 ) ) ;
#1536 = ORIENTED_EDGE ( 'NONE', *, *, #3804, .F. ) ;
#1537 = EDGE_CURVE ( 'NONE', #7092, #1762, #2031, .T. ) ;
#1538 = CARTESIAN_POINT ( 'NONE',  ( -33.68209407682469703, -39.58722546117567020, 5.753555915320440306 ) ) ;
#1539 = AXIS2_PLACEMENT_3D ( 'NONE', #2417, #3460, #1255 ) ;
#1540 = CARTESIAN_POINT ( 'NONE',  ( 7.860597175941274273, -72.00000000000001421, 5.000282804481280152 ) ) ;
#1541 = DIRECTION ( 'NONE',  ( -1.000000000000000000, 0.000000000000000000, 0.000000000000000000 ) ) ;
#1542 = ORIENTED_EDGE ( 'NONE', *, *, #4506, .F. ) ;
#1543 = CARTESIAN_POINT ( 'NONE',  ( 2.834110651988376972, -76.00000000000001421, 4.999997256737990448 ) ) ;
#1544 = EDGE_LOOP ( 'NONE', ( #7007, #1015, #4669, #7428 ) ) ;
#1545 = CARTESIAN_POINT ( 'NONE',  ( 9.224268440719660234, -24.00000000000000355, 19.49577604377380524 ) ) ;
#1546 = CARTESIAN_POINT ( 'NONE',  ( -33.19629156607565790, -38.07047822740786813, 36.85423951362437123 ) ) ;
#1547 = EDGE_LOOP ( 'NONE', ( #231, #3176, #4070, #5073 ) ) ;
#1548 = ORIENTED_EDGE ( 'NONE', *, *, #2656, .F. ) ;
#1549 = CARTESIAN_POINT ( 'NONE',  ( -35.19999999999998863, -64.15000000000000568, 14.20000000000000107 ) ) ;
#1550 = ORIENTED_EDGE ( 'NONE', *, *, #7066, .F. ) ;
#1551 = CARTESIAN_POINT ( 'NONE',  ( -34.28606812658468783, -56.36901523647223655, 7.326801574230770164 ) ) ;
#1552 = AXIS2_PLACEMENT_3D ( 'NONE', #4208, #6469, #6541 ) ;
#1553 =( BOUNDED_CURVE ( )  B_SPLINE_CURVE ( 3, ( #6415, #1196, #348, #791 ),
 .UNSPECIFIED., .F., .T. ) 
 B_SPLINE_CURVE_WITH_KNOTS ( ( 4, 4 ),
 ( 2.748153403792398981E-16, 3.141592653589793116 ),
 .UNSPECIFIED. ) 
 CURVE ( )  GEOMETRIC_REPRESENTATION_ITEM ( )  RATIONAL_B_SPLINE_CURVE ( ( 1.000000000000000000, 0.3333333333333335369, 0.3333333333333335369, 1.000000000000000000 ) ) 
 REPRESENTATION_ITEM ( '' )  );
#1554 = DIRECTION ( 'NONE',  ( 3.202566417187959410E-16, -1.000000000000000000, -0.000000000000000000 ) ) ;
#1555 = CARTESIAN_POINT ( 'NONE',  ( -29.83827584015569201, -56.90130365467717155, 5.000000000000000000 ) ) ;
#1556 = CARTESIAN_POINT ( 'NONE',  ( 7.834946348832112939, -72.00000000000001421, 10.99999725673800199 ) ) ;
#1557 = VECTOR ( 'NONE', #6452, 1000.000000000000000 ) ;
#1558 = CARTESIAN_POINT ( 'NONE',  ( -2.710824778663007528, -55.23606004313086260, 3.000000000000000000 ) ) ;
#1559 = EDGE_LOOP ( 'NONE', ( #2324, #2395, #3573, #1233, #239, #68, #3619, #5610, #675, #3967, #5549 ) ) ;
#1560 = CYLINDRICAL_SURFACE ( 'NONE', #6889, 3.000000000000003997 ) ;
#1561 = EDGE_CURVE ( 'NONE', #3379, #492, #5979, .T. ) ;
#1562 = DIRECTION ( 'NONE',  ( -0.000000000000000000, -0.000000000000000000, -1.000000000000000000 ) ) ;
#1563 = CARTESIAN_POINT ( 'NONE',  ( 5.089950359281256276, -74.66733016329260408, -1.755970822189449887 ) ) ;
#1564 = PLANE ( 'NONE',  #1294 ) ;
#1565 = CARTESIAN_POINT ( 'NONE',  ( 4.003814560409804102, -72.00000000486191709, 10.99999725673800022 ) ) ;
#1566 = ORIENTED_EDGE ( 'NONE', *, *, #7432, .F. ) ;
#1567 = CARTESIAN_POINT ( 'NONE',  ( 13.61562485965856339, -24.00000000000001066, 11.37503503288278672 ) ) ;
#1568 = ORIENTED_EDGE ( 'NONE', *, *, #616, .T. ) ;
#1569 = B_SPLINE_CURVE_WITH_KNOTS ( 'NONE', 3,
 ( #3144, #3447, #6205, #6241, #1624, #5749, #4541, #5711, #7384, #505, #1662, #13, #999, #540 ),
 .UNSPECIFIED., .F., .F.,
 ( 4, 2, 2, 2, 2, 2, 4 ),
 ( 0.01754065970967653987, 0.01797739480592336694, 0.01841412990217019402, 0.01928760009466385511, 0.02016107028715751967, 0.02059780538340435022, 0.02103454047965118076 ),
 .UNSPECIFIED. ) ;
#1570 = CARTESIAN_POINT ( 'NONE',  ( -32.08184083151029853, -37.00382643627381896, 8.000000000000000000 ) ) ;
#1571 = ORIENTED_EDGE ( 'NONE', *, *, #2320, .T. ) ;
#1572 = EDGE_CURVE ( 'NONE', #1582, #1858, #5063, .T. ) ;
#1573 = CARTESIAN_POINT ( 'NONE',  ( -12.59999999999998721, -66.20000000000000284, 33.75000000000000000 ) ) ;
#1574 = ADVANCED_FACE ( 'NONE', ( #2690 ), #481, .F. ) ;
#1575 = DIRECTION ( 'NONE',  ( -4.557819132794839459E-16, 1.000000000000000000, 0.000000000000000000 ) ) ;
#1576 = CARTESIAN_POINT ( 'NONE',  ( 4.999990656273176626, -76.00000000000001421, 10.99999725673800199 ) ) ;
#1577 = CARTESIAN_POINT ( 'NONE',  ( -12.27994143525989301, -67.42842608242523283, 38.00001108317571408 ) ) ;
#1578 = ORIENTED_EDGE ( 'NONE', *, *, #633, .F. ) ;
#1579 = CARTESIAN_POINT ( 'NONE',  ( 8.196222367434778278, -26.61666666666667069, 21.40328564140309098 ) ) ;
#1580 = ADVANCED_FACE ( 'NONE', ( #1595 ), #3901, .F. ) ;
#1581 = CARTESIAN_POINT ( 'NONE',  ( -10.71366012283418634, -64.00000000000001421, 8.000000000000000000 ) ) ;
#1582 = VERTEX_POINT ( 'NONE', #4982 ) ;
#1583 = ORIENTED_EDGE ( 'NONE', *, *, #5958, .F. ) ;
#1584 = CARTESIAN_POINT ( 'NONE',  ( -34.43860842505574738, -43.39739183410431878, 6.001808410511769054 ) ) ;
#1585 = ORIENTED_EDGE ( 'NONE', *, *, #5543, .T. ) ;
#1586 = DIRECTION ( 'NONE',  ( 0.9510565162951518658, 3.045821659934626955E-16, -0.3090169943749530024 ) ) ;
#1587 = AXIS2_PLACEMENT_3D ( 'NONE', #3796, #936, #4912 ) ;
#1588 = PRESENTATION_STYLE_ASSIGNMENT (( #6806 ) ) ;
#1589 = DIRECTION ( 'NONE',  ( -1.000000000000000000, -3.202566417187959410E-16, -0.000000000000000000 ) ) ;
#1590 = EDGE_CURVE ( 'NONE', #116, #2044, #3472, .T. ) ;
#1591 = CARTESIAN_POINT ( 'NONE',  ( -24.19520721563819521, -60.80001322774003114, 37.83941627576064803 ) ) ;
#1592 = CARTESIAN_POINT ( 'NONE',  ( -28.76749202811209472, -35.21436789586491756, 36.99228277467219783 ) ) ;
#1593 = AXIS2_PLACEMENT_3D ( 'NONE', #1033, #3378, #3899 ) ;
#1594 = ORIENTED_EDGE ( 'NONE', *, *, #2509, .F. ) ;
#1595 = FACE_OUTER_BOUND ( 'NONE', #1609, .T. ) ;
#1596 = AXIS2_PLACEMENT_3D ( 'NONE', #7037, #5715, #55 ) ;
#1597 = CARTESIAN_POINT ( 'NONE',  ( -11.91738420589947367, -66.64694334936868358, 11.15760920573074877 ) ) ;
#1598 = UNCERTAINTY_MEASURE_WITH_UNIT (LENGTH_MEASURE( 1.000000000000000082E-05 ), #7305, 'distance_accuracy_value', 'NONE');
#1599 = FACE_OUTER_BOUND ( 'NONE', #154, .T. ) ;
#1600 = LINE ( 'NONE', #1631, #7017 ) ;
#1601 = CARTESIAN_POINT ( 'NONE',  ( -32.19820581463329034, -43.20605607071290422, 5.000000000000000000 ) ) ;
#1602 = EDGE_CURVE ( 'NONE', #3987, #5821, #2155, .T. ) ;
#1603 = EDGE_LOOP ( 'NONE', ( #238, #1726, #1800, #4159 ) ) ;
#1604 = LINE ( 'NONE', #519, #7254 ) ;
#1605 = ORIENTED_EDGE ( 'NONE', *, *, #4245, .F. ) ;
#1606 = CARTESIAN_POINT ( 'NONE',  ( -34.44348607710839616, -41.56705786326867980, 5.753555915320450076 ) ) ;
#1607 = FACE_OUTER_BOUND ( 'NONE', #6944, .T. ) ;
#1608 = CARTESIAN_POINT ( 'NONE',  ( -16.69634348995458595, -26.72030557685355845, 36.10901446284489680 ) ) ;
#1609 = EDGE_LOOP ( 'NONE', ( #5131, #863, #7297, #6030 ) ) ;
#1610 = ORIENTED_EDGE ( 'NONE', *, *, #6505, .F. ) ;
#1611 = EDGE_CURVE ( 'NONE', #6843, #2489, #4440, .T. ) ;
#1612 = CARTESIAN_POINT ( 'NONE',  ( 0.9487723528609374180, -24.00000000000001066, 36.20474829711380238 ) ) ;
#1613 = CARTESIAN_POINT ( 'NONE',  ( -33.62566235296732486, -38.58713114862230498, 36.98430594442525177 ) ) ;
#1614 = LINE ( 'NONE', #7126, #6284 ) ;
#1615 = ORIENTED_EDGE ( 'NONE', *, *, #7259, .T. ) ;
#1616 = DIRECTION ( 'NONE',  ( 0.000000000000000000, 0.000000000000000000, 1.000000000000000000 ) ) ;
#1617 = VERTEX_POINT ( 'NONE', #6780 ) ;
#1618 = ADVANCED_FACE ( 'NONE', ( #1005 ), #2078, .T. ) ;
#1619 = PLANE ( 'NONE',  #5832 ) ;
#1620 = DIRECTION ( 'NONE',  ( 1.000000000000000000, 3.202566417187959410E-16, 0.000000000000000000 ) ) ;
#1621 = VECTOR ( 'NONE', #4018, 1000.000000000000000 ) ;
#1622 = EDGE_LOOP ( 'NONE', ( #28, #5678, #4197, #2195 ) ) ;
#1623 = CARTESIAN_POINT ( 'NONE',  ( -4.949747468305823794, -43.05025253169417709, 3.000000000000000000 ) ) ;
#1624 = CARTESIAN_POINT ( 'NONE',  ( 0.2913277154666039093, -27.65850342831180342, 37.73562148132671012 ) ) ;
#1625 = CARTESIAN_POINT ( 'NONE',  ( 8.571901410670593080, -72.48870083988784074, 10.99999725673800199 ) ) ;
#1626 = ORIENTED_EDGE ( 'NONE', *, *, #1572, .F. ) ;
#1627 = ADVANCED_FACE ( 'NONE', ( #5100 ), #1560, .T. ) ;
#1628 = CIRCLE ( 'NONE', #5660, 3.000000000000000000 ) ;
#1629 = CARTESIAN_POINT ( 'NONE',  ( -27.56019921272539364, -43.26718681530833521, 37.27691033429270107 ) ) ;
#1630 = CARTESIAN_POINT ( 'NONE',  ( -35.19999999999999574, -48.35000000000001563, 28.40000000000000213 ) ) ;
#1631 = CARTESIAN_POINT ( 'NONE',  ( -19.51033308243339093, -24.00000000000001421, 26.81752707108142531 ) ) ;
#1632 = ORIENTED_EDGE ( 'NONE', *, *, #623, .T. ) ;
#1633 = CIRCLE ( 'NONE', #7242, 1.599999999999999867 ) ;
#1634 = CARTESIAN_POINT ( 'NONE',  ( -17.49999999999998934, -72.00000000000001421, 8.000000000000000000 ) ) ;
#1635 = VERTEX_POINT ( 'NONE', #933 ) ;
#1636 = CARTESIAN_POINT ( 'NONE',  ( -34.16085621508858594, -39.31117976866285346, 7.326801574230760394 ) ) ;
#1637 = ADVANCED_FACE ( 'NONE', ( #6244 ), #1036, .F. ) ;
#1638 = CIRCLE ( 'NONE', #6865, 11.24264068711929987 ) ;
#1639 = CARTESIAN_POINT ( 'NONE',  ( -33.79350620724218857, -38.83008477701290673, 37.05029354652139517 ) ) ;
#1640 = CARTESIAN_POINT ( 'NONE',  ( -12.24999999999998401, -67.50000000000000000, 5.000000000000000000 ) ) ;
#1641 = CARTESIAN_POINT ( 'NONE',  ( -2.662933357356334074, -43.05025253169416999, -1.000000000000000000 ) ) ;
#1642 = ORIENTED_EDGE ( 'NONE', *, *, #2440, .F. ) ;
#1643 = CARTESIAN_POINT ( 'NONE',  ( -35.19417453864529932, -53.27066219616098408, 37.05029354652150175 ) ) ;
#1644 = DIRECTION ( 'NONE',  ( -9.367723249499515189E-31, 1.000000000000000000, 0.000000000000000000 ) ) ;
#1645 = EDGE_LOOP ( 'NONE', ( #3580, #1513, #6650, #3199 ) ) ;
#1646 = EDGE_CURVE ( 'NONE', #4524, #2805, #4946, .T. ) ;
#1647 = CARTESIAN_POINT ( 'NONE',  ( -32.19998495912209791, -43.41227106770342914, 5.000000000000000000 ) ) ;
#1648 = LINE ( 'NONE', #5738, #1870 ) ;
#1649 = CARTESIAN_POINT ( 'NONE',  ( -31.54179673851290033, -36.63194358667171713, 36.65028843124950697 ) ) ;
#1650 = ORIENTED_EDGE ( 'NONE', *, *, #81, .T. ) ;
#1651 = VERTEX_POINT ( 'NONE', #6703 ) ;
#1652 = VECTOR ( 'NONE', #5499, 1000.000000000000000 ) ;
#1653 = CARTESIAN_POINT ( 'NONE',  ( -34.48633379548184053, -43.39721062667204876, 6.057051649391233639 ) ) ;
#1654 = ORIENTED_EDGE ( 'NONE', *, *, #2027, .T. ) ;
#1655 = EDGE_CURVE ( 'NONE', #5384, #1062, #350, .T. ) ;
#1656 = FACE_OUTER_BOUND ( 'NONE', #1728, .T. ) ;
#1657 = VECTOR ( 'NONE', #6623, 1000.000000000000114 ) ;
#1658 = CARTESIAN_POINT ( 'NONE',  ( -32.19940087659599470, -52.63221620774612575, 5.000000000000000000 ) ) ;
#1659 = ORIENTED_EDGE ( 'NONE', *, *, #399, .F. ) ;
#1660 = CARTESIAN_POINT ( 'NONE',  ( -27.20570393024559053, -60.63402381831531329, 37.35894263201620191 ) ) ;
#1661 = EDGE_CURVE ( 'NONE', #2991, #960, #1174, .T. ) ;
#1662 = CARTESIAN_POINT ( 'NONE',  ( 0.9132018770864165358, -26.18519458985326409, 36.28743840896957096 ) ) ;
#1663 = ORIENTED_EDGE ( 'NONE', *, *, #3423, .T. ) ;
#1664 = FACE_OUTER_BOUND ( 'NONE', #6789, .T. ) ;
#1665 = EDGE_CURVE ( 'NONE', #2407, #6828, #4323, .T. ) ;
#1666 = DIRECTION ( 'NONE',  ( -3.202566417187959410E-16, 1.000000000000000000, -1.151706261816267792E-16 ) ) ;
#1667 = VERTEX_POINT ( 'NONE', #1428 ) ;
#1668 = CARTESIAN_POINT ( 'NONE',  ( -12.67758975250428932, -68.62246951841969178, 5.000000000000000000 ) ) ;
#1669 = CARTESIAN_POINT ( 'NONE',  ( 6.069208813127197288, -44.19340881910664365, 3.000000000000000000 ) ) ;
#1670 = AXIS2_PLACEMENT_3D ( 'NONE', #6270, #3403, #5743 ) ;
#1671 = CARTESIAN_POINT ( 'NONE',  ( -9.749999999999989342, -68.26077504900553095, 12.96173218317774989 ) ) ;
#1672 = DIRECTION ( 'NONE',  ( -0.7144726796328051410, 0.6996633405133636519, 0.000000000000000000 ) ) ;
#1673 = FACE_OUTER_BOUND ( 'NONE', #4684, .T. ) ;
#1674 = ADVANCED_FACE ( 'NONE', ( #6570 ), #4896, .T. ) ;
#1675 = ORIENTED_EDGE ( 'NONE', *, *, #6466, .F. ) ;
#1676 = DIRECTION ( 'NONE',  ( 0.000000000000000000, 0.7071067811865472397, 0.7071067811865477948 ) ) ;
#1677 = DIRECTION ( 'NONE',  ( -0.7144726796328045859, 0.6996633405133642070, 0.000000000000000000 ) ) ;
#1678 = CARTESIAN_POINT ( 'NONE',  ( -31.37841071290609918, -36.51942434664481851, 36.65201770801969872 ) ) ;
#1679 = CARTESIAN_POINT ( 'NONE',  ( 10.89812033064045416, -30.65000000000000213, 16.40000000000000924 ) ) ;
#1680 = FACE_OUTER_BOUND ( 'NONE', #3006, .T. ) ;
#1681 = CARTESIAN_POINT ( 'NONE',  ( 7.686159401251103766E-15, -48.00000000000000711, 9.000000000000000000 ) ) ;
#1682 = VERTEX_POINT ( 'NONE', #6690 ) ;
#1683 = VECTOR ( 'NONE', #5174, 1000.000000000000000 ) ;
#1684 = CARTESIAN_POINT ( 'NONE',  ( 2.510581644129451728, -26.61666666666667780, 32.68808789241496271 ) ) ;
#1685 = LINE ( 'NONE', #3994, #7047 ) ;
#1686 = CARTESIAN_POINT ( 'NONE',  ( -19.41571288736758660, -66.62773598397080832, 5.857207867795409584 ) ) ;
#1687 = ORIENTED_EDGE ( 'NONE', *, *, #6174, .F. ) ;
#1688 = CARTESIAN_POINT ( 'NONE',  ( -34.89366041250127637, -43.39625479888868398, 6.664804603912632075 ) ) ;
#1689 = ORIENTED_EDGE ( 'NONE', *, *, #2423, .F. ) ;
#1690 = DIRECTION ( 'NONE',  ( 0.000000000000000000, -0.7071067811865487940, -0.7071067811865461294 ) ) ;
#1691 = ADVANCED_FACE ( 'NONE', ( #1468, #3778 ), #1992, .T. ) ;
#1692 = DIRECTION ( 'NONE',  ( -0.000000000000000000, -0.000000000000000000, -1.000000000000000000 ) ) ;
#1693 = ORIENTED_EDGE ( 'NONE', *, *, #4215, .T. ) ;
#1694 = CARTESIAN_POINT ( 'NONE',  ( -22.88438951895281193, -61.02976449656167546, 37.92823116425840624 ) ) ;
#1695 = EDGE_LOOP ( 'NONE', ( #2927, #1342, #4451, #7019 ) ) ;
#1696 = CARTESIAN_POINT ( 'NONE',  ( -14.14475414987951041, -69.92732380611550980, 35.89940763340471364 ) ) ;
#1697 = B_SPLINE_SURFACE_WITH_KNOTS ( 'NONE', 3, 1, ( 
 ( #4801, #1935 ),
 ( #3687, #6102 ),
 ( #6555, #3650 ),
 ( #1372, #3075 ),
 ( #4842, #6024 ),
 ( #825, #5074 ),
 ( #381, #487 ),
 ( #459, #5107 ),
 ( #7429, #5031 ) ),
 .UNSPECIFIED., .F., .F., .F.,
 ( 4, 1, 1, 1, 1, 1, 4 ),
 ( 2, 2 ),
 ( -0.6145520971445940228, -0.4127330850015150099, -0.2109140728584359969, -0.009095060715356909423, 0.1927239514277220012, 0.5963619757138799438, 1.000000000000039968 ),
 ( 0.000000000000000000, 3.846035225582570050 ),
 .UNSPECIFIED. ) ;
#1698 = DIRECTION ( 'NONE',  ( -0.9510565162951517548, -3.045821659934626462E-16, 0.3090169943749529469 ) ) ;
#1699 = VECTOR ( 'NONE', #4122, 1000.000000000000000 ) ;
#1700 = VECTOR ( 'NONE', #536, 1000.000000000000000 ) ;
#1701 = EDGE_CURVE ( 'NONE', #5135, #85, #6401, .T. ) ;
#1702 = CARTESIAN_POINT ( 'NONE',  ( -18.33980022361687290, -68.45596672731682020, 35.95456159170495880 ) ) ;
#1703 = CARTESIAN_POINT ( 'NONE',  ( 12.00000000000000711, -48.00000000000000000, 5.000000000000000000 ) ) ;
#1704 = DIRECTION ( 'NONE',  ( -9.513166550813661132E-31, 1.000000000000000000, -4.485472319399811469E-31 ) ) ;
#1705 = EDGE_CURVE ( 'NONE', #6667, #1876, #4311, .T. ) ;
#1706 = AXIS2_PLACEMENT_3D ( 'NONE', #1487, #4794, #7123 ) ;
#1707 = DIRECTION ( 'NONE',  ( 1.000000000000000000, 3.202566417187959410E-16, 0.000000000000000000 ) ) ;
#1708 = CYLINDRICAL_SURFACE ( 'NONE', #670, 7.000000000000002665 ) ;
#1709 = EDGE_LOOP ( 'NONE', ( #2929, #5768, #393, #2820, #6243, #3741, #6522 ) ) ;
#1710 = PRESENTATION_STYLE_ASSIGNMENT (( #2333 ) ) ;
#1711 = DIRECTION ( 'NONE',  ( -0.3518242748856630908, 0.2422717253113709501, 0.9041703880994053089 ) ) ;
#1712 = VERTEX_POINT ( 'NONE', #3739 ) ;
#1713 = VECTOR ( 'NONE', #1529, 1000.000000000000000 ) ;
#1714 = EDGE_CURVE ( 'NONE', #5747, #466, #4236, .T. ) ;
#1715 = DIRECTION ( 'NONE',  ( -0.7071067811865489050, 0.7071067811865462405, 0.000000000000000000 ) ) ;
#1716 = DIRECTION ( 'NONE',  ( -0.004276014937612579447, -1.369422183859211306E-18, 0.9999908578063368969 ) ) ;
#1717 = CARTESIAN_POINT ( 'NONE',  ( 3.787521345848996024, -73.35773208228360431, 4.999997217001169503 ) ) ;
#1718 = ORIENTED_EDGE ( 'NONE', *, *, #6491, .F. ) ;
#1719 = CARTESIAN_POINT ( 'NONE',  ( 58.97731959999369877, -30.79999999999999005, 30.64999999999999858 ) ) ;
#1720 = ORIENTED_EDGE ( 'NONE', *, *, #4260, .F. ) ;
#1721 = EDGE_CURVE ( 'NONE', #6915, #5623, #4969, .T. ) ;
#1722 = CARTESIAN_POINT ( 'NONE',  ( 2.510581644129451728, -24.00000000000000711, 32.68808789241496271 ) ) ;
#1723 = ORIENTED_EDGE ( 'NONE', *, *, #616, .F. ) ;
#1724 = DIRECTION ( 'NONE',  ( -0.6996633405133666495, -0.7144726796328022544, 0.000000000000000000 ) ) ;
#1725 = ORIENTED_EDGE ( 'NONE', *, *, #2372, .T. ) ;
#1726 = ORIENTED_EDGE ( 'NONE', *, *, #7140, .T. ) ;
#1727 = CARTESIAN_POINT ( 'NONE',  ( -34.97341131267899073, -41.42529348534763756, 8.000000000000000000 ) ) ;
#1728 = EDGE_LOOP ( 'NONE', ( #835, #5169, #6691, #1469 ) ) ;
#1729 = FACE_OUTER_BOUND ( 'NONE', #1709, .T. ) ;
#1730 = FACE_BOUND ( 'NONE', #4538, .T. ) ;
#1731 = DIRECTION ( 'NONE',  ( -1.000000000000000000, 0.000000000000000000, -3.154042683594193641E-15 ) ) ;
#1732 = EDGE_CURVE ( 'NONE', #4739, #499, #3212, .T. ) ;
#1733 = CARTESIAN_POINT ( 'NONE',  ( -35.19999999999999574, -43.39921990116542361, 24.09984027676449969 ) ) ;
#1734 = FACE_BOUND ( 'NONE', #6563, .T. ) ;
#1735 = ORIENTED_EDGE ( 'NONE', *, *, #4361, .T. ) ;
#1736 = ORIENTED_EDGE ( 'NONE', *, *, #1455, .T. ) ;
#1737 = CARTESIAN_POINT ( 'NONE',  ( 14.29363611415566204, -24.87867965644035451, 10.12131760029763150 ) ) ;
#1738 = VERTEX_POINT ( 'NONE', #5562 ) ;
#1739 = CARTESIAN_POINT ( 'NONE',  ( -14.70900800727134161, -69.82792644327021492, 36.01227592701421543 ) ) ;
#1740 = VECTOR ( 'NONE', #6949, 1000.000000000000000 ) ;
#1741 = CYLINDRICAL_SURFACE ( 'NONE', #136, 2.200000000000000622 ) ;
#1742 = CARTESIAN_POINT ( 'NONE',  ( -13.64373271756009132, -70.84705737512952339, 31.80485689573732344 ) ) ;
#1743 = DIRECTION ( 'NONE',  ( -1.000000000000000000, 0.000000000000000000, 0.000000000000000000 ) ) ;
#1744 = EDGE_LOOP ( 'NONE', ( #3411, #3617, #4499, #3385 ) ) ;
#1745 = ADVANCED_FACE ( 'NONE', ( #5962 ), #1952, .F. ) ;
#1746 = PRESENTATION_LAYER_ASSIGNMENT (  '', '', ( #4917 ) ) ;
#1747 = DIRECTION ( 'NONE',  ( -1.000000000000000000, -2.401924812890968448E-16, -8.006416042969898524E-17 ) ) ;
#1748 = ORIENTED_EDGE ( 'NONE', *, *, #1655, .F. ) ;
#1749 = DIRECTION ( 'NONE',  ( -4.198920413646420813E-16, -1.000000000000000000, -0.000000000000000000 ) ) ;
#1750 = AXIS2_PLACEMENT_3D ( 'NONE', #2319, #5130, #4656 ) ;
#1751 = DIRECTION ( 'NONE',  ( 1.000000000000000000, 0.000000000000000000, 0.000000000000000000 ) ) ;
#1752 = DIRECTION ( 'NONE',  ( -0.000000000000000000, -0.000000000000000000, -1.000000000000000000 ) ) ;
#1753 = VECTOR ( 'NONE', #4806, 1000.000000000000000 ) ;
#1754 = CARTESIAN_POINT ( 'NONE',  ( -2.710824778663060375, -45.33656510651925231, -1.813288857160449963 ) ) ;
#1755 = EDGE_CURVE ( 'NONE', #5395, #1798, #2523, .T. ) ;
#1756 = PLANE ( 'NONE',  #4436 ) ;
#1757 = EDGE_LOOP ( 'NONE', ( #839, #2737, #517, #6870 ) ) ;
#1758 = VECTOR ( 'NONE', #5426, 1000.000000000000000 ) ;
#1759 = CIRCLE ( 'NONE', #2226, 1.000000000000000000 ) ;
#1760 = ORIENTED_EDGE ( 'NONE', *, *, #6227, .T. ) ;
#1761 = ORIENTED_EDGE ( 'NONE', *, *, #6227, .F. ) ;
#1762 = VERTEX_POINT ( 'NONE', #6073 ) ;
#1763 = AXIS2_PLACEMENT_3D ( 'NONE', #5340, #67, #6935 ) ;
#1764 = PLANE ( 'NONE',  #276 ) ;
#1765 = SURFACE_STYLE_FILL_AREA ( #5166 ) ;
#1766 = CARTESIAN_POINT ( 'NONE',  ( -35.19970356919849053, -43.37026600134267795, 22.93497946868540183 ) ) ;
#1767 = CARTESIAN_POINT ( 'NONE',  ( -29.95166089784538599, -56.82165114133416495, 5.000000000000000000 ) ) ;
#1768 = VERTEX_POINT ( 'NONE', #3050 ) ;
#1769 = ORIENTED_EDGE ( 'NONE', *, *, #6787, .T. ) ;
#1770 = CARTESIAN_POINT ( 'NONE',  ( 15.02925227781599560, -24.09172619467945253, 8.761082350579782130 ) ) ;
#1771 = ORIENTED_EDGE ( 'NONE', *, *, #2190, .F. ) ;
#1772 = CARTESIAN_POINT ( 'NONE',  ( -35.19999999999999574, -52.60078009883481087, 37.05029354652139517 ) ) ;
#1773 = CARTESIAN_POINT ( 'NONE',  ( -31.37817314385019074, -58.81523804576312386, 5.753556018496659874 ) ) ;
#1774 = CARTESIAN_POINT ( 'NONE',  ( 2.203939522617100799, -45.74941105915667805, -1.000000000000000888 ) ) ;
#1775 = VECTOR ( 'NONE', #4381, 999.9999999999998863 ) ;
#1776 = CARTESIAN_POINT ( 'NONE',  ( -13.13567768921833157, -68.40297525003815338, 4.999999999999890754 ) ) ;
#1777 = CARTESIAN_POINT ( 'NONE',  ( -13.90207173683743136, -24.48495170609866278, 27.62344653372721126 ) ) ;
#1778 = TOROIDAL_SURFACE ( 'NONE', #2739, 5.000000000000000000, 3.000000000000000000 ) ;
#1779 = DIRECTION ( 'NONE',  ( 1.000000000000000000, 2.401924812890965490E-16, -8.006416042969898524E-17 ) ) ;
#1780 = FACE_OUTER_BOUND ( 'NONE', #1085, .T. ) ;
#1781 = LINE ( 'NONE', #704, #4793 ) ;
#1782 = ADVANCED_FACE ( 'NONE', ( #7181 ), #4272, .T. ) ;
#1783 = LINE ( 'NONE', #27, #948 ) ;
#1784 = ORIENTED_EDGE ( 'NONE', *, *, #3458, .F. ) ;
#1785 = VECTOR ( 'NONE', #2142, 1000.000000000000000 ) ;
#1786 = CARTESIAN_POINT ( 'NONE',  ( -34.91498077338829376, -41.27306153266935240, 37.05029354652139517 ) ) ;
#1787 = CARTESIAN_POINT ( 'NONE',  ( 13.82930688969847211, -26.59940791190611620, 10.97991344114766576 ) ) ;
#1788 = DIRECTION ( 'NONE',  ( 0.7071067811865474617, 0.7071067811865474617, 0.000000000000000000 ) ) ;
#1789 = ORIENTED_EDGE ( 'NONE', *, *, #633, .T. ) ;
#1790 = PLANE ( 'NONE',  #1763 ) ;
#1791 = ORIENTED_EDGE ( 'NONE', *, *, #1983, .T. ) ;
#1792 = EDGE_CURVE ( 'NONE', #1798, #1534, #877, .T. ) ;
#1793 = ADVANCED_FACE ( 'NONE', ( #3173 ), #2561, .F. ) ;
#1794 = CARTESIAN_POINT ( 'NONE',  ( 0.3511049287774857253, -29.23333333333334849, 37.59544185110540582 ) ) ;
#1795 = VERTEX_POINT ( 'NONE', #6037 ) ;
#1796 = ORIENTED_EDGE ( 'NONE', *, *, #3605, .T. ) ;
#1797 = DIRECTION ( 'NONE',  ( 0.8236126967285883893, 0.5671526476950120577, -0.000000000000000000 ) ) ;
#1798 = VERTEX_POINT ( 'NONE', #764 ) ;
#1799 = CARTESIAN_POINT ( 'NONE',  ( -4.165889348011615922, -69.00000000000000000, 5.000000000000000000 ) ) ;
#1800 = ORIENTED_EDGE ( 'NONE', *, *, #1721, .F. ) ;
#1801 = CARTESIAN_POINT ( 'NONE',  ( -6.549747468305770148, -52.94974746830590107, 5.000000000000000000 ) ) ;
#1802 = ADVANCED_FACE ( 'NONE', ( #2597 ), #5400, .T. ) ;
#1803 = FACE_OUTER_BOUND ( 'NONE', #5388, .T. ) ;
#1804 = EDGE_LOOP ( 'NONE', ( #5230, #1954, #2438, #6641 ) ) ;
#1805 = DIRECTION ( 'NONE',  ( -1.000000000000000000, 0.000000000000000000, 0.000000000000000000 ) ) ;
#1806 = ORIENTED_EDGE ( 'NONE', *, *, #3548, .F. ) ;
#1807 = CARTESIAN_POINT ( 'NONE',  ( -32.20012187299899864, -52.57372151328480925, 5.000000000000000000 ) ) ;
#1808 = CARTESIAN_POINT ( 'NONE',  ( -4.949747468305769615, -52.94974746830590107, 3.000000000000000888 ) ) ;
#1809 = AXIS2_PLACEMENT_3D ( 'NONE', #6725, #3815, #2095 ) ;
#1810 = CARTESIAN_POINT ( 'NONE',  ( -17.96902466369173368, -68.67884157159323877, 35.95902820284136681 ) ) ;
#1811 = CARTESIAN_POINT ( 'NONE',  ( -35.11446521008889476, -53.91875952775581027, 37.05029354652139517 ) ) ;
#1812 = DIRECTION ( 'NONE',  ( -4.557819132794839459E-16, 1.000000000000000000, 0.000000000000000000 ) ) ;
#1813 = CARTESIAN_POINT ( 'NONE',  ( -8.100336659486627511, -31.85000000000001563, 34.46447267963280581 ) ) ;
#1814 = ORIENTED_EDGE ( 'NONE', *, *, #7341, .T. ) ;
#1815 = VECTOR ( 'NONE', #3282, 1000.000000000000000 ) ;
#1816 = DIRECTION ( 'NONE',  ( -1.000000000000000000, -3.202566417187959410E-16, 0.000000000000000000 ) ) ;
#1817 = PRODUCT ( 'Wrist_Roll_SO102', 'Wrist_Roll_SO102', '', ( #5835 ) ) ;
#1818 = VECTOR ( 'NONE', #6502, 999.9999999999998863 ) ;
#1819 = EDGE_CURVE ( 'NONE', #643, #2245, #838, .T. ) ;
#1820 = CARTESIAN_POINT ( 'NONE',  ( -4.945057416291035679, -69.99945803620030915, 35.77645713530759508 ) ) ;
#1821 = DIRECTION ( 'NONE',  ( -6.038659942685763138E-32, 1.885568995626969710E-16, 1.000000000000000000 ) ) ;
#1822 = CARTESIAN_POINT ( 'NONE',  ( -11.30362739825089591, -28.35288383689637826, 37.95000000010760743 ) ) ;
#1823 = VERTEX_POINT ( 'NONE', #4347 ) ;
#1824 = AXIS2_PLACEMENT_3D ( 'NONE', #815, #6177, #5615 ) ;
#1825 = CARTESIAN_POINT ( 'NONE',  ( 12.14429574446591431, -69.54252073359309350, 5.000282804481280152 ) ) ;
#1826 = ORIENTED_EDGE ( 'NONE', *, *, #246, .F. ) ;
#1827 = CIRCLE ( 'NONE', #4133, 5.000000000000000888 ) ;
#1828 = ORIENTED_EDGE ( 'NONE', *, *, #463, .F. ) ;
#1829 = ORIENTED_EDGE ( 'NONE', *, *, #4374, .F. ) ;
#1830 = DIRECTION ( 'NONE',  ( -0.6971587292361780541, 0.7169106076504836444, -0.002981088393789689452 ) ) ;
#1831 = ORIENTED_EDGE ( 'NONE', *, *, #4682, .F. ) ;
#1832 = DIRECTION ( 'NONE',  ( 3.202566417187959410E-16, -1.000000000000000000, -0.000000000000000000 ) ) ;
#1833 = CARTESIAN_POINT ( 'NONE',  ( -0.3761192464068492392, -43.05025253169422683, 9.000000000000000000 ) ) ;
#1834 = ORIENTED_EDGE ( 'NONE', *, *, #4953, .T. ) ;
#1835 = EDGE_CURVE ( 'NONE', #7064, #4089, #6869, .T. ) ;
#1836 = CARTESIAN_POINT ( 'NONE',  ( -31.54196935269225932, -59.37060185061229589, 7.607256990327096347 ) ) ;
#1837 = CARTESIAN_POINT ( 'NONE',  ( -27.73620972503529458, -51.15520878979447161, 37.23624902382109525 ) ) ;
#1838 = CARTESIAN_POINT ( 'NONE',  ( 5.061061463019622231, -62.00000000000000711, 5.000000000000000000 ) ) ;
#1839 = ORIENTED_EDGE ( 'NONE', *, *, #2724, .T. ) ;
#1840 = CARTESIAN_POINT ( 'NONE',  ( 6.069208813127229263, -54.09290375571832499, -1.000000000000000888 ) ) ;
#1841 = ORIENTED_EDGE ( 'NONE', *, *, #708, .F. ) ;
#1842 = CARTESIAN_POINT ( 'NONE',  ( -32.19356058346578919, -52.82277366253048712, 5.000000000000000000 ) ) ;
#1843 = DIRECTION ( 'NONE',  ( -1.000000000000000000, 0.000000000000000000, 7.885106708985484103E-16 ) ) ;
#1844 = EDGE_CURVE ( 'NONE', #4769, #3326, #1058, .T. ) ;
#1845 = DIRECTION ( 'NONE',  ( -9.896474485255530823E-17, 0.3090169943749430104, 0.9510565162951549745 ) ) ;
#1846 = DIRECTION ( 'NONE',  ( 1.000000000000000000, 1.060405324802234013E-15, 4.179535469586870317E-37 ) ) ;
#1847 = CONICAL_SURFACE ( 'NONE', #3670, 1.249999999999997558, 1.029744258676653201 ) ;
#1848 = CARTESIAN_POINT ( 'NONE',  ( -35.19999999999999574, -52.60078009883481087, 37.05029354652139517 ) ) ;
#1849 = ORIENTED_EDGE ( 'NONE', *, *, #1355, .F. ) ;
#1850 = CARTESIAN_POINT ( 'NONE',  ( -23.94382940705885687, -35.17312912948631265, 37.86317895316502558 ) ) ;
#1851 = CARTESIAN_POINT ( 'NONE',  ( 2.834110651988376972, -76.00000000000001421, 10.99999872370669962 ) ) ;
#1852 = ORIENTED_EDGE ( 'NONE', *, *, #399, .T. ) ;
#1853 = VECTOR ( 'NONE', #337, 1000.000000000000000 ) ;
#1854 = CARTESIAN_POINT ( 'NONE',  ( -13.65685424949238502, -51.31370849898477360, 2.656854249492379250 ) ) ;
#1855 = LINE ( 'NONE', #3648, #5578 ) ;
#1856 = ORIENTED_EDGE ( 'NONE', *, *, #4711, .F. ) ;
#1857 = CARTESIAN_POINT ( 'NONE',  ( -10.70979040663030091, -24.00000000000001066, 14.34210832921595191 ) ) ;
#1858 = VERTEX_POINT ( 'NONE', #3260 ) ;
#1859 = EDGE_CURVE ( 'NONE', #436, #6702, #1614, .T. ) ;
#1860 = ADVANCED_FACE ( 'NONE', ( #6018 ), #6978, .F. ) ;
#1861 = AXIS2_PLACEMENT_3D ( 'NONE', #7417, #4357, #4473 ) ;
#1862 = VECTOR ( 'NONE', #4968, 1000.000000000000000 ) ;
#1863 = ORIENTED_EDGE ( 'NONE', *, *, #7156, .T. ) ;
#1864 = ORIENTED_EDGE ( 'NONE', *, *, #5819, .F. ) ;
#1865 = DIRECTION ( 'NONE',  ( 0.000000000000000000, 0.000000000000000000, -1.000000000000000000 ) ) ;
#1866 = ORIENTED_EDGE ( 'NONE', *, *, #3151, .T. ) ;
#1867 = CARTESIAN_POINT ( 'NONE',  ( -2.044569004451960215, -71.12132034355967392, 5.878679656440358059 ) ) ;
#1868 = EDGE_LOOP ( 'NONE', ( #4458, #2083, #6754, #6408 ) ) ;
#1869 = ADVANCED_FACE ( 'NONE', ( #3646 ), #5812, .T. ) ;
#1870 = VECTOR ( 'NONE', #5665, 1000.000000000000000 ) ;
#1871 = CARTESIAN_POINT ( 'NONE',  ( 7.236561579255285537, -43.05025253169416288, 3.000000000000000000 ) ) ;
#1872 = CARTESIAN_POINT ( 'NONE',  ( -7.370741180656577463, -31.85000000000001563, 13.25000000000000000 ) ) ;
#1873 = AXIS2_PLACEMENT_3D ( 'NONE', #3034, #217, #258 ) ;
#1874 = DIRECTION ( 'NONE',  ( -0.000000000000000000, -0.000000000000000000, 1.000000000000000000 ) ) ;
#1875 = CARTESIAN_POINT ( 'NONE',  ( -11.79260580657141055, -71.92938339784612367, 11.19158123295813212 ) ) ;
#1876 = VERTEX_POINT ( 'NONE', #1157 ) ;
#1877 = VERTEX_POINT ( 'NONE', #3 ) ;
#1878 = LINE ( 'NONE', #4198, #508 ) ;
#1879 = VERTEX_POINT ( 'NONE', #3069 ) ;
#1880 = CARTESIAN_POINT ( 'NONE',  ( -31.20739991838048510, -56.96614077268841214, 5.000000000000000000 ) ) ;
#1881 = DIRECTION ( 'NONE',  ( -0.7144726796328051410, 0.6996633405133636519, 0.000000000000000000 ) ) ;
#1882 = AXIS2_PLACEMENT_3D ( 'NONE', #5072, #3909, #859 ) ;
#1883 = CARTESIAN_POINT ( 'NONE',  ( -19.37586677052069817, -66.84596946880976986, 6.021845325983551156 ) ) ;
#1884 = DIRECTION ( 'NONE',  ( -1.000000000000000000, 0.000000000000000000, 0.000000000000000000 ) ) ;
#1885 = EDGE_CURVE ( 'NONE', #2304, #6307, #2840, .T. ) ;
#1886 = EDGE_CURVE ( 'NONE', #4640, #5713, #2275, .T. ) ;
#1887 = CARTESIAN_POINT ( 'NONE',  ( -11.71329053542229737, -70.00295889654324810, 35.76339174663758058 ) ) ;
#1888 = AXIS2_PLACEMENT_3D ( 'NONE', #1367, #1193, #7477 ) ;
#1889 = DIRECTION ( 'NONE',  ( -3.202566417187959410E-16, 1.000000000000000000, 0.000000000000000000 ) ) ;
#1890 = CARTESIAN_POINT ( 'NONE',  ( -27.20570393024539158, -45.02721203989305820, 37.35894263201630139 ) ) ;
#1891 = VERTEX_POINT ( 'NONE', #5843 ) ;
#1892 = DIRECTION ( 'NONE',  ( -0.7071067811865492381, 0.000000000000000000, -0.7071067811865456854 ) ) ;
#1893 = AXIS2_PLACEMENT_3D ( 'NONE', #7130, #4881, #4840 ) ;
#1894 = ADVANCED_FACE ( 'NONE', ( #4644 ), #641, .T. ) ;
#1895 = CARTESIAN_POINT ( 'NONE',  ( -17.93502935308145751, -48.00000000000001421, 36.33476462671571738 ) ) ;
#1896 = FILL_AREA_STYLE_COLOUR ( '', #458 ) ;
#1897 = CARTESIAN_POINT ( 'NONE',  ( -5.736162321940780906, -52.94853777576173570, 41.85000000000000142 ) ) ;
#1898 = ORIENTED_EDGE ( 'NONE', *, *, #3931, .T. ) ;
#1899 = CARTESIAN_POINT ( 'NONE',  ( -8.799999999999997158, -38.29326573770973141, 33.75000000000000000 ) ) ;
#1900 = ORIENTED_EDGE ( 'NONE', *, *, #2973, .F. ) ;
#1901 = AXIS2_PLACEMENT_3D ( 'NONE', #5237, #43, #2313 ) ;
#1902 = ORIENTED_EDGE ( 'NONE', *, *, #1661, .F. ) ;
#1903 = CARTESIAN_POINT ( 'NONE',  ( -35.19999999999999574, -43.39921990116526729, 37.05029354652139517 ) ) ;
#1904 = CARTESIAN_POINT ( 'NONE',  ( -0.5220383421728581608, -42.90735799576766851, -1.813288857160449963 ) ) ;
#1905 = ORIENTED_EDGE ( 'NONE', *, *, #5167, .T. ) ;
#1906 = DIRECTION ( 'NONE',  ( 3.202566417187959410E-16, -1.000000000000000000, 0.000000000000000000 ) ) ;
#1907 = EDGE_LOOP ( 'NONE', ( #6909, #3695, #1335, #6727 ) ) ;
#1908 = DIRECTION ( 'NONE',  ( 2.026482704661309475E-16, -1.000000000000000000, 0.000000000000000000 ) ) ;
#1909 = DIRECTION ( 'NONE',  ( 0.000000000000000000, 0.000000000000000000, 1.000000000000000000 ) ) ;
#1910 = DIRECTION ( 'NONE',  ( 0.9999999999995820010, 0.000000000000000000, 9.144206693924648776E-07 ) ) ;
#1911 = DIRECTION ( 'NONE',  ( -0.000000000000000000, -0.000000000000000000, -1.000000000000000000 ) ) ;
#1912 = ADVANCED_FACE ( 'NONE', ( #1122 ), #779, .T. ) ;
#1913 = DIRECTION ( 'NONE',  ( 0.5238432518419139372, 0.8518146790820696479, 0.000000000000000000 ) ) ;
#1914 = ORIENTED_EDGE ( 'NONE', *, *, #6764, .T. ) ;
#1915 = ORIENTED_EDGE ( 'NONE', *, *, #4626, .F. ) ;
#1916 = DIRECTION ( 'NONE',  ( 0.000000000000000000, 0.000000000000000000, -1.000000000000000000 ) ) ;
#1917 = ORIENTED_EDGE ( 'NONE', *, *, #1947, .F. ) ;
#1918 = CARTESIAN_POINT ( 'NONE',  ( -34.65142749564488867, -52.59495808054951027, 5.753556018496659874 ) ) ;
#1919 = DIRECTION ( 'NONE',  ( -0.3090169943749502823, 0.000000000000000000, -0.9510565162951525320 ) ) ;
#1920 = LINE ( 'NONE', #5327, #3071 ) ;
#1921 = CARTESIAN_POINT ( 'NONE',  ( -31.40396775464148504, -59.46564088788542080, 36.65153118436359847 ) ) ;
#1922 = FACE_OUTER_BOUND ( 'NONE', #706, .T. ) ;
#1923 = ORIENTED_EDGE ( 'NONE', *, *, #637, .T. ) ;
#1924 = CARTESIAN_POINT ( 'NONE',  ( -26.10733778754126533, -35.33177926524201951, 37.58808382522945379 ) ) ;
#1925 = CYLINDRICAL_SURFACE ( 'NONE', #6396, 0.5999999999999888756 ) ;
#1926 = ADVANCED_FACE ( 'NONE', ( #6412 ), #4603, .T. ) ;
#1927 = CARTESIAN_POINT ( 'NONE',  ( -2.662933357356310538, -52.94974746830590107, 3.000000000000000000 ) ) ;
#1928 = DIRECTION ( 'NONE',  ( -3.202566417187959410E-16, 1.000000000000000000, 0.000000000000000000 ) ) ;
#1929 = AXIS2_PLACEMENT_3D ( 'NONE', #7201, #4717, #668 ) ;
#1930 = LINE ( 'NONE', #4254, #2988 ) ;
#1931 = CARTESIAN_POINT ( 'NONE',  ( 6.733872333624924877, -31.85000000000000853, 47.56225803220894477 ) ) ;
#1932 = CARTESIAN_POINT ( 'NONE',  ( -14.79999999999998650, -66.20000000000000284, 33.74999999999999289 ) ) ;
#1933 = CARTESIAN_POINT ( 'NONE',  ( -11.71329053542229737, -70.00295889654324810, 35.76339174663758058 ) ) ;
#1934 = ORIENTED_EDGE ( 'NONE', *, *, #1328, .F. ) ;
#1935 = CARTESIAN_POINT ( 'NONE',  ( -35.19999999999999574, -43.39921990116545913, -1.410058709304290003 ) ) ;
#1936 = VERTEX_POINT ( 'NONE', #3503 ) ;
#1937 = EDGE_CURVE ( 'NONE', #2562, #5621, #2886, .T. ) ;
#1938 = VECTOR ( 'NONE', #6092, 1000.000000000000000 ) ;
#1939 = VECTOR ( 'NONE', #3008, 1000.000000000000000 ) ;
#1940 = DIRECTION ( 'NONE',  ( -1.000000000000000000, -3.202566417187959410E-16, -0.000000000000000000 ) ) ;
#1941 = VECTOR ( 'NONE', #4948, 1000.000000000000000 ) ;
#1942 = PLANE ( 'NONE',  #7493 ) ;
#1943 = ORIENTED_EDGE ( 'NONE', *, *, #2350, .T. ) ;
#1944 = CARTESIAN_POINT ( 'NONE',  ( 7.125992146878435740, -74.66733016329260408, 13.09253451107850097 ) ) ;
#1945 = ORIENTED_EDGE ( 'NONE', *, *, #131, .F. ) ;
#1946 = VECTOR ( 'NONE', #6418, 1000.000000000000114 ) ;
#1947 = EDGE_CURVE ( 'NONE', #2976, #128, #2926, .T. ) ;
#1948 = AXIS2_PLACEMENT_3D ( 'NONE', #2619, #2080, #3189 ) ;
#1949 = CARTESIAN_POINT ( 'NONE',  ( -8.800000000000002487, -31.85000000000001563, 13.25000000000000000 ) ) ;
#1950 = DIRECTION ( 'NONE',  ( 0.000000000000000000, 0.000000000000000000, -1.000000000000000000 ) ) ;
#1951 = DIRECTION ( 'NONE',  ( 0.000000000000000000, 0.000000000000000000, 1.000000000000000000 ) ) ;
#1952 = PLANE ( 'NONE',  #2984 ) ;
#1953 = ORIENTED_EDGE ( 'NONE', *, *, #5546, .F. ) ;
#1954 = ORIENTED_EDGE ( 'NONE', *, *, #1181, .F. ) ;
#1955 = EDGE_LOOP ( 'NONE', ( #6267, #855, #6556, #5696, #1072, #6965 ) ) ;
#1956 = DIRECTION ( 'NONE',  ( -0.7071067811865489050, 0.7071067811865462405, -0.000000000000000000 ) ) ;
#1957 = DIRECTION ( 'NONE',  ( 3.202566417187958917E-16, -1.000000000000000000, 0.000000000000000000 ) ) ;
#1958 = EDGE_CURVE ( 'NONE', #6194, #1975, #216, .T. ) ;
#1959 = DIRECTION ( 'NONE',  ( -0.000000000000000000, -0.000000000000000000, -1.000000000000000000 ) ) ;
#1960 = CARTESIAN_POINT ( 'NONE',  ( -19.50733157289267794, -65.43161969288156854, 5.234312061810372896 ) ) ;
#1961 = CARTESIAN_POINT ( 'NONE',  ( -27.58968833927157505, -60.62355698064466480, 37.27047693649503657 ) ) ;
#1962 = DIRECTION ( 'NONE',  ( 4.557819132794839459E-16, -1.000000000000000000, 0.000000000000000000 ) ) ;
#1963 = DIRECTION ( 'NONE',  ( 2.026482704661309475E-16, -1.000000000000000000, 0.000000000000000000 ) ) ;
#1964 = CARTESIAN_POINT ( 'NONE',  ( -12.44898257609798620, -68.87584430397652113, 8.000000000000000000 ) ) ;
#1965 = EDGE_LOOP ( 'NONE', ( #6385, #2923, #5698, #3353 ) ) ;
#1966 = CARTESIAN_POINT ( 'NONE',  ( -22.16781280226548745, -34.70693335030509985, 37.94841071675648436 ) ) ;
#1967 = CARTESIAN_POINT ( 'NONE',  ( -15.24701158819040003, -25.41109842617131065, 8.000000000000000000 ) ) ;
#1968 = DIRECTION ( 'NONE',  ( 1.000000000000000000, 0.000000000000000000, 0.000000000000000000 ) ) ;
#1969 = CARTESIAN_POINT ( 'NONE',  ( -11.64860619192088365, -67.60019974978570190, 37.94988662901472765 ) ) ;
#1970 = DIRECTION ( 'NONE',  ( -1.000000000000000000, 0.000000000000000000, 0.000000000000000000 ) ) ;
#1971 = CARTESIAN_POINT ( 'NONE',  ( -23.68779124070012543, -43.26718681530833521, 37.95000815972914410 ) ) ;
#1972 = EDGE_CURVE ( 'NONE', #3001, #3651, #1930, .T. ) ;
#1973 = LINE ( 'NONE', #4290, #3082 ) ;
#1974 = CARTESIAN_POINT ( 'NONE',  ( -6.150375884313875829, -54.00000000000000711, 41.84999999999998721 ) ) ;
#1975 = VERTEX_POINT ( 'NONE', #3680 ) ;
#1976 = CIRCLE ( 'NONE', #5995, 3.000000000000000000 ) ;
#1977 = CARTESIAN_POINT ( 'NONE',  ( -27.96800917416086207, -35.38675547650990438, 37.18331606485030960 ) ) ;
#1978 = VERTEX_POINT ( 'NONE', #1686 ) ;
#1979 = B_SPLINE_CURVE_WITH_KNOTS ( 'NONE', 3,
 ( #5945, #3033, #7125, #2383, #3566, #2997, #5335, #5378, #181, #4950, #5585, #6178 ),
 .UNSPECIFIED., .F., .F.,
 ( 4, 2, 2, 2, 2, 4 ),
 ( 0.000000000000000000, 0.0005111110652056702558, 0.0007666665978084979570, 0.001022222130411325550, 0.001533333195617008491, 0.002044444260822691432 ),
 .UNSPECIFIED. ) ;
#1980 = EDGE_LOOP ( 'NONE', ( #2600, #7090, #6518, #2784, #6028, #5041, #1066, #1351, #6604, #4391, #2211, #5744, #7230, #525, #5485, #4295, #5853, #2486, #7095, #6041, #5048, #6561, #1023, #4972, #1566 ) ) ;
#1981 = AXIS2_PLACEMENT_3D ( 'NONE', #2907, #5863, #4548 ) ;
#1982 = EDGE_CURVE ( 'NONE', #7023, #5839, #3996, .T. ) ;
#1983 = EDGE_CURVE ( 'NONE', #3550, #4762, #1419, .T. ) ;
#1984 = LINE ( 'NONE', #2633, #7234 ) ;
#1985 = CARTESIAN_POINT ( 'NONE',  ( 2.743635777712867263, -77.45000000000000284, 13.96507684480349987 ) ) ;
#1986 = ORIENTED_EDGE ( 'NONE', *, *, #3751, .T. ) ;
#1987 = DIRECTION ( 'NONE',  ( 0.004276014937612809298, 1.369422183859284877E-18, -0.9999908578063368969 ) ) ;
#1988 = ORIENTED_EDGE ( 'NONE', *, *, #2582, .F. ) ;
#1989 = VECTOR ( 'NONE', #3600, 1000.000000000000000 ) ;
#1990 = CARTESIAN_POINT ( 'NONE',  ( 9.949151789038618077, -31.85000000000000497, 18.15476262863604617 ) ) ;
#1991 = EDGE_CURVE ( 'NONE', #3168, #6307, #3722, .T. ) ;
#1992 = PLANE ( 'NONE',  #2371 ) ;
#1993 = EDGE_LOOP ( 'NONE', ( #7479, #5654, #109, #3416 ) ) ;
#1994 = ORIENTED_EDGE ( 'NONE', *, *, #4277, .T. ) ;
#1995 = FACE_OUTER_BOUND ( 'NONE', #6117, .T. ) ;
#1996 = VERTEX_POINT ( 'NONE', #4913 ) ;
#1997 = DIRECTION ( 'NONE',  ( -0.7144726796328059182, -2.669503911422033974E-16, -0.6996633405133628747 ) ) ;
#1998 = STYLED_ITEM ( 'NONE', ( #1710 ), #303 ) ;
#1999 = CARTESIAN_POINT ( 'NONE',  ( -10.58607734966589575, -72.00000000000001421, 28.29854308782354977 ) ) ;
#2000 = AXIS2_PLACEMENT_3D ( 'NONE', #7511, #69, #6372 ) ;
#2001 = DIRECTION ( 'NONE',  ( 0.6996633405133628747, 2.240718317665639944E-16, 0.7144726796328059182 ) ) ;
#2002 = VECTOR ( 'NONE', #2922, 1000.000000000000000 ) ;
#2003 = CARTESIAN_POINT ( 'NONE',  ( -19.50889807849862123, -65.30992570789334195, 5.196203992200937094 ) ) ;
#2004 = DIRECTION ( 'NONE',  ( 1.000000000000000000, 5.782411586589356653E-16, 0.000000000000000000 ) ) ;
#2005 = FACE_BOUND ( 'NONE', #326, .T. ) ;
#2006 = VERTEX_POINT ( 'NONE', #375 ) ;
#2007 = CARTESIAN_POINT ( 'NONE',  ( 7.236561579255309518, -52.94974746830583712, 3.000000000000000000 ) ) ;
#2008 = CARTESIAN_POINT ( 'NONE',  ( 19.99999932944770009, -27.00000000000000000, 8.000000000000000000 ) ) ;
#2009 = CARTESIAN_POINT ( 'NONE',  ( -12.05489699666340186, -67.49621917817198380, 37.94974780897541677 ) ) ;
#2010 = VECTOR ( 'NONE', #1363, 1000.000000000000000 ) ;
#2011 = DIRECTION ( 'NONE',  ( 1.000000000000000000, -4.336808689942017736E-15, 0.000000000000000000 ) ) ;
#2012 = CARTESIAN_POINT ( 'NONE',  ( -15.67776491927487825, -27.40841177893778990, 37.00976174601078128 ) ) ;
#2013 = CARTESIAN_POINT ( 'NONE',  ( -29.85259244899019038, -56.89140972944036889, 5.000000000000000000 ) ) ;
#2014 = DIRECTION ( 'NONE',  ( 0.000000000000000000, 0.000000000000000000, -1.000000000000000000 ) ) ;
#2015 = DIRECTION ( 'NONE',  ( 1.000000000000000000, 0.000000000000000000, 0.000000000000000000 ) ) ;
#2016 = ORIENTED_EDGE ( 'NONE', *, *, #4257, .F. ) ;
#2017 = CARTESIAN_POINT ( 'NONE',  ( -30.74924487423621144, -36.18046719938572409, 36.68207178430552062 ) ) ;
#2018 = ORIENTED_EDGE ( 'NONE', *, *, #5989, .T. ) ;
#2019 = VECTOR ( 'NONE', #5679, 1000.000000000000000 ) ;
#2020 = CARTESIAN_POINT ( 'NONE',  ( -7.370741180656568581, -29.80000000000001137, 33.75000000000000000 ) ) ;
#2021 = VERTEX_POINT ( 'NONE', #2543 ) ;
#2022 = AXIS2_PLACEMENT_3D ( 'NONE', #295, #5025, #4370 ) ;
#2023 = CARTESIAN_POINT ( 'NONE',  ( -0.6053082135211319548, -31.85000000000000853, 10.99999725673800199 ) ) ;
#2024 = ORIENTED_EDGE ( 'NONE', *, *, #6530, .F. ) ;
#2025 = CARTESIAN_POINT ( 'NONE',  ( -4.538921568616598456, -89.00000000000001421, 32.84999999999999432 ) ) ;
#2026 = VERTEX_POINT ( 'NONE', #6058 ) ;
#2027 = EDGE_CURVE ( 'NONE', #4274, #5821, #5689, .T. ) ;
#2028 = EDGE_CURVE ( 'NONE', #4273, #4237, #6096, .T. ) ;
#2029 = AXIS2_PLACEMENT_3D ( 'NONE', #5460, #4979, #4402 ) ;
#2030 = CARTESIAN_POINT ( 'NONE',  ( 10.50843739782159147, -26.61666666666667780, 17.12056663191865269 ) ) ;
#2031 =( BOUNDED_CURVE ( )  B_SPLINE_CURVE ( 3, ( #7159, #3674, #251, #2537 ),
 .UNSPECIFIED., .F., .T. ) 
 B_SPLINE_CURVE_WITH_KNOTS ( ( 4, 4 ),
 ( 4.712388980384689674, 6.283185307179586232 ),
 .UNSPECIFIED. ) 
 CURVE ( )  GEOMETRIC_REPRESENTATION_ITEM ( )  RATIONAL_B_SPLINE_CURVE ( ( 1.000000000000000000, 0.8047378541243649375, 0.8047378541243649375, 1.000000000000000000 ) ) 
 REPRESENTATION_ITEM ( '' )  );
#2032 = CARTESIAN_POINT ( 'NONE',  ( -32.98343961067860164, -37.84245007762909552, 36.80229476363879826 ) ) ;
#2033 = DIRECTION ( 'NONE',  ( 0.7022386031820907482, -0.1842640636922311392, 0.6876828477085141778 ) ) ;
#2034 = ORIENTED_EDGE ( 'NONE', *, *, #772, .T. ) ;
#2035 = ORIENTED_EDGE ( 'NONE', *, *, #943, .F. ) ;
#2036 = ORIENTED_EDGE ( 'NONE', *, *, #7031, .F. ) ;
#2037 = CARTESIAN_POINT ( 'NONE',  ( -31.85829694296528203, -59.14469747070801731, 8.000000000000000000 ) ) ;
#2038 = CARTESIAN_POINT ( 'NONE',  ( -32.60345545804341327, -58.52866973720081489, 36.72928505585511516 ) ) ;
#2039 = B_SPLINE_CURVE_WITH_KNOTS ( 'NONE', 3,
 ( #5643, #6165, #1477, #1437, #6658, #5094 ),
 .UNSPECIFIED., .F., .F.,
 ( 4, 2, 4 ),
 ( 0.5000001404074380096, 0.7500000702037190603, 1.000000000000000000 ),
 .UNSPECIFIED. ) ;
#2040 = EDGE_CURVE ( 'NONE', #3956, #3252, #5923, .T. ) ;
#2041 = CARTESIAN_POINT ( 'NONE',  ( -1.165889348011604820, -72.00000000000001421, 7.999998628368990339 ) ) ;
#2042 = CARTESIAN_POINT ( 'NONE',  ( -12.07846153823839863, -26.00054196379890925, 35.77645713530439764 ) ) ;
#2043 = DIRECTION ( 'NONE',  ( -0.4010374831530542639, -0.5823821229281188616, -0.7071067811865484609 ) ) ;
#2044 = VERTEX_POINT ( 'NONE', #6179 ) ;
#2045 = CARTESIAN_POINT ( 'NONE',  ( -17.35000137132898601, -72.00000000000001421, 5.000282804481280152 ) ) ;
#2046 = FACE_OUTER_BOUND ( 'NONE', #6193, .T. ) ;
#2047 = CYLINDRICAL_SURFACE ( 'NONE', #4252, 0.7999999999999993783 ) ;
#2048 = CARTESIAN_POINT ( 'NONE',  ( -11.20256275596810092, -67.64711616307513964, 37.95000000005531149 ) ) ;
#2049 = DIRECTION ( 'NONE',  ( -0.9999908578063367859, -3.202537138705553991E-16, -0.004276014937614368815 ) ) ;
#2050 = FACE_OUTER_BOUND ( 'NONE', #5197, .T. ) ;
#2051 = CARTESIAN_POINT ( 'NONE',  ( -16.97928784416349757, -26.83656783026141568, 36.06204530611019976 ) ) ;
#2052 = CARTESIAN_POINT ( 'NONE',  ( -10.99999999999998757, -67.50000000000000000, 5.000000000000000000 ) ) ;
#2053 = CARTESIAN_POINT ( 'NONE',  ( -35.19551296490135428, -52.83199825002667893, 25.62863290947313999 ) ) ;
#2054 = VERTEX_POINT ( 'NONE', #7238 ) ;
#2055 = CARTESIAN_POINT ( 'NONE',  ( -29.37843567989290250, -35.68449025199983282, 36.88313032857953999 ) ) ;
#2056 = ORIENTED_EDGE ( 'NONE', *, *, #1590, .F. ) ;
#2057 = CARTESIAN_POINT ( 'NONE',  ( -30.78474487303589768, -38.66452573299141449, 5.000000000000000000 ) ) ;
#2058 = ADVANCED_FACE ( 'NONE', ( #419 ), #3798, .T. ) ;
#2059 = EDGE_LOOP ( 'NONE', ( #4421, #6351, #3576, #4598 ) ) ;
#2060 = FACE_OUTER_BOUND ( 'NONE', #2364, .T. ) ;
#2061 = VECTOR ( 'NONE', #2191, 1000.000000000000000 ) ;
#2062 = DIRECTION ( 'NONE',  ( -1.000000000000000000, -3.202566417187959410E-16, -0.000000000000000000 ) ) ;
#2063 = ORIENTED_EDGE ( 'NONE', *, *, #500, .F. ) ;
#2064 = VECTOR ( 'NONE', #3507, 1000.000000000000000 ) ;
#2065 = CARTESIAN_POINT ( 'NONE',  ( 9.579398116943455221, -24.00000000000000355, 18.83856804866243095 ) ) ;
#2066 = ORIENTED_EDGE ( 'NONE', *, *, #7330, .F. ) ;
#2067 = COLOUR_RGB ( '',1.000000000000000000, 1.000000000000000000, 1.000000000000000000 ) ;
#2068 = ORIENTED_EDGE ( 'NONE', *, *, #2471, .F. ) ;
#2069 = CARTESIAN_POINT ( 'NONE',  ( -34.28606812658468783, -56.36901523647223655, 8.000000000000000000 ) ) ;
#2070 = EDGE_CURVE ( 'NONE', #2589, #4619, #3833, .T. ) ;
#2071 = DIRECTION ( 'NONE',  ( 0.9211769839103456370, 0.3891239501402018464, 0.003939002554509244552 ) ) ;
#2072 = AXIS2_PLACEMENT_3D ( 'NONE', #2868, #548, #2218 ) ;
#2073 = DIRECTION ( 'NONE',  ( -0.9396926207859094271, -3.009428029808293127E-16, -0.3420201433256661039 ) ) ;
#2074 = CARTESIAN_POINT ( 'NONE',  ( -12.27936459597890284, -28.57173389364649907, 38.00001106322828548 ) ) ;
#2075 = CARTESIAN_POINT ( 'NONE',  ( 3.796486926082656144, -73.35773208228360431, 2.903302420703479658 ) ) ;
#2076 = EDGE_CURVE ( 'NONE', #2587, #3922, #7353, .T. ) ;
#2077 = ORIENTED_EDGE ( 'NONE', *, *, #4874, .T. ) ;
#2078 = PLANE ( 'NONE',  #4555 ) ;
#2079 = SURFACE_SIDE_STYLE ('',( #3863 ) ) ;
#2080 = DIRECTION ( 'NONE',  ( 0.000000000000000000, 0.000000000000000000, 1.000000000000000000 ) ) ;
#2081 = CARTESIAN_POINT ( 'NONE',  ( 15.84134566986611681, -76.00000000000001421, 42.43210615644689909 ) ) ;
#2082 = LINE ( 'NONE', #4583, #6104 ) ;
#2083 = ORIENTED_EDGE ( 'NONE', *, *, #3491, .T. ) ;
#2084 = FACE_OUTER_BOUND ( 'NONE', #7360, .T. ) ;
#2085 = ORIENTED_EDGE ( 'NONE', *, *, #3859, .F. ) ;
#2086 = CARTESIAN_POINT ( 'NONE',  ( -35.20000873362127436, -52.59977609237835594, 7.637253075000850266 ) ) ;
#2087 = CARTESIAN_POINT ( 'NONE',  ( 3.598443687522486556, -72.48870084370908273, 10.99999725673800199 ) ) ;
#2088 = DIRECTION ( 'NONE',  ( 1.000000000000000000, 3.202566417187959410E-16, 0.000000000000000000 ) ) ;
#2089 = ORIENTED_EDGE ( 'NONE', *, *, #482, .T. ) ;
#2090 = EDGE_CURVE ( 'NONE', #6434, #879, #4334, .T. ) ;
#2091 = CARTESIAN_POINT ( 'NONE',  ( -16.53595705612790567, -70.06034050381862244, 35.54924067286568601 ) ) ;
#2092 = ORIENTED_EDGE ( 'NONE', *, *, #3787, .T. ) ;
#2093 = AXIS2_PLACEMENT_3D ( 'NONE', #2224, #4589, #1042 ) ;
#2094 = CARTESIAN_POINT ( 'NONE',  ( 12.56147446025172165, -29.23333333333333428, 13.32427514289134152 ) ) ;
#2095 = DIRECTION ( 'NONE',  ( -1.000000000000000000, 0.000000000000000000, 0.000000000000000000 ) ) ;
#2096 = VERTEX_POINT ( 'NONE', #5618 ) ;
#2097 = ORIENTED_EDGE ( 'NONE', *, *, #2663, .T. ) ;
#2098 = CARTESIAN_POINT ( 'NONE',  ( -35.20000000000000284, -43.39753768484209928, 7.603040133308319071 ) ) ;
#2099 = VERTEX_POINT ( 'NONE', #6709 ) ;
#2100 = CARTESIAN_POINT ( 'NONE',  ( -35.19983198613319075, -52.62007372086678458, 8.000000000000000000 ) ) ;
#2101 = EDGE_CURVE ( 'NONE', #4934, #4237, #4110, .T. ) ;
#2102 = CARTESIAN_POINT ( 'NONE',  ( 6.069208813127228375, -51.80659118089334925, 3.000000000000000000 ) ) ;
#2103 = CARTESIAN_POINT ( 'NONE',  ( -10.94511071031499050, -71.99748873850843722, 11.79139330851002221 ) ) ;
#2104 = PLANE ( 'NONE',  #2819 ) ;
#2105 = DIRECTION ( 'NONE',  ( 0.000000000000000000, 0.000000000000000000, -1.000000000000000000 ) ) ;
#2106 = CARTESIAN_POINT ( 'NONE',  ( -21.83722406390288739, -61.48045346591641191, 37.94999999999999574 ) ) ;
#2107 = CARTESIAN_POINT ( 'NONE',  ( 12.25010894662505123, -71.99999926271753736, 8.806282317139199733 ) ) ;
#2108 = LINE ( 'NONE', #2179, #414 ) ;
#2109 = LINE ( 'NONE', #1003, #2701 ) ;
#2110 = ORIENTED_EDGE ( 'NONE', *, *, #755, .F. ) ;
#2111 = VECTOR ( 'NONE', #3029, 1000.000000000000000 ) ;
#2112 = DIRECTION ( 'NONE',  ( -3.202566417187959410E-16, 1.000000000000000000, 0.000000000000000000 ) ) ;
#2113 = CIRCLE ( 'NONE', #3569, 3.000000000000000000 ) ;
#2114 = ADVANCED_FACE ( 'NONE', ( #2694 ), #336, .F. ) ;
#2115 = CYLINDRICAL_SURFACE ( 'NONE', #2460, 3.000000000000003553 ) ;
#2116 = EDGE_CURVE ( 'NONE', #2470, #3922, #4566, .T. ) ;
#2117 = DIRECTION ( 'NONE',  ( 9.896474485255530823E-17, -0.3090169943749430104, -0.9510565162951549745 ) ) ;
#2118 = CARTESIAN_POINT ( 'NONE',  ( -15.25088130439438494, -70.58890157382872133, 8.000000000000000000 ) ) ;
#2119 = CARTESIAN_POINT ( 'NONE',  ( -7.260740650870593171, -29.80000000000001137, 11.67816010480783717 ) ) ;
#2120 = DIRECTION ( 'NONE',  ( 0.000000000000000000, 0.000000000000000000, -1.000000000000000000 ) ) ;
#2121 = PLANE ( 'NONE',  #1882 ) ;
#2122 = VECTOR ( 'NONE', #3572, 1000.000000000000000 ) ;
#2123 = EDGE_LOOP ( 'NONE', ( #5235, #6388, #1826, #229 ) ) ;
#2124 = CARTESIAN_POINT ( 'NONE',  ( 3.224422369125231391, -29.80000000000001137, 25.05400965685779369 ) ) ;
#2125 = ORIENTED_EDGE ( 'NONE', *, *, #6875, .F. ) ;
#2126 = CARTESIAN_POINT ( 'NONE',  ( -31.56700684028158932, -39.30175609776483725, 5.000000000000000000 ) ) ;
#2127 = ADVANCED_FACE ( 'NONE', ( #2050 ), #1448, .F. ) ;
#2128 = VECTOR ( 'NONE', #2698, 1000.000000000000000 ) ;
#2129 = CARTESIAN_POINT ( 'NONE',  ( -34.82320230405861849, -52.59661735339190614, 6.530550430043396304 ) ) ;
#2130 = CYLINDRICAL_SURFACE ( 'NONE', #4983, 3.000000000000004885 ) ;
#2131 = DIRECTION ( 'NONE',  ( -1.000000000000000000, -1.060405324802234013E-15, 4.179535469586870317E-37 ) ) ;
#2132 = DIRECTION ( 'NONE',  ( -0.000000000000000000, -0.000000000000000000, 1.000000000000000000 ) ) ;
#2133 = ORIENTED_EDGE ( 'NONE', *, *, #7248, .F. ) ;
#2134 = DIRECTION ( 'NONE',  ( 0.000000000000000000, 0.000000000000000000, 1.000000000000000000 ) ) ;
#2135 = VERTEX_POINT ( 'NONE', #2119 ) ;
#2136 = CARTESIAN_POINT ( 'NONE',  ( 10.13402862508619684, -29.23333333333333428, 17.81285991862285556 ) ) ;
#2137 = CIRCLE ( 'NONE', #7258, 5.000000000000000000 ) ;
#2138 = PRODUCT_RELATED_PRODUCT_CATEGORY ( 'part', '', ( #1817 ) ) ;
#2139 = CARTESIAN_POINT ( 'NONE',  ( -11.23637312627830731, -71.00970394440430766, 32.00616807775152495 ) ) ;
#2140 = ORIENTED_EDGE ( 'NONE', *, *, #3372, .F. ) ;
#2141 = ORIENTED_EDGE ( 'NONE', *, *, #6069, .T. ) ;
#2142 = DIRECTION ( 'NONE',  ( -0.7144726796328049190, -3.256437249089596061E-16, -0.6996633405133638739 ) ) ;
#2143 = ORIENTED_EDGE ( 'NONE', *, *, #3720, .T. ) ;
#2144 = CARTESIAN_POINT ( 'NONE',  ( 1.749747468305839160, -52.94974746830583712, 3.000000000000000888 ) ) ;
#2145 = VECTOR ( 'NONE', #3101, 1000.000000000000000 ) ;
#2146 = CARTESIAN_POINT ( 'NONE',  ( -27.20570393024559408, -52.73281318469169321, 37.35894263201620191 ) ) ;
#2147 = SURFACE_STYLE_FILL_AREA ( #5572 ) ;
#2148 = ADVANCED_FACE ( 'NONE', ( #858, #899 ), #1564, .T. ) ;
#2149 = CARTESIAN_POINT ( 'NONE',  ( -11.47031548859392558, -70.03163150386831148, 35.65638411931482921 ) ) ;
#2150 = CARTESIAN_POINT ( 'NONE',  ( -8.799999999999997158, -29.80000000000001492, 33.75000000000000000 ) ) ;
#2151 = FACE_OUTER_BOUND ( 'NONE', #5272, .T. ) ;
#2152 = ORIENTED_EDGE ( 'NONE', *, *, #5626, .F. ) ;
#2153 = CARTESIAN_POINT ( 'NONE',  ( -10.99999999999998757, -67.50000000000000000, 5.000000000000000000 ) ) ;
#2154 = ORIENTED_EDGE ( 'NONE', *, *, #3604, .T. ) ;
#2155 = LINE ( 'NONE', #5020, #356 ) ;
#2156 = CARTESIAN_POINT ( 'NONE',  ( -12.07046290987282156, -66.84907944443280314, 11.11408921133069683 ) ) ;
#2157 = DIRECTION ( 'NONE',  ( -3.202566417187959410E-16, 1.000000000000000000, 0.000000000000000000 ) ) ;
#2158 = CARTESIAN_POINT ( 'NONE',  ( -10.70979040663030091, -24.00000000000001066, 28.27497024111909951 ) ) ;
#2159 = ORIENTED_EDGE ( 'NONE', *, *, #411, .T. ) ;
#2160 = EDGE_CURVE ( 'NONE', #4640, #471, #3946, .T. ) ;
#2161 = DIRECTION ( 'NONE',  ( 0.000000000000000000, 0.000000000000000000, -1.000000000000000000 ) ) ;
#2162 = PLANE ( 'NONE',  #355 ) ;
#2163 = VERTEX_POINT ( 'NONE', #2158 ) ;
#2164 = ADVANCED_FACE ( 'NONE', ( #7460 ), #2829, .F. ) ;
#2165 = CARTESIAN_POINT ( 'NONE',  ( -8.800000000000002487, -31.85000000000001563, 13.25000000000000000 ) ) ;
#2166 = ORIENTED_EDGE ( 'NONE', *, *, #1109, .F. ) ;
#2167 = AXIS2_PLACEMENT_3D ( 'NONE', #5540, #333, #254 ) ;
#2168 = CARTESIAN_POINT ( 'NONE',  ( 0.9487723528609356416, -31.85000000000000853, 36.20474829711379527 ) ) ;
#2169 = VERTEX_POINT ( 'NONE', #4058 ) ;
#2170 = AXIS2_PLACEMENT_3D ( 'NONE', #977, #6708, #4333 ) ;
#2171 = CARTESIAN_POINT ( 'NONE',  ( -31.49582492915238419, -59.40237803177912213, 36.65030381086249633 ) ) ;
#2172 = EDGE_LOOP ( 'NONE', ( #2921, #5390, #3701, #7100 ) ) ;
#2173 = EDGE_CURVE ( 'NONE', #6377, #3612, #6554, .T. ) ;
#2174 = CARTESIAN_POINT ( 'NONE',  ( -3.830286123484390348, -54.09290375571838183, -1.000000000000000000 ) ) ;
#2175 = VECTOR ( 'NONE', #4663, 1000.000000000000000 ) ;
#2176 = CARTESIAN_POINT ( 'NONE',  ( -10.82939904029088041, -72.00000000000002842, 11.90470654762093794 ) ) ;
#2177 = CARTESIAN_POINT ( 'NONE',  ( 11.00000000000000000, -28.50000000000000711, 13.75107577378445178 ) ) ;
#2178 = CARTESIAN_POINT ( 'NONE',  ( -22.42539387934867889, -61.18244056291096911, 37.94327868023513872 ) ) ;
#2179 = CARTESIAN_POINT ( 'NONE',  ( 2.203939522617105240, -50.25058894084334327, 9.000000000000000000 ) ) ;
#2180 = ADVANCED_FACE ( 'NONE', ( #486 ), #5794, .F. ) ;
#2181 = ORIENTED_EDGE ( 'NONE', *, *, #1087, .T. ) ;
#2182 = EDGE_CURVE ( 'NONE', #5920, #643, #4156, .T. ) ;
#2183 = STYLED_ITEM ( 'NONE', ( #4576 ), #4309 ) ;
#2184 = LINE ( 'NONE', #6133, #6578 ) ;
#2185 = FACE_OUTER_BOUND ( 'NONE', #6140, .T. ) ;
#2186 = LINE ( 'NONE', #7426, #788 ) ;
#2187 = DIRECTION ( 'NONE',  ( -1.000000000000000000, -3.202566417187959410E-16, 0.000000000000000000 ) ) ;
#2188 = CARTESIAN_POINT ( 'NONE',  ( -31.23065552778159670, -37.08377935527511937, 5.753555915320440306 ) ) ;
#2189 = ADVANCED_FACE ( 'NONE', ( #3313 ), #6817, .T. ) ;
#2190 = EDGE_CURVE ( 'NONE', #3816, #341, #3384, .T. ) ;
#2191 = DIRECTION ( 'NONE',  ( 0.000000000000000000, 0.000000000000000000, -1.000000000000000000 ) ) ;
#2192 = CARTESIAN_POINT ( 'NONE',  ( 7.806039157420586072, -72.79999999999999716, 17.76024659125789995 ) ) ;
#2193 = CARTESIAN_POINT ( 'NONE',  ( 5.846908847958425248, -30.64999999999999858, 25.84874925891632813 ) ) ;
#2194 = DIRECTION ( 'NONE',  ( 1.000000000000000000, 0.000000000000000000, 0.000000000000000000 ) ) ;
#2195 = ORIENTED_EDGE ( 'NONE', *, *, #7041, .F. ) ;
#2196 = DIRECTION ( 'NONE',  ( -1.000000000000000000, 0.000000000000000000, 0.000000000000000000 ) ) ;
#2197 = VERTEX_POINT ( 'NONE', #4629 ) ;
#2198 = EDGE_CURVE ( 'NONE', #1228, #1461, #1600, .T. ) ;
#2199 = CARTESIAN_POINT ( 'NONE',  ( 1.670336633301707785, -26.61666666666667780, 34.55919358560983312 ) ) ;
#2200 = EDGE_CURVE ( 'NONE', #6025, #5666, #1041, .T. ) ;
#2201 = CARTESIAN_POINT ( 'NONE',  ( -6.549747468305824327, -43.05025253169417709, 3.000000000000000000 ) ) ;
#2202 = CARTESIAN_POINT ( 'NONE',  ( 29.12131967300823732, -62.00000000000000000, 10.12131760029851968 ) ) ;
#2203 = CARTESIAN_POINT ( 'NONE',  ( -31.97208764943944459, -36.92824867010835987, 36.65014447677523179 ) ) ;
#2204 = ORIENTED_EDGE ( 'NONE', *, *, #439, .T. ) ;
#2205 = ORIENTED_EDGE ( 'NONE', *, *, #5978, .F. ) ;
#2206 = CARTESIAN_POINT ( 'NONE',  ( -35.12023852220959697, -43.39658613223253525, 7.208533242744376679 ) ) ;
#2207 = VERTEX_POINT ( 'NONE', #5139 ) ;
#2208 = DIRECTION ( 'NONE',  ( 0.000000000000000000, -0.000000000000000000, 1.000000000000000000 ) ) ;
#2209 = EDGE_CURVE ( 'NONE', #4449, #5475, #2791, .T. ) ;
#2210 = VECTOR ( 'NONE', #511, 1000.000000000000000 ) ;
#2211 = ORIENTED_EDGE ( 'NONE', *, *, #1602, .T. ) ;
#2212 = FACE_OUTER_BOUND ( 'NONE', #6692, .T. ) ;
#2213 = ORIENTED_EDGE ( 'NONE', *, *, #137, .F. ) ;
#2214 = CARTESIAN_POINT ( 'NONE',  ( -30.00095050739819769, -35.21436789586491756, 36.76772275043739313 ) ) ;
#2215 = CARTESIAN_POINT ( 'NONE',  ( -14.79999999999998472, -70.87763232575606764, 13.25000000000000178 ) ) ;
#2216 = ORIENTED_EDGE ( 'NONE', *, *, #6743, .F. ) ;
#2217 = AXIS2_PLACEMENT_3D ( 'NONE', #7078, #1357, #7226 ) ;
#2218 = DIRECTION ( 'NONE',  ( 0.000000000000000000, 0.000000000000000000, 1.000000000000000000 ) ) ;
#2219 = DIRECTION ( 'NONE',  ( -0.4010374831530475470, 0.5823821229281253009, -0.7071067811865469066 ) ) ;
#2220 = AXIS2_PLACEMENT_3D ( 'NONE', #175, #7119, #1889 ) ;
#2221 = FACE_BOUND ( 'NONE', #1965, .T. ) ;
#2222 = EDGE_CURVE ( 'NONE', #1430, #1738, #2908, .T. ) ;
#2223 = CARTESIAN_POINT ( 'NONE',  ( -14.05476079626367358, -67.99877032564860713, 37.65029200786695895 ) ) ;
#2224 = CARTESIAN_POINT ( 'NONE',  ( 7.686159401251103766E-15, -48.00000000000000711, 1.000000000000000000 ) ) ;
#2225 = ORIENTED_EDGE ( 'NONE', *, *, #1819, .F. ) ;
#2226 = AXIS2_PLACEMENT_3D ( 'NONE', #5762, #6968, #1751 ) ;
#2227 = CARTESIAN_POINT ( 'NONE',  ( 6.311787244691580590, -24.00000000000001776, 24.87365855361934308 ) ) ;
#2228 = ORIENTED_EDGE ( 'NONE', *, *, #661, .F. ) ;
#2229 = AXIS2_PLACEMENT_3D ( 'NONE', #2461, #4792, #1892 ) ;
#2230 = EDGE_CURVE ( 'NONE', #4072, #2518, #4020, .T. ) ;
#2231 = CIRCLE ( 'NONE', #5056, 0.9999999999999991118 ) ;
#2232 = CARTESIAN_POINT ( 'NONE',  ( -10.17511500337766428, -66.20000000000000284, 12.54542881449129155 ) ) ;
#2233 = LINE ( 'NONE', #7010, #4487 ) ;
#2234 = CARTESIAN_POINT ( 'NONE',  ( -34.72001672131179362, -40.64250832083007481, 37.05029354652139517 ) ) ;
#2235 = CARTESIAN_POINT ( 'NONE',  ( -15.15594324396448478, -26.26763766807492573, 36.07942423769223694 ) ) ;
#2236 = ORIENTED_EDGE ( 'NONE', *, *, #518, .F. ) ;
#2237 = CARTESIAN_POINT ( 'NONE',  ( -15.25088130439438494, -70.58890157382872133, 27.25711290303420142 ) ) ;
#2238 = EDGE_LOOP ( 'NONE', ( #5114, #1353, #1988, #2766 ) ) ;
#2239 = VECTOR ( 'NONE', #3241, 1000.000000000000114 ) ;
#2240 = CARTESIAN_POINT ( 'NONE',  ( 1.385715728913621492, -29.23333333333334139, 35.20254794301840207 ) ) ;
#2241 = ORIENTED_EDGE ( 'NONE', *, *, #5501, .F. ) ;
#2242 = CARTESIAN_POINT ( 'NONE',  ( 3.468565996572069210, -30.65000000000000924, 30.64999999999999858 ) ) ;
#2243 = VECTOR ( 'NONE', #2590, 1000.000000000000000 ) ;
#2244 = ORIENTED_EDGE ( 'NONE', *, *, #4610, .T. ) ;
#2245 = VERTEX_POINT ( 'NONE', #1139 ) ;
#2246 = VECTOR ( 'NONE', #7295, 1000.000000000000000 ) ;
#2247 = DIRECTION ( 'NONE',  ( 4.557819132794839459E-16, -1.000000000000000000, -0.000000000000000000 ) ) ;
#2248 = ORIENTED_EDGE ( 'NONE', *, *, #6695, .T. ) ;
#2249 = CARTESIAN_POINT ( 'NONE',  ( -14.79999999999999005, -57.70673426229028280, 13.25000000000000178 ) ) ;
#2250 = CARTESIAN_POINT ( 'NONE',  ( -27.20570393024538802, -63.29296453218621821, 37.35894263201630139 ) ) ;
#2251 = EDGE_CURVE ( 'NONE', #4559, #3009, #6358, .T. ) ;
#2252 = ADVANCED_FACE ( 'NONE', ( #2185 ), #6285, .F. ) ;
#2253 = SURFACE_SIDE_STYLE ('',( #1765 ) ) ;
#2254 = ORIENTED_EDGE ( 'NONE', *, *, #5754, .F. ) ;
#2255 = CARTESIAN_POINT ( 'NONE',  ( -24.08987088678578914, -60.81165436315539807, 37.84914942667892745 ) ) ;
#2256 = ORIENTED_EDGE ( 'NONE', *, *, #3527, .F. ) ;
#2257 = DIRECTION ( 'NONE',  ( 1.000000000000000000, 3.202566417187959410E-16, 0.000000000000000000 ) ) ;
#2258 = CARTESIAN_POINT ( 'NONE',  ( 4.949747468305839782, -52.94974746830583712, 5.000000000000000000 ) ) ;
#2259 = EDGE_CURVE ( 'NONE', #4100, #6586, #2376, .T. ) ;
#2260 = DIRECTION ( 'NONE',  ( -3.202566417187959410E-16, 1.000000000000000000, 0.000000000000000000 ) ) ;
#2261 = DIRECTION ( 'NONE',  ( 3.202566417187959410E-16, -1.000000000000000000, 0.000000000000000000 ) ) ;
#2262 = VECTOR ( 'NONE', #6663, 1000.000000000000000 ) ;
#2263 = LINE ( 'NONE', #2756, #3768 ) ;
#2264 =( BOUNDED_CURVE ( )  B_SPLINE_CURVE ( 3, ( #4296, #1453, #3119, #4223 ),
 .UNSPECIFIED., .F., .T. ) 
 B_SPLINE_CURVE_WITH_KNOTS ( ( 4, 4 ),
 ( 3.141592653589793116, 6.283185307179586232 ),
 .UNSPECIFIED. ) 
 CURVE ( )  GEOMETRIC_REPRESENTATION_ITEM ( )  RATIONAL_B_SPLINE_CURVE ( ( 1.000000000000000000, 0.3333333333333333703, 0.3333333333333333703, 1.000000000000000000 ) ) 
 REPRESENTATION_ITEM ( '' )  );
#2265 = CARTESIAN_POINT ( 'NONE',  ( -7.260740650870594948, -25.03638118035003757, 32.17816010480783717 ) ) ;
#2266 = DIRECTION ( 'NONE',  ( 0.8518146790820687597, 0.5238432518419151585, 0.000000000000000000 ) ) ;
#2267 = ORIENTED_EDGE ( 'NONE', *, *, #555, .T. ) ;
#2268 = DIRECTION ( 'NONE',  ( 1.000000000000000000, 3.202566417187959410E-16, 0.000000000000000000 ) ) ;
#2269 = DIRECTION ( 'NONE',  ( -1.000000000000000000, 0.000000000000000000, 0.000000000000000000 ) ) ;
#2270 = CARTESIAN_POINT ( 'NONE',  ( 7.188670157948587658, -40.76393995686918714, 3.000000000000000000 ) ) ;
#2271 = FACE_BOUND ( 'NONE', #6118, .T. ) ;
#2272 = CARTESIAN_POINT ( 'NONE',  ( -35.19999999999999574, -52.60078009883481087, 20.76734572126339984 ) ) ;
#2273 = VERTEX_POINT ( 'NONE', #7079 ) ;
#2274 = ADVANCED_FACE ( 'NONE', ( #1922 ), #738, .T. ) ;
#2275 = LINE ( 'NONE', #4837, #2853 ) ;
#2276 = VERTEX_POINT ( 'NONE', #662 ) ;
#2277 = ORIENTED_EDGE ( 'NONE', *, *, #6975, .F. ) ;
#2278 = DIRECTION ( 'NONE',  ( -0.000000000000000000, -0.000000000000000000, -1.000000000000000000 ) ) ;
#2279 = EDGE_LOOP ( 'NONE', ( #741, #1034, #1514, #4724 ) ) ;
#2280 = CARTESIAN_POINT ( 'NONE',  ( -11.90033665948658737, -66.20000000000000284, 13.96447267963279870 ) ) ;
#2281 = AXIS2_PLACEMENT_3D ( 'NONE', #677, #3190, #2964 ) ;
#2282 = CARTESIAN_POINT ( 'NONE',  ( -35.19999999999998863, -64.15000000000000568, 38.00000000000000000 ) ) ;
#2283 = FACE_OUTER_BOUND ( 'NONE', #6310, .T. ) ;
#2284 = EDGE_CURVE ( 'NONE', #1617, #7444, #7015, .T. ) ;
#2285 = ORIENTED_EDGE ( 'NONE', *, *, #755, .T. ) ;
#2286 = CARTESIAN_POINT ( 'NONE',  ( -14.99999999999999822, -30.80000000000001137, 16.40000000000000213 ) ) ;
#2287 = VERTEX_POINT ( 'NONE', #173 ) ;
#2288 = CARTESIAN_POINT ( 'NONE',  ( -15.89708417670482987, -69.55832611865160686, 36.15777538103497335 ) ) ;
#2289 = B_SPLINE_SURFACE_WITH_KNOTS ( 'NONE', 3, 3, ( 
 ( #7396, #1601, #3908, #4418, #7403, #521, #4378, #5624, #425 ),
 ( #2796, #5033, #7361, #4518, #947, #3245, #2126, #2057, #461 ),
 ( #5727, #3388, #6715, #1606, #2700, #1538, #4486, #6857, #2188 ),
 ( #3912, #4454, #2662, #5659, #6253, #1636, #4995, #7325, #6756 ),
 ( #5690, #5593, #383, #6184, #6790, #3950, #3354, #1570, #3872 ) ),
 .UNSPECIFIED., .F., .F., .F.,
 ( 4, 1, 4 ),
 ( 4, 1, 1, 1, 1, 1, 4 ),
 ( 0.000000000000000000, 0.5714285714285709528, 1.000000000000000000 ),
 ( 4.956538651734730493E-15, 0.06578186454248970139, 0.1289948134595309825, 0.1906019470354349821, 0.2511515412992809670, 0.3709848317282010144, 0.5139302642766390150 ),
 .UNSPECIFIED. ) ;
#2290 = CARTESIAN_POINT ( 'NONE',  ( -19.51366012283419238, -64.01099630969721943, 5.000000000000000000 ) ) ;
#2291 = AXIS2_PLACEMENT_3D ( 'NONE', #7150, #4350, #6040 ) ;
#2292 = AXIS2_PLACEMENT_3D ( 'NONE', #4574, #4004, #6950 ) ;
#2293 = CARTESIAN_POINT ( 'NONE',  ( -12.57352206477810874, -71.07977528167060655, 31.54227616257774969 ) ) ;
#2294 = DIRECTION ( 'NONE',  ( 4.557819132794839459E-16, -1.000000000000000000, 0.000000000000000000 ) ) ;
#2295 = ADVANCED_FACE ( 'NONE', ( #4829, #2331 ), #1284, .T. ) ;
#2296 = CARTESIAN_POINT ( 'NONE',  ( -34.16483907863159430, -56.66903629338757042, 8.000000000000040856 ) ) ;
#2297 = VERTEX_POINT ( 'NONE', #4248 ) ;
#2298 = LINE ( 'NONE', #4631, #2344 ) ;
#2299 = CARTESIAN_POINT ( 'NONE',  ( -3.830286123484390348, -54.09290375571838183, 3.000000000000000000 ) ) ;
#2300 = CIRCLE ( 'NONE', #3521, 1.249999999999997558 ) ;
#2301 = DIRECTION ( 'NONE',  ( -1.000000000000000000, 0.000000000000000000, 0.000000000000000000 ) ) ;
#2302 = LINE ( 'NONE', #5189, #6507 ) ;
#2303 = FACE_BOUND ( 'NONE', #58, .T. ) ;
#2304 = VERTEX_POINT ( 'NONE', #1887 ) ;
#2305 = CARTESIAN_POINT ( 'NONE',  ( -5.287063285718966554, -64.15000000000000568, 36.71611053888170773 ) ) ;
#2306 = ORIENTED_EDGE ( 'NONE', *, *, #6902, .T. ) ;
#2307 = CARTESIAN_POINT ( 'NONE',  ( 3.052602381625677985, -24.00000000000000711, 31.51927500764678669 ) ) ;
#2308 = ADVANCED_FACE ( 'NONE', ( #96 ), #4132, .F. ) ;
#2309 = DIRECTION ( 'NONE',  ( -1.000000000000000000, 0.000000000000000000, 0.000000000000000000 ) ) ;
#2310 = ORIENTED_EDGE ( 'NONE', *, *, #1561, .T. ) ;
#2311 = ORIENTED_EDGE ( 'NONE', *, *, #7156, .F. ) ;
#2312 = B_SPLINE_CURVE_WITH_KNOTS ( 'NONE', 3,
 ( #3277, #2048, #4409, #1406, #7199, #3723, #5504, #7236, #1969, #3111, #857, #2009, #3678 ),
 .UNSPECIFIED., .F., .F.,
 ( 4, 2, 1, 1, 1, 2, 2, 4 ),
 ( 0.000000000000000000, 0.2500000000000275890, 0.3750000000000437428, 0.4375000000000515699, 0.4687500000000554556, 0.4843750000000515699, 0.5000000000000476286, 1.000000000000000000 ),
 .UNSPECIFIED. ) ;
#2313 = DIRECTION ( 'NONE',  ( 1.000000000000000000, 0.000000000000000000, 0.000000000000000000 ) ) ;
#2314 = ORIENTED_EDGE ( 'NONE', *, *, #206, .F. ) ;
#2315 = CARTESIAN_POINT ( 'NONE',  ( 26.99999932944771075, -62.00000000000000000, 7.999997256737990448 ) ) ;
#2316 = EDGE_LOOP ( 'NONE', ( #2063, #6982, #3997, #6977 ) ) ;
#2317 = EDGE_CURVE ( 'NONE', #920, #2758, #1297, .T. ) ;
#2318 = CARTESIAN_POINT ( 'NONE',  ( -35.19970356919849053, -43.37026600134267795, 23.86502053131449941 ) ) ;
#2319 = CARTESIAN_POINT ( 'NONE',  ( 16.00000000000000355, -31.85000000000000497, 38.00000000000000000 ) ) ;
#2320 = EDGE_CURVE ( 'NONE', #5565, #2979, #1179, .T. ) ;
#2321 = ORIENTED_EDGE ( 'NONE', *, *, #7117, .T. ) ;
#2322 = ORIENTED_EDGE ( 'NONE', *, *, #4923, .T. ) ;
#2323 = PLANE ( 'NONE',  #4862 ) ;
#2324 = ORIENTED_EDGE ( 'NONE', *, *, #6215, .T. ) ;
#2325 = LINE ( 'NONE', #6463, #3320 ) ;
#2326 = CARTESIAN_POINT ( 'NONE',  ( -32.19995928732739543, -52.59241846224276884, 5.000000000000000000 ) ) ;
#2327 = CARTESIAN_POINT ( 'NONE',  ( 7.686159401251103766E-15, -48.00000000000000711, 9.000000000000000000 ) ) ;
#2328 = CARTESIAN_POINT ( 'NONE',  ( -11.66040084346379757, -71.07546607015514439, 31.76074048323592081 ) ) ;
#2329 = PLANE ( 'NONE',  #5275 ) ;
#2330 = VECTOR ( 'NONE', #5613, 1000.000000000000000 ) ;
#2331 = FACE_OUTER_BOUND ( 'NONE', #3435, .T. ) ;
#2332 = ORIENTED_EDGE ( 'NONE', *, *, #2337, .F. ) ;
#2333 = SURFACE_STYLE_USAGE ( .BOTH. , #622 ) ;
#2334 = VECTOR ( 'NONE', #7219, 1000.000000000000114 ) ;
#2335 = CARTESIAN_POINT ( 'NONE',  ( -17.80265410676059901, -27.00000000000001421, 7.999997256737990448 ) ) ;
#2336 = ORIENTED_EDGE ( 'NONE', *, *, #555, .F. ) ;
#2337 = EDGE_CURVE ( 'NONE', #2197, #5669, #5414, .T. ) ;
#2338 = EDGE_CURVE ( 'NONE', #6143, #7023, #5828, .T. ) ;
#2339 = CLOSED_SHELL ( 'NONE', ( #5580, #6236, #6720, #6557, #5865, #7206, #2252, #3508, #3450, #4299, #4010, #5204, #609, #5214, #2450, #6939, #4854, #2358, #3620, #2164, #271, #567, #1860, #2697, #4441, #1637, #6362, #5555, #5052, #5221, #6874, #7128, #1627, #6044, #1289, #3319, #1894, #6144, #3773, #4386, #5641, #6883, #2931, #110, #2986, #5700, #5733, #446, #4564, #6946, #985, #1869, #6629, #2614, #2499, #4827, #6161, #4106, #180, #4679, #7443, #6308, #3999, #7390, #5045, #6643, #6287, #6105, #4410, #2857, #4266, #6579, #4892, #1191, #5616, #488, #844, #1793, #6064, #4515, #3837, #1745, #1574, #4873, #5904, #3884, #3732, #3118, #6775, #1407, #107, #6419, #1143, #3096, #2799, #4976, #984, #3861, #5231, #3231, #5705, #4067, #3161, #2308, #3246, #472, #1283, #4355, #3338, #6437, #4931, #5682, #3834, #3301, #4768, #4623, #1580, #2295, #2148, #650, #5691, #6397, #6192, #1926, #6293, #4147, #5077, #6547, #1782, #3486, #5793, #4234, #2114, #2818, #1061, #5938, #3793, #5479, #3340, #7093, #6082, #1802, #2189, #6810, #964, #3995, #4399, #5714, #1526, #577, #2999, #4160, #2809, #5393, #2274, #4845, #5115, #1119, #3558, #5969, #1305, #829, #2127, #221, #2180, #1691, #149, #426, #6392, #1423, #1252, #4782, #6471, #1268, #4735, #4826, #3040, #5380, #991, #3613, #5141, #2058, #4419, #2797, #7433, #6824, #4354, #4382, #7402, #1912, #5297, #1674, #6186, #4137, #4525, #7374, #5856, #4309, #1092, #4671, #5912, #1618, #2849 ) ) ;
#2340 = AXIS2_PLACEMENT_3D ( 'NONE', #1091, #84, #1237 ) ;
#2341 = CYLINDRICAL_SURFACE ( 'NONE', #7422, 1.599999999999999867 ) ;
#2342 = CARTESIAN_POINT ( 'NONE',  ( -34.40553599013588837, -39.88853321520301165, 37.05029354652139517 ) ) ;
#2343 = CARTESIAN_POINT ( 'NONE',  ( -17.49999999999998934, -69.00000000000001421, 8.000000000000000000 ) ) ;
#2344 = VECTOR ( 'NONE', #2834, 1000.000000000000000 ) ;
#2345 = DIRECTION ( 'NONE',  ( 1.000000000000000000, 0.000000000000000000, 0.000000000000000000 ) ) ;
#2346 = DIRECTION ( 'NONE',  ( 0.7144726796328049190, 2.288146209790312792E-16, 0.6996633405133638739 ) ) ;
#2347 = ORIENTED_EDGE ( 'NONE', *, *, #2488, .T. ) ;
#2348 = DIRECTION ( 'NONE',  ( 0.000000000000000000, -0.7071067811865487940, -0.7071067811865461294 ) ) ;
#2349 = ORIENTED_EDGE ( 'NONE', *, *, #4633, .T. ) ;
#2350 = EDGE_CURVE ( 'NONE', #2939, #7388, #3911, .T. ) ;
#2351 = VECTOR ( 'NONE', #404, 1000.000000000000000 ) ;
#2352 = CARTESIAN_POINT ( 'NONE',  ( 0.6522019168521947519, -24.00000000000001421, 36.89211096816247704 ) ) ;
#2353 = EDGE_LOOP ( 'NONE', ( #3860, #1839, #545, #400, #729, #4580 ) ) ;
#2354 = VERTEX_POINT ( 'NONE', #2910 ) ;
#2355 = CARTESIAN_POINT ( 'NONE',  ( -35.19707256962009723, -43.06275608454587456, 8.000000000000008882 ) ) ;
#2356 = VERTEX_POINT ( 'NONE', #5291 ) ;
#2357 = CARTESIAN_POINT ( 'NONE',  ( -5.287063285718977212, -31.85000000000000853, 36.71611053888170773 ) ) ;
#2358 = ADVANCED_FACE ( 'NONE', ( #6128 ), #2572, .T. ) ;
#2359 = SURFACE_STYLE_USAGE ( .BOTH. , #2253 ) ;
#2360 = DIRECTION ( 'NONE',  ( 1.000000000000000000, 0.000000000000000000, 0.000000000000000000 ) ) ;
#2361 = AXIS2_PLACEMENT_3D ( 'NONE', #3352, #7359, #3317 ) ;
#2362 = DIRECTION ( 'NONE',  ( 0.7071067811865410224, 2.264556430793891287E-16, -0.7071067811865540120 ) ) ;
#2363 = LINE ( 'NONE', #4696, #2832 ) ;
#2364 = EDGE_LOOP ( 'NONE', ( #5646, #5047, #5881, #1578, #6912 ) ) ;
#2365 = CARTESIAN_POINT ( 'NONE',  ( -5.736162321940776465, -67.64711616306480835, 37.94999999999999574 ) ) ;
#2366 = ORIENTED_EDGE ( 'NONE', *, *, #3451, .T. ) ;
#2367 = FACE_OUTER_BOUND ( 'NONE', #750, .T. ) ;
#2368 = CARTESIAN_POINT ( 'NONE',  ( -34.45575255712628859, -54.31759316238839119, 5.753556018496659874 ) ) ;
#2369 = CARTESIAN_POINT ( 'NONE',  ( -1.165889348011614812, -72.00000000000001421, 10.99999725673800199 ) ) ;
#2370 = VECTOR ( 'NONE', #6981, 1000.000000000000000 ) ;
#2371 = AXIS2_PLACEMENT_3D ( 'NONE', #6531, #6116, #3130 ) ;
#2372 = EDGE_CURVE ( 'NONE', #5928, #6147, #3622, .T. ) ;
#2373 = CARTESIAN_POINT ( 'NONE',  ( -10.71366012283418456, -68.99999999999998579, 4.999999999999943157 ) ) ;
#2374 = CARTESIAN_POINT ( 'NONE',  ( 12.26637933012581705, -75.20000000000000284, 5.000279935673839660 ) ) ;
#2375 = AXIS2_PLACEMENT_3D ( 'NONE', #5147, #2132, #4457 ) ;
#2376 = LINE ( 'NONE', #5900, #4828 ) ;
#2377 = ORIENTED_EDGE ( 'NONE', *, *, #2160, .T. ) ;
#2378 = CARTESIAN_POINT ( 'NONE',  ( -2.710824778663012857, -50.66343489348091822, 3.000000000000000000 ) ) ;
#2379 = DIRECTION ( 'NONE',  ( 1.000000000000000000, 0.000000000000000000, 0.000000000000000000 ) ) ;
#2380 = EDGE_LOOP ( 'NONE', ( #581, #3577, #4604, #3028 ) ) ;
#2381 = VECTOR ( 'NONE', #3890, 1000.000000000000000 ) ;
#2382 = CARTESIAN_POINT ( 'NONE',  ( -34.44742577017660778, -52.59476692285284116, 6.012094261643300186 ) ) ;
#2383 = CARTESIAN_POINT ( 'NONE',  ( -11.52793946558157145, -68.63549817474066117, 11.32716607384057639 ) ) ;
#2384 = EDGE_CURVE ( 'NONE', #6667, #2562, #5590, .T. ) ;
#2385 = CARTESIAN_POINT ( 'NONE',  ( -35.05004191445780037, -41.86666203990092328, 37.05029354652139517 ) ) ;
#2386 = CARTESIAN_POINT ( 'NONE',  ( 14.03892112496313160, -25.47778780720167191, 10.59231364966009714 ) ) ;
#2387 = B_SPLINE_CURVE_WITH_KNOTS ( 'NONE', 3,
 ( #1555, #6202, #997, #1767, #6910, #649, #10, #5279, #2935, #2817, #6312, #610, #6459, #3972, #2896, #2861, #1202, #5783, #5207, #1658, #7485, #6952 ),
 .UNSPECIFIED., .F., .F.,
 ( 4, 1, 1, 1, 1, 1, 1, 1, 1, 1, 1, 1, 1, 1, 1, 1, 1, 1, 1, 4 ),
 ( 0.0002504770464793950203, 0.006029664979774720240, 0.01208803751979799918, 0.02420478259984469929, 0.04843827275993799891, 0.09690525308012459815, 0.1453722334003109962, 0.1853296334865109918, 0.2252870335727109874, 0.2652444336589109830, 0.3050532324986680033, 0.3249576319185460416, 0.3663006179790450068, 0.3869721110092950167, 0.4295164208174709897, 0.4720607306256469626, 0.4933328855297349769, 0.5039689629817789562, 0.5092870017078010569, 0.5133006029273080584 ),
 .UNSPECIFIED. ) ;
#2388 = CARTESIAN_POINT ( 'NONE',  ( 4.949747468305815801, -43.05025253169415578, -8.485281374238569541 ) ) ;
#2389 = EDGE_LOOP ( 'NONE', ( #1605, #7336, #7378, #1205 ) ) ;
#2390 = CARTESIAN_POINT ( 'NONE',  ( -17.49999999999998934, -69.00000000000001421, 5.000000000000000000 ) ) ;
#2391 = EDGE_LOOP ( 'NONE', ( #6172, #4502, #1093, #1917 ) ) ;
#2392 = EDGE_CURVE ( 'NONE', #2744, #5384, #3750, .T. ) ;
#2393 = EDGE_LOOP ( 'NONE', ( #4856, #5432, #6882, #6052 ) ) ;
#2394 = CARTESIAN_POINT ( 'NONE',  ( -35.15199227936389548, -42.39086713545652430, 8.000000000000015987 ) ) ;
#2395 = ORIENTED_EDGE ( 'NONE', *, *, #6512, .F. ) ;
#2396 = LINE ( 'NONE', #3439, #2807 ) ;
#2397 = LINE ( 'NONE', #6984, #6928 ) ;
#2398 = VERTEX_POINT ( 'NONE', #889 ) ;
#2399 = LINE ( 'NONE', #4155, #2465 ) ;
#2400 = AXIS2_PLACEMENT_3D ( 'NONE', #2258, #3483, #1533 ) ;
#2401 = CARTESIAN_POINT ( 'NONE',  ( -27.20570393024539158, -52.73281318469169321, 37.35894263201630139 ) ) ;
#2402 = CARTESIAN_POINT ( 'NONE',  ( -31.54179673954759977, -36.63194358667181660, 8.000000000000000000 ) ) ;
#2403 = EDGE_CURVE ( 'NONE', #6414, #2535, #7271, .T. ) ;
#2404 = EDGE_LOOP ( 'NONE', ( #2056, #3159, #2035, #7222, #4297 ) ) ;
#2405 = EDGE_LOOP ( 'NONE', ( #1322, #4791, #5822, #3811 ) ) ;
#2406 = CARTESIAN_POINT ( 'NONE',  ( 15.44084688108270065, -24.00000000000001421, 7.999998628369019649 ) ) ;
#2407 = VERTEX_POINT ( 'NONE', #5608 ) ;
#2408 = CARTESIAN_POINT ( 'NONE',  ( -15.17835496715105670, -69.72842652936824948, 36.08058295568768159 ) ) ;
#2409 = CARTESIAN_POINT ( 'NONE',  ( -32.20013875830759531, -52.57177986163508621, 5.000000000000000000 ) ) ;
#2410 = CARTESIAN_POINT ( 'NONE',  ( -0.3761192464068492392, -43.05025253169422683, 3.000000000000000000 ) ) ;
#2411 = CARTESIAN_POINT ( 'NONE',  ( -7.943570505668452242, -26.00054196379971216, 35.77645713530759508 ) ) ;
#2412 = CYLINDRICAL_SURFACE ( 'NONE', #7104, 1.000000000000002887 ) ;
#2413 = CARTESIAN_POINT ( 'NONE',  ( 19.99999932944770009, -27.00000000000000000, 7.999997256737990448 ) ) ;
#2414 = CARTESIAN_POINT ( 'NONE',  ( -35.19417453864529932, -53.27066219616104092, 37.05029354652139517 ) ) ;
#2415 = DIRECTION ( 'NONE',  ( 1.000000000000000000, 0.000000000000000000, 0.000000000000000000 ) ) ;
#2416 = EDGE_CURVE ( 'NONE', #4733, #666, #849, .T. ) ;
#2417 = CARTESIAN_POINT ( 'NONE',  ( -34.99999999999999289, -72.00000000000002842, 11.00000000000000000 ) ) ;
#2418 = VERTEX_POINT ( 'NONE', #3825 ) ;
#2419 = CARTESIAN_POINT ( 'NONE',  ( 2.408130741881447268, -77.45000000000000284, 14.20000000000000107 ) ) ;
#2420 = AXIS2_PLACEMENT_3D ( 'NONE', #3721, #895, #6091 ) ;
#2421 = CARTESIAN_POINT ( 'NONE',  ( 3.079140813544287258, -77.45000000000000284, 13.73015368960709814 ) ) ;
#2422 = CARTESIAN_POINT ( 'NONE',  ( -35.11115260824039552, -42.21879590955361294, 37.05029354652139517 ) ) ;
#2423 = EDGE_CURVE ( 'NONE', #7470, #5928, #4359, .T. ) ;
#2424 = CARTESIAN_POINT ( 'NONE',  ( -13.59999999999998010, -89.00000000000002842, 33.74999999999999289 ) ) ;
#2425 = CYLINDRICAL_SURFACE ( 'NONE', #957, 0.9999999999999991118 ) ;
#2426 = ORIENTED_EDGE ( 'NONE', *, *, #2911, .F. ) ;
#2427 = CARTESIAN_POINT ( 'NONE',  ( 3.598443687522486556, -72.48870084370908273, 10.99999725673800199 ) ) ;
#2428 = EDGE_LOOP ( 'NONE', ( #4765, #6074, #3283, #3665, #4049 ) ) ;
#2429 = AXIS2_PLACEMENT_3D ( 'NONE', #4305, #4229, #3167 ) ;
#2430 = EDGE_CURVE ( 'NONE', #4524, #716, #1397, .T. ) ;
#2431 = DIRECTION ( 'NONE',  ( 1.000000000000000000, 3.202566417187959410E-16, 0.000000000000000000 ) ) ;
#2432 = ORIENTED_EDGE ( 'NONE', *, *, #4595, .T. ) ;
#2433 = ORIENTED_EDGE ( 'NONE', *, *, #7504, .T. ) ;
#2434 = CARTESIAN_POINT ( 'NONE',  ( -10.30086431629856314, -66.21450866554275194, 12.42228598922509875 ) ) ;
#2435 = ORIENTED_EDGE ( 'NONE', *, *, #4027, .F. ) ;
#2436 = VECTOR ( 'NONE', #7112, 1000.000000000000000 ) ;
#2437 = FACE_OUTER_BOUND ( 'NONE', #7216, .T. ) ;
#2438 = ORIENTED_EDGE ( 'NONE', *, *, #5626, .T. ) ;
#2439 = EDGE_CURVE ( 'NONE', #4831, #88, #325, .T. ) ;
#2440 = EDGE_CURVE ( 'NONE', #1108, #2398, #6699, .T. ) ;
#2441 = CARTESIAN_POINT ( 'NONE',  ( -8.149747468305768905, -52.94974746830590107, -8.485281374238569541 ) ) ;
#2442 = CARTESIAN_POINT ( 'NONE',  ( -35.19949253913338794, -43.35402104149199687, 23.63151186382859947 ) ) ;
#2443 = DIRECTION ( 'NONE',  ( -0.004276014937614569175, -1.369422183859848789E-18, 0.9999908578063368969 ) ) ;
#2444 = ORIENTED_EDGE ( 'NONE', *, *, #3784, .F. ) ;
#2445 = ORIENTED_EDGE ( 'NONE', *, *, #6031, .T. ) ;
#2446 = LINE ( 'NONE', #3781, #6567 ) ;
#2447 = EDGE_LOOP ( 'NONE', ( #6802, #2432, #5256, #457 ) ) ;
#2448 = CARTESIAN_POINT ( 'NONE',  ( -30.36470378720708752, -57.62858510297238723, 5.000000000000000000 ) ) ;
#2449 = CARTESIAN_POINT ( 'NONE',  ( -35.19999999999999574, -52.60078009883481087, 20.76734572126339984 ) ) ;
#2450 = ADVANCED_FACE ( 'NONE', ( #4282 ), #7309, .F. ) ;
#2451 = CARTESIAN_POINT ( 'NONE',  ( -34.32080715451009212, -43.39790012561306298, 5.879198636177165760 ) ) ;
#2452 = CARTESIAN_POINT ( 'NONE',  ( -19.51109445766927308, -65.11579553485708516, 5.140591468522901941 ) ) ;
#2453 = CARTESIAN_POINT ( 'NONE',  ( -4.949747468305823794, -43.05025253169417709, -8.485281374238569541 ) ) ;
#2454 = AXIS2_PLACEMENT_3D ( 'NONE', #1160, #4113, #4152 ) ;
#2455 = DIRECTION ( 'NONE',  ( 1.000000000000000000, 3.202566417187959410E-16, 0.000000000000000000 ) ) ;
#2456 = DIRECTION ( 'NONE',  ( 0.004276014937614378356, 1.369422183859787545E-18, -0.9999908578063368969 ) ) ;
#2457 = CARTESIAN_POINT ( 'NONE',  ( -27.20570393024539513, -34.46706069238471315, 37.35894263201630139 ) ) ;
#2458 = ORIENTED_EDGE ( 'NONE', *, *, #3859, .T. ) ;
#2459 = EDGE_CURVE ( 'NONE', #2489, #1379, #4703, .T. ) ;
#2460 = AXIS2_PLACEMENT_3D ( 'NONE', #7350, #6282, #7424 ) ;
#2461 = CARTESIAN_POINT ( 'NONE',  ( -32.19999999999999574, -56.00000000000002132, 8.000000000000000000 ) ) ;
#2462 = CARTESIAN_POINT ( 'NONE',  ( -27.73616232194079956, -23.99997500000001693, 37.23629170575920000 ) ) ;
#2463 = CARTESIAN_POINT ( 'NONE',  ( -11.06074065087060099, -57.70673426229028280, 32.17816010480783007 ) ) ;
#2464 = LINE ( 'NONE', #1854, #3342 ) ;
#2465 = VECTOR ( 'NONE', #836, 1000.000000000000000 ) ;
#2466 = CARTESIAN_POINT ( 'NONE',  ( 0.1999096512316212160, -31.85000000000000853, 37.94999999999999574 ) ) ;
#2467 = DIRECTION ( 'NONE',  ( 4.557819132794839459E-16, -1.000000000000000000, 0.000000000000000000 ) ) ;
#2468 = VERTEX_POINT ( 'NONE', #368 ) ;
#2469 = FACE_OUTER_BOUND ( 'NONE', #680, .T. ) ;
#2470 = VERTEX_POINT ( 'NONE', #2649 ) ;
#2471 = EDGE_CURVE ( 'NONE', #6010, #4222, #6738, .T. ) ;
#2472 = EDGE_CURVE ( 'NONE', #2805, #6906, #6168, .T. ) ;
#2473 = EDGE_LOOP ( 'NONE', ( #3762, #6899 ) ) ;
#2474 = LINE ( 'NONE', #1903, #72 ) ;
#2475 = CARTESIAN_POINT ( 'NONE',  ( -14.79999999999999005, -57.70673426229028280, 33.74999999999999289 ) ) ;
#2476 = VERTEX_POINT ( 'NONE', #6585 ) ;
#2477 = VECTOR ( 'NONE', #1716, 999.9999999999998863 ) ;
#2478 = ORIENTED_EDGE ( 'NONE', *, *, #5513, .T. ) ;
#2479 = CIRCLE ( 'NONE', #86, 3.200000000000000622 ) ;
#2480 = CARTESIAN_POINT ( 'NONE',  ( -9.799999999999998934, -29.80000000000001137, 13.25000000000000000 ) ) ;
#2481 = VECTOR ( 'NONE', #455, 1000.000000000000000 ) ;
#2482 = CARTESIAN_POINT ( 'NONE',  ( -30.28462093107957287, -57.54743687848110056, 5.000000132826736277 ) ) ;
#2483 = CARTESIAN_POINT ( 'NONE',  ( -14.79999999999998828, -70.87763232575608185, 13.02668904440248099 ) ) ;
#2484 = CARTESIAN_POINT ( 'NONE',  ( -31.53309723710659540, -54.53729724642553833, 31.00000000000000000 ) ) ;
#2485 = ORIENTED_EDGE ( 'NONE', *, *, #5064, .F. ) ;
#2486 = ORIENTED_EDGE ( 'NONE', *, *, #4177, .F. ) ;
#2487 = CARTESIAN_POINT ( 'NONE',  ( -35.19999999999999574, -48.35000000000001563, 23.40000000000000213 ) ) ;
#2488 = EDGE_CURVE ( 'NONE', #6681, #7170, #2534, .T. ) ;
#2489 = VERTEX_POINT ( 'NONE', #6619 ) ;
#2490 = CARTESIAN_POINT ( 'NONE',  ( -33.09770272095319399, -52.57958530112760087, 5.000000000000000000 ) ) ;
#2491 = EDGE_CURVE ( 'NONE', #2913, #1265, #1569, .T. ) ;
#2492 = PRODUCT_DEFINITION_SHAPE ( 'NONE', 'NONE',  #3487 ) ;
#2493 = FACE_OUTER_BOUND ( 'NONE', #4971, .T. ) ;
#2494 = B_SPLINE_CURVE_WITH_KNOTS ( 'NONE', 3,
 ( #3547, #6569, #5889, #2975, #5318, #2402 ),
 .UNSPECIFIED., .F., .F.,
 ( 4, 2, 4 ),
 ( 0.5000009625308171612, 0.7500004812654086361, 1.000000000000000000 ),
 .UNSPECIFIED. ) ;
#2495 = DIRECTION ( 'NONE',  ( 0.6996633405133640959, -0.7144726796328045859, 0.000000000000000000 ) ) ;
#2496 = CARTESIAN_POINT ( 'NONE',  ( -19.49612834149440843, -65.78743485120094192, 5.374630712482376005 ) ) ;
#2497 = CARTESIAN_POINT ( 'NONE',  ( -29.22303671747722120, -60.35677745569054764, 36.91272667500231819 ) ) ;
#2498 = CARTESIAN_POINT ( 'NONE',  ( -33.97271149215839614, -56.91020224656708848, 37.05029354652139517 ) ) ;
#2499 = ADVANCED_FACE ( 'NONE', ( #2151 ), #5171, .T. ) ;
#2500 = AXIS2_PLACEMENT_3D ( 'NONE', #4406, #6741, #1525 ) ;
#2501 = ORIENTED_EDGE ( 'NONE', *, *, #2761, .F. ) ;
#2502 = CARTESIAN_POINT ( 'NONE',  ( -21.83722406390289450, -34.51954653408361651, 37.94999999999999574 ) ) ;
#2503 = DIRECTION ( 'NONE',  ( 0.000000000000000000, 0.000000000000000000, -1.000000000000000000 ) ) ;
#2504 = ORIENTED_EDGE ( 'NONE', *, *, #1455, .F. ) ;
#2505 = PLANE ( 'NONE',  #6451 ) ;
#2506 = DIRECTION ( 'NONE',  ( -4.557819132794839459E-16, 1.000000000000000000, 0.000000000000000000 ) ) ;
#2507 = DIRECTION ( 'NONE',  ( 1.000000000000000000, 3.202566417187959410E-16, 0.000000000000000000 ) ) ;
#2508 = LINE ( 'NONE', #5301, #3456 ) ;
#2509 = EDGE_CURVE ( 'NONE', #4449, #4605, #7113, .T. ) ;
#2510 = FACE_OUTER_BOUND ( 'NONE', #6151, .T. ) ;
#2511 = CARTESIAN_POINT ( 'NONE',  ( -1.474440611084636865, -71.69144873692698638, 6.448808049807703391 ) ) ;
#2512 = EDGE_LOOP ( 'NONE', ( #4818, #2897, #730, #4742, #11 ) ) ;
#2513 = AXIS2_PLACEMENT_3D ( 'NONE', #5864, #7116, #2455 ) ;
#2514 = ORIENTED_EDGE ( 'NONE', *, *, #3698, .F. ) ;
#2515 = EDGE_CURVE ( 'NONE', #1996, #6368, #6755, .T. ) ;
#2516 = DIRECTION ( 'NONE',  ( 0.004276014937612689602, 1.369422183859246358E-18, -0.9999908578063368969 ) ) ;
#2517 = CARTESIAN_POINT ( 'NONE',  ( 7.106045556956146036, -76.00000000000001421, 17.75725338080160043 ) ) ;
#2518 = VERTEX_POINT ( 'NONE', #3370 ) ;
#2519 = EDGE_CURVE ( 'NONE', #865, #4136, #6769, .T. ) ;
#2520 = DIRECTION ( 'NONE',  ( -0.5671526476950191631, -0.8236126967285833933, 0.000000000000000000 ) ) ;
#2521 = VERTEX_POINT ( 'NONE', #3852 ) ;
#2522 = CARTESIAN_POINT ( 'NONE',  ( -10.31780306794198587, -72.00000000000001421, 28.31033288373339829 ) ) ;
#2523 = LINE ( 'NONE', #5447, #2246 ) ;
#2524 = ORIENTED_EDGE ( 'NONE', *, *, #1991, .F. ) ;
#2525 = EDGE_LOOP ( 'NONE', ( #840, #2915, #611, #2564 ) ) ;
#2526 = EDGE_LOOP ( 'NONE', ( #468, #5450, #1934, #2092, #6063 ) ) ;
#2527 = CARTESIAN_POINT ( 'NONE',  ( -31.60851789624868857, -59.32436170009622600, 8.000000000000000000 ) ) ;
#2528 = CARTESIAN_POINT ( 'NONE',  ( -10.45409982927682435, -72.00000000000001421, 28.31033288373335566 ) ) ;
#2529 = LINE ( 'NONE', #6614, #163 ) ;
#2530 = CARTESIAN_POINT ( 'NONE',  ( -2.710824778663007528, -55.23606004313086260, -1.813288857160449963 ) ) ;
#2531 = EDGE_CURVE ( 'NONE', #4461, #5099, #5706, .T. ) ;
#2532 = LINE ( 'NONE', #4864, #1938 ) ;
#2533 = LINE ( 'NONE', #2571, #1527 ) ;
#2534 = LINE ( 'NONE', #5494, #5079 ) ;
#2535 = VERTEX_POINT ( 'NONE', #395 ) ;
#2536 = FACE_OUTER_BOUND ( 'NONE', #682, .T. ) ;
#2537 = CARTESIAN_POINT ( 'NONE',  ( -6.736162321940784459, -43.26718681530832811, 37.94999999999999574 ) ) ;
#2538 = AXIS2_PLACEMENT_3D ( 'NONE', #3127, #6457, #5887 ) ;
#2539 = EDGE_CURVE ( 'NONE', #651, #2476, #1022, .T. ) ;
#2540 = CARTESIAN_POINT ( 'NONE',  ( 4.949747468305839782, -52.94974746830583712, 3.000000000000000000 ) ) ;
#2541 = CARTESIAN_POINT ( 'NONE',  ( 0.3511049287774881678, -24.00000000000001421, 37.59544185110540582 ) ) ;
#2542 = AXIS2_PLACEMENT_3D ( 'NONE', #4699, #7033, #1805 ) ;
#2543 = CARTESIAN_POINT ( 'NONE',  ( -10.00000000000001421, -48.00000000000000711, -1.000000000000000000 ) ) ;
#2544 = DIRECTION ( 'NONE',  ( -0.7144726796328073615, -3.256437249089607401E-16, -0.6996633405133613204 ) ) ;
#2545 = LINE ( 'NONE', #4219, #7476 ) ;
#2546 = LINE ( 'NONE', #6515, #2883 ) ;
#2547 = ORIENTED_EDGE ( 'NONE', *, *, #1561, .F. ) ;
#2548 = LINE ( 'NONE', #6634, #3223 ) ;
#2549 = VERTEX_POINT ( 'NONE', #1055 ) ;
#2550 = CIRCLE ( 'NONE', #1948, 12.00000000000000000 ) ;
#2551 = B_SPLINE_SURFACE_WITH_KNOTS ( 'NONE', 3, 1, ( 
 ( #3772, #3920 ),
 ( #1503, #5082 ),
 ( #3809, #7408 ),
 ( #6829, #5630 ),
 ( #6148, #951 ),
 ( #3253, #4459 ),
 ( #1643, #7118 ),
 ( #663, #1253 ) ),
 .UNSPECIFIED., .F., .F., .F.,
 ( 4, 1, 1, 1, 1, 4 ),
 ( 2, 2 ),
 ( -8.853974936550029540, -8.453011053558800114, -8.052047170567579570, -7.851565229071970187, -7.651083287576359915, -7.250119404585129601 ),
 ( 0.000000000000000000, 3.846035225582580264 ),
 .UNSPECIFIED. ) ;
#2552 = ORIENTED_EDGE ( 'NONE', *, *, #2689, .T. ) ;
#2553 = VECTOR ( 'NONE', #3383, 1000.000000000000000 ) ;
#2554 = FACE_BOUND ( 'NONE', #5002, .T. ) ;
#2555 = VERTEX_POINT ( 'NONE', #498 ) ;
#2556 = PLANE ( 'NONE',  #3889 ) ;
#2557 = AXIS2_PLACEMENT_3D ( 'NONE', #7255, #4343, #6029 ) ;
#2558 = CARTESIAN_POINT ( 'NONE',  ( 10.32179766487339911, -29.23333333333333428, 17.46568404001204300 ) ) ;
#2559 = FACE_OUTER_BOUND ( 'NONE', #2380, .T. ) ;
#2560 = VECTOR ( 'NONE', #768, 1000.000000000000000 ) ;
#2561 = PLANE ( 'NONE',  #828 ) ;
#2562 = VERTEX_POINT ( 'NONE', #4001 ) ;
#2563 = ORIENTED_EDGE ( 'NONE', *, *, #6093, .T. ) ;
#2564 = ORIENTED_EDGE ( 'NONE', *, *, #1701, .F. ) ;
#2565 = CARTESIAN_POINT ( 'NONE',  ( -35.19014416171799553, -52.97153095357207064, 7.326801574230770164 ) ) ;
#2566 = CYLINDRICAL_SURFACE ( 'NONE', #4747, 0.9999999999999991118 ) ;
#2567 = EDGE_CURVE ( 'NONE', #6371, #2811, #3929, .T. ) ;
#2568 = DIRECTION ( 'NONE',  ( 0.6996633405133639849, 1.417855658635888530E-16, 0.7144726796328049190 ) ) ;
#2569 = EDGE_CURVE ( 'NONE', #1371, #2356, #5126, .T. ) ;
#2570 = CARTESIAN_POINT ( 'NONE',  ( -19.50996881433793462, -65.22179146413397177, 5.169799755370693362 ) ) ;
#2571 = CARTESIAN_POINT ( 'NONE',  ( -5.655630597444494256, -38.29326573770972431, 13.25000000000000178 ) ) ;
#2572 = CYLINDRICAL_SURFACE ( 'NONE', #6782, 12.00000000000000000 ) ;
#2573 = CARTESIAN_POINT ( 'NONE',  ( 6.069208813127229263, -54.09290375571832499, -1.000000000000000000 ) ) ;
#2574 = EDGE_LOOP ( 'NONE', ( #1536, #3614, #3506, #1748 ) ) ;
#2575 = CARTESIAN_POINT ( 'NONE',  ( -23.70587513256920431, -35.14064495897421381, 37.88154958893059643 ) ) ;
#2576 = CARTESIAN_POINT ( 'NONE',  ( -25.52027900540869609, -34.46706069238471315, 37.74724560661520201 ) ) ;
#2577 = CARTESIAN_POINT ( 'NONE',  ( -15.00000000000000711, -30.80000000000001492, 30.64999999999999858 ) ) ;
#2578 = DIRECTION ( 'NONE',  ( 0.000000000000000000, 0.000000000000000000, 1.000000000000000000 ) ) ;
#2579 = FACE_OUTER_BOUND ( 'NONE', #2428, .T. ) ;
#2580 = DIRECTION ( 'NONE',  ( -0.000000000000000000, -0.000000000000000000, -1.000000000000000000 ) ) ;
#2581 = FACE_OUTER_BOUND ( 'NONE', #4870, .T. ) ;
#2582 = EDGE_CURVE ( 'NONE', #1582, #436, #3328, .T. ) ;
#2583 = CARTESIAN_POINT ( 'NONE',  ( -5.736162321940780906, -53.56447008639752738, 41.84999999999998721 ) ) ;
#2584 = ORIENTED_EDGE ( 'NONE', *, *, #1602, .F. ) ;
#2585 = EDGE_CURVE ( 'NONE', #1877, #5985, #115, .T. ) ;
#2586 = CARTESIAN_POINT ( 'NONE',  ( -27.56016281731309192, -52.73281318469169321, 37.27691879362519956 ) ) ;
#2587 = VERTEX_POINT ( 'NONE', #5668 ) ;
#2588 = COLOUR_RGB ( '',1.000000000000000000, 1.000000000000000000, 1.000000000000000000 ) ;
#2589 = VERTEX_POINT ( 'NONE', #2674 ) ;
#2590 = DIRECTION ( 'NONE',  ( 3.202566417187959410E-16, -1.000000000000000000, 0.000000000000000000 ) ) ;
#2591 = ORIENTED_EDGE ( 'NONE', *, *, #3382, .F. ) ;
#2592 = EDGE_CURVE ( 'NONE', #6414, #1333, #6837, .T. ) ;
#2593 = LINE ( 'NONE', #3694, #6094 ) ;
#2594 = ORIENTED_EDGE ( 'NONE', *, *, #1144, .F. ) ;
#2595 = TOROIDAL_SURFACE ( 'NONE', #3683, 7.000000000000000000, 3.000000000000000000 ) ;
#2596 = CARTESIAN_POINT ( 'NONE',  ( 14.05459232383727119, -29.23333333333333428, 10.56333587814419772 ) ) ;
#2597 = FACE_OUTER_BOUND ( 'NONE', #3998, .T. ) ;
#2598 = ORIENTED_EDGE ( 'NONE', *, *, #6187, .F. ) ;
#2599 = ORIENTED_EDGE ( 'NONE', *, *, #2656, .T. ) ;
#2600 = ORIENTED_EDGE ( 'NONE', *, *, #2090, .T. ) ;
#2601 = CARTESIAN_POINT ( 'NONE',  ( -33.79344353258089484, -57.16974293838975996, 37.05029288986879976 ) ) ;
#2602 = EDGE_CURVE ( 'NONE', #156, #1712, #4571, .T. ) ;
#2603 = VECTOR ( 'NONE', #6835, 1000.000000000000000 ) ;
#2604 = LINE ( 'NONE', #6122, #3160 ) ;
#2605 = VECTOR ( 'NONE', #6529, 1000.000000000000000 ) ;
#2606 =( BOUNDED_CURVE ( )  B_SPLINE_CURVE ( 3, ( #1867, #121, #7063, #1799 ),
 .UNSPECIFIED., .F., .T. ) 
 B_SPLINE_CURVE_WITH_KNOTS ( ( 4, 4 ),
 ( 0.7853981633974436161, 1.570796326794896558 ),
 .UNSPECIFIED. ) 
 CURVE ( )  GEOMETRIC_REPRESENTATION_ITEM ( )  RATIONAL_B_SPLINE_CURVE ( ( 1.000000000000000000, 0.9492530216741905669, 0.9492530216741905669, 1.000000000000000000 ) ) 
 REPRESENTATION_ITEM ( '' )  );
#2607 = DIRECTION ( 'NONE',  ( 0.6996633405133648731, 6.554252541749544238E-31, 0.7144726796328038088 ) ) ;
#2608 = DIRECTION ( 'NONE',  ( 0.000000000000000000, 0.000000000000000000, 1.000000000000000000 ) ) ;
#2609 = CARTESIAN_POINT ( 'NONE',  ( -11.71329053542229737, -70.00295889654324810, 35.76339174663758058 ) ) ;
#2610 = DIRECTION ( 'NONE',  ( 1.000000000000000000, 4.557819132794839459E-16, 0.000000000000000000 ) ) ;
#2611 = CARTESIAN_POINT ( 'NONE',  ( -22.61212015058569591, -42.00000000000001421, 41.85000000000000142 ) ) ;
#2612 = CARTESIAN_POINT ( 'NONE',  ( -9.800000000000002487, -31.85000000000001563, 33.75000000000000000 ) ) ;
#2613 = VERTEX_POINT ( 'NONE', #6306 ) ;
#2614 = ADVANCED_FACE ( 'NONE', ( #5006 ), #1125, .T. ) ;
#2615 = AXIS2_PLACEMENT_3D ( 'NONE', #4145, #5192, #4182 ) ;
#2616 = LINE ( 'NONE', #212, #104 ) ;
#2617 =( LENGTH_UNIT ( ) NAMED_UNIT ( * ) SI_UNIT ( .MILLI., .METRE. ) );
#2618 = DIRECTION ( 'NONE',  ( -0.000000000000000000, -0.000000000000000000, -1.000000000000000000 ) ) ;
#2619 = CARTESIAN_POINT ( 'NONE',  ( 7.686159401251103766E-15, -48.00000000000000711, 0.9999999999999931166 ) ) ;
#2620 = DIRECTION ( 'NONE',  ( -1.000000000000000000, -3.736327486719284252E-16, 0.000000000000000000 ) ) ;
#2621 = AXIS2_PLACEMENT_3D ( 'NONE', #2517, #832, #7290 ) ;
#2622 = VECTOR ( 'NONE', #3148, 1000.000000000000000 ) ;
#2623 = CARTESIAN_POINT ( 'NONE',  ( -5.363452582037594674, -69.69144206064970604, 36.92598840560521722 ) ) ;
#2624 = CARTESIAN_POINT ( 'NONE',  ( 4.949747468305839782, -52.94974746830583712, -1.000000000000000000 ) ) ;
#2625 = FACE_OUTER_BOUND ( 'NONE', #6804, .T. ) ;
#2626 = LINE ( 'NONE', #4622, #1815 ) ;
#2627 = ORIENTED_EDGE ( 'NONE', *, *, #7278, .T. ) ;
#2628 = DIRECTION ( 'NONE',  ( 0.000000000000000000, 0.000000000000000000, -1.000000000000000000 ) ) ;
#2629 = EDGE_LOOP ( 'NONE', ( #1381, #2563, #2685, #4600 ) ) ;
#2630 = AXIS2_PLACEMENT_3D ( 'NONE', #4558, #3990, #6333 ) ;
#2631 = EDGE_CURVE ( 'NONE', #6948, #5347, #7335, .T. ) ;
#2632 = CARTESIAN_POINT ( 'NONE',  ( -12.59999999999998721, -66.20000000000000284, 13.25000000000000000 ) ) ;
#2633 = CARTESIAN_POINT ( 'NONE',  ( 3.349747468305839693, -52.94974746830583712, 5.000000000000000000 ) ) ;
#2634 = VECTOR ( 'NONE', #5506, 1000.000000000000000 ) ;
#2635 = CARTESIAN_POINT ( 'NONE',  ( 7.188670157948592099, -45.33656510651913152, 3.000000000000000000 ) ) ;
#2636 = CARTESIAN_POINT ( 'NONE',  ( -35.19999999999999574, -48.35000000000001563, 23.40000000000000213 ) ) ;
#2637 = ORIENTED_EDGE ( 'NONE', *, *, #1110, .F. ) ;
#2638 = AXIS2_PLACEMENT_3D ( 'NONE', #5049, #2247, #4467 ) ;
#2639 = CARTESIAN_POINT ( 'NONE',  ( 8.881586416291371577, -29.23333333333333428, 20.13161257631689693 ) ) ;
#2640 = DIRECTION ( 'NONE',  ( 0.7144726796328038088, 1.144073104895154670E-16, 0.6996633405133648731 ) ) ;
#2641 = EDGE_CURVE ( 'NONE', #2613, #4011, #6897, .T. ) ;
#2642 = CARTESIAN_POINT ( 'NONE',  ( 16.00000000000000355, -31.85000000000000497, 36.00000000000000000 ) ) ;
#2643 = DIRECTION ( 'NONE',  ( 4.557819132794839459E-16, -1.000000000000000000, 0.000000000000000000 ) ) ;
#2644 = ORIENTED_EDGE ( 'NONE', *, *, #4923, .F. ) ;
#2645 = ORIENTED_EDGE ( 'NONE', *, *, #3903, .T. ) ;
#2646 = CARTESIAN_POINT ( 'NONE',  ( -34.99063278624029749, -54.44018313193875969, 8.000000000000000000 ) ) ;
#2647 = DIRECTION ( 'NONE',  ( 0.004276014937612543886, -1.794292901353899474E-17, -0.9999908578063367859 ) ) ;
#2648 = LINE ( 'NONE', #402, #449 ) ;
#2649 = CARTESIAN_POINT ( 'NONE',  ( 3.349747468305839249, -52.94974746830583712, -1.000000000000000000 ) ) ;
#2650 = DIRECTION ( 'NONE',  ( -0.8236126967285821721, 0.5671526476950208284, 4.934324553889579420E-17 ) ) ;
#2651 = ORIENTED_EDGE ( 'NONE', *, *, #3467, .T. ) ;
#2652 = AXIS2_PLACEMENT_3D ( 'NONE', #3835, #5213, #1666 ) ;
#2653 = CARTESIAN_POINT ( 'NONE',  ( -35.19999999999999574, -48.35000000000001563, 23.40000000000000213 ) ) ;
#2654 = DIRECTION ( 'NONE',  ( 0.000000000000000000, 0.000000000000000000, 1.000000000000000000 ) ) ;
#2655 = UNCERTAINTY_MEASURE_WITH_UNIT (LENGTH_MEASURE( 1.000000000000000082E-05 ), #3933, 'distance_accuracy_value', 'NONE');
#2656 = EDGE_CURVE ( 'NONE', #5292, #3550, #6483, .T. ) ;
#2657 = CARTESIAN_POINT ( 'NONE',  ( -4.949747468305823794, -43.05025253169417709, -1.000000000000000000 ) ) ;
#2658 = CARTESIAN_POINT ( 'NONE',  ( -4.945057416291035679, -69.99945803620030915, 35.77645713530759508 ) ) ;
#2659 = DIRECTION ( 'NONE',  ( 1.000000000000000000, 4.557819132794839459E-16, -0.000000000000000000 ) ) ;
#2660 = VERTEX_POINT ( 'NONE', #4729 ) ;
#2661 = PLANE ( 'NONE',  #6639 ) ;
#2662 = CARTESIAN_POINT ( 'NONE',  ( -35.15428384845159115, -42.41257091897497844, 7.326801574230760394 ) ) ;
#2663 = EDGE_CURVE ( 'NONE', #2811, #1975, #4111, .T. ) ;
#2664 = CARTESIAN_POINT ( 'NONE',  ( -10.70979040663030091, -27.00000000000001066, 8.000000000000000000 ) ) ;
#2665 = FACE_OUTER_BOUND ( 'NONE', #3654, .T. ) ;
#2666 = CARTESIAN_POINT ( 'NONE',  ( -16.97928784416349757, -26.83656783026141568, 36.06204530611019976 ) ) ;
#2667 = VECTOR ( 'NONE', #5929, 1000.000000000000000 ) ;
#2668 = CARTESIAN_POINT ( 'NONE',  ( -12.07893991508338694, -69.99945803620110496, 35.77645713530439764 ) ) ;
#2669 = ORIENTED_EDGE ( 'NONE', *, *, #45, .T. ) ;
#2670 = AXIS2_PLACEMENT_3D ( 'NONE', #3618, #3046, #6150 ) ;
#2671 = CARTESIAN_POINT ( 'NONE',  ( 10.13402862508619329, -24.00000000000000355, 17.81285991862285911 ) ) ;
#2672 = VECTOR ( 'NONE', #6781, 1000.000000000000000 ) ;
#2673 = EDGE_LOOP ( 'NONE', ( #2018, #1452, #5208, #1915 ) ) ;
#2674 = CARTESIAN_POINT ( 'NONE',  ( 3.468565996570180054, -31.85000000000000497, 30.64999999999999858 ) ) ;
#2675 = EDGE_LOOP ( 'NONE', ( #2786, #44, #1312, #7296 ) ) ;
#2676 = CARTESIAN_POINT ( 'NONE',  ( -33.57789434075399271, -57.48039352759928988, 8.000000000000000000 ) ) ;
#2677 = CARTESIAN_POINT ( 'NONE',  ( -32.42967838473753517, -58.68561105183849946, 36.70346184162610825 ) ) ;
#2678 = EDGE_CURVE ( 'NONE', #4136, #643, #681, .T. ) ;
#2679 = EDGE_CURVE ( 'NONE', #852, #4698, #5151, .T. ) ;
#2680 = DIRECTION ( 'NONE',  ( -9.367723249499515189E-31, 1.000000000000000000, 0.000000000000000000 ) ) ;
#2681 = LINE ( 'NONE', #4397, #5413 ) ;
#2682 = CARTESIAN_POINT ( 'NONE',  ( -11.90033665948658737, -64.15000000000000568, 33.03552732036720840 ) ) ;
#2683 = DIRECTION ( 'NONE',  ( 1.000000000000000000, 0.000000000000000000, 0.000000000000000000 ) ) ;
#2684 = CARTESIAN_POINT ( 'NONE',  ( 11.00000000000000178, -28.50000000000000711, 13.00000000000000178 ) ) ;
#2685 = ORIENTED_EDGE ( 'NONE', *, *, #3961, .T. ) ;
#2686 = CARTESIAN_POINT ( 'NONE',  ( -33.79344692482178658, -65.89988494578921063, 37.05029354652139517 ) ) ;
#2687 = CARTESIAN_POINT ( 'NONE',  ( -11.17074118065658794, -66.20000000000000284, 13.25000000000000000 ) ) ;
#2688 = ORIENTED_EDGE ( 'NONE', *, *, #5462, .T. ) ;
#2689 = EDGE_CURVE ( 'NONE', #5623, #6892, #5845, .T. ) ;
#2690 = FACE_OUTER_BOUND ( 'NONE', #2525, .T. ) ;
#2691 = DIRECTION ( 'NONE',  ( 0.000000000000000000, 0.000000000000000000, -1.000000000000000000 ) ) ;
#2692 = CARTESIAN_POINT ( 'NONE',  ( 1.749747468305815845, -43.05025253169415578, 9.000000000000000000 ) ) ;
#2693 = DIRECTION ( 'NONE',  ( 0.000000000000000000, -0.9510565162951553075, -0.3090169943749422332 ) ) ;
#2694 = FACE_OUTER_BOUND ( 'NONE', #3387, .T. ) ;
#2695 = CARTESIAN_POINT ( 'NONE',  ( -35.16848624719648342, -53.28664817823076305, 24.32050381074110845 ) ) ;
#2696 = ORIENTED_EDGE ( 'NONE', *, *, #4470, .T. ) ;
#2697 = ADVANCED_FACE ( 'NONE', ( #3437 ), #3473, .F. ) ;
#2698 = DIRECTION ( 'NONE',  ( 0.7144726796328049190, 3.256437249089596061E-16, 0.6996633405133638739 ) ) ;
#2699 = VERTEX_POINT ( 'NONE', #1266 ) ;
#2700 = CARTESIAN_POINT ( 'NONE',  ( -34.17184365611619512, -40.69421655087469958, 5.753555915320440306 ) ) ;
#2701 = VECTOR ( 'NONE', #408, 1000.000000000000000 ) ;
#2702 = DIRECTION ( 'NONE',  ( -1.000000000000000000, -4.557819132794839459E-16, 0.000000000000000000 ) ) ;
#2703 = CARTESIAN_POINT ( 'NONE',  ( -15.92015153860925913, -26.46516386291177980, 36.13615432690954776 ) ) ;
#2704 = ORIENTED_EDGE ( 'NONE', *, *, #860, .T. ) ;
#2705 = CARTESIAN_POINT ( 'NONE',  ( -15.91514264102108633, -70.29985993672640632, 34.65534197985369502 ) ) ;
#2706 = ORIENTED_EDGE ( 'NONE', *, *, #232, .F. ) ;
#2707 = EDGE_CURVE ( 'NONE', #6147, #3610, #3542, .T. ) ;
#2708 = CARTESIAN_POINT ( 'NONE',  ( 8.196222367434778278, -24.00000000000000355, 21.40328564140309098 ) ) ;
#2709 = CARTESIAN_POINT ( 'NONE',  ( -14.57258819478149725, -70.10515015473905009, 34.74608340505218251 ) ) ;
#2710 = ORIENTED_EDGE ( 'NONE', *, *, #7108, .F. ) ;
#2711 = CARTESIAN_POINT ( 'NONE',  ( 7.188670157948584993, -40.76393995686918714, -8.485281374238569541 ) ) ;
#2712 = ORIENTED_EDGE ( 'NONE', *, *, #3587, .T. ) ;
#2713 = VECTOR ( 'NONE', #3139, 1000.000000000000000 ) ;
#2714 = CARTESIAN_POINT ( 'NONE',  ( -5.736162321940788011, -31.85000000000001563, 37.94999999999999574 ) ) ;
#2715 = DIRECTION ( 'NONE',  ( 0.7144726796328059182, 2.288146209790315750E-16, -0.6996633405133628747 ) ) ;
#2716 = CARTESIAN_POINT ( 'NONE',  ( -17.49999999999998934, -69.00000000000001421, 8.000000000000000000 ) ) ;
#2717 = EDGE_CURVE ( 'NONE', #3175, #4619, #2928, .T. ) ;
#2718 = DIRECTION ( 'NONE',  ( -4.557819132794839459E-16, 1.000000000000000000, 0.000000000000000000 ) ) ;
#2719 =( GEOMETRIC_REPRESENTATION_CONTEXT ( 3 ) GLOBAL_UNCERTAINTY_ASSIGNED_CONTEXT ( ( #5719 ) ) GLOBAL_UNIT_ASSIGNED_CONTEXT ( ( #4023, #5293, #5220 ) ) REPRESENTATION_CONTEXT ( 'NONE', 'WORKASPACE' ) );
#2720 = ORIENTED_EDGE ( 'NONE', *, *, #2040, .F. ) ;
#2721 = DIRECTION ( 'NONE',  ( 0.000000000000000000, 0.000000000000000000, 1.000000000000000000 ) ) ;
#2722 = VECTOR ( 'NONE', #3975, 1000.000000000000000 ) ;
#2723 = CARTESIAN_POINT ( 'NONE',  ( 9.523375690204773036, -52.94974746830584422, -1.813288857160449963 ) ) ;
#2724 = EDGE_CURVE ( 'NONE', #4769, #2096, #5271, .T. ) ;
#2725 = DIRECTION ( 'NONE',  ( -0.7144726796328038088, -1.144073104895154670E-16, 0.6996633405133648731 ) ) ;
#2726 = DIRECTION ( 'NONE',  ( 0.7071067811865479058, 0.7071067811865472397, 0.000000000000000000 ) ) ;
#2727 = DIRECTION ( 'NONE',  ( 0.7144726796328046969, 0.6996633405133640959, -0.000000000000000000 ) ) ;
#2728 = ORIENTED_EDGE ( 'NONE', *, *, #4966, .T. ) ;
#2729 = CARTESIAN_POINT ( 'NONE',  ( 2.203939522617100799, -45.74941105915667805, -0.9999999999999974465 ) ) ;
#2730 = VERTEX_POINT ( 'NONE', #5310 ) ;
#2731 = CARTESIAN_POINT ( 'NONE',  ( -10.99999999999999822, -29.80000000000001492, 13.25000000000000000 ) ) ;
#2732 = DIRECTION ( 'NONE',  ( 3.202566417187959410E-16, -1.000000000000000000, 0.000000000000000000 ) ) ;
#2733 = ORIENTED_EDGE ( 'NONE', *, *, #2090, .F. ) ;
#2734 = AXIS2_PLACEMENT_3D ( 'NONE', #4038, #5880, #572 ) ;
#2735 = VECTOR ( 'NONE', #4211, 1000.000000000000000 ) ;
#2736 = CARTESIAN_POINT ( 'NONE',  ( -14.74866609456448430, -26.13479014757268004, 5.878679656440358059 ) ) ;
#2737 = ORIENTED_EDGE ( 'NONE', *, *, #1937, .T. ) ;
#2738 = CARTESIAN_POINT ( 'NONE',  ( 1.950418303577621693, -29.23333333333334139, 33.93549168787821202 ) ) ;
#2739 = AXIS2_PLACEMENT_3D ( 'NONE', #1501, #5113, #2194 ) ;
#2740 = EDGE_CURVE ( 'NONE', #1278, #1996, #5831, .T. ) ;
#2741 = DIRECTION ( 'NONE',  ( -0.2969741598787830061, -0.9548855158417113298, 0.000000000000000000 ) ) ;
#2742 = ORIENTED_EDGE ( 'NONE', *, *, #2198, .F. ) ;
#2743 = CARTESIAN_POINT ( 'NONE',  ( -16.00000000000000000, -48.97056274847717106, 1.000000000000000000 ) ) ;
#2744 = VERTEX_POINT ( 'NONE', #4648 ) ;
#2745 =( NAMED_UNIT ( * ) PLANE_ANGLE_UNIT ( ) SI_UNIT ( $, .RADIAN. ) );
#2746 = CARTESIAN_POINT ( 'NONE',  ( 7.160590776347191877, -62.00000000000000711, 5.000282804481280152 ) ) ;
#2747 = AXIS2_PLACEMENT_3D ( 'NONE', #700, #4709, #2989 ) ;
#2748 = DIRECTION ( 'NONE',  ( 0.7144726796328051410, -0.6996633405133636519, 0.000000000000000000 ) ) ;
#2749 = CARTESIAN_POINT ( 'NONE',  ( -15.91297159238328618, -26.09148475160450431, 36.11586023995700145 ) ) ;
#2750 = CARTESIAN_POINT ( 'NONE',  ( -14.79999999999998295, -70.87763232575609607, 13.47292888385236509 ) ) ;
#2751 = CARTESIAN_POINT ( 'NONE',  ( -32.13218499398729477, -35.21436789586491756, 36.66993748461829483 ) ) ;
#2752 = EDGE_LOOP ( 'NONE', ( #1550, #1900 ) ) ;
#2753 = CARTESIAN_POINT ( 'NONE',  ( 7.686159401251103766E-15, -48.00000000000000711, 1.000000000000000000 ) ) ;
#2754 = EDGE_CURVE ( 'NONE', #1259, #6399, #4689, .T. ) ;
#2755 = DIRECTION ( 'NONE',  ( -3.202566417187959410E-16, 1.000000000000000000, 0.000000000000000000 ) ) ;
#2756 = CARTESIAN_POINT ( 'NONE',  ( -5.655630597444491592, -38.29326573770972431, 33.75000000000000711 ) ) ;
#2757 = CARTESIAN_POINT ( 'NONE',  ( 7.160590788385317040, -76.00000000000001421, 5.001279989241280255 ) ) ;
#2758 = VERTEX_POINT ( 'NONE', #7025 ) ;
#2759 = LINE ( 'NONE', #3870, #469 ) ;
#2760 = ORIENTED_EDGE ( 'NONE', *, *, #1434, .F. ) ;
#2761 = EDGE_CURVE ( 'NONE', #718, #2207, #5919, .T. ) ;
#2762 = EDGE_CURVE ( 'NONE', #3658, #4809, #2870, .T. ) ;
#2763 = CARTESIAN_POINT ( 'NONE',  ( -12.59999999999998543, -66.20000000000000284, 13.25000000000000000 ) ) ;
#2764 = CARTESIAN_POINT ( 'NONE',  ( -10.71366012283418634, -64.00000000000001421, 8.000000000000000000 ) ) ;
#2765 = CARTESIAN_POINT ( 'NONE',  ( -35.19999999999999574, -48.35000000000001563, 18.39999999999999858 ) ) ;
#2766 = ORIENTED_EDGE ( 'NONE', *, *, #1572, .T. ) ;
#2767 = CARTESIAN_POINT ( 'NONE',  ( -15.91481712313659003, -69.90884559232243589, 36.11462737968579262 ) ) ;
#2768 = ORIENTED_EDGE ( 'NONE', *, *, #265, .T. ) ;
#2769 = EDGE_CURVE ( 'NONE', #1371, #4037, #103, .T. ) ;
#2770 = VECTOR ( 'NONE', #4567, 1000.000000000000000 ) ;
#2771 = CARTESIAN_POINT ( 'NONE',  ( 0.8014556631819718113, -29.23333333333334849, 36.54501032315992859 ) ) ;
#2772 = CYLINDRICAL_SURFACE ( 'NONE', #1103, 1.599999999999999867 ) ;
#2773 = EDGE_LOOP ( 'NONE', ( #7149, #146, #7455, #4146, #4542 ) ) ;
#2774 = ORIENTED_EDGE ( 'NONE', *, *, #1714, .T. ) ;
#2775 = CARTESIAN_POINT ( 'NONE',  ( -34.57910095588424326, -43.39688246166906538, 6.169874126817044058 ) ) ;
#2776 = ORIENTED_EDGE ( 'NONE', *, *, #796, .F. ) ;
#2777 = CARTESIAN_POINT ( 'NONE',  ( 7.129412958828526214, -76.00000000000001421, 12.29254182483339974 ) ) ;
#2778 = EDGE_CURVE ( 'NONE', #4226, #5868, #1553, .T. ) ;
#2779 = VECTOR ( 'NONE', #3944, 1000.000000000000114 ) ;
#2780 = DIRECTION ( 'NONE',  ( 3.202566417187959410E-16, -1.000000000000000000, 0.000000000000000000 ) ) ;
#2781 = PLANE ( 'NONE',  #1750 ) ;
#2782 = EDGE_LOOP ( 'NONE', ( #932, #2311, #811, #4532 ) ) ;
#2783 = CARTESIAN_POINT ( 'NONE',  ( -14.76661604227932223, -70.89776591267352046, 13.69058862409263533 ) ) ;
#2784 = ORIENTED_EDGE ( 'NONE', *, *, #5492, .T. ) ;
#2785 = CARTESIAN_POINT ( 'NONE',  ( -31.59663146853188564, -65.89988494578921063, 36.64167610347740123 ) ) ;
#2786 = ORIENTED_EDGE ( 'NONE', *, *, #2488, .F. ) ;
#2787 = VECTOR ( 'NONE', #1644, 1000.000000000000000 ) ;
#2788 = EDGE_CURVE ( 'NONE', #3615, #6760, #4081, .T. ) ;
#2789 = CARTESIAN_POINT ( 'NONE',  ( -13.38344385387876123, -70.29526562547302149, 5.000000000000218492 ) ) ;
#2790 = CARTESIAN_POINT ( 'NONE',  ( -9.749999999999989342, -67.50000000000000000, 12.96173218317775166 ) ) ;
#2791 =( BOUNDED_CURVE ( )  B_SPLINE_CURVE ( 3, ( #6890, #3984, #5070, #23 ),
 .UNSPECIFIED., .F., .T. ) 
 B_SPLINE_CURVE_WITH_KNOTS ( ( 4, 4 ),
 ( 2.201923264120615009, 2.352420127173644904 ),
 .UNSPECIFIED. ) 
 CURVE ( )  GEOMETRIC_REPRESENTATION_ITEM ( )  RATIONAL_B_SPLINE_CURVE ( ( 1.000000000000000000, 0.9981134482923192941, 0.9981134482923192941, 1.000000000000000000 ) ) 
 REPRESENTATION_ITEM ( '' )  );
#2792 = DIRECTION ( 'NONE',  ( 2.026482704661309475E-16, -1.000000000000000000, 0.000000000000000000 ) ) ;
#2793 = LINE ( 'NONE', #5653, #6366 ) ;
#2794 = ORIENTED_EDGE ( 'NONE', *, *, #378, .T. ) ;
#2795 = CARTESIAN_POINT ( 'NONE',  ( 58.97731959999369877, -30.64999999999999147, 16.40000000000000213 ) ) ;
#2796 = CARTESIAN_POINT ( 'NONE',  ( -33.09767747252589487, -43.41751132666554724, 5.000000000000000000 ) ) ;
#2797 = ADVANCED_FACE ( 'NONE', ( #3734 ), #867, .F. ) ;
#2798 = DIRECTION ( 'NONE',  ( -0.3420201433256661039, -1.558865953050954326E-16, 0.9396926207859093161 ) ) ;
#2799 = ADVANCED_FACE ( 'NONE', ( #4926 ), #6638, .F. ) ;
#2800 = LINE ( 'NONE', #629, #2477 ) ;
#2801 = CARTESIAN_POINT ( 'NONE',  ( 7.236561579255285537, -43.05025253169416288, -1.000000000000000000 ) ) ;
#2802 = CARTESIAN_POINT ( 'NONE',  ( -4.949747468305823794, -43.05025253169417709, 9.000000000000000000 ) ) ;
#2803 = ORIENTED_EDGE ( 'NONE', *, *, #7287, .F. ) ;
#2804 = PLANE ( 'NONE',  #638 ) ;
#2805 = VERTEX_POINT ( 'NONE', #5517 ) ;
#2806 = CARTESIAN_POINT ( 'NONE',  ( 3.593387782143943276, -31.85000000000000853, 30.38833197348438020 ) ) ;
#2807 = VECTOR ( 'NONE', #2930, 1000.000000000000000 ) ;
#2808 = CARTESIAN_POINT ( 'NONE',  ( -32.19762997150608896, -43.19736139045195245, 5.000000000000000000 ) ) ;
#2809 = ADVANCED_FACE ( 'NONE', ( #3080 ), #5477, .F. ) ;
#2810 = ORIENTED_EDGE ( 'NONE', *, *, #5502, .F. ) ;
#2811 = VERTEX_POINT ( 'NONE', #3616 ) ;
#2812 = CARTESIAN_POINT ( 'NONE',  ( -34.32866688150723888, -43.39786138767127710, 5.886026191644193162 ) ) ;
#2813 = ORIENTED_EDGE ( 'NONE', *, *, #4874, .F. ) ;
#2814 = DIRECTION ( 'NONE',  ( -1.479114197289397135E-30, 1.000000000000000000, 0.000000000000000000 ) ) ;
#2815 = AXIS2_PLACEMENT_3D ( 'NONE', #6818, #7498, #2120 ) ;
#2816 =( NAMED_UNIT ( * ) SI_UNIT ( $, .STERADIAN. ) SOLID_ANGLE_UNIT ( ) );
#2817 = CARTESIAN_POINT ( 'NONE',  ( -31.42479888291999046, -55.32491950806289793, 5.000000000000000000 ) ) ;
#2818 = ADVANCED_FACE ( 'NONE', ( #2554, #3165 ), #4888, .T. ) ;
#2819 = AXIS2_PLACEMENT_3D ( 'NONE', #5055, #6201, #2608 ) ;
#2820 = ORIENTED_EDGE ( 'NONE', *, *, #2284, .F. ) ;
#2821 = CARTESIAN_POINT ( 'NONE',  ( -23.88931290404513774, -60.83624898463261843, 37.86638279030151466 ) ) ;
#2822 = ORIENTED_EDGE ( 'NONE', *, *, #4345, .F. ) ;
#2823 = CARTESIAN_POINT ( 'NONE',  ( 2.203939522617100799, -45.74941105915667805, 19.49590874590810330 ) ) ;
#2824 = FACE_OUTER_BOUND ( 'NONE', #7136, .T. ) ;
#2825 = VERTEX_POINT ( 'NONE', #5438 ) ;
#2826 = AXIS2_PLACEMENT_3D ( 'NONE', #5937, #2568, #6047 ) ;
#2827 = FACE_OUTER_BOUND ( 'NONE', #1695, .T. ) ;
#2828 = CARTESIAN_POINT ( 'NONE',  ( -10.70979040663030091, -24.00000000000001066, 12.55611398169089910 ) ) ;
#2829 = CYLINDRICAL_SURFACE ( 'NONE', #5076, 0.9999999999999991118 ) ;
#2830 = DIRECTION ( 'NONE',  ( 0.7144726796328009222, 3.256437249089577819E-16, 0.6996633405133678707 ) ) ;
#2831 = EDGE_CURVE ( 'NONE', #266, #830, #3691, .T. ) ;
#2832 = VECTOR ( 'NONE', #5708, 1000.000000000000000 ) ;
#2833 = ORIENTED_EDGE ( 'NONE', *, *, #6163, .F. ) ;
#2834 = DIRECTION ( 'NONE',  ( -0.000000000000000000, 0.000000000000000000, 1.000000000000000000 ) ) ;
#2835 = AXIS2_PLACEMENT_3D ( 'NONE', #2150, #2718, #4539 ) ;
#2836 = CARTESIAN_POINT ( 'NONE',  ( -2.710824778663065260, -40.76393995686920135, 3.000000000000000000 ) ) ;
#2837 = ORIENTED_EDGE ( 'NONE', *, *, #1043, .F. ) ;
#2838 = B_SPLINE_SURFACE_WITH_KNOTS ( 'NONE', 3, 1, ( 
 ( #5134, #6739 ),
 ( #7454, #4404 ),
 ( #1592, #5676 ),
 ( #2214, #478 ),
 ( #7490, #1096 ),
 ( #971, #2785 ),
 ( #2751, #4543 ),
 ( #6879, #5645 ),
 ( #5098, #6316 ),
 ( #4438, #7344 ),
 ( #5173, #2686 ) ),
 .UNSPECIFIED., .F., .F., .F.,
 ( 4, 1, 1, 1, 1, 1, 1, 1, 4 ),
 ( 2, 2 ),
 ( 0.000000000000000000, 0.2500000000000000000, 0.3750000000000000000, 0.5000000000000000000, 0.6250000000000000000, 0.6875000000000000000, 0.7500000000000000000, 0.8750000000000000000, 1.000000000000000000 ),
 ( 0.000000000000000000, 3.068551704992430018 ),
 .UNSPECIFIED. ) ;
#2839 = VECTOR ( 'NONE', #1290, 1000.000000000000000 ) ;
#2840 =( BOUNDED_CURVE ( )  B_SPLINE_CURVE ( 3, ( #603, #40, #5234, #1325 ),
 .UNSPECIFIED., .F., .T. ) 
 B_SPLINE_CURVE_WITH_KNOTS ( ( 4, 4 ),
 ( 1.185186204871018223, 1.266033306100438294 ),
 .UNSPECIFIED. ) 
 CURVE ( )  GEOMETRIC_REPRESENTATION_ITEM ( )  RATIONAL_B_SPLINE_CURVE ( ( 1.000000000000000000, 0.9994553863523973902, 0.9994553863523973902, 1.000000000000000000 ) ) 
 REPRESENTATION_ITEM ( '' )  );
#2841 = DIRECTION ( 'NONE',  ( 0.000000000000000000, 0.000000000000000000, 1.000000000000000000 ) ) ;
#2842 = CARTESIAN_POINT ( 'NONE',  ( -34.47649864648879259, -40.04129516481663131, 37.05029354652139517 ) ) ;
#2843 = DIRECTION ( 'NONE',  ( -1.000000000000000000, 0.000000000000000000, 7.885106708985484103E-16 ) ) ;
#2844 = FACE_OUTER_BOUND ( 'NONE', #6450, .T. ) ;
#2845 = ORIENTED_EDGE ( 'NONE', *, *, #3855, .F. ) ;
#2846 = CARTESIAN_POINT ( 'NONE',  ( 12.24999999999999822, -28.50000000000000711, 5.000000000000000000 ) ) ;
#2847 = ORIENTED_EDGE ( 'NONE', *, *, #869, .T. ) ;
#2848 = VECTOR ( 'NONE', #4672, 999.9999999999998863 ) ;
#2849 = ADVANCED_FACE ( 'NONE', ( #2060 ), #7252, .T. ) ;
#2850 = CARTESIAN_POINT ( 'NONE',  ( -32.16921216956809104, -42.77202620001523314, 5.000000000000000000 ) ) ;
#2851 = ORIENTED_EDGE ( 'NONE', *, *, #4400, .F. ) ;
#2852 = ORIENTED_EDGE ( 'NONE', *, *, #3350, .T. ) ;
#2853 = VECTOR ( 'NONE', #7164, 1000.000000000000000 ) ;
#2854 = CARTESIAN_POINT ( 'NONE',  ( -34.14928511387029886, -39.30122265077017829, 8.000000000000000000 ) ) ;
#2855 = DIRECTION ( 'NONE',  ( 0.000000000000000000, 0.000000000000000000, 1.000000000000000000 ) ) ;
#2856 = CARTESIAN_POINT ( 'NONE',  ( -23.67919883063408903, -63.29296453218621821, 37.94999999999999574 ) ) ;
#2857 = ADVANCED_FACE ( 'NONE', ( #228 ), #1942, .T. ) ;
#2858 = VECTOR ( 'NONE', #5758, 1000.000000000000000 ) ;
#2859 = CARTESIAN_POINT ( 'NONE',  ( -2.662933357356334074, -43.05025253169416999, 3.000000000000000000 ) ) ;
#2860 = DIRECTION ( 'NONE',  ( -3.202566417187959410E-16, 1.000000000000000000, 0.000000000000000000 ) ) ;
#2861 = CARTESIAN_POINT ( 'NONE',  ( -32.13558876035099843, -53.42276734446368636, 5.000000000000000000 ) ) ;
#2862 = ORIENTED_EDGE ( 'NONE', *, *, #3973, .F. ) ;
#2863 = CARTESIAN_POINT ( 'NONE',  ( 7.136297532342107175, -55.28734710732217650, 9.000000000000000000 ) ) ;
#2864 = LINE ( 'NONE', #2286, #1699 ) ;
#2865 = ORIENTED_EDGE ( 'NONE', *, *, #2911, .T. ) ;
#2866 = CARTESIAN_POINT ( 'NONE',  ( -14.98040628347518499, -69.77228499916542148, 36.05471610903278190 ) ) ;
#2867 = CYLINDRICAL_SURFACE ( 'NONE', #2400, 1.599999999999999867 ) ;
#2868 = CARTESIAN_POINT ( 'NONE',  ( 7.236561579255285537, -43.05025253169416288, 19.49590874590810330 ) ) ;
#2869 = FACE_OUTER_BOUND ( 'NONE', #5487, .T. ) ;
#2870 = CIRCLE ( 'NONE', #3360, 1.599999999999999867 ) ;
#2871 = FACE_BOUND ( 'NONE', #2574, .T. ) ;
#2872 = CARTESIAN_POINT ( 'NONE',  ( -21.83722406390289095, -52.73281318469169321, 37.94999999999999574 ) ) ;
#2873 = B_SPLINE_CURVE_WITH_KNOTS ( 'NONE', 3,
 ( #1737, #4741, #4048, #3348, #6423, #1240, #1770, #6816, #6387, #2406 ),
 .UNSPECIFIED., .F., .F.,
 ( 4, 2, 2, 2, 4 ),
 ( 0.01947133512793558507, 0.02012230151356068225, 0.02077326789918577596, 0.02142423428481086967, 0.02207520067043596684 ),
 .UNSPECIFIED. ) ;
#2874 = ORIENTED_EDGE ( 'NONE', *, *, #1340, .F. ) ;
#2875 = CARTESIAN_POINT ( 'NONE',  ( -19.41297142517482399, -66.64416587906595169, 5.869003550719470219 ) ) ;
#2876 = EDGE_LOOP ( 'NONE', ( #4444, #5385, #349, #1720 ) ) ;
#2877 = EDGE_CURVE ( 'NONE', #360, #4072, #4264, .T. ) ;
#2878 = CARTESIAN_POINT ( 'NONE',  ( -21.83722406390289095, -52.73281318469169321, 37.94999999999999574 ) ) ;
#2879 = CARTESIAN_POINT ( 'NONE',  ( -34.39164720114449381, -39.85970612953029502, 37.05029354652139517 ) ) ;
#2880 = CARTESIAN_POINT ( 'NONE',  ( 13.87259192582147804, -26.20559102582179278, 10.89987464533483319 ) ) ;
#2881 = DIRECTION ( 'NONE',  ( 0.000000000000000000, 0.000000000000000000, -1.000000000000000000 ) ) ;
#2882 = VERTEX_POINT ( 'NONE', #2635 ) ;
#2883 = VECTOR ( 'NONE', #5949, 1000.000000000000000 ) ;
#2884 = EDGE_CURVE ( 'NONE', #5333, #3851, #6602, .T. ) ;
#2885 = CARTESIAN_POINT ( 'NONE',  ( 5.751357555398596944, -29.23333333333333428, 26.01659542630723010 ) ) ;
#2886 = LINE ( 'NONE', #182, #584 ) ;
#2887 = ORIENTED_EDGE ( 'NONE', *, *, #5156, .T. ) ;
#2888 = ORIENTED_EDGE ( 'NONE', *, *, #1835, .T. ) ;
#2889 = DIRECTION ( 'NONE',  ( 0.000000000000000000, 0.000000000000000000, 1.000000000000000000 ) ) ;
#2890 = ORIENTED_EDGE ( 'NONE', *, *, #4965, .F. ) ;
#2891 = PLANE ( 'NONE',  #2454 ) ;
#2892 = AXIS2_PLACEMENT_3D ( 'NONE', #6032, #1908, #4191 ) ;
#2893 = DIRECTION ( 'NONE',  ( 1.000000000000000000, 5.782411586589356653E-16, 0.000000000000000000 ) ) ;
#2894 = CARTESIAN_POINT ( 'NONE',  ( 4.949747468305839782, -52.94974746830583712, 3.000000000000000888 ) ) ;
#2895 = CARTESIAN_POINT ( 'NONE',  ( -5.736162321940782682, -42.43552991360247972, 41.85000000000000142 ) ) ;
#2896 = CARTESIAN_POINT ( 'NONE',  ( -32.06555374420419469, -53.76857409655860920, 5.000000000000000000 ) ) ;
#2897 = ORIENTED_EDGE ( 'NONE', *, *, #5128, .T. ) ;
#2898 = ORIENTED_EDGE ( 'NONE', *, *, #5144, .T. ) ;
#2899 = CARTESIAN_POINT ( 'NONE',  ( -13.72035310675695641, -71.07805817238407542, 6.596868884540119993 ) ) ;
#2900 = EDGE_CURVE ( 'NONE', #5810, #4222, #758, .T. ) ;
#2901 = EDGE_LOOP ( 'NONE', ( #3731, #4314, #2847, #5193 ) ) ;
#2902 = DIRECTION ( 'NONE',  ( 4.557819132794839459E-16, -1.000000000000000000, 0.000000000000000000 ) ) ;
#2903 = EDGE_CURVE ( 'NONE', #5868, #7322, #3044, .T. ) ;
#2904 = DIRECTION ( 'NONE',  ( -1.156482317317389731E-15, 0.9999999999995820010, 9.144206693924648776E-07 ) ) ;
#2905 = AXIS2_PLACEMENT_3D ( 'NONE', #5467, #2654, #5023 ) ;
#2906 = CARTESIAN_POINT ( 'NONE',  ( -14.61580506786741473, -70.42239898989105029, 32.85018804772982293 ) ) ;
#2907 = CARTESIAN_POINT ( 'NONE',  ( -3.830286123484433425, -44.19340881910664365, 19.49590874590810330 ) ) ;
#2908 = B_SPLINE_CURVE_WITH_KNOTS ( 'NONE', 3,
 ( #1104, #5720, #7395, #5103, #2296, #6924, #553, #7425 ),
 .UNSPECIFIED., .F., .F.,
 ( 4, 1, 1, 1, 1, 4 ),
 ( 0.000000000000000000, 0.2500000000000033307, 0.3750000000000019429, 0.5000000000000000000, 0.7499999999999972244, 1.000000000000000000 ),
 .UNSPECIFIED. ) ;
#2909 = VECTOR ( 'NONE', #4019, 1000.000000000000000 ) ;
#2910 = CARTESIAN_POINT ( 'NONE',  ( 3.079140813544283706, -66.04999999999999716, 13.73015368960709814 ) ) ;
#2911 = EDGE_CURVE ( 'NONE', #5449, #7407, #6045, .T. ) ;
#2912 =( GEOMETRIC_REPRESENTATION_CONTEXT ( 3 ) GLOBAL_UNCERTAINTY_ASSIGNED_CONTEXT ( ( #2655 ) ) GLOBAL_UNIT_ASSIGNED_CONTEXT ( ( #3933, #4613, #2816 ) ) REPRESENTATION_CONTEXT ( 'NONE', 'WORKASPACE' ) );
#2913 = VERTEX_POINT ( 'NONE', #3205 ) ;
#2914 = CARTESIAN_POINT ( 'NONE',  ( -4.949747468305769615, -52.94974746830590107, -8.485281374238569541 ) ) ;
#2915 = ORIENTED_EDGE ( 'NONE', *, *, #1025, .T. ) ;
#2916 = AXIS2_PLACEMENT_3D ( 'NONE', #7076, #6465, #1843 ) ;
#2917 = DIRECTION ( 'NONE',  ( 1.000000000000000000, 0.000000000000000000, 0.000000000000000000 ) ) ;
#2918 = EDGE_CURVE ( 'NONE', #4844, #4112, #5389, .T. ) ;
#2919 = CARTESIAN_POINT ( 'NONE',  ( -12.59999999999998899, -57.70673426229028280, 13.25000000000000000 ) ) ;
#2920 = CARTESIAN_POINT ( 'NONE',  ( -11.91313809512485911, -28.46353813658328136, 37.94974892588211191 ) ) ;
#2921 = ORIENTED_EDGE ( 'NONE', *, *, #6431, .F. ) ;
#2922 = DIRECTION ( 'NONE',  ( -1.000000000000000000, -3.736327486719284252E-16, 0.000000000000000000 ) ) ;
#2923 = ORIENTED_EDGE ( 'NONE', *, *, #2317, .T. ) ;
#2924 = CARTESIAN_POINT ( 'NONE',  ( 0.3511049287774845595, -31.85000000000001563, 37.59544185110540582 ) ) ;
#2925 = DIRECTION ( 'NONE',  ( -1.000000000000000000, 0.000000000000000000, 0.000000000000000000 ) ) ;
#2926 = LINE ( 'NONE', #6905, #5799 ) ;
#2927 = ORIENTED_EDGE ( 'NONE', *, *, #6071, .T. ) ;
#2928 = LINE ( 'NONE', #1230, #3469 ) ;
#2929 = ORIENTED_EDGE ( 'NONE', *, *, #2222, .T. ) ;
#2930 = DIRECTION ( 'NONE',  ( 0.000000000000000000, 0.000000000000000000, -1.000000000000000000 ) ) ;
#2931 = ADVANCED_FACE ( 'NONE', ( #4227 ), #1778, .T. ) ;
#2932 = CARTESIAN_POINT ( 'NONE',  ( 7.686159401251103766E-15, -48.00000000000000711, 5.000000000000000000 ) ) ;
#2933 = FACE_OUTER_BOUND ( 'NONE', #5306, .T. ) ;
#2934 = CARTESIAN_POINT ( 'NONE',  ( -35.19999999999999574, -43.39921990116526729, 37.05029354652139517 ) ) ;
#2935 = CARTESIAN_POINT ( 'NONE',  ( -31.19538869978438811, -55.65258826037484852, 5.000000000000000000 ) ) ;
#2936 = ORIENTED_EDGE ( 'NONE', *, *, #4488, .T. ) ;
#2937 = ORIENTED_EDGE ( 'NONE', *, *, #3380, .T. ) ;
#2938 = DIRECTION ( 'NONE',  ( -1.000000000000000000, -3.202566417187959410E-16, 0.000000000000000000 ) ) ;
#2939 = VERTEX_POINT ( 'NONE', #1338 ) ;
#2940 = CARTESIAN_POINT ( 'NONE',  ( -22.61212015058568880, -54.00000000000001421, 41.85000000000000142 ) ) ;
#2941 = CARTESIAN_POINT ( 'NONE',  ( -31.83160956349868798, -58.47482274422281989, 5.753556018496659874 ) ) ;
#2942 = CIRCLE ( 'NONE', #5021, 3.199999999999999734 ) ;
#2943 = DIRECTION ( 'NONE',  ( -1.000000000000000000, -3.202566417187959410E-16, 0.000000000000000000 ) ) ;
#2944 = CARTESIAN_POINT ( 'NONE',  ( -14.44051202309849735, -70.52244838291316853, 32.53112875416717031 ) ) ;
#2945 = LINE ( 'NONE', #95, #2210 ) ;
#2946 = EDGE_CURVE ( 'NONE', #4112, #945, #5730, .T. ) ;
#2947 = VECTOR ( 'NONE', #5721, 1000.000000000000000 ) ;
#2948 = ORIENTED_EDGE ( 'NONE', *, *, #4177, .T. ) ;
#2949 = CARTESIAN_POINT ( 'NONE',  ( 3.624099999972907327, -72.48870084370908273, 5.000000000000000000 ) ) ;
#2950 = AXIS2_PLACEMENT_3D ( 'NONE', #5316, #3660, #4192 ) ;
#2951 = PLANE ( 'NONE',  #3229 ) ;
#2952 = ORIENTED_EDGE ( 'NONE', *, *, #4498, .T. ) ;
#2953 = EDGE_CURVE ( 'NONE', #2613, #6088, #2137, .T. ) ;
#2954 = B_SPLINE_CURVE_WITH_KNOTS ( 'NONE', 3,
 ( #7393, #5718, #4587, #1138, #2156, #6815, #1597, #3905, #6783, #6210, #1008, #3346 ),
 .UNSPECIFIED., .F., .F.,
 ( 4, 2, 2, 2, 2, 4 ),
 ( 0.002044444260822691432, 0.002554683339989592336, 0.002809802879573043005, 0.003064922419156493674, 0.003575161498323419298, 0.004085400577490344923 ),
 .UNSPECIFIED. ) ;
#2955 = DIRECTION ( 'NONE',  ( 0.000000000000000000, 0.000000000000000000, -1.000000000000000000 ) ) ;
#2956 = DIRECTION ( 'NONE',  ( -0.7144726796327999230, -2.288146209790297015E-16, 0.6996633405133689809 ) ) ;
#2957 = CARTESIAN_POINT ( 'NONE',  ( 13.90497396370691874, -26.01358296474635523, 10.83999669326497006 ) ) ;
#2958 = VECTOR ( 'NONE', #5465, 1000.000000000000000 ) ;
#2959 = VERTEX_POINT ( 'NONE', #1012 ) ;
#2960 = CARTESIAN_POINT ( 'NONE',  ( -10.99999999999999822, -24.00526558340328975, 13.25000000000000000 ) ) ;
#2961 = ORIENTED_EDGE ( 'NONE', *, *, #100, .F. ) ;
#2962 = LINE ( 'NONE', #114, #5423 ) ;
#2963 = EDGE_CURVE ( 'NONE', #666, #1440, #7496, .T. ) ;
#2964 = DIRECTION ( 'NONE',  ( -1.000000000000000000, -3.202566417187959410E-16, 1.858904598392799890E-15 ) ) ;
#2965 = PRESENTATION_LAYER_ASSIGNMENT (  '', '', ( #5792 ) ) ;
#2966 = EDGE_LOOP ( 'NONE', ( #7262, #4185, #5509 ) ) ;
#2967 = CARTESIAN_POINT ( 'NONE',  ( -9.749999999999989342, -67.50000000000000000, 12.96173218317775166 ) ) ;
#2968 = ORIENTED_EDGE ( 'NONE', *, *, #1732, .T. ) ;
#2969 = DIRECTION ( 'NONE',  ( 0.7071067811865462405, -0.7071067811865489050, 0.000000000000000000 ) ) ;
#2970 = VERTEX_POINT ( 'NONE', #1576 ) ;
#2971 = CARTESIAN_POINT ( 'NONE',  ( -31.20098739544222255, -58.87563113392202752, 6.154799139047626433 ) ) ;
#2972 = AXIS2_PLACEMENT_3D ( 'NONE', #4715, #5867, #3490 ) ;
#2973 = EDGE_CURVE ( 'NONE', #5526, #5776, #4322, .T. ) ;
#2974 = CARTESIAN_POINT ( 'NONE',  ( -4.055767739539088979, -89.00000000000001421, 33.33315382907749580 ) ) ;
#2975 = CARTESIAN_POINT ( 'NONE',  ( -31.49751251612865843, -36.69625263790302938, 7.214757857379185957 ) ) ;
#2976 = VERTEX_POINT ( 'NONE', #4492 ) ;
#2977 = ORIENTED_EDGE ( 'NONE', *, *, #4885, .T. ) ;
#2978 = CARTESIAN_POINT ( 'NONE',  ( -12.84365522073308519, -72.24655528943051763, 137.6279888797259900 ) ) ;
#2979 = VERTEX_POINT ( 'NONE', #3844 ) ;
#2980 = CARTESIAN_POINT ( 'NONE',  ( -13.84998542077633665, -69.96946455974435253, 35.82597591750044330 ) ) ;
#2981 = CARTESIAN_POINT ( 'NONE',  ( -32.72829655470268762, -57.64109366688584402, 5.753556018496659874 ) ) ;
#2982 = CARTESIAN_POINT ( 'NONE',  ( -6.736162321940784459, -43.26718681530832811, 37.94999999999999574 ) ) ;
#2983 = VECTOR ( 'NONE', #4807, 1000.000000000000000 ) ;
#2984 = AXIS2_PLACEMENT_3D ( 'NONE', #359, #3091, #4932 ) ;
#2985 = CARTESIAN_POINT ( 'NONE',  ( -8.485281374238544672, -39.51471862576141802, 0.9999999999999931166 ) ) ;
#2986 = ADVANCED_FACE ( 'NONE', ( #7436 ), #6827, .F. ) ;
#2987 = CARTESIAN_POINT ( 'NONE',  ( -2.227610423385024685, -72.00000000000001421, 28.31033288373339829 ) ) ;
#2988 = VECTOR ( 'NONE', #6590, 1000.000000000000000 ) ;
#2989 = DIRECTION ( 'NONE',  ( 1.000000000000000000, 3.202566417187959410E-16, 0.000000000000000000 ) ) ;
#2990 = CARTESIAN_POINT ( 'NONE',  ( 11.96638086349661734, -70.02746105856439840, 5.000282804481280152 ) ) ;
#2991 = VERTEX_POINT ( 'NONE', #2765 ) ;
#2992 = EDGE_CURVE ( 'NONE', #7388, #4313, #6923, .T. ) ;
#2993 = CARTESIAN_POINT ( 'NONE',  ( -11.06074065087059388, -71.99246739793527183, 14.82183989519218059 ) ) ;
#2994 = ORIENTED_EDGE ( 'NONE', *, *, #5343, .T. ) ;
#2995 = VECTOR ( 'NONE', #3299, 1000.000000000000000 ) ;
#2996 = DIRECTION ( 'NONE',  ( 0.7071067811865474617, 0.7071067811865474617, 0.000000000000000000 ) ) ;
#2997 = CARTESIAN_POINT ( 'NONE',  ( -11.73046456701676377, -68.51742784667627006, 11.22777850279310741 ) ) ;
#2998 = CARTESIAN_POINT ( 'NONE',  ( -35.08332334851058931, -42.04178781304459989, 37.05029354652139517 ) ) ;
#2999 = ADVANCED_FACE ( 'NONE', ( #7328 ), #2162, .T. ) ;
#3000 = LINE ( 'NONE', #672, #4452 ) ;
#3001 = VERTEX_POINT ( 'NONE', #1641 ) ;
#3002 = EDGE_CURVE ( 'NONE', #3051, #6831, #3955, .T. ) ;
#3003 = CARTESIAN_POINT ( 'NONE',  ( -12.10913871779314199, -71.87809446103246103, 15.39726130790134917 ) ) ;
#3004 = ORIENTED_EDGE ( 'NONE', *, *, #2430, .T. ) ;
#3005 =( BOUNDED_CURVE ( )  B_SPLINE_CURVE ( 3, ( #2087, #6825, #4998, #7326 ),
 .UNSPECIFIED., .F., .T. ) 
 B_SPLINE_CURVE_WITH_KNOTS ( ( 4, 4 ),
 ( 2.741912260068316343, 3.913028177541005181 ),
 .UNSPECIFIED. ) 
 CURVE ( )  GEOMETRIC_REPRESENTATION_ITEM ( )  RATIONAL_B_SPLINE_CURVE ( ( 1.000000000000000000, 0.8889359011057884619, 0.8889359011057884619, 1.000000000000000000 ) ) 
 REPRESENTATION_ITEM ( '' )  );
#3006 = EDGE_LOOP ( 'NONE', ( #4898, #694, #6974, #3042 ) ) ;
#3007 = ORIENTED_EDGE ( 'NONE', *, *, #7432, .T. ) ;
#3008 = DIRECTION ( 'NONE',  ( 0.000000000000000000, 0.000000000000000000, -1.000000000000000000 ) ) ;
#3009 = VERTEX_POINT ( 'NONE', #524 ) ;
#3010 = LINE ( 'NONE', #7145, #1037 ) ;
#3011 = CARTESIAN_POINT ( 'NONE',  ( -35.19943192280939570, -43.35000000001214460, 23.40000000000000213 ) ) ;
#3012 = CARTESIAN_POINT ( 'NONE',  ( 9.750000000000003553, -28.50000000000000711, 5.000000000000000000 ) ) ;
#3013 = ORIENTED_EDGE ( 'NONE', *, *, #148, .F. ) ;
#3014 = EDGE_LOOP ( 'NONE', ( #14, #6956, #7445, #604, #5262, #5636 ) ) ;
#3015 = CARTESIAN_POINT ( 'NONE',  ( -5.657409683986881710, -68.81736380012756626, 37.73362890549918802 ) ) ;
#3016 = EDGE_LOOP ( 'NONE', ( #126, #913, #766, #5419 ) ) ;
#3017 = CARTESIAN_POINT ( 'NONE',  ( -15.05331104344908688, -70.30199226277841262, 6.596868884540119993 ) ) ;
#3018 = CARTESIAN_POINT ( 'NONE',  ( -30.40156909478859149, -57.60290964307443318, 5.000000000000000000 ) ) ;
#3019 = CARTESIAN_POINT ( 'NONE',  ( 11.24264068711930697, -48.00000000000000000, 9.000000000000000000 ) ) ;
#3020 = CIRCLE ( 'NONE', #6226, 0.5999999999999888756 ) ;
#3021 = CIRCLE ( 'NONE', #6562, 0.9999999999999991118 ) ;
#3022 = DIRECTION ( 'NONE',  ( 0.000000000000000000, 0.9510565162951553075, -0.3090169943749422332 ) ) ;
#3023 = CARTESIAN_POINT ( 'NONE',  ( -19.51366012283419238, -64.01099630969721943, 5.000000000000000000 ) ) ;
#3024 = B_SPLINE_CURVE_WITH_KNOTS ( 'NONE', 3,
 ( #3100, #1961, #5458, #847, #737, #3141, #284, #2497, #4319, #6660, #3748, #6081, #1359, #1921 ),
 .UNSPECIFIED., .F., .F.,
 ( 4, 2, 2, 1, 1, 2, 2, 4 ),
 ( 0.000000000000000000, 0.2499999999999868994, 0.3749999999999792388, 0.4374999999999765188, 0.4687499999999764078, 0.4843749999999762412, 0.4999999999999760192, 1.000000000000000000 ),
 .UNSPECIFIED. ) ;
#3025 = AXIS2_PLACEMENT_3D ( 'NONE', #2487, #5403, #315 ) ;
#3026 = EDGE_CURVE ( 'NONE', #7131, #2730, #587, .T. ) ;
#3027 = FACE_OUTER_BOUND ( 'NONE', #2316, .T. ) ;
#3028 = ORIENTED_EDGE ( 'NONE', *, *, #7190, .F. ) ;
#3029 = DIRECTION ( 'NONE',  ( 1.000000000000000000, 3.202566417187959410E-16, 0.000000000000000000 ) ) ;
#3030 = LINE ( 'NONE', #5376, #3031 ) ;
#3031 = VECTOR ( 'NONE', #179, 1000.000000000000000 ) ;
#3032 = VECTOR ( 'NONE', #5530, 1000.000000000000000 ) ;
#3033 = CARTESIAN_POINT ( 'NONE',  ( -11.18387233322414787, -68.74253300182759574, 11.55758065278063818 ) ) ;
#3034 = CARTESIAN_POINT ( 'NONE',  ( -8.799999999999997158, -29.80000000000001492, 33.75000000000000000 ) ) ;
#3035 = FACE_OUTER_BOUND ( 'NONE', #833, .T. ) ;
#3036 = VERTEX_POINT ( 'NONE', #6146 ) ;
#3037 = DIRECTION ( 'NONE',  ( 1.000000000000000000, 0.000000000000000000, 0.000000000000000000 ) ) ;
#3038 = ORIENTED_EDGE ( 'NONE', *, *, #1665, .F. ) ;
#3039 = B_SPLINE_CURVE_WITH_KNOTS ( 'NONE', 3,
 ( #6142, #2227, #7399, #1073, #1567, #5142 ),
 .UNSPECIFIED., .F., .F.,
 ( 4, 2, 4 ),
 ( 0.08003856088467563301, 0.09155160942692565362, 0.1030646579691756604 ),
 .UNSPECIFIED. ) ;
#3040 = ADVANCED_FACE ( 'NONE', ( #950 ), #3251, .T. ) ;
#3041 = EDGE_CURVE ( 'NONE', #314, #6894, #4420, .T. ) ;
#3042 = ORIENTED_EDGE ( 'NONE', *, *, #3804, .T. ) ;
#3043 = ORIENTED_EDGE ( 'NONE', *, *, #4332, .T. ) ;
#3044 = LINE ( 'NONE', #6682, #6034 ) ;
#3045 = ORIENTED_EDGE ( 'NONE', *, *, #1198, .F. ) ;
#3046 = DIRECTION ( 'NONE',  ( -1.000000000000000000, -1.060405324802234013E-15, 4.179535469586870317E-37 ) ) ;
#3047 = DIRECTION ( 'NONE',  ( 0.000000000000000000, 0.000000000000000000, 1.000000000000000000 ) ) ;
#3048 = EDGE_CURVE ( 'NONE', #7092, #4230, #3000, .T. ) ;
#3049 = CARTESIAN_POINT ( 'NONE',  ( -14.16356950122452574, -71.22004016905249557, 11.68843660094748493 ) ) ;
#3050 = CARTESIAN_POINT ( 'NONE',  ( 11.44072118919481440, -76.00000000000001421, 10.99999725673800199 ) ) ;
#3051 = VERTEX_POINT ( 'NONE', #7049 ) ;
#3052 = DIRECTION ( 'NONE',  ( 0.7071067811865472397, 0.000000000000000000, -0.7071067811865477948 ) ) ;
#3053 = ORIENTED_EDGE ( 'NONE', *, *, #16, .T. ) ;
#3054 = CARTESIAN_POINT ( 'NONE',  ( -34.65143501481389166, -52.59410034678616341, 5.753556018496659874 ) ) ;
#3055 = CARTESIAN_POINT ( 'NONE',  ( 9.523375690204746391, -43.05025253169415578, -1.813288857160449963 ) ) ;
#3056 = CARTESIAN_POINT ( 'NONE',  ( -4.949747468305823794, -43.05025253169417709, 9.000000000000000000 ) ) ;
#3057 = CARTESIAN_POINT ( 'NONE',  ( 3.787521345848996024, -73.35773208228360431, 4.999997217001169503 ) ) ;
#3058 = EDGE_CURVE ( 'NONE', #6377, #471, #4031, .T. ) ;
#3059 = CARTESIAN_POINT ( 'NONE',  ( 12.26637933012581705, -75.20000000000000284, 5.001282804481280486 ) ) ;
#3060 = DIRECTION ( 'NONE',  ( 1.000000000000000000, 3.202566417187959410E-16, 0.000000000000000000 ) ) ;
#3061 = VERTEX_POINT ( 'NONE', #5338 ) ;
#3062 = CARTESIAN_POINT ( 'NONE',  ( -24.62542671330803401, -35.24112581187017668, 37.79532378067801091 ) ) ;
#3063 = DIRECTION ( 'NONE',  ( 0.9510565162951517548, 3.045821659934626462E-16, -0.3090169943749529469 ) ) ;
#3064 = ORIENTED_EDGE ( 'NONE', *, *, #2392, .T. ) ;
#3066 = EDGE_LOOP ( 'NONE', ( #3394, #2349, #1796, #5155 ) ) ;
#3065 = CIRCLE ( 'NONE', #3923, 5.000000000000000888 ) ;
#3067 = CARTESIAN_POINT ( 'NONE',  ( 29.99999999999999645, -18.53011193365339793, 7.896432708413170687 ) ) ;
#3068 = EDGE_CURVE ( 'NONE', #5821, #7375, #4327, .T. ) ;
#3069 = CARTESIAN_POINT ( 'NONE',  ( -6.003173824600694708, -64.15000000000000568, 36.00000000000000000 ) ) ;
#3070 = CARTESIAN_POINT ( 'NONE',  ( -35.13604712011798625, -42.41833582047102169, 37.05029354652139517 ) ) ;
#3071 = VECTOR ( 'NONE', #4244, 999.9999999999998863 ) ;
#3072 = DIRECTION ( 'NONE',  ( -0.8236126967285821721, 0.5671526476950208284, 0.000000000000000000 ) ) ;
#3073 = DIRECTION ( 'NONE',  ( -1.000000000000000000, 0.000000000000000000, 0.000000000000000000 ) ) ;
#3074 = EDGE_LOOP ( 'NONE', ( #2377, #3603, #6919, #4212, #4740, #6443, #993 ) ) ;
#3075 = CARTESIAN_POINT ( 'NONE',  ( -34.97341131267899073, -41.42529348534763756, -1.410058709304299995 ) ) ;
#3076 = ORIENTED_EDGE ( 'NONE', *, *, #5280, .T. ) ;
#3077 = AXIS2_PLACEMENT_3D ( 'NONE', #1519, #6698, #6776 ) ;
#3078 = VECTOR ( 'NONE', #5482, 1000.000000000000000 ) ;
#3079 = CARTESIAN_POINT ( 'NONE',  ( 7.686159401251103766E-15, -48.00000000000000711, -1.000000000000000000 ) ) ;
#3080 = FACE_OUTER_BOUND ( 'NONE', #1505, .T. ) ;
#3081 = VERTEX_POINT ( 'NONE', #4597 ) ;
#3082 = VECTOR ( 'NONE', #4718, 1000.000000000000000 ) ;
#3083 = LINE ( 'NONE', #871, #3169 ) ;
#3084 = VERTEX_POINT ( 'NONE', #3534 ) ;
#3085 = EDGE_CURVE ( 'NONE', #5347, #117, #3088, .T. ) ;
#3086 = VECTOR ( 'NONE', #1256, 1000.000000000000000 ) ;
#3087 =( NAMED_UNIT ( * ) SI_UNIT ( $, .STERADIAN. ) SOLID_ANGLE_UNIT ( ) );
#3088 =( BOUNDED_CURVE ( )  B_SPLINE_CURVE ( 3, ( #5303, #6898, #3570, #6367 ),
 .UNSPECIFIED., .F., .T. ) 
 B_SPLINE_CURVE_WITH_KNOTS ( ( 4, 4 ),
 ( 3.202595695937138850E-16, 1.570796311506036158 ),
 .UNSPECIFIED. ) 
 CURVE ( )  GEOMETRIC_REPRESENTATION_ITEM ( )  RATIONAL_B_SPLINE_CURVE ( ( 1.000000000000000000, 0.8047378577279840073, 0.8047378577279840073, 1.000000000000000000 ) ) 
 REPRESENTATION_ITEM ( '' )  );
#3089 = FACE_OUTER_BOUND ( 'NONE', #4339, .T. ) ;
#3090 = DIRECTION ( 'NONE',  ( 1.000000000000000000, 0.000000000000000000, 0.000000000000000000 ) ) ;
#3091 = DIRECTION ( 'NONE',  ( 0.6996633405133679817, 2.240718317665656214E-16, -0.7144726796328010332 ) ) ;
#3092 = ORIENTED_EDGE ( 'NONE', *, *, #4506, .T. ) ;
#3093 = EDGE_LOOP ( 'NONE', ( #4025, #1856, #790, #4802, #3672 ) ) ;
#3094 = DIRECTION ( 'NONE',  ( -0.004276014937612214288, -4.168819047316408194E-17, 0.9999908578063368969 ) ) ;
#3095 = CARTESIAN_POINT ( 'NONE',  ( -5.287063285718977212, -32.00000000000000711, 36.71611053888170773 ) ) ;
#3096 = ADVANCED_FACE ( 'NONE', ( #3496 ), #5874, .F. ) ;
#3097 = AXIS2_PLACEMENT_3D ( 'NONE', #4416, #6289, #5656 ) ;
#3098 = PLANE ( 'NONE',  #5034 ) ;
#3099 = CARTESIAN_POINT ( 'NONE',  ( -13.59999999999998010, -89.00000000000002842, 13.25000000000000178 ) ) ;
#3100 = CARTESIAN_POINT ( 'NONE',  ( -27.20570393024559053, -60.63402381831531329, 37.35894263201620191 ) ) ;
#3101 = DIRECTION ( 'NONE',  ( 0.000000000000000000, 0.000000000000000000, -1.000000000000000000 ) ) ;
#3102 = PLANE ( 'NONE',  #5737 ) ;
#3103 = VECTOR ( 'NONE', #3663, 1000.000000000000000 ) ;
#3104 = EDGE_LOOP ( 'NONE', ( #6129, #4199, #2478, #2225 ) ) ;
#3105 = DIRECTION ( 'NONE',  ( 9.896474485255559173E-17, -0.3090169943749439541, 0.9510565162951546414 ) ) ;
#3106 = EDGE_CURVE ( 'NONE', #2207, #1168, #3182, .T. ) ;
#3107 = CARTESIAN_POINT ( 'NONE',  ( 11.00000000000000178, -28.50000000000000711, 5.000000000000000000 ) ) ;
#3108 = CARTESIAN_POINT ( 'NONE',  ( -9.749999999999989342, -67.50000000000000000, 5.000000000000000000 ) ) ;
#3109 = CARTESIAN_POINT ( 'NONE',  ( -13.59999999999998721, -64.15000000000000568, 13.25000000000000178 ) ) ;
#3110 = VECTOR ( 'NONE', #7319, 1000.000000000000000 ) ;
#3111 = CARTESIAN_POINT ( 'NONE',  ( -11.65245293393333448, -67.59949531252242139, 37.94988621784958127 ) ) ;
#3112 = CARTESIAN_POINT ( 'NONE',  ( 0.1999096512316226315, -24.00000000000001421, 37.95000000000000284 ) ) ;
#3113 = CARTESIAN_POINT ( 'NONE',  ( -8.799999999999997158, -29.80000000000001492, 13.25000000000000000 ) ) ;
#3114 = CARTESIAN_POINT ( 'NONE',  ( 7.686159401251103766E-15, -48.00000000000000711, -1.000000000000000000 ) ) ;
#3115 = LINE ( 'NONE', #6060, #3693 ) ;
#3116 = DIRECTION ( 'NONE',  ( 1.601283208593979705E-16, -1.000000000000000000, 0.000000000000000000 ) ) ;
#3117 = ORIENTED_EDGE ( 'NONE', *, *, #5036, .T. ) ;
#3118 = ADVANCED_FACE ( 'NONE', ( #1680 ), #1187, .F. ) ;
#3119 = CARTESIAN_POINT ( 'NONE',  ( -24.84320544877420645, -46.80000000000003268, 39.84112177433765822 ) ) ;
#3120 = ORIENTED_EDGE ( 'NONE', *, *, #691, .F. ) ;
#3121 = ORIENTED_EDGE ( 'NONE', *, *, #2198, .T. ) ;
#3122 = DIRECTION ( 'NONE',  ( -1.000000000000000000, -3.202566417187959410E-16, 0.000000000000000000 ) ) ;
#3123 = ORIENTED_EDGE ( 'NONE', *, *, #5567, .T. ) ;
#3124 = LINE ( 'NONE', #3657, #4616 ) ;
#3125 = ORIENTED_EDGE ( 'NONE', *, *, #2946, .T. ) ;
#3126 = EDGE_CURVE ( 'NONE', #961, #5344, #6779, .T. ) ;
#3127 = CARTESIAN_POINT ( 'NONE',  ( 11.00000000000000178, -28.50000000000000711, 13.00000000000000178 ) ) ;
#3128 = CARTESIAN_POINT ( 'NONE',  ( 7.188670157948612527, -55.23606004313081286, 3.000000000000000000 ) ) ;
#3129 = LINE ( 'NONE', #2642, #3078 ) ;
#3130 = DIRECTION ( 'NONE',  ( 1.000000000000000000, 4.557819132794839459E-16, 0.000000000000000000 ) ) ;
#3131 = ORIENTED_EDGE ( 'NONE', *, *, #2531, .F. ) ;
#3132 = ORIENTED_EDGE ( 'NONE', *, *, #7108, .T. ) ;
#3133 = DIRECTION ( 'NONE',  ( -0.7431448254773871387, -2.379970661180887084E-16, -0.6691306063588661202 ) ) ;
#3134 = ORIENTED_EDGE ( 'NONE', *, *, #4885, .F. ) ;
#3135 = CARTESIAN_POINT ( 'NONE',  ( -35.20000890205219690, -52.59975678002230381, 8.000000000000000000 ) ) ;
#3136 = CARTESIAN_POINT ( 'NONE',  ( -33.79344353258089484, -57.16974293838975996, 37.05029288986879976 ) ) ;
#3137 =( BOUNDED_CURVE ( )  B_SPLINE_CURVE ( 3, ( #1165, #4737, #2895, #1236 ),
 .UNSPECIFIED., .F., .T. ) 
 B_SPLINE_CURVE_WITH_KNOTS ( ( 4, 4 ),
 ( 3.367377608287238060E-16, 1.570796326794897002 ),
 .UNSPECIFIED. ) 
 CURVE ( )  GEOMETRIC_REPRESENTATION_ITEM ( )  RATIONAL_B_SPLINE_CURVE ( ( 1.000000000000000000, 0.8047378541243649375, 0.8047378541243649375, 1.000000000000000000 ) ) 
 REPRESENTATION_ITEM ( '' )  );
#3138 = LINE ( 'NONE', #4903, #3524 ) ;
#3139 = DIRECTION ( 'NONE',  ( -9.896474485255530823E-17, 0.3090169943749430104, 0.9510565162951549745 ) ) ;
#3140 = CARTESIAN_POINT ( 'NONE',  ( -19.50961644153556307, -65.25215194849627665, 5.178610916121376917 ) ) ;
#3141 = CARTESIAN_POINT ( 'NONE',  ( -28.94258406430740749, -60.42369155149896898, 36.96882781571349597 ) ) ;
#3142 = EDGE_CURVE ( 'NONE', #1891, #2521, #6888, .T. ) ;
#3143 = EDGE_CURVE ( 'NONE', #4301, #5797, #65, .T. ) ;
#3144 = CARTESIAN_POINT ( 'NONE',  ( 0.1999096512316237140, -28.35288383693520586, 37.94999999999998863 ) ) ;
#3145 = FACE_OUTER_BOUND ( 'NONE', #972, .T. ) ;
#3146 = ORIENTED_EDGE ( 'NONE', *, *, #6115, .T. ) ;
#3147 = LINE ( 'NONE', #289, #6624 ) ;
#3148 = DIRECTION ( 'NONE',  ( 0.000000000000000000, 0.000000000000000000, -1.000000000000000000 ) ) ;
#3149 = VERTEX_POINT ( 'NONE', #3427 ) ;
#3150 = FACE_OUTER_BOUND ( 'NONE', #6979, .T. ) ;
#3151 = EDGE_CURVE ( 'NONE', #6416, #6414, #3913, .T. ) ;
#3152 = CIRCLE ( 'NONE', #3025, 5.000000000000000888 ) ;
#3153 = CARTESIAN_POINT ( 'NONE',  ( -21.83722406390289095, -43.26718681530833521, 37.94999999999999574 ) ) ;
#3154 = CARTESIAN_POINT ( 'NONE',  ( 8.597552237779744644, -72.48870083988784074, 5.001282804481280486 ) ) ;
#3155 = CARTESIAN_POINT ( 'NONE',  ( 2.338612301145646111, -31.85000000000001563, 33.06520399692493584 ) ) ;
#3156 = PLANE ( 'NONE',  #1893 ) ;
#3157 = ORIENTED_EDGE ( 'NONE', *, *, #7162, .F. ) ;
#3158 = CARTESIAN_POINT ( 'NONE',  ( -31.37841071290609918, -36.51942434664481851, 36.65201770801969872 ) ) ;
#3159 = ORIENTED_EDGE ( 'NONE', *, *, #6917, .T. ) ;
#3160 = VECTOR ( 'NONE', #6613, 1000.000000000000000 ) ;
#3161 = ADVANCED_FACE ( 'NONE', ( #2844, #2303, #2271, #4680, #4258, #3196 ), #3156, .F. ) ;
#3162 = DIRECTION ( 'NONE',  ( -1.000000000000000000, 0.000000000000000000, -6.938893903907222067E-15 ) ) ;
#3163 = VERTEX_POINT ( 'NONE', #4759 ) ;
#3164 = VECTOR ( 'NONE', #6669, 1000.000000000000114 ) ;
#3165 = FACE_OUTER_BOUND ( 'NONE', #7210, .T. ) ;
#3166 = ORIENTED_EDGE ( 'NONE', *, *, #2337, .T. ) ;
#3167 = DIRECTION ( 'NONE',  ( -0.3090169943749502823, 0.000000000000000000, -0.9510565162951525320 ) ) ;
#3168 = VERTEX_POINT ( 'NONE', #1451 ) ;
#3169 = VECTOR ( 'NONE', #834, 1000.000000000000000 ) ;
#3170 = CARTESIAN_POINT ( 'NONE',  ( 14.05459232383727119, -26.61666666666667069, 10.56333587814419950 ) ) ;
#3171 = CARTESIAN_POINT ( 'NONE',  ( 58.97731959999371298, -66.04999999999998295, 14.20000000000000107 ) ) ;
#3172 = EDGE_CURVE ( 'NONE', #6375, #6728, #4694, .T. ) ;
#3173 = FACE_OUTER_BOUND ( 'NONE', #1907, .T. ) ;
#3174 = ORIENTED_EDGE ( 'NONE', *, *, #6967, .T. ) ;
#3175 = VERTEX_POINT ( 'NONE', #783 ) ;
#3176 = ORIENTED_EDGE ( 'NONE', *, *, #5066, .F. ) ;
#3177 = LINE ( 'NONE', #7224, #6761 ) ;
#3178 = CARTESIAN_POINT ( 'NONE',  ( -32.68924150670797246, -58.44849598181685479, 36.74369009429533861 ) ) ;
#3179 = CARTESIAN_POINT ( 'NONE',  ( -11.06074065087061165, -71.99246739793527183, 11.67816010480783895 ) ) ;
#3180 = LINE ( 'NONE', #6774, #70 ) ;
#3181 = LINE ( 'NONE', #5014, #3086 ) ;
#3182 = B_SPLINE_CURVE_WITH_KNOTS ( 'NONE', 3,
 ( #6442, #5836, #5907, #2920, #4069, #6971, #5803, #713, #108, #6405, #6932, #1147, #1822, #3462 ),
 .UNSPECIFIED., .F., .F.,
 ( 4, 2, 2, 1, 1, 2, 2, 4 ),
 ( 0.000000000000000000, 0.2500000000000279776, 0.3750000000000426326, 0.4375000000000489608, 0.4687500000000530131, 0.4843750000000530687, 0.5000000000000531797, 1.000000000000000000 ),
 .UNSPECIFIED. ) ;
#3183 = DIRECTION ( 'NONE',  ( -1.000000000000000000, -1.601283208593979705E-16, 0.000000000000000000 ) ) ;
#3184 = ORIENTED_EDGE ( 'NONE', *, *, #6456, .F. ) ;
#3185 = CARTESIAN_POINT ( 'NONE',  ( -7.943570505668452242, -26.00054196379971216, 35.77645713530759508 ) ) ;
#3186 = EDGE_CURVE ( 'NONE', #3163, #5223, #6508, .T. ) ;
#3187 = CARTESIAN_POINT ( 'NONE',  ( -7.688719810879248051, -25.97168222021857886, 35.66875110596922838 ) ) ;
#3188 = FACE_BOUND ( 'NONE', #673, .T. ) ;
#3189 = DIRECTION ( 'NONE',  ( 1.000000000000000000, 0.000000000000000000, 0.000000000000000000 ) ) ;
#3190 = DIRECTION ( 'NONE',  ( -1.858904598392799890E-15, -5.953265439569051823E-31, -1.000000000000000000 ) ) ;
#3191 = CARTESIAN_POINT ( 'NONE',  ( -4.538921568616610003, -64.15000000000000568, 32.84999999999999432 ) ) ;
#3192 = CARTESIAN_POINT ( 'NONE',  ( 7.686159401251103766E-15, -48.00000000000000711, 3.000000000000000000 ) ) ;
#3193 = CARTESIAN_POINT ( 'NONE',  ( -27.73616232194079245, -43.26718681530833521, 37.23629170575920000 ) ) ;
#3194 = DIRECTION ( 'NONE',  ( -1.000000000000000000, 0.000000000000000000, 0.000000000000000000 ) ) ;
#3195 = CARTESIAN_POINT ( 'NONE',  ( 8.571901410670593080, -72.48870083988784074, 10.99999725673800199 ) ) ;
#3196 = FACE_BOUND ( 'NONE', #4403, .T. ) ;
#3197 = ORIENTED_EDGE ( 'NONE', *, *, #2491, .T. ) ;
#3198 = FACE_OUTER_BOUND ( 'NONE', #5724, .T. ) ;
#3199 = ORIENTED_EDGE ( 'NONE', *, *, #1835, .F. ) ;
#3200 = EDGE_CURVE ( 'NONE', #2304, #5950, #5914, .T. ) ;
#3201 = VECTOR ( 'NONE', #4586, 1000.000000000000000 ) ;
#3202 = CARTESIAN_POINT ( 'NONE',  ( 4.949747468305815801, -43.05025253169415578, 3.000000000000000000 ) ) ;
#3203 = CARTESIAN_POINT ( 'NONE',  ( -10.71366012283418456, -72.00000000000001421, 14.48195353061081825 ) ) ;
#3204 = CARTESIAN_POINT ( 'NONE',  ( -31.04316910414182118, -37.35604503119742503, 5.879189953096523702 ) ) ;
#3205 = CARTESIAN_POINT ( 'NONE',  ( 0.1999096512316237140, -28.35288383693520586, 37.94999999999998863 ) ) ;
#3206 = ORIENTED_EDGE ( 'NONE', *, *, #3559, .T. ) ;
#3207 = DIRECTION ( 'NONE',  ( 1.000000000000000000, 3.202566417187959410E-16, 0.000000000000000000 ) ) ;
#3208 = ORIENTED_EDGE ( 'NONE', *, *, #1885, .T. ) ;
#3209 = VECTOR ( 'NONE', #5973, 1000.000000000000000 ) ;
#3210 = CIRCLE ( 'NONE', #1392, 1.599999999999999867 ) ;
#3211 = CARTESIAN_POINT ( 'NONE',  ( 9.224268440719663786, -31.85000000000000497, 19.49577604377380169 ) ) ;
#3212 = LINE ( 'NONE', #800, #709 ) ;
#3213 = ORIENTED_EDGE ( 'NONE', *, *, #6131, .F. ) ;
#3214 = VERTEX_POINT ( 'NONE', #6062 ) ;
#3215 = ORIENTED_EDGE ( 'NONE', *, *, #1328, .T. ) ;
#3216 = CARTESIAN_POINT ( 'NONE',  ( 7.188670157948608974, -50.66343489348086848, 3.000000000000000000 ) ) ;
#3217 = AXIS2_PLACEMENT_3D ( 'NONE', #6528, #4270, #3623 ) ;
#3218 = CARTESIAN_POINT ( 'NONE',  ( -32.53000569874680536, -52.58864967379266631, 5.000001644913103505 ) ) ;
#3219 = AXIS2_PLACEMENT_3D ( 'NONE', #4068, #1752, #2269 ) ;
#3220 = EDGE_CURVE ( 'NONE', #7173, #2939, #1855, .T. ) ;
#3221 = CARTESIAN_POINT ( 'NONE',  ( -5.801549693210502845, -38.29326573770972431, 13.39289453592656010 ) ) ;
#3222 = FACE_OUTER_BOUND ( 'NONE', #3845, .T. ) ;
#3223 = VECTOR ( 'NONE', #2628, 1000.000000000000000 ) ;
#3224 = CARTESIAN_POINT ( 'NONE',  ( -14.99999999999999289, -48.35000000000000853, 23.40000000000000213 ) ) ;
#3225 = CARTESIAN_POINT ( 'NONE',  ( 12.84500380910622575, -31.84999999999999787, 12.79999817115866634 ) ) ;
#3226 = DIRECTION ( 'NONE',  ( -0.000000000000000000, -0.000000000000000000, -1.000000000000000000 ) ) ;
#3227 = DIRECTION ( 'NONE',  ( -1.000000000000000000, -3.202566417187959410E-16, 0.000000000000000000 ) ) ;
#3228 = ORIENTED_EDGE ( 'NONE', *, *, #3311, .T. ) ;
#3229 = AXIS2_PLACEMENT_3D ( 'NONE', #6398, #5183, #138 ) ;
#3230 = DIRECTION ( 'NONE',  ( -3.202566417187959410E-16, 1.000000000000000000, 0.000000000000000000 ) ) ;
#3231 = ADVANCED_FACE ( 'NONE', ( #1329 ), #903, .F. ) ;
#3232 = CYLINDRICAL_SURFACE ( 'NONE', #5537, 1.249999999999997558 ) ;
#3233 = CARTESIAN_POINT ( 'NONE',  ( -15.00000000000000711, -30.65000000000001279, 16.40000000000000213 ) ) ;
#3234 = LINE ( 'NONE', #6746, #4612 ) ;
#3235 = VECTOR ( 'NONE', #2033, 1000.000000000000000 ) ;
#3236 = PLANE ( 'NONE',  #753 ) ;
#3237 = DIRECTION ( 'NONE',  ( 3.202566417187959410E-16, -1.000000000000000000, 0.000000000000000000 ) ) ;
#3238 = CARTESIAN_POINT ( 'NONE',  ( 19.99999932944770009, -27.00000000000000000, 10.99999725673800199 ) ) ;
#3239 = CARTESIAN_POINT ( 'NONE',  ( 7.686159401251103766E-15, -48.00000000000000711, 9.000000000000000000 ) ) ;
#3240 = EDGE_LOOP ( 'NONE', ( #1194, #5296, #6714, #5158, #4105, #5032, #3131, #5814, #6315, #4186, #5282 ) ) ;
#3241 = DIRECTION ( 'NONE',  ( -0.5773502691896257311, -0.5773502691896237327, 0.5773502691896278405 ) ) ;
#3242 = ORIENTED_EDGE ( 'NONE', *, *, #4277, .F. ) ;
#3243 = AXIS2_PLACEMENT_3D ( 'NONE', #1412, #5984, #3073 ) ;
#3244 = B_SPLINE_CURVE_WITH_KNOTS ( 'NONE', 3,
 ( #1647, #2808, #2850, #568, #5195, #2, #4205, #1177, #3599 ),
 .UNSPECIFIED., .F., .F.,
 ( 4, 1, 1, 1, 1, 1, 4 ),
 ( 0.001305022516246199952, 0.06578186454248970139, 0.1289948134595309825, 0.1906019470354349821, 0.2511515412992809670, 0.3709848317282010144, 0.5139302642766390150 ),
 .UNSPECIFIED. ) ;
#3245 = CARTESIAN_POINT ( 'NONE',  ( -32.32617032655349476, -40.36906492875938568, 5.000000000000000000 ) ) ;
#3246 = ADVANCED_FACE ( 'NONE', ( #3035 ), #2425, .F. ) ;
#3247 = PLANE ( 'NONE',  #394 ) ;
#3248 = EDGE_CURVE ( 'NONE', #759, #6936, #5508, .T. ) ;
#3249 = CARTESIAN_POINT ( 'NONE',  ( 19.99999932944771430, -69.00000000000000000, 7.999997256737990448 ) ) ;
#3250 = VECTOR ( 'NONE', #6962, 1000.000000000000000 ) ;
#3251 = PLANE ( 'NONE',  #3957 ) ;
#3252 = VERTEX_POINT ( 'NONE', #7243 ) ;
#3253 = CARTESIAN_POINT ( 'NONE',  ( -35.07461054581069249, -54.24280819355317362, 37.05029354652150175 ) ) ;
#3254 = DIRECTION ( 'NONE',  ( 0.7144726796328046969, 0.6996633405133640959, -0.000000000000000000 ) ) ;
#3255 = VERTEX_POINT ( 'NONE', #7167 ) ;
#3256 = CARTESIAN_POINT ( 'NONE',  ( 8.881586416291366248, -24.00000000000000355, 20.13161257631690049 ) ) ;
#3257 = FACE_OUTER_BOUND ( 'NONE', #6990, .T. ) ;
#3258 = CARTESIAN_POINT ( 'NONE',  ( -32.84687460790479463, -37.70430083289192424, 36.77315254049773330 ) ) ;
#3259 = EDGE_CURVE ( 'NONE', #7223, #6460, #749, .T. ) ;
#3260 = CARTESIAN_POINT ( 'NONE',  ( -8.485281374238544672, -56.48528137423859619, 5.000000000000000000 ) ) ;
#3261 = ORIENTED_EDGE ( 'NONE', *, *, #851, .F. ) ;
#3262 = B_SPLINE_CURVE_WITH_KNOTS ( 'NONE', 3,
 ( #1366, #6439, #778, #7086, #5870, #5424 ),
 .UNSPECIFIED., .F., .F.,
 ( 4, 2, 4 ),
 ( 0.000000000000000000, 0.2500004812654085806, 0.5000009625308171612 ),
 .UNSPECIFIED. ) ;
#3263 = ORIENTED_EDGE ( 'NONE', *, *, #6338, .T. ) ;
#3264 = CARTESIAN_POINT ( 'NONE',  ( -16.00000000000000000, -48.97056274847717106, 5.000000000000000000 ) ) ;
#3265 = DIRECTION ( 'NONE',  ( -0.004276014937612759859, -1.369422183859269084E-18, 0.9999908578063368969 ) ) ;
#3266 =( BOUNDED_CURVE ( )  B_SPLINE_CURVE ( 3, ( #735, #4863, #4279, #1395 ),
 .UNSPECIFIED., .F., .T. ) 
 B_SPLINE_CURVE_WITH_KNOTS ( ( 4, 4 ),
 ( 4.712388980384689674, 6.283185307179586232 ),
 .UNSPECIFIED. ) 
 CURVE ( )  GEOMETRIC_REPRESENTATION_ITEM ( )  RATIONAL_B_SPLINE_CURVE ( ( 1.000000000000000000, 0.8047378541243649375, 0.8047378541243649375, 1.000000000000000000 ) ) 
 REPRESENTATION_ITEM ( '' )  );
#3267 = VERTEX_POINT ( 'NONE', #5381 ) ;
#3268 = CARTESIAN_POINT ( 'NONE',  ( -19.35223104377478975, -66.95324083609624211, 6.111976752477392694 ) ) ;
#3269 = DIRECTION ( 'NONE',  ( 0.000000000000000000, -0.7071067811865487940, -0.7071067811865461294 ) ) ;
#3270 = EDGE_CURVE ( 'NONE', #1461, #5829, #6170, .T. ) ;
#3271 = LINE ( 'NONE', #968, #2351 ) ;
#3272 = CARTESIAN_POINT ( 'NONE',  ( 12.24448578470273929, -71.12132034355965970, 10.12131760029763150 ) ) ;
#3273 = PLANE ( 'NONE',  #1593 ) ;
#3274 = ORIENTED_EDGE ( 'NONE', *, *, #1035, .T. ) ;
#3275 = DIRECTION ( 'NONE',  ( -1.000000000000000000, 0.000000000000000000, 1.734723475976805517E-15 ) ) ;
#3276 = CARTESIAN_POINT ( 'NONE',  ( 12.26637933012581350, -62.00000000000000711, 5.000282804481280152 ) ) ;
#3277 = CARTESIAN_POINT ( 'NONE',  ( -11.10231741850038567, -67.64711616306480835, 37.94999999999999574 ) ) ;
#3278 = CARTESIAN_POINT ( 'NONE',  ( -6.736162321940785347, -40.17658806260985926, 2.541980630201659874 ) ) ;
#3279 = CARTESIAN_POINT ( 'NONE',  ( -1.604783573441364686, -72.00000000000001421, 10.99999725673800199 ) ) ;
#3280 = CARTESIAN_POINT ( 'NONE',  ( -2.227610423385024685, -72.00000000000001421, 28.31033288373339829 ) ) ;
#3281 = EDGE_CURVE ( 'NONE', #4112, #1823, #1292, .T. ) ;
#3282 = DIRECTION ( 'NONE',  ( 3.202566417187959410E-16, -1.000000000000000000, 0.000000000000000000 ) ) ;
#3283 = ORIENTED_EDGE ( 'NONE', *, *, #2403, .T. ) ;
#3284 = CARTESIAN_POINT ( 'NONE',  ( -13.65685424949238502, -44.68629150101524061, 2.656854249492379250 ) ) ;
#3285 = VERTEX_POINT ( 'NONE', #4336 ) ;
#3286 = FACE_OUTER_BOUND ( 'NONE', #4373, .T. ) ;
#3287 = DIRECTION ( 'NONE',  ( 3.202566417187959410E-16, -1.000000000000000000, 0.000000000000000000 ) ) ;
#3288 = VERTEX_POINT ( 'NONE', #6675 ) ;
#3289 = AXIS2_PLACEMENT_3D ( 'NONE', #31, #2841, #6291 ) ;
#3290 = DIRECTION ( 'NONE',  ( 3.202566417187959410E-16, -1.000000000000000000, -0.000000000000000000 ) ) ;
#3291 = ORIENTED_EDGE ( 'NONE', *, *, #3682, .T. ) ;
#3292 = AXIS2_PLACEMENT_3D ( 'NONE', #2932, #760, #6380 ) ;
#3293 = EDGE_CURVE ( 'NONE', #2356, #4116, #2546, .T. ) ;
#3294 = EDGE_CURVE ( 'NONE', #6268, #5135, #495, .T. ) ;
#3295 = CARTESIAN_POINT ( 'NONE',  ( 8.196222367434783607, -31.85000000000000497, 21.40328564140308742 ) ) ;
#3296 = ORIENTED_EDGE ( 'NONE', *, *, #1007, .T. ) ;
#3297 = ADVANCED_BREP_SHAPE_REPRESENTATION ( 'Wrist_Roll_SO102', ( #303, #5433 ), #946 ) ;
#3298 = VECTOR ( 'NONE', #966, 1000.000000000000000 ) ;
#3299 = DIRECTION ( 'NONE',  ( 0.6971683786528052318, -0.7169074220613278481, 0.000000000000000000 ) ) ;
#3300 = ORIENTED_EDGE ( 'NONE', *, *, #7054, .F. ) ;
#3301 = ADVANCED_FACE ( 'NONE', ( #544 ), #2867, .F. ) ;
#3302 = CARTESIAN_POINT ( 'NONE',  ( -10.71366012283418456, -72.00000000000001421, 12.01804646938921373 ) ) ;
#3303 = CARTESIAN_POINT ( 'NONE',  ( -19.28218098179797835, -67.23129837852816593, 6.366186248373676193 ) ) ;
#3304 = CARTESIAN_POINT ( 'NONE',  ( -11.10231741850039988, -26.00054196379971216, 35.77645713530759508 ) ) ;
#3305 = LINE ( 'NONE', #5644, #4061 ) ;
#3306 = VERTEX_POINT ( 'NONE', #2215 ) ;
#3307 = DIRECTION ( 'NONE',  ( 0.000000000000000000, 0.000000000000000000, -1.000000000000000000 ) ) ;
#3308 = DIRECTION ( 'NONE',  ( 0.000000000000000000, 0.000000000000000000, -1.000000000000000000 ) ) ;
#3309 = ORIENTED_EDGE ( 'NONE', *, *, #1167, .F. ) ;
#3310 = DIRECTION ( 'NONE',  ( -1.000000000000000000, 0.000000000000000000, 0.000000000000000000 ) ) ;
#3311 = EDGE_CURVE ( 'NONE', #5475, #2096, #3415, .T. ) ;
#3312 = CARTESIAN_POINT ( 'NONE',  ( 9.523375690204773036, -52.94974746830584422, 9.000000000000000000 ) ) ;
#3313 = FACE_OUTER_BOUND ( 'NONE', #868, .T. ) ;
#3314 = CARTESIAN_POINT ( 'NONE',  ( 7.806039157420586072, -72.00000000000001421, 17.76024659125789995 ) ) ;
#3315 = DIRECTION ( 'NONE',  ( 1.000000000000000000, 0.000000000000000000, 0.000000000000000000 ) ) ;
#3316 = ORIENTED_EDGE ( 'NONE', *, *, #5501, .T. ) ;
#3317 = DIRECTION ( 'NONE',  ( 0.000000000000000000, 0.000000000000000000, -1.000000000000000000 ) ) ;
#3318 = ORIENTED_EDGE ( 'NONE', *, *, #500, .T. ) ;
#3319 = ADVANCED_FACE ( 'NONE', ( #4545 ), #1741, .F. ) ;
#3320 = VECTOR ( 'NONE', #129, 1000.000000000000000 ) ;
#3321 = CARTESIAN_POINT ( 'NONE',  ( 4.949747468305839782, -52.94974746830583712, -8.485281374238569541 ) ) ;
#3322 = CARTESIAN_POINT ( 'NONE',  ( -5.754360833654087237, -64.15000000000000568, 38.00000000000000000 ) ) ;
#3323 = FACE_OUTER_BOUND ( 'NONE', #3869, .T. ) ;
#3324 = EDGE_LOOP ( 'NONE', ( #1323, #3146, #4658, #6075 ) ) ;
#3325 = CARTESIAN_POINT ( 'NONE',  ( 8.597552236139115678, -72.48870083600399994, 5.000279975879919903 ) ) ;
#3326 = VERTEX_POINT ( 'NONE', #5588 ) ;
#3327 = ORIENTED_EDGE ( 'NONE', *, *, #940, .T. ) ;
#3328 = LINE ( 'NONE', #2743, #3374 ) ;
#3329 = ORIENTED_EDGE ( 'NONE', *, *, #6701, .F. ) ;
#3330 =( NAMED_UNIT ( * ) SI_UNIT ( $, .STERADIAN. ) SOLID_ANGLE_UNIT ( ) );
#3331 = EDGE_CURVE ( 'NONE', #2476, #5449, #340, .T. ) ;
#3332 = VECTOR ( 'NONE', #687, 1000.000000000000000 ) ;
#3333 = LINE ( 'NONE', #4356, #37 ) ;
#3334 = VECTOR ( 'NONE', #5851, 1000.000000000000000 ) ;
#3335 = CYLINDRICAL_SURFACE ( 'NONE', #7355, 3.000000000000003553 ) ;
#3336 = CARTESIAN_POINT ( 'NONE',  ( -24.14543928657439054, -60.80542733354677409, 37.84406407986782028 ) ) ;
#3337 = VECTOR ( 'NONE', #7366, 1000.000000000000000 ) ;
#3338 = ADVANCED_FACE ( 'NONE', ( #2824 ), #4016, .F. ) ;
#3339 = CARTESIAN_POINT ( 'NONE',  ( -10.70979040663029913, -32.00000000000001421, 11.00000000000000000 ) ) ;
#3340 = ADVANCED_FACE ( 'NONE', ( #1172 ), #5109, .F. ) ;
#3341 = ORIENTED_EDGE ( 'NONE', *, *, #2663, .F. ) ;
#3342 = VECTOR ( 'NONE', #1326, 1000.000000000000114 ) ;
#3343 = CARTESIAN_POINT ( 'NONE',  ( -12.59999999999998010, -89.00000000000002842, 13.25000000000000000 ) ) ;
#3344 = VECTOR ( 'NONE', #1295, 1000.000000000000000 ) ;
#3345 = CARTESIAN_POINT ( 'NONE',  ( 3.349747468305839249, -52.94974746830583712, 3.000000000000000000 ) ) ;
#3346 = CARTESIAN_POINT ( 'NONE',  ( -11.06074065087061165, -66.25147664285694304, 11.67816010480783895 ) ) ;
#3347 = ORIENTED_EDGE ( 'NONE', *, *, #2209, .T. ) ;
#3348 = CARTESIAN_POINT ( 'NONE',  ( 14.63918306230699784, -24.38418241849115375, 9.482363261707389412 ) ) ;
#3349 = DIRECTION ( 'NONE',  ( 0.000000000000000000, 0.000000000000000000, -1.000000000000000000 ) ) ;
#3350 = EDGE_CURVE ( 'NONE', #7322, #7273, #3020, .T. ) ;
#3351 = ORIENTED_EDGE ( 'NONE', *, *, #1721, .T. ) ;
#3352 = CARTESIAN_POINT ( 'NONE',  ( -0.5220383421728549411, -52.80685293237934275, -1.813288857160449963 ) ) ;
#3353 = ORIENTED_EDGE ( 'NONE', *, *, #6487, .T. ) ;
#3354 = CARTESIAN_POINT ( 'NONE',  ( -33.09495562595999729, -37.81987586333871576, 8.000000000000000000 ) ) ;
#3355 = FACE_OUTER_BOUND ( 'NONE', #2238, .T. ) ;
#3356 = EDGE_CURVE ( 'NONE', #2006, #2407, #2626, .T. ) ;
#3357 = CARTESIAN_POINT ( 'NONE',  ( 8.192181357797021946, -72.00000000000001421, 5.001282804481278710 ) ) ;
#3358 = CARTESIAN_POINT ( 'NONE',  ( -27.73616232194079245, -52.73281318469169321, 37.94999999999999574 ) ) ;
#3359 = ORIENTED_EDGE ( 'NONE', *, *, #4207, .T. ) ;
#3360 = AXIS2_PLACEMENT_3D ( 'NONE', #6, #2278, #4607 ) ;
#3361 = CIRCLE ( 'NONE', #5444, 1.000000000000000000 ) ;
#3362 = DIRECTION ( 'NONE',  ( -0.7071067811865492381, 0.000000000000000000, -0.7071067811865456854 ) ) ;
#3363 = ORIENTED_EDGE ( 'NONE', *, *, #6966, .F. ) ;
#3364 = CARTESIAN_POINT ( 'NONE',  ( 0.6522019168521929755, -31.85000000000001563, 36.89211096816247704 ) ) ;
#3365 = ORIENTED_EDGE ( 'NONE', *, *, #1178, .T. ) ;
#3366 = CYLINDRICAL_SURFACE ( 'NONE', #1337, 3.000000000000000444 ) ;
#3367 = CARTESIAN_POINT ( 'NONE',  ( -33.11069832228027110, -37.97638949452647950, 36.83215276708866526 ) ) ;
#3368 = CARTESIAN_POINT ( 'NONE',  ( -32.19999999999999574, -56.00000000000002132, 5.000000000000000000 ) ) ;
#3369 = ORIENTED_EDGE ( 'NONE', *, *, #5106, .T. ) ;
#3370 = CARTESIAN_POINT ( 'NONE',  ( 5.061061474977006647, -76.00000000000001421, 4.999997203639809484 ) ) ;
#3371 = VERTEX_POINT ( 'NONE', #2290 ) ;
#3372 = EDGE_CURVE ( 'NONE', #3396, #2276, #6180, .T. ) ;
#3373 = CARTESIAN_POINT ( 'NONE',  ( -12.59999999999998543, -66.20000000000000284, 33.75000000000000000 ) ) ;
#3374 = VECTOR ( 'NONE', #7446, 999.9999999999998863 ) ;
#3375 = CARTESIAN_POINT ( 'NONE',  ( -16.31135189102170457, -27.15508317520191994, 36.66092661948609788 ) ) ;
#3376 = ORIENTED_EDGE ( 'NONE', *, *, #5187, .T. ) ;
#3377 = CARTESIAN_POINT ( 'NONE',  ( -22.72491016525901841, -61.07643210880593188, 37.93442900944669560 ) ) ;
#3378 = DIRECTION ( 'NONE',  ( 0.000000000000000000, -0.000000000000000000, 1.000000000000000000 ) ) ;
#3379 = VERTEX_POINT ( 'NONE', #7491 ) ;
#3380 = EDGE_CURVE ( 'NONE', #5198, #7184, #2082, .T. ) ;
#3381 = FACE_BOUND ( 'NONE', #1148, .T. ) ;
#3382 = EDGE_CURVE ( 'NONE', #5321, #1879, #6918, .T. ) ;
#3383 = DIRECTION ( 'NONE',  ( -0.000000000000000000, 0.000000000000000000, 1.000000000000000000 ) ) ;
#3384 = LINE ( 'NONE', #454, #6523 ) ;
#3385 = ORIENTED_EDGE ( 'NONE', *, *, #3931, .F. ) ;
#3386 = CARTESIAN_POINT ( 'NONE',  ( 1.684255131745122203, -25.66375340841848995, 34.51954513521700818 ) ) ;
#3387 = EDGE_LOOP ( 'NONE', ( #6543, #7084, #6991, #776 ) ) ;
#3388 = CARTESIAN_POINT ( 'NONE',  ( -34.64870281040589362, -43.08979606620790292, 5.753555915320440306 ) ) ;
#3389 = EDGE_CURVE ( 'NONE', #26, #960, #3440, .T. ) ;
#3390 = CARTESIAN_POINT ( 'NONE',  ( -34.35752854359203923, -52.59439724219990353, 5.916905593729195445 ) ) ;
#3391 = CARTESIAN_POINT ( 'NONE',  ( -34.83527485809269564, -40.99566949902499857, 37.05029354652139517 ) ) ;
#3392 = LINE ( 'NONE', #1640, #3453 ) ;
#3393 = DIRECTION ( 'NONE',  ( -0.7144726796328045859, 0.6996633405133642070, 0.000000000000000000 ) ) ;
#3394 = ORIENTED_EDGE ( 'NONE', *, *, #3812, .F. ) ;
#3395 = CARTESIAN_POINT ( 'NONE',  ( -12.34663622518803372, -72.00000000000001421, 27.97325321164167278 ) ) ;
#3396 = VERTEX_POINT ( 'NONE', #733 ) ;
#3397 = AXIS2_PLACEMENT_3D ( 'NONE', #4876, #7200, #2620 ) ;
#3398 = CARTESIAN_POINT ( 'NONE',  ( 0.6522019168521936416, -29.23333333333334849, 36.89211096816247704 ) ) ;
#3399 = CARTESIAN_POINT ( 'NONE',  ( -12.44836020552780020, -27.12639186926541157, 8.000000000000000000 ) ) ;
#3400 = ORIENTED_EDGE ( 'NONE', *, *, #3106, .F. ) ;
#3401 = EDGE_LOOP ( 'NONE', ( #7194, #1898, #6791, #2514 ) ) ;
#3402 = VECTOR ( 'NONE', #2798, 1000.000000000000114 ) ;
#3403 = DIRECTION ( 'NONE',  ( -3.202566417187959410E-16, 1.000000000000000000, 0.000000000000000000 ) ) ;
#3404 = ORIENTED_EDGE ( 'NONE', *, *, #4836, .F. ) ;
#3405 = PLANE ( 'NONE',  #543 ) ;
#3406 = CARTESIAN_POINT ( 'NONE',  ( -25.52027900541649075, -63.29296453218621821, 37.74724560661339723 ) ) ;
#3407 = AXIS2_PLACEMENT_3D ( 'NONE', #2008, #6668, #3677 ) ;
#3408 = EDGE_CURVE ( 'NONE', #3956, #5223, #4093, .T. ) ;
#3409 = EDGE_LOOP ( 'NONE', ( #3327, #4485, #4843, #4468 ) ) ;
#3410 = CARTESIAN_POINT ( 'NONE',  ( 2.203939522617105240, -50.25058894084333616, 19.49590874590810330 ) ) ;
#3411 = ORIENTED_EDGE ( 'NONE', *, *, #5492, .F. ) ;
#3412 = CYLINDRICAL_SURFACE ( 'NONE', #1111, 8.000000000000000000 ) ;
#3413 = CARTESIAN_POINT ( 'NONE',  ( -31.42479888291999046, -55.32491950806289793, 5.000000000000000000 ) ) ;
#3414 = AXIS2_PLACEMENT_3D ( 'NONE', #484, #5102, #4512 ) ;
#3415 = LINE ( 'NONE', #6881, #6684 ) ;
#3416 = ORIENTED_EDGE ( 'NONE', *, *, #2515, .T. ) ;
#3417 = CIRCLE ( 'NONE', #4751, 3.200000000000000178 ) ;
#3418 = FACE_OUTER_BOUND ( 'NONE', #6809, .T. ) ;
#3419 = DIRECTION ( 'NONE',  ( 1.000000000000000000, 0.000000000000000000, 0.000000000000000000 ) ) ;
#3420 = FACE_BOUND ( 'NONE', #7502, .T. ) ;
#3421 = ORIENTED_EDGE ( 'NONE', *, *, #5452, .T. ) ;
#3422 = CARTESIAN_POINT ( 'NONE',  ( 4.361055063425555822, -72.00000000000001421, 5.000000000000000000 ) ) ;
#3423 = EDGE_CURVE ( 'NONE', #2099, #7470, #6269, .T. ) ;
#3424 = DIRECTION ( 'NONE',  ( -0.7144726796328051410, 0.6996633405133636519, 0.000000000000000000 ) ) ;
#3425 = VERTEX_POINT ( 'NONE', #3594 ) ;
#3426 = CARTESIAN_POINT ( 'NONE',  ( 7.834946348832112939, -72.00000000000001421, 10.99999725673800199 ) ) ;
#3427 = CARTESIAN_POINT ( 'NONE',  ( 19.99999932944770009, -27.00000000000000000, 5.000000000000000000 ) ) ;
#3428 = EDGE_LOOP ( 'NONE', ( #5061, #7400, #2256, #3980 ) ) ;
#3429 = EDGE_CURVE ( 'NONE', #4283, #5776, #1208, .T. ) ;
#3430 = CYLINDRICAL_SURFACE ( 'NONE', #6707, 3.000000000000000444 ) ;
#3431 = ORIENTED_EDGE ( 'NONE', *, *, #2372, .F. ) ;
#3432 = CARTESIAN_POINT ( 'NONE',  ( 1.094420144878498702, -26.61666666666668135, 35.87068151241533087 ) ) ;
#3433 = CYLINDRICAL_SURFACE ( 'NONE', #6334, 2.200000000000000622 ) ;
#3434 = DIRECTION ( 'NONE',  ( -0.4010374831530542639, -0.5823821229281188616, -0.7071067811865484609 ) ) ;
#3435 = EDGE_LOOP ( 'NONE', ( #5029, #5416, #4249, #7357 ) ) ;
#3436 = ORIENTED_EDGE ( 'NONE', *, *, #3186, .T. ) ;
#3437 = FACE_OUTER_BOUND ( 'NONE', #911, .T. ) ;
#3438 = ORIENTED_EDGE ( 'NONE', *, *, #2430, .F. ) ;
#3439 = CARTESIAN_POINT ( 'NONE',  ( 6.069208813127229263, -54.09290375571832499, 3.000000000000000000 ) ) ;
#3440 = B_SPLINE_CURVE_WITH_KNOTS ( 'NONE', 3,
 ( #6750, #6958, #2053, #6355, #4051, #4372, #421, #2695, #5028, #7356, #1493, #3979, #6317, #3800, #6139, #941, #5752, #2449 ),
 .UNSPECIFIED., .F., .F.,
 ( 4, 2, 2, 2, 2, 2, 2, 2, 4 ),
 ( 0.000000000000000000, 0.1249999999999971134, 0.1874999999999964473, 0.2499999999999957812, 0.4999999999999982236, 0.6249999999999994449, 0.6874999999999991118, 0.7499999999999987788, 1.000000000000000000 ),
 .UNSPECIFIED. ) ;
#3441 = CIRCLE ( 'NONE', #4041, 10.00000000000002132 ) ;
#3442 = CARTESIAN_POINT ( 'NONE',  ( 7.686159401251103766E-15, -48.00000000000000711, 9.000000000000000000 ) ) ;
#3443 = CARTESIAN_POINT ( 'NONE',  ( -27.73620972501489490, -46.42239560510278551, 37.23624902382589852 ) ) ;
#3444 = CIRCLE ( 'NONE', #6138, 3.000000000001249667 ) ;
#3445 = ORIENTED_EDGE ( 'NONE', *, *, #4034, .T. ) ;
#3446 = CARTESIAN_POINT ( 'NONE',  ( -8.149747468305823972, -43.05025253169417709, -8.485281374238569541 ) ) ;
#3447 = CARTESIAN_POINT ( 'NONE',  ( 0.2112353876146975673, -28.20923760954741510, 37.92344075693346639 ) ) ;
#3448 = ORIENTED_EDGE ( 'NONE', *, *, #2602, .F. ) ;
#3449 = DIRECTION ( 'NONE',  ( -1.000000000000000000, 0.000000000000000000, 0.000000000000000000 ) ) ;
#3450 = ADVANCED_FACE ( 'NONE', ( #2493 ), #6498, .F. ) ;
#3451 = EDGE_CURVE ( 'NONE', #7289, #2026, #5861, .T. ) ;
#3452 = CARTESIAN_POINT ( 'NONE',  ( -27.73616232194079245, -43.26718681530833521, 36.71611053888170773 ) ) ;
#3453 = VECTOR ( 'NONE', #4455, 1000.000000000000000 ) ;
#3454 = FACE_BOUND ( 'NONE', #5813, .T. ) ;
#3455 = CARTESIAN_POINT ( 'NONE',  ( 5.723253418152060235, -24.00000000000000355, 28.31033288373339829 ) ) ;
#3456 = VECTOR ( 'NONE', #7087, 1000.000000000000000 ) ;
#3457 = VERTEX_POINT ( 'NONE', #5360 ) ;
#3458 = EDGE_CURVE ( 'NONE', #1259, #1936, #5324, .T. ) ;
#3459 = AXIS2_PLACEMENT_3D ( 'NONE', #5905, #710, #2996 ) ;
#3460 = DIRECTION ( 'NONE',  ( -3.736327486719284252E-16, 1.000000000000000000, 0.000000000000000000 ) ) ;
#3461 = CARTESIAN_POINT ( 'NONE',  ( -33.96693492687219162, -39.08113722457827066, 37.05029354652139517 ) ) ;
#3462 = CARTESIAN_POINT ( 'NONE',  ( -11.10231741850039988, -28.35288383693521297, 37.94999999999999574 ) ) ;
#3463 = ORIENTED_EDGE ( 'NONE', *, *, #3961, .F. ) ;
#3464 = LINE ( 'NONE', #2390, #2002 ) ;
#3465 = ORIENTED_EDGE ( 'NONE', *, *, #1462, .F. ) ;
#3466 = EDGE_CURVE ( 'NONE', #4528, #1330, #7042, .T. ) ;
#3467 = EDGE_CURVE ( 'NONE', #6760, #1159, #4126, .T. ) ;
#3468 = FACE_OUTER_BOUND ( 'NONE', #7142, .T. ) ;
#3469 = VECTOR ( 'NONE', #5815, 1000.000000000000000 ) ;
#3470 = ORIENTED_EDGE ( 'NONE', *, *, #1972, .T. ) ;
#3471 = EDGE_LOOP ( 'NONE', ( #684, #5854, #3004, #6235, #2733, #3076 ) ) ;
#3472 = CIRCLE ( 'NONE', #4560, 2.200000000000000622 ) ;
#3473 = CYLINDRICAL_SURFACE ( 'NONE', #2734, 3.199999999999999734 ) ;
#3474 = DIRECTION ( 'NONE',  ( 1.000000000000000000, 0.000000000000000000, 0.000000000000000000 ) ) ;
#3475 = AXIS2_PLACEMENT_3D ( 'NONE', #6108, #910, #1300 ) ;
#3476 = EDGE_CURVE ( 'NONE', #1762, #4934, #7036, .T. ) ;
#3477 = DIRECTION ( 'NONE',  ( -0.000000000000000000, -0.000000000000000000, -1.000000000000000000 ) ) ;
#3478 = FACE_OUTER_BOUND ( 'NONE', #4392, .T. ) ;
#3479 = ORIENTED_EDGE ( 'NONE', *, *, #1083, .T. ) ;
#3480 = EDGE_LOOP ( 'NONE', ( #1471, #167, #4103, #113 ) ) ;
#3481 = ORIENTED_EDGE ( 'NONE', *, *, #6279, .T. ) ;
#3482 = DIRECTION ( 'NONE',  ( 0.000000000000000000, 0.000000000000000000, -1.000000000000000000 ) ) ;
#3483 = DIRECTION ( 'NONE',  ( 0.000000000000000000, 0.000000000000000000, -1.000000000000000000 ) ) ;
#3484 = CARTESIAN_POINT ( 'NONE',  ( -18.64055243838488352, -68.25472075547291695, 35.96839431119059327 ) ) ;
#3485 = CARTESIAN_POINT ( 'NONE',  ( -10.70979040663030091, -24.00000000000001066, 28.27497024111909951 ) ) ;
#3486 = ADVANCED_FACE ( 'NONE', ( #132 ), #1280, .F. ) ;
#3487 = PRODUCT_DEFINITION ( 'UNKNOWN', '', #5671, #4628 ) ;
#3488 = CARTESIAN_POINT ( 'NONE',  ( -17.50000000000000000, -24.87867965644037582, 5.878679656440352730 ) ) ;
#3489 = VERTEX_POINT ( 'NONE', #3631 ) ;
#3490 = DIRECTION ( 'NONE',  ( 5.782411586589351722E-16, 0.000000000000000000, 1.000000000000000000 ) ) ;
#3491 = EDGE_CURVE ( 'NONE', #2418, #5740, #5512, .T. ) ;
#3492 = LINE ( 'NONE', #4066, #2061 ) ;
#3493 = CARTESIAN_POINT ( 'NONE',  ( -34.86149592562889410, -41.08281853907506331, 37.05029354652139517 ) ) ;
#3494 = CYLINDRICAL_SURFACE ( 'NONE', #6381, 3.000000000000003553 ) ;
#3495 = SURFACE_STYLE_FILL_AREA ( #5051 ) ;
#3496 = FACE_OUTER_BOUND ( 'NONE', #2123, .T. ) ;
#3497 = ORIENTED_EDGE ( 'NONE', *, *, #7065, .T. ) ;
#3498 = FACE_OUTER_BOUND ( 'NONE', #5885, .T. ) ;
#3499 = ORIENTED_EDGE ( 'NONE', *, *, #2338, .T. ) ;
#3500 = AXIS2_PLACEMENT_3D ( 'NONE', #298, #3116, #2015 ) ;
#3501 = CARTESIAN_POINT ( 'NONE',  ( 3.052602381625677985, -29.23333333333334139, 31.51927500764677959 ) ) ;
#3502 = CARTESIAN_POINT ( 'NONE',  ( -2.044569004451960215, -71.12132034355967392, 5.878679656440358059 ) ) ;
#3503 = CARTESIAN_POINT ( 'NONE',  ( 7.160590788385317040, -74.66733016329260408, 5.001279989241270485 ) ) ;
#3504 = ORIENTED_EDGE ( 'NONE', *, *, #1590, .T. ) ;
#3505 = CARTESIAN_POINT ( 'NONE',  ( -7.935688380316382684, -70.14361999302090567, 35.23843738793439684 ) ) ;
#3506 = ORIENTED_EDGE ( 'NONE', *, *, #5808, .F. ) ;
#3507 = DIRECTION ( 'NONE',  ( 7.132909029509898484E-18, 1.000000000000000000, 0.000000000000000000 ) ) ;
#3508 = ADVANCED_FACE ( 'NONE', ( #4164 ), #4822, .F. ) ;
#3509 = VECTOR ( 'NONE', #3679, 1000.000000000000000 ) ;
#3510 = CARTESIAN_POINT ( 'NONE',  ( -27.73618254398489213, -52.73281318469169321, 37.23625530309279696 ) ) ;
#3511 = LINE ( 'NONE', #6421, #3334 ) ;
#3512 = VERTEX_POINT ( 'NONE', #2410 ) ;
#3513 = ORIENTED_EDGE ( 'NONE', *, *, #660, .F. ) ;
#3514 = CARTESIAN_POINT ( 'NONE',  ( -17.49999999999998934, -69.00000000000001421, 8.000000000000000000 ) ) ;
#3515 = CARTESIAN_POINT ( 'NONE',  ( -33.09769355503409116, -52.58064967102251330, 5.000000000000000000 ) ) ;
#3516 = DIRECTION ( 'NONE',  ( 0.000000000000000000, 0.000000000000000000, 1.000000000000000000 ) ) ;
#3517 = EDGE_CURVE ( 'NONE', #1418, #573, #6576, .T. ) ;
#3518 = B_SPLINE_CURVE_WITH_KNOTS ( 'NONE', 3,
 ( #2106, #1032, #4507, #2178, #6807, #7487, #3377, #6276, #5209, #6352, #1694, #6204, #6314, #580, #5710, #2821, #6877, #2255, #3336, #4578, #504, #1591, #3898, #6913, #6240, #998, #1660 ),
 .UNSPECIFIED., .F., .F.,
 ( 4, 2, 2, 1, 1, 2, 2, 2, 2, 1, 1, 1, 2, 2, 2, 4 ),
 ( 0.000000000000000000, 0.1250000000000157929, 0.1875000000000226485, 0.2187500000000251188, 0.2343750000000280886, 0.2421875000000295597, 0.2500000000000310307, 0.3750000000000212053, 0.4375000000000159872, 0.4687500000000133782, 0.4843750000000122125, 0.4921875000000118239, 0.4960937500000112688, 0.5000000000000106581, 0.7500000000000053291, 1.000000000000000000 ),
 .UNSPECIFIED. ) ;
#3519 = VECTOR ( 'NONE', #1586, 999.9999999999998863 ) ;
#3520 = CARTESIAN_POINT ( 'NONE',  ( -14.77587082094063575, -70.29402924851767409, 33.37705030959729413 ) ) ;
#3521 = AXIS2_PLACEMENT_3D ( 'NONE', #2153, #4014, #3449 ) ;
#3522 = DIRECTION ( 'NONE',  ( 3.202566417187959410E-16, -1.000000000000000000, 0.000000000000000000 ) ) ;
#3523 = CARTESIAN_POINT ( 'NONE',  ( 11.96638086350211339, -72.00000000000001421, 5.000282803188559555 ) ) ;
#3524 = VECTOR ( 'NONE', #7225, 1000.000000000000000 ) ;
#3525 = ORIENTED_EDGE ( 'NONE', *, *, #5726, .F. ) ;
#3526 = DIRECTION ( 'NONE',  ( 0.8236126967285887224, 0.5671526476950112805, 4.440892098500625176E-16 ) ) ;
#3527 = EDGE_CURVE ( 'NONE', #2354, #714, #1246, .T. ) ;
#3528 = CARTESIAN_POINT ( 'NONE',  ( -31.54179673954759977, -36.63194358667181660, 8.000000000000000000 ) ) ;
#3529 = ORIENTED_EDGE ( 'NONE', *, *, #1947, .T. ) ;
#3530 = VECTOR ( 'NONE', #2943, 1000.000000000000000 ) ;
#3531 = CARTESIAN_POINT ( 'NONE',  ( -10.58220763346197835, -24.00000000000001421, 28.29854308782352490 ) ) ;
#3532 = CARTESIAN_POINT ( 'NONE',  ( -34.12399683892939350, -39.34082832147775832, 37.05029354652139517 ) ) ;
#3533 =( LENGTH_UNIT ( ) NAMED_UNIT ( * ) SI_UNIT ( .MILLI., .METRE. ) );
#3534 = CARTESIAN_POINT ( 'NONE',  ( -33.79350620724218857, -38.83008477701290673, 37.05029354652139517 ) ) ;
#3535 = ORIENTED_EDGE ( 'NONE', *, *, #5369, .F. ) ;
#3536 = DIRECTION ( 'NONE',  ( -3.202566417187959410E-16, 1.000000000000000000, 0.000000000000000000 ) ) ;
#3537 = ORIENTED_EDGE ( 'NONE', *, *, #4726, .T. ) ;
#3538 =( BOUNDED_CURVE ( )  B_SPLINE_CURVE ( 3, ( #6749, #1565, #3868, #6214 ),
 .UNSPECIFIED., .F., .T. ) 
 B_SPLINE_CURVE_WITH_KNOTS ( ( 4, 4 ),
 ( 1.570796341457687095, 2.741912260068316343 ),
 .UNSPECIFIED. ) 
 CURVE ( )  GEOMETRIC_REPRESENTATION_ITEM ( )  RATIONAL_B_SPLINE_CURVE ( ( 1.000000000000000000, 0.8889359008961554842, 0.8889359008961554842, 1.000000000000000000 ) ) 
 REPRESENTATION_ITEM ( '' )  );
#3539 = EDGE_CURVE ( 'NONE', #2273, #7375, #1219, .T. ) ;
#3540 = ORIENTED_EDGE ( 'NONE', *, *, #3172, .F. ) ;
#3541 = VERTEX_POINT ( 'NONE', #5249 ) ;
#3542 = LINE ( 'NONE', #1158, #4075 ) ;
#3543 = ORIENTED_EDGE ( 'NONE', *, *, #1374, .F. ) ;
#3544 = EDGE_LOOP ( 'NONE', ( #7032, #532, #2426, #2822 ) ) ;
#3545 = CARTESIAN_POINT ( 'NONE',  ( -2.710824778663010193, -50.66343489348091822, -8.485281374238569541 ) ) ;
#3546 = CARTESIAN_POINT ( 'NONE',  ( -10.71366012283418456, -72.00000000000001421, 28.27497024111909951 ) ) ;
#3547 = CARTESIAN_POINT ( 'NONE',  ( -31.04316910414182118, -37.35604503119742503, 5.879189953096523702 ) ) ;
#3548 = EDGE_CURVE ( 'NONE', #2758, #5903, #7427, .T. ) ;
#3549 = ORIENTED_EDGE ( 'NONE', *, *, #1983, .F. ) ;
#3550 = VERTEX_POINT ( 'NONE', #6077 ) ;
#3551 = CARTESIAN_POINT ( 'NONE',  ( -11.48270732444798981, -71.65164535200852924, 6.596868884540112887 ) ) ;
#3552 = VERTEX_POINT ( 'NONE', #3707 ) ;
#3553 = CARTESIAN_POINT ( 'NONE',  ( -15.06362131001175975, -69.75408937507232565, 36.06596626680827455 ) ) ;
#3554 = CARTESIAN_POINT ( 'NONE',  ( -32.58899964715859454, -55.03838048766007773, 5.000000000000000000 ) ) ;
#3555 = DIRECTION ( 'NONE',  ( -1.000000000000000000, -3.202566417187959410E-16, 0.000000000000000000 ) ) ;
#3556 = FACE_OUTER_BOUND ( 'NONE', #3409, .T. ) ;
#3557 = AXIS2_PLACEMENT_3D ( 'NONE', #2763, #6220, #5185 ) ;
#3558 = ADVANCED_FACE ( 'NONE', ( #6043 ), #1433, .F. ) ;
#3559 = EDGE_CURVE ( 'NONE', #5050, #4831, #2604, .T. ) ;
#3560 = DIRECTION ( 'NONE',  ( -0.9211769859280191097, 0.3891239453636562429, -0.003939002563137035742 ) ) ;
#3561 = ORIENTED_EDGE ( 'NONE', *, *, #6329, .T. ) ;
#3562 = VECTOR ( 'NONE', #2640, 1000.000000000000227 ) ;
#3563 = FACE_OUTER_BOUND ( 'NONE', #1547, .T. ) ;
#3564 = ORIENTED_EDGE ( 'NONE', *, *, #3048, .T. ) ;
#3565 = EDGE_CURVE ( 'NONE', #4605, #7444, #6534, .T. ) ;
#3566 = CARTESIAN_POINT ( 'NONE',  ( -11.59659559028028397, -68.60127726232654766, 11.29075237819869137 ) ) ;
#3567 = CARTESIAN_POINT ( 'NONE',  ( -34.95504794830038975, -41.43079633708093468, 37.05029354652139517 ) ) ;
#3568 = CARTESIAN_POINT ( 'NONE',  ( 14.29363611415566204, -24.87867965644035451, 10.12131760029763150 ) ) ;
#3569 = AXIS2_PLACEMENT_3D ( 'NONE', #5258, #30, #6895 ) ;
#3570 = CARTESIAN_POINT ( 'NONE',  ( 11.93500545729337681, -75.99999999283518548, 5.001282804481280486 ) ) ;
#3571 = ORIENTED_EDGE ( 'NONE', *, *, #6279, .F. ) ;
#3572 = DIRECTION ( 'NONE',  ( 0.000000000000000000, 0.000000000000000000, -1.000000000000000000 ) ) ;
#3573 = ORIENTED_EDGE ( 'NONE', *, *, #1198, .T. ) ;
#3574 = VECTOR ( 'NONE', #3606, 1000.000000000000000 ) ;
#3575 = DIRECTION ( 'NONE',  ( 0.000000000000000000, 0.000000000000000000, -1.000000000000000000 ) ) ;
#3576 = ORIENTED_EDGE ( 'NONE', *, *, #1227, .T. ) ;
#3577 = ORIENTED_EDGE ( 'NONE', *, *, #5369, .T. ) ;
#3578 =( BOUNDED_CURVE ( )  B_SPLINE_CURVE ( 3, ( #6258, #3357, #490, #5112 ),
 .UNSPECIFIED., .F., .T. ) 
 B_SPLINE_CURVE_WITH_KNOTS ( ( 4, 4 ),
 ( 1.570796326794907882, 2.741912254883101419 ),
 .UNSPECIFIED. ) 
 CURVE ( )  GEOMETRIC_REPRESENTATION_ITEM ( )  RATIONAL_B_SPLINE_CURVE ( ( 1.000000000000000000, 0.8889358991501845608, 0.8889358991501845608, 1.000000000000000000 ) ) 
 REPRESENTATION_ITEM ( '' )  );
#3579 = CARTESIAN_POINT ( 'NONE',  ( -31.54179673954759977, -36.63194358667181660, 8.000000000000000000 ) ) ;
#3580 = ORIENTED_EDGE ( 'NONE', *, *, #3604, .F. ) ;
#3581 = VECTOR ( 'NONE', #5952, 1000.000000000000000 ) ;
#3582 = DIRECTION ( 'NONE',  ( 0.6996633405133639849, 9.860761315262649757E-32, -0.7144726796328049190 ) ) ;
#3583 = CARTESIAN_POINT ( 'NONE',  ( 8.597552236139115678, -72.48870083600399994, 5.001282804481280486 ) ) ;
#3584 = CYLINDRICAL_SURFACE ( 'NONE', #6742, 8.000000000000000000 ) ;
#3585 = CARTESIAN_POINT ( 'NONE',  ( -35.19949253913338794, -43.35402104149199687, 23.16848813617129821 ) ) ;
#3586 = DIRECTION ( 'NONE',  ( 0.000000000000000000, 0.000000000000000000, 1.000000000000000000 ) ) ;
#3587 = EDGE_CURVE ( 'NONE', #492, #7023, #1067, .T. ) ;
#3588 = EDGE_LOOP ( 'NONE', ( #5558, #3960, #4384, #5004 ) ) ;
#3589 = ORIENTED_EDGE ( 'NONE', *, *, #3294, .F. ) ;
#3590 = DIRECTION ( 'NONE',  ( -9.896474485255559173E-17, 0.3090169943749439541, -0.9510565162951546414 ) ) ;
#3591 = ORIENTED_EDGE ( 'NONE', *, *, #62, .F. ) ;
#3592 = CARTESIAN_POINT ( 'NONE',  ( -5.736162321940779130, -52.29728327108922059, 37.94999999999999574 ) ) ;
#3593 = CARTESIAN_POINT ( 'NONE',  ( -30.34628787564718877, -57.64131281550447028, 5.000000000000000000 ) ) ;
#3594 = CARTESIAN_POINT ( 'NONE',  ( -11.24264068711929454, -48.00000000000000711, 9.000000000000000000 ) ) ;
#3595 = AXIS2_PLACEMENT_3D ( 'NONE', #6478, #4721, #1115 ) ;
#3596 = AXIS2_PLACEMENT_3D ( 'NONE', #3791, #5581, #371 ) ;
#3597 = CARTESIAN_POINT ( 'NONE',  ( -8.507231778119088261, -26.04770373730038813, 35.93537464132325709 ) ) ;
#3598 = CARTESIAN_POINT ( 'NONE',  ( -5.736162321940780906, -52.94853777576173570, 41.85000000000000142 ) ) ;
#3599 = CARTESIAN_POINT ( 'NONE',  ( -29.84033879646579734, -39.10278167685981998, 5.000000000000000000 ) ) ;
#3600 = DIRECTION ( 'NONE',  ( 0.7144726796328059182, 2.669503911422033974E-16, -0.6996633405133628747 ) ) ;
#3601 = DIRECTION ( 'NONE',  ( -0.004276014937612213421, -4.168819047316408194E-17, 0.9999908578063367859 ) ) ;
#3602 = LINE ( 'NONE', #4911, #1657 ) ;
#3603 = ORIENTED_EDGE ( 'NONE', *, *, #3058, .F. ) ;
#3604 = EDGE_CURVE ( 'NONE', #6532, #7064, #6631, .T. ) ;
#3605 = EDGE_CURVE ( 'NONE', #3285, #3922, #318, .T. ) ;
#3606 = DIRECTION ( 'NONE',  ( -3.202566417187959410E-16, 1.000000000000000000, 0.000000000000000000 ) ) ;
#3607 = LINE ( 'NONE', #1820, #4059 ) ;
#3608 = CARTESIAN_POINT ( 'NONE',  ( -10.49620608630645791, -25.90544417672126087, 35.42154736224326683 ) ) ;
#3609 = CARTESIAN_POINT ( 'NONE',  ( -1.165889348011621029, -72.00000000000001421, 7.193716693805933815 ) ) ;
#3610 = VERTEX_POINT ( 'NONE', #4278 ) ;
#3611 = CARTESIAN_POINT ( 'NONE',  ( -10.80411441781804349, -24.00000000000001066, 14.17716215413222969 ) ) ;
#3612 = VERTEX_POINT ( 'NONE', #6696 ) ;
#3613 = ADVANCED_FACE ( 'NONE', ( #1473 ), #3785, .F. ) ;
#3614 = ORIENTED_EDGE ( 'NONE', *, *, #3720, .F. ) ;
#3615 = VERTEX_POINT ( 'NONE', #6731 ) ;
#3616 = CARTESIAN_POINT ( 'NONE',  ( -9.455630597444502072, -70.54244558910221485, 33.74999999999998579 ) ) ;
#3617 = ORIENTED_EDGE ( 'NONE', *, *, #33, .T. ) ;
#3618 = CARTESIAN_POINT ( 'NONE',  ( 19.99999932944771430, -69.00000000000000000, 7.999997256737990448 ) ) ;
#3619 = ORIENTED_EDGE ( 'NONE', *, *, #5567, .F. ) ;
#3620 = ADVANCED_FACE ( 'NONE', ( #3667 ), #2566, .F. ) ;
#3621 = LINE ( 'NONE', #2441, #4657 ) ;
#3622 =( BOUNDED_CURVE ( )  B_SPLINE_CURVE ( 3, ( #286, #1439, #4358, #3789 ),
 .UNSPECIFIED., .F., .T. ) 
 B_SPLINE_CURVE_WITH_KNOTS ( ( 4, 4 ),
 ( 5.497787143782137953, 6.283185307179586232 ),
 .UNSPECIFIED. ) 
 CURVE ( )  GEOMETRIC_REPRESENTATION_ITEM ( )  RATIONAL_B_SPLINE_CURVE ( ( 1.000000000000000000, 0.9492530216741911220, 0.9492530216741911220, 1.000000000000000000 ) ) 
 REPRESENTATION_ITEM ( '' )  );
#3623 = DIRECTION ( 'NONE',  ( -1.000000000000000000, 0.000000000000000000, 0.000000000000000000 ) ) ;
#3624 = CARTESIAN_POINT ( 'NONE',  ( -13.66218800689244262, -71.43962383236581104, 11.31210249236106868 ) ) ;
#3625 = DIRECTION ( 'NONE',  ( -0.7071067811865490160, -2.264556430793916925E-16, 0.7071067811865461294 ) ) ;
#3626 = ORIENTED_EDGE ( 'NONE', *, *, #7462, .F. ) ;
#3627 = ORIENTED_EDGE ( 'NONE', *, *, #245, .F. ) ;
#3628 = CARTESIAN_POINT ( 'NONE',  ( 26.99999932944771075, -60.00000000000000000, 8.000000000000000000 ) ) ;
#3629 = ORIENTED_EDGE ( 'NONE', *, *, #1435, .F. ) ;
#3630 = CARTESIAN_POINT ( 'NONE',  ( -34.55841744872069654, -53.81099674697972546, 5.753556018496670532 ) ) ;
#3631 = CARTESIAN_POINT ( 'NONE',  ( -15.00000000000000711, -30.65000000000001279, 30.64999999999999858 ) ) ;
#3632 = EDGE_CURVE ( 'NONE', #2518, #6915, #3821, .T. ) ;
#3633 = AXIS2_PLACEMENT_3D ( 'NONE', #2632, #3766, #6793 ) ;
#3634 = FACE_OUTER_BOUND ( 'NONE', #174, .T. ) ;
#3635 = CARTESIAN_POINT ( 'NONE',  ( -17.80265410676058480, -71.12132034355967392, 10.12131760029763150 ) ) ;
#3636 = DIRECTION ( 'NONE',  ( -0.000000000000000000, -0.000000000000000000, -1.000000000000000000 ) ) ;
#3637 = AXIS2_PLACEMENT_3D ( 'NONE', #6929, #5692, #1715 ) ;
#3638 = CARTESIAN_POINT ( 'NONE',  ( -22.90761528659357538, -34.97660759440555722, 37.92725552822034985 ) ) ;
#3639 = DIRECTION ( 'NONE',  ( -0.3090169943749502823, 0.000000000000000000, -0.9510565162951525320 ) ) ;
#3640 = ORIENTED_EDGE ( 'NONE', *, *, #2717, .T. ) ;
#3641 = CIRCLE ( 'NONE', #6331, 3.200000000000000622 ) ;
#3642 = VERTEX_POINT ( 'NONE', #5604 ) ;
#3643 = LINE ( 'NONE', #1405, #152 ) ;
#3644 = VECTOR ( 'NONE', #415, 1000.000000000000000 ) ;
#3645 = VECTOR ( 'NONE', #6685, 1000.000000000000000 ) ;
#3646 = FACE_OUTER_BOUND ( 'NONE', #1129, .T. ) ;
#3647 = EDGE_CURVE ( 'NONE', #3764, #945, #398, .T. ) ;
#3648 = CARTESIAN_POINT ( 'NONE',  ( -18.63748466241739976, -27.74583147317801135, 35.97045525657319587 ) ) ;
#3649 = ORIENTED_EDGE ( 'NONE', *, *, #6757, .T. ) ;
#3650 = CARTESIAN_POINT ( 'NONE',  ( -35.15199227936389548, -42.39086713545652430, -1.410058709304280011 ) ) ;
#3651 = VERTEX_POINT ( 'NONE', #242 ) ;
#3652 = EDGE_CURVE ( 'NONE', #5759, #1879, #4861, .T. ) ;
#3653 = VERTEX_POINT ( 'NONE', #6198 ) ;
#3654 = EDGE_LOOP ( 'NONE', ( #3535, #5638, #1615, #4929 ) ) ;
#3655 = DIRECTION ( 'NONE',  ( 0.7071067811865489050, 0.7071067811865462405, -0.000000000000000000 ) ) ;
#3656 = ORIENTED_EDGE ( 'NONE', *, *, #3259, .T. ) ;
#3657 = CARTESIAN_POINT ( 'NONE',  ( -3.830286123484390348, -54.09290375571838183, -1.000000000000000888 ) ) ;
#3658 = VERTEX_POINT ( 'NONE', #2174 ) ;
#3659 = CARTESIAN_POINT ( 'NONE',  ( 8.434130911296847444, -73.35773207623842040, 5.000279975879919903 ) ) ;
#3660 = DIRECTION ( 'NONE',  ( -0.000000000000000000, -0.000000000000000000, -1.000000000000000000 ) ) ;
#3661 = CARTESIAN_POINT ( 'NONE',  ( -5.655630597444494256, -29.80000000000001492, 13.25000000000000178 ) ) ;
#3662 = CARTESIAN_POINT ( 'NONE',  ( -10.70979040663030091, -24.00000000000001066, 12.15789167078404631 ) ) ;
#3663 = DIRECTION ( 'NONE',  ( -3.202566417187959410E-16, 1.000000000000000000, 0.000000000000000000 ) ) ;
#3664 = ORIENTED_EDGE ( 'NONE', *, *, #5763, .T. ) ;
#3665 = ORIENTED_EDGE ( 'NONE', *, *, #309, .T. ) ;
#3666 = CARTESIAN_POINT ( 'NONE',  ( -31.60851789624868857, -59.32436170009622600, 7.326801574230760394 ) ) ;
#3667 = FACE_OUTER_BOUND ( 'NONE', #3801, .T. ) ;
#3668 = LINE ( 'NONE', #1282, #1141 ) ;
#3669 = CARTESIAN_POINT ( 'NONE',  ( -19.48775336511632617, -65.94708907586839075, 5.449713433320074962 ) ) ;
#3670 = AXIS2_PLACEMENT_3D ( 'NONE', #4661, #5858, #6995 ) ;
#3671 = DIRECTION ( 'NONE',  ( 1.000000000000000000, 3.202566417187959410E-16, 0.000000000000000000 ) ) ;
#3672 = ORIENTED_EDGE ( 'NONE', *, *, #7022, .F. ) ;
#3673 = LINE ( 'NONE', #6011, #4424 ) ;
#3674 = CARTESIAN_POINT ( 'NONE',  ( -5.736162321940782682, -43.70271672891077230, 37.94999999999999574 ) ) ;
#3675 = AXIS2_PLACEMENT_3D ( 'NONE', #5026, #2726, #5181 ) ;
#3676 = DIRECTION ( 'NONE',  ( -0.7144726796328051410, 0.6996633405133636519, 0.000000000000000000 ) ) ;
#3677 = DIRECTION ( 'NONE',  ( 0.000000000000000000, 0.000000000000000000, -1.000000000000000000 ) ) ;
#3678 = CARTESIAN_POINT ( 'NONE',  ( -12.18839666670608501, -67.41422432515510366, 37.94999999999999574 ) ) ;
#3679 = DIRECTION ( 'NONE',  ( 3.202566417187959410E-16, -1.000000000000000000, 0.000000000000000000 ) ) ;
#3680 = CARTESIAN_POINT ( 'NONE',  ( -11.06074065087059743, -70.96361881964998020, 32.17816010480783007 ) ) ;
#3681 = CARTESIAN_POINT ( 'NONE',  ( -11.17074118065658794, -66.20000000000000284, 33.75000000000000000 ) ) ;
#3682 = EDGE_CURVE ( 'NONE', #5402, #5666, #996, .T. ) ;
#3683 = AXIS2_PLACEMENT_3D ( 'NONE', #726, #1304, #5997 ) ;
#3684 = DIRECTION ( 'NONE',  ( 0.000000000000000000, 0.000000000000000000, -1.000000000000000000 ) ) ;
#3685 = CARTESIAN_POINT ( 'NONE',  ( -4.055767739539096972, -65.00000000000000000, 33.33315382907749580 ) ) ;
#3686 = ORIENTED_EDGE ( 'NONE', *, *, #346, .T. ) ;
#3687 = CARTESIAN_POINT ( 'NONE',  ( -35.19707256962009723, -43.06275608454587456, 37.05029354652139517 ) ) ;
#3688 = ORIENTED_EDGE ( 'NONE', *, *, #137, .T. ) ;
#3689 = CIRCLE ( 'NONE', #6985, 5.000000000000000888 ) ;
#3690 = ORIENTED_EDGE ( 'NONE', *, *, #3697, .F. ) ;
#3691 = LINE ( 'NONE', #2475, #2243 ) ;
#3692 = ORIENTED_EDGE ( 'NONE', *, *, #5951, .F. ) ;
#3693 = VECTOR ( 'NONE', #4880, 1000.000000000000000 ) ;
#3694 = CARTESIAN_POINT ( 'NONE',  ( 7.134939949238045642, -74.28029056724520274, 10.99999725673800199 ) ) ;
#3695 = ORIENTED_EDGE ( 'NONE', *, *, #3652, .F. ) ;
#3696 = AXIS2_PLACEMENT_3D ( 'NONE', #7249, #5342, #2431 ) ;
#3697 = EDGE_CURVE ( 'NONE', #5747, #266, #5119, .T. ) ;
#3698 = EDGE_CURVE ( 'NONE', #6521, #6025, #5164, .T. ) ;
#3699 = CARTESIAN_POINT ( 'NONE',  ( -12.64817551552398989, -71.76568624942395047, 11.04023222485618838 ) ) ;
#3700 = CARTESIAN_POINT ( 'NONE',  ( -8.100336659486627511, -29.80000000000001137, 33.03552732036720840 ) ) ;
#3701 = ORIENTED_EDGE ( 'NONE', *, *, #3085, .F. ) ;
#3702 = ORIENTED_EDGE ( 'NONE', *, *, #7330, .T. ) ;
#3703 = DIRECTION ( 'NONE',  ( 3.202566417187959410E-16, -1.000000000000000000, 0.000000000000000000 ) ) ;
#3704 = VERTEX_POINT ( 'NONE', #2144 ) ;
#3705 = CARTESIAN_POINT ( 'NONE',  ( -35.20001688508509119, -52.59883844726365965, 8.000000000000000000 ) ) ;
#3706 = B_SPLINE_SURFACE_WITH_KNOTS ( 'NONE', 3, 1, ( 
 ( #7482, #3970 ),
 ( #6309, #2856 ),
 ( #1090, #3406 ),
 ( #5746, #2250 ) ),
 .UNSPECIFIED., .F., .F., .F.,
 ( 4, 4 ),
 ( 2, 2 ),
 ( 0.000000000000000000, 1.000000000004630074 ),
 ( 0.000000000000000000, 1.056015134749449969 ),
 .UNSPECIFIED. ) ;
#3707 = CARTESIAN_POINT ( 'NONE',  ( -27.20570393024559053, -60.63402381831531329, 37.35894263201620191 ) ) ;
#3708 = EDGE_CURVE ( 'NONE', #4226, #7273, #7449, .T. ) ;
#3709 = DIRECTION ( 'NONE',  ( -3.202566417187959410E-16, 1.000000000000000000, 0.000000000000000000 ) ) ;
#3710 = CARTESIAN_POINT ( 'NONE',  ( 4.335398739244796573, -72.00000000000001421, 11.00000000000000000 ) ) ;
#3711 = LINE ( 'NONE', #3099, #6087 ) ;
#3712 = CARTESIAN_POINT ( 'NONE',  ( 3.349747468305816156, -43.05025253169415578, 5.000000000000000000 ) ) ;
#3713 = DIRECTION ( 'NONE',  ( -0.7022386031820887498, -0.1842640636922320552, 0.6876828477085159541 ) ) ;
#3714 = DIRECTION ( 'NONE',  ( 1.000000000000000000, 3.202566417187959410E-16, 0.000000000000000000 ) ) ;
#3715 = LINE ( 'NONE', #810, #1224 ) ;
#3716 = AXIS2_PLACEMENT_3D ( 'NONE', #2653, #7313, #6173 ) ;
#3717 = ORIENTED_EDGE ( 'NONE', *, *, #5614, .F. ) ;
#3718 = CARTESIAN_POINT ( 'NONE',  ( -24.46253046161202249, -35.22660693282841038, 37.81282216242794902 ) ) ;
#3719 = CARTESIAN_POINT ( 'NONE',  ( -25.52027900540869254, -45.02721203989305820, 37.74724560661520201 ) ) ;
#3720 = EDGE_CURVE ( 'NONE', #2026, #1712, #3893, .T. ) ;
#3721 = CARTESIAN_POINT ( 'NONE',  ( -4.949747468305769615, -52.94974746830590107, 3.000000000000000888 ) ) ;
#3722 = CIRCLE ( 'NONE', #7267, 3.000000000000002665 ) ;
#3723 = CARTESIAN_POINT ( 'NONE',  ( -11.58367206650224546, -67.61141606534125970, 37.94989201510399823 ) ) ;
#3724 = DIRECTION ( 'NONE',  ( 1.000000000000000000, 9.188959398111188364E-16, -0.000000000000000000 ) ) ;
#3725 = PLANE ( 'NONE',  #6250 ) ;
#3726 = DIRECTION ( 'NONE',  ( 1.000000000000000000, 0.000000000000000000, 0.000000000000000000 ) ) ;
#3727 = LINE ( 'NONE', #2424, #6013 ) ;
#3728 = DIRECTION ( 'NONE',  ( 2.026482704661309475E-16, -1.000000000000000000, 0.000000000000000000 ) ) ;
#3729 = ORIENTED_EDGE ( 'NONE', *, *, #3085, .T. ) ;
#3730 = CARTESIAN_POINT ( 'NONE',  ( -14.15044051918308732, -71.34668239416231472, 8.000000000000000000 ) ) ;
#3731 = ORIENTED_EDGE ( 'NONE', *, *, #6719, .F. ) ;
#3732 = ADVANCED_FACE ( 'NONE', ( #1656 ), #3706, .T. ) ;
#3733 = ORIENTED_EDGE ( 'NONE', *, *, #3126, .F. ) ;
#3734 = FACE_OUTER_BOUND ( 'NONE', #3401, .T. ) ;
#3735 = DIRECTION ( 'NONE',  ( 1.000000000000000000, 4.557819132794839459E-16, 0.000000000000000000 ) ) ;
#3736 = ORIENTED_EDGE ( 'NONE', *, *, #3784, .T. ) ;
#3737 =( BOUNDED_CURVE ( )  B_SPLINE_CURVE ( 3, ( #7365, #6106, #4340, #3203 ),
 .UNSPECIFIED., .F., .T. ) 
 B_SPLINE_CURVE_WITH_KNOTS ( ( 4, 4 ),
 ( 1.527397638891549780, 1.570796326794896558 ),
 .UNSPECIFIED. ) 
 CURVE ( )  GEOMETRIC_REPRESENTATION_ITEM ( )  RATIONAL_B_SPLINE_CURVE ( ( 1.000000000000000000, 0.9998430523158861050, 0.9998430523158861050, 1.000000000000000000 ) ) 
 REPRESENTATION_ITEM ( '' )  );
#3738 = CARTESIAN_POINT ( 'NONE',  ( 10.50843739782159147, -31.85000000000000497, 17.12056663191865269 ) ) ;
#3739 = CARTESIAN_POINT ( 'NONE',  ( 7.188670157948587658, -40.76393995686918714, 9.000000000000000000 ) ) ;
#3740 = ORIENTED_EDGE ( 'NONE', *, *, #4488, .F. ) ;
#3741 = ORIENTED_EDGE ( 'NONE', *, *, #3389, .T. ) ;
#3742 = ORIENTED_EDGE ( 'NONE', *, *, #3248, .T. ) ;
#3743 = CARTESIAN_POINT ( 'NONE',  ( 12.25355665337661293, -72.00000000000001421, 8.000000000000000000 ) ) ;
#3744 = EDGE_CURVE ( 'NONE', #720, #1858, #5356, .T. ) ;
#3745 = CARTESIAN_POINT ( 'NONE',  ( -32.73185002944230604, -58.40797807182332946, 36.75126597134686790 ) ) ;
#3746 = DIRECTION ( 'NONE',  ( 0.7144726796328019214, 2.288146209790302931E-16, 0.6996633405133668715 ) ) ;
#3747 = CARTESIAN_POINT ( 'NONE',  ( -19.47060137336096730, -66.22943992592404072, 5.590174945245048654 ) ) ;
#3748 = CARTESIAN_POINT ( 'NONE',  ( -29.34905868489416747, -60.32351469170380653, 36.88864816584886341 ) ) ;
#3749 = CARTESIAN_POINT ( 'NONE',  ( 4.949747468305815801, -43.05025253169415578, 3.000000000000000888 ) ) ;
#3750 = LINE ( 'NONE', #6009, #2262 ) ;
#3751 = EDGE_CURVE ( 'NONE', #607, #2913, #4040, .T. ) ;
#3752 = VERTEX_POINT ( 'NONE', #1833 ) ;
#3753 = LINE ( 'NONE', #1286, #4446 ) ;
#3754 = CIRCLE ( 'NONE', #501, 1.599999999999999867 ) ;
#3755 = CARTESIAN_POINT ( 'NONE',  ( 6.069208813127197288, -44.19340881910664365, 19.49590874590810330 ) ) ;
#3756 = DIRECTION ( 'NONE',  ( 0.000000000000000000, 0.000000000000000000, -1.000000000000000000 ) ) ;
#3757 = DIRECTION ( 'NONE',  ( 0.7144726796328046969, 0.6996633405133640959, 0.000000000000000000 ) ) ;
#3758 = CARTESIAN_POINT ( 'NONE',  ( -12.59999999999998899, -57.70673426229028280, 33.75000000000000000 ) ) ;
#3759 = DIRECTION ( 'NONE',  ( -3.202566417187959410E-16, 1.000000000000000000, -1.885568995626969710E-16 ) ) ;
#3760 = CARTESIAN_POINT ( 'NONE',  ( -29.95166089784538599, -56.82165114133416495, 5.000000000000000000 ) ) ;
#3761 = CARTESIAN_POINT ( 'NONE',  ( -6.736162321940780906, -54.00000000000000711, 41.85000000000000142 ) ) ;
#3762 = ORIENTED_EDGE ( 'NONE', *, *, #7232, .F. ) ;
#3763 = DIRECTION ( 'NONE',  ( -0.000000000000000000, -0.000000000000000000, 1.000000000000000000 ) ) ;
#3764 = VERTEX_POINT ( 'NONE', #2357 ) ;
#3765 = CIRCLE ( 'NONE', #1706, 1.000000000000000888 ) ;
#3766 = DIRECTION ( 'NONE',  ( 4.557819132794839459E-16, -1.000000000000000000, -0.000000000000000000 ) ) ;
#3767 = ORIENTED_EDGE ( 'NONE', *, *, #5647, .T. ) ;
#3768 = VECTOR ( 'NONE', #1704, 1000.000000000000000 ) ;
#3769 = B_SPLINE_CURVE_WITH_KNOTS ( 'NONE', 3,
 ( #15, #2980, #1696, #5787, #1739, #582, #2866, #3553, #5212, #5825, #2408, #4620, #2288, #6957, #4050 ),
 .UNSPECIFIED., .F., .F.,
 ( 4, 2, 2, 2, 2, 1, 2, 4 ),
 ( 0.09365861527007919574, 0.3202439614525547373, 0.4335366345437932645, 0.4901829710894118897, 0.5043445552258177811, 0.5185061393622236725, 0.5468293076350347892, 1.000000000000000000 ),
 .UNSPECIFIED. ) ;
#3770 = DIRECTION ( 'NONE',  ( -1.000000000000000000, -4.557819132794839459E-16, 0.000000000000000000 ) ) ;
#3771 = ORIENTED_EDGE ( 'NONE', *, *, #2259, .F. ) ;
#3772 = CARTESIAN_POINT ( 'NONE',  ( -31.54179673955558627, -59.37072116071981043, 37.05029354652150175 ) ) ;
#3773 = ADVANCED_FACE ( 'NONE', ( #1162, #1232, #1730, #5239 ), #6417, .F. ) ;
#3774 = CARTESIAN_POINT ( 'NONE',  ( -13.54942336130928737, -68.11806348364294195, 5.000000000000000000 ) ) ;
#3775 = ORIENTED_EDGE ( 'NONE', *, *, #746, .T. ) ;
#3776 = VECTOR ( 'NONE', #4422, 1000.000000000000000 ) ;
#3777 = CARTESIAN_POINT ( 'NONE',  ( 15.54771018742281896, -29.23333333333333428, 7.802396613397056591 ) ) ;
#3778 = FACE_OUTER_BOUND ( 'NONE', #4716, .T. ) ;
#3779 = ORIENTED_EDGE ( 'NONE', *, *, #3846, .F. ) ;
#3780 = ORIENTED_EDGE ( 'NONE', *, *, #24, .F. ) ;
#3781 = CARTESIAN_POINT ( 'NONE',  ( -17.80265410676059901, -27.00000000000001421, 10.99999725673800199 ) ) ;
#3782 = ORIENTED_EDGE ( 'NONE', *, *, #4328, .F. ) ;
#3783 = CARTESIAN_POINT ( 'NONE',  ( -35.19678490240139013, -52.78200517836359040, 8.000000000000000000 ) ) ;
#3784 = EDGE_CURVE ( 'NONE', #5223, #360, #2606, .T. ) ;
#3785 = CYLINDRICAL_SURFACE ( 'NONE', #4611, 0.7999999999999978240 ) ;
#3786 =( BOUNDED_CURVE ( )  B_SPLINE_CURVE ( 3, ( #5358, #6495, #3592, #6354 ),
 .UNSPECIFIED., .F., .T. ) 
 B_SPLINE_CURVE_WITH_KNOTS ( ( 4, 4 ),
 ( 3.141592653589793560, 4.712388980384695891 ),
 .UNSPECIFIED. ) 
 CURVE ( )  GEOMETRIC_REPRESENTATION_ITEM ( )  RATIONAL_B_SPLINE_CURVE ( ( 1.000000000000000000, 0.8047378541243636052, 0.8047378541243636052, 1.000000000000000000 ) ) 
 REPRESENTATION_ITEM ( '' )  );
#3787 = EDGE_CURVE ( 'NONE', #2549, #4313, #5741, .T. ) ;
#3788 = FACE_OUTER_BOUND ( 'NONE', #7334, .T. ) ;
#3789 = CARTESIAN_POINT ( 'NONE',  ( 12.24072850301661575, -69.00000000000000000, 10.99999725673800199 ) ) ;
#3790 = ORIENTED_EDGE ( 'NONE', *, *, #6409, .F. ) ;
#3791 = CARTESIAN_POINT ( 'NONE',  ( 4.949747468305815801, -43.05025253169415578, 9.000000000000000000 ) ) ;
#3792 = EDGE_CURVE ( 'NONE', #6843, #1379, #2397, .T. ) ;
#3793 = ADVANCED_FACE ( 'NONE', ( #1270 ), #1764, .F. ) ;
#3794 = CIRCLE ( 'NONE', #6123, 3.200000000000000178 ) ;
#3795 = LINE ( 'NONE', #3233, #2672 ) ;
#3796 = CARTESIAN_POINT ( 'NONE',  ( 4.389956758816826010, -72.79999999999999716, -1.758964032645780273 ) ) ;
#3797 = LINE ( 'NONE', #3866, #401 ) ;
#3798 = PLANE ( 'NONE',  #4085 ) ;
#3799 = LINE ( 'NONE', #296, #6970 ) ;
#3800 = CARTESIAN_POINT ( 'NONE',  ( -35.17319590599348800, -53.21870556869333058, 22.25558242011423715 ) ) ;
#3801 = EDGE_LOOP ( 'NONE', ( #1303, #2347, #5957, #4530 ) ) ;
#3802 = PLANE ( 'NONE',  #5440 ) ;
#3803 = ORIENTED_EDGE ( 'NONE', *, *, #7031, .T. ) ;
#3804 = EDGE_CURVE ( 'NONE', #1712, #5384, #3641, .T. ) ;
#3805 = VECTOR ( 'NONE', #3746, 1000.000000000000000 ) ;
#3806 = DIRECTION ( 'NONE',  ( -3.202566417187959410E-16, 1.000000000000000000, 0.000000000000000000 ) ) ;
#3807 = DIRECTION ( 'NONE',  ( 1.000000000000000000, 0.000000000000000000, 0.000000000000000000 ) ) ;
#3808 = ORIENTED_EDGE ( 'NONE', *, *, #2200, .F. ) ;
#3809 = CARTESIAN_POINT ( 'NONE',  ( -33.24381380765989746, -58.00127702839741772, 37.05029354652150175 ) ) ;
#3810 = CARTESIAN_POINT ( 'NONE',  ( -17.00622246260869375, -69.17618701642921053, 36.03807400675158590 ) ) ;
#3811 = ORIENTED_EDGE ( 'NONE', *, *, #6997, .F. ) ;
#3812 = EDGE_CURVE ( 'NONE', #1431, #2587, #723, .T. ) ;
#3813 = AXIS2_PLACEMENT_3D ( 'NONE', #3079, #757, #4887 ) ;
#3814 = CARTESIAN_POINT ( 'NONE',  ( 8.881586416291366248, -26.61666666666667069, 20.13161257631690049 ) ) ;
#3815 = DIRECTION ( 'NONE',  ( 0.000000000000000000, 0.000000000000000000, 1.000000000000000000 ) ) ;
#3816 = VERTEX_POINT ( 'NONE', #4690 ) ;
#3817 = EDGE_LOOP ( 'NONE', ( #6453, #1953, #3300, #5484 ) ) ;
#3818 = ORIENTED_EDGE ( 'NONE', *, *, #1611, .F. ) ;
#3819 = CARTESIAN_POINT ( 'NONE',  ( -35.16643605821739982, -53.34820958133020952, 7.326801574230770164 ) ) ;
#3820 = VECTOR ( 'NONE', #6844, 1000.000000000000000 ) ;
#3821 = LINE ( 'NONE', #965, #4128 ) ;
#3822 = VECTOR ( 'NONE', #1911, 1000.000000000000000 ) ;
#3823 = CARTESIAN_POINT ( 'NONE',  ( -22.61212015058568880, -54.00000000000001421, 41.85000000000000142 ) ) ;
#3824 = LINE ( 'NONE', #6734, #4533 ) ;
#3825 = CARTESIAN_POINT ( 'NONE',  ( -8.149747468305770681, -52.94974746830590107, 3.000000000000000888 ) ) ;
#3826 = CARTESIAN_POINT ( 'NONE',  ( 8.700928757318306950, -72.79414855644212423, 10.99999725673800377 ) ) ;
#3827 = VECTOR ( 'NONE', #2727, 1000.000000000000000 ) ;
#3828 = VERTEX_POINT ( 'NONE', #5818 ) ;
#3829 = VECTOR ( 'NONE', #7045, 1000.000000000000000 ) ;
#3830 = CARTESIAN_POINT ( 'NONE',  ( -8.799999999999997158, -29.80000000000001492, 13.25000000000000000 ) ) ;
#3831 = CARTESIAN_POINT ( 'NONE',  ( -11.90033665948658737, -64.15000000000000568, 34.46447267963280581 ) ) ;
#3832 = AXIS2_PLACEMENT_3D ( 'NONE', #5774, #1724, #4035 ) ;
#3833 = LINE ( 'NONE', #7279, #2634 ) ;
#3834 = ADVANCED_FACE ( 'NONE', ( #5348 ), #608, .T. ) ;
#3835 = CARTESIAN_POINT ( 'NONE',  ( -7.370741180656585456, -7.000000000000006217, 13.25000000000000000 ) ) ;
#3836 = EDGE_LOOP ( 'NONE', ( #891, #7285, #305, #4268, #906, #5629 ) ) ;
#3837 = ADVANCED_FACE ( 'NONE', ( #2437 ), #4766, .F. ) ;
#3838 = CARTESIAN_POINT ( 'NONE',  ( 4.606007563463300869, -24.00000000000000711, 28.31033288373339829 ) ) ;
#3839 = ORIENTED_EDGE ( 'NONE', *, *, #6592, .T. ) ;
#3840 = AXIS2_PLACEMENT_3D ( 'NONE', #5227, #631, #1788 ) ;
#3841 = CARTESIAN_POINT ( 'NONE',  ( -35.19999999999999574, -52.60078009883481087, 8.000000000000000000 ) ) ;
#3842 = DIRECTION ( 'NONE',  ( 1.000000000000000000, 3.202566417187959410E-16, -0.000000000000000000 ) ) ;
#3843 = VECTOR ( 'NONE', #1707, 1000.000000000000000 ) ;
#3844 = CARTESIAN_POINT ( 'NONE',  ( -14.99999999999999289, -48.35000000000001563, 28.40000000000000213 ) ) ;
#3845 = EDGE_LOOP ( 'NONE', ( #2241, #262, #3664, #2961, #5816 ) ) ;
#3846 = EDGE_CURVE ( 'NONE', #1004, #5464, #5966, .T. ) ;
#3847 = DIRECTION ( 'NONE',  ( -3.202566417187959410E-16, 1.000000000000000000, 0.000000000000000000 ) ) ;
#3848 = ORIENTED_EDGE ( 'NONE', *, *, #5307, .T. ) ;
#3849 = CARTESIAN_POINT ( 'NONE',  ( 8.803989441866244547, -72.97740167200801409, 5.000279975879922567 ) ) ;
#3850 = CARTESIAN_POINT ( 'NONE',  ( -32.79489866051155644, -37.65340452814496786, 36.76300389140181579 ) ) ;
#3851 = VERTEX_POINT ( 'NONE', #5557 ) ;
#3852 = CARTESIAN_POINT ( 'NONE',  ( 6.069208813127206170, -41.90709624428166791, -1.000000000000000000 ) ) ;
#3853 = ORIENTED_EDGE ( 'NONE', *, *, #1024, .T. ) ;
#3854 = CARTESIAN_POINT ( 'NONE',  ( -17.50000000000000000, -27.00000000000001421, 5.000000000000000000 ) ) ;
#3855 = EDGE_CURVE ( 'NONE', #6702, #1582, #628, .T. ) ;
#3856 = CARTESIAN_POINT ( 'NONE',  ( -17.00418575536851762, -26.82478406683883421, 36.03990040061533051 ) ) ;
#3857 = LINE ( 'NONE', #4012, #7363 ) ;
#3858 = CARTESIAN_POINT ( 'NONE',  ( -11.06074065087061165, -66.20000000000000284, 35.32183989519215572 ) ) ;
#3859 = EDGE_CURVE ( 'NONE', #4230, #607, #6070, .T. ) ;
#3860 = ORIENTED_EDGE ( 'NONE', *, *, #1110, .T. ) ;
#3861 = ADVANCED_FACE ( 'NONE', ( #5596 ), #793, .F. ) ;
#3862 = CARTESIAN_POINT ( 'NONE',  ( 12.24999999999999822, -28.50000000000000711, 13.00000000000000178 ) ) ;
#3863 = SURFACE_STYLE_FILL_AREA ( #330 ) ;
#3864 = DIRECTION ( 'NONE',  ( 3.202566417187959410E-16, -1.000000000000000000, 0.000000000000000000 ) ) ;
#3865 =( BOUNDED_CURVE ( )  B_SPLINE_CURVE ( 3, ( #3302, #2176, #2103, #3179 ),
 .UNSPECIFIED., .F., .T. ) 
 B_SPLINE_CURVE_WITH_KNOTS ( ( 4, 4 ),
 ( 1.570796326794896780, 1.614195014698245334 ),
 .UNSPECIFIED. ) 
 CURVE ( )  GEOMETRIC_REPRESENTATION_ITEM ( )  RATIONAL_B_SPLINE_CURVE ( ( 1.000000000000000000, 0.9998430523158861050, 0.9998430523158861050, 1.000000000000000000 ) ) 
 REPRESENTATION_ITEM ( '' )  );
#3866 = CARTESIAN_POINT ( 'NONE',  ( 6.069208813127229263, -54.09290375571832499, 3.000000000000000000 ) ) ;
#3867 = PLANE ( 'NONE',  #2093 ) ;
#3868 = CARTESIAN_POINT ( 'NONE',  ( 3.727471031410933389, -72.18325312926843651, 10.99999725673800022 ) ) ;
#3869 = EDGE_LOOP ( 'NONE', ( #6353, #5987, #5439, #761 ) ) ;
#3870 = CARTESIAN_POINT ( 'NONE',  ( 6.069208813127197288, -44.19340881910664365, 3.000000000000000000 ) ) ;
#3871 = ORIENTED_EDGE ( 'NONE', *, *, #5036, .F. ) ;
#3872 = CARTESIAN_POINT ( 'NONE',  ( -31.54179673954759977, -36.63194358667181660, 8.000000000000000000 ) ) ;
#3873 = AXIS2_PLACEMENT_3D ( 'NONE', #5892, #87, #1040 ) ;
#3874 = EDGE_CURVE ( 'NONE', #6521, #1768, #3083, .T. ) ;
#3875 = DIRECTION ( 'NONE',  ( 0.000000000000000000, -0.000000000000000000, 1.000000000000000000 ) ) ;
#3876 = DIRECTION ( 'NONE',  ( 1.156482317317386970E-15, -0.9999999999995820010, 9.144206693924627601E-07 ) ) ;
#3877 = EDGE_CURVE ( 'NONE', #3658, #4116, #3124, .T. ) ;
#3878 = CARTESIAN_POINT ( 'NONE',  ( -13.15766372174650023, -25.95823742908511278, 35.61857445690980484 ) ) ;
#3879 = CIRCLE ( 'NONE', #1002, 1.599999999999999867 ) ;
#3880 = CARTESIAN_POINT ( 'NONE',  ( -15.36700304637288639, -70.20468892783360104, 35.01052502044920089 ) ) ;
#3881 = VERTEX_POINT ( 'NONE', #5480 ) ;
#3882 = B_SPLINE_CURVE_WITH_KNOTS ( 'NONE', 3,
 ( #6618, #7270, #3225, #366 ),
 .UNSPECIFIED., .F., .F.,
 ( 4, 4 ),
 ( 0.000000000000000000, 0.006139082097868047566 ),
 .UNSPECIFIED. ) ;
#3883 = CARTESIAN_POINT ( 'NONE',  ( 7.560631736194166841, -31.85000000000000497, 22.58949917233458038 ) ) ;
#3884 = ADVANCED_FACE ( 'NONE', ( #269 ), #2556, .F. ) ;
#3885 = VECTOR ( 'NONE', #6700, 1000.000000000000000 ) ;
#3886 = CARTESIAN_POINT ( 'NONE',  ( -2.662933357356334074, -43.05025253169416999, 3.000000000000000000 ) ) ;
#3887 = CARTESIAN_POINT ( 'NONE',  ( -11.66040084346379757, -71.07546607015514439, 31.76074048323592081 ) ) ;
#3888 = ORIENTED_EDGE ( 'NONE', *, *, #2384, .F. ) ;
#3889 = AXIS2_PLACEMENT_3D ( 'NONE', #5993, #7175, #307 ) ;
#3890 = DIRECTION ( 'NONE',  ( -1.000000000000000000, -4.557819132794839459E-16, 0.000000000000000000 ) ) ;
#3891 = ORIENTED_EDGE ( 'NONE', *, *, #5872, .T. ) ;
#3892 =( LENGTH_UNIT ( ) NAMED_UNIT ( * ) SI_UNIT ( .MILLI., .METRE. ) );
#3893 = LINE ( 'NONE', #6873, #1700 ) ;
#3894 = CARTESIAN_POINT ( 'NONE',  ( -9.094836194789550632, -26.04759531796849004, 35.93504135605684979 ) ) ;
#3895 = CARTESIAN_POINT ( 'NONE',  ( -19.32463635973800464, -67.06742198371388497, 6.213495253128050955 ) ) ;
#3896 = EDGE_CURVE ( 'NONE', #7182, #5804, #6937, .T. ) ;
#3897 = CARTESIAN_POINT ( 'NONE',  ( 19.99999932944771430, -69.00000000000000000, 5.000000000000000000 ) ) ;
#3898 = CARTESIAN_POINT ( 'NONE',  ( -24.60758961259487165, -60.75594928884734713, 37.80043633359716893 ) ) ;
#3899 = DIRECTION ( 'NONE',  ( 1.000000000000000000, 3.202566417187959410E-16, 0.000000000000000000 ) ) ;
#3900 = ORIENTED_EDGE ( 'NONE', *, *, #2717, .F. ) ;
#3901 = CYLINDRICAL_SURFACE ( 'NONE', #5918, 1.599999999999999867 ) ;
#3902 = FILL_AREA_STYLE_COLOUR ( '', #2588 ) ;
#3903 = EDGE_CURVE ( 'NONE', #4562, #7182, #5265, .T. ) ;
#3904 = LINE ( 'NONE', #6245, #2779 ) ;
#3905 = CARTESIAN_POINT ( 'NONE',  ( -11.73737061685961258, -66.47726724161556433, 11.22216253596704760 ) ) ;
#3906 = FACE_OUTER_BOUND ( 'NONE', #2353, .T. ) ;
#3907 = CARTESIAN_POINT ( 'NONE',  ( -13.14599951976531322, -67.69995873286966059, 37.85987547992356639 ) ) ;
#3908 = CARTESIAN_POINT ( 'NONE',  ( -32.16999490043279053, -42.77631353964738281, 5.000000000000000000 ) ) ;
#3909 = DIRECTION ( 'NONE',  ( 0.7169040535148692994, -0.6971651028545637896, 0.003065520467246451563 ) ) ;
#3910 = CARTESIAN_POINT ( 'NONE',  ( -5.655630597444494256, -24.00000000000001421, 13.25000000000000178 ) ) ;
#3911 = B_SPLINE_CURVE_WITH_KNOTS ( 'NONE', 3,
 ( #5252, #4095, #1211, #6432 ),
 .UNSPECIFIED., .F., .F.,
 ( 4, 4 ),
 ( 0.000000000000000000, 1.000000000000000000 ),
 .UNSPECIFIED. ) ;
#3912 = CARTESIAN_POINT ( 'NONE',  ( -35.19999999999999574, -43.39921990116538097, 7.326801574230760394 ) ) ;
#3913 =( BOUNDED_CURVE ( )  B_SPLINE_CURVE ( 3, ( #598, #5190, #7507, #1717 ),
 .UNSPECIFIED., .F., .T. ) 
 B_SPLINE_CURVE_WITH_KNOTS ( ( 4, 4 ),
 ( 2.741912260068315454, 3.913028193341794303 ),
 .UNSPECIFIED. ) 
 CURVE ( )  GEOMETRIC_REPRESENTATION_ITEM ( )  RATIONAL_B_SPLINE_CURVE ( ( 1.000000000000000000, 0.8889358981949434524, 0.8889358981949434524, 1.000000000000000000 ) ) 
 REPRESENTATION_ITEM ( '' )  );
#3914 = EDGE_CURVE ( 'NONE', #2970, #1418, #4890, .T. ) ;
#3915 = DIRECTION ( 'NONE',  ( -0.7144726796328079166, -2.288146209790322160E-16, -0.6996633405133607653 ) ) ;
#3916 = VECTOR ( 'NONE', #6673, 1000.000000000000114 ) ;
#3917 = CARTESIAN_POINT ( 'NONE',  ( -27.73618254398489213, -52.73281318469169321, 37.23625530309279696 ) ) ;
#3918 = DIRECTION ( 'NONE',  ( -0.2969741598787784542, 0.9548855158417127731, 0.000000000000000000 ) ) ;
#3919 = VERTEX_POINT ( 'NONE', #1380 ) ;
#3920 = CARTESIAN_POINT ( 'NONE',  ( -31.54179673955558627, -59.37072116071981043, -1.410058709304360169 ) ) ;
#3921 = CARTESIAN_POINT ( 'NONE',  ( -7.370741180656578351, -29.80000000000001137, 13.25000000000000000 ) ) ;
#3922 = VERTEX_POINT ( 'NONE', #388 ) ;
#3923 = AXIS2_PLACEMENT_3D ( 'NONE', #7457, #5216, #56 ) ;
#3924 = CARTESIAN_POINT ( 'NONE',  ( 1.094420144878497592, -31.85000000000000853, 35.87068151241532377 ) ) ;
#3925 = FACE_OUTER_BOUND ( 'NONE', #4673, .T. ) ;
#3926 = CARTESIAN_POINT ( 'NONE',  ( -33.45353478586994100, -38.36816186726405675, 36.92704398593894410 ) ) ;
#3927 = ORIENTED_EDGE ( 'NONE', *, *, #3983, .T. ) ;
#3928 = ORIENTED_EDGE ( 'NONE', *, *, #3142, .F. ) ;
#3929 = LINE ( 'NONE', #994, #5323 ) ;
#3930 = ORIENTED_EDGE ( 'NONE', *, *, #6348, .F. ) ;
#3931 = EDGE_CURVE ( 'NONE', #1238, #1936, #7215, .T. ) ;
#3932 = EDGE_CURVE ( 'NONE', #1238, #6521, #2593, .T. ) ;
#3933 =( LENGTH_UNIT ( ) NAMED_UNIT ( * ) SI_UNIT ( .MILLI., .METRE. ) );
#3934 = AXIS2_PLACEMENT_3D ( 'NONE', #3224, #1589, #2105 ) ;
#3935 = DIRECTION ( 'NONE',  ( 0.8236126967285879452, 0.5671526476950125017, 0.000000000000000000 ) ) ;
#3936 = ORIENTED_EDGE ( 'NONE', *, *, #7077, .T. ) ;
#3937 = LINE ( 'NONE', #3410, #2722 ) ;
#3938 = VECTOR ( 'NONE', #6349, 1000.000000000000000 ) ;
#3939 = DIRECTION ( 'NONE',  ( -0.7144726796328046969, -0.6996633405133640959, 0.000000000000000000 ) ) ;
#3940 = VERTEX_POINT ( 'NONE', #4808 ) ;
#3941 = EDGE_CURVE ( 'NONE', #7273, #7322, #5742, .T. ) ;
#3942 = VECTOR ( 'NONE', #3586, 1000.000000000000000 ) ;
#3943 = DIRECTION ( 'NONE',  ( 0.7144726796328038088, 3.256437249089591624E-16, -0.6996633405133648731 ) ) ;
#3944 = DIRECTION ( 'NONE',  ( -0.8236126967285825051, 0.5671526476950204954, 0.000000000000000000 ) ) ;
#3945 = CARTESIAN_POINT ( 'NONE',  ( -15.00000000000000178, -22.02986260798640927, 36.00000000000000000 ) ) ;
#3946 = LINE ( 'NONE', #2872, #2858 ) ;
#3947 = EDGE_LOOP ( 'NONE', ( #3930, #447, #1626, #1213 ) ) ;
#3948 = CARTESIAN_POINT ( 'NONE',  ( -11.01471101199366309, -64.15000000000000568, 13.40279603005068587 ) ) ;
#3949 = ORIENTED_EDGE ( 'NONE', *, *, #1972, .F. ) ;
#3950 = CARTESIAN_POINT ( 'NONE',  ( -34.16085621508858594, -39.31117976866285346, 8.000000000000000000 ) ) ;
#3951 = AXIS2_PLACEMENT_3D ( 'NONE', #1899, #864, #5510 ) ;
#3952 = DIRECTION ( 'NONE',  ( 0.000000000000000000, 0.000000000000000000, -1.000000000000000000 ) ) ;
#3953 = CYLINDRICAL_SURFACE ( 'NONE', #6382, 0.7999999999999978240 ) ;
#3954 = DIRECTION ( 'NONE',  ( -1.000000000000000000, 0.000000000000000000, 0.000000000000000000 ) ) ;
#3955 = LINE ( 'NONE', #5695, #1065 ) ;
#3956 = VERTEX_POINT ( 'NONE', #5519 ) ;
#3957 = AXIS2_PLACEMENT_3D ( 'NONE', #5594, #3287, #5000 ) ;
#3958 = AXIS2_PLACEMENT_3D ( 'NONE', #6550, #4218, #2309 ) ;
#3959 = CARTESIAN_POINT ( 'NONE',  ( -16.31341663474330517, -68.84577421621162330, 36.65964683493668730 ) ) ;
#3960 = ORIENTED_EDGE ( 'NONE', *, *, #3708, .T. ) ;
#3961 = EDGE_CURVE ( 'NONE', #6233, #4844, #4928, .T. ) ;
#3962 = CARTESIAN_POINT ( 'NONE',  ( 6.957540342595641469, -24.00000000000000355, 23.73186459032546480 ) ) ;
#3963 = EDGE_LOOP ( 'NONE', ( #5308, #3479, #2089, #1849 ) ) ;
#3964 = AXIS2_PLACEMENT_3D ( 'NONE', #7202, #6626, #5541 ) ;
#3965 = LINE ( 'NONE', #2242, #2770 ) ;
#3966 = ORIENTED_EDGE ( 'NONE', *, *, #2641, .F. ) ;
#3967 = ORIENTED_EDGE ( 'NONE', *, *, #1819, .T. ) ;
#3968 = CARTESIAN_POINT ( 'NONE',  ( -2.826101488894265934, -66.55685666453669569, 5.000000000000000000 ) ) ;
#3969 = ORIENTED_EDGE ( 'NONE', *, *, #1181, .T. ) ;
#3970 = CARTESIAN_POINT ( 'NONE',  ( -21.83722406390288739, -63.29296453218621821, 37.94999999999999574 ) ) ;
#3971 = VECTOR ( 'NONE', #1616, 1000.000000000000000 ) ;
#3972 = CARTESIAN_POINT ( 'NONE',  ( -31.97611023640049055, -54.10549139988099654, 5.000000000000000000 ) ) ;
#3973 = EDGE_CURVE ( 'NONE', #5050, #4934, #6110, .T. ) ;
#3974 = ORIENTED_EDGE ( 'NONE', *, *, #5702, .F. ) ;
#3975 = DIRECTION ( 'NONE',  ( 0.000000000000000000, 0.000000000000000000, -1.000000000000000000 ) ) ;
#3976 = EDGE_LOOP ( 'NONE', ( #7478, #4466, #5722, #7160, #1663, #316, #1725 ) ) ;
#3977 = CARTESIAN_POINT ( 'NONE',  ( -6.736162321940780906, -52.73281318469168610, 37.94999999999999574 ) ) ;
#3978 = CARTESIAN_POINT ( 'NONE',  ( -31.19538869978438811, -55.65258826037484852, 5.000000000000000000 ) ) ;
#3979 = CARTESIAN_POINT ( 'NONE',  ( -35.16756688302751854, -53.28640548773454810, 22.59551657707378425 ) ) ;
#3980 = ORIENTED_EDGE ( 'NONE', *, *, #4725, .F. ) ;
#3981 = DIRECTION ( 'NONE',  ( 0.8236126967285821721, -0.5671526476950208284, 0.000000000000000000 ) ) ;
#3982 = CARTESIAN_POINT ( 'NONE',  ( -10.30086431629856314, -68.78549133445726227, 12.42228598922509697 ) ) ;
#3983 = EDGE_CURVE ( 'NONE', #5238, #2991, #1827, .T. ) ;
#3984 = CARTESIAN_POINT ( 'NONE',  ( -26.88009575080624458, -62.58084172956770885, 36.44414235910378608 ) ) ;
#3985 = VERTEX_POINT ( 'NONE', #4383 ) ;
#3986 = CARTESIAN_POINT ( 'NONE',  ( -19.41070482981538348, -66.65752644630367740, 5.878683768642986252 ) ) ;
#3987 = VERTEX_POINT ( 'NONE', #1504 ) ;
#3988 = CARTESIAN_POINT ( 'NONE',  ( -34.38022547710339438, -39.83599959776090316, 37.05029354652139517 ) ) ;
#3989 = CYLINDRICAL_SURFACE ( 'NONE', #4300, 2.200000000000000622 ) ;
#3990 = DIRECTION ( 'NONE',  ( -0.000000000000000000, -0.000000000000000000, -1.000000000000000000 ) ) ;
#3991 = DIRECTION ( 'NONE',  ( -0.6996633405133640959, 0.7144726796328045859, 0.000000000000000000 ) ) ;
#3992 = ORIENTED_EDGE ( 'NONE', *, *, #3467, .F. ) ;
#3993 = CARTESIAN_POINT ( 'NONE',  ( -8.799999999999997158, -38.29326573770973141, 33.75000000000000000 ) ) ;
#3994 = CARTESIAN_POINT ( 'NONE',  ( 7.236561579255285537, -43.05025253169416288, -1.000000000000000888 ) ) ;
#3995 = ADVANCED_FACE ( 'NONE', ( #1341 ), #4411, .F. ) ;
#3996 = LINE ( 'NONE', #1531, #6406 ) ;
#3997 = ORIENTED_EDGE ( 'NONE', *, *, #2028, .T. ) ;
#3998 = EDGE_LOOP ( 'NONE', ( #4121, #4646, #1190, #3649, #3347, #4754 ) ) ;
#3999 = ADVANCED_FACE ( 'NONE', ( #5117 ), #3430, .T. ) ;
#4000 = AXIS2_PLACEMENT_3D ( 'NONE', #2664, #3842, #5764 ) ;
#4001 = CARTESIAN_POINT ( 'NONE',  ( -9.799999999999998934, -29.80000000000001137, 33.75000000000000000 ) ) ;
#4002 = EDGE_LOOP ( 'NONE', ( #6076, #370, #4945, #6111, #5118 ) ) ;
#4003 = CARTESIAN_POINT ( 'NONE',  ( -25.87293712486123809, -48.00000000000001421, 38.91394720864728640 ) ) ;
#4004 = DIRECTION ( 'NONE',  ( -0.000000000000000000, -0.000000000000000000, -1.000000000000000000 ) ) ;
#4005 = AXIS2_PLACEMENT_3D ( 'NONE', #5826, #615, #2904 ) ;
#4006 = AXIS2_PLACEMENT_3D ( 'NONE', #7441, #4529, #6867 ) ;
#4007 = DIRECTION ( 'NONE',  ( 0.000000000000000000, 0.000000000000000000, 1.000000000000000000 ) ) ;
#4008 = DIRECTION ( 'NONE',  ( 0.6996633405133613204, 1.417855658635883846E-16, -0.7144726796328074725 ) ) ;
#4009 = AXIS2_PLACEMENT_3D ( 'NONE', #1200, #2780, #1731 ) ;
#4010 = ADVANCED_FACE ( 'NONE', ( #493 ), #6337, .F. ) ;
#4011 = VERTEX_POINT ( 'NONE', #2736 ) ;
#4012 = CARTESIAN_POINT ( 'NONE',  ( -3.830286123484413885, -41.90709624428166791, 3.000000000000000000 ) ) ;
#4013 = ORIENTED_EDGE ( 'NONE', *, *, #7504, .F. ) ;
#4014 = DIRECTION ( 'NONE',  ( -0.000000000000000000, -0.000000000000000000, -1.000000000000000000 ) ) ;
#4015 = VECTOR ( 'NONE', #2456, 999.9999999999998863 ) ;
#4016 = PLANE ( 'NONE',  #2652 ) ;
#4017 = CARTESIAN_POINT ( 'NONE',  ( -13.71348501368655448, -71.07742663123971738, 6.597268958936095551 ) ) ;
#4018 = DIRECTION ( 'NONE',  ( 0.000000000000000000, 0.000000000000000000, -1.000000000000000000 ) ) ;
#4019 = DIRECTION ( 'NONE',  ( 0.000000000000000000, 0.000000000000000000, -1.000000000000000000 ) ) ;
#4020 = LINE ( 'NONE', #515, #3843 ) ;
#4021 = CARTESIAN_POINT ( 'NONE',  ( -12.83309723710659789, -29.96270275357451141, 31.00000000000000000 ) ) ;
#4022 = ORIENTED_EDGE ( 'NONE', *, *, #5655, .T. ) ;
#4023 =( LENGTH_UNIT ( ) NAMED_UNIT ( * ) SI_UNIT ( .MILLI., .METRE. ) );
#4024 = CARTESIAN_POINT ( 'NONE',  ( 1.135527926058354842, -26.00054196379971572, 35.77645713530759508 ) ) ;
#4025 = ORIENTED_EDGE ( 'NONE', *, *, #6917, .F. ) ;
#4026 = EDGE_CURVE ( 'NONE', #5099, #3541, #5731, .T. ) ;
#4027 = EDGE_CURVE ( 'NONE', #7014, #4265, #4460, .T. ) ;
#4028 =( BOUNDED_CURVE ( )  B_SPLINE_CURVE ( 3, ( #2790, #1671, #3982, #21 ),
 .UNSPECIFIED., .F., .T. ) 
 B_SPLINE_CURVE_WITH_KNOTS ( ( 4, 4 ),
 ( 3.141592653589793116, 4.761000644473530663 ),
 .UNSPECIFIED. ) 
 CURVE ( )  GEOMETRIC_REPRESENTATION_ITEM ( )  RATIONAL_B_SPLINE_CURVE ( ( 1.000000000000000000, 0.7931418633647654426, 0.7931418633647654426, 1.000000000000000000 ) ) 
 REPRESENTATION_ITEM ( '' )  );
#4029 = CARTESIAN_POINT ( 'NONE',  ( -14.99999999999999822, -30.65000000000001279, 16.40000000000000213 ) ) ;
#4030 = DIRECTION ( 'NONE',  ( 0.000000000000000000, 0.000000000000000000, 1.000000000000000000 ) ) ;
#4031 = LINE ( 'NONE', #4638, #7134 ) ;
#4032 = DIRECTION ( 'NONE',  ( -0.6971683786528047877, -0.7169074220613282922, 0.000000000000000000 ) ) ;
#4033 = ORIENTED_EDGE ( 'NONE', *, *, #7483, .T. ) ;
#4034 = EDGE_CURVE ( 'NONE', #7170, #6871, #4253, .T. ) ;
#4035 = DIRECTION ( 'NONE',  ( 0.000000000000000000, 0.000000000000000000, 1.000000000000000000 ) ) ;
#4036 = ORIENTED_EDGE ( 'NONE', *, *, #7041, .T. ) ;
#4037 = VERTEX_POINT ( 'NONE', #6298 ) ;
#4038 = CARTESIAN_POINT ( 'NONE',  ( -4.949747468305823794, -43.05025253169417709, -8.485281374238569541 ) ) ;
#4039 = EDGE_LOOP ( 'NONE', ( #3629, #6223, #1150, #2813 ) ) ;
#4040 = LINE ( 'NONE', #646, #2064 ) ;
#4041 = AXIS2_PLACEMENT_3D ( 'NONE', #3114, #6059, #6097 ) ;
#4042 = CYLINDRICAL_SURFACE ( 'NONE', #4009, 2.200000000000000622 ) ;
#4043 = CARTESIAN_POINT ( 'NONE',  ( -9.999999999999991118, -64.15000000000000568, 32.84999999999999432 ) ) ;
#4044 = CYLINDRICAL_SURFACE ( 'NONE', #4298, 1.599999999999999867 ) ;
#4045 = CIRCLE ( 'NONE', #4785, 3.149999999999999911 ) ;
#4046 = ORIENTED_EDGE ( 'NONE', *, *, #6390, .F. ) ;
#4047 = ORIENTED_EDGE ( 'NONE', *, *, #160, .F. ) ;
#4048 = CARTESIAN_POINT ( 'NONE',  ( 14.45868624570963945, -24.60383588860353754, 9.816121741368743159 ) ) ;
#4049 = ORIENTED_EDGE ( 'NONE', *, *, #2689, .F. ) ;
#4050 = CARTESIAN_POINT ( 'NONE',  ( -16.98132540862788531, -69.16439919943591974, 36.06023841455589718 ) ) ;
#4051 = CARTESIAN_POINT ( 'NONE',  ( -35.18696302153839639, -53.01399265077224499, 25.20610676142402795 ) ) ;
#4052 = APPLICATION_CONTEXT ( 'automotive_design' ) ;
#4053 = EDGE_CURVE ( 'NONE', #2044, #1461, #4523, .T. ) ;
#4054 = AXIS2_PLACEMENT_3D ( 'NONE', #476, #6842, #1620 ) ;
#4055 = CARTESIAN_POINT ( 'NONE',  ( -17.54978851375591020, -68.91091498764599521, 35.98097373283889056 ) ) ;
#4056 = CYLINDRICAL_SURFACE ( 'NONE', #922, 1.000000000000000888 ) ;
#4057 = CIRCLE ( 'NONE', #3813, 10.00000000000002132 ) ;
#4058 = CARTESIAN_POINT ( 'NONE',  ( -12.24999999999999112, -67.49999999999998579, 11.07801933710264741 ) ) ;
#4059 = VECTOR ( 'NONE', #1410, 1000.000000000000000 ) ;
#4060 = ORIENTED_EDGE ( 'NONE', *, *, #6922, .F. ) ;
#4061 = VECTOR ( 'NONE', #444, 1000.000000000000000 ) ;
#4062 = LINE ( 'NONE', #5798, #6157 ) ;
#4063 = ORIENTED_EDGE ( 'NONE', *, *, #3632, .T. ) ;
#4064 = CARTESIAN_POINT ( 'NONE',  ( 26.99999932944770720, -34.00000000000000000, 8.000000000000000000 ) ) ;
#4065 = CARTESIAN_POINT ( 'NONE',  ( 2.408130741881444159, -66.04999999999999716, 14.20000000000000107 ) ) ;
#4066 = CARTESIAN_POINT ( 'NONE',  ( -6.549747468305823439, -43.05025253169417709, 5.000000000000000000 ) ) ;
#4067 = ADVANCED_FACE ( 'NONE', ( #3323 ), #2804, .T. ) ;
#4068 = CARTESIAN_POINT ( 'NONE',  ( -10.99999999999998757, -67.50000000000000000, 5.000000000000000000 ) ) ;
#4069 = CARTESIAN_POINT ( 'NONE',  ( -11.86659856942646663, -28.44954479217570054, 37.94977927926051109 ) ) ;
#4070 = ORIENTED_EDGE ( 'NONE', *, *, #6617, .T. ) ;
#4071 = CARTESIAN_POINT ( 'NONE',  ( -13.06859785010519381, -71.64865023183169512, 15.40990649692373893 ) ) ;
#4072 = VERTEX_POINT ( 'NONE', #1543 ) ;
#4073 = CARTESIAN_POINT ( 'NONE',  ( 2.510581644129451728, -29.23333333333334139, 32.68808789241496271 ) ) ;
#4074 = DIRECTION ( 'NONE',  ( -0.4010374831530475470, 0.5823821229281253009, -0.7071067811865469066 ) ) ;
#4075 = VECTOR ( 'NONE', #644, 1000.000000000000000 ) ;
#4076 = EDGE_CURVE ( 'NONE', #1996, #1430, #5083, .T. ) ;
#4077 = DIRECTION ( 'NONE',  ( -0.8236126967285821721, 0.5671526476950208284, 4.934324553889579420E-17 ) ) ;
#4078 = ORIENTED_EDGE ( 'NONE', *, *, #3874, .F. ) ;
#4079 = EDGE_LOOP ( 'NONE', ( #2688, #2314, #5264, #5635, #5349, #3936 ) ) ;
#4080 = AXIS2_PLACEMENT_3D ( 'NONE', #7348, #410, #3275 ) ;
#4081 = LINE ( 'NONE', #4961, #4445 ) ;
#4082 = ORIENTED_EDGE ( 'NONE', *, *, #7111, .T. ) ;
#4083 = DIRECTION ( 'NONE',  ( 0.000000000000000000, 0.000000000000000000, -1.000000000000000000 ) ) ;
#4084 = CARTESIAN_POINT ( 'NONE',  ( 4.949747468305815801, -43.05025253169415578, 9.000000000000000000 ) ) ;
#4085 = AXIS2_PLACEMENT_3D ( 'NONE', #2081, #3237, #4412 ) ;
#4086 = CARTESIAN_POINT ( 'NONE',  ( -7.370741180656575686, -7.000000000000006217, 33.75000000000000000 ) ) ;
#4087 = ORIENTED_EDGE ( 'NONE', *, *, #2440, .T. ) ;
#4088 = FACE_OUTER_BOUND ( 'NONE', #2393, .T. ) ;
#4089 = VERTEX_POINT ( 'NONE', #6762 ) ;
#4090 = FACE_OUTER_BOUND ( 'NONE', #878, .T. ) ;
#4091 = CARTESIAN_POINT ( 'NONE',  ( -32.17800042278089023, -53.07050463272577900, 5.000000000000000000 ) ) ;
#4092 = VECTOR ( 'NONE', #1522, 1000.000000000000000 ) ;
#4093 = LINE ( 'NONE', #7154, #2175 ) ;
#4094 = CARTESIAN_POINT ( 'NONE',  ( -12.25811881077918031, -71.53017510308222882, 6.597269230711399146 ) ) ;
#4095 = CARTESIAN_POINT ( 'NONE',  ( -18.09449165291093209, -27.37191795260607208, 35.93667786593301372 ) ) ;
#4096 = CARTESIAN_POINT ( 'NONE',  ( 7.686159401251103766E-15, -48.00000000000000711, -1.000000000000000000 ) ) ;
#4097 = EDGE_CURVE ( 'NONE', #492, #2096, #5199, .T. ) ;
#4098 = ORIENTED_EDGE ( 'NONE', *, *, #6679, .T. ) ;
#4099 = CARTESIAN_POINT ( 'NONE',  ( -19.41527094175962986, -66.63040536135814307, 5.859116513281333205 ) ) ;
#4100 = VERTEX_POINT ( 'NONE', #3921 ) ;
#4101 = CARTESIAN_POINT ( 'NONE',  ( -9.749999999999989342, -67.50000000000000000, 5.000000000000000000 ) ) ;
#4102 = CARTESIAN_POINT ( 'NONE',  ( -4.949747468305823794, -43.05025253169417709, 3.000000000000000888 ) ) ;
#4103 = ORIENTED_EDGE ( 'NONE', *, *, #5674, .F. ) ;
#4104 = CARTESIAN_POINT ( 'NONE',  ( -10.99999999999999822, -24.00526558340328975, 13.44143864946658518 ) ) ;
#4105 = ORIENTED_EDGE ( 'NONE', *, *, #6966, .T. ) ;
#4106 = ADVANCED_FACE ( 'NONE', ( #6261 ), #7469, .T. ) ;
#4107 = CARTESIAN_POINT ( 'NONE',  ( -32.78453424770179936, -37.64333509770258956, 36.76102699262790452 ) ) ;
#4108 = ORIENTED_EDGE ( 'NONE', *, *, #1070, .T. ) ;
#4109 = ORIENTED_EDGE ( 'NONE', *, *, #4231, .F. ) ;
#4110 =( BOUNDED_CURVE ( )  B_SPLINE_CURVE ( 3, ( #3153, #1971, #257, #6213 ),
 .UNSPECIFIED., .F., .T. ) 
 B_SPLINE_CURVE_WITH_KNOTS ( ( 4, 4 ),
 ( 1.495064024052576324, 1.973744704506558367 ),
 .UNSPECIFIED. ) 
 CURVE ( )  GEOMETRIC_REPRESENTATION_ITEM ( )  RATIONAL_B_SPLINE_CURVE ( ( 1.000000000000000000, 0.9809963775746028958, 0.9809963775746028958, 1.000000000000000000 ) ) 
 REPRESENTATION_ITEM ( '' )  );
#4111 = LINE ( 'NONE', #3505, #1557 ) ;
#4112 = VERTEX_POINT ( 'NONE', #6900 ) ;
#4113 = DIRECTION ( 'NONE',  ( 0.6996633405133639849, 2.240718317665643395E-16, -0.7144726796328049190 ) ) ;
#4114 = CIRCLE ( 'NONE', #2538, 1.249999999999997558 ) ;
#4115 = CARTESIAN_POINT ( 'NONE',  ( -11.10231741850039988, -26.00054196379971216, 35.77645713530759508 ) ) ;
#4116 = VERTEX_POINT ( 'NONE', #431 ) ;
#4117 = EDGE_CURVE ( 'NONE', #3061, #5059, #6189, .T. ) ;
#4118 = EDGE_CURVE ( 'NONE', #3612, #5475, #4519, .T. ) ;
#4119 = VECTOR ( 'NONE', #3703, 1000.000000000000000 ) ;
#4120 = CARTESIAN_POINT ( 'NONE',  ( -4.949747468305823794, -43.05025253169417709, -1.000000000000000000 ) ) ;
#4121 = ORIENTED_EDGE ( 'NONE', *, *, #2173, .F. ) ;
#4122 = DIRECTION ( 'NONE',  ( 3.202566417187959410E-16, -1.000000000000000000, 0.000000000000000000 ) ) ;
#4123 = ORIENTED_EDGE ( 'NONE', *, *, #5106, .F. ) ;
#4124 = CARTESIAN_POINT ( 'NONE',  ( -35.19999999999999574, -48.35000000000001563, 23.40000000000000213 ) ) ;
#4125 = CARTESIAN_POINT ( 'NONE',  ( -32.42112209884538743, -55.39504694210683766, 5.000000000000000000 ) ) ;
#4126 = LINE ( 'NONE', #1774, #4886 ) ;
#4127 = EDGE_CURVE ( 'NONE', #4562, #3956, #1112, .T. ) ;
#4128 = VECTOR ( 'NONE', #3265, 999.9999999999998863 ) ;
#4129 = CARTESIAN_POINT ( 'NONE',  ( -17.89933143014778949, -68.71844173238604014, 35.96182723965649330 ) ) ;
#4130 = CARTESIAN_POINT ( 'NONE',  ( -4.949747468305769615, -52.94974746830590107, -1.000000000000000000 ) ) ;
#4131 = AXIS2_PLACEMENT_3D ( 'NONE', #6283, #5757, #1102 ) ;
#4132 = PLANE ( 'NONE',  #1552 ) ;
#4133 = AXIS2_PLACEMENT_3D ( 'NONE', #2636, #2062, #6721 ) ;
#4134 = ORIENTED_EDGE ( 'NONE', *, *, #3682, .F. ) ;
#4135 = DIRECTION ( 'NONE',  ( -0.7144726796328038088, -3.256437249089591624E-16, -0.6996633405133648731 ) ) ;
#4136 = VERTEX_POINT ( 'NONE', #1100 ) ;
#4137 = ADVANCED_FACE ( 'NONE', ( #3418 ), #5976, .T. ) ;
#4138 = LINE ( 'NONE', #1927, #4547 ) ;
#4139 = EDGE_CURVE ( 'NONE', #7329, #5804, #657, .T. ) ;
#4140 = VECTOR ( 'NONE', #5970, 1000.000000000000000 ) ;
#4141 = DIRECTION ( 'NONE',  ( -9.160827048931665833E-31, 1.000000000000000000, 0.000000000000000000 ) ) ;
#4142 = CARTESIAN_POINT ( 'NONE',  ( -35.14092948286879192, -42.45926715154921993, 37.05029354652139517 ) ) ;
#4143 = CARTESIAN_POINT ( 'NONE',  ( 14.22149235029554504, -25.01208141607755664, 10.25471935993483008 ) ) ;
#4144 = EDGE_LOOP ( 'NONE', ( #3692, #2833, #4, #424 ) ) ;
#4145 = CARTESIAN_POINT ( 'NONE',  ( 1.380359946772782086E-14, -67.10168055733311121, 35.00000000000000000 ) ) ;
#4146 = ORIENTED_EDGE ( 'NONE', *, *, #100, .T. ) ;
#4147 = ADVANCED_FACE ( 'NONE', ( #94 ), #6429, .T. ) ;
#4148 = ORIENTED_EDGE ( 'NONE', *, *, #3517, .T. ) ;
#4149 = EDGE_LOOP ( 'NONE', ( #2016, #6801, #6559, #3499, #5253, #2547, #5019, #4349, #3871, #7291 ) ) ;
#4150 = DIRECTION ( 'NONE',  ( 0.000000000000000000, 0.000000000000000000, -1.000000000000000000 ) ) ;
#4151 = ORIENTED_EDGE ( 'NONE', *, *, #3429, .F. ) ;
#4152 = DIRECTION ( 'NONE',  ( -3.202566417187959410E-16, 1.000000000000000000, 0.000000000000000000 ) ) ;
#4153 = DIRECTION ( 'NONE',  ( -0.8571673007021116675, 0.000000000000000000, -0.5150380749100552658 ) ) ;
#4154 = ORIENTED_EDGE ( 'NONE', *, *, #6656, .T. ) ;
#4155 = CARTESIAN_POINT ( 'NONE',  ( -35.19999999999999574, -43.39921990116526729, 22.70015972323550102 ) ) ;
#4156 =( BOUNDED_CURVE ( )  B_SPLINE_CURVE ( 3, ( #5652, #5218, #4549, #2265 ),
 .UNSPECIFIED., .F., .T. ) 
 B_SPLINE_CURVE_WITH_KNOTS ( ( 4, 4 ),
 ( 4.712388980384688786, 7.058111495065068297 ),
 .UNSPECIFIED. ) 
 CURVE ( )  GEOMETRIC_REPRESENTATION_ITEM ( )  RATIONAL_B_SPLINE_CURVE ( ( 1.000000000000000000, 0.5916770576347351041, 0.5916770576347351041, 1.000000000000000000 ) ) 
 REPRESENTATION_ITEM ( '' )  );
#4157 = DIRECTION ( 'NONE',  ( 3.202566417187959410E-16, -1.000000000000000000, 0.000000000000000000 ) ) ;
#4158 = LINE ( 'NONE', #1275, #569 ) ;
#4159 = ORIENTED_EDGE ( 'NONE', *, *, #3632, .F. ) ;
#4160 = ADVANCED_FACE ( 'NONE', ( #2827 ), #6920, .T. ) ;
#4161 = ORIENTED_EDGE ( 'NONE', *, *, #6953, .T. ) ;
#4162 = CARTESIAN_POINT ( 'NONE',  ( -30.85585773286599220, -57.26499372951523981, 5.000000000000000000 ) ) ;
#4163 = EDGE_CURVE ( 'NONE', #5839, #830, #1074, .T. ) ;
#4164 = FACE_OUTER_BOUND ( 'NONE', #3588, .T. ) ;
#4165 = DIRECTION ( 'NONE',  ( -0.6996633405133637629, -0.7144726796328051410, 0.000000000000000000 ) ) ;
#4166 = DIRECTION ( 'NONE',  ( -1.156482317317389731E-15, 0.9999999999995820010, 9.144206693924648776E-07 ) ) ;
#4167 = CARTESIAN_POINT ( 'NONE',  ( -34.95955678971949254, -54.55180432792845124, 37.05029354652139517 ) ) ;
#4168 = EDGE_CURVE ( 'NONE', #2730, #1795, #3417, .T. ) ;
#4169 = CARTESIAN_POINT ( 'NONE',  ( -23.37917167221757708, -35.08392368787876592, 37.90297865207570993 ) ) ;
#4170 = CONICAL_SURFACE ( 'NONE', #5890, 1.249999999999997558, 1.029744258676653201 ) ;
#4171 = LINE ( 'NONE', #7083, #2622 ) ;
#4172 = ORIENTED_EDGE ( 'NONE', *, *, #391, .F. ) ;
#4173 = CIRCLE ( 'NONE', #1146, 1.000000000000000888 ) ;
#4174 = CIRCLE ( 'NONE', #3934, 5.000000000000000888 ) ;
#4175 = CARTESIAN_POINT ( 'NONE',  ( -10.70979040663030091, -24.00000000000001066, 28.27497024111909951 ) ) ;
#4176 = CARTESIAN_POINT ( 'NONE',  ( -34.99051934296159772, -41.57486493747408218, 37.05029354652139517 ) ) ;
#4177 = EDGE_CURVE ( 'NONE', #3457, #1798, #2529, .T. ) ;
#4178 = LINE ( 'NONE', #5866, #6752 ) ;
#4179 = CIRCLE ( 'NONE', #7115, 1.599999999999999867 ) ;
#4180 = CARTESIAN_POINT ( 'NONE',  ( -1.165889348011604820, -72.00000000000001421, 8.000000000000000000 ) ) ;
#4181 = VERTEX_POINT ( 'NONE', #6657 ) ;
#4182 = DIRECTION ( 'NONE',  ( 0.000000000000000000, 0.000000000000000000, 1.000000000000000000 ) ) ;
#4183 = ORIENTED_EDGE ( 'NONE', *, *, #3142, .T. ) ;
#4184 = AXIS2_PLACEMENT_3D ( 'NONE', #2052, #5619, #3194 ) ;
#4185 = ORIENTED_EDGE ( 'NONE', *, *, #1611, .T. ) ;
#4186 = ORIENTED_EDGE ( 'NONE', *, *, #1755, .F. ) ;
#4187 = CARTESIAN_POINT ( 'NONE',  ( -13.54555364510529891, -27.88193651635711134, 8.000000000000000000 ) ) ;
#4188 = EDGE_CURVE ( 'NONE', #2135, #7410, #3138, .T. ) ;
#4189 = EDGE_LOOP ( 'NONE', ( #1118, #3132, #4087, #6158 ) ) ;
#4190 = EDGE_LOOP ( 'NONE', ( #1594, #1459, #4109, #6509, #5075, #6683, #5964, #4776, #4417, #273, #2728, #6535 ) ) ;
#4191 = DIRECTION ( 'NONE',  ( -1.000000000000000000, 0.000000000000000000, 0.000000000000000000 ) ) ;
#4192 = DIRECTION ( 'NONE',  ( -1.000000000000000000, 0.000000000000000000, 0.000000000000000000 ) ) ;
#4193 = VECTOR ( 'NONE', #3655, 999.9999999999998863 ) ;
#4194 = AXIS2_PLACEMENT_3D ( 'NONE', #6943, #5268, #2507 ) ;
#4195 = LINE ( 'NONE', #1838, #6868 ) ;
#4196 = DIRECTION ( 'NONE',  ( -0.3420201433256661039, -1.558865953050954326E-16, 0.9396926207859093161 ) ) ;
#4197 = ORIENTED_EDGE ( 'NONE', *, *, #886, .T. ) ;
#4198 = CARTESIAN_POINT ( 'NONE',  ( -10.71366012283418456, -72.00000000000001421, 8.000000000000000000 ) ) ;
#4199 = ORIENTED_EDGE ( 'NONE', *, *, #2519, .F. ) ;
#4200 = CARTESIAN_POINT ( 'NONE',  ( -32.19794324687139664, -52.69875915750448314, 5.000000000000000000 ) ) ;
#4201 = CARTESIAN_POINT ( 'NONE',  ( -9.999999999999992895, -48.00000000000000711, 0.000000000000000000 ) ) ;
#4202 = VECTOR ( 'NONE', #6594, 1000.000000000000000 ) ;
#4203 = CARTESIAN_POINT ( 'NONE',  ( -12.18839666670608501, -67.41422432515510366, 37.94999999999999574 ) ) ;
#4204 = EDGE_CURVE ( 'NONE', #1415, #3255, #4509, .T. ) ;
#4205 = CARTESIAN_POINT ( 'NONE',  ( -30.91378090307569693, -39.93452801635323368, 5.000000000000000000 ) ) ;
#4206 = LINE ( 'NONE', #4865, #1989 ) ;
#4207 = EDGE_CURVE ( 'NONE', #5401, #6010, #4977, .T. ) ;
#4208 = CARTESIAN_POINT ( 'NONE',  ( -35.19999999999998863, -64.00000000000001421, 5.000000000000000000 ) ) ;
#4209 = ORIENTED_EDGE ( 'NONE', *, *, #3652, .T. ) ;
#4210 = CARTESIAN_POINT ( 'NONE',  ( -12.00000000000001066, -52.97056274847714974, 1.000000000000000000 ) ) ;
#4211 = DIRECTION ( 'NONE',  ( 0.000000000000000000, 0.000000000000000000, -1.000000000000000000 ) ) ;
#4212 = ORIENTED_EDGE ( 'NONE', *, *, #5156, .F. ) ;
#4213 = CARTESIAN_POINT ( 'NONE',  ( -2.710824778663065260, -40.76393995686920135, 9.000000000000000000 ) ) ;
#4214 = VECTOR ( 'NONE', #4150, 1000.000000000000000 ) ;
#4215 = EDGE_CURVE ( 'NONE', #4569, #5059, #3865, .T. ) ;
#4216 = B_SPLINE_CURVE_WITH_KNOTS ( 'NONE', 3,
 ( #5986, #222, #2017, #6065, #7169, #7132, #785, #1414, #300, #4338, #2055, #7209, #1977, #4375 ),
 .UNSPECIFIED., .F., .F.,
 ( 4, 2, 2, 1, 1, 2, 2, 4 ),
 ( 0.000000000000000000, 0.2500000000000034417, 0.3750000000000052180, 0.4375000000000057732, 0.4687500000000049960, 0.4843750000000029421, 0.5000000000000008882, 1.000000000000000000 ),
 .UNSPECIFIED. ) ;
#4217 = CARTESIAN_POINT ( 'NONE',  ( -9.999999999999987566, -64.15000000000000568, 14.20000000000000107 ) ) ;
#4218 = DIRECTION ( 'NONE',  ( 0.000000000000000000, 0.000000000000000000, 1.000000000000000000 ) ) ;
#4219 = CARTESIAN_POINT ( 'NONE',  ( -5.754360833654085461, -66.04999999999999716, 37.99999999999999289 ) ) ;
#4220 = FILL_AREA_STYLE ('',( #1896 ) ) ;
#4221 = CARTESIAN_POINT ( 'NONE',  ( -12.00726290925886452, -69.97058741028430973, 35.87443977102545034 ) ) ;
#4222 = VERTEX_POINT ( 'NONE', #5642 ) ;
#4223 = CARTESIAN_POINT ( 'NONE',  ( -24.84320544877426684, -48.00000000000001421, 39.84112177433759427 ) ) ;
#4224 = ORIENTED_EDGE ( 'NONE', *, *, #3220, .T. ) ;
#4225 = ORIENTED_EDGE ( 'NONE', *, *, #6272, .F. ) ;
#4226 = VERTEX_POINT ( 'NONE', #474 ) ;
#4227 = FACE_OUTER_BOUND ( 'NONE', #1955, .T. ) ;
#4228 = ORIENTED_EDGE ( 'NONE', *, *, #6512, .T. ) ;
#4229 = DIRECTION ( 'NONE',  ( -0.9510565162951517548, -3.045821659934626462E-16, 0.3090169943749529469 ) ) ;
#4230 = VERTEX_POINT ( 'NONE', #2714 ) ;
#4231 = EDGE_CURVE ( 'NONE', #1116, #3552, #6733, .T. ) ;
#4232 = DIRECTION ( 'NONE',  ( 0.000000000000000000, 0.000000000000000000, -1.000000000000000000 ) ) ;
#4233 = CARTESIAN_POINT ( 'NONE',  ( -31.04260003400006340, -58.64701087984751382, 5.879190054514012331 ) ) ;
#4234 = ADVANCED_FACE ( 'NONE', ( #1028 ), #6237, .F. ) ;
#4235 = CARTESIAN_POINT ( 'NONE',  ( -10.80385384697411411, -24.00000000000001421, 12.32238218072478197 ) ) ;
#4236 = LINE ( 'NONE', #916, #4813 ) ;
#4237 = VERTEX_POINT ( 'NONE', #4940 ) ;
#4238 = ORIENTED_EDGE ( 'NONE', *, *, #7302, .F. ) ;
#4239 = CYLINDRICAL_SURFACE ( 'NONE', #4494, 3.000000000000000444 ) ;
#4240 = ORIENTED_EDGE ( 'NONE', *, *, #4118, .T. ) ;
#4241 = CARTESIAN_POINT ( 'NONE',  ( -31.54156057265079127, -59.37088437099711768, 7.326801574230760394 ) ) ;
#4242 = CARTESIAN_POINT ( 'NONE',  ( 12.26262753378088455, -71.12132034355965970, 5.878679656440358059 ) ) ;
#4243 = CIRCLE ( 'NONE', #5232, 2.200000000000000622 ) ;
#4244 = DIRECTION ( 'NONE',  ( 0.9999908578063368969, 3.202537138705554978E-16, 0.004276014937614539685 ) ) ;
#4245 = EDGE_CURVE ( 'NONE', #3425, #5526, #440, .T. ) ;
#4246 = CARTESIAN_POINT ( 'NONE',  ( -19.49146654990979144, -65.88088571347844891, 5.417778579723591115 ) ) ;
#4247 = LINE ( 'NONE', #6583, #5163 ) ;
#4248 = CARTESIAN_POINT ( 'NONE',  ( -2.710824778663010637, -45.33656510651920257, 3.000000000000000000 ) ) ;
#4249 = ORIENTED_EDGE ( 'NONE', *, *, #7054, .T. ) ;
#4250 = CARTESIAN_POINT ( 'NONE',  ( -22.00061475595041571, -34.61999913920598004, 37.94999710301838292 ) ) ;
#4251 = CARTESIAN_POINT ( 'NONE',  ( 4.999990656273176626, -74.28029056724520274, 10.99999725673800199 ) ) ;
#4252 = AXIS2_PLACEMENT_3D ( 'NONE', #4365, #6548, #6705 ) ;
#4253 = CIRCLE ( 'NONE', #4997, 1.000000000000000888 ) ;
#4254 = CARTESIAN_POINT ( 'NONE',  ( -2.662933357356334074, -43.05025253169416999, -1.000000000000000888 ) ) ;
#4255 = DIRECTION ( 'NONE',  ( -3.202566417187959410E-16, 1.000000000000000000, 0.000000000000000000 ) ) ;
#4256 = CARTESIAN_POINT ( 'NONE',  ( -35.13349885748049672, -42.39791043104405333, 37.05029354652139517 ) ) ;
#4257 = EDGE_CURVE ( 'NONE', #573, #3163, #7304, .T. ) ;
#4258 = FACE_BOUND ( 'NONE', #5564, .T. ) ;
#4259 = ORIENTED_EDGE ( 'NONE', *, *, #6456, .T. ) ;
#4260 = EDGE_CURVE ( 'NONE', #3288, #6871, #3333, .T. ) ;
#4261 = CARTESIAN_POINT ( 'NONE',  ( 26.99999932944771075, -62.00000000000000000, 8.000000000000000000 ) ) ;
#4262 = ORIENTED_EDGE ( 'NONE', *, *, #2754, .F. ) ;
#4263 = DIRECTION ( 'NONE',  ( 0.000000000000000000, 0.000000000000000000, -1.000000000000000000 ) ) ;
#4264 = LINE ( 'NONE', #4302, #1775 ) ;
#4265 = VERTEX_POINT ( 'NONE', #5093 ) ;
#4266 = ADVANCED_FACE ( 'NONE', ( #6697 ), #1476, .F. ) ;
#4267 = CARTESIAN_POINT ( 'NONE',  ( -10.71366012283418634, -69.00000000000001421, 5.000000000000000888 ) ) ;
#4268 = ORIENTED_EDGE ( 'NONE', *, *, #6093, .F. ) ;
#4269 = DIRECTION ( 'NONE',  ( -4.557819132794839459E-16, 1.000000000000000000, 0.000000000000000000 ) ) ;
#4270 = DIRECTION ( 'NONE',  ( 0.000000000000000000, 0.000000000000000000, 1.000000000000000000 ) ) ;
#4271 = LINE ( 'NONE', #6606, #4427 ) ;
#4272 = PLANE ( 'NONE',  #473 ) ;
#4273 = VERTEX_POINT ( 'NONE', #5571 ) ;
#4274 = VERTEX_POINT ( 'NONE', #364 ) ;
#4275 = ORIENTED_EDGE ( 'NONE', *, *, #7462, .T. ) ;
#4276 = LINE ( 'NONE', #3854, #210 ) ;
#4277 = EDGE_CURVE ( 'NONE', #5786, #6728, #4396, .T. ) ;
#4278 = CARTESIAN_POINT ( 'NONE',  ( 19.99999932944771430, -69.00000000000000000, 10.99999725673800199 ) ) ;
#4279 = CARTESIAN_POINT ( 'NONE',  ( 12.24072850301660687, -75.66862915010152335, 10.99999725673799844 ) ) ;
#4280 = CARTESIAN_POINT ( 'NONE',  ( -19.41571288736758660, -66.62773598397080832, 5.857207867795409584 ) ) ;
#4281 = CARTESIAN_POINT ( 'NONE',  ( 8.689452428414963236, -72.00000000000002842, 5.000282804481279264 ) ) ;
#4282 = FACE_OUTER_BOUND ( 'NONE', #2447, .T. ) ;
#4283 = VERTEX_POINT ( 'NONE', #5011 ) ;
#4284 = EDGE_CURVE ( 'NONE', #5759, #3764, #4434, .T. ) ;
#4285 = CARTESIAN_POINT ( 'NONE',  ( 12.26637934239291461, -75.20000000000000284, 5.001279935673839994 ) ) ;
#4286 = CIRCLE ( 'NONE', #3557, 2.200000000000000622 ) ;
#4287 = CARTESIAN_POINT ( 'NONE',  ( 10.89812033064045416, -31.85000000000000497, 16.40000000000000924 ) ) ;
#4288 = DIRECTION ( 'NONE',  ( 1.000000000000000000, 3.736327486719284252E-16, 0.000000000000000000 ) ) ;
#4289 = CARTESIAN_POINT ( 'NONE',  ( -14.99999999999999822, -31.85000000000001563, 16.40000000000000213 ) ) ;
#4290 = CARTESIAN_POINT ( 'NONE',  ( 2.290209753834130613, -45.66131479956852957, 3.000000000000000000 ) ) ;
#4291 = AXIS2_PLACEMENT_3D ( 'NONE', #1347, #4812, #798 ) ;
#4292 = CARTESIAN_POINT ( 'NONE',  ( -2.658452153056506173, -45.28527804232783893, 3.000000000000000000 ) ) ;
#4293 = B_SPLINE_CURVE_WITH_KNOTS ( 'NONE', 3,
 ( #1639, #3461, #3532, #1221, #6440, #1077, #4636, #1113, #3988, #2879, #2342, #5259, #595, #5226, #2842, #523, #1145, #1184, #4677, #2234, #6332, #32, #7012, #3391, #4594, #3493, #6930, #5834, #1786, #821, #3567, #4176, #7204, #2385, #2998, #2422, #4256, #3070, #6513, #4142, #5337, #4757, #6593 ),
 .UNSPECIFIED., .F., .F.,
 ( 4, 3, 3, 3, 3, 3, 3, 3, 3, 3, 3, 3, 3, 3, 4 ),
 ( -0.3819638696252690147, -0.1926897107263989828, -0.1510401893559689956, -0.1346897294282839996, -0.1148076094409100079, -0.08243893385992312473, 0.009051963391983497420, 0.1038972904462500124, 0.1243165909679680436, 0.1604300693256330290, 0.2108894379701830579, 0.3028587672056259339, 0.4127565840599420333, 0.4252888214672960188, 0.6145520971445941338 ),
 .UNSPECIFIED. ) ;
#4294 = CARTESIAN_POINT ( 'NONE',  ( -12.47437044266291473, -69.94140793043339954, 35.95202623487886484 ) ) ;
#4295 = ORIENTED_EDGE ( 'NONE', *, *, #6953, .F. ) ;
#4296 = CARTESIAN_POINT ( 'NONE',  ( -25.87293712486123809, -48.00000000000001421, 38.91394720864728640 ) ) ;
#4297 = ORIENTED_EDGE ( 'NONE', *, *, #4053, .F. ) ;
#4298 = AXIS2_PLACEMENT_3D ( 'NONE', #48, #6384, #1166 ) ;
#4299 = ADVANCED_FACE ( 'NONE', ( #6311 ), #4042, .F. ) ;
#4300 = AXIS2_PLACEMENT_3D ( 'NONE', #2919, #1114, #2843 ) ;
#4301 = VERTEX_POINT ( 'NONE', #1059 ) ;
#4302 = CARTESIAN_POINT ( 'NONE',  ( -1.165889348011614812, -72.00000000000001421, 4.999997256737990448 ) ) ;
#4303 = ORIENTED_EDGE ( 'NONE', *, *, #6911, .F. ) ;
#4304 =( GEOMETRIC_REPRESENTATION_CONTEXT ( 3 ) GLOBAL_UNCERTAINTY_ASSIGNED_CONTEXT ( ( #22 ) ) GLOBAL_UNIT_ASSIGNED_CONTEXT ( ( #4839, #7397, #6819 ) ) REPRESENTATION_CONTEXT ( 'NONE', 'WORKASPACE' ) );
#4305 = CARTESIAN_POINT ( 'NONE',  ( -17.74961915645648958, -48.00000000000001421, 36.90539853649280388 ) ) ;
#4306 = VECTOR ( 'NONE', #5869, 1000.000000000000000 ) ;
#4307 = B_SPLINE_CURVE_WITH_KNOTS ( 'NONE', 3,
 ( #4614, #5317, #3443, #5850, #1837, #3510 ),
 .UNSPECIFIED., .F., .F.,
 ( 4, 2, 4 ),
 ( -0.9465675248684990439, -0.4732862063993300006, -4.887930161734388435E-06 ),
 .UNSPECIFIED. ) ;
#4308 = CARTESIAN_POINT ( 'NONE',  ( 10.50843739782159147, -29.23333333333333428, 17.12056663191865269 ) ) ;
#4309 = ADVANCED_FACE ( 'NONE', ( #537 ), #5240, .F. ) ;
#4310 = CYLINDRICAL_SURFACE ( 'NONE', #3217, 3.200000000000000178 ) ;
#4311 = LINE ( 'NONE', #3700, #6773 ) ;
#4312 = ORIENTED_EDGE ( 'NONE', *, *, #3877, .F. ) ;
#4313 = VERTEX_POINT ( 'NONE', #5849 ) ;
#4314 = ORIENTED_EDGE ( 'NONE', *, *, #328, .T. ) ;
#4315 = CARTESIAN_POINT ( 'NONE',  ( -35.19983198613319075, -52.62007372086678458, 7.326801574230770164 ) ) ;
#4316 = CARTESIAN_POINT ( 'NONE',  ( -31.54179673852128118, -59.37072116072032202, 36.65028843124950697 ) ) ;
#4317 = CARTESIAN_POINT ( 'NONE',  ( -11.90033665948658737, -66.20000000000000284, 33.03552732036720840 ) ) ;
#4318 = EDGE_CURVE ( 'NONE', #7451, #3704, #4601, .T. ) ;
#4319 = CARTESIAN_POINT ( 'NONE',  ( -29.28706432830244211, -60.34003819983856687, 36.90043310011517974 ) ) ;
#4320 = CARTESIAN_POINT ( 'NONE',  ( 7.860597175941274273, -72.00000000000001421, 5.000282804481280152 ) ) ;
#4321 = DIRECTION ( 'NONE',  ( -4.557819132794839459E-16, 1.000000000000000000, -0.000000000000000000 ) ) ;
#4322 = CIRCLE ( 'NONE', #2375, 13.24264068711929987 ) ;
#4323 = CIRCLE ( 'NONE', #2500, 7.000000000000000000 ) ;
#4324 = B_SPLINE_CURVE_WITH_KNOTS ( 'NONE', 3,
 ( #3523, #1251, #2990, #5330 ),
 .UNSPECIFIED., .F., .F.,
 ( 4, 4 ),
 ( 0.000000000000000000, 1.000000000000000000 ),
 .UNSPECIFIED. ) ;
#4325 = ORIENTED_EDGE ( 'NONE', *, *, #5085, .F. ) ;
#4326 = DIRECTION ( 'NONE',  ( -3.202566417187959410E-16, 1.000000000000000000, 0.000000000000000000 ) ) ;
#4327 = CIRCLE ( 'NONE', #3840, 7.000000000000005329 ) ;
#4328 = EDGE_CURVE ( 'NONE', #4283, #3425, #4363, .T. ) ;
#4329 = PLANE ( 'NONE',  #514 ) ;
#4330 = CARTESIAN_POINT ( 'NONE',  ( -14.14981814861279830, -24.65555377907971035, 8.000000000000000000 ) ) ;
#4331 = CARTESIAN_POINT ( 'NONE',  ( 0.3511049287774870020, -26.61666666666668490, 37.59544185110540582 ) ) ;
#4332 = EDGE_CURVE ( 'NONE', #3940, #5182, #1163, .T. ) ;
#4333 = DIRECTION ( 'NONE',  ( -1.000000000000000000, 0.000000000000000000, 0.000000000000000000 ) ) ;
#4334 = LINE ( 'NONE', #3279, #5315 ) ;
#4335 = CARTESIAN_POINT ( 'NONE',  ( -29.88573397412528720, -56.86832523290043895, 5.000000000000000000 ) ) ;
#4336 = CARTESIAN_POINT ( 'NONE',  ( 6.069208813127228375, -51.80659118089334925, 3.000000000000000000 ) ) ;
#4337 = ORIENTED_EDGE ( 'NONE', *, *, #1075, .F. ) ;
#4338 = CARTESIAN_POINT ( 'NONE',  ( -29.40320389639704146, -35.69131470756996549, 36.87850718522543048 ) ) ;
#4339 = EDGE_LOOP ( 'NONE', ( #4681, #1571, #4889, #5481, #786, #4500 ) ) ;
#4340 = CARTESIAN_POINT ( 'NONE',  ( -10.82939904029087685, -72.00000000000002842, 14.59529345237908871 ) ) ;
#4341 = ORIENTED_EDGE ( 'NONE', *, *, #7472, .F. ) ;
#4342 = DIRECTION ( 'NONE',  ( -1.000000000000000000, -4.557819132794839459E-16, 0.000000000000000000 ) ) ;
#4343 = DIRECTION ( 'NONE',  ( 0.6996633405133640959, -0.7144726796328045859, 0.000000000000000000 ) ) ;
#4344 = ORIENTED_EDGE ( 'NONE', *, *, #5178, .F. ) ;
#4345 = EDGE_CURVE ( 'NONE', #1877, #5449, #647, .T. ) ;
#4346 = CARTESIAN_POINT ( 'NONE',  ( 11.06835659666616856, -26.61666666666667069, 16.08521440763847465 ) ) ;
#4347 = CARTESIAN_POINT ( 'NONE',  ( -4.055767739539096972, -66.04999999999999716, 33.33315382907749580 ) ) ;
#4348 = VERTEX_POINT ( 'NONE', #2859 ) ;
#4349 = ORIENTED_EDGE ( 'NONE', *, *, #7512, .T. ) ;
#4350 = DIRECTION ( 'NONE',  ( 0.6996633405133640959, -0.7144726796328045859, 0.000000000000000000 ) ) ;
#4351 = VERTEX_POINT ( 'NONE', #6987 ) ;
#4352 = CARTESIAN_POINT ( 'NONE',  ( -34.51569238540459139, -55.88101259450260017, 7.326801574230770164 ) ) ;
#4353 = DIRECTION ( 'NONE',  ( 0.000000000000000000, 0.000000000000000000, -1.000000000000000000 ) ) ;
#4354 = ADVANCED_FACE ( 'NONE', ( #2933 ), #1619, .F. ) ;
#4355 = ADVANCED_FACE ( 'NONE', ( #5996 ), #1272, .F. ) ;
#4356 = CARTESIAN_POINT ( 'NONE',  ( -8.100336659486627511, -29.80000000000001137, 13.96447267963279870 ) ) ;
#4357 = DIRECTION ( 'NONE',  ( 0.000000000000000000, -0.000000000000000000, 1.000000000000000000 ) ) ;
#4358 = CARTESIAN_POINT ( 'NONE',  ( 12.24072850301662996, -69.80628330619407507, 10.99999725673798601 ) ) ;
#4359 =( BOUNDED_CURVE ( )  B_SPLINE_CURVE ( 3, ( #6085, #2107, #809, #3272 ),
 .UNSPECIFIED., .F., .T. ) 
 B_SPLINE_CURVE_WITH_KNOTS ( ( 4, 4 ),
 ( 4.712389894805360413, 5.497787143782137953 ),
 .UNSPECIFIED. ) 
 CURVE ( )  GEOMETRIC_REPRESENTATION_ITEM ( )  RATIONAL_B_SPLINE_CURVE ( ( 1.000000000000000000, 0.9492531383186737504, 0.9492531383186737504, 1.000000000000000000 ) ) 
 REPRESENTATION_ITEM ( '' )  );
#4360 = ORIENTED_EDGE ( 'NONE', *, *, #3356, .T. ) ;
#4361 = EDGE_CURVE ( 'NONE', #1379, #2489, #4114, .T. ) ;
#4362 = DIRECTION ( 'NONE',  ( 1.000000000000000000, 3.736327486719284252E-16, 0.000000000000000000 ) ) ;
#4363 = CIRCLE ( 'NONE', #4858, 11.24264068711929987 ) ;
#4364 = PLANE ( 'NONE',  #7094 ) ;
#4365 = CARTESIAN_POINT ( 'NONE',  ( 11.30639871312251721, -75.20000000000000284, 42.41271447823609719 ) ) ;
#4366 = LINE ( 'NONE', #294, #1713 ) ;
#4367 = FACE_OUTER_BOUND ( 'NONE', #4149, .T. ) ;
#4368 = AXIS2_PLACEMENT_3D ( 'NONE', #5486, #7107, #1916 ) ;
#4369 = CARTESIAN_POINT ( 'NONE',  ( -8.100336659486627511, -29.80000000000001137, 12.53552732036719952 ) ) ;
#4370 = DIRECTION ( 'NONE',  ( -3.202566417187959410E-16, 1.000000000000000000, -3.136184743715090288E-16 ) ) ;
#4371 = DIRECTION ( 'NONE',  ( 0.7071067811865472397, 0.000000000000000000, 0.7071067811865477948 ) ) ;
#4372 = CARTESIAN_POINT ( 'NONE',  ( -35.18231367344704807, -53.09194974419447988, 24.98986163157228901 ) ) ;
#4373 = EDGE_LOOP ( 'NONE', ( #6455, #4209, #2591, #7043 ) ) ;
#4374 = EDGE_CURVE ( 'NONE', #3051, #128, #4692, .T. ) ;
#4375 = CARTESIAN_POINT ( 'NONE',  ( -27.20570393024559763, -35.36597618168471513, 37.35894263201620191 ) ) ;
#4376 = ORIENTED_EDGE ( 'NONE', *, *, #5153, .F. ) ;
#4377 = AXIS2_PLACEMENT_3D ( 'NONE', #4511, #935, #5022 ) ;
#4378 = CARTESIAN_POINT ( 'NONE',  ( -30.91378090307569693, -39.93452801635323368, 5.000000000000000000 ) ) ;
#4379 = VECTOR ( 'NONE', #4503, 1000.000000000000000 ) ;
#4380 = LINE ( 'NONE', #2020, #5104 ) ;
#4381 = DIRECTION ( 'NONE',  ( 0.7071067811865472397, -0.7071067811865479058, 0.000000000000000000 ) ) ;
#4382 = ADVANCED_FACE ( 'NONE', ( #6565 ), #4647, .F. ) ;
#4383 = CARTESIAN_POINT ( 'NONE',  ( -16.00000000000000000, -48.97056274847717106, 5.000000000000000000 ) ) ;
#4384 = ORIENTED_EDGE ( 'NONE', *, *, #3350, .F. ) ;
#4385 = PRESENTATION_LAYER_ASSIGNMENT (  '', '', ( #2183 ) ) ;
#4386 = ADVANCED_FACE ( 'NONE', ( #7333 ), #6447, .T. ) ;
#4387 = CARTESIAN_POINT ( 'NONE',  ( 8.391115030411986808, -72.00000000000001421, 5.000279975879922567 ) ) ;
#4388 = CARTESIAN_POINT ( 'NONE',  ( -7.260740650870594948, -25.03638118035003757, 32.17816010480783717 ) ) ;
#4389 = CYLINDRICAL_SURFACE ( 'NONE', #1809, 3.200000000000000178 ) ;
#4390 = DIRECTION ( 'NONE',  ( -0.000000000000000000, -0.000000000000000000, 1.000000000000000000 ) ) ;
#4391 = ORIENTED_EDGE ( 'NONE', *, *, #6390, .T. ) ;
#4392 = EDGE_LOOP ( 'NONE', ( #4991, #452, #2085, #186, #1086, #4933, #3640 ) ) ;
#4393 = ORIENTED_EDGE ( 'NONE', *, *, #4328, .T. ) ;
#4394 = CARTESIAN_POINT ( 'NONE',  ( -34.85077282678419408, -54.96708017142459823, 8.000000000000000000 ) ) ;
#4395 = CARTESIAN_POINT ( 'NONE',  ( -8.800000000000007816, -7.000000000000006217, 13.25000000000000000 ) ) ;
#4396 = LINE ( 'NONE', #3823, #3298 ) ;
#4397 = CARTESIAN_POINT ( 'NONE',  ( 2.227177308754410667, -26.00054196379970861, 35.77645713530759508 ) ) ;
#4398 = FACE_BOUND ( 'NONE', #2752, .T. ) ;
#4399 = ADVANCED_FACE ( 'NONE', ( #7056 ), #1446, .F. ) ;
#4400 = EDGE_CURVE ( 'NONE', #4767, #6681, #4483, .T. ) ;
#4401 = CARTESIAN_POINT ( 'NONE',  ( -22.60821760569056948, -30.48014058595903464, 36.21745843231447282 ) ) ;
#4402 = DIRECTION ( 'NONE',  ( -1.000000000000000000, 0.000000000000000000, 0.000000000000000000 ) ) ;
#4403 = EDGE_LOOP ( 'NONE', ( #7106, #1310, #5518, #2322 ) ) ;
#4404 = CARTESIAN_POINT ( 'NONE',  ( -27.83784250128438842, -65.89988494578921063, 37.21330500445060352 ) ) ;
#4405 = EDGE_LOOP ( 'NONE', ( #5270, #6635, #5846, #724 ) ) ;
#4406 = CARTESIAN_POINT ( 'NONE',  ( 19.99999932944771075, -62.00000000000000000, 5.000000000000000000 ) ) ;
#4407 = DIRECTION ( 'NONE',  ( -0.7144726796328045859, -0.6996633405133640959, 0.000000000000000000 ) ) ;
#4408 = AXIS2_PLACEMENT_3D ( 'NONE', #5882, #683, #2814 ) ;
#4409 = CARTESIAN_POINT ( 'NONE',  ( -11.29903213979902254, -67.64291033657877961, 37.94994820181666029 ) ) ;
#4410 = ADVANCED_FACE ( 'NONE', ( #4367 ), #5913, .F. ) ;
#4411 =( BOUNDED_SURFACE ( )  B_SPLINE_SURFACE ( 3, 2, ( 
 ( #3810, #2091, #2705 ),
 ( #3959, #2767, #3880 ),
 ( #5040, #5697, #1117 ),
 ( #1577, #6224, #2668 ),
 ( #5662, #465, #5149 ) ),
 .UNSPECIFIED., .F., .F., .F. ) 
 B_SPLINE_SURFACE_WITH_KNOTS ( ( 4, 1, 4 ),
 ( 3, 3 ),
 ( 0.4986376538381490087, 0.8823354799692939565, 1.266033306100440070 ),
 ( -2.785558863027710281E-05, 1.000000000000000000 ),
 .UNSPECIFIED. ) 
 GEOMETRIC_REPRESENTATION_ITEM ( )  RATIONAL_B_SPLINE_SURFACE ( (
 ( 1.000003486536549913, 0.9374176471879309691, 1.000000000000000000),
 ( 1.000004270404289963, 0.9233474411893189959, 1.000000000000000000),
 ( 1.000006428112380163, 0.8846171863754660469, 1.000000000000000000),
 ( 1.000009665348000176, 0.8265097153117690887, 1.000000000000000000),
 ( 1.000011512849379836, 0.7933475840268900958, 1.000000000000000000) ) ) 
 REPRESENTATION_ITEM ( '' )  SURFACE ( )  );
#4412 = DIRECTION ( 'NONE',  ( 1.000000000000000000, 3.202566417187959410E-16, 0.000000000000000000 ) ) ;
#4413 = DIRECTION ( 'NONE',  ( 0.7144726796328029206, 2.288146209790306383E-16, -0.6996633405133658723 ) ) ;
#4414 = ORIENTED_EDGE ( 'NONE', *, *, #195, .F. ) ;
#4415 = AXIS2_PLACEMENT_3D ( 'NONE', #900, #7239, #4371 ) ;
#4416 = CARTESIAN_POINT ( 'NONE',  ( 4.949747468305839782, -52.94974746830583712, 3.000000000000000000 ) ) ;
#4417 = ORIENTED_EDGE ( 'NONE', *, *, #7214, .F. ) ;
#4418 = CARTESIAN_POINT ( 'NONE',  ( -32.05567501325429447, -42.15013638843195309, 5.000000000000000000 ) ) ;
#4419 = ADVANCED_FACE ( 'NONE', ( #816 ), #4949, .F. ) ;
#4420 = LINE ( 'NONE', #6759, #7387 ) ;
#4421 = ORIENTED_EDGE ( 'NONE', *, *, #4804, .F. ) ;
#4422 = DIRECTION ( 'NONE',  ( 3.202566417187959410E-16, -1.000000000000000000, 0.000000000000000000 ) ) ;
#4423 = ORIENTED_EDGE ( 'NONE', *, *, #4204, .T. ) ;
#4424 = VECTOR ( 'NONE', #6622, 1000.000000000000000 ) ;
#4425 = CARTESIAN_POINT ( 'NONE',  ( 9.949151789038618077, -29.23333333333333428, 18.15476262863604617 ) ) ;
#4426 = EDGE_CURVE ( 'NONE', #1975, #5839, #5463, .T. ) ;
#4427 = VECTOR ( 'NONE', #4774, 1000.000000000000000 ) ;
#4428 = ORIENTED_EDGE ( 'NONE', *, *, #6796, .T. ) ;
#4429 = CARTESIAN_POINT ( 'NONE',  ( -31.44988147870708772, -59.43401534908721828, 36.65072351305779819 ) ) ;
#4430 = ORIENTED_EDGE ( 'NONE', *, *, #4361, .F. ) ;
#4431 = CARTESIAN_POINT ( 'NONE',  ( -34.99063278624029749, -54.44018313193875969, 7.326801574230770164 ) ) ;
#4432 = CIRCLE ( 'NONE', #6758, 3.000000000001249667 ) ;
#4433 = DIRECTION ( 'NONE',  ( 0.5671526476950120577, -0.8236126967285883893, 0.000000000000000000 ) ) ;
#4434 = LINE ( 'NONE', #576, #1946 ) ;
#4435 = DIRECTION ( 'NONE',  ( -3.202566417187959410E-16, 1.000000000000000000, 0.000000000000000000 ) ) ;
#4436 = AXIS2_PLACEMENT_3D ( 'NONE', #1719, #2881, #3536 ) ;
#4437 = DIRECTION ( 'NONE',  ( 0.000000000000000000, 0.000000000000000000, -1.000000000000000000 ) ) ;
#4438 = CARTESIAN_POINT ( 'NONE',  ( -33.61145071605700707, -35.21436789586491756, 36.97871668296220093 ) ) ;
#4439 = VERTEX_POINT ( 'NONE', #357 ) ;
#4440 = LINE ( 'NONE', #3862, #7260 ) ;
#4441 = ADVANCED_FACE ( 'NONE', ( #6231 ), #4389, .F. ) ;
#4442 = LINE ( 'NONE', #3276, #1137 ) ;
#4443 = CARTESIAN_POINT ( 'NONE',  ( 7.160590788385317040, -74.66733016329260408, 5.000279989241279921 ) ) ;
#4444 = ORIENTED_EDGE ( 'NONE', *, *, #6546, .T. ) ;
#4445 = VECTOR ( 'NONE', #267, 1000.000000000000000 ) ;
#4446 = VECTOR ( 'NONE', #7196, 1000.000000000000114 ) ;
#4447 = DIRECTION ( 'NONE',  ( -0.3518242748856630353, 0.2422717253113709224, 0.9041703880994051978 ) ) ;
#4448 = LINE ( 'NONE', #7320, #3827 ) ;
#4449 = VERTEX_POINT ( 'NONE', #1020 ) ;
#4450 = CARTESIAN_POINT ( 'NONE',  ( 14.35328174760400088, -23.99997500000000272, 37.94999999999999574 ) ) ;
#4451 = ORIENTED_EDGE ( 'NONE', *, *, #2101, .T. ) ;
#4452 = VECTOR ( 'NONE', #34, 1000.000000000000000 ) ;
#4453 = EDGE_CURVE ( 'NONE', #6233, #4739, #1510, .T. ) ;
#4454 = CARTESIAN_POINT ( 'NONE',  ( -35.19708061413108879, -43.06368067933382093, 7.326801574230760394 ) ) ;
#4455 = DIRECTION ( 'NONE',  ( -0.000000000000000000, -0.000000000000000000, -1.000000000000000000 ) ) ;
#4456 = VECTOR ( 'NONE', #3714, 1000.000000000000000 ) ;
#4457 = DIRECTION ( 'NONE',  ( 1.000000000000000000, 5.239811354737180530E-16, 0.000000000000000000 ) ) ;
#4458 = ORIENTED_EDGE ( 'NONE', *, *, #5066, .T. ) ;
#4459 = CARTESIAN_POINT ( 'NONE',  ( -35.07461054581069249, -54.24280819355317362, -1.410058709304319979 ) ) ;
#4460 = LINE ( 'NONE', #7369, #5625 ) ;
#4461 = VERTEX_POINT ( 'NONE', #5088 ) ;
#4462 = CARTESIAN_POINT ( 'NONE',  ( 10.88171686371797442, -26.61666666666667069, 16.43033181573186852 ) ) ;
#4463 = CARTESIAN_POINT ( 'NONE',  ( -13.73103908422876351, -70.01898869298190675, 35.64822205700355795 ) ) ;
#4464 = CARTESIAN_POINT ( 'NONE',  ( -11.43812720463691335, -71.04733465463208120, 31.86572835525659642 ) ) ;
#4465 = EDGE_LOOP ( 'NONE', ( #3818, #164, #1735 ) ) ;
#4466 = ORIENTED_EDGE ( 'NONE', *, *, #7040, .F. ) ;
#4467 = DIRECTION ( 'NONE',  ( -1.000000000000000000, 0.000000000000000000, 0.000000000000000000 ) ) ;
#4468 = ORIENTED_EDGE ( 'NONE', *, *, #1043, .T. ) ;
#4469 = CARTESIAN_POINT ( 'NONE',  ( -17.56420895983152519, -48.00000000000001421, 37.47603244626988328 ) ) ;
#4470 = EDGE_CURVE ( 'NONE', #3084, #4936, #818, .T. ) ;
#4471 = DIRECTION ( 'NONE',  ( 0.000000000000000000, 0.000000000000000000, -1.000000000000000000 ) ) ;
#4472 = SURFACE_SIDE_STYLE ('',( #2147 ) ) ;
#4473 = DIRECTION ( 'NONE',  ( 1.000000000000000000, 3.202566417187959410E-16, 0.000000000000000000 ) ) ;
#4474 = DIRECTION ( 'NONE',  ( -0.000000000000000000, -0.000000000000000000, -1.000000000000000000 ) ) ;
#4475 = FACE_OUTER_BOUND ( 'NONE', #1182, .T. ) ;
#4476 = ORIENTED_EDGE ( 'NONE', *, *, #4026, .F. ) ;
#4477 = DIRECTION ( 'NONE',  ( 0.000000000000000000, 0.000000000000000000, -1.000000000000000000 ) ) ;
#4478 = EDGE_CURVE ( 'NONE', #2054, #2589, #3965, .T. ) ;
#4479 = UNCERTAINTY_MEASURE_WITH_UNIT (LENGTH_MEASURE( 1.000000000000000082E-05 ), #3533, 'distance_accuracy_value', 'NONE');
#4480 = ORIENTED_EDGE ( 'NONE', *, *, #1646, .T. ) ;
#4481 = DIRECTION ( 'NONE',  ( 0.5671526476950209394, 0.8236126967285822831, 0.000000000000000000 ) ) ;
#4482 = FACE_OUTER_BOUND ( 'NONE', #1744, .T. ) ;
#4483 = CIRCLE ( 'NONE', #2167, 1.000000000000000000 ) ;
#4484 = CARTESIAN_POINT ( 'NONE',  ( 7.134939949238045642, -74.66733016329260408, 10.99999725673800199 ) ) ;
#4485 = ORIENTED_EDGE ( 'NONE', *, *, #637, .F. ) ;
#4486 = CARTESIAN_POINT ( 'NONE',  ( -32.69630523445258774, -38.20655269556754519, 5.753555915320440306 ) ) ;
#4487 = VECTOR ( 'NONE', #594, 1000.000000000000000 ) ;
#4488 = EDGE_CURVE ( 'NONE', #128, #2521, #1685, .T. ) ;
#4489 = CARTESIAN_POINT ( 'NONE',  ( -15.00000000000000178, -22.02986260798640927, 36.00000000000000000 ) ) ;
#4490 = EDGE_CURVE ( 'NONE', #7184, #6667, #4380, .T. ) ;
#4491 = FACE_BOUND ( 'NONE', #7420, .T. ) ;
#4492 = CARTESIAN_POINT ( 'NONE',  ( 6.069208813127197288, -44.19340881910664365, -1.000000000000000000 ) ) ;
#4493 = ORIENTED_EDGE ( 'NONE', *, *, #5754, .T. ) ;
#4494 = AXIS2_PLACEMENT_3D ( 'NONE', #1352, #293, #1444 ) ;
#4495 = CARTESIAN_POINT ( 'NONE',  ( -10.71366012283418456, -72.00000000000001421, 28.27497024111909951 ) ) ;
#4496 = ORIENTED_EDGE ( 'NONE', *, *, #781, .F. ) ;
#4497 = CARTESIAN_POINT ( 'NONE',  ( 0.9487723528609361967, -29.23333333333334139, 36.20474829711379527 ) ) ;
#4498 = EDGE_CURVE ( 'NONE', #5686, #2470, #3754, .T. ) ;
#4499 = ORIENTED_EDGE ( 'NONE', *, *, #3458, .T. ) ;
#4500 = ORIENTED_EDGE ( 'NONE', *, *, #3389, .F. ) ;
#4501 = CARTESIAN_POINT ( 'NONE',  ( -34.80049592236306211, -43.39632702036917777, 6.491505066308949523 ) ) ;
#4502 = ORIENTED_EDGE ( 'NONE', *, *, #4915, .T. ) ;
#4503 = DIRECTION ( 'NONE',  ( 3.202566417187959410E-16, -1.000000000000000000, 0.000000000000000000 ) ) ;
#4504 = VECTOR ( 'NONE', #5934, 1000.000000000000000 ) ;
#4505 = PLANE ( 'NONE',  #1861 ) ;
#4506 = EDGE_CURVE ( 'NONE', #1267, #3379, #3737, .T. ) ;
#4507 = CARTESIAN_POINT ( 'NONE',  ( -22.16595763155328669, -61.29385378357243042, 37.94844878610925321 ) ) ;
#4508 = ORIENTED_EDGE ( 'NONE', *, *, #3423, .F. ) ;
#4509 = B_SPLINE_CURVE_WITH_KNOTS ( 'NONE', 3,
 ( #2411, #5326, #4748, #3597, #5936, #4783, #3894, #6164, #6079, #6200 ),
 .UNSPECIFIED., .F., .F.,
 ( 4, 2, 2, 2, 4 ),
 ( 0.001120218031463320746, 0.001558547634022828783, 0.001996877236582336821, 0.002435206839141845075, 0.002873536441701352896 ),
 .UNSPECIFIED. ) ;
#4510 = CARTESIAN_POINT ( 'NONE',  ( 11.00000000000000178, -28.50000000000000711, 5.000000000000000000 ) ) ;
#4511 = CARTESIAN_POINT ( 'NONE',  ( -12.59999999999998721, -64.15000000000000568, 33.75000000000000000 ) ) ;
#4512 = DIRECTION ( 'NONE',  ( 0.7071067811865472397, 0.000000000000000000, -0.7071067811865477948 ) ) ;
#4513 = CARTESIAN_POINT ( 'NONE',  ( -8.800000000000007816, -7.000000000000006217, 33.75000000000000000 ) ) ;
#4514 = LINE ( 'NONE', #3314, #6854 ) ;
#4515 = ADVANCED_FACE ( 'NONE', ( #5035 ), #5515, .F. ) ;
#4516 = VERTEX_POINT ( 'NONE', #7250 ) ;
#4517 = CARTESIAN_POINT ( 'NONE',  ( 1.135527926058354842, -26.00054196379971572, 35.77645713530759508 ) ) ;
#4518 = CARTESIAN_POINT ( 'NONE',  ( -32.92996109828999352, -41.93663759079465336, 5.000000000000000000 ) ) ;
#4519 = B_SPLINE_CURVE_WITH_KNOTS ( 'NONE', 3,
 ( #5631, #6467, #4055, #4129, #1810, #4706, #1247, #5250, #1702, #5176, #3484 ),
 .UNSPECIFIED., .F., .F.,
 ( 4, 2, 2, 2, 1, 4 ),
 ( 0.000000000000000000, 0.4999999999999807931, 0.6249999999999744649, 0.6874999999999712452, 0.7499999999999681366, 1.000000000000000000 ),
 .UNSPECIFIED. ) ;
#4520 = LINE ( 'NONE', #5188, #29 ) ;
#4521 = CARTESIAN_POINT ( 'NONE',  ( -12.00000000000001066, -43.02943725152287158, 1.000000000000000000 ) ) ;
#4522 = CARTESIAN_POINT ( 'NONE',  ( -15.08912626738164242, -26.25263450984228086, 36.07096832579564705 ) ) ;
#4523 = LINE ( 'NONE', #1014, #2787 ) ;
#4524 = VERTEX_POINT ( 'NONE', #1540 ) ;
#4525 = ADVANCED_FACE ( 'NONE', ( #6680 ), #2130, .T. ) ;
#4526 = MECHANICAL_DESIGN_GEOMETRIC_PRESENTATION_REPRESENTATION (  '', ( #1031 ), #550 ) ;
#4527 = CARTESIAN_POINT ( 'NONE',  ( 1.094420144878498036, -29.23333333333334139, 35.87068151241532377 ) ) ;
#4528 = VERTEX_POINT ( 'NONE', #7288 ) ;
#4529 = DIRECTION ( 'NONE',  ( 0.000000000000000000, 0.000000000000000000, 1.000000000000000000 ) ) ;
#4530 = ORIENTED_EDGE ( 'NONE', *, *, #411, .F. ) ;
#4531 = CARTESIAN_POINT ( 'NONE',  ( -31.54179673852128118, -59.37072116072032202, 36.65028843124950697 ) ) ;
#4532 = ORIENTED_EDGE ( 'NONE', *, *, #3026, .T. ) ;
#4533 = VECTOR ( 'NONE', #6125, 1000.000000000000000 ) ;
#4534 = CIRCLE ( 'NONE', #929, 1.599999999999999867 ) ;
#4535 = EDGE_CURVE ( 'NONE', #5985, #3081, #3021, .T. ) ;
#4536 = DIRECTION ( 'NONE',  ( 1.000000000000000000, 3.202566417187959410E-16, 0.000000000000000000 ) ) ;
#4537 = CARTESIAN_POINT ( 'NONE',  ( 58.97731959999371298, -64.14999999999997726, 32.84999999999999432 ) ) ;
#4538 = EDGE_LOOP ( 'NONE', ( #6558, #3733 ) ) ;
#4539 = DIRECTION ( 'NONE',  ( -1.000000000000000000, 0.000000000000000000, 0.000000000000000000 ) ) ;
#4540 = VECTOR ( 'NONE', #1481, 1000.000000000000000 ) ;
#4541 = CARTESIAN_POINT ( 'NONE',  ( 0.4462437153906831377, -27.04025342026627499, 37.37230974825993712 ) ) ;
#4542 = ORIENTED_EDGE ( 'NONE', *, *, #7232, .T. ) ;
#4543 = CARTESIAN_POINT ( 'NONE',  ( -32.13218499398728056, -65.89988494578921063, 36.66993748461829483 ) ) ;
#4544 = CARTESIAN_POINT ( 'NONE',  ( -30.92082374781528742, -55.98131879293920576, 5.000000000000000000 ) ) ;
#4545 = FACE_OUTER_BOUND ( 'NONE', #2404, .T. ) ;
#4546 = ORIENTED_EDGE ( 'NONE', *, *, #1991, .T. ) ;
#4547 = VECTOR ( 'NONE', #3676, 1000.000000000000000 ) ;
#4548 = DIRECTION ( 'NONE',  ( -0.7144726796328095819, -0.6996633405133590999, 0.000000000000000000 ) ) ;
#4549 = CARTESIAN_POINT ( 'NONE',  ( -8.893412010893619879, -24.60797599426578941, 30.57933018411541681 ) ) ;
#4550 = DIRECTION ( 'NONE',  ( -0.004276014937612589856, -1.369422183859214388E-18, 0.9999908578063368969 ) ) ;
#4551 = VECTOR ( 'NONE', #5383, 1000.000000000000227 ) ;
#4552 = DIRECTION ( 'NONE',  ( 0.7144726796328029206, 3.256437249089587186E-16, -0.6996633405133658723 ) ) ;
#4553 = ORIENTED_EDGE ( 'NONE', *, *, #6083, .T. ) ;
#4554 =( BOUNDED_CURVE ( )  B_SPLINE_CURVE ( 3, ( #3154, #6748, #7203, #6137 ),
 .UNSPECIFIED., .F., .T. ) 
 B_SPLINE_CURVE_WITH_KNOTS ( ( 4, 4 ),
 ( 2.741912254883101419, 3.913028172430845331 ),
 .UNSPECIFIED. ) 
 CURVE ( )  GEOMETRIC_REPRESENTATION_ITEM ( )  RATIONAL_B_SPLINE_CURVE ( ( 1.000000000000000000, 0.8889359010919617443, 0.8889359010919617443, 1.000000000000000000 ) ) 
 REPRESENTATION_ITEM ( '' )  );
#4555 = AXIS2_PLACEMENT_3D ( 'NONE', #2753, #4477, #6811 ) ;
#4556 = EDGE_CURVE ( 'NONE', #4700, #5353, #6925, .T. ) ;
#4557 = CARTESIAN_POINT ( 'NONE',  ( -9.800000000000002487, -31.85000000000001563, 13.25000000000000000 ) ) ;
#4558 = CARTESIAN_POINT ( 'NONE',  ( 11.00000000000000178, -28.50000000000000711, 5.000000000000000000 ) ) ;
#4559 = VERTEX_POINT ( 'NONE', #6145 ) ;
#4560 = AXIS2_PLACEMENT_3D ( 'NONE', #3830, #7389, #7274 ) ;
#4561 = CARTESIAN_POINT ( 'NONE',  ( -32.19999999999999574, -56.00000000000002132, 8.000000000000000000 ) ) ;
#4562 = VERTEX_POINT ( 'NONE', #949 ) ;
#4563 = DIRECTION ( 'NONE',  ( 3.202566417187959410E-16, -1.000000000000000000, 0.000000000000000000 ) ) ;
#4564 = ADVANCED_FACE ( 'NONE', ( #3286 ), #3247, .F. ) ;
#4565 = CARTESIAN_POINT ( 'NONE',  ( 3.052602381625677985, -31.85000000000000853, 31.51927500764677959 ) ) ;
#4566 = CIRCLE ( 'NONE', #831, 1.599999999999999867 ) ;
#4567 = DIRECTION ( 'NONE',  ( -7.132909029509898484E-18, -1.000000000000000000, -0.000000000000000000 ) ) ;
#4568 = DIRECTION ( 'NONE',  ( 2.026482704661309475E-16, -1.000000000000000000, 0.000000000000000000 ) ) ;
#4569 = VERTEX_POINT ( 'NONE', #384 ) ;
#4570 = ORIENTED_EDGE ( 'NONE', *, *, #770, .F. ) ;
#4571 = LINE ( 'NONE', #2711, #3971 ) ;
#4572 = ORIENTED_EDGE ( 'NONE', *, *, #5860, .F. ) ;
#4573 = LINE ( 'NONE', #2280, #1740 ) ;
#4575 = B_SPLINE_CURVE_WITH_KNOTS ( 'NONE', 3,
 ( #4871, #5498, #1924, #4752, #4910, #774, #3062, #3718, #6510, #5940, #5417, #7231, #1361, #7082, #1850, #2575, #4169, #7195, #211, #1320, #250, #4832, #1285, #3638, #853, #5977, #1966, #4250, #2502 ),
 .UNSPECIFIED., .F., .F.,
 ( 4, 2, 2, 2, 1, 1, 1, 2, 2, 2, 2, 1, 1, 2, 2, 2, 4 ),
 ( 0.000000000000000000, 0.2499999999998939182, 0.3749999999998410716, 0.4374999999998156475, 0.4687499999998027134, 0.4843749999997970512, 0.4921874999997942757, 0.4960937499997941091, 0.4999999999997939426, 0.6249999999998380185, 0.6874999999998604450, 0.7187499999998712141, 0.7343749999998766542, 0.7421874999998787636, 0.7499999999998808731, 0.8749999999999404920, 1.000000000000000000 ),
 .UNSPECIFIED. ) ;
#4574 = CARTESIAN_POINT ( 'NONE',  ( 7.686159401251103766E-15, -48.00000000000000711, 5.000000000000000000 ) ) ;
#4576 = PRESENTATION_STYLE_ASSIGNMENT (( #2359 ) ) ;
#4577 = ORIENTED_EDGE ( 'NONE', *, *, #3751, .F. ) ;
#4578 = CARTESIAN_POINT ( 'NONE',  ( -24.16942915653050505, -60.80280204537040589, 37.84183269705107477 ) ) ;
#4579 = EDGE_CURVE ( 'NONE', #1010, #2535, #3005, .T. ) ;
#4580 = ORIENTED_EDGE ( 'NONE', *, *, #5336, .T. ) ;
#4581 = CARTESIAN_POINT ( 'NONE',  ( 2.187635625451394450, -50.23393994921845973, 9.000000000000000000 ) ) ;
#4582 = EDGE_CURVE ( 'NONE', #6088, #2197, #5612, .T. ) ;
#4583 = CARTESIAN_POINT ( 'NONE',  ( -8.100336659486627511, -29.80000000000001137, 34.46447267963280581 ) ) ;
#4584 = EDGE_LOOP ( 'NONE', ( #6413, #3848, #3589, #1583 ) ) ;
#4585 = CARTESIAN_POINT ( 'NONE',  ( -11.21599898871604495, -68.99999999661190486, 4.999999999999943157 ) ) ;
#4586 = DIRECTION ( 'NONE',  ( 0.7144726796328049190, 3.256437249089596061E-16, 0.6996633405133638739 ) ) ;
#4587 = CARTESIAN_POINT ( 'NONE',  ( -12.21455493325494501, -67.15837419987114743, 11.08290238400178396 ) ) ;
#4588 = DIRECTION ( 'NONE',  ( 0.000000000000000000, 0.000000000000000000, -1.000000000000000000 ) ) ;
#4589 = DIRECTION ( 'NONE',  ( 0.000000000000000000, 0.000000000000000000, -1.000000000000000000 ) ) ;
#4590 = EDGE_CURVE ( 'NONE', #5201, #2297, #620, .T. ) ;
#4591 = ORIENTED_EDGE ( 'NONE', *, *, #6482, .T. ) ;
#4592 = CYLINDRICAL_SURFACE ( 'NONE', #1408, 3.000000000000000444 ) ;
#4593 = PLANE ( 'NONE',  #3637 ) ;
#4594 = CARTESIAN_POINT ( 'NONE',  ( -34.84474575035439159, -41.02714720937704840, 37.05029354652139517 ) ) ;
#4595 = EDGE_CURVE ( 'NONE', #5211, #4762, #3492, .T. ) ;
#4596 = LINE ( 'NONE', #596, #7358 ) ;
#4597 = CARTESIAN_POINT ( 'NONE',  ( -11.90033665948658737, -66.20000000000000284, 33.03552732036720840 ) ) ;
#4598 = ORIENTED_EDGE ( 'NONE', *, *, #4633, .F. ) ;
#4599 = FACE_OUTER_BOUND ( 'NONE', #5357, .T. ) ;
#4600 = ORIENTED_EDGE ( 'NONE', *, *, #2918, .T. ) ;
#4601 = CIRCLE ( 'NONE', #5959, 3.199999999999999734 ) ;
#4602 = CARTESIAN_POINT ( 'NONE',  ( 2.510581644129451728, -31.85000000000000853, 32.68808789241496271 ) ) ;
#4603 = PLANE ( 'NONE',  #3832 ) ;
#4604 = ORIENTED_EDGE ( 'NONE', *, *, #5370, .T. ) ;
#4605 = VERTEX_POINT ( 'NONE', #5833 ) ;
#4606 = AXIS2_PLACEMENT_3D ( 'NONE', #7394, #1447, #6095 ) ;
#4607 = DIRECTION ( 'NONE',  ( 1.000000000000000000, 4.336808689942017736E-15, 0.000000000000000000 ) ) ;
#4608 = ORIENTED_EDGE ( 'NONE', *, *, #2439, .T. ) ;
#4609 = DIRECTION ( 'NONE',  ( 1.000000000000000000, 0.000000000000000000, 0.000000000000000000 ) ) ;
#4610 = EDGE_CURVE ( 'NONE', #3764, #4230, #63, .T. ) ;
#4611 = AXIS2_PLACEMENT_3D ( 'NONE', #363, #2647, #2071 ) ;
#4612 = VECTOR ( 'NONE', #2578, 1000.000000000000000 ) ;
#4613 =( NAMED_UNIT ( * ) PLANE_ANGLE_UNIT ( ) SI_UNIT ( $, .RADIAN. ) );
#4614 = CARTESIAN_POINT ( 'NONE',  ( -27.73620972503529458, -43.26718681530833521, 37.23624902382109525 ) ) ;
#4615 = CARTESIAN_POINT ( 'NONE',  ( 12.26637933012581527, -69.04119158784651233, 5.000282804481280152 ) ) ;
#4616 = VECTOR ( 'NONE', #3254, 1000.000000000000000 ) ;
#4617 = EDGE_LOOP ( 'NONE', ( #3591, #1013, #636, #2952 ) ) ;
#4618 = CARTESIAN_POINT ( 'NONE',  ( -6.736162321940780906, -52.73281318469168610, 37.94999999999999574 ) ) ;
#4619 = VERTEX_POINT ( 'NONE', #5801 ) ;
#4620 = CARTESIAN_POINT ( 'NONE',  ( -15.23689826762069721, -69.71482761517539473, 36.08726541126664955 ) ) ;
#4621 = CARTESIAN_POINT ( 'NONE',  ( -31.76622180216779512, -54.67816530948918086, 5.000000000000000000 ) ) ;
#4622 = CARTESIAN_POINT ( 'NONE',  ( 26.99999932944771075, -60.00000000000000000, 5.000000000000000000 ) ) ;
#4623 = ADVANCED_FACE ( 'NONE', ( #5145 ), #2341, .F. ) ;
#4624 = CARTESIAN_POINT ( 'NONE',  ( -13.13034936054921786, -70.98643019915587615, 31.60703496323174377 ) ) ;
#4625 = LINE ( 'NONE', #7495, #3201 ) ;
#4626 = EDGE_CURVE ( 'NONE', #5797, #4516, #2233, .T. ) ;
#4627 = FACE_OUTER_BOUND ( 'NONE', #773, .T. ) ;
#4628 = PRODUCT_DEFINITION_CONTEXT ( 'detailed design', #7177, 'design' ) ;
#4629 = CARTESIAN_POINT ( 'NONE',  ( -10.70979040663030091, -24.87867965644037227, 5.878679656440354506 ) ) ;
#4630 = VERTEX_POINT ( 'NONE', #6364 ) ;
#4631 = CARTESIAN_POINT ( 'NONE',  ( -0.3761192464068487396, -43.05025253169422683, -1.813288857160449963 ) ) ;
#4632 = CARTESIAN_POINT ( 'NONE',  ( 17.82122034785800579, -29.80000000000000426, 36.24023101284518589 ) ) ;
#4633 = EDGE_CURVE ( 'NONE', #1431, #3285, #4520, .T. ) ;
#4634 = CARTESIAN_POINT ( 'NONE',  ( -34.59634597467981365, -52.59542923900612266, 6.191545297741657627 ) ) ;
#4635 = FACE_OUTER_BOUND ( 'NONE', #3016, .T. ) ;
#4636 = CARTESIAN_POINT ( 'NONE',  ( -34.35703295905189947, -39.78877611885614840, 37.05029354652139517 ) ) ;
#4637 = FILL_AREA_STYLE_COLOUR ( '', #7122 ) ;
#4638 = CARTESIAN_POINT ( 'NONE',  ( -12.18839666670608501, -67.41422432515510366, 37.94999999999999574 ) ) ;
#4639 = DIRECTION ( 'NONE',  ( 4.557819132794839459E-16, -1.000000000000000000, -0.000000000000000000 ) ) ;
#4640 = VERTEX_POINT ( 'NONE', #2878 ) ;
#4641 = CARTESIAN_POINT ( 'NONE',  ( 3.052602381625677985, -26.61666666666667780, 31.51927500764678669 ) ) ;
#4642 = ORIENTED_EDGE ( 'NONE', *, *, #5017, .T. ) ;
#4643 = VECTOR ( 'NONE', #7346, 1000.000000000000000 ) ;
#4644 = FACE_OUTER_BOUND ( 'NONE', #2512, .T. ) ;
#4645 = ORIENTED_EDGE ( 'NONE', *, *, #5951, .T. ) ;
#4646 = ORIENTED_EDGE ( 'NONE', *, *, #3058, .T. ) ;
#4647 =( BOUNDED_SURFACE ( )  B_SPLINE_SURFACE ( 1, 2, ( 
 ( #1346, #7028, #3583, #725, #158 ),
 ( #3659, #3849, #3325, #4387, #990 ) ),
 .UNSPECIFIED., .F., .F., .F. ) 
 B_SPLINE_SURFACE_WITH_KNOTS ( ( 2, 2 ),
 ( 3, 2, 3 ),
 ( 0.000000000000000000, 0.001253524291641339985 ),
 ( -3.913028172430899954, -2.741912249612899810, -1.570796326794899889 ),
 .UNSPECIFIED. ) 
 GEOMETRIC_REPRESENTATION_ITEM ( )  RATIONAL_B_SPLINE_SURFACE ( (
 ( 1.000000000000000000, 0.8334038501815999034, 1.000000000000000000, 0.8334038501815999034, 1.000000000000000000),
 ( 1.000000000000000000, 0.8334038501815999034, 1.000000000000000000, 0.8334038501815999034, 1.000000000000000000) ) ) 
 REPRESENTATION_ITEM ( '' )  SURFACE ( )  );
#4648 = CARTESIAN_POINT ( 'NONE',  ( 1.749747468305815845, -43.05025253169415578, 3.000000000000000888 ) ) ;
#4649 = ORIENTED_EDGE ( 'NONE', *, *, #3896, .F. ) ;
#4650 = DIRECTION ( 'NONE',  ( 3.202566417187959410E-16, -1.000000000000000000, 0.000000000000000000 ) ) ;
#4651 = CARTESIAN_POINT ( 'NONE',  ( -12.51188947659932182, -25.98634660303350685, 35.72347932769634582 ) ) ;
#4652 = CIRCLE ( 'NONE', #1375, 2.200000000000000622 ) ;
#4653 = DIRECTION ( 'NONE',  ( -3.202566417187959410E-16, 1.000000000000000000, 0.000000000000000000 ) ) ;
#4654 = EDGE_CURVE ( 'NONE', #4698, #7109, #7505, .T. ) ;
#4655 = FACE_BOUND ( 'NONE', #3324, .T. ) ;
#4656 = DIRECTION ( 'NONE',  ( -1.000000000000000000, -4.557819132794839459E-16, 0.000000000000000000 ) ) ;
#4657 = VECTOR ( 'NONE', #4771, 1000.000000000000000 ) ;
#4658 = ORIENTED_EDGE ( 'NONE', *, *, #3294, .T. ) ;
#4659 = CYLINDRICAL_SURFACE ( 'NONE', #2542, 1.599999999999999867 ) ;
#4660 = EDGE_LOOP ( 'NONE', ( #2874, #61, #6838, #3688 ) ) ;
#4661 = CARTESIAN_POINT ( 'NONE',  ( 11.00000000000000178, -28.50000000000000711, 13.00000000000000178 ) ) ;
#4662 = CARTESIAN_POINT ( 'NONE',  ( -31.24690488275988898, -58.90765441209492081, 5.753556018496659874 ) ) ;
#4663 = DIRECTION ( 'NONE',  ( 1.000000000000000000, 3.469446951953621584E-16, -2.668805347656624829E-17 ) ) ;
#4664 = CARTESIAN_POINT ( 'NONE',  ( -12.94534537468169333, -71.02472000503108518, 31.56929318899536696 ) ) ;
#4665 = DIRECTION ( 'NONE',  ( -1.000000000000000000, -4.557819132794839459E-16, 0.000000000000000000 ) ) ;
#4666 = CARTESIAN_POINT ( 'NONE',  ( 4.389956758816826010, -72.00000000000001421, -1.758964032645780273 ) ) ;
#4667 = CARTESIAN_POINT ( 'NONE',  ( -2.227610423385024685, -72.00000000000001421, 28.31033288373339829 ) ) ;
#4668 = CIRCLE ( 'NONE', #1151, 12.00000000000000000 ) ;
#4669 = ORIENTED_EDGE ( 'NONE', *, *, #3143, .F. ) ;
#4670 = CARTESIAN_POINT ( 'NONE',  ( -4.949747468305823794, -43.05025253169417709, 3.000000000000000000 ) ) ;
#4671 = ADVANCED_FACE ( 'NONE', ( #3355 ), #4593, .F. ) ;
#4672 = DIRECTION ( 'NONE',  ( 0.004276014937612544753, -1.794292901353899782E-17, -0.9999908578063368969 ) ) ;
#4673 = EDGE_LOOP ( 'NONE', ( #7050, #6225, #3966, #1416 ) ) ;
#4674 = VECTOR ( 'NONE', #5488, 1000.000000000000114 ) ;
#4675 = AXIS2_PLACEMENT_3D ( 'NONE', #6973, #6444, #3037 ) ;
#4676 = CARTESIAN_POINT ( 'NONE',  ( -4.949747468305823794, -43.05025253169417709, 5.000000000000000000 ) ) ;
#4677 = CARTESIAN_POINT ( 'NONE',  ( -34.66585638781698719, -40.49922374873148101, 37.05029354652139517 ) ) ;
#4678 =( NAMED_UNIT ( * ) PLANE_ANGLE_UNIT ( ) SI_UNIT ( $, .RADIAN. ) );
#4679 = ADVANCED_FACE ( 'NONE', ( #4635 ), #25, .T. ) ;
#4680 = FACE_BOUND ( 'NONE', #5437, .T. ) ;
#4681 = ORIENTED_EDGE ( 'NONE', *, *, #6272, .T. ) ;
#4682 = EDGE_CURVE ( 'NONE', #3009, #2163, #5067, .T. ) ;
#4683 = DIRECTION ( 'NONE',  ( -1.000000000000000000, 0.000000000000000000, 0.000000000000000000 ) ) ;
#4684 = EDGE_LOOP ( 'NONE', ( #4970, #4337, #4148, #6449, #3436, #3736 ) ) ;
#4685 = VECTOR ( 'NONE', #4326, 1000.000000000000000 ) ;
#4686 = VECTOR ( 'NONE', #6947, 1000.000000000000000 ) ;
#4687 = ORIENTED_EDGE ( 'NONE', *, *, #546, .T. ) ;
#4688 = CIRCLE ( 'NONE', #6647, 1.249999999999997558 ) ;
#4689 = LINE ( 'NONE', #5200, #2370 ) ;
#4690 = CARTESIAN_POINT ( 'NONE',  ( -0.3761192464068528474, -52.94974746830589396, 3.000000000000000000 ) ) ;
#4691 = AXIS2_PLACEMENT_3D ( 'NONE', #5038, #7367, #491 ) ;
#4692 = LINE ( 'NONE', #1871, #264 ) ;
#4693 = FACE_OUTER_BOUND ( 'NONE', #4039, .T. ) ;
#4694 =( BOUNDED_CURVE ( )  B_SPLINE_CURVE ( 3, ( #1897, #2583, #1974, #3761 ),
 .UNSPECIFIED., .F., .T. ) 
 B_SPLINE_CURVE_WITH_KNOTS ( ( 4, 4 ),
 ( 1.570796326794897002, 3.141592653589793116 ),
 .UNSPECIFIED. ) 
 CURVE ( )  GEOMETRIC_REPRESENTATION_ITEM ( )  RATIONAL_B_SPLINE_CURVE ( ( 1.000000000000000000, 0.8047378541243650485, 0.8047378541243650485, 1.000000000000000000 ) ) 
 REPRESENTATION_ITEM ( '' )  );
#4695 = PLANE ( 'NONE',  #1263 ) ;
#4696 = CARTESIAN_POINT ( 'NONE',  ( -2.710824778663010637, -45.33656510651920257, -1.813288857160449963 ) ) ;
#4697 = EDGE_LOOP ( 'NONE', ( #7453, #5354, #2204, #7072 ) ) ;
#4698 = VERTEX_POINT ( 'NONE', #711 ) ;
#4699 = CARTESIAN_POINT ( 'NONE',  ( 4.949747468305839782, -52.94974746830583712, 5.000000000000000000 ) ) ;
#4700 = VERTEX_POINT ( 'NONE', #215 ) ;
#4701 = CARTESIAN_POINT ( 'NONE',  ( -31.97611023640049055, -54.10549139988099654, 5.000000000000000000 ) ) ;
#4702 = EDGE_CURVE ( 'NONE', #7474, #73, #3262, .T. ) ;
#4703 = CIRCLE ( 'NONE', #7392, 1.249999999999997558 ) ;
#4704 = DIRECTION ( 'NONE',  ( -0.7071067811865472397, 0.7071067811865479058, 0.000000000000000000 ) ) ;
#4705 = B_SPLINE_CURVE_WITH_KNOTS ( 'NONE', 3,
 ( #5823, #612, #2899, #5245, #3551, #6246 ),
 .UNSPECIFIED., .F., .F.,
 ( 4, 2, 4 ),
 ( 0.000000000000000000, 0.5000000000000000000, 1.000000000000000000 ),
 .UNSPECIFIED. ) ;
#4706 = CARTESIAN_POINT ( 'NONE',  ( -18.07321680045787815, -68.61781696431339128, 35.95639373021774787 ) ) ;
#4707 = CARTESIAN_POINT ( 'NONE',  ( 16.00000000000000355, -31.85000000000000497, 38.00000000000000000 ) ) ;
#4708 = CARTESIAN_POINT ( 'NONE',  ( -19.51291135973921698, -64.87798217319823380, 5.084675962395638571 ) ) ;
#4709 = DIRECTION ( 'NONE',  ( 0.000000000000000000, -0.000000000000000000, 1.000000000000000000 ) ) ;
#4710 = DIRECTION ( 'NONE',  ( -1.000000000000000000, -3.202566417187959410E-16, 0.000000000000000000 ) ) ;
#4711 = EDGE_CURVE ( 'NONE', #2135, #116, #4243, .T. ) ;
#4712 = ORIENTED_EDGE ( 'NONE', *, *, #4490, .T. ) ;
#4713 = CARTESIAN_POINT ( 'NONE',  ( -13.65147265498694296, -25.37924550048103711, 5.878679656440358947 ) ) ;
#4714 = EDGE_CURVE ( 'NONE', #5198, #1387, #6589, .T. ) ;
#4715 = CARTESIAN_POINT ( 'NONE',  ( -11.10231741850039988, -28.89831944266691366, 35.00000000000000000 ) ) ;
#4716 = EDGE_LOOP ( 'NONE', ( #496, #7098, #220, #3561 ) ) ;
#4717 = DIRECTION ( 'NONE',  ( -0.9999908578063367859, -3.202537138705553991E-16, -0.004276014937612308831 ) ) ;
#4718 = DIRECTION ( 'NONE',  ( -0.7144726796328051410, 0.6996633405133636519, 0.000000000000000000 ) ) ;
#4719 = CARTESIAN_POINT ( 'NONE',  ( 14.15593608303325546, -25.15822645715710593, 10.37594011333207789 ) ) ;
#4720 = PRESENTATION_STYLE_ASSIGNMENT (( #6404 ) ) ;
#4721 = DIRECTION ( 'NONE',  ( -0.000000000000000000, -0.000000000000000000, -1.000000000000000000 ) ) ;
#4722 = ORIENTED_EDGE ( 'NONE', *, *, #1480, .T. ) ;
#4723 = CARTESIAN_POINT ( 'NONE',  ( -35.19999999999999574, -52.60078009883481087, 20.76734572126339984 ) ) ;
#4724 = ORIENTED_EDGE ( 'NONE', *, *, #592, .T. ) ;
#4725 = EDGE_CURVE ( 'NONE', #1534, #2354, #6017, .T. ) ;
#4726 = EDGE_CURVE ( 'NONE', #2163, #5829, #5468, .T. ) ;
#4727 = CARTESIAN_POINT ( 'NONE',  ( 0.1999096512316216601, -26.61666666666668490, 37.95000000000000284 ) ) ;
#4728 = ORIENTED_EDGE ( 'NONE', *, *, #6834, .T. ) ;
#4729 = CARTESIAN_POINT ( 'NONE',  ( -10.99999999999999822, -24.00526558340328975, 13.25000000000000000 ) ) ;
#4730 = ORIENTED_EDGE ( 'NONE', *, *, #3539, .T. ) ;
#4731 = CARTESIAN_POINT ( 'NONE',  ( 12.24448578470273929, -71.12132034355965970, 10.12131760029763150 ) ) ;
#4732 = CARTESIAN_POINT ( 'NONE',  ( -7.260740650870592283, -38.29326573770972431, 32.17816010480784428 ) ) ;
#4733 = VERTEX_POINT ( 'NONE', #819 ) ;
#4734 = CYLINDRICAL_SURFACE ( 'NONE', #6008, 3.000000000000000444 ) ;
#4735 = ADVANCED_FACE ( 'NONE', ( #4878 ), #4796, .F. ) ;
#4736 = VECTOR ( 'NONE', #2955, 1000.000000000000000 ) ;
#4737 = CARTESIAN_POINT ( 'NONE',  ( -6.150375884313879382, -42.00000000000000711, 41.85000000000000142 ) ) ;
#4738 = CARTESIAN_POINT ( 'NONE',  ( -14.76678650646001678, -70.89766119287642709, 12.81057783992563159 ) ) ;
#4739 = VERTEX_POINT ( 'NONE', #5300 ) ;
#4740 = ORIENTED_EDGE ( 'NONE', *, *, #3372, .T. ) ;
#4741 = CARTESIAN_POINT ( 'NONE',  ( 14.37212536243402106, -24.73354439771950908, 9.976182341576784296 ) ) ;
#4742 = ORIENTED_EDGE ( 'NONE', *, *, #265, .F. ) ;
#4743 = CYLINDRICAL_SURFACE ( 'NONE', #4906, 5.000000000000000888 ) ;
#4744 = CARTESIAN_POINT ( 'NONE',  ( -32.19949609964259452, -52.62786913503216368, 5.000000000000000000 ) ) ;
#4745 = CARTESIAN_POINT ( 'NONE',  ( 2.743635777712864598, -66.04999999999999716, 13.96507684480349987 ) ) ;
#4746 = VECTOR ( 'NONE', #6814, 1000.000000000000000 ) ;
#4747 = AXIS2_PLACEMENT_3D ( 'NONE', #4395, #1517, #6005 ) ;
#4748 = CARTESIAN_POINT ( 'NONE',  ( -8.219306036156604378, -26.02922425116631544, 35.87705666944677318 ) ) ;
#4749 = CARTESIAN_POINT ( 'NONE',  ( -6.736162321940780018, -55.82341193739015495, 2.541980630201659874 ) ) ;
#4750 = VECTOR ( 'NONE', #1523, 1000.000000000000000 ) ;
#4751 = AXIS2_PLACEMENT_3D ( 'NONE', #3056, #5411, #5455 ) ;
#4752 = CARTESIAN_POINT ( 'NONE',  ( -25.32991872288443957, -35.29115550805862256, 37.70722478971423897 ) ) ;
#4753 = FACE_OUTER_BOUND ( 'NONE', #3471, .T. ) ;
#4754 = ORIENTED_EDGE ( 'NONE', *, *, #4118, .F. ) ;
#4755 = EDGE_CURVE ( 'NONE', #3061, #2169, #1979, .T. ) ;
#4756 = DIRECTION ( 'NONE',  ( 3.202566417187959410E-16, -1.000000000000000000, 0.000000000000000000 ) ) ;
#4757 = CARTESIAN_POINT ( 'NONE',  ( -35.19725469341499036, -43.08368845839354577, 37.05029354652139517 ) ) ;
#4758 = CARTESIAN_POINT ( 'NONE',  ( 7.686159401251103766E-15, -48.00000000000000711, 19.49590874590810330 ) ) ;
#4759 = CARTESIAN_POINT ( 'NONE',  ( -1.165889348011604820, -72.00000000000001421, 8.000000000000000000 ) ) ;
#4760 = ORIENTED_EDGE ( 'NONE', *, *, #5462, .F. ) ;
#4761 = CARTESIAN_POINT ( 'NONE',  ( -12.59999999999998721, -66.20000000000000284, 13.25000000000000000 ) ) ;
#4762 = VERTEX_POINT ( 'NONE', #937 ) ;
#4763 = ORIENTED_EDGE ( 'NONE', *, *, #2439, .F. ) ;
#4764 = DIRECTION ( 'NONE',  ( 0.8518146790820687597, 0.5238432518419151585, 0.000000000000000000 ) ) ;
#4765 = ORIENTED_EDGE ( 'NONE', *, *, #7140, .F. ) ;
#4766 = PLANE ( 'NONE',  #7307 ) ;
#4767 = VERTEX_POINT ( 'NONE', #4369 ) ;
#4768 = ADVANCED_FACE ( 'NONE', ( #1490 ), #4987, .F. ) ;
#4769 = VERTEX_POINT ( 'NONE', #2118 ) ;
#4770 = AXIS2_PLACEMENT_3D ( 'NONE', #2315, #1832, #5312 ) ;
#4771 = DIRECTION ( 'NONE',  ( 0.000000000000000000, 0.000000000000000000, 1.000000000000000000 ) ) ;
#4772 = B_SPLINE_CURVE_WITH_KNOTS ( 'NONE', 3,
 ( #4883, #2586, #342, #1332 ),
 .UNSPECIFIED., .F., .F.,
 ( 4, 4 ),
 ( -0.07028458401255290033, 0.000000000000000000 ),
 .UNSPECIFIED. ) ;
#4773 = PLANE ( 'NONE',  #5421 ) ;
#4774 = DIRECTION ( 'NONE',  ( 0.7144726796328046969, 0.6996633405133640959, -0.000000000000000000 ) ) ;
#4775 = ORIENTED_EDGE ( 'NONE', *, *, #5502, .T. ) ;
#4776 = ORIENTED_EDGE ( 'NONE', *, *, #1087, .F. ) ;
#4777 = PLANE ( 'NONE',  #2291 ) ;
#4778 = ORIENTED_EDGE ( 'NONE', *, *, #1075, .T. ) ;
#4779 = CARTESIAN_POINT ( 'NONE',  ( -34.64839087791809646, -52.76727060927005653, 5.753556018496670532 ) ) ;
#4780 = CIRCLE ( 'NONE', #6127, 3.000000000000000000 ) ;
#4781 = CARTESIAN_POINT ( 'NONE',  ( 12.25355665337661293, -72.00000000000001421, 8.000000000000000000 ) ) ;
#4782 = ADVANCED_FACE ( 'NONE', ( #898 ), #7318, .T. ) ;
#4783 = CARTESIAN_POINT ( 'NONE',  ( -8.946225629940308011, -26.05272175071550933, 35.95003882933451678 ) ) ;
#4784 = CARTESIAN_POINT ( 'NONE',  ( -19.41070482981538348, -66.65752644630367740, 5.878683768642986252 ) ) ;
#4785 = AXIS2_PLACEMENT_3D ( 'NONE', #7178, #3047, #7101 ) ;
#4786 = DIRECTION ( 'NONE',  ( 0.000000000000000000, 0.000000000000000000, 1.000000000000000000 ) ) ;
#4787 = CARTESIAN_POINT ( 'NONE',  ( -33.79344353258089484, -57.16974293838975996, 37.05029288986879976 ) ) ;
#4788 = ORIENTED_EDGE ( 'NONE', *, *, #3466, .T. ) ;
#4789 = CARTESIAN_POINT ( 'NONE',  ( 12.26497007077535528, -70.57349354390629514, 5.330852856787007710 ) ) ;
#4790 = CARTESIAN_POINT ( 'NONE',  ( 8.597552237779744644, -72.48870083988784074, 5.001282804481280486 ) ) ;
#4791 = ORIENTED_EDGE ( 'NONE', *, *, #6411, .T. ) ;
#4792 = DIRECTION ( 'NONE',  ( -3.202566417187959410E-16, 1.000000000000000000, 0.000000000000000000 ) ) ;
#4793 = VECTOR ( 'NONE', #7500, 1000.000000000000000 ) ;
#4794 = DIRECTION ( 'NONE',  ( -4.557819132794839459E-16, 1.000000000000000000, 0.000000000000000000 ) ) ;
#4795 = VECTOR ( 'NONE', #742, 1000.000000000000000 ) ;
#4796 = PLANE ( 'NONE',  #1929 ) ;
#4797 = DIRECTION ( 'NONE',  ( 3.202566417187959410E-16, -1.000000000000000000, -0.000000000000000000 ) ) ;
#4798 = PRESENTATION_STYLE_ASSIGNMENT (( #6019 ) ) ;
#4799 = CARTESIAN_POINT ( 'NONE',  ( -10.99999999999999645, -25.70184204106165637, 34.66169384743211168 ) ) ;
#4800 = ORIENTED_EDGE ( 'NONE', *, *, #797, .F. ) ;
#4801 = CARTESIAN_POINT ( 'NONE',  ( -35.19999999999999574, -43.39921990116545913, 37.05029354652139517 ) ) ;
#4802 = ORIENTED_EDGE ( 'NONE', *, *, #6656, .F. ) ;
#4803 = AXIS2_PLACEMENT_3D ( 'NONE', #799, #1951, #3090 ) ;
#4804 = EDGE_CURVE ( 'NONE', #4439, #1431, #3797, .T. ) ;
#4805 = ORIENTED_EDGE ( 'NONE', *, *, #7352, .T. ) ;
#4806 = DIRECTION ( 'NONE',  ( 0.7144726796328029206, 3.256437249089587186E-16, -0.6996633405133658723 ) ) ;
#4807 = DIRECTION ( 'NONE',  ( 0.7071067811865540120, 3.222864816221049982E-16, 0.7071067811865410224 ) ) ;
#4808 = CARTESIAN_POINT ( 'NONE',  ( 10.00000000000002842, -48.00000000000000711, -1.000000000000000000 ) ) ;
#4809 = VERTEX_POINT ( 'NONE', #374 ) ;
#4810 = EDGE_CURVE ( 'NONE', #1242, #1413, #6784, .T. ) ;
#4811 = ORIENTED_EDGE ( 'NONE', *, *, #6504, .F. ) ;
#4812 = DIRECTION ( 'NONE',  ( 1.601283208593979705E-16, -1.000000000000000000, 0.000000000000000000 ) ) ;
#4813 = VECTOR ( 'NONE', #6649, 1000.000000000000000 ) ;
#4814 = CARTESIAN_POINT ( 'NONE',  ( -1.165889348011614812, -72.00000000000001421, 10.99999725673800199 ) ) ;
#4815 = CARTESIAN_POINT ( 'NONE',  ( -14.30740038041724560, -71.14862053751522808, 11.84661864314178104 ) ) ;
#4816 = DIRECTION ( 'NONE',  ( -0.8518146790820695369, 0.5238432518419139372, 0.000000000000000000 ) ) ;
#4817 = EDGE_LOOP ( 'NONE', ( #2852, #6686 ) ) ;
#4818 = ORIENTED_EDGE ( 'NONE', *, *, #1316, .T. ) ;
#4819 = FACE_OUTER_BOUND ( 'NONE', #7057, .T. ) ;
#4820 = ORIENTED_EDGE ( 'NONE', *, *, #2582, .T. ) ;
#4821 = CARTESIAN_POINT ( 'NONE',  ( -33.14232178036648691, -57.14614463969032698, 5.753556018496659874 ) ) ;
#4822 = CYLINDRICAL_SURFACE ( 'NONE', #509, 0.5999999999999888756 ) ;
#4823 = AXIS2_PLACEMENT_3D ( 'NONE', #2802, #6717, #3807 ) ;
#4824 = CARTESIAN_POINT ( 'NONE',  ( -6.736162321940784459, -42.00000000000000711, 41.85000000000000142 ) ) ;
#4825 = CARTESIAN_POINT ( 'NONE',  ( -19.49935880022465540, -65.70624231879504862, 5.340009821145425661 ) ) ;
#4826 = ADVANCED_FACE ( 'NONE', ( #2579 ), #3236, .F. ) ;
#4827 = ADVANCED_FACE ( 'NONE', ( #453 ), #5069, .F. ) ;
#4828 = VECTOR ( 'NONE', #3522, 1000.000000000000000 ) ;
#4829 = FACE_BOUND ( 'NONE', #2059, .T. ) ;
#4830 = DIRECTION ( 'NONE',  ( 0.000000000000000000, -0.000000000000000000, 1.000000000000000000 ) ) ;
#4831 = VERTEX_POINT ( 'NONE', #6057 ) ;
#4832 = CARTESIAN_POINT ( 'NONE',  ( -22.93997745588829318, -34.98527043293222505, 37.92585757379712419 ) ) ;
#4833 = LINE ( 'NONE', #7233, #2735 ) ;
#4834 = ORIENTED_EDGE ( 'NONE', *, *, #6617, .F. ) ;
#4835 = DIRECTION ( 'NONE',  ( -0.7144726796328081386, -0.6996633405133605432, 0.000000000000000000 ) ) ;
#4836 = EDGE_CURVE ( 'NONE', #494, #3396, #6904, .T. ) ;
#4837 = CARTESIAN_POINT ( 'NONE',  ( -21.83722406390289095, -52.73281318469169321, 37.94999999999999574 ) ) ;
#4838 = LINE ( 'NONE', #2658, #3916 ) ;
#4839 =( LENGTH_UNIT ( ) NAMED_UNIT ( * ) SI_UNIT ( .MILLI., .METRE. ) );
#4840 = DIRECTION ( 'NONE',  ( 1.000000000000000000, 3.202566417187959410E-16, 0.000000000000000000 ) ) ;
#4841 = ORIENTED_EDGE ( 'NONE', *, *, #7259, .F. ) ;
#4842 = CARTESIAN_POINT ( 'NONE',  ( -34.68465015972248722, -40.49273694563849801, 37.05029354652139517 ) ) ;
#4843 = ORIENTED_EDGE ( 'NONE', *, *, #7423, .F. ) ;
#4844 = VERTEX_POINT ( 'NONE', #3191 ) ;
#4845 = ADVANCED_FACE ( 'NONE', ( #1599 ), #1277, .T. ) ;
#4846 = CARTESIAN_POINT ( 'NONE',  ( 19.99999932944771786, -71.12132034355965970, 5.878679656440361612 ) ) ;
#4847 = DIRECTION ( 'NONE',  ( 0.6996633405133637629, 0.7144726796328051410, 0.000000000000000000 ) ) ;
#4848 = ORIENTED_EDGE ( 'NONE', *, *, #943, .T. ) ;
#4849 = DIRECTION ( 'NONE',  ( -1.000000000000000000, -3.202566417187959410E-16, 0.000000000000000000 ) ) ;
#4850 = ORIENTED_EDGE ( 'NONE', *, *, #7077, .F. ) ;
#4851 = CARTESIAN_POINT ( 'NONE',  ( -10.71366012283418634, -64.00000000000001421, 11.00000000000000000 ) ) ;
#4852 = PLANE ( 'NONE',  #5294 ) ;
#4853 = CARTESIAN_POINT ( 'NONE',  ( -2.710824778663063039, -40.76393995686920135, -8.485281374238569541 ) ) ;
#4854 = ADVANCED_FACE ( 'NONE', ( #4088 ), #4659, .F. ) ;
#4855 = DIRECTION ( 'NONE',  ( 1.000000000000000000, 3.202566417187959410E-16, 0.000000000000000000 ) ) ;
#4856 = ORIENTED_EDGE ( 'NONE', *, *, #1227, .F. ) ;
#4857 = ORIENTED_EDGE ( 'NONE', *, *, #5452, .F. ) ;
#4858 = AXIS2_PLACEMENT_3D ( 'NONE', #3442, #5781, #5277 ) ;
#4859 = ORIENTED_EDGE ( 'NONE', *, *, #2900, .F. ) ;
#4860 = LINE ( 'NONE', #3264, #7368 ) ;
#4861 = LINE ( 'NONE', #7186, #880 ) ;
#4862 = AXIS2_PLACEMENT_3D ( 'NONE', #5355, #652, #2157 ) ;
#4863 = CARTESIAN_POINT ( 'NONE',  ( 11.90935462363395203, -76.00000000000000000, 10.99999725673799844 ) ) ;
#4864 = CARTESIAN_POINT ( 'NONE',  ( -24.77191298211037918, -66.20000000000001705, 48.74881185521159921 ) ) ;
#4865 = CARTESIAN_POINT ( 'NONE',  ( -21.37054248465506490, -72.00000000000002842, 24.91794377247922654 ) ) ;
#4866 = DIRECTION ( 'NONE',  ( 0.000000000000000000, 0.000000000000000000, 1.000000000000000000 ) ) ;
#4867 = DIRECTION ( 'NONE',  ( -0.004276014937612509191, -1.369422183859188580E-18, 0.9999908578063368969 ) ) ;
#4868 = FACE_OUTER_BOUND ( 'NONE', #5436, .T. ) ;
#4869 = CIRCLE ( 'NONE', #3407, 3.000000000000000000 ) ;
#4870 = EDGE_LOOP ( 'NONE', ( #4909, #2154, #7264, #4955, #177, #7253 ) ) ;
#4871 = CARTESIAN_POINT ( 'NONE',  ( -27.20570393024559763, -35.36597618168471513, 37.35894263201620191 ) ) ;
#4872 = LINE ( 'NONE', #4285, #5911 ) ;
#4873 = ADVANCED_FACE ( 'NONE', ( #127 ), #2323, .F. ) ;
#4874 = EDGE_CURVE ( 'NONE', #7385, #4733, #2873, .T. ) ;
#4875 = CYLINDRICAL_SURFACE ( 'NONE', #1587, 0.8000000000000017097 ) ;
#4876 = CARTESIAN_POINT ( 'NONE',  ( -34.99999999999999289, -72.00000000000002842, 11.00000000000000000 ) ) ;
#4877 = VECTOR ( 'NONE', #3207, 1000.000000000000000 ) ;
#4878 = FACE_OUTER_BOUND ( 'NONE', #1603, .T. ) ;
#4879 = CARTESIAN_POINT ( 'NONE',  ( -27.20570393024559763, -35.36597618168471513, 37.35894263201620191 ) ) ;
#4880 = DIRECTION ( 'NONE',  ( 1.000000000000000000, 3.469446951953621584E-16, -2.668805347656624829E-17 ) ) ;
#4881 = DIRECTION ( 'NONE',  ( 0.000000000000000000, -0.000000000000000000, 1.000000000000000000 ) ) ;
#4882 = ORIENTED_EDGE ( 'NONE', *, *, #2539, .T. ) ;
#4883 = CARTESIAN_POINT ( 'NONE',  ( -27.73618254398489213, -52.73281318469169321, 37.23625530309279696 ) ) ;
#4884 = ORIENTED_EDGE ( 'NONE', *, *, #358, .F. ) ;
#4885 = EDGE_CURVE ( 'NONE', #6728, #5713, #1169, .T. ) ;
#4886 = VECTOR ( 'NONE', #1881, 1000.000000000000000 ) ;
#4887 = DIRECTION ( 'NONE',  ( 1.000000000000000000, 0.000000000000000000, 0.000000000000000000 ) ) ;
#4888 = PLANE ( 'NONE',  #969 ) ;
#4889 = ORIENTED_EDGE ( 'NONE', *, *, #6834, .F. ) ;
#4890 = LINE ( 'NONE', #4963, #7431 ) ;
#4891 = ORIENTED_EDGE ( 'NONE', *, *, #6071, .F. ) ;
#4892 = ADVANCED_FACE ( 'NONE', ( #3906 ), #5210, .F. ) ;
#4893 = CARTESIAN_POINT ( 'NONE',  ( 10.88171686371797797, -29.23333333333333428, 16.43033181573186852 ) ) ;
#4894 = LINE ( 'NONE', #311, #2334 ) ;
#4895 = CARTESIAN_POINT ( 'NONE',  ( 14.35328174760400088, -23.99997500000000272, 37.94999999999999574 ) ) ;
#4896 = PLANE ( 'NONE',  #5570 ) ;
#4897 = VERTEX_POINT ( 'NONE', #5283 ) ;
#4898 = ORIENTED_EDGE ( 'NONE', *, *, #2392, .F. ) ;
#4899 = ORIENTED_EDGE ( 'NONE', *, *, #1844, .T. ) ;
#4900 = CARTESIAN_POINT ( 'NONE',  ( -29.84033879646579734, -39.10278167685981998, 5.000000000000000000 ) ) ;
#4901 = CARTESIAN_POINT ( 'NONE',  ( -32.75004891410743824, -58.39052032015526095, 36.75459278104713690 ) ) ;
#4902 = EDGE_CURVE ( 'NONE', #5804, #3252, #4705, .T. ) ;
#4903 = CARTESIAN_POINT ( 'NONE',  ( -7.260740650870588730, -38.29326573770973141, 11.67816010480783540 ) ) ;
#4904 = CARTESIAN_POINT ( 'NONE',  ( 8.434130917513325443, -73.35773208228370379, 5.000279975879919903 ) ) ;
#4905 = CARTESIAN_POINT ( 'NONE',  ( -19.44585028819597383, -66.44570429600170769, 5.727052442613371319 ) ) ;
#4906 = AXIS2_PLACEMENT_3D ( 'NONE', #4124, #2257, #3482 ) ;
#4907 = CARTESIAN_POINT ( 'NONE',  ( 11.96638086349661556, -69.04119158784661181, 5.000282804481280152 ) ) ;
#4908 = CARTESIAN_POINT ( 'NONE',  ( 7.686159401251103766E-15, -48.00000000000000711, 5.000000000000000000 ) ) ;
#4909 = ORIENTED_EDGE ( 'NONE', *, *, #667, .T. ) ;
#4910 = CARTESIAN_POINT ( 'NONE',  ( -25.08453747308577420, -35.27603798965234461, 37.74040149530448218 ) ) ;
#4911 = CARTESIAN_POINT ( 'NONE',  ( -6.253173824600693820, -64.15000000000000568, 35.75000000000000000 ) ) ;
#4912 = DIRECTION ( 'NONE',  ( -0.9211769859280191097, 0.3891239453636562429, -0.003939002563137035742 ) ) ;
#4913 = CARTESIAN_POINT ( 'NONE',  ( -35.19999999999999574, -43.39921990116536676, 8.000000000000000000 ) ) ;
#4914 = FACE_OUTER_BOUND ( 'NONE', #5632, .T. ) ;
#4915 = EDGE_CURVE ( 'NONE', #6324, #3051, #51, .T. ) ;
#4916 = CARTESIAN_POINT ( 'NONE',  ( -29.83597908908958729, -56.90289089391234256, 5.000000000000000000 ) ) ;
#4917 = STYLED_ITEM ( 'NONE', ( #1588 ), #6557 ) ;
#4918 = CARTESIAN_POINT ( 'NONE',  ( -12.31452386879747785, -69.94832366018955838, 35.93702651514987423 ) ) ;
#4919 = ORIENTED_EDGE ( 'NONE', *, *, #4127, .T. ) ;
#4920 = VECTOR ( 'NONE', #5471, 1000.000000000000000 ) ;
#4921 = FACE_OUTER_BOUND ( 'NONE', #6280, .T. ) ;
#4922 = EDGE_LOOP ( 'NONE', ( #7311, #6494, #2599, #1791 ) ) ;
#4923 = EDGE_CURVE ( 'NONE', #5686, #2587, #7073, .T. ) ;
#4924 = EDGE_CURVE ( 'NONE', #7135, #6010, #2864, .T. ) ;
#4925 = CARTESIAN_POINT ( 'NONE',  ( 11.96638086349661556, -69.04119158784661181, 5.000282804481280152 ) ) ;
#4926 = FACE_OUTER_BOUND ( 'NONE', #409, .T. ) ;
#4927 = STYLED_ITEM ( 'NONE', ( #4798 ), #7374 ) ;
#4928 = LINE ( 'NONE', #2025, #3645 ) ;
#4929 = ORIENTED_EDGE ( 'NONE', *, *, #5251, .T. ) ;
#4930 = CARTESIAN_POINT ( 'NONE',  ( 10.69507713076978384, -26.61666666666667780, 16.77544922382526238 ) ) ;
#4931 = ADVANCED_FACE ( 'NONE', ( #6955, #6993 ), #1204, .F. ) ;
#4932 = DIRECTION ( 'NONE',  ( -3.202566417187959410E-16, 1.000000000000000000, 0.000000000000000000 ) ) ;
#4933 = ORIENTED_EDGE ( 'NONE', *, *, #547, .F. ) ;
#4934 = VERTEX_POINT ( 'NONE', #6461 ) ;
#4935 = LINE ( 'NONE', #166, #4119 ) ;
#4936 = VERTEX_POINT ( 'NONE', #6610 ) ;
#4937 = CARTESIAN_POINT ( 'NONE',  ( -32.63144085008449480, -58.51552045798461421, 7.326801574230760394 ) ) ;
#4938 = CARTESIAN_POINT ( 'NONE',  ( -31.75676730292035899, -59.22215925575935103, 36.65021651236737199 ) ) ;
#4939 = CIRCLE ( 'NONE', #7124, 1.599999999999999867 ) ;
#4940 = CARTESIAN_POINT ( 'NONE',  ( -27.20570393024539158, -43.26718681530833521, 37.35894263201630139 ) ) ;
#4941 = CARTESIAN_POINT ( 'NONE',  ( -13.94386782872349961, -25.94734243275691199, 35.57791378251700110 ) ) ;
#4942 = CARTESIAN_POINT ( 'NONE',  ( -14.79999999999998650, -70.22736099600729176, 33.74999999999999289 ) ) ;
#4943 = DIRECTION ( 'NONE',  ( 0.000000000000000000, 0.000000000000000000, 1.000000000000000000 ) ) ;
#4944 = CARTESIAN_POINT ( 'NONE',  ( -7.260740650870585178, -38.29326573770972431, 35.32183989519216993 ) ) ;
#4945 = ORIENTED_EDGE ( 'NONE', *, *, #4163, .F. ) ;
#4946 = LINE ( 'NONE', #2045, #5186 ) ;
#4947 = CARTESIAN_POINT ( 'NONE',  ( -3.830286123484390348, -54.09290375571838183, 19.49590874590810330 ) ) ;
#4948 = DIRECTION ( 'NONE',  ( -3.202566417187959410E-16, 1.000000000000000000, 0.000000000000000000 ) ) ;
#4949 = PLANE ( 'NONE',  #6438 ) ;
#4950 = CARTESIAN_POINT ( 'NONE',  ( -12.21397545342153634, -67.84306945468874517, 11.08302022952831400 ) ) ;
#4951 = DIRECTION ( 'NONE',  ( 0.9999999999995820010, 0.000000000000000000, 9.144206693924648776E-07 ) ) ;
#4952 = CARTESIAN_POINT ( 'NONE',  ( -13.14544350127985339, -28.30020731516067656, 37.85992868532470368 ) ) ;
#4953 = EDGE_CURVE ( 'NONE', #5666, #4528, #1311, .T. ) ;
#4954 = DIRECTION ( 'NONE',  ( -0.3090169943749502823, 0.000000000000000000, -0.9510565162951525320 ) ) ;
#4955 = ORIENTED_EDGE ( 'NONE', *, *, #565, .T. ) ;
#4956 = VECTOR ( 'NONE', #5601, 1000.000000000000000 ) ;
#4957 = LINE ( 'NONE', #905, #6636 ) ;
#4958 = ORIENTED_EDGE ( 'NONE', *, *, #4207, .F. ) ;
#4959 = DIRECTION ( 'NONE',  ( 1.000000000000000000, -4.336808689942017736E-15, 0.000000000000000000 ) ) ;
#4960 = CARTESIAN_POINT ( 'NONE',  ( 4.949747468305815801, -43.05025253169415578, -1.000000000000000000 ) ) ;
#4961 = CARTESIAN_POINT ( 'NONE',  ( 4.173847315458242058, -48.32151270583477043, -1.000000000000000888 ) ) ;
#4962 = EDGE_LOOP ( 'NONE', ( #1675, #5511, #4778, #6864, #4063 ) ) ;
#4963 = CARTESIAN_POINT ( 'NONE',  ( -2.125328983574902963, -76.00000000000001421, 10.99999725673800199 ) ) ;
#4964 = ORIENTED_EDGE ( 'NONE', *, *, #3708, .F. ) ;
#4965 = EDGE_CURVE ( 'NONE', #5565, #2468, #3152, .T. ) ;
#4966 = EDGE_CURVE ( 'NONE', #3084, #7444, #4935, .T. ) ;
#4967 = CARTESIAN_POINT ( 'NONE',  ( 12.56147446025171810, -26.61666666666667069, 13.32427514289134152 ) ) ;
#4968 = DIRECTION ( 'NONE',  ( 1.000000000000000000, 3.202566417187959410E-16, 0.000000000000000000 ) ) ;
#4969 = LINE ( 'NONE', #6001, #3103 ) ;
#4970 = ORIENTED_EDGE ( 'NONE', *, *, #2877, .T. ) ;
#4971 = EDGE_LOOP ( 'NONE', ( #571, #4645, #5784, #6492, #4993, #1585, #6424 ) ) ;
#4972 = ORIENTED_EDGE ( 'NONE', *, *, #4579, .F. ) ;
#4973 = CARTESIAN_POINT ( 'NONE',  ( -35.20002532762759273, -52.59786762147808759, 8.000000000000000000 ) ) ;
#4974 = CARTESIAN_POINT ( 'NONE',  ( -12.84365522073320065, -23.75610945796801232, 137.6279888797259900 ) ) ;
#4975 = VECTOR ( 'NONE', #6022, 1000.000000000000000 ) ;
#4976 = ADVANCED_FACE ( 'NONE', ( #1995 ), #4777, .F. ) ;
#4977 = LINE ( 'NONE', #5054, #281 ) ;
#4978 = CARTESIAN_POINT ( 'NONE',  ( -18.63748466241739976, -27.74583147317801135, 35.97045525657319587 ) ) ;
#4979 = DIRECTION ( 'NONE',  ( 0.000000000000000000, 0.000000000000000000, -1.000000000000000000 ) ) ;
#4980 = LINE ( 'NONE', #4944, #1474 ) ;
#4981 = ORIENTED_EDGE ( 'NONE', *, *, #5795, .T. ) ;
#4982 = CARTESIAN_POINT ( 'NONE',  ( -8.485281374238546448, -56.48528137423859619, 1.000000000000000000 ) ) ;
#4983 = AXIS2_PLACEMENT_3D ( 'NONE', #5078, #908, #5552 ) ;
#4984 = DIRECTION ( 'NONE',  ( -0.6996633405133640959, 0.7144726796328045859, 0.000000000000000000 ) ) ;
#4985 = FACE_OUTER_BOUND ( 'NONE', #7046, .T. ) ;
#4986 = VECTOR ( 'NONE', #3590, 1000.000000000000114 ) ;
#4987 = CYLINDRICAL_SURFACE ( 'NONE', #2170, 1.599999999999999867 ) ;
#4988 = CARTESIAN_POINT ( 'NONE',  ( 26.99999932944770720, -34.00000000000000000, 7.999997256737990448 ) ) ;
#4989 = CYLINDRICAL_SURFACE ( 'NONE', #4415, 3.000000000000000444 ) ;
#4990 = CARTESIAN_POINT ( 'NONE',  ( -8.799999999999997158, -38.29326573770973141, 13.25000000000000000 ) ) ;
#4991 = ORIENTED_EDGE ( 'NONE', *, *, #2070, .F. ) ;
#4992 = CARTESIAN_POINT ( 'NONE',  ( -17.56420895983149322, -48.00000000000001421, 37.47603244626989749 ) ) ;
#4993 = ORIENTED_EDGE ( 'NONE', *, *, #4755, .T. ) ;
#4994 = AXIS2_PLACEMENT_3D ( 'NONE', #252, #6014, #1364 ) ;
#4995 = CARTESIAN_POINT ( 'NONE',  ( -33.09495562595999729, -37.81987586333871576, 7.326801574230760394 ) ) ;
#4996 = EDGE_CURVE ( 'NONE', #7375, #3267, #2446, .T. ) ;
#4997 = AXIS2_PLACEMENT_3D ( 'NONE', #2165, #7331, #2196 ) ;
#4998 = CARTESIAN_POINT ( 'NONE',  ( 3.530696101870934633, -73.12001803628574237, 10.99999725673800199 ) ) ;
#4999 = CYLINDRICAL_SURFACE ( 'NONE', #5042, 3.200000000000000178 ) ;
#5000 = DIRECTION ( 'NONE',  ( 1.000000000000000000, 3.202566417187959410E-16, 0.000000000000000000 ) ) ;
#5001 = DIRECTION ( 'NONE',  ( 1.000000000000000000, 6.171943137751545940E-16, 0.000000000000000000 ) ) ;
#5002 = EDGE_LOOP ( 'NONE', ( #3888, #1336, #6313, #1841 ) ) ;
#5003 = CARTESIAN_POINT ( 'NONE',  ( 14.05459232383726942, -24.00000000000000355, 10.56333587814419950 ) ) ;
#5004 = ORIENTED_EDGE ( 'NONE', *, *, #2903, .F. ) ;
#5005 = ORIENTED_EDGE ( 'NONE', *, *, #6466, .T. ) ;
#5006 = FACE_OUTER_BOUND ( 'NONE', #2279, .T. ) ;
#5007 = ORIENTED_EDGE ( 'NONE', *, *, #4426, .T. ) ;
#5008 = CARTESIAN_POINT ( 'NONE',  ( -35.19908944703159648, -52.67872574456929868, 8.000000000000000000 ) ) ;
#5009 = EDGE_CURVE ( 'NONE', #2555, #139, #841, .T. ) ;
#5010 = CARTESIAN_POINT ( 'NONE',  ( -32.76216764112398039, -58.37886110368113179, 36.75682843312499415 ) ) ;
#5011 = CARTESIAN_POINT ( 'NONE',  ( 11.24264068711930697, -48.00000000000000000, 9.000000000000000000 ) ) ;
#5012 = DIRECTION ( 'NONE',  ( -1.000000000000000000, -3.202566417187959410E-16, 0.000000000000000000 ) ) ;
#5013 = CARTESIAN_POINT ( 'NONE',  ( 5.000328407342106374, -74.63126029279381157, 10.99999870097979837 ) ) ;
#5014 = CARTESIAN_POINT ( 'NONE',  ( -17.49999999999998934, -72.00000000000001421, 8.000000000000000000 ) ) ;
#5015 = DIRECTION ( 'NONE',  ( -1.000000000000000000, -3.736327486719284252E-16, 0.000000000000000000 ) ) ;
#5016 = CARTESIAN_POINT ( 'NONE',  ( -7.260740650870587842, -29.80000000000001137, 35.32183989519216283 ) ) ;
#5017 = EDGE_CURVE ( 'NONE', #3149, #5669, #7053, .T. ) ;
#5018 = LINE ( 'NONE', #2687, #4643 ) ;
#5019 = ORIENTED_EDGE ( 'NONE', *, *, #6743, .T. ) ;
#5020 = CARTESIAN_POINT ( 'NONE',  ( 26.99999932944771430, -72.28029056724518853, 10.99999725673800199 ) ) ;
#5021 = AXIS2_PLACEMENT_3D ( 'NONE', #5817, #1126, #7027 ) ;
#5022 = DIRECTION ( 'NONE',  ( 1.000000000000000000, 0.000000000000000000, 0.000000000000000000 ) ) ;
#5023 = DIRECTION ( 'NONE',  ( 1.000000000000000000, 0.000000000000000000, 0.000000000000000000 ) ) ;
#5024 = ORIENTED_EDGE ( 'NONE', *, *, #1331, .F. ) ;
#5025 = DIRECTION ( 'NONE',  ( 0.6996633405133648731, 7.888609052210118054E-31, -0.7144726796328038088 ) ) ;
#5026 = CARTESIAN_POINT ( 'NONE',  ( -0.04472707903063597584, -73.12116226898100990, 4.999997256737990448 ) ) ;
#5027 = CARTESIAN_POINT ( 'NONE',  ( -7.862925645107904593, -31.85000000000001563, 13.73198263749395664 ) ) ;
#5028 = CARTESIAN_POINT ( 'NONE',  ( -35.16178936334422644, -53.35000223991854540, 23.86412252815042123 ) ) ;
#5029 = ORIENTED_EDGE ( 'NONE', *, *, #4318, .T. ) ;
#5030 = VECTOR ( 'NONE', #3943, 1000.000000000000227 ) ;
#5031 = CARTESIAN_POINT ( 'NONE',  ( -31.54179673954759977, -36.63194358667181660, -1.410058709304290003 ) ) ;
#5032 = ORIENTED_EDGE ( 'NONE', *, *, #1051, .T. ) ;
#5033 = CARTESIAN_POINT ( 'NONE',  ( -33.09552080255699735, -43.16368648656487039, 5.000000000000000000 ) ) ;
#5034 = AXIS2_PLACEMENT_3D ( 'NONE', #5971, #4165, #5456 ) ;
#5035 = FACE_OUTER_BOUND ( 'NONE', #7212, .T. ) ;
#5036 = EDGE_CURVE ( 'NONE', #3326, #4569, #1878, .T. ) ;
#5037 = CARTESIAN_POINT ( 'NONE',  ( 4.502165280931761160, -48.00000000000000711, 19.49590874590810330 ) ) ;
#5038 = CARTESIAN_POINT ( 'NONE',  ( -10.70979040663029913, -32.00000000000001421, 8.000000000000000000 ) ) ;
#5039 = ORIENTED_EDGE ( 'NONE', *, *, #7401, .T. ) ;
#5040 = CARTESIAN_POINT ( 'NONE',  ( -14.54814502891977845, -68.13525135430580804, 37.65223034781611489 ) ) ;
#5041 = ORIENTED_EDGE ( 'NONE', *, *, #3874, .T. ) ;
#5042 = AXIS2_PLACEMENT_3D ( 'NONE', #3321, #1047, #3954 ) ;
#5043 = CARTESIAN_POINT ( 'NONE',  ( 15.54771018742281896, -26.61666666666667069, 7.802396613397057479 ) ) ;
#5044 = CARTESIAN_POINT ( 'NONE',  ( -11.06074065087059743, -70.96361881964998020, 32.17816010480783007 ) ) ;
#5045 = ADVANCED_FACE ( 'NONE', ( #765 ), #275, .T. ) ;
#5046 = MECHANICAL_DESIGN_GEOMETRIC_PRESENTATION_REPRESENTATION (  '', ( #4927 ), #4304 ) ;
#5047 = ORIENTED_EDGE ( 'NONE', *, *, #6319, .T. ) ;
#5048 = ORIENTED_EDGE ( 'NONE', *, *, #3914, .F. ) ;
#5049 = CARTESIAN_POINT ( 'NONE',  ( -12.59999999999998721, -66.20000000000000284, 33.75000000000000000 ) ) ;
#5050 = VERTEX_POINT ( 'NONE', #202 ) ;
#5051 = FILL_AREA_STYLE ('',( #4637 ) ) ;
#5052 = ADVANCED_FACE ( 'NONE', ( #4819 ), #4239, .T. ) ;
#5053 = B_SPLINE_CURVE_WITH_KNOTS ( 'NONE', 3,
 ( #1857, #3611, #563, #6407, #4104, #2960 ),
 .UNSPECIFIED., .F., .F.,
 ( 4, 2, 4 ),
 ( 0.001727515855483726824, 0.002296988467717403243, 0.002866461079951079880 ),
 .UNSPECIFIED. ) ;
#5054 = CARTESIAN_POINT ( 'NONE',  ( 58.97731959999369877, -31.84999999999998366, 16.40000000000000213 ) ) ;
#5055 = CARTESIAN_POINT ( 'NONE',  ( 7.236561579255309518, -52.94974746830583712, 19.49590874590810330 ) ) ;
#5056 = AXIS2_PLACEMENT_3D ( 'NONE', #4761, #4639, #4683 ) ;
#5057 = PLANE ( 'NONE',  #4054 ) ;
#5058 = CARTESIAN_POINT ( 'NONE',  ( -14.79999999999998472, -70.87763232575606764, 13.25000000000000178 ) ) ;
#5059 = VERTEX_POINT ( 'NONE', #7235 ) ;
#5060 = DIRECTION ( 'NONE',  ( 0.000000000000000000, 0.000000000000000000, 1.000000000000000000 ) ) ;
#5061 = ORIENTED_EDGE ( 'NONE', *, *, #7303, .F. ) ;
#5062 = VECTOR ( 'NONE', #2268, 1000.000000000000000 ) ;
#5063 = LINE ( 'NONE', #5611, #2019 ) ;
#5064 = EDGE_CURVE ( 'NONE', #4619, #3489, #743, .T. ) ;
#5065 = CARTESIAN_POINT ( 'NONE',  ( -7.458417908586830514, -25.93059721204632240, 35.51541976804097800 ) ) ;
#5066 = EDGE_CURVE ( 'NONE', #341, #2418, #1218, .T. ) ;
#5067 =( BOUNDED_CURVE ( )  B_SPLINE_CURVE ( 3, ( #745, #6476, #3531, #1220 ),
 .UNSPECIFIED., .F., .T. ) 
 B_SPLINE_CURVE_WITH_KNOTS ( ( 4, 4 ),
 ( 3.047599406622115481, 3.095438384213719640 ),
 .UNSPECIFIED. ) 
 CURVE ( )  GEOMETRIC_REPRESENTATION_ITEM ( )  RATIONAL_B_SPLINE_CURVE ( ( 1.000000000000000000, 0.9998092951113647375, 0.9998092951113647375, 1.000000000000000000 ) ) 
 REPRESENTATION_ITEM ( '' )  );
#5068 = FACE_OUTER_BOUND ( 'NONE', #703, .T. ) ;
#5069 = PLANE ( 'NONE',  #4606 ) ;
#5070 = CARTESIAN_POINT ( 'NONE',  ( -22.61758396327855891, -65.51607434039308941, 36.21599623237042209 ) ) ;
#5071 = FACE_OUTER_BOUND ( 'NONE', #1298, .T. ) ;
#5072 = CARTESIAN_POINT ( 'NONE',  ( 7.106045556956146036, -74.66733016329260408, 17.75725338080160043 ) ) ;
#5073 = ORIENTED_EDGE ( 'NONE', *, *, #5085, .T. ) ;
#5074 = CARTESIAN_POINT ( 'NONE',  ( -34.14928511387029886, -39.30122265077017829, -1.410058709304299995 ) ) ;
#5075 = ORIENTED_EDGE ( 'NONE', *, *, #483, .F. ) ;
#5076 = AXIS2_PLACEMENT_3D ( 'NONE', #4513, #2792, #1743 ) ;
#5077 = ADVANCED_FACE ( 'NONE', ( #814 ), #4329, .T. ) ;
#5078 = CARTESIAN_POINT ( 'NONE',  ( -29.83827687998557465, -56.90130293863379762, 7.999999999999996447 ) ) ;
#5079 = VECTOR ( 'NONE', #1963, 1000.000000000000000 ) ;
#5080 = CARTESIAN_POINT ( 'NONE',  ( -10.70979040663029913, -32.00000000000001421, 5.000000000000000000 ) ) ;
#5081 = ORIENTED_EDGE ( 'NONE', *, *, #4168, .F. ) ;
#5082 = CARTESIAN_POINT ( 'NONE',  ( -32.17279035134698262, -58.93465395450171940, -1.410058709304360169 ) ) ;
#5083 = LINE ( 'NONE', #7409, #3776 ) ;
#5084 = EDGE_LOOP ( 'NONE', ( #4964, #2166, #6571, #5161 ) ) ;
#5085 = EDGE_CURVE ( 'NONE', #1413, #541, #1465, .T. ) ;
#5086 = CARTESIAN_POINT ( 'NONE',  ( 1.385715728913622158, -26.61666666666668135, 35.20254794301840917 ) ) ;
#5087 = LINE ( 'NONE', #3886, #5670 ) ;
#5088 = CARTESIAN_POINT ( 'NONE',  ( 2.408130741881443271, -64.15000000000000568, 14.20000000000000107 ) ) ;
#5089 = ORIENTED_EDGE ( 'NONE', *, *, #6321, .F. ) ;
#5090 = ORIENTED_EDGE ( 'NONE', *, *, #1982, .F. ) ;
#5091 = CARTESIAN_POINT ( 'NONE',  ( 7.573468342240865958, -29.80000000000000782, 46.70489081664960906 ) ) ;
#5092 = ORIENTED_EDGE ( 'NONE', *, *, #3408, .F. ) ;
#5093 = CARTESIAN_POINT ( 'NONE',  ( 29.99999932944770364, -33.99999999999999289, 8.000000000000000000 ) ) ;
#5094 = CARTESIAN_POINT ( 'NONE',  ( -32.19998495912209791, -43.41227106770342914, 5.000000000000000000 ) ) ;
#5095 = EDGE_CURVE ( 'NONE', #5669, #6445, #4869, .T. ) ;
#5096 = CARTESIAN_POINT ( 'NONE',  ( 6.069208813127206170, -41.90709624428166791, 3.000000000000000000 ) ) ;
#5097 = CARTESIAN_POINT ( 'NONE',  ( -14.63656715843236711, -70.97254807520610598, 14.11066115256625508 ) ) ;
#5098 = CARTESIAN_POINT ( 'NONE',  ( -33.21262525299059831, -35.21436789586491756, 36.84560475756640585 ) ) ;
#5099 = VERTEX_POINT ( 'NONE', #4217 ) ;
#5100 = FACE_OUTER_BOUND ( 'NONE', #6109, .T. ) ;
#5101 = FACE_OUTER_BOUND ( 'NONE', #2405, .T. ) ;
#5102 = DIRECTION ( 'NONE',  ( -3.202566417187959410E-16, 1.000000000000000000, 0.000000000000000000 ) ) ;
#5103 = CARTESIAN_POINT ( 'NONE',  ( -34.68959461325909643, -55.49384526247639826, 8.000000000000001776 ) ) ;
#5104 = VECTOR ( 'NONE', #3915, 1000.000000000000114 ) ;
#5105 = ORIENTED_EDGE ( 'NONE', *, *, #6174, .T. ) ;
#5106 = EDGE_CURVE ( 'NONE', #314, #589, #3030, .T. ) ;
#5107 = CARTESIAN_POINT ( 'NONE',  ( -32.15895766339130546, -37.05693029875281752, -1.410058709304290003 ) ) ;
#5108 = AXIS2_PLACEMENT_3D ( 'NONE', #3278, #418, #2693 ) ;
#5109 = CONICAL_SURFACE ( 'NONE', #5377, 11.24264068711929987, 0.7853981633974490562 ) ;
#5110 = DIRECTION ( 'NONE',  ( 0.000000000000000000, 0.000000000000000000, -1.000000000000000000 ) ) ;
#5111 = CARTESIAN_POINT ( 'NONE',  ( 8.571901410670593080, -72.48870083988784074, 10.99999725673800199 ) ) ;
#5112 = CARTESIAN_POINT ( 'NONE',  ( 8.597552237779744644, -72.48870083988784074, 5.001282804481280486 ) ) ;
#5113 = DIRECTION ( 'NONE',  ( 0.000000000000000000, 0.000000000000000000, 1.000000000000000000 ) ) ;
#5114 = ORIENTED_EDGE ( 'NONE', *, *, #7472, .T. ) ;
#5115 = ADVANCED_FACE ( 'NONE', ( #3188, #5422 ), #2505, .F. ) ;
#5116 = CIRCLE ( 'NONE', #4006, 3.199999999999999734 ) ;
#5117 = FACE_OUTER_BOUND ( 'NONE', #5148, .T. ) ;
#5118 = ORIENTED_EDGE ( 'NONE', *, *, #1958, .F. ) ;
#5119 = CIRCLE ( 'NONE', #1106, 2.200000000000000622 ) ;
#5120 = CARTESIAN_POINT ( 'NONE',  ( 0.6522019168521940857, -26.61666666666668490, 36.89211096816247704 ) ) ;
#5121 = CARTESIAN_POINT ( 'NONE',  ( -35.19999999999999574, -43.39921990116542361, 22.70015972323550102 ) ) ;
#5122 = CARTESIAN_POINT ( 'NONE',  ( 58.97731959999371298, -66.04999999999998295, 32.84999999999999432 ) ) ;
#5123 = ORIENTED_EDGE ( 'NONE', *, *, #4702, .F. ) ;
#5124 = ORIENTED_EDGE ( 'NONE', *, *, #1384, .F. ) ;
#5125 = AXIS2_PLACEMENT_3D ( 'NONE', #3452, #2260, #5790 ) ;
#5126 = LINE ( 'NONE', #437, #6662 ) ;
#5127 = EDGE_LOOP ( 'NONE', ( #3274, #2285, #4082, #983 ) ) ;
#5128 = EDGE_CURVE ( 'NONE', #7263, #6633, #3643, .T. ) ;
#5129 = FILL_AREA_STYLE_COLOUR ( '', #2067 ) ;
#5130 = DIRECTION ( 'NONE',  ( -4.557819132794839459E-16, 1.000000000000000000, 0.000000000000000000 ) ) ;
#5131 = ORIENTED_EDGE ( 'NONE', *, *, #6642, .F. ) ;
#5132 = CARTESIAN_POINT ( 'NONE',  ( -14.54294287304442612, -71.02530278918274576, 14.30394251384521453 ) ) ;
#5133 = EDGE_LOOP ( 'NONE', ( #564, #369, #193, #5081 ) ) ;
#5134 = CARTESIAN_POINT ( 'NONE',  ( -27.20570393024559763, -35.21436789586491756, 37.35894263201620191 ) ) ;
#5135 = VERTEX_POINT ( 'NONE', #3109 ) ;
#5136 = EDGE_CURVE ( 'NONE', #4439, #6260, #3879, .T. ) ;
#5137 = CARTESIAN_POINT ( 'NONE',  ( -11.40639254857799756, -70.80665435983667066, 5.000000000042428283 ) ) ;
#5138 = LINE ( 'NONE', #6886, #6488 ) ;
#5139 = CARTESIAN_POINT ( 'NONE',  ( -12.18839666670609923, -28.58577567484491411, 37.94999999999999574 ) ) ;
#5140 = ORIENTED_EDGE ( 'NONE', *, *, #1511, .F. ) ;
#5141 = ADVANCED_FACE ( 'NONE', ( #7275 ), #2047, .T. ) ;
#5142 = CARTESIAN_POINT ( 'NONE',  ( 15.44084688108270065, -24.00000000000001421, 7.999998628369019649 ) ) ;
#5143 = B_SPLINE_CURVE_WITH_KNOTS ( 'NONE', 3,
 ( #6847, #975, #1629, #7000 ),
 .UNSPECIFIED., .F., .F.,
 ( 4, 4 ),
 ( 0.000000000000000000, 0.07029182071586478897 ),
 .UNSPECIFIED. ) ;
#5144 = EDGE_CURVE ( 'NONE', #5621, #1387, #3765, .T. ) ;
#5145 = FACE_OUTER_BOUND ( 'NONE', #4922, .T. ) ;
#5146 = CARTESIAN_POINT ( 'NONE',  ( 4.044351160277010138, -30.65000000000000568, 29.44005339498990281 ) ) ;
#5147 = CARTESIAN_POINT ( 'NONE',  ( 7.686159401251103766E-15, -48.00000000000000711, 11.00000000000000000 ) ) ;
#5148 = EDGE_LOOP ( 'NONE', ( #2332, #7256, #5374, #3627, #7332 ) ) ;
#5149 = CARTESIAN_POINT ( 'NONE',  ( -11.10231741850038567, -69.99945803620030915, 35.77645713530759508 ) ) ;
#5150 = EDGE_LOOP ( 'NONE', ( #5341, #4303, #6190, #5105 ) ) ;
#5151 =( BOUNDED_CURVE ( )  B_SPLINE_CURVE ( 3, ( #7097, #2434, #6524, #2967 ),
 .UNSPECIFIED., .F., .T. ) 
 B_SPLINE_CURVE_WITH_KNOTS ( ( 4, 4 ),
 ( 1.522184662706056235, 3.141592653589793116 ),
 .UNSPECIFIED. ) 
 CURVE ( )  GEOMETRIC_REPRESENTATION_ITEM ( )  RATIONAL_B_SPLINE_CURVE ( ( 1.000000000000000000, 0.7931418633647657757, 0.7931418633647657757, 1.000000000000000000 ) ) 
 REPRESENTATION_ITEM ( '' )  );
#5152 = AXIS2_PLACEMENT_3D ( 'NONE', #658, #6394, #2219 ) ;
#5153 = EDGE_CURVE ( 'NONE', #1936, #6025, #1324, .T. ) ;
#5154 = CARTESIAN_POINT ( 'NONE',  ( 1.950418303577622359, -24.00000000000000711, 33.93549168787821202 ) ) ;
#5155 = ORIENTED_EDGE ( 'NONE', *, *, #2076, .F. ) ;
#5156 = EDGE_CURVE ( 'NONE', #3396, #3168, #2184, .T. ) ;
#5157 = DIRECTION ( 'NONE',  ( -9.367723249499515189E-31, 1.000000000000000000, 0.000000000000000000 ) ) ;
#5158 = ORIENTED_EDGE ( 'NONE', *, *, #2918, .F. ) ;
#5159 = ORIENTED_EDGE ( 'NONE', *, *, #6338, .F. ) ;
#5160 = CARTESIAN_POINT ( 'NONE',  ( -35.19999999999999574, -43.39921990116536676, 8.000000000000000000 ) ) ;
#5161 = ORIENTED_EDGE ( 'NONE', *, *, #3941, .F. ) ;
#5162 = CARTESIAN_POINT ( 'NONE',  ( -4.949747468305769615, -52.94974746830590107, 9.000000000000000000 ) ) ;
#5163 = VECTOR ( 'NONE', #3935, 1000.000000000000114 ) ;
#5164 = LINE ( 'NONE', #2777, #5362 ) ;
#5165 = VECTOR ( 'NONE', #6383, 1000.000000000000114 ) ;
#5166 = FILL_AREA_STYLE ('',( #5129 ) ) ;
#5167 = EDGE_CURVE ( 'NONE', #7407, #6876, #875, .T. ) ;
#5168 = CARTESIAN_POINT ( 'NONE',  ( 4.361055063425555822, -72.00000000000001421, 5.000000000000000000 ) ) ;
#5169 = ORIENTED_EDGE ( 'NONE', *, *, #893, .F. ) ;
#5170 = DIRECTION ( 'NONE',  ( 0.7144726796328046969, 0.6996633405133640959, -0.000000000000000000 ) ) ;
#5171 = CYLINDRICAL_SURFACE ( 'NONE', #5694, 3.000000000000003997 ) ;
#5172 = ORIENTED_EDGE ( 'NONE', *, *, #3041, .F. ) ;
#5173 = CARTESIAN_POINT ( 'NONE',  ( -33.79344692482180079, -35.21436789586491756, 37.05029354652139517 ) ) ;
#5174 = DIRECTION ( 'NONE',  ( -0.7144726796328019214, -3.256437249089582256E-16, 0.6996633405133668715 ) ) ;
#5175 = ORIENTED_EDGE ( 'NONE', *, *, #1958, .T. ) ;
#5176 = CARTESIAN_POINT ( 'NONE',  ( -18.50663933477102674, -68.34693542333482696, 35.96005715280541182 ) ) ;
#5177 = DIRECTION ( 'NONE',  ( 1.000000000000000000, 0.000000000000000000, 0.000000000000000000 ) ) ;
#5178 = EDGE_CURVE ( 'NONE', #3489, #7135, #3795, .T. ) ;
#5179 = MECHANICAL_DESIGN_GEOMETRIC_PRESENTATION_REPRESENTATION (  '', ( #5792 ), #5789 ) ;
#5180 = CARTESIAN_POINT ( 'NONE',  ( -11.06074065087061520, -57.70673426229028280, 35.32183989519215572 ) ) ;
#5181 = DIRECTION ( 'NONE',  ( 0.000000000000000000, 0.000000000000000000, -1.000000000000000000 ) ) ;
#5182 = VERTEX_POINT ( 'NONE', #413 ) ;
#5183 = DIRECTION ( 'NONE',  ( 0.6996633405133658723, 1.417855658635893707E-16, 0.7144726796328030316 ) ) ;
#5184 = ORIENTED_EDGE ( 'NONE', *, *, #7022, .T. ) ;
#5185 = DIRECTION ( 'NONE',  ( 1.000000000000000000, 0.000000000000000000, 0.000000000000000000 ) ) ;
#5186 = VECTOR ( 'NONE', #4362, 1000.000000000000000 ) ;
#5187 = EDGE_CURVE ( 'NONE', #7182, #3371, #3904, .T. ) ;
#5188 = CARTESIAN_POINT ( 'NONE',  ( 7.236561579255309518, -52.94974746830583712, 3.000000000000000000 ) ) ;
#5189 = CARTESIAN_POINT ( 'NONE',  ( 7.188670157948612527, -55.23606004313081286, -1.813288857160449963 ) ) ;
#5190 = CARTESIAN_POINT ( 'NONE',  ( 3.495072654265924506, -72.79414856245479371, 5.000000000000000000 ) ) ;
#5191 = ORIENTED_EDGE ( 'NONE', *, *, #3903, .F. ) ;
#5192 = DIRECTION ( 'NONE',  ( -1.000000000000000000, -3.202566417187959410E-16, 0.000000000000000000 ) ) ;
#5193 = ORIENTED_EDGE ( 'NONE', *, *, #623, .F. ) ;
#5194 = CARTESIAN_POINT ( 'NONE',  ( 1.385715728913621270, -31.85000000000000853, 35.20254794301840207 ) ) ;
#5195 = CARTESIAN_POINT ( 'NONE',  ( -31.87231542098158954, -41.55903146687467853, 5.000000000000000000 ) ) ;
#5196 = VECTOR ( 'NONE', #3060, 1000.000000000000000 ) ;
#5197 = EDGE_LOOP ( 'NONE', ( #5600, #3690, #2774, #226, #6798, #1723 ) ) ;
#5198 = VERTEX_POINT ( 'NONE', #5717 ) ;
#5199 =( BOUNDED_CURVE ( )  B_SPLINE_CURVE ( 3, ( #4495, #3395, #527, #2237 ),
 .UNSPECIFIED., .F., .T. ) 
 B_SPLINE_CURVE_WITH_KNOTS ( ( 4, 4 ),
 ( 0.9677517530586817740, 1.570796326794897224 ),
 .UNSPECIFIED. ) 
 CURVE ( )  GEOMETRIC_REPRESENTATION_ITEM ( )  RATIONAL_B_SPLINE_CURVE ( ( 1.000000000000000000, 0.9699236772278073682, 0.9699236772278073682, 1.000000000000000000 ) ) 
 REPRESENTATION_ITEM ( '' )  );
#5200 = CARTESIAN_POINT ( 'NONE',  ( 8.434130917513325443, -73.35773208228370379, 5.001279975879920237 ) ) ;
#5201 = VERTEX_POINT ( 'NONE', #5582 ) ;
#5202 = CARTESIAN_POINT ( 'NONE',  ( -8.485281374238546448, -39.51471862576141802, 1.000000000000000000 ) ) ;
#5203 = EDGE_CURVE ( 'NONE', #6143, #3457, #372, .T. ) ;
#5204 = ADVANCED_FACE ( 'NONE', ( #7020 ), #3433, .F. ) ;
#5205 = DIRECTION ( 'NONE',  ( -1.000000000000000000, 0.000000000000000000, 0.000000000000000000 ) ) ;
#5206 = CARTESIAN_POINT ( 'NONE',  ( -35.19959691544929115, -43.36205586373571919, 23.74700618655169748 ) ) ;
#5207 = CARTESIAN_POINT ( 'NONE',  ( -32.19794324687139664, -52.69875915750448314, 5.000000000000000000 ) ) ;
#5208 = ORIENTED_EDGE ( 'NONE', *, *, #6115, .F. ) ;
#5209 = CARTESIAN_POINT ( 'NONE',  ( -22.84620372247650266, -61.04049963630072284, 37.92978966933871732 ) ) ;
#5210 = PLANE ( 'NONE',  #870 ) ;
#5211 = VERTEX_POINT ( 'NONE', #2201 ) ;
#5212 = CARTESIAN_POINT ( 'NONE',  ( -15.07996758942066684, -69.75048780677093418, 36.06813285143159931 ) ) ;
#5213 = DIRECTION ( 'NONE',  ( 0.6996633405133617645, 1.417855658635884093E-16, -0.7144726796328069174 ) ) ;
#5214 = ADVANCED_FACE ( 'NONE', ( #3468 ), #2772, .F. ) ;
#5215 = CARTESIAN_POINT ( 'NONE',  ( -15.05331104344906379, -70.30199226277851210, 6.596868884540111111 ) ) ;
#5216 = DIRECTION ( 'NONE',  ( -1.000000000000000000, -3.202566417187959410E-16, -0.000000000000000000 ) ) ;
#5217 = DIRECTION ( 'NONE',  ( -0.6971683786528047877, -0.7169074220613282922, 0.000000000000000000 ) ) ;
#5218 = CARTESIAN_POINT ( 'NONE',  ( -10.99999999999999645, -24.84525252043442833, 31.46485823522024816 ) ) ;
#5219 = ORIENTED_EDGE ( 'NONE', *, *, #6505, .T. ) ;
#5220 =( NAMED_UNIT ( * ) SI_UNIT ( $, .STERADIAN. ) SOLID_ANGLE_UNIT ( ) );
#5221 = ADVANCED_FACE ( 'NONE', ( #3925 ), #3366, .T. ) ;
#5222 = CARTESIAN_POINT ( 'NONE',  ( 5.061061474977006647, -74.66733016329260408, 4.999997203639809484 ) ) ;
#5223 = VERTEX_POINT ( 'NONE', #3502 ) ;
#5224 = VECTOR ( 'NONE', #6840, 1000.000000000000000 ) ;
#5225 = B_SPLINE_CURVE_WITH_KNOTS ( 'NONE', 3,
 ( #6026, #227, #5553, #4925 ),
 .UNSPECIFIED., .F., .F.,
 ( 4, 4 ),
 ( 0.000000000000000000, 1.000000000000000000 ),
 .UNSPECIFIED. ) ;
#5226 = CARTESIAN_POINT ( 'NONE',  ( -34.45487942994929398, -39.99376470304408571, 37.05029354652139517 ) ) ;
#5227 = CARTESIAN_POINT ( 'NONE',  ( 19.99999932944770364, -34.00000000000000000, 10.99999725673800199 ) ) ;
#5228 = EDGE_CURVE ( 'NONE', #625, #4274, #602, .T. ) ;
#5229 = CARTESIAN_POINT ( 'NONE',  ( 12.26637933012581527, -69.00000000000000000, 8.000000000000000000 ) ) ;
#5230 = ORIENTED_EDGE ( 'NONE', *, *, #5513, .F. ) ;
#5231 = ADVANCED_FACE ( 'NONE', ( #7475 ), #640, .F. ) ;
#5232 = AXIS2_PLACEMENT_3D ( 'NONE', #3113, #2506, #7163 ) ;
#5233 = CARTESIAN_POINT ( 'NONE',  ( 1.670336633301706897, -29.23333333333334139, 34.55919358560983312 ) ) ;
#5234 = CARTESIAN_POINT ( 'NONE',  ( -11.30815285230971057, -69.99945803620033757, 35.77645713530759508 ) ) ;
#5235 = ORIENTED_EDGE ( 'NONE', *, *, #914, .T. ) ;
#5236 = ORIENTED_EDGE ( 'NONE', *, *, #1479, .F. ) ;
#5237 = CARTESIAN_POINT ( 'NONE',  ( -4.949747468305769615, -52.94974746830590107, 3.000000000000000000 ) ) ;
#5238 = VERTEX_POINT ( 'NONE', #5121 ) ;
#5239 = FACE_BOUND ( 'NONE', #7, .T. ) ;
#5240 = CYLINDRICAL_SURFACE ( 'NONE', #18, 1.249999999999997558 ) ;
#5241 = CARTESIAN_POINT ( 'NONE',  ( -21.83722406390289095, -52.73281318469169321, 37.94999999999999574 ) ) ;
#5242 = CARTESIAN_POINT ( 'NONE',  ( -10.99999999999999822, -38.29326573770973141, 13.25000000000000000 ) ) ;
#5243 = MECHANICAL_DESIGN_GEOMETRIC_PRESENTATION_REPRESENTATION (  '', ( #2183 ), #2912 ) ;
#5244 = ORIENTED_EDGE ( 'NONE', *, *, #940, .F. ) ;
#5245 = CARTESIAN_POINT ( 'NONE',  ( -12.25164903911773528, -71.53483246559684972, 6.596868884540113775 ) ) ;
#5246 = EDGE_LOOP ( 'NONE', ( #918, #144, #2742, #7283 ) ) ;
#5247 = DIRECTION ( 'NONE',  ( 1.000000000000000000, 0.000000000000000000, 0.000000000000000000 ) ) ;
#5248 = CARTESIAN_POINT ( 'NONE',  ( -32.25989713518759316, -58.11119624612132384, 5.753556018496659874 ) ) ;
#5249 = CARTESIAN_POINT ( 'NONE',  ( -9.999999999999987566, -66.05000000000001137, 14.20000000000000107 ) ) ;
#5250 = CARTESIAN_POINT ( 'NONE',  ( -18.17405604946488396, -68.55729834029669689, 35.95509183679958198 ) ) ;
#5251 = EDGE_CURVE ( 'NONE', #288, #1635, #5116, .T. ) ;
#5252 = CARTESIAN_POINT ( 'NONE',  ( -18.63748466241739976, -27.74583147317801135, 35.97045525657319587 ) ) ;
#5253 = ORIENTED_EDGE ( 'NONE', *, *, #3587, .F. ) ;
#5254 = DIRECTION ( 'NONE',  ( 0.6971683786528052318, -0.7169074220613278481, 0.000000000000000000 ) ) ;
#5255 = DIRECTION ( 'NONE',  ( 0.000000000000000000, 0.000000000000000000, 1.000000000000000000 ) ) ;
#5256 = ORIENTED_EDGE ( 'NONE', *, *, #456, .T. ) ;
#5257 = EDGE_CURVE ( 'NONE', #4089, #7474, #3244, .T. ) ;
#5258 = CARTESIAN_POINT ( 'NONE',  ( -10.70979040663030091, -27.00000000000001066, 8.000000000000000000 ) ) ;
#5259 = CARTESIAN_POINT ( 'NONE',  ( -34.41925883518318585, -39.91746607807785097, 37.05029354652139517 ) ) ;
#5260 = SURFACE_SIDE_STYLE ('',( #3495 ) ) ;
#5261 = DIRECTION ( 'NONE',  ( -1.000000000000000000, 0.000000000000000000, 0.000000000000000000 ) ) ;
#5262 = ORIENTED_EDGE ( 'NONE', *, *, #6482, .F. ) ;
#5263 = DIRECTION ( 'NONE',  ( 0.6996633405133637629, 0.7144726796328051410, 0.000000000000000000 ) ) ;
#5264 = ORIENTED_EDGE ( 'NONE', *, *, #7214, .T. ) ;
#5265 = B_SPLINE_CURVE_WITH_KNOTS ( 'NONE', 3,
 ( #4267, #7292, #6603, #5441, #1422, #3774 ),
 .UNSPECIFIED., .F., .F.,
 ( 4, 2, 4 ),
 ( 0.000000000000000000, 0.001509033778857784809, 0.003018067557715569619 ),
 .UNSPECIFIED. ) ;
#5266 = CARTESIAN_POINT ( 'NONE',  ( 0.5029481705224158050, -29.23333333333334849, 37.23921161316502548 ) ) ;
#5267 = CARTESIAN_POINT ( 'NONE',  ( 9.377456594438761783, -52.80685293237927880, -1.813288857160449963 ) ) ;
#5268 = DIRECTION ( 'NONE',  ( 3.202566417187959410E-16, -1.000000000000000000, 0.000000000000000000 ) ) ;
#5269 = ORIENTED_EDGE ( 'NONE', *, *, #232, .T. ) ;
#5270 = ORIENTED_EDGE ( 'NONE', *, *, #4915, .F. ) ;
#5271 = LINE ( 'NONE', #5346, #7008 ) ;
#5272 = EDGE_LOOP ( 'NONE', ( #653, #119, #387, #3431 ) ) ;
#5273 = DIRECTION ( 'NONE',  ( 0.7071067811865489050, 0.7071067811865462405, 0.000000000000000000 ) ) ;
#5274 = CARTESIAN_POINT ( 'NONE',  ( 7.686159401251103766E-15, -48.00000000000000711, 5.000000000000000000 ) ) ;
#5275 = AXIS2_PLACEMENT_3D ( 'NONE', #4707, #20, #4665 ) ;
#5276 = ORIENTED_EDGE ( 'NONE', *, *, #7011, .F. ) ;
#5277 = DIRECTION ( 'NONE',  ( 1.000000000000000000, 6.171943137751545940E-16, 0.000000000000000000 ) ) ;
#5278 = FACE_OUTER_BOUND ( 'NONE', #3240, .T. ) ;
#5279 = CARTESIAN_POINT ( 'NONE',  ( -30.92082374781528742, -55.98131879293920576, 5.000000000000000000 ) ) ;
#5280 = EDGE_CURVE ( 'NONE', #6434, #6906, #1249, .T. ) ;
#5281 = ORIENTED_EDGE ( 'NONE', *, *, #952, .F. ) ;
#5282 = ORIENTED_EDGE ( 'NONE', *, *, #1480, .F. ) ;
#5283 = CARTESIAN_POINT ( 'NONE',  ( 12.24072850301661752, -75.20000000000000284, 10.99999725673800199 ) ) ;
#5284 = VERTEX_POINT ( 'NONE', #699 ) ;
#5285 = DIRECTION ( 'NONE',  ( 0.000000000000000000, 0.000000000000000000, -1.000000000000000000 ) ) ;
#5286 = CARTESIAN_POINT ( 'NONE',  ( -31.89076189512569215, -54.36509769582158924, 5.000000000000000000 ) ) ;
#5287 = DIRECTION ( 'NONE',  ( 1.000000000000000000, 0.000000000000000000, 0.000000000000000000 ) ) ;
#5288 = CARTESIAN_POINT ( 'NONE',  ( -12.38195909992247579, -71.09713908503810842, 31.55273664359539865 ) ) ;
#5289 = CYLINDRICAL_SURFACE ( 'NONE', #5152, 3.000000000000000444 ) ;
#5290 = PRESENTATION_LAYER_ASSIGNMENT (  '', '', ( #1998 ) ) ;
#5291 = CARTESIAN_POINT ( 'NONE',  ( -2.662933357356310538, -52.94974746830590107, 3.000000000000000000 ) ) ;
#5292 = VERTEX_POINT ( 'NONE', #5972 ) ;
#5293 =( NAMED_UNIT ( * ) PLANE_ANGLE_UNIT ( ) SI_UNIT ( $, .RADIAN. ) );
#5294 = AXIS2_PLACEMENT_3D ( 'NONE', #4895, #6648, #7220 ) ;
#5295 = FACE_OUTER_BOUND ( 'NONE', #7413, .T. ) ;
#5296 = ORIENTED_EDGE ( 'NONE', *, *, #1489, .T. ) ;
#5297 = ADVANCED_FACE ( 'NONE', ( #4627 ), #6376, .T. ) ;
#5298 = EDGE_CURVE ( 'NONE', #3371, #1978, #6428, .T. ) ;
#5299 = CARTESIAN_POINT ( 'NONE',  ( -34.39384279757150154, -52.59454512537356408, 5.954739703461128464 ) ) ;
#5300 = CARTESIAN_POINT ( 'NONE',  ( -9.999999999999987566, -66.05000000000001137, 32.84999999999999432 ) ) ;
#5301 = CARTESIAN_POINT ( 'NONE',  ( 7.188670157948608086, -50.66343489348086848, -8.485281374238569541 ) ) ;
#5302 = DIRECTION ( 'NONE',  ( 0.000000000000000000, -0.7071067811865487940, -0.7071067811865461294 ) ) ;
#5303 = CARTESIAN_POINT ( 'NONE',  ( 12.26637934239291461, -75.20000000000000284, 5.001279935673839994 ) ) ;
#5304 = EDGE_LOOP ( 'NONE', ( #6545, #1852, #1234, #2977 ) ) ;
#5305 = CARTESIAN_POINT ( 'NONE',  ( 7.188670157948587658, -40.76393995686918714, -1.813288857160449963 ) ) ;
#5306 = EDGE_LOOP ( 'NONE', ( #4480, #6360, #3742, #2598, #942, #5917, #4134, #7489, #6336 ) ) ;
#5307 = EDGE_CURVE ( 'NONE', #5353, #5135, #3711, .T. ) ;
#5308 = ORIENTED_EDGE ( 'NONE', *, *, #5009, .T. ) ;
#5309 = EDGE_LOOP ( 'NONE', ( #1806, #480, #1226, #4496 ) ) ;
#5310 = CARTESIAN_POINT ( 'NONE',  ( -8.149747468305823972, -43.05025253169417709, 9.000000000000000000 ) ) ;
#5311 = ORIENTED_EDGE ( 'NONE', *, *, #1655, .T. ) ;
#5312 = DIRECTION ( 'NONE',  ( 0.9999999999995820010, 0.000000000000000000, 9.144206693924648776E-07 ) ) ;
#5313 = CARTESIAN_POINT ( 'NONE',  ( -13.15766372174650023, -25.95823742908511278, 35.61857445690980484 ) ) ;
#5314 = ORIENTED_EDGE ( 'NONE', *, *, #1331, .T. ) ;
#5315 = VECTOR ( 'NONE', #4288, 1000.000000000000000 ) ;
#5316 = CARTESIAN_POINT ( 'NONE',  ( -10.99999999999998757, -67.50000000000000000, 5.000000000000000000 ) ) ;
#5317 = CARTESIAN_POINT ( 'NONE',  ( -27.73620972503529458, -44.84479121020555681, 37.23624902382109525 ) ) ;
#5318 = CARTESIAN_POINT ( 'NONE',  ( -31.54179673955094643, -36.63194358667392692, 7.607301674271216285 ) ) ;
#5319 = ORIENTED_EDGE ( 'NONE', *, *, #5840, .T. ) ;
#5320 = DIRECTION ( 'NONE',  ( 0.000000000000000000, 0.000000000000000000, 1.000000000000000000 ) ) ;
#5321 = VERTEX_POINT ( 'NONE', #244 ) ;
#5322 = CARTESIAN_POINT ( 'NONE',  ( -34.61995002429159030, -53.29783344566551051, 5.753556018496670532 ) ) ;
#5323 = VECTOR ( 'NONE', #6344, 1000.000000000000000 ) ;
#5324 = LINE ( 'NONE', #656, #4504 ) ;
#5325 = EDGE_CURVE ( 'NONE', #6371, #5747, #2532, .T. ) ;
#5326 = CARTESIAN_POINT ( 'NONE',  ( -8.077686756562645343, -26.01572952534069572, 35.83313788662162835 ) ) ;
#5327 = CARTESIAN_POINT ( 'NONE',  ( 0.5975417209468216750, -76.00000000000001421, 10.98117214722569912 ) ) ;
#5328 = CARTESIAN_POINT ( 'NONE',  ( 11.46637202853521664, -76.00000000000001421, 5.001282804481280486 ) ) ;
#5329 = CARTESIAN_POINT ( 'NONE',  ( -34.42721684594529563, -56.08144077793198079, 37.05029354652139517 ) ) ;
#5330 = CARTESIAN_POINT ( 'NONE',  ( 11.96638086349661556, -69.04119158784661181, 5.000282804481280152 ) ) ;
#5331 = EDGE_LOOP ( 'NONE', ( #756, #7026, #5778, #4981, #1309, #2077, #2594, #3045, #497, #4577, #692, #5688 ) ) ;
#5332 = FACE_OUTER_BOUND ( 'NONE', #1231, .T. ) ;
#5333 = VERTEX_POINT ( 'NONE', #6015 ) ;
#5334 = PLANE ( 'NONE',  #7473 ) ;
#5335 = CARTESIAN_POINT ( 'NONE',  ( -11.79645935991451644, -68.46695087238828137, 11.20099586606818498 ) ) ;
#5336 = EDGE_CURVE ( 'NONE', #4605, #1738, #373, .T. ) ;
#5337 = CARTESIAN_POINT ( 'NONE',  ( -35.17725603897969222, -42.76853668298522848, 37.05029354652139517 ) ) ;
#5338 = CARTESIAN_POINT ( 'NONE',  ( -11.06074065087059388, -68.74852335714307117, 11.67816010480782118 ) ) ;
#5339 = ORIENTED_EDGE ( 'NONE', *, *, #7278, .F. ) ;
#5340 = CARTESIAN_POINT ( 'NONE',  ( 5.000328407342106374, -76.00000000000001421, 10.99999870097979837 ) ) ;
#5341 = ORIENTED_EDGE ( 'NONE', *, *, #5410, .F. ) ;
#5342 = DIRECTION ( 'NONE',  ( 0.000000000000000000, -0.000000000000000000, 1.000000000000000000 ) ) ;
#5343 = EDGE_CURVE ( 'NONE', #4116, #2398, #7351, .T. ) ;
#5344 = VERTEX_POINT ( 'NONE', #332 ) ;
#5345 = ORIENTED_EDGE ( 'NONE', *, *, #6069, .F. ) ;
#5346 = CARTESIAN_POINT ( 'NONE',  ( -15.25088130439438494, -70.58890157382872133, 5.455320886892659260 ) ) ;
#5347 = VERTEX_POINT ( 'NONE', #896 ) ;
#5348 = FACE_OUTER_BOUND ( 'NONE', #3947, .T. ) ;
#5349 = ORIENTED_EDGE ( 'NONE', *, *, #3220, .F. ) ;
#5350 = FACE_OUTER_BOUND ( 'NONE', #6621, .T. ) ;
#5351 = CARTESIAN_POINT ( 'NONE',  ( -21.83722406390289450, -34.51954653408361651, 37.94999999999999574 ) ) ;
#5352 = CARTESIAN_POINT ( 'NONE',  ( -11.39881509900255097, -71.97306763530353635, 11.39362502771985497 ) ) ;
#5353 = VERTEX_POINT ( 'NONE', #6625 ) ;
#5354 = ORIENTED_EDGE ( 'NONE', *, *, #7248, .T. ) ;
#5355 = CARTESIAN_POINT ( 'NONE',  ( -11.90033665948657848, -89.00000000000002842, 13.96447267963279870 ) ) ;
#5356 = CIRCLE ( 'NONE', #2292, 12.00000000000000000 ) ;
#5357 = EDGE_LOOP ( 'NONE', ( #2143, #3448, #4884, #2366 ) ) ;
#5358 = CARTESIAN_POINT ( 'NONE',  ( -6.736162321940780906, -52.73281318469168610, 37.94999999999999574 ) ) ;
#5359 = CARTESIAN_POINT ( 'NONE',  ( -34.65144370869239054, -52.59309701925752023, 5.753556018496659874 ) ) ;
#5360 = CARTESIAN_POINT ( 'NONE',  ( 4.072835491533295382, -72.00000000000001421, 11.00000000000000000 ) ) ;
#5361 = VECTOR ( 'NONE', #1928, 1000.000000000000000 ) ;
#5362 = VECTOR ( 'NONE', #575, 999.9999999999998863 ) ;
#5363 = CARTESIAN_POINT ( 'NONE',  ( -14.79999999999998650, -70.22736099600729176, 33.74999999999999289 ) ) ;
#5364 = CARTESIAN_POINT ( 'NONE',  ( -7.370741180656577463, -31.85000000000001563, 33.75000000000000000 ) ) ;
#5365 = CARTESIAN_POINT ( 'NONE',  ( -19.51366012283418172, -64.29740304698235320, 4.999999999999999112 ) ) ;
#5366 = CYLINDRICAL_SURFACE ( 'NONE', #7464, 3.199999999999999734 ) ;
#5367 = AXIS2_PLACEMENT_3D ( 'NONE', #2823, #445, #5060 ) ;
#5368 = CARTESIAN_POINT ( 'NONE',  ( -34.88210257953488735, -54.86832672801478594, 37.05029354652139517 ) ) ;
#5369 = EDGE_CURVE ( 'NONE', #3704, #1635, #3234, .T. ) ;
#5370 = EDGE_CURVE ( 'NONE', #1635, #752, #6211, .T. ) ;
#5371 = AXIS2_PLACEMENT_3D ( 'NONE', #1460, #6640, #2520 ) ;
#5372 = CARTESIAN_POINT ( 'NONE',  ( -8.100336659486627511, -29.80000000000001137, 12.53552732036719952 ) ) ;
#5373 = CARTESIAN_POINT ( 'NONE',  ( -21.83722406390289095, -45.02721203989305820, 37.94999999999999574 ) ) ;
#5374 = ORIENTED_EDGE ( 'NONE', *, *, #2416, .F. ) ;
#5375 = CYLINDRICAL_SURFACE ( 'NONE', #2229, 3.000000000000001776 ) ;
#5376 = CARTESIAN_POINT ( 'NONE',  ( -9.455630597444493191, -57.70673426229028280, 13.25000000000001776 ) ) ;
#5377 = AXIS2_PLACEMENT_3D ( 'NONE', #3239, #6711, #379 ) ;
#5378 = CARTESIAN_POINT ( 'NONE',  ( -11.97715756117702490, -68.29688713571381697, 11.13612930836447035 ) ) ;
#5379 = SURFACE_STYLE_FILL_AREA ( #747 ) ;
#5380 = ADVANCED_FACE ( 'NONE', ( #3150 ), #4875, .F. ) ;
#5381 = CARTESIAN_POINT ( 'NONE',  ( 13.81844554833910976, -27.00000000000001776, 10.99999725673799844 ) ) ;
#5382 = ORIENTED_EDGE ( 'NONE', *, *, #7342, .F. ) ;
#5383 = DIRECTION ( 'NONE',  ( 0.8236126967285821721, -0.5671526476950208284, 0.000000000000000000 ) ) ;
#5384 = VERTEX_POINT ( 'NONE', #2692 ) ;
#5385 = ORIENTED_EDGE ( 'NONE', *, *, #2259, .T. ) ;
#5386 = CARTESIAN_POINT ( 'NONE',  ( -11.17074118065658794, -66.20000000000000284, 33.75000000000000000 ) ) ;
#5387 = ORIENTED_EDGE ( 'NONE', *, *, #2592, .T. ) ;
#5388 = EDGE_LOOP ( 'NONE', ( #4712, #5473, #6595, #5089 ) ) ;
#5389 = LINE ( 'NONE', #192, #2983 ) ;
#5390 = ORIENTED_EDGE ( 'NONE', *, *, #5614, .T. ) ;
#5391 = CARTESIAN_POINT ( 'NONE',  ( -11.90033665948657848, -89.00000000000002842, 34.46447267963280581 ) ) ;
#5392 = EDGE_LOOP ( 'NONE', ( #1687, #6038, #4642, #1195, #1914, #4730, #5775, #98, #5430, #2205 ) ) ;
#5393 = ADVANCED_FACE ( 'NONE', ( #4985 ), #976, .T. ) ;
#5394 = EDGE_CURVE ( 'NONE', #1582, #5182, #2550, .T. ) ;
#5395 = VERTEX_POINT ( 'NONE', #6134 ) ;
#5396 = VECTOR ( 'NONE', #4650, 1000.000000000000000 ) ;
#5397 = DIRECTION ( 'NONE',  ( -1.000000000000000000, -2.401924812890968448E-16, -8.006416042969898524E-17 ) ) ;
#5398 = CARTESIAN_POINT ( 'NONE',  ( -9.455630597444487861, -72.00000000000001421, 13.25000000000001776 ) ) ;
#5399 = CARTESIAN_POINT ( 'NONE',  ( -14.54340723141294589, -71.02501115391929432, 12.19744899186879472 ) ) ;
#5400 = CYLINDRICAL_SURFACE ( 'NONE', #6035, 7.000000000000000000 ) ;
#5401 = VERTEX_POINT ( 'NONE', #4287 ) ;
#5402 = VERTEX_POINT ( 'NONE', #4443 ) ;
#5403 = DIRECTION ( 'NONE',  ( -1.000000000000000000, -3.202566417187959410E-16, -0.000000000000000000 ) ) ;
#5404 = ORIENTED_EDGE ( 'NONE', *, *, #6520, .T. ) ;
#5405 = DIRECTION ( 'NONE',  ( 1.000000000000000000, 3.469446951953621584E-16, -2.668805347656624829E-17 ) ) ;
#5406 = CARTESIAN_POINT ( 'NONE',  ( -32.20013031576508666, -52.57275068742065827, 5.000000000000000000 ) ) ;
#5407 = CIRCLE ( 'NONE', #2217, 7.000000000000000000 ) ;
#5408 = CARTESIAN_POINT ( 'NONE',  ( 12.26018963396673556, -71.69144873692700060, 6.448808049807698950 ) ) ;
#5409 =( BOUNDED_CURVE ( )  B_SPLINE_CURVE ( 3, ( #5756, #1777, #549, #3485 ),
 .UNSPECIFIED., .F., .T. ) 
 B_SPLINE_CURVE_WITH_KNOTS ( ( 4, 4 ),
 ( 1.570796326794895670, 2.173840900531100573 ),
 .UNSPECIFIED. ) 
 CURVE ( )  GEOMETRIC_REPRESENTATION_ITEM ( )  RATIONAL_B_SPLINE_CURVE ( ( 1.000000000000000000, 0.9699236772278085894, 0.9699236772278085894, 1.000000000000000000 ) ) 
 REPRESENTATION_ITEM ( '' )  );
#5410 = EDGE_CURVE ( 'NONE', #1667, #1682, #7276, .T. ) ;
#5411 = DIRECTION ( 'NONE',  ( 0.000000000000000000, 0.000000000000000000, 1.000000000000000000 ) ) ;
#5412 = PLANE ( 'NONE',  #2826 ) ;
#5413 = VECTOR ( 'NONE', #5012, 1000.000000000000000 ) ;
#5414 = LINE ( 'NONE', #3488, #5459 ) ;
#5415 = LINE ( 'NONE', #850, #634 ) ;
#5416 = ORIENTED_EDGE ( 'NONE', *, *, #5883, .T. ) ;
#5417 = CARTESIAN_POINT ( 'NONE',  ( -24.24628657651675212, -35.20539234140129992, 37.83455360195486605 ) ) ;
#5418 = CARTESIAN_POINT ( 'NONE',  ( -11.10231741850039988, -28.35288383693521297, 37.94999999999999574 ) ) ;
#5419 = ORIENTED_EDGE ( 'NONE', *, *, #5948, .F. ) ;
#5420 = EDGE_CURVE ( 'NONE', #3168, #6377, #2312, .T. ) ;
#5421 = AXIS2_PLACEMENT_3D ( 'NONE', #2282, #6458, #6420 ) ;
#5422 = FACE_OUTER_BOUND ( 'NONE', #1099, .T. ) ;
#5423 = VECTOR ( 'NONE', #3575, 1000.000000000000000 ) ;
#5424 = CARTESIAN_POINT ( 'NONE',  ( -31.04316910414182118, -37.35604503119742503, 5.879189953096523702 ) ) ;
#5425 = LINE ( 'NONE', #3193, #1853 ) ;
#5426 = DIRECTION ( 'NONE',  ( -0.7261801802967929875, 0.2124505535836477277, -0.6538555712281719501 ) ) ;
#5427 = CARTESIAN_POINT ( 'NONE',  ( 3.468565996570180054, -31.85000000000000497, 30.64999999999999858 ) ) ;
#5428 = CIRCLE ( 'NONE', #6021, 12.00000000000000000 ) ;
#5429 = CARTESIAN_POINT ( 'NONE',  ( -8.800000000000007816, -7.000000000000006217, 33.75000000000000000 ) ) ;
#5430 = ORIENTED_EDGE ( 'NONE', *, *, #592, .F. ) ;
#5431 = CARTESIAN_POINT ( 'NONE',  ( 7.188670157948592099, -45.33656510651913152, 9.000000000000000000 ) ) ;
#5432 = ORIENTED_EDGE ( 'NONE', *, *, #62, .T. ) ;
#5433 = AXIS2_PLACEMENT_3D ( 'NONE', #6839, #4030, #2345 ) ;
#5434 = EDGE_CURVE ( 'NONE', #2959, #5401, #4366, .T. ) ;
#5435 = DIRECTION ( 'NONE',  ( -0.000000000000000000, -0.000000000000000000, -1.000000000000000000 ) ) ;
#5436 = EDGE_LOOP ( 'NONE', ( #6101, #802, #165, #4958 ) ) ;
#5437 = EDGE_LOOP ( 'NONE', ( #2936, #3928, #6249, #3529 ) ) ;
#5438 = CARTESIAN_POINT ( 'NONE',  ( 3.349747468305815712, -43.05025253169415578, 3.000000000000000000 ) ) ;
#5439 = ORIENTED_EDGE ( 'NONE', *, *, #886, .F. ) ;
#5440 = AXIS2_PLACEMENT_3D ( 'NONE', #4450, #2161, #5687 ) ;
#5441 = CARTESIAN_POINT ( 'NONE',  ( -12.67778327658457194, -68.62237642549469285, 5.000000000000000000 ) ) ;
#5442 = ORIENTED_EDGE ( 'NONE', *, *, #3812, .T. ) ;
#5443 = CARTESIAN_POINT ( 'NONE',  ( -7.370741180656578351, -29.80000000000001137, 13.25000000000000000 ) ) ;
#5444 = AXIS2_PLACEMENT_3D ( 'NONE', #1402, #5941, #892 ) ;
#5445 = CYLINDRICAL_SURFACE ( 'NONE', #6992, 5.000000000000000888 ) ;
#5446 = CARTESIAN_POINT ( 'NONE',  ( -11.06074065087061165, -71.99246739793527183, 11.67816010480783895 ) ) ;
#5447 = CARTESIAN_POINT ( 'NONE',  ( -0.6053082135211171888, -64.15000000000000568, 10.99999725673800199 ) ) ;
#5448 = ORIENTED_EDGE ( 'NONE', *, *, #3408, .T. ) ;
#5449 = VERTEX_POINT ( 'NONE', #3831 ) ;
#5450 = ORIENTED_EDGE ( 'NONE', *, *, #3106, .T. ) ;
#5451 = CARTESIAN_POINT ( 'NONE',  ( -33.95764574959159177, -56.93797742613569568, 7.326801574230770164 ) ) ;
#5452 = EDGE_CURVE ( 'NONE', #3851, #720, #6219, .T. ) ;
#5453 = CARTESIAN_POINT ( 'NONE',  ( -10.31780306794198587, -72.00000000000001421, 28.31033288373339829 ) ) ;
#5454 = VECTOR ( 'NONE', #1370, 999.9999999999998863 ) ;
#5455 = DIRECTION ( 'NONE',  ( 1.000000000000000000, 0.000000000000000000, 0.000000000000000000 ) ) ;
#5456 = DIRECTION ( 'NONE',  ( 0.000000000000000000, 0.000000000000000000, 1.000000000000000000 ) ) ;
#5457 = DIRECTION ( 'NONE',  ( -3.202566417187959410E-16, 1.000000000000000000, 0.000000000000000000 ) ) ;
#5458 = CARTESIAN_POINT ( 'NONE',  ( -27.96150485424508503, -60.59076132469329679, 37.18326295839887763 ) ) ;
#5459 = VECTOR ( 'NONE', #1779, 1000.000000000000000 ) ;
#5460 = CARTESIAN_POINT ( 'NONE',  ( -4.949747468305823794, -43.05025253169417709, 5.000000000000000000 ) ) ;
#5461 = CARTESIAN_POINT ( 'NONE',  ( 58.97731959999371298, -65.89999999999999147, 14.20000000000000107 ) ) ;
#5462 = EDGE_CURVE ( 'NONE', #1440, #1278, #6056, .T. ) ;
#5463 =( BOUNDED_CURVE ( )  B_SPLINE_CURVE ( 3, ( #5044, #2139, #4464, #3887 ),
 .UNSPECIFIED., .F., .T. ) 
 B_SPLINE_CURVE_WITH_KNOTS ( ( 4, 4 ),
 ( 5.508259119294109496, 5.841912686295962054 ),
 .UNSPECIFIED. ) 
 CURVE ( )  GEOMETRIC_REPRESENTATION_ITEM ( )  RATIONAL_B_SPLINE_CURVE ( ( 1.000000000000000000, 0.9907444374389209329, 0.9907444374389209329, 1.000000000000000000 ) ) 
 REPRESENTATION_ITEM ( '' )  );
#5464 = VERTEX_POINT ( 'NONE', #1445 ) ;
#5465 = DIRECTION ( 'NONE',  ( 3.202566417187959410E-16, -1.000000000000000000, 0.000000000000000000 ) ) ;
#5466 = DIRECTION ( 'NONE',  ( -1.000000000000000000, 0.000000000000000000, 0.000000000000000000 ) ) ;
#5467 = CARTESIAN_POINT ( 'NONE',  ( 4.949747468305839782, -52.94974746830583712, 9.000000000000000000 ) ) ;
#5468 = LINE ( 'NONE', #4175, #4736 ) ;
#5469 = DIRECTION ( 'NONE',  ( 1.000000000000000000, 3.202566417187959410E-16, 0.000000000000000000 ) ) ;
#5470 = CARTESIAN_POINT ( 'NONE',  ( -22.61212015058568880, -54.00000000000001421, 41.85000000000000142 ) ) ;
#5471 = DIRECTION ( 'NONE',  ( 0.000000000000000000, 0.000000000000000000, -1.000000000000000000 ) ) ;
#5472 = CARTESIAN_POINT ( 'NONE',  ( -17.49999999999998934, -69.04119158784652655, 5.000282804481280152 ) ) ;
#5473 = ORIENTED_EDGE ( 'NONE', *, *, #1705, .T. ) ;
#5474 = DIRECTION ( 'NONE',  ( 1.000000000000000000, 0.000000000000000000, 0.000000000000000000 ) ) ;
#5475 = VERTEX_POINT ( 'NONE', #7459 ) ;
#5476 = ORIENTED_EDGE ( 'NONE', *, *, #805, .T. ) ;
#5477 = PLANE ( 'NONE',  #5569 ) ;
#5478 = ORIENTED_EDGE ( 'NONE', *, *, #3002, .T. ) ;
#5479 = ADVANCED_FACE ( 'NONE', ( #2221, #3454, #512, #3420, #2871, #551 ), #6887, .T. ) ;
#5480 = CARTESIAN_POINT ( 'NONE',  ( -3.149999999999992362, -48.00000000000000711, -1.000000000000000888 ) ) ;
#5481 = ORIENTED_EDGE ( 'NONE', *, *, #7117, .F. ) ;
#5482 = DIRECTION ( 'NONE',  ( 1.000000000000000000, 4.557819132794839459E-16, -0.000000000000000000 ) ) ;
#5483 = CARTESIAN_POINT ( 'NONE',  ( 12.26637933012581705, -75.20000000000000284, 5.001282804481280486 ) ) ;
#5484 = ORIENTED_EDGE ( 'NONE', *, *, #7190, .T. ) ;
#5485 = ORIENTED_EDGE ( 'NONE', *, *, #2900, .T. ) ;
#5486 = CARTESIAN_POINT ( 'NONE',  ( 19.99999932944770009, -27.00000000000000000, 8.000000000000000000 ) ) ;
#5487 = EDGE_LOOP ( 'NONE', ( #4859, #6712, #3359, #6600 ) ) ;
#5488 = DIRECTION ( 'NONE',  ( -0.7144726796328069174, -3.256437249089604936E-16, -0.6996633405133617645 ) ) ;
#5489 = CARTESIAN_POINT ( 'NONE',  ( -10.71366012283418456, -72.00000000000001421, 28.27497024111909951 ) ) ;
#5490 = AXIS2_PLACEMENT_3D ( 'NONE', #2764, #3952, #1970 ) ;
#5491 = DIRECTION ( 'NONE',  ( 0.000000000000000000, 0.000000000000000000, -1.000000000000000000 ) ) ;
#5492 = EDGE_CURVE ( 'NONE', #3919, #1238, #6322, .T. ) ;
#5493 = CARTESIAN_POINT ( 'NONE',  ( -19.50882314915553550, -65.31578565956699833, 5.198028446960865523 ) ) ;
#5494 = CARTESIAN_POINT ( 'NONE',  ( -9.800000000000006040, -7.000000000000006217, 13.25000000000000000 ) ) ;
#5495 = DIRECTION ( 'NONE',  ( 0.000000000000000000, -0.000000000000000000, 1.000000000000000000 ) ) ;
#5496 = AXIS2_PLACEMENT_3D ( 'NONE', #5267, #5701, #5772 ) ;
#5497 = ORIENTED_EDGE ( 'NONE', *, *, #2539, .F. ) ;
#5498 = CARTESIAN_POINT ( 'NONE',  ( -26.64678338905653732, -35.35074084806725381, 37.48771164777595999 ) ) ;
#5499 = DIRECTION ( 'NONE',  ( 1.000000000000000000, 3.202566417187959410E-16, 0.000000000000000000 ) ) ;
#5500 = FACE_OUTER_BOUND ( 'NONE', #1645, .T. ) ;
#5501 = EDGE_CURVE ( 'NONE', #4698, #3061, #4028, .T. ) ;
#5502 = EDGE_CURVE ( 'NONE', #3642, #666, #6849, .T. ) ;
#5503 = AXIS2_PLACEMENT_3D ( 'NONE', #5931, #5894, #89 ) ;
#5504 = CARTESIAN_POINT ( 'NONE',  ( -11.62168940588714960, -67.60502273382834915, 37.94988922546363597 ) ) ;
#5505 = VECTOR ( 'NONE', #4471, 1000.000000000000000 ) ;
#5506 = DIRECTION ( 'NONE',  ( -1.000000000000000000, -4.557819132794839459E-16, 0.000000000000000000 ) ) ;
#5507 = CARTESIAN_POINT ( 'NONE',  ( 8.434130911296895405, -73.35773207623842040, 5.001282804481280486 ) ) ;
#5508 = LINE ( 'NONE', #5472, #4202 ) ;
#5509 = ORIENTED_EDGE ( 'NONE', *, *, #2459, .T. ) ;
#5510 = DIRECTION ( 'NONE',  ( -1.000000000000000000, 0.000000000000000000, 0.000000000000000000 ) ) ;
#5511 = ORIENTED_EDGE ( 'NONE', *, *, #3914, .T. ) ;
#5512 = CIRCLE ( 'NONE', #7055, 3.200000000000000178 ) ;
#5513 = EDGE_CURVE ( 'NONE', #865, #2245, #2263, .T. ) ;
#5514 = B_SPLINE_CURVE_WITH_KNOTS ( 'NONE', 3,
 ( #5427, #6674, #3155, #1450, #7088, #2466 ),
 .UNSPECIFIED., .F., .F.,
 ( 4, 2, 4 ),
 ( 0.0002769068552681753408, 0.004276096548294463714, 0.008275286241320753064 ),
 .UNSPECIFIED. ) ;
#5515 = CYLINDRICAL_SURFACE ( 'NONE', #7298, 1.000000000000000888 ) ;
#5516 = CARTESIAN_POINT ( 'NONE',  ( 8.399508990154757271, -73.35773208228370379, 13.09798013790860161 ) ) ;
#5517 = CARTESIAN_POINT ( 'NONE',  ( 11.96638086350211339, -72.00000000000001421, 5.000282803188559555 ) ) ;
#5518 = ORIENTED_EDGE ( 'NONE', *, *, #4498, .F. ) ;
#5519 = CARTESIAN_POINT ( 'NONE',  ( -10.71366012283418279, -71.12132034355967392, 5.878679656440358947 ) ) ;
#5520 = ORIENTED_EDGE ( 'NONE', *, *, #5546, .T. ) ;
#5521 = CARTESIAN_POINT ( 'NONE',  ( 10.69507713076978561, -31.85000000000000497, 16.77544922382526238 ) ) ;
#5522 = DIRECTION ( 'NONE',  ( -1.000000000000000000, 0.000000000000000000, 0.000000000000000000 ) ) ;
#5523 = CARTESIAN_POINT ( 'NONE',  ( -14.79999999999998472, -70.19389521535197218, 33.95449976034147710 ) ) ;
#5524 = CARTESIAN_POINT ( 'NONE',  ( 6.069208813127229263, -54.09290375571832499, 19.49590874590810330 ) ) ;
#5525 = ORIENTED_EDGE ( 'NONE', *, *, #2762, .F. ) ;
#5526 = VERTEX_POINT ( 'NONE', #1039 ) ;
#5527 = ORIENTED_EDGE ( 'NONE', *, *, #6369, .T. ) ;
#5528 = CARTESIAN_POINT ( 'NONE',  ( -35.19908944703159648, -52.67872574456929868, 7.326801574230760394 ) ) ;
#5529 = DIRECTION ( 'NONE',  ( 0.000000000000000000, 0.000000000000000000, -1.000000000000000000 ) ) ;
#5530 = DIRECTION ( 'NONE',  ( 3.202566417187959410E-16, -1.000000000000000000, 0.000000000000000000 ) ) ;
#5531 = LINE ( 'NONE', #6080, #196 ) ;
#5532 = EDGE_CURVE ( 'NONE', #3175, #5321, #6357, .T. ) ;
#5533 = CARTESIAN_POINT ( 'NONE',  ( 4.502165280931761160, -48.00000000000000711, -1.000000000000000000 ) ) ;
#5534 = CARTESIAN_POINT ( 'NONE',  ( 7.860597175941263615, -72.00000000000001421, 5.001282804481280486 ) ) ;
#5535 = ORIENTED_EDGE ( 'NONE', *, *, #2953, .T. ) ;
#5536 = CARTESIAN_POINT ( 'NONE',  ( -35.19999999999999574, -52.60078009883481087, 8.000000000000000000 ) ) ;
#5537 = AXIS2_PLACEMENT_3D ( 'NONE', #4510, #1562, #6813 ) ;
#5538 = FACE_OUTER_BOUND ( 'NONE', #7437, .T. ) ;
#5539 = DIRECTION ( 'NONE',  ( 0.6691306063588619013, 2.142935208637507098E-16, -0.7431448254773909134 ) ) ;
#5540 = CARTESIAN_POINT ( 'NONE',  ( -8.799999999999998934, -29.80000000000001137, 13.25000000000000000 ) ) ;
#5541 = DIRECTION ( 'NONE',  ( 0.000000000000000000, 0.000000000000000000, -1.000000000000000000 ) ) ;
#5542 = AXIS2_PLACEMENT_3D ( 'NONE', #2413, #1846, #4166 ) ;
#5543 = EDGE_CURVE ( 'NONE', #2169, #852, #2954, .T. ) ;
#5544 = CARTESIAN_POINT ( 'NONE',  ( -2.044569004451960215, -71.12132034355967392, 5.878679656440358059 ) ) ;
#5545 = VERTEX_POINT ( 'NONE', #3312 ) ;
#5546 = EDGE_CURVE ( 'NONE', #5579, #5545, #5650, .T. ) ;
#5547 = VECTOR ( 'NONE', #2516, 999.9999999999998863 ) ;
#5548 = CYLINDRICAL_SURFACE ( 'NONE', #3951, 2.200000000000000622 ) ;
#5549 = ORIENTED_EDGE ( 'NONE', *, *, #744, .T. ) ;
#5550 = CIRCLE ( 'NONE', #2340, 3.000000000000000000 ) ;
#5551 = VECTOR ( 'NONE', #1874, 1000.000000000000000 ) ;
#5552 = DIRECTION ( 'NONE',  ( -0.5671526476950207174, -0.8236126967285822831, 0.000000000000000000 ) ) ;
#5553 = CARTESIAN_POINT ( 'NONE',  ( 11.96638126659240697, -69.02746105856439840, 5.000000000000000000 ) ) ;
#5554 = DIRECTION ( 'NONE',  ( 0.000000000000000000, 0.000000000000000000, -1.000000000000000000 ) ) ;
#5555 = ADVANCED_FACE ( 'NONE', ( #5068 ), #5681, .T. ) ;
#5556 = CIRCLE ( 'NONE', #4803, 3.149999999999999911 ) ;
#5557 = CARTESIAN_POINT ( 'NONE',  ( -8.485281374238544672, -39.51471862576141802, 5.000000000000000000 ) ) ;
#5558 = ORIENTED_EDGE ( 'NONE', *, *, #2778, .F. ) ;
#5559 = VECTOR ( 'NONE', #4032, 1000.000000000000000 ) ;
#5560 = CARTESIAN_POINT ( 'NONE',  ( 9.224268440719663786, -29.23333333333333428, 19.49577604377380169 ) ) ;
#5561 = CARTESIAN_POINT ( 'NONE',  ( -6.736162321940780906, -54.00000000000000711, 41.85000000000000142 ) ) ;
#5562 = CARTESIAN_POINT ( 'NONE',  ( -31.54179673955608720, -59.37072116072062045, 8.000000000000000000 ) ) ;
#5563 = ORIENTED_EDGE ( 'NONE', *, *, #4204, .F. ) ;
#5564 = EDGE_LOOP ( 'NONE', ( #2994, #605, #5525, #352 ) ) ;
#5565 = VERTEX_POINT ( 'NONE', #1630 ) ;
#5566 = CARTESIAN_POINT ( 'NONE',  ( -35.19678490240139013, -52.78200517836359040, 7.326801574230770164 ) ) ;
#5567 = EDGE_CURVE ( 'NONE', #3255, #2549, #1069, .T. ) ;
#5568 = CARTESIAN_POINT ( 'NONE',  ( -33.99731517232525135, -52.59297551348479516, 5.560756953929252511 ) ) ;
#5569 = AXIS2_PLACEMENT_3D ( 'NONE', #306, #3122, #5956 ) ;
#5570 = AXIS2_PLACEMENT_3D ( 'NONE', #5483, #4855, #272 ) ;
#5571 = CARTESIAN_POINT ( 'NONE',  ( -27.20570393024559763, -35.36597618168471513, 37.35894263201620191 ) ) ;
#5572 = FILL_AREA_STYLE ('',( #7381 ) ) ;
#5573 = DIRECTION ( 'NONE',  ( 1.000000000000000000, 3.469446951953621584E-16, -2.668805347656624829E-17 ) ) ;
#5574 = LINE ( 'NONE', #6475, #329 ) ;
#5575 = DIRECTION ( 'NONE',  ( -1.000000000000000000, 0.000000000000000000, 0.000000000000000000 ) ) ;
#5576 = ORIENTED_EDGE ( 'NONE', *, *, #2416, .T. ) ;
#5577 = DIRECTION ( 'NONE',  ( -1.479114197289397135E-30, 1.000000000000000000, 0.000000000000000000 ) ) ;
#5578 = VECTOR ( 'NONE', #6552, 1000.000000000000114 ) ;
#5579 = VERTEX_POINT ( 'NONE', #701 ) ;
#5580 = ADVANCED_FACE ( 'NONE', ( #1780 ), #520, .T. ) ;
#5581 = DIRECTION ( 'NONE',  ( 0.000000000000000000, 0.000000000000000000, 1.000000000000000000 ) ) ;
#5582 = CARTESIAN_POINT ( 'NONE',  ( -8.149747468305823972, -43.05025253169417709, 3.000000000000000888 ) ) ;
#5583 = AXIS2_PLACEMENT_3D ( 'NONE', #5180, #6395, #6851 ) ;
#5584 = CARTESIAN_POINT ( 'NONE',  ( -2.662933357356310538, -52.94974746830590107, -1.000000000000000888 ) ) ;
#5585 = CARTESIAN_POINT ( 'NONE',  ( -12.24999999999998401, -67.67160537538350695, 11.07801933710265274 ) ) ;
#5586 = DIRECTION ( 'NONE',  ( -0.000000000000000000, -0.000000000000000000, -1.000000000000000000 ) ) ;
#5587 = LINE ( 'NONE', #5027, #2481 ) ;
#5588 = CARTESIAN_POINT ( 'NONE',  ( -10.71366012283418456, -72.00000000000001421, 8.000000000000000000 ) ) ;
#5589 = ORIENTED_EDGE ( 'NONE', *, *, #5144, .F. ) ;
#5590 = CIRCLE ( 'NONE', #7503, 1.000000000000000000 ) ;
#5591 = FACE_OUTER_BOUND ( 'NONE', #4817, .T. ) ;
#5592 = EDGE_LOOP ( 'NONE', ( #3421, #6216, #5891, #41 ) ) ;
#5593 = CARTESIAN_POINT ( 'NONE',  ( -35.19708061413108879, -43.06368067933382093, 8.000000000000000000 ) ) ;
#5594 = CARTESIAN_POINT ( 'NONE',  ( -3.645349753628693179, -76.00000000000001421, -26.43082359783479873 ) ) ;
#5595 = EDGE_LOOP ( 'NONE', ( #4899, #3117, #1693, #3174, #621, #3092, #2310, #7347, #1254 ) ) ;
#5596 = FACE_OUTER_BOUND ( 'NONE', #3817, .T. ) ;
#5597 = ORIENTED_EDGE ( 'NONE', *, *, #2338, .F. ) ;
#5598 = CARTESIAN_POINT ( 'NONE',  ( 9.579398116943455221, -26.61666666666667069, 18.83856804866243095 ) ) ;
#5599 = EDGE_CURVE ( 'NONE', #2805, #759, #4324, .T. ) ;
#5600 = ORIENTED_EDGE ( 'NONE', *, *, #2831, .F. ) ;
#5601 = DIRECTION ( 'NONE',  ( 3.202566417187959410E-16, -1.000000000000000000, 0.000000000000000000 ) ) ;
#5602 = ORIENTED_EDGE ( 'NONE', *, *, #4726, .F. ) ;
#5603 = CARTESIAN_POINT ( 'NONE',  ( -35.19014416171799553, -52.97153095357207064, 8.000000000000000000 ) ) ;
#5604 = CARTESIAN_POINT ( 'NONE',  ( -10.70979040663030091, -24.00000000000001066, 12.15789167078404631 ) ) ;
#5605 = CARTESIAN_POINT ( 'NONE',  ( -19.21297745421278691, -67.43758059050520615, 6.596868877833029998 ) ) ;
#5606 = FACE_OUTER_BOUND ( 'NONE', #1980, .T. ) ;
#5607 = CARTESIAN_POINT ( 'NONE',  ( 12.00000000000000711, -48.00000000000000000, 5.000000000000000000 ) ) ;
#5608 = CARTESIAN_POINT ( 'NONE',  ( 26.99999932944771075, -62.00000000000000000, 5.000000000000000000 ) ) ;
#5609 = CARTESIAN_POINT ( 'NONE',  ( 1.636222721341799691, -23.49834131768590950, -4.471509247971019896 ) ) ;
#5610 = ORIENTED_EDGE ( 'NONE', *, *, #302, .T. ) ;
#5611 = CARTESIAN_POINT ( 'NONE',  ( -8.485281374238546448, -56.48528137423859619, 1.000000000000000000 ) ) ;
#5612 = CIRCLE ( 'NONE', #4000, 3.000000000000000000 ) ;
#5613 = DIRECTION ( 'NONE',  ( 0.000000000000000000, 0.000000000000000000, -1.000000000000000000 ) ) ;
#5614 = EDGE_CURVE ( 'NONE', #1768, #117, #135, .T. ) ;
#5615 = DIRECTION ( 'NONE',  ( 1.000000000000000000, 5.782411586589356653E-16, 0.000000000000000000 ) ) ;
#5616 = ADVANCED_FACE ( 'NONE', ( #4868 ), #890, .T. ) ;
#5617 = AXIS2_PLACEMENT_3D ( 'NONE', #5855, #2938, #5320 ) ;
#5618 = CARTESIAN_POINT ( 'NONE',  ( -15.25088130439438494, -70.58890157382872133, 27.25711290303420142 ) ) ;
#5619 = DIRECTION ( 'NONE',  ( -0.000000000000000000, -0.000000000000000000, -1.000000000000000000 ) ) ;
#5620 = CARTESIAN_POINT ( 'NONE',  ( -14.99999999999998224, -64.15000000000000568, 36.00000000000000000 ) ) ;
#5621 = VERTEX_POINT ( 'NONE', #2612 ) ;
#5622 = DIRECTION ( 'NONE',  ( 3.202566417187959410E-16, -1.000000000000000000, 0.000000000000000000 ) ) ;
#5623 = VERTEX_POINT ( 'NONE', #1483 ) ;
#5624 = CARTESIAN_POINT ( 'NONE',  ( -30.23277770708699919, -39.37302127867847901, 5.000000000000000000 ) ) ;
#5625 = VECTOR ( 'NONE', #6797, 1000.000000000000000 ) ;
#5626 = EDGE_CURVE ( 'NONE', #5707, #1502, #4980, .T. ) ;
#5627 = DIRECTION ( 'NONE',  ( -0.000000000000000000, -0.000000000000000000, -1.000000000000000000 ) ) ;
#5628 = DIRECTION ( 'NONE',  ( -0.7144726796328059182, -3.256437249089600498E-16, 0.6996633405133628747 ) ) ;
#5629 = ORIENTED_EDGE ( 'NONE', *, *, #3527, .T. ) ;
#5630 = CARTESIAN_POINT ( 'NONE',  ( -34.16483907863159430, -56.66903629338757042, -1.410058709304319979 ) ) ;
#5631 = CARTESIAN_POINT ( 'NONE',  ( -16.98132540862788531, -69.16439919943591974, 36.06023841455589718 ) ) ;
#5632 = EDGE_LOOP ( 'NONE', ( #3790, #6664, #1654, #2584 ) ) ;
#5633 = CARTESIAN_POINT ( 'NONE',  ( 12.56147446025171810, -24.00000000000000355, 13.32427514289134152 ) ) ;
#5634 = CARTESIAN_POINT ( 'NONE',  ( -14.65670777094749155, -70.12236034780630689, 34.55811866670161692 ) ) ;
#5635 = ORIENTED_EDGE ( 'NONE', *, *, #772, .F. ) ;
#5636 = ORIENTED_EDGE ( 'NONE', *, *, #1316, .F. ) ;
#5637 = CARTESIAN_POINT ( 'NONE',  ( -34.32080715451009212, -43.39790012561306298, 5.879198636177165760 ) ) ;
#5638 = ORIENTED_EDGE ( 'NONE', *, *, #4318, .F. ) ;
#5639 = DIRECTION ( 'NONE',  ( 1.000000000000000000, 0.000000000000000000, 0.000000000000000000 ) ) ;
#5640 = EDGE_CURVE ( 'NONE', #4011, #1440, #7187, .T. ) ;
#5641 = ADVANCED_FACE ( 'NONE', ( #7193 ), #6620, .T. ) ;
#5642 = CARTESIAN_POINT ( 'NONE',  ( -14.99999999999999822, -31.85000000000001563, 11.00000000000000000 ) ) ;
#5643 = CARTESIAN_POINT ( 'NONE',  ( -34.32080715451009212, -43.39790012561306298, 5.879198636177165760 ) ) ;
#5644 = CARTESIAN_POINT ( 'NONE',  ( -2.658452153056506173, -45.28527804232783893, 9.000000000000000000 ) ) ;
#5645 = CARTESIAN_POINT ( 'NONE',  ( -32.63714223366698519, -65.89988494578921063, 36.72584672924359950 ) ) ;
#5646 = ORIENTED_EDGE ( 'NONE', *, *, #7312, .F. ) ;
#5647 = EDGE_CURVE ( 'NONE', #5284, #5920, #1398, .T. ) ;
#5648 = DIRECTION ( 'NONE',  ( -1.000000000000000000, -3.469446951953621584E-16, -2.668805347656624829E-17 ) ) ;
#5649 = VECTOR ( 'NONE', #2544, 1000.000000000000000 ) ;
#5650 = LINE ( 'NONE', #2723, #2553 ) ;
#5651 = DIRECTION ( 'NONE',  ( -0.004276014937612373015, -1.369422183859145632E-18, 0.9999908578063367859 ) ) ;
#5652 = CARTESIAN_POINT ( 'NONE',  ( -10.99999999999999822, -25.45755441089779936, 33.75000000000000000 ) ) ;
#5653 = CARTESIAN_POINT ( 'NONE',  ( -35.85926099634350805, -64.15000000000000568, 37.42678483584784743 ) ) ;
#5654 = ORIENTED_EDGE ( 'NONE', *, *, #667, .F. ) ;
#5655 = EDGE_CURVE ( 'NONE', #2054, #3489, #3715, .T. ) ;
#5656 = DIRECTION ( 'NONE',  ( 1.000000000000000000, 0.000000000000000000, 0.000000000000000000 ) ) ;
#5657 = ORIENTED_EDGE ( 'NONE', *, *, #1340, .T. ) ;
#5658 =( BOUNDED_CURVE ( )  B_SPLINE_CURVE ( 3, ( #5680, #5065, #3187, #6744 ),
 .UNSPECIFIED., .F., .T. ) 
 B_SPLINE_CURVE_WITH_KNOTS ( ( 4, 4 ),
 ( 2.366666465704307498, 2.741736188612382552 ),
 .UNSPECIFIED. ) 
 CURVE ( )  GEOMETRIC_REPRESENTATION_ITEM ( )  RATIONAL_B_SPLINE_CURVE ( ( 1.000000000000000000, 0.9883112094761892230, 0.9883112094761892230, 1.000000000000000000 ) ) 
 REPRESENTATION_ITEM ( '' )  );
#5659 = CARTESIAN_POINT ( 'NONE',  ( -34.97787230319548968, -41.43656986704624501, 7.326801574230760394 ) ) ;
#5660 = AXIS2_PLACEMENT_3D ( 'NONE', #1383, #6800, #6230 ) ;
#5661 = CARTESIAN_POINT ( 'NONE',  ( -15.75754091952840952, -26.41854691453832515, 36.13116929703831204 ) ) ;
#5662 = CARTESIAN_POINT ( 'NONE',  ( -11.10231741850038212, -67.10157881347110731, 37.99999999827473829 ) ) ;
#5663 = ORIENTED_EDGE ( 'NONE', *, *, #1732, .F. ) ;
#5664 = CARTESIAN_POINT ( 'NONE',  ( 10.32179766487339911, -31.85000000000000497, 17.46568404001204300 ) ) ;
#5665 = DIRECTION ( 'NONE',  ( -0.000000000000000000, 0.000000000000000000, 1.000000000000000000 ) ) ;
#5666 = VERTEX_POINT ( 'NONE', #7310 ) ;
#5667 = ORIENTED_EDGE ( 'NONE', *, *, #5808, .T. ) ;
#5668 = CARTESIAN_POINT ( 'NONE',  ( 7.236561579255309518, -52.94974746830583712, -1.000000000000000000 ) ) ;
#5669 = VERTEX_POINT ( 'NONE', #1319 ) ;
#5670 = VECTOR ( 'NONE', #6265, 1000.000000000000000 ) ;
#5671 = PRODUCT_DEFINITION_FORMATION_WITH_SPECIFIED_SOURCE ( 'ANY', '', #1817, .NOT_KNOWN. ) ;
#5672 = DIRECTION ( 'NONE',  ( 3.202566417187959410E-16, -1.000000000000000000, 0.000000000000000000 ) ) ;
#5673 = CARTESIAN_POINT ( 'NONE',  ( -10.00000000000001421, -48.00000000000000711, -1.000000000000000000 ) ) ;
#5674 = EDGE_CURVE ( 'NONE', #466, #2811, #5415, .T. ) ;
#5675 = CARTESIAN_POINT ( 'NONE',  ( 2.203939522617105240, -50.25058894084333616, 9.000000000000000000 ) ) ;
#5676 = CARTESIAN_POINT ( 'NONE',  ( -28.76749202811208406, -65.89988494578921063, 36.99228277467219783 ) ) ;
#5677 = CARTESIAN_POINT ( 'NONE',  ( -30.06607528653889005, -56.73862707531690575, 5.000000000000000000 ) ) ;
#5678 = ORIENTED_EDGE ( 'NONE', *, *, #2317, .F. ) ;
#5679 = DIRECTION ( 'NONE',  ( -0.000000000000000000, -0.000000000000000000, 1.000000000000000000 ) ) ;
#5680 = CARTESIAN_POINT ( 'NONE',  ( -7.260740650870585178, -25.87872764144556115, 35.32183989519216993 ) ) ;
#5681 = CYLINDRICAL_SURFACE ( 'NONE', #3414, 3.000000000000000444 ) ;
#5682 = ADVANCED_FACE ( 'NONE', ( #3145 ), #3102, .T. ) ;
#5683 = AXIS2_PLACEMENT_3D ( 'NONE', #3343, #3230, #1486 ) ;
#5684 = CARTESIAN_POINT ( 'NONE',  ( 6.069208813127197288, -44.19340881910664365, 3.000000000000000000 ) ) ;
#5685 = CARTESIAN_POINT ( 'NONE',  ( 30.00000000000000000, -28.89831944266689945, 35.00000000000000000 ) ) ;
#5686 = VERTEX_POINT ( 'NONE', #2573 ) ;
#5687 = DIRECTION ( 'NONE',  ( -3.202566417187959410E-16, 1.000000000000000000, 0.000000000000000000 ) ) ;
#5688 = ORIENTED_EDGE ( 'NONE', *, *, #4478, .F. ) ;
#5689 = CIRCLE ( 'NONE', #111, 3.000000000001249667 ) ;
#5690 = CARTESIAN_POINT ( 'NONE',  ( -35.19999999999999574, -43.39921990116538097, 8.000000000000000000 ) ) ;
#5691 = ADVANCED_FACE ( 'NONE', ( #2005, #1064 ), #3273, .T. ) ;
#5692 = DIRECTION ( 'NONE',  ( 0.7071067811865462405, 0.7071067811865489050, 0.000000000000000000 ) ) ;
#5693 = CARTESIAN_POINT ( 'NONE',  ( 11.46637202853521664, -76.00000000000001421, 5.001279944067119843 ) ) ;
#5694 = AXIS2_PLACEMENT_3D ( 'NONE', #6914, #6803, #470 ) ;
#5695 = CARTESIAN_POINT ( 'NONE',  ( 7.236561579255285537, -43.05025253169416288, 3.000000000000000000 ) ) ;
#5696 = ORIENTED_EDGE ( 'NONE', *, *, #2953, .F. ) ;
#5697 = CARTESIAN_POINT ( 'NONE',  ( -14.27075918290707790, -69.63867569298271576, 37.12291517067361468 ) ) ;
#5698 = ORIENTED_EDGE ( 'NONE', *, *, #3548, .T. ) ;
#5699 = CARTESIAN_POINT ( 'NONE',  ( 3.593387782143943276, -26.61666666666667780, 30.38833197348438375 ) ) ;
#5700 = ADVANCED_FACE ( 'NONE', ( #4475 ), #3412, .T. ) ;
#5701 = DIRECTION ( 'NONE',  ( 0.6996633405133637629, 0.7144726796328051410, 0.000000000000000000 ) ) ;
#5702 = EDGE_CURVE ( 'NONE', #5545, #288, #5712, .T. ) ;
#5703 = EDGE_LOOP ( 'NONE', ( #2213, #3438, #3775, #4262, #679 ) ) ;
#5704 = ORIENTED_EDGE ( 'NONE', *, *, #5872, .F. ) ;
#5705 = ADVANCED_FACE ( 'NONE', ( #506 ), #406, .T. ) ;
#5706 = LINE ( 'NONE', #1549, #2381 ) ;
#5707 = VERTEX_POINT ( 'NONE', #5016 ) ;
#5708 = DIRECTION ( 'NONE',  ( -0.000000000000000000, -0.000000000000000000, 1.000000000000000000 ) ) ;
#5709 = ORIENTED_EDGE ( 'NONE', *, *, #7302, .T. ) ;
#5710 = CARTESIAN_POINT ( 'NONE',  ( -23.71095650777029107, -60.86067802233230850, 37.88051575636472279 ) ) ;
#5711 = CARTESIAN_POINT ( 'NONE',  ( 0.6132380708187515905, -26.62900045944842375, 36.98253732315259867 ) ) ;
#5712 = LINE ( 'NONE', #6845, #4750 ) ;
#5713 = VERTEX_POINT ( 'NONE', #3977 ) ;
#5714 = ADVANCED_FACE ( 'NONE', ( #7419 ), #2838, .T. ) ;
#5715 = DIRECTION ( 'NONE',  ( -1.000000000000000000, -3.202566417187959410E-16, -0.000000000000000000 ) ) ;
#5716 = CARTESIAN_POINT ( 'NONE',  ( -11.10231741850038567, -69.99945803620030915, 35.77645713530759508 ) ) ;
#5717 = CARTESIAN_POINT ( 'NONE',  ( -8.100336659486627511, -29.80000000000001137, 34.46447267963280581 ) ) ;
#5718 = CARTESIAN_POINT ( 'NONE',  ( -12.24999999999998579, -67.32868739364788269, 11.07801933710265274 ) ) ;
#5719 = UNCERTAINTY_MEASURE_WITH_UNIT (LENGTH_MEASURE( 1.000000000000000082E-05 ), #4023, 'distance_accuracy_value', 'NONE');
#5720 = CARTESIAN_POINT ( 'NONE',  ( -35.19417453864529932, -53.27066219616098408, 8.000000000000010658 ) ) ;
#5721 = DIRECTION ( 'NONE',  ( -0.7071067811865540120, -3.597855053996858396E-16, -0.7071067811865410224 ) ) ;
#5722 = ORIENTED_EDGE ( 'NONE', *, *, #2631, .F. ) ;
#5723 = DIRECTION ( 'NONE',  ( -3.202566417187959410E-16, 1.000000000000000000, 0.000000000000000000 ) ) ;
#5724 = EDGE_LOOP ( 'NONE', ( #7176, #4238, #6751, #7151 ) ) ;
#5725 = EDGE_CURVE ( 'NONE', #1651, #920, #2108, .T. ) ;
#5726 = EDGE_CURVE ( 'NONE', #223, #3919, #7442, .T. ) ;
#5727 = CARTESIAN_POINT ( 'NONE',  ( -34.65141852552359580, -43.40399287821338703, 5.753555915320440306 ) ) ;
#5728 = VECTOR ( 'NONE', #4704, 999.9999999999998863 ) ;
#5729 = CARTESIAN_POINT ( 'NONE',  ( -15.24701158819040003, -25.41109842617131065, 27.25711290303420142 ) ) ;
#5730 = LINE ( 'NONE', #3322, #7016 ) ;
#5731 = LINE ( 'NONE', #7438, #1343 ) ;
#5732 = ORIENTED_EDGE ( 'NONE', *, *, #6975, .T. ) ;
#5733 = ADVANCED_FACE ( 'NONE', ( #1664 ), #6278, .T. ) ;
#5734 = VECTOR ( 'NONE', #4353, 1000.000000000000000 ) ;
#5735 = CARTESIAN_POINT ( 'NONE',  ( 4.674958583180473859, -31.85000000000000853, 28.12644590515957788 ) ) ;
#5736 = DIRECTION ( 'NONE',  ( 0.000000000000000000, 0.000000000000000000, -1.000000000000000000 ) ) ;
#5737 = AXIS2_PLACEMENT_3D ( 'NONE', #5461, #5495, #287 ) ;
#5738 = CARTESIAN_POINT ( 'NONE',  ( -0.3761192464068531249, -52.94974746830589396, -1.813288857160449963 ) ) ;
#5739 = ORIENTED_EDGE ( 'NONE', *, *, #6875, .T. ) ;
#5740 = VERTEX_POINT ( 'NONE', #1558 ) ;
#5741 =( BOUNDED_CURVE ( )  B_SPLINE_CURVE ( 3, ( #4115, #5884, #4651, #5313 ),
 .UNSPECIFIED., .F., .T. ) 
 B_SPLINE_CURVE_WITH_KNOTS ( ( 4, 4 ),
 ( 1.875559347489355044, 2.157456822857185319 ),
 .UNSPECIFIED. ) 
 CURVE ( )  GEOMETRIC_REPRESENTATION_ITEM ( )  RATIONAL_B_SPLINE_CURVE ( ( 1.000000000000000000, 0.9933887738485649432, 0.9933887738485649432, 1.000000000000000000 ) ) 
 REPRESENTATION_ITEM ( '' )  );
#5742 = CIRCLE ( 'NONE', #2429, 0.5999999999999888756 ) ;
#5743 = DIRECTION ( 'NONE',  ( 0.7071067811865472397, 0.000000000000000000, 0.7071067811865477948 ) ) ;
#5744 = ORIENTED_EDGE ( 'NONE', *, *, #3068, .T. ) ;
#5745 = CARTESIAN_POINT ( 'NONE',  ( -10.99999999999999822, -25.45755441089779936, 33.75000000000000000 ) ) ;
#5746 = CARTESIAN_POINT ( 'NONE',  ( -27.20570393024539158, -52.73281318469169321, 37.35894263201630139 ) ) ;
#5747 = VERTEX_POINT ( 'NONE', #3858 ) ;
#5748 = CARTESIAN_POINT ( 'NONE',  ( 58.97731959999371298, -63.99999999999998579, 32.84999999999999432 ) ) ;
#5749 = CARTESIAN_POINT ( 'NONE',  ( 0.3754021142034629777, -27.27373503223671491, 37.53846411193384824 ) ) ;
#5750 = ORIENTED_EDGE ( 'NONE', *, *, #1070, .F. ) ;
#5751 = DIRECTION ( 'NONE',  ( 0.3518242748856702518, 0.2422717253113700064, -0.9041703880994026443 ) ) ;
#5752 = CARTESIAN_POINT ( 'NONE',  ( -35.19785469409813317, -52.84747335271551094, 21.16566569156860211 ) ) ;
#5753 = ORIENTED_EDGE ( 'NONE', *, *, #5178, .T. ) ;
#5754 = EDGE_CURVE ( 'NONE', #4348, #3001, #6206, .T. ) ;
#5755 = CARTESIAN_POINT ( 'NONE',  ( -10.71366012283418456, -71.65164535200851503, 6.596868884540108446 ) ) ;
#5756 = CARTESIAN_POINT ( 'NONE',  ( -15.24701158819040003, -25.41109842617131065, 27.25711290303420142 ) ) ;
#5757 = DIRECTION ( 'NONE',  ( 0.000000000000000000, -0.000000000000000000, 1.000000000000000000 ) ) ;
#5758 = DIRECTION ( 'NONE',  ( 3.202566417187959410E-16, -1.000000000000000000, 0.000000000000000000 ) ) ;
#5759 = VERTEX_POINT ( 'NONE', #1001 ) ;
#5760 = LINE ( 'NONE', #4713, #6263 ) ;
#5761 = CARTESIAN_POINT ( 'NONE',  ( -11.06074065087059743, -57.70673426229028280, 14.82183989519218059 ) ) ;
#5762 = CARTESIAN_POINT ( 'NONE',  ( -8.799999999999998934, -29.80000000000001137, 33.75000000000000000 ) ) ;
#5763 = EDGE_CURVE ( 'NONE', #7109, #4181, #2300, .T. ) ;
#5764 = DIRECTION ( 'NONE',  ( 0.000000000000000000, 0.000000000000000000, -1.000000000000000000 ) ) ;
#5765 = EDGE_CURVE ( 'NONE', #5713, #2276, #3786, .T. ) ;
#5766 = DIRECTION ( 'NONE',  ( -3.202566417187959410E-16, 1.000000000000000000, 0.000000000000000000 ) ) ;
#5767 = VECTOR ( 'NONE', #1210, 1000.000000000000000 ) ;
#5768 = ORIENTED_EDGE ( 'NONE', *, *, #5336, .F. ) ;
#5769 = DIRECTION ( 'NONE',  ( 1.000000000000000000, 2.401924812890965490E-16, -8.006416042969898524E-17 ) ) ;
#5770 = EDGE_LOOP ( 'NONE', ( #5219, #4882, #5930, #3157 ) ) ;
#5771 = ORIENTED_EDGE ( 'NONE', *, *, #907, .T. ) ;
#5772 = DIRECTION ( 'NONE',  ( 0.000000000000000000, 0.000000000000000000, -1.000000000000000000 ) ) ;
#5773 = EDGE_CURVE ( 'NONE', #4037, #1108, #280, .T. ) ;
#5774 = CARTESIAN_POINT ( 'NONE',  ( -2.662933357356334074, -43.05025253169416999, 19.49590874590810330 ) ) ;
#5775 = ORIENTED_EDGE ( 'NONE', *, *, #3068, .F. ) ;
#5776 = VERTEX_POINT ( 'NONE', #731 ) ;
#5777 = CARTESIAN_POINT ( 'NONE',  ( -7.260740650870590507, -38.29326573770972431, 32.17816010480784428 ) ) ;
#5778 = ORIENTED_EDGE ( 'NONE', *, *, #734, .T. ) ;
#5779 = FACE_OUTER_BOUND ( 'NONE', #1524, .T. ) ;
#5780 = VECTOR ( 'NONE', #1411, 1000.000000000000000 ) ;
#5781 = DIRECTION ( 'NONE',  ( -0.000000000000000000, -0.000000000000000000, -1.000000000000000000 ) ) ;
#5782 = CARTESIAN_POINT ( 'NONE',  ( -23.67919883063409259, -52.73281318469169321, 37.94999999999999574 ) ) ;
#5783 = CARTESIAN_POINT ( 'NONE',  ( -32.19356058346578919, -52.82277366253048712, 5.000000000000000000 ) ) ;
#5784 = ORIENTED_EDGE ( 'NONE', *, *, #6967, .F. ) ;
#5785 = CARTESIAN_POINT ( 'NONE',  ( -11.06074065087061165, -66.25147664285694304, 11.67816010480783895 ) ) ;
#5786 = VERTEX_POINT ( 'NONE', #2940 ) ;
#5787 = CARTESIAN_POINT ( 'NONE',  ( -14.57004915643145004, -69.85403485237557675, 35.98689254038358598 ) ) ;
#5788 = CARTESIAN_POINT ( 'NONE',  ( -31.62457761605609718, -54.97900025349181163, 5.000000000000000000 ) ) ;
#5789 =( GEOMETRIC_REPRESENTATION_CONTEXT ( 3 ) GLOBAL_UNCERTAINTY_ASSIGNED_CONTEXT ( ( #4479 ) ) GLOBAL_UNIT_ASSIGNED_CONTEXT ( ( #3533, #2745, #1186 ) ) REPRESENTATION_CONTEXT ( 'NONE', 'WORKASPACE' ) );
#5790 = DIRECTION ( 'NONE',  ( 0.000000000000000000, 0.000000000000000000, -1.000000000000000000 ) ) ;
#5791 = CARTESIAN_POINT ( 'NONE',  ( -12.59999999999998543, -66.20000000000000284, 13.25000000000000000 ) ) ;
#5792 = STYLED_ITEM ( 'NONE', ( #4720 ), #3297 ) ;
#5793 = ADVANCED_FACE ( 'NONE', ( #2367 ), #4743, .F. ) ;
#5794 = PLANE ( 'NONE',  #5583 ) ;
#5795 = EDGE_CURVE ( 'NONE', #5810, #3267, #2325, .T. ) ;
#5796 = VECTOR ( 'NONE', #4135, 1000.000000000000227 ) ;
#5797 = VERTEX_POINT ( 'NONE', #695 ) ;
#5798 = CARTESIAN_POINT ( 'NONE',  ( -17.49999999999998934, -69.00000000000001421, 5.000000000000000000 ) ) ;
#5799 = VECTOR ( 'NONE', #820, 1000.000000000000114 ) ;
#5800 = CARTESIAN_POINT ( 'NONE',  ( -34.32082859218699156, -52.59425377668069501, 5.879184122938479362 ) ) ;
#5801 = CARTESIAN_POINT ( 'NONE',  ( -14.99999999999999822, -31.85000000000001563, 30.64999999999999858 ) ) ;
#5802 = LINE ( 'NONE', #669, #6149 ) ;
#5803 = CARTESIAN_POINT ( 'NONE',  ( -11.75484069221712780, -28.42131366603222986, 37.94985125886278610 ) ) ;
#5804 = VERTEX_POINT ( 'NONE', #3017 ) ;
#5805 = AXIS2_PLACEMENT_3D ( 'NONE', #3758, #6785, #1009 ) ;
#5806 = CYLINDRICAL_SURFACE ( 'NONE', #2615, 3.000000000000002665 ) ;
#5807 = ORIENTED_EDGE ( 'NONE', *, *, #1241, .T. ) ;
#5808 = EDGE_CURVE ( 'NONE', #1062, #2026, #1132, .T. ) ;
#5809 = CARTESIAN_POINT ( 'NONE',  ( 3.593387782143943276, -24.00000000000000711, 30.38833197348438375 ) ) ;
#5810 = VERTEX_POINT ( 'NONE', #6916 ) ;
#5811 = VECTOR ( 'NONE', #619, 1000.000000000000000 ) ;
#5812 = PLANE ( 'NONE',  #4194 ) ;
#5813 = EDGE_LOOP ( 'NONE', ( #7246, #3974, #3261, #7508 ) ) ;
#5814 = ORIENTED_EDGE ( 'NONE', *, *, #7303, .T. ) ;
#5815 = DIRECTION ( 'NONE',  ( 0.000000000000000000, 0.000000000000000000, -1.000000000000000000 ) ) ;
#5816 = ORIENTED_EDGE ( 'NONE', *, *, #4755, .F. ) ;
#5817 = CARTESIAN_POINT ( 'NONE',  ( 4.949747468305839782, -52.94974746830583712, 3.000000000000000888 ) ) ;
#5818 = CARTESIAN_POINT ( 'NONE',  ( -27.73620972503529458, -43.26718681530833521, 37.23624902382109525 ) ) ;
#5819 = EDGE_CURVE ( 'NONE', #5950, #3612, #3769, .T. ) ;
#5820 = CARTESIAN_POINT ( 'NONE',  ( 5.035404503039826452, -76.00000000000001421, 11.00014868826020020 ) ) ;
#5821 = VERTEX_POINT ( 'NONE', #6389 ) ;
#5822 = ORIENTED_EDGE ( 'NONE', *, *, #3126, .T. ) ;
#5823 = CARTESIAN_POINT ( 'NONE',  ( -15.05331104344908688, -70.30199226277841262, 6.596868884540119993 ) ) ;
#5824 = EDGE_LOOP ( 'NONE', ( #7430, #881, #6516, #4259 ) ) ;
#5825 = CARTESIAN_POINT ( 'NONE',  ( -15.11937975603244944, -69.74170614680603819, 36.07320574644224109 ) ) ;
#5826 = CARTESIAN_POINT ( 'NONE',  ( 19.99999932944770009, -27.00000000000000000, 7.999997256737990448 ) ) ;
#5827 = CARTESIAN_POINT ( 'NONE',  ( -14.08808546432344677, -70.68496433405043433, 32.11951536100769289 ) ) ;
#5828 = LINE ( 'NONE', #4667, #5811 ) ;
#5829 = VERTEX_POINT ( 'NONE', #1171 ) ;
#5830 = CARTESIAN_POINT ( 'NONE',  ( 8.542980744548859917, -72.48870083988784074, 17.76339779330150748 ) ) ;
#5831 = B_SPLINE_CURVE_WITH_KNOTS ( 'NONE', 3,
 ( #3579, #118, #75, #2854, #153, #1727, #2394, #2355, #606 ),
 .UNSPECIFIED., .F., .F.,
 ( 4, 1, 1, 1, 1, 1, 4 ),
 ( 0.000000000000000000, 0.2500000000000009437, 0.5000000000000006661, 0.6250000000000003331, 0.7500000000000003331, 0.8750000000000002220, 1.000000000000000000 ),
 .UNSPECIFIED. ) ;
#5832 = AXIS2_PLACEMENT_3D ( 'NONE', #6273, #2208, #4536 ) ;
#5833 = CARTESIAN_POINT ( 'NONE',  ( -31.54179673852128118, -59.37072116072032202, 36.65028843124950697 ) ) ;
#5834 = CARTESIAN_POINT ( 'NONE',  ( -34.89322534132219289, -41.19473927155522830, 37.05029354652139517 ) ) ;
#5835 = PRODUCT_CONTEXT ( 'NONE', #4052, 'mechanical' ) ;
#5836 = CARTESIAN_POINT ( 'NONE',  ( -12.12185073493011700, -28.54487838715000336, 37.94972148653781119 ) ) ;
#5837 = ORIENTED_EDGE ( 'NONE', *, *, #3331, .F. ) ;
#5838 = CARTESIAN_POINT ( 'NONE',  ( -11.40038413136578832, -71.97290093779992048, 15.10721730293353637 ) ) ;
#5839 = VERTEX_POINT ( 'NONE', #6425 ) ;
#5840 = EDGE_CURVE ( 'NONE', #266, #6194, #187, .T. ) ;
#5841 = CARTESIAN_POINT ( 'NONE',  ( 0.5029481705224150279, -31.85000000000001563, 37.23921161316502548 ) ) ;
#5842 = DIRECTION ( 'NONE',  ( -3.202566417187959410E-16, 1.000000000000000000, 0.000000000000000000 ) ) ;
#5843 = CARTESIAN_POINT ( 'NONE',  ( 3.349747468305815712, -43.05025253169415578, -1.000000000000000000 ) ) ;
#5844 = EDGE_LOOP ( 'NONE', ( #1360, #5807, #7099, #4570 ) ) ;
#5845 = LINE ( 'NONE', #6378, #827 ) ;
#5846 = ORIENTED_EDGE ( 'NONE', *, *, #661, .T. ) ;
#5847 = CARTESIAN_POINT ( 'NONE',  ( 7.236561579255309518, -52.94974746830583712, 3.000000000000000000 ) ) ;
#5848 = VECTOR ( 'NONE', #3864, 1000.000000000000000 ) ;
#5849 = CARTESIAN_POINT ( 'NONE',  ( -13.15766372174650023, -25.95823742908511278, 35.61857445690980484 ) ) ;
#5850 = CARTESIAN_POINT ( 'NONE',  ( -27.73620972501489490, -49.57760439489724291, 37.23624902382589852 ) ) ;
#5851 = DIRECTION ( 'NONE',  ( -3.202566417187959410E-16, 1.000000000000000000, 0.000000000000000000 ) ) ;
#5852 = VECTOR ( 'NONE', #3735, 1000.000000000000000 ) ;
#5853 = ORIENTED_EDGE ( 'NONE', *, *, #1755, .T. ) ;
#5854 = ORIENTED_EDGE ( 'NONE', *, *, #1646, .F. ) ;
#5855 = CARTESIAN_POINT ( 'NONE',  ( -14.99999999999998757, -64.00000000000001421, 46.06566544677749420 ) ) ;
#5856 = ADVANCED_FACE ( 'NONE', ( #53 ), #1847, .F. ) ;
#5857 = ORIENTED_EDGE ( 'NONE', *, *, #6745, .F. ) ;
#5858 = DIRECTION ( 'NONE',  ( -0.000000000000000000, -0.000000000000000000, -1.000000000000000000 ) ) ;
#5859 = CARTESIAN_POINT ( 'NONE',  ( -31.53077221785869355, -58.70456036802022481, 5.753556018496659874 ) ) ;
#5860 = EDGE_CURVE ( 'NONE', #1617, #26, #654, .T. ) ;
#5861 = LINE ( 'NONE', #3055, #2560 ) ;
#5862 = CARTESIAN_POINT ( 'NONE',  ( -14.79999999999998650, -70.25777767367010540, 33.56413243107976996 ) ) ;
#5863 = DIRECTION ( 'NONE',  ( -0.6996633405133590999, 0.7144726796328095819, 0.000000000000000000 ) ) ;
#5864 = CARTESIAN_POINT ( 'NONE',  ( 7.686159401251103766E-15, -48.00000000000000711, 3.000000000000000000 ) ) ;
#5865 = ADVANCED_FACE ( 'NONE', ( #4090 ), #1206, .T. ) ;
#5866 = CARTESIAN_POINT ( 'NONE',  ( 3.151362052298345429, -72.72994384172160665, 10.99999725673800199 ) ) ;
#5867 = DIRECTION ( 'NONE',  ( 1.000000000000000000, 4.751958932118949620E-16, -5.782411586589350736E-16 ) ) ;
#5868 = VERTEX_POINT ( 'NONE', #4003 ) ;
#5869 = DIRECTION ( 'NONE',  ( 0.7144726796328059182, 3.256437249089600498E-16, 0.6996633405133628747 ) ) ;
#5870 = CARTESIAN_POINT ( 'NONE',  ( -30.88596594853565591, -37.58433368584913126, 5.601001725728930403 ) ) ;
#5871 = DIRECTION ( 'NONE',  ( 0.004276014937612543886, -1.794292901353899474E-17, -0.9999908578063367859 ) ) ;
#5872 = EDGE_CURVE ( 'NONE', #541, #3653, #3794, .T. ) ;
#5873 = CARTESIAN_POINT ( 'NONE',  ( 9.623878120805358094, -30.65000000000000924, 18.75621409115257521 ) ) ;
#5874 = PLANE ( 'NONE',  #1057 ) ;
#5875 = EDGE_LOOP ( 'NONE', ( #4476, #1512, #5663, #4047 ) ) ;
#5876 = CARTESIAN_POINT ( 'NONE',  ( -12.42831578630742584, -71.81708944169596975, 15.45391202680322351 ) ) ;
#5877 = ORIENTED_EDGE ( 'NONE', *, *, #2585, .F. ) ;
#5878 = CARTESIAN_POINT ( 'NONE',  ( -32.38728293159985583, -37.25932114508221815, 36.68640688554994256 ) ) ;
#5879 = ORIENTED_EDGE ( 'NONE', *, *, #4725, .T. ) ;
#5880 = DIRECTION ( 'NONE',  ( 0.000000000000000000, 0.000000000000000000, 1.000000000000000000 ) ) ;
#5881 = ORIENTED_EDGE ( 'NONE', *, *, #1241, .F. ) ;
#5882 = CARTESIAN_POINT ( 'NONE',  ( -5.801549693210492187, -38.29326573770972431, 33.89289453592655832 ) ) ;
#5883 = EDGE_CURVE ( 'NONE', #3704, #6572, #2942, .T. ) ;
#5884 = CARTESIAN_POINT ( 'NONE',  ( -11.82221444457623960, -26.00054196379970506, 35.77645713530759508 ) ) ;
#5885 = EDGE_LOOP ( 'NONE', ( #5005, #3351, #2552, #2760 ) ) ;
#5886 = VECTOR ( 'NONE', #6539, 1000.000000000000114 ) ;
#5887 = DIRECTION ( 'NONE',  ( -1.000000000000000000, 0.000000000000000000, 0.000000000000000000 ) ) ;
#5888 = CARTESIAN_POINT ( 'NONE',  ( -21.83722406390288739, -61.48045346591641191, 37.94999999999999574 ) ) ;
#5889 = CARTESIAN_POINT ( 'NONE',  ( -31.32705039934620572, -36.94379580686089781, 6.489145738981783929 ) ) ;
#5890 = AXIS2_PLACEMENT_3D ( 'NONE', #6645, #874, #5522 ) ;
#5891 = ORIENTED_EDGE ( 'NONE', *, *, #7345, .T. ) ;
#5892 = CARTESIAN_POINT ( 'NONE',  ( -27.73616232194078890, -54.00000000000002132, 41.85000000000000142 ) ) ;
#5893 = ORIENTED_EDGE ( 'NONE', *, *, #5257, .F. ) ;
#5894 = DIRECTION ( 'NONE',  ( -0.000000000000000000, -0.000000000000000000, -1.000000000000000000 ) ) ;
#5895 = CARTESIAN_POINT ( 'NONE',  ( -33.09696783501219386, -52.64355138708459236, 5.000000000000000000 ) ) ;
#5896 = VECTOR ( 'NONE', #7205, 1000.000000000000000 ) ;
#5897 = CARTESIAN_POINT ( 'NONE',  ( 12.26637934239291461, -75.20000000000000284, 5.000279935673839660 ) ) ;
#5898 = LINE ( 'NONE', #4824, #2713 ) ;
#5899 = EDGE_CURVE ( 'NONE', #4439, #5686, #2396, .T. ) ;
#5900 = CARTESIAN_POINT ( 'NONE',  ( -7.370741180656578351, -29.80000000000001137, 13.25000000000000000 ) ) ;
#5901 = ORIENTED_EDGE ( 'NONE', *, *, #7345, .F. ) ;
#5902 = DIRECTION ( 'NONE',  ( -1.000000000000000000, 0.000000000000000000, 0.000000000000000000 ) ) ;
#5903 = VERTEX_POINT ( 'NONE', #6346 ) ;
#5904 = ADVANCED_FACE ( 'NONE', ( #5779 ), #2891, .F. ) ;
#5905 = CARTESIAN_POINT ( 'NONE',  ( 19.99999932944770364, -34.00000000000000000, 5.000000000000000000 ) ) ;
#5906 = CARTESIAN_POINT ( 'NONE',  ( 9.523375690204746391, -43.05025253169415578, 3.000000000000000000 ) ) ;
#5907 = CARTESIAN_POINT ( 'NONE',  ( -12.04475973838259328, -28.50930923685034912, 37.94969358055234920 ) ) ;
#5908 = ORIENTED_EDGE ( 'NONE', *, *, #1024, .F. ) ;
#5909 = DIRECTION ( 'NONE',  ( 0.000000000000000000, 0.000000000000000000, -1.000000000000000000 ) ) ;
#5910 = ORIENTED_EDGE ( 'NONE', *, *, #5203, .T. ) ;
#5911 = VECTOR ( 'NONE', #1442, 1000.000000000000000 ) ;
#5912 = ADVANCED_FACE ( 'NONE', ( #6485 ), #3405, .F. ) ;
#5913 = PLANE ( 'NONE',  #3397 ) ;
#5914 = B_SPLINE_CURVE_WITH_KNOTS ( 'NONE', 3,
 ( #1933, #7089, #4221, #4918, #4294, #6100, #6632, #823 ),
 .UNSPECIFIED., .F., .F.,
 ( 4, 2, 2, 4 ),
 ( 0.000000000000000000, 0.0004709208651860145715, 0.0009418417303720291430, 0.001883683460744058720 ),
 .UNSPECIFIED. ) ;
#5915 = AXIS2_PLACEMENT_3D ( 'NONE', #2388, #1222, #5261 ) ;
#5916 = ORIENTED_EDGE ( 'NONE', *, *, #7162, .T. ) ;
#5917 = ORIENTED_EDGE ( 'NONE', *, *, #4953, .F. ) ;
#5918 = AXIS2_PLACEMENT_3D ( 'NONE', #6130, #6209, #3310 ) ;
#5919 = LINE ( 'NONE', #721, #224 ) ;
#5920 = VERTEX_POINT ( 'NONE', #5745 ) ;
#5921 = DIRECTION ( 'NONE',  ( 0.000000000000000000, 0.000000000000000000, 1.000000000000000000 ) ) ;
#5922 = ORIENTED_EDGE ( 'NONE', *, *, #5773, .T. ) ;
#5923 = CIRCLE ( 'NONE', #3964, 3.000000000000000000 ) ;
#5924 = CARTESIAN_POINT ( 'NONE',  ( -31.54179673955608720, -59.37072116072062045, 8.000000000000000000 ) ) ;
#5925 = EDGE_CURVE ( 'NONE', #7014, #625, #7217, .T. ) ;
#5926 = CARTESIAN_POINT ( 'NONE',  ( -35.19943192280939570, -43.35000000001214460, 23.28422622761999961 ) ) ;
#5927 = CARTESIAN_POINT ( 'NONE',  ( -10.99999999999999822, -24.00526558340328975, 13.25000000000000000 ) ) ;
#5928 = VERTEX_POINT ( 'NONE', #4731 ) ;
#5929 = DIRECTION ( 'NONE',  ( 0.7144726796328046969, 0.6996633405133640959, -0.000000000000000000 ) ) ;
#5930 = ORIENTED_EDGE ( 'NONE', *, *, #6083, .F. ) ;
#5931 = CARTESIAN_POINT ( 'NONE',  ( -4.949747468305769615, -52.94974746830590107, 3.000000000000000000 ) ) ;
#5932 = CARTESIAN_POINT ( 'NONE',  ( -31.55817393255138370, -59.35940320652521507, 7.326801574230760394 ) ) ;
#5933 = VECTOR ( 'NONE', #5015, 1000.000000000000000 ) ;
#5934 = DIRECTION ( 'NONE',  ( -0.6971683786528047877, -0.7169074220613282922, 0.000000000000000000 ) ) ;
#5935 =( BOUNDED_CURVE ( )  B_SPLINE_CURVE ( 3, ( #1291, #3608, #4799, #7129 ),
 .UNSPECIFIED., .F., .T. ) 
 B_SPLINE_CURVE_WITH_KNOTS ( ( 4, 4 ),
 ( 3.541449118567201459, 4.712388980384688786 ),
 .UNSPECIFIED. ) 
 CURVE ( )  GEOMETRIC_REPRESENTATION_ITEM ( )  RATIONAL_B_SPLINE_CURVE ( ( 1.000000000000000000, 0.8889683321884100931, 0.8889683321884100931, 1.000000000000000000 ) ) 
 REPRESENTATION_ITEM ( '' )  );
#5936 = CARTESIAN_POINT ( 'NONE',  ( -8.652608301314705486, -26.05269577298158268, 35.94996101615227246 ) ) ;
#5937 = CARTESIAN_POINT ( 'NONE',  ( -8.100336659486636393, -7.000000000000006217, 13.96447267963279870 ) ) ;
#5938 = ADVANCED_FACE ( 'NONE', ( #6454 ), #535, .F. ) ;
#5939 = DIRECTION ( 'NONE',  ( 0.000000000000000000, 0.000000000000000000, -1.000000000000000000 ) ) ;
#5940 = CARTESIAN_POINT ( 'NONE',  ( -24.29127192812870462, -35.21003840881389380, 37.83019653638260138 ) ) ;
#5941 = DIRECTION ( 'NONE',  ( -4.557819132794839459E-16, 1.000000000000000000, -0.000000000000000000 ) ) ;
#5942 = ORIENTED_EDGE ( 'NONE', *, *, #2403, .F. ) ;
#5943 = CARTESIAN_POINT ( 'NONE',  ( 2.187635625451394450, -50.23393994921845973, 3.000000000000000000 ) ) ;
#5944 = DIRECTION ( 'NONE',  ( -0.6996633405133605432, 0.7144726796328081386, 0.000000000000000000 ) ) ;
#5945 = CARTESIAN_POINT ( 'NONE',  ( -11.06074065087059388, -68.74852335714307117, 11.67816010480782118 ) ) ;
#5946 = CARTESIAN_POINT ( 'NONE',  ( 7.686159401251103766E-15, -48.00000000000000711, 0.9999999999999931166 ) ) ;
#5947 = CARTESIAN_POINT ( 'NONE',  ( -12.44898257609798620, -68.87584430397652113, 5.000000000000000000 ) ) ;
#5948 = EDGE_CURVE ( 'NONE', #5804, #4769, #1026, .T. ) ;
#5949 = DIRECTION ( 'NONE',  ( 0.000000000000000000, 0.000000000000000000, -1.000000000000000000 ) ) ;
#5950 = VERTEX_POINT ( 'NONE', #7481 ) ;
#5951 = EDGE_CURVE ( 'NONE', #2287, #3306, #8, .T. ) ;
#5952 = DIRECTION ( 'NONE',  ( 0.000000000000000000, 0.000000000000000000, -1.000000000000000000 ) ) ;
#5953 = VERTEX_POINT ( 'NONE', #6983 ) ;
#5954 = ORIENTED_EDGE ( 'NONE', *, *, #3200, .F. ) ;
#5955 = DIRECTION ( 'NONE',  ( 0.000000000000000000, 0.000000000000000000, -1.000000000000000000 ) ) ;
#5956 = DIRECTION ( 'NONE',  ( 0.000000000000000000, 0.000000000000000000, 1.000000000000000000 ) ) ;
#5957 = ORIENTED_EDGE ( 'NONE', *, *, #6695, .F. ) ;
#5958 = EDGE_CURVE ( 'NONE', #4700, #6268, #4573, .T. ) ;
#5959 = AXIS2_PLACEMENT_3D ( 'NONE', #2894, #4007, #1127 ) ;
#5960 = FACE_OUTER_BOUND ( 'NONE', #3074, .T. ) ;
#5961 = CARTESIAN_POINT ( 'NONE',  ( -22.61212015058569591, -42.00000000000001421, 41.85000000000000142 ) ) ;
#5962 = FACE_OUTER_BOUND ( 'NONE', #5770, .T. ) ;
#5963 = ORIENTED_EDGE ( 'NONE', *, *, #4215, .F. ) ;
#5964 = ORIENTED_EDGE ( 'NONE', *, *, #2028, .F. ) ;
#5965 = DIRECTION ( 'NONE',  ( -3.202566417187959410E-16, 1.000000000000000000, 0.000000000000000000 ) ) ;
#5966 = CIRCLE ( 'NONE', #2670, 3.000000000001256772 ) ;
#5967 = ORIENTED_EDGE ( 'NONE', *, *, #2769, .T. ) ;
#5968 = CARTESIAN_POINT ( 'NONE',  ( -34.64216450474879139, -52.94458794491911391, 5.753556018496659874 ) ) ;
#5969 = ADVANCED_FACE ( 'NONE', ( #1729 ), #2551, .T. ) ;
#5970 = DIRECTION ( 'NONE',  ( -0.8191520442889940190, -1.541870882605063636E-16, 0.5735764363510429398 ) ) ;
#5971 = CARTESIAN_POINT ( 'NONE',  ( -2.662933357356310538, -52.94974746830590107, 19.49590874590810330 ) ) ;
#5972 = CARTESIAN_POINT ( 'NONE',  ( -3.830286123484433425, -44.19340881910664365, 3.000000000000000000 ) ) ;
#5973 = DIRECTION ( 'NONE',  ( -1.000000000000000000, -3.469446951953621584E-16, -2.668805347656624829E-17 ) ) ;
#5974 = AXIS2_PLACEMENT_3D ( 'NONE', #248, #4830, #3671 ) ;
#5975 = DIRECTION ( 'NONE',  ( 1.000000000000000000, 0.000000000000000000, 0.000000000000000000 ) ) ;
#5976 =( BOUNDED_SURFACE ( )  B_SPLINE_SURFACE ( 3, 2, ( 
 ( #7494, #510, #5215 ),
 ( #1776, #6393, #6999 ),
 ( #1668, #2789, #4017 ),
 ( #6356, #1135, #4094 ),
 ( #4585, #5137, #6885 ),
 ( #2373, #7456, #5755 ) ),
 .UNSPECIFIED., .F., .F., .F. ) 
 B_SPLINE_SURFACE_WITH_KNOTS ( ( 4, 2, 4 ),
 ( 3, 3 ),
 ( 1.491862189340054101E-16, 0.001504679432340774378, 0.003009358864681399570 ),
 ( 0.000000000000000000, 1.000000000000000000 ),
 .UNSPECIFIED. ) 
 GEOMETRIC_REPRESENTATION_ITEM ( )  RATIONAL_B_SPLINE_SURFACE ( (
 ( 1.000000000000000000, 0.8566534806501187038, 1.000000000000000000),
 ( 1.000000000000000000, 0.8566481675117387784, 1.000000000000000000),
 ( 1.000000000000000000, 0.8566145614457391089, 1.000000000000000000),
 ( 1.000000000000000000, 0.8566145349637773743, 1.000000000000000000),
 ( 1.000000000000000000, 0.8566481549282319863, 1.000000000000000000),
 ( 1.000000000000000000, 0.8566534806501241439, 1.000000000000000000) ) ) 
 REPRESENTATION_ITEM ( '' )  SURFACE ( )  );
#5977 = CARTESIAN_POINT ( 'NONE',  ( -22.50979285181099954, -34.85381498926439292, 37.94159800745160993 ) ) ;
#5978 = EDGE_CURVE ( 'NONE', #1682, #4265, #1976, .T. ) ;
#5979 = LINE ( 'NONE', #6054, #953 ) ;
#5980 = EDGE_LOOP ( 'NONE', ( #1203, #3767, #6196, #5563, #503, #2152 ) ) ;
#5981 = ORIENTED_EDGE ( 'NONE', *, *, #1425, .F. ) ;
#5982 = CARTESIAN_POINT ( 'NONE',  ( -12.44898257609798620, -68.87584430397652113, 8.000000000000000000 ) ) ;
#5983 = CARTESIAN_POINT ( 'NONE',  ( 11.46637202853521664, -76.00000000000001421, 5.001279944067119843 ) ) ;
#5984 = DIRECTION ( 'NONE',  ( 0.000000000000000000, 0.000000000000000000, -1.000000000000000000 ) ) ;
#5985 = VERTEX_POINT ( 'NONE', #6207 ) ;
#5986 = CARTESIAN_POINT ( 'NONE',  ( -31.37841071290609918, -36.51942434664481851, 36.65201770801969872 ) ) ;
#5987 = ORIENTED_EDGE ( 'NONE', *, *, #2788, .F. ) ;
#5988 = EDGE_CURVE ( 'NONE', #3457, #573, #2109, .T. ) ;
#5989 = EDGE_CURVE ( 'NONE', #5797, #4700, #5018, .T. ) ;
#5990 = CARTESIAN_POINT ( 'NONE',  ( 7.686159401251103766E-15, -48.00000000000000711, 9.000000000000000000 ) ) ;
#5991 = ORIENTED_EDGE ( 'NONE', *, *, #4626, .T. ) ;
#5992 = ORIENTED_EDGE ( 'NONE', *, *, #6297, .F. ) ;
#5993 = CARTESIAN_POINT ( 'NONE',  ( -35.19999999999998863, -64.00000000000001421, 5.000000000000000000 ) ) ;
#5994 = ORIENTED_EDGE ( 'NONE', *, *, #4245, .T. ) ;
#5995 = AXIS2_PLACEMENT_3D ( 'NONE', #6296, #1079, #3308 ) ;
#5996 = FACE_OUTER_BOUND ( 'NONE', #2675, .T. ) ;
#5997 = DIRECTION ( 'NONE',  ( 1.000000000000000000, 0.000000000000000000, 0.000000000000000000 ) ) ;
#5998 = EDGE_CURVE ( 'NONE', #6481, #1876, #979, .T. ) ;
#5999 = CARTESIAN_POINT ( 'NONE',  ( 0.1999096512316212160, -31.85000000000000853, 37.94999999999999574 ) ) ;
#6000 = CARTESIAN_POINT ( 'NONE',  ( -13.27823845266784808, -71.58055126229758969, 11.14674473412710576 ) ) ;
#6001 = CARTESIAN_POINT ( 'NONE',  ( 5.035404503039826452, -76.00000000000001421, 11.00014868826020020 ) ) ;
#6002 = ORIENTED_EDGE ( 'NONE', *, *, #708, .T. ) ;
#6003 = EDGE_LOOP ( 'NONE', ( #6343, #4591, #268, #962, #2637, #6994 ) ) ;
#6004 = CARTESIAN_POINT ( 'NONE',  ( -33.09518453811099192, -52.72507203947991172, 5.000000000000000000 ) ) ;
#6005 = DIRECTION ( 'NONE',  ( -1.000000000000000000, 0.000000000000000000, 0.000000000000000000 ) ) ;
#6006 = CARTESIAN_POINT ( 'NONE',  ( -13.15766372174659971, -25.95823742772211418, 35.61857445727519433 ) ) ;
#6007 = EDGE_CURVE ( 'NONE', #1496, #1259, #4554, .T. ) ;
#6008 = AXIS2_PLACEMENT_3D ( 'NONE', #6489, #5397, #7029 ) ;
#6009 = CARTESIAN_POINT ( 'NONE',  ( 1.749747468305815845, -43.05025253169415578, -8.485281374238569541 ) ) ;
#6010 = VERTEX_POINT ( 'NONE', #4289 ) ;
#6011 = CARTESIAN_POINT ( 'NONE',  ( -3.149999999999992362, -48.00000000000000711, 19.49590874590810330 ) ) ;
#6012 = LINE ( 'NONE', #4251, #4685 ) ;
#6013 = VECTOR ( 'NONE', #6061, 1000.000000000000000 ) ;
#6014 = DIRECTION ( 'NONE',  ( 0.000000000000000000, 0.000000000000000000, 1.000000000000000000 ) ) ;
#6015 = CARTESIAN_POINT ( 'NONE',  ( -16.00000000000000000, -47.02943725152284316, 5.000000000000000000 ) ) ;
#6016 = EDGE_CURVE ( 'NONE', #7388, #2207, #7144, .T. ) ;
#6017 = LINE ( 'NONE', #2421, #6330 ) ;
#6018 = FACE_OUTER_BOUND ( 'NONE', #6103, .T. ) ;
#6019 = SURFACE_STYLE_USAGE ( .BOTH. , #183 ) ;
#6020 = CYLINDRICAL_SURFACE ( 'NONE', #1521, 3.149999999999999911 ) ;
#6021 = AXIS2_PLACEMENT_3D ( 'NONE', #6084, #285, #2683 ) ;
#6022 = DIRECTION ( 'NONE',  ( 3.202566417187959410E-16, -1.000000000000000000, 0.000000000000000000 ) ) ;
#6023 = ORIENTED_EDGE ( 'NONE', *, *, #2740, .F. ) ;
#6024 = CARTESIAN_POINT ( 'NONE',  ( -34.68465015972248722, -40.49273694563849801, -1.410058709304299995 ) ) ;
#6025 = VERTEX_POINT ( 'NONE', #939 ) ;
#6026 = CARTESIAN_POINT ( 'NONE',  ( 11.96638207278391342, -69.00000000000000000, 5.000000000000000000 ) ) ;
#6027 = CARTESIAN_POINT ( 'NONE',  ( -12.00000000000001066, -48.00000000000000711, 1.000000000000000000 ) ) ;
#6028 = ORIENTED_EDGE ( 'NONE', *, *, #3932, .T. ) ;
#6029 = DIRECTION ( 'NONE',  ( 0.000000000000000000, 0.000000000000000000, -1.000000000000000000 ) ) ;
#6030 = ORIENTED_EDGE ( 'NONE', *, *, #2762, .T. ) ;
#6031 = EDGE_CURVE ( 'NONE', #494, #6143, #4838, .T. ) ;
#6032 = CARTESIAN_POINT ( 'NONE',  ( -8.800000000000007816, -7.000000000000006217, 13.25000000000000000 ) ) ;
#6033 =( NAMED_UNIT ( * ) PLANE_ANGLE_UNIT ( ) SI_UNIT ( $, .RADIAN. ) );
#6034 = VECTOR ( 'NONE', #1458, 999.9999999999998863 ) ;
#6035 = AXIS2_PLACEMENT_3D ( 'NONE', #2484, #4816, #1913 ) ;
#6036 = LINE ( 'NONE', #5961, #334 ) ;
#6037 = CARTESIAN_POINT ( 'NONE',  ( -2.710824778663060375, -45.33656510651925231, 9.000000000000000000 ) ) ;
#6038 = ORIENTED_EDGE ( 'NONE', *, *, #805, .F. ) ;
#6039 = ORIENTED_EDGE ( 'NONE', *, *, #2251, .F. ) ;
#6040 = DIRECTION ( 'NONE',  ( 0.000000000000000000, 0.000000000000000000, -1.000000000000000000 ) ) ;
#6041 = ORIENTED_EDGE ( 'NONE', *, *, #3517, .F. ) ;
#6042 = CARTESIAN_POINT ( 'NONE',  ( 16.98162433924207093, -31.85000000000000497, 37.09759822840444343 ) ) ;
#6043 = FACE_OUTER_BOUND ( 'NONE', #4079, .T. ) ;
#6044 = ADVANCED_FACE ( 'NONE', ( #4914 ), #4989, .T. ) ;
#6045 = CIRCLE ( 'NONE', #3475, 0.9999999999999991118 ) ;
#6046 = EDGE_CURVE ( 'NONE', #4897, #6147, #3799, .T. ) ;
#6047 = DIRECTION ( 'NONE',  ( -2.026482704661309475E-16, 1.000000000000000000, 0.000000000000000000 ) ) ;
#6048 = B_SPLINE_CURVE_WITH_KNOTS ( 'NONE', 3,
 ( #2401, #7069, #5782, #5241 ),
 .UNSPECIFIED., .F., .F.,
 ( 4, 4 ),
 ( 0.000000000000000000, 0.5393542151062330481 ),
 .UNSPECIFIED. ) ;
#6049 = CARTESIAN_POINT ( 'NONE',  ( 9.011979862375950390, -72.76352237987219951, 5.000282804481279264 ) ) ;
#6050 = AXIS2_PLACEMENT_3D ( 'NONE', #7002, #3601, #3560 ) ;
#6051 = DIRECTION ( 'NONE',  ( 1.000000000000000000, 0.000000000000000000, 0.000000000000000000 ) ) ;
#6052 = ORIENTED_EDGE ( 'NONE', *, *, #3605, .F. ) ;
#6053 = CARTESIAN_POINT ( 'NONE',  ( 12.26637933012581527, -69.08772218248741126, 5.001282804481280486 ) ) ;
#6054 = CARTESIAN_POINT ( 'NONE',  ( -10.71366012283418456, -72.00000000000001421, 14.10202680184799995 ) ) ;
#6055 = FACE_OUTER_BOUND ( 'NONE', #1559, .T. ) ;
#6056 = LINE ( 'NONE', #4330, #3164 ) ;
#6057 = CARTESIAN_POINT ( 'NONE',  ( -22.61212015058569591, -42.00000000000001421, 41.85000000000000142 ) ) ;
#6058 = CARTESIAN_POINT ( 'NONE',  ( 9.523375690204746391, -43.05025253169415578, 9.000000000000000000 ) ) ;
#6059 = DIRECTION ( 'NONE',  ( -0.000000000000000000, -0.000000000000000000, -1.000000000000000000 ) ) ;
#6060 = CARTESIAN_POINT ( 'NONE',  ( -17.49999999999998934, -71.12132034355967392, 5.878679656440358947 ) ) ;
#6061 = DIRECTION ( 'NONE',  ( -3.202566417187959410E-16, 1.000000000000000000, 0.000000000000000000 ) ) ;
#6062 = CARTESIAN_POINT ( 'NONE',  ( -35.19999999999999574, -43.39921990116526729, 37.05029354652139517 ) ) ;
#6063 = ORIENTED_EDGE ( 'NONE', *, *, #2992, .F. ) ;
#6064 = ADVANCED_FACE ( 'NONE', ( #6627 ), #3725, .T. ) ;
#6065 = CARTESIAN_POINT ( 'NONE',  ( -30.24442393394714657, -35.96971974387690807, 36.74192110176080917 ) ) ;
#6066 = EDGE_LOOP ( 'NONE', ( #308, #4841, #5992, #5520 ) ) ;
#6067 = ORIENTED_EDGE ( 'NONE', *, *, #3539, .F. ) ;
#6068 = CARTESIAN_POINT ( 'NONE',  ( 16.00000000000000000, -29.80000000000000426, 38.10000000000000142 ) ) ;
#6069 = EDGE_CURVE ( 'NONE', #2021, #3940, #3441, .T. ) ;
#6070 = LINE ( 'NONE', #954, #5852 ) ;
#6071 = EDGE_CURVE ( 'NONE', #3828, #5050, #5425, .T. ) ;
#6072 = CARTESIAN_POINT ( 'NONE',  ( 11.06835659666617211, -29.23333333333333428, 16.08521440763847465 ) ) ;
#6073 = CARTESIAN_POINT ( 'NONE',  ( -6.736162321940784459, -43.26718681530832811, 37.94999999999999574 ) ) ;
#6074 = ORIENTED_EDGE ( 'NONE', *, *, #2592, .F. ) ;
#6075 = ORIENTED_EDGE ( 'NONE', *, *, #1701, .T. ) ;
#6076 = ORIENTED_EDGE ( 'NONE', *, *, #5840, .F. ) ;
#6077 = CARTESIAN_POINT ( 'NONE',  ( -3.830286123484433425, -44.19340881910664365, -1.000000000000000000 ) ) ;
#6078 = VECTOR ( 'NONE', #3133, 1000.000000000000000 ) ;
#6079 = CARTESIAN_POINT ( 'NONE',  ( -9.520588268689390787, -26.01592486453312958, 35.83386690241249539 ) ) ;
#6080 = CARTESIAN_POINT ( 'NONE',  ( -8.100336659486627511, -29.80000000000001137, 13.96447267963279870 ) ) ;
#6081 = CARTESIAN_POINT ( 'NONE',  ( -30.11133583906577371, -60.11513241144822217, 36.74573001806340500 ) ) ;
#6082 = ADVANCED_FACE ( 'NONE', ( #7280 ), #1708, .T. ) ;
#6083 = EDGE_CURVE ( 'NONE', #6876, #2476, #2186, .T. ) ;
#6084 = CARTESIAN_POINT ( 'NONE',  ( 7.686159401251103766E-15, -48.00000000000000711, 0.9999999999999931166 ) ) ;
#6085 = CARTESIAN_POINT ( 'NONE',  ( 12.25355665337661293, -72.00000000000001421, 8.000000000000000000 ) ) ;
#6086 = EDGE_CURVE ( 'NONE', #716, #879, #4514, .T. ) ;
#6087 = VECTOR ( 'NONE', #5457, 1000.000000000000000 ) ;
#6088 = VERTEX_POINT ( 'NONE', #6852 ) ;
#6089 = DIRECTION ( 'NONE',  ( -0.000000000000000000, -0.000000000000000000, -1.000000000000000000 ) ) ;
#6090 = AXIS2_PLACEMENT_3D ( 'NONE', #4974, #4433, #5529 ) ;
#6091 = DIRECTION ( 'NONE',  ( 1.000000000000000000, 0.000000000000000000, 0.000000000000000000 ) ) ;
#6092 = DIRECTION ( 'NONE',  ( -0.7144726796328049190, -3.256437249089596061E-16, 0.6996633405133638739 ) ) ;
#6093 = EDGE_CURVE ( 'NONE', #1823, #6233, #6286, .T. ) ;
#6094 = VECTOR ( 'NONE', #1906, 1000.000000000000000 ) ;
#6095 = DIRECTION ( 'NONE',  ( 1.000000000000000000, 1.601283208593979705E-16, 0.000000000000000000 ) ) ;
#6096 = LINE ( 'NONE', #4879, #3110 ) ;
#6097 = DIRECTION ( 'NONE',  ( 1.000000000000000000, 0.000000000000000000, 0.000000000000000000 ) ) ;
#6098 = CARTESIAN_POINT ( 'NONE',  ( 14.29363611415566204, -24.87867965644035451, 10.12131760029763150 ) ) ;
#6099 = CARTESIAN_POINT ( 'NONE',  ( -31.54179673954749674, -36.63194358667181660, 36.65029770898490113 ) ) ;
#6100 = CARTESIAN_POINT ( 'NONE',  ( -12.94583123134585279, -69.93866441016275814, 35.94526992839413992 ) ) ;
#6101 = ORIENTED_EDGE ( 'NONE', *, *, #5434, .F. ) ;
#6102 = CARTESIAN_POINT ( 'NONE',  ( -35.19707256962009723, -43.06275608454587456, -1.410058709304290003 ) ) ;
#6103 = EDGE_LOOP ( 'NONE', ( #7121, #4098, #3891, #2837 ) ) ;
#6104 = VECTOR ( 'NONE', #4413, 1000.000000000000000 ) ;
#6105 = ADVANCED_FACE ( 'NONE', ( #1673 ), #516, .F. ) ;
#6106 = CARTESIAN_POINT ( 'NONE',  ( -10.94511071031498162, -71.99748873850842301, 14.70860669149000088 ) ) ;
#6107 = LINE ( 'NONE', #909, #1753 ) ;
#6108 = CARTESIAN_POINT ( 'NONE',  ( -12.59999999999998721, -64.15000000000000568, 33.75000000000000000 ) ) ;
#6109 = EDGE_LOOP ( 'NONE', ( #6972, #1769, #1689, #6275 ) ) ;
#6110 = LINE ( 'NONE', #912, #4877 ) ;
#6111 = ORIENTED_EDGE ( 'NONE', *, *, #4426, .F. ) ;
#6112 = CARTESIAN_POINT ( 'NONE',  ( 10.50843739782159147, -24.00000000000000711, 17.12056663191865269 ) ) ;
#6113 = FACE_OUTER_BOUND ( 'NONE', #2966, .T. ) ;
#6114 = CARTESIAN_POINT ( 'NONE',  ( -32.81046045172931258, -37.66856167701153879, 36.76599480297166167 ) ) ;
#6115 = EDGE_CURVE ( 'NONE', #4516, #6268, #2793, .T. ) ;
#6116 = DIRECTION ( 'NONE',  ( 4.557819132794839459E-16, -1.000000000000000000, 0.000000000000000000 ) ) ;
#6117 = EDGE_LOOP ( 'NONE', ( #5667, #6305, #6327, #2267 ) ) ;
#6118 = EDGE_LOOP ( 'NONE', ( #6290, #4036, #6252, #2651 ) ) ;
#6119 = CARTESIAN_POINT ( 'NONE',  ( -26.94350895841949267, -52.73281318469169321, 37.94999999999999574 ) ) ;
#6120 = ORIENTED_EDGE ( 'NONE', *, *, #45, .F. ) ;
#6121 = LINE ( 'NONE', #6042, #4674 ) ;
#6122 = CARTESIAN_POINT ( 'NONE',  ( -26.94350895841949267, -43.26718681530833521, 37.94999999999999574 ) ) ;
#6123 = AXIS2_PLACEMENT_3D ( 'NONE', #5162, #2855, #4609 ) ;
#6124 = CARTESIAN_POINT ( 'NONE',  ( -5.754360833654079244, -89.00000000000001421, 38.00000000000000000 ) ) ;
#6125 = DIRECTION ( 'NONE',  ( -3.202566417187959410E-16, 1.000000000000000000, 0.000000000000000000 ) ) ;
#6126 = CARTESIAN_POINT ( 'NONE',  ( -15.36534513459349860, -25.79550703033761039, 35.01125634630029992 ) ) ;
#6127 = AXIS2_PLACEMENT_3D ( 'NONE', #4064, #1749, #2691 ) ;
#6128 = FACE_OUTER_BOUND ( 'NONE', #5592, .T. ) ;
#6129 = ORIENTED_EDGE ( 'NONE', *, *, #2678, .F. ) ;
#6130 = CARTESIAN_POINT ( 'NONE',  ( -4.949747468305769615, -52.94974746830590107, 5.000000000000000000 ) ) ;
#6131 = EDGE_CURVE ( 'NONE', #36, #1004, #6736, .T. ) ;
#6132 = CARTESIAN_POINT ( 'NONE',  ( -7.023329636491909334, -29.80000000000001492, 14.58934985305335452 ) ) ;
#6133 = CARTESIAN_POINT ( 'NONE',  ( -5.736162321940776465, -67.64711616306480835, 37.94999999999999574 ) ) ;
#6134 = CARTESIAN_POINT ( 'NONE',  ( -14.99999999999998757, -64.15000000000000568, 11.00000000000000000 ) ) ;
#6135 = DIRECTION ( 'NONE',  ( -0.7144726796328051410, 0.6996633405133636519, 0.000000000000000000 ) ) ;
#6136 = DIRECTION ( 'NONE',  ( -1.156482317317870344E-15, 1.000000000000000000, 0.000000000000000000 ) ) ;
#6137 = CARTESIAN_POINT ( 'NONE',  ( 8.434130917513325443, -73.35773208228370379, 5.001279975879920237 ) ) ;
#6138 = AXIS2_PLACEMENT_3D ( 'NONE', #243, #769, #6500 ) ;
#6139 = CARTESIAN_POINT ( 'NONE',  ( -35.17540335059928935, -53.19044826842270624, 22.14169650337025530 ) ) ;
#6140 = EDGE_LOOP ( 'NONE', ( #7074, #4275, #6379, #5942 ) ) ;
#6141 = CIRCLE ( 'NONE', #1044, 1.599999999999999867 ) ;
#6142 = CARTESIAN_POINT ( 'NONE',  ( 4.606007563463300869, -24.00000000000000711, 28.31033288373339829 ) ) ;
#6143 = VERTEX_POINT ( 'NONE', #3280 ) ;
#6144 = ADVANCED_FACE ( 'NONE', ( #6248 ), #3867, .T. ) ;
#6145 = CARTESIAN_POINT ( 'NONE',  ( 4.606007563463300869, -24.00000000000000711, 28.31033288373339829 ) ) ;
#6146 = CARTESIAN_POINT ( 'NONE',  ( -11.06074065087059388, -66.20000000000000284, 11.67816010480782118 ) ) ;
#6147 = VERTEX_POINT ( 'NONE', #1105 ) ;
#6148 = CARTESIAN_POINT ( 'NONE',  ( -34.68959461325909643, -55.49384526247639826, 37.05029354652150175 ) ) ;
#6149 = VECTOR ( 'NONE', #5766, 1000.000000000000000 ) ;
#6150 = DIRECTION ( 'NONE',  ( 1.156482317317386970E-15, -0.9999999999995820010, 9.144206693924627601E-07 ) ) ;
#6151 = EDGE_LOOP ( 'NONE', ( #3341, #422, #5159, #5175 ) ) ;
#6152 = CARTESIAN_POINT ( 'NONE',  ( 10.32179766487339734, -24.00000000000000711, 17.46568404001204300 ) ) ;
#6153 = AXIS2_PLACEMENT_3D ( 'NONE', #901, #339, #3315 ) ;
#6154 = CARTESIAN_POINT ( 'NONE',  ( -14.35088850746728717, -70.07413019465307968, 35.09821206433952057 ) ) ;
#6155 = ORIENTED_EDGE ( 'NONE', *, *, #2230, .F. ) ;
#6156 = ORIENTED_EDGE ( 'NONE', *, *, #3647, .F. ) ;
#6157 = VECTOR ( 'NONE', #6435, 1000.000000000000000 ) ;
#6158 = ORIENTED_EDGE ( 'NONE', *, *, #5343, .F. ) ;
#6159 = CARTESIAN_POINT ( 'NONE',  ( -31.69691110417868884, -59.26173462065901987, 8.000000000000000000 ) ) ;
#6160 = CARTESIAN_POINT ( 'NONE',  ( -34.32082859218699156, -52.59425377668069501, 5.879184122938479362 ) ) ;
#6161 = ADVANCED_FACE ( 'NONE', ( #5071 ), #2289, .T. ) ;
#6162 = AXIS2_PLACEMENT_3D ( 'NONE', #5982, #4077, #3434 ) ;
#6163 = EDGE_CURVE ( 'NONE', #6894, #2287, #4286, .T. ) ;
#6164 = CARTESIAN_POINT ( 'NONE',  ( -9.381112869507115093, -26.02917284698276035, 35.87688550287266764 ) ) ;
#6165 = CARTESIAN_POINT ( 'NONE',  ( -34.08621818930112823, -43.39895632105694290, 5.643577589984407616 ) ) ;
#6166 = CARTESIAN_POINT ( 'NONE',  ( -16.53415841784552498, -25.94009799241560543, 35.55087716309072476 ) ) ;
#6167 = CARTESIAN_POINT ( 'NONE',  ( -26.86318668703230017, -33.41017917075592436, 36.44507726208956200 ) ) ;
#6168 = LINE ( 'NONE', #970, #5933 ) ;
#6169 = CARTESIAN_POINT ( 'NONE',  ( 8.408480078308926409, -73.35773208228370379, 10.99999725673800199 ) ) ;
#6170 = CIRCLE ( 'NONE', #3500, 2.200000000000000622 ) ;
#6171 = VECTOR ( 'NONE', #4797, 1000.000000000000000 ) ;
#6172 = ORIENTED_EDGE ( 'NONE', *, *, #1178, .F. ) ;
#6173 = DIRECTION ( 'NONE',  ( 0.000000000000000000, 0.000000000000000000, -1.000000000000000000 ) ) ;
#6174 = EDGE_CURVE ( 'NONE', #2006, #1682, #4780, .T. ) ;
#6175 = SURFACE_STYLE_USAGE ( .BOTH. , #2079 ) ;
#6176 = DIRECTION ( 'NONE',  ( -1.000000000000000000, -3.202566417187959410E-16, 0.000000000000000000 ) ) ;
#6177 = DIRECTION ( 'NONE',  ( -0.000000000000000000, -0.000000000000000000, -1.000000000000000000 ) ) ;
#6178 = CARTESIAN_POINT ( 'NONE',  ( -12.24999999999999112, -67.49999999999998579, 11.07801933710264741 ) ) ;
#6179 = CARTESIAN_POINT ( 'NONE',  ( -7.260740650870590507, -29.80000000000001137, 14.82183989519216460 ) ) ;
#6180 = LINE ( 'NONE', #7282, #1463 ) ;
#6181 = ORIENTED_EDGE ( 'NONE', *, *, #7342, .T. ) ;
#6182 = CARTESIAN_POINT ( 'NONE',  ( 3.995649044542339823, -24.32949809272755815, 29.54003650678962245 ) ) ;
#6183 = ORIENTED_EDGE ( 'NONE', *, *, #12, .F. ) ;
#6184 = CARTESIAN_POINT ( 'NONE',  ( -34.97787230319548968, -41.43656986704624501, 8.000000000000000000 ) ) ;
#6185 = CARTESIAN_POINT ( 'NONE',  ( -35.13151123514843732, -52.59883313315469877, 7.258138894572515376 ) ) ;
#6186 = ADVANCED_FACE ( 'NONE', ( #2046 ), #2115, .T. ) ;
#6187 = EDGE_CURVE ( 'NONE', #1330, #6936, #4442, .T. ) ;
#6188 = CARTESIAN_POINT ( 'NONE',  ( -15.23151124924317834, -26.28497298823803163, 36.08842264361391727 ) ) ;
#6189 = LINE ( 'NONE', #988, #6823 ) ;
#6190 = ORIENTED_EDGE ( 'NONE', *, *, #3356, .F. ) ;
#6191 = CARTESIAN_POINT ( 'NONE',  ( 15.54771018742282074, -31.85000000000000497, 7.802396613397056591 ) ) ;
#6192 = ADVANCED_FACE ( 'NONE', ( #5538 ), #4364, .T. ) ;
#6193 = EDGE_LOOP ( 'NONE', ( #5339, #4172, #5908, #6954, #3780, #5281, #361 ) ) ;
#6194 = VERTEX_POINT ( 'NONE', #1528 ) ;
#6195 = CARTESIAN_POINT ( 'NONE',  ( -11.17074118065658794, -66.20000000000000284, 33.75000000000000000 ) ) ;
#6196 = ORIENTED_EDGE ( 'NONE', *, *, #302, .F. ) ;
#6197 = CARTESIAN_POINT ( 'NONE',  ( -32.63144085008449480, -58.51552045798461421, 8.000000000000000000 ) ) ;
#6198 = CARTESIAN_POINT ( 'NONE',  ( -2.710824778663007528, -55.23606004313086260, 9.000000000000000000 ) ) ;
#6199 = B_SPLINE_CURVE_WITH_KNOTS ( 'NONE', 3,
 ( #1306, #2482, #876, #270 ),
 .UNSPECIFIED., .F., .F.,
 ( 4, 4 ),
 ( 0.000000000000000000, 0.4999440187930052071 ),
 .UNSPECIFIED. ) ;
#6200 = CARTESIAN_POINT ( 'NONE',  ( -9.656429494331542074, -26.00054196379971216, 35.77645713530759508 ) ) ;
#6201 = DIRECTION ( 'NONE',  ( -0.6996633405133637629, -0.7144726796328051410, 0.000000000000000000 ) ) ;
#6202 = CARTESIAN_POINT ( 'NONE',  ( -29.85411959689688999, -56.89034580536851138, 5.000000000000000000 ) ) ;
#6203 = EDGE_CURVE ( 'NONE', #2044, #554, #6704, .T. ) ;
#6204 = CARTESIAN_POINT ( 'NONE',  ( -23.07283467014653056, -60.97807399337678902, 37.92031366109583956 ) ) ;
#6205 = CARTESIAN_POINT ( 'NONE',  ( 0.2269174846546009872, -28.06871278135861658, 37.88666569763594794 ) ) ;
#6206 = LINE ( 'NONE', #7386, #6822 ) ;
#6207 = CARTESIAN_POINT ( 'NONE',  ( -13.59999999999998721, -66.20000000000000284, 33.74999999999999289 ) ) ;
#6208 = ORIENTED_EDGE ( 'NONE', *, *, #7352, .F. ) ;
#6209 = DIRECTION ( 'NONE',  ( 0.000000000000000000, 0.000000000000000000, -1.000000000000000000 ) ) ;
#6210 = CARTESIAN_POINT ( 'NONE',  ( -11.32089503704394140, -66.28279051911991360, 11.45277693506978700 ) ) ;
#6211 = CIRCLE ( 'NONE', #2905, 3.199999999999999734 ) ;
#6212 = DIRECTION ( 'NONE',  ( -0.7169040535148687443, -0.6971651028545642337, -0.003065520467246229952 ) ) ;
#6213 = CARTESIAN_POINT ( 'NONE',  ( -27.20570393024539158, -43.26718681530833521, 37.35894263201630139 ) ) ;
#6214 = CARTESIAN_POINT ( 'NONE',  ( 3.598443687522486556, -72.48870084370908273, 10.99999725673800199 ) ) ;
#6215 = EDGE_CURVE ( 'NONE', #1502, #1415, #5658, .T. ) ;
#6216 = ORIENTED_EDGE ( 'NONE', *, *, #6348, .T. ) ;
#6217 = CARTESIAN_POINT ( 'NONE',  ( -11.10231741850039988, -28.35288383693521297, 37.94999999999999574 ) ) ;
#6218 = ORIENTED_EDGE ( 'NONE', *, *, #57, .F. ) ;
#6219 = CIRCLE ( 'NONE', #1824, 12.00000000000000000 ) ;
#6220 = DIRECTION ( 'NONE',  ( 4.557819132794839459E-16, -1.000000000000000000, 0.000000000000000000 ) ) ;
#6221 = DIRECTION ( 'NONE',  ( 4.557819132794839459E-16, -1.000000000000000000, -0.000000000000000000 ) ) ;
#6222 = DIRECTION ( 'NONE',  ( -0.3420201433256661039, -1.558865953050954326E-16, 0.9396926207859093161 ) ) ;
#6223 = ORIENTED_EDGE ( 'NONE', *, *, #6764, .F. ) ;
#6224 = CARTESIAN_POINT ( 'NONE',  ( -12.19302515779268248, -69.46814715282343400, 37.75933634664337291 ) ) ;
#6225 = ORIENTED_EDGE ( 'NONE', *, *, #345, .T. ) ;
#6226 = AXIS2_PLACEMENT_3D ( 'NONE', #980, #1698, #4954 ) ;
#6227 = EDGE_CURVE ( 'NONE', #1936, #5402, #7315, .T. ) ;
#6228 = B_SPLINE_CURVE_WITH_KNOTS ( 'NONE', 3,
 ( #4233, #2971, #1235, #123, #1836, #5924 ),
 .UNSPECIFIED., .F., .F.,
 ( 4, 2, 4 ),
 ( 0.4999440187930052071, 0.7499720093965025480, 1.000000000000000000 ),
 .UNSPECIFIED. ) ;
#6229 = CARTESIAN_POINT ( 'NONE',  ( 7.560631736194166841, -29.23333333333333428, 22.58949917233458038 ) ) ;
#6230 = DIRECTION ( 'NONE',  ( 0.000000000000000000, 0.000000000000000000, -1.000000000000000000 ) ) ;
#6231 = FACE_OUTER_BOUND ( 'NONE', #7492, .T. ) ;
#6232 = ORIENTED_EDGE ( 'NONE', *, *, #4453, .T. ) ;
#6233 = VERTEX_POINT ( 'NONE', #1038 ) ;
#6234 = DIRECTION ( 'NONE',  ( -3.202566417187959410E-16, 1.000000000000000000, 0.000000000000000000 ) ) ;
#6235 = ORIENTED_EDGE ( 'NONE', *, *, #6086, .T. ) ;
#6236 = ADVANCED_FACE ( 'NONE', ( #5101 ), #3232, .F. ) ;
#6237 = PLANE ( 'NONE',  #6580 ) ;
#6238 = CYLINDRICAL_SURFACE ( 'NONE', #2950, 1.249999999999997558 ) ;
#6239 = FACE_OUTER_BOUND ( 'NONE', #2526, .T. ) ;
#6240 = CARTESIAN_POINT ( 'NONE',  ( -26.10690053631507368, -60.66824091901689542, 37.58815485835850723 ) ) ;
#6241 = CARTESIAN_POINT ( 'NONE',  ( 0.2668395643728336819, -27.79379498124382764, 37.79304704158614925 ) ) ;
#6242 = DIRECTION ( 'NONE',  ( 0.000000000000000000, 0.000000000000000000, -1.000000000000000000 ) ) ;
#6243 = ORIENTED_EDGE ( 'NONE', *, *, #5860, .T. ) ;
#6244 = FACE_OUTER_BOUND ( 'NONE', #4584, .T. ) ;
#6245 = CARTESIAN_POINT ( 'NONE',  ( -13.75576787454795991, -67.97597140870814769, 5.000000000000000000 ) ) ;
#6246 = CARTESIAN_POINT ( 'NONE',  ( -10.71366012283418456, -71.65164535200851503, 6.596868884540119993 ) ) ;
#6247 = CARTESIAN_POINT ( 'NONE',  ( -16.98132540862788531, -69.16439919943591974, 36.06023841455589718 ) ) ;
#6248 = FACE_OUTER_BOUND ( 'NONE', #6299, .T. ) ;
#6249 = ORIENTED_EDGE ( 'NONE', *, *, #81, .F. ) ;
#6250 = AXIS2_PLACEMENT_3D ( 'NONE', #6591, #3759, #376 ) ;
#6251 = PLANE ( 'NONE',  #2361 ) ;
#6252 = ORIENTED_EDGE ( 'NONE', *, *, #2788, .T. ) ;
#6253 = CARTESIAN_POINT ( 'NONE',  ( -34.68652018675288673, -40.50062383693806112, 7.326801574230760394 ) ) ;
#6254 = EDGE_CURVE ( 'NONE', #4237, #3828, #5143, .T. ) ;
#6255 =( GEOMETRIC_REPRESENTATION_CONTEXT ( 3 ) GLOBAL_UNCERTAINTY_ASSIGNED_CONTEXT ( ( #1598 ) ) GLOBAL_UNIT_ASSIGNED_CONTEXT ( ( #7305, #6033, #3087 ) ) REPRESENTATION_CONTEXT ( 'NONE', 'WORKASPACE' ) );
#6256 = CARTESIAN_POINT ( 'NONE',  ( -10.70979040663030091, -24.00000000000001066, 8.000000000000000000 ) ) ;
#6257 = DIRECTION ( 'NONE',  ( -0.000000000000000000, -0.000000000000000000, -1.000000000000000000 ) ) ;
#6258 = CARTESIAN_POINT ( 'NONE',  ( 7.860597175941274273, -72.00000000000001421, 5.001282804481280486 ) ) ;
#6259 = CARTESIAN_POINT ( 'NONE',  ( -16.39570199797644179, -26.61236468398798038, 36.13375284266933818 ) ) ;
#6260 = VERTEX_POINT ( 'NONE', #3345 ) ;
#6261 = FACE_OUTER_BOUND ( 'NONE', #1993, .T. ) ;
#6262 = ORIENTED_EDGE ( 'NONE', *, *, #57, .T. ) ;
#6263 = VECTOR ( 'NONE', #3526, 1000.000000000000227 ) ;
#6264 = CARTESIAN_POINT ( 'NONE',  ( 0.8014556631819712562, -31.85000000000001563, 36.54501032315992859 ) ) ;
#6265 = DIRECTION ( 'NONE',  ( -0.7144726796328021434, 0.6996633405133666495, 0.000000000000000000 ) ) ;
#6266 = CIRCLE ( 'NONE', #1873, 2.200000000000000622 ) ;
#6267 = ORIENTED_EDGE ( 'NONE', *, *, #2963, .F. ) ;
#6268 = VERTEX_POINT ( 'NONE', #618 ) ;
#6269 =( BOUNDED_CURVE ( )  B_SPLINE_CURVE ( 3, ( #4242, #5408, #6427, #4781 ),
 .UNSPECIFIED., .F., .T. ) 
 B_SPLINE_CURVE_WITH_KNOTS ( ( 4, 4 ),
 ( 0.7853981633974486121, 1.570796326794895448 ),
 .UNSPECIFIED. ) 
 CURVE ( )  GEOMETRIC_REPRESENTATION_ITEM ( )  RATIONAL_B_SPLINE_CURVE ( ( 1.000000000000000000, 0.9492530216741912330, 0.9492530216741912330, 1.000000000000000000 ) ) 
 REPRESENTATION_ITEM ( '' )  );
#6270 = CARTESIAN_POINT ( 'NONE',  ( 26.99999932944771430, -72.28029056724518853, 7.999997256737990448 ) ) ;
#6271 = ORIENTED_EDGE ( 'NONE', *, *, #2519, .T. ) ;
#6272 = EDGE_CURVE ( 'NONE', #26, #5565, #3065, .T. ) ;
#6273 = CARTESIAN_POINT ( 'NONE',  ( 0.2999972573419096844, -48.00000000000001421, 5.000282804481280152 ) ) ;
#6274 = LINE ( 'NONE', #5673, #1269 ) ;
#6275 = ORIENTED_EDGE ( 'NONE', *, *, #1155, .T. ) ;
#6276 = CARTESIAN_POINT ( 'NONE',  ( -22.80950738265146427, -61.05103494108315232, 37.93124954776310176 ) ) ;
#6277 = EDGE_CURVE ( 'NONE', #4809, #2398, #7343, .T. ) ;
#6278 = CYLINDRICAL_SURFACE ( 'NONE', #6584, 7.999999999999999112 ) ;
#6279 = EDGE_CURVE ( 'NONE', #7173, #2163, #5409, .T. ) ;
#6280 = EDGE_LOOP ( 'NONE', ( #2125, #6120, #3043, #1339, #2845 ) ) ;
#6281 = AXIS2_PLACEMENT_3D ( 'NONE', #4261, #6596, #7245 ) ;
#6282 = DIRECTION ( 'NONE',  ( 1.000000000000000000, 3.469446951953621584E-16, -2.668805347656624829E-17 ) ) ;
#6283 = CARTESIAN_POINT ( 'NONE',  ( 7.686159401251103766E-15, -48.00000000000000711, 9.000000000000000000 ) ) ;
#6284 = VECTOR ( 'NONE', #6341, 1000.000000000000000 ) ;
#6285 = CYLINDRICAL_SURFACE ( 'NONE', #6050, 0.8000000000000017097 ) ;
#6286 = LINE ( 'NONE', #6891, #2947 ) ;
#6287 = ADVANCED_FACE ( 'NONE', ( #3381, #2869 ), #2329, .F. ) ;
#6288 = ORIENTED_EDGE ( 'NONE', *, *, #6031, .F. ) ;
#6289 = DIRECTION ( 'NONE',  ( -0.000000000000000000, -0.000000000000000000, -1.000000000000000000 ) ) ;
#6290 = ORIENTED_EDGE ( 'NONE', *, *, #6577, .T. ) ;
#6291 = DIRECTION ( 'NONE',  ( 1.000000000000000000, 0.000000000000000000, 0.000000000000000000 ) ) ;
#6292 = CARTESIAN_POINT ( 'NONE',  ( -31.48729465278100292, -36.59441264028802010, 36.65030666467659870 ) ) ;
#6293 = ADVANCED_FACE ( 'NONE', ( #1101 ), #1136, .T. ) ;
#6294 = LINE ( 'NONE', #5037, #3337 ) ;
#6295 = VECTOR ( 'NONE', #6234, 1000.000000000000000 ) ;
#6296 = CARTESIAN_POINT ( 'NONE',  ( 26.99999932944770720, -34.00000000000000000, 8.000000000000000000 ) ) ;
#6297 = EDGE_CURVE ( 'NONE', #5579, #7451, #6430, .T. ) ;
#6298 = CARTESIAN_POINT ( 'NONE',  ( -6.549747468305771037, -52.94974746830590107, 3.000000000000000000 ) ) ;
#6299 = EDGE_LOOP ( 'NONE', ( #4820, #642, #917 ) ) ;
#6300 = CARTESIAN_POINT ( 'NONE',  ( 1.950418303577621471, -31.85000000000000853, 33.93549168787821202 ) ) ;
#6301 = CARTESIAN_POINT ( 'NONE',  ( -4.949747468305769615, -52.94974746830590107, 5.000000000000000000 ) ) ;
#6302 = LINE ( 'NONE', #1019, #2603 ) ;
#6303 = DIRECTION ( 'NONE',  ( -3.202566417187959410E-16, 1.000000000000000000, 0.000000000000000000 ) ) ;
#6304 = ORIENTED_EDGE ( 'NONE', *, *, #16, .F. ) ;
#6305 = ORIENTED_EDGE ( 'NONE', *, *, #3451, .F. ) ;
#6306 = CARTESIAN_POINT ( 'NONE',  ( -13.54555364510529891, -27.88193651635711134, 5.000000000000000000 ) ) ;
#6307 = VERTEX_POINT ( 'NONE', #5716 ) ;
#6308 = ADVANCED_FACE ( 'NONE', ( #1068 ), #5289, .T. ) ;
#6309 = CARTESIAN_POINT ( 'NONE',  ( -23.67919883063409259, -52.73281318469169321, 37.94999999999999574 ) ) ;
#6310 = EDGE_LOOP ( 'NONE', ( #2228, #6933, #4183, #5981 ) ) ;
#6311 = FACE_OUTER_BOUND ( 'NONE', #4002, .T. ) ;
#6312 = CARTESIAN_POINT ( 'NONE',  ( -31.62457761605609718, -54.97900025349181163, 5.000000000000000000 ) ) ;
#6313 = ORIENTED_EDGE ( 'NONE', *, *, #3380, .F. ) ;
#6314 = CARTESIAN_POINT ( 'NONE',  ( -23.27044748094165882, -60.93495120908728069, 37.91011081915720382 ) ) ;
#6315 = ORIENTED_EDGE ( 'NONE', *, *, #1792, .F. ) ;
#6316 = CARTESIAN_POINT ( 'NONE',  ( -33.21262525299058410, -65.89988494578921063, 36.84560475756640585 ) ) ;
#6317 = CARTESIAN_POINT ( 'NONE',  ( -35.16929008690632941, -53.26651149584097311, 22.48188604453007500 ) ) ;
#6318 = ORIENTED_EDGE ( 'NONE', *, *, #4711, .T. ) ;
#6319 = EDGE_CURVE ( 'NONE', #3985, #5333, #2945, .T. ) ;
#6320 = CARTESIAN_POINT ( 'NONE',  ( -31.34216456015118979, -59.08523171490242021, 6.596868877961679978 ) ) ;
#6321 = EDGE_CURVE ( 'NONE', #7184, #6481, #5138, .T. ) ;
#6322 = LINE ( 'NONE', #451, #7067 ) ;
#6323 = B_SPLINE_CURVE_WITH_KNOTS ( 'NONE', 3,
 ( #5446, #7180, #5352, #1875, #7103, #1349, #3699, #1307, #6000, #3624, #162, #3049, #4815, #5399, #199, #4738, #2483, #763 ),
 .UNSPECIFIED., .F., .F.,
 ( 4, 2, 2, 2, 2, 2, 2, 2, 4 ),
 ( 0.000000000000000000, 0.0006606459539933760101, 0.001321291907986752020, 0.001981937861980127922, 0.002642583815973504040, 0.003303229769966880159, 0.003963875723960255844, 0.004624521677953631962, 0.005285167631947008081 ),
 .UNSPECIFIED. ) ;
#6324 = VERTEX_POINT ( 'NONE', #1669 ) ;
#6325 = DIRECTION ( 'NONE',  ( 1.000000000000000000, 3.202566417187959410E-16, 0.000000000000000000 ) ) ;
#6326 = VECTOR ( 'NONE', #1467, 1000.000000000000000 ) ;
#6327 = ORIENTED_EDGE ( 'NONE', *, *, #7111, .F. ) ;
#6328 = PLANE ( 'NONE',  #1539 ) ;
#6329 = EDGE_CURVE ( 'NONE', #2287, #3036, #4652, .T. ) ;
#6330 = VECTOR ( 'NONE', #4756, 1000.000000000000000 ) ;
#6331 = AXIS2_PLACEMENT_3D ( 'NONE', #4084, #5921, #3474 ) ;
#6332 = CARTESIAN_POINT ( 'NONE',  ( -34.76998861183919587, -40.78718239308026483, 37.05029354652139517 ) ) ;
#6333 = DIRECTION ( 'NONE',  ( -1.000000000000000000, 0.000000000000000000, 0.000000000000000000 ) ) ;
#6334 = AXIS2_PLACEMENT_3D ( 'NONE', #3993, #5157, #2925 ) ;
#6335 = DIRECTION ( 'NONE',  ( 0.000000000000000000, 0.7071067811865460184, -0.7071067811865490160 ) ) ;
#6336 = ORIENTED_EDGE ( 'NONE', *, *, #746, .F. ) ;
#6337 = CONICAL_SURFACE ( 'NONE', #7071, 11.24264068711929987, 0.7853981633974490562 ) ;
#6338 = EDGE_CURVE ( 'NONE', #6194, #6371, #4625, .T. ) ;
#6339 = CARTESIAN_POINT ( 'NONE',  ( 1.385715728913622380, -24.00000000000001066, 35.20254794301840917 ) ) ;
#6340 = DIRECTION ( 'NONE',  ( -1.000000000000000000, 0.000000000000000000, 0.000000000000000000 ) ) ;
#6341 = DIRECTION ( 'NONE',  ( -0.000000000000000000, 1.000000000000000000, 0.000000000000000000 ) ) ;
#6342 = ORIENTED_EDGE ( 'NONE', *, *, #6642, .T. ) ;
#6343 = ORIENTED_EDGE ( 'NONE', *, *, #5128, .F. ) ;
#6344 = DIRECTION ( 'NONE',  ( 3.202566417187959903E-16, -1.000000000000000000, 0.000000000000000000 ) ) ;
#6345 = ORIENTED_EDGE ( 'NONE', *, *, #2754, .T. ) ;
#6346 = CARTESIAN_POINT ( 'NONE',  ( 2.203939522617100799, -45.74941105915667805, 9.000000000000000000 ) ) ;
#6347 = CARTESIAN_POINT ( 'NONE',  ( 11.00000000000000178, -28.50000000000000711, 5.000000000000000000 ) ) ;
#6348 = EDGE_CURVE ( 'NONE', #720, #5182, #6921, .T. ) ;
#6349 = DIRECTION ( 'NONE',  ( 3.202566417187959410E-16, -1.000000000000000000, 0.000000000000000000 ) ) ;
#6350 = DIRECTION ( 'NONE',  ( -9.367723249499515189E-31, 1.000000000000000000, 0.000000000000000000 ) ) ;
#6351 = ORIENTED_EDGE ( 'NONE', *, *, #5136, .T. ) ;
#6352 = CARTESIAN_POINT ( 'NONE',  ( -22.87076577026950019, -61.03355362874323475, 37.92879428271154296 ) ) ;
#6353 = ORIENTED_EDGE ( 'NONE', *, *, #120, .T. ) ;
#6354 = CARTESIAN_POINT ( 'NONE',  ( -5.736162321940781794, -51.68135096045342891, 37.94999999999999574 ) ) ;
#6355 = CARTESIAN_POINT ( 'NONE',  ( -35.18924832959401527, -52.97130784619954369, 25.31280588182785252 ) ) ;
#6356 = CARTESIAN_POINT ( 'NONE',  ( -11.71856038524710897, -68.92081294163924099, 5.000000000000000000 ) ) ;
#6357 = LINE ( 'NONE', #3945, #5848 ) ;
#6358 = LINE ( 'NONE', #3455, #3250 ) ;
#6359 = DIRECTION ( 'NONE',  ( 0.5238432518419149364, -0.8518146790820689818, 0.000000000000000000 ) ) ;
#6360 = ORIENTED_EDGE ( 'NONE', *, *, #5599, .T. ) ;
#6361 = CARTESIAN_POINT ( 'NONE',  ( -9.455630597444489638, -66.20000000000000284, 13.25000000000001776 ) ) ;
#6362 = ADVANCED_FACE ( 'NONE', ( #6960 ), #4056, .F. ) ;
#6363 = DIRECTION ( 'NONE',  ( 0.9319341634965342402, 0.000000000000000000, 0.3626275153763363623 ) ) ;
#6364 = CARTESIAN_POINT ( 'NONE',  ( -3.830286123484413885, -41.90709624428166791, 3.000000000000000000 ) ) ;
#6365 = CARTESIAN_POINT ( 'NONE',  ( -13.54942336130928737, -68.11806348364294195, 5.000000000000000000 ) ) ;
#6366 = VECTOR ( 'NONE', #7461, 1000.000000000000227 ) ;
#6367 = CARTESIAN_POINT ( 'NONE',  ( 11.46637202853521664, -76.00000000000001421, 5.001279944067119843 ) ) ;
#6368 = VERTEX_POINT ( 'NONE', #2451 ) ;
#6369 = EDGE_CURVE ( 'NONE', #4313, #3009, #698, .T. ) ;
#6370 = PLANE ( 'NONE',  #1401 ) ;
#6371 = VERTEX_POINT ( 'NONE', #6615 ) ;
#6372 = DIRECTION ( 'NONE',  ( 1.000000000000000000, 5.239811354737180530E-16, 0.000000000000000000 ) ) ;
#6373 = VECTOR ( 'NONE', #1554, 1000.000000000000000 ) ;
#6374 = CARTESIAN_POINT ( 'NONE',  ( 1.950418303577622137, -26.61666666666667780, 33.93549168787821202 ) ) ;
#6375 = VERTEX_POINT ( 'NONE', #3598 ) ;
#6376 =( BOUNDED_SURFACE ( )  B_SPLINE_SURFACE ( 1, 2, ( 
 ( #5328, #736, #3059 ),
 ( #7001, #659, #2374 ) ),
 .UNSPECIFIED., .F., .F., .T. ) 
 B_SPLINE_SURFACE_WITH_KNOTS ( ( 2, 2 ),
 ( 3, 3 ),
 ( 0.000000000000000000, 0.001253574548779959981 ),
 ( -1.570796311505930021, 0.000000000000000000 ),
 .UNSPECIFIED. ) 
 GEOMETRIC_REPRESENTATION_ITEM ( )  RATIONAL_B_SPLINE_SURFACE ( (
 ( 1.000000000000000000, 0.7071067865920129814, 1.000000000000000000),
 ( 1.000000000000000000, 0.7071067865920129814, 1.000000000000000000) ) ) 
 REPRESENTATION_ITEM ( '' )  SURFACE ( )  );
#6377 = VERTEX_POINT ( 'NONE', #4203 ) ;
#6378 = CARTESIAN_POINT ( 'NONE',  ( 5.359914842134946511, -75.00103451874760196, 11.00153631200350013 ) ) ;
#6379 = ORIENTED_EDGE ( 'NONE', *, *, #4579, .T. ) ;
#6380 = DIRECTION ( 'NONE',  ( 1.000000000000000000, 3.202566417187959410E-16, 0.000000000000000000 ) ) ;
#6381 = AXIS2_PLACEMENT_3D ( 'NONE', #2343, #6931, #5302 ) ;
#6382 = AXIS2_PLACEMENT_3D ( 'NONE', #2192, #5871, #6896 ) ;
#6383 = DIRECTION ( 'NONE',  ( 0.7144726796328095819, 0.6996633405133589889, -0.000000000000000000 ) ) ;
#6384 = DIRECTION ( 'NONE',  ( 0.000000000000000000, 0.000000000000000000, -1.000000000000000000 ) ) ;
#6385 = ORIENTED_EDGE ( 'NONE', *, *, #5725, .T. ) ;
#6386 = VECTOR ( 'NONE', #5170, 1000.000000000000000 ) ;
#6387 = CARTESIAN_POINT ( 'NONE',  ( 15.33736011092159224, -24.00000008749136882, 8.191357056318944174 ) ) ;
#6388 = ORIENTED_EDGE ( 'NONE', *, *, #346, .F. ) ;
#6389 = CARTESIAN_POINT ( 'NONE',  ( 26.99999932944770720, -34.00000000000000000, 10.99999725673800199 ) ) ;
#6390 = EDGE_CURVE ( 'NONE', #3610, #3987, #5407, .T. ) ;
#6391 = DIRECTION ( 'NONE',  ( -3.202566417187959410E-16, 1.000000000000000000, 0.000000000000000000 ) ) ;
#6392 = ADVANCED_FACE ( 'NONE', ( #3634 ), #170, .F. ) ;
#6393 = CARTESIAN_POINT ( 'NONE',  ( -14.00351540592687982, -69.99894130176635088, 5.000000000076148865 ) ) ;
#6394 = DIRECTION ( 'NONE',  ( 0.8236126967285887224, 0.5671526476950112805, 4.440892098500625176E-16 ) ) ;
#6395 = DIRECTION ( 'NONE',  ( 0.6996633405133639849, 2.240718317665643395E-16, 0.7144726796328049190 ) ) ;
#6396 = AXIS2_PLACEMENT_3D ( 'NONE', #291, #3063, #3639 ) ;
#6397 = ADVANCED_FACE ( 'NONE', ( #1248 ), #3098, .T. ) ;
#6398 = CARTESIAN_POINT ( 'NONE',  ( -8.100336659486625734, -7.000000000000006217, 34.46447267963280581 ) ) ;
#6399 = VERTEX_POINT ( 'NONE', #4904 ) ;
#6400 = VECTOR ( 'NONE', #4342, 1000.000000000000000 ) ;
#6401 = CIRCLE ( 'NONE', #225, 0.9999999999999991118 ) ;
#6402 = CARTESIAN_POINT ( 'NONE',  ( 7.860597175941274273, -72.00000000000001421, 5.001282804481280486 ) ) ;
#6403 = DIRECTION ( 'NONE',  ( 0.000000000000000000, 0.000000000000000000, 1.000000000000000000 ) ) ;
#6404 = SURFACE_STYLE_USAGE ( .BOTH. , #5260 ) ;
#6405 = CARTESIAN_POINT ( 'NONE',  ( -11.67524520707678803, -28.40481952726709025, 37.94988225355739786 ) ) ;
#6406 = VECTOR ( 'NONE', #4447, 1000.000000000000114 ) ;
#6407 = CARTESIAN_POINT ( 'NONE',  ( -10.97543015215991069, -24.00426159451088282, 13.62941489211045543 ) ) ;
#6408 = ORIENTED_EDGE ( 'NONE', *, *, #2190, .T. ) ;
#6409 = EDGE_CURVE ( 'NONE', #625, #3987, #3444, .T. ) ;
#6410 = CARTESIAN_POINT ( 'NONE',  ( 7.560631736194164176, -24.00000000000000355, 22.58949917233458038 ) ) ;
#6411 = EDGE_CURVE ( 'NONE', #2489, #961, #3668, .T. ) ;
#6412 = FACE_OUTER_BOUND ( 'NONE', #6676, .T. ) ;
#6413 = ORIENTED_EDGE ( 'NONE', *, *, #4556, .T. ) ;
#6414 = VERTEX_POINT ( 'NONE', #3057 ) ;
#6415 = CARTESIAN_POINT ( 'NONE',  ( -24.84320544877426684, -48.00000000000001421, 39.84112177433759427 ) ) ;
#6416 = VERTEX_POINT ( 'NONE', #7189 ) ;
#6417 = PLANE ( 'NONE',  #3292 ) ;
#6418 = DIRECTION ( 'NONE',  ( 0.7071067811865460184, 3.222864816221013004E-16, 0.7071067811865489050 ) ) ;
#6419 = ADVANCED_FACE ( 'NONE', ( #3556 ), #208, .F. ) ;
#6420 = DIRECTION ( 'NONE',  ( 1.000000000000000000, 4.557819132794839459E-16, 0.000000000000000000 ) ) ;
#6421 = CARTESIAN_POINT ( 'NONE',  ( -14.99999999999998757, -64.00000000000001421, 11.00000000000000000 ) ) ;
#6422 = EDGE_LOOP ( 'NONE', ( #2803, #6651, #3125, #6156, #2244, #417, #2024, #2140, #3404, #2445, #5910, #2948, #6836, #5879 ) ) ;
#6423 = CARTESIAN_POINT ( 'NONE',  ( 14.73309704257037289, -24.29353102936564923, 9.308705975875199101 ) ) ;
#6424 = ORIENTED_EDGE ( 'NONE', *, *, #6520, .F. ) ;
#6425 = CARTESIAN_POINT ( 'NONE',  ( -11.66040084346379757, -71.07546607015514439, 31.76074048323592081 ) ) ;
#6426 = CARTESIAN_POINT ( 'NONE',  ( -31.90854983279869117, -56.19945828044509994, 5.000000000000000000 ) ) ;
#6427 = CARTESIAN_POINT ( 'NONE',  ( 12.25700436435749019, -72.00000000000001421, 7.193716693805929374 ) ) ;
#6428 = B_SPLINE_CURVE_WITH_KNOTS ( 'NONE', 3,
 ( #3023, #5365, #6961, #4708, #171, #2452, #133, #2570, #3140, #7191, #1438, #2003, #6582, #5493, #1960, #1358, #4825, #2496, #4246, #283, #3669, #808, #6659, #3747, #4905, #4280 ),
 .UNSPECIFIED., .F., .F.,
 ( 4, 2, 2, 2, 1, 1, 1, 2, 2, 2, 1, 1, 1, 2, 2, 4 ),
 ( 0.000000000000000000, 0.2500000000001675327, 0.3750000000002590705, 0.4375000000003136380, 0.4687500000003408940, 0.4843750000003544942, 0.4921875000003613776, 0.4960937500003647638, 0.5000000000003681500, 0.6250000000002167155, 0.6875000000001408873, 0.7187500000001093570, 0.7343750000000937028, 0.7421875000000925926, 0.7500000000000914824, 1.000000000000000000 ),
 .UNSPECIFIED. ) ;
#6429 = PLANE ( 'NONE',  #2072 ) ;
#6430 = LINE ( 'NONE', #7038, #5767 ) ;
#6431 = EDGE_CURVE ( 'NONE', #1768, #4897, #3266, .T. ) ;
#6432 = CARTESIAN_POINT ( 'NONE',  ( -16.97928784416349757, -26.83656783026141568, 36.06204530611019976 ) ) ;
#6433 = DIRECTION ( 'NONE',  ( 0.000000000000000000, 0.000000000000000000, 1.000000000000000000 ) ) ;
#6434 = VERTEX_POINT ( 'NONE', #3710 ) ;
#6435 = DIRECTION ( 'NONE',  ( -1.000000000000000000, -3.736327486719284252E-16, 0.000000000000000000 ) ) ;
#6436 = ORIENTED_EDGE ( 'NONE', *, *, #1537, .F. ) ;
#6437 = ADVANCED_FACE ( 'NONE', ( #7155 ), #5412, .F. ) ;
#6438 = AXIS2_PLACEMENT_3D ( 'NONE', #7277, #2049, #6706 ) ;
#6439 = CARTESIAN_POINT ( 'NONE',  ( -30.06305954914898848, -38.77934910455263662, 4.999999999999969802 ) ) ;
#6440 = CARTESIAN_POINT ( 'NONE',  ( -34.29690257459218827, -39.66905823696244937, 37.05029354652139517 ) ) ;
#6441 = CARTESIAN_POINT ( 'NONE',  ( 13.81844554833909555, -26.79856917192643095, 10.99999725673804996 ) ) ;
#6442 = CARTESIAN_POINT ( 'NONE',  ( -12.18839666670609923, -28.58577567484491411, 37.94999999999999574 ) ) ;
#6443 = ORIENTED_EDGE ( 'NONE', *, *, #5765, .F. ) ;
#6444 = DIRECTION ( 'NONE',  ( 0.000000000000000000, 0.000000000000000000, 1.000000000000000000 ) ) ;
#6445 = VERTEX_POINT ( 'NONE', #846 ) ;
#6446 = ORIENTED_EDGE ( 'NONE', *, *, #1362, .T. ) ;
#6447 = B_SPLINE_SURFACE_WITH_KNOTS ( 'NONE', 3, 3, ( 
 ( #6191, #3777, #5043, #6723 ),
 ( #7372, #2596, #3170, #5003 ),
 ( #873, #2094, #4967, #5633 ),
 ( #7294, #6072, #4346, #956 ),
 ( #392, #4893, #4462, #1507 ),
 ( #5521, #1426, #4930, #6688 ),
 ( #3738, #4308, #2030, #6112 ),
 ( #5664, #2558, #915, #6152 ),
 ( #310, #2136, #7218, #2671 ),
 ( #1990, #4425, #6765, #7257 ),
 ( #1464, #6799, #5598, #2065 ),
 ( #3211, #5560, #353, #1545 ),
 ( #6644, #2639, #3814, #3256 ),
 ( #3295, #434, #1579, #2708 ),
 ( #3883, #6229, #1016, #6410 ),
 ( #6976, #1192, #1, #3962 ),
 ( #566, #2885, #601, #1120 ),
 ( #5735, #1053, #6903, #467 ),
 ( #2806, #529, #5699, #5809 ),
 ( #4565, #3501, #4641, #2307 ),
 ( #4602, #4073, #1684, #1722 ),
 ( #6300, #2738, #6374, #5154 ),
 ( #7440, #5233, #2199, #6833 ),
 ( #5194, #2240, #5086, #6339 ),
 ( #3924, #4527, #3432, #6938 ),
 ( #2168, #4497, #1153, #1612 ),
 ( #6264, #2771, #6866, #1082 ),
 ( #3364, #3398, #5120, #2352 ),
 ( #5841, #5266, #71, #639 ),
 ( #2924, #1794, #4331, #2541 ),
 ( #897, #6670, #4727, #3112 ) ),
 .UNSPECIFIED., .F., .F., .F.,
 ( 4, 3, 3, 3, 3, 3, 3, 3, 3, 3, 4 ),
 ( 4, 4 ),
 ( 0.000000000000000000, 0.2424653857337604190, 0.2727735589504804992, 0.3030817321672005793, 0.3636980786006406285, 0.4849307714675208381, 0.7273961572012812571, 0.8486288500681614666, 0.9092451965016015158, 0.9395533697183215960, 0.9698615429350416761 ),
 ( -0.08500000000000260125, 0.6999999999999990674 ),
 .UNSPECIFIED. ) ;
#6448 = CARTESIAN_POINT ( 'NONE',  ( -32.78023049154498381, -37.63916231177907434, 36.76021110682104620 ) ) ;
#6449 = ORIENTED_EDGE ( 'NONE', *, *, #4257, .T. ) ;
#6450 = EDGE_LOOP ( 'NONE', ( #2669, #2141 ) ) ;
#6451 = AXIS2_PLACEMENT_3D ( 'NONE', #2462, #5539, #331 ) ;
#6452 = DIRECTION ( 'NONE',  ( -0.7022386031820906371, -0.1842640636922316111, -0.6876828477085141778 ) ) ;
#6453 = ORIENTED_EDGE ( 'NONE', *, *, #851, .T. ) ;
#6454 = FACE_OUTER_BOUND ( 'NONE', #1804, .T. ) ;
#6455 = ORIENTED_EDGE ( 'NONE', *, *, #547, .T. ) ;
#6456 = EDGE_CURVE ( 'NONE', #1762, #88, #5898, .T. ) ;
#6457 = DIRECTION ( 'NONE',  ( -0.000000000000000000, -0.000000000000000000, -1.000000000000000000 ) ) ;
#6458 = DIRECTION ( 'NONE',  ( 4.557819132794839459E-16, -1.000000000000000000, 0.000000000000000000 ) ) ;
#6459 = CARTESIAN_POINT ( 'NONE',  ( -31.89076189512569215, -54.36509769582158924, 5.000000000000000000 ) ) ;
#6460 = VERTEX_POINT ( 'NONE', #2985 ) ;
#6461 = CARTESIAN_POINT ( 'NONE',  ( -21.83722406390289095, -43.26718681530833521, 37.94999999999999574 ) ) ;
#6462 = ORIENTED_EDGE ( 'NONE', *, *, #4836, .T. ) ;
#6463 = CARTESIAN_POINT ( 'NONE',  ( 13.81844554833911154, -29.50000000000000000, 10.99999725673799844 ) ) ;
#6464 = CARTESIAN_POINT ( 'NONE',  ( -32.94079730667019135, -53.97016796604498978, 5.000000000000000000 ) ) ;
#6465 = DIRECTION ( 'NONE',  ( 3.202566417187959410E-16, -1.000000000000000000, 0.000000000000000000 ) ) ;
#6466 = EDGE_CURVE ( 'NONE', #2970, #6915, #1920, .T. ) ;
#6467 = CARTESIAN_POINT ( 'NONE',  ( -17.26669073783449448, -69.04719696804886553, 36.01277979206390256 ) ) ;
#6468 = DIRECTION ( 'NONE',  ( -3.202566417187959410E-16, 1.000000000000000000, 0.000000000000000000 ) ) ;
#6469 = DIRECTION ( 'NONE',  ( 1.000000000000000000, 3.202566417187959410E-16, -3.965082230804129727E-16 ) ) ;
#6470 = ORIENTED_EDGE ( 'NONE', *, *, #5532, .T. ) ;
#6471 = ADVANCED_FACE ( 'NONE', ( #6581 ), #2412, .T. ) ;
#6472 = CYLINDRICAL_SURFACE ( 'NONE', #1164, 7.999999999999995559 ) ;
#6473 = ORIENTED_EDGE ( 'NONE', *, *, #4714, .F. ) ;
#6474 = LINE ( 'NONE', #856, #2111 ) ;
#6475 = CARTESIAN_POINT ( 'NONE',  ( 25.30908462343479925, -17.33256066686624663, 3.427110536095037130 ) ) ;
#6476 = CARTESIAN_POINT ( 'NONE',  ( -10.45023011307288918, -24.00000000000001421, 28.31033288373333079 ) ) ;
#6477 = LINE ( 'NONE', #6551, #2839 ) ;
#6478 = CARTESIAN_POINT ( 'NONE',  ( 4.949747468305815801, -43.05025253169415578, -1.000000000000000000 ) ) ;
#6479 = ORIENTED_EDGE ( 'NONE', *, *, #5655, .F. ) ;
#6480 = DIRECTION ( 'NONE',  ( -1.000000000000000000, -3.202566417187959410E-16, -0.000000000000000000 ) ) ;
#6481 = VERTEX_POINT ( 'NONE', #5364 ) ;
#6482 = EDGE_CURVE ( 'NONE', #7263, #7329, #1403, .T. ) ;
#6483 = LINE ( 'NONE', #7060, #4214 ) ;
#6484 = EDGE_LOOP ( 'NONE', ( #1548, #995, #4493, #2236 ) ) ;
#6485 = FACE_OUTER_BOUND ( 'NONE', #5844, .T. ) ;
#6486 = ORIENTED_EDGE ( 'NONE', *, *, #6319, .F. ) ;
#6487 = EDGE_CURVE ( 'NONE', #5903, #1651, #3180, .T. ) ;
#6488 = VECTOR ( 'NONE', #2261, 1000.000000000000000 ) ;
#6489 = CARTESIAN_POINT ( 'NONE',  ( -17.80265410676059901, -27.00000000000001421, 7.999997256737990448 ) ) ;
#6490 = LINE ( 'NONE', #3012, #3822 ) ;
#6491 = EDGE_CURVE ( 'NONE', #4301, #85, #3824, .T. ) ;
#6492 = ORIENTED_EDGE ( 'NONE', *, *, #4117, .F. ) ;
#6493 = ORIENTED_EDGE ( 'NONE', *, *, #345, .F. ) ;
#6494 = ORIENTED_EDGE ( 'NONE', *, *, #328, .F. ) ;
#6495 = CARTESIAN_POINT ( 'NONE',  ( -6.150375884313873165, -52.73281318469170031, 37.94999999999999574 ) ) ;
#6496 = CARTESIAN_POINT ( 'NONE',  ( -34.65124666061188918, -52.61575822526264545, 5.753556018496670532 ) ) ;
#6497 = AXIS2_PLACEMENT_3D ( 'NONE', #2974, #2362, #2860 ) ;
#6498 = CYLINDRICAL_SURFACE ( 'NONE', #2916, 2.200000000000000622 ) ;
#6499 = VECTOR ( 'NONE', #6350, 1000.000000000000000 ) ;
#6500 = DIRECTION ( 'NONE',  ( 0.9999999999995820010, 0.000000000000000000, 9.144206693924648776E-07 ) ) ;
#6501 = CIRCLE ( 'NONE', #3459, 7.000000000000005329 ) ;
#6502 = DIRECTION ( 'NONE',  ( 0.004276014937612308831, 1.369422183859124832E-18, -0.9999908578063368969 ) ) ;
#6503 = FACE_OUTER_BOUND ( 'NONE', #2782, .T. ) ;
#6504 = EDGE_CURVE ( 'NONE', #6368, #4089, #2039, .T. ) ;
#6505 = EDGE_CURVE ( 'NONE', #3081, #651, #441, .T. ) ;
#6506 = CARTESIAN_POINT ( 'NONE',  ( -34.78584859639699545, -55.18108599524558855, 37.05029354652139517 ) ) ;
#6507 = VECTOR ( 'NONE', #7434, 1000.000000000000000 ) ;
#6508 =( BOUNDED_CURVE ( )  B_SPLINE_CURVE ( 3, ( #4180, #3609, #2511, #5544 ),
 .UNSPECIFIED., .F., .T. ) 
 B_SPLINE_CURVE_WITH_KNOTS ( ( 4, 4 ),
 ( 9.251858538542964185E-17, 0.7853981633974436161 ),
 .UNSPECIFIED. ) 
 CURVE ( )  GEOMETRIC_REPRESENTATION_ITEM ( )  RATIONAL_B_SPLINE_CURVE ( ( 1.000000000000000000, 0.9492530216741916771, 0.9492530216741916771, 1.000000000000000000 ) ) 
 REPRESENTATION_ITEM ( '' )  );
#6509 = ORIENTED_EDGE ( 'NONE', *, *, #1083, .F. ) ;
#6510 = CARTESIAN_POINT ( 'NONE',  ( -24.38241112198295113, -35.21913641054816679, 37.82115465651301633 ) ) ;
#6511 = CARTESIAN_POINT ( 'NONE',  ( -17.80265410676059901, -24.87867965644037227, 10.12131760029763328 ) ) ;
#6512 = EDGE_CURVE ( 'NONE', #1265, #1415, #2681, .T. ) ;
#6513 = CARTESIAN_POINT ( 'NONE',  ( -35.13852408740179101, -42.43878859237314316, 37.05029354652139517 ) ) ;
#6514 = LINE ( 'NONE', #7241, #5896 ) ;
#6515 = CARTESIAN_POINT ( 'NONE',  ( -2.662933357356310538, -52.94974746830590107, 3.000000000000000000 ) ) ;
#6516 = ORIENTED_EDGE ( 'NONE', *, *, #1537, .T. ) ;
#6517 = CARTESIAN_POINT ( 'NONE',  ( -13.65996559810288424, -71.44050881804218989, 15.18912341850622738 ) ) ;
#6518 = ORIENTED_EDGE ( 'NONE', *, *, #5726, .T. ) ;
#6519 = VECTOR ( 'NONE', #6303, 1000.000000000000000 ) ;
#6520 = EDGE_CURVE ( 'NONE', #3036, #852, #1518, .T. ) ;
#6521 = VERTEX_POINT ( 'NONE', #365 ) ;
#6522 = ORIENTED_EDGE ( 'NONE', *, *, #973, .T. ) ;
#6523 = VECTOR ( 'NONE', #1672, 1000.000000000000000 ) ;
#6524 = CARTESIAN_POINT ( 'NONE',  ( -9.749999999999987566, -66.73922495099448327, 12.96173218317775166 ) ) ;
#6525 = DIRECTION ( 'NONE',  ( 0.6996633405133668715, 2.240718317665652763E-16, 0.7144726796328019214 ) ) ;
#6526 = ORIENTED_EDGE ( 'NONE', *, *, #6997, .T. ) ;
#6527 = DIRECTION ( 'NONE',  ( 0.000000000000000000, 0.000000000000000000, 1.000000000000000000 ) ) ;
#6528 = CARTESIAN_POINT ( 'NONE',  ( 4.949747468305839782, -52.94974746830583712, -8.485281374238569541 ) ) ;
#6529 = DIRECTION ( 'NONE',  ( -1.000000000000000000, -4.557819132794839459E-16, 0.000000000000000000 ) ) ;
#6530 = EDGE_CURVE ( 'NONE', #2276, #7092, #2648, .T. ) ;
#6531 = CARTESIAN_POINT ( 'NONE',  ( -35.19999999999998863, -66.20000000000001705, 38.10000000000000142 ) ) ;
#6532 = VERTEX_POINT ( 'NONE', #7339 ) ;
#6533 = DIRECTION ( 'NONE',  ( 0.000000000000000000, 0.000000000000000000, 1.000000000000000000 ) ) ;
#6534 = B_SPLINE_CURVE_WITH_KNOTS ( 'NONE', 3,
 ( #4316, #4938, #923, #7266, #2677, #2038, #3178, #3745, #4901, #5010, #7301, #883, #845, #3136 ),
 .UNSPECIFIED., .F., .F.,
 ( 4, 2, 1, 1, 1, 1, 2, 2, 4 ),
 ( 0.000000000000000000, 0.2499999999999676925, 0.3749999999999510947, 0.4374999999999428235, 0.4687499999999409916, 0.4843749999999396594, 0.4921874999999412137, 0.4999999999999427125, 1.000000000000000000 ),
 .UNSPECIFIED. ) ;
#6535 = ORIENTED_EDGE ( 'NONE', *, *, #3565, .F. ) ;
#6536 = CARTESIAN_POINT ( 'NONE',  ( -31.22966522932448896, -58.91956868758861532, 5.753556018496659874 ) ) ;
#6537 = VECTOR ( 'NONE', #3183, 1000.000000000000000 ) ;
#6538 = DIRECTION ( 'NONE',  ( 0.000000000000000000, 0.000000000000000000, 1.000000000000000000 ) ) ;
#6539 = DIRECTION ( 'NONE',  ( 0.3518242748856700297, 0.2422717253113711999, -0.9041703880994024223 ) ) ;
#6540 = LINE ( 'NONE', #3635, #3209 ) ;
#6541 = DIRECTION ( 'NONE',  ( -3.965082230804129727E-16, -1.269843919376202397E-31, -1.000000000000000000 ) ) ;
#6542 = DIRECTION ( 'NONE',  ( 0.000000000000000000, 0.000000000000000000, -1.000000000000000000 ) ) ;
#6543 = ORIENTED_EDGE ( 'NONE', *, *, #1396, .F. ) ;
#6544 = CARTESIAN_POINT ( 'NONE',  ( 12.26628246005217271, -69.86213499065851806, 5.023936885293065480 ) ) ;
#6545 = ORIENTED_EDGE ( 'NONE', *, *, #5765, .T. ) ;
#6546 = EDGE_CURVE ( 'NONE', #3288, #4100, #5531, .T. ) ;
#6547 = ADVANCED_FACE ( 'NONE', ( #320 ), #2104, .T. ) ;
#6548 = DIRECTION ( 'NONE',  ( -0.004276014937614318508, -1.369422183859768285E-18, 0.9999908578063367859 ) ) ;
#6549 = AXIS2_PLACEMENT_3D ( 'NONE', #185, #2467, #17 ) ;
#6550 = CARTESIAN_POINT ( 'NONE',  ( -4.949747468305769615, -52.94974746830590107, -8.485281374238569541 ) ) ;
#6551 = CARTESIAN_POINT ( 'NONE',  ( 2.743635777712861490, -64.15000000000000568, 13.96507684480349987 ) ) ;
#6552 = DIRECTION ( 'NONE',  ( -0.3518242748856698077, -0.2422717253113700342, 0.9041703880994027553 ) ) ;
#6553 = ORIENTED_EDGE ( 'NONE', *, *, #5978, .T. ) ;
#6554 = B_SPLINE_CURVE_WITH_KNOTS ( 'NONE', 3,
 ( #1071, #3907, #2223, #7497, #588, #6247 ),
 .UNSPECIFIED., .F., .F.,
 ( 4, 2, 4 ),
 ( 0.000000000000000000, 0.5000000000000000000, 1.000000000000000000 ),
 .UNSPECIFIED. ) ;
#6555 = CARTESIAN_POINT ( 'NONE',  ( -35.15199227936389548, -42.39086713545652430, 37.05029354652139517 ) ) ;
#6556 = ORIENTED_EDGE ( 'NONE', *, *, #4582, .F. ) ;
#6557 = ADVANCED_FACE ( 'NONE', ( #3222 ), #6238, .F. ) ;
#6558 = ORIENTED_EDGE ( 'NONE', *, *, #1497, .F. ) ;
#6559 = ORIENTED_EDGE ( 'NONE', *, *, #5203, .F. ) ;
#6560 = DIRECTION ( 'NONE',  ( -3.202566417187959410E-16, 1.000000000000000000, 0.000000000000000000 ) ) ;
#6561 = ORIENTED_EDGE ( 'NONE', *, *, #1434, .T. ) ;
#6562 = AXIS2_PLACEMENT_3D ( 'NONE', #1573, #6221, #1456 ) ;
#6563 = EDGE_LOOP ( 'NONE', ( #3053, #1239, #260, #2898 ) ) ;
#6564 = EDGE_CURVE ( 'NONE', #6633, #1738, #6228, .T. ) ;
#6565 = FACE_OUTER_BOUND ( 'NONE', #5703, .T. ) ;
#6566 = LINE ( 'NONE', #1801, #927 ) ;
#6567 = VECTOR ( 'NONE', #6652, 1000.000000000000000 ) ;
#6568 = CARTESIAN_POINT ( 'NONE',  ( -8.149747468305770681, -52.94974746830590107, 9.000000000000000000 ) ) ;
#6569 = CARTESIAN_POINT ( 'NONE',  ( -31.20093957503535620, -37.12693252767045493, 6.156362932669582122 ) ) ;
#6570 = FACE_OUTER_BOUND ( 'NONE', #1494, .T. ) ;
#6571 = ORIENTED_EDGE ( 'NONE', *, *, #2903, .T. ) ;
#6572 = VERTEX_POINT ( 'NONE', #3128 ) ;
#6573 = VECTOR ( 'NONE', #7338, 1000.000000000000000 ) ;
#6574 = ORIENTED_EDGE ( 'NONE', *, *, #5257, .T. ) ;
#6575 = CARTESIAN_POINT ( 'NONE',  ( -33.07214282688549645, -53.15476533250995317, 5.000000000000000000 ) ) ;
#6576 = LINE ( 'NONE', #2369, #5728 ) ;
#6577 = EDGE_CURVE ( 'NONE', #1159, #3881, #4045, .T. ) ;
#6578 = VECTOR ( 'NONE', #6176, 1000.000000000000000 ) ;
#6579 = ADVANCED_FACE ( 'NONE', ( #80 ), #3584, .T. ) ;
#6580 = AXIS2_PLACEMENT_3D ( 'NONE', #3221, #2607, #2680 ) ;
#6581 = FACE_OUTER_BOUND ( 'NONE', #5824, .T. ) ;
#6582 = CARTESIAN_POINT ( 'NONE',  ( -19.50883801658467220, -65.31462304846718325, 5.197666477540202834 ) ) ;
#6583 = CARTESIAN_POINT ( 'NONE',  ( -12.44836020552780020, -27.12639186926541157, 5.000000000000000000 ) ) ;
#6584 = AXIS2_PLACEMENT_3D ( 'NONE', #5609, #5751, #6778 ) ;
#6585 = CARTESIAN_POINT ( 'NONE',  ( -11.17074118065658794, -64.15000000000000568, 33.75000000000000000 ) ) ;
#6586 = VERTEX_POINT ( 'NONE', #1872 ) ;
#6587 = CARTESIAN_POINT ( 'NONE',  ( -7.260740650870585178, -25.87872764144556115, 35.32183989519216993 ) ) ;
#6588 = CARTESIAN_POINT ( 'NONE',  ( -5.736162321940783571, -44.31864903954659241, 37.94999999999999574 ) ) ;
#6589 = LINE ( 'NONE', #256, #3509 ) ;
#6590 = DIRECTION ( 'NONE',  ( -0.7144726796328021434, 0.6996633405133666495, 0.000000000000000000 ) ) ;
#6591 = CARTESIAN_POINT ( 'NONE',  ( 58.97731959999371298, -66.04999999999998295, 32.59999999999999432 ) ) ;
#6592 = EDGE_CURVE ( 'NONE', #4100, #4767, #762, .T. ) ;
#6593 = CARTESIAN_POINT ( 'NONE',  ( -35.19999999999999574, -43.39921990116526729, 37.05029354652139517 ) ) ;
#6594 = DIRECTION ( 'NONE',  ( 1.000000000000000000, 3.736327486719284252E-16, 0.000000000000000000 ) ) ;
#6595 = ORIENTED_EDGE ( 'NONE', *, *, #5998, .F. ) ;
#6596 = DIRECTION ( 'NONE',  ( 3.202566417187959410E-16, -1.000000000000000000, -0.000000000000000000 ) ) ;
#6597 = ORIENTED_EDGE ( 'NONE', *, *, #4902, .F. ) ;
#6598 = DIRECTION ( 'NONE',  ( 1.000000000000000000, 6.171943137751545940E-16, 0.000000000000000000 ) ) ;
#6599 = EDGE_CURVE ( 'NONE', #5238, #1996, #2399, .T. ) ;
#6600 = ORIENTED_EDGE ( 'NONE', *, *, #2471, .T. ) ;
#6601 = ORIENTED_EDGE ( 'NONE', *, *, #7341, .F. ) ;
#6602 = LINE ( 'NONE', #1420, #4193 ) ;
#6603 = CARTESIAN_POINT ( 'NONE',  ( -11.71897873575039739, -68.92071566617011058, 5.000000000000000888 ) ) ;
#6604 = ORIENTED_EDGE ( 'NONE', *, *, #2707, .T. ) ;
#6605 = DIRECTION ( 'NONE',  ( -1.000000000000000000, 0.000000000000000000, 0.000000000000000000 ) ) ;
#6606 = CARTESIAN_POINT ( 'NONE',  ( 7.136297532342107175, -55.28734710732217650, 3.000000000000000000 ) ) ;
#6607 = DIRECTION ( 'NONE',  ( 3.202566417187959410E-16, -1.000000000000000000, 0.000000000000000000 ) ) ;
#6608 = EDGE_LOOP ( 'NONE', ( #2887, #4546, #1814, #6462 ) ) ;
#6609 = ORIENTED_EDGE ( 'NONE', *, *, #3559, .F. ) ;
#6610 = CARTESIAN_POINT ( 'NONE',  ( -31.54179673851290033, -36.63194358667171713, 36.65028843124950697 ) ) ;
#6611 = ORIENTED_EDGE ( 'NONE', *, *, #1109, .T. ) ;
#6612 = DIRECTION ( 'NONE',  ( 1.000000000000000000, 1.601283208593979705E-16, 0.000000000000000000 ) ) ;
#6613 = DIRECTION ( 'NONE',  ( 0.7261801802967927655, 0.2124505535836481718, 0.6538555712281719501 ) ) ;
#6614 = CARTESIAN_POINT ( 'NONE',  ( 4.072835491533290941, -60.00000000000000711, 11.00000000000000000 ) ) ;
#6615 = CARTESIAN_POINT ( 'NONE',  ( -9.455630597444502072, -66.20000000000000284, 33.74999999999998579 ) ) ;
#6616 = CIRCLE ( 'NONE', #4291, 2.200000000000000622 ) ;
#6617 = EDGE_CURVE ( 'NONE', #341, #1413, #7068, .T. ) ;
#6618 = CARTESIAN_POINT ( 'NONE',  ( 10.89812033064045416, -31.85000000000000497, 16.40000000000000924 ) ) ;
#6619 = CARTESIAN_POINT ( 'NONE',  ( 12.24999999999999822, -28.50000000000000711, 13.00000000000000178 ) ) ;
#6620 = CYLINDRICAL_SURFACE ( 'NONE', #6940, 2.999999999999997780 ) ;
#6621 = EDGE_LOOP ( 'NONE', ( #3329, #3038, #719, #4108, #7447, #301, #4046, #1945, #3779, #3213 ) ) ;
#6622 = DIRECTION ( 'NONE',  ( 0.000000000000000000, 0.000000000000000000, -1.000000000000000000 ) ) ;
#6623 = DIRECTION ( 'NONE',  ( 0.7071067811865460184, 3.222864816221013004E-16, 0.7071067811865489050 ) ) ;
#6624 = VECTOR ( 'NONE', #3105, 1000.000000000000114 ) ;
#6625 = CARTESIAN_POINT ( 'NONE',  ( -13.59999999999998721, -66.20000000000000284, 13.25000000000000178 ) ) ;
#6626 = DIRECTION ( 'NONE',  ( -1.000000000000000000, -3.202566417187959410E-16, -0.000000000000000000 ) ) ;
#6627 = FACE_OUTER_BOUND ( 'NONE', #3836, .T. ) ;
#6628 = CARTESIAN_POINT ( 'NONE',  ( -17.56420895983152519, -48.00000000000001421, 37.47603244626988328 ) ) ;
#6629 = ADVANCED_FACE ( 'NONE', ( #4693 ), #4734, .T. ) ;
#6630 = AXIS2_PLACEMENT_3D ( 'NONE', #5748, #4437, #1130 ) ;
#6631 = B_SPLINE_CURVE_WITH_KNOTS ( 'NONE', 3,
 ( #6160, #5568, #6772, #6654, #3218, #279 ),
 .UNSPECIFIED., .F., .F.,
 ( 4, 2, 4 ),
 ( 0.5000000000000000000, 0.7500000000000000000, 1.000000000000000000 ),
 .UNSPECIFIED. ) ;
#6632 = CARTESIAN_POINT ( 'NONE',  ( -13.25982108663519554, -69.96188628877843030, 35.87232618849427013 ) ) ;
#6633 = VERTEX_POINT ( 'NONE', #198 ) ;
#6634 = CARTESIAN_POINT ( 'NONE',  ( -9.999999999999991118, -64.15000000000000568, 38.00000000000000000 ) ) ;
#6635 = ORIENTED_EDGE ( 'NONE', *, *, #1374, .T. ) ;
#6636 = VECTOR ( 'NONE', #3763, 1000.000000000000000 ) ;
#6637 = CARTESIAN_POINT ( 'NONE',  ( -14.99999999999999289, -48.35000000000000853, 23.40000000000000213 ) ) ;
#6638 = PLANE ( 'NONE',  #7153 ) ;
#6639 = AXIS2_PLACEMENT_3D ( 'NONE', #4992, #982, #5622 ) ;
#6640 = DIRECTION ( 'NONE',  ( -0.8236126967285835043, 0.5671526476950190521, 0.000000000000000000 ) ) ;
#6641 = ORIENTED_EDGE ( 'NONE', *, *, #744, .F. ) ;
#6642 = EDGE_CURVE ( 'NONE', #4037, #4809, #6566, .T. ) ;
#6643 = ADVANCED_FACE ( 'NONE', ( #5350 ), #2595, .T. ) ;
#6644 = CARTESIAN_POINT ( 'NONE',  ( 8.881586416291371577, -31.85000000000000497, 20.13161257631689693 ) ) ;
#6645 = CARTESIAN_POINT ( 'NONE',  ( 11.00000000000000178, -28.50000000000000711, 13.00000000000000178 ) ) ;
#6646 = AXIS2_PLACEMENT_3D ( 'NONE', #4187, #1797, #1865 ) ;
#6647 = AXIS2_PLACEMENT_3D ( 'NONE', #3107, #6089, #5466 ) ;
#6648 = DIRECTION ( 'NONE',  ( 0.000000000000000000, 0.000000000000000000, -1.000000000000000000 ) ) ;
#6649 = DIRECTION ( 'NONE',  ( 3.202566417187959410E-16, -1.000000000000000000, -0.000000000000000000 ) ) ;
#6650 = ORIENTED_EDGE ( 'NONE', *, *, #6504, .T. ) ;
#6651 = ORIENTED_EDGE ( 'NONE', *, *, #3281, .F. ) ;
#6652 = DIRECTION ( 'NONE',  ( -1.000000000000000000, -1.601283208593979705E-16, 0.000000000000000000 ) ) ;
#6653 = CARTESIAN_POINT ( 'NONE',  ( -35.16643605821739982, -53.34820958133020952, 8.000000000000000000 ) ) ;
#6654 = CARTESIAN_POINT ( 'NONE',  ( -32.89183794419941620, -52.58957631280034661, 5.058601537427760420 ) ) ;
#6655 = VECTOR ( 'NONE', #6747, 1000.000000000000000 ) ;
#6656 = EDGE_CURVE ( 'NONE', #3642, #7410, #6616, .T. ) ;
#6657 = CARTESIAN_POINT ( 'NONE',  ( -12.24999999999998401, -67.50000000000000000, 5.000000000000000000 ) ) ;
#6658 = CARTESIAN_POINT ( 'NONE',  ( -32.65290412206704218, -43.40854065227484426, 4.999997775801243272 ) ) ;
#6659 = CARTESIAN_POINT ( 'NONE',  ( -19.48666743693002346, -65.96544562241369647, 5.458751604675510904 ) ) ;
#6660 = CARTESIAN_POINT ( 'NONE',  ( -29.32967034016239438, -60.32873026886459655, 36.89231591937824106 ) ) ;
#6661 = CARTESIAN_POINT ( 'NONE',  ( -31.37841071290609918, -36.51942434664481851, 36.65201770801969872 ) ) ;
#6662 = VECTOR ( 'NONE', #1088, 1000.000000000000000 ) ;
#6663 = DIRECTION ( 'NONE',  ( 0.000000000000000000, 0.000000000000000000, 1.000000000000000000 ) ) ;
#6664 = ORIENTED_EDGE ( 'NONE', *, *, #5228, .T. ) ;
#6665 = CARTESIAN_POINT ( 'NONE',  ( -2.710824778663012857, -50.66343489348091822, 9.000000000000000000 ) ) ;
#6666 = EDGE_CURVE ( 'NONE', #6375, #4351, #3010, .T. ) ;
#6667 = VERTEX_POINT ( 'NONE', #159 ) ;
#6668 = DIRECTION ( 'NONE',  ( 1.000000000000000000, -4.198920413646430674E-16, -0.000000000000000000 ) ) ;
#6669 = DIRECTION ( 'NONE',  ( -0.8236126967285879452, -0.5671526476950125017, 0.000000000000000000 ) ) ;
#6670 = CARTESIAN_POINT ( 'NONE',  ( 0.1999096512316204666, -29.23333333333334849, 37.95000000000000284 ) ) ;
#6671 = CARTESIAN_POINT ( 'NONE',  ( -2.658452153056561684, -50.71472195767223212, 9.000000000000000000 ) ) ;
#6672 = DIRECTION ( 'NONE',  ( -4.198920413646420813E-16, -1.000000000000000000, -4.179535469586870317E-37 ) ) ;
#6673 = DIRECTION ( 'NONE',  ( 0.3316681251746363412, -0.2441688850596797633, -0.9112506846701704522 ) ) ;
#6674 = CARTESIAN_POINT ( 'NONE',  ( 2.895602120512795530, -31.85000000000001563, 31.85401799202868744 ) ) ;
#6675 = CARTESIAN_POINT ( 'NONE',  ( -8.100336659486627511, -29.80000000000001137, 13.96447267963279870 ) ) ;
#6676 = EDGE_LOOP ( 'NONE', ( #2254, #1632, #1131, #3949 ) ) ;
#6677 = DIRECTION ( 'NONE',  ( 0.000000000000000000, 0.000000000000000000, 1.000000000000000000 ) ) ;
#6678 = ORIENTED_EDGE ( 'NONE', *, *, #6411, .F. ) ;
#6679 = EDGE_CURVE ( 'NONE', #2418, #541, #3621, .T. ) ;
#6680 = FACE_OUTER_BOUND ( 'NONE', #3014, .T. ) ;
#6681 = VERTEX_POINT ( 'NONE', #2480 ) ;
#6682 = CARTESIAN_POINT ( 'NONE',  ( -17.93502935308145751, -48.00000000000001421, 36.33476462671571738 ) ) ;
#6683 = ORIENTED_EDGE ( 'NONE', *, *, #6254, .F. ) ;
#6684 = VECTOR ( 'NONE', #1098, 1000.000000000000114 ) ;
#6685 = DIRECTION ( 'NONE',  ( -3.202566417187959903E-16, 1.000000000000000000, 0.000000000000000000 ) ) ;
#6686 = ORIENTED_EDGE ( 'NONE', *, *, #3941, .T. ) ;
#6687 = B_SPLINE_CURVE_WITH_KNOTS ( 'NONE', 3,
 ( #385, #5146, #7435, #2193, #7466, #6716, #5873, #1679 ),
 .UNSPECIFIED., .F., .F.,
 ( 4, 2, 2, 4 ),
 ( -0.0002768178823513191278, 0.003740809144574466436, 0.007758436171500251999, 0.01579369022535181272 ),
 .UNSPECIFIED. ) ;
#6688 = CARTESIAN_POINT ( 'NONE',  ( 10.69507713076978384, -24.00000000000000711, 16.77544922382526238 ) ) ;
#6689 = LINE ( 'NONE', #3171, #1862 ) ;
#6690 = CARTESIAN_POINT ( 'NONE',  ( 29.12131967300734914, -34.00000000000000000, 5.878679656440358059 ) ) ;
#6691 = ORIENTED_EDGE ( 'NONE', *, *, #2160, .F. ) ;
#6692 = EDGE_LOOP ( 'NONE', ( #3463, #6232, #2968, #3363 ) ) ;
#6693 = ORIENTED_EDGE ( 'NONE', *, *, #4590, .F. ) ;
#6694 = CARTESIAN_POINT ( 'NONE',  ( -32.17600350071848680, -58.90205767508401635, 8.000000000000000000 ) ) ;
#6695 = EDGE_CURVE ( 'NONE', #389, #7170, #676, .T. ) ;
#6696 = CARTESIAN_POINT ( 'NONE',  ( -16.98132540862788531, -69.16439919943591974, 36.06023841455589718 ) ) ;
#6697 = FACE_OUTER_BOUND ( 'NONE', #6422, .T. ) ;
#6698 = DIRECTION ( 'NONE',  ( -1.000000000000000000, -3.202566417187959410E-16, -0.000000000000000000 ) ) ;
#6699 = LINE ( 'NONE', #405, #2145 ) ;
#6700 = DIRECTION ( 'NONE',  ( -9.367723249499515189E-31, 1.000000000000000000, 0.000000000000000000 ) ) ;
#6701 = EDGE_CURVE ( 'NONE', #6828, #36, #1628, .T. ) ;
#6702 = VERTEX_POINT ( 'NONE', #1018 ) ;
#6703 = CARTESIAN_POINT ( 'NONE',  ( 4.502165280931761160, -48.00000000000000711, 9.000000000000000000 ) ) ;
#6704 = LINE ( 'NONE', #6132, #5030 ) ;
#6705 = DIRECTION ( 'NONE',  ( 0.9999908578063367859, 0.000000000000000000, 0.004276014937618092399 ) ) ;
#6706 = DIRECTION ( 'NONE',  ( -0.004276014937614368815, -1.369422183859784463E-18, 0.9999908578063367859 ) ) ;
#6707 = AXIS2_PLACEMENT_3D ( 'NONE', #1049, #5769, #6335 ) ;
#6708 = DIRECTION ( 'NONE',  ( 0.000000000000000000, 0.000000000000000000, -1.000000000000000000 ) ) ;
#6709 = CARTESIAN_POINT ( 'NONE',  ( 12.26262753378088455, -71.12132034355965970, 5.878679656440358059 ) ) ;
#6710 = CARTESIAN_POINT ( 'NONE',  ( -14.05370554289404872, -28.00157696699488952, 37.65053717031171487 ) ) ;
#6711 = DIRECTION ( 'NONE',  ( 0.000000000000000000, 0.000000000000000000, 1.000000000000000000 ) ) ;
#6712 = ORIENTED_EDGE ( 'NONE', *, *, #734, .F. ) ;
#6713 = CARTESIAN_POINT ( 'NONE',  ( 2.834110651988376972, -76.00000000000001421, -10.71541317054840015 ) ) ;
#6714 = ORIENTED_EDGE ( 'NONE', *, *, #2946, .F. ) ;
#6715 = CARTESIAN_POINT ( 'NONE',  ( -34.60852834328478878, -42.47912997406440638, 5.753555915320450076 ) ) ;
#6716 = CARTESIAN_POINT ( 'NONE',  ( 8.344730320026641834, -30.64999999999999503, 21.10986665396339035 ) ) ;
#6717 = DIRECTION ( 'NONE',  ( 0.000000000000000000, 0.000000000000000000, 1.000000000000000000 ) ) ;
#6718 = ORIENTED_EDGE ( 'NONE', *, *, #6131, .T. ) ;
#6719 = EDGE_CURVE ( 'NONE', #5292, #4348, #4894, .T. ) ;
#6720 = ADVANCED_FACE ( 'NONE', ( #6113 ), #4170, .F. ) ;
#6721 = DIRECTION ( 'NONE',  ( 0.000000000000000000, 0.000000000000000000, -1.000000000000000000 ) ) ;
#6722 = ORIENTED_EDGE ( 'NONE', *, *, #3476, .F. ) ;
#6723 = CARTESIAN_POINT ( 'NONE',  ( 15.54771018742281719, -24.00000000000000355, 7.802396613397057479 ) ) ;
#6724 = LINE ( 'NONE', #354, #3562 ) ;
#6725 = CARTESIAN_POINT ( 'NONE',  ( 4.949747468305815801, -43.05025253169415578, -8.485281374238569541 ) ) ;
#6726 = EDGE_LOOP ( 'NONE', ( #438, #3992, #1123, #249 ) ) ;
#6727 = ORIENTED_EDGE ( 'NONE', *, *, #3647, .T. ) ;
#6728 = VERTEX_POINT ( 'NONE', #5561 ) ;
#6729 = CARTESIAN_POINT ( 'NONE',  ( -31.54156057265079127, -59.37088437099711768, 8.000000000000000000 ) ) ;
#6730 = EDGE_CURVE ( 'NONE', #7410, #1228, #6724, .T. ) ;
#6731 = CARTESIAN_POINT ( 'NONE',  ( 2.203939522617104796, -50.25058894084334327, -1.000000000000018208 ) ) ;
#6732 = VECTOR ( 'NONE', #5285, 1000.000000000000000 ) ;
#6733 = LINE ( 'NONE', #2146, #3032 ) ;
#6734 = CARTESIAN_POINT ( 'NONE',  ( -11.90033665948658737, -66.20000000000000284, 12.53552732036719952 ) ) ;
#6735 = CARTESIAN_POINT ( 'NONE',  ( -14.26929493537338622, -26.36145662829911984, 37.12340900043221126 ) ) ;
#6736 = CIRCLE ( 'NONE', #2815, 3.000000000000000000 ) ;
#6737 = CARTESIAN_POINT ( 'NONE',  ( 8.434130917513325443, -73.35773208228370379, 5.000279975879919903 ) ) ;
#6738 = LINE ( 'NONE', #247, #4092 ) ;
#6739 = CARTESIAN_POINT ( 'NONE',  ( -27.20570393024558697, -65.89988494578921063, 37.35894263201620191 ) ) ;
#6740 = ORIENTED_EDGE ( 'NONE', *, *, #2040, .T. ) ;
#6741 = DIRECTION ( 'NONE',  ( -0.000000000000000000, -0.000000000000000000, -1.000000000000000000 ) ) ;
#6742 = AXIS2_PLACEMENT_3D ( 'NONE', #4851, #1909, #2360 ) ;
#6743 = EDGE_CURVE ( 'NONE', #3379, #589, #4206, .T. ) ;
#6744 = CARTESIAN_POINT ( 'NONE',  ( -7.943570505668452242, -26.00054196379971216, 35.77645713530759508 ) ) ;
#6745 = EDGE_CURVE ( 'NONE', #2825, #1891, #1317, .T. ) ;
#6746 = CARTESIAN_POINT ( 'NONE',  ( 1.749747468305839160, -52.94974746830583712, -8.485281374238569541 ) ) ;
#6747 = DIRECTION ( 'NONE',  ( -0.7144726796328051410, 0.6996633405133636519, 0.000000000000000000 ) ) ;
#6748 = CARTESIAN_POINT ( 'NONE',  ( 8.726579583120180672, -72.79414855334738377, 5.001282804481280486 ) ) ;
#6749 = CARTESIAN_POINT ( 'NONE',  ( 4.335398739244796573, -72.00000000000001421, 11.00000000000000000 ) ) ;
#6750 = CARTESIAN_POINT ( 'NONE',  ( -35.19999999999999574, -52.60078009883481087, 26.03265427873660087 ) ) ;
#6751 = ORIENTED_EDGE ( 'NONE', *, *, #2678, .T. ) ;
#6752 = VECTOR ( 'NONE', #5254, 1000.000000000000000 ) ;
#6753 = CARTESIAN_POINT ( 'NONE',  ( 2.245617904858927982, -25.32834268668898758, 33.26777528031914954 ) ) ;
#6754 = ORIENTED_EDGE ( 'NONE', *, *, #7423, .T. ) ;
#6755 = B_SPLINE_CURVE_WITH_KNOTS ( 'NONE', 3,
 ( #5160, #2098, #2206, #1688, #4501, #6872, #2775, #1653, #1584, #533, #7412, #7480, #2812, #5637 ),
 .UNSPECIFIED., .F., .F.,
 ( 4, 2, 2, 2, 1, 1, 2, 4 ),
 ( 0.000000000000000000, 0.2500000702037163958, 0.3750001053055739830, 0.4375001228565028044, 0.4687501316319672151, 0.4843751360197010580, 0.4921876382135695338, 0.5000001404074380096 ),
 .UNSPECIFIED. ) ;
#6756 = CARTESIAN_POINT ( 'NONE',  ( -31.54179673954759977, -36.63194358667181660, 7.326801574230760394 ) ) ;
#6757 = EDGE_CURVE ( 'NONE', #3552, #4449, #3024, .T. ) ;
#6758 = AXIS2_PLACEMENT_3D ( 'NONE', #7146, #1348, #1910 ) ;
#6759 = CARTESIAN_POINT ( 'NONE',  ( -35.01966498772755898, -66.20000000000001705, 38.28415205140713340 ) ) ;
#6760 = VERTEX_POINT ( 'NONE', #5533 ) ;
#6761 = VECTOR ( 'NONE', #1997, 1000.000000000000000 ) ;
#6762 = CARTESIAN_POINT ( 'NONE',  ( -32.19998495912209791, -43.41227106770342914, 5.000000000000000000 ) ) ;
#6763 = ORIENTED_EDGE ( 'NONE', *, *, #5899, .F. ) ;
#6764 = EDGE_CURVE ( 'NONE', #6445, #2273, #1262, .T. ) ;
#6765 = CARTESIAN_POINT ( 'NONE',  ( 9.949151789038614524, -26.61666666666667069, 18.15476262863604973 ) ) ;
#6766 = CARTESIAN_POINT ( 'NONE',  ( -14.77157543888233349, -70.16702528618705514, 34.15909992396775863 ) ) ;
#6767 = CARTESIAN_POINT ( 'NONE',  ( -32.92009287971069398, -37.77728080254787812, 36.78818379100225400 ) ) ;
#6768 = ORIENTED_EDGE ( 'NONE', *, *, #12, .T. ) ;
#6769 = LINE ( 'NONE', #5091, #1785 ) ;
#6770 = ORIENTED_EDGE ( 'NONE', *, *, #1396, .T. ) ;
#6771 = CARTESIAN_POINT ( 'NONE',  ( -34.51569238540459139, -55.88101259450260017, 8.000000000000000000 ) ) ;
#6772 = CARTESIAN_POINT ( 'NONE',  ( -33.62515341563246096, -52.59171816287009449, 5.338805540283396489 ) ) ;
#6773 = VECTOR ( 'NONE', #6607, 1000.000000000000000 ) ;
#6774 = CARTESIAN_POINT ( 'NONE',  ( 2.203939522617099467, -45.74941105915667805, 9.000000000000000000 ) ) ;
#6775 = ADVANCED_FACE ( 'NONE', ( #6503 ), #5366, .F. ) ;
#6776 = DIRECTION ( 'NONE',  ( 0.000000000000000000, 0.000000000000000000, -1.000000000000000000 ) ) ;
#6777 = LINE ( 'NONE', #2863, #6386 ) ;
#6778 = DIRECTION ( 'NONE',  ( -0.9319341634965312426, -4.336808689942018229E-16, -0.3626275153763441339 ) ) ;
#6779 = CIRCLE ( 'NONE', #2630, 1.249999999999997558 ) ;
#6780 = CARTESIAN_POINT ( 'NONE',  ( -35.19999999999999574, -52.60078009883481087, 37.05029354652139517 ) ) ;
#6781 = DIRECTION ( 'NONE',  ( 0.000000000000000000, 0.000000000000000000, -1.000000000000000000 ) ) ;
#6782 = AXIS2_PLACEMENT_3D ( 'NONE', #4908, #7228, #2004 ) ;
#6783 = CARTESIAN_POINT ( 'NONE',  ( -11.59726671490842698, -66.39191831690692425, 11.28514728024071978 ) ) ;
#6784 = LINE ( 'NONE', #6671, #7174 ) ;
#6785 = DIRECTION ( 'NONE',  ( 3.202566417187959410E-16, -1.000000000000000000, 0.000000000000000000 ) ) ;
#6786 = ORIENTED_EDGE ( 'NONE', *, *, #1665, .T. ) ;
#6787 = EDGE_CURVE ( 'NONE', #5464, #5928, #6540, .T. ) ;
#6788 = LINE ( 'NONE', #3284, #2239 ) ;
#6789 = EDGE_LOOP ( 'NONE', ( #5527, #613, #3571, #4224, #1943, #989 ) ) ;
#6790 = CARTESIAN_POINT ( 'NONE',  ( -34.68652018675288673, -40.50062383693806112, 8.000000000000000000 ) ) ;
#6791 = ORIENTED_EDGE ( 'NONE', *, *, #5153, .T. ) ;
#6792 = CARTESIAN_POINT ( 'NONE',  ( -34.65674283910976072, -52.59572617952854046, 6.274667853113697902 ) ) ;
#6793 = DIRECTION ( 'NONE',  ( -1.000000000000000000, 0.000000000000000000, 0.000000000000000000 ) ) ;
#6794 = CARTESIAN_POINT ( 'NONE',  ( 16.00000000000000000, -29.80000000000000426, 38.10000000000000142 ) ) ;
#6795 = DIRECTION ( 'NONE',  ( -0.000000000000000000, -0.000000000000000000, -1.000000000000000000 ) ) ;
#6796 = EDGE_CURVE ( 'NONE', #7474, #2613, #4247, .T. ) ;
#6797 = DIRECTION ( 'NONE',  ( -3.202566417187959410E-16, 1.000000000000000000, 0.000000000000000000 ) ) ;
#6798 = ORIENTED_EDGE ( 'NONE', *, *, #3200, .T. ) ;
#6799 = CARTESIAN_POINT ( 'NONE',  ( 9.579398116943456998, -29.23333333333333428, 18.83856804866242740 ) ) ;
#6800 = DIRECTION ( 'NONE',  ( -1.000000000000000000, -1.060405324802234013E-15, -0.000000000000000000 ) ) ;
#6801 = ORIENTED_EDGE ( 'NONE', *, *, #5988, .F. ) ;
#6802 = ORIENTED_EDGE ( 'NONE', *, *, #869, .F. ) ;
#6803 = DIRECTION ( 'NONE',  ( -1.000000000000000000, -3.469446951953621584E-16, -2.668805347656624829E-17 ) ) ;
#6804 = EDGE_LOOP ( 'NONE', ( #1784, #6345, #3296, #1761 ) ) ;
#6805 = DIRECTION ( 'NONE',  ( 4.557819132794839459E-16, -1.000000000000000000, 0.000000000000000000 ) ) ;
#6806 = SURFACE_STYLE_USAGE ( .BOTH. , #4472 ) ;
#6807 = CARTESIAN_POINT ( 'NONE',  ( -22.51501754684332823, -61.14780755294157899, 37.94104069221194209 ) ) ;
#6808 = DIRECTION ( 'NONE',  ( -1.000000000000000000, 0.000000000000000000, 0.000000000000000000 ) ) ;
#6809 = EDGE_LOOP ( 'NONE', ( #4919, #6740, #6597, #4649, #5191 ) ) ;
#6810 = ADVANCED_FACE ( 'NONE', ( #6239 ), #992, .F. ) ;
#6811 = DIRECTION ( 'NONE',  ( -1.000000000000000000, 0.000000000000000000, -0.000000000000000000 ) ) ;
#6812 = VECTOR ( 'NONE', #919, 1000.000000000000000 ) ;
#6813 = DIRECTION ( 'NONE',  ( -1.000000000000000000, 0.000000000000000000, 0.000000000000000000 ) ) ;
#6814 = DIRECTION ( 'NONE',  ( 3.202566417187959410E-16, -1.000000000000000000, 0.000000000000000000 ) ) ;
#6815 = CARTESIAN_POINT ( 'NONE',  ( -11.97350585912792909, -66.71140964162820808, 11.14049069250044255 ) ) ;
#6816 = CARTESIAN_POINT ( 'NONE',  ( 15.23433855921564550, -24.01813958672825677, 8.381855244142563777 ) ) ;
#6817 = CYLINDRICAL_SURFACE ( 'NONE', #479, 3.000000000000002665 ) ;
#6818 = CARTESIAN_POINT ( 'NONE',  ( 19.99999932944771430, -69.00000000000000000, 8.000000000000000000 ) ) ;
#6819 =( NAMED_UNIT ( * ) SI_UNIT ( $, .STERADIAN. ) SOLID_ANGLE_UNIT ( ) );
#6820 = CARTESIAN_POINT ( 'NONE',  ( -0.3761192464068528474, -52.94974746830589396, 9.000000000000000000 ) ) ;
#6821 = ORIENTED_EDGE ( 'NONE', *, *, #2200, .T. ) ;
#6822 = VECTOR ( 'NONE', #3307, 1000.000000000000000 ) ;
#6823 = VECTOR ( 'NONE', #3290, 1000.000000000000000 ) ;
#6824 = ADVANCED_FACE ( 'NONE', ( #4398, #5606 ), #4505, .T. ) ;
#6825 = CARTESIAN_POINT ( 'NONE',  ( 3.469416343775187261, -72.79414855781561755, 10.99999725673800199 ) ) ;
#6826 = CARTESIAN_POINT ( 'NONE',  ( -6.736162321940784459, -42.00000000000000711, 41.85000000000000142 ) ) ;
#6827 = CYLINDRICAL_SURFACE ( 'NONE', #1417, 2.200000000000000622 ) ;
#6828 = VERTEX_POINT ( 'NONE', #3897 ) ;
#6829 = CARTESIAN_POINT ( 'NONE',  ( -34.16483907863159430, -56.66903629338757042, 37.05029354652150175 ) ) ;
#6830 = DIRECTION ( 'NONE',  ( 3.202566417187959410E-16, -1.000000000000000000, 0.000000000000000000 ) ) ;
#6831 = VERTEX_POINT ( 'NONE', #5096 ) ;
#6832 = EDGE_CURVE ( 'NONE', #2304, #466, #172, .T. ) ;
#6833 = CARTESIAN_POINT ( 'NONE',  ( 1.670336633301708007, -24.00000000000000711, 34.55919358560983312 ) ) ;
#6834 = EDGE_CURVE ( 'NONE', #2699, #2979, #4174, .T. ) ;
#6835 = DIRECTION ( 'NONE',  ( -0.000000000000000000, 1.000000000000000000, 0.000000000000000000 ) ) ;
#6836 = ORIENTED_EDGE ( 'NONE', *, *, #1792, .T. ) ;
#6837 = LINE ( 'NONE', #3968, #2995 ) ;
#6838 = ORIENTED_EDGE ( 'NONE', *, *, #6086, .F. ) ;
#6839 = CARTESIAN_POINT ( 'NONE',  ( 0.000000000000000000, 0.000000000000000000, 0.000000000000000000 ) ) ;
#6840 = DIRECTION ( 'NONE',  ( 0.7071067811865450192, 0.000000000000000000, 0.7071067811865500152 ) ) ;
#6841 = EDGE_CURVE ( 'NONE', #3252, #3326, #7471, .T. ) ;
#6842 = DIRECTION ( 'NONE',  ( 3.093441612767900159E-16, -0.9659258262890682012, 0.2588190451025211281 ) ) ;
#6843 = VERTEX_POINT ( 'NONE', #2177 ) ;
#6844 = DIRECTION ( 'NONE',  ( 0.000000000000000000, 0.000000000000000000, 1.000000000000000000 ) ) ;
#6845 = CARTESIAN_POINT ( 'NONE',  ( 2.187635625451409549, -45.76606005078153316, 9.000000000000000000 ) ) ;
#6846 = ORIENTED_EDGE ( 'NONE', *, *, #1435, .T. ) ;
#6847 = CARTESIAN_POINT ( 'NONE',  ( -27.20570393024539158, -43.26718681530833521, 37.35894263201630139 ) ) ;
#6848 = AXIS2_PLACEMENT_3D ( 'NONE', #7062, #574, #4083 ) ;
#6849 = LINE ( 'NONE', #2828, #2909 ) ;
#6850 = ORIENTED_EDGE ( 'NONE', *, *, #4117, .T. ) ;
#6851 = DIRECTION ( 'NONE',  ( -3.202566417187959410E-16, 1.000000000000000000, 0.000000000000000000 ) ) ;
#6852 = CARTESIAN_POINT ( 'NONE',  ( -10.70979040663030091, -27.00000000000001066, 5.000000000000000000 ) ) ;
#6853 = ORIENTED_EDGE ( 'NONE', *, *, #518, .T. ) ;
#6854 = VECTOR ( 'NONE', #4550, 999.9999999999998863 ) ;
#6855 = LINE ( 'NONE', #3948, #2128 ) ;
#6856 = ORIENTED_EDGE ( 'NONE', *, *, #1982, .T. ) ;
#6857 = CARTESIAN_POINT ( 'NONE',  ( -31.74326581089959731, -37.43720208054912035, 5.753555915320440306 ) ) ;
#6858 = AXIS2_PLACEMENT_3D ( 'NONE', #282, #2001, #6468 ) ;
#6859 = CARTESIAN_POINT ( 'NONE',  ( -31.43283247609800313, -36.55690921267822091, 36.65089310577259596 ) ) ;
#6860 = CIRCLE ( 'NONE', #685, 3.000000000001256772 ) ;
#6861 = CARTESIAN_POINT ( 'NONE',  ( -13.85001448872545105, -26.01888383717446374, 35.84490993864810093 ) ) ;
#6862 = EDGE_LOOP ( 'NONE', ( #5857, #3543, #3365, #1650 ) ) ;
#6863 = CARTESIAN_POINT ( 'NONE',  ( 4.173847315458242058, -48.32151270583477043, 19.49590874590810330 ) ) ;
#6864 = ORIENTED_EDGE ( 'NONE', *, *, #2230, .T. ) ;
#6865 = AXIS2_PLACEMENT_3D ( 'NONE', #5990, #5435, #6598 ) ;
#6866 = CARTESIAN_POINT ( 'NONE',  ( 0.8014556631819722554, -26.61666666666668490, 36.54501032315992859 ) ) ;
#6867 = DIRECTION ( 'NONE',  ( 1.000000000000000000, 0.000000000000000000, 0.000000000000000000 ) ) ;
#6868 = VECTOR ( 'NONE', #4563, 1000.000000000000000 ) ;
#6869 = LINE ( 'NONE', #3368, #6519 ) ;
#6870 = ORIENTED_EDGE ( 'NONE', *, *, #1705, .F. ) ;
#6871 = VERTEX_POINT ( 'NONE', #1478 ) ;
#6872 = CARTESIAN_POINT ( 'NONE',  ( -34.63736562082088000, -43.39670935148249242, 6.248205824807031128 ) ) ;
#6873 = CARTESIAN_POINT ( 'NONE',  ( 7.136297532342097405, -40.71265289267783771, 9.000000000000000000 ) ) ;
#6874 = ADVANCED_FACE ( 'NONE', ( #3788 ), #3335, .T. ) ;
#6875 = EDGE_CURVE ( 'NONE', #2021, #6702, #6274, .T. ) ;
#6876 = VERTEX_POINT ( 'NONE', #2682 ) ;
#6877 = CARTESIAN_POINT ( 'NONE',  ( -23.98036751976470882, -60.82451641840555823, 37.85884627195678576 ) ) ;
#6878 = ORIENTED_EDGE ( 'NONE', *, *, #6007, .T. ) ;
#6879 = CARTESIAN_POINT ( 'NONE',  ( -32.63714223366699940, -35.21436789586491756, 36.72584672924359950 ) ) ;
#6880 = CARTESIAN_POINT ( 'NONE',  ( -30.59865264745479152, -56.30511050782131832, 5.000000000000000000 ) ) ;
#6881 = CARTESIAN_POINT ( 'NONE',  ( -18.64055243838488352, -68.25472075547291695, 35.96839431119059327 ) ) ;
#6882 = ORIENTED_EDGE ( 'NONE', *, *, #2116, .T. ) ;
#6883 = ADVANCED_FACE ( 'NONE', ( #7382 ), #5057, .T. ) ;
#6884 = CONICAL_SURFACE ( 'NONE', #97, 10.00000000000002132, 0.7853981633974447263 ) ;
#6885 = CARTESIAN_POINT ( 'NONE',  ( -11.49544873121049804, -71.65164535037365567, 6.596868881450534516 ) ) ;
#6886 = CARTESIAN_POINT ( 'NONE',  ( -7.370741180656578351, -29.80000000000001137, 33.75000000000000000 ) ) ;
#6887 = PLANE ( 'NONE',  #4131 ) ;
#6888 = CIRCLE ( 'NONE', #3595, 1.599999999999999867 ) ;
#6889 = AXIS2_PLACEMENT_3D ( 'NONE', #7421, #5648, #448 ) ;
#6890 = CARTESIAN_POINT ( 'NONE',  ( -31.40396775464148504, -59.46564088788542080, 36.65153118436359847 ) ) ;
#6891 = CARTESIAN_POINT ( 'NONE',  ( 27.09419901568913858, -66.04999999999998295, 64.48312058430516913 ) ) ;
#6892 = VERTEX_POINT ( 'NONE', #5013 ) ;
#6893 = LINE ( 'NONE', #1634, #702 ) ;
#6894 = VERTEX_POINT ( 'NONE', #7340 ) ;
#6895 = DIRECTION ( 'NONE',  ( 0.000000000000000000, 0.000000000000000000, -1.000000000000000000 ) ) ;
#6896 = DIRECTION ( 'NONE',  ( 0.9211769839103456370, 0.3891239501402018464, 0.003939002554509244552 ) ) ;
#6897 = CIRCLE ( 'NONE', #6646, 3.000000000000000000 ) ;
#6898 = CARTESIAN_POINT ( 'NONE',  ( 12.26637933012581350, -75.66862914442060628, 5.001282804481280486 ) ) ;
#6899 = ORIENTED_EDGE ( 'NONE', *, *, #5763, .F. ) ;
#6900 = CARTESIAN_POINT ( 'NONE',  ( -4.055767739539096972, -64.15000000000000568, 33.33315382907749580 ) ) ;
#6901 = ORIENTED_EDGE ( 'NONE', *, *, #319, .T. ) ;
#6902 = EDGE_CURVE ( 'NONE', #5953, #7064, #2387, .T. ) ;
#6903 = CARTESIAN_POINT ( 'NONE',  ( 4.674958583180473859, -26.61666666666667780, 28.12644590515958143 ) ) ;
#6904 =( BOUNDED_CURVE ( )  B_SPLINE_CURVE ( 3, ( #335, #2623, #3015, #2365 ),
 .UNSPECIFIED., .F., .T. ) 
 B_SPLINE_CURVE_WITH_KNOTS ( ( 4, 4 ),
 ( 4.974188368183847686, 6.100356590435520587 ),
 .UNSPECIFIED. ) 
 CURVE ( )  GEOMETRIC_REPRESENTATION_ITEM ( )  RATIONAL_B_SPLINE_CURVE ( ( 1.000000000000000000, 0.8970752312766789860, 0.8970752312766789860, 1.000000000000000000 ) ) 
 REPRESENTATION_ITEM ( '' )  );
#6905 = CARTESIAN_POINT ( 'NONE',  ( 6.069208813127197288, -44.19340881910664365, -1.000000000000000888 ) ) ;
#6906 = VERTEX_POINT ( 'NONE', #5168 ) ;
#6907 = ORIENTED_EDGE ( 'NONE', *, *, #2173, .T. ) ;
#6908 = CARTESIAN_POINT ( 'NONE',  ( 12.26637933012581350, -62.00000000000000711, 5.001282804481280486 ) ) ;
#6909 = ORIENTED_EDGE ( 'NONE', *, *, #1489, .F. ) ;
#6910 = CARTESIAN_POINT ( 'NONE',  ( -30.06607528653889005, -56.73862707531690575, 5.000000000000000000 ) ) ;
#6911 = EDGE_CURVE ( 'NONE', #2407, #1667, #5550, .T. ) ;
#6912 = ORIENTED_EDGE ( 'NONE', *, *, #1859, .F. ) ;
#6913 = CARTESIAN_POINT ( 'NONE',  ( -25.07089060578595152, -60.72237716267137841, 37.74691879637117609 ) ) ;
#6914 = CARTESIAN_POINT ( 'NONE',  ( -17.80265410676058480, -69.00000000000001421, 7.999997256737990448 ) ) ;
#6915 = VERTEX_POINT ( 'NONE', #5820 ) ;
#6916 = CARTESIAN_POINT ( 'NONE',  ( 13.81844554833911154, -31.85000000000000497, 10.99999725673799844 ) ) ;
#6917 = EDGE_CURVE ( 'NONE', #116, #2660, #502, .T. ) ;
#6918 = LINE ( 'NONE', #5620, #1485 ) ;
#6919 = ORIENTED_EDGE ( 'NONE', *, *, #5420, .F. ) ;
#6920 = PLANE ( 'NONE',  #5125 ) ;
#6921 = LINE ( 'NONE', #1703, #1621 ) ;
#6922 = EDGE_CURVE ( 'NONE', #2297, #1795, #2363, .T. ) ;
#6923 = B_SPLINE_CURVE_WITH_KNOTS ( 'NONE', 3,
 ( #2666, #1608, #6259, #2703, #5661, #7468, #1048, #6188, #2235, #464, #986, #4522, #7406, #6861, #3878 ),
 .UNSPECIFIED., .F., .F.,
 ( 4, 2, 2, 1, 1, 1, 2, 2, 4 ),
 ( 0.000000000000000000, 0.2500000000000079381, 0.3750000000000118794, 0.4375000000000143219, 0.4687500000000155986, 0.4843750000000170974, 0.4921875000000175970, 0.5000000000000179856, 1.000000000000000000 ),
 .UNSPECIFIED. ) ;
#6924 = CARTESIAN_POINT ( 'NONE',  ( -33.24381380765989746, -58.00127702839741772, 8.000000000000017764 ) ) ;
#6925 = CIRCLE ( 'NONE', #3633, 0.9999999999999991118 ) ;
#6926 = ORIENTED_EDGE ( 'NONE', *, *, #4535, .F. ) ;
#6927 = CARTESIAN_POINT ( 'NONE',  ( -45.38437840252399980, -40.12519847263325090, 116.3590852237900037 ) ) ;
#6928 = VECTOR ( 'NONE', #4153, 1000.000000000000000 ) ;
#6929 = CARTESIAN_POINT ( 'NONE',  ( -16.00000000000000000, -48.97056274847717106, 1.000000000000000000 ) ) ;
#6930 = CARTESIAN_POINT ( 'NONE',  ( -34.87765510439319883, -41.13868448217422724, 37.05029354652139517 ) ) ;
#6931 = DIRECTION ( 'NONE',  ( 1.000000000000000000, 3.469446951953621584E-16, -2.668805347656624829E-17 ) ) ;
#6932 = CARTESIAN_POINT ( 'NONE',  ( -11.66700426248542044, -28.40323876856805185, 37.94988390991002802 ) ) ;
#6933 = ORIENTED_EDGE ( 'NONE', *, *, #6745, .T. ) ;
#6934 = VECTOR ( 'NONE', #3756, 1000.000000000000000 ) ;
#6935 = DIRECTION ( 'NONE',  ( -3.202566417187959410E-16, 1.000000000000000000, 0.000000000000000000 ) ) ;
#6936 = VERTEX_POINT ( 'NONE', #4615 ) ;
#6937 = CIRCLE ( 'NONE', #5371, 3.000000000000000888 ) ;
#6938 = CARTESIAN_POINT ( 'NONE',  ( 1.094420144878499146, -24.00000000000001066, 35.87068151241533087 ) ) ;
#6939 = ADVANCED_FACE ( 'NONE', ( #2283 ), #4044, .F. ) ;
#6940 = AXIS2_PLACEMENT_3D ( 'NONE', #1964, #2650, #2043 ) ;
#6941 = PLANE ( 'NONE',  #3696 ) ;
#6942 = DIRECTION ( 'NONE',  ( -0.7144726796328051410, 0.6996633405133636519, 0.000000000000000000 ) ) ;
#6943 = CARTESIAN_POINT ( 'NONE',  ( 58.97731959999369877, -30.64999999999999147, 16.40000000000000213 ) ) ;
#6944 = EDGE_LOOP ( 'NONE', ( #6318, #3504, #7034, #6770 ) ) ;
#6945 = ORIENTED_EDGE ( 'NONE', *, *, #439, .F. ) ;
#6946 = ADVANCED_FACE ( 'NONE', ( #1734, #3478 ), #2781, .F. ) ;
#6947 = DIRECTION ( 'NONE',  ( -3.202566417187959410E-16, 1.000000000000000000, -3.136184743715090288E-16 ) ) ;
#6948 = VERTEX_POINT ( 'NONE', #6989 ) ;
#6949 = DIRECTION ( 'NONE',  ( -3.202566417187959410E-16, 1.000000000000000000, 0.000000000000000000 ) ) ;
#6950 = DIRECTION ( 'NONE',  ( 1.000000000000000000, 5.782411586589356653E-16, 0.000000000000000000 ) ) ;
#6951 = CARTESIAN_POINT ( 'NONE',  ( -35.19985593541959190, -43.38266185801612096, 23.98270607740489879 ) ) ;
#6952 = CARTESIAN_POINT ( 'NONE',  ( -32.19999999999999574, -52.58773621891329952, 5.000000000000000000 ) ) ;
#6953 = EDGE_CURVE ( 'NONE', #5395, #4222, #3511, .T. ) ;
#6954 = ORIENTED_EDGE ( 'NONE', *, *, #3248, .F. ) ;
#6955 = FACE_BOUND ( 'NONE', #1140, .T. ) ;
#6956 = ORIENTED_EDGE ( 'NONE', *, *, #5187, .F. ) ;
#6957 = CARTESIAN_POINT ( 'NONE',  ( -16.46842247328617148, -69.37505505999341437, 36.14552389435947788 ) ) ;
#6958 = CARTESIAN_POINT ( 'NONE',  ( -35.19892732652647993, -52.72412908571016033, 25.83349048314846641 ) ) ;
#6959 = CARTESIAN_POINT ( 'NONE',  ( -13.47752471430761112, -70.89803263059943106, 31.72428531899837978 ) ) ;
#6960 = FACE_OUTER_BOUND ( 'NONE', #3544, .T. ) ;
#6961 = CARTESIAN_POINT ( 'NONE',  ( -19.51407723128640370, -64.55082791155815869, 5.027514273990785654 ) ) ;
#6962 = DIRECTION ( 'NONE',  ( -1.000000000000000000, -3.202566417187959410E-16, -5.538243286956559678E-16 ) ) ;
#6963 = ORIENTED_EDGE ( 'NONE', *, *, #6832, .T. ) ;
#6964 = CYLINDRICAL_SURFACE ( 'NONE', #7003, 3.199999999999999734 ) ;
#6965 = ORIENTED_EDGE ( 'NONE', *, *, #5640, .T. ) ;
#6966 = EDGE_CURVE ( 'NONE', #4844, #499, #7450, .T. ) ;
#6967 = EDGE_CURVE ( 'NONE', #5059, #3306, #6323, .T. ) ;
#6968 = DIRECTION ( 'NONE',  ( -4.557819132794839459E-16, 1.000000000000000000, -0.000000000000000000 ) ) ;
#6969 = CARTESIAN_POINT ( 'NONE',  ( 8.442874064022872105, -72.18325312333358568, 10.99999725673800199 ) ) ;
#6970 = VECTOR ( 'NONE', #4255, 1000.000000000000000 ) ;
#6971 = CARTESIAN_POINT ( 'NONE',  ( -11.79276423705798571, -28.43041412370568821, 37.94982713652841255 ) ) ;
#6972 = ORIENTED_EDGE ( 'NONE', *, *, #3846, .T. ) ;
#6973 = CARTESIAN_POINT ( 'NONE',  ( 4.949747468305815801, -43.05025253169415578, 3.000000000000000888 ) ) ;
#6974 = ORIENTED_EDGE ( 'NONE', *, *, #2602, .T. ) ;
#6975 = EDGE_CURVE ( 'NONE', #4831, #5786, #6036, .T. ) ;
#6976 = CARTESIAN_POINT ( 'NONE',  ( 6.957540342595643246, -31.85000000000000497, 23.73186459032546480 ) ) ;
#6977 = ORIENTED_EDGE ( 'NONE', *, *, #2101, .F. ) ;
#6978 = CYLINDRICAL_SURFACE ( 'NONE', #3958, 3.199999999999999734 ) ;
#6979 = EDGE_LOOP ( 'NONE', ( #3626, #7370, #1170, #3007 ) ) ;
#6980 = ORIENTED_EDGE ( 'NONE', *, *, #4924, .F. ) ;
#6981 = DIRECTION ( 'NONE',  ( 0.000000000000000000, 0.000000000000000000, -1.000000000000000000 ) ) ;
#6982 = ORIENTED_EDGE ( 'NONE', *, *, #378, .F. ) ;
#6983 = CARTESIAN_POINT ( 'NONE',  ( -29.83827584015569201, -56.90130365467717155, 5.000000000000000000 ) ) ;
#6984 = CARTESIAN_POINT ( 'NONE',  ( 9.750000000000003553, -28.50000000000000711, 13.00000000000000178 ) ) ;
#6985 = AXIS2_PLACEMENT_3D ( 'NONE', #6637, #1940, #4263 ) ;
#6986 = ORIENTED_EDGE ( 'NONE', *, *, #4582, .T. ) ;
#6987 = CARTESIAN_POINT ( 'NONE',  ( -5.736162321940784459, -43.05146222423827851, 41.85000000000000142 ) ) ;
#6988 = CARTESIAN_POINT ( 'NONE',  ( -11.06074065087061165, -70.12127235855446372, 35.32183989519215572 ) ) ;
#6989 = CARTESIAN_POINT ( 'NONE',  ( 12.26637933012581527, -69.08772218248741126, 5.001282804481280486 ) ) ;
#6990 = EDGE_LOOP ( 'NONE', ( #1863, #1021, #49, #4805 ) ) ;
#6991 = ORIENTED_EDGE ( 'NONE', *, *, #6730, .F. ) ;
#6992 = AXIS2_PLACEMENT_3D ( 'NONE', #235, #7179, #1950 ) ;
#6993 = FACE_OUTER_BOUND ( 'NONE', #7183, .T. ) ;
#6994 = ORIENTED_EDGE ( 'NONE', *, *, #6564, .F. ) ;
#6995 = DIRECTION ( 'NONE',  ( -1.000000000000000000, 0.000000000000000000, 0.000000000000000000 ) ) ;
#6996 = CARTESIAN_POINT ( 'NONE',  ( -32.83627129342519169, -54.36378203685261923, 5.000000000000000000 ) ) ;
#6997 = EDGE_CURVE ( 'NONE', #1379, #5344, #6490, .T. ) ;
#6998 = CIRCLE ( 'NONE', #4675, 3.200000000000000622 ) ;
#6999 = CARTESIAN_POINT ( 'NONE',  ( -14.40940623825195388, -70.74539522919835122, 6.596868880343739860 ) ) ;
#7000 = CARTESIAN_POINT ( 'NONE',  ( -27.73620972503529458, -43.26718681530833521, 37.23624902382109525 ) ) ;
#7001 = CARTESIAN_POINT ( 'NONE',  ( 11.46637202853521664, -76.00000000000001421, 5.000279935673839660 ) ) ;
#7002 = CARTESIAN_POINT ( 'NONE',  ( 4.389956758816826010, -72.79999999999999716, -1.758964032645780273 ) ) ;
#7003 = AXIS2_PLACEMENT_3D ( 'NONE', #2914, #5255, #5902 ) ;
#7004 = ORIENTED_EDGE ( 'NONE', *, *, #6599, .F. ) ;
#7005 = CARTESIAN_POINT ( 'NONE',  ( -8.800000000000002487, -31.85000000000001563, 33.75000000000000000 ) ) ;
#7006 = CARTESIAN_POINT ( 'NONE',  ( 4.949747468305815801, -43.05025253169415578, 3.000000000000000000 ) ) ;
#7007 = ORIENTED_EDGE ( 'NONE', *, *, #4556, .F. ) ;
#7008 = VECTOR ( 'NONE', #2889, 1000.000000000000000 ) ;
#7009 = AXIS2_PLACEMENT_3D ( 'NONE', #1581, #4390, #2741 ) ;
#7010 = CARTESIAN_POINT ( 'NONE',  ( -11.17074118065658794, -66.20000000000000284, 13.25000000000000000 ) ) ;
#7011 = EDGE_CURVE ( 'NONE', #1293, #7131, #690, .T. ) ;
#7012 = CARTESIAN_POINT ( 'NONE',  ( -34.82561617813489363, -40.96425748895590147, 37.05029354652139517 ) ) ;
#7013 = DIRECTION ( 'NONE',  ( -0.8518146790820695369, 0.5238432518419139372, 0.000000000000000000 ) ) ;
#7014 = VERTEX_POINT ( 'NONE', #1385 ) ;
#7015 = B_SPLINE_CURVE_WITH_KNOTS ( 'NONE', 3,
 ( #1848, #2414, #1811, #4167, #5368, #6506, #209, #134, #5329, #1250, #7039, #2498, #4787 ),
 .UNSPECIFIED., .F., .F.,
 ( 4, 3, 3, 3, 4 ),
 ( 0.000000000000000000, 0.2518368183685780193, 0.3777552275528710535, 0.5036736367371660306, 0.6259004133612969811 ),
 .UNSPECIFIED. ) ;
#7016 = VECTOR ( 'NONE', #6222, 1000.000000000000114 ) ;
#7017 = VECTOR ( 'NONE', #2725, 1000.000000000000227 ) ;
#7018 = CARTESIAN_POINT ( 'NONE',  ( -11.06074065087059388, -71.99246739793527183, 14.82183989519218059 ) ) ;
#7019 = ORIENTED_EDGE ( 'NONE', *, *, #6254, .T. ) ;
#7020 = FACE_OUTER_BOUND ( 'NONE', #5980, .T. ) ;
#7021 = VECTOR ( 'NONE', #4867, 999.9999999999998863 ) ;
#7022 = EDGE_CURVE ( 'NONE', #2660, #3642, #7488, .T. ) ;
#7023 = VERTEX_POINT ( 'NONE', #2522 ) ;
#7024 = ORIENTED_EDGE ( 'NONE', *, *, #3983, .F. ) ;
#7025 = CARTESIAN_POINT ( 'NONE',  ( -3.149999999999992362, -48.00000000000000711, 9.000000000000000000 ) ) ;
#7026 = ORIENTED_EDGE ( 'NONE', *, *, #5434, .T. ) ;
#7027 = DIRECTION ( 'NONE',  ( 1.000000000000000000, 0.000000000000000000, 0.000000000000000000 ) ) ;
#7028 = CARTESIAN_POINT ( 'NONE',  ( 8.803989441866244547, -72.97740167200801409, 5.001282804481281374 ) ) ;
#7029 = DIRECTION ( 'NONE',  ( 0.000000000000000000, 0.7071067811865472397, 0.7071067811865477948 ) ) ;
#7030 = CARTESIAN_POINT ( 'NONE',  ( -35.19999999999999574, -43.39921990116542361, 22.70015972323550102 ) ) ;
#7031 = EDGE_CURVE ( 'NONE', #73, #1278, #2494, .T. ) ;
#7032 = ORIENTED_EDGE ( 'NONE', *, *, #2585, .T. ) ;
#7033 = DIRECTION ( 'NONE',  ( 0.000000000000000000, 0.000000000000000000, -1.000000000000000000 ) ) ;
#7034 = ORIENTED_EDGE ( 'NONE', *, *, #6203, .T. ) ;
#7035 = CARTESIAN_POINT ( 'NONE',  ( -32.13558876035099843, -53.42276734446368636, 5.000000000000000000 ) ) ;
#7036 = LINE ( 'NONE', #2982, #3530 ) ;
#7037 = CARTESIAN_POINT ( 'NONE',  ( -10.71366012283418456, -69.00000000000000000, 8.000000000000000000 ) ) ;
#7038 = CARTESIAN_POINT ( 'NONE',  ( 2.187635625451409549, -45.76606005078153316, 3.000000000000000000 ) ) ;
#7039 = CARTESIAN_POINT ( 'NONE',  ( -34.13385921873299367, -56.64245703356903050, 37.05029354652139517 ) ) ;
#7040 = EDGE_CURVE ( 'NONE', #5347, #4897, #4158, .T. ) ;
#7041 = EDGE_CURVE ( 'NONE', #3881, #3615, #5556, .T. ) ;
#7042 =( BOUNDED_CURVE ( )  B_SPLINE_CURVE ( 3, ( #169, #697, #1314, #5897 ),
 .UNSPECIFIED., .F., .T. ) 
 B_SPLINE_CURVE_WITH_KNOTS ( ( 4, 4 ),
 ( 4.712388995673549630, 6.283185307179586232 ),
 .UNSPECIFIED. ) 
 CURVE ( )  GEOMETRIC_REPRESENTATION_ITEM ( )  RATIONAL_B_SPLINE_CURVE ( ( 1.000000000000000000, 0.8047378577279837852, 0.8047378577279837852, 1.000000000000000000 ) ) 
 REPRESENTATION_ITEM ( '' )  );
#7043 = ORIENTED_EDGE ( 'NONE', *, *, #5532, .F. ) ;
#7044 = DIRECTION ( 'NONE',  ( -1.000000000000000000, 0.000000000000000000, 0.000000000000000000 ) ) ;
#7045 = DIRECTION ( 'NONE',  ( 3.202566417187959410E-16, -1.000000000000000000, 0.000000000000000000 ) ) ;
#7046 = EDGE_LOOP ( 'NONE', ( #1457, #2862, #3206, #4608, #3184 ) ) ;
#7047 = VECTOR ( 'NONE', #6942, 1000.000000000000000 ) ;
#7048 = CYLINDRICAL_SURFACE ( 'NONE', #4184, 1.249999999999997558 ) ;
#7049 = CARTESIAN_POINT ( 'NONE',  ( 7.236561579255285537, -43.05025253169416288, 3.000000000000000000 ) ) ;
#7050 = ORIENTED_EDGE ( 'NONE', *, *, #4702, .T. ) ;
#7051 = FACE_OUTER_BOUND ( 'NONE', #600, .T. ) ;
#7052 = ORIENTED_EDGE ( 'NONE', *, *, #1441, .T. ) ;
#7053 = CIRCLE ( 'NONE', #4368, 3.000000000000000000 ) ;
#7054 = EDGE_CURVE ( 'NONE', #6572, #5579, #4271, .T. ) ;
#7055 = AXIS2_PLACEMENT_3D ( 'NONE', #1808, #6538, #5287 ) ;
#7056 = FACE_OUTER_BOUND ( 'NONE', #4697, .T. ) ;
#7057 = EDGE_LOOP ( 'NONE', ( #6986, #3166, #432, #52 ) ) ;
#7058 = ORIENTED_EDGE ( 'NONE', *, *, #4965, .T. ) ;
#7059 = VECTOR ( 'NONE', #1154, 1000.000000000000114 ) ;
#7060 = CARTESIAN_POINT ( 'NONE',  ( -3.830286123484433425, -44.19340881910664365, 3.000000000000000000 ) ) ;
#7061 = ORIENTED_EDGE ( 'NONE', *, *, #3698, .T. ) ;
#7062 = CARTESIAN_POINT ( 'NONE',  ( -13.54942336130928560, -68.11806348364291352, 8.000000000000000000 ) ) ;
#7063 = CARTESIAN_POINT ( 'NONE',  ( -3.359606041817541300, -69.80628330619408928, 5.000000000000000888 ) ) ;
#7064 = VERTEX_POINT ( 'NONE', #7070 ) ;
#7065 = EDGE_CURVE ( 'NONE', #1333, #2518, #4195, .T. ) ;
#7066 = EDGE_CURVE ( 'NONE', #5776, #5526, #1530, .T. ) ;
#7067 = VECTOR ( 'NONE', #5217, 1000.000000000000000 ) ;
#7068 = LINE ( 'NONE', #3545, #795 ) ;
#7069 = CARTESIAN_POINT ( 'NONE',  ( -25.52027900541649430, -52.73281318469169321, 37.74724560661339723 ) ) ;
#7070 = CARTESIAN_POINT ( 'NONE',  ( -32.19999999999999574, -52.58773621891329952, 5.000000000000000000 ) ) ;
#7071 = AXIS2_PLACEMENT_3D ( 'NONE', #1681, #2134, #5001 ) ;
#7072 = ORIENTED_EDGE ( 'NONE', *, *, #2284, .T. ) ;
#7073 = LINE ( 'NONE', #1840, #2667 ) ;
#7074 = ORIENTED_EDGE ( 'NONE', *, *, #3151, .F. ) ;
#7075 = CARTESIAN_POINT ( 'NONE',  ( -33.79944748502779106, -56.11488065206361142, 5.753556018496670532 ) ) ;
#7076 = CARTESIAN_POINT ( 'NONE',  ( -12.59999999999998899, -57.70673426229028280, 13.25000000000000000 ) ) ;
#7077 = EDGE_CURVE ( 'NONE', #7173, #1440, #2962, .T. ) ;
#7078 = CARTESIAN_POINT ( 'NONE',  ( 19.99999932944771075, -62.00000000000000000, 10.99999725673800199 ) ) ;
#7079 = CARTESIAN_POINT ( 'NONE',  ( 19.99999932944769654, -24.87867965643947699, 10.12131760029851968 ) ) ;
#7080 = CARTESIAN_POINT ( 'NONE',  ( 11.43511547057321565, -76.00000000000001421, 12.31095324141129943 ) ) ;
#7081 = EDGE_LOOP ( 'NONE', ( #801, #1789, #3656 ) ) ;
#7082 = CARTESIAN_POINT ( 'NONE',  ( -24.20974923444040172, -35.20154201294533891, 37.83804193682240680 ) ) ;
#7083 = CARTESIAN_POINT ( 'NONE',  ( 6.069208813127206170, -41.90709624428166791, 3.000000000000000000 ) ) ;
#7084 = ORIENTED_EDGE ( 'NONE', *, *, #717, .T. ) ;
#7085 = EDGE_CURVE ( 'NONE', #714, #4461, #1152, .T. ) ;
#7086 = CARTESIAN_POINT ( 'NONE',  ( -30.69722683092826543, -37.85841850986000168, 5.378642266398036220 ) ) ;
#7087 = DIRECTION ( 'NONE',  ( 0.000000000000000000, 0.000000000000000000, 1.000000000000000000 ) ) ;
#7088 = CARTESIAN_POINT ( 'NONE',  ( 0.7229043304590875296, -31.85000000000002274, 36.72355941033036686 ) ) ;
#7089 = CARTESIAN_POINT ( 'NONE',  ( -11.85808369547044094, -69.98586967793031022, 35.82715949855928272 ) ) ;
#7090 = ORIENTED_EDGE ( 'NONE', *, *, #7208, .T. ) ;
#7091 = CARTESIAN_POINT ( 'NONE',  ( -13.83854356080726511, -71.36658820604642983, 15.08031547152104324 ) ) ;
#7092 = VERTEX_POINT ( 'NONE', #6588 ) ;
#7093 = ADVANCED_FACE ( 'NONE', ( #6055 ), #7197, .F. ) ;
#7094 = AXIS2_PLACEMENT_3D ( 'NONE', #4947, #4984, #4407 ) ;
#7095 = ORIENTED_EDGE ( 'NONE', *, *, #5988, .T. ) ;
#7096 = ORIENTED_EDGE ( 'NONE', *, *, #1155, .F. ) ;
#7097 = CARTESIAN_POINT ( 'NONE',  ( -11.06074065087061165, -66.25147664285694304, 11.67816010480783895 ) ) ;
#7098 = ORIENTED_EDGE ( 'NONE', *, *, #3041, .T. ) ;
#7099 = ORIENTED_EDGE ( 'NONE', *, *, #2884, .T. ) ;
#7100 = ORIENTED_EDGE ( 'NONE', *, *, #7040, .T. ) ;
#7101 = DIRECTION ( 'NONE',  ( 1.000000000000000000, 0.000000000000000000, 0.000000000000000000 ) ) ;
#7102 = DIRECTION ( 'NONE',  ( 1.000000000000000000, -4.336808689942017736E-15, 0.000000000000000000 ) ) ;
#7103 = CARTESIAN_POINT ( 'NONE',  ( -12.00145048209410170, -71.89868569261031439, 11.12182144038110643 ) ) ;
#7104 = AXIS2_PLACEMENT_3D ( 'NONE', #4749, #1845, #3022 ) ;
#7105 = ORIENTED_EDGE ( 'NONE', *, *, #6277, .T. ) ;
#7106 = ORIENTED_EDGE ( 'NONE', *, *, #2076, .T. ) ;
#7107 = DIRECTION ( 'NONE',  ( 1.000000000000000000, -4.198920413646430674E-16, -0.000000000000000000 ) ) ;
#7108 = EDGE_CURVE ( 'NONE', #2356, #1108, #4138, .T. ) ;
#7109 = VERTEX_POINT ( 'NONE', #3108 ) ;
#7110 = CARTESIAN_POINT ( 'NONE',  ( -34.19988771951049245, -55.19111050792103867, 5.753556018496670532 ) ) ;
#7111 = EDGE_CURVE ( 'NONE', #2882, #7289, #178, .T. ) ;
#7112 = DIRECTION ( 'NONE',  ( 0.7071067811865480168, 2.264556430793913474E-16, 0.7071067811865470176 ) ) ;
#7113 = B_SPLINE_CURVE_WITH_KNOTS ( 'NONE', 3,
 ( #7377, #4429, #2171, #4531 ),
 .UNSPECIFIED., .F., .F.,
 ( 4, 4 ),
 ( 0.002336969674118669679, 0.002503819976659099958 ),
 .UNSPECIFIED. ) ;
#7114 = CARTESIAN_POINT ( 'NONE',  ( -19.39320441205447310, -66.76000403419610052, 5.953160449475307203 ) ) ;
#7115 = AXIS2_PLACEMENT_3D ( 'NONE', #1623, #4474, #539 ) ;
#7116 = DIRECTION ( 'NONE',  ( 0.000000000000000000, -0.000000000000000000, 1.000000000000000000 ) ) ;
#7117 = EDGE_CURVE ( 'NONE', #2991, #2699, #6474, .T. ) ;
#7118 = CARTESIAN_POINT ( 'NONE',  ( -35.19417453864529932, -53.27066219616098408, -1.410058709304360169 ) ) ;
#7119 = DIRECTION ( 'NONE',  ( 0.6996633405133628747, 2.240718317665639944E-16, -0.7144726796328059182 ) ) ;
#7120 = CARTESIAN_POINT ( 'NONE',  ( 3.079140813544282818, -64.15000000000000568, 13.73015368960709814 ) ) ;
#7121 = ORIENTED_EDGE ( 'NONE', *, *, #3491, .F. ) ;
#7122 = COLOUR_RGB ( '',1.000000000000000000, 1.000000000000000000, 1.000000000000000000 ) ;
#7123 = DIRECTION ( 'NONE',  ( -1.000000000000000000, 0.000000000000000000, 0.000000000000000000 ) ) ;
#7124 = AXIS2_PLACEMENT_3D ( 'NONE', #7006, #101, #2379 ) ;
#7125 = CARTESIAN_POINT ( 'NONE',  ( -11.31953010971129459, -68.71766384754286605, 11.45366672127640406 ) ) ;
#7126 = CARTESIAN_POINT ( 'NONE',  ( -12.00000000000001066, -47.02943725152284316, 1.000000000000000000 ) ) ;
#7127 = FACE_OUTER_BOUND ( 'NONE', #2773, .T. ) ;
#7128 = ADVANCED_FACE ( 'NONE', ( #5500 ), #5375, .T. ) ;
#7129 = CARTESIAN_POINT ( 'NONE',  ( -10.99999999999999822, -25.45755441089779936, 33.75000000000000000 ) ) ;
#7130 = CARTESIAN_POINT ( 'NONE',  ( 7.686159401251103766E-15, -48.00000000000000711, -1.000000000000000000 ) ) ;
#7131 = VERTEX_POINT ( 'NONE', #4213 ) ;
#7132 = CARTESIAN_POINT ( 'NONE',  ( -29.80864771752532860, -35.81395822118428640, 36.80736321883505013 ) ) ;
#7133 = ORIENTED_EDGE ( 'NONE', *, *, #6841, .F. ) ;
#7134 = VECTOR ( 'NONE', #7013, 1000.000000000000000 ) ;
#7135 = VERTEX_POINT ( 'NONE', #4029 ) ;
#7136 = EDGE_LOOP ( 'NONE', ( #3839, #2159, #4013, #3771 ) ) ;
#7137 = AXIS2_PLACEMENT_3D ( 'NONE', #2657, #5586, #978 ) ;
#7138 = DIRECTION ( 'NONE',  ( -4.557819132794839459E-16, 1.000000000000000000, 0.000000000000000000 ) ) ;
#7139 = EDGE_LOOP ( 'NONE', ( #1829, #5478, #1271, #3740 ) ) ;
#7140 = EDGE_CURVE ( 'NONE', #1333, #5623, #2800, .T. ) ;
#7141 = DIRECTION ( 'NONE',  ( 1.000000000000000000, 0.000000000000000000, 0.000000000000000000 ) ) ;
#7142 = EDGE_LOOP ( 'NONE', ( #274, #6342, #7105, #1642 ) ) ;
#7143 = ORIENTED_EDGE ( 'NONE', *, *, #2761, .T. ) ;
#7144 = B_SPLINE_CURVE_WITH_KNOTS ( 'NONE', 3,
 ( #2051, #1532, #2012, #6710, #4952, #1492 ),
 .UNSPECIFIED., .F., .F.,
 ( 4, 2, 4 ),
 ( 0.000000000000000000, 0.5000000000000000000, 1.000000000000000000 ),
 .UNSPECIFIED. ) ;
#7145 = CARTESIAN_POINT ( 'NONE',  ( -5.736162321940780906, -52.94853777576173570, 41.85000000000000142 ) ) ;
#7146 = CARTESIAN_POINT ( 'NONE',  ( 26.99999932944770720, -34.00000000000000000, 7.999997256737990448 ) ) ;
#7147 = DIRECTION ( 'NONE',  ( 3.202566417187959410E-16, -1.000000000000000000, 0.000000000000000000 ) ) ;
#7148 = DIRECTION ( 'NONE',  ( 3.202566417187959410E-16, -1.000000000000000000, 0.000000000000000000 ) ) ;
#7149 = ORIENTED_EDGE ( 'NONE', *, *, #4654, .F. ) ;
#7150 = CARTESIAN_POINT ( 'NONE',  ( 9.377456594438738691, -43.19314706762071410, -1.813288857160449963 ) ) ;
#7151 = ORIENTED_EDGE ( 'NONE', *, *, #2182, .F. ) ;
#7152 = CARTESIAN_POINT ( 'NONE',  ( -30.60292349439888682, -57.45810393575458619, 5.000000000000000000 ) ) ;
#7153 = AXIS2_PLACEMENT_3D ( 'NONE', #1904, #4847, #5554 ) ;
#7154 = CARTESIAN_POINT ( 'NONE',  ( -17.49999999999998934, -71.12132034355967392, 5.878679656440358947 ) ) ;
#7155 = FACE_OUTER_BOUND ( 'NONE', #2876, .T. ) ;
#7156 = EDGE_CURVE ( 'NONE', #1293, #5201, #7362, .T. ) ;
#7157 = CARTESIAN_POINT ( 'NONE',  ( -10.99999999999999822, -38.29326573770973141, 33.75000000000000000 ) ) ;
#7158 = CARTESIAN_POINT ( 'NONE',  ( -8.100336659486627511, -31.85000000000001563, 12.53552732036719952 ) ) ;
#7159 = CARTESIAN_POINT ( 'NONE',  ( -5.736162321940783571, -44.31864903954659241, 37.94999999999999574 ) ) ;
#7160 = ORIENTED_EDGE ( 'NONE', *, *, #391, .T. ) ;
#7161 = DIRECTION ( 'NONE',  ( 3.093441612767900159E-16, -0.9659258262890682012, -0.2588190451025211281 ) ) ;
#7162 = EDGE_CURVE ( 'NONE', #3081, #6876, #5802, .T. ) ;
#7163 = DIRECTION ( 'NONE',  ( -1.000000000000000000, 0.000000000000000000, 0.000000000000000000 ) ) ;
#7164 = DIRECTION ( 'NONE',  ( 1.000000000000000000, 3.202566417187959410E-16, 0.000000000000000000 ) ) ;
#7165 = DIRECTION ( 'NONE',  ( 0.3420201433256661039, -6.765130461567709794E-17, -0.9396926207859093161 ) ) ;
#7166 = CARTESIAN_POINT ( 'NONE',  ( -9.601549693210497338, -57.70673426229028280, 33.60710546407344168 ) ) ;
#7167 = CARTESIAN_POINT ( 'NONE',  ( -9.656429494331542074, -26.00054196379971216, 35.77645713530759508 ) ) ;
#7168 = ORIENTED_EDGE ( 'NONE', *, *, #6546, .F. ) ;
#7169 = CARTESIAN_POINT ( 'NONE',  ( -30.07242025554421971, -35.90436602052056259, 36.76588598429278676 ) ) ;
#7170 = VERTEX_POINT ( 'NONE', #4557 ) ;
#7171 = CARTESIAN_POINT ( 'NONE',  ( 11.96638207278391342, -69.00000000000000000, 5.000000000000000000 ) ) ;
#7172 = DIRECTION ( 'NONE',  ( -0.7071067811865489050, -0.000000000000000000, -0.7071067811865462405 ) ) ;
#7173 = VERTEX_POINT ( 'NONE', #5729 ) ;
#7174 = VECTOR ( 'NONE', #6135, 1000.000000000000000 ) ;
#7175 = DIRECTION ( 'NONE',  ( 1.000000000000000000, 3.202566417187959410E-16, -3.965082230804129727E-16 ) ) ;
#7176 = ORIENTED_EDGE ( 'NONE', *, *, #5647, .F. ) ;
#7177 = APPLICATION_CONTEXT ( 'automotive_design' ) ;
#7178 = CARTESIAN_POINT ( 'NONE',  ( 7.686159401251103766E-15, -48.00000000000000711, -1.000000000000000888 ) ) ;
#7179 = DIRECTION ( 'NONE',  ( 1.000000000000000000, 3.202566417187959410E-16, 0.000000000000000000 ) ) ;
#7180 = CARTESIAN_POINT ( 'NONE',  ( -11.22025490518274005, -71.98554033913607952, 11.52195220601333503 ) ) ;
#7181 = FACE_OUTER_BOUND ( 'NONE', #722, .T. ) ;
#7182 = VERTEX_POINT ( 'NONE', #6365 ) ;
#7183 = EDGE_LOOP ( 'NONE', ( #6470, #4722, #4161, #2068, #6980, #4344, #2485, #3900 ) ) ;
#7184 = VERTEX_POINT ( 'NONE', #7506 ) ;
#7185 = CARTESIAN_POINT ( 'NONE',  ( -33.95764574959159177, -56.93797742613569568, 8.000000000000000000 ) ) ;
#7186 = CARTESIAN_POINT ( 'NONE',  ( -6.003173824600711583, -22.02986260798640572, 36.00000000000000000 ) ) ;
#7187 = CIRCLE ( 'NONE', #39, 3.000000000000000000 ) ;
#7188 = AXIS2_PLACEMENT_3D ( 'NONE', #230, #351, #7141 ) ;
#7189 = CARTESIAN_POINT ( 'NONE',  ( 3.624099999972907327, -72.48870084370908273, 5.000000000000000000 ) ) ;
#7190 = EDGE_CURVE ( 'NONE', #6572, #752, #2302, .T. ) ;
#7191 = CARTESIAN_POINT ( 'NONE',  ( -19.50919815995981210, -65.28618447079404064, 5.188882314027538634 ) ) ;
#7192 = CARTESIAN_POINT ( 'NONE',  ( -35.19999999999998863, -66.20000000000001705, 38.10000000000000142 ) ) ;
#7193 = FACE_OUTER_BOUND ( 'NONE', #6003, .T. ) ;
#7194 = ORIENTED_EDGE ( 'NONE', *, *, #3932, .F. ) ;
#7195 = CARTESIAN_POINT ( 'NONE',  ( -23.27530611321785159, -35.06368799341527165, 37.90909157306580823 ) ) ;
#7196 = DIRECTION ( 'NONE',  ( 9.896474485255559173E-17, -0.3090169943749439541, -0.9510565162951546414 ) ) ;
#7197 = PLANE ( 'NONE',  #688 ) ;
#7198 = DIRECTION ( 'NONE',  ( -0.8236126967285821721, 0.5671526476950208284, 4.934324553889579420E-17 ) ) ;
#7199 = CARTESIAN_POINT ( 'NONE',  ( -11.50645555139568366, -67.62292925546384481, 37.94989745360694400 ) ) ;
#7200 = DIRECTION ( 'NONE',  ( -3.736327486719284252E-16, 1.000000000000000000, 0.000000000000000000 ) ) ;
#7201 = CARTESIAN_POINT ( 'NONE',  ( 5.089950359281256276, -76.00000000000001421, -1.755970822189449887 ) ) ;
#7202 = CARTESIAN_POINT ( 'NONE',  ( -10.71366012283418456, -69.00000000000000000, 8.000000000000000000 ) ) ;
#7203 = CARTESIAN_POINT ( 'NONE',  ( 8.665299826697502539, -73.12001803215649431, 5.001282804481280486 ) ) ;
#7204 = CARTESIAN_POINT ( 'NONE',  ( -35.02218994020169873, -41.72010589939802117, 37.05029354652139517 ) ) ;
#7205 = DIRECTION ( 'NONE',  ( -1.000000000000000000, -1.601283208593979705E-16, 0.000000000000000000 ) ) ;
#7206 = ADVANCED_FACE ( 'NONE', ( #7465 ), #3953, .F. ) ;
#7207 = ORIENTED_EDGE ( 'NONE', *, *, #4163, .T. ) ;
#7208 = EDGE_CURVE ( 'NONE', #879, #223, #428, .T. ) ;
#7209 = CARTESIAN_POINT ( 'NONE',  ( -28.68244471543345142, -35.49553573727341416, 37.01412653273194309 ) ) ;
#7210 = EDGE_LOOP ( 'NONE', ( #5709, #2704, #3969, #6271 ) ) ;
#7211 = ORIENTED_EDGE ( 'NONE', *, *, #4804, .T. ) ;
#7212 = EDGE_LOOP ( 'NONE', ( #1399, #7486, #5916, #538 ) ) ;
#7213 = DIRECTION ( 'NONE',  ( 0.000000000000000000, -1.000000000000000000, 0.000000000000000000 ) ) ;
#7214 = EDGE_CURVE ( 'NONE', #4936, #1089, #433, .T. ) ;
#7215 = LINE ( 'NONE', #1944, #1475 ) ;
#7216 = EDGE_LOOP ( 'NONE', ( #6181, #528, #5837, #5497 ) ) ;
#7217 = CIRCLE ( 'NONE', #4770, 3.000000000001249667 ) ;
#7218 = CARTESIAN_POINT ( 'NONE',  ( 10.13402862508619329, -26.61666666666667069, 17.81285991862285911 ) ) ;
#7219 = DIRECTION ( 'NONE',  ( 0.7144726796328095819, 0.6996633405133589889, 0.000000000000000000 ) ) ;
#7220 = DIRECTION ( 'NONE',  ( -3.202566417187959410E-16, 1.000000000000000000, 0.000000000000000000 ) ) ;
#7221 = CARTESIAN_POINT ( 'NONE',  ( -5.754360833654087237, -64.15000000000000568, 38.00000000000000000 ) ) ;
#7222 = ORIENTED_EDGE ( 'NONE', *, *, #3270, .F. ) ;
#7223 = VERTEX_POINT ( 'NONE', #4521 ) ;
#7224 = CARTESIAN_POINT ( 'NONE',  ( -23.62004902247348426, -72.00000000000002842, -0.6208233277416423945 ) ) ;
#7225 = DIRECTION ( 'NONE',  ( -9.367723249499515189E-31, 1.000000000000000000, 0.000000000000000000 ) ) ;
#7226 = DIRECTION ( 'NONE',  ( 0.7071067811865480168, -0.7071067811865470176, 0.000000000000000000 ) ) ;
#7227 = LINE ( 'NONE', #140, #4540 ) ;
#7228 = DIRECTION ( 'NONE',  ( 0.000000000000000000, 0.000000000000000000, -1.000000000000000000 ) ) ;
#7229 = DIRECTION ( 'NONE',  ( 0.7022386031820907482, -0.1842640636922310837, -0.6876828477085140667 ) ) ;
#7230 = ORIENTED_EDGE ( 'NONE', *, *, #4996, .T. ) ;
#7231 = CARTESIAN_POINT ( 'NONE',  ( -24.22713243034510455, -35.20338021551167884, 37.83638643255251566 ) ) ;
#7232 = EDGE_CURVE ( 'NONE', #4181, #7109, #82, .T. ) ;
#7233 = CARTESIAN_POINT ( 'NONE',  ( -14.99999999999998579, -64.15000000000000568, 38.00000000000000000 ) ) ;
#7234 = VECTOR ( 'NONE', #7251, 1000.000000000000000 ) ;
#7235 = CARTESIAN_POINT ( 'NONE',  ( -11.06074065087061165, -71.99246739793527183, 11.67816010480783895 ) ) ;
#7236 = CARTESIAN_POINT ( 'NONE',  ( -11.63785628895685953, -67.60214699567291063, 37.94988772960412859 ) ) ;
#7237 = TOROIDAL_SURFACE ( 'NONE', #6153, 7.000000000000000000, 3.000000000000000000 ) ;
#7238 = CARTESIAN_POINT ( 'NONE',  ( 3.468565996572069210, -30.65000000000000924, 30.64999999999999858 ) ) ;
#7239 = DIRECTION ( 'NONE',  ( -3.202566417187959410E-16, 1.000000000000000000, 0.000000000000000000 ) ) ;
#7240 = DIRECTION ( 'NONE',  ( -0.7169074220613282922, 0.6971683786528047877, 0.000000000000000000 ) ) ;
#7241 = CARTESIAN_POINT ( 'NONE',  ( -17.50000000000000000, -24.00000000000001421, 8.000000000000000000 ) ) ;
#7242 = AXIS2_PLACEMENT_3D ( 'NONE', #3202, #7404, #1498 ) ;
#7243 = CARTESIAN_POINT ( 'NONE',  ( -10.71366012283418456, -71.65164535200851503, 6.596868884540119993 ) ) ;
#7244 = ORIENTED_EDGE ( 'NONE', *, *, #2515, .F. ) ;
#7245 = DIRECTION ( 'NONE',  ( 0.000000000000000000, 0.000000000000000000, -1.000000000000000000 ) ) ;
#7246 = ORIENTED_EDGE ( 'NONE', *, *, #5251, .F. ) ;
#7247 =( BOUNDED_CURVE ( )  B_SPLINE_CURVE ( 3, ( #4978, #4401, #6167, #6661 ),
 .UNSPECIFIED., .F., .T. ) 
 B_SPLINE_CURVE_WITH_KNOTS ( ( 4, 4 ),
 ( 0.7895905687992950117, 0.9397873465245429880 ),
 .UNSPECIFIED. ) 
 CURVE ( )  GEOMETRIC_REPRESENTATION_ITEM ( )  RATIONAL_B_SPLINE_CURVE ( ( 1.000000000000000000, 0.9981209606913108434, 0.9981209606913108434, 1.000000000000000000 ) ) 
 REPRESENTATION_ITEM ( '' )  );
#7248 = EDGE_CURVE ( 'NONE', #3084, #3214, #4293, .T. ) ;
#7249 = CARTESIAN_POINT ( 'NONE',  ( 7.686159401251103766E-15, -48.00000000000000711, 3.000000000000000000 ) ) ;
#7250 = CARTESIAN_POINT ( 'NONE',  ( -11.17074118065658794, -64.15000000000000568, 13.25000000000000000 ) ) ;
#7251 = DIRECTION ( 'NONE',  ( 0.000000000000000000, 0.000000000000000000, -1.000000000000000000 ) ) ;
#7252 = PLANE ( 'NONE',  #1173 ) ;
#7253 = ORIENTED_EDGE ( 'NONE', *, *, #2222, .F. ) ;
#7254 = VECTOR ( 'NONE', #5723, 1000.000000000000000 ) ;
#7255 = CARTESIAN_POINT ( 'NONE',  ( 7.188670157948612527, -55.23606004313081286, -1.813288857160449963 ) ) ;
#7256 = ORIENTED_EDGE ( 'NONE', *, *, #707, .T. ) ;
#7257 = CARTESIAN_POINT ( 'NONE',  ( 9.949151789038614524, -24.00000000000000355, 18.15476262863604973 ) ) ;
#7258 = AXIS2_PLACEMENT_3D ( 'NONE', #5080, #6795, #3918 ) ;
#7259 = EDGE_CURVE ( 'NONE', #7451, #288, #2508, .T. ) ;
#7260 = VECTOR ( 'NONE', #974, 1000.000000000000000 ) ;
#7261 = CARTESIAN_POINT ( 'NONE',  ( -1.453977804830922871, -26.56004808510276760, 37.86456240715623522 ) ) ;
#7262 = ORIENTED_EDGE ( 'NONE', *, *, #3792, .F. ) ;
#7263 = VERTEX_POINT ( 'NONE', #712 ) ;
#7264 = ORIENTED_EDGE ( 'NONE', *, *, #6902, .F. ) ;
#7265 = CARTESIAN_POINT ( 'NONE',  ( -31.55817393255138370, -59.35940320652521507, 8.000000000000000000 ) ) ;
#7266 = CARTESIAN_POINT ( 'NONE',  ( -32.27719190832488749, -58.81443563210297043, 36.68644799397512202 ) ) ;
#7267 = AXIS2_PLACEMENT_3D ( 'NONE', #938, #3724, #6136 ) ;
#7268 = DIRECTION ( 'NONE',  ( -0.7071067811865480168, -1.398600374558419448E-16, 0.7071067811865470176 ) ) ;
#7269 = CARTESIAN_POINT ( 'NONE',  ( -14.54650150858170221, -27.86528133948421626, 37.65257517632141315 ) ) ;
#7270 = CARTESIAN_POINT ( 'NONE',  ( 11.87156206987334350, -31.85000000000000497, 14.59999908557934134 ) ) ;
#7271 = LINE ( 'NONE', #2075, #7021 ) ;
#7272 = DIRECTION ( 'NONE',  ( 0.8236126967285883893, 0.5671526476950120577, -0.000000000000000000 ) ) ;
#7273 = VERTEX_POINT ( 'NONE', #6628 ) ;
#7274 = DIRECTION ( 'NONE',  ( -1.000000000000000000, 0.000000000000000000, 0.000000000000000000 ) ) ;
#7275 = FACE_OUTER_BOUND ( 'NONE', #2172, .T. ) ;
#7276 = LINE ( 'NONE', #1365, #1941 ) ;
#7277 = CARTESIAN_POINT ( 'NONE',  ( 12.23168734486821485, -76.00000000000001421, 13.11436673960649912 ) ) ;
#7278 = EDGE_CURVE ( 'NONE', #2099, #36, #3115, .T. ) ;
#7279 = CARTESIAN_POINT ( 'NONE',  ( 16.00000000000000355, -31.85000000000000497, 30.64999999999999858 ) ) ;
#7280 = FACE_OUTER_BOUND ( 'NONE', #38, .T. ) ;
#7281 = PLANE ( 'NONE',  #344 ) ;
#7282 = CARTESIAN_POINT ( 'NONE',  ( -5.736162321940776465, -67.64711616306480835, 37.94999999999999574 ) ) ;
#7283 = ORIENTED_EDGE ( 'NONE', *, *, #717, .F. ) ;
#7284 = LINE ( 'NONE', #6713, #3581 ) ;
#7285 = ORIENTED_EDGE ( 'NONE', *, *, #160, .T. ) ;
#7286 = ORIENTED_EDGE ( 'NONE', *, *, #2631, .T. ) ;
#7287 = EDGE_CURVE ( 'NONE', #1823, #2354, #2545, .T. ) ;
#7288 = CARTESIAN_POINT ( 'NONE',  ( 11.46637202853521664, -76.00000000000001421, 5.000279944067120397 ) ) ;
#7289 = VERTEX_POINT ( 'NONE', #5906 ) ;
#7290 = DIRECTION ( 'NONE',  ( -3.202566417187959410E-16, 1.000000000000000000, 0.000000000000000000 ) ) ;
#7291 = ORIENTED_EDGE ( 'NONE', *, *, #797, .T. ) ;
#7292 = CARTESIAN_POINT ( 'NONE',  ( -11.21717905248090652, -69.00000000000002842, 4.999999999999999112 ) ) ;
#7293 = EDGE_LOOP ( 'NONE', ( #4376, #1760, #3291, #3808 ) ) ;
#7294 = CARTESIAN_POINT ( 'NONE',  ( 11.06835659666617211, -31.85000000000000497, 16.08521440763847465 ) ) ;
#7295 = DIRECTION ( 'NONE',  ( 1.000000000000000000, 4.557819132794839459E-16, -0.000000000000000000 ) ) ;
#7296 = ORIENTED_EDGE ( 'NONE', *, *, #4034, .F. ) ;
#7297 = ORIENTED_EDGE ( 'NONE', *, *, #1462, .T. ) ;
#7298 = AXIS2_PLACEMENT_3D ( 'NONE', #1499, #3806, #3162 ) ;
#7299 = ORIENTED_EDGE ( 'NONE', *, *, #3331, .T. ) ;
#7300 = CARTESIAN_POINT ( 'NONE',  ( -32.17600350071848680, -58.90205767508401635, 7.326801574230760394 ) ) ;
#7301 = CARTESIAN_POINT ( 'NONE',  ( -32.76913067094036336, -58.37213992601861889, 36.75812619951952342 ) ) ;
#7302 = EDGE_CURVE ( 'NONE', #4136, #5284, #6266, .T. ) ;
#7303 = EDGE_CURVE ( 'NONE', #4461, #1534, #6477, .T. ) ;
#7304 = LINE ( 'NONE', #2041, #5505 ) ;
#7305 =( LENGTH_UNIT ( ) NAMED_UNIT ( * ) SI_UNIT ( .MILLI., .METRE. ) );
#7306 = CARTESIAN_POINT ( 'NONE',  ( -11.10231741850040521, -26.59635937059368516, 38.00007796949672922 ) ) ;
#7307 = AXIS2_PLACEMENT_3D ( 'NONE', #5391, #6525, #1301 ) ;
#7308 = CARTESIAN_POINT ( 'NONE',  ( -21.83722406390289450, -34.51954653408361651, 37.94999999999999574 ) ) ;
#7309 = CYLINDRICAL_SURFACE ( 'NONE', #2029, 1.599999999999999867 ) ;
#7310 = CARTESIAN_POINT ( 'NONE',  ( 7.160590788385317040, -76.00000000000001421, 5.000279989241279921 ) ) ;
#7311 = ORIENTED_EDGE ( 'NONE', *, *, #4595, .F. ) ;
#7312 = EDGE_CURVE ( 'NONE', #3985, #436, #2464, .T. ) ;
#7313 = DIRECTION ( 'NONE',  ( -1.000000000000000000, -3.202566417187959410E-16, -0.000000000000000000 ) ) ;
#7314 = AXIS2_PLACEMENT_3D ( 'NONE', #6124, #2073, #924 ) ;
#7315 = LINE ( 'NONE', #934, #2330 ) ;
#7316 = VECTOR ( 'NONE', #4710, 1000.000000000000000 ) ;
#7317 = DIRECTION ( 'NONE',  ( -3.045821659934636816E-16, 0.9510565162951549745, -0.3090169943749430104 ) ) ;
#7318 = CYLINDRICAL_SURFACE ( 'NONE', #5108, 1.000000000000002887 ) ;
#7319 = DIRECTION ( 'NONE',  ( 3.202566417187959410E-16, -1.000000000000000000, 0.000000000000000000 ) ) ;
#7320 = CARTESIAN_POINT ( 'NONE',  ( 2.290209753834182571, -50.33868520043153438, 3.000000000000000000 ) ) ;
#7321 = DIRECTION ( 'NONE',  ( -1.000000000000000000, 0.000000000000000000, 0.000000000000000000 ) ) ;
#7322 = VERTEX_POINT ( 'NONE', #1895 ) ;
#7323 = FACE_OUTER_BOUND ( 'NONE', #7510, .T. ) ;
#7324 = ORIENTED_EDGE ( 'NONE', *, *, #1937, .F. ) ;
#7325 = CARTESIAN_POINT ( 'NONE',  ( -32.08184083151029853, -37.00382643627381896, 7.326801574230760394 ) ) ;
#7326 = CARTESIAN_POINT ( 'NONE',  ( 3.761865015267106038, -73.35773208228360431, 10.99999871397320028 ) ) ;
#7327 = DIRECTION ( 'NONE',  ( 1.000000000000000000, 0.000000000000000000, 0.000000000000000000 ) ) ;
#7328 = FACE_OUTER_BOUND ( 'NONE', #3963, .T. ) ;
#7329 = VERTEX_POINT ( 'NONE', #1368 ) ;
#7330 = EDGE_CURVE ( 'NONE', #5786, #2555, #141, .T. ) ;
#7331 = DIRECTION ( 'NONE',  ( -4.557819132794839459E-16, 1.000000000000000000, 0.000000000000000000 ) ) ;
#7332 = ORIENTED_EDGE ( 'NONE', *, *, #5095, .F. ) ;
#7333 = FACE_OUTER_BOUND ( 'NONE', #5331, .T. ) ;
#7334 = EDGE_LOOP ( 'NONE', ( #2720, #5448, #1229, #4800, #7133 ) ) ;
#7335 = LINE ( 'NONE', #6908, #4956 ) ;
#7336 = ORIENTED_EDGE ( 'NONE', *, *, #660, .T. ) ;
#7337 = CARTESIAN_POINT ( 'NONE',  ( -33.13256374091699286, -58.01263767752691791, 8.000000000000000000 ) ) ;
#7338 = DIRECTION ( 'NONE',  ( 3.202566417187959410E-16, -1.000000000000000000, 0.000000000000000000 ) ) ;
#7339 = CARTESIAN_POINT ( 'NONE',  ( -34.32082859218699156, -52.59425377668069501, 5.879184122938479362 ) ) ;
#7340 = CARTESIAN_POINT ( 'NONE',  ( -11.06074065087059743, -66.20000000000000284, 14.82183989519217882 ) ) ;
#7341 = EDGE_CURVE ( 'NONE', #6307, #494, #3607, .T. ) ;
#7342 = EDGE_CURVE ( 'NONE', #651, #1877, #780, .T. ) ;
#7343 = CIRCLE ( 'NONE', #1506, 1.599999999999999867 ) ;
#7344 = CARTESIAN_POINT ( 'NONE',  ( -33.61145071605699286, -65.89988494578921063, 36.97871668296220093 ) ) ;
#7345 = EDGE_CURVE ( 'NONE', #5182, #6460, #4668, .T. ) ;
#7346 = DIRECTION ( 'NONE',  ( -0.7144726796328049190, -2.288146209790312792E-16, 0.6996633405133638739 ) ) ;
#7347 = ORIENTED_EDGE ( 'NONE', *, *, #4097, .T. ) ;
#7348 = CARTESIAN_POINT ( 'NONE',  ( -12.59999999999998010, -89.00000000000002842, 13.25000000000000000 ) ) ;
#7349 = MECHANICAL_DESIGN_GEOMETRIC_PRESENTATION_REPRESENTATION (  '', ( #4917 ), #6255 ) ;
#7350 = CARTESIAN_POINT ( 'NONE',  ( -17.49999999999998934, -69.00000000000001421, 8.000000000000000000 ) ) ;
#7351 = LINE ( 'NONE', #5584, #3644 ) ;
#7352 = EDGE_CURVE ( 'NONE', #3512, #1293, #1973, .T. ) ;
#7353 = LINE ( 'NONE', #1409, #6655 ) ;
#7354 = CARTESIAN_POINT ( 'NONE',  ( -7.260740650870594060, -24.00000000000001066, 11.67816010480783540 ) ) ;
#7355 = AXIS2_PLACEMENT_3D ( 'NONE', #2716, #5573, #3269 ) ;
#7356 = CARTESIAN_POINT ( 'NONE',  ( -35.16178968044991393, -53.34999887987287082, 23.16797772281444523 ) ) ;
#7357 = ORIENTED_EDGE ( 'NONE', *, *, #6297, .T. ) ;
#7358 = VECTOR ( 'NONE', #1821, 1000.000000000000000 ) ;
#7359 = DIRECTION ( 'NONE',  ( 0.6996633405133637629, 0.7144726796328051410, 0.000000000000000000 ) ) ;
#7360 = EDGE_LOOP ( 'NONE', ( #191, #4834, #1771, #1923 ) ) ;
#7361 = CARTESIAN_POINT ( 'NONE',  ( -33.06281634243359235, -42.66760400122026908, 5.000000000000000000 ) ) ;
#7362 = CIRCLE ( 'NONE', #462, 3.200000000000000178 ) ;
#7363 = VECTOR ( 'NONE', #477, 1000.000000000000000 ) ;
#7364 = CARTESIAN_POINT ( 'NONE',  ( -34.91452609390712780, -52.59719585824502275, 6.709761499471375679 ) ) ;
#7365 = CARTESIAN_POINT ( 'NONE',  ( -11.06074065087059388, -71.99246739793527183, 14.82183989519218059 ) ) ;
#7366 = DIRECTION ( 'NONE',  ( 0.000000000000000000, 0.000000000000000000, -1.000000000000000000 ) ) ;
#7367 = DIRECTION ( 'NONE',  ( -0.000000000000000000, -0.000000000000000000, 1.000000000000000000 ) ) ;
#7368 = VECTOR ( 'NONE', #1956, 999.9999999999998863 ) ;
#7369 = CARTESIAN_POINT ( 'NONE',  ( 29.99999932944771075, -60.00000000000000000, 8.000000000000000000 ) ) ;
#7370 = ORIENTED_EDGE ( 'NONE', *, *, #319, .F. ) ;
#7371 = AXIS2_PLACEMENT_3D ( 'NONE', #5229, #6480, #2348 ) ;
#7372 = CARTESIAN_POINT ( 'NONE',  ( 14.05459232383727297, -31.85000000000000497, 10.56333587814419772 ) ) ;
#7373 = CARTESIAN_POINT ( 'NONE',  ( -13.90673228688914165, -70.03322924409026484, 35.53192720003254124 ) ) ;
#7374 = ADVANCED_FACE ( 'NONE', ( #7127 ), #7048, .F. ) ;
#7375 = VERTEX_POINT ( 'NONE', #3238 ) ;
#7376 = VECTOR ( 'NONE', #2187, 1000.000000000000000 ) ;
#7377 = CARTESIAN_POINT ( 'NONE',  ( -31.40396775464148504, -59.46564088788542080, 36.65153118436359847 ) ) ;
#7378 = ORIENTED_EDGE ( 'NONE', *, *, #3429, .T. ) ;
#7379 = VECTOR ( 'NONE', #4196, 1000.000000000000114 ) ;
#7380 = CARTESIAN_POINT ( 'NONE',  ( -11.24264068711929454, -48.00000000000000711, 9.000000000000000000 ) ) ;
#7381 = FILL_AREA_STYLE_COLOUR ( '', #556 ) ;
#7382 = FACE_OUTER_BOUND ( 'NONE', #513, .T. ) ;
#7383 = PLANE ( 'NONE',  #6630 ) ;
#7384 = CARTESIAN_POINT ( 'NONE',  ( 0.7083156657885332219, -26.45453334829315395, 36.76135792253105450 ) ) ;
#7385 = VERTEX_POINT ( 'NONE', #6098 ) ;
#7386 = CARTESIAN_POINT ( 'NONE',  ( -2.662933357356334074, -43.05025253169416999, 3.000000000000000000 ) ) ;
#7387 = VECTOR ( 'NONE', #5628, 1000.000000000000000 ) ;
#7388 = VERTEX_POINT ( 'NONE', #420 ) ;
#7389 = DIRECTION ( 'NONE',  ( -4.557819132794839459E-16, 1.000000000000000000, 0.000000000000000000 ) ) ;
#7390 = ADVANCED_FACE ( 'NONE', ( #1449 ), #7237, .T. ) ;
#7391 =( NAMED_UNIT ( * ) PLANE_ANGLE_UNIT ( ) SI_UNIT ( $, .RADIAN. ) );
#7392 = AXIS2_PLACEMENT_3D ( 'NONE', #2684, #3226, #5575 ) ;
#7393 = CARTESIAN_POINT ( 'NONE',  ( -12.24999999999999112, -67.49999999999998579, 11.07801933710264741 ) ) ;
#7394 = CARTESIAN_POINT ( 'NONE',  ( -35.00000000000000000, -24.00000000000001776, 11.00000000000000000 ) ) ;
#7395 = CARTESIAN_POINT ( 'NONE',  ( -35.07461054581069249, -54.24280819355317362, 8.000000000000040856 ) ) ;
#7396 = CARTESIAN_POINT ( 'NONE',  ( -32.20011354369409418, -43.42532065350351900, 5.000000000000000000 ) ) ;
#7397 =( NAMED_UNIT ( * ) PLANE_ANGLE_UNIT ( ) SI_UNIT ( $, .RADIAN. ) );
#7398 = ORIENTED_EDGE ( 'NONE', *, *, #6187, .T. ) ;
#7399 = CARTESIAN_POINT ( 'NONE',  ( 8.140125507552895101, -24.00000000000001421, 21.50023027782730978 ) ) ;
#7400 = ORIENTED_EDGE ( 'NONE', *, *, #7085, .F. ) ;
#7401 = EDGE_CURVE ( 'NONE', #6871, #6586, #5587, .T. ) ;
#7402 = ADVANCED_FACE ( 'NONE', ( #2625 ), #7281, .T. ) ;
#7403 = CARTESIAN_POINT ( 'NONE',  ( -31.87231542098158954, -41.55903146687467853, 5.000000000000000000 ) ) ;
#7404 = DIRECTION ( 'NONE',  ( -0.000000000000000000, -0.000000000000000000, -1.000000000000000000 ) ) ;
#7405 = DIRECTION ( 'NONE',  ( 1.000000000000000000, 3.202566417187959410E-16, 0.000000000000000000 ) ) ;
#7406 = CARTESIAN_POINT ( 'NONE',  ( -14.49385660196081282, -26.12072642179973414, 35.99293621858929271 ) ) ;
#7407 = VERTEX_POINT ( 'NONE', #377 ) ;
#7408 = CARTESIAN_POINT ( 'NONE',  ( -33.24381380765989746, -58.00127702839741772, -1.410058709304350177 ) ) ;
#7409 = CARTESIAN_POINT ( 'NONE',  ( -35.19999999999999574, -56.00000000000002132, 8.000000000000000000 ) ) ;
#7410 = VERTEX_POINT ( 'NONE', #7354 ) ;
#7411 = EDGE_LOOP ( 'NONE', ( #3263, #1095, #792, #5319 ) ) ;
#7412 = CARTESIAN_POINT ( 'NONE',  ( -34.35539883686433171, -43.39774308066748176, 5.913279294395176855 ) ) ;
#7413 = EDGE_LOOP ( 'NONE', ( #2937, #1296, #6304, #6473 ) ) ;
#7414 = APPLICATION_PROTOCOL_DEFINITION ( 'draft international standard', 'automotive_design', 1998, #7177 ) ;
#7415 = CARTESIAN_POINT ( 'NONE',  ( -19.33433366904957751, -67.02849986291346340, 6.178199859879117462 ) ) ;
#7416 = VECTOR ( 'NONE', #4653, 1000.000000000000000 ) ;
#7417 = CARTESIAN_POINT ( 'NONE',  ( -0.6053082135211134140, -72.56058113449051916, 10.99999725673800199 ) ) ;
#7418 = CARTESIAN_POINT ( 'NONE',  ( -14.30332494584689407, -71.15070570777331227, 14.65872494095198597 ) ) ;
#7419 = FACE_OUTER_BOUND ( 'NONE', #4190, .T. ) ;
#7420 = EDGE_LOOP ( 'NONE', ( #2851, #686, #7168, #5140 ) ) ;
#7421 = CARTESIAN_POINT ( 'NONE',  ( -17.80265410676058480, -69.00000000000001421, 7.999997256737990448 ) ) ;
#7422 = AXIS2_PLACEMENT_3D ( 'NONE', #4676, #5110, #2301 ) ;
#7423 = EDGE_CURVE ( 'NONE', #5740, #3816, #4448, .T. ) ;
#7424 = DIRECTION ( 'NONE',  ( 0.000000000000000000, -0.7071067811865487940, -0.7071067811865461294 ) ) ;
#7425 = CARTESIAN_POINT ( 'NONE',  ( -31.54179673955608720, -59.37072116072062045, 8.000000000000000000 ) ) ;
#7426 = CARTESIAN_POINT ( 'NONE',  ( -21.26246301761068835, -64.15000000000000568, 23.86745583385515701 ) ) ;
#7427 = CIRCLE ( 'NONE', #157, 3.149999999999999911 ) ;
#7428 = ORIENTED_EDGE ( 'NONE', *, *, #1025, .F. ) ;
#7429 = CARTESIAN_POINT ( 'NONE',  ( -31.54179673954759977, -36.63194358667181660, 37.05029354652139517 ) ) ;
#7430 = ORIENTED_EDGE ( 'NONE', *, *, #463, .T. ) ;
#7431 = VECTOR ( 'NONE', #4849, 1000.000000000000000 ) ;
#7432 = EDGE_CURVE ( 'NONE', #6434, #1010, #3538, .T. ) ;
#7433 = ADVANCED_FACE ( 'NONE', ( #4482 ), #2121, .F. ) ;
#7434 = DIRECTION ( 'NONE',  ( -0.000000000000000000, -0.000000000000000000, 1.000000000000000000 ) ) ;
#7435 = CARTESIAN_POINT ( 'NONE',  ( 4.636118415335303666, -30.65000000000000568, 28.23809565309449710 ) ) ;
#7436 = FACE_OUTER_BOUND ( 'NONE', #3093, .T. ) ;
#7437 = EDGE_LOOP ( 'NONE', ( #3465, #789, #534, #4312 ) ) ;
#7438 = CARTESIAN_POINT ( 'NONE',  ( -9.999999999999987566, -64.00000000000001421, 14.20000000000000107 ) ) ;
#7439 = ORIENTED_EDGE ( 'NONE', *, *, #1885, .F. ) ;
#7440 = CARTESIAN_POINT ( 'NONE',  ( 1.670336633301706675, -31.85000000000000853, 34.55919358560983312 ) ) ;
#7441 = CARTESIAN_POINT ( 'NONE',  ( 4.949747468305839782, -52.94974746830583712, 9.000000000000000000 ) ) ;
#7442 =( BOUNDED_CURVE ( )  B_SPLINE_CURVE ( 3, ( #1625, #3826, #542, #6169 ),
 .UNSPECIFIED., .F., .T. ) 
 B_SPLINE_CURVE_WITH_KNOTS ( ( 4, 4 ),
 ( 2.741912254883100530, 3.913028182971329372 ),
 .UNSPECIFIED. ) 
 CURVE ( )  GEOMETRIC_REPRESENTATION_ITEM ( )  RATIONAL_B_SPLINE_CURVE ( ( 1.000000000000000000, 0.8889358991501780105, 0.8889358991501780105, 1.000000000000000000 ) ) 
 REPRESENTATION_ITEM ( '' )  );
#7443 = ADVANCED_FACE ( 'NONE', ( #2581 ), #91, .T. ) ;
#7444 = VERTEX_POINT ( 'NONE', #2601 ) ;
#7445 = ORIENTED_EDGE ( 'NONE', *, *, #3896, .T. ) ;
#7446 = DIRECTION ( 'NONE',  ( -0.7071067811865489050, 0.7071067811865462405, -0.000000000000000000 ) ) ;
#7447 = ORIENTED_EDGE ( 'NONE', *, *, #5925, .T. ) ;
#7448 = B_SPLINE_CURVE_WITH_KNOTS ( 'NONE', 3,
 ( #3841, #2086, #6185, #7364, #2129, #6792, #4634, #1076, #2382, #5299, #3390, #627, #5800 ),
 .UNSPECIFIED., .F., .F.,
 ( 4, 2, 2, 2, 1, 2, 4 ),
 ( 0.000000000000000000, 0.2500000000000008882, 0.3750000000000002776, 0.4375000000000000000, 0.4687500000000000555, 0.4843750000000000555, 0.5000000000000000000 ),
 .UNSPECIFIED. ) ;
#7449 = LINE ( 'NONE', #4469, #3519 ) ;
#7450 = LINE ( 'NONE', #4537, #2605 ) ;
#7451 = VERTEX_POINT ( 'NONE', #3216 ) ;
#7452 = CARTESIAN_POINT ( 'NONE',  ( -14.16226114399787228, -71.22071113500668105, 14.81313307023454939 ) ) ;
#7453 = ORIENTED_EDGE ( 'NONE', *, *, #4966, .F. ) ;
#7454 = CARTESIAN_POINT ( 'NONE',  ( -27.83784250128439908, -35.21436789586491756, 37.21330500445060352 ) ) ;
#7455 = ORIENTED_EDGE ( 'NONE', *, *, #5543, .F. ) ;
#7456 = CARTESIAN_POINT ( 'NONE',  ( -10.71366012283418634, -70.80665436650183153, 4.999999999999943157 ) ) ;
#7457 = CARTESIAN_POINT ( 'NONE',  ( -35.19999999999999574, -48.35000000000001563, 23.40000000000000213 ) ) ;
#7458 = AXIS2_PLACEMENT_3D ( 'NONE', #614, #2902, #5247 ) ;
#7459 = CARTESIAN_POINT ( 'NONE',  ( -18.64055243838488352, -68.25472075547291695, 35.96839431119059327 ) ) ;
#7460 = FACE_OUTER_BOUND ( 'NONE', #1757, .T. ) ;
#7461 = DIRECTION ( 'NONE',  ( -0.7144726796328038088, -3.256437249089591624E-16, 0.6996633405133648731 ) ) ;
#7462 = EDGE_CURVE ( 'NONE', #6416, #1010, #963, .T. ) ;
#7463 = LINE ( 'NONE', #2795, #7376 ) ;
#7464 = AXIS2_PLACEMENT_3D ( 'NONE', #2453, #4786, #1884 ) ;
#7465 = FACE_OUTER_BOUND ( 'NONE', #203, .T. ) ;
#7466 = CARTESIAN_POINT ( 'NONE',  ( 6.465726566816120346, -30.64999999999999147, 24.66108482409143932 ) ) ;
#7467 = VECTOR ( 'NONE', #4157, 1000.000000000000000 ) ;
#7468 = CARTESIAN_POINT ( 'NONE',  ( -15.50776729872596604, -26.35255635482200987, 36.11483371049151714 ) ) ;
#7469 = CYLINDRICAL_SURFACE ( 'NONE', #522, 3.000000000000001776 ) ;
#7470 = VERTEX_POINT ( 'NONE', #3743 ) ;
#7471 = CIRCLE ( 'NONE', #3077, 3.000000000000000000 ) ;
#7472 = EDGE_CURVE ( 'NONE', #1858, #3985, #4860, .T. ) ;
#7473 = AXIS2_PLACEMENT_3D ( 'NONE', #7192, #1962, #2610 ) ;
#7474 = VERTEX_POINT ( 'NONE', #4900 ) ;
#7475 = FACE_OUTER_BOUND ( 'NONE', #6066, .T. ) ;
#7476 = VECTOR ( 'NONE', #7165, 1000.000000000000114 ) ;
#7477 = DIRECTION ( 'NONE',  ( 0.000000000000000000, 0.000000000000000000, 1.000000000000000000 ) ) ;
#7478 = ORIENTED_EDGE ( 'NONE', *, *, #6046, .F. ) ;
#7479 = ORIENTED_EDGE ( 'NONE', *, *, #1245, .F. ) ;
#7480 = CARTESIAN_POINT ( 'NONE',  ( -34.33843597888593280, -43.39781775392055607, 5.895899476412274964 ) ) ;
#7481 = CARTESIAN_POINT ( 'NONE',  ( -13.54487382768304293, -70.00366402836057489, 35.73675953496128699 ) ) ;
#7482 = CARTESIAN_POINT ( 'NONE',  ( -21.83722406390289095, -52.73281318469169321, 37.94999999999999574 ) ) ;
#7483 = EDGE_CURVE ( 'NONE', #6088, #3149, #4276, .T. ) ;
#7484 = CIRCLE ( 'NONE', #2972, 3.000000000000002665 ) ;
#7485 = CARTESIAN_POINT ( 'NONE',  ( -32.19984096263129203, -52.60111391121052549, 5.000000000000000000 ) ) ;
#7486 = ORIENTED_EDGE ( 'NONE', *, *, #4535, .T. ) ;
#7487 = CARTESIAN_POINT ( 'NONE',  ( -22.65416129913680621, -61.09960029321840835, 37.93678351419949735 ) ) ;
#7488 = B_SPLINE_CURVE_WITH_KNOTS ( 'NONE', 3,
 ( #5927, #236, #728, #125, #4235, #3662 ),
 .UNSPECIFIED., .F., .F.,
 ( 4, 2, 4 ),
 ( 0.002866461079951079880, 0.003434866345155190848, 0.004003271610359301381 ),
 .UNSPECIFIED. ) ;
#7489 = ORIENTED_EDGE ( 'NONE', *, *, #1007, .F. ) ;
#7490 = CARTESIAN_POINT ( 'NONE',  ( -30.89271025787109792, -35.21436789586491756, 36.66266897555519932 ) ) ;
#7491 = CARTESIAN_POINT ( 'NONE',  ( -10.71366012283418456, -72.00000000000001421, 14.48195353061081825 ) ) ;
#7492 = EDGE_LOOP ( 'NONE', ( #2110, #3064, #5311, #2336 ) ) ;
#7493 = AXIS2_PLACEMENT_3D ( 'NONE', #1985, #1378, #6560 ) ;
#7494 = CARTESIAN_POINT ( 'NONE',  ( -13.54942336130938685, -68.11806348364281405, 4.999999999999890754 ) ) ;
#7495 = CARTESIAN_POINT ( 'NONE',  ( -20.42286700899478546, -66.20000000000001705, 23.01008861829577157 ) ) ;
#7496 = CIRCLE ( 'NONE', #4691, 8.000000000000001776 ) ;
#7497 = CARTESIAN_POINT ( 'NONE',  ( -15.67954229738964855, -68.59227518421633363, 37.00889012776199394 ) ) ;
#7498 = DIRECTION ( 'NONE',  ( -1.000000000000000000, -1.060405324802234013E-15, -0.000000000000000000 ) ) ;
#7499 = ORIENTED_EDGE ( 'NONE', *, *, #4097, .F. ) ;
#7500 = DIRECTION ( 'NONE',  ( -0.7144726796328051410, 0.6996633405133636519, 0.000000000000000000 ) ) ;
#7501 = CARTESIAN_POINT ( 'NONE',  ( -19.41571288736758660, -66.62773598397080832, 5.857207867795409584 ) ) ;
#7502 = EDGE_LOOP ( 'NONE', ( #4325, #1429, #5244, #5704 ) ) ;
#7503 = AXIS2_PLACEMENT_3D ( 'NONE', #930, #4321, #6051 ) ;
#7504 = EDGE_CURVE ( 'NONE', #6586, #389, #6121, .T. ) ;
#7505 = LINE ( 'NONE', #4101, #1212 ) ;
#7506 = CARTESIAN_POINT ( 'NONE',  ( -7.370741180656578351, -29.80000000000001137, 33.75000000000000000 ) ) ;
#7507 = CARTESIAN_POINT ( 'NONE',  ( 3.556352415866916417, -73.12001804539011118, 5.000000000000000000 ) ) ;
#7508 = ORIENTED_EDGE ( 'NONE', *, *, #5370, .F. ) ;
#7509 = LINE ( 'NONE', #2272, #2122 ) ;
#7510 = EDGE_LOOP ( 'NONE', ( #2458, #1986, #1124, #3400, #2501, #3318, #6722, #6436, #3564 ) ) ;
#7511 = CARTESIAN_POINT ( 'NONE',  ( 7.686159401251103766E-15, -48.00000000000000711, 11.00000000000000000 ) ) ;
#7512 = EDGE_CURVE ( 'NONE', #589, #4569, #3177, .T. ) ;
ENDSEC;
END-ISO-10303-21;
