ISO-10303-21;
HEADER;
FILE_DESCRIPTION (( 'STEP AP214' ),
    '1' );
FILE_NAME ('SO102.02.110-01 Board cap leader.STEP',
    '2026-09-18T15:05:54',
    ( '' ),
    ( '' ),
    'SwSTEP 2.0',
    'SolidWorks 2021',
    '' );
FILE_SCHEMA (( 'AUTOMOTIVE_DESIGN' ));
ENDSEC;

DATA;
#1 = DIRECTION ( 'NONE',  ( -1.000000000000000000, 0.000000000000000000, 0.000000000000000000 ) ) ;
#2 = ORIENTED_EDGE ( 'NONE', *, *, #2047, .F. ) ;
#3 = EDGE_CURVE ( 'NONE', #17, #909, #600, .T. ) ;
#4 = ORIENTED_EDGE ( 'NONE', *, *, #815, .T. ) ;
#5 = CARTESIAN_POINT ( 'NONE',  ( -11.00000000000000000, 23.69999999999999929, 28.00199999999999889 ) ) ;
#6 = EDGE_CURVE ( 'NONE', #2019, #2029, #613, .T. ) ;
#7 = ORIENTED_EDGE ( 'NONE', *, *, #1216, .T. ) ;
#8 = DIRECTION ( 'NONE',  ( 1.000000000000000000, -0.000000000000000000, 0.000000000000000000 ) ) ;
#9 = LINE ( 'NONE', #1980, #1854 ) ;
#10 = CARTESIAN_POINT ( 'NONE',  ( -14.29999999999997407, -18.00000000000000355, 26.00000000000000355 ) ) ;
#11 = ORIENTED_EDGE ( 'NONE', *, *, #220, .F. ) ;
#12 = ADVANCED_FACE ( 'NONE', ( #757 ), #1961, .T. ) ;
#13 = ORIENTED_EDGE ( 'NONE', *, *, #1201, .F. ) ;
#14 = PLANE ( 'NONE',  #1605 ) ;
#15 = EDGE_CURVE ( 'NONE', #1233, #1578, #1984, .T. ) ;
#16 = CARTESIAN_POINT ( 'NONE',  ( -16.29999999999999005, -11.99999999999999822, 19.50000000000000000 ) ) ;
#17 = VERTEX_POINT ( 'NONE', #625 ) ;
#18 = DIRECTION ( 'NONE',  ( 1.927470528863118802E-16, -1.000000000000000000, 0.000000000000000000 ) ) ;
#19 = DIRECTION ( 'NONE',  ( -0.000000000000000000, 1.000000000000000000, -0.000000000000000000 ) ) ;
#20 = CARTESIAN_POINT ( 'NONE',  ( 17.50000000000000355, -16.00000000000000000, 19.49999999999999645 ) ) ;
#21 = PLANE ( 'NONE',  #1881 ) ;
#22 = ORIENTED_EDGE ( 'NONE', *, *, #1385, .F. ) ;
#23 = EDGE_LOOP ( 'NONE', ( #1668, #1374, #575, #798 ) ) ;
#24 = DIRECTION ( 'NONE',  ( -0.000000000000000000, 0.000000000000000000, -1.000000000000000000 ) ) ;
#25 = AXIS2_PLACEMENT_3D ( 'NONE', #1560, #1903, #397 ) ;
#26 = CARTESIAN_POINT ( 'NONE',  ( 17.10000000000001563, -16.00000000000000000, 19.49999999999999645 ) ) ;
#27 = ORIENTED_EDGE ( 'NONE', *, *, #392, .F. ) ;
#28 = AXIS2_PLACEMENT_3D ( 'NONE', #1259, #1770, #912 ) ;
#29 = EDGE_CURVE ( 'NONE', #456, #940, #2099, .T. ) ;
#30 = VECTOR ( 'NONE', #260, 1000.000000000000000 ) ;
#31 = PLANE ( 'NONE',  #678 ) ;
#32 = CARTESIAN_POINT ( 'NONE',  ( 17.49999999999999645, 12.00000000000000000, 19.49999999999999645 ) ) ;
#33 = VECTOR ( 'NONE', #1559, 1000.000000000000000 ) ;
#34 = CARTESIAN_POINT ( 'NONE',  ( -12.49999999999999645, -23.80000000000000071, 26.00000000000000355 ) ) ;
#35 = PRESENTATION_STYLE_ASSIGNMENT (( #1382 ) ) ;
#36 = ORIENTED_EDGE ( 'NONE', *, *, #973, .F. ) ;
#37 = ORIENTED_EDGE ( 'NONE', *, *, #1389, .F. ) ;
#38 = CARTESIAN_POINT ( 'NONE',  ( -17.49999999999999645, 3.000000000000000888, 19.49999999999999645 ) ) ;
#39 = LINE ( 'NONE', #695, #2083 ) ;
#40 = FACE_OUTER_BOUND ( 'NONE', #683, .T. ) ;
#41 = EDGE_LOOP ( 'NONE', ( #2028, #1502, #195, #1827 ) ) ;
#42 = CARTESIAN_POINT ( 'NONE',  ( 16.29999999999999361, 25.50000000000000355, 22.69999999999999929 ) ) ;
#43 = EDGE_CURVE ( 'NONE', #1365, #1318, #1775, .T. ) ;
#44 = CARTESIAN_POINT ( 'NONE',  ( 16.29999999999999716, 16.00000000000000000, 20.30000000000000426 ) ) ;
#45 = LINE ( 'NONE', #698, #1776 ) ;
#46 = LINE ( 'NONE', #551, #33 ) ;
#47 = EDGE_CURVE ( 'NONE', #1613, #1273, #809, .T. ) ;
#48 = ORIENTED_EDGE ( 'NONE', *, *, #1835, .T. ) ;
#49 = CARTESIAN_POINT ( 'NONE',  ( 0.000000000000000000, 12.00000000000000000, 0.000000000000000000 ) ) ;
#50 =( NAMED_UNIT ( * ) SI_UNIT ( $, .STERADIAN. ) SOLID_ANGLE_UNIT ( ) );
#51 = ORIENTED_EDGE ( 'NONE', *, *, #619, .T. ) ;
#52 = LINE ( 'NONE', #367, #513 ) ;
#53 = LINE ( 'NONE', #1403, #1743 ) ;
#54 = CARTESIAN_POINT ( 'NONE',  ( 16.82698278298562045, 23.49362145265627078, 20.76611716486019787 ) ) ;
#55 = PLANE ( 'NONE',  #833 ) ;
#56 = SURFACE_SIDE_STYLE ('',( #709 ) ) ;
#57 = EDGE_CURVE ( 'NONE', #911, #1750, #2108, .T. ) ;
#58 = VERTEX_POINT ( 'NONE', #1481 ) ;
#59 = ORIENTED_EDGE ( 'NONE', *, *, #2067, .T. ) ;
#60 = VECTOR ( 'NONE', #2097, 1000.000000000000000 ) ;
#61 = DIRECTION ( 'NONE',  ( 0.000000000000000000, 0.000000000000000000, 1.000000000000000000 ) ) ;
#62 = VECTOR ( 'NONE', #1746, 1000.000000000000000 ) ;
#63 = VECTOR ( 'NONE', #965, 1000.000000000000000 ) ;
#64 = DIRECTION ( 'NONE',  ( -1.000000000000000000, -1.445602896647339163E-16, 0.000000000000000000 ) ) ;
#65 = VECTOR ( 'NONE', #1868, 1000.000000000000000 ) ;
#66 = VECTOR ( 'NONE', #597, 1000.000000000000000 ) ;
#67 = EDGE_CURVE ( 'NONE', #1264, #327, #1135, .T. ) ;
#68 = EDGE_LOOP ( 'NONE', ( #727, #266, #1671, #858 ) ) ;
#69 = PRESENTATION_LAYER_ASSIGNMENT (  '', '', ( #1426 ) ) ;
#70 = ADVANCED_FACE ( 'NONE', ( #445 ), #1115, .F. ) ;
#71 = FACE_OUTER_BOUND ( 'NONE', #618, .T. ) ;
#72 = ORIENTED_EDGE ( 'NONE', *, *, #413, .F. ) ;
#73 = DIRECTION ( 'NONE',  ( 0.000000000000000000, 0.000000000000000000, 1.000000000000000000 ) ) ;
#74 = ORIENTED_EDGE ( 'NONE', *, *, #841, .T. ) ;
#75 = DIRECTION ( 'NONE',  ( 0.000000000000000000, 0.000000000000000000, -1.000000000000000000 ) ) ;
#76 = FACE_OUTER_BOUND ( 'NONE', #505, .T. ) ;
#77 = CARTESIAN_POINT ( 'NONE',  ( 16.29999999999999716, 12.00000000000000000, 19.50000000000000000 ) ) ;
#78 = CARTESIAN_POINT ( 'NONE',  ( 17.49999999999999645, 12.00000000000000000, 26.00000000000000355 ) ) ;
#79 = LINE ( 'NONE', #732, #1774 ) ;
#80 = ORIENTED_EDGE ( 'NONE', *, *, #465, .F. ) ;
#81 = EDGE_CURVE ( 'NONE', #1105, #970, #1843, .T. ) ;
#82 = DIRECTION ( 'NONE',  ( 0.000000000000000000, 0.000000000000000000, 1.000000000000000000 ) ) ;
#83 = DIRECTION ( 'NONE',  ( -0.7071067811865475727, 0.000000000000000000, 0.7071067811865475727 ) ) ;
#84 = ORIENTED_EDGE ( 'NONE', *, *, #1108, .F. ) ;
#85 = LINE ( 'NONE', #1589, #1109 ) ;
#86 = EDGE_CURVE ( 'NONE', #168, #327, #1740, .T. ) ;
#87 = ORIENTED_EDGE ( 'NONE', *, *, #877, .F. ) ;
#88 = CARTESIAN_POINT ( 'NONE',  ( -18.30000000000000426, 23.04083326445142532, 22.69999999999999929 ) ) ;
#89 = DIRECTION ( 'NONE',  ( 0.000000000000000000, 0.000000000000000000, -1.000000000000000000 ) ) ;
#90 = LINE ( 'NONE', #293, #749 ) ;
#91 = VERTEX_POINT ( 'NONE', #903 ) ;
#92 = ORIENTED_EDGE ( 'NONE', *, *, #643, .T. ) ;
#93 = DIRECTION ( 'NONE',  ( 0.7071067811865426878, 0.000000000000000000, -0.7071067811865524577 ) ) ;
#94 = VERTEX_POINT ( 'NONE', #1913 ) ;
#95 = CARTESIAN_POINT ( 'NONE',  ( -18.24232646021308568, 23.23004612612763964, 22.20695525052944319 ) ) ;
#96 = EDGE_CURVE ( 'NONE', #1153, #538, #79, .T. ) ;
#97 = VECTOR ( 'NONE', #1947, 1000.000000000000000 ) ;
#98 = CARTESIAN_POINT ( 'NONE',  ( -14.29999999999998117, 3.000000000000000888, 26.00000000000000355 ) ) ;
#99 = VECTOR ( 'NONE', #1666, 1000.000000000000114 ) ;
#100 = CARTESIAN_POINT ( 'NONE',  ( 18.20000000000000284, -16.00000000000000000, 20.89999999999999858 ) ) ;
#101 = DIRECTION ( 'NONE',  ( 0.000000000000000000, 1.000000000000000000, 0.000000000000000000 ) ) ;
#102 = VECTOR ( 'NONE', #1608, 1000.000000000000114 ) ;
#103 = AXIS2_PLACEMENT_3D ( 'NONE', #1930, #428, #1920 ) ;
#104 = ORIENTED_EDGE ( 'NONE', *, *, #780, .F. ) ;
#105 = VECTOR ( 'NONE', #901, 1000.000000000000000 ) ;
#106 = ORIENTED_EDGE ( 'NONE', *, *, #1201, .T. ) ;
#107 = CYLINDRICAL_SURFACE ( 'NONE', #648, 5.800000000000001599 ) ;
#108 = VECTOR ( 'NONE', #2076, 1000.000000000000000 ) ;
#109 = VERTEX_POINT ( 'NONE', #2074 ) ;
#110 = LINE ( 'NONE', #761, #1181 ) ;
#111 = ADVANCED_FACE ( 'NONE', ( #1098 ), #1809, .T. ) ;
#112 = PLANE ( 'NONE',  #2158 ) ;
#113 = DIRECTION ( 'NONE',  ( 0.000000000000000000, 0.000000000000000000, 1.000000000000000000 ) ) ;
#114 = DIRECTION ( 'NONE',  ( 0.000000000000000000, 0.000000000000000000, 1.000000000000000000 ) ) ;
#115 = EDGE_CURVE ( 'NONE', #1766, #328, #783, .T. ) ;
#116 = VERTEX_POINT ( 'NONE', #1631 ) ;
#117 = CARTESIAN_POINT ( 'NONE',  ( 17.50000000000000355, -11.99999999999999822, 26.00000000000000355 ) ) ;
#118 = ORIENTED_EDGE ( 'NONE', *, *, #491, .T. ) ;
#119 = CARTESIAN_POINT ( 'NONE',  ( -18.05217193376313745, 23.36260796747790280, 21.72682355312110758 ) ) ;
#120 = LINE ( 'NONE', #762, #1918 ) ;
#121 = PLANE ( 'NONE',  #1107 ) ;
#122 = LINE ( 'NONE', #1088, #713 ) ;
#123 = DIRECTION ( 'NONE',  ( 1.000000000000000000, 0.000000000000000000, 0.000000000000000000 ) ) ;
#124 = DIRECTION ( 'NONE',  ( 0.7071067811865492381, -0.000000000000000000, 0.7071067811865457964 ) ) ;
#125 = EDGE_CURVE ( 'NONE', #1506, #449, #147, .T. ) ;
#126 = ORIENTED_EDGE ( 'NONE', *, *, #1363, .F. ) ;
#127 = DIRECTION ( 'NONE',  ( 1.000000000000000000, 0.000000000000000000, -0.000000000000000000 ) ) ;
#128 = ORIENTED_EDGE ( 'NONE', *, *, #699, .F. ) ;
#129 = CARTESIAN_POINT ( 'NONE',  ( -18.11131517202902685, 23.33517032013416781, 21.84219225808662657 ) ) ;
#130 = DIRECTION ( 'NONE',  ( 1.000000000000000000, 0.000000000000000000, 0.000000000000000000 ) ) ;
#131 = DIRECTION ( 'NONE',  ( 1.000000000000000000, 1.927470528863118802E-16, -0.000000000000000000 ) ) ;
#132 = DIRECTION ( 'NONE',  ( 0.000000000000000000, 1.000000000000000000, 0.000000000000000000 ) ) ;
#133 = AXIS2_PLACEMENT_3D ( 'NONE', #496, #1191, #1838 ) ;
#134 = CARTESIAN_POINT ( 'NONE',  ( 14.30000000000002380, -18.00000000000000355, 26.00000000000000355 ) ) ;
#135 = CARTESIAN_POINT ( 'NONE',  ( 16.30000000000000426, -16.00000000000000000, 19.50000000000000000 ) ) ;
#136 = ORIENTED_EDGE ( 'NONE', *, *, #944, .F. ) ;
#137 = AXIS2_PLACEMENT_3D ( 'NONE', #1404, #221, #1379 ) ;
#138 = ORIENTED_EDGE ( 'NONE', *, *, #1474, .F. ) ;
#139 = FACE_BOUND ( 'NONE', #742, .T. ) ;
#140 = VECTOR ( 'NONE', #1963, 1000.000000000000000 ) ;
#141 = EDGE_CURVE ( 'NONE', #2065, #665, #441, .T. ) ;
#142 = AXIS2_PLACEMENT_3D ( 'NONE', #1063, #1762, #568 ) ;
#143 = VERTEX_POINT ( 'NONE', #610 ) ;
#144 = CARTESIAN_POINT ( 'NONE',  ( 17.54077632266421816, 25.47755373391326827, 21.10958409612350550 ) ) ;
#145 = DIRECTION ( 'NONE',  ( 0.000000000000000000, 0.000000000000000000, 1.000000000000000000 ) ) ;
#146 = CARTESIAN_POINT ( 'NONE',  ( 17.50000000000000355, -16.00000000000000000, 26.00000000000000355 ) ) ;
#147 = LINE ( 'NONE', #304, #2050 ) ;
#148 = CARTESIAN_POINT ( 'NONE',  ( -18.19999999999999218, -16.00000000000000000, 20.19999999999999929 ) ) ;
#149 = CARTESIAN_POINT ( 'NONE',  ( -10.99999999999999645, 18.00000000000000355, 20.50000000000000000 ) ) ;
#150 = ORIENTED_EDGE ( 'NONE', *, *, #852, .F. ) ;
#151 = CARTESIAN_POINT ( 'NONE',  ( -11.00000000000000000, 21.69999999999999574, 28.00199999999999889 ) ) ;
#152 = ORIENTED_EDGE ( 'NONE', *, *, #1276, .T. ) ;
#153 = EDGE_CURVE ( 'NONE', #1311, #1766, #1968, .T. ) ;
#154 = LINE ( 'NONE', #1828, #1211 ) ;
#155 = LINE ( 'NONE', #837, #788 ) ;
#156 = ORIENTED_EDGE ( 'NONE', *, *, #1940, .T. ) ;
#157 = VERTEX_POINT ( 'NONE', #265 ) ;
#158 = PLANE ( 'NONE',  #412 ) ;
#159 = ORIENTED_EDGE ( 'NONE', *, *, #815, .F. ) ;
#160 = FACE_OUTER_BOUND ( 'NONE', #1101, .T. ) ;
#161 = EDGE_CURVE ( 'NONE', #711, #1264, #923, .T. ) ;
#162 = LINE ( 'NONE', #1337, #1037 ) ;
#163 = CARTESIAN_POINT ( 'NONE',  ( 17.50000000000000355, -16.00000000000000000, 21.60000000000000142 ) ) ;
#164 = ADVANCED_FACE ( 'NONE', ( #1262 ), #1132, .T. ) ;
#165 = CARTESIAN_POINT ( 'NONE',  ( 5.396917480816732744E-15, -16.00000000000000000, 0.000000000000000000 ) ) ;
#166 = VERTEX_POINT ( 'NONE', #1112 ) ;
#167 = AXIS2_PLACEMENT_3D ( 'NONE', #1901, #1729, #1227 ) ;
#168 = VERTEX_POINT ( 'NONE', #1926 ) ;
#169 = CARTESIAN_POINT ( 'NONE',  ( 17.49999999999999645, 16.00000000000000000, 19.49999999999999645 ) ) ;
#170 = CARTESIAN_POINT ( 'NONE',  ( 16.29999999999999716, 12.00000000000000000, 24.00000000000000000 ) ) ;
#171 = AXIS2_PLACEMENT_3D ( 'NONE', #1549, #61, #718 ) ;
#172 = ORIENTED_EDGE ( 'NONE', *, *, #1664, .F. ) ;
#173 = VECTOR ( 'NONE', #524, 1000.000000000000000 ) ;
#174 = AXIS2_PLACEMENT_3D ( 'NONE', #1753, #1251, #1910 ) ;
#175 = DIRECTION ( 'NONE',  ( -0.7071067811865457964, 0.000000000000000000, -0.7071067811865492381 ) ) ;
#176 = ADVANCED_FACE ( 'NONE', ( #590 ), #2106, .T. ) ;
#177 = DIRECTION ( 'NONE',  ( 0.000000000000000000, -1.000000000000000000, 0.000000000000000000 ) ) ;
#178 = CARTESIAN_POINT ( 'NONE',  ( 5.000000000000000000, 23.49636243346452247, 20.69999999999999929 ) ) ;
#179 = ORIENTED_EDGE ( 'NONE', *, *, #976, .T. ) ;
#180 = EDGE_CURVE ( 'NONE', #1641, #375, #622, .T. ) ;
#181 = ORIENTED_EDGE ( 'NONE', *, *, #2020, .T. ) ;
#182 = CARTESIAN_POINT ( 'NONE',  ( 17.49999999999999645, 16.00000000000000000, 26.00000000000000355 ) ) ;
#183 = LINE ( 'NONE', #842, #1317 ) ;
#184 = ORIENTED_EDGE ( 'NONE', *, *, #2109, .F. ) ;
#185 = DIRECTION ( 'NONE',  ( -1.000000000000000000, 0.000000000000000000, 0.000000000000000000 ) ) ;
#186 = CARTESIAN_POINT ( 'NONE',  ( -6.000000000000000000, 23.69999999999999929, 18.50000000000000355 ) ) ;
#187 = DIRECTION ( 'NONE',  ( 0.000000000000000000, 0.000000000000000000, -1.000000000000000000 ) ) ;
#188 = CARTESIAN_POINT ( 'NONE',  ( -12.49999999999999645, -18.00000000000000355, 26.00000000000000355 ) ) ;
#189 = ORIENTED_EDGE ( 'NONE', *, *, #1485, .F. ) ;
#190 = ADVANCED_FACE ( 'NONE', ( #1621 ), #276, .F. ) ;
#191 = ORIENTED_EDGE ( 'NONE', *, *, #931, .T. ) ;
#192 = DIRECTION ( 'NONE',  ( -0.000000000000000000, 0.000000000000000000, -1.000000000000000000 ) ) ;
#193 = LINE ( 'NONE', #851, #2151 ) ;
#194 = CARTESIAN_POINT ( 'NONE',  ( -18.19999999999999574, 3.000000000000000888, 20.19999999999999929 ) ) ;
#195 = ORIENTED_EDGE ( 'NONE', *, *, #384, .T. ) ;
#196 = CYLINDRICAL_SURFACE ( 'NONE', #578, 2.000000000000001776 ) ;
#197 = CARTESIAN_POINT ( 'NONE',  ( 17.49999999999999645, 16.00000000000000000, 19.49999999999999645 ) ) ;
#198 = CARTESIAN_POINT ( 'NONE',  ( 18.29999999999999716, 18.00000000000000355, 28.00000000000000000 ) ) ;
#199 = VERTEX_POINT ( 'NONE', #1295 ) ;
#200 = ORIENTED_EDGE ( 'NONE', *, *, #1701, .T. ) ;
#201 = DIRECTION ( 'NONE',  ( 0.000000000000000000, 1.000000000000000000, 0.000000000000000000 ) ) ;
#202 = EDGE_CURVE ( 'NONE', #1255, #1758, #1812, .T. ) ;
#203 = AXIS2_PLACEMENT_3D ( 'NONE', #32, #707, #548 ) ;
#204 = CARTESIAN_POINT ( 'NONE',  ( 11.00000000000000000, 23.69999999999999929, 20.69999999999999929 ) ) ;
#205 = ORIENTED_EDGE ( 'NONE', *, *, #2147, .F. ) ;
#206 = CARTESIAN_POINT ( 'NONE',  ( 11.00000000000000000, 21.69999999999999574, 19.50000000000000355 ) ) ;
#207 = AXIS2_PLACEMENT_3D ( 'NONE', #1654, #8, #1174 ) ;
#208 = EDGE_CURVE ( 'NONE', #866, #958, #1741, .T. ) ;
#209 = FACE_OUTER_BOUND ( 'NONE', #1200, .T. ) ;
#210 = DIRECTION ( 'NONE',  ( -0.000000000000000000, -1.000000000000000000, -0.000000000000000000 ) ) ;
#211 = AXIS2_PLACEMENT_3D ( 'NONE', #950, #1523, #804 ) ;
#212 = CARTESIAN_POINT ( 'NONE',  ( 17.49999999999999645, 16.00000000000000000, 21.60000000000000142 ) ) ;
#213 = DIRECTION ( 'NONE',  ( 0.000000000000000000, 0.000000000000000000, -1.000000000000000000 ) ) ;
#214 = EDGE_LOOP ( 'NONE', ( #925, #1070, #205, #1066, #1997, #2091, #639, #138, #1938 ) ) ;
#215 = CARTESIAN_POINT ( 'NONE',  ( -17.49999999999999289, -16.00000000000000000, 19.49999999999999645 ) ) ;
#216 =( LENGTH_UNIT ( ) NAMED_UNIT ( * ) SI_UNIT ( .MILLI., .METRE. ) );
#217 = ORIENTED_EDGE ( 'NONE', *, *, #1526, .F. ) ;
#218 = DIRECTION ( 'NONE',  ( 0.7071067811865492381, -0.000000000000000000, 0.7071067811865457964 ) ) ;
#219 = LINE ( 'NONE', #1370, #406 ) ;
#220 = EDGE_CURVE ( 'NONE', #116, #1411, #122, .T. ) ;
#221 = DIRECTION ( 'NONE',  ( -1.000000000000000000, 0.000000000000000000, 0.000000000000000000 ) ) ;
#222 = DIRECTION ( 'NONE',  ( 0.000000000000000000, 1.000000000000000000, 0.000000000000000000 ) ) ;
#223 = EDGE_LOOP ( 'NONE', ( #470, #1420, #818, #339 ) ) ;
#224 = ORIENTED_EDGE ( 'NONE', *, *, #1401, .T. ) ;
#225 = PLANE ( 'NONE',  #930 ) ;
#226 = PLANE ( 'NONE',  #203 ) ;
#227 = EDGE_CURVE ( 'NONE', #1927, #1311, #1068, .T. ) ;
#228 = CARTESIAN_POINT ( 'NONE',  ( 18.19999999999999574, 12.00000000000000000, 20.89999999999999858 ) ) ;
#229 = PLANE ( 'NONE',  #25 ) ;
#230 = EDGE_CURVE ( 'NONE', #1791, #2125, #1655, .T. ) ;
#231 = ORIENTED_EDGE ( 'NONE', *, *, #1053, .T. ) ;
#232 = LINE ( 'NONE', #1467, #62 ) ;
#233 = ORIENTED_EDGE ( 'NONE', *, *, #765, .T. ) ;
#234 = LINE ( 'NONE', #939, #30 ) ;
#235 = AXIS2_PLACEMENT_3D ( 'NONE', #790, #1284, #286 ) ;
#236 = EDGE_LOOP ( 'NONE', ( #1904, #179, #725, #51 ) ) ;
#237 = DIRECTION ( 'NONE',  ( 0.7071067811865457964, 0.000000000000000000, -0.7071067811865492381 ) ) ;
#238 = VECTOR ( 'NONE', #1678, 1000.000000000000000 ) ;
#239 = CARTESIAN_POINT ( 'NONE',  ( 17.31819049859614168, 23.48010350236858557, 20.97344695531949910 ) ) ;
#240 = VECTOR ( 'NONE', #285, 1000.000000000000000 ) ;
#241 = CARTESIAN_POINT ( 'NONE',  ( 14.30000000000002380, 16.00000000000000000, 26.00000000000000355 ) ) ;
#242 = CARTESIAN_POINT ( 'NONE',  ( 18.20000000000000284, -16.00000000000000000, 20.19999999999999929 ) ) ;
#243 = DIRECTION ( 'NONE',  ( 0.000000000000000000, 1.000000000000000000, 0.000000000000000000 ) ) ;
#244 = AXIS2_PLACEMENT_3D ( 'NONE', #1661, #500, #2000 ) ;
#245 = EDGE_CURVE ( 'NONE', #199, #1205, #1418, .T. ) ;
#246 = CIRCLE ( 'NONE', #414, 5.800000000000001599 ) ;
#247 = ORIENTED_EDGE ( 'NONE', *, *, #1731, .T. ) ;
#248 = ADVANCED_FACE ( 'NONE', ( #1054 ), #1720, .T. ) ;
#249 = LINE ( 'NONE', #1223, #1672 ) ;
#250 = ORIENTED_EDGE ( 'NONE', *, *, #1662, .T. ) ;
#251 = DIRECTION ( 'NONE',  ( 0.000000000000000000, -1.000000000000000000, 0.000000000000000000 ) ) ;
#252 = EDGE_LOOP ( 'NONE', ( #1030, #1010, #1183, #659, #1484, #657, #1600, #156, #1125 ) ) ;
#253 = CARTESIAN_POINT ( 'NONE',  ( -16.30000000000000071, 23.49636243346452247, 20.69999999999999929 ) ) ;
#254 = CARTESIAN_POINT ( 'NONE',  ( 18.24179881604624853, 23.23082400270524417, 22.20464289219203735 ) ) ;
#255 = LINE ( 'NONE', #1619, #1218 ) ;
#256 = LINE ( 'NONE', #1934, #791 ) ;
#257 = ORIENTED_EDGE ( 'NONE', *, *, #96, .T. ) ;
#258 = ADVANCED_FACE ( 'NONE', ( #1893 ), #226, .T. ) ;
#259 = ORIENTED_EDGE ( 'NONE', *, *, #1276, .F. ) ;
#260 = DIRECTION ( 'NONE',  ( 1.000000000000000000, 0.000000000000000000, 0.000000000000000000 ) ) ;
#261 = ORIENTED_EDGE ( 'NONE', *, *, #1485, .T. ) ;
#262 = DIRECTION ( 'NONE',  ( 0.000000000000000000, 0.000000000000000000, 1.000000000000000000 ) ) ;
#263 = DIRECTION ( 'NONE',  ( 1.000000000000000000, -0.000000000000000000, 0.000000000000000000 ) ) ;
#264 = DIRECTION ( 'NONE',  ( -1.000000000000000000, 0.000000000000000000, -0.000000000000000000 ) ) ;
#265 = CARTESIAN_POINT ( 'NONE',  ( -18.19999999999999574, 7.000000000000000888, 20.89999999999999858 ) ) ;
#266 = ORIENTED_EDGE ( 'NONE', *, *, #1731, .F. ) ;
#267 = ORIENTED_EDGE ( 'NONE', *, *, #890, .F. ) ;
#268 = ORIENTED_EDGE ( 'NONE', *, *, #227, .T. ) ;
#269 = CARTESIAN_POINT ( 'NONE',  ( -17.49999999999999645, 7.000000000000000888, 19.49999999999999645 ) ) ;
#270 = EDGE_CURVE ( 'NONE', #849, #2075, #1550, .T. ) ;
#271 = ORIENTED_EDGE ( 'NONE', *, *, #465, .T. ) ;
#272 = DIRECTION ( 'NONE',  ( 0.7071067811865492381, 0.000000000000000000, -0.7071067811865457964 ) ) ;
#273 = ADVANCED_FACE ( 'NONE', ( #887 ), #689, .T. ) ;
#274 = CARTESIAN_POINT ( 'NONE',  ( 17.50000000000000355, -16.00000000000000000, 19.49999999999999645 ) ) ;
#275 = DIRECTION ( 'NONE',  ( -0.000000000000000000, 1.000000000000000000, 0.000000000000000000 ) ) ;
#276 = CYLINDRICAL_SURFACE ( 'NONE', #999, 5.500000000000000000 ) ;
#277 = VECTOR ( 'NONE', #753, 1000.000000000000000 ) ;
#278 = VECTOR ( 'NONE', #1312, 1000.000000000000000 ) ;
#279 = VECTOR ( 'NONE', #700, 1000.000000000000000 ) ;
#280 = ORIENTED_EDGE ( 'NONE', *, *, #1664, .T. ) ;
#281 = CARTESIAN_POINT ( 'NONE',  ( 11.00000000000000000, 23.69999999999999929, 19.50000000000000355 ) ) ;
#282 = ORIENTED_EDGE ( 'NONE', *, *, #1001, .F. ) ;
#283 = LINE ( 'NONE', #785, #1142 ) ;
#284 = ADVANCED_FACE ( 'NONE', ( #76 ), #386, .T. ) ;
#285 = DIRECTION ( 'NONE',  ( 0.000000000000000000, 0.000000000000000000, 1.000000000000000000 ) ) ;
#286 = DIRECTION ( 'NONE',  ( 0.000000000000000000, -0.000000000000000000, -1.000000000000000000 ) ) ;
#287 = ORIENTED_EDGE ( 'NONE', *, *, #1551, .T. ) ;
#288 = ORIENTED_EDGE ( 'NONE', *, *, #1016, .T. ) ;
#289 = CARTESIAN_POINT ( 'NONE',  ( 18.19999999999999574, 12.00000000000000000, 20.19999999999999929 ) ) ;
#290 = EDGE_LOOP ( 'NONE', ( #92, #337, #1391, #1755, #2140, #261 ) ) ;
#291 = CARTESIAN_POINT ( 'NONE',  ( -17.49999999999999645, 3.000000000000000888, 21.60000000000000142 ) ) ;
#292 = CARTESIAN_POINT ( 'NONE',  ( 18.19999999999999574, 16.00000000000000000, 20.89999999999999858 ) ) ;
#293 = CARTESIAN_POINT ( 'NONE',  ( 28.90660171779821397, 21.69999999999999574, 24.56939798987517065 ) ) ;
#294 = DIRECTION ( 'NONE',  ( 0.000000000000000000, 0.000000000000000000, -1.000000000000000000 ) ) ;
#295 = EDGE_CURVE ( 'NONE', #665, #415, #1752, .T. ) ;
#296 = ORIENTED_EDGE ( 'NONE', *, *, #557, .T. ) ;
#297 = EDGE_CURVE ( 'NONE', #1821, #958, #1570, .T. ) ;
#298 = ORIENTED_EDGE ( 'NONE', *, *, #161, .F. ) ;
#299 = PLANE ( 'NONE',  #1005 ) ;
#300 = ORIENTED_EDGE ( 'NONE', *, *, #491, .F. ) ;
#301 = CARTESIAN_POINT ( 'NONE',  ( 17.90113906176328129, 25.43460959241728148, 21.49439724791097461 ) ) ;
#302 = CARTESIAN_POINT ( 'NONE',  ( -17.63172994401547200, 25.46765597375537382, 21.20209714161659775 ) ) ;
#303 = DIRECTION ( 'NONE',  ( 0.7071067811865492381, 0.000000000000000000, -0.7071067811865457964 ) ) ;
#304 = CARTESIAN_POINT ( 'NONE',  ( -18.30000000000000426, 18.00000000000000355, 22.69999999999999929 ) ) ;
#305 = VECTOR ( 'NONE', #1509, 1000.000000000000000 ) ;
#306 = PRODUCT_RELATED_PRODUCT_CATEGORY ( 'part', '', ( #722 ) ) ;
#307 = DIRECTION ( 'NONE',  ( 0.000000000000000000, 1.000000000000000000, 0.000000000000000000 ) ) ;
#308 = VECTOR ( 'NONE', #1620, 1000.000000000000000 ) ;
#309 = AXIS2_PLACEMENT_3D ( 'NONE', #1421, #735, #251 ) ;
#310 = EDGE_CURVE ( 'NONE', #1766, #458, #45, .T. ) ;
#311 = EDGE_LOOP ( 'NONE', ( #591, #1744, #104, #1983 ) ) ;
#312 = CARTESIAN_POINT ( 'NONE',  ( 5.000000000000000000, 23.69999999999999929, 20.69999999999999929 ) ) ;
#313 = VECTOR ( 'NONE', #856, 1000.000000000000114 ) ;
#314 = ORIENTED_EDGE ( 'NONE', *, *, #1811, .F. ) ;
#315 = CARTESIAN_POINT ( 'NONE',  ( 18.19999999999999574, 12.00000000000000000, 20.19999999999999929 ) ) ;
#316 = DIRECTION ( 'NONE',  ( -0.000000000000000000, 1.000000000000000000, 0.000000000000000000 ) ) ;
#317 = LINE ( 'NONE', #1306, #238 ) ;
#318 = ORIENTED_EDGE ( 'NONE', *, *, #1265, .F. ) ;
#319 = VERTEX_POINT ( 'NONE', #1514 ) ;
#320 = DIRECTION ( 'NONE',  ( -1.000000000000000000, 0.000000000000000000, -0.000000000000000000 ) ) ;
#321 = EDGE_CURVE ( 'NONE', #375, #538, #863, .T. ) ;
#322 = ORIENTED_EDGE ( 'NONE', *, *, #321, .F. ) ;
#323 = LINE ( 'NONE', #2009, #967 ) ;
#324 = DIRECTION ( 'NONE',  ( 0.000000000000000000, 1.000000000000000000, 0.000000000000000000 ) ) ;
#325 = LINE ( 'NONE', #2012, #686 ) ;
#326 = CARTESIAN_POINT ( 'NONE',  ( -18.30000000000000426, 18.00000000000000355, 28.00000000000000000 ) ) ;
#327 = VERTEX_POINT ( 'NONE', #1008 ) ;
#328 = VERTEX_POINT ( 'NONE', #1343 ) ;
#329 = DIRECTION ( 'NONE',  ( 0.000000000000000000, -0.000000000000000000, -1.000000000000000000 ) ) ;
#330 = ORIENTED_EDGE ( 'NONE', *, *, #1026, .T. ) ;
#331 = CARTESIAN_POINT ( 'NONE',  ( 14.30000000000003091, -18.00000000000000355, 26.00000000000000355 ) ) ;
#332 = EDGE_CURVE ( 'NONE', #866, #1790, #39, .T. ) ;
#333 = DIRECTION ( 'NONE',  ( 0.000000000000000000, 1.000000000000000000, 0.000000000000000000 ) ) ;
#334 = ADVANCED_FACE ( 'NONE', ( #1670 ), #1368, .T. ) ;
#335 = LINE ( 'NONE', #1157, #972 ) ;
#336 = FACE_OUTER_BOUND ( 'NONE', #1242, .T. ) ;
#337 = ORIENTED_EDGE ( 'NONE', *, *, #1979, .T. ) ;
#338 = AXIS2_PLACEMENT_3D ( 'NONE', #1598, #132, #1960 ) ;
#339 = ORIENTED_EDGE ( 'NONE', *, *, #619, .F. ) ;
#340 = FACE_OUTER_BOUND ( 'NONE', #529, .T. ) ;
#341 = DIRECTION ( 'NONE',  ( 0.000000000000000000, 0.000000000000000000, 1.000000000000000000 ) ) ;
#342 = AXIS2_PLACEMENT_3D ( 'NONE', #1861, #378, #870 ) ;
#343 = VERTEX_POINT ( 'NONE', #170 ) ;
#344 = CARTESIAN_POINT ( 'NONE',  ( -16.29999999999999716, 3.000000000000004441, 24.00000000000000711 ) ) ;
#345 = UNCERTAINTY_MEASURE_WITH_UNIT (LENGTH_MEASURE( 1.000000000000000082E-05 ), #1555, 'distance_accuracy_value', 'NONE');
#346 = AXIS2_PLACEMENT_3D ( 'NONE', #2104, #439, #607 ) ;
#347 = LINE ( 'NONE', #146, #1072 ) ;
#348 = EDGE_CURVE ( 'NONE', #143, #1311, #668, .T. ) ;
#349 = CARTESIAN_POINT ( 'NONE',  ( -11.00000000000000000, 21.69999999999999574, 18.50000000000000355 ) ) ;
#350 = ORIENTED_EDGE ( 'NONE', *, *, #1346, .T. ) ;
#351 = ORIENTED_EDGE ( 'NONE', *, *, #631, .F. ) ;
#352 = DIRECTION ( 'NONE',  ( 0.000000000000000000, -1.000000000000000000, -0.000000000000000000 ) ) ;
#353 = DIRECTION ( 'NONE',  ( 0.000000000000000000, 0.000000000000000000, 1.000000000000000000 ) ) ;
#354 = CARTESIAN_POINT ( 'NONE',  ( -17.31000183648241020, 25.48570394180621790, 20.96873337258378456 ) ) ;
#355 = ORIENTED_EDGE ( 'NONE', *, *, #141, .F. ) ;
#356 = FACE_OUTER_BOUND ( 'NONE', #956, .T. ) ;
#357 = LINE ( 'NONE', #197, #611 ) ;
#358 = CARTESIAN_POINT ( 'NONE',  ( 9.999999999999998224, 0.000000000000000000, 18.50000000000000355 ) ) ;
#359 = DIRECTION ( 'NONE',  ( 0.000000000000000000, -1.000000000000000000, 0.000000000000000000 ) ) ;
#360 = VERTEX_POINT ( 'NONE', #1333 ) ;
#361 = EDGE_CURVE ( 'NONE', #1074, #319, #193, .T. ) ;
#362 = ORIENTED_EDGE ( 'NONE', *, *, #2067, .F. ) ;
#363 = CARTESIAN_POINT ( 'NONE',  ( -16.29999999999999716, 3.000000000000000888, 20.30000000000000426 ) ) ;
#364 = EDGE_CURVE ( 'NONE', #916, #1082, #1390, .T. ) ;
#365 = CARTESIAN_POINT ( 'NONE',  ( 18.20000000000000284, -16.00000000000000000, 20.89999999999999858 ) ) ;
#366 = ORIENTED_EDGE ( 'NONE', *, *, #1474, .T. ) ;
#367 = CARTESIAN_POINT ( 'NONE',  ( 5.000000000000000000, 21.69999999999999574, 28.00199999999999889 ) ) ;
#368 = CARTESIAN_POINT ( 'NONE',  ( -16.30000000000000071, 25.49733285909062630, 20.69999999999999929 ) ) ;
#369 = CARTESIAN_POINT ( 'NONE',  ( 18.20588617360912664, 23.26956351732341588, 22.08021046066797410 ) ) ;
#370 = CARTESIAN_POINT ( 'NONE',  ( -18.30000000000000426, 18.00000000000000355, 26.00000000000000355 ) ) ;
#371 = CYLINDRICAL_SURFACE ( 'NONE', #478, 1.000000000000000888 ) ;
#372 = ORIENTED_EDGE ( 'NONE', *, *, #1718, .F. ) ;
#373 = DIRECTION ( 'NONE',  ( -2.891205793294679411E-15, 0.000000000000000000, 1.000000000000000000 ) ) ;
#374 = EDGE_CURVE ( 'NONE', #404, #1641, #249, .T. ) ;
#375 = VERTEX_POINT ( 'NONE', #793 ) ;
#376 = VECTOR ( 'NONE', #1944, 1000.000000000000000 ) ;
#377 = VECTOR ( 'NONE', #840, 1000.000000000000000 ) ;
#378 = DIRECTION ( 'NONE',  ( 0.000000000000000000, 1.000000000000000000, 0.000000000000000000 ) ) ;
#379 = VECTOR ( 'NONE', #1372, 1000.000000000000000 ) ;
#380 = CARTESIAN_POINT ( 'NONE',  ( -18.30000000000000426, 18.00000000000000355, 26.00000000000000355 ) ) ;
#381 = CARTESIAN_POINT ( 'NONE',  ( 0.000000000000000000, 0.000000000000000000, 18.50000000000000355 ) ) ;
#382 = ORIENTED_EDGE ( 'NONE', *, *, #1065, .F. ) ;
#383 = ORIENTED_EDGE ( 'NONE', *, *, #1637, .F. ) ;
#384 = EDGE_CURVE ( 'NONE', #849, #1941, #390, .T. ) ;
#385 = FACE_OUTER_BOUND ( 'NONE', #1532, .T. ) ;
#386 = CYLINDRICAL_SURFACE ( 'NONE', #167, 2.000000000000000000 ) ;
#387 = CARTESIAN_POINT ( 'NONE',  ( 0.000000000000000000, 7.000000000000000888, 0.000000000000000000 ) ) ;
#388 = ORIENTED_EDGE ( 'NONE', *, *, #1823, .T. ) ;
#389 = PRESENTATION_STYLE_ASSIGNMENT (( #400 ) ) ;
#390 = LINE ( 'NONE', #776, #1846 ) ;
#391 = VERTEX_POINT ( 'NONE', #1069 ) ;
#392 = EDGE_CURVE ( 'NONE', #2039, #1468, #232, .T. ) ;
#393 = ORIENTED_EDGE ( 'NONE', *, *, #321, .T. ) ;
#394 = DIRECTION ( 'NONE',  ( 0.7071067811865492381, -0.000000000000000000, 0.7071067811865457964 ) ) ;
#395 = DIRECTION ( 'NONE',  ( 0.000000000000000000, -0.000000000000000000, -1.000000000000000000 ) ) ;
#396 = ADVANCED_FACE ( 'NONE', ( #71 ), #908, .F. ) ;
#397 = DIRECTION ( 'NONE',  ( 0.000000000000000000, 1.000000000000000000, 0.000000000000000000 ) ) ;
#398 = DIRECTION ( 'NONE',  ( 0.000000000000000000, 0.000000000000000000, 1.000000000000000000 ) ) ;
#399 = ORIENTED_EDGE ( 'NONE', *, *, #601, .T. ) ;
#400 = SURFACE_STYLE_USAGE ( .BOTH. , #2048 ) ;
#401 = ORIENTED_EDGE ( 'NONE', *, *, #1001, .T. ) ;
#402 = DIRECTION ( 'NONE',  ( 0.7071067811865457964, 0.000000000000000000, -0.7071067811865492381 ) ) ;
#403 = MECHANICAL_DESIGN_GEOMETRIC_PRESENTATION_REPRESENTATION (  '', ( #2021 ), #677 ) ;
#404 = VERTEX_POINT ( 'NONE', #766 ) ;
#405 = DIRECTION ( 'NONE',  ( -0.7071067811865457964, 0.000000000000000000, -0.7071067811865492381 ) ) ;
#406 = VECTOR ( 'NONE', #2042, 1000.000000000000000 ) ;
#407 = CARTESIAN_POINT ( 'NONE',  ( 16.43455723218338704, 23.49636243346452247, 20.69999999999999574 ) ) ;
#408 = VECTOR ( 'NONE', #1871, 1000.000000000000000 ) ;
#409 = FACE_OUTER_BOUND ( 'NONE', #1824, .T. ) ;
#410 = DIRECTION ( 'NONE',  ( -1.000000000000000000, 0.000000000000000000, -0.000000000000000000 ) ) ;
#411 = DIRECTION ( 'NONE',  ( 0.000000000000000000, 1.000000000000000000, 0.000000000000000000 ) ) ;
#412 = AXIS2_PLACEMENT_3D ( 'NONE', #5, #320, #482 ) ;
#413 = EDGE_CURVE ( 'NONE', #995, #1153, #1440, .T. ) ;
#414 = AXIS2_PLACEMENT_3D ( 'NONE', #1141, #1130, #130 ) ;
#415 = VERTEX_POINT ( 'NONE', #1800 ) ;
#416 = LINE ( 'NONE', #1716, #108 ) ;
#417 = ORIENTED_EDGE ( 'NONE', *, *, #553, .T. ) ;
#418 = DIRECTION ( 'NONE',  ( 1.000000000000000000, 0.000000000000000000, 0.000000000000000000 ) ) ;
#419 = ORIENTED_EDGE ( 'NONE', *, *, #297, .T. ) ;
#420 = CARTESIAN_POINT ( 'NONE',  ( 11.00000000000000000, 21.69999999999999574, 24.56939798987517065 ) ) ;
#421 = CARTESIAN_POINT ( 'NONE',  ( -16.29999999999999716, 3.000000000000000888, 24.00000000000000711 ) ) ;
#422 = DIRECTION ( 'NONE',  ( 0.000000000000000000, 0.000000000000000000, -1.000000000000000000 ) ) ;
#423 = DIRECTION ( 'NONE',  ( -1.000000000000000000, -1.927470528863118802E-16, 0.000000000000000000 ) ) ;
#424 = EDGE_CURVE ( 'NONE', #583, #1607, #443, .T. ) ;
#425 = ORIENTED_EDGE ( 'NONE', *, *, #1966, .T. ) ;
#426 = ADVANCED_FACE ( 'NONE', ( #1286 ), #954, .T. ) ;
#427 = ORIENTED_EDGE ( 'NONE', *, *, #1136, .F. ) ;
#428 = DIRECTION ( 'NONE',  ( 1.000000000000000000, -0.000000000000000000, 0.000000000000000000 ) ) ;
#429 = ORIENTED_EDGE ( 'NONE', *, *, #877, .T. ) ;
#430 = LINE ( 'NONE', #1932, #1914 ) ;
#431 = CARTESIAN_POINT ( 'NONE',  ( 17.50000000000000355, -16.00000000000000000, 26.00000000000000355 ) ) ;
#432 = DIRECTION ( 'NONE',  ( 0.000000000000000000, 0.000000000000000000, 1.000000000000000000 ) ) ;
#433 = DIRECTION ( 'NONE',  ( -1.927470528863118802E-16, 1.000000000000000000, -0.000000000000000000 ) ) ;
#434 = ORIENTED_EDGE ( 'NONE', *, *, #996, .F. ) ;
#435 = DIRECTION ( 'NONE',  ( 0.000000000000000000, 1.000000000000000000, 0.000000000000000000 ) ) ;
#436 = EDGE_CURVE ( 'NONE', #1006, #1778, #155, .T. ) ;
#437 = EDGE_LOOP ( 'NONE', ( #11, #1878, #1950, #1341 ) ) ;
#438 = CARTESIAN_POINT ( 'NONE',  ( -18.28870030787212286, 23.14307166677032868, 22.45343096606895372 ) ) ;
#439 = DIRECTION ( 'NONE',  ( 0.000000000000000000, -1.000000000000000000, 0.000000000000000000 ) ) ;
#440 = DIRECTION ( 'NONE',  ( 0.000000000000000000, -1.000000000000000000, 0.000000000000000000 ) ) ;
#441 = LINE ( 'NONE', #1945, #998 ) ;
#442 = VECTOR ( 'NONE', #333, 1000.000000000000000 ) ;
#443 = LINE ( 'NONE', #1114, #473 ) ;
#444 = VECTOR ( 'NONE', #402, 1000.000000000000114 ) ;
#445 = FACE_OUTER_BOUND ( 'NONE', #1320, .T. ) ;
#446 = AXIS2_PLACEMENT_3D ( 'NONE', #1208, #1721, #1190 ) ;
#447 = ORIENTED_EDGE ( 'NONE', *, *, #1401, .F. ) ;
#448 = CARTESIAN_POINT ( 'NONE',  ( 6.000000000000000000, 21.69999999999999574, 18.50000000000000355 ) ) ;
#449 = VERTEX_POINT ( 'NONE', #487 ) ;
#450 = CARTESIAN_POINT ( 'NONE',  ( -16.95844756027982569, 23.49167977208513491, 20.80683716432726627 ) ) ;
#451 = EDGE_CURVE ( 'NONE', #109, #843, #2149, .T. ) ;
#452 = CARTESIAN_POINT ( 'NONE',  ( -18.30000000000000426, 25.20918238417703350, 22.57254968308485132 ) ) ;
#453 = CARTESIAN_POINT ( 'NONE',  ( 18.19999999999999574, 12.00000000000000000, 20.19999999999999929 ) ) ;
#454 = ADVANCED_FACE ( 'NONE', ( #1015 ), #1158, .T. ) ;
#455 = CARTESIAN_POINT ( 'NONE',  ( 18.29999999999999716, 18.00000000000001066, 20.50000000000000000 ) ) ;
#456 = VERTEX_POINT ( 'NONE', #1830 ) ;
#457 = CARTESIAN_POINT ( 'NONE',  ( 17.50000000000000355, -11.99999999999999822, 26.00000000000000355 ) ) ;
#458 = VERTEX_POINT ( 'NONE', #326 ) ;
#459 = CARTESIAN_POINT ( 'NONE',  ( 17.50000000000000355, -16.00000000000000000, 26.00000000000000355 ) ) ;
#460 = ORIENTED_EDGE ( 'NONE', *, *, #2138, .T. ) ;
#461 = CARTESIAN_POINT ( 'NONE',  ( 18.20250065519772065, 25.33494993685755503, 22.06958987736469169 ) ) ;
#462 = EDGE_CURVE ( 'NONE', #343, #91, #827, .T. ) ;
#463 = DIRECTION ( 'NONE',  ( 0.000000000000000000, 1.000000000000000000, 0.000000000000000000 ) ) ;
#464 = CARTESIAN_POINT ( 'NONE',  ( -6.000000000000000000, 23.69999999999999929, 19.50000000000000355 ) ) ;
#465 = EDGE_CURVE ( 'NONE', #1652, #1613, #990, .T. ) ;
#466 = CARTESIAN_POINT ( 'NONE',  ( 16.29999999999999361, 25.50000000000000355, 20.69999999999999929 ) ) ;
#467 = CARTESIAN_POINT ( 'NONE',  ( 16.29999999999999716, 12.00000000000000000, 20.30000000000000426 ) ) ;
#468 = VERTEX_POINT ( 'NONE', #1687 ) ;
#469 = DIRECTION ( 'NONE',  ( 0.000000000000000000, 0.000000000000000000, -1.000000000000000000 ) ) ;
#470 = ORIENTED_EDGE ( 'NONE', *, *, #658, .F. ) ;
#471 = CYLINDRICAL_SURFACE ( 'NONE', #211, 1.000000000000000888 ) ;
#472 = LINE ( 'NONE', #805, #2022 ) ;
#473 = VECTOR ( 'NONE', #1451, 1000.000000000000000 ) ;
#474 = FACE_OUTER_BOUND ( 'NONE', #2089, .T. ) ;
#475 = CARTESIAN_POINT ( 'NONE',  ( 16.29999999999999716, 12.00000000000000000, 24.00000000000000000 ) ) ;
#476 = ORIENTED_EDGE ( 'NONE', *, *, #424, .T. ) ;
#477 = ORIENTED_EDGE ( 'NONE', *, *, #81, .F. ) ;
#478 = AXIS2_PLACEMENT_3D ( 'NONE', #1711, #882, #213 ) ;
#479 = EDGE_CURVE ( 'NONE', #847, #1221, #2003, .T. ) ;
#480 = VECTOR ( 'NONE', #185, 1000.000000000000000 ) ;
#481 = ORIENTED_EDGE ( 'NONE', *, *, #67, .T. ) ;
#482 = DIRECTION ( 'NONE',  ( -0.000000000000000000, 0.000000000000000000, 1.000000000000000000 ) ) ;
#483 = VECTOR ( 'NONE', #1167, 1000.000000000000000 ) ;
#484 = ORIENTED_EDGE ( 'NONE', *, *, #841, .F. ) ;
#485 = DIRECTION ( 'NONE',  ( 0.000000000000000000, -1.000000000000000000, 0.000000000000000000 ) ) ;
#486 = CARTESIAN_POINT ( 'NONE',  ( 6.000000000000000000, 23.69999999999999929, 18.50000000000000355 ) ) ;
#487 = CARTESIAN_POINT ( 'NONE',  ( -18.30000000000000426, 23.04083326445142532, 22.69999999999999929 ) ) ;
#488 = EDGE_CURVE ( 'NONE', #1660, #756, #1024, .T. ) ;
#489 = ORIENTED_EDGE ( 'NONE', *, *, #1133, .T. ) ;
#490 = LINE ( 'NONE', #2133, #1354 ) ;
#491 = EDGE_CURVE ( 'NONE', #885, #1660, #1351, .T. ) ;
#492 = VERTEX_POINT ( 'NONE', #1327 ) ;
#493 = LINE ( 'NONE', #331, #1675 ) ;
#494 = DIRECTION ( 'NONE',  ( 0.000000000000000000, 0.000000000000000000, -1.000000000000000000 ) ) ;
#495 = DIRECTION ( 'NONE',  ( 0.000000000000000000, 0.000000000000000000, -1.000000000000000000 ) ) ;
#496 = CARTESIAN_POINT ( 'NONE',  ( -18.30000000000000426, 18.00000000000000355, 26.00000000000000355 ) ) ;
#497 = ORIENTED_EDGE ( 'NONE', *, *, #1108, .T. ) ;
#498 = PLANE ( 'NONE',  #1215 ) ;
#499 = ORIENTED_EDGE ( 'NONE', *, *, #1985, .F. ) ;
#500 = DIRECTION ( 'NONE',  ( -1.000000000000000000, 0.000000000000000000, 0.000000000000000000 ) ) ;
#501 = ADVANCED_FACE ( 'NONE', ( #1519 ), #1820, .T. ) ;
#502 = DIRECTION ( 'NONE',  ( 0.7071067811865524577, 0.000000000000000000, 0.7071067811865425767 ) ) ;
#503 = DIRECTION ( 'NONE',  ( -2.891205793294679411E-15, 0.000000000000000000, -1.000000000000000000 ) ) ;
#504 = PLANE ( 'NONE',  #1383 ) ;
#505 = EDGE_LOOP ( 'NONE', ( #983, #1801, #84, #1732 ) ) ;
#506 = CLOSED_SHELL ( 'NONE', ( #1330, #164, #426, #501, #710, #1427, #334, #1591, #712, #904, #1454, #1322, #1228, #1996, #70, #258, #825, #111, #987, #582, #248, #1541, #1610, #957, #1189, #1928, #1013, #838, #907, #454, #1173, #1727, #1915, #2071, #12, #1431, #1634, #1062, #918, #1304, #736, #190, #517, #2007, #1768, #848, #284, #1240, #2123, #567, #396, #537, #1624, #1263, #1799, #273, #1689, #592, #1398, #1413, #176, #688, #935, #1503, #2107, #617 ) ) ;
#507 = AXIS2_PLACEMENT_3D ( 'NONE', #1580, #83, #1946 ) ;
#508 = ORIENTED_EDGE ( 'NONE', *, *, #1319, .F. ) ;
#509 = DIRECTION ( 'NONE',  ( 0.000000000000000000, -1.000000000000000000, -0.000000000000000000 ) ) ;
#510 = AXIS2_PLACEMENT_3D ( 'NONE', #1763, #131, #589 ) ;
#511 = DIRECTION ( 'NONE',  ( 0.000000000000000000, 0.000000000000000000, 1.000000000000000000 ) ) ;
#512 = ORIENTED_EDGE ( 'NONE', *, *, #1065, .T. ) ;
#513 = VECTOR ( 'NONE', #1695, 1000.000000000000000 ) ;
#514 = CIRCLE ( 'NONE', #346, 1.000000000000000888 ) ;
#515 = FACE_OUTER_BOUND ( 'NONE', #41, .T. ) ;
#516 = LINE ( 'NONE', #2055, #2124 ) ;
#517 = ADVANCED_FACE ( 'NONE', ( #336 ), #504, .T. ) ;
#518 = CARTESIAN_POINT ( 'NONE',  ( -18.19999999999999218, -16.00000000000000000, 20.19999999999999929 ) ) ;
#519 = ORIENTED_EDGE ( 'NONE', *, *, #813, .T. ) ;
#520 = VERTEX_POINT ( 'NONE', #1179 ) ;
#521 = CARTESIAN_POINT ( 'NONE',  ( -16.29999999999999005, -11.99999999999999822, 20.30000000000000426 ) ) ;
#522 = LINE ( 'NONE', #16, #1647 ) ;
#523 = EDGE_LOOP ( 'NONE', ( #1703, #1735, #883, #1369 ) ) ;
#524 = DIRECTION ( 'NONE',  ( -1.000000000000000000, -1.445602896647339163E-16, 0.000000000000000000 ) ) ;
#525 = DIRECTION ( 'NONE',  ( 0.000000000000000000, 1.000000000000000000, 0.000000000000000000 ) ) ;
#526 = DIRECTION ( 'NONE',  ( 0.000000000000000000, -1.000000000000000000, -0.000000000000000000 ) ) ;
#527 = FACE_OUTER_BOUND ( 'NONE', #1402, .T. ) ;
#528 = CARTESIAN_POINT ( 'NONE',  ( -17.49999999999999289, -16.00000000000000000, 26.00000000000000355 ) ) ;
#529 = EDGE_LOOP ( 'NONE', ( #571, #2093, #1973, #388 ) ) ;
#530 = EDGE_CURVE ( 'NONE', #1617, #2039, #317, .T. ) ;
#531 = VERTEX_POINT ( 'NONE', #178 ) ;
#532 = CARTESIAN_POINT ( 'NONE',  ( -17.49999999999998934, -16.00000000000000000, 26.00000000000000355 ) ) ;
#533 = ORIENTED_EDGE ( 'NONE', *, *, #1957, .F. ) ;
#534 = DIRECTION ( 'NONE',  ( 1.000000000000000000, 0.000000000000000000, 2.891205793294679411E-15 ) ) ;
#535 = DIRECTION ( 'NONE',  ( 0.7071067811865457964, 0.000000000000000000, -0.7071067811865492381 ) ) ;
#536 = FACE_OUTER_BOUND ( 'NONE', #771, .T. ) ;
#537 = ADVANCED_FACE ( 'NONE', ( #2026 ), #21, .F. ) ;
#538 = VERTEX_POINT ( 'NONE', #808 ) ;
#539 = LINE ( 'NONE', #1522, #1566 ) ;
#540 = AXIS2_PLACEMENT_3D ( 'NONE', #1773, #1450, #1253 ) ;
#541 = CARTESIAN_POINT ( 'NONE',  ( 12.50000000000000178, -18.00000000000000355, 28.00000000000000000 ) ) ;
#542 = AXIS2_PLACEMENT_3D ( 'NONE', #188, #1994, #981 ) ;
#543 = EDGE_CURVE ( 'NONE', #375, #995, #1479, .T. ) ;
#544 = EDGE_LOOP ( 'NONE', ( #2060, #1116, #1099, #802 ) ) ;
#545 = AXIS2_PLACEMENT_3D ( 'NONE', #1226, #1728, #237 ) ;
#546 = VECTOR ( 'NONE', #18, 1000.000000000000000 ) ;
#547 = PLANE ( 'NONE',  #1815 ) ;
#548 = DIRECTION ( 'NONE',  ( -1.000000000000000000, 0.000000000000000000, 2.891205793294679411E-15 ) ) ;
#549 = MANIFOLD_SOLID_BREP ( 'Скругление6', #506 ) ;
#550 = AXIS2_PLACEMENT_3D ( 'NONE', #1487, #1677, #633 ) ;
#551 = CARTESIAN_POINT ( 'NONE',  ( -16.29999999999999005, -16.00000000000000000, 20.30000000000000426 ) ) ;
#552 = EDGE_LOOP ( 'NONE', ( #401, #1092, #556, #1765, #1459, #1137, #1355, #74, #1516 ) ) ;
#553 = EDGE_CURVE ( 'NONE', #1443, #1999, #1577, .T. ) ;
#554 = CARTESIAN_POINT ( 'NONE',  ( 0.000000000000000000, 0.000000000000000000, 0.000000000000000000 ) ) ;
#555 = CARTESIAN_POINT ( 'NONE',  ( 16.30000000000000426, -16.00000000000000000, 26.00000000000000355 ) ) ;
#556 = ORIENTED_EDGE ( 'NONE', *, *, #1121, .T. ) ;
#557 = EDGE_CURVE ( 'NONE', #1567, #17, #1981, .T. ) ;
#558 = PLANE ( 'NONE',  #545 ) ;
#559 = DIRECTION ( 'NONE',  ( 0.000000000000000000, 1.000000000000000000, 0.000000000000000000 ) ) ;
#560 = LINE ( 'NONE', #1034, #379 ) ;
#561 =( LENGTH_UNIT ( ) NAMED_UNIT ( * ) SI_UNIT ( .MILLI., .METRE. ) );
#562 = ORIENTED_EDGE ( 'NONE', *, *, #436, .T. ) ;
#563 = ORIENTED_EDGE ( 'NONE', *, *, #1080, .F. ) ;
#564 = CARTESIAN_POINT ( 'NONE',  ( 20.15000000000011582, -11.99999999999999822, 20.14999999999983160 ) ) ;
#565 = ORIENTED_EDGE ( 'NONE', *, *, #801, .T. ) ;
#566 = DIRECTION ( 'NONE',  ( -1.000000000000000000, -1.445602896647339163E-16, 0.000000000000000000 ) ) ;
#567 = ADVANCED_FACE ( 'NONE', ( #536 ), #229, .F. ) ;
#568 = DIRECTION ( 'NONE',  ( 0.000000000000000000, -1.000000000000000000, 0.000000000000000000 ) ) ;
#569 = FACE_OUTER_BOUND ( 'NONE', #236, .T. ) ;
#570 = B_SPLINE_CURVE_WITH_KNOTS ( 'NONE', 3,
 ( #88, #738, #438, #95, #1412, #129, #119, #2069, #1783, #1923, #1075, #450, #1425, #2081, #1908, #253 ),
 .UNSPECIFIED., .F., .F.,
 ( 4, 2, 2, 2, 2, 2, 2, 4 ),
 ( 0.000000000000000000, 0.0003980324595320222842, 0.0007960649190640445684, 0.001194097378596066907, 0.001592129838128089137, 0.002388194757192126441, 0.002786227216724152141, 0.003184259676256177406 ),
 .UNSPECIFIED. ) ;
#571 = ORIENTED_EDGE ( 'NONE', *, *, #1334, .T. ) ;
#572 = VECTOR ( 'NONE', #1648, 1000.000000000000000 ) ;
#573 = ORIENTED_EDGE ( 'NONE', *, *, #1565, .F. ) ;
#574 = CARTESIAN_POINT ( 'NONE',  ( 5.000000000000000000, 23.69999999999999929, 28.00199999999999889 ) ) ;
#575 = ORIENTED_EDGE ( 'NONE', *, *, #778, .F. ) ;
#576 = CARTESIAN_POINT ( 'NONE',  ( -12.49999999999999822, -23.80000000000000071, 26.00000000000000355 ) ) ;
#577 = VECTOR ( 'NONE', #19, 1000.000000000000000 ) ;
#578 = AXIS2_PLACEMENT_3D ( 'NONE', #42, #1748, #603 ) ;
#579 = EDGE_CURVE ( 'NONE', #1443, #1607, #1241, .T. ) ;
#580 = FACE_OUTER_BOUND ( 'NONE', #733, .T. ) ;
#581 = CARTESIAN_POINT ( 'NONE',  ( -11.00000000000000000, 21.69999999999999574, 28.00199999999999889 ) ) ;
#582 = ADVANCED_FACE ( 'NONE', ( #902 ), #1209, .T. ) ;
#583 = VERTEX_POINT ( 'NONE', #1885 ) ;
#584 = EDGE_LOOP ( 'NONE', ( #2005, #828, #602, #1386 ) ) ;
#585 = DIRECTION ( 'NONE',  ( 0.000000000000000000, 0.000000000000000000, -1.000000000000000000 ) ) ;
#586 = ORIENTED_EDGE ( 'NONE', *, *, #1176, .F. ) ;
#587 = DIRECTION ( 'NONE',  ( 0.000000000000000000, -1.000000000000000000, 0.000000000000000000 ) ) ;
#588 = LINE ( 'NONE', #98, #1392 ) ;
#589 = DIRECTION ( 'NONE',  ( -1.927470528863118802E-16, 1.000000000000000000, 0.000000000000000000 ) ) ;
#590 = FACE_OUTER_BOUND ( 'NONE', #747, .T. ) ;
#591 = ORIENTED_EDGE ( 'NONE', *, *, #1979, .F. ) ;
#592 = ADVANCED_FACE ( 'NONE', ( #569 ), #1912, .T. ) ;
#593 = ORIENTED_EDGE ( 'NONE', *, *, #1041, .F. ) ;
#594 = DIRECTION ( 'NONE',  ( 0.000000000000000000, -0.000000000000000000, 1.000000000000000000 ) ) ;
#595 = ORIENTED_EDGE ( 'NONE', *, *, #1795, .T. ) ;
#596 = CARTESIAN_POINT ( 'NONE',  ( -5.000000000000000000, 23.69999999999999929, 28.00199999999999889 ) ) ;
#597 = DIRECTION ( 'NONE',  ( 1.927470528863118802E-16, -1.000000000000000000, 0.000000000000000000 ) ) ;
#598 = LINE ( 'NONE', #1611, #1847 ) ;
#599 = CARTESIAN_POINT ( 'NONE',  ( 28.90660171779821397, 18.00000000000001066, 20.50000000000000000 ) ) ;
#600 = LINE ( 'NONE', #1936, #743 ) ;
#601 = EDGE_CURVE ( 'NONE', #995, #166, #857, .T. ) ;
#602 = ORIENTED_EDGE ( 'NONE', *, *, #1162, .T. ) ;
#603 = DIRECTION ( 'NONE',  ( 1.000000000000000000, 0.000000000000000000, 0.000000000000000000 ) ) ;
#604 = EDGE_CURVE ( 'NONE', #1567, #628, #1364, .T. ) ;
#605 = ORIENTED_EDGE ( 'NONE', *, *, #768, .F. ) ;
#606 = DIRECTION ( 'NONE',  ( -0.000000000000000000, 1.000000000000000000, -0.000000000000000000 ) ) ;
#607 = DIRECTION ( 'NONE',  ( 0.000000000000000000, 0.000000000000000000, -1.000000000000000000 ) ) ;
#608 = VECTOR ( 'NONE', #123, 1000.000000000000000 ) ;
#609 = DIRECTION ( 'NONE',  ( -0.000000000000000000, 1.000000000000000000, 0.000000000000000000 ) ) ;
#610 = CARTESIAN_POINT ( 'NONE',  ( 18.30000000000000426, -18.00000000000000355, 26.00000000000000355 ) ) ;
#611 = VECTOR ( 'NONE', #1022, 1000.000000000000000 ) ;
#612 = CIRCLE ( 'NONE', #1916, 5.500000000000000000 ) ;
#613 = LINE ( 'NONE', #779, #572 ) ;
#614 = VECTOR ( 'NONE', #1475, 1000.000000000000114 ) ;
#615 = ORIENTED_EDGE ( 'NONE', *, *, #348, .T. ) ;
#616 = DIRECTION ( 'NONE',  ( 0.000000000000000000, 0.000000000000000000, -1.000000000000000000 ) ) ;
#617 = ADVANCED_FACE ( 'NONE', ( #1199 ), #371, .T. ) ;
#618 = EDGE_LOOP ( 'NONE', ( #1816, #1151, #812, #1089 ) ) ;
#619 = EDGE_CURVE ( 'NONE', #843, #897, #1415, .T. ) ;
#620 = CARTESIAN_POINT ( 'NONE',  ( -18.28792516891844855, 25.24445154176735073, 22.44549225843987372 ) ) ;
#621 = CARTESIAN_POINT ( 'NONE',  ( -11.00000000000000000, 23.69999999999999929, 28.00199999999999889 ) ) ;
#622 = LINE ( 'NONE', #1439, #1528 ) ;
#623 = CARTESIAN_POINT ( 'NONE',  ( 20.15000000000010871, 16.00000000000000000, 20.14999999999983160 ) ) ;
#624 = ORIENTED_EDGE ( 'NONE', *, *, #153, .T. ) ;
#625 = CARTESIAN_POINT ( 'NONE',  ( -17.49999999999999289, -16.00000000000000000, 21.60000000000000142 ) ) ;
#626 = ORIENTED_EDGE ( 'NONE', *, *, #424, .F. ) ;
#627 = DIRECTION ( 'NONE',  ( -1.000000000000000000, -1.445602896647339163E-16, 0.000000000000000000 ) ) ;
#628 = VERTEX_POINT ( 'NONE', #2105 ) ;
#629 = CARTESIAN_POINT ( 'NONE',  ( 16.29999999999999361, 25.49733285909062985, 20.69999999999999929 ) ) ;
#630 = CARTESIAN_POINT ( 'NONE',  ( -18.23879754506116058, 25.30772813421035039, 22.19237341775842509 ) ) ;
#631 = EDGE_CURVE ( 'NONE', #628, #909, #598, .T. ) ;
#632 = CARTESIAN_POINT ( 'NONE',  ( -5.000000000000000000, 23.49636243346452247, 20.69999999999999929 ) ) ;
#633 = DIRECTION ( 'NONE',  ( 0.000000000000000000, -1.000000000000000000, 0.000000000000000000 ) ) ;
#634 = DIRECTION ( 'NONE',  ( 0.000000000000000000, -1.000000000000000000, 0.000000000000000000 ) ) ;
#635 = ORIENTED_EDGE ( 'NONE', *, *, #768, .T. ) ;
#636 = ORIENTED_EDGE ( 'NONE', *, *, #724, .T. ) ;
#637 = EDGE_LOOP ( 'NONE', ( #512, #924, #1217, #2004, #1592 ) ) ;
#638 = FACE_BOUND ( 'NONE', #1027, .T. ) ;
#639 = ORIENTED_EDGE ( 'NONE', *, *, #1162, .F. ) ;
#640 = CARTESIAN_POINT ( 'NONE',  ( 17.49999999999999645, 12.00000000000000000, 26.00000000000000355 ) ) ;
#641 = CARTESIAN_POINT ( 'NONE',  ( -5.000000000000000000, 23.69999999999999929, 19.50000000000000355 ) ) ;
#642 = AXIS2_PLACEMENT_3D ( 'NONE', #889, #398, #1064 ) ;
#643 = EDGE_CURVE ( 'NONE', #1233, #1962, #1463, .T. ) ;
#644 = VECTOR ( 'NONE', #353, 1000.000000000000000 ) ;
#645 = CARTESIAN_POINT ( 'NONE',  ( 11.00000000000000000, 23.69999999999999929, 18.50000000000000355 ) ) ;
#646 = VECTOR ( 'NONE', #988, 1000.000000000000000 ) ;
#647 = EDGE_CURVE ( 'NONE', #1545, #2019, #1271, .T. ) ;
#648 = AXIS2_PLACEMENT_3D ( 'NONE', #745, #2078, #418 ) ;
#649 = ORIENTED_EDGE ( 'NONE', *, *, #557, .F. ) ;
#650 = LINE ( 'NONE', #289, #2056 ) ;
#651 = VECTOR ( 'NONE', #1029, 1000.000000000000000 ) ;
#652 = ORIENTED_EDGE ( 'NONE', *, *, #6, .F. ) ;
#653 = FACE_OUTER_BOUND ( 'NONE', #1043, .T. ) ;
#654 = DIRECTION ( 'NONE',  ( 0.000000000000000000, 0.000000000000000000, 1.000000000000000000 ) ) ;
#655 = FACE_OUTER_BOUND ( 'NONE', #1193, .T. ) ;
#656 = DIRECTION ( 'NONE',  ( 0.000000000000000000, 1.000000000000000000, 0.000000000000000000 ) ) ;
#657 = ORIENTED_EDGE ( 'NONE', *, *, #1498, .T. ) ;
#658 = EDGE_CURVE ( 'NONE', #1717, #843, #2054, .T. ) ;
#659 = ORIENTED_EDGE ( 'NONE', *, *, #1953, .T. ) ;
#660 = LINE ( 'NONE', #1626, #140 ) ;
#661 = VERTEX_POINT ( 'NONE', #922 ) ;
#662 = DIRECTION ( 'NONE',  ( 0.7071067811865457964, 0.000000000000000000, -0.7071067811865492381 ) ) ;
#663 = DIRECTION ( 'NONE',  ( 1.000000000000000000, 0.000000000000000000, 0.000000000000000000 ) ) ;
#664 = DIRECTION ( 'NONE',  ( 0.000000000000000000, -1.000000000000000000, 0.000000000000000000 ) ) ;
#665 = VERTEX_POINT ( 'NONE', #763 ) ;
#666 = ORIENTED_EDGE ( 'NONE', *, *, #1373, .T. ) ;
#667 = LINE ( 'NONE', #2046, #65 ) ;
#668 = LINE ( 'NONE', #832, #644 ) ;
#669 = EDGE_CURVE ( 'NONE', #2064, #360, #1772, .T. ) ;
#670 = CARTESIAN_POINT ( 'NONE',  ( 17.49999999999999645, 16.00000000000000000, 21.60000000000000142 ) ) ;
#671 = ORIENTED_EDGE ( 'NONE', *, *, #1651, .F. ) ;
#672 = EDGE_CURVE ( 'NONE', #970, #1927, #256, .T. ) ;
#673 = CARTESIAN_POINT ( 'NONE',  ( 16.29999999999999716, 12.00000000000000000, 24.00000000000000000 ) ) ;
#674 = DIRECTION ( 'NONE',  ( -1.000000000000000000, 0.000000000000000000, 2.891205793294679411E-15 ) ) ;
#675 = CARTESIAN_POINT ( 'NONE',  ( 17.10000000000000853, 12.00000000000000000, 19.49999999999999645 ) ) ;
#676 = ORIENTED_EDGE ( 'NONE', *, *, #1757, .T. ) ;
#677 =( GEOMETRIC_REPRESENTATION_CONTEXT ( 3 ) GLOBAL_UNCERTAINTY_ASSIGNED_CONTEXT ( ( #1155 ) ) GLOBAL_UNIT_ASSIGNED_CONTEXT ( ( #561, #1739, #1230 ) ) REPRESENTATION_CONTEXT ( 'NONE', 'WORKASPACE' ) );
#678 = AXIS2_PLACEMENT_3D ( 'NONE', #1794, #272, #405 ) ;
#679 = VERTEX_POINT ( 'NONE', #2129 ) ;
#680 = LINE ( 'NONE', #1546, #1991 ) ;
#681 = VECTOR ( 'NONE', #1152, 1000.000000000000000 ) ;
#682 = CARTESIAN_POINT ( 'NONE',  ( -16.43334693182389117, 25.49733285909062275, 20.69999999999999218 ) ) ;
#683 = EDGE_LOOP ( 'NONE', ( #1917, #1922, #2038, #1982 ) ) ;
#684 = CIRCLE ( 'NONE', #1643, 5.500000000000001776 ) ;
#685 = EDGE_CURVE ( 'NONE', #1057, #1649, #90, .T. ) ;
#686 = VECTOR ( 'NONE', #989, 1000.000000000000114 ) ;
#687 = CARTESIAN_POINT ( 'NONE',  ( -6.000000000000000000, 21.69999999999999574, 18.50000000000000355 ) ) ;
#688 = ADVANCED_FACE ( 'NONE', ( #934 ), #1087, .T. ) ;
#689 = PLANE ( 'NONE',  #1036 ) ;
#690 = DIRECTION ( 'NONE',  ( 1.000000000000000000, 0.000000000000000000, 0.000000000000000000 ) ) ;
#691 = DIRECTION ( 'NONE',  ( 0.7071067811865474617, -0.000000000000000000, -0.7071067811865474617 ) ) ;
#692 = ORIENTED_EDGE ( 'NONE', *, *, #153, .F. ) ;
#693 = ORIENTED_EDGE ( 'NONE', *, *, #2138, .F. ) ;
#694 = PLANE ( 'NONE',  #1850 ) ;
#695 = CARTESIAN_POINT ( 'NONE',  ( -18.30000000000000426, 18.00000000000000355, 26.00000000000000355 ) ) ;
#696 = VERTEX_POINT ( 'NONE', #1959 ) ;
#697 = FACE_OUTER_BOUND ( 'NONE', #311, .T. ) ;
#698 = CARTESIAN_POINT ( 'NONE',  ( -18.30000000000000426, 18.00000000000000355, 28.00000000000000000 ) ) ;
#699 = EDGE_CURVE ( 'NONE', #1607, #404, #1754, .T. ) ;
#700 = DIRECTION ( 'NONE',  ( -1.000000000000000000, -0.000000000000000000, -0.000000000000000000 ) ) ;
#701 = CARTESIAN_POINT ( 'NONE',  ( -17.49999999999999289, -16.00000000000000000, 26.00000000000000355 ) ) ;
#702 = ORIENTED_EDGE ( 'NONE', *, *, #295, .T. ) ;
#703 = DIRECTION ( 'NONE',  ( -0.000000000000000000, 0.000000000000000000, -1.000000000000000000 ) ) ;
#704 = FILL_AREA_STYLE ('',( #1896 ) ) ;
#705 = ORIENTED_EDGE ( 'NONE', *, *, #1651, .T. ) ;
#706 = CARTESIAN_POINT ( 'NONE',  ( 18.30000000000000071, 12.00000000000000000, 18.30000000000000071 ) ) ;
#707 = DIRECTION ( 'NONE',  ( -2.891205793294679411E-15, 0.000000000000000000, -1.000000000000000000 ) ) ;
#708 = DIRECTION ( 'NONE',  ( -0.000000000000000000, 0.000000000000000000, 1.000000000000000000 ) ) ;
#709 = SURFACE_STYLE_FILL_AREA ( #1049 ) ;
#710 = ADVANCED_FACE ( 'NONE', ( #1438 ), #1283, .T. ) ;
#711 = VERTEX_POINT ( 'NONE', #1293 ) ;
#712 = ADVANCED_FACE ( 'NONE', ( #789 ), #121, .F. ) ;
#713 = VECTOR ( 'NONE', #1935, 1000.000000000000114 ) ;
#714 = ORIENTED_EDGE ( 'NONE', *, *, #125, .T. ) ;
#715 = CARTESIAN_POINT ( 'NONE',  ( -18.30000000000000426, 18.00000000000000355, 28.00000000000000000 ) ) ;
#716 = VECTOR ( 'NONE', #1122, 1000.000000000000114 ) ;
#717 = VECTOR ( 'NONE', #2101, 1000.000000000000000 ) ;
#718 = DIRECTION ( 'NONE',  ( 1.000000000000000000, 0.000000000000000000, 0.000000000000000000 ) ) ;
#719 = CARTESIAN_POINT ( 'NONE',  ( 16.29999999999999361, 23.49636243346452602, 20.69999999999999929 ) ) ;
#720 = VECTOR ( 'NONE', #721, 1000.000000000000000 ) ;
#721 = DIRECTION ( 'NONE',  ( 1.927470528863118802E-16, -1.000000000000000000, 0.000000000000000000 ) ) ;
#722 = PRODUCT ( 'SO102.02.110-01 Board cap leader', 'SO102.02.110-01 Board cap leader', '', ( #884 ) ) ;
#723 = ORIENTED_EDGE ( 'NONE', *, *, #881, .F. ) ;
#724 = EDGE_CURVE ( 'NONE', #520, #1169, #1597, .T. ) ;
#725 = ORIENTED_EDGE ( 'NONE', *, *, #451, .T. ) ;
#726 = PLANE ( 'NONE',  #1497 ) ;
#727 = ORIENTED_EDGE ( 'NONE', *, *, #1254, .F. ) ;
#728 = PLANE ( 'NONE',  #1640 ) ;
#729 = CARTESIAN_POINT ( 'NONE',  ( -18.19999999999999574, 7.000000000000000888, 20.19999999999999929 ) ) ;
#730 = DIRECTION ( 'NONE',  ( 0.000000000000000000, 0.000000000000000000, 1.000000000000000000 ) ) ;
#731 = DIRECTION ( 'NONE',  ( 1.000000000000000000, -0.000000000000000000, 0.000000000000000000 ) ) ;
#732 = CARTESIAN_POINT ( 'NONE',  ( 16.30000000000000426, -16.00000000000000000, 24.00000000000000000 ) ) ;
#733 = EDGE_LOOP ( 'NONE', ( #2150, #1171, #434, #2110 ) ) ;
#734 = VERTEX_POINT ( 'NONE', #1111 ) ;
#735 = DIRECTION ( 'NONE',  ( -1.000000000000000000, -1.445602896647339163E-16, 0.000000000000000000 ) ) ;
#736 = ADVANCED_FACE ( 'NONE', ( #774 ), #1252, .T. ) ;
#737 = ORIENTED_EDGE ( 'NONE', *, *, #685, .T. ) ;
#738 = CARTESIAN_POINT ( 'NONE',  ( -18.30000000000001137, 23.09461335275694438, 22.57677433722926352 ) ) ;
#739 = EDGE_CURVE ( 'NONE', #492, #1443, #1786, .T. ) ;
#740 = CARTESIAN_POINT ( 'NONE',  ( -17.49999999999999289, -16.00000000000000000, 26.00000000000000355 ) ) ;
#741 = DIRECTION ( 'NONE',  ( -1.000000000000000000, 0.000000000000000000, 0.000000000000000000 ) ) ;
#742 = EDGE_LOOP ( 'NONE', ( #280, #1289, #1572, #267 ) ) ;
#743 = VECTOR ( 'NONE', #307, 1000.000000000000000 ) ;
#744 = EDGE_LOOP ( 'NONE', ( #118, #1058, #489, #2117, #1747, #893, #1266, #1168, #1249, #1377, #705, #1867 ) ) ;
#745 = CARTESIAN_POINT ( 'NONE',  ( 12.50000000000000178, -18.00000000000000355, 26.00000000000000355 ) ) ;
#746 = AXIS2_PLACEMENT_3D ( 'NONE', #381, #1722, #410 ) ;
#747 = EDGE_LOOP ( 'NONE', ( #1971, #1231, #1482, #300, #1615 ) ) ;
#748 = DIRECTION ( 'NONE',  ( 0.000000000000000000, 0.000000000000000000, 1.000000000000000000 ) ) ;
#749 = VECTOR ( 'NONE', #1630, 1000.000000000000000 ) ;
#750 = AXIS2_PLACEMENT_3D ( 'NONE', #38, #373, #1536 ) ;
#751 = PLANE ( 'NONE',  #1076 ) ;
#752 = EDGE_CURVE ( 'NONE', #1545, #1975, #1429, .T. ) ;
#753 = DIRECTION ( 'NONE',  ( 0.000000000000000000, 0.000000000000000000, -1.000000000000000000 ) ) ;
#754 = VECTOR ( 'NONE', #1229, 1000.000000000000000 ) ;
#755 =( GEOMETRIC_REPRESENTATION_CONTEXT ( 3 ) GLOBAL_UNCERTAINTY_ASSIGNED_CONTEXT ( ( #1046 ) ) GLOBAL_UNIT_ASSIGNED_CONTEXT ( ( #216, #1756, #50 ) ) REPRESENTATION_CONTEXT ( 'NONE', 'WORKASPACE' ) );
#756 = VERTEX_POINT ( 'NONE', #1449 ) ;
#757 = FACE_OUTER_BOUND ( 'NONE', #1831, .T. ) ;
#758 = VERTEX_POINT ( 'NONE', #997 ) ;
#759 = CARTESIAN_POINT ( 'NONE',  ( -17.10000000000000853, 3.000000000000000888, 19.49999999999999645 ) ) ;
#760 = ORIENTED_EDGE ( 'NONE', *, *, #1389, .T. ) ;
#761 = CARTESIAN_POINT ( 'NONE',  ( 11.00000000000000000, 21.69999999999999574, 28.00199999999999889 ) ) ;
#762 = CARTESIAN_POINT ( 'NONE',  ( -18.29999999999999716, -18.00000000000000355, 26.00000000000000355 ) ) ;
#763 = CARTESIAN_POINT ( 'NONE',  ( -18.19999999999999574, 7.000000000000000888, 20.19999999999999929 ) ) ;
#764 = DIRECTION ( 'NONE',  ( 1.000000000000000000, 0.000000000000000000, 0.000000000000000000 ) ) ;
#765 = EDGE_CURVE ( 'NONE', #679, #157, #1836, .T. ) ;
#766 = CARTESIAN_POINT ( 'NONE',  ( 17.50000000000000355, -11.99999999999999822, 19.49999999999999645 ) ) ;
#767 = ORIENTED_EDGE ( 'NONE', *, *, #1373, .F. ) ;
#768 = EDGE_CURVE ( 'NONE', #1082, #1365, #347, .T. ) ;
#769 = ORIENTED_EDGE ( 'NONE', *, *, #202, .T. ) ;
#770 = CARTESIAN_POINT ( 'NONE',  ( 5.000000000000000888, 18.00000000000000711, 20.50000000000000000 ) ) ;
#771 = EDGE_LOOP ( 'NONE', ( #2041, #447, #1891, #314 ) ) ;
#772 = DIRECTION ( 'NONE',  ( 0.000000000000000000, 0.000000000000000000, -1.000000000000000000 ) ) ;
#773 = DIRECTION ( 'NONE',  ( -1.000000000000000000, -1.445602896647339163E-16, 0.000000000000000000 ) ) ;
#774 = FACE_OUTER_BOUND ( 'NONE', #744, .T. ) ;
#775 = CARTESIAN_POINT ( 'NONE',  ( 18.30000000000000426, -18.00000000000000355, 28.00000000000000000 ) ) ;
#776 = CARTESIAN_POINT ( 'NONE',  ( 17.49999999999999645, 12.00000000000000000, 21.60000000000000142 ) ) ;
#777 = VERTEX_POINT ( 'NONE', #1012 ) ;
#778 = EDGE_CURVE ( 'NONE', #1625, #911, #1156, .T. ) ;
#779 = CARTESIAN_POINT ( 'NONE',  ( -16.29999999999999716, 7.000000000000000888, 19.50000000000000000 ) ) ;
#780 = EDGE_CURVE ( 'NONE', #109, #734, #964, .T. ) ;
#781 = ORIENTED_EDGE ( 'NONE', *, *, #462, .T. ) ;
#782 = FACE_OUTER_BOUND ( 'NONE', #1805, .T. ) ;
#783 = CIRCLE ( 'NONE', #540, 7.500000000000000000 ) ;
#784 = ORIENTED_EDGE ( 'NONE', *, *, #1637, .T. ) ;
#785 = CARTESIAN_POINT ( 'NONE',  ( 28.90660171779821397, 23.49636243346452957, 20.69999999999999929 ) ) ;
#786 = AXIS2_PLACEMENT_3D ( 'NONE', #945, #124, #796 ) ;
#787 = LINE ( 'NONE', #1195, #868 ) ;
#788 = VECTOR ( 'NONE', #1853, 1000.000000000000000 ) ;
#789 = FACE_OUTER_BOUND ( 'NONE', #523, .T. ) ;
#790 = CARTESIAN_POINT ( 'NONE',  ( -12.49999999999999645, -23.80000000000000071, 26.00000000000000355 ) ) ;
#791 = VECTOR ( 'NONE', #1585, 1000.000000000000000 ) ;
#792 = PLANE ( 'NONE',  #1749 ) ;
#793 = CARTESIAN_POINT ( 'NONE',  ( 16.30000000000000426, -11.99999999999999822, 20.30000000000000426 ) ) ;
#794 = VECTOR ( 'NONE', #585, 1000.000000000000000 ) ;
#795 = ORIENTED_EDGE ( 'NONE', *, *, #364, .T. ) ;
#796 = DIRECTION ( 'NONE',  ( 0.7071067811865457964, 0.000000000000000000, -0.7071067811865492381 ) ) ;
#797 = VECTOR ( 'NONE', #2043, 1000.000000000000000 ) ;
#798 = ORIENTED_EDGE ( 'NONE', *, *, #2020, .F. ) ;
#799 = CARTESIAN_POINT ( 'NONE',  ( 18.20000000000000284, -16.00000000000000000, 20.19999999999999929 ) ) ;
#800 = MECHANICAL_DESIGN_GEOMETRIC_PRESENTATION_REPRESENTATION (  '', ( #1426 ), #2127 ) ;
#801 = EDGE_CURVE ( 'NONE', #1308, #1681, #162, .T. ) ;
#802 = ORIENTED_EDGE ( 'NONE', *, *, #86, .T. ) ;
#803 = CARTESIAN_POINT ( 'NONE',  ( 17.31658907148251103, 25.48671615288209935, 20.95767341131819705 ) ) ;
#804 = DIRECTION ( 'NONE',  ( 0.000000000000000000, 0.000000000000000000, 1.000000000000000000 ) ) ;
#805 = CARTESIAN_POINT ( 'NONE',  ( -17.49999999999999289, -11.99999999999999822, 19.49999999999999645 ) ) ;
#806 = DIRECTION ( 'NONE',  ( -0.7071067811865474617, -0.000000000000000000, 0.7071067811865474617 ) ) ;
#807 = PLANE ( 'NONE',  #1501 ) ;
#808 = CARTESIAN_POINT ( 'NONE',  ( 16.30000000000000426, -11.99999999999999822, 24.00000000000000000 ) ) ;
#809 = LINE ( 'NONE', #1972, #2017 ) ;
#810 = ORIENTED_EDGE ( 'NONE', *, *, #115, .F. ) ;
#811 = DIRECTION ( 'NONE',  ( 0.000000000000000000, -1.000000000000000000, 0.000000000000000000 ) ) ;
#812 = ORIENTED_EDGE ( 'NONE', *, *, #1294, .F. ) ;
#813 = EDGE_CURVE ( 'NONE', #1094, #1453, #154, .T. ) ;
#814 = FACE_OUTER_BOUND ( 'NONE', #68, .T. ) ;
#815 = EDGE_CURVE ( 'NONE', #916, #1153, #1674, .T. ) ;
#816 = CARTESIAN_POINT ( 'NONE',  ( -17.10000000000000142, -11.99999999999999822, 19.49999999999999645 ) ) ;
#817 = CARTESIAN_POINT ( 'NONE',  ( -5.000000000000000000, 23.69999999999999929, 20.69999999999999929 ) ) ;
#818 = ORIENTED_EDGE ( 'NONE', *, *, #1937, .F. ) ;
#819 = ORIENTED_EDGE ( 'NONE', *, *, #115, .T. ) ;
#820 = CARTESIAN_POINT ( 'NONE',  ( -17.49999999999999645, 3.000000000000000888, 21.60000000000000142 ) ) ;
#821 = ORIENTED_EDGE ( 'NONE', *, *, #852, .T. ) ;
#822 = PLANE ( 'NONE',  #2088 ) ;
#823 = CARTESIAN_POINT ( 'NONE',  ( 16.30000000000000426, -16.00000000000000000, 24.00000000000000000 ) ) ;
#824 = AXIS2_PLACEMENT_3D ( 'NONE', #455, #423, #1612 ) ;
#825 = ADVANCED_FACE ( 'NONE', ( #1496 ), #980, .T. ) ;
#826 = DIRECTION ( 'NONE',  ( 0.000000000000000000, 0.000000000000000000, 1.000000000000000000 ) ) ;
#827 = LINE ( 'NONE', #475, #2118 ) ;
#828 = ORIENTED_EDGE ( 'NONE', *, *, #436, .F. ) ;
#829 = VECTOR ( 'NONE', #435, 1000.000000000000000 ) ;
#830 = ORIENTED_EDGE ( 'NONE', *, *, #739, .T. ) ;
#831 = CARTESIAN_POINT ( 'NONE',  ( -18.19999999999999218, -16.00000000000000000, 20.89999999999999858 ) ) ;
#832 = CARTESIAN_POINT ( 'NONE',  ( 18.30000000000000426, -18.00000000000000355, 26.00000000000000355 ) ) ;
#833 = AXIS2_PLACEMENT_3D ( 'NONE', #1048, #1198, #708 ) ;
#834 = ORIENTED_EDGE ( 'NONE', *, *, #1235, .F. ) ;
#835 = CARTESIAN_POINT ( 'NONE',  ( 17.49999999999999645, 12.00000000000000000, 21.60000000000000142 ) ) ;
#836 = LINE ( 'NONE', #645, #483 ) ;
#837 = CARTESIAN_POINT ( 'NONE',  ( 17.49999999999999645, 12.00000000000000000, 26.00000000000000355 ) ) ;
#838 = ADVANCED_FACE ( 'NONE', ( #2159 ), #2011, .F. ) ;
#839 = ORIENTED_EDGE ( 'NONE', *, *, #374, .T. ) ;
#840 = DIRECTION ( 'NONE',  ( 0.000000000000000000, 0.000000000000000000, -1.000000000000000000 ) ) ;
#841 = EDGE_CURVE ( 'NONE', #2120, #116, #1849, .T. ) ;
#842 = CARTESIAN_POINT ( 'NONE',  ( 12.50000000000000000, -23.80000000000000071, 26.00000000000000355 ) ) ;
#843 = VERTEX_POINT ( 'NONE', #186 ) ;
#844 = LINE ( 'NONE', #1685, #2119 ) ;
#845 = FACE_OUTER_BOUND ( 'NONE', #1874, .T. ) ;
#846 = CARTESIAN_POINT ( 'NONE',  ( -18.29999999999999361, -16.00000000000000000, 18.30000000000000071 ) ) ;
#847 = VERTEX_POINT ( 'NONE', #1646 ) ;
#848 = ADVANCED_FACE ( 'NONE', ( #814 ), #1303, .F. ) ;
#849 = VERTEX_POINT ( 'NONE', #835 ) ;
#850 = DIRECTION ( 'NONE',  ( -1.000000000000000000, 0.000000000000000000, 0.000000000000000000 ) ) ;
#851 = CARTESIAN_POINT ( 'NONE',  ( -5.000000000000000000, 21.69999999999999574, 28.00199999999999889 ) ) ;
#852 = EDGE_CURVE ( 'NONE', #1318, #583, #844, .T. ) ;
#853 = DIRECTION ( 'NONE',  ( 0.000000000000000000, 0.000000000000000000, -1.000000000000000000 ) ) ;
#854 = EDGE_LOOP ( 'NONE', ( #861, #1683, #1764, #1556 ) ) ;
#855 = CARTESIAN_POINT ( 'NONE',  ( -17.49999999999999289, -11.99999999999999822, 21.60000000000000142 ) ) ;
#856 = DIRECTION ( 'NONE',  ( -0.7071067811865457964, 0.000000000000000000, -0.7071067811865492381 ) ) ;
#857 = LINE ( 'NONE', #1531, #1986 ) ;
#858 = ORIENTED_EDGE ( 'NONE', *, *, #462, .F. ) ;
#859 = AXIS2_PLACEMENT_3D ( 'NONE', #78, #731, #1406 ) ;
#860 = VECTOR ( 'NONE', #1880, 1000.000000000000000 ) ;
#861 = ORIENTED_EDGE ( 'NONE', *, *, #1204, .F. ) ;
#862 = LINE ( 'NONE', #1715, #1144 ) ;
#863 = LINE ( 'NONE', #1537, #1562 ) ;
#864 = VECTOR ( 'NONE', #1483, 1000.000000000000000 ) ;
#865 = CARTESIAN_POINT ( 'NONE',  ( -18.30000000000000426, 25.17007670809734421, 22.69999999999999929 ) ) ;
#866 = VERTEX_POINT ( 'NONE', #1517 ) ;
#867 = DIRECTION ( 'NONE',  ( 0.7071067811865457964, 0.000000000000000000, -0.7071067811865492381 ) ) ;
#868 = VECTOR ( 'NONE', #2136, 1000.000000000000000 ) ;
#869 = EDGE_CURVE ( 'NONE', #319, #1717, #2146, .T. ) ;
#870 = DIRECTION ( 'NONE',  ( 0.000000000000000000, 0.000000000000000000, 1.000000000000000000 ) ) ;
#871 = CARTESIAN_POINT ( 'NONE',  ( 18.29999999999999716, 23.09463087931780834, 22.57673417883336953 ) ) ;
#872 = DIRECTION ( 'NONE',  ( 0.7071067811865457964, 0.000000000000000000, -0.7071067811865492381 ) ) ;
#873 = EDGE_LOOP ( 'NONE', ( #1268, #1492, #184, #1520 ) ) ;
#874 = CARTESIAN_POINT ( 'NONE',  ( -11.00000000000000000, 23.49636243346452247, 20.69999999999999929 ) ) ;
#875 = VERTEX_POINT ( 'NONE', #1347 ) ;
#876 = PLANE ( 'NONE',  #1952 ) ;
#877 = EDGE_CURVE ( 'NONE', #1725, #1318, #2023, .T. ) ;
#878 = LINE ( 'NONE', #1032, #860 ) ;
#879 = CARTESIAN_POINT ( 'NONE',  ( 17.49999999999999645, 12.00000000000000000, 21.60000000000000142 ) ) ;
#880 = LINE ( 'NONE', #1014, #754 ) ;
#881 = EDGE_CURVE ( 'NONE', #1273, #1627, #472, .T. ) ;
#882 = DIRECTION ( 'NONE',  ( 0.000000000000000000, -1.000000000000000000, 0.000000000000000000 ) ) ;
#883 = ORIENTED_EDGE ( 'NONE', *, *, #6, .T. ) ;
#884 = PRODUCT_CONTEXT ( 'NONE', #1329, 'mechanical' ) ;
#885 = VERTEX_POINT ( 'NONE', #632 ) ;
#886 = PLANE ( 'NONE',  #1883 ) ;
#887 = FACE_OUTER_BOUND ( 'NONE', #974, .T. ) ;
#888 = LINE ( 'NONE', #228, #1606 ) ;
#889 = CARTESIAN_POINT ( 'NONE',  ( -12.49999999999999645, -18.00000000000000355, 28.00000000000000000 ) ) ;
#890 = EDGE_CURVE ( 'NONE', #1698, #1567, #1143, .T. ) ;
#891 = ORIENTED_EDGE ( 'NONE', *, *, #1787, .T. ) ;
#892 = AXIS2_PLACEMENT_3D ( 'NONE', #165, #359, #2013 ) ;
#893 = ORIENTED_EDGE ( 'NONE', *, *, #1795, .F. ) ;
#894 = CARTESIAN_POINT ( 'NONE',  ( -17.49999999999999645, 3.000000000000000888, 19.49999999999999645 ) ) ;
#895 = AXIS2_PLACEMENT_3D ( 'NONE', #1761, #566, #1447 ) ;
#896 = VECTOR ( 'NONE', #1792, 1000.000000000000000 ) ;
#897 = VERTEX_POINT ( 'NONE', #687 ) ;
#898 = CARTESIAN_POINT ( 'NONE',  ( 16.30000000000000426, -16.00000000000000000, 20.30000000000000426 ) ) ;
#899 = CARTESIAN_POINT ( 'NONE',  ( 17.64126367366014847, 23.45474522524195748, 21.21056054038880845 ) ) ;
#900 = VECTOR ( 'NONE', #89, 1000.000000000000000 ) ;
#901 = DIRECTION ( 'NONE',  ( 0.000000000000000000, 1.000000000000000000, 0.000000000000000000 ) ) ;
#902 = FACE_OUTER_BOUND ( 'NONE', #584, .T. ) ;
#903 = CARTESIAN_POINT ( 'NONE',  ( 16.29999999999999716, 16.00000000000000000, 24.00000000000000000 ) ) ;
#904 = ADVANCED_FACE ( 'NONE', ( #1197 ), #886, .F. ) ;
#905 = ORIENTED_EDGE ( 'NONE', *, *, #43, .T. ) ;
#906 =( NAMED_UNIT ( * ) SI_UNIT ( $, .STERADIAN. ) SOLID_ANGLE_UNIT ( ) );
#907 = ADVANCED_FACE ( 'NONE', ( #385 ), #558, .F. ) ;
#908 = PLANE ( 'NONE',  #507 ) ;
#909 = VERTEX_POINT ( 'NONE', #855 ) ;
#910 = FACE_OUTER_BOUND ( 'NONE', #2102, .T. ) ;
#911 = VERTEX_POINT ( 'NONE', #44 ) ;
#912 = DIRECTION ( 'NONE',  ( 0.000000000000000000, 0.000000000000000000, 1.000000000000000000 ) ) ;
#913 = DIRECTION ( 'NONE',  ( 0.000000000000000000, 0.000000000000000000, -1.000000000000000000 ) ) ;
#914 = CARTESIAN_POINT ( 'NONE',  ( 18.20000000000000284, -11.99999999999999822, 20.19999999999999929 ) ) ;
#915 = ORIENTED_EDGE ( 'NONE', *, *, #1900, .T. ) ;
#916 = VERTEX_POINT ( 'NONE', #1206 ) ;
#917 = LINE ( 'NONE', #1117, #444 ) ;
#918 = ADVANCED_FACE ( 'NONE', ( #209 ), #547, .F. ) ;
#919 = ORIENTED_EDGE ( 'NONE', *, *, #47, .T. ) ;
#920 = LINE ( 'NONE', #1593, #1780 ) ;
#921 = LINE ( 'NONE', #431, #900 ) ;
#922 = CARTESIAN_POINT ( 'NONE',  ( -14.29999999999997407, -11.99999999999999822, 26.00000000000000355 ) ) ;
#923 = LINE ( 'NONE', #1430, #60 ) ;
#924 = ORIENTED_EDGE ( 'NONE', *, *, #1553, .T. ) ;
#925 = ORIENTED_EDGE ( 'NONE', *, *, #2024, .F. ) ;
#926 = DIRECTION ( 'NONE',  ( -1.927470528863118802E-16, 1.000000000000000000, 0.000000000000000000 ) ) ;
#927 = VECTOR ( 'NONE', #559, 1000.000000000000000 ) ;
#928 = ORIENTED_EDGE ( 'NONE', *, *, #1551, .F. ) ;
#929 = PLANE ( 'NONE',  #1244 ) ;
#930 = AXIS2_PLACEMENT_3D ( 'NONE', #1557, #1899, #534 ) ;
#931 = EDGE_CURVE ( 'NONE', #661, #520, #878, .T. ) ;
#932 = AXIS2_PLACEMENT_3D ( 'NONE', #1310, #1639, #127 ) ;
#933 = LINE ( 'NONE', #1239, #105 ) ;
#934 = FACE_OUTER_BOUND ( 'NONE', #1345, .T. ) ;
#935 = ADVANCED_FACE ( 'NONE', ( #697 ), #1361, .T. ) ;
#936 = CARTESIAN_POINT ( 'NONE',  ( 12.50000000000000178, -18.00000000000000355, 28.00000000000000000 ) ) ;
#937 = VECTOR ( 'NONE', #177, 1000.000000000000000 ) ;
#938 = ORIENTED_EDGE ( 'NONE', *, *, #1875, .T. ) ;
#939 = CARTESIAN_POINT ( 'NONE',  ( 16.29999999999999716, 16.00000000000000000, 26.00000000000000355 ) ) ;
#940 = VERTEX_POINT ( 'NONE', #368 ) ;
#941 = LINE ( 'NONE', #576, #1461 ) ;
#942 = EDGE_CURVE ( 'NONE', #1750, #758, #2061, .T. ) ;
#943 = CARTESIAN_POINT ( 'NONE',  ( -16.29999999999999716, 3.000000000000000888, 20.30000000000000426 ) ) ;
#944 = EDGE_CURVE ( 'NONE', #1169, #1698, #219, .T. ) ;
#945 = CARTESIAN_POINT ( 'NONE',  ( 17.50000000000000355, -16.00000000000000000, 21.60000000000000142 ) ) ;
#946 = ORIENTED_EDGE ( 'NONE', *, *, #57, .T. ) ;
#947 = LINE ( 'NONE', #831, #681 ) ;
#948 = ORIENTED_EDGE ( 'NONE', *, *, #81, .T. ) ;
#949 = LINE ( 'NONE', #1279, #2087 ) ;
#950 = CARTESIAN_POINT ( 'NONE',  ( 6.000000000000000000, 0.000000000000000000, 19.50000000000000355 ) ) ;
#951 = DIRECTION ( 'NONE',  ( 0.000000000000000000, 0.000000000000000000, -1.000000000000000000 ) ) ;
#952 = DIRECTION ( 'NONE',  ( 0.000000000000000000, -1.000000000000000000, 0.000000000000000000 ) ) ;
#953 = LINE ( 'NONE', #134, #1679 ) ;
#954 = CYLINDRICAL_SURFACE ( 'NONE', #542, 5.799999999999999822 ) ;
#955 = VERTEX_POINT ( 'NONE', #1892 ) ;
#956 = EDGE_LOOP ( 'NONE', ( #702, #2141, #508, #1051 ) ) ;
#957 = ADVANCED_FACE ( 'NONE', ( #1052 ), #225, .F. ) ;
#958 = VERTEX_POINT ( 'NONE', #1719 ) ;
#959 = FACE_OUTER_BOUND ( 'NONE', #223, .T. ) ;
#960 = ORIENTED_EDGE ( 'NONE', *, *, #699, .T. ) ;
#961 = CARTESIAN_POINT ( 'NONE',  ( 17.81714080414883128, 25.44757391120245771, 21.39022103470336589 ) ) ;
#962 = VECTOR ( 'NONE', #2044, 1000.000000000000000 ) ;
#963 = CARTESIAN_POINT ( 'NONE',  ( -18.05560336251046394, 25.40616731625875957, 21.70762976169367775 ) ) ;
#964 = CIRCLE ( 'NONE', #1949, 1.000000000000000888 ) ;
#965 = DIRECTION ( 'NONE',  ( 0.000000000000000000, 1.000000000000000000, 0.000000000000000000 ) ) ;
#966 = DIRECTION ( 'NONE',  ( 1.000000000000000000, -0.000000000000000000, 0.000000000000000000 ) ) ;
#967 = VECTOR ( 'NONE', #978, 1000.000000000000000 ) ;
#968 = LINE ( 'NONE', #2148, #937 ) ;
#969 = VECTOR ( 'NONE', #1969, 1000.000000000000000 ) ;
#970 = VERTEX_POINT ( 'NONE', #1573 ) ;
#971 = ORIENTED_EDGE ( 'NONE', *, *, #310, .F. ) ;
#972 = VECTOR ( 'NONE', #1305, 1000.000000000000000 ) ;
#973 = EDGE_CURVE ( 'NONE', #777, #58, #2154, .T. ) ;
#974 = EDGE_LOOP ( 'NONE', ( #1603, #891, #1870, #1331, #1760, #737 ) ) ;
#975 = FACE_BOUND ( 'NONE', #1224, .T. ) ;
#976 = EDGE_CURVE ( 'NONE', #94, #109, #2034, .T. ) ;
#977 = ORIENTED_EDGE ( 'NONE', *, *, #310, .T. ) ;
#978 = DIRECTION ( 'NONE',  ( 0.000000000000000000, 1.000000000000000000, 0.000000000000000000 ) ) ;
#979 = CARTESIAN_POINT ( 'NONE',  ( 5.000000000000000000, 21.69999999999999574, 19.50000000000000355 ) ) ;
#980 = PLANE ( 'NONE',  #1004 ) ;
#981 = DIRECTION ( 'NONE',  ( 1.000000000000000000, 0.000000000000000000, 0.000000000000000000 ) ) ;
#982 = ORIENTED_EDGE ( 'NONE', *, *, #1985, .T. ) ;
#983 = ORIENTED_EDGE ( 'NONE', *, *, #2079, .F. ) ;
#984 = CARTESIAN_POINT ( 'NONE',  ( 16.30000000000000426, -11.99999999999999822, 26.00000000000000355 ) ) ;
#985 = ORIENTED_EDGE ( 'NONE', *, *, #2024, .T. ) ;
#986 = PLANE ( 'NONE',  #244 ) ;
#987 = ADVANCED_FACE ( 'NONE', ( #515 ), #728, .T. ) ;
#988 = DIRECTION ( 'NONE',  ( 0.7071067811865426878, 0.000000000000000000, -0.7071067811865524577 ) ) ;
#989 = DIRECTION ( 'NONE',  ( 0.7071067811865457964, 0.000000000000000000, -0.7071067811865492381 ) ) ;
#990 = LINE ( 'NONE', #518, #99 ) ;
#991 = ORIENTED_EDGE ( 'NONE', *, *, #2047, .T. ) ;
#992 = ORIENTED_EDGE ( 'NONE', *, *, #2084, .F. ) ;
#993 = CARTESIAN_POINT ( 'NONE',  ( -6.000000000000000000, 0.000000000000000000, 19.50000000000000355 ) ) ;
#994 = DIRECTION ( 'NONE',  ( 1.000000000000000000, 0.000000000000000000, -0.000000000000000000 ) ) ;
#995 = VERTEX_POINT ( 'NONE', #898 ) ;
#996 = EDGE_CURVE ( 'NONE', #696, #2029, #53, .T. ) ;
#997 = CARTESIAN_POINT ( 'NONE',  ( 17.10000000000000853, 12.00000000000000000, 19.49999999999999645 ) ) ;
#998 = VECTOR ( 'NONE', #101, 1000.000000000000000 ) ;
#999 = AXIS2_PLACEMENT_3D ( 'NONE', #599, #1477, #952 ) ;
#1000 = CARTESIAN_POINT ( 'NONE',  ( 17.10000000000000853, 16.00000000000000000, 19.49999999999999645 ) ) ;
#1001 = EDGE_CURVE ( 'NONE', #1411, #1625, #357, .T. ) ;
#1002 = DIRECTION ( 'NONE',  ( 0.7071067811865435759, 0.000000000000000000, -0.7071067811865515695 ) ) ;
#1003 = ORIENTED_EDGE ( 'NONE', *, *, #672, .F. ) ;
#1004 = AXIS2_PLACEMENT_3D ( 'NONE', #1507, #303, #175 ) ;
#1005 = AXIS2_PLACEMENT_3D ( 'NONE', #459, #1814, #616 ) ;
#1006 = VERTEX_POINT ( 'NONE', #1696 ) ;
#1007 = CARTESIAN_POINT ( 'NONE',  ( 18.20000000000000284, -11.99999999999999822, 20.19999999999999929 ) ) ;
#1008 = CARTESIAN_POINT ( 'NONE',  ( -17.49999999999999645, 7.000000000000000888, 21.60000000000000142 ) ) ;
#1009 = CIRCLE ( 'NONE', #446, 1.000000000000000888 ) ;
#1010 = ORIENTED_EDGE ( 'NONE', *, *, #1511, .T. ) ;
#1011 = CARTESIAN_POINT ( 'NONE',  ( 18.29999999999999716, 25.20917409872824777, 22.57257668640455606 ) ) ;
#1012 = CARTESIAN_POINT ( 'NONE',  ( -18.29999999999999716, -18.00000000000000355, 26.00000000000000355 ) ) ;
#1013 = ADVANCED_FACE ( 'NONE', ( #1527 ), #31, .F. ) ;
#1014 = CARTESIAN_POINT ( 'NONE',  ( 18.30000000000000426, -18.00000000000000355, 22.69999999999999929 ) ) ;
#1015 = FACE_OUTER_BOUND ( 'NONE', #1554, .T. ) ;
#1016 = EDGE_CURVE ( 'NONE', #1660, #1717, #1119, .T. ) ;
#1017 = ORIENTED_EDGE ( 'NONE', *, *, #1900, .F. ) ;
#1018 = DIRECTION ( 'NONE',  ( 0.000000000000000000, 1.000000000000000000, 0.000000000000000000 ) ) ;
#1019 = LINE ( 'NONE', #1977, #1534 ) ;
#1020 = ORIENTED_EDGE ( 'NONE', *, *, #2045, .F. ) ;
#1021 = CARTESIAN_POINT ( 'NONE',  ( -18.19999999999999574, 3.000000000000000888, 20.19999999999999929 ) ) ;
#1022 = DIRECTION ( 'NONE',  ( -1.000000000000000000, 0.000000000000000000, 2.891205793294679411E-15 ) ) ;
#1023 = LINE ( 'NONE', #1697, #313 ) ;
#1024 = LINE ( 'NONE', #1500, #1104 ) ;
#1025 = VERTEX_POINT ( 'NONE', #1751 ) ;
#1026 = EDGE_CURVE ( 'NONE', #1790, #449, #1563, .T. ) ;
#1027 = EDGE_LOOP ( 'NONE', ( #37, #106, #795, #635 ) ) ;
#1028 = DIRECTION ( 'NONE',  ( -1.000000000000000000, 0.000000000000000000, 0.000000000000000000 ) ) ;
#1029 = DIRECTION ( 'NONE',  ( 1.000000000000000000, 0.000000000000000000, 2.891205793294679411E-15 ) ) ;
#1030 = ORIENTED_EDGE ( 'NONE', *, *, #1471, .T. ) ;
#1031 = FACE_OUTER_BOUND ( 'NONE', #854, .T. ) ;
#1032 = CARTESIAN_POINT ( 'NONE',  ( -20.14999999999989910, -11.99999999999999822, 20.15000000000013713 ) ) ;
#1033 = DIRECTION ( 'NONE',  ( 0.000000000000000000, 0.000000000000000000, -1.000000000000000000 ) ) ;
#1034 = CARTESIAN_POINT ( 'NONE',  ( -17.49999999999999645, 3.000000000000000888, 19.49999999999999645 ) ) ;
#1035 = VECTOR ( 'NONE', #1822, 1000.000000000000000 ) ;
#1036 = AXIS2_PLACEMENT_3D ( 'NONE', #1574, #526, #1207 ) ;
#1037 = VECTOR ( 'NONE', #1978, 1000.000000000000000 ) ;
#1038 = ORIENTED_EDGE ( 'NONE', *, *, #1103, .T. ) ;
#1039 = PLANE ( 'NONE',  #1315 ) ;
#1040 = VECTOR ( 'NONE', #1083, 1000.000000000000000 ) ;
#1041 = EDGE_CURVE ( 'NONE', #1205, #1255, #430, .T. ) ;
#1042 = DIRECTION ( 'NONE',  ( 1.000000000000000000, 0.000000000000000000, 0.000000000000000000 ) ) ;
#1043 = EDGE_LOOP ( 'NONE', ( #992, #1840, #991, #636 ) ) ;
#1044 = VECTOR ( 'NONE', #872, 1000.000000000000114 ) ;
#1045 = EDGE_CURVE ( 'NONE', #1057, #1205, #110, .T. ) ;
#1046 = UNCERTAINTY_MEASURE_WITH_UNIT (LENGTH_MEASURE( 1.000000000000000082E-05 ), #216, 'distance_accuracy_value', 'NONE');
#1047 = DIRECTION ( 'NONE',  ( 1.000000000000000000, -0.000000000000000000, 0.000000000000000000 ) ) ;
#1048 = CARTESIAN_POINT ( 'NONE',  ( 5.000000000000000000, 23.69999999999999929, 28.00199999999999889 ) ) ;
#1049 = FILL_AREA_STYLE ('',( #2073 ) ) ;
#1050 = ORIENTED_EDGE ( 'NONE', *, *, #161, .T. ) ;
#1051 = ORIENTED_EDGE ( 'NONE', *, *, #141, .T. ) ;
#1052 = FACE_OUTER_BOUND ( 'NONE', #1789, .T. ) ;
#1053 = EDGE_CURVE ( 'NONE', #1681, #1791, #1314, .T. ) ;
#1054 = FACE_OUTER_BOUND ( 'NONE', #2134, .T. ) ;
#1055 = DIRECTION ( 'NONE',  ( 0.000000000000000000, 1.000000000000000000, 0.000000000000000000 ) ) ;
#1056 = DIRECTION ( 'NONE',  ( 0.000000000000000000, -1.000000000000000000, 0.000000000000000000 ) ) ;
#1057 = VERTEX_POINT ( 'NONE', #420 ) ;
#1058 = ORIENTED_EDGE ( 'NONE', *, *, #488, .T. ) ;
#1059 = ORIENTED_EDGE ( 'NONE', *, *, #413, .T. ) ;
#1060 = DIRECTION ( 'NONE',  ( 0.7071067811865457964, 0.000000000000000000, -0.7071067811865492381 ) ) ;
#1061 = DIRECTION ( 'NONE',  ( -0.000000000000000000, -1.000000000000000000, -0.000000000000000000 ) ) ;
#1062 = ADVANCED_FACE ( 'NONE', ( #1436 ), #929, .T. ) ;
#1063 = CARTESIAN_POINT ( 'NONE',  ( -14.29999999999998117, -27.00000000000000355, 26.00000000000000355 ) ) ;
#1064 = DIRECTION ( 'NONE',  ( 1.000000000000000000, 0.000000000000000000, 0.000000000000000000 ) ) ;
#1065 = EDGE_CURVE ( 'NONE', #756, #734, #949, .T. ) ;
#1066 = ORIENTED_EDGE ( 'NONE', *, *, #669, .F. ) ;
#1067 = PRESENTATION_LAYER_ASSIGNMENT (  '', '', ( #2021 ) ) ;
#1068 = CIRCLE ( 'NONE', #1313, 5.800000000000001599 ) ;
#1069 = CARTESIAN_POINT ( 'NONE',  ( 16.29999999999999361, 25.49733285909062985, 20.69999999999999929 ) ) ;
#1070 = ORIENTED_EDGE ( 'NONE', *, *, #942, .T. ) ;
#1071 = LINE ( 'NONE', #1267, #1745 ) ;
#1072 = VECTOR ( 'NONE', #324, 1000.000000000000000 ) ;
#1073 = VECTOR ( 'NONE', #1138, 1000.000000000000000 ) ;
#1074 = VERTEX_POINT ( 'NONE', #1956 ) ;
#1075 = CARTESIAN_POINT ( 'NONE',  ( -17.32506683517614832, 23.48152273018184033, 20.96226790572730536 ) ) ;
#1076 = AXIS2_PLACEMENT_3D ( 'NONE', #1414, #2082, #395 ) ;
#1077 = FACE_OUTER_BOUND ( 'NONE', #2032, .T. ) ;
#1078 = PRODUCT_DEFINITION ( 'UNKNOWN', '', #1359, #1726 ) ;
#1079 = ORIENTED_EDGE ( 'NONE', *, *, #332, .T. ) ;
#1080 = EDGE_CURVE ( 'NONE', #1821, #1617, #283, .T. ) ;
#1081 = SURFACE_STYLE_FILL_AREA ( #704 ) ;
#1082 = VERTEX_POINT ( 'NONE', #1250 ) ;
#1083 = DIRECTION ( 'NONE',  ( 1.000000000000000000, 0.000000000000000000, 2.891205793294679411E-15 ) ) ;
#1084 = ORIENTED_EDGE ( 'NONE', *, *, #245, .F. ) ;
#1085 = LINE ( 'NONE', #2094, #2122 ) ;
#1086 = PLANE ( 'NONE',  #142 ) ;
#1087 = PLANE ( 'NONE',  #1384 ) ;
#1088 = CARTESIAN_POINT ( 'NONE',  ( 18.19999999999999574, 16.00000000000000000, 20.19999999999999929 ) ) ;
#1089 = ORIENTED_EDGE ( 'NONE', *, *, #647, .F. ) ;
#1090 = ORIENTED_EDGE ( 'NONE', *, *, #488, .F. ) ;
#1091 = EDGE_CURVE ( 'NONE', #168, #679, #1237, .T. ) ;
#1092 = ORIENTED_EDGE ( 'NONE', *, *, #778, .T. ) ;
#1093 = LINE ( 'NONE', #759, #717 ) ;
#1094 = VERTEX_POINT ( 'NONE', #1628 ) ;
#1095 = LINE ( 'NONE', #1493, #1182 ) ;
#1096 = LINE ( 'NONE', #1609, #1569 ) ;
#1097 = DIRECTION ( 'NONE',  ( 0.000000000000000000, 0.000000000000000000, -1.000000000000000000 ) ) ;
#1098 = FACE_OUTER_BOUND ( 'NONE', #1813, .T. ) ;
#1099 = ORIENTED_EDGE ( 'NONE', *, *, #1091, .F. ) ;
#1100 = AXIS2_PLACEMENT_3D ( 'NONE', #1272, #966, #1788 ) ;
#1101 = EDGE_LOOP ( 'NONE', ( #2, #1793, #723, #1802, #1417, #2080, #351, #573, #191 ) ) ;
#1102 = LINE ( 'NONE', #574, #794 ) ;
#1103 = EDGE_CURVE ( 'NONE', #58, #970, #941, .T. ) ;
#1104 = VECTOR ( 'NONE', #1, 1000.000000000000000 ) ;
#1105 = VERTEX_POINT ( 'NONE', #1618 ) ;
#1106 = CARTESIAN_POINT ( 'NONE',  ( 5.396917480816732744E-15, -16.00000000000000000, 0.000000000000000000 ) ) ;
#1107 = AXIS2_PLACEMENT_3D ( 'NONE', #1261, #741, #432 ) ;
#1108 = EDGE_CURVE ( 'NONE', #449, #456, #570, .T. ) ;
#1109 = VECTOR ( 'NONE', #926, 1000.000000000000000 ) ;
#1110 = CARTESIAN_POINT ( 'NONE',  ( 28.90660171779821397, 23.49636243346452957, 20.69999999999999929 ) ) ;
#1111 = CARTESIAN_POINT ( 'NONE',  ( -11.00000000000000000, 23.69999999999999929, 19.50000000000000355 ) ) ;
#1112 = CARTESIAN_POINT ( 'NONE',  ( 17.10000000000001563, -16.00000000000000000, 19.49999999999999645 ) ) ;
#1113 = CIRCLE ( 'NONE', #174, 1.000000000000000888 ) ;
#1114 = CARTESIAN_POINT ( 'NONE',  ( 18.20000000000000284, -11.99999999999999822, 20.89999999999999858 ) ) ;
#1115 = PLANE ( 'NONE',  #1599 ) ;
#1116 = ORIENTED_EDGE ( 'NONE', *, *, #765, .F. ) ;
#1117 = CARTESIAN_POINT ( 'NONE',  ( -18.19999999999999574, 3.000000000000000888, 20.19999999999999929 ) ) ;
#1118 = ORIENTED_EDGE ( 'NONE', *, *, #685, .F. ) ;
#1119 = LINE ( 'NONE', #596, #1280 ) ;
#1120 = CARTESIAN_POINT ( 'NONE',  ( -16.56444735387156442, 25.49701370098336639, 20.71320273814439972 ) ) ;
#1121 = EDGE_CURVE ( 'NONE', #911, #91, #1085, .T. ) ;
#1122 = DIRECTION ( 'NONE',  ( -0.7071067811865457964, 0.000000000000000000, -0.7071067811865492381 ) ) ;
#1123 = DIRECTION ( 'NONE',  ( -1.927470528863118802E-16, 1.000000000000000000, 0.000000000000000000 ) ) ;
#1124 = EDGE_LOOP ( 'NONE', ( #1160, #565, #1236, #1865 ) ) ;
#1125 = ORIENTED_EDGE ( 'NONE', *, *, #1319, .T. ) ;
#1126 = EDGE_LOOP ( 'NONE', ( #322, #1690, #1059, #257 ) ) ;
#1127 = LINE ( 'NONE', #1833, #1533 ) ;
#1128 = ORIENTED_EDGE ( 'NONE', *, *, #658, .T. ) ;
#1129 = CARTESIAN_POINT ( 'NONE',  ( 18.10479800779635084, 25.38243658385992774, 21.82843255177630937 ) ) ;
#1130 = DIRECTION ( 'NONE',  ( 0.000000000000000000, 0.000000000000000000, 1.000000000000000000 ) ) ;
#1131 = CARTESIAN_POINT ( 'NONE',  ( 17.50000000000000355, -16.00000000000000000, 21.60000000000000142 ) ) ;
#1132 = PLANE ( 'NONE',  #235 ) ;
#1133 = EDGE_CURVE ( 'NONE', #756, #1578, #920, .T. ) ;
#1134 = ORIENTED_EDGE ( 'NONE', *, *, #996, .T. ) ;
#1135 = LINE ( 'NONE', #1614, #97 ) ;
#1136 = EDGE_CURVE ( 'NONE', #327, #157, #1095, .T. ) ;
#1137 = ORIENTED_EDGE ( 'NONE', *, *, #1622, .T. ) ;
#1138 = DIRECTION ( 'NONE',  ( 0.000000000000000000, -1.000000000000000000, 0.000000000000000000 ) ) ;
#1139 = ORIENTED_EDGE ( 'NONE', *, *, #944, .T. ) ;
#1140 = AXIS2_PLACEMENT_3D ( 'NONE', #1798, #1464, #294 ) ;
#1141 = CARTESIAN_POINT ( 'NONE',  ( 12.50000000000000178, -18.00000000000000355, 26.00000000000000355 ) ) ;
#1142 = VECTOR ( 'NONE', #1942, 1000.000000000000000 ) ;
#1143 = LINE ( 'NONE', #1819, #408 ) ;
#1144 = VECTOR ( 'NONE', #201, 1000.000000000000000 ) ;
#1145 = CARTESIAN_POINT ( 'NONE',  ( -14.29999999999997407, -16.00000000000000000, 26.00000000000000355 ) ) ;
#1146 = DIRECTION ( 'NONE',  ( 0.000000000000000000, 1.000000000000000000, 0.000000000000000000 ) ) ;
#1147 = AXIS2_PLACEMENT_3D ( 'NONE', #1933, #1260, #1270 ) ;
#1148 = ORIENTED_EDGE ( 'NONE', *, *, #1026, .F. ) ;
#1149 = DIRECTION ( 'NONE',  ( 0.000000000000000000, 1.000000000000000000, 0.000000000000000000 ) ) ;
#1150 = EDGE_CURVE ( 'NONE', #2029, #1975, #2145, .T. ) ;
#1151 = ORIENTED_EDGE ( 'NONE', *, *, #1291, .F. ) ;
#1152 = DIRECTION ( 'NONE',  ( 0.000000000000000000, 1.000000000000000000, 0.000000000000000000 ) ) ;
#1153 = VERTEX_POINT ( 'NONE', #1976 ) ;
#1154 = DIRECTION ( 'NONE',  ( 0.000000000000000000, -1.000000000000000000, 0.000000000000000000 ) ) ;
#1155 = UNCERTAINTY_MEASURE_WITH_UNIT (LENGTH_MEASURE( 1.000000000000000082E-05 ), #561, 'distance_accuracy_value', 'NONE');
#1156 = LINE ( 'NONE', #1486, #1602 ) ;
#1157 = CARTESIAN_POINT ( 'NONE',  ( 11.00000000000000000, 23.69999999999999929, 28.00199999999999889 ) ) ;
#1158 = PLANE ( 'NONE',  #892 ) ;
#1159 = EDGE_LOOP ( 'NONE', ( #477, #533, #2142, #1038 ) ) ;
#1160 = ORIENTED_EDGE ( 'NONE', *, *, #1165, .T. ) ;
#1161 = CARTESIAN_POINT ( 'NONE',  ( 28.90660171779821397, 21.69999999999999574, 24.56939798987517065 ) ) ;
#1162 = EDGE_CURVE ( 'NONE', #1006, #849, #1172, .T. ) ;
#1163 = ORIENTED_EDGE ( 'NONE', *, *, #2109, .T. ) ;
#1164 = CARTESIAN_POINT ( 'NONE',  ( 18.29999999999999716, 25.17007670809735131, 22.69999999999999929 ) ) ;
#1165 = EDGE_CURVE ( 'NONE', #199, #1308, #1324, .T. ) ;
#1166 = DIRECTION ( 'NONE',  ( 0.000000000000000000, 1.000000000000000000, -0.000000000000000000 ) ) ;
#1167 = DIRECTION ( 'NONE',  ( 1.000000000000000000, -0.000000000000000000, -0.000000000000000000 ) ) ;
#1168 = ORIENTED_EDGE ( 'NONE', *, *, #1080, .T. ) ;
#1169 = VERTEX_POINT ( 'NONE', #1301 ) ;
#1170 = CARTESIAN_POINT ( 'NONE',  ( -18.19999999999999574, 7.000000000000000888, 20.89999999999999858 ) ) ;
#1171 = ORIENTED_EDGE ( 'NONE', *, *, #1150, .F. ) ;
#1172 = LINE ( 'NONE', #640, #278 ) ;
#1173 = ADVANCED_FACE ( 'NONE', ( #160 ), #822, .F. ) ;
#1174 = DIRECTION ( 'NONE',  ( 0.000000000000000000, 0.000000000000000000, -1.000000000000000000 ) ) ;
#1175 = VECTOR ( 'NONE', #1123, 1000.000000000000000 ) ;
#1176 = EDGE_CURVE ( 'NONE', #492, #583, #323, .T. ) ;
#1177 = VECTOR ( 'NONE', #656, 1000.000000000000000 ) ;
#1178 = CARTESIAN_POINT ( 'NONE',  ( 5.000000000000000888, 21.69999999999999574, 24.56939798987516710 ) ) ;
#1179 = CARTESIAN_POINT ( 'NONE',  ( -16.29999999999999005, -11.99999999999999822, 24.00000000000000711 ) ) ;
#1180 = EDGE_LOOP ( 'NONE', ( #1688, #1397, #1907, #928 ) ) ;
#1181 = VECTOR ( 'NONE', #772, 1000.000000000000000 ) ;
#1182 = VECTOR ( 'NONE', #1642, 1000.000000000000114 ) ;
#1183 = ORIENTED_EDGE ( 'NONE', *, *, #752, .T. ) ;
#1184 = FACE_OUTER_BOUND ( 'NONE', #552, .T. ) ;
#1185 = VECTOR ( 'NONE', #535, 1000.000000000000114 ) ;
#1186 = CARTESIAN_POINT ( 'NONE',  ( -17.49999999999999289, -16.00000000000000000, 19.49999999999999645 ) ) ;
#1187 = ORIENTED_EDGE ( 'NONE', *, *, #2098, .F. ) ;
#1188 = DIRECTION ( 'NONE',  ( -0.7071067811865515695, -0.000000000000000000, -0.7071067811865435759 ) ) ;
#1189 = ADVANCED_FACE ( 'NONE', ( #653 ), #986, .F. ) ;
#1190 = DIRECTION ( 'NONE',  ( 0.000000000000000000, 0.000000000000000000, -1.000000000000000000 ) ) ;
#1191 = DIRECTION ( 'NONE',  ( -1.000000000000000000, -1.927470528863118802E-16, 0.000000000000000000 ) ) ;
#1192 = ORIENTED_EDGE ( 'NONE', *, *, #1784, .F. ) ;
#1193 = EDGE_LOOP ( 'NONE', ( #1274, #287, #1328, #217 ) ) ;
#1194 = CARTESIAN_POINT ( 'NONE',  ( 0.000000000000000000, 16.00000000000000000, 0.000000000000000000 ) ) ;
#1195 = CARTESIAN_POINT ( 'NONE',  ( -18.19999999999999218, -16.00000000000000000, 20.89999999999999858 ) ) ;
#1196 = EDGE_LOOP ( 'NONE', ( #1521, #605, #982, #429 ) ) ;
#1197 = FACE_OUTER_BOUND ( 'NONE', #1905, .T. ) ;
#1198 = DIRECTION ( 'NONE',  ( -1.000000000000000000, 0.000000000000000000, -0.000000000000000000 ) ) ;
#1199 = FACE_OUTER_BOUND ( 'NONE', #2014, .T. ) ;
#1200 = EDGE_LOOP ( 'NONE', ( #839, #1489, #393, #1455, #760, #905, #821, #476, #960 ) ) ;
#1201 = EDGE_CURVE ( 'NONE', #1025, #916, #493, .T. ) ;
#1202 = ORIENTED_EDGE ( 'NONE', *, *, #479, .T. ) ;
#1203 = LINE ( 'NONE', #1356, #1422 ) ;
#1204 = EDGE_CURVE ( 'NONE', #328, #391, #1277, .T. ) ;
#1205 = VERTEX_POINT ( 'NONE', #206 ) ;
#1206 = CARTESIAN_POINT ( 'NONE',  ( 14.30000000000003091, -16.00000000000000000, 26.00000000000000355 ) ) ;
#1207 = DIRECTION ( 'NONE',  ( 0.000000000000000000, 0.000000000000000000, -1.000000000000000000 ) ) ;
#1208 = CARTESIAN_POINT ( 'NONE',  ( 6.000000000000000000, 21.69999999999999574, 19.50000000000000355 ) ) ;
#1209 = PLANE ( 'NONE',  #859 ) ;
#1210 = VECTOR ( 'NONE', #210, 1000.000000000000000 ) ;
#1211 = VECTOR ( 'NONE', #2001, 1000.000000000000000 ) ;
#1212 = ORIENTED_EDGE ( 'NONE', *, *, #1225, .F. ) ;
#1213 = CARTESIAN_POINT ( 'NONE',  ( 11.00000000000000000, 23.49636243346452247, 20.69999999999999929 ) ) ;
#1214 = DIRECTION ( 'NONE',  ( 0.000000000000000000, 0.000000000000000000, 1.000000000000000000 ) ) ;
#1215 = AXIS2_PLACEMENT_3D ( 'NONE', #820, #1470, #1288 ) ;
#1216 = EDGE_CURVE ( 'NONE', #458, #1105, #1704, .T. ) ;
#1217 = ORIENTED_EDGE ( 'NONE', *, *, #643, .F. ) ;
#1218 = VECTOR ( 'NONE', #913, 1000.000000000000000 ) ;
#1219 = DIRECTION ( 'NONE',  ( -0.000000000000000000, 0.000000000000000000, -1.000000000000000000 ) ) ;
#1220 = CARTESIAN_POINT ( 'NONE',  ( 16.30000000000000426, -16.00000000000000000, 24.00000000000000000 ) ) ;
#1221 = VERTEX_POINT ( 'NONE', #1525 ) ;
#1222 = SHAPE_DEFINITION_REPRESENTATION ( #1575, #1590 ) ;
#1223 = CARTESIAN_POINT ( 'NONE',  ( 17.50000000000000355, -11.99999999999999822, 19.49999999999999645 ) ) ;
#1224 = EDGE_LOOP ( 'NONE', ( #126, #247, #366, #562 ) ) ;
#1225 = EDGE_CURVE ( 'NONE', #531, #885, #1860, .T. ) ;
#1226 = CARTESIAN_POINT ( 'NONE',  ( -18.19999999999999218, -16.00000000000000000, 20.19999999999999929 ) ) ;
#1227 = DIRECTION ( 'NONE',  ( 1.000000000000000000, 0.000000000000000000, 0.000000000000000000 ) ) ;
#1228 = ADVANCED_FACE ( 'NONE', ( #356 ), #876, .F. ) ;
#1229 = DIRECTION ( 'NONE',  ( -1.927470528863118802E-16, 1.000000000000000000, -0.000000000000000000 ) ) ;
#1230 =( NAMED_UNIT ( * ) SI_UNIT ( $, .STERADIAN. ) SOLID_ANGLE_UNIT ( ) );
#1231 = ORIENTED_EDGE ( 'NONE', *, *, #869, .T. ) ;
#1232 = DIRECTION ( 'NONE',  ( 0.000000000000000000, 0.000000000000000000, 1.000000000000000000 ) ) ;
#1233 = VERTEX_POINT ( 'NONE', #1548 ) ;
#1234 = CARTESIAN_POINT ( 'NONE',  ( 17.50000000000000355, -11.99999999999999822, 21.60000000000000142 ) ) ;
#1235 = EDGE_CURVE ( 'NONE', #1649, #2125, #52, .T. ) ;
#1236 = ORIENTED_EDGE ( 'NONE', *, *, #1676, .T. ) ;
#1237 = LINE ( 'NONE', #291, #102 ) ;
#1238 = CARTESIAN_POINT ( 'NONE',  ( 9.999999999999998224, 21.69999999999999574, 19.50000000000000355 ) ) ;
#1239 = CARTESIAN_POINT ( 'NONE',  ( 17.10000000000000853, 12.00000000000000000, 19.49999999999999645 ) ) ;
#1240 = ADVANCED_FACE ( 'NONE', ( #1031 ), #196, .T. ) ;
#1241 = LINE ( 'NONE', #242, #1243 ) ;
#1242 = EDGE_LOOP ( 'NONE', ( #136, #1888, #1734, #172 ) ) ;
#1243 = VECTOR ( 'NONE', #1873, 1000.000000000000000 ) ;
#1244 = AXIS2_PLACEMENT_3D ( 'NONE', #1106, #1269, #2113 ) ;
#1245 = ORIENTED_EDGE ( 'NONE', *, *, #202, .F. ) ;
#1246 = CARTESIAN_POINT ( 'NONE',  ( -17.10000000000000853, 7.000000000000000888, 19.49999999999999645 ) ) ;
#1247 = VECTOR ( 'NONE', #627, 1000.000000000000000 ) ;
#1248 = VECTOR ( 'NONE', #145, 1000.000000000000000 ) ;
#1249 = ORIENTED_EDGE ( 'NONE', *, *, #530, .T. ) ;
#1250 = CARTESIAN_POINT ( 'NONE',  ( 17.50000000000000355, -16.00000000000000000, 26.00000000000000355 ) ) ;
#1251 = DIRECTION ( 'NONE',  ( 0.000000000000000000, -1.000000000000000000, 0.000000000000000000 ) ) ;
#1252 = PLANE ( 'NONE',  #1529 ) ;
#1253 = DIRECTION ( 'NONE',  ( 0.000000000000000000, 1.000000000000000000, 1.850371707708594366E-15 ) ) ;
#1254 = EDGE_CURVE ( 'NONE', #955, #343, #1071, .T. ) ;
#1255 = VERTEX_POINT ( 'NONE', #281 ) ;
#1256 = ORIENTED_EDGE ( 'NONE', *, *, #208, .F. ) ;
#1257 = DIRECTION ( 'NONE',  ( -0.7071067811865474617, -0.000000000000000000, -0.7071067811865474617 ) ) ;
#1258 = ORIENTED_EDGE ( 'NONE', *, *, #1498, .F. ) ;
#1259 = CARTESIAN_POINT ( 'NONE',  ( 6.000000000000000000, 23.69999999999999929, 19.50000000000000355 ) ) ;
#1260 = DIRECTION ( 'NONE',  ( 1.000000000000000000, 0.000000000000000000, 0.000000000000000000 ) ) ;
#1261 = CARTESIAN_POINT ( 'NONE',  ( -16.29999999999999716, 3.000000000000000888, 19.50000000000000000 ) ) ;
#1262 = FACE_OUTER_BOUND ( 'NONE', #1564, .T. ) ;
#1263 = ADVANCED_FACE ( 'NONE', ( #1951 ), #726, .T. ) ;
#1264 = VERTEX_POINT ( 'NONE', #1275 ) ;
#1265 = EDGE_CURVE ( 'NONE', #1468, #1791, #1102, .T. ) ;
#1266 = ORIENTED_EDGE ( 'NONE', *, *, #1742, .T. ) ;
#1267 = CARTESIAN_POINT ( 'NONE',  ( 16.29999999999999716, 12.00000000000000000, 24.00000000000000000 ) ) ;
#1268 = ORIENTED_EDGE ( 'NONE', *, *, #1866, .T. ) ;
#1269 = DIRECTION ( 'NONE',  ( 0.000000000000000000, -1.000000000000000000, -0.000000000000000000 ) ) ;
#1270 = DIRECTION ( 'NONE',  ( 0.000000000000000000, 0.000000000000000000, -1.000000000000000000 ) ) ;
#1271 = LINE ( 'NONE', #943, #376 ) ;
#1272 = CARTESIAN_POINT ( 'NONE',  ( 18.19999999999999574, 12.00000000000000000, 20.89999999999999858 ) ) ;
#1273 = VERTEX_POINT ( 'NONE', #1400 ) ;
#1274 = ORIENTED_EDGE ( 'NONE', *, *, #1848, .T. ) ;
#1275 = CARTESIAN_POINT ( 'NONE',  ( -17.49999999999999645, 7.000000000000000888, 26.00000000000000355 ) ) ;
#1276 = EDGE_CURVE ( 'NONE', #143, #866, #85, .T. ) ;
#1277 = B_SPLINE_CURVE_WITH_KNOTS ( 'NONE', 3,
 ( #1164, #1011, #1684, #1290, #461, #1129, #1806, #301, #961, #144, #803, #1473, #2135, #629 ),
 .UNSPECIFIED., .F., .F.,
 ( 4, 2, 2, 2, 2, 2, 4 ),
 ( 0.000000000000000000, 0.0003944127970381649238, 0.0007888255940763298476, 0.001183238391114494609, 0.001577651188152659695, 0.002366476782228996590, 0.003155302376305334135 ),
 .UNSPECIFIED. ) ;
#1278 = ORIENTED_EDGE ( 'NONE', *, *, #579, .T. ) ;
#1279 = CARTESIAN_POINT ( 'NONE',  ( -11.00000000000000000, 23.69999999999999929, 28.00199999999999889 ) ) ;
#1280 = VECTOR ( 'NONE', #2103, 1000.000000000000000 ) ;
#1281 = AXIS2_PLACEMENT_3D ( 'NONE', #993, #1669, #469 ) ;
#1282 = FACE_OUTER_BOUND ( 'NONE', #1180, .T. ) ;
#1283 = PLANE ( 'NONE',  #510 ) ;
#1284 = DIRECTION ( 'NONE',  ( 0.000000000000000000, -1.000000000000000000, 0.000000000000000000 ) ) ;
#1285 = AXIS2_PLACEMENT_3D ( 'NONE', #1220, #1543, #1396 ) ;
#1286 = FACE_OUTER_BOUND ( 'NONE', #1159, .T. ) ;
#1287 = VERTEX_POINT ( 'NONE', #1246 ) ;
#1288 = DIRECTION ( 'NONE',  ( -0.7071067811865457964, 0.000000000000000000, -0.7071067811865492381 ) ) ;
#1289 = ORIENTED_EDGE ( 'NONE', *, *, #1565, .T. ) ;
#1290 = CARTESIAN_POINT ( 'NONE',  ( 18.23948514584823144, 25.30702592327148537, 22.19531203121342244 ) ) ;
#1291 = EDGE_CURVE ( 'NONE', #1287, #468, #1093, .T. ) ;
#1292 = LINE ( 'NONE', #1344, #1817 ) ;
#1293 = CARTESIAN_POINT ( 'NONE',  ( -17.49999999999999645, 3.000000000000004441, 26.00000000000000355 ) ) ;
#1294 = EDGE_CURVE ( 'NONE', #2019, #1287, #1604, .T. ) ;
#1295 = CARTESIAN_POINT ( 'NONE',  ( 9.999999999999998224, 21.69999999999999574, 18.50000000000000355 ) ) ;
#1296 = LINE ( 'NONE', #466, #720 ) ;
#1297 = DIRECTION ( 'NONE',  ( 0.000000000000000000, 0.000000000000000000, -1.000000000000000000 ) ) ;
#1298 = ORIENTED_EDGE ( 'NONE', *, *, #1265, .T. ) ;
#1299 = DIRECTION ( 'NONE',  ( 0.000000000000000000, 0.000000000000000000, -1.000000000000000000 ) ) ;
#1300 = ORIENTED_EDGE ( 'NONE', *, *, #1594, .T. ) ;
#1301 = CARTESIAN_POINT ( 'NONE',  ( -16.29999999999999005, -16.00000000000000000, 24.00000000000000711 ) ) ;
#1302 = LINE ( 'NONE', #1645, #1248 ) ;
#1303 = PLANE ( 'NONE',  #1495 ) ;
#1304 = ADVANCED_FACE ( 'NONE', ( #1906 ), #1616, .T. ) ;
#1305 = DIRECTION ( 'NONE',  ( 0.000000000000000000, 0.000000000000000000, -1.000000000000000000 ) ) ;
#1306 = CARTESIAN_POINT ( 'NONE',  ( 11.00000000000000000, 23.69999999999999929, 20.69999999999999929 ) ) ;
#1307 = ORIENTED_EDGE ( 'NONE', *, *, #1909, .F. ) ;
#1308 = VERTEX_POINT ( 'NONE', #448 ) ;
#1309 = ORIENTED_EDGE ( 'NONE', *, *, #1041, .T. ) ;
#1310 = CARTESIAN_POINT ( 'NONE',  ( 12.50000000000000178, -18.00000000000000355, 26.00000000000000355 ) ) ;
#1311 = VERTEX_POINT ( 'NONE', #1767 ) ;
#1312 = DIRECTION ( 'NONE',  ( 0.000000000000000000, 0.000000000000000000, -1.000000000000000000 ) ) ;
#1313 = AXIS2_PLACEMENT_3D ( 'NONE', #936, #114, #764 ) ;
#1314 = CIRCLE ( 'NONE', #28, 1.000000000000000888 ) ;
#1315 = AXIS2_PLACEMENT_3D ( 'NONE', #1194, #352, #703 ) ;
#1316 = CARTESIAN_POINT ( 'NONE',  ( -16.29999999999999716, 7.000000000000000888, 26.00000000000000355 ) ) ;
#1317 = VECTOR ( 'NONE', #1232, 1000.000000000000000 ) ;
#1318 = VERTEX_POINT ( 'NONE', #1234 ) ;
#1319 = EDGE_CURVE ( 'NONE', #2065, #1360, #917, .T. ) ;
#1320 = EDGE_LOOP ( 'NONE', ( #652, #1524, #1859, #1586, #2144, #427, #1433, #1714, #1134 ) ) ;
#1321 = DIRECTION ( 'NONE',  ( 1.000000000000000000, 0.000000000000000000, 0.000000000000000000 ) ) ;
#1322 = ADVANCED_FACE ( 'NONE', ( #1939 ), #1779, .F. ) ;
#1323 = ORIENTED_EDGE ( 'NONE', *, *, #1662, .F. ) ;
#1324 = LINE ( 'NONE', #2126, #480 ) ;
#1325 = CARTESIAN_POINT ( 'NONE',  ( -18.19999999999999574, 3.000000000000000888, 20.89999999999999858 ) ) ;
#1326 = PLANE ( 'NONE',  #1921 ) ;
#1327 = CARTESIAN_POINT ( 'NONE',  ( 18.20000000000000284, -16.00000000000000000, 20.89999999999999858 ) ) ;
#1328 = ORIENTED_EDGE ( 'NONE', *, *, #374, .F. ) ;
#1329 = APPLICATION_CONTEXT ( 'automotive_design' ) ;
#1330 = ADVANCED_FACE ( 'NONE', ( #910 ), #107, .T. ) ;
#1331 = ORIENTED_EDGE ( 'NONE', *, *, #245, .T. ) ;
#1332 = CARTESIAN_POINT ( 'NONE',  ( -18.30000000000000426, 25.17007670809734421, 22.69999999999999929 ) ) ;
#1333 = CARTESIAN_POINT ( 'NONE',  ( 17.49999999999999645, 12.00000000000000000, 19.49999999999999645 ) ) ;
#1334 = EDGE_CURVE ( 'NONE', #415, #1287, #2092, .T. ) ;
#1335 = ORIENTED_EDGE ( 'NONE', *, *, #96, .F. ) ;
#1336 = DIRECTION ( 'NONE',  ( 0.000000000000000000, -0.000000000000000000, -1.000000000000000000 ) ) ;
#1337 = CARTESIAN_POINT ( 'NONE',  ( 6.000000000000000000, 0.000000000000000000, 18.50000000000000355 ) ) ;
#1338 = CARTESIAN_POINT ( 'NONE',  ( -18.19999999999999218, -16.00000000000000000, 20.89999999999999858 ) ) ;
#1339 = CARTESIAN_POINT ( 'NONE',  ( -11.00000000000000000, 23.69999999999999929, 18.50000000000000355 ) ) ;
#1340 = ORIENTED_EDGE ( 'NONE', *, *, #2045, .T. ) ;
#1341 = ORIENTED_EDGE ( 'NONE', *, *, #2010, .T. ) ;
#1342 = CARTESIAN_POINT ( 'NONE',  ( -18.30000000000000071, 3.000000000000000888, 18.30000000000000071 ) ) ;
#1343 = CARTESIAN_POINT ( 'NONE',  ( 18.29999999999999716, 25.17007670809735131, 22.69999999999999929 ) ) ;
#1344 = CARTESIAN_POINT ( 'NONE',  ( -17.49999999999999289, -16.00000000000000000, 21.60000000000000142 ) ) ;
#1345 = EDGE_LOOP ( 'NONE', ( #1469, #1352, #382, #1090, #288, #1128 ) ) ;
#1346 = EDGE_CURVE ( 'NONE', #875, #696, #1759, .T. ) ;
#1347 = CARTESIAN_POINT ( 'NONE',  ( -14.29999999999998117, 3.000000000000000888, 26.00000000000000355 ) ) ;
#1348 = AXIS2_PLACEMENT_3D ( 'NONE', #541, #1214, #994 ) ;
#1349 = VECTOR ( 'NONE', #1706, 1000.000000000000114 ) ;
#1350 = LINE ( 'NONE', #1686, #1465 ) ;
#1351 = LINE ( 'NONE', #817, #1177 ) ;
#1352 = ORIENTED_EDGE ( 'NONE', *, *, #780, .T. ) ;
#1353 = VECTOR ( 'NONE', #222, 1000.000000000000000 ) ;
#1354 = VECTOR ( 'NONE', #1321, 1000.000000000000000 ) ;
#1355 = ORIENTED_EDGE ( 'NONE', *, *, #1852, .T. ) ;
#1356 = CARTESIAN_POINT ( 'NONE',  ( -16.29999999999999005, -11.99999999999999822, 26.00000000000000355 ) ) ;
#1357 = VECTOR ( 'NONE', #730, 1000.000000000000000 ) ;
#1358 = CARTESIAN_POINT ( 'NONE',  ( -16.29999999999999005, -11.99999999999999822, 20.30000000000000426 ) ) ;
#1359 = PRODUCT_DEFINITION_FORMATION_WITH_SPECIFIED_SOURCE ( 'ANY', '', #722, .NOT_KNOWN. ) ;
#1360 = VERTEX_POINT ( 'NONE', #894 ) ;
#1361 = CYLINDRICAL_SURFACE ( 'NONE', #342, 1.000000000000000888 ) ;
#1362 = LINE ( 'NONE', #2036, #1185 ) ;
#1363 = EDGE_CURVE ( 'NONE', #2015, #1778, #234, .T. ) ;
#1364 = LINE ( 'NONE', #528, #1353 ) ;
#1365 = VERTEX_POINT ( 'NONE', #117 ) ;
#1366 = ORIENTED_EDGE ( 'NONE', *, *, #47, .F. ) ;
#1367 = LINE ( 'NONE', #1170, #1712 ) ;
#1368 = PLANE ( 'NONE',  #1348 ) ;
#1369 = ORIENTED_EDGE ( 'NONE', *, *, #1150, .T. ) ;
#1370 = CARTESIAN_POINT ( 'NONE',  ( -14.29999999999997407, -16.00000000000000000, 26.00000000000000355 ) ) ;
#1371 = CARTESIAN_POINT ( 'NONE',  ( 5.000000000000000000, 23.69999999999999929, 19.50000000000000355 ) ) ;
#1372 = DIRECTION ( 'NONE',  ( 0.000000000000000000, 1.000000000000000000, 0.000000000000000000 ) ) ;
#1373 = EDGE_CURVE ( 'NONE', #1649, #531, #684, .T. ) ;
#1374 = ORIENTED_EDGE ( 'NONE', *, *, #57, .F. ) ;
#1375 = DIRECTION ( 'NONE',  ( 0.7071067811865474617, -0.000000000000000000, 0.7071067811865474617 ) ) ;
#1376 = DIRECTION ( 'NONE',  ( -1.000000000000000000, -0.000000000000000000, -0.000000000000000000 ) ) ;
#1377 = ORIENTED_EDGE ( 'NONE', *, *, #392, .T. ) ;
#1378 = CARTESIAN_POINT ( 'NONE',  ( 5.396917480816732744E-15, -11.99999999999999822, 0.000000000000000000 ) ) ;
#1379 = DIRECTION ( 'NONE',  ( 0.000000000000000000, 0.000000000000000000, 1.000000000000000000 ) ) ;
#1380 = CARTESIAN_POINT ( 'NONE',  ( 9.999999999999998224, 23.69999999999999929, 18.50000000000000355 ) ) ;
#1381 = VECTOR ( 'NONE', #433, 1000.000000000000000 ) ;
#1382 = SURFACE_STYLE_USAGE ( .BOTH. , #56 ) ;
#1383 = AXIS2_PLACEMENT_3D ( 'NONE', #10, #1002, #664 ) ;
#1384 = AXIS2_PLACEMENT_3D ( 'NONE', #621, #609, #1967 ) ;
#1385 = EDGE_CURVE ( 'NONE', #538, #1025, #2066, .T. ) ;
#1386 = ORIENTED_EDGE ( 'NONE', *, *, #270, .T. ) ;
#1387 = VECTOR ( 'NONE', #1257, 1000.000000000000114 ) ;
#1388 = APPLICATION_PROTOCOL_DEFINITION ( 'draft international standard', 'automotive_design', 1998, #1445 ) ;
#1389 = EDGE_CURVE ( 'NONE', #1025, #1365, #1825, .T. ) ;
#1390 = LINE ( 'NONE', #555, #608 ) ;
#1391 = ORIENTED_EDGE ( 'NONE', *, *, #1826, .F. ) ;
#1392 = VECTOR ( 'NONE', #1584, 1000.000000000000000 ) ;
#1393 = AXIS2_PLACEMENT_3D ( 'NONE', #554, #82, #1042 ) ;
#1394 = CARTESIAN_POINT ( 'NONE',  ( -9.999999999999998224, 0.000000000000000000, 18.50000000000000355 ) ) ;
#1395 = CARTESIAN_POINT ( 'NONE',  ( 17.91739895661588378, 23.41275517802267103, 21.49430799967546690 ) ) ;
#1396 = DIRECTION ( 'NONE',  ( 0.000000000000000000, 1.000000000000000000, -0.000000000000000000 ) ) ;
#1397 = ORIENTED_EDGE ( 'NONE', *, *, #543, .F. ) ;
#1398 = ADVANCED_FACE ( 'NONE', ( #1804 ), #158, .T. ) ;
#1399 = ORIENTED_EDGE ( 'NONE', *, *, #86, .F. ) ;
#1400 = CARTESIAN_POINT ( 'NONE',  ( -17.49999999999999289, -11.99999999999999822, 19.49999999999999645 ) ) ;
#1401 = EDGE_CURVE ( 'NONE', #1627, #847, #2143, .T. ) ;
#1402 = EDGE_LOOP ( 'NONE', ( #1298, #2068, #834, #666, #671 ) ) ;
#1403 = CARTESIAN_POINT ( 'NONE',  ( -20.14999999999990976, 7.000000000000000888, 20.15000000000014069 ) ) ;
#1404 = CARTESIAN_POINT ( 'NONE',  ( 16.29999999999999716, 12.00000000000000000, 19.50000000000000000 ) ) ;
#1405 = CARTESIAN_POINT ( 'NONE',  ( -16.29999999999999716, 7.000000000000000888, 20.30000000000000426 ) ) ;
#1406 = DIRECTION ( 'NONE',  ( 0.000000000000000000, 0.000000000000000000, -1.000000000000000000 ) ) ;
#1407 = CARTESIAN_POINT ( 'NONE',  ( -17.49999999999999645, 3.000000000000000888, 21.60000000000000142 ) ) ;
#1408 = ORIENTED_EDGE ( 'NONE', *, *, #1045, .T. ) ;
#1409 = ORIENTED_EDGE ( 'NONE', *, *, #1579, .F. ) ;
#1410 = CARTESIAN_POINT ( 'NONE',  ( 11.00000000000000000, 23.69999999999999929, 28.00199999999999889 ) ) ;
#1411 = VERTEX_POINT ( 'NONE', #169 ) ;
#1412 = CARTESIAN_POINT ( 'NONE',  ( -18.20663819945065498, 23.26892085558374035, 22.08240178845414547 ) ) ;
#1413 = ADVANCED_FACE ( 'NONE', ( #1659 ), #1505, .T. ) ;
#1414 = CARTESIAN_POINT ( 'NONE',  ( 0.000000000000000000, 3.000000000000000888, 0.000000000000000000 ) ) ;
#1415 = LINE ( 'NONE', #2115, #308 ) ;
#1416 = AXIS2_PLACEMENT_3D ( 'NONE', #149, #1441, #2131 ) ;
#1417 = ORIENTED_EDGE ( 'NONE', *, *, #813, .F. ) ;
#1418 = CIRCLE ( 'NONE', #2052, 1.000000000000000888 ) ;
#1419 = VECTOR ( 'NONE', #951, 1000.000000000000000 ) ;
#1420 = ORIENTED_EDGE ( 'NONE', *, *, #869, .F. ) ;
#1421 = CARTESIAN_POINT ( 'NONE',  ( 28.90660171779821397, 18.00000000000001066, 20.50000000000000000 ) ) ;
#1422 = VECTOR ( 'NONE', #1028, 1000.000000000000000 ) ;
#1423 = AXIS2_PLACEMENT_3D ( 'NONE', #26, #1629, #463 ) ;
#1424 = ORIENTED_EDGE ( 'NONE', *, *, #530, .F. ) ;
#1425 = CARTESIAN_POINT ( 'NONE',  ( -16.82944836607257599, 23.49359362051288969, 20.76672102407846410 ) ) ;
#1426 = STYLED_ITEM ( 'NONE', ( #389 ), #1590 ) ;
#1427 = ADVANCED_FACE ( 'NONE', ( #638, #139, #975, #2153, #782 ), #2006, .F. ) ;
#1428 = CARTESIAN_POINT ( 'NONE',  ( 18.20000000000000284, -16.00000000000000000, 20.19999999999999929 ) ) ;
#1429 = LINE ( 'NONE', #2096, #240 ) ;
#1430 = CARTESIAN_POINT ( 'NONE',  ( -17.49999999999999645, 3.000000000000000888, 26.00000000000000355 ) ) ;
#1431 = ADVANCED_FACE ( 'NONE', ( #1988 ), #299, .T. ) ;
#1432 = CARTESIAN_POINT ( 'NONE',  ( -16.30000000000000071, 25.50000000000000000, 20.69999999999999929 ) ) ;
#1433 = ORIENTED_EDGE ( 'NONE', *, *, #67, .F. ) ;
#1434 = CARTESIAN_POINT ( 'NONE',  ( -16.29999999999999716, 7.000000000000000888, 20.30000000000000426 ) ) ;
#1435 = ORIENTED_EDGE ( 'NONE', *, *, #3, .F. ) ;
#1436 = FACE_OUTER_BOUND ( 'NONE', #1919, .T. ) ;
#1437 = DIRECTION ( 'NONE',  ( -0.7071067811865457964, 0.000000000000000000, -0.7071067811865492381 ) ) ;
#1438 = FACE_OUTER_BOUND ( 'NONE', #1995, .T. ) ;
#1439 = CARTESIAN_POINT ( 'NONE',  ( 17.10000000000001563, -11.99999999999999822, 19.49999999999999645 ) ) ;
#1440 = LINE ( 'NONE', #135, #1494 ) ;
#1441 = DIRECTION ( 'NONE',  ( -1.000000000000000000, -0.000000000000000000, -0.000000000000000000 ) ) ;
#1442 = EDGE_CURVE ( 'NONE', #1699, #1094, #947, .T. ) ;
#1443 = VERTEX_POINT ( 'NONE', #799 ) ;
#1444 = DIRECTION ( 'NONE',  ( 0.000000000000000000, 1.000000000000000000, 0.000000000000000000 ) ) ;
#1445 = APPLICATION_CONTEXT ( 'automotive_design' ) ;
#1446 = ORIENTED_EDGE ( 'NONE', *, *, #1458, .T. ) ;
#1447 = DIRECTION ( 'NONE',  ( 0.000000000000000000, -1.000000000000000000, 0.000000000000000000 ) ) ;
#1448 = DIRECTION ( 'NONE',  ( 0.000000000000000000, 0.000000000000000000, -1.000000000000000000 ) ) ;
#1449 = CARTESIAN_POINT ( 'NONE',  ( -11.00000000000000000, 23.69999999999999929, 20.69999999999999929 ) ) ;
#1450 = DIRECTION ( 'NONE',  ( -1.000000000000000000, -1.927470528863118802E-16, 0.000000000000000000 ) ) ;
#1451 = DIRECTION ( 'NONE',  ( 0.000000000000000000, 0.000000000000000000, -1.000000000000000000 ) ) ;
#1452 = EDGE_LOOP ( 'NONE', ( #626, #586, #830, #1278 ) ) ;
#1453 = VERTEX_POINT ( 'NONE', #1456 ) ;
#1454 = ADVANCED_FACE ( 'NONE', ( #2121 ), #498, .F. ) ;
#1455 = ORIENTED_EDGE ( 'NONE', *, *, #1385, .T. ) ;
#1456 = CARTESIAN_POINT ( 'NONE',  ( -18.19999999999999218, -11.99999999999999822, 20.19999999999999929 ) ) ;
#1457 = COLOUR_RGB ( '',0.4980392156862745168, 0.4980392156862745168, 0.4980392156862745168 ) ;
#1458 = EDGE_CURVE ( 'NONE', #2064, #116, #650, .T. ) ;
#1459 = ORIENTED_EDGE ( 'NONE', *, *, #1363, .T. ) ;
#1460 = VECTOR ( 'NONE', #494, 1000.000000000000000 ) ;
#1461 = VECTOR ( 'NONE', #262, 1000.000000000000000 ) ;
#1462 = DIRECTION ( 'NONE',  ( 1.000000000000000000, -0.000000000000000000, 0.000000000000000000 ) ) ;
#1463 = LINE ( 'NONE', #581, #1419 ) ;
#1464 = DIRECTION ( 'NONE',  ( 1.000000000000000000, 0.000000000000000000, 0.000000000000000000 ) ) ;
#1465 = VECTOR ( 'NONE', #64, 1000.000000000000000 ) ;
#1466 = DIRECTION ( 'NONE',  ( 0.000000000000000000, -1.000000000000000000, 0.000000000000000000 ) ) ;
#1467 = CARTESIAN_POINT ( 'NONE',  ( 11.00000000000000000, 23.69999999999999929, 20.69999999999999929 ) ) ;
#1468 = VERTEX_POINT ( 'NONE', #312 ) ;
#1469 = ORIENTED_EDGE ( 'NONE', *, *, #451, .F. ) ;
#1470 = DIRECTION ( 'NONE',  ( 0.7071067811865492381, 0.000000000000000000, -0.7071067811865457964 ) ) ;
#1471 = EDGE_CURVE ( 'NONE', #1360, #468, #660, .T. ) ;
#1472 = ORIENTED_EDGE ( 'NONE', *, *, #15, .F. ) ;
#1473 = CARTESIAN_POINT ( 'NONE',  ( 16.83163564178795113, 25.49638685319231612, 20.75410205142561892 ) ) ;
#1474 = EDGE_CURVE ( 'NONE', #955, #1006, #490, .T. ) ;
#1475 = DIRECTION ( 'NONE',  ( -0.7071067811865474617, -0.000000000000000000, -0.7071067811865474617 ) ) ;
#1476 = DIRECTION ( 'NONE',  ( 1.000000000000000000, 0.000000000000000000, 2.891205793294679411E-15 ) ) ;
#1477 = DIRECTION ( 'NONE',  ( -1.000000000000000000, -1.445602896647339163E-16, 0.000000000000000000 ) ) ;
#1478 = CARTESIAN_POINT ( 'NONE',  ( -5.000000000000000000, 23.69999999999999929, 20.69999999999999929 ) ) ;
#1479 = LINE ( 'NONE', #2139, #1948 ) ;
#1480 = ORIENTED_EDGE ( 'NONE', *, *, #2147, .T. ) ;
#1481 = CARTESIAN_POINT ( 'NONE',  ( -12.49999999999999822, -23.80000000000000071, 26.00000000000000355 ) ) ;
#1482 = ORIENTED_EDGE ( 'NONE', *, *, #1016, .F. ) ;
#1483 = DIRECTION ( 'NONE',  ( 1.000000000000000000, 0.000000000000000000, 0.000000000000000000 ) ) ;
#1484 = ORIENTED_EDGE ( 'NONE', *, *, #2098, .T. ) ;
#1485 = EDGE_CURVE ( 'NONE', #1074, #1233, #1974, .T. ) ;
#1486 = CARTESIAN_POINT ( 'NONE',  ( 17.10000000000000853, 16.00000000000000000, 19.49999999999999645 ) ) ;
#1487 = CARTESIAN_POINT ( 'NONE',  ( -18.30000000000000426, 18.00000000000000355, 20.50000000000000000 ) ) ;
#1488 = DIRECTION ( 'NONE',  ( 0.000000000000000000, 1.000000000000000000, 0.000000000000000000 ) ) ;
#1489 = ORIENTED_EDGE ( 'NONE', *, *, #180, .T. ) ;
#1490 = ORIENTED_EDGE ( 'NONE', *, *, #2084, .T. ) ;
#1491 = DIRECTION ( 'NONE',  ( 0.000000000000000000, 1.000000000000000000, 0.000000000000000000 ) ) ;
#1492 = ORIENTED_EDGE ( 'NONE', *, *, #1442, .F. ) ;
#1493 = CARTESIAN_POINT ( 'NONE',  ( -17.49999999999999645, 7.000000000000000888, 21.60000000000000142 ) ) ;
#1494 = VECTOR ( 'NONE', #1970, 1000.000000000000000 ) ;
#1495 = AXIS2_PLACEMENT_3D ( 'NONE', #673, #502, #1166 ) ;
#1496 = FACE_OUTER_BOUND ( 'NONE', #437, .T. ) ;
#1497 = AXIS2_PLACEMENT_3D ( 'NONE', #1410, #1444, #594 ) ;
#1498 = EDGE_CURVE ( 'NONE', #711, #168, #1127, .T. ) ;
#1499 = CARTESIAN_POINT ( 'NONE',  ( -5.000000000000000000, 23.69999999999999929, 19.50000000000000355 ) ) ;
#1500 = CARTESIAN_POINT ( 'NONE',  ( -11.00000000000000000, 23.69999999999999929, 20.69999999999999929 ) ) ;
#1501 = AXIS2_PLACEMENT_3D ( 'NONE', #1508, #1665, #826 ) ;
#1502 = ORIENTED_EDGE ( 'NONE', *, *, #270, .F. ) ;
#1503 = ADVANCED_FACE ( 'NONE', ( #959 ), #1998, .T. ) ;
#1504 = EDGE_LOOP ( 'NONE', ( #519, #2100, #1582, #1844 ) ) ;
#1505 = PLANE ( 'NONE',  #1886 ) ;
#1506 = VERTEX_POINT ( 'NONE', #1332 ) ;
#1507 = CARTESIAN_POINT ( 'NONE',  ( 18.19999999999999574, 12.00000000000000000, 20.19999999999999929 ) ) ;
#1508 = CARTESIAN_POINT ( 'NONE',  ( 16.30000000000000426, -16.00000000000000000, 19.50000000000000000 ) ) ;
#1509 = DIRECTION ( 'NONE',  ( 1.000000000000000000, 0.000000000000000000, 0.000000000000000000 ) ) ;
#1510 = EDGE_LOOP ( 'NONE', ( #2058, #355, #1990, #233 ) ) ;
#1511 = EDGE_CURVE ( 'NONE', #468, #1545, #1877, .T. ) ;
#1512 = ORIENTED_EDGE ( 'NONE', *, *, #1526, .T. ) ;
#1513 = FACE_OUTER_BOUND ( 'NONE', #1124, .T. ) ;
#1514 = CARTESIAN_POINT ( 'NONE',  ( -5.000000000000000000, 21.69999999999999574, 19.50000000000000355 ) ) ;
#1515 = FACE_OUTER_BOUND ( 'NONE', #1452, .T. ) ;
#1516 = ORIENTED_EDGE ( 'NONE', *, *, #220, .T. ) ;
#1517 = CARTESIAN_POINT ( 'NONE',  ( 18.29999999999999716, 18.00000000000000355, 26.00000000000000355 ) ) ;
#1518 = LINE ( 'NONE', #20, #1992 ) ;
#1519 = FACE_OUTER_BOUND ( 'NONE', #2132, .T. ) ;
#1520 = ORIENTED_EDGE ( 'NONE', *, *, #3, .T. ) ;
#1521 = ORIENTED_EDGE ( 'NONE', *, *, #43, .F. ) ;
#1522 = CARTESIAN_POINT ( 'NONE',  ( -11.00000000000000000, 23.69999999999999929, 19.50000000000000355 ) ) ;
#1523 = DIRECTION ( 'NONE',  ( 0.000000000000000000, 1.000000000000000000, 0.000000000000000000 ) ) ;
#1524 = ORIENTED_EDGE ( 'NONE', *, *, #1294, .T. ) ;
#1525 = CARTESIAN_POINT ( 'NONE',  ( -16.29999999999999005, -16.00000000000000000, 20.30000000000000426 ) ) ;
#1526 = EDGE_CURVE ( 'NONE', #1999, #404, #667, .T. ) ;
#1527 = FACE_OUTER_BOUND ( 'NONE', #873, .T. ) ;
#1528 = VECTOR ( 'NONE', #806, 1000.000000000000114 ) ;
#1529 = AXIS2_PLACEMENT_3D ( 'NONE', #1925, #422, #264 ) ;
#1530 = LINE ( 'NONE', #34, #2057 ) ;
#1531 = CARTESIAN_POINT ( 'NONE',  ( 18.30000000000000782, -16.00000000000000000, 18.30000000000000071 ) ) ;
#1532 = EDGE_LOOP ( 'NONE', ( #2155, #1366, #80, #1300 ) ) ;
#1533 = VECTOR ( 'NONE', #1299, 1000.000000000000000 ) ;
#1534 = VECTOR ( 'NONE', #1538, 1000.000000000000000 ) ;
#1535 = EDGE_LOOP ( 'NONE', ( #350, #200, #298, #1187 ) ) ;
#1536 = DIRECTION ( 'NONE',  ( 1.000000000000000000, 0.000000000000000000, 2.891205793294679411E-15 ) ) ;
#1537 = CARTESIAN_POINT ( 'NONE',  ( 16.30000000000000426, -11.99999999999999822, 19.50000000000000000 ) ) ;
#1538 = DIRECTION ( 'NONE',  ( -1.000000000000000000, 0.000000000000000000, 0.000000000000000000 ) ) ;
#1539 = ORIENTED_EDGE ( 'NONE', *, *, #1957, .T. ) ;
#1540 = CARTESIAN_POINT ( 'NONE',  ( -17.49999999999999645, 3.000000000000000888, 26.00000000000000355 ) ) ;
#1541 = ADVANCED_FACE ( 'NONE', ( #1889 ), #694, .T. ) ;
#1542 = CARTESIAN_POINT ( 'NONE',  ( 18.29999999999999716, 23.04083326445143243, 22.69999999999999929 ) ) ;
#1543 = DIRECTION ( 'NONE',  ( 0.7071067811865524577, 0.000000000000000000, 0.7071067811865425767 ) ) ;
#1544 = DIRECTION ( 'NONE',  ( -0.7071067811865457964, 0.000000000000000000, -0.7071067811865492381 ) ) ;
#1545 = VERTEX_POINT ( 'NONE', #363 ) ;
#1546 = CARTESIAN_POINT ( 'NONE',  ( -18.19999999999999218, -16.00000000000000000, 20.19999999999999929 ) ) ;
#1547 = ORIENTED_EDGE ( 'NONE', *, *, #739, .F. ) ;
#1548 = CARTESIAN_POINT ( 'NONE',  ( -10.99999999999999645, 21.69999999999999574, 24.56939798987516710 ) ) ;
#1549 = CARTESIAN_POINT ( 'NONE',  ( -12.49999999999999645, -18.00000000000000355, 26.00000000000000355 ) ) ;
#1550 = LINE ( 'NONE', #879, #927 ) ;
#1551 = EDGE_CURVE ( 'NONE', #166, #1641, #862, .T. ) ;
#1552 = CARTESIAN_POINT ( 'NONE',  ( 16.29999999999999716, 12.00000000000000000, 20.30000000000000426 ) ) ;
#1553 = EDGE_CURVE ( 'NONE', #734, #1962, #539, .T. ) ;
#1554 = EDGE_LOOP ( 'NONE', ( #59, #1202, #1490, #1139, #1769, #296, #1163, #2112, #271 ) ) ;
#1555 =( LENGTH_UNIT ( ) NAMED_UNIT ( * ) SI_UNIT ( .MILLI., .METRE. ) );
#1556 = ORIENTED_EDGE ( 'NONE', *, *, #1742, .F. ) ;
#1557 = CARTESIAN_POINT ( 'NONE',  ( -17.49999999999999289, -16.00000000000000000, 19.49999999999999645 ) ) ;
#1558 = CARTESIAN_POINT ( 'NONE',  ( 16.56682910493285021, 23.49592011119014145, 20.71344119080949753 ) ) ;
#1559 = DIRECTION ( 'NONE',  ( 0.000000000000000000, 1.000000000000000000, 0.000000000000000000 ) ) ;
#1560 = CARTESIAN_POINT ( 'NONE',  ( -16.29999999999999005, -16.00000000000000000, 20.30000000000000426 ) ) ;
#1561 = EDGE_CURVE ( 'NONE', #157, #665, #1367, .T. ) ;
#1562 = VECTOR ( 'NONE', #341, 1000.000000000000000 ) ;
#1563 = CIRCLE ( 'NONE', #895, 5.500000000000000000 ) ;
#1564 = EDGE_LOOP ( 'NONE', ( #1003, #1964, #938, #460 ) ) ;
#1565 = EDGE_CURVE ( 'NONE', #661, #628, #1203, .T. ) ;
#1566 = VECTOR ( 'NONE', #2030, 1000.000000000000000 ) ;
#1567 = VERTEX_POINT ( 'NONE', #532 ) ;
#1568 = DIRECTION ( 'NONE',  ( -1.000000000000000000, -0.000000000000000000, -0.000000000000000000 ) ) ;
#1569 = VECTOR ( 'NONE', #1771, 1000.000000000000000 ) ;
#1570 = B_SPLINE_CURVE_WITH_KNOTS ( 'NONE', 3,
 ( #719, #407, #1558, #54, #2053, #2062, #239, #1737, #899, #1395, #2070, #369, #254, #1882, #871, #1542 ),
 .UNSPECIFIED., .F., .F.,
 ( 4, 2, 2, 2, 2, 2, 2, 4 ),
 ( 0.000000000000000000, 0.0003979653593143576886, 0.0007959307186287153772, 0.001193896077943073066, 0.001591861437257430754, 0.002387792155886137458, 0.002785757515200490159, 0.003183722874514842427 ),
 .UNSPECIFIED. ) ;
#1571 = COLOUR_RGB ( '',0.4980392156862745168, 0.4980392156862745168, 0.4980392156862745168 ) ;
#1572 = ORIENTED_EDGE ( 'NONE', *, *, #604, .F. ) ;
#1573 = CARTESIAN_POINT ( 'NONE',  ( -12.49999999999999822, -23.80000000000000071, 28.00000000000000000 ) ) ;
#1574 = CARTESIAN_POINT ( 'NONE',  ( 11.00000000000000000, 21.69999999999999574, 28.00199999999999889 ) ) ;
#1575 = PRODUCT_DEFINITION_SHAPE ( 'NONE', 'NONE',  #1078 ) ;
#1576 = LINE ( 'NONE', #77, #1357 ) ;
#1577 = LINE ( 'NONE', #2037, #1911 ) ;
#1578 = VERTEX_POINT ( 'NONE', #874 ) ;
#1579 = EDGE_CURVE ( 'NONE', #885, #1074, #612, .T. ) ;
#1580 = CARTESIAN_POINT ( 'NONE',  ( -16.29999999999999716, 3.000000000000000888, 20.30000000000000426 ) ) ;
#1581 = EDGE_LOOP ( 'NONE', ( #1480, #181, #282, #1931 ) ) ;
#1582 = ORIENTED_EDGE ( 'NONE', *, *, #2059, .F. ) ;
#1583 = DIRECTION ( 'NONE',  ( 0.000000000000000000, 0.000000000000000000, -1.000000000000000000 ) ) ;
#1584 = DIRECTION ( 'NONE',  ( 0.7071067811865515695, -0.000000000000000000, 0.7071067811865435759 ) ) ;
#1585 = DIRECTION ( 'NONE',  ( 1.000000000000000000, 0.000000000000000000, 0.000000000000000000 ) ) ;
#1586 = ORIENTED_EDGE ( 'NONE', *, *, #295, .F. ) ;
#1587 =( NAMED_UNIT ( * ) PLANE_ANGLE_UNIT ( ) SI_UNIT ( $, .RADIAN. ) );
#1588 = VERTEX_POINT ( 'NONE', #521 ) ;
#1589 = CARTESIAN_POINT ( 'NONE',  ( 18.30000000000000426, -18.00000000000000355, 26.00000000000000355 ) ) ;
#1590 = ADVANCED_BREP_SHAPE_REPRESENTATION ( 'SO102.02.110-01 Board cap leader', ( #549, #1393 ), #755 ) ;
#1591 = ADVANCED_FACE ( 'NONE', ( #340 ), #2040, .F. ) ;
#1592 = ORIENTED_EDGE ( 'NONE', *, *, #1133, .F. ) ;
#1593 = CARTESIAN_POINT ( 'NONE',  ( -11.00000000000000000, 23.69999999999999929, 20.69999999999999929 ) ) ;
#1594 = EDGE_CURVE ( 'NONE', #1652, #1453, #680, .T. ) ;
#1595 = CARTESIAN_POINT ( 'NONE',  ( 12.50000000000000000, -23.80000000000000071, 26.00000000000000355 ) ) ;
#1596 = B_SPLINE_CURVE_WITH_KNOTS ( 'NONE', 3,
 ( #1958, #682, #1120, #1807, #1702, #1858, #354, #1818, #302, #2128, #963, #2031, #630, #620, #452, #865 ),
 .UNSPECIFIED., .F., .F.,
 ( 4, 2, 2, 2, 2, 2, 2, 4 ),
 ( 0.000000000000000000, 0.0003943751495910742598, 0.0007887502991821485196, 0.001183125448773222725, 0.001577500598364297039, 0.002366250897546445450, 0.002760626047137519981, 0.003155001196728594078 ),
 .UNSPECIFIED. ) ;
#1597 = LINE ( 'NONE', #2085, #1989 ) ;
#1598 = CARTESIAN_POINT ( 'NONE',  ( 9.999999999999998224, 23.69999999999999929, 19.50000000000000355 ) ) ;
#1599 = AXIS2_PLACEMENT_3D ( 'NONE', #387, #1056, #2086 ) ;
#1600 = ORIENTED_EDGE ( 'NONE', *, *, #1091, .T. ) ;
#1601 = ORIENTED_EDGE ( 'NONE', *, *, #1966, .F. ) ;
#1602 = VECTOR ( 'NONE', #1663, 1000.000000000000114 ) ;
#1603 = ORIENTED_EDGE ( 'NONE', *, *, #1235, .T. ) ;
#1604 = LINE ( 'NONE', #1434, #1387 ) ;
#1605 = AXIS2_PLACEMENT_3D ( 'NONE', #1691, #192, #850 ) ;
#1606 = VECTOR ( 'NONE', #187, 1000.000000000000000 ) ;
#1607 = VERTEX_POINT ( 'NONE', #1007 ) ;
#1608 = DIRECTION ( 'NONE',  ( -0.7071067811865457964, 0.000000000000000000, -0.7071067811865492381 ) ) ;
#1609 = CARTESIAN_POINT ( 'NONE',  ( 17.49999999999999645, 12.00000000000000000, 19.49999999999999645 ) ) ;
#1610 = ADVANCED_FACE ( 'NONE', ( #1184 ), #1039, .F. ) ;
#1611 = CARTESIAN_POINT ( 'NONE',  ( -17.49999999999999289, -11.99999999999999822, 26.00000000000000355 ) ) ;
#1612 = DIRECTION ( 'NONE',  ( 0.000000000000000000, 1.000000000000000000, 0.000000000000000000 ) ) ;
#1613 = VERTEX_POINT ( 'NONE', #215 ) ;
#1614 = CARTESIAN_POINT ( 'NONE',  ( -17.49999999999999645, 7.000000000000000888, 26.00000000000000355 ) ) ;
#1615 = ORIENTED_EDGE ( 'NONE', *, *, #1579, .T. ) ;
#1616 = CYLINDRICAL_SURFACE ( 'NONE', #309, 7.500000000000000000 ) ;
#1617 = VERTEX_POINT ( 'NONE', #1213 ) ;
#1618 = CARTESIAN_POINT ( 'NONE',  ( -18.29999999999999716, -18.00000000000000355, 28.00000000000000000 ) ) ;
#1619 = CARTESIAN_POINT ( 'NONE',  ( -18.19999999999999574, 3.000000000000000888, 20.89999999999999858 ) ) ;
#1620 = DIRECTION ( 'NONE',  ( 0.000000000000000000, -1.000000000000000000, 0.000000000000000000 ) ) ;
#1621 = FACE_OUTER_BOUND ( 'NONE', #1898, .T. ) ;
#1622 = EDGE_CURVE ( 'NONE', #1778, #2075, #1682, .T. ) ;
#1623 = ORIENTED_EDGE ( 'NONE', *, *, #1862, .F. ) ;
#1624 = ADVANCED_FACE ( 'NONE', ( #1513 ), #14, .T. ) ;
#1625 = VERTEX_POINT ( 'NONE', #1000 ) ;
#1626 = CARTESIAN_POINT ( 'NONE',  ( -17.49999999999999645, 3.000000000000000888, 19.49999999999999645 ) ) ;
#1627 = VERTEX_POINT ( 'NONE', #816 ) ;
#1628 = CARTESIAN_POINT ( 'NONE',  ( -18.19999999999999218, -11.99999999999999822, 20.89999999999999858 ) ) ;
#1629 = DIRECTION ( 'NONE',  ( 0.7071067811865475727, -0.000000000000000000, 0.7071067811865475727 ) ) ;
#1630 = DIRECTION ( 'NONE',  ( -1.000000000000000000, -1.445602896647339163E-16, 0.000000000000000000 ) ) ;
#1631 = CARTESIAN_POINT ( 'NONE',  ( 18.19999999999999574, 16.00000000000000000, 20.19999999999999929 ) ) ;
#1632 = LINE ( 'NONE', #623, #969 ) ;
#1633 = DIRECTION ( 'NONE',  ( 0.000000000000000000, 0.000000000000000000, -1.000000000000000000 ) ) ;
#1634 = ADVANCED_FACE ( 'NONE', ( #1837 ), #807, .T. ) ;
#1635 = ORIENTED_EDGE ( 'NONE', *, *, #1176, .T. ) ;
#1636 = VECTOR ( 'NONE', #1708, 1000.000000000000114 ) ;
#1637 = EDGE_CURVE ( 'NONE', #458, #1506, #1781, .T. ) ;
#1638 = ORIENTED_EDGE ( 'NONE', *, *, #579, .F. ) ;
#1639 = DIRECTION ( 'NONE',  ( 0.000000000000000000, 0.000000000000000000, 1.000000000000000000 ) ) ;
#1640 = AXIS2_PLACEMENT_3D ( 'NONE', #1736, #394, #1060 ) ;
#1641 = VERTEX_POINT ( 'NONE', #2130 ) ;
#1642 = DIRECTION ( 'NONE',  ( -0.7071067811865457964, 0.000000000000000000, -0.7071067811865492381 ) ) ;
#1643 = AXIS2_PLACEMENT_3D ( 'NONE', #770, #1568, #73 ) ;
#1644 = VECTOR ( 'NONE', #1375, 1000.000000000000114 ) ;
#1645 = CARTESIAN_POINT ( 'NONE',  ( -16.29999999999999005, -16.00000000000000000, 19.50000000000000000 ) ) ;
#1646 = CARTESIAN_POINT ( 'NONE',  ( -17.10000000000000142, -16.00000000000000000, 19.49999999999999645 ) ) ;
#1647 = VECTOR ( 'NONE', #511, 1000.000000000000000 ) ;
#1648 = DIRECTION ( 'NONE',  ( 0.000000000000000000, 0.000000000000000000, 1.000000000000000000 ) ) ;
#1649 = VERTEX_POINT ( 'NONE', #1178 ) ;
#1650 = CARTESIAN_POINT ( 'NONE',  ( -17.10000000000000142, -16.00000000000000000, 19.49999999999999645 ) ) ;
#1651 = EDGE_CURVE ( 'NONE', #1468, #531, #968, .T. ) ;
#1652 = VERTEX_POINT ( 'NONE', #148 ) ;
#1653 = LINE ( 'NONE', #1358, #614 ) ;
#1654 = CARTESIAN_POINT ( 'NONE',  ( -18.19999999999999218, -16.00000000000000000, 20.89999999999999858 ) ) ;
#1655 = LINE ( 'NONE', #1371, #1210 ) ;
#1656 = DIRECTION ( 'NONE',  ( 0.000000000000000000, 1.000000000000000000, 0.000000000000000000 ) ) ;
#1657 = DIRECTION ( 'NONE',  ( 0.7071067811865474617, -0.000000000000000000, 0.7071067811865474617 ) ) ;
#1658 = ORIENTED_EDGE ( 'NONE', *, *, #1216, .F. ) ;
#1659 = FACE_OUTER_BOUND ( 'NONE', #290, .T. ) ;
#1660 = VERTEX_POINT ( 'NONE', #1478 ) ;
#1661 = CARTESIAN_POINT ( 'NONE',  ( -16.29999999999999005, -16.00000000000000000, 19.50000000000000000 ) ) ;
#1662 = EDGE_CURVE ( 'NONE', #2039, #1255, #335, .T. ) ;
#1663 = DIRECTION ( 'NONE',  ( -0.7071067811865474617, -0.000000000000000000, 0.7071067811865474617 ) ) ;
#1664 = EDGE_CURVE ( 'NONE', #1698, #661, #9, .T. ) ;
#1665 = DIRECTION ( 'NONE',  ( -1.000000000000000000, 0.000000000000000000, 0.000000000000000000 ) ) ;
#1666 = DIRECTION ( 'NONE',  ( 0.7071067811865457964, 0.000000000000000000, -0.7071067811865492381 ) ) ;
#1667 = ORIENTED_EDGE ( 'NONE', *, *, #208, .T. ) ;
#1668 = ORIENTED_EDGE ( 'NONE', *, *, #942, .F. ) ;
#1669 = DIRECTION ( 'NONE',  ( 0.000000000000000000, -1.000000000000000000, 0.000000000000000000 ) ) ;
#1670 = FACE_OUTER_BOUND ( 'NONE', #1987, .T. ) ;
#1671 = ORIENTED_EDGE ( 'NONE', *, *, #1692, .F. ) ;
#1672 = VECTOR ( 'NONE', #1897, 1000.000000000000000 ) ;
#1673 = VECTOR ( 'NONE', #525, 1000.000000000000000 ) ;
#1674 = LINE ( 'NONE', #823, #646 ) ;
#1675 = VECTOR ( 'NONE', #1845, 1000.000000000000000 ) ;
#1676 = EDGE_CURVE ( 'NONE', #1681, #1758, #836, .T. ) ;
#1677 = DIRECTION ( 'NONE',  ( -1.000000000000000000, -1.445602896647339163E-16, 0.000000000000000000 ) ) ;
#1678 = DIRECTION ( 'NONE',  ( 0.000000000000000000, 1.000000000000000000, 0.000000000000000000 ) ) ;
#1679 = VECTOR ( 'NONE', #1466, 1000.000000000000000 ) ;
#1680 = ORIENTED_EDGE ( 'NONE', *, *, #227, .F. ) ;
#1681 = VERTEX_POINT ( 'NONE', #486 ) ;
#1682 = LINE ( 'NONE', #182, #377 ) ;
#1683 = ORIENTED_EDGE ( 'NONE', *, *, #1757, .F. ) ;
#1684 = CARTESIAN_POINT ( 'NONE',  ( 18.28792768982309269, 25.24426224743536551, 22.44611798638243272 ) ) ;
#1685 = CARTESIAN_POINT ( 'NONE',  ( 17.50000000000000355, -11.99999999999999822, 21.60000000000000142 ) ) ;
#1686 = CARTESIAN_POINT ( 'NONE',  ( 28.90660171779821397, 25.49733285909063341, 20.69999999999999929 ) ) ;
#1687 = CARTESIAN_POINT ( 'NONE',  ( -17.10000000000000853, 3.000000000000000888, 19.49999999999999645 ) ) ;
#1688 = ORIENTED_EDGE ( 'NONE', *, *, #601, .F. ) ;
#1689 = ADVANCED_FACE ( 'NONE', ( #474 ), #792, .T. ) ;
#1690 = ORIENTED_EDGE ( 'NONE', *, *, #543, .T. ) ;
#1691 = CARTESIAN_POINT ( 'NONE',  ( 0.000000000000000000, 0.000000000000000000, 18.50000000000000355 ) ) ;
#1692 = EDGE_CURVE ( 'NONE', #91, #2015, #1632, .T. ) ;
#1693 = PLANE ( 'NONE',  #1423 ) ;
#1694 = ORIENTED_EDGE ( 'NONE', *, *, #332, .F. ) ;
#1695 = DIRECTION ( 'NONE',  ( 0.000000000000000000, 0.000000000000000000, -1.000000000000000000 ) ) ;
#1696 = CARTESIAN_POINT ( 'NONE',  ( 17.49999999999999645, 12.00000000000000355, 26.00000000000000355 ) ) ;
#1697 = CARTESIAN_POINT ( 'NONE',  ( -17.49999999999999289, -11.99999999999999822, 21.60000000000000142 ) ) ;
#1698 = VERTEX_POINT ( 'NONE', #1145 ) ;
#1699 = VERTEX_POINT ( 'NONE', #1338 ) ;
#1700 = CARTESIAN_POINT ( 'NONE',  ( -4.999999999999997335, 18.00000000000000711, 20.50000000000000000 ) ) ;
#1701 = EDGE_CURVE ( 'NONE', #696, #1264, #2160, .T. ) ;
#1702 = CARTESIAN_POINT ( 'NONE',  ( -16.95049147847335647, 25.49400568206528561, 20.80412526661185879 ) ) ;
#1703 = ORIENTED_EDGE ( 'NONE', *, *, #752, .F. ) ;
#1704 = LINE ( 'NONE', #715, #546 ) ;
#1705 = VECTOR ( 'NONE', #1297, 1000.000000000000000 ) ;
#1706 = DIRECTION ( 'NONE',  ( 0.7071067811865474617, -0.000000000000000000, -0.7071067811865474617 ) ) ;
#1707 = VECTOR ( 'NONE', #1657, 1000.000000000000114 ) ;
#1708 = DIRECTION ( 'NONE',  ( 0.7071067811865457964, 0.000000000000000000, -0.7071067811865492381 ) ) ;
#1709 = AXIS2_PLACEMENT_3D ( 'NONE', #464, #275, #113 ) ;
#1710 = LINE ( 'NONE', #349, #279 ) ;
#1711 = CARTESIAN_POINT ( 'NONE',  ( 9.999999999999998224, 0.000000000000000000, 19.50000000000000355 ) ) ;
#1712 = VECTOR ( 'NONE', #1841, 1000.000000000000000 ) ;
#1713 = VECTOR ( 'NONE', #1993, 1000.000000000000000 ) ;
#1714 = ORIENTED_EDGE ( 'NONE', *, *, #1701, .F. ) ;
#1715 = CARTESIAN_POINT ( 'NONE',  ( 17.10000000000001563, -16.00000000000000000, 19.49999999999999645 ) ) ;
#1716 = CARTESIAN_POINT ( 'NONE',  ( 17.49999999999999645, 12.00000000000000000, 19.49999999999999645 ) ) ;
#1717 = VERTEX_POINT ( 'NONE', #1499 ) ;
#1718 = EDGE_CURVE ( 'NONE', #1725, #492, #325, .T. ) ;
#1719 = CARTESIAN_POINT ( 'NONE',  ( 18.29999999999999716, 23.04083326445143243, 22.69999999999999929 ) ) ;
#1720 = PLANE ( 'NONE',  #137 ) ;
#1721 = DIRECTION ( 'NONE',  ( -0.000000000000000000, -1.000000000000000000, -0.000000000000000000 ) ) ;
#1722 = DIRECTION ( 'NONE',  ( 0.000000000000000000, 0.000000000000000000, -1.000000000000000000 ) ) ;
#1723 = ORIENTED_EDGE ( 'NONE', *, *, #1121, .F. ) ;
#1724 = APPLICATION_PROTOCOL_DEFINITION ( 'draft international standard', 'automotive_design', 1998, #1329 ) ;
#1725 = VERTEX_POINT ( 'NONE', #163 ) ;
#1726 = PRODUCT_DEFINITION_CONTEXT ( 'detailed design', #1445, 'design' ) ;
#1727 = ADVANCED_FACE ( 'NONE', ( #655 ), #1326, .T. ) ;
#1728 = DIRECTION ( 'NONE',  ( 0.7071067811865492381, -0.000000000000000000, 0.7071067811865457964 ) ) ;
#1729 = DIRECTION ( 'NONE',  ( 1.927470528863118802E-16, -1.000000000000000000, 0.000000000000000000 ) ) ;
#1730 = CARTESIAN_POINT ( 'NONE',  ( 5.000000000000000000, 23.69999999999999929, 19.50000000000000355 ) ) ;
#1731 = EDGE_CURVE ( 'NONE', #2015, #955, #953, .T. ) ;
#1732 = ORIENTED_EDGE ( 'NONE', *, *, #125, .F. ) ;
#1733 = DIRECTION ( 'NONE',  ( 0.7071067811865457964, 0.000000000000000000, -0.7071067811865492381 ) ) ;
#1734 = ORIENTED_EDGE ( 'NONE', *, *, #931, .F. ) ;
#1735 = ORIENTED_EDGE ( 'NONE', *, *, #647, .T. ) ;
#1736 = CARTESIAN_POINT ( 'NONE',  ( 17.49999999999999645, 12.00000000000000000, 21.60000000000000142 ) ) ;
#1737 = CARTESIAN_POINT ( 'NONE',  ( 17.53789431303308177, 23.46506353346022067, 21.12351182139310168 ) ) ;
#1738 = PLANE ( 'NONE',  #2027 ) ;
#1739 =( NAMED_UNIT ( * ) PLANE_ANGLE_UNIT ( ) SI_UNIT ( $, .RADIAN. ) );
#1740 = LINE ( 'NONE', #1407, #1879 ) ;
#1741 = CIRCLE ( 'NONE', #824, 5.499999999999998224 ) ;
#1742 = EDGE_CURVE ( 'NONE', #391, #1821, #1296, .T. ) ;
#1743 = VECTOR ( 'NONE', #1188, 1000.000000000000000 ) ;
#1744 = ORIENTED_EDGE ( 'NONE', *, *, #1553, .F. ) ;
#1745 = VECTOR ( 'NONE', #93, 1000.000000000000000 ) ;
#1746 = DIRECTION ( 'NONE',  ( -1.000000000000000000, 0.000000000000000000, 0.000000000000000000 ) ) ;
#1747 = ORIENTED_EDGE ( 'NONE', *, *, #29, .T. ) ;
#1748 = DIRECTION ( 'NONE',  ( 1.927470528863118802E-16, -1.000000000000000000, 0.000000000000000000 ) ) ;
#1749 = AXIS2_PLACEMENT_3D ( 'NONE', #1829, #663, #495 ) ;
#1750 = VERTEX_POINT ( 'NONE', #1552 ) ;
#1751 = CARTESIAN_POINT ( 'NONE',  ( 14.30000000000003091, -11.99999999999999822, 26.00000000000000355 ) ) ;
#1752 = LINE ( 'NONE', #729, #1636 ) ;
#1753 = CARTESIAN_POINT ( 'NONE',  ( -6.000000000000000000, 21.69999999999999574, 19.50000000000000355 ) ) ;
#1754 = LINE ( 'NONE', #914, #716 ) ;
#1755 = ORIENTED_EDGE ( 'NONE', *, *, #1937, .T. ) ;
#1756 =( NAMED_UNIT ( * ) PLANE_ANGLE_UNIT ( ) SI_UNIT ( $, .RADIAN. ) );
#1757 = EDGE_CURVE ( 'NONE', #958, #328, #880, .T. ) ;
#1758 = VERTEX_POINT ( 'NONE', #1380 ) ;
#1759 = LINE ( 'NONE', #2111, #829 ) ;
#1760 = ORIENTED_EDGE ( 'NONE', *, *, #1045, .F. ) ;
#1761 = CARTESIAN_POINT ( 'NONE',  ( -18.30000000000000426, 18.00000000000000355, 20.50000000000000000 ) ) ;
#1762 = DIRECTION ( 'NONE',  ( 0.7071067811865435759, 0.000000000000000000, -0.7071067811865515695 ) ) ;
#1763 = CARTESIAN_POINT ( 'NONE',  ( 18.30000000000000426, -18.00000000000000355, 26.00000000000000355 ) ) ;
#1764 = ORIENTED_EDGE ( 'NONE', *, *, #297, .F. ) ;
#1765 = ORIENTED_EDGE ( 'NONE', *, *, #1692, .T. ) ;
#1766 = VERTEX_POINT ( 'NONE', #198 ) ;
#1767 = CARTESIAN_POINT ( 'NONE',  ( 18.30000000000000426, -18.00000000000000355, 28.00000000000000000 ) ) ;
#1768 = ADVANCED_FACE ( 'NONE', ( #845 ), #1872, .F. ) ;
#1769 = ORIENTED_EDGE ( 'NONE', *, *, #890, .T. ) ;
#1770 = DIRECTION ( 'NONE',  ( 0.000000000000000000, 1.000000000000000000, 0.000000000000000000 ) ) ;
#1771 = DIRECTION ( 'NONE',  ( 0.000000000000000000, 1.000000000000000000, 0.000000000000000000 ) ) ;
#1772 = LINE ( 'NONE', #453, #1777 ) ;
#1773 = CARTESIAN_POINT ( 'NONE',  ( 18.29999999999999716, 18.00000000000001066, 20.50000000000000000 ) ) ;
#1774 = VECTOR ( 'NONE', #411, 1000.000000000000000 ) ;
#1775 = LINE ( 'NONE', #457, #1705 ) ;
#1776 = VECTOR ( 'NONE', #1842, 1000.000000000000000 ) ;
#1777 = VECTOR ( 'NONE', #1797, 1000.000000000000114 ) ;
#1778 = VERTEX_POINT ( 'NONE', #2063 ) ;
#1779 = PLANE ( 'NONE',  #103 ) ;
#1780 = VECTOR ( 'NONE', #587, 1000.000000000000000 ) ;
#1781 = CIRCLE ( 'NONE', #550, 7.500000000000000000 ) ;
#1782 = EDGE_LOOP ( 'NONE', ( #2152, #231, #318, #27, #250, #769 ) ) ;
#1783 = CARTESIAN_POINT ( 'NONE',  ( -17.82656549973214766, 23.42652120954333839, 21.40113469382348299 ) ) ;
#1784 = EDGE_CURVE ( 'NONE', #1941, #2120, #516, .T. ) ;
#1785 = DIRECTION ( 'NONE',  ( 0.7071067811865492381, 0.000000000000000000, -0.7071067811865457964 ) ) ;
#1786 = LINE ( 'NONE', #100, #277 ) ;
#1787 = EDGE_CURVE ( 'NONE', #2125, #1308, #1009, .T. ) ;
#1788 = DIRECTION ( 'NONE',  ( 0.000000000000000000, 0.000000000000000000, -1.000000000000000000 ) ) ;
#1789 = EDGE_LOOP ( 'NONE', ( #1810, #224, #362, #919 ) ) ;
#1790 = VERTEX_POINT ( 'NONE', #370 ) ;
#1791 = VERTEX_POINT ( 'NONE', #1730 ) ;
#1792 = DIRECTION ( 'NONE',  ( -0.7071067811865426878, 0.000000000000000000, 0.7071067811865524577 ) ) ;
#1793 = ORIENTED_EDGE ( 'NONE', *, *, #2035, .T. ) ;
#1794 = CARTESIAN_POINT ( 'NONE',  ( -17.49999999999999289, -16.00000000000000000, 21.60000000000000142 ) ) ;
#1795 = EDGE_CURVE ( 'NONE', #391, #940, #1350, .T. ) ;
#1796 = PLANE ( 'NONE',  #2090 ) ;
#1797 = DIRECTION ( 'NONE',  ( -0.7071067811865457964, 0.000000000000000000, -0.7071067811865492381 ) ) ;
#1798 = CARTESIAN_POINT ( 'NONE',  ( -5.000000000000000000, 23.69999999999999929, 28.00199999999999889 ) ) ;
#1799 = ADVANCED_FACE ( 'NONE', ( #527 ), #55, .T. ) ;
#1800 = CARTESIAN_POINT ( 'NONE',  ( -17.49999999999999645, 7.000000000000000888, 19.49999999999999645 ) ) ;
#1801 = ORIENTED_EDGE ( 'NONE', *, *, #29, .F. ) ;
#1802 = ORIENTED_EDGE ( 'NONE', *, *, #1890, .F. ) ;
#1803 = ORIENTED_EDGE ( 'NONE', *, *, #2079, .T. ) ;
#1804 = FACE_OUTER_BOUND ( 'NONE', #637, .T. ) ;
#1805 = EDGE_LOOP ( 'NONE', ( #1020, #1895, #36, #1017, #1694, #259 ) ) ;
#1806 = CARTESIAN_POINT ( 'NONE',  ( 18.04458074394528921, 25.40203558966446096, 21.71330738383013070 ) ) ;
#1807 = CARTESIAN_POINT ( 'NONE',  ( -16.82233572520933507, 25.49536371214889030, 20.76493897955216283 ) ) ;
#1808 = CARTESIAN_POINT ( 'NONE',  ( -9.999999999999998224, 23.69999999999999929, 19.50000000000000355 ) ) ;
#1809 = PLANE ( 'NONE',  #1100 ) ;
#1810 = ORIENTED_EDGE ( 'NONE', *, *, #881, .T. ) ;
#1811 = EDGE_CURVE ( 'NONE', #1221, #1588, #46, .T. ) ;
#1812 = CIRCLE ( 'NONE', #338, 1.000000000000000888 ) ;
#1813 = EDGE_LOOP ( 'NONE', ( #484, #1192, #48, #1446 ) ) ;
#1814 = DIRECTION ( 'NONE',  ( 1.000000000000000000, -0.000000000000000000, 0.000000000000000000 ) ) ;
#1815 = AXIS2_PLACEMENT_3D ( 'NONE', #1378, #2051, #1219 ) ;
#1816 = ORIENTED_EDGE ( 'NONE', *, *, #1511, .F. ) ;
#1817 = VECTOR ( 'NONE', #1965, 1000.000000000000114 ) ;
#1818 = CARTESIAN_POINT ( 'NONE',  ( -17.52856086400451119, 25.47499951808415375, 21.11632514437480523 ) ) ;
#1819 = CARTESIAN_POINT ( 'NONE',  ( -16.29999999999999005, -16.00000000000000000, 26.00000000000000355 ) ) ;
#1820 = PLANE ( 'NONE',  #133 ) ;
#1821 = VERTEX_POINT ( 'NONE', #1894 ) ;
#1822 = DIRECTION ( 'NONE',  ( 0.000000000000000000, -1.000000000000000000, 0.000000000000000000 ) ) ;
#1823 = EDGE_CURVE ( 'NONE', #1360, #415, #560, .T. ) ;
#1824 = EDGE_LOOP ( 'NONE', ( #1855, #1435, #649, #2049 ) ) ;
#1825 = LINE ( 'NONE', #984, #864 ) ;
#1826 = EDGE_CURVE ( 'NONE', #897, #94, #1710, .T. ) ;
#1827 = ORIENTED_EDGE ( 'NONE', *, *, #1784, .T. ) ;
#1828 = CARTESIAN_POINT ( 'NONE',  ( -18.19999999999999218, -11.99999999999999822, 20.89999999999999858 ) ) ;
#1829 = CARTESIAN_POINT ( 'NONE',  ( 11.00000000000000000, 23.69999999999999929, 28.00199999999999889 ) ) ;
#1830 = CARTESIAN_POINT ( 'NONE',  ( -16.30000000000000071, 23.49636243346452247, 20.69999999999999929 ) ) ;
#1831 = EDGE_LOOP ( 'NONE', ( #150, #87, #1929, #1635 ) ) ;
#1832 = ORIENTED_EDGE ( 'NONE', *, *, #672, .T. ) ;
#1833 = CARTESIAN_POINT ( 'NONE',  ( -17.49999999999999645, 3.000000000000000888, 26.00000000000000355 ) ) ;
#1834 = EDGE_LOOP ( 'NONE', ( #595, #1803, #383, #971, #819, #2077 ) ) ;
#1835 = EDGE_CURVE ( 'NONE', #1941, #2064, #888, .T. ) ;
#1836 = LINE ( 'NONE', #1325, #442 ) ;
#1837 = FACE_OUTER_BOUND ( 'NONE', #1126, .T. ) ;
#1838 = DIRECTION ( 'NONE',  ( 1.927470528863118802E-16, -1.000000000000000000, 0.000000000000000000 ) ) ;
#1839 = ORIENTED_EDGE ( 'NONE', *, *, #364, .F. ) ;
#1840 = ORIENTED_EDGE ( 'NONE', *, *, #1811, .T. ) ;
#1841 = DIRECTION ( 'NONE',  ( 0.000000000000000000, 0.000000000000000000, -1.000000000000000000 ) ) ;
#1842 = DIRECTION ( 'NONE',  ( -1.000000000000000000, -0.000000000000000000, -0.000000000000000000 ) ) ;
#1843 = CIRCLE ( 'NONE', #642, 5.799999999999999822 ) ;
#1844 = ORIENTED_EDGE ( 'NONE', *, *, #1442, .T. ) ;
#1845 = DIRECTION ( 'NONE',  ( 0.000000000000000000, -1.000000000000000000, 0.000000000000000000 ) ) ;
#1846 = VECTOR ( 'NONE', #1733, 1000.000000000000114 ) ;
#1847 = VECTOR ( 'NONE', #1097, 1000.000000000000000 ) ;
#1848 = EDGE_CURVE ( 'NONE', #1999, #166, #1518, .T. ) ;
#1849 = LINE ( 'NONE', #2137, #1460 ) ;
#1850 = AXIS2_PLACEMENT_3D ( 'NONE', #49, #509, #24 ) ;
#1851 = DIRECTION ( 'NONE',  ( -1.000000000000000000, 0.000000000000000000, 2.891205793294679411E-15 ) ) ;
#1852 = EDGE_CURVE ( 'NONE', #2075, #2120, #2025, .T. ) ;
#1853 = DIRECTION ( 'NONE',  ( 0.000000000000000000, 1.000000000000000000, 0.000000000000000000 ) ) ;
#1854 = VECTOR ( 'NONE', #1656, 1000.000000000000000 ) ;
#1855 = ORIENTED_EDGE ( 'NONE', *, *, #631, .T. ) ;
#1856 = ORIENTED_EDGE ( 'NONE', *, *, #1848, .F. ) ;
#1857 = DIRECTION ( 'NONE',  ( 0.000000000000000000, 0.000000000000000000, -1.000000000000000000 ) ) ;
#1858 = CARTESIAN_POINT ( 'NONE',  ( -17.19439874707992288, 25.48916366915017306, 20.90625223359361584 ) ) ;
#1859 = ORIENTED_EDGE ( 'NONE', *, *, #1334, .F. ) ;
#1860 = LINE ( 'NONE', #2033, #173 ) ;
#1861 = CARTESIAN_POINT ( 'NONE',  ( -9.999999999999998224, 0.000000000000000000, 19.50000000000000355 ) ) ;
#1862 = EDGE_CURVE ( 'NONE', #1758, #199, #1863, .T. ) ;
#1863 = LINE ( 'NONE', #358, #797 ) ;
#1864 = DIRECTION ( 'NONE',  ( 0.7071067811865475727, -0.000000000000000000, 0.7071067811865475727 ) ) ;
#1865 = ORIENTED_EDGE ( 'NONE', *, *, #1862, .T. ) ;
#1866 = EDGE_CURVE ( 'NONE', #909, #1094, #1023, .T. ) ;
#1867 = ORIENTED_EDGE ( 'NONE', *, *, #1225, .T. ) ;
#1868 = DIRECTION ( 'NONE',  ( 0.000000000000000000, 1.000000000000000000, 0.000000000000000000 ) ) ;
#1869 = LINE ( 'NONE', #1186, #651 ) ;
#1870 = ORIENTED_EDGE ( 'NONE', *, *, #1165, .F. ) ;
#1871 = DIRECTION ( 'NONE',  ( -1.000000000000000000, 0.000000000000000000, 0.000000000000000000 ) ) ;
#1872 = PLANE ( 'NONE',  #1285 ) ;
#1873 = DIRECTION ( 'NONE',  ( 0.000000000000000000, 1.000000000000000000, 0.000000000000000000 ) ) ;
#1874 = EDGE_LOOP ( 'NONE', ( #159, #13, #22, #1335 ) ) ;
#1875 = EDGE_CURVE ( 'NONE', #58, #2008, #1530, .T. ) ;
#1876 = ORIENTED_EDGE ( 'NONE', *, *, #348, .F. ) ;
#1877 = LINE ( 'NONE', #1342, #1644 ) ;
#1878 = ORIENTED_EDGE ( 'NONE', *, *, #1458, .F. ) ;
#1879 = VECTOR ( 'NONE', #243, 1000.000000000000000 ) ;
#1880 = DIRECTION ( 'NONE',  ( -0.7071067811865515695, -0.000000000000000000, -0.7071067811865435759 ) ) ;
#1881 = AXIS2_PLACEMENT_3D ( 'NONE', #675, #1864, #1488 ) ;
#1882 = CARTESIAN_POINT ( 'NONE',  ( 18.28869731061768533, 23.14328662504771827, 22.45292852654246474 ) ) ;
#1883 = AXIS2_PLACEMENT_3D ( 'NONE', #1540, #1047, #75 ) ;
#1884 = LINE ( 'NONE', #380, #66 ) ;
#1885 = CARTESIAN_POINT ( 'NONE',  ( 18.20000000000000284, -11.99999999999999822, 20.89999999999999858 ) ) ;
#1886 = AXIS2_PLACEMENT_3D ( 'NONE', #151, #811, #329 ) ;
#1887 = VECTOR ( 'NONE', #773, 1000.000000000000000 ) ;
#1888 = ORIENTED_EDGE ( 'NONE', *, *, #724, .F. ) ;
#1889 = FACE_OUTER_BOUND ( 'NONE', #214, .T. ) ;
#1890 = EDGE_CURVE ( 'NONE', #1453, #1273, #1362, .T. ) ;
#1891 = ORIENTED_EDGE ( 'NONE', *, *, #2035, .F. ) ;
#1892 = CARTESIAN_POINT ( 'NONE',  ( 14.30000000000002380, 12.00000000000000000, 26.00000000000000355 ) ) ;
#1893 = FACE_OUTER_BOUND ( 'NONE', #1581, .T. ) ;
#1894 = CARTESIAN_POINT ( 'NONE',  ( 16.29999999999999361, 23.49636243346452602, 20.69999999999999929 ) ) ;
#1895 = ORIENTED_EDGE ( 'NONE', *, *, #1875, .F. ) ;
#1896 = FILL_AREA_STYLE_COLOUR ( '', #1571 ) ;
#1897 = DIRECTION ( 'NONE',  ( -1.000000000000000000, 0.000000000000000000, 2.891205793294679411E-15 ) ) ;
#1898 = EDGE_LOOP ( 'NONE', ( #189, #1409, #1212, #767, #1118, #1601, #563, #419, #1256, #1079, #330, #497, #1307, #1472 ) ) ;
#1899 = DIRECTION ( 'NONE',  ( -2.891205793294679411E-15, 0.000000000000000000, 1.000000000000000000 ) ) ;
#1900 = EDGE_CURVE ( 'NONE', #1790, #777, #1884, .T. ) ;
#1901 = CARTESIAN_POINT ( 'NONE',  ( -16.30000000000000071, 18.00000000000000355, 22.69999999999999929 ) ) ;
#1902 = FACE_OUTER_BOUND ( 'NONE', #252, .T. ) ;
#1903 = DIRECTION ( 'NONE',  ( -0.7071067811865475727, 0.000000000000000000, 0.7071067811865475727 ) ) ;
#1904 = ORIENTED_EDGE ( 'NONE', *, *, #1826, .T. ) ;
#1905 = EDGE_LOOP ( 'NONE', ( #481, #1399, #1258, #1050 ) ) ;
#1906 = FACE_OUTER_BOUND ( 'NONE', #1834, .T. ) ;
#1907 = ORIENTED_EDGE ( 'NONE', *, *, #180, .F. ) ;
#1908 = CARTESIAN_POINT ( 'NONE',  ( -16.43456279658215990, 23.49636243346452602, 20.69999999999999574 ) ) ;
#1909 = EDGE_CURVE ( 'NONE', #1578, #456, #2114, .T. ) ;
#1910 = DIRECTION ( 'NONE',  ( 0.000000000000000000, 0.000000000000000000, -1.000000000000000000 ) ) ;
#1911 = VECTOR ( 'NONE', #1544, 1000.000000000000114 ) ;
#1912 = PLANE ( 'NONE',  #746 ) ;
#1913 = CARTESIAN_POINT ( 'NONE',  ( -9.999999999999998224, 21.69999999999999574, 18.50000000000000355 ) ) ;
#1914 = VECTOR ( 'NONE', #606, 1000.000000000000000 ) ;
#1915 = ADVANCED_FACE ( 'NONE', ( #1077 ), #1738, .T. ) ;
#1916 = AXIS2_PLACEMENT_3D ( 'NONE', #1700, #2016, #1857 ) ;
#1917 = ORIENTED_EDGE ( 'NONE', *, *, #1787, .F. ) ;
#1918 = VECTOR ( 'NONE', #1924, 1000.000000000000000 ) ;
#1919 = EDGE_LOOP ( 'NONE', ( #72, #399, #1856, #1955, #1547, #372, #499, #1839, #4 ) ) ;
#1920 = DIRECTION ( 'NONE',  ( 0.000000000000000000, 0.000000000000000000, -1.000000000000000000 ) ) ;
#1921 = AXIS2_PLACEMENT_3D ( 'NONE', #2002, #503, #1851 ) ;
#1922 = ORIENTED_EDGE ( 'NONE', *, *, #230, .F. ) ;
#1923 = CARTESIAN_POINT ( 'NONE',  ( -17.55039626792739682, 23.46865473381582490, 21.11686311160435991 ) ) ;
#1924 = DIRECTION ( 'NONE',  ( 0.000000000000000000, 0.000000000000000000, 1.000000000000000000 ) ) ;
#1925 = CARTESIAN_POINT ( 'NONE',  ( 28.90660171779821397, 25.50000000000000711, 20.69999999999999929 ) ) ;
#1926 = CARTESIAN_POINT ( 'NONE',  ( -17.49999999999999645, 3.000000000000000888, 21.60000000000000142 ) ) ;
#1927 = VERTEX_POINT ( 'NONE', #2072 ) ;
#1928 = ADVANCED_FACE ( 'NONE', ( #409 ), #112, .F. ) ;
#1929 = ORIENTED_EDGE ( 'NONE', *, *, #1718, .T. ) ;
#1930 = CARTESIAN_POINT ( 'NONE',  ( -18.19999999999999574, 3.000000000000000888, 20.89999999999999858 ) ) ;
#1931 = ORIENTED_EDGE ( 'NONE', *, *, #2010, .F. ) ;
#1932 = CARTESIAN_POINT ( 'NONE',  ( 11.00000000000000000, 23.69999999999999929, 19.50000000000000355 ) ) ;
#1933 = CARTESIAN_POINT ( 'NONE',  ( 11.00000000000000000, 18.00000000000000711, 20.50000000000000000 ) ) ;
#1934 = CARTESIAN_POINT ( 'NONE',  ( -12.49999999999999645, -23.80000000000000071, 28.00000000000000000 ) ) ;
#1935 = DIRECTION ( 'NONE',  ( -0.7071067811865457964, 0.000000000000000000, -0.7071067811865492381 ) ) ;
#1936 = CARTESIAN_POINT ( 'NONE',  ( -17.49999999999999289, -16.00000000000000000, 21.60000000000000142 ) ) ;
#1937 = EDGE_CURVE ( 'NONE', #897, #319, #1113, .T. ) ;
#1938 = ORIENTED_EDGE ( 'NONE', *, *, #1254, .T. ) ;
#1939 = FACE_OUTER_BOUND ( 'NONE', #1510, .T. ) ;
#1940 = EDGE_CURVE ( 'NONE', #679, #2065, #255, .T. ) ;
#1941 = VERTEX_POINT ( 'NONE', #2095 ) ;
#1942 = DIRECTION ( 'NONE',  ( -1.000000000000000000, -1.445602896647339163E-16, 0.000000000000000000 ) ) ;
#1943 = CARTESIAN_POINT ( 'NONE',  ( -11.00000000000000000, 21.69999999999999574, 19.50000000000000355 ) ) ;
#1944 = DIRECTION ( 'NONE',  ( 0.000000000000000000, 1.000000000000000000, 0.000000000000000000 ) ) ;
#1945 = CARTESIAN_POINT ( 'NONE',  ( -18.19999999999999574, 3.000000000000000888, 20.19999999999999929 ) ) ;
#1946 = DIRECTION ( 'NONE',  ( 0.000000000000000000, 1.000000000000000000, 0.000000000000000000 ) ) ;
#1947 = DIRECTION ( 'NONE',  ( 0.000000000000000000, 0.000000000000000000, -1.000000000000000000 ) ) ;
#1948 = VECTOR ( 'NONE', #634, 1000.000000000000000 ) ;
#1949 = AXIS2_PLACEMENT_3D ( 'NONE', #1808, #316, #654 ) ;
#1950 = ORIENTED_EDGE ( 'NONE', *, *, #669, .T. ) ;
#1951 = FACE_OUTER_BOUND ( 'NONE', #1782, .T. ) ;
#1952 = AXIS2_PLACEMENT_3D ( 'NONE', #1021, #218, #867 ) ;
#1953 = EDGE_CURVE ( 'NONE', #1975, #875, #588, .T. ) ;
#1954 = CIRCLE ( 'NONE', #1147, 5.500000000000000000 ) ;
#1955 = ORIENTED_EDGE ( 'NONE', *, *, #553, .F. ) ;
#1956 = CARTESIAN_POINT ( 'NONE',  ( -5.000000000000000000, 21.69999999999999574, 24.56939798987517065 ) ) ;
#1957 = EDGE_CURVE ( 'NONE', #777, #1105, #120, .T. ) ;
#1958 = CARTESIAN_POINT ( 'NONE',  ( -16.30000000000000071, 25.49733285909062630, 20.69999999999999929 ) ) ;
#1959 = CARTESIAN_POINT ( 'NONE',  ( -14.29999999999998117, 7.000000000000000888, 26.00000000000000355 ) ) ;
#1960 = DIRECTION ( 'NONE',  ( 0.000000000000000000, 0.000000000000000000, 1.000000000000000000 ) ) ;
#1961 = PLANE ( 'NONE',  #786 ) ;
#1962 = VERTEX_POINT ( 'NONE', #1943 ) ;
#1963 = DIRECTION ( 'NONE',  ( 1.000000000000000000, 0.000000000000000000, 2.891205793294679411E-15 ) ) ;
#1964 = ORIENTED_EDGE ( 'NONE', *, *, #1103, .F. ) ;
#1965 = DIRECTION ( 'NONE',  ( -0.7071067811865457964, 0.000000000000000000, -0.7071067811865492381 ) ) ;
#1966 = EDGE_CURVE ( 'NONE', #1617, #1057, #1954, .T. ) ;
#1967 = DIRECTION ( 'NONE',  ( 0.000000000000000000, -0.000000000000000000, 1.000000000000000000 ) ) ;
#1968 = LINE ( 'NONE', #775, #1175 ) ;
#1969 = DIRECTION ( 'NONE',  ( -0.7071067811865426878, 0.000000000000000000, 0.7071067811865524577 ) ) ;
#1970 = DIRECTION ( 'NONE',  ( 0.000000000000000000, 0.000000000000000000, 1.000000000000000000 ) ) ;
#1971 = ORIENTED_EDGE ( 'NONE', *, *, #361, .T. ) ;
#1972 = CARTESIAN_POINT ( 'NONE',  ( -17.49999999999999289, -16.00000000000000000, 19.49999999999999645 ) ) ;
#1973 = ORIENTED_EDGE ( 'NONE', *, *, #1471, .F. ) ;
#1974 = LINE ( 'NONE', #1161, #1247 ) ;
#1975 = VERTEX_POINT ( 'NONE', #421 ) ;
#1976 = CARTESIAN_POINT ( 'NONE',  ( 16.30000000000000426, -16.00000000000000000, 24.00000000000000000 ) ) ;
#1977 = CARTESIAN_POINT ( 'NONE',  ( -16.29999999999999716, 3.000000000000000888, 26.00000000000000355 ) ) ;
#1978 = DIRECTION ( 'NONE',  ( 0.000000000000000000, 1.000000000000000000, 0.000000000000000000 ) ) ;
#1979 = EDGE_CURVE ( 'NONE', #1962, #94, #514, .T. ) ;
#1980 = CARTESIAN_POINT ( 'NONE',  ( -14.29999999999997407, -11.99999999999999822, 26.00000000000000355 ) ) ;
#1981 = LINE ( 'NONE', #701, #962 ) ;
#1982 = ORIENTED_EDGE ( 'NONE', *, *, #801, .F. ) ;
#1983 = ORIENTED_EDGE ( 'NONE', *, *, #976, .F. ) ;
#1984 = CIRCLE ( 'NONE', #1416, 5.500000000000001776 ) ;
#1985 = EDGE_CURVE ( 'NONE', #1082, #1725, #921, .T. ) ;
#1986 = VECTOR ( 'NONE', #691, 1000.000000000000114 ) ;
#1987 = EDGE_LOOP ( 'NONE', ( #268, #624, #977, #7, #948, #1832 ) ) ;
#1988 = FACE_OUTER_BOUND ( 'NONE', #1196, .T. ) ;
#1989 = VECTOR ( 'NONE', #440, 1000.000000000000000 ) ;
#1990 = ORIENTED_EDGE ( 'NONE', *, *, #1940, .F. ) ;
#1991 = VECTOR ( 'NONE', #1018, 1000.000000000000000 ) ;
#1992 = VECTOR ( 'NONE', #674, 1000.000000000000000 ) ;
#1993 = DIRECTION ( 'NONE',  ( -1.000000000000000000, 0.000000000000000000, 0.000000000000000000 ) ) ;
#1994 = DIRECTION ( 'NONE',  ( 0.000000000000000000, 0.000000000000000000, 1.000000000000000000 ) ) ;
#1995 = EDGE_LOOP ( 'NONE', ( #1667, #676, #810, #692, #1876, #152 ) ) ;
#1996 = ADVANCED_FACE ( 'NONE', ( #1902 ), #751, .T. ) ;
#1997 = ORIENTED_EDGE ( 'NONE', *, *, #1835, .F. ) ;
#1998 = CYLINDRICAL_SURFACE ( 'NONE', #1281, 1.000000000000000888 ) ;
#1999 = VERTEX_POINT ( 'NONE', #274 ) ;
#2000 = DIRECTION ( 'NONE',  ( 0.000000000000000000, 0.000000000000000000, 1.000000000000000000 ) ) ;
#2001 = DIRECTION ( 'NONE',  ( 0.000000000000000000, 0.000000000000000000, -1.000000000000000000 ) ) ;
#2002 = CARTESIAN_POINT ( 'NONE',  ( 17.50000000000000355, -16.00000000000000000, 19.49999999999999645 ) ) ;
#2003 = LINE ( 'NONE', #846, #1707 ) ;
#2004 = ORIENTED_EDGE ( 'NONE', *, *, #15, .T. ) ;
#2005 = ORIENTED_EDGE ( 'NONE', *, *, #1622, .F. ) ;
#2006 = PLANE ( 'NONE',  #932 ) ;
#2007 = ADVANCED_FACE ( 'NONE', ( #580 ), #1086, .T. ) ;
#2008 = VERTEX_POINT ( 'NONE', #1595 ) ;
#2009 = CARTESIAN_POINT ( 'NONE',  ( 18.20000000000000284, -16.00000000000000000, 20.89999999999999858 ) ) ;
#2010 = EDGE_CURVE ( 'NONE', #360, #1411, #1096, .T. ) ;
#2011 = PLANE ( 'NONE',  #207 ) ;
#2012 = CARTESIAN_POINT ( 'NONE',  ( 17.50000000000000355, -16.00000000000000000, 21.60000000000000142 ) ) ;
#2013 = DIRECTION ( 'NONE',  ( 0.000000000000000000, -0.000000000000000000, -1.000000000000000000 ) ) ;
#2014 = EDGE_LOOP ( 'NONE', ( #1245, #593, #1084, #1623 ) ) ;
#2015 = VERTEX_POINT ( 'NONE', #241 ) ;
#2016 = DIRECTION ( 'NONE',  ( 1.000000000000000000, 0.000000000000000000, 0.000000000000000000 ) ) ;
#2017 = VECTOR ( 'NONE', #1149, 1000.000000000000000 ) ;
#2018 = CARTESIAN_POINT ( 'NONE',  ( -16.29999999999999716, 7.000000000000000888, 24.00000000000000711 ) ) ;
#2019 = VERTEX_POINT ( 'NONE', #1405 ) ;
#2020 = EDGE_CURVE ( 'NONE', #758, #1625, #933, .T. ) ;
#2021 = STYLED_ITEM ( 'NONE', ( #35 ), #549 ) ;
#2022 = VECTOR ( 'NONE', #1476, 1000.000000000000000 ) ;
#2023 = LINE ( 'NONE', #1131, #63 ) ;
#2024 = EDGE_CURVE ( 'NONE', #1750, #343, #1576, .T. ) ;
#2025 = LINE ( 'NONE', #212, #1044 ) ;
#2026 = FACE_OUTER_BOUND ( 'NONE', #23, .T. ) ;
#2027 = AXIS2_PLACEMENT_3D ( 'NONE', #1428, #1785, #1437 ) ;
#2028 = ORIENTED_EDGE ( 'NONE', *, *, #1852, .F. ) ;
#2029 = VERTEX_POINT ( 'NONE', #2018 ) ;
#2030 = DIRECTION ( 'NONE',  ( -0.000000000000000000, -1.000000000000000000, -0.000000000000000000 ) ) ;
#2031 = CARTESIAN_POINT ( 'NONE',  ( -18.20165574191868529, 25.33544938563673199, 22.06719599929262543 ) ) ;
#2032 = EDGE_LOOP ( 'NONE', ( #128, #1638, #417, #1512 ) ) ;
#2033 = CARTESIAN_POINT ( 'NONE',  ( 28.90660171779821397, 23.49636243346452957, 20.69999999999999929 ) ) ;
#2034 = LINE ( 'NONE', #1394, #1673 ) ;
#2035 = EDGE_CURVE ( 'NONE', #1588, #1627, #1653, .T. ) ;
#2036 = CARTESIAN_POINT ( 'NONE',  ( -18.19999999999999218, -11.99999999999999822, 20.19999999999999929 ) ) ;
#2037 = CARTESIAN_POINT ( 'NONE',  ( 18.20000000000000284, -16.00000000000000000, 20.19999999999999929 ) ) ;
#2038 = ORIENTED_EDGE ( 'NONE', *, *, #1053, .F. ) ;
#2039 = VERTEX_POINT ( 'NONE', #204 ) ;
#2040 = PLANE ( 'NONE',  #750 ) ;
#2041 = ORIENTED_EDGE ( 'NONE', *, *, #479, .F. ) ;
#2042 = DIRECTION ( 'NONE',  ( 0.7071067811865515695, -0.000000000000000000, 0.7071067811865435759 ) ) ;
#2043 = DIRECTION ( 'NONE',  ( 0.000000000000000000, -1.000000000000000000, 0.000000000000000000 ) ) ;
#2044 = DIRECTION ( 'NONE',  ( 0.000000000000000000, 0.000000000000000000, -1.000000000000000000 ) ) ;
#2045 = EDGE_CURVE ( 'NONE', #2008, #143, #246, .T. ) ;
#2046 = CARTESIAN_POINT ( 'NONE',  ( 17.50000000000000355, -16.00000000000000000, 19.49999999999999645 ) ) ;
#2047 = EDGE_CURVE ( 'NONE', #1588, #520, #522, .T. ) ;
#2048 = SURFACE_SIDE_STYLE ('',( #1081 ) ) ;
#2049 = ORIENTED_EDGE ( 'NONE', *, *, #604, .T. ) ;
#2050 = VECTOR ( 'NONE', #2116, 1000.000000000000000 ) ;
#2051 = DIRECTION ( 'NONE',  ( 0.000000000000000000, -1.000000000000000000, -0.000000000000000000 ) ) ;
#2052 = AXIS2_PLACEMENT_3D ( 'NONE', #1238, #1061, #1033 ) ;
#2053 = CARTESIAN_POINT ( 'NONE',  ( 16.95626794695348138, 23.49172551571635026, 20.80603875498303168 ) ) ;
#2054 = CIRCLE ( 'NONE', #1709, 1.000000000000000888 ) ;
#2055 = CARTESIAN_POINT ( 'NONE',  ( 18.19999999999999574, 12.00000000000000000, 20.89999999999999858 ) ) ;
#2056 = VECTOR ( 'NONE', #1491, 1000.000000000000000 ) ;
#2057 = VECTOR ( 'NONE', #690, 1000.000000000000000 ) ;
#2058 = ORIENTED_EDGE ( 'NONE', *, *, #1561, .T. ) ;
#2059 = EDGE_CURVE ( 'NONE', #1699, #1652, #787, .T. ) ;
#2060 = ORIENTED_EDGE ( 'NONE', *, *, #1136, .T. ) ;
#2061 = LINE ( 'NONE', #706, #1349 ) ;
#2062 = CARTESIAN_POINT ( 'NONE',  ( 17.20186462180544495, 23.48495045222369626, 20.90991144918456968 ) ) ;
#2063 = CARTESIAN_POINT ( 'NONE',  ( 17.49999999999999645, 16.00000000000000000, 26.00000000000000355 ) ) ;
#2064 = VERTEX_POINT ( 'NONE', #315 ) ;
#2065 = VERTEX_POINT ( 'NONE', #194 ) ;
#2066 = LINE ( 'NONE', #564, #896 ) ;
#2067 = EDGE_CURVE ( 'NONE', #1613, #847, #1869, .T. ) ;
#2068 = ORIENTED_EDGE ( 'NONE', *, *, #230, .T. ) ;
#2069 = CARTESIAN_POINT ( 'NONE',  ( -17.91017905660584475, 23.40829627731505624, 21.50647484823528544 ) ) ;
#2070 = CARTESIAN_POINT ( 'NONE',  ( 18.06326271917868098, 23.36832433631662909, 21.72170081139049103 ) ) ;
#2071 = ADVANCED_FACE ( 'NONE', ( #1515 ), #1796, .T. ) ;
#2072 = CARTESIAN_POINT ( 'NONE',  ( 12.50000000000000000, -23.80000000000000071, 28.00000000000000000 ) ) ;
#2073 = FILL_AREA_STYLE_COLOUR ( '', #1457 ) ;
#2074 = CARTESIAN_POINT ( 'NONE',  ( -9.999999999999998224, 23.69999999999999929, 18.50000000000000355 ) ) ;
#2075 = VERTEX_POINT ( 'NONE', #670 ) ;
#2076 = DIRECTION ( 'NONE',  ( -1.000000000000000000, 0.000000000000000000, 2.891205793294679411E-15 ) ) ;
#2077 = ORIENTED_EDGE ( 'NONE', *, *, #1204, .T. ) ;
#2078 = DIRECTION ( 'NONE',  ( 0.000000000000000000, 0.000000000000000000, 1.000000000000000000 ) ) ;
#2079 = EDGE_CURVE ( 'NONE', #940, #1506, #1596, .T. ) ;
#2080 = ORIENTED_EDGE ( 'NONE', *, *, #1866, .F. ) ;
#2081 = CARTESIAN_POINT ( 'NONE',  ( -16.56735255331719969, 23.49592146440114604, 20.71344373769280267 ) ) ;
#2082 = DIRECTION ( 'NONE',  ( 0.000000000000000000, -1.000000000000000000, 0.000000000000000000 ) ) ;
#2083 = VECTOR ( 'NONE', #1376, 1000.000000000000000 ) ;
#2084 = EDGE_CURVE ( 'NONE', #1221, #1169, #1302, .T. ) ;
#2085 = CARTESIAN_POINT ( 'NONE',  ( -16.29999999999999005, -16.00000000000000000, 24.00000000000000711 ) ) ;
#2086 = DIRECTION ( 'NONE',  ( 0.000000000000000000, -0.000000000000000000, -1.000000000000000000 ) ) ;
#2087 = VECTOR ( 'NONE', #1583, 1000.000000000000000 ) ;
#2088 = AXIS2_PLACEMENT_3D ( 'NONE', #2156, #485, #1336 ) ;
#2089 = EDGE_LOOP ( 'NONE', ( #1408, #1309, #1323, #1424, #425 ) ) ;
#2090 = AXIS2_PLACEMENT_3D ( 'NONE', #365, #1462, #853 ) ;
#2091 = ORIENTED_EDGE ( 'NONE', *, *, #384, .F. ) ;
#2092 = LINE ( 'NONE', #269, #1040 ) ;
#2093 = ORIENTED_EDGE ( 'NONE', *, *, #1291, .T. ) ;
#2094 = CARTESIAN_POINT ( 'NONE',  ( 16.29999999999999716, 16.00000000000000000, 19.50000000000000000 ) ) ;
#2095 = CARTESIAN_POINT ( 'NONE',  ( 18.19999999999999574, 12.00000000000000000, 20.89999999999999858 ) ) ;
#2096 = CARTESIAN_POINT ( 'NONE',  ( -16.29999999999999716, 3.000000000000000888, 19.50000000000000000 ) ) ;
#2097 = DIRECTION ( 'NONE',  ( 0.000000000000000000, 1.000000000000000000, 0.000000000000000000 ) ) ;
#2098 = EDGE_CURVE ( 'NONE', #875, #711, #1019, .T. ) ;
#2099 = LINE ( 'NONE', #1432, #1381 ) ;
#2100 = ORIENTED_EDGE ( 'NONE', *, *, #1594, .F. ) ;
#2101 = DIRECTION ( 'NONE',  ( 0.000000000000000000, -1.000000000000000000, 0.000000000000000000 ) ) ;
#2102 = EDGE_LOOP ( 'NONE', ( #1680, #693, #1340, #615 ) ) ;
#2103 = DIRECTION ( 'NONE',  ( 0.000000000000000000, 0.000000000000000000, -1.000000000000000000 ) ) ;
#2104 = CARTESIAN_POINT ( 'NONE',  ( -9.999999999999998224, 21.69999999999999574, 19.50000000000000355 ) ) ;
#2105 = CARTESIAN_POINT ( 'NONE',  ( -17.49999999999998934, -11.99999999999999822, 26.00000000000000355 ) ) ;
#2106 = PLANE ( 'NONE',  #1140 ) ;
#2107 = ADVANCED_FACE ( 'NONE', ( #40 ), #471, .T. ) ;
#2108 = LINE ( 'NONE', #467, #1035 ) ;
#2109 = EDGE_CURVE ( 'NONE', #17, #1699, #1292, .T. ) ;
#2110 = ORIENTED_EDGE ( 'NONE', *, *, #1346, .F. ) ;
#2111 = CARTESIAN_POINT ( 'NONE',  ( -14.29999999999998117, 7.000000000000000888, 26.00000000000000355 ) ) ;
#2112 = ORIENTED_EDGE ( 'NONE', *, *, #2059, .T. ) ;
#2113 = DIRECTION ( 'NONE',  ( -0.000000000000000000, 0.000000000000000000, -1.000000000000000000 ) ) ;
#2114 = LINE ( 'NONE', #1110, #1887 ) ;
#2115 = CARTESIAN_POINT ( 'NONE',  ( -6.000000000000000000, 0.000000000000000000, 18.50000000000000355 ) ) ;
#2116 = DIRECTION ( 'NONE',  ( 1.927470528863118802E-16, -1.000000000000000000, 0.000000000000000000 ) ) ;
#2117 = ORIENTED_EDGE ( 'NONE', *, *, #1909, .T. ) ;
#2118 = VECTOR ( 'NONE', #1146, 1000.000000000000000 ) ;
#2119 = VECTOR ( 'NONE', #662, 1000.000000000000114 ) ;
#2120 = VERTEX_POINT ( 'NONE', #292 ) ;
#2121 = FACE_OUTER_BOUND ( 'NONE', #544, .T. ) ;
#2122 = VECTOR ( 'NONE', #748, 1000.000000000000000 ) ;
#2123 = ADVANCED_FACE ( 'NONE', ( #1282 ), #1693, .F. ) ;
#2124 = VECTOR ( 'NONE', #1055, 1000.000000000000000 ) ;
#2125 = VERTEX_POINT ( 'NONE', #979 ) ;
#2126 = CARTESIAN_POINT ( 'NONE',  ( 11.00000000000000000, 21.69999999999999574, 18.50000000000000355 ) ) ;
#2127 =( GEOMETRIC_REPRESENTATION_CONTEXT ( 3 ) GLOBAL_UNCERTAINTY_ASSIGNED_CONTEXT ( ( #345 ) ) GLOBAL_UNIT_ASSIGNED_CONTEXT ( ( #1555, #1587, #906 ) ) REPRESENTATION_CONTEXT ( 'NONE', 'WORKASPACE' ) );
#2128 = CARTESIAN_POINT ( 'NONE',  ( -17.90816618493456147, 25.43776131700217746, 21.48234980828011231 ) ) ;
#2129 = CARTESIAN_POINT ( 'NONE',  ( -18.19999999999999574, 3.000000000000000888, 20.89999999999999858 ) ) ;
#2130 = CARTESIAN_POINT ( 'NONE',  ( 17.10000000000001563, -11.99999999999999822, 19.49999999999999645 ) ) ;
#2131 = DIRECTION ( 'NONE',  ( 0.000000000000000000, 0.000000000000000000, 1.000000000000000000 ) ) ;
#2132 = EDGE_LOOP ( 'NONE', ( #784, #714, #1148, #915, #1539, #1658 ) ) ;
#2133 = CARTESIAN_POINT ( 'NONE',  ( 16.29999999999999716, 12.00000000000000000, 26.00000000000000355 ) ) ;
#2134 = EDGE_LOOP ( 'NONE', ( #1723, #946, #985, #781 ) ) ;
#2135 = CARTESIAN_POINT ( 'NONE',  ( 16.56669770783788209, 25.49733285909063341, 20.69999999999998508 ) ) ;
#2136 = DIRECTION ( 'NONE',  ( 0.000000000000000000, 0.000000000000000000, -1.000000000000000000 ) ) ;
#2137 = CARTESIAN_POINT ( 'NONE',  ( 18.19999999999999574, 16.00000000000000000, 20.89999999999999858 ) ) ;
#2138 = EDGE_CURVE ( 'NONE', #2008, #1927, #183, .T. ) ;
#2139 = CARTESIAN_POINT ( 'NONE',  ( 16.30000000000000426, -16.00000000000000000, 20.30000000000000426 ) ) ;
#2140 = ORIENTED_EDGE ( 'NONE', *, *, #361, .F. ) ;
#2141 = ORIENTED_EDGE ( 'NONE', *, *, #1823, .F. ) ;
#2142 = ORIENTED_EDGE ( 'NONE', *, *, #973, .T. ) ;
#2143 = LINE ( 'NONE', #1650, #1073 ) ;
#2144 = ORIENTED_EDGE ( 'NONE', *, *, #1561, .F. ) ;
#2145 = LINE ( 'NONE', #344, #2157 ) ;
#2146 = LINE ( 'NONE', #641, #577 ) ;
#2147 = EDGE_CURVE ( 'NONE', #360, #758, #416, .T. ) ;
#2148 = CARTESIAN_POINT ( 'NONE',  ( 5.000000000000000000, 23.69999999999999929, 20.69999999999999929 ) ) ;
#2149 = LINE ( 'NONE', #1339, #305 ) ;
#2150 = ORIENTED_EDGE ( 'NONE', *, *, #1953, .F. ) ;
#2151 = VECTOR ( 'NONE', #1633, 1000.000000000000000 ) ;
#2152 = ORIENTED_EDGE ( 'NONE', *, *, #1676, .F. ) ;
#2153 = FACE_BOUND ( 'NONE', #1535, .T. ) ;
#2154 = CIRCLE ( 'NONE', #171, 5.799999999999999822 ) ;
#2155 = ORIENTED_EDGE ( 'NONE', *, *, #1890, .T. ) ;
#2156 = CARTESIAN_POINT ( 'NONE',  ( 5.396917480816732744E-15, -11.99999999999999822, 0.000000000000000000 ) ) ;
#2157 = VECTOR ( 'NONE', #1154, 1000.000000000000000 ) ;
#2158 = AXIS2_PLACEMENT_3D ( 'NONE', #740, #263, #1448 ) ;
#2159 = FACE_OUTER_BOUND ( 'NONE', #1504, .T. ) ;
#2160 = LINE ( 'NONE', #1316, #1713 ) ;
ENDSEC;
END-ISO-10303-21;
